0
SECTION
2
HEADER
9
$ACADVER
1
AC1015
9
$DWGCODEPAGE
3
ANSI_1252
9
$HANDSEED
5
27a
9
$ANGBASE
50
0
9
$ANGDIR
70
0
9
$ATTMODE
70
1
9
$AUNITS
70
0
9
$AUPREC
70
0
9
$CECOLOR
62
256
9
$CELTSCALE
40
1
9
$CELTYPE
6
ByLayer
9
$CELWEIGHT
370
18
9
$CLAYER
8
0
9
$CMLJUST
70
0
9
$CMLSCALE
40
1
9
$CMLSTYLE
2
Standard
9
$DIMSTYLE
2
Standard
9
$TEXTSIZE
40
0.2
9
$TEXTSTYLE
7
Standard
9
$LUNITS
70
2
9
$LUPREC
70
4
9
$EXTNAMES
290
1
9
$INSUNITS
70
4
9
$LTSCALE
40
1
9
$LWDISPLAY
290
1
9
$PDMODE
70
0
9
$PDSIZE
40
0
9
$PLINEGEN
70
0
0
ENDSEC
0
SECTION
2
CLASSES
0
CLASS
1
RASTERVARIABLES
2
AcDbRasterVariables
3
ISM
90
0
280
0
281
0
0
ENDSEC
0
SECTION
2
TABLES
0
TABLE
2
VPORT
5
270
100
AcDbSymbolTable
0
VPORT
5
1
100
AcDbSymbolTableRecord
100
AcDbViewportTableRecord
2
*Active
70
0
10
0
20
0
11
1
21
1
12
-1
22
1
13
0
23
0
14
0.5
24
0.5
15
10
25
10
16
0
26
0
36
1
17
0
27
0
37
0
0
ENDTAB
0
TABLE
2
LTYPE
5
271
100
AcDbSymbolTable
0
LTYPE
5
14
100
AcDbSymbolTableRecord
100
AcDbLinetypeTableRecord
70
0
2
ByBlock
3

72
65
73
0
40
0
0
LTYPE
5
15
100
AcDbSymbolTableRecord
100
AcDbLinetypeTableRecord
70
0
2
ByLayer
3

72
65
73
0
40
0
0
LTYPE
5
16
100
AcDbSymbolTableRecord
100
AcDbLinetypeTableRecord
70
0
2
Continuous
3
Solid line
72
65
73
0
40
0
0
LTYPE
5
6E
100
AcDbSymbolTableRecord
100
AcDbLinetypeTableRecord
70
0
2
CENTER
3
____ _ ____ _ ____ _ ____
72
65
73
4
40
47.5
49
22
74
0
49
-8.5
74
0
49
8.5
74
0
49
-8.5
74
0
0
LTYPE
5
6F
100
AcDbSymbolTableRecord
100
AcDbLinetypeTableRecord
70
0
2
DASHED
3
__ __ __ __ __ __ __ __ __
72
65
73
2
40
25.72
49
12.86
74
0
49
-12.86
74
0
0
ENDTAB
0
TABLE
2
LAYER
5
272
100
AcDbSymbolTable
0
LAYER
5
10
100
AcDbSymbolTableRecord
100
AcDbLayerTableRecord
2
0
70
0
62
7
6
Continuous
290
1
370
-3
390
0
0
LAYER
5
71
100
AcDbSymbolTableRecord
100
AcDbLayerTableRecord
2
80
70
0
62
-6
6
Continuous
290
1
370
-3
390
0
0
LAYER
5
73
100
AcDbSymbolTableRecord
100
AcDbLayerTableRecord
2
1
70
0
62
4
6
Continuous
290
1
370
-3
390
0
0
LAYER
5
75
100
AcDbSymbolTableRecord
100
AcDbLayerTableRecord
2
81
70
0
62
-3
6
Continuous
290
1
370
-3
390
0
0
LAYER
5
7C
100
AcDbSymbolTableRecord
100
AcDbLayerTableRecord
2
4
70
0
62
-2
6
CENTER
290
1
370
-3
390
0
0
LAYER
5
BD
100
AcDbSymbolTableRecord
100
AcDbLayerTableRecord
2
2
70
0
62
7
6
Continuous
290
1
370
-3
390
0
0
LAYER
5
1B5
100
AcDbSymbolTableRecord
100
AcDbLayerTableRecord
2
Defpoints
70
0
62
7
6
Continuous
290
0
370
-3
390
0
0
LAYER
5
25c
100
AcDbSymbolTableRecord
100
AcDbLayerTableRecord
2
SK4
70
0
62
2
6
CENTER
290
1
370
-3
390
0
0
LAYER
5
25d
100
AcDbSymbolTableRecord
100
AcDbLayerTableRecord
2
SK1
70
0
62
4
6
Continuous
290
1
370
-3
390
0
0
LAYER
5
25e
100
AcDbSymbolTableRecord
100
AcDbLayerTableRecord
2
SK2
70
0
62
7
6
Continuous
290
1
370
-3
390
0
0
LAYER
5
25f
100
AcDbSymbolTableRecord
100
AcDbLayerTableRecord
2
SK6
70
0
62
5
6
Continuous
290
1
370
-3
390
0
0
ENDTAB
0
TABLE
2
STYLE
5
273
100
AcDbSymbolTable
0
STYLE
5
11
100
AcDbSymbolTableRecord
100
AcDbTextStyleTableRecord
2
Standard
3
txt
70
0
71
0
40
0
41
1
42
0
50
0
0
STYLE
5
191
100
AcDbSymbolTableRecord
100
AcDbTextStyleTableRecord
2
iso_b_vert
3
simplex.shx
70
0
71
0
40
0
41
1
42
0
50
0
0
STYLE
5
192
100
AcDbSymbolTableRecord
100
AcDbTextStyleTableRecord
2
DWGDirectTextStyle
3
simplex
70
0
71
0
40
0
41
1
42
0
50
0
0
ENDTAB
0
TABLE
2
DIMSTYLE
5
274
100
AcDbSymbolTable
100
AcDbDimStyleTable
0
DIMSTYLE
105
27
100
AcDbSymbolTableRecord
100
AcDbDimStyleTableRecord
2
Standard
70
0
3
<>
41
0.18
42
0.0625
44
0.18
140
0.18
147
0.09
73
0
74
0
77
1
271
2
275
0
278
52
280
0
340
11
0
ENDTAB
0
TABLE
2
VIEW
5
275
100
AcDbSymbolTable
0
ENDTAB
0
TABLE
2
UCS
5
276
100
AcDbSymbolTable
0
ENDTAB
0
TABLE
2
APPID
5
277
100
AcDbSymbolTable
0
APPID
5
12
100
AcDbSymbolTableRecord
100
AcDbRegAppTableRecord
2
ACAD
70
0
0
APPID
5
1B1
100
AcDbSymbolTableRecord
100
AcDbRegAppTableRecord
2
ACAD_DSTYLE_DIMBREAK
70
0
0
APPID
5
21B
100
AcDbSymbolTableRecord
100
AcDbRegAppTableRecord
2
ACAD_DSTYLE_DIM_LINETYPE
70
0
0
APPID
5
21C
100
AcDbSymbolTableRecord
100
AcDbRegAppTableRecord
2
ACAD_DSTYLE_DIM_EXT1_LINETYPE
70
0
0
APPID
5
21D
100
AcDbSymbolTableRecord
100
AcDbRegAppTableRecord
2
ACAD_DSTYLE_DIM_EXT2_LINETYPE
70
0
0
APPID
5
258
100
AcDbSymbolTableRecord
100
AcDbRegAppTableRecord
2
ACAD_MLEADERVER
70
0
0
ENDTAB
0
TABLE
2
BLOCK_RECORD
5
278
100
AcDbSymbolTable
0
BLOCK_RECORD
5
1F
100
AcDbSymbolTableRecord
100
AcDbBlockTableRecord
2
*Model_Space
340
0
70
0
0
BLOCK_RECORD
5
1B
100
AcDbSymbolTableRecord
100
AcDbBlockTableRecord
2
*Paper_Space
340
0
70
0
0
BLOCK_RECORD
5
23
100
AcDbSymbolTableRecord
100
AcDbBlockTableRecord
2
*Paper_Space0
340
0
70
0
0
BLOCK_RECORD
5
1B6
100
AcDbSymbolTableRecord
100
AcDbBlockTableRecord
2
*D1
340
0
70
0
0
BLOCK_RECORD
5
1C3
100
AcDbSymbolTableRecord
100
AcDbBlockTableRecord
2
_U0
340
0
70
0
0
BLOCK_RECORD
5
1CF
100
AcDbSymbolTableRecord
100
AcDbBlockTableRecord
2
*D3
340
0
70
0
0
BLOCK_RECORD
5
1DB
100
AcDbSymbolTableRecord
100
AcDbBlockTableRecord
2
_U1
340
0
70
0
0
BLOCK_RECORD
5
1E7
100
AcDbSymbolTableRecord
100
AcDbBlockTableRecord
2
*D5
340
0
70
0
0
BLOCK_RECORD
5
1F3
100
AcDbSymbolTableRecord
100
AcDbBlockTableRecord
2
_U2
340
0
70
0
0
ENDTAB
0
ENDSEC
0
SECTION
2
BLOCKS
0
BLOCK
5
20
100
AcDbEntity
8
0
100
AcDbBlockBegin
2
*Model_Space
70
0
10
0
20
0
30
0
3
*Model_Space
0
ENDBLK
5
21
100
AcDbEntity
8
0
100
AcDbBlockEnd
0
BLOCK
5
1C
100
AcDbEntity
8
0
100
AcDbBlockBegin
2
*Paper_Space
70
0
10
0
20
0
30
0
3
*Paper_Space
0
ENDBLK
5
1D
100
AcDbEntity
8
0
100
AcDbBlockEnd
0
BLOCK
5
24
100
AcDbEntity
8
0
100
AcDbBlockBegin
2
*Paper_Space0
70
0
10
0
20
0
30
0
3
*Paper_Space0
0
ENDBLK
5
25
100
AcDbEntity
8
0
100
AcDbBlockEnd
0
BLOCK
5
1B7
100
AcDbEntity
8
0
100
AcDbBlockBegin
2
*D1
70
1
10
0
20
0
30
0
3
*D1
0
LINE
5
1B9
100
AcDbEntity
8
0
62
256
6
ByLayer
370
-2
48
1
60
0
100
AcDbLine
10
100
20
9.5875
30
0
11
100
21
22.25
31
0
39
0
210
0
220
0
230
1
0
LINE
5
1BA
100
AcDbEntity
8
0
62
256
6
ByLayer
370
-2
48
1
60
0
100
AcDbLine
10
91
20
9.5875
30
0
11
91
21
22.25
31
0
39
0
210
0
220
0
230
1
0
LINE
5
1BB
100
AcDbEntity
8
0
62
256
6
ByLayer
370
-2
48
1
60
0
100
AcDbLine
10
103.5
20
20.25
30
0
11
107
21
20.25
31
0
39
0
210
0
220
0
230
1
0
LINE
5
1BC
100
AcDbEntity
8
0
62
256
6
ByLayer
370
-2
48
1
60
0
100
AcDbLine
10
87.5
20
20.25
30
0
11
84
21
20.25
31
0
39
0
210
0
220
0
230
1
0
SOLID
5
1BD
100
AcDbEntity
8
0
62
256
6
ByLayer
370
-1
48
1
60
0
100
AcDbTrace
10
103.5
20
20.833333
30
0
11
103.5
21
19.666667
31
0
12
100
22
20.25
32
0
13
100
23
20.25
33
0
39
0
210
0
220
0
230
1
0
SOLID
5
1BE
100
AcDbEntity
8
0
62
256
6
ByLayer
370
-1
48
1
60
0
100
AcDbTrace
10
87.5
20
19.666667
30
0
11
87.5
21
20.833333
31
0
12
91
22
20.25
32
0
13
91
23
20.25
33
0
39
0
210
0
220
0
230
1
0
MTEXT
5
1BF
100
AcDbEntity
8
0
62
256
6
ByLayer
370
18
48
1
60
0
100
AcDbMText
10
95.5
20
27.25
30
0
210
0
220
0
230
1
1
\A1;9
40
3.5
41
0
44
1
50
0
71
5
72
5
7
iso_b_vert
0
POINT
5
1C0
100
AcDbEntity
8
Defpoints
62
0
6
ByLayer
370
-1
48
1
60
0
100
AcDbPoint
10
100
20
8
30
0
39
0
210
0
220
0
230
1
50
360
0
POINT
5
1C1
100
AcDbEntity
8
Defpoints
62
0
6
ByLayer
370
-1
48
1
60
0
100
AcDbPoint
10
91
20
8
30
0
39
0
210
0
220
0
230
1
50
360
0
POINT
5
1C2
100
AcDbEntity
8
Defpoints
62
0
6
ByLayer
370
-1
48
1
60
0
100
AcDbPoint
10
91
20
20.25
30
0
39
0
210
0
220
0
230
1
50
360
0
ENDBLK
5
1B8
100
AcDbEntity
8
0
100
AcDbBlockEnd
0
BLOCK
5
1CA
100
AcDbEntity
8
0
100
AcDbBlockBegin
2
_U0
70
0
10
0
20
0
30
0
3
_U0
0
MTEXT
5
1C4
100
AcDbEntity
8
2
62
256
6
ByLayer
370
18
48
1
60
0
100
AcDbMText
10
94.902767
20
21.282634
30
0
210
0
220
0
230
1
1
\W0.5742;9
40
3.5
41
0
44
1.084337
50
0
71
7
72
5
7
iso_b_vert
0
LINE
5
1C5
100
AcDbEntity
8
2
62
256
6
ByLayer
370
13
48
1
60
0
100
AcDbLine
10
100
20
9.5875
30
0
11
100
21
22.25
31
0
39
0
210
0
220
0
230
1
0
LINE
5
1C6
100
AcDbEntity
8
2
62
256
6
ByLayer
370
13
48
1
60
0
100
AcDbLine
10
91
20
9.5875
30
0
11
91
21
22.25
31
0
39
0
210
0
220
0
230
1
0
LINE
5
1C7
100
AcDbEntity
8
2
62
256
6
ByLayer
370
13
48
1
60
0
100
AcDbLine
10
100
20
20.25
30
0
11
91
21
20.25
31
0
39
0
210
0
220
0
230
1
0
SOLID
5
1C8
100
AcDbEntity
8
2
62
256
6
ByLayer
370
18
48
1
60
0
100
AcDbTrace
10
100
20
20.25
30
0
11
96.500002
21
19.789216
31
0
12
96.499998
22
20.710784
32
0
13
96.499998
23
20.710784
33
0
39
0
210
0
220
0
230
1
0
SOLID
5
1C9
100
AcDbEntity
8
2
62
256
6
ByLayer
370
18
48
1
60
0
100
AcDbTrace
10
91
20
20.25
30
0
11
94.499998
21
20.710784
31
0
12
94.500002
22
19.789216
32
0
13
94.500002
23
19.789216
33
0
39
0
210
0
220
0
230
1
0
ENDBLK
5
1CB
100
AcDbEntity
8
0
100
AcDbBlockEnd
0
BLOCK
5
1D0
100
AcDbEntity
8
0
100
AcDbBlockBegin
2
*D3
70
1
10
0
20
0
30
0
3
*D3
0
LINE
5
1D2
100
AcDbEntity
8
0
62
256
6
ByLayer
370
-2
48
1
60
0
100
AcDbLine
10
100
20
9.5875
30
0
11
100
21
32.25
31
0
39
0
210
0
220
0
230
1
0
LINE
5
1D3
100
AcDbEntity
8
0
62
256
6
ByLayer
370
-2
48
1
60
0
100
AcDbLine
10
75
20
9.5875
30
0
11
75
21
32.25
31
0
39
0
210
0
220
0
230
1
0
LINE
5
1D4
100
AcDbEntity
8
0
62
256
6
ByLayer
370
-2
48
1
60
0
100
AcDbLine
10
96.5
20
30.25
30
0
11
78.5
21
30.25
31
0
39
0
210
0
220
0
230
1
0
SOLID
5
1D5
100
AcDbEntity
8
0
62
256
6
ByLayer
370
-1
48
1
60
0
100
AcDbTrace
10
96.5
20
29.666667
30
0
11
96.5
21
30.833333
31
0
12
100
22
30.25
32
0
13
100
23
30.25
33
0
39
0
210
0
220
0
230
1
0
SOLID
5
1D6
100
AcDbEntity
8
0
62
256
6
ByLayer
370
-1
48
1
60
0
100
AcDbTrace
10
78.5
20
30.833333
30
0
11
78.5
21
29.666667
31
0
12
75
22
30.25
32
0
13
75
23
30.25
33
0
39
0
210
0
220
0
230
1
0
MTEXT
5
1D7
100
AcDbEntity
8
0
62
256
6
ByLayer
370
18
48
1
60
0
100
AcDbMText
10
87.5
20
37.25
30
0
210
0
220
0
230
1
1
\A1;25
40
3.5
41
0
44
1
50
0
71
5
72
5
7
iso_b_vert
0
POINT
5
1D8
100
AcDbEntity
8
Defpoints
62
0
6
ByLayer
370
-1
48
1
60
0
100
AcDbPoint
10
100
20
8
30
0
39
0
210
0
220
0
230
1
50
360
0
POINT
5
1D9
100
AcDbEntity
8
Defpoints
62
0
6
ByLayer
370
-1
48
1
60
0
100
AcDbPoint
10
75
20
8
30
0
39
0
210
0
220
0
230
1
50
360
0
POINT
5
1DA
100
AcDbEntity
8
Defpoints
62
0
6
ByLayer
370
-1
48
1
60
0
100
AcDbPoint
10
75
20
30.25
30
0
39
0
210
0
220
0
230
1
50
360
0
ENDBLK
5
1D1
100
AcDbEntity
8
0
100
AcDbBlockEnd
0
BLOCK
5
1E2
100
AcDbEntity
8
0
100
AcDbBlockBegin
2
_U1
70
0
10
0
20
0
30
0
3
_U1
0
MTEXT
5
1DC
100
AcDbEntity
8
2
62
256
6
ByLayer
370
18
48
1
60
0
100
AcDbMText
10
85.595034
20
31.282634
30
0
210
0
220
0
230
1
1
\W0.6740;25
40
3.5
41
0
44
1.084337
50
0
71
7
72
5
7
iso_b_vert
0
LINE
5
1DD
100
AcDbEntity
8
2
62
256
6
ByLayer
370
13
48
1
60
0
100
AcDbLine
10
100
20
9.5875
30
0
11
100
21
32.25
31
0
39
0
210
0
220
0
230
1
0
LINE
5
1DE
100
AcDbEntity
8
2
62
256
6
ByLayer
370
13
48
1
60
0
100
AcDbLine
10
75
20
9.5875
30
0
11
75
21
32.25
31
0
39
0
210
0
220
0
230
1
0
LINE
5
1DF
100
AcDbEntity
8
2
62
256
6
ByLayer
370
13
48
1
60
0
100
AcDbLine
10
100
20
30.25
30
0
11
75
21
30.25
31
0
39
0
210
0
220
0
230
1
0
SOLID
5
1E0
100
AcDbEntity
8
2
62
256
6
ByLayer
370
18
48
1
60
0
100
AcDbTrace
10
100
20
30.25
30
0
11
96.500002
21
29.789216
31
0
12
96.499998
22
30.710784
32
0
13
96.499998
23
30.710784
33
0
39
0
210
0
220
0
230
1
0
SOLID
5
1E1
100
AcDbEntity
8
2
62
256
6
ByLayer
370
18
48
1
60
0
100
AcDbTrace
10
75
20
30.25
30
0
11
78.499998
21
30.710784
31
0
12
78.500002
22
29.789216
32
0
13
78.500002
23
29.789216
33
0
39
0
210
0
220
0
230
1
0
ENDBLK
5
1E3
100
AcDbEntity
8
0
100
AcDbBlockEnd
0
BLOCK
5
1E8
100
AcDbEntity
8
0
100
AcDbBlockBegin
2
*D5
70
1
10
0
20
0
30
0
3
*D5
0
LINE
5
1EA
100
AcDbEntity
8
0
62
256
6
ByLayer
370
-2
48
1
60
0
100
AcDbLine
10
100
20
-9.5875
30
0
11
100
21
-25.75
31
0
39
0
210
0
220
0
230
1
0
LINE
5
1EB
100
AcDbEntity
8
0
62
256
6
ByLayer
370
-2
48
1
60
0
100
AcDbLine
10
49
20
-9.58475
30
0
11
49
21
-25.75
31
0
39
0
210
0
220
0
230
1
0
LINE
5
1EC
100
AcDbEntity
8
0
62
256
6
ByLayer
370
-2
48
1
60
0
100
AcDbLine
10
96.5
20
-23.75
30
0
11
52.5
21
-23.75
31
0
39
0
210
0
220
0
230
1
0
SOLID
5
1ED
100
AcDbEntity
8
0
62
256
6
ByLayer
370
-1
48
1
60
0
100
AcDbTrace
10
96.5
20
-24.333333
30
0
11
96.5
21
-23.166667
31
0
12
100
22
-23.75
32
0
13
100
23
-23.75
33
0
39
0
210
0
220
0
230
1
0
SOLID
5
1EE
100
AcDbEntity
8
0
62
256
6
ByLayer
370
-1
48
1
60
0
100
AcDbTrace
10
52.5
20
-23.166667
30
0
11
52.5
21
-24.333333
31
0
12
49
22
-23.75
32
0
13
49
23
-23.75
33
0
39
0
210
0
220
0
230
1
0
MTEXT
5
1EF
100
AcDbEntity
8
0
62
256
6
ByLayer
370
18
48
1
60
0
100
AcDbMText
10
74.5
20
-16.75
30
0
210
0
220
0
230
1
1
\A1;51
40
3.5
41
0
44
1
50
0
71
5
72
5
7
iso_b_vert
0
POINT
5
1F0
100
AcDbEntity
8
Defpoints
62
0
6
ByLayer
370
-1
48
1
60
0
100
AcDbPoint
10
100
20
-8
30
0
39
0
210
0
220
0
230
1
50
360
0
POINT
5
1F1
100
AcDbEntity
8
Defpoints
62
0
6
ByLayer
370
-1
48
1
60
0
100
AcDbPoint
10
49
20
-7.99725
30
0
39
0
210
0
220
0
230
1
50
360
0
POINT
5
1F2
100
AcDbEntity
8
Defpoints
62
0
6
ByLayer
370
-1
48
1
60
0
100
AcDbPoint
10
49
20
-23.75
30
0
39
0
210
0
220
0
230
1
50
360
0
ENDBLK
5
1E9
100
AcDbEntity
8
0
100
AcDbBlockEnd
0
BLOCK
5
1FB
100
AcDbEntity
8
0
100
AcDbBlockBegin
2
_U2
70
0
10
0
20
0
30
0
3
_U2
0
MTEXT
5
1F4
100
AcDbEntity
8
SK2
62
256
6
ByLayer
370
18
48
1
60
0
100
AcDbMText
10
64.761934
20
-22.717366
30
0
210
0
220
0
230
1
1
\W0.7298;OHX =
40
3.5
41
0
44
1.084337
50
0
71
7
72
5
7
iso_b_vert
0
MTEXT
5
1F5
100
AcDbEntity
8
SK2
62
256
6
ByLayer
370
18
48
1
60
0
100
AcDbMText
10
81.303
20
-22.717366
30
0
210
0
220
0
230
1
1
\W0.6351;51
40
3.5
41
0
44
1.084337
50
0
71
7
72
5
7
iso_b_vert
0
LINE
5
1F6
100
AcDbEntity
8
SK2
62
256
6
ByLayer
370
13
48
1
60
0
100
AcDbLine
10
100
20
-9.5875
30
0
11
100
21
-25.75
31
0
39
0
210
0
220
0
230
1
0
LINE
5
1F7
100
AcDbEntity
8
SK2
62
256
6
ByLayer
370
13
48
1
60
0
100
AcDbLine
10
49
20
-9.58475
30
0
11
49
21
-25.75
31
0
39
0
210
0
220
0
230
1
0
LINE
5
1F8
100
AcDbEntity
8
SK2
62
256
6
ByLayer
370
13
48
1
60
0
100
AcDbLine
10
100
20
-23.75
30
0
11
49
21
-23.75
31
0
39
0
210
0
220
0
230
1
0
SOLID
5
1F9
100
AcDbEntity
8
SK2
62
256
6
ByLayer
370
18
48
1
60
0
100
AcDbTrace
10
100
20
-23.75
30
0
11
96.500002
21
-24.210784
31
0
12
96.499998
22
-23.289216
32
0
13
96.499998
23
-23.289216
33
0
39
0
210
0
220
0
230
1
0
SOLID
5
1FA
100
AcDbEntity
8
SK2
62
256
6
ByLayer
370
18
48
1
60
0
100
AcDbTrace
10
49
20
-23.75
30
0
11
52.499998
21
-23.289216
31
0
12
52.500002
22
-24.210784
32
0
13
52.500002
23
-24.210784
33
0
39
0
210
0
220
0
230
1
0
ENDBLK
5
1FC
100
AcDbEntity
8
0
100
AcDbBlockEnd
0
ENDSEC
0
SECTION
2
ENTITIES
0
ARC
5
CF
100
AcDbEntity
8
1
62
256
6
ByLayer
370
18
48
1
60
0
100
AcDbCircle
39
0
10
74.553863
20
7.965
30
0
40
0.8
210
0
220
0
230
1
100
AcDbArc
50
199.553536
51
270
0
ARC
5
D0
100
AcDbEntity
8
1
62
256
6
ByLayer
370
18
48
1
60
0
100
AcDbCircle
39
0
10
74.553863
20
-7.965
30
0
40
0.8
210
0
220
0
230
1
100
AcDbArc
50
90
51
160.446464
0
ELLIPSE
5
D1
100
AcDbEntity
8
1
62
256
6
ByLayer
370
13
48
1
60
0
100
AcDbEllipse
10
89.558377
20
4.59761
30
0
11
0.922044245571625
21
-0.387084498796132
31
0
210
0
220
0
230
1
40
0.198147
41
-1.81469104133941
42
-1.39564174397726
0
ELLIPSE
5
D2
100
AcDbEntity
8
1
62
256
6
ByLayer
370
18
48
1
60
0
100
AcDbEllipse
10
92.080325
20
-7.573412
30
0
11
3.03314953721423
21
2.2193125320985
31
0
210
0
220
0
230
1
40
0.314531
41
1.65275066433722
42
1.68720678612554
0
ELLIPSE
5
D3
100
AcDbEntity
8
1
62
256
6
ByLayer
370
18
48
1
60
0
100
AcDbEllipse
10
89.474677
20
-9.980525
30
0
11
12.1778749126377
21
12.0183049226127
31
0
210
0
220
0
230
1
40
0.065224
41
1.33600374879604
42
1.35765559461535
0
ELLIPSE
5
D4
100
AcDbEntity
8
1
62
256
6
ByLayer
370
18
48
1
60
0
100
AcDbEllipse
10
130.244778
20
-8.782427
30
0
11
57.688425243658
21
-3.41557619238144
31
0
210
0
220
0
230
1
40
0.00752
41
2.15261954634465
42
2.27011954586226
0
ELLIPSE
5
D5
100
AcDbEntity
8
1
62
256
6
ByLayer
370
13
48
1
60
0
100
AcDbEllipse
10
95.726677
20
-2.354284
30
0
11
-1.75
21
6.43155504981979E-15
31
0
210
0
220
0
230
1
40
0.266582
41
0.0985357881602271
42
0.602568424284995
0
ELLIPSE
5
D6
100
AcDbEntity
8
1
62
256
6
ByLayer
370
18
48
1
60
0
100
AcDbEllipse
10
95.573761
20
-2.663922
30
0
11
-1.16560672471408
21
0.575639612345508
31
0
210
0
220
0
230
1
40
0.955567
41
-2.70066807233702
42
0.440924581252811
0
ELLIPSE
5
D7
100
AcDbEntity
8
1
62
256
6
ByLayer
370
13
48
1
60
0
100
AcDbEllipse
10
95.726677
20
-2.354284
30
0
11
-1.75
21
6.43155504981979E-15
31
0
210
0
220
0
230
1
40
0.266582
41
2.27722484150567
42
3.01069295969022
0
ELLIPSE
5
D8
100
AcDbEntity
8
1
62
256
6
ByLayer
370
18
48
1
60
0
100
AcDbEllipse
10
96.62756
20
-0.001488
30
0
11
0.27337688647315
21
7.66414409958977
31
0
210
0
220
0
230
1
40
0.12673
41
-1.89402629470608
42
-1.88528616677137
0
ELLIPSE
5
D9
100
AcDbEntity
8
1
62
256
6
ByLayer
370
13
48
1
60
0
100
AcDbEllipse
10
95.726677
20
-2.354284
30
0
11
1.56908597557663
21
-0.774899478157413
31
0
210
0
220
0
230
1
40
0.955567
41
0.440924581252834
42
3.14155966742084
0
ELLIPSE
5
DA
100
AcDbEntity
8
1
62
256
6
ByLayer
370
18
48
1
60
0
100
AcDbEllipse
10
95.646734
20
-2.973282
30
0
11
-0.941451585345995
21
0.464939686894454
31
0
210
0
220
0
230
1
40
0.955567
41
0
42
6.28318530717959
0
ELLIPSE
5
DB
100
AcDbEntity
8
1
62
256
6
ByLayer
370
18
48
1
60
0
100
AcDbEllipse
10
95.026734
20
4.228713
30
0
11
0.891599482350535
21
0.44032002347413
31
0
210
0
220
0
230
1
40
0.955567
41
0.0956006724842984
42
0.606272969943775
0
ELLIPSE
5
DC
100
AcDbEntity
8
1
62
256
6
ByLayer
370
18
48
1
60
0
100
AcDbEllipse
10
95.026734
20
4.228713
30
0
11
0.891599482350535
21
0.44032002347413
31
0
210
0
220
0
230
1
40
0.955567
41
0.606272969943783
42
1.65347052114036
0
ELLIPSE
5
DD
100
AcDbEntity
8
1
62
256
6
ByLayer
370
18
48
1
60
0
100
AcDbEllipse
10
95.026734
20
4.228713
30
0
11
0.891599482350535
21
0.44032002347413
31
0
210
0
220
0
230
1
40
0.955567
41
1.65347052114036
42
2.70066807233697
0
ELLIPSE
5
DE
100
AcDbEntity
8
1
62
256
6
ByLayer
370
18
48
1
60
0
100
AcDbEllipse
10
95.026734
20
4.228713
30
0
11
-0.891599482350535
21
-0.44032002347413
31
0
210
0
220
0
230
1
40
0.955567
41
-0.440924581252821
42
0.00220399703507743
0
ELLIPSE
5
DF
100
AcDbEntity
8
1
62
256
6
ByLayer
370
18
48
1
60
0
100
AcDbEllipse
10
94.460768
20
5.16181
30
0
11
0.259968029880606
21
0.154303642953599
31
0
210
0
220
0
230
1
40
0.465728
41
-2.85323025291388
42
-1.566345592353
0
ELLIPSE
5
E0
100
AcDbEntity
8
1
62
256
6
ByLayer
370
18
48
1
60
0
100
AcDbEllipse
10
94.460768
20
5.16181
30
0
11
0.259968029881822
21
0.154303642953665
31
0
210
0
220
0
230
1
40
0.465728
41
-1.56634559234912
42
-0.279460931792223
0
ELLIPSE
5
E1
100
AcDbEntity
8
1
62
256
6
ByLayer
370
18
48
1
60
0
100
AcDbEllipse
10
95.026734
20
5.329145
30
0
11
0.299744434526014
21
0.0135543193226955
31
0
210
0
220
0
230
1
40
0.472777
41
0.746737837963273
42
-3.00209510731764
0
ELLIPSE
5
E2
100
AcDbEntity
8
1
62
256
6
ByLayer
370
18
48
1
60
0
100
AcDbEllipse
10
94.046409
20
4.744523
30
0
11
0.153199597394506
21
0.255819674302783
31
0
210
0
220
0
230
1
40
0.478714
41
-0.134417213672523
42
2.11799758069252
0
ELLIPSE
5
E3
100
AcDbEntity
8
1
62
256
6
ByLayer
370
18
48
1
60
0
100
AcDbEllipse
10
95.592701
20
5.201537
30
0
11
0.261578672055772
21
-0.13306702264646
31
0
210
0
220
0
230
1
40
0.494185
41
-2.56349352911335
42
-1.59865251496474
0
ELLIPSE
5
E4
100
AcDbEntity
8
1
62
256
6
ByLayer
370
18
48
1
60
0
100
AcDbEllipse
10
95.592701
20
5.201537
30
0
11
0.261578672056264
21
-0.133067022646257
31
0
210
0
220
0
230
1
40
0.494185
41
-1.59865251496762
42
-0.311767854406293
0
ELLIPSE
5
E5
100
AcDbEntity
8
1
62
256
6
ByLayer
370
18
48
1
60
0
100
AcDbEllipse
10
93.894802
20
4.188986
30
0
11
0.00342773113908225
21
0.291496847408529
31
0
210
0
220
0
230
1
40
0.500862
41
-2.83420762407636
42
-1.54732296350945
0
ELLIPSE
5
E6
100
AcDbEntity
8
1
62
256
6
ByLayer
370
18
48
1
60
0
100
AcDbEllipse
10
93.894802
20
4.188986
30
0
11
0.00342773113781247
21
0.291496847409706
31
0
210
0
220
0
230
1
40
0.500862
41
-1.54732296351872
42
-0.713400533123858
0
ELLIPSE
5
E7
100
AcDbEntity
8
1
62
256
6
ByLayer
370
18
48
1
60
0
100
AcDbEllipse
10
96.00706
20
4.813335
30
0
11
0.150555597691559
21
-0.246756311600935
31
0
210
0
220
0
230
1
40
0.509413
41
2.22638655589007
42
-2.98586786815887
0
ELLIPSE
5
E8
100
AcDbEntity
8
1
62
256
6
ByLayer
370
18
48
1
60
0
100
AcDbEllipse
10
94.046409
20
3.644091
30
0
11
0.150555597691557
21
-0.246756311600923
31
0
210
0
220
0
230
1
40
0.509413
41
2.9755713154261
42
-2.60168779657274
0
ELLIPSE
5
E9
100
AcDbEntity
8
1
62
256
6
ByLayer
370
18
48
1
60
0
100
AcDbEllipse
10
94.837471
20
4.611949
30
0
11
1.15578872960977
21
0.570790955610747
31
0
210
0
220
0
230
1
40
0.955567
41
-3.0589184592443
42
-2.8700298862804
0
ELLIPSE
5
EA
100
AcDbEntity
8
1
62
256
6
ByLayer
370
18
48
1
60
0
100
AcDbEllipse
10
94.837471
20
4.611949
30
0
11
1.15578872960977
21
0.570790955610747
31
0
210
0
220
0
230
1
40
0.955567
41
2.17706929673868
42
-3.0589184592443
0
ELLIPSE
5
EB
100
AcDbEntity
8
1
62
256
6
ByLayer
370
18
48
1
60
0
100
AcDbEllipse
10
94.837471
20
4.611949
30
0
11
1.15578872960977
21
0.570790955610747
31
0
210
0
220
0
230
1
40
0.955567
41
1.12987174554208
42
2.17706929673868
0
ELLIPSE
5
EC
100
AcDbEntity
8
1
62
256
6
ByLayer
370
18
48
1
60
0
100
AcDbEllipse
10
94.837471
20
4.611949
30
0
11
1.15578872960977
21
0.570790955610747
31
0
210
0
220
0
230
1
40
0.955567
41
0.0826741943455021
42
1.12987174554208
0
ELLIPSE
5
ED
100
AcDbEntity
8
1
62
256
6
ByLayer
370
18
48
1
60
0
100
AcDbEllipse
10
94.837471
20
4.611949
30
0
11
1.15578872960977
21
0.570790955610747
31
0
210
0
220
0
230
1
40
0.955567
41
-0.964523356851127
42
0.0826741943455028
0
ELLIPSE
5
EE
100
AcDbEntity
8
1
62
256
6
ByLayer
370
18
48
1
60
0
100
AcDbEllipse
10
94.837471
20
4.611949
30
0
11
1.15578872960977
21
0.570790955610747
31
0
210
0
220
0
230
1
40
0.955567
41
-1.25824588451981
42
-0.96452335685114
0
ELLIPSE
5
EF
100
AcDbEntity
8
1
62
256
6
ByLayer
370
18
48
1
60
0
100
AcDbEllipse
10
95.020208
20
4.241928
30
0
11
1.7094460044594
21
0.844216848160296
31
0
210
0
220
0
230
1
40
0.955567
41
-0.756949015404782
42
-0.440924293688203
0
ELLIPSE
5
F0
100
AcDbEntity
8
1
62
256
6
ByLayer
370
18
48
1
60
0
100
AcDbEllipse
10
95.020208
20
4.241928
30
0
11
1.7094460044594
21
0.844216848160296
31
0
210
0
220
0
230
1
40
0.955567
41
-0.440924837891087
42
-0.228572863832497
0
ELLIPSE
5
F1
100
AcDbEntity
8
1
62
256
6
ByLayer
370
13
48
1
60
0
100
AcDbEllipse
10
94.837471
20
4.611949
30
0
11
1.34493083620857
21
0.66419955270635
31
0
210
0
220
0
230
1
40
0.955567
41
-1.1299149679307
42
-0.440924749809005
0
ELLIPSE
5
F2
100
AcDbEntity
8
1
62
256
6
ByLayer
370
13
48
1
60
0
100
AcDbEllipse
10
94.837471
20
4.611949
30
0
11
1.34493083620857
21
0.66419955270635
31
0
210
0
220
0
230
1
40
0.955567
41
-0.440924749808989
42
0
0
ELLIPSE
5
F3
100
AcDbEntity
8
1
62
256
6
ByLayer
370
13
48
1
60
0
100
AcDbEllipse
10
94.837471
20
4.611949
30
0
11
1.34493083620857
21
0.66419955270635
31
0
210
0
220
0
230
1
40
0.955567
41
0
42
-2.9873820892594
0
ELLIPSE
5
F4
100
AcDbEntity
8
1
62
256
6
ByLayer
370
18
48
1
60
0
100
AcDbEllipse
10
94.845761
20
4.595164
30
0
11
1.79324111494476
21
0.885599403608466
31
0
210
0
220
0
230
1
40
0.955567
41
-0.944560917512141
42
-0.440924403960188
0
ELLIPSE
5
F5
100
AcDbEntity
8
1
62
256
6
ByLayer
370
18
48
1
60
0
100
AcDbEllipse
10
94.845761
20
4.595164
30
0
11
1.79324111494476
21
0.885599403608466
31
0
210
0
220
0
230
1
40
0.955567
41
-0.440924403960187
42
-4.64738955876524E-16
0
ELLIPSE
5
F6
100
AcDbEntity
8
1
62
256
6
ByLayer
370
18
48
1
60
0
100
AcDbEllipse
10
94.845761
20
4.595164
30
0
11
1.79324111494476
21
0.885599403608466
31
0
210
0
220
0
230
1
40
0.955567
41
0
42
3.10563876107298
0
ELLIPSE
5
F7
100
AcDbEntity
8
1
62
256
6
ByLayer
370
13
48
1
60
0
100
AcDbEllipse
10
95.008229
20
4.266184
30
0
11
1.78429096121244
21
0.881179333857949
31
0
210
0
220
0
230
1
40
0.955567
41
-0.553628997541134
42
-1.4012103768569E-15
0
ELLIPSE
5
F8
100
AcDbEntity
8
1
62
256
6
ByLayer
370
13
48
1
60
0
100
AcDbEllipse
10
95.008229
20
4.266184
30
0
11
1.78429096121244
21
0.881179333857949
31
0
210
0
220
0
230
1
40
0.955567
41
0
42
0.0704679290290505
0
ELLIPSE
5
F9
100
AcDbEntity
8
1
62
256
6
ByLayer
370
13
48
1
60
0
100
AcDbEllipse
10
94.970893
20
4.341784
30
0
11
1.90003325855683
21
0.938339137214134
31
0
210
0
220
0
230
1
40
0.955567
41
2.66218363998844
42
2.70066804120055
0
ELLIPSE
5
FA
100
AcDbEntity
8
1
62
256
6
ByLayer
370
13
48
1
60
0
100
AcDbEllipse
10
94.970893
20
4.341784
30
0
11
1.90003325855683
21
0.938339137214134
31
0
210
0
220
0
230
1
40
0.955567
41
-0.280212427646113
42
-4.38618113467803E-16
0
ELLIPSE
5
FB
100
AcDbEntity
8
1
62
256
6
ByLayer
370
13
48
1
60
0
100
AcDbEllipse
10
94.970893
20
4.341784
30
0
11
1.90003325855683
21
0.938339137214134
31
0
210
0
220
0
230
1
40
0.955567
41
0
42
0.479267340510226
0
ELLIPSE
5
FC
100
AcDbEntity
8
1
62
256
6
ByLayer
370
13
48
1
60
0
100
AcDbEllipse
10
94.970893
20
4.341784
30
0
11
1.90003325855683
21
0.938339137214134
31
0
210
0
220
0
230
1
40
0.955567
41
2.70066804120055
42
2.94649750854041
0
ELLIPSE
5
FD
100
AcDbEntity
8
1
62
256
6
ByLayer
370
18
48
1
60
0
100
AcDbEllipse
10
94.840599
20
4.605617
30
0
11
-1.99410473995434
21
-0.984796720150365
31
0
210
0
220
0
230
1
40
0.955567
41
2.24219188372883
42
-0.0758126983499355
0
POINT
5
70
100
AcDbEntity
8
80
62
256
6
ByLayer
370
18
48
1
60
0
100
AcDbPoint
10
0
20
0
30
0
39
0
210
0
220
0
230
1
50
360
0
POINT
5
72
100
AcDbEntity
8
1
62
256
6
ByLayer
370
18
48
1
60
0
100
AcDbPoint
10
49
20
0
30
0
39
0
210
0
220
0
230
1
50
360
0
POINT
5
74
100
AcDbEntity
8
81
62
256
6
ByLayer
370
18
48
1
60
0
100
AcDbPoint
10
100
20
8
30
0
39
0
210
0
220
0
230
1
50
360
0
POINT
5
76
100
AcDbEntity
8
1
62
256
6
ByLayer
370
18
48
1
60
1
100
AcDbPoint
10
91
20
8
30
0
39
0
210
0
220
0
230
1
50
360
0
POINT
5
77
100
AcDbEntity
8
1
62
256
6
ByLayer
370
18
48
1
60
1
100
AcDbPoint
10
75
20
8
30
0
39
0
210
0
220
0
230
1
50
360
0
POINT
5
78
100
AcDbEntity
8
1
62
256
6
ByLayer
370
18
48
1
60
1
100
AcDbPoint
10
100
20
-8
30
0
39
0
210
0
220
0
230
1
50
360
0
POINT
5
79
100
AcDbEntity
8
1
62
256
6
ByLayer
370
18
48
1
60
1
100
AcDbPoint
10
49
20
-7.99725
30
0
39
0
210
0
220
0
230
1
50
360
0
SPLINE
5
FE
100
AcDbEntity
8
1
62
256
6
ByLayer
370
18
48
1
60
0
100
AcDbSpline
70
4
71
3
72
12
73
8
40
0
40
0
40
0
40
0
40
0.250000000000033
40
0.250000000000033
40
0.500000000000067
40
0.500000000000067
40
1
40
1
40
1
40
1
41
1
10
91.0347139505902
20
-6.88361770079447
30
0
41
1
10
91.0195331880915
20
-6.89148466347569
30
0
41
1
10
91.0043148387335
20
-6.8999836611323
30
0
41
1
10
90.9738856980863
20
-6.91820798006208
30
0
41
1
10
90.9588328131495
20
-6.92783740617881
30
0
41
1
10
90.9141348639025
20
-6.9581935530401
30
0
41
1
10
90.884949633456
20
-6.9803836765175
30
0
41
1
10
90.8563264266542
20
-7.00436831195063
30
0
0
SPLINE
5
FF
100
AcDbEntity
8
1
62
256
6
ByLayer
370
18
48
1
60
0
100
AcDbSpline
70
4
71
3
72
8
73
4
40
0
40
0
40
0
40
0
40
1
40
1
40
1
40
1
41
1
10
98.595998406023
20
-6.5441424662682
30
0
41
1
10
98.5852613418504
20
-6.54395732392902
30
0
41
1
10
98.5744861441846
20
-6.54357167625921
30
0
41
1
10
98.5636728837823
20
-6.54298510885963
30
0
0
SPLINE
5
100
100
AcDbEntity
8
1
62
256
6
ByLayer
370
18
48
1
60
0
100
AcDbSpline
70
4
71
3
72
19
73
15
40
0
40
0
40
0
40
0
40
0.249999999999747
40
0.249999999999747
40
0.312499999999728
40
0.312499999999728
40
0.374999999999709
40
0.374999999999709
40
0.499999999999753
40
0.624999999999798
40
0.624999999999798
40
0.749999999999843
40
0.749999999999843
40
1
40
1
40
1
40
1
41
1
10
98.5959984059733
20
-6.54414246615008
30
0
41
1
10
98.6331263121953
20
-6.54478267350248
30
0
41
1
10
98.6696734085177
20
-6.54183115819967
30
0
41
1
10
98.7146275855532
20
-6.53368337642436
30
0
41
1
10
98.7235815722277
20
-6.53182873363247
30
0
41
1
10
98.7414142488404
20
-6.52766114772322
30
0
41
1
10
98.7502917203937
20
-6.52534665615883
30
0
41
1
10
98.7765043730176
20
-6.51779645378542
30
0
41
1
10
98.8105463342355
20
-6.50606962377302
30
0
41
1
10
98.8428146220488
20
-6.49111546988624
30
0
41
1
10
98.8741892145846
20
-6.47454302840845
30
0
41
1
10
98.8894549355831
20
-6.46543081007181
30
0
41
1
10
98.9337001480621
20
-6.43568864276759
30
0
41
1
10
98.9603316994544
20
-6.41324036693584
30
0
41
1
10
98.9841979541793
20
-6.38829209477328
30
0
0
SPLINE
5
101
100
AcDbEntity
8
1
62
256
6
ByLayer
370
18
48
1
60
0
100
AcDbSpline
70
4
71
3
72
16
73
12
40
0
40
0
40
0
40
0
40
0.250000000000005
40
0.250000000000005
40
0.375000000000007
40
0.437500000000031
40
0.437500000000031
40
0.500000000000056
40
0.500000000000056
40
0.750000000000028
40
1
40
1
40
1
40
1
41
1
10
92.7284417952136
20
-6.03885439078712
30
0
41
1
10
92.7719693649106
20
-6.0523850734788
30
0
41
1
10
92.8132508127229
20
-6.06706592253784
30
0
41
1
10
92.8718024599681
20
-6.09081313269098
30
0
41
1
10
92.9002327319222
20
-6.10311971742797
30
0
41
1
10
92.9273667989447
20
-6.11609004678519
30
0
41
1
10
92.9451629566626
20
-6.12488708165347
30
0
41
1
10
92.9539254891136
20
-6.1293669060473
30
0
41
1
10
92.9966830185893
20
-6.1519814129515
30
0
41
1
10
93.0588217175287
20
-6.18974640613109
30
0
41
1
10
93.1086682180383
20
-6.2306107936314
30
0
41
1
10
93.1303995432812
20
-6.2518478095873
30
0
0
SPLINE
5
102
100
AcDbEntity
8
1
62
256
6
ByLayer
370
18
48
1
60
0
100
AcDbSpline
70
4
71
3
72
14
73
10
40
0
40
0
40
0
40
0
40
0.249999999999966
40
0.249999999999966
40
0.374999999999981
40
0.374999999999981
40
0.499999999999996
40
0.499999999999996
40
1
40
1
40
1
40
1
41
1
10
91.5453778142469
20
-6.4120734377056
30
0
41
1
10
91.5154083528883
20
-6.42835008038924
30
0
41
1
10
91.4866687970269
20
-6.44550857815196
30
0
41
1
10
91.4453396071005
20
-6.47277544710792
30
0
41
1
10
91.4318600546938
20
-6.4821195223239
30
0
41
1
10
91.4054852063143
20
-6.50135649038958
30
0
41
1
10
91.3925635877208
20
-6.51127207206301
30
0
41
1
10
91.3299146693674
20
-6.56189245832846
30
0
41
1
10
91.2857425326273
20
-6.60587557709508
30
0
41
1
10
91.2463365173241
20
-6.65436421719818
30
0
0
SPLINE
5
103
100
AcDbEntity
8
1
62
256
6
ByLayer
370
18
48
1
60
0
100
AcDbSpline
70
4
71
3
72
10
73
6
40
0
40
0
40
0
40
0
40
0.949019227411111
40
0.949019227411111
40
1
40
1
40
1
40
1
41
1
10
91.5453778142446
20
-6.41207343770122
30
0
41
1
10
91.5025513985362
20
-6.2216095251589
30
0
41
1
10
91.4551000966204
20
-6.03157447032296
30
0
41
1
10
91.4004500685828
20
-5.83176199632464
30
0
41
1
10
91.3976507199838
20
-5.82157494583674
30
0
41
1
10
91.3948384857714
20
-5.81138866937278
30
0
0
SPLINE
5
104
100
AcDbEntity
8
1
62
256
6
ByLayer
370
18
48
1
60
0
100
AcDbSpline
70
4
71
3
72
8
73
4
40
0
40
0
40
0
40
0
40
1
40
1
40
1
40
1
41
1
10
96.1282405198016
20
-6.05824103707275
30
0
41
1
10
96.127657460729
20
-6.0582295362365
30
0
41
1
10
96.1270743013453
20
-6.05821907287944
30
0
41
1
10
96.1264910713604
20
-6.05820964830713
30
0
0
SPLINE
5
105
100
AcDbEntity
8
1
62
256
6
ByLayer
370
18
48
1
60
0
100
AcDbSpline
70
4
71
3
72
43
73
39
40
0
40
0
40
0
40
0
40
0.0131509290341435
40
0.0131509290341435
40
0.0580077049871252
40
0.0580077049871252
40
0.0804360929636162
40
0.0804360929636162
40
0.0916502869518594
40
0.0916502869518594
40
0.102864480940103
40
0.102864480940103
40
0.147721256893089
40
0.147721256893089
40
0.192578032846076
40
0.192578032846076
40
0.237434808799063
40
0.237434808799063
40
0.248649002787312
40
0.248649002787312
40
0.259863196775561
40
0.28229158475206
40
0.28229158475206
40
0.327148360705056
40
0.327148360705056
40
0.372005136658053
40
0.372005136658053
40
0.461718688564046
40
0.461718688564046
40
0.551432240470039
40
0.551432240470039
40
0.641145792376032
40
0.641145792376032
40
0.820572896188019
40
0.820572896188019
40
0.910286448094009
40
0.910286448094009
40
1
40
1
40
1
40
1
41
1
10
81.8549546103361
20
-6.64304122337799
30
0
41
1
10
81.8845414753853
20
-6.63514265058782
30
0
41
1
10
81.9144737915937
20
-6.62735945015569
30
0
41
1
10
82.0479675760102
20
-6.59356550286574
30
0
41
1
10
82.1550727637772
20
-6.56885113701296
30
0
41
1
10
82.3211682491058
20
-6.53430937521316
30
0
41
1
10
82.3774394239538
20
-6.52321496230277
30
0
41
1
10
82.4631832237452
20
-6.50725395162053
30
0
41
1
10
82.4919475310454
20
-6.5020550307664
30
0
41
1
10
82.5496030551755
20
-6.49194659366992
30
0
41
1
10
82.5785286330123
20
-6.48703088686349
30
0
41
1
10
82.72363287167
20
-6.46314866559661
30
0
41
1
10
82.8412297655243
20
-6.44626063061986
30
0
41
1
10
83.0792400814693
20
-6.4170693897351
30
0
41
1
10
83.1996605864944
20
-6.40477692255618
30
0
41
1
10
83.4432336013413
20
-6.38496836559139
30
0
41
1
10
83.5663917263455
20
-6.37746160509119
30
0
41
1
10
83.7220677755344
20
-6.37122861650604
30
0
41
1
10
83.7532700604049
20
-6.37014074088353
30
0
41
1
10
83.8154959392729
20
-6.3682918206342
30
0
41
1
10
83.9086954022176
20
-6.36600274613866
30
0
41
1
10
84.0014816508651
20
-6.36515655300298
30
0
41
1
10
84.1865169579072
20
-6.36534576117472
30
0
41
1
10
84.3091604186814
20
-6.36797472235347
30
0
41
1
10
84.5530469900832
20
-6.3780766280355
30
0
41
1
10
84.674295017705
20
-6.38553276017393
30
0
41
1
10
85.0358961379119
20
-6.41501583563712
30
0
41
1
10
85.2768140161628
20
-6.43482783570144
30
0
41
1
10
85.758334480297
20
-6.47470164561707
30
0
41
1
10
85.9989302326127
20
-6.49478677402612
30
0
41
1
10
86.479749469259
20
-6.53525049605184
30
0
41
1
10
86.7198512347086
20
-6.55561867633887
30
0
41
1
10
87.4390085861862
20
-6.61702418633516
30
0
41
1
10
87.9169534791829
20
-6.65840772945603
30
0
41
1
10
88.6315153087534
20
-6.72009721725018
30
0
41
1
10
88.8693135560609
20
-6.74058694797267
30
0
41
1
10
89.344187713291
20
-6.78111498742871
30
0
41
1
10
89.5812490295803
20
-6.80116902536795
30
0
41
1
10
89.8180957092005
20
-6.82070115907146
30
0
0
SPLINE
5
106
100
AcDbEntity
8
1
62
256
6
ByLayer
370
18
48
1
60
0
100
AcDbSpline
70
4
71
3
72
8
73
4
40
0
40
0
40
0
40
0
40
1
40
1
40
1
40
1
41
1
10
90.1789194511736
20
-6.88097164669642
30
0
41
1
10
90.0595103620082
20
-6.85075184419617
30
0
41
1
10
89.9392327064146
20
-6.83069101423774
30
0
41
1
10
89.8180957092006
20
-6.82070115907146
30
0
0
SPLINE
5
107
100
AcDbEntity
8
1
62
256
6
ByLayer
370
18
48
1
60
0
100
AcDbSpline
70
4
71
3
72
8
73
4
40
0
40
0
40
0
40
0
40
1
40
1
40
1
40
1
41
1
10
96.1264910713603
20
-4.42494454816764
30
0
41
1
10
96.1270743310346
20
-4.42479734883563
30
0
41
1
10
96.1276574804954
20
-4.42464920062787
30
0
41
1
10
96.1282405198016
20
-4.42450010416115
30
0
0
SPLINE
5
108
100
AcDbEntity
8
1
62
256
6
ByLayer
370
18
48
1
60
0
100
AcDbSpline
70
4
71
3
72
16
73
12
40
0
40
0
40
0
40
0
40
0.0939980977502878
40
0.0939980977502878
40
0.320498573312716
40
0.320498573312716
40
0.546999048875144
40
0.546999048875144
40
0.773499524437572
40
0.773499524437572
40
1
40
1
40
1
40
1
41
1
10
96.7222728623386
20
-3.27417396762291
30
0
41
1
10
96.7304961556328
20
-3.25757449189118
30
0
41
1
10
96.7383953774239
20
-3.24085013564041
30
0
41
1
10
96.7642144986453
20
-3.18339582529845
30
0
41
1
10
96.7805700563586
20
-3.14206155653571
30
0
41
1
10
96.8092802887204
20
-3.05783822101773
30
0
41
1
10
96.8216372347044
20
-3.01495003476634
30
0
41
1
10
96.841903305383
20
-2.92743625837912
30
0
41
1
10
96.849613736502
20
-2.88361707310085
30
0
41
1
10
96.8599753841869
20
-2.79625118527656
30
0
41
1
10
96.8626389390074
20
-2.75265247839206
30
0
41
1
10
96.8626389390074
20
-2.70915708363228
30
0
0
SPLINE
5
109
100
AcDbEntity
8
1
62
256
6
ByLayer
370
18
48
1
60
0
100
AcDbSpline
70
4
71
3
72
9
73
5
40
0
40
0
40
0
40
0
40
0.5
40
1
40
1
40
1
40
1
41
1
10
89.2612885026723
20
4.51379197547786
30
0
41
1
10
89.218046271232
20
4.41353267206392
30
0
41
1
10
89.1432537566875
20
4.21039404436505
30
0
41
1
10
89.091973317363
20
4.00192569096996
30
0
41
1
10
89.0725027444788
20
3.89627891444599
30
0
0
SPLINE
5
10A
100
AcDbEntity
8
1
62
256
6
ByLayer
370
18
48
1
60
0
100
AcDbSpline
70
4
71
3
72
10
73
6
40
0
40
0
40
0
40
0
40
0.0397024859513611
40
0.0397024859513611
40
1
40
1
40
1
40
1
41
1
10
89.8022129120123
20
5.76360381591607
30
0
41
1
10
89.7950309862986
20
5.74707461757552
30
0
41
1
10
89.7878500888683
20
5.73054493178813
30
0
41
1
10
89.6070077717944
20
5.31419408425364
30
0
41
1
10
89.4339397553186
20
4.91409264792986
30
0
41
1
10
89.2612885026723
20
4.51379197547783
30
0
0
SPLINE
5
10B
100
AcDbEntity
8
1
62
256
6
ByLayer
370
18
48
1
60
0
100
AcDbSpline
70
4
71
3
72
8
73
4
40
0
40
0
40
0
40
0
40
1
40
1
40
1
40
1
41
1
10
90.1789194511736
20
6.88097164669574
30
0
41
1
10
90.0595103620082
20
6.85075184419549
30
0
41
1
10
89.9392327064146
20
6.83069101423706
30
0
41
1
10
89.8180957092007
20
6.82070115907078
30
0
0
SPLINE
5
10C
100
AcDbEntity
8
1
62
256
6
ByLayer
370
18
48
1
60
0
100
AcDbSpline
70
4
71
3
72
54
73
50
40
0
40
0
40
0
40
0
40
0.0599125204592481
40
0.0599125204592481
40
0.119825040918496
40
0.119825040918496
40
0.179737561377744
40
0.179737561377744
40
0.239650081836992
40
0.239650081836992
40
0.29956260229624
40
0.29956260229624
40
0.359475122755488
40
0.359475122755488
40
0.389431382985112
40
0.389431382985112
40
0.404409513099923
40
0.404409513099923
40
0.419387643214734
40
0.419387643214734
40
0.479300163673984
40
0.479300163673984
40
0.539212684133235
40
0.539212684133235
40
0.599125204592486
40
0.599125204592486
40
0.614103334707299
40
0.614103334707299
40
0.629081464822113
40
0.659037725051743
40
0.659037725051743
40
0.718950245511003
40
0.718950245511003
40
0.778862765970262
40
0.778862765970262
40
0.793840896085078
40
0.793840896085078
40
0.808819026199894
40
0.808819026199894
40
0.838775286429527
40
0.838775286429527
40
0.898687806888791
40
0.898687806888791
40
0.958600327348055
40
0.958600327348055
40
0.973578457462871
40
0.973578457462871
40
0.988556587577687
40
1
40
1
40
1
40
1
41
1
10
89.8180957092006
20
3.78332934952664
30
0
41
1
10
89.5720519651669
20
3.81201754916736
30
0
41
1
10
89.3275181883602
20
3.84467079381622
30
0
41
1
10
88.8416347427365
20
3.91805522358271
30
0
41
1
10
88.600273119146
20
3.9587542745266
30
0
41
1
10
88.1208254241844
20
4.04808857590479
30
0
41
1
10
87.8827874119432
20
4.09685601056984
30
0
41
1
10
87.4106846623463
20
4.20363449683711
30
0
41
1
10
87.176609609831
20
4.26161735713217
30
0
41
1
10
86.7126928085533
20
4.3867702278043
30
0
41
1
10
86.4828297098055
20
4.45388700393693
30
0
41
1
10
86.0275622344098
20
4.59696449002638
30
0
41
1
10
85.8021569367466
20
4.6729270040517
30
0
41
1
10
85.4677170843889
20
4.79342548026759
30
0
41
1
10
85.356850359382
20
4.8346861204374
30
0
41
1
10
85.1915219959775
20
4.89820798486193
30
0
41
1
10
85.1365745405165
20
4.91965364583729
30
0
41
1
10
85.0270128524845
20
4.96308509560734
30
0
41
1
10
84.9723422558265
20
4.9850943564453
30
0
41
1
10
84.7009297481344
20
5.09603284389775
30
0
41
1
10
84.489501460096
20
5.18783377709775
30
0
41
1
10
84.0787732254798
20
5.37627219123948
30
0
41
1
10
83.8794708207917
20
5.4729117187392
30
0
41
1
10
83.4937608184055
20
5.66933851624657
30
0
41
1
10
83.307353435
20
5.76913357998592
30
0
41
1
10
83.0829624052
20
5.89445980760078
30
0
41
1
10
83.0384854732334
20
5.91957091074289
30
0
41
1
10
82.9509592841455
20
5.96949403045423
30
0
41
1
10
82.8216102704363
20
6.04404070702074
30
0
41
1
10
82.6980690435906
20
6.11737656667043
30
0
41
1
10
82.4586844659298
20
6.2618778995176
30
0
41
1
10
82.3093690253114
20
6.35533521430861
30
0
41
1
10
82.0309050844869
20
6.53320350226187
30
0
41
1
10
81.9017427693341
20
6.61761771508787
30
0
41
1
10
81.7526160572417
20
6.71509800212857
30
0
41
1
10
81.7234072369376
20
6.73419062571702
30
0
41
1
10
81.6662190079516
20
6.77150276733582
30
0
41
1
10
81.6382063270191
20
6.78974385438988
30
0
41
1
10
81.5566685390202
20
6.8426300791001
30
0
41
1
10
81.5054270961273
20
6.87557907451773
30
0
41
1
10
81.3604843803354
20
6.96711951196932
30
0
41
1
10
81.2755376473312
20
7.01841412283667
30
0
41
1
10
81.1265860046653
20
7.09936191967137
30
0
41
1
10
81.0625661196165
20
7.12902685892396
30
0
41
1
10
80.994739178915
20
7.15095359670991
30
0
41
1
10
80.9817681645075
20
7.1545829976271
30
0
41
1
10
80.957154166095
20
7.1602507036354
30
0
41
1
10
80.9366074630173
20
7.1638525250757
30
0
41
1
10
80.9180461034695
20
7.16497881338483
30
0
41
1
10
80.910371249449
20
7.16499957685511
30
0
0
SPLINE
5
10D
100
AcDbEntity
8
1
62
256
6
ByLayer
370
18
48
1
60
0
100
AcDbSpline
70
4
71
3
72
43
73
39
40
0
40
0
40
0
40
0
40
0.0130545832046627
40
0.0130545832046627
40
0.0579157385135605
40
0.0579157385135605
40
0.0803463161680098
40
0.0803463161680098
40
0.0915616049952364
40
0.0915616049952364
40
0.102776893822463
40
0.102776893822463
40
0.147638049131361
40
0.147638049131361
40
0.192499204440259
40
0.192499204440259
40
0.237360359749157
40
0.237360359749157
40
0.248575648576379
40
0.248575648576379
40
0.259790937403601
40
0.28222151505804
40
0.28222151505804
40
0.327082670366913
40
0.327082670366913
40
0.371943825675785
40
0.371943825675785
40
0.461666136293531
40
0.461666136293531
40
0.551388446911277
40
0.551388446911277
40
0.641110757529023
40
0.641110757529023
40
0.820555378764514
40
0.820555378764514
40
0.910277689382257
40
0.910277689382257
40
1
40
1
40
1
40
1
41
1
10
81.8556135432366
20
6.64286534755837
30
0
41
1
10
81.8849858728306
20
6.63502710686825
30
0
41
1
10
81.914698446107
20
6.62730257887219
30
0
41
1
10
82.0479675760106
20
6.59356550286503
30
0
41
1
10
82.1550727637776
20
6.56885113701227
30
0
41
1
10
82.3211682491061
20
6.53430937521244
30
0
41
1
10
82.3774394239542
20
6.52321496230209
30
0
41
1
10
82.4631832237456
20
6.50725395161984
30
0
41
1
10
82.4919475310458
20
6.50205503076569
30
0
41
1
10
82.5496030551759
20
6.49194659366924
30
0
41
1
10
82.5785286330127
20
6.48703088686281
30
0
41
1
10
82.7236328716704
20
6.46314866559592
30
0
41
1
10
82.8412297655247
20
6.44626063061921
30
0
41
1
10
83.0792400814697
20
6.41706938973442
30
0
41
1
10
83.1996605864949
20
6.4047769225555
30
0
41
1
10
83.4432336013417
20
6.38496836559074
30
0
41
1
10
83.5663917263459
20
6.37746160509053
30
0
41
1
10
83.7220677755348
20
6.37122861650542
30
0
41
1
10
83.7532700604054
20
6.3701407408829
30
0
41
1
10
83.8154959392733
20
6.36829182063357
30
0
41
1
10
83.9086954022178
20
6.36600274613804
30
0
41
1
10
84.0014816508655
20
6.36515655300232
30
0
41
1
10
84.1865169579075
20
6.36534576117407
30
0
41
1
10
84.3091604186817
20
6.36797472235284
30
0
41
1
10
84.5530469900835
20
6.37807662803488
30
0
41
1
10
84.6742950177054
20
6.38553276017328
30
0
41
1
10
85.0358961379121
20
6.41501583563655
30
0
41
1
10
85.276814016163
20
6.43482783570082
30
0
41
1
10
85.7583344802974
20
6.47470164561645
30
0
41
1
10
85.9989302326129
20
6.4947867740255
30
0
41
1
10
86.4797494692592
20
6.53525049605119
30
0
41
1
10
86.7198512347088
20
6.55561867633824
30
0
41
1
10
87.4390085861864
20
6.6170241863345
30
0
41
1
10
87.916953479183
20
6.65840772945538
30
0
41
1
10
88.6315153087536
20
6.72009721724953
30
0
41
1
10
88.869313556061
20
6.74058694797202
30
0
41
1
10
89.3441877132911
20
6.78111498742806
30
0
41
1
10
89.5812490295803
20
6.80116902536727
30
0
41
1
10
89.8180957092006
20
6.82070115907078
30
0
0
SPLINE
5
10E
100
AcDbEntity
8
1
62
256
6
ByLayer
370
18
48
1
60
0
100
AcDbSpline
70
4
71
3
72
8
73
4
40
0
40
0
40
0
40
0
40
1
40
1
40
1
40
1
41
1
10
89.8180957092006
20
3.78332934952664
30
0
41
1
10
89.939503848332
20
3.76917340767537
30
0
41
1
10
90.0597747141076
20
3.75990249898817
30
0
41
1
10
90.1789194511737
20
3.75548126902746
30
0
0
SPLINE
5
10F
100
AcDbEntity
8
1
62
256
6
ByLayer
370
18
48
1
60
0
100
AcDbSpline
70
4
71
3
72
17
73
13
40
0
40
0
40
0
40
0
40
0.125000000000009
40
0.125000000000009
40
0.250000000000017
40
0.250000000000017
40
0.500000000000035
40
0.750000000000054
40
0.750000000000054
40
0.875000000000027
40
0.875000000000027
40
1
40
1
40
1
40
1
41
1
10
90.8563264266494
20
-7.00436831194671
30
0
41
1
10
90.8333623967178
20
-6.99917018811331
30
0
41
1
10
90.810185883804
20
-6.99409724718353
30
0
41
1
10
90.7639507856042
20
-6.98432432658473
30
0
41
1
10
90.740845406122
20
-6.97961310317592
30
0
41
1
10
90.67156438553
20
-6.96600192227814
30
0
41
1
10
90.5792828324888
20
-6.94924497883625
30
0
41
1
10
90.4871859006788
20
-6.93528837862041
30
0
41
1
10
90.4181886040577
20
-6.925903083653
30
0
41
1
10
90.3952021443262
20
-6.92295527596031
30
0
41
1
10
90.3492565114242
20
-6.91742975735917
30
0
41
1
10
90.3263889275586
20
-6.91486354341731
30
0
41
1
10
90.3037151423504
20
-6.91250282242578
30
0
0
SPLINE
5
110
100
AcDbEntity
8
1
62
256
6
ByLayer
370
18
48
1
60
0
100
AcDbSpline
70
4
71
3
72
14
73
10
40
0
40
0
40
0
40
0
40
0.25
40
0.25
40
0.5
40
0.5
40
0.75
40
0.75
40
1
40
1
40
1
40
1
41
1
10
91.2463365173242
20
-6.65436421719804
30
0
41
1
10
91.2076510711333
20
-6.68864892565401
30
0
41
1
10
91.170179805405
20
-6.72161764939193
30
0
41
1
10
91.098043069623
20
-6.78496238896153
30
0
41
1
10
91.0633754797584
20
-6.81533816466228
30
0
41
1
10
90.9974135069743
20
-6.87356073573824
30
0
41
1
10
90.9661151041293
20
-6.90140695246444
30
0
41
1
10
90.9077387528509
20
-6.95467021401629
30
0
41
1
10
90.880652529506
20
-6.98008591901802
30
0
41
1
10
90.8563264266579
20
-7.00436831194656
30
0
0
SPLINE
5
111
100
AcDbEntity
8
1
62
256
6
ByLayer
370
18
48
1
60
0
100
AcDbSpline
70
4
71
3
72
64
73
60
40
0
40
0
40
0
40
0
40
0.0625000000000319
40
0.0625000000000319
40
0.125000000000064
40
0.125000000000064
40
0.140625000000072
40
0.140625000000072
40
0.15625000000008
40
0.15625000000008
40
0.187500000000092
40
0.187500000000092
40
0.250000000000112
40
0.250000000000112
40
0.265625000000118
40
0.265625000000118
40
0.281250000000123
40
0.281250000000123
40
0.312500000000134
40
0.312500000000134
40
0.375000000000154
40
0.375000000000154
40
0.390625000000162
40
0.390625000000162
40
0.40625000000017
40
0.40625000000017
40
0.437500000000186
40
0.437500000000186
40
0.500000000000216
40
0.500000000000216
40
0.515625000000219
40
0.515625000000219
40
0.531250000000223
40
0.562500000000219
40
0.593750000000216
40
0.593750000000216
40
0.609375000000209
40
0.609375000000209
40
0.625000000000202
40
0.625000000000202
40
0.687500000000172
40
0.687500000000172
40
0.703125000000165
40
0.703125000000165
40
0.718750000000157
40
0.718750000000157
40
0.75000000000013
40
0.75000000000013
40
0.812500000000088
40
0.812500000000088
40
0.843750000000067
40
0.843750000000067
40
0.875000000000046
40
0.875000000000046
40
0.937500000000017
40
0.937500000000017
40
0.968750000000009
40
0.968750000000009
40
1
40
1
40
1
40
1
41
1
10
91.2463365173241
20
-6.65436421719801
30
0
41
1
10
91.2023240630313
20
-6.62562633023663
30
0
41
1
10
91.1626085848485
20
-6.5959729034239
30
0
41
1
10
91.0917938748927
20
-6.53453647697114
30
0
41
1
10
91.0606894626592
20
-6.50275552965323
30
0
41
1
10
91.0276089430693
20
-6.46143407746101
30
0
41
1
10
91.0212847179353
20
-6.45308960915315
30
0
41
1
10
91.0092389158545
20
-6.43623174331759
30
0
41
1
10
91.0035410818292
20
-6.42774946371961
30
0
41
1
10
90.9875223728917
20
-6.40229121989461
30
0
41
1
10
90.9782297327266
20
-6.38524185048104
30
0
41
1
10
90.9544929484291
20
-6.33383489066347
30
0
41
1
10
90.9441559109734
20
-6.29921671744077
30
0
41
1
10
90.9385011731207
20
-6.25544730483242
30
0
41
1
10
90.9377362556887
20
-6.2466687264872
30
0
41
1
10
90.9369605276012
20
-6.22906117021327
30
0
41
1
10
90.9369511887251
20
-6.22020772628849
30
0
41
1
10
90.9380853327512
20
-6.19376377678375
30
0
41
1
10
90.9403761561006
20
-6.17634089736461
30
0
41
1
10
90.9517959866005
20
-6.12470806374119
30
0
41
1
10
90.9654311033234
20
-6.09112255222075
30
0
41
1
10
90.9904046469853
20
-6.05039857358753
30
0
41
1
10
90.9957991297354
20
-6.04231757729573
30
0
41
1
10
91.007411951358
20
-6.02629246342872
30
0
41
1
10
91.0136480774149
20
-6.01832984460273
30
0
41
1
10
91.0333969768958
20
-5.99493538621152
30
0
41
1
10
91.0479931233308
20
-5.9799211511164
30
0
41
1
10
91.0959963662388
20
-5.9366719403794
30
0
41
1
10
91.1335822431454
20
-5.91021183285653
30
0
41
1
10
91.1878360400508
20
-5.88052675115924
30
0
41
1
10
91.1990872591174
20
-5.87474553957827
30
0
41
1
10
91.2220899094975
20
-5.86365885226911
30
0
41
1
10
91.257387351293
20
-5.84771294851001
30
0
41
1
10
91.3200828642164
20
-5.82453048895906
30
0
41
1
10
91.374244955232
20
-5.8096200948292
30
0
41
1
10
91.4163583548306
20
-5.79983268017284
30
0
41
1
10
91.4306451303134
20
-5.79680303592193
30
0
41
1
10
91.4597189039003
20
-5.79121793070465
30
0
41
1
10
91.4744613287781
20
-5.78867236009239
30
0
41
1
10
91.5486579296494
20
-5.77724624345612
30
0
41
1
10
91.6100421782363
20
-5.77215235649655
30
0
41
1
10
91.6890525965014
20
-5.77053394287697
30
0
41
1
10
91.7049695649456
20
-5.77044899028152
30
0
41
1
10
91.7370301925194
20
-5.77075357201588
30
0
41
1
10
91.7532047384279
20
-5.77114444212751
30
0
41
1
10
91.801834737534
20
-5.77301708370589
30
0
41
1
10
91.8342846640436
20
-5.77518907408054
30
0
41
1
10
91.9317145135828
20
-5.78428737341847
30
0
41
1
10
91.9967734002902
20
-5.79378354483109
30
0
41
1
10
92.0945064374536
20
-5.81270796530714
30
0
41
1
10
92.1271903630051
20
-5.81982291627381
30
0
41
1
10
92.191804875587
20
-5.83537044352406
30
0
41
1
10
92.2238190415286
20
-5.84381536728782
30
0
41
1
10
92.3190396290954
20
-5.87102392643564
30
0
41
1
10
92.3814285109095
20
-5.89165196311026
30
0
41
1
10
92.473509689399
20
-5.9259730277675
30
0
41
1
10
92.5039977191333
20
-5.93799844723904
30
0
41
1
10
92.5642512617918
20
-5.96305268801206
30
0
41
1
10
92.5939777162359
20
-5.97606286368085
30
0
41
1
10
92.6233152476496
20
-5.98953409930633
30
0
0
SPLINE
5
112
100
AcDbEntity
8
1
62
256
6
ByLayer
370
18
48
1
60
0
100
AcDbSpline
70
4
71
3
72
16
73
12
40
0
40
0
40
0
40
0
40
0.250000000000004
40
0.250000000000004
40
0.500000000000008
40
0.500000000000008
40
0.62500000000001
40
0.62500000000001
40
0.750000000000012
40
0.750000000000012
40
1
40
1
40
1
40
1
41
1
10
92.6233152476496
20
3.7775253444465
30
0
41
1
10
92.4188112488382
20
3.76866206447056
30
0
41
1
10
92.2142804302478
20
3.75949975185083
30
0
41
1
10
91.8057472476116
20
3.74604003404889
30
0
41
1
10
91.6017152395141
20
3.74145583537842
30
0
41
1
10
91.2961089179816
20
3.73845727022521
30
0
41
1
10
91.194315868446
20
3.73812217110415
30
0
41
1
10
90.9908749977255
20
3.73868010583874
30
0
41
1
10
90.8892236240648
20
3.7395399154764
30
0
41
1
10
90.5844351927849
20
3.74342128309465
30
0
41
1
10
90.3814861803382
20
3.74796441084266
30
0
41
1
10
90.1789194511736
20
3.75548126902774
30
0
0
SPLINE
5
113
100
AcDbEntity
8
1
62
256
6
ByLayer
370
18
48
1
60
0
100
AcDbSpline
70
4
71
3
72
8
73
4
40
0
40
0
40
0
40
0
40
1
40
1
40
1
40
1
41
1
10
90.1789194511736
20
-6.88097164669642
30
0
41
1
10
90.2205196766285
20
-6.89149974473321
30
0
41
1
10
90.2621177485919
20
-6.90201063132122
30
0
41
1
10
90.3037151423504
20
-6.91250282242578
30
0
0
SPLINE
5
114
100
AcDbEntity
8
1
62
256
6
ByLayer
370
18
48
1
60
0
100
AcDbSpline
70
4
71
3
72
26
73
22
40
0
40
0
40
0
40
0
40
0.125000000000016
40
0.125000000000016
40
0.250000000000031
40
0.250000000000031
40
0.375000000000047
40
0.375000000000047
40
0.500000000000063
40
0.500000000000063
40
0.625000000000079
40
0.625000000000079
40
0.687500000000088
40
0.687500000000088
40
0.750000000000098
40
0.750000000000098
40
0.87500000000005
40
0.87500000000005
40
0.937500000000025
40
0.937500000000025
40
1
40
1
40
1
40
1
41
1
10
98.6537270494811
20
-6.25367814882057
30
0
41
1
10
98.6469990068782
20
-6.24561760184011
30
0
41
1
10
98.6398922577133
20
-6.23760776836056
30
0
41
1
10
98.6247605750897
20
-6.22171105765483
30
0
41
1
10
98.6167430143804
20
-6.21383318058207
30
0
41
1
10
98.5996933140733
20
-6.19834270999047
30
0
41
1
10
98.5906523625319
20
-6.19071817741872
30
0
41
1
10
98.5712561659851
20
-6.17577649141631
30
0
41
1
10
98.5609053167306
20
-6.16845830993353
30
0
41
1
10
98.5384312525728
20
-6.15423645730812
30
0
41
1
10
98.5263111098103
20
-6.14733944643507
30
0
41
1
10
98.5066322977199
20
-6.13764774995573
30
0
41
1
10
98.4998096129045
20
-6.13451955678096
30
0
41
1
10
98.485522614575
20
-6.12851284665643
30
0
41
1
10
98.4780206900347
20
-6.12562138141922
30
0
41
1
10
98.4546287728216
20
-6.11753008616193
30
0
41
1
10
98.4379224408726
20
-6.11289659570627
30
0
41
1
10
98.4103298202594
20
-6.1076796757649
30
0
41
1
10
98.4008602184162
20
-6.10627003003356
30
0
41
1
10
98.3816033332616
20
-6.10423056860307
30
0
41
1
10
98.371774664458
20
-6.10359236756901
30
0
41
1
10
98.3617204377009
20
-6.10338396564629
30
0
0
SPLINE
5
115
100
AcDbEntity
8
1
62
256
6
ByLayer
370
18
48
1
60
0
100
AcDbSpline
70
4
71
3
72
22
73
18
40
0
40
0
40
0
40
0
40
0.249999999999986
40
0.249999999999986
40
0.374999999999988
40
0.374999999999988
40
0.499999999999991
40
0.499999999999991
40
0.624999999999993
40
0.624999999999993
40
0.749999999999995
40
0.749999999999995
40
0.874999999999997
40
0.874999999999997
40
0.937499999999999
40
0.937499999999999
40
1
40
1
40
1
40
1
41
1
10
98.6537270494645
20
-6.25367814882279
30
0
41
1
10
98.677332367013
20
-6.28195855403251
30
0
41
1
10
98.7019446373971
20
-6.3075392681769
30
0
41
1
10
98.7404230902099
20
-6.34093330394774
30
0
41
1
10
98.7535114434512
20
-6.35122999413451
30
0
41
1
10
98.7802635864102
20
-6.36988587204937
30
0
41
1
10
98.7938636854445
20
-6.37819900564355
30
0
41
1
10
98.821467038151
20
-6.39239960288461
30
0
41
1
10
98.8354834780579
20
-6.39830094976645
30
0
41
1
10
98.8640309146898
20
-6.40716165762734
30
0
41
1
10
98.8785649827736
20
-6.41013100382858
30
0
41
1
10
98.9082817527679
20
-6.41219574906907
30
0
41
1
10
98.9232656724592
20
-6.41128360176151
30
0
41
1
10
98.9459665075395
20
-6.40601649840511
30
0
41
1
10
98.9535710109115
20
-6.40360570215518
30
0
41
1
10
98.9688613351703
20
-6.39720483043004
30
0
41
1
10
98.976579899127
20
-6.39318966815614
30
0
41
1
10
98.9841979541779
20
-6.38829209477848
30
0
0
SPLINE
5
116
100
AcDbEntity
8
1
62
256
6
ByLayer
370
18
48
1
60
0
100
AcDbSpline
70
4
71
3
72
18
73
14
40
0
40
0
40
0
40
0
40
0.124999999999995
40
0.124999999999995
40
0.249999999999991
40
0.249999999999991
40
0.499999999999978
40
0.499999999999978
40
0.624999999999983
40
0.624999999999983
40
0.749999999999989
40
0.749999999999989
40
1
40
1
40
1
40
1
41
1
10
99.1072335371802
20
-5.99814572064909
30
0
41
1
10
99.1077683459196
20
-6.01639736136778
30
0
41
1
10
99.107612792926
20
-6.03456921738368
30
0
41
1
10
99.1058483108867
20
-6.0707709915358
30
0
41
1
10
99.104226696102
20
-6.08884156670132
30
0
41
1
10
99.0972168314022
20
-6.1418358431248
30
0
41
1
10
99.0896945880291
20
-6.17588857503947
30
0
41
1
10
99.0741306647394
20
-6.22524089431087
30
0
41
1
10
99.0682264492957
20
-6.2414020335051
30
0
41
1
10
99.0549478819542
20
-6.27315514096074
30
0
41
1
10
99.0475678868544
20
-6.28873637014004
30
0
41
1
10
99.0236211325551
20
-6.33381456020626
30
0
41
1
10
99.0051433203278
20
-6.36195515969325
30
0
41
1
10
98.9841979541778
20
-6.38829209477856
30
0
0
SPLINE
5
117
100
AcDbEntity
8
1
62
256
6
ByLayer
370
18
48
1
60
0
100
AcDbSpline
70
4
71
3
72
34
73
30
40
0
40
0
40
0
40
0
40
0.125000000000028
40
0.125000000000028
40
0.187500000000041
40
0.187500000000041
40
0.250000000000055
40
0.250000000000055
40
0.375000000000082
40
0.375000000000082
40
0.406250000000083
40
0.406250000000083
40
0.437500000000085
40
0.437500000000085
40
0.500000000000087
40
0.500000000000087
40
0.625000000000094
40
0.625000000000094
40
0.656250000000097
40
0.656250000000097
40
0.687500000000099
40
0.750000000000072
40
0.812500000000046
40
0.812500000000046
40
0.843750000000033
40
0.843750000000033
40
0.875000000000019
40
0.875000000000019
40
1
40
1
40
1
40
1
41
1
10
99.1072335371799
20
3.43756003204552
30
0
41
1
10
99.1086631243485
20
3.45517304726013
30
0
41
1
10
99.1051512459587
20
3.47259619769903
30
0
41
1
10
99.0927446482421
20
3.49845662018106
30
0
41
1
10
99.0874104637201
20
3.50703070361087
30
0
41
1
10
99.0742838399935
20
3.52408441223997
30
0
41
1
10
99.0664510401185
20
3.53258902251238
30
0
41
1
10
99.0397254950361
20
3.55740899031554
30
0
41
1
10
99.017535067395
20
3.57321172292367
30
0
41
1
10
98.9843440224496
20
3.5920375836466
30
0
41
1
10
98.9774306735435
20
3.59575595461618
30
0
41
1
10
98.9630437952646
20
3.60309741018332
30
0
41
1
10
98.9555502403715
20
3.60672957377622
30
0
41
1
10
98.9323575119523
20
3.61741130715134
30
0
41
1
10
98.9160234300592
20
3.62421624723052
30
0
41
1
10
98.8644799317129
20
3.64370980654158
30
0
41
1
10
98.8267543234107
20
3.65548624962295
30
0
41
1
10
98.7752618235918
20
3.6686351022409
30
0
41
1
10
98.7647136098727
20
3.67119231497745
30
0
41
1
10
98.743375279316
20
3.67609745084735
30
0
41
1
10
98.7109813409334
20
3.68314943915118
30
0
41
1
10
98.6550986341594
20
3.69340535024497
30
0
41
1
10
98.6083995591465
20
3.70003349343645
30
0
41
1
10
98.5726150405311
20
3.70440320132457
30
0
41
1
10
98.5605599302328
20
3.70575935117387
30
0
41
1
10
98.5361906991899
20
3.708266749681
30
0
41
1
10
98.5238706657082
20
3.70941780635221
30
0
41
1
10
98.4622237810825
20
3.71460121515463
30
0
41
1
10
98.4122856486111
20
3.71698749530393
30
0
41
1
10
98.3617204377009
20
3.71759503479902
30
0
0
SPLINE
5
118
100
AcDbEntity
8
1
62
256
6
ByLayer
370
18
48
1
60
0
100
AcDbSpline
70
4
71
3
72
35
73
31
40
0
40
0
40
0
40
0
40
0.0625000000000073
40
0.0625000000000073
40
0.125000000000014
40
0.125000000000014
40
0.187500000000022
40
0.187500000000022
40
0.218750000000025
40
0.218750000000025
40
0.250000000000029
40
0.250000000000029
40
0.37500000000003
40
0.37500000000003
40
0.406250000000029
40
0.406250000000029
40
0.437500000000027
40
0.500000000000024
40
0.500000000000024
40
0.625000000000017
40
0.625000000000017
40
0.656250000000015
40
0.656250000000015
40
0.687500000000014
40
0.687500000000014
40
0.750000000000011
40
0.750000000000011
40
0.875000000000006
40
0.875000000000006
40
1
40
1
40
1
40
1
41
1
10
96.1282405198016
20
-4.42450010416115
30
0
41
1
10
96.1832956468303
20
-4.41042125077019
30
0
41
1
10
96.2366924352823
20
-4.39373351530236
30
0
41
1
10
96.340420102415
20
-4.35545144375456
30
0
41
1
10
96.390749690753
20
-4.33385510949574
30
0
41
1
10
96.4884811012055
20
-4.2858757407212
30
0
41
1
10
96.5358822262199
20
-4.25949169688028
30
0
41
1
10
96.6048318899617
20
-4.21630955650821
30
0
41
1
10
96.6274380357569
20
-4.20131869949989
30
0
41
1
10
96.6714362389996
20
-4.1704961087292
30
0
41
1
10
96.6928963495652
20
-4.15462298142717
30
0
41
1
10
96.7976253124849
20
-4.07301727866798
30
0
41
1
10
96.8732367225122
20
-4.00061041068616
30
0
41
1
10
96.9588255801281
20
-3.90176199434853
30
0
41
1
10
96.9755243628307
20
-3.88153129041214
30
0
41
1
10
97.0077893397554
20
-3.8405691419409
30
0
41
1
10
97.0545615587191
20
-3.77829898130079
30
0
41
1
10
97.0967452541597
20
-3.71363747178808
30
0
41
1
10
97.1756004636694
20
-3.58130488769953
30
0
41
1
10
97.2208472959409
20
-3.4890801878939
30
0
41
1
10
97.2696872917705
20
-3.36917457103007
30
0
41
1
10
97.279067141911
20
-3.34496138285979
30
0
41
1
10
97.2970786399755
20
-3.29607744294862
30
0
41
1
10
97.3057215492741
20
-3.27137125480854
30
0
41
1
10
97.3304565653555
20
-3.19691536824811
30
0
41
1
10
97.3453726862581
20
-3.14680366293715
30
0
41
1
10
97.3859040002148
20
-2.99510932471125
30
0
41
1
10
97.407321288113
20
-2.89217026816922
30
0
41
1
10
97.4410055483852
20
-2.68292373747474
30
0
41
1
10
97.4532628050475
20
-2.57661493561139
30
0
41
1
10
97.4617054491981
20
-2.46870763411548
30
0
0
SPLINE
5
119
100
AcDbEntity
8
1
62
256
6
ByLayer
370
18
48
1
60
0
100
AcDbSpline
70
4
71
3
72
8
73
4
40
0
40
0
40
0
40
0
40
1
40
1
40
1
40
1
41
1
10
98.3617204377009
20
-6.10338396564629
30
0
41
1
10
97.6172633575034
20
-6.08795301400357
30
0
41
1
10
96.8727680228393
20
-6.0729268370157
30
0
41
1
10
96.1282405198016
20
-6.05824103707275
30
0
0
SPLINE
5
11A
100
AcDbEntity
8
1
62
256
6
ByLayer
370
18
48
1
60
0
100
AcDbSpline
70
4
71
3
72
8
73
4
40
0
40
0
40
0
40
0
40
1
40
1
40
1
40
1
41
1
10
98.3617204377009
20
3.71759503479902
30
0
41
1
10
97.6172271237396
20
3.72654009967496
30
0
41
1
10
96.8727341016993
20
3.73550878254596
30
0
41
1
10
96.1282405198017
20
3.74443111615184
30
0
0
SPLINE
5
11B
100
AcDbEntity
8
1
62
256
6
ByLayer
370
18
48
1
60
0
100
AcDbSpline
70
4
71
3
72
8
73
4
40
0
40
0
40
0
40
0
40
1
40
1
40
1
40
1
41
1
10
96.1282405198016
20
3.74443111615182
30
0
41
1
10
96.1276573720953
20
3.74443810484658
30
0
41
1
10
96.127074222158
20
3.74444491341706
30
0
41
1
10
96.1264910713604
20
3.74445154184843
30
0
0
SPLINE
5
11C
100
AcDbEntity
8
1
62
256
6
ByLayer
370
18
48
1
60
0
100
AcDbSpline
70
4
71
3
72
17
73
13
40
0
40
0
40
0
40
0
40
0.125
40
0.125
40
0.25
40
0.25
40
0.5
40
0.749999999999999
40
0.749999999999999
40
0.874999999999999
40
0.874999999999999
40
1
40
1
40
1
40
1
41
1
10
94.1133700490297
20
-1.67704790262673
30
0
41
1
10
94.1011570654238
20
-1.70582937465457
30
0
41
1
10
94.0897303759528
20
-1.73497886415538
30
0
41
1
10
94.0684835225748
20
-1.79402529736814
30
0
41
1
10
94.0586555548476
20
-1.82396932779051
30
0
41
1
10
94.0319753820384
20
-1.91375936757245
30
0
41
1
10
94.0035721435013
20
-2.03409376906444
30
0
41
1
10
93.9891353198509
20
-2.15556441167783
30
0
41
1
10
93.9836087141779
20
-2.2470867624109
30
0
41
1
10
93.9826521014014
20
-2.2776643897611
30
0
41
1
10
93.9825471848731
20
-2.33896240481229
30
0
41
1
10
93.9834071934933
20
-2.36972449078124
30
0
41
1
10
93.9851657089794
20
-2.40017809920099
30
0
0
SPLINE
5
11D
100
AcDbEntity
8
1
62
256
6
ByLayer
370
18
48
1
60
0
100
AcDbSpline
70
4
71
3
72
20
73
16
40
0
40
0
40
0
40
0
40
0.25
40
0.25
40
0.375
40
0.375
40
0.5
40
0.5
40
0.75
40
0.75
40
0.875
40
0.875
40
0.9375
40
0.9375
40
1
40
1
40
1
40
1
41
1
10
96.1264910713604
20
3.74445154184843
30
0
41
1
10
95.8652651619973
20
3.74742078758214
30
0
41
1
10
95.6040386623239
20
3.75034276171752
30
0
41
1
10
95.2121998916704
20
3.75480318325586
30
0
41
1
10
95.0815891685328
20
3.75646499283448
30
0
41
1
10
94.8203588591364
20
3.75908326820093
30
0
41
1
10
94.6897393759683
20
3.76004796450778
30
0
41
1
10
94.2978753174548
20
3.76249577925341
30
0
41
1
10
94.0366245250263
20
3.76348430354415
30
0
41
1
10
93.644777480165
20
3.76728535036469
30
0
41
1
10
93.5141663800874
20
3.76891680064196
30
0
41
1
10
93.3182619685018
20
3.77233715551759
30
0
41
1
10
93.2529623173975
20
3.77362194319935
30
0
41
1
10
93.1223687899179
20
3.77665060413358
30
0
41
1
10
93.0570754155432
20
3.77843438603716
30
0
41
1
10
92.9917825031426
20
3.78025475319925
30
0
0
SPLINE
5
11E
100
AcDbEntity
8
1
62
256
6
ByLayer
370
18
48
1
60
0
100
AcDbSpline
70
4
71
3
72
8
73
4
40
0
40
0
40
0
40
0
40
1
40
1
40
1
40
1
41
1
10
96.1264910713604
20
-6.05820964830713
30
0
41
1
10
95.0816166108873
20
-6.04132523704547
30
0
41
1
10
94.0367121773941
20
-6.02486490562532
30
0
41
1
10
92.9917825031428
20
-6.00876169859885
30
0
0
SPLINE
5
11F
100
AcDbEntity
8
1
62
256
6
ByLayer
370
18
48
1
60
0
100
AcDbSpline
70
4
71
3
72
48
73
44
40
0
40
0
40
0
40
0
40
0.125000000000022
40
0.125000000000022
40
0.250000000000044
40
0.250000000000044
40
0.312500000000057
40
0.312500000000057
40
0.343750000000061
40
0.343750000000061
40
0.375000000000065
40
0.375000000000065
40
0.437500000000068
40
0.437500000000068
40
0.500000000000072
40
0.500000000000072
40
0.515625000000073
40
0.515625000000073
40
0.531250000000073
40
0.562500000000075
40
0.562500000000075
40
0.625000000000068
40
0.625000000000068
40
0.656250000000065
40
0.656250000000065
40
0.671875000000064
40
0.671875000000064
40
0.687500000000062
40
0.687500000000062
40
0.750000000000056
40
0.750000000000056
40
0.812500000000051
40
0.812500000000051
40
0.828125000000049
40
0.828125000000049
40
0.843750000000048
40
0.875000000000034
40
0.875000000000034
40
0.937500000000017
40
0.937500000000017
40
0.968750000000008
40
0.968750000000008
40
1
40
1
40
1
40
1
41
1
10
93.9851657089795
20
-2.40017809920113
30
0
41
1
10
93.9934426056996
20
-2.54351568913833
30
0
41
1
10
94.0080604682042
20
-2.6840593094949
30
0
41
1
10
94.0534529286743
20
-2.95915068469495
30
0
41
1
10
94.0841857655044
20
-3.09370441034358
30
0
41
1
10
94.146196545336
20
-3.29054888171282
30
0
41
1
10
94.1695344333259
20
-3.35533030662143
30
0
41
1
10
94.2092539803617
20
-3.45115589717435
30
0
41
1
10
94.2232849677524
20
-3.4828660545945
30
0
41
1
10
94.2527388278374
20
-3.54516951545023
30
0
41
1
10
94.2681939215015
20
-3.57584408399563
30
0
41
1
10
94.316855636583
20
-3.66640588854926
30
0
41
1
10
94.3523511618259
20
-3.724834516215
30
0
41
1
10
94.4301971137726
20
-3.83757231752509
30
0
41
1
10
94.4725423035625
20
-3.89188377109605
30
0
41
1
10
94.5304083821678
20
-3.95697578928875
30
0
41
1
10
94.5422310233829
20
-3.96985395032908
30
0
41
1
10
94.5662335260053
20
-3.99516129458235
30
0
41
1
10
94.6028277555362
20
-4.03251121663951
30
0
41
1
10
94.6412180978561
20
-4.06802308057203
30
0
41
1
10
94.7204790818157
20
-4.13656455307995
30
0
41
1
10
94.776615753948
20
-4.17895927185123
30
0
41
1
10
94.866269999853
20
-4.23732439257648
30
0
41
1
10
94.8970654079386
20
-4.25590601760524
30
0
41
1
10
94.9447170430215
20
-4.28240707314532
30
0
41
1
10
94.9608362730688
20
-4.29100541892694
30
0
41
1
10
94.9932764428092
20
-4.30758597789065
30
0
41
1
10
95.0096327775663
20
-4.31558830499554
30
0
41
1
10
95.0920956818546
20
-4.3541712035065
30
0
41
1
10
95.1602372375771
20
-4.38048585586529
30
0
41
1
10
95.300995700051
20
-4.42397916609499
30
0
41
1
10
95.3736093565066
20
-4.44116421147069
30
0
41
1
10
95.4674209030094
20
-4.45654256616314
30
0
41
1
10
95.4863414025407
20
-4.45930967064717
30
0
41
1
10
95.5240885253432
20
-4.4641683289949
30
0
41
1
10
95.5807185677594
20
-4.47046880449619
30
0
41
1
10
95.6373763453832
20
-4.47385455903461
30
0
41
1
10
95.750728466036
20
-4.47679913822805
30
0
41
1
10
95.826345130597
20
-4.47368313586872
30
0
41
1
10
95.939844407985
20
-4.46120320444629
30
0
41
1
10
95.9777746383794
20
-4.4557136145421
30
0
41
1
10
96.0526837952854
20
-4.44222096925924
30
0
41
1
10
96.0897697184386
20
-4.43421204746471
30
0
41
1
10
96.1264910713603
20
-4.42494454816764
30
0
0
SPLINE
5
120
100
AcDbEntity
8
1
62
256
6
ByLayer
370
18
48
1
60
0
100
AcDbSpline
70
4
71
3
72
14
73
10
40
0
40
0
40
0
40
0
40
0.499999999999922
40
0.499999999999922
40
0.624999999999975
40
0.624999999999975
40
0.750000000000027
40
0.750000000000027
40
1
40
1
40
1
40
1
41
1
10
92.9917825031428
20
-6.00876169859885
30
0
41
1
10
92.9451459124035
20
-6.00804299121194
30
0
41
1
10
92.8997427918957
20
-6.01046049138068
30
0
41
1
10
92.8443567966408
20
-6.01696038744566
30
0
41
1
10
92.833348577492
20
-6.01843575418306
30
0
41
1
10
92.8114678796894
20
-6.02173161991581
30
0
41
1
10
92.8006234260083
20
-6.02354938944973
30
0
41
1
10
92.768773501329
20
-6.02941127311803
30
0
41
1
10
92.7482841653004
20
-6.03388626074789
30
0
41
1
10
92.7284417952136
20
-6.03885439078712
30
0
0
SPLINE
5
121
100
AcDbEntity
8
1
62
256
6
ByLayer
370
18
48
1
60
0
100
AcDbSpline
70
4
71
3
72
10
73
6
40
0
40
0
40
0
40
0
40
0.5
40
0.5
40
1
40
1
40
1
40
1
41
1
10
92.9917825031428
20
3.78025475319925
30
0
41
1
10
92.9298328595576
20
3.78198190998762
30
0
41
1
10
92.8681593057058
20
3.78271331835418
30
0
41
1
10
92.7453361369354
20
3.78178337111979
30
0
41
1
10
92.684188556053
20
3.78016361645376
30
0
41
1
10
92.6233152476497
20
3.7775253444465
30
0
0
SPLINE
5
122
100
AcDbEntity
8
1
62
256
6
ByLayer
370
18
48
1
60
0
100
AcDbSpline
70
4
71
3
72
8
73
4
40
0
40
0
40
0
40
0
40
1
40
1
40
1
40
1
41
1
10
92.6233152476496
20
-5.9895340993063
30
0
41
1
10
92.6592893323207
20
-6.00605271377938
30
0
41
1
10
92.6943417473593
20
-6.02245053816716
30
0
41
1
10
92.7284417952136
20
-6.03885439078712
30
0
0
SPLINE
5
123
100
AcDbEntity
8
1
62
256
6
ByLayer
370
18
48
1
60
0
100
AcDbSpline
70
4
71
3
72
34
73
30
40
0
40
0
40
0
40
0
40
0.125000000000015
40
0.125000000000015
40
0.187500000000031
40
0.187500000000031
40
0.218750000000031
40
0.218750000000031
40
0.250000000000031
40
0.250000000000031
40
0.375000000000033
40
0.375000000000033
40
0.406250000000031
40
0.406250000000031
40
0.437500000000029
40
0.437500000000029
40
0.500000000000024
40
0.500000000000024
40
0.625000000000023
40
0.625000000000023
40
0.656250000000022
40
0.656250000000022
40
0.68750000000002
40
0.750000000000016
40
0.812500000000012
40
0.812500000000012
40
0.875000000000009
40
0.875000000000009
40
1
40
1
40
1
40
1
41
1
10
96.1282405198016
20
-0.513695105037726
30
0
41
1
10
96.2348194867531
20
-0.53413340275219
30
0
41
1
10
96.3376203216901
20
-0.564668396000656
30
0
41
1
10
96.4862743653092
20
-0.625244471063894
30
0
41
1
10
96.5348947879541
20
-0.647915529182058
30
0
41
1
10
96.6063858355767
20
-0.68574642412608
30
0
41
1
10
96.6300401895361
20
-0.699034476570233
30
0
41
1
10
96.6765127250401
20
-0.726710723829683
30
0
41
1
10
96.6993028860384
20
-0.741076855133571
30
0
41
1
10
96.8110658575029
20
-0.815491175373012
30
0
41
1
10
96.8935276929616
20
-0.883229126396657
30
0
41
1
10
96.9880445530949
20
-0.977910698792016
30
0
41
1
10
97.0065166906282
20
-0.997351205323611
30
0
41
1
10
97.0425889066464
20
-1.03724910525887
30
0
41
1
10
97.060218912248
20
-1.05774789037656
30
0
41
1
10
97.1112452173128
20
-1.12011025302129
30
0
41
1
10
97.1429551998915
20
-1.16301505249794
30
0
41
1
10
97.2314923691758
20
-1.29548562823652
30
0
41
1
10
97.2817658037223
20
-1.38878477991167
30
0
41
1
10
97.3340642544563
20
-1.51128044562222
30
0
41
1
10
97.3439597860359
20
-1.53600175373617
30
0
41
1
10
97.3625426540384
20
-1.58557879163516
30
0
41
1
10
97.3886608452678
20
-1.66027965845538
30
0
41
1
10
97.42373144704
20
-1.78636606958145
30
0
41
1
10
97.4432576857434
20
-1.88877761990813
30
0
41
1
10
97.4586820489871
20
-1.99190655854454
30
0
41
1
10
97.4643468793718
20
-2.04398119197614
30
0
41
1
10
97.4752496441144
20
-2.19953838687422
30
0
41
1
10
97.4745311073234
20
-2.30266201016835
30
0
41
1
10
97.4666355350418
20
-2.40519367379656
30
0
0
SPLINE
5
124
100
AcDbEntity
8
1
62
256
6
ByLayer
370
18
48
1
60
0
100
AcDbSpline
70
4
71
3
72
8
73
4
40
0
40
0
40
0
40
0
40
1
40
1
40
1
40
1
41
1
10
96.1264910713639
20
-0.513361072251513
30
0
41
1
10
96.1270742675738
20
-0.513471941166415
30
0
41
1
10
96.1276574170668
20
-0.513583285345419
30
0
41
1
10
96.1282405198016
20
-0.513695105037726
30
0
0
SPLINE
5
125
100
AcDbEntity
8
1
62
256
6
ByLayer
370
18
48
1
60
0
100
AcDbSpline
70
4
71
3
72
34
73
30
40
0
40
0
40
0
40
0
40
0.125000000000009
40
0.125000000000009
40
0.250000000000019
40
0.250000000000019
40
0.375000000000028
40
0.375000000000028
40
0.406250000000027
40
0.406250000000027
40
0.437500000000026
40
0.437500000000026
40
0.500000000000024
40
0.500000000000024
40
0.625000000000007
40
0.625000000000007
40
0.656250000000006
40
0.656250000000006
40
0.687500000000006
40
0.687500000000006
40
0.750000000000004
40
0.750000000000004
40
0.875000000000002
40
0.875000000000002
40
0.906250000000002
40
0.906250000000002
40
0.937500000000001
40
0.937500000000001
40
1
40
1
40
1
40
1
41
1
10
94.1133700490298
20
-1.67704790262675
30
0
41
1
10
94.1534277123714
20
-1.58264684927454
30
0
41
1
10
94.2003029272369
20
-1.4904463303954
30
0
41
1
10
94.3092527762942
20
-1.3111853794743
30
0
41
1
10
94.3698683162468
20
-1.2265533112593
30
0
41
1
10
94.5033997017102
20
-1.06769226040234
30
0
41
1
10
94.5763238929322
20
-0.993431330240924
30
0
41
1
10
94.6757739453163
20
-0.907675293856556
30
0
41
1
10
94.696081137174
20
-0.890879701404572
30
0
41
1
10
94.7375556468394
20
-0.858024355282652
30
0
41
1
10
94.758704902247
20
-0.841983549703343
30
0
41
1
10
94.8227821928813
20
-0.795487060031377
30
0
41
1
10
94.8665527585397
20
-0.766481642857912
30
0
41
1
10
95.0009931550653
20
-0.685405468694967
30
0
41
1
10
95.0947684331107
20
-0.639230985133509
30
0
41
1
10
95.2174029970662
20
-0.591845012242572
30
0
41
1
10
95.2422025296736
20
-0.582887901571127
30
0
41
1
10
95.2923606225573
20
-0.566041182311608
30
0
41
1
10
95.3177904140616
20
-0.558132503117918
30
0
41
1
10
95.3942700983319
20
-0.536244962434324
30
0
41
1
10
95.44554545551
20
-0.524071638032922
30
0
41
1
10
95.6002224866786
20
-0.494678633898303
30
0
41
1
10
95.7044678210771
20
-0.48452523462106
30
0
41
1
10
95.836237143138
20
-0.484089368145448
30
0
41
1
10
95.8626647229388
20
-0.484619833298979
30
0
41
1
10
95.915671157062
20
-0.486948216844041
30
0
41
1
10
95.9422574857327
20
-0.48874990980832
30
0
41
1
10
96.0216239779693
20
-0.496043116465728
30
0
41
1
10
96.0742183654155
20
-0.503423733685793
30
0
41
1
10
96.1264910713637
20
-0.513361072251485
30
0
0
SPLINE
5
126
100
AcDbEntity
8
1
62
256
6
ByLayer
370
18
48
1
60
0
100
AcDbSpline
70
4
71
3
72
38
73
34
40
0
40
0
40
0
40
0
40
0.0624999999999524
40
0.0624999999999524
40
0.0937499999999282
40
0.0937499999999282
40
0.124999999999904
40
0.124999999999904
40
0.187499999999916
40
0.187499999999916
40
0.249999999999928
40
0.249999999999928
40
0.312499999999939
40
0.312499999999939
40
0.374999999999951
40
0.374999999999951
40
0.437499999999963
40
0.437499999999963
40
0.499999999999975
40
0.499999999999975
40
0.625
40
0.625
40
0.750000000000026
40
0.750000000000026
40
0.812500000000019
40
0.812500000000019
40
0.875000000000013
40
0.875000000000013
40
0.90625000000001
40
0.90625000000001
40
0.937500000000006
40
0.937500000000006
40
1
40
1
40
1
40
1
41
1
10
94.0540841869022
20
5.3396465211834
30
0
41
1
10
94.0656089038248
20
5.33247108190037
30
0
41
1
10
94.0779817868642
20
5.32735555900342
30
0
41
1
10
94.0974033676783
20
5.3217384849921
30
0
41
1
10
94.1040262129087
20
5.32022350706384
30
0
41
1
10
94.1173381426007
20
5.31784355177194
30
0
41
1
10
94.1240534691212
20
5.31697082035075
30
0
41
1
10
94.1443588981322
20
5.31517966218647
30
0
41
1
10
94.1579622326392
20
5.31509135732875
30
0
41
1
10
94.1852208744888
20
5.31665908313371
30
0
41
1
10
94.1988344552202
20
5.31832091716797
30
0
41
1
10
94.2258330387454
20
5.3231012781163
30
0
41
1
10
94.2392900549715
20
5.32623676012059
30
0
41
1
10
94.2658262993013
20
5.33377283013203
30
0
41
1
10
94.2789200727297
20
5.33817307413835
30
0
41
1
10
94.3047884403011
20
5.34815497983737
30
0
41
1
10
94.3175516397914
20
5.35373693970931
30
0
41
1
10
94.342517739744
20
5.36593135661502
30
0
41
1
10
94.354753710592
20
5.37255617872339
30
0
41
1
10
94.390723069058
20
5.39400826312024
30
0
41
1
10
94.413406228514
20
5.41020077536646
30
0
41
1
10
94.4557976534784
20
5.44638309011154
30
0
41
1
10
94.4753743267916
20
5.46626692063032
30
0
41
1
10
94.5012127961212
20
5.49867406493652
30
0
41
1
10
94.5092577062082
20
5.50994652509388
30
0
41
1
10
94.5237745307985
20
5.53326597388562
30
0
41
1
10
94.5302977491575
20
5.54538574928426
30
0
41
1
10
94.5385414321126
20
5.56418011018846
30
0
41
1
10
94.5410265200623
20
5.57053520971178
30
0
41
1
10
94.5453896039623
20
5.58345717898769
30
0
41
1
10
94.5472718363848
20
5.59004812986413
30
0
41
1
10
94.5517572904614
20
5.60989743206142
30
0
41
1
10
94.5532794749743
20
5.62328845872418
30
0
41
1
10
94.5525866623908
20
5.63693101346581
30
0
0
SPLINE
5
127
100
AcDbEntity
8
1
62
256
6
ByLayer
370
18
48
1
60
0
100
AcDbSpline
70
4
71
3
72
8
73
4
40
0
40
0
40
0
40
0
40
1
40
1
40
1
40
1
41
1
10
94.5525866623908
20
5.63693101346581
30
0
41
1
10
94.5522104774387
20
5.64433867886342
30
0
41
1
10
94.5518340136082
20
5.65174580348406
30
0
41
1
10
94.5514572849241
20
5.65915241248715
30
0
0
SPLINE
5
128
100
AcDbEntity
8
1
62
256
6
ByLayer
370
18
48
1
60
0
100
AcDbSpline
70
4
71
3
72
30
73
26
40
0
40
0
40
0
40
0
40
0.249999999999934
40
0.249999999999934
40
0.374999999999951
40
0.374999999999951
40
0.499999999999967
40
0.499999999999967
40
0.624999999999984
40
0.624999999999984
40
0.687499999999992
40
0.687499999999992
40
0.75
40
0.75
40
0.781250000000007
40
0.781250000000007
40
0.812500000000014
40
0.812500000000014
40
0.875000000000021
40
0.875000000000021
40
0.906250000000016
40
0.906250000000016
40
0.937500000000011
40
0.937500000000011
40
1
40
1
40
1
40
1
41
1
10
94.8374712853048
20
5.85435153845452
30
0
41
1
10
94.8043309051755
20
5.85318843843513
30
0
41
1
10
94.7713176937703
20
5.84927607196562
30
0
41
1
10
94.722724463045
20
5.83877042897612
30
0
41
1
10
94.7067135546214
20
5.83449150872394
30
0
41
1
10
94.675275996629
20
5.824112811578
30
0
41
1
10
94.6598516520407
20
5.818017814879
30
0
41
1
10
94.6300937676404
20
5.80357140496642
30
0
41
1
10
94.6158266696626
20
5.7952614467568
30
0
41
1
10
94.5960914191994
20
5.78067638616344
30
0
41
1
10
94.5897797492771
20
5.77545076138267
30
0
41
1
10
94.5778541908832
20
5.76405575828034
30
0
41
1
10
94.5723002364293
20
5.75793230287698
30
0
41
1
10
94.5649189756458
20
5.74814086984986
30
0
41
1
10
94.5626094249243
20
5.74476778454456
30
0
41
1
10
94.5583357528368
20
5.73777251413748
30
0
41
1
10
94.5563640370119
20
5.73413045246014
30
0
41
1
10
94.5511606116158
20
5.72301553260596
30
0
41
1
10
94.5485975410345
20
5.71531177564358
30
0
41
1
10
94.5463503454873
20
5.70324417025122
30
0
41
1
10
94.545877999458
20
5.69915581953751
30
0
41
1
10
94.5455098951037
20
5.69105921644981
30
0
41
1
10
94.5456078379625
20
5.68702121982562
30
0
41
1
10
94.5467299571236
20
5.67493824774945
30
0
41
1
10
94.5486154864199
20
5.6668731521533
30
0
41
1
10
94.5514572849241
20
5.65915241248715
30
0
0
SPLINE
5
129
100
AcDbEntity
8
1
62
256
6
ByLayer
370
18
48
1
60
0
100
AcDbSpline
70
4
71
3
72
8
73
4
40
0
40
0
40
0
40
0
40
1
40
1
40
1
40
1
41
1
10
94.0353031413474
20
5.35134125796429
30
0
41
1
10
94.0415628121327
20
5.34744297147043
30
0
41
1
10
94.0478231495176
20
5.34354472483594
30
0
41
1
10
94.0540841869022
20
5.3396465211834
30
0
0
SPLINE
5
12A
100
AcDbEntity
8
1
62
256
6
ByLayer
370
18
48
1
60
0
100
AcDbSpline
70
4
71
3
72
28
73
24
40
0
40
0
40
0
40
0
40
0.249999999999998
40
0.249999999999998
40
0.37500000000003
40
0.37500000000003
40
0.500000000000062
40
0.500000000000062
40
0.625000000000094
40
0.625000000000094
40
0.68750000000011
40
0.68750000000011
40
0.750000000000126
40
0.750000000000126
40
0.812500000000143
40
0.812500000000143
40
0.843750000000151
40
0.843750000000151
40
0.875000000000159
40
0.875000000000159
40
0.937500000000079
40
0.937500000000079
40
1
40
1
40
1
40
1
41
1
10
93.7306717679618
20
5.19430600457983
30
0
41
1
10
93.7472498304948
20
5.22280158825942
30
0
41
1
10
93.7662013867045
20
5.24989424756922
30
0
41
1
10
93.7982225756178
20
5.28745546972331
30
0
41
1
10
93.8095131480112
20
5.29946525355419
30
0
41
1
10
93.8333685742178
20
5.32205267361874
30
0
41
1
10
93.845978402164
20
5.33267571877317
30
0
41
1
10
93.8725569764974
20
5.35181067365298
30
0
41
1
10
93.8866580543372
20
5.36041497375589
30
0
41
1
10
93.9087307264274
20
5.37072740499198
30
0
41
1
10
93.9162524380127
20
5.37373933854383
30
0
41
1
10
93.9317056873183
20
5.37868295014002
30
0
41
1
10
93.9397125429708
20
5.38062410885033
30
0
41
1
10
93.9557603237124
20
5.38297096926647
30
0
41
1
10
93.9638163063019
20
5.38339715179839
30
0
41
1
10
93.975954312411
20
5.38261142025661
30
0
41
1
10
93.9800255508431
20
5.38210381838425
30
0
41
1
10
93.9879679437826
20
5.38058567139936
30
0
41
1
10
93.9918634073698
20
5.37957558381038
30
0
41
1
10
94.003310344544
20
5.37575691146137
30
0
41
1
10
94.0107099910737
20
5.37207687872993
30
0
41
1
10
94.0239765303088
20
5.36297701358274
30
0
41
1
10
94.0299439783029
20
5.35755640556678
30
0
41
1
10
94.0353031413474
20
5.35134125796429
30
0
0
SPLINE
5
12B
100
AcDbEntity
8
1
62
256
6
ByLayer
370
18
48
1
60
0
100
AcDbSpline
70
4
71
3
72
38
73
34
40
0
40
0
40
0
40
0
40
0.0625000000000004
40
0.0625000000000004
40
0.0937500000000091
40
0.0937500000000091
40
0.125000000000018
40
0.125000000000018
40
0.187500000000001
40
0.187500000000001
40
0.249999999999985
40
0.249999999999985
40
0.312499999999968
40
0.312499999999968
40
0.374999999999952
40
0.374999999999952
40
0.437499999999935
40
0.437499999999935
40
0.499999999999919
40
0.499999999999919
40
0.624999999999939
40
0.624999999999939
40
0.749999999999959
40
0.749999999999959
40
0.812499999999969
40
0.812499999999969
40
0.874999999999979
40
0.874999999999979
40
0.906249999999984
40
0.906249999999984
40
0.937499999999989
40
0.937499999999989
40
1
40
1
40
1
40
1
41
1
10
95.1451091522652
20
5.65772627642852
30
0
41
1
10
95.1461938046878
20
5.64410472163689
30
0
41
1
10
95.1493745729961
20
5.63086874407841
30
0
41
1
10
95.1562300575649
20
5.6113871940963
30
0
41
1
10
95.1588770217166
20
5.60495881595949
30
0
41
1
10
95.164707277099
20
5.59239489761049
30
0
41
1
10
95.1678997134609
20
5.58623294568346
30
0
41
1
10
95.1781969047258
20
5.56805621718121
30
0
41
1
10
95.1859396742073
20
5.55647619739358
30
0
41
1
10
95.2027521264905
20
5.53421047872888
30
0
41
1
10
95.2118023291194
20
5.52356326936359
30
0
41
1
10
95.230830374184
20
5.50324738096603
30
0
41
1
10
95.2408621232069
20
5.49352677387597
30
0
41
1
10
95.2616078936648
20
5.47508830455936
30
0
41
1
10
95.2723301468043
20
5.4663579198772
30
0
41
1
10
95.2944162833764
20
5.44980573549728
30
0
41
1
10
95.3057737531553
20
5.44199376057327
30
0
41
1
10
95.3288746769236
20
5.4274018490226
30
0
41
1
10
95.3406461181202
20
5.42060053682667
30
0
41
1
10
95.376616565086
20
5.40167564968453
30
0
41
1
10
95.4011383982847
20
5.3911809468606
30
0
41
1
10
95.4511028402513
20
5.3747652352165
30
0
41
1
10
95.4763937724542
20
5.36889865696713
30
0
41
1
10
95.5142006307584
20
5.36447830422952
30
0
41
1
10
95.5268218878242
20
5.36373940564803
30
0
41
1
10
95.5517667032278
20
5.36401048293851
30
0
41
1
10
95.5641712737946
20
5.36501623761171
30
0
41
1
10
95.5824073743575
20
5.36815950873677
30
0
41
1
10
95.5884122418052
20
5.36947820154552
30
0
41
1
10
95.6002581201458
20
5.37274295201934
30
0
41
1
10
95.6061191573652
20
5.37469838698203
30
0
41
1
10
95.6231526644797
20
5.38158755467157
30
0
41
1
10
95.6338588362767
20
5.38750660747087
30
0
41
1
10
95.6436116277539
20
5.39543282749889
30
0
0
SPLINE
5
12C
100
AcDbEntity
8
1
62
256
6
ByLayer
370
18
48
1
60
0
100
AcDbSpline
70
4
71
3
72
8
73
4
40
0
40
0
40
0
40
0
40
1
40
1
40
1
40
1
41
1
10
95.6436116277539
20
5.39543282749889
30
0
41
1
10
95.6489072206486
20
5.39973662447443
30
0
41
1
10
95.6542015912293
20
5.40404039696611
30
0
41
1
10
95.6594947992285
20
5.40834414511991
30
0
0
SPLINE
5
12D
100
AcDbEntity
8
1
62
256
6
ByLayer
370
18
48
1
60
0
100
AcDbSpline
70
4
71
3
72
28
73
24
40
0
40
0
40
0
40
0
40
0.249999999999925
40
0.249999999999925
40
0.374999999999938
40
0.374999999999938
40
0.499999999999951
40
0.499999999999951
40
0.624999999999964
40
0.624999999999964
40
0.687499999999971
40
0.687499999999971
40
0.749999999999978
40
0.749999999999978
40
0.812499999999984
40
0.812499999999984
40
0.843749999999985
40
0.843749999999985
40
0.874999999999986
40
0.874999999999986
40
0.937499999999993
40
0.937499999999993
40
1
40
1
40
1
40
1
41
1
10
94.8374712853048
20
5.85435153845452
30
0
41
1
10
94.8706274103711
20
5.85551519106073
30
0
41
1
10
94.9038820025636
20
5.85392198130984
30
0
41
1
10
94.9531526744462
20
5.84684721023257
30
0
41
1
10
94.9694869720357
20
5.84369420954979
30
0
41
1
10
95.0016760409467
20
5.83554411000571
30
0
41
1
10
95.0175934767049
20
5.83053317138666
30
0
41
1
10
95.0484661716888
20
5.81823137249651
30
0
41
1
10
95.0635721355813
20
5.81087775296493
30
0
41
1
10
95.0846645903534
20
5.79767856099707
30
0
41
1
10
95.0914461872624
20
5.79291196793602
30
0
41
1
10
95.1043816909344
20
5.78245292124387
30
0
41
1
10
95.1105869165915
20
5.77670166836106
30
0
41
1
10
95.1217973597142
20
5.76434780253857
30
0
41
1
10
95.1268276409259
20
5.75774338799323
30
0
41
1
10
95.1332813088827
20
5.74702723417752
30
0
41
1
10
95.135253602782
20
5.74330210348498
30
0
41
1
10
95.1386865597174
20
5.73575194054158
30
0
41
1
10
95.1401617481131
20
5.73190653535735
30
0
41
1
10
95.1438302903413
20
5.72015070366649
30
0
41
1
10
95.145252755943
20
5.71190181233157
30
0
41
1
10
95.1458494156741
20
5.69577091027065
30
0
41
1
10
95.1450814378034
20
5.68780320328057
30
0
41
1
10
95.1433406556518
20
5.67992524482327
30
0
0
SPLINE
5
12E
100
AcDbEntity
8
1
62
256
6
ByLayer
370
18
48
1
60
0
100
AcDbSpline
70
4
71
3
72
8
73
4
40
0
40
0
40
0
40
0
40
1
40
1
40
1
40
1
41
1
10
95.1433406556518
20
5.67992524482327
30
0
41
1
10
95.1439303897537
20
5.672526111492
30
0
41
1
10
95.1445198927275
20
5.66512646372678
30
0
41
1
10
95.1451091522652
20
5.65772627642852
30
0
0
SPLINE
5
12F
100
AcDbEntity
8
1
62
256
6
ByLayer
370
18
48
1
60
0
100
AcDbSpline
70
4
71
3
72
30
73
26
40
0
40
0
40
0
40
0
40
0.249999999999893
40
0.249999999999893
40
0.37499999999984
40
0.37499999999984
40
0.499999999999787
40
0.499999999999787
40
0.624999999999733
40
0.624999999999733
40
0.687499999999752
40
0.687499999999752
40
0.74999999999977
40
0.74999999999977
40
0.781249999999824
40
0.781249999999824
40
0.812499999999879
40
0.812499999999879
40
0.874999999999899
40
0.874999999999899
40
0.906249999999908
40
0.906249999999908
40
0.937499999999916
40
0.937499999999916
40
1
40
1
40
1
40
1
41
1
10
95.9442708026478
20
5.2719948261975
30
0
41
1
10
95.9277006125832
20
5.2993137780843
30
0
41
1
10
95.9089759880992
20
5.32505424848557
30
0
41
1
10
95.8776389518816
20
5.36040002787948
30
0
41
1
10
95.8666643615842
20
5.37160819777878
30
0
41
1
10
95.8435671876933
20
5.39255555384997
30
0
41
1
10
95.8314490358328
20
5.40229537774576
30
0
41
1
10
95.8060003223704
20
5.41964371587568
30
0
41
1
10
95.7927330149528
20
5.42721846330343
30
0
41
1
10
95.772042626284
20
5.43603584480351
30
0
41
1
10
95.7650011231534
20
5.43855428415387
30
0
41
1
10
95.7505548862474
20
5.44249472058769
30
0
41
1
10
95.7432142481959
20
5.44389081452314
30
0
41
1
10
95.732225767891
20
5.44485697939433
30
0
41
1
10
95.7285568711076
20
5.44499286522208
30
0
41
1
10
95.7212073617821
20
5.4448389119799
30
0
41
1
10
95.7175081570088
20
5.44454479360576
30
0
41
1
10
95.7066298411615
20
5.44295975187919
30
0
41
1
10
95.6996169969675
20
5.44097984530765
30
0
41
1
10
95.6895322802423
20
5.43638494991112
30
0
41
1
10
95.6862629360864
20
5.434584120734
30
0
41
1
10
95.6800782916192
20
5.43053839603036
30
0
41
1
10
95.6771377459962
20
5.42828281707344
30
0
41
1
10
95.6687634331745
20
5.42083289242717
30
0
41
1
10
95.6637562268153
20
5.4148998974353
30
0
41
1
10
95.6594947992285
20
5.40834414511991
30
0
0
SPLINE
5
130
100
AcDbEntity
8
1
62
256
6
ByLayer
370
18
48
1
60
0
100
AcDbSpline
70
4
71
3
72
38
73
34
40
0
40
0
40
0
40
0
40
0.0625000000000618
40
0.0625000000000618
40
0.0937500000000733
40
0.0937500000000733
40
0.125000000000085
40
0.125000000000085
40
0.187500000000075
40
0.187500000000075
40
0.250000000000065
40
0.250000000000065
40
0.312500000000055
40
0.312500000000055
40
0.375000000000046
40
0.375000000000046
40
0.437500000000036
40
0.437500000000036
40
0.500000000000026
40
0.500000000000026
40
0.625000000000006
40
0.625000000000006
40
0.749999999999987
40
0.749999999999987
40
0.812499999999979
40
0.812499999999979
40
0.874999999999971
40
0.874999999999971
40
0.906249999999969
40
0.906249999999969
40
0.937499999999966
40
0.937499999999966
40
1
40
1
40
1
40
1
41
1
10
93.757822941965
20
4.27083313226737
30
0
41
1
10
93.7691515552602
20
4.27548003446825
30
0
41
1
10
93.779173749516
20
4.28191966964636
30
0
41
1
10
93.7929200350465
20
4.29339439248369
30
0
41
1
10
93.7972780047595
20
4.29753410535051
30
0
41
1
10
93.8054922620173
20
4.30623466873769
30
0
41
1
10
93.8093672533738
20
4.31081092315284
30
0
41
1
10
93.8203925569254
20
4.32513704741234
30
0
41
1
10
93.8268719629347
20
4.33537567760516
30
0
41
1
10
93.8384481765472
20
4.35692094801729
30
0
41
1
10
93.843520557365
20
4.36819931705941
30
0
41
1
10
93.8523965091742
20
4.39146220423694
30
0
41
1
10
93.8562203482856
20
4.40351122917787
30
0
41
1
10
93.8626933391473
20
4.42810374687969
30
0
41
1
10
93.8653495412015
20
4.44065792639267
30
0
41
1
10
93.8695892667633
20
4.46626564044189
30
0
41
1
10
93.871167236194
20
4.47931080880372
30
0
41
1
10
93.8732615212532
20
4.50563321705772
30
0
41
1
10
93.873783549784
20
4.51894292247314
30
0
41
1
10
93.8737823268946
20
4.55932016613619
30
0
41
1
10
93.8717142391224
20
4.58647191931297
30
0
41
1
10
93.863225197259
20
4.64092479501278
30
0
41
1
10
93.8568262164264
20
4.66806169019384
30
0
41
1
10
93.8434983547269
20
4.70764196956239
30
0
41
1
10
93.8384116373635
20
4.72068677203845
30
0
41
1
10
93.826855686154
20
4.74601913893363
30
0
41
1
10
93.820353370244
20
4.75839054266638
30
0
41
1
10
93.809345583474
20
4.77609764300902
30
0
41
1
10
93.8054740286509
20
4.78184635595775
30
0
41
1
10
93.7972585855809
20
4.7929871074266
30
0
41
1
10
93.7928974462319
20
4.7983968086387
30
0
41
1
10
93.7791709588422
20
4.81374314273339
30
0
41
1
10
93.7691575662903
20
4.82289457078474
30
0
41
1
10
93.757822941965
20
4.83041107347941
30
0
0
SPLINE
5
131
100
AcDbEntity
8
1
62
256
6
ByLayer
370
18
48
1
60
0
100
AcDbSpline
70
4
71
3
72
8
73
4
40
0
40
0
40
0
40
0
40
1
40
1
40
1
40
1
41
1
10
93.757822941965
20
4.83041107347941
30
0
41
1
10
93.7516684418733
20
4.83449240120555
30
0
41
1
10
93.7455146240599
20
4.83857374145308
30
0
41
1
10
93.7393614559836
20
4.84265509257509
30
0
0
SPLINE
5
132
100
AcDbEntity
8
1
62
256
6
ByLayer
370
18
48
1
60
0
100
AcDbSpline
70
4
71
3
72
30
73
26
40
0
40
0
40
0
40
0
40
0.249999999999944
40
0.249999999999944
40
0.374999999999917
40
0.374999999999917
40
0.499999999999889
40
0.499999999999889
40
0.624999999999861
40
0.624999999999861
40
0.687499999999843
40
0.687499999999843
40
0.749999999999826
40
0.749999999999826
40
0.781249999999817
40
0.781249999999817
40
0.812499999999809
40
0.812499999999809
40
0.874999999999797
40
0.874999999999797
40
0.906249999999826
40
0.906249999999826
40
0.937499999999855
40
0.937499999999855
40
1
40
1
40
1
40
1
41
1
10
93.7306717679618
20
5.19430600457983
30
0
41
1
10
93.7141015778971
20
5.16582395267363
30
0
41
1
10
93.6999136926908
20
5.13596720593702
30
0
41
1
10
93.6829997817427
20
5.08942269709794
30
0
41
1
10
93.6781099934404
20
5.07363890021429
30
0
41
1
10
93.6701484291488
20
5.04154577866427
30
0
41
1
10
93.6670741379309
20
5.02524138308934
30
0
41
1
10
93.66335143083
20
4.99225911046102
30
0
41
1
10
93.6627041385884
20
4.97566063460744
30
0
41
1
10
93.6643244888601
20
4.95091121144984
30
0
41
1
10
93.6652993878573
20
4.94267091612576
30
0
41
1
10
93.6683746230705
20
4.926212560435
30
0
41
1
10
93.6704686957651
20
4.91807058207806
30
0
41
1
10
93.6745872800125
20
4.9062775270109
30
0
41
1
10
93.6761258854484
20
4.90240557541682
30
0
41
1
10
93.6795809173277
20
4.89479643092668
30
0
41
1
10
93.6815094869477
20
4.89104132144178
30
0
41
1
10
93.6878106693821
20
4.88024327112504
30
0
41
1
10
93.6927107276534
20
4.87360764396468
30
0
41
1
10
93.7012844338784
20
4.86464424044647
30
0
41
1
10
93.7043358852891
20
4.86184147907463
30
0
41
1
10
93.7106666512808
20
4.85674935000273
30
0
41
1
10
93.7139667130816
20
4.85443727521468
30
0
41
1
10
93.7242613302904
20
4.8481879907379
30
0
41
1
10
93.7317081239252
20
4.84493398383569
30
0
41
1
10
93.7393614559836
20
4.84265509257509
30
0
0
SPLINE
5
133
100
AcDbEntity
8
1
62
256
6
ByLayer
370
18
48
1
60
0
100
AcDbSpline
70
4
71
3
72
8
73
4
40
0
40
0
40
0
40
0
40
1
40
1
40
1
40
1
41
1
10
93.7393614559836
20
4.26326283834891
30
0
41
1
10
93.7455146240599
20
4.26578519491355
30
0
41
1
10
93.7516684418733
20
4.26830860792569
30
0
41
1
10
93.757822941965
20
4.27083313226737
30
0
0
SPLINE
5
134
100
AcDbEntity
8
1
62
256
6
ByLayer
370
18
48
1
60
0
100
AcDbSpline
70
4
71
3
72
28
73
24
40
0
40
0
40
0
40
0
40
0.250000000000026
40
0.250000000000026
40
0.375000000000021
40
0.375000000000021
40
0.500000000000017
40
0.500000000000017
40
0.625000000000013
40
0.625000000000013
40
0.68750000000001
40
0.68750000000001
40
0.750000000000008
40
0.750000000000008
40
0.812500000000006
40
0.812500000000006
40
0.843750000000028
40
0.843750000000028
40
0.875000000000051
40
0.875000000000051
40
0.937500000000026
40
0.937500000000026
40
1
40
1
40
1
40
1
41
1
10
93.7306717679618
20
3.95190375844805
30
0
41
1
10
93.7140937054286
20
3.97923568952143
30
0
41
1
10
93.6998916182183
20
4.00771714845177
30
0
41
1
10
93.6829845794585
20
4.05165972992867
30
0
41
1
10
93.6780877609056
20
4.06652504469332
30
0
41
1
10
93.6701331548635
20
4.09649505686647
30
0
41
1
10
93.6670581613122
20
4.11165802241851
30
0
41
1
10
93.663349846537
20
4.14190858390228
30
0
41
1
10
93.6627008799711
20
4.15714580583247
30
0
41
1
10
93.6643488746026
20
4.17930525362925
30
0
41
1
10
93.6653342489113
20
4.18658715653771
30
0
41
1
10
93.6684035637492
20
4.20087294802244
30
0
41
1
10
93.6705147446079
20
4.20793855325954
30
0
41
1
10
93.676036229494
20
4.22125395674013
30
0
41
1
10
93.6794364246454
20
4.22752624523062
30
0
41
1
10
93.6857477634318
20
4.23618706037584
30
0
41
1
10
93.6880677490896
20
4.23895700529792
30
0
41
1
10
93.6930322020999
20
4.24406766200482
30
0
41
1
10
93.6956876193819
20
4.24642684280198
30
0
41
1
10
93.7041960965724
20
4.25288566612323
30
0
41
1
10
93.7107010256915
20
4.25638589284759
30
0
41
1
10
93.7244350054199
20
4.26126224417206
30
0
41
1
10
93.7317116589074
20
4.26271341690509
30
0
41
1
10
93.7393614559836
20
4.26326283834888
30
0
0
SPLINE
5
135
100
AcDbEntity
8
1
62
256
6
ByLayer
370
18
48
1
60
0
100
AcDbSpline
70
4
71
3
72
38
73
34
40
0
40
0
40
0
40
0
40
0.0625000000000365
40
0.0625000000000365
40
0.0937500000000362
40
0.0937500000000362
40
0.125000000000036
40
0.125000000000036
40
0.187500000000032
40
0.187500000000032
40
0.250000000000028
40
0.250000000000028
40
0.312500000000024
40
0.312500000000024
40
0.37500000000002
40
0.37500000000002
40
0.437500000000016
40
0.437500000000016
40
0.500000000000012
40
0.500000000000012
40
0.625000000000008
40
0.625000000000008
40
0.750000000000004
40
0.750000000000004
40
0.812500000000004
40
0.812500000000004
40
0.875000000000003
40
0.875000000000003
40
0.906250000000003
40
0.906250000000003
40
0.937500000000002
40
0.937500000000002
40
1
40
1
40
1
40
1
41
1
10
95.9398728726911
20
4.90699264275761
30
0
41
1
10
95.9303213569863
20
4.89874731394127
30
0
41
1
10
95.9219593217797
20
4.88894603979634
30
0
41
1
10
95.9105734148197
20
4.87269181069212
30
0
41
1
10
95.9069796223751
20
4.86700472314177
30
0
41
1
10
95.9002305310139
20
4.85533736041481
30
0
41
1
10
95.8970597420532
20
4.8493351738183
30
0
41
1
10
95.8880685701125
20
4.83089015740183
30
0
41
1
10
95.8828268460708
20
4.81814535773481
30
0
41
1
10
95.8735106805508
20
4.79202373920762
30
0
41
1
10
95.8694563051632
20
4.77868402145066
30
0
41
1
10
95.8623911800514
20
4.75175440993644
30
0
41
1
10
95.8593644847562
20
4.73809125668868
30
0
41
1
10
95.8542565278744
20
4.71073469573435
30
0
41
1
10
95.8521696893506
20
4.69702761787045
30
0
41
1
10
95.848844952914
20
4.6695671517617
30
0
41
1
10
95.8476114629216
20
4.65582445053158
30
0
41
1
10
95.8459753956125
20
4.62857420187291
30
0
41
1
10
95.8455683648404
20
4.61503163867971
30
0
41
1
10
95.8455693189507
20
4.57465493926475
30
0
41
1
10
95.8471785786638
20
4.54843226230122
30
0
41
1
10
95.8538355708049
20
4.49768908522273
30
0
41
1
10
95.8588651077517
20
4.4733251628675
30
0
41
1
10
95.8694740240012
20
4.43925044814841
30
0
41
1
10
95.8735400005956
20
4.42827253314675
30
0
41
1
10
95.8828400310124
20
4.40750815703942
30
0
41
1
10
95.8881004195183
20
4.39765151932127
30
0
41
1
10
95.8970774679637
20
4.38405644010564
30
0
41
1
10
95.9002454721366
20
4.37973233962524
30
0
41
1
10
95.9069956179478
20
4.3715586534899
30
0
41
1
10
95.9105920881927
20
4.36769732287448
30
0
41
1
10
95.9219617068786
20
4.35712338795369
30
0
41
1
10
95.930316288895
20
4.3513308682781
30
0
41
1
10
95.9398728726911
20
4.34741470154557
30
0
0
SPLINE
5
136
100
AcDbEntity
8
1
62
256
6
ByLayer
370
18
48
1
60
0
100
AcDbSpline
70
4
71
3
72
8
73
4
40
0
40
0
40
0
40
0
40
1
40
1
40
1
40
1
41
1
10
95.9398728726911
20
4.34741470154557
30
0
41
1
10
95.9450619282929
20
4.34528829242754
30
0
41
1
10
95.950249779302
20
4.34316292841714
30
0
41
1
10
95.9554364845924
20
4.34103855784062
30
0
0
SPLINE
5
137
100
AcDbEntity
8
1
62
256
6
ByLayer
370
18
48
1
60
0
100
AcDbSpline
70
4
71
3
72
28
73
24
40
0
40
0
40
0
40
0
40
0.250000000000031
40
0.250000000000031
40
0.375000000000029
40
0.375000000000029
40
0.500000000000026
40
0.500000000000026
40
0.625000000000024
40
0.625000000000024
40
0.687500000000019
40
0.687500000000019
40
0.750000000000013
40
0.750000000000013
40
0.812500000000008
40
0.812500000000008
40
0.843750000000008
40
0.843750000000008
40
0.875000000000009
40
0.875000000000009
40
0.937500000000004
40
0.937500000000004
40
1
40
1
40
1
40
1
41
1
10
95.9442708026478
20
5.2719948261975
30
0
41
1
10
95.9608488651809
20
5.24466289512412
30
0
41
1
10
95.9752528499365
20
5.21577261593305
30
0
41
1
10
95.9928447771155
20
5.17044321094718
30
0
41
1
10
95.9980354089545
20
5.15498295668456
30
0
41
1
10
96.0067480883214
20
5.12347792964044
30
0
41
1
10
96.0102883103938
20
5.10737292764551
30
0
41
1
10
96.0151682369199
20
5.07474998158935
30
0
41
1
10
96.0165290424591
20
5.05807136425057
30
0
41
1
10
96.0162166024545
20
5.03320756563943
30
0
41
1
10
96.0157217474105
20
5.0249324153221
30
0
41
1
10
96.0137555709815
20
5.00841289023018
30
0
41
1
10
96.0122634918493
20
5.00009367228103
30
0
41
1
10
96.0081103014976
20
4.98400762328436
30
0
41
1
10
96.0054590938936
20
4.97621871762027
30
0
41
1
10
96.0004017563752
20
4.9650186882177
30
0
41
1
10
95.9985238529672
20
4.96135357549943
30
0
41
1
10
95.9944694339694
20
4.95440020028929
30
0
41
1
10
95.9922843008683
20
4.95108874589596
30
0
41
1
10
95.9852359881669
20
4.94167325053348
30
0
41
1
10
95.9797865554302
20
4.93603576005086
30
0
41
1
10
95.9681807761506
20
4.92685003754784
30
0
41
1
10
95.9619865779085
20
4.92320701233263
30
0
41
1
10
95.9554364845924
20
4.92043081206683
30
0
0
SPLINE
5
138
100
AcDbEntity
8
1
62
256
6
ByLayer
370
18
48
1
60
0
100
AcDbSpline
70
4
71
3
72
8
73
4
40
0
40
0
40
0
40
0
40
1
40
1
40
1
40
1
41
1
10
95.9554364845924
20
4.92043081206683
30
0
41
1
10
95.950249779302
20
4.91595147495664
30
0
41
1
10
95.9450619282929
20
4.9114720857074
30
0
41
1
10
95.9398728726911
20
4.90699264275761
30
0
0
SPLINE
5
139
100
AcDbEntity
8
1
62
256
6
ByLayer
370
18
48
1
60
0
100
AcDbSpline
70
4
71
3
72
30
73
26
40
0
40
0
40
0
40
0
40
0.249999999999966
40
0.249999999999966
40
0.374999999999948
40
0.374999999999948
40
0.499999999999931
40
0.499999999999931
40
0.624999999999914
40
0.624999999999914
40
0.687499999999905
40
0.687499999999905
40
0.749999999999896
40
0.749999999999896
40
0.781249999999908
40
0.781249999999908
40
0.812499999999919
40
0.812499999999919
40
0.874999999999982
40
0.874999999999982
40
0.906249999999987
40
0.906249999999987
40
0.937499999999991
40
0.937499999999991
40
1
40
1
40
1
40
1
41
1
10
95.9442708026478
20
4.02959258006572
30
0
41
1
10
95.9608409927125
20
4.05807463197195
30
0
41
1
10
95.9752302813487
20
4.0875235589769
30
0
41
1
10
95.9928287594157
20
4.13268189490466
30
0
41
1
10
95.9980116073661
20
4.14787227832392
30
0
41
1
10
96.0067308112773
20
4.17843126320821
30
0
41
1
10
96.0102689055152
20
4.19379650882283
30
0
41
1
10
96.01516454029
20
4.22440373227954
30
0
41
1
10
96.0165168291689
20
4.23957466770068
30
0
41
1
10
96.0162269030294
20
4.26163012873002
30
0
41
1
10
96.0157421356099
20
4.26887796166815
30
0
41
1
10
96.0137760137989
20
4.28309048504968
30
0
41
1
10
96.0122967192985
20
4.28998760537036
30
0
41
1
10
96.0092008645028
20
4.29970974609984
30
0
41
1
10
96.0080207778151
20
4.30285573677185
30
0
41
1
10
96.0053241352183
20
4.30892922661155
30
0
41
1
10
96.0037977269414
20
4.31187000373302
30
0
41
1
10
95.9987491284735
20
4.3201317096715
30
0
41
1
10
95.9947496395196
20
4.32494378329278
30
0
41
1
10
95.9876483033885
20
4.33092579976625
30
0
41
1
10
95.9851057585459
20
4.33269808146761
30
0
41
1
10
95.9798034443117
20
4.33570770916378
30
0
41
1
10
95.977026529149
20
4.33696046971028
30
0
41
1
10
95.9683282823924
20
4.33997728009331
30
0
41
1
10
95.961989604716
20
4.34098747439973
30
0
41
1
10
95.9554364845924
20
4.34103855784062
30
0
0
SPLINE
5
13A
100
AcDbEntity
8
1
62
256
6
ByLayer
370
18
48
1
60
0
100
AcDbSpline
70
4
71
3
72
8
73
4
40
0
40
0
40
0
40
0
40
1
40
1
40
1
40
1
41
1
10
94.0540841869022
20
3.78239294752609
30
0
41
1
10
94.0478231495176
20
3.78004406915866
30
0
41
1
10
94.0415628121327
20
3.77769627290411
30
0
41
1
10
94.0353031413474
20
3.77534950529579
30
0
0
SPLINE
5
13B
100
AcDbEntity
8
1
62
256
6
ByLayer
370
18
48
1
60
0
100
AcDbSpline
70
4
71
3
72
18
73
14
40
0
40
0
40
0
40
0
40
0.361443594808835
40
0.361443594808835
40
0.542165392213251
40
0.542165392213251
40
0.722887189617667
40
0.722887189617667
40
0.903608987022082
40
0.903608987022082
40
0.993969885724289
40
0.993969885724289
40
1
40
1
40
1
40
1
41
1
10
93.7306717679618
20
3.95190375844805
30
0
41
1
10
93.7472419580264
20
3.92458480656126
30
0
41
1
10
93.7661679859402
20
3.89843651642835
30
0
41
1
10
93.7981895892768
20
3.86170456412313
30
0
41
1
10
93.8094572392222
20
3.84990298075942
30
0
41
1
10
93.8333120527328
20
3.82742148802254
30
0
41
1
10
93.8458940076133
20
3.81674251416641
30
0
41
1
10
93.8725156487497
20
3.79701912686485
30
0
41
1
10
93.8864879528045
20
3.78801683900468
30
0
41
1
10
93.9085087656055
20
3.77650549537634
30
0
41
1
10
93.916040400314
20
3.77299459364005
30
0
41
1
10
93.9243371082648
20
3.76969504306416
30
0
41
1
10
93.9248569326107
20
3.76949064060102
30
0
41
1
10
93.9253775111536
20
3.76928830063324
30
0
0
SPLINE
5
13C
100
AcDbEntity
8
1
62
256
6
ByLayer
370
18
48
1
60
0
100
AcDbSpline
70
4
71
3
72
22
73
18
40
0
40
0
40
0
40
0
40
0.0998751076532573
40
0.0998751076532573
40
0.199750215306515
40
0.199750215306515
40
0.399500430612847
40
0.399500430612847
40
0.499375538266012
40
0.499375538266012
40
0.599250645919178
40
0.599250645919178
40
0.799000861225703
40
0.799000861225703
40
0.998751076532228
40
0.998751076532228
40
1
40
1
40
1
40
1
41
1
10
94.0540841869022
20
3.78239294752609
30
0
41
1
10
94.0598719761256
20
3.78456428305196
30
0
41
1
10
94.0659087030572
20
3.7862925037411
30
0
41
1
10
94.0783894446326
20
3.78903334308816
30
0
41
1
10
94.0848341742746
20
3.79004037861245
30
0
41
1
10
94.1043084269917
20
3.79212550542823
30
0
41
1
10
94.117611437507
20
3.79231709674562
30
0
41
1
10
94.1379361233897
20
3.79132062039619
30
0
41
1
10
94.1447803320857
20
3.79076743513519
30
0
41
1
10
94.1583896557838
20
3.78929653750285
30
0
41
1
10
94.1651806489423
20
3.78837791900747
30
0
41
1
10
94.1855207773026
20
3.78514417253422
30
0
41
1
10
94.1990374589386
20
3.78235544504574
30
0
41
1
10
94.2260126349426
20
3.77573551944667
30
0
41
1
10
94.239527076609
20
3.77188058899367
30
0
41
1
10
94.2528447903635
20
3.76761720619987
30
0
41
1
10
94.2529275321814
20
3.76759070001151
30
0
41
1
10
94.2530102651932
20
3.76756417850009
30
0
0
SPLINE
5
13D
100
AcDbEntity
8
1
62
256
6
ByLayer
370
18
48
1
60
0
100
AcDbSpline
70
4
71
3
72
26
73
22
40
0
40
0
40
0
40
0
40
0.0063950962001063
40
0.0063950962001063
40
0.13059570917515
40
0.13059570917515
40
0.254796322150192
40
0.254796322150192
40
0.50319754810028
40
0.50319754810028
40
0.565297854587745
40
0.565297854587745
40
0.62739816107521
40
0.62739816107521
40
0.75159877405014
40
0.75159877405014
40
0.813699080537605
40
0.813699080537605
40
0.87579938702507
40
0.87579938702507
40
1
40
1
40
1
40
1
41
1
10
95.3510985970797
20
3.75336553682703
30
0
41
1
10
95.3517156189681
20
3.75373512163685
30
0
41
1
10
95.3523332149196
20
3.75410406218666
30
0
41
1
10
95.3649569861788
20
3.76162512595778
30
0
41
1
10
95.3770943669766
20
3.76848473548128
30
0
41
1
10
95.4016371502412
20
3.78160985624885
30
0
41
1
10
95.4140895168531
20
3.78789703039519
30
0
41
1
10
95.4514745917146
20
3.80560091902763
30
0
41
1
10
95.4764120901781
20
3.81590492893099
30
0
41
1
10
95.5077369094116
20
3.8264152541858
30
0
41
1
10
95.5140100112757
20
3.82839568344832
30
0
41
1
10
95.5265784426507
20
3.83208433297884
30
0
41
1
10
95.5328927049273
20
3.83379675559294
30
0
41
1
10
95.5516548849603
20
3.83841263972647
30
0
41
1
10
95.563968144289
20
3.84082033101419
30
0
41
1
10
95.5821162157258
20
3.84314742575569
30
0
41
1
10
95.5881115599188
20
3.84370722767307
30
0
41
1
10
95.5999816525626
20
3.84431033799706
30
0
41
1
10
95.6058846742885
20
3.84435103223271
30
0
41
1
10
95.6230287542987
20
3.84352939408626
30
0
41
1
10
95.633802279034
20
3.84177891889169
30
0
41
1
10
95.6436116277539
20
3.83817925384156
30
0
0
SPLINE
5
13E
100
AcDbEntity
8
1
62
256
6
ByLayer
370
18
48
1
60
0
100
AcDbSpline
70
4
71
3
72
28
73
24
40
0
40
0
40
0
40
0
40
0.250000000000021
40
0.250000000000021
40
0.375000000000031
40
0.375000000000031
40
0.500000000000044
40
0.500000000000044
40
0.625000000000057
40
0.625000000000057
40
0.687500000000064
40
0.687500000000064
40
0.750000000000072
40
0.750000000000072
40
0.812500000000079
40
0.812500000000079
40
0.843750000000038
40
0.843750000000038
40
0.874999999999997
40
0.874999999999997
40
0.937499999999998
40
0.937499999999998
40
1
40
1
40
1
40
1
41
1
10
95.9442708026478
20
4.02959258006572
30
0
41
1
10
95.9276927401147
20
4.00109699638614
30
0
41
1
10
95.9089430814503
20
3.97359551681561
30
0
41
1
10
95.8776067809563
20
3.93464747115252
30
0
41
1
10
95.8666100218487
20
3.9220427478237
30
0
41
1
10
95.8435126689671
20
3.89792031288818
30
0
41
1
10
95.831368069542
20
3.88635523129085
30
0
41
1
10
95.8059611069596
20
3.86484789183862
30
0
41
1
10
95.792571868093
20
3.85480219632711
30
0
41
1
10
95.7718347506299
20
3.84178541427667
30
0
41
1
10
95.764803558309
20
3.83778023331598
30
0
41
1
10
95.7504534474124
20
3.83060288811262
30
0
41
1
10
95.7430656934864
20
3.82740811669024
30
0
41
1
10
95.7283862072792
20
3.82229061075805
30
0
41
1
10
95.7210792122371
20
3.82034781105247
30
0
41
1
10
95.710195207396
20
3.81859432833693
30
0
41
1
10
95.7065660512136
20
3.8182067624131
30
0
41
1
10
95.6995336922868
20
3.81788219089472
30
0
41
1
10
95.6961085128804
20
3.81794000488759
30
0
41
1
10
95.6861217401953
20
3.81880200519535
30
0
41
1
10
95.679777590048
20
3.82034477416849
30
0
41
1
10
95.6686392512617
20
3.82513526813713
30
0
41
1
10
95.663754258513
20
3.82836402367093
30
0
41
1
10
95.6594947992285
20
3.83235239245141
30
0
0
SPLINE
5
13F
100
AcDbEntity
8
1
62
256
6
ByLayer
370
18
48
1
60
0
100
AcDbSpline
70
4
71
3
72
8
73
4
40
0
40
0
40
0
40
0
40
1
40
1
40
1
40
1
41
1
10
95.6594947992285
20
3.83235239245141
30
0
41
1
10
95.6542015912293
20
3.83429369839976
30
0
41
1
10
95.6489072206486
20
3.83623596879715
30
0
41
1
10
95.6436116277539
20
3.83817925384156
30
0
0
SPLINE
5
140
100
AcDbEntity
8
1
62
256
6
ByLayer
370
18
48
1
60
0
100
AcDbSpline
70
4
71
3
72
12
73
8
40
0
40
0
40
0
40
0
40
0.504351814580643
40
0.684024883147093
40
0.863697951713544
40
0.95353448599677
40
1
40
1
40
1
40
1
41
1
10
99.1096401632418
20
-1.7796985176345
30
0
41
1
10
99.1312595966342
20
-1.80607589110181
30
0
41
1
10
99.1575577684149
20
-1.8441950786025
30
0
41
1
10
99.1845799495697
20
-1.89481549109331
30
0
41
1
10
99.1970623464715
20
-1.92209854205265
30
0
41
1
10
99.2050766897399
20
-1.94194169136006
30
0
41
1
10
99.2080492406453
20
-1.94984169927784
30
0
41
1
10
99.2090270301618
20
-1.95247271975447
30
0
0
SPLINE
5
141
100
AcDbEntity
8
1
62
256
6
ByLayer
370
18
48
1
60
0
100
AcDbSpline
70
4
71
3
72
13
73
9
40
0
40
0
40
0
40
0
40
0.0057614727139833
40
0.0296295181346314
40
0.220573881499816
40
0.602462608230185
40
0.984351334960555
40
1
40
1
40
1
40
1
41
1
10
99.2090270301618
20
-1.95247271975447
30
0
41
1
10
99.2099397012009
20
-1.95492852046809
30
0
41
1
10
99.2144739826284
20
-1.96727971998436
30
0
41
1
10
99.2454537540976
20
-2.05090707827748
30
0
41
1
10
99.3320859841428
20
-2.28560828858917
30
0
41
1
10
99.4687982008084
20
-2.65542243143386
30
0
41
1
10
99.580016757795
20
-2.9562485253845
30
0
41
1
10
99.6377392973853
20
-3.11259105071574
30
0
41
1
10
99.6400083630876
20
-3.11875293946241
30
0
0
SPLINE
5
142
100
AcDbEntity
8
1
62
256
6
ByLayer
370
13
48
1
60
0
100
AcDbSpline
70
4
71
3
72
9
73
5
40
0
40
0
40
0
40
0
40
0.463200002179882
40
1
40
1
40
1
40
1
41
1
10
99.2090199681924
20
-1.95247400246097
30
0
41
1
10
99.1934134291197
20
-1.94737968135956
30
0
41
1
10
99.159683204149
20
-1.93640756838852
30
0
41
1
10
99.125875443662
20
-1.92549240108011
30
0
41
1
10
99.1077066505855
20
-1.91964996538769
30
0
0
SPLINE
5
143
100
AcDbEntity
8
1
62
256
6
ByLayer
370
18
48
1
60
0
100
AcDbSpline
70
4
71
3
72
17
73
13
40
0
40
0
40
0
40
0
40
0.0295634678907746
40
0.0735446958500567
40
0.161507151768621
40
0.33743206360575
40
0.513356975442878
40
0.689281887280007
40
0.865206799117135
40
0.953169255035699
40
0.997150482994981
40
1
40
1
40
1
40
1
41
1
10
99.6400083630876
20
-3.11875293946241
30
0
41
1
10
99.6446610588404
20
-3.13138782860213
30
0
41
1
10
99.6562028321506
20
-3.16289920062326
30
0
41
1
10
99.6808233898109
20
-3.23289949548453
30
0
41
1
10
99.7251342704248
20
-3.36706866671446
30
0
41
1
10
99.7806574453919
20
-3.56074009317615
30
0
41
1
10
99.8347316248104
20
-3.79560547638081
30
0
41
1
10
99.876180991675
20
-4.03282549773101
30
0
41
1
10
99.8999454422191
20
-4.23118734365903
30
0
41
1
10
99.9111067814784
20
-4.37069906740027
30
0
41
1
10
99.9145804097423
20
-4.43151736150998
30
0
41
1
10
99.9157085815162
20
-4.45254265610467
30
0
41
1
10
99.9157769575633
20
-4.45382159919211
30
0
0
SPLINE
5
144
100
AcDbEntity
8
1
62
256
6
ByLayer
370
13
48
1
60
0
100
AcDbSpline
70
4
71
3
72
11
73
7
40
0
40
0
40
0
40
0
40
0.249255887038235
40
0.499007732287021
40
0.749255712187879
40
1
40
1
40
1
40
1
41
1
10
99.4697896316941
20
-3.00756745320933
30
0
41
1
10
99.4840308667486
20
-3.01677518926343
30
0
41
1
10
99.5125416734299
20
-3.03520898251276
30
0
41
1
10
99.5551299229649
20
-3.06295460605219
30
0
41
1
10
99.5976564336163
20
-3.09079999638138
30
0
41
1
10
99.6258899722123
20
-3.10942629817842
30
0
41
1
10
99.6400207262855
20
-3.11874867514842
30
0
0
SPLINE
5
145
100
AcDbEntity
8
1
62
256
6
ByLayer
370
18
48
1
60
0
100
AcDbSpline
70
4
71
3
72
8
73
4
40
0
40
0
40
0
40
0
40
1
40
1
40
1
40
1
41
1
10
99.4697896316949
20
-3.00756745321172
30
0
41
1
10
99.3505805954975
20
-2.70611068371406
30
0
41
1
10
99.2305463659144
20
-2.4049338342173
30
0
41
1
10
99.1086638234566
20
-2.10441056638274
30
0
0
SPLINE
5
146
100
AcDbEntity
8
1
62
256
6
ByLayer
370
18
48
1
60
0
100
AcDbSpline
70
4
71
3
72
18
73
14
40
0
40
0
40
0
40
0
40
0.125
40
0.25
40
0.3125
40
0.34375
40
0.359375
40
0.375
40
0.4375
40
0.5
40
0.625
40
0.75
40
1
40
1
40
1
40
1
41
1
10
99.2302279355039
20
-3.1301385495486
30
0
41
1
10
99.2333214293805
20
-3.12697602433801
30
0
41
1
10
99.2435034472922
20
-3.11948014758286
30
0
41
1
10
99.2658855419733
20
-3.10738011770934
30
0
41
1
10
99.2864782875691
20
-3.09757198776086
30
0
41
1
10
99.2979252080687
20
-3.09236196278749
30
0
41
1
10
99.3048537086661
20
-3.08928320643315
30
0
41
1
10
99.3155313556103
20
-3.08459065514816
30
0
41
1
10
99.3312355366969
20
-3.07763312492756
30
0
41
1
10
99.3576835686319
20
-3.06565014266241
30
0
41
1
10
99.3880370261536
20
-3.05138887584388
30
0
41
1
10
99.4307285226525
20
-3.03015597136925
30
0
41
1
10
99.4560263628242
20
-3.0160759120609
30
0
41
1
10
99.4697896316949
20
-3.00756745321172
30
0
0
SPLINE
5
147
100
AcDbEntity
8
1
62
256
6
ByLayer
370
18
48
1
60
0
100
AcDbSpline
70
4
71
3
72
28
73
24
40
0
40
0
40
0
40
0
40
0.03125
40
0.0625
40
0.09375
40
0.125
40
0.15625
40
0.1875
40
0.21875
40
0.25
40
0.3125
40
0.375
40
0.4375
40
0.5
40
0.5625
40
0.625
40
0.6875
40
0.75
40
0.8125
40
0.875
40
0.9375
40
0.96875
40
1
40
1
40
1
40
1
41
1
10
99.4697896316945
20
-3.00756745321058
30
0
41
1
10
99.4751549476021
20
-3.02113530722946
30
0
41
1
10
99.4858686230281
20
-3.04827689774635
30
0
41
1
10
99.5018664250806
20
-3.08901413119145
30
0
41
1
10
99.5177696741283
20
-3.12978341253847
30
0
41
1
10
99.5335565282529
20
-3.17059194201966
30
0
41
1
10
99.549205145536
20
-3.2114469198672
30
0
41
1
10
99.5646930470811
20
-3.25235478972678
30
0
41
1
10
99.5799977539913
20
-3.29332199524404
30
0
41
1
10
99.6001297984963
20
-3.34803264167144
30
0
41
1
10
99.6247244730573
20
-3.41660150707813
30
0
41
1
10
99.6531362155939
20
-3.49921461184329
30
0
41
1
10
99.6802568339699
20
-3.58219975736685
30
0
41
1
10
99.7058850608385
20
-3.66558244453122
30
0
41
1
10
99.7298196288527
20
-3.74938817421886
30
0
41
1
10
99.7518497013502
20
-3.83362494414732
30
0
41
1
10
99.7717612849242
20
-3.91829017007271
30
0
41
1
10
99.7893372761448
20
-4.00336609832632
30
0
41
1
10
99.804360191697
20
-4.08881826679635
30
0
41
1
10
99.8166155150776
20
-4.17459386926251
30
0
41
1
10
99.8243492522604
20
-4.24628282484261
30
0
41
1
10
99.8289513447874
20
-4.30371342056026
30
0
41
1
10
99.830709354389
20
-4.33244588523385
30
0
41
1
10
99.8314489156272
20
-4.34681408170692
30
0
0
SPLINE
5
148
100
AcDbEntity
8
1
62
256
6
ByLayer
370
18
48
1
60
0
100
AcDbSpline
70
4
71
3
72
32
73
28
40
0
40
0
40
0
40
0
40
0.0201722500279436
40
0.030957120221128
40
0.106451211573418
40
0.192730173118893
40
0.365288096209843
40
0.451567057755318
40
0.494706538528055
40
0.537846019300793
40
0.543238454397385
40
0.548630889493977
40
0.554023324590569
40
0.556719542138865
40
0.559415759687161
40
0.564808194783754
40
0.570200629880346
40
0.58098550007353
40
0.624124980846268
40
0.710403942391742
40
0.796682903937217
40
0.882961865482692
40
0.969240827028167
40
0.980025697221351
40
0.990810567414536
40
0.996203002511128
40
1
40
1
40
1
40
1
41
1
10
99.9157769575633
20
-4.45382159919211
30
0
41
1
10
99.9167639401988
20
-4.47228266375365
30
0
41
1
10
99.9181922742695
20
-4.50049030492841
30
0
41
1
10
99.9231657131147
20
-4.596866321329
30
0
41
1
10
99.9312501789172
20
-4.75310790067991
30
0
41
1
10
99.9469805009193
20
-5.05585582969849
30
0
41
1
10
99.9632999378427
20
-5.36836858973859
30
0
41
1
10
99.9775931583833
20
-5.64181583703243
30
0
41
1
10
99.9857144159281
20
-5.79806990657963
30
0
41
1
10
99.9901192165928
20
-5.88108176085225
30
0
41
1
10
99.9926586948352
20
-5.92991060112814
30
0
41
1
10
99.9934015340267
20
-5.94455926929578
30
0
41
1
10
99.9940615162635
20
-5.95676845186625
30
0
41
1
10
99.9945643593278
20
-5.96653281593979
30
0
41
1
10
99.9948679256221
20
-5.97630043538436
30
0
41
1
10
99.9950201223027
20
-5.98851513045295
30
0
41
1
10
99.995275815099
20
-6.00805825177093
30
0
41
1
10
99.9961406630432
20
-6.06179587794449
30
0
41
1
10
99.9980468682112
20
-6.18879931985029
30
0
41
1
10
99.9997328957471
20
-6.3841573517191
30
0
41
1
10
100.000219638445
20
-6.61852893770006
30
0
41
1
10
99.9991181538863
20
-6.85284264530625
30
0
41
1
10
99.9971762943731
20
-7.0187739808483
30
0
41
1
10
99.9956519733415
20
-7.11636708784502
30
0
41
1
10
99.9952284532904
20
-7.14082807063409
30
0
41
1
10
99.9949774949013
20
-7.15872569126594
30
0
41
1
10
99.9948272849699
20
-7.16723884111013
30
0
41
1
10
99.9947462273
20
-7.17086531911238
30
0
0
SPLINE
5
149
100
AcDbEntity
8
1
62
256
6
ByLayer
370
13
48
1
60
0
100
AcDbSpline
70
4
71
3
72
9
73
5
40
0
40
0
40
0
40
0
40
0.253089698189949
40
1
40
1
40
1
40
1
41
1
10
99.9157937728201
20
-4.45382133876663
30
0
41
1
10
99.9086723232022
20
-4.44478644541013
30
0
41
1
10
99.8805425706773
20
-4.40909858298875
30
0
41
1
10
99.8524394914229
20
-4.37344456060927
30
0
41
1
10
99.8314489156272
20
-4.34681408170692
30
0
0
SPLINE
5
14A
100
AcDbEntity
8
1
62
256
6
ByLayer
370
18
48
1
60
0
100
AcDbSpline
70
4
71
3
72
21
73
17
40
0
40
0
40
0
40
0
40
0.0039822658528455
40
0.0174419649629421
40
0.0309016640730388
40
0.0847404605134256
40
0.138579256953812
40
0.246256849834586
40
0.353934442715359
40
0.461612035596133
40
0.569289628476906
40
0.67696722135768
40
0.784644814238453
40
0.892322407119227
40
0.946161203559613
40
1
40
1
40
1
40
1
41
1
10
99.9947462273
20
-7.17086531911238
30
0
41
1
10
99.9947121681637
20
-7.17238910715943
30
0
41
1
10
99.9945483057059
20
-7.17914738444188
30
0
41
1
10
99.9941111023403
20
-7.19192894015569
30
0
41
1
10
99.9922827023371
20
-7.22579830871274
30
0
41
1
10
99.9868423995329
20
-7.27521989879386
30
0
41
1
10
99.969805507277
20
-7.36225425600853
30
0
41
1
10
99.9354603295785
20
-7.46608133345765
30
0
41
1
10
99.8737882881189
20
-7.58321584737231
30
0
41
1
10
99.7938540638742
20
-7.68808531185243
30
0
41
1
10
99.6970393978021
20
-7.77910449010366
30
0
41
1
10
99.5860689721194
20
-7.85326933726338
30
0
41
1
10
99.4635752056538
20
-7.90861975226306
30
0
41
1
10
99.3543934527007
20
-7.93749913206622
30
0
41
1
10
99.2649959461755
20
-7.94969969547242
30
0
41
1
10
99.2195235072525
20
-7.9520685745855
30
0
41
1
10
99.1975471107103
20
-7.95228629383837
30
0
0
SPLINE
5
14B
100
AcDbEntity
8
1
62
256
6
ByLayer
370
18
48
1
60
0
100
AcDbSpline
70
4
71
3
72
8
73
4
40
0
40
0
40
0
40
0
40
1
40
1
40
1
40
1
41
1
10
99.1975471107103
20
-7.95228629383837
30
0
41
1
10
99.1972210416672
20
-7.95228952419092
30
0
41
1
10
99.1968958315681
20
-7.95229274534856
30
0
41
1
10
99.1965714549218
20
-7.95229595756487
30
0
0
SPLINE
5
14C
100
AcDbEntity
8
1
62
256
6
ByLayer
370
13
48
1
60
0
100
AcDbSpline
70
4
71
3
72
8
73
4
40
0
40
0
40
0
40
0
40
1
40
1
40
1
40
1
41
1
10
99.9947285905089
20
-7.17086434793652
30
0
41
1
10
99.9666144360995
20
-7.13362631480206
30
0
41
1
10
99.9385002457641
20
-7.09638833567925
30
0
41
1
10
99.9103860254909
20
-7.05915041849966
30
0
0
SPLINE
5
14D
100
AcDbEntity
8
1
62
256
6
ByLayer
370
18
48
1
60
0
100
AcDbSpline
70
4
71
3
72
19
73
15
40
0
40
0
40
0
40
0
40
0.125
40
0.25
40
0.3125
40
0.34375
40
0.359375
40
0.375
40
0.4375
40
0.46875
40
0.5
40
0.625
40
0.75
40
1
40
1
40
1
40
1
41
1
10
99.5436710821391
20
-4.25980189044091
30
0
41
1
10
99.5491532148882
20
-4.26400886027244
30
0
41
1
10
99.5638864510763
20
-4.27217922050895
30
0
41
1
10
99.5913484081675
20
-4.28162291680383
30
0
41
1
10
99.6151200013817
20
-4.28774529526819
30
0
41
1
10
99.6280993931561
20
-4.29067591168712
30
0
41
1
10
99.6358224355542
20
-4.29231202589733
30
0
41
1
10
99.647710141918
20
-4.29472706485649
30
0
41
1
10
99.6624542447775
20
-4.29742869914966
30
0
41
1
10
99.6804896668833
20
-4.30034234808551
30
0
41
1
10
99.706337382843
20
-4.30488962083683
30
0
41
1
10
99.7416405126109
20
-4.31219640036608
30
0
41
1
10
99.7936932390234
20
-4.32645996945166
30
0
41
1
10
99.8199610639664
20
-4.33843430695762
30
0
41
1
10
99.8314489156272
20
-4.34681408170692
30
0
0
SPLINE
5
14E
100
AcDbEntity
8
1
62
256
6
ByLayer
370
18
48
1
60
0
100
AcDbSpline
70
4
71
3
72
32
73
28
40
0
40
0
40
0
40
0
40
0.250000000000152
40
0.375000000000228
40
0.500000000000304
40
0.531250000000323
40
0.546875000000332
40
0.546875000000332
40
0.554687500000337
40
0.554687500000337
40
0.555664062500338
40
0.555664062500338
40
0.556640625000338
40
0.556640625000338
40
0.558593750000337
40
0.558593750000337
40
0.560546875000336
40
0.562500000000334
40
0.562500000000334
40
0.566406250000332
40
0.566406250000332
40
0.570312500000329
40
0.578125000000323
40
0.593750000000311
40
0.625000000000287
40
0.750000000000192
40
1
40
1
40
1
40
1
41
1
10
99.8314489156272
20
-4.34681408170692
30
0
41
1
10
99.8431074157454
20
-4.57331053554481
30
0
41
1
10
99.8607045421643
20
-4.91305200560529
30
0
41
1
10
99.8843397330349
20
-5.36603265416537
30
0
41
1
10
99.8977036891802
20
-5.62011921257147
30
0
41
1
10
99.905857361035
20
-5.77707354152258
30
0
41
1
10
99.9081101450758
20
-5.81839453390731
30
0
41
1
10
99.9092090998639
20
-5.84054474901825
30
0
41
1
10
99.9095628124255
20
-5.84818163814768
30
0
41
1
10
99.9100024310959
20
-5.85486776491516
30
0
41
1
10
99.9100511944428
20
-5.85555870619712
30
0
41
1
10
99.9101410642718
20
-5.85713826387803
30
0
41
1
10
99.9101833698809
20
-5.85801880464393
30
0
41
1
10
99.9102922645341
20
-5.86020237301329
30
0
41
1
10
99.9103381107649
20
-5.86119336752017
30
0
41
1
10
99.9104151081065
20
-5.86387481545475
30
0
41
1
10
99.9104795605143
20
-5.86723162138352
30
0
41
1
10
99.9105353506799
20
-5.87109272807723
30
0
41
1
10
99.9106194083691
20
-5.87697955474985
30
0
41
1
10
99.9106760195452
20
-5.88088419972414
30
0
41
1
10
99.9107900235965
20
-5.88845747064696
30
0
41
1
10
99.9109621451262
20
-5.89957344473984
30
0
41
1
10
99.911366452048
20
-5.9242477103929
30
0
41
1
10
99.9121448807799
20
-5.97210036295428
30
0
41
1
10
99.9142494588947
20
-6.12747775810661
30
0
41
1
10
99.916954059991
20
-6.4946531487995
30
0
41
1
10
99.9143844662784
20
-6.83340083241146
30
0
41
1
10
99.9103860254909
20
-7.05915041849966
30
0
0
SPLINE
5
14F
100
AcDbEntity
8
1
62
256
6
ByLayer
370
18
48
1
60
0
100
AcDbSpline
70
4
71
3
72
17
73
13
40
0
40
0
40
0
40
0
40
0.125
40
0.25
40
0.3125
40
0.375
40
0.4375
40
0.46875
40
0.5
40
0.625
40
0.75
40
1
40
1
40
1
40
1
41
1
10
99.6843037008115
20
-6.87337788837379
30
0
41
1
10
99.6897396090476
20
-6.88171688214251
30
0
41
1
10
99.7035550769683
20
-6.89804699853278
30
0
41
1
10
99.7279108070499
20
-6.9173744185546
30
0
41
1
10
99.7514194159913
20
-6.93207271349453
30
0
41
1
10
99.7713512132646
20
-6.94260615546474
30
0
41
1
10
99.7869824723249
20
-6.95159513428786
30
0
41
1
10
99.7989519218245
20
-6.95889675144153
30
0
41
1
10
99.8163793789767
20
-6.96995498646504
30
0
41
1
10
99.8405785280329
20
-6.98692178084127
30
0
41
1
10
99.8778294668249
20
-7.01809901237741
30
0
41
1
10
99.899181833697
20
-7.04251190875405
30
0
41
1
10
99.9103860254909
20
-7.05915041849968
30
0
0
SPLINE
5
150
100
AcDbEntity
8
1
62
256
6
ByLayer
370
13
48
1
60
0
100
AcDbSpline
70
4
71
3
72
26
73
22
40
0
40
0
40
0
40
0
40
0.00390625
40
0.0078125
40
0.015625
40
0.03125
40
0.0625
40
0.125
40
0.1875
40
0.25
40
0.3125
40
0.375
40
0.4375
40
0.5
40
0.625
40
0.6875
40
0.75
40
0.8125
40
0.875
40
0.9375
40
1
40
1
40
1
40
1
41
1
10
99.9103860254909
20
-7.05915041849966
30
0
41
1
10
99.9103579575817
20
-7.06073489323813
30
0
41
1
10
99.9102929105447
20
-7.06390338778712
30
0
41
1
10
99.910127171292
20
-7.07023836373847
30
0
41
1
10
99.909743558211
20
-7.08131877937728
30
0
41
1
10
99.9086020481287
20
-7.1034523794217
30
0
41
1
10
99.9048218413625
20
-7.14757815754393
30
0
41
1
10
99.8951435790078
20
-7.21002522333677
30
0
41
1
10
99.8766839859173
20
-7.28342385466416
30
0
41
1
10
99.8515137581277
20
-7.3546931264847
30
0
41
1
10
99.8197679392052
20
-7.42324152691558
30
0
41
1
10
99.7816817849935
20
-7.48849376092531
30
0
41
1
10
99.7374905513369
20
-7.54987453348258
30
0
41
1
10
99.670862446479
20
-7.62579987190679
30
0
41
1
10
99.5933251205638
20
-7.69172105827963
30
0
41
1
10
99.5066318335722
20
-7.74544383419223
30
0
41
1
10
99.4376218286399
20
-7.7791662334555
30
0
41
1
10
99.3652233434105
20
-7.80586084156386
30
0
41
1
10
99.2901568067255
20
-7.82520138872798
30
0
41
1
10
99.2131886066777
20
-7.83697710537419
30
0
41
1
10
99.1611411805748
20
-7.83974766417899
30
0
41
1
10
99.135064981349
20
-7.839881229605
30
0
0
SPLINE
5
151
100
AcDbEntity
8
1
62
256
6
ByLayer
370
18
48
1
60
0
100
AcDbSpline
70
4
71
3
72
11
73
7
40
0
40
0
40
0
40
0
40
0.0122953696636984
40
0.0632220467973475
40
0.470635463866541
40
1
40
1
40
1
40
1
41
1
10
90.3808032382569
20
-7.44376888095351
30
0
41
1
10
90.3798904062857
20
-7.44131265062106
30
0
41
1
10
90.3753560106805
20
-7.42896126794176
30
0
41
1
10
90.3443746713023
20
-7.34533529513038
30
0
41
1
10
90.2771656092467
20
-7.16326061137886
30
0
41
1
10
90.2140916741359
20
-6.99258411390724
30
0
41
1
10
90.1785506032531
20
-6.89643403752578
30
0
0
SPLINE
5
152
100
AcDbEntity
8
1
62
256
6
ByLayer
370
18
48
1
60
0
100
AcDbSpline
70
4
71
3
72
17
73
13
40
0
40
0
40
0
40
0
40
0.0600950229142402
40
0.184038916465189
40
0.431926703567088
40
0.679814490668986
40
0.927702277770884
40
0.989674224546358
40
0.993547471219826
40
0.997420717893293
40
0.999357341230026
40
1
40
1
40
1
40
1
41
1
10
98.7013462384199
20
-7.95655827014917
30
0
41
1
10
98.5459643037879
20
-7.95767983850229
30
0
41
1
10
98.0700969061479
20
-7.96045549529598
30
0
41
1
10
96.9530773201488
20
-7.9624820656276
30
0
41
1
10
95.3499578562846
20
-7.95234037441284
30
0
41
1
10
93.4257037363705
20
-7.91958387678062
30
0
41
1
10
91.9795324772713
20
-7.87968478496083
30
0
41
1
10
91.1718424865281
20
-7.85212714035492
30
0
41
1
10
90.9895926299059
20
-7.84566939771545
30
0
41
1
10
90.9646905639569
20
-7.84478100940518
30
0
41
1
10
90.9485293950812
20
-7.84420025764371
30
0
41
1
10
90.9412078551186
20
-7.8439347576379
30
0
41
1
10
90.9393445650041
20
-7.84386354909827
30
0
0
SPLINE
5
153
100
AcDbEntity
8
1
62
256
6
ByLayer
370
18
48
1
60
0
100
AcDbSpline
70
4
71
3
72
11
73
7
40
0
40
0
40
0
40
0
40
0.0589687449404128
40
0.484373627158156
40
0.970550635407005
40
1
40
1
40
1
40
1
41
1
10
99.1965714549218
20
-7.95229595756487
30
0
41
1
10
99.1859646653651
20
-7.95240099380194
30
0
41
1
10
99.1061596661481
20
-7.95318524010824
30
0
41
1
10
98.9462399064248
20
-7.95466253494934
30
0
41
1
10
98.7911695734103
20
-7.95590623635857
30
0
41
1
10
98.7061992203571
20
-7.9565232406525
30
0
41
1
10
98.70134623842
20
-7.95655827014917
30
0
0
SPLINE
5
154
100
AcDbEntity
8
1
62
256
6
ByLayer
370
13
48
1
60
0
100
AcDbSpline
70
4
71
3
72
8
73
4
40
0
40
0
40
0
40
0
40
1
40
1
40
1
40
1
41
1
10
99.135064981349
20
-7.839881229605
30
0
41
1
10
99.1555669812466
20
-7.87752559359882
30
0
41
1
10
99.1760691629483
20
-7.91499728793738
30
0
41
1
10
99.1965714614826
20
-7.95229590548263
30
0
0
SPLINE
5
155
100
AcDbEntity
8
1
62
256
6
ByLayer
370
18
48
1
60
0
100
AcDbSpline
70
4
71
3
72
20
73
16
40
0
40
0
40
0
40
0
40
0.0166268555036351
40
0.041511583580437
40
0.0663963116572389
40
0.165935223964446
40
0.265474136271654
40
0.315243592425258
40
0.464551960886069
40
0.663629785500484
40
0.862707610114899
40
0.912477066268503
40
0.962246522422107
40
0.987131250498909
40
1
40
1
40
1
40
1
41
1
10
90.9393445650041
20
-7.84386354909827
30
0
41
1
10
90.9355929140529
20
-7.84372017390223
30
0
41
1
10
90.9258311653653
20
-7.84331104027291
30
0
41
1
10
90.9098144031036
20
-7.8422093418944
30
0
41
1
10
90.8734081650054
20
-7.83861185032438
30
0
41
1
10
90.819960499553
20
-7.82933759997104
30
0
41
1
10
90.7620316740949
20
-7.81209251604412
30
0
41
1
10
90.6939441214069
20
-7.78524598210569
30
0
41
1
10
90.6080298733856
20
-7.73918993528653
30
0
41
1
10
90.504774443361
20
-7.65326420415664
30
0
41
1
10
90.4389767906356
20
-7.56460928755033
30
0
41
1
10
90.4052491992736
20
-7.50142597292634
30
0
41
1
10
90.3927671036475
20
-7.47414231521807
30
0
41
1
10
90.3847531839465
20
-7.4542989466687
30
0
41
1
10
90.3817808536794
20
-7.44639942932426
30
0
41
1
10
90.3808032382569
20
-7.44376888095351
30
0
0
SPLINE
5
156
100
AcDbEntity
8
1
62
256
6
ByLayer
370
13
48
1
60
0
100
AcDbSpline
70
4
71
3
72
9
73
5
40
0
40
0
40
0
40
0
40
0.50121971803116
40
1
40
1
40
1
40
1
41
1
10
91.1517828989674
20
-7.70311983243209
30
0
41
1
10
91.1162865413404
20
-7.7265651989826
30
0
41
1
10
91.0454665868372
20
-7.7733418234989
30
0
41
1
10
90.974661206733
20
-7.82040106811496
30
0
41
1
10
90.9393448792797
20
-7.84387329141379
30
0
0
SPLINE
5
157
100
AcDbEntity
8
1
62
256
6
ByLayer
370
13
48
1
60
0
100
AcDbSpline
70
4
71
3
72
9
73
5
40
0
40
0
40
0
40
0
40
0.251786661021074
40
1
40
1
40
1
40
1
41
1
10
90.3808074401877
20
-7.44376802855732
30
0
41
1
10
90.4051828440538
20
-7.43110815315575
30
0
41
1
10
90.5020593209375
20
-7.38078420798894
30
0
41
1
10
90.5991847520679
20
-7.33029480999102
30
0
41
1
10
90.6719546008685
20
-7.29244635137815
30
0
0
SPLINE
5
158
100
AcDbEntity
8
1
62
256
6
ByLayer
370
18
48
1
60
0
100
AcDbSpline
70
4
71
3
72
8
73
4
40
0
40
0
40
0
40
0
40
1
40
1
40
1
40
1
41
1
10
90.5321968301272
20
-6.94842634527097
30
0
41
1
10
90.5785163689988
20
-7.06319384384207
30
0
41
1
10
90.6250833328025
20
-7.1778741036629
30
0
41
1
10
90.6719546008684
20
-7.29244635137781
30
0
0
SPLINE
5
159
100
AcDbEntity
8
1
62
256
6
ByLayer
370
18
48
1
60
0
100
AcDbSpline
70
4
71
3
72
16
73
12
40
0
40
0
40
0
40
0
40
0.25
40
0.5
40
0.625
40
0.6875
40
0.75
40
0.78125
40
0.8125
40
0.875
40
1
40
1
40
1
40
1
41
1
10
99.1350649813395
20
-7.83988122960548
30
0
41
1
10
99.12703318371
20
-7.82554870730215
30
0
41
1
10
99.1108995732074
20
-7.79250034897396
30
0
41
1
10
99.0907071443063
20
-7.74056821482992
30
0
41
1
10
99.0766364139393
20
-7.69886412217676
30
0
41
1
10
99.0686259848285
20
-7.6735201457121
30
0
41
1
10
99.0636343173968
20
-7.65705718805395
30
0
41
1
10
99.0596528400469
20
-7.64345363125977
30
0
41
1
10
99.0556681374854
20
-7.62997589667009
30
0
41
1
10
99.0486510550542
20
-7.60806529609218
30
0
41
1
10
99.0425956263448
20
-7.59185484527836
30
0
41
1
10
99.0385592581169
20
-7.58228052290033
30
0
0
SPLINE
5
15A
100
AcDbEntity
8
1
62
256
6
ByLayer
370
18
48
1
60
0
100
AcDbSpline
70
4
71
3
72
47
73
43
40
0
40
0
40
0
40
0
40
0.0248207090807092
40
0.0496506043499414
40
0.0744896876533749
40
0.0993379606766032
40
0.124195424944884
40
0.149062081822943
40
0.173937932514776
40
0.198822978063437
40
0.223717219350837
40
0.248620657097553
40
0.273533291862639
40
0.298455124043423
40
0.32338615387533
40
0.34832638143169
40
0.373275806623568
40
0.398234429199584
40
0.42320224874572
40
0.448179264685187
40
0.473165476278219
40
0.498160882621924
40
0.523165482804103
40
0.548179276888426
40
0.573202265356142
40
0.598234448633271
40
0.623275827088499
40
0.648326401033141
40
0.673386170721074
40
0.698455136348687
40
0.723533298054842
40
0.748620655920814
40
0.773717209970268
40
0.798822960169179
40
0.823937906425843
40
0.849062048590785
40
0.874195386456767
40
0.899337919758725
40
0.924489648173768
40
0.949650571321103
40
0.974820688762051
40
1
40
1
40
1
40
1
41
1
10
99.1350649813395
20
-7.83988122960579
30
0
41
1
10
99.0690533552315
20
-7.84019786791561
30
0
41
1
10
98.9370056719953
20
-7.84083126172359
30
0
41
1
10
98.7388857353336
20
-7.84149874551304
30
0
41
1
10
98.5406842257171
20
-7.84195974100822
30
0
41
1
10
98.3424005337892
20
-7.84219401847949
30
0
41
1
10
98.1440351473637
20
-7.84220713285251
30
0
41
1
10
97.9455882609154
20
-7.84199772721794
30
0
41
1
10
97.7470601483723
20
-7.84156629869011
30
0
41
1
10
97.5484510631712
20
-7.84091284829677
30
0
41
1
10
97.3497612650529
20
-7.84003751103663
30
0
41
1
10
97.1509910128787
20
-7.83894038696042
30
0
41
1
10
96.952140566556
20
-7.83762158645553
30
0
41
1
10
96.7532101865228
20
-7.83608121810309
30
0
41
1
10
96.5542001338858
20
-7.83431939193227
30
0
41
1
10
96.3551106703834
20
-7.83233621854282
30
0
41
1
10
96.1559420583964
20
-7.83013180934904
30
0
41
1
10
95.9566945609441
20
-7.82770627647182
30
0
41
1
10
95.757368441689
20
-7.82505973291677
30
0
41
1
10
95.5579639649229
20
-7.82219229195937
30
0
41
1
10
95.3584813956186
20
-7.81910406941788
30
0
41
1
10
95.1589209988287
20
-7.81579517515493
30
0
41
1
10
94.959283037367
20
-7.81226574472115
30
0
41
1
10
94.7595677646092
20
-7.80851569736816
30
0
41
1
10
94.5597754294561
20
-7.80454490656894
30
0
41
1
10
94.3599062804149
20
-7.80035325787543
30
0
41
1
10
94.1599605665168
20
-7.7959406338779
30
0
41
1
10
93.9599385374156
20
-7.79130691824017
30
0
41
1
10
93.7598404433635
20
-7.78645199461974
30
0
41
1
10
93.559666535218
20
-7.78137574693997
30
0
41
1
10
93.3594170644408
20
-7.77607805937146
30
0
41
1
10
93.1590922830992
20
-7.77055881612355
30
0
41
1
10
92.9586924438628
20
-7.7648179022874
30
0
41
1
10
92.7582178000181
20
-7.75885520066004
30
0
41
1
10
92.5576686054185
20
-7.75267060360079
30
0
41
1
10
92.3570451146694
20
-7.74626396874839
30
0
41
1
10
92.1563475824422
20
-7.73963528436985
30
0
41
1
10
91.9555762660366
20
-7.73278405192309
30
0
41
1
10
91.7547314158154
20
-7.72571159162052
30
0
41
1
10
91.5538133109237
20
-7.71841243322001
30
0
41
1
10
91.3528221259128
20
-7.71090646364135
30
0
41
1
10
91.2188041318368
20
-7.70571569211316
30
0
41
1
10
91.1517828989674
20
-7.70311983243209
30
0
0
SPLINE
5
15B
100
AcDbEntity
8
1
62
256
6
ByLayer
370
18
48
1
60
0
100
AcDbSpline
70
4
71
3
72
16
73
12
40
0
40
0
40
0
40
0
40
0.25
40
0.375
40
0.5
40
0.5625
40
0.625
40
0.75
40
0.8125
40
0.875
40
1
40
1
40
1
40
1
41
1
10
91.1517828989674
20
-7.70311983243218
30
0
41
1
10
91.1815389218895
20
-7.68549213465232
30
0
41
1
10
91.2261558995453
20
-7.65735858445135
30
0
41
1
10
91.2855260514731
20
-7.61650009494801
30
0
41
1
10
91.3225647024683
20
-7.5895744669252
30
0
41
1
10
91.3521441784163
20
-7.56720385031591
30
0
41
1
10
91.3816865748229
20
-7.54429119958482
30
0
41
1
10
91.4111691774534
20
-7.52058256067943
30
0
41
1
10
91.4405843180466
20
-7.49612021863217
30
0
41
1
10
91.4699260972949
20
-7.47083518070536
30
0
41
1
10
91.4922000760668
20
-7.45499362206402
30
0
41
1
10
91.5070716950022
20
-7.4457528549828
30
0
0
SPLINE
5
15C
100
AcDbEntity
8
1
62
256
6
ByLayer
370
18
48
1
60
0
100
AcDbSpline
70
4
71
3
72
18
73
14
40
0
40
0
40
0
40
0
40
0.25
40
0.375
40
0.5
40
0.5625
40
0.625
40
0.640625
40
0.65625
40
0.6875
40
0.75
40
0.875
40
1
40
1
40
1
40
1
41
1
10
90.6719546008684
20
-7.29244635137781
30
0
41
1
10
90.7063827351352
20
-7.26313949897309
30
0
41
1
10
90.7587515028926
20
-7.21914908606908
30
0
41
1
10
90.829917739276
20
-7.16045692148097
30
0
41
1
10
90.8750184703044
20
-7.12376262728569
30
0
41
1
10
90.9114428592419
20
-7.09439951640616
30
0
41
1
10
90.9309041014464
20
-7.0779069504502
30
0
41
1
10
90.9435033373342
20
-7.06693136198061
30
0
41
1
10
90.9518017587863
20
-7.05962012409714
30
0
41
1
10
90.9660558312505
20
-7.04684239970558
30
0
41
1
10
90.9934684471926
20
-7.02136801075585
30
0
41
1
10
91.0293685661292
20
-6.98528358158157
30
0
41
1
10
91.0544805070515
20
-6.9569024056149
30
0
41
1
10
91.066096882906
20
-6.94287287515513
30
0
0
SPLINE
5
15D
100
AcDbEntity
8
1
62
256
6
ByLayer
370
18
48
1
60
0
100
AcDbSpline
70
4
71
3
72
18
73
14
40
0
40
0
40
0
40
0
40
0.125
40
0.25
40
0.375
40
0.5
40
0.625
40
0.6875
40
0.75
40
0.8125
40
0.875
40
0.9375
40
1
40
1
40
1
40
1
41
1
10
90.6719546008684
20
-7.29244635137781
30
0
41
1
10
90.6823439754068
20
-7.31784216511056
30
0
41
1
10
90.7053336309067
20
-7.36786709171224
30
0
41
1
10
90.7467394811097
20
-7.43967189396014
30
0
41
1
10
90.795387959328
20
-7.50726514894677
30
0
41
1
10
90.8518013154667
20
-7.56905301650522
30
0
41
1
10
90.9056200692442
20
-7.61387873867872
30
0
41
1
10
90.952713541583
20
-7.64426230955942
30
0
41
1
10
90.9898924498381
20
-7.66389247728901
30
0
41
1
10
91.0287697314372
20
-7.67994612758571
30
0
41
1
10
91.0689747881131
20
-7.69211219615082
30
0
41
1
10
91.1101370215987
20
-7.70007961868569
30
0
41
1
10
91.1379000972648
20
-7.70257774214556
30
0
41
1
10
91.1517828989674
20
-7.70311983243218
30
0
0
SPLINE
5
15E
100
AcDbEntity
8
1
62
256
6
ByLayer
370
13
48
1
60
0
100
AcDbSpline
70
4
71
3
72
8
73
4
40
0
40
0
40
0
40
0
40
1
40
1
40
1
40
1
41
1
10
99.1075361036151
20
-2.79813462037188
30
0
41
1
10
99.1484333809114
20
-2.9088025967641
30
0
41
1
10
99.1893306582077
20
-3.01947057315635
30
0
41
1
10
99.2302279355039
20
-3.1301385495486
30
0
0
SPLINE
5
15F
100
AcDbEntity
8
1
62
256
6
ByLayer
370
18
48
1
60
0
100
AcDbSpline
70
4
71
3
72
11
73
7
40
0
40
0
40
0
40
0
40
0.25
40
0.5
40
0.75
40
1
40
1
40
1
40
1
41
1
10
99.2302279355038
20
-3.13013854954835
30
0
41
1
10
99.2643594185065
20
-3.22249829584476
30
0
41
1
10
99.3346228542333
20
-3.40656489708206
30
0
41
1
10
99.4330996149032
20
-3.68493999991159
30
0
41
1
10
99.5108872439818
20
-3.96907194378764
30
0
41
1
10
99.5384482792263
20
-4.16273911464865
30
0
41
1
10
99.5436710821391
20
-4.25980189044091
30
0
0
SPLINE
5
160
100
AcDbEntity
8
1
62
256
6
ByLayer
370
13
48
1
60
0
100
AcDbSpline
70
4
71
3
72
8
73
4
40
0
40
0
40
0
40
0
40
1
40
1
40
1
40
1
41
1
10
99.2302279355038
20
-3.13013854954832
30
0
41
1
10
99.1893323129169
20
-3.17194675819349
30
0
41
1
10
99.1484366903232
20
-3.21375496681722
30
0
41
1
10
99.1075410677287
20
-3.25556317543794
30
0
0
SPLINE
5
161
100
AcDbEntity
8
1
62
256
6
ByLayer
370
18
48
1
60
0
100
AcDbSpline
70
4
71
3
72
23
73
19
40
0
40
0
40
0
40
0
40
0.25
40
0.375
40
0.4375
40
0.5
40
0.515625
40
0.53125
40
0.546875
40
0.5546875
40
0.5625
40
0.5703125
40
0.578125
40
0.59375
40
0.625
40
0.75
40
0.875
40
1
40
1
40
1
40
1
41
1
10
99.5436710821391
20
-4.25980189044091
30
0
41
1
10
99.5553904670285
20
-4.47759989026866
30
0
41
1
10
99.5729695443626
20
-4.80429689001028
30
0
41
1
10
99.5934784679189
20
-5.18544338970881
30
0
41
1
10
99.6051978528083
20
-5.40324138953656
30
0
41
1
10
99.6117900068085
20
-5.52575276443966
30
0
41
1
10
99.6161847761421
20
-5.60742701437505
30
0
41
1
10
99.6183821608089
20
-5.64826413934276
30
0
41
1
10
99.6202133146978
20
-5.68229507681585
30
0
41
1
10
99.621678237809
20
-5.70951982679432
30
0
41
1
10
99.6227769301424
20
-5.72993838927815
30
0
41
1
10
99.6238756224757
20
-5.750356951762
30
0
41
1
10
99.6253405455869
20
-5.77758170174047
30
0
41
1
10
99.6279041610315
20
-5.8252250142028
30
0
41
1
10
99.6359612381429
20
-5.97496113908437
30
0
41
1
10
99.6491455461434
20
-6.21998388889057
30
0
41
1
10
99.6667246234775
20
-6.54668088863218
30
0
41
1
10
99.6784440083668
20
-6.76447888845993
30
0
41
1
10
99.6843037008115
20
-6.87337788837379
30
0
0
SPLINE
5
162
100
AcDbEntity
8
1
62
256
6
ByLayer
370
13
48
1
60
0
100
AcDbSpline
70
4
71
3
72
8
73
4
40
0
40
0
40
0
40
0
40
1
40
1
40
1
40
1
41
1
10
99.049703250802
20
-3.8807326742602
30
0
41
1
10
99.2143591945811
20
-4.00708907965378
30
0
41
1
10
99.3790151383601
20
-4.13344548504736
30
0
41
1
10
99.5436710821391
20
-4.25980189044091
30
0
0
SPLINE
5
163
100
AcDbEntity
8
1
62
256
6
ByLayer
370
13
48
1
60
0
100
AcDbSpline
70
4
71
3
72
15
73
11
40
0
40
0
40
0
40
0
40
0.125
40
0.25
40
0.375
40
0.5
40
0.625
40
0.75
40
0.875
40
1
40
1
40
1
40
1
41
1
10
99.038559258126
20
-7.58228052289158
30
0
41
1
10
99.0846730903087
20
-7.58311645522494
30
0
41
1
10
99.1767558275682
20
-7.57500613750926
30
0
41
1
10
99.307451939411
20
-7.532877058623
30
0
41
1
10
99.4242823578158
20
-7.46344791656009
30
0
41
1
10
99.5226702098029
20
-7.37133237403751
30
0
41
1
10
99.5997420078216
20
-7.26157657364064
30
0
41
1
10
99.6536991344758
20
-7.13898341506328
30
0
41
1
10
99.6834110146965
20
-7.00808978578829
30
0
41
1
10
99.686717479945
20
-6.91823657953017
30
0
41
1
10
99.6843037008115
20
-6.87337788837377
30
0
0
SPLINE
5
164
100
AcDbEntity
8
1
62
256
6
ByLayer
370
13
48
1
60
0
100
AcDbSpline
70
4
71
3
72
8
73
4
40
0
40
0
40
0
40
0
40
1
40
1
40
1
40
1
41
1
10
99.6843037008115
20
-6.87337788837377
30
0
41
1
10
99.5122440905384
20
-6.60942861704737
30
0
41
1
10
99.3401844802653
20
-6.34547934572095
30
0
41
1
10
99.1681248699921
20
-6.08153007439455
30
0
0
SPLINE
5
165
100
AcDbEntity
8
1
62
256
6
ByLayer
370
13
48
1
60
0
100
AcDbSpline
70
4
71
3
72
8
73
4
40
0
40
0
40
0
40
0
40
1
40
1
40
1
40
1
41
1
10
99.1681248699921
20
-6.08153007439446
30
0
41
1
10
99.1637130851133
20
-6.07476214436045
30
0
41
1
10
99.1593013002345
20
-6.06799421432643
30
0
41
1
10
99.1548895153557
20
-6.06122628429242
30
0
0
SPLINE
5
166
100
AcDbEntity
8
1
62
256
6
ByLayer
370
13
48
1
60
0
100
AcDbSpline
70
4
71
3
72
8
73
4
40
0
40
0
40
0
40
0
40
1
40
1
40
1
40
1
41
1
10
98.622697668161
20
-6.59585096489195
30
0
41
1
10
98.6261631814108
20
-6.60407121120872
30
0
41
1
10
98.6296286946606
20
-6.61229145752546
30
0
41
1
10
98.6330942079103
20
-6.6205117038422
30
0
0
SPLINE
5
167
100
AcDbEntity
8
1
62
256
6
ByLayer
370
18
48
1
60
0
100
AcDbSpline
70
4
71
3
72
8
73
4
40
0
40
0
40
0
40
0
40
1
40
1
40
1
40
1
41
1
10
99.0385592581263
20
-7.58228052290801
30
0
41
1
10
96.5280634037544
20
-7.53677130026497
30
0
41
1
10
94.0175675493457
20
-7.49126207759312
30
0
41
1
10
91.5070716950022
20
-7.4457528549718
30
0
0
SPLINE
5
168
100
AcDbEntity
8
1
62
256
6
ByLayer
370
13
48
1
60
0
100
AcDbSpline
70
4
71
3
72
8
73
4
40
0
40
0
40
0
40
0
40
1
40
1
40
1
40
1
41
1
10
98.63309420791
20
-6.6205117038416
30
0
41
1
10
98.7682492246488
20
-6.94110131018957
30
0
41
1
10
98.9034042413876
20
-7.26169091653423
30
0
41
1
10
99.038559258126
20
-7.58228052289158
30
0
0
SPLINE
5
169
100
AcDbEntity
8
1
62
256
6
ByLayer
370
13
48
1
60
0
100
AcDbSpline
70
4
71
3
72
12
73
8
40
0
40
0
40
0
40
0
40
0.130933762590391
40
0.130933762590391
40
0.846851358087277
40
0.846851358087277
40
1
40
1
40
1
40
1
41
1
10
96.2243238257188
20
-6.55237424334658
30
0
41
1
10
96.0379861413377
20
-6.5792208212325
30
0
41
1
10
95.8516484569567
20
-6.60606739911856
30
0
41
1
10
94.6464564731718
20
-6.77970527901459
30
0
41
1
10
93.6276021737729
20
-6.92649658103306
30
0
41
1
10
92.3907952032398
20
-7.10468938610907
30
0
41
1
10
92.1728425320952
20
-7.13609088914984
30
0
41
1
10
91.9548898609512
20
-7.16749239219135
30
0
0
SPLINE
5
16A
100
AcDbEntity
8
1
62
256
6
ByLayer
370
13
48
1
60
0
100
AcDbSpline
70
4
71
3
72
8
73
4
40
0
40
0
40
0
40
0
40
1
40
1
40
1
40
1
41
1
10
91.066096882906
20
-6.94287287515513
30
0
41
1
10
91.0580881808501
20
-6.92120133835272
30
0
41
1
10
91.0500794787941
20
-6.89952980155027
30
0
41
1
10
91.0420707767382
20
-6.87785826474786
30
0
0
SPLINE
5
16B
100
AcDbEntity
8
1
62
256
6
ByLayer
370
13
48
1
60
0
100
AcDbSpline
70
4
71
3
72
10
73
6
40
0
40
0
40
0
40
0
40
0.525210305152619
40
0.525210305152619
40
1
40
1
40
1
40
1
41
1
10
95.9152823678764
20
-6.53643214351604
30
0
41
1
10
95.2404534769518
20
-6.63365802909121
30
0
41
1
10
94.5656245860287
20
-6.73088391466897
30
0
41
1
10
93.280750918664
20
-6.91600192288459
30
0
41
1
10
92.6707061422216
20
-7.00389404552124
30
0
41
1
10
92.0606613657826
20
-7.09178616816362
30
0
0
SPLINE
5
16C
100
AcDbEntity
8
1
62
256
6
ByLayer
370
18
48
1
60
0
100
AcDbSpline
70
4
71
3
72
8
73
4
40
0
40
0
40
0
40
0
40
1
40
1
40
1
40
1
41
1
10
93.0488548213271
20
-6.28979531529544
30
0
41
1
10
93.0359617617661
20
-6.30025896981951
30
0
41
1
10
93.0230687022051
20
-6.31072262434361
30
0
41
1
10
93.010175642644
20
-6.32118627886769
30
0
0
SPLINE
5
16D
100
AcDbEntity
8
1
62
256
6
ByLayer
370
18
48
1
60
0
100
AcDbSpline
70
4
71
3
72
8
73
4
40
0
40
0
40
0
40
0
40
1
40
1
40
1
40
1
41
1
10
91.0660968009287
20
-6.94287268876172
30
0
41
1
10
91.3805516418348
20
-6.56309393122331
30
0
41
1
10
91.6950064827402
20
-6.18331517368614
30
0
41
1
10
92.009461323645
20
-5.8035364161498
30
0
0
SPLINE
5
16E
100
AcDbEntity
8
1
62
256
6
ByLayer
370
18
48
1
60
0
100
AcDbSpline
70
4
71
3
72
18
73
14
40
0
40
0
40
0
40
0
40
0.125
40
0.25
40
0.375
40
0.5
40
0.625
40
0.6875
40
0.75
40
0.8125
40
0.875
40
0.9375
40
1
40
1
40
1
40
1
41
1
10
91.0660932420122
20
-6.94287349682466
30
0
41
1
10
91.0762604579044
20
-6.97038553270303
30
0
41
1
10
91.0971403904551
20
-7.02525367912466
30
0
41
1
10
91.1314819028533
20
-7.10647242490558
30
0
41
1
10
91.170271451966
20
-7.18595161450241
30
0
41
1
10
91.2155287070176
20
-7.26236258497514
30
0
41
1
10
91.2608371678643
20
-7.32146679070027
30
0
41
1
10
91.3032949906369
20
-7.36359897363346
30
0
41
1
10
91.3384497922968
20
-7.39157323506586
30
0
41
1
10
91.3770695193552
20
-7.41484143489976
30
0
41
1
10
91.4187032713505
20
-7.43220752478842
30
0
41
1
10
91.4624414676977
20
-7.44288148240764
30
0
41
1
10
91.4922106293909
20
-7.44548347411555
30
0
41
1
10
91.5070716950023
20
-7.4457528549938
30
0
0
SPLINE
5
16F
100
AcDbEntity
8
1
62
256
6
ByLayer
370
18
48
1
60
0
100
AcDbSpline
70
4
71
3
72
15
73
11
40
0
40
0
40
0
40
0
40
0.105547317957895
40
0.211094635915791
40
0.422189271831581
40
0.633283907747372
40
0.844378543663162
40
0.89715220264211
40
0.949925861621058
40
1
40
1
40
1
40
1
41
1
10
91.5070716950023
20
-7.4457528549938
30
0
41
1
10
91.5228270021952
20
-7.43596299118204
30
0
41
1
10
91.5543376300786
20
-7.41638394676011
30
0
41
1
10
91.6173589195398
20
-7.37722756349839
30
0
41
1
10
91.696135556486
20
-7.32828335634241
30
0
41
1
10
91.7906674392312
20
-7.26954617948391
30
0
41
1
10
91.8615667895066
20
-7.22550044877173
30
0
41
1
10
91.9088313460921
20
-7.19609183107053
30
0
41
1
10
91.9320613951035
20
-7.18166008261056
30
0
41
1
10
91.9474162128065
20
-7.17218879505873
30
0
41
1
10
91.9548900394662
20
-7.16749929248729
30
0
0
SPLINE
5
170
100
AcDbEntity
8
1
62
256
6
ByLayer
370
18
48
1
60
0
100
AcDbSpline
70
4
71
3
72
13
73
9
40
0
40
0
40
0
40
0
40
0.0113848368123511
40
0.233982789263986
40
0.456580741715622
40
0.679178694167257
40
0.901776646618893
40
1
40
1
40
1
40
1
41
1
10
91.9548894545978
20
-7.16749909717132
30
0
41
1
10
91.9552923128534
20
-7.16724632086303
30
0
41
1
10
91.9635717896859
20
-7.16204655893412
30
0
41
1
10
91.9797225978299
20
-7.15170074179173
30
0
41
1
10
92.0033112296979
20
-7.13549254934389
30
0
41
1
10
92.0268534137728
20
-7.11834248464697
30
0
41
1
10
92.0459627534586
20
-7.10361751542342
30
0
41
1
10
92.0572166167935
20
-7.09457324420544
30
0
41
1
10
92.0606609352693
20
-7.09178951163312
30
0
0
SPLINE
5
171
100
AcDbEntity
8
1
62
256
6
ByLayer
370
18
48
1
60
0
100
AcDbSpline
70
4
71
3
72
8
73
4
40
0
40
0
40
0
40
0
40
1
40
1
40
1
40
1
41
1
10
93.010175642644
20
-6.32118627886771
30
0
41
1
10
92.693670848387
20
-6.57805291371935
30
0
41
1
10
92.3771660541298
20
-6.83491954857098
30
0
41
1
10
92.0606612598728
20
-7.09178618342261
30
0
0
SPLINE
5
172
100
AcDbEntity
8
1
62
256
6
ByLayer
370
18
48
1
60
0
100
AcDbSpline
70
4
71
3
72
24
73
20
40
0
40
0
40
0
40
0
40
0.169033043985995
40
0.169033043985995
40
0.338066087971989
40
0.338066087971989
40
0.3803243489685
40
0.3803243489685
40
0.42258260996501
40
0.42258260996501
40
0.507099131958032
40
0.507099131958032
40
0.676132175944116
40
0.676132175944116
40
0.760648697937177
40
0.760648697937177
40
0.845165219930237
40
0.845165219930237
40
1
40
1
40
1
40
1
41
1
10
93.0488548213261
20
-6.28979531529626
30
0
41
1
10
92.9997555743982
20
-6.28562527508552
30
0
41
1
10
92.9514428699726
20
-6.27805230684771
30
0
41
1
10
92.856304082172
20
-6.25647459532664
30
0
41
1
10
92.8094782784098
20
-6.24246864231552
30
0
41
1
10
92.751911412407
20
-6.22078450588964
30
0
41
1
10
92.7404466619548
20
-6.21623731525764
30
0
41
1
10
92.7176156341161
20
-6.20671689629853
30
0
41
1
10
92.7062445249192
20
-6.20174028866174
30
0
41
1
10
92.6725601240662
20
-6.18629454551029
30
0
41
1
10
92.6505803762476
20
-6.1752725950825
30
0
41
1
10
92.5860389553477
20
-6.14008064896211
30
0
41
1
10
92.544865168354
20
-6.11379967184885
30
0
41
1
10
92.4859323405545
20
-6.07007702862256
30
0
41
1
10
92.466762056109
20
-6.05478187087914
30
0
41
1
10
92.429386528405
20
-6.02272372310105
30
0
41
1
10
92.4111689883013
20
-6.00593647206694
30
0
41
1
10
92.3618112310789
20
-5.95710499253789
30
0
41
1
10
92.332245639876
20
-5.92377767003845
30
0
41
1
10
92.3050268262368
20
-5.88872417340443
30
0
0
SPLINE
5
173
100
AcDbEntity
8
1
62
256
6
ByLayer
370
18
48
1
60
0
100
AcDbSpline
70
4
71
3
72
8
73
4
40
0
40
0
40
0
40
0
40
1
40
1
40
1
40
1
41
1
10
96.2243238257228
20
-6.55237424334598
30
0
41
1
10
96.1212666399118
20
-6.55050606562844
30
0
41
1
10
96.0182159285037
20
-6.5452888847002
30
0
41
1
10
95.9152823678655
20
-6.53643214351197
30
0
0
SPLINE
5
174
100
AcDbEntity
8
1
62
256
6
ByLayer
370
18
48
1
60
0
100
AcDbSpline
70
4
71
3
72
8
73
4
40
0
40
0
40
0
40
0
40
1
40
1
40
1
40
1
41
1
10
98.6226976681581
20
-6.59585096488655
30
0
41
1
10
97.8232397206813
20
-6.58135872437387
30
0
41
1
10
97.0237817732003
20
-6.56686648385787
30
0
41
1
10
96.2243238257202
20
-6.55237424334251
30
0
0
SPLINE
5
175
100
AcDbEntity
8
1
62
256
6
ByLayer
370
18
48
1
60
0
100
AcDbSpline
70
4
71
3
72
15
73
11
40
0
40
0
40
0
40
0
40
0.125
40
0.25
40
0.375
40
0.5
40
0.625
40
0.75
40
0.875
40
1
40
1
40
1
40
1
41
1
10
98.622697666425
20
-6.59585096077399
30
0
41
1
10
98.6589274836738
20
-6.59650772199137
30
0
41
1
10
98.7312585376785
20
-6.5907429756532
30
0
41
1
10
98.835053069398
20
-6.56123711586315
30
0
41
1
10
98.9300080796667
20
-6.51203175282802
30
0
41
1
10
99.0123084722399
20
-6.44505623286781
30
0
41
1
10
99.0786217809644
20
-6.3629645911511
30
0
41
1
10
99.1262528000495
20
-6.26904312492366
30
0
41
1
10
99.1532619942276
20
-6.16707241338267
30
0
41
1
10
99.1567859237867
20
-6.09646997742382
30
0
41
1
10
99.1548895131454
20
-6.06122628090179
30
0
0
SPLINE
5
176
100
AcDbEntity
8
1
62
256
6
ByLayer
370
18
48
1
60
0
100
AcDbSpline
70
4
71
3
72
8
73
4
40
0
40
0
40
0
40
0
40
1
40
1
40
1
40
1
41
1
10
99.1075406114282
20
-5.18127425041669
30
0
41
1
10
99.123323579403
20
-5.47459159503978
30
0
41
1
10
99.1391065473779
20
-5.76790893966484
30
0
41
1
10
99.1548895153526
20
-6.06122628429247
30
0
0
SPLINE
5
177
100
AcDbEntity
8
1
62
256
6
ByLayer
370
18
48
1
60
0
100
AcDbSpline
70
4
71
3
72
14
73
10
40
0
40
0
40
0
40
0
40
0.14899663045105
40
0.31919730436084
40
0.48939797827063
40
0.65959865218042
40
0.82979932609021
40
0.914899663045105
40
1
40
1
40
1
40
1
41
1
10
90.9552329238373
20
3.74531743015348
30
0
41
1
10
90.9577349707497
20
3.79947569059107
30
0
41
1
10
90.9630762716369
20
3.91543759397538
30
0
41
1
10
90.971223926712
20
4.09314242681742
30
0
41
1
10
90.9797039381869
20
4.27859177081146
30
0
41
1
10
90.9881640660462
20
4.46406963262558
30
0
41
1
10
90.9951982460203
20
4.61864443786465
30
0
41
1
10
91.0008164199171
20
4.74230192761868
30
0
41
1
10
91.0036225144817
20
4.80412850323765
30
0
41
1
10
91.0047924499096
20
4.82992171629218
30
0
0
SPLINE
5
178
100
AcDbEntity
8
1
62
256
6
ByLayer
370
18
48
1
60
0
100
AcDbSpline
70
4
71
3
72
8
73
4
40
0
40
0
40
0
40
0
40
1
40
1
40
1
40
1
41
1
10
91.0047924499096
20
4.82992171629218
30
0
41
1
10
91.0048701013963
20
4.83163367517037
30
0
41
1
10
91.0049481716418
20
4.83334000351846
30
0
41
1
10
91.0050266736085
20
4.83504088677984
30
0
0
SPLINE
5
179
100
AcDbEntity
8
1
62
256
6
ByLayer
370
18
48
1
60
0
100
AcDbSpline
70
4
71
3
72
18
73
14
40
0
40
0
40
0
40
0
40
0.121162915242482
40
0.246484790770074
40
0.497128541825258
40
0.622450417352849
40
0.747772292880441
40
0.873094168408033
40
0.935755106171829
40
0.967085575053727
40
0.982750809494676
40
0.998416043935625
40
1
40
1
40
1
40
1
41
1
10
91.0050266736085
20
4.83504088677984
30
0
41
1
10
91.0073136699939
20
4.88459268826608
30
0
41
1
10
91.0127115722622
20
4.97599571898959
30
0
41
1
10
91.0293321232425
20
5.16004246387061
30
0
41
1
10
91.05637795276
20
5.34462106150983
30
0
41
1
10
91.0969608131366
20
5.52772069197269
30
0
41
1
10
91.1349883168162
20
5.66331461892304
30
0
41
1
10
91.1733932284979
20
5.77346527298857
30
0
41
1
10
91.2051865245433
20
5.85100793011563
30
0
41
1
10
91.2209150862111
20
5.88683123247708
30
0
41
1
10
91.2322492760122
20
5.9114595204401
30
0
41
1
10
91.2369976795211
20
5.9215767522023
30
0
41
1
10
91.238759017097
20
5.92531196405639
30
0
41
1
10
91.2389151970253
20
5.92564298205323
30
0
0
SPLINE
5
17A
100
AcDbEntity
8
1
62
256
6
ByLayer
370
18
48
1
60
0
100
AcDbSpline
70
4
71
3
72
18
73
14
40
0
40
0
40
0
40
0
40
0.0140665360123393
40
0.0610130372842548
40
0.123608372313476
40
0.186203707342696
40
0.248799042371917
40
0.499180382488799
40
0.749561722605682
40
0.874752392664123
40
0.937347727693344
40
0.999943062722565
40
1
40
1
40
1
40
1
41
1
10
91.2389151970253
20
5.92564298205323
30
0
41
1
10
91.240303627612
20
5.92858571302028
30
0
41
1
10
91.2444199841663
20
5.93724354018653
30
0
41
1
10
91.2513132699025
20
5.95173828524725
30
0
41
1
10
91.2588136352468
20
5.9674281482587
30
0
41
1
10
91.2688080042301
20
5.98832673641235
30
0
41
1
10
91.2903074020236
20
6.03320639390185
30
0
41
1
10
91.3202953055869
20
6.09527668430758
30
0
41
1
10
91.3551108415053
20
6.16654943087633
30
0
41
1
10
91.3793005986945
20
6.21560273894269
30
0
41
1
10
91.393519320422
20
6.24430471238603
30
0
41
1
10
91.4004795197241
20
6.25833182872825
30
0
41
1
10
91.403870544086
20
6.26511607452471
30
0
41
1
10
91.4038746102497
20
6.26512420943629
30
0
0
SPLINE
5
17B
100
AcDbEntity
8
1
62
256
6
ByLayer
370
18
48
1
60
0
100
AcDbSpline
70
4
71
3
72
24
73
20
40
0
40
0
40
0
40
0
40
0.0624500259146449
40
0.124960610188434
40
0.249981778736011
40
0.265609424804458
40
0.281237070872905
40
0.300771628458464
40
0.312492363009799
40
0.343747655146694
40
0.375002947283588
40
0.500024115831166
40
0.75006645292632
40
0.875087621473898
40
0.937598205747686
40
0.96885349788458
40
0.984481143953028
40
0.992294966987251
40
1
40
1
40
1
40
1
41
1
10
91.4038748219855
20
6.26512463304385
30
0
41
1
10
91.4072599834969
20
6.2718970968854
30
0
41
1
10
91.4138542237601
20
6.28498773006524
30
0
41
1
10
91.4270386341614
20
6.31036334933157
30
0
41
1
10
91.4384245368624
20
6.33135219252929
30
0
41
1
10
91.4474107166895
20
6.34731088442823
30
0
41
1
10
91.4503480184808
20
6.35248414084754
30
0
41
1
10
91.4530771679863
20
6.35724578598109
30
0
41
1
10
91.4567376487567
20
6.36357868678761
30
0
41
1
10
91.4611202774222
20
6.37107318326608
30
0
41
1
10
91.4723288075346
20
6.38991406396229
30
0
41
1
10
91.497381343926
20
6.43024697127601
30
0
41
1
10
91.5308048912145
20
6.47859068787159
30
0
41
1
10
91.5631498319501
20
6.51882477870689
30
0
41
1
10
91.5811189287797
20
6.53739607962973
30
0
41
1
10
91.5906298911671
20
6.54615350119306
30
0
41
1
10
91.595684903664
20
6.55021108297785
30
0
41
1
10
91.5987268211243
20
6.55237386103244
30
0
41
1
10
91.6002419492912
20
6.5534072864755
30
0
41
1
10
91.6011047663236
20
6.55388133866313
30
0
0
SPLINE
5
17C
100
AcDbEntity
8
1
62
256
6
ByLayer
370
18
48
1
60
0
100
AcDbSpline
70
4
71
3
72
30
73
26
40
0
40
0
40
0
40
0
40
0.0001094202677987
40
0.0079685106253352
40
0.0158276009828718
40
0.0315457816979449
40
0.062982143128091
40
0.125854865988383
40
0.251600311708968
40
0.377345757429553
40
0.408782118859699
40
0.416641209217236
40
0.424500299574772
40
0.432359389932309
40
0.440218480289845
40
0.471654841719991
40
0.503091203150137
40
0.518809383865211
40
0.628836648870722
40
0.754582094591307
40
0.817454817451599
40
0.880327540311892
40
0.943200263172184
40
0.97463662460233
40
1
40
1
40
1
40
1
41
1
10
91.6011047663236
20
6.55388133866313
30
0
41
1
10
91.6011169487352
20
6.55388803196965
30
0
41
1
10
91.6020057357595
20
6.5543749040103
30
0
41
1
10
91.6040065745447
20
6.55525914638207
30
0
41
1
10
91.6078557355708
20
6.55704588003047
30
0
41
1
10
91.6146671673982
20
6.56011347622555
30
0
41
1
10
91.6283154225823
20
6.56610478410579
30
0
41
1
10
91.6558802461834
20
6.57746096715684
30
0
41
1
10
91.6958789971333
20
6.5919705705704
30
0
41
1
10
91.7324902778483
20
6.60307569030195
30
0
41
1
10
91.7540166960036
20
6.60889003117077
30
0
41
1
10
91.7601782782639
20
6.61050473559482
30
0
41
1
10
91.7632612570988
20
6.61130282401379
30
0
41
1
10
91.766346375929
20
6.61209169201152
30
0
41
1
10
91.7725207981603
20
6.61365107390807
30
0
41
1
10
91.7817977658257
20
6.61592164417044
30
0
41
1
10
91.792130224169
20
6.61832503081109
30
0
41
1
10
91.8128283988188
20
6.62295607002633
30
0
41
1
10
91.8460707972401
20
6.62962238061854
30
0
41
1
10
91.8855667351713
20
6.63598397962946
30
0
41
1
10
91.9199802053318
20
6.64040618686468
30
0
41
1
10
91.9452364350931
20
6.64319525136318
30
0
41
1
10
91.9636207495237
20
6.64494974730559
30
0
41
1
10
91.981188509145
20
6.64628951269995
30
0
41
1
10
91.9789648905762
20
6.64619395218509
30
0
41
1
10
91.9953260069048
20
6.64723993671674
30
0
0
SPLINE
5
17D
100
AcDbEntity
8
1
62
256
6
ByLayer
370
18
48
1
60
0
100
AcDbSpline
70
4
71
3
72
25
73
21
40
0
40
0
40
0
40
0
40
0.0059772068261372
40
0.0214474905650103
40
0.0369177743038833
40
0.0678583417816294
40
0.129739476737122
40
0.253501746648106
40
0.485556002731201
40
0.501026286470075
40
0.531966853947821
40
0.562907421425567
40
0.624788556381059
40
0.748550826292043
40
0.872313096203028
40
0.93419423115852
40
0.965134798636266
40
0.980605082375139
40
0.996075366114012
40
1
40
1
40
1
40
1
41
1
10
91.9953260069048
20
6.64723993671674
30
0
41
1
10
91.9992434993277
20
6.6474903864046
30
0
41
1
10
92.0168703071401
20
6.64861300749985
30
0
41
1
10
92.0751817283904
20
6.65230419613337
30
0
41
1
10
92.2286154842977
20
6.66192886704795
30
0
41
1
10
92.4351572564277
20
6.67453156243059
30
0
41
1
10
92.8918133000712
20
6.70139426831099
30
0
41
1
10
93.7456143559344
20
6.74720780279733
30
0
41
1
10
94.5120672651432
20
6.78137083901737
30
0
41
1
10
95.0870599654531
20
6.80348232850986
30
0
41
1
10
95.2467750402862
20
6.80944124941402
30
0
41
1
10
95.5022618641879
20
6.81858643912625
30
0
41
1
10
95.9490916732067
20
6.83357352477501
30
0
41
1
10
96.5859468423398
20
6.85210279159628
30
0
41
1
10
97.2189828864437
20
6.86685717988203
30
0
41
1
10
97.6746232385309
20
6.87544075648506
30
0
41
1
10
97.8829182567646
20
6.87896847816117
30
0
41
1
10
98.0336865277486
20
6.88131340482713
30
0
41
1
10
98.0913724529625
20
6.88218479937009
30
0
41
1
10
98.1115356059156
20
6.88247541869006
30
0
41
1
10
98.1151925477076
20
6.88252722253711
30
0
0
SPLINE
5
17E
100
AcDbEntity
8
1
62
256
6
ByLayer
370
18
48
1
60
0
100
AcDbSpline
70
4
71
3
72
33
73
29
40
0
40
0
40
0
40
0
40
0.0273823410709237
40
0.0587425444385368
40
0.0901027478061499
40
0.121462951173763
40
0.184183357908989
40
0.246903764644215
40
0.309624171379441
40
0.372344578114668
40
0.403704781482281
40
0.435064984849894
40
0.49778539158512
40
0.529145594952733
40
0.560505798320346
40
0.591866001687959
40
0.623226205055572
40
0.685946611790799
40
0.717306815158412
40
0.748667018526025
40
0.764347120209831
40
0.811387425261251
40
0.874107831996477
40
0.936828238731704
40
0.968188442099317
40
0.983868543783123
40
0.99954864546693
40
1
40
1
40
1
40
1
41
1
10
98.1151925477076
20
6.88252722253711
30
0
41
1
10
98.140365773917
20
6.8828838237724
30
0
41
1
10
98.1513546073395
20
6.88293684084113
30
0
41
1
10
98.1768172408026
20
6.88285054044246
30
0
41
1
10
98.2079844551342
20
6.88248331972738
30
0
41
1
10
98.2506500174178
20
6.88152779540647
30
0
41
1
10
98.3020600385671
20
6.87935719173694
30
0
41
1
10
98.363975523037
20
6.87509492512953
30
0
41
1
10
98.425608635018
20
6.86903636924899
30
0
41
1
10
98.4766152943073
20
6.86193395982073
30
0
41
1
10
98.5173920585446
20
6.85449893657093
30
0
41
1
10
98.5575237317532
20
6.8443421458912
30
0
41
1
10
98.5953819168562
20
6.82809485200173
30
0
41
1
10
98.6279298433381
20
6.80349014806248
30
0
41
1
10
98.6489533490266
20
6.78182883723017
30
0
41
1
10
98.6673959854226
20
6.75777033216878
30
0
41
1
10
98.6889072996759
20
6.72374650633893
30
0
41
1
10
98.7064015666267
20
6.68727003427398
30
0
41
1
10
98.7191099745563
20
6.64926089950728
30
0
41
1
10
98.7256250460092
20
6.62510808876837
30
0
41
1
10
98.7325782705658
20
6.59594177408124
30
0
41
1
10
98.740343281062
20
6.55671298753808
30
0
41
1
10
98.747624399944
20
6.50184512715364
30
0
41
1
10
98.7512093116017
20
6.45093457166965
30
0
41
1
10
98.7522580592808
20
6.41693697262849
30
0
41
1
10
98.7524117583385
20
6.39468044634222
30
0
41
1
10
98.7523681231919
20
6.38505317141468
30
0
41
1
10
98.7523359671154
20
6.38087256910697
30
0
41
1
10
98.7523350599054
20
6.38075613101472
30
0
0
SPLINE
5
17F
100
AcDbEntity
8
1
62
256
6
ByLayer
370
18
48
1
60
0
100
AcDbSpline
70
4
71
3
72
22
73
18
40
0
40
0
40
0
40
0
40
0.0112892879508338
40
0.0621620442639571
40
0.12477466741857
40
0.249999913727797
40
0.50045040634625
40
0.750900898964703
40
0.813513522119316
40
0.829166677907969
40
0.844819833696623
40
0.860472989485276
40
0.876126145273929
40
0.938738768428542
40
0.970045080005849
40
0.985698235794502
40
1
40
1
40
1
40
1
41
1
10
98.7523350599054
20
6.38075613101472
30
0
41
1
10
98.7523123296889
20
6.37783876586749
30
0
41
1
10
98.7521612797663
20
6.36362152407199
30
0
41
1
10
98.7519175655105
20
6.34130133887172
30
0
41
1
10
98.751505119462
20
6.30829486286629
30
0
41
1
10
98.7505042436664
20
6.22677056002283
30
0
41
1
10
98.7489221594051
20
6.12112198840893
30
0
41
1
10
98.7473270490873
20
6.02277235914053
30
0
41
1
10
98.7462032520892
20
5.96581538849702
30
0
41
1
10
98.7458751354264
20
5.9495344479931
30
0
41
1
10
98.7457100095576
20
5.94139062035245
30
0
41
1
10
98.7455441549753
20
5.93324158199843
30
0
41
1
10
98.7452116660317
20
5.9169293772143
30
0
41
1
10
98.7448234643811
20
5.89784645368354
30
0
41
1
10
98.7445060282605
20
5.87913930902414
30
0
41
1
10
98.7442603816814
20
5.8680273063118
30
0
41
1
10
98.744294140801
20
5.86432069517644
30
0
41
1
10
98.7441294426125
20
5.85998225456962
30
0
0
SPLINE
5
180
100
AcDbEntity
8
1
62
256
6
ByLayer
370
18
48
1
60
0
100
AcDbSpline
70
4
71
3
72
21
73
17
40
0
40
0
40
0
40
0
40
0.0013467736322191
40
0.0169464397395153
40
0.0325461058468116
40
0.0637454380614041
40
0.126144102490589
40
0.250941431348959
40
0.375738760207329
40
0.5005360890657
40
0.62533341792407
40
0.75013074678244
40
0.87492807564081
40
0.937326740069995
40
0.99972540449918
40
1
40
1
40
1
40
1
41
1
10
98.7441294426125
20
5.85998225456962
30
0
41
1
10
98.7441138800747
20
5.85957230989175
30
0
41
1
10
98.7438977423874
20
5.85412538538287
30
0
41
1
10
98.7429363401076
20
5.83593026341381
30
0
41
1
10
98.7417066161208
20
5.80632007357849
30
0
41
1
10
98.7390525221506
20
5.75150081118059
30
0
41
1
10
98.7342037824973
20
5.64378972052953
30
0
41
1
10
98.7270211004719
20
5.48899921895577
30
0
41
1
10
98.7184853734145
20
5.30374873518232
30
0
41
1
10
98.7099806901155
20
5.11825355222931
30
0
41
1
10
98.7014546029607
20
4.931770852802
30
0
41
1
10
98.6930114367766
20
4.74667961979304
30
0
41
1
10
98.6861315031209
20
4.59557896671123
30
0
41
1
10
98.6801761110475
20
4.46431485617228
30
0
41
1
10
98.677411284304
20
4.40278698511108
30
0
41
1
10
98.6761748844795
20
4.37630852111397
30
0
41
1
10
98.6761694701672
20
4.37619259215265
30
0
0
SPLINE
5
181
100
AcDbEntity
8
1
62
256
6
ByLayer
370
18
48
1
60
0
100
AcDbSpline
70
4
71
3
72
14
73
10
40
0
40
0
40
0
40
0
40
0.0251646095500238
40
0.0507801200283256
40
0.102011140984929
40
0.204473182898136
40
0.409397266724551
40
0.81924543437738
40
1
40
1
40
1
40
1
41
1
10
98.6761694701673
20
4.37619259215265
30
0
41
1
10
98.6758672994538
20
4.36972264085199
30
0
41
1
10
98.6752753170114
20
4.35719041696376
30
0
41
1
10
98.6741106095668
20
4.33377449052574
30
0
41
1
10
98.6719998612728
20
4.29631430855019
30
0
41
1
10
98.6664869872707
20
4.21268994131643
30
0
41
1
10
98.6518800295644
20
4.05175708506309
30
0
41
1
10
98.6256522589898
20
3.87210520531298
30
0
41
1
10
98.5967333025494
20
3.73997555589597
30
0
41
1
10
98.5869240428117
20
3.69978735519715
30
0
0
SPLINE
5
182
100
AcDbEntity
8
1
62
256
6
ByLayer
370
18
48
1
60
0
100
AcDbSpline
70
4
71
3
72
21
73
17
40
0
40
0
40
0
40
0
40
0.0039822658528455
40
0.0174419649629421
40
0.0309016640730388
40
0.0847404605134256
40
0.138579256953812
40
0.246256849834586
40
0.353934442715359
40
0.461612035596133
40
0.569289628476906
40
0.67696722135768
40
0.784644814238453
40
0.892322407119227
40
0.946161203559613
40
1
40
1
40
1
40
1
41
1
10
99.9947462273001
20
7.17086531911161
30
0
41
1
10
99.9947121681638
20
7.17238910715869
30
0
41
1
10
99.9945483057059
20
7.17914738444111
30
0
41
1
10
99.9941111023404
20
7.19192894015495
30
0
41
1
10
99.9922827023372
20
7.22579830871197
30
0
41
1
10
99.9868423995329
20
7.2752198987931
30
0
41
1
10
99.9698055072771
20
7.36225425600779
30
0
41
1
10
99.9354603295785
20
7.46608133345691
30
0
41
1
10
99.873788288119
20
7.58321584737158
30
0
41
1
10
99.7938540638742
20
7.68808531185169
30
0
41
1
10
99.6970393978021
20
7.7791044901029
30
0
41
1
10
99.5860689721195
20
7.85326933726262
30
0
41
1
10
99.4635752056539
20
7.90861975226233
30
0
41
1
10
99.3543934527007
20
7.93749913206548
30
0
41
1
10
99.2649959461756
20
7.94969969547168
30
0
41
1
10
99.2195235072525
20
7.95206857458476
30
0
41
1
10
99.1975471107104
20
7.95228629383763
30
0
0
SPLINE
5
183
100
AcDbEntity
8
1
62
256
6
ByLayer
370
18
48
1
60
0
100
AcDbSpline
70
4
71
3
72
8
73
4
40
0
40
0
40
0
40
0
40
1
40
1
40
1
40
1
41
1
10
99.1975471107104
20
7.95228629383763
30
0
41
1
10
99.1972210416672
20
7.95228952419018
30
0
41
1
10
99.1968958315682
20
7.95229274534782
30
0
41
1
10
99.196571454922
20
7.95229595756413
30
0
0
SPLINE
5
184
100
AcDbEntity
8
1
62
256
6
ByLayer
370
18
48
1
60
0
100
AcDbSpline
70
4
71
3
72
11
73
7
40
0
40
0
40
0
40
0
40
0.0589687449404351
40
0.484373627158149
40
0.970550635406965
40
1
40
1
40
1
40
1
41
1
10
99.196571454922
20
7.95229595756413
30
0
41
1
10
99.1859646653652
20
7.95240099380121
30
0
41
1
10
99.1061596661482
20
7.9531852401075
30
0
41
1
10
98.9462399064249
20
7.9546625349486
30
0
41
1
10
98.7911695734104
20
7.95590623635783
30
0
41
1
10
98.7061992203571
20
7.95652324065176
30
0
41
1
10
98.70134623842
20
7.95655827014844
30
0
0
SPLINE
5
185
100
AcDbEntity
8
1
62
256
6
ByLayer
370
18
48
1
60
0
100
AcDbSpline
70
4
71
3
72
17
73
13
40
0
40
0
40
0
40
0
40
0.0600950229142425
40
0.184038916465191
40
0.431926703567089
40
0.679814490668986
40
0.927702277770884
40
0.989674224546358
40
0.993547471219825
40
0.997420717893292
40
0.999357341230026
40
1
40
1
40
1
40
1
41
1
10
98.70134623842
20
7.95655827014844
30
0
41
1
10
98.545964303788
20
7.95767983850155
30
0
41
1
10
98.0700969061479
20
7.96045549529524
30
0
41
1
10
96.9530773201489
20
7.96248206562689
30
0
41
1
10
95.3499578562847
20
7.95234037441213
30
0
41
1
10
93.4257037363706
20
7.91958387677991
30
0
41
1
10
91.9795324772714
20
7.87968478496015
30
0
41
1
10
91.1718424865281
20
7.85212714035424
30
0
41
1
10
90.989592629906
20
7.84566939771477
30
0
41
1
10
90.9646905639569
20
7.8447810094045
30
0
41
1
10
90.9485293950813
20
7.84420025764302
30
0
41
1
10
90.9412078551186
20
7.84393475763721
30
0
41
1
10
90.9393445650042
20
7.84386354909759
30
0
0
SPLINE
5
186
100
AcDbEntity
8
1
62
256
6
ByLayer
370
18
48
1
60
0
100
AcDbSpline
70
4
71
3
72
20
73
16
40
0
40
0
40
0
40
0
40
0.0166268555036352
40
0.0415115835804371
40
0.0663963116572391
40
0.165935223964447
40
0.265474136271655
40
0.315243592425259
40
0.46455196088607
40
0.663629785500486
40
0.862707610114902
40
0.912477066268506
40
0.96224652242211
40
0.987131250498912
40
1
40
1
40
1
40
1
41
1
10
90.9393445650042
20
7.84386354909759
30
0
41
1
10
90.935592914053
20
7.84372017390155
30
0
41
1
10
90.9258311653654
20
7.84331104027223
30
0
41
1
10
90.9098144031037
20
7.84220934189372
30
0
41
1
10
90.8734081650054
20
7.8386118503237
30
0
41
1
10
90.819960499553
20
7.82933759997036
30
0
41
1
10
90.7620316740949
20
7.81209251604344
30
0
41
1
10
90.6939441214069
20
7.78524598210501
30
0
41
1
10
90.6080298733857
20
7.73918993528585
30
0
41
1
10
90.504774443361
20
7.65326420415596
30
0
41
1
10
90.4389767906357
20
7.56460928754964
30
0
41
1
10
90.4052491992736
20
7.50142597292566
30
0
41
1
10
90.3927671036476
20
7.47414231521739
30
0
41
1
10
90.3847531839466
20
7.45429894666802
30
0
41
1
10
90.3817808536795
20
7.44639942932358
30
0
41
1
10
90.3808032382569
20
7.44376888095283
30
0
0
SPLINE
5
187
100
AcDbEntity
8
1
62
256
6
ByLayer
370
18
48
1
60
0
100
AcDbSpline
70
4
71
3
72
13
73
9
40
0
40
0
40
0
40
0
40
0.0057624935460902
40
0.0296303931158645
40
0.220573589674059
40
0.602459982790449
40
0.984346375906838
40
1
40
1
40
1
40
1
41
1
10
90.3808032382569
20
7.44376888095283
30
0
41
1
10
90.3798904062858
20
7.44131265062038
30
0
41
1
10
90.3753560106806
20
7.42896126794108
30
0
41
1
10
90.3443746713024
20
7.3453352951297
30
0
41
1
10
90.2577411247279
20
7.11063814102027
30
0
41
1
10
90.1210277584922
20
6.74082630007132
30
0
41
1
10
90.0098099275729
20
6.43999613933798
30
0
41
1
10
89.9520881564046
20
6.28365123430282
30
0
41
1
10
89.9498184190183
20
6.27748733764409
30
0
0
SPLINE
5
188
100
AcDbEntity
8
1
62
256
6
ByLayer
370
18
48
1
60
0
100
AcDbSpline
70
4
71
3
72
17
73
13
40
0
40
0
40
0
40
0
40
0.0295588681041378
40
0.0735401813589712
40
0.161502807868638
40
0.337428060887972
40
0.513353313907306
40
0.689278566926639
40
0.865203819945973
40
0.95316644645564
40
0.997147759710474
40
1
40
1
40
1
40
1
41
1
10
89.9498184190183
20
6.27748733764409
30
0
41
1
10
89.9451665817376
20
6.26485440290668
30
0
41
1
10
89.9336258578059
20
6.23334495296336
30
0
41
1
10
89.9090064487658
20
6.1633466695902
30
0
41
1
10
89.8646960272583
20
6.02917792824854
30
0
41
1
10
89.8091725476054
20
5.83550760623322
30
0
41
1
10
89.7550979418261
20
5.60064270300546
30
0
41
1
10
89.7136484998696
20
5.36342247818536
30
0
41
1
10
89.6898838911091
20
5.1650606015393
30
0
41
1
10
89.6787224266191
20
5.02554894110148
30
0
41
1
10
89.6752486922144
20
4.96472934960138
30
0
41
1
10
89.6741204467383
20
4.94370282974037
30
0
41
1
10
89.6740520052111
20
4.94242266696008
30
0
0
SPLINE
5
189
100
AcDbEntity
8
1
62
256
6
ByLayer
370
18
48
1
60
0
100
AcDbSpline
70
4
71
3
72
13
73
9
40
0
40
0
40
0
40
0
40
0.048524245678232
40
0.0744689107990466
40
0.256081566644749
40
0.463638887611266
40
0.878753529544301
40
1
40
1
40
1
40
1
41
1
10
89.6740520052112
20
4.94242266696008
30
0
41
1
10
89.6730650839574
20
4.92396282380059
30
0
41
1
10
89.6716367926902
20
4.89575640819737
30
0
41
1
10
89.6666633258609
20
4.79938178613105
30
0
41
1
10
89.6585785329524
20
4.64314087596972
30
0
41
1
10
89.6428472562597
20
4.34039488881069
30
0
41
1
10
89.6282236023243
20
4.06037263542021
30
0
41
1
10
89.6176720687421
20
3.85847746687702
30
0
41
1
10
89.6152899010093
20
3.81283810325803
30
0
0
SPLINE
5
18A
100
AcDbEntity
8
1
62
256
6
ByLayer
370
18
48
1
60
0
100
AcDbSpline
70
4
71
3
72
12
73
8
40
0
40
0
40
0
40
0
40
0.504351814583389
40
0.684024883148844
40
0.863697951714299
40
0.953534485997027
40
1
40
1
40
1
40
1
41
1
10
99.109640163241
20
1.77969851763291
30
0
41
1
10
99.1312595966336
20
1.80607589110048
30
0
41
1
10
99.1575577684147
20
1.84419507860142
30
0
41
1
10
99.1845799495697
20
1.89481549109257
30
0
41
1
10
99.1970623464715
20
1.92209854205191
30
0
41
1
10
99.2050766897399
20
1.94194169135932
30
0
41
1
10
99.2080492406454
20
1.9498416992771
30
0
41
1
10
99.2090270301618
20
1.95247271975373
30
0
0
SPLINE
5
18B
100
AcDbEntity
8
1
62
256
6
ByLayer
370
18
48
1
60
0
100
AcDbSpline
70
4
71
3
72
13
73
9
40
0
40
0
40
0
40
0
40
0.0057614727139833
40
0.0296295181346314
40
0.220573881499816
40
0.602462608230185
40
0.984351334960555
40
1
40
1
40
1
40
1
41
1
10
99.2090270301618
20
1.95247271975373
30
0
41
1
10
99.2099397012009
20
1.95492852046738
30
0
41
1
10
99.2144739826284
20
1.96727971998362
30
0
41
1
10
99.2454537540976
20
2.05090707827674
30
0
41
1
10
99.3320859841429
20
2.28560828858843
30
0
41
1
10
99.4687982008084
20
2.65542243143312
30
0
41
1
10
99.5800167577951
20
2.95624852538376
30
0
41
1
10
99.6377392973853
20
3.112591050715
30
0
41
1
10
99.6400083630877
20
3.11875293946167
30
0
0
SPLINE
5
18C
100
AcDbEntity
8
1
62
256
6
ByLayer
370
18
48
1
60
0
100
AcDbSpline
70
4
71
3
72
17
73
13
40
0
40
0
40
0
40
0
40
0.0295634678907746
40
0.0735446958500567
40
0.161507151768621
40
0.33743206360575
40
0.513356975442878
40
0.689281887280007
40
0.865206799117135
40
0.953169255035699
40
0.997150482994981
40
1
40
1
40
1
40
1
41
1
10
99.6400083630877
20
3.11875293946167
30
0
41
1
10
99.6446610588404
20
3.13138782860139
30
0
41
1
10
99.6562028321506
20
3.16289920062252
30
0
41
1
10
99.6808233898109
20
3.23289949548379
30
0
41
1
10
99.7251342704248
20
3.36706866671372
30
0
41
1
10
99.7806574453919
20
3.56074009317538
30
0
41
1
10
99.8347316248105
20
3.79560547638008
30
0
41
1
10
99.8761809916751
20
4.03282549773024
30
0
41
1
10
99.8999454422191
20
4.23118734365829
30
0
41
1
10
99.9111067814784
20
4.37069906739953
30
0
41
1
10
99.9145804097423
20
4.43151736150924
30
0
41
1
10
99.9157085815162
20
4.45254265610393
30
0
41
1
10
99.9157769575633
20
4.45382159919137
30
0
0
SPLINE
5
18D
100
AcDbEntity
8
1
62
256
6
ByLayer
370
18
48
1
60
0
100
AcDbSpline
70
4
71
3
72
32
73
28
40
0
40
0
40
0
40
0
40
0.0201722500279436
40
0.030957120221128
40
0.106451211573418
40
0.192730173118893
40
0.365288096209843
40
0.451567057755318
40
0.494706538528055
40
0.537846019300793
40
0.543238454397385
40
0.548630889493977
40
0.554023324590569
40
0.556719542138865
40
0.559415759687161
40
0.564808194783754
40
0.570200629880346
40
0.58098550007353
40
0.624124980846268
40
0.710403942391742
40
0.796682903937217
40
0.882961865482692
40
0.969240827028167
40
0.980025697221351
40
0.990810567414536
40
0.996203002511128
40
1
40
1
40
1
40
1
41
1
10
99.9157769575633
20
4.45382159919137
30
0
41
1
10
99.9167639401989
20
4.47228266375291
30
0
41
1
10
99.9181922742695
20
4.50049030492764
30
0
41
1
10
99.9231657131147
20
4.59686632132826
30
0
41
1
10
99.9312501789173
20
4.75310790067914
30
0
41
1
10
99.9469805009194
20
5.05585582969775
30
0
41
1
10
99.9632999378427
20
5.36836858973786
30
0
41
1
10
99.9775931583833
20
5.64181583703169
30
0
41
1
10
99.9857144159282
20
5.79806990657889
30
0
41
1
10
99.9901192165929
20
5.88108176085152
30
0
41
1
10
99.9926586948353
20
5.9299106011274
30
0
41
1
10
99.9934015340268
20
5.94455926929504
30
0
41
1
10
99.9940615162636
20
5.95676845186551
30
0
41
1
10
99.9945643593279
20
5.96653281593905
30
0
41
1
10
99.9948679256221
20
5.97630043538362
30
0
41
1
10
99.9950201223028
20
5.98851513045221
30
0
41
1
10
99.9952758150991
20
6.00805825177017
30
0
41
1
10
99.9961406630432
20
6.06179587794375
30
0
41
1
10
99.9980468682113
20
6.18879931984955
30
0
41
1
10
99.9997328957471
20
6.38415735171833
30
0
41
1
10
100.000219638445
20
6.61852893769932
30
0
41
1
10
99.9991181538863
20
6.85284264530551
30
0
41
1
10
99.9971762943732
20
7.01877398084753
30
0
41
1
10
99.9956519733416
20
7.11636708784425
30
0
41
1
10
99.9952284532905
20
7.14082807063335
30
0
41
1
10
99.9949774949013
20
7.1587256912652
30
0
41
1
10
99.9948272849699
20
7.16723884110939
30
0
41
1
10
99.9947462273001
20
7.17086531911161
30
0
0
SPLINE
5
18E
100
AcDbEntity
8
1
62
256
6
ByLayer
370
18
48
1
60
0
100
AcDbSpline
70
4
71
3
72
57
73
53
40
0
40
0
40
0
40
0
40
0.0095682792740947
40
0.0191365585481894
40
0.0382731170963788
40
0.0574096756445682
40
0.0765462341927576
40
0.0956827927409469
40
0.114819351289136
40
0.133955909837326
40
0.153092468385515
40
0.16266074765961
40
0.172229026933705
40
0.174621096752228
40
0.177013166570752
40
0.179405236389275
40
0.181797306207799
40
0.186581445844847
40
0.191365585481894
40
0.229638702578273
40
0.267911819674651
40
0.30618493677103
40
0.344458053867409
40
0.363594612415598
40
0.368378752052646
40
0.370770821871169
40
0.373162891689693
40
0.374358926598955
40
0.375554961508217
40
0.377947031326741
40
0.380339101145264
40
0.382731170963788
40
0.401867729511977
40
0.421004288060167
40
0.459277405156545
40
0.535823639349303
40
0.574096756445682
40
0.607585733905013
40
0.612369873542061
40
0.621938152816155
40
0.63150643209025
40
0.650642990638439
40
0.688916107734818
40
0.727189224831197
40
0.765462341927576
40
0.803735459023954
40
0.822872017572144
40
0.832440296846238
40
0.842008576120333
40
0.918554810313091
40
0.995101044505848
40
1
40
1
40
1
40
1
41
1
10
99.1865077219746
20
7.75942672796504
30
0
41
1
10
99.2047669162184
20
7.75924582381495
30
0
41
1
10
99.2394670158054
20
7.75741101497036
30
0
41
1
10
99.3080861540011
20
7.74794812789605
30
0
41
1
10
99.3915043430642
20
7.72557263014704
30
0
41
1
10
99.4849850141398
20
7.68285658241001
30
0
41
1
10
99.5696574988966
20
7.62582210074191
30
0
41
1
10
99.6433347668159
20
7.55601620164995
30
0
41
1
10
99.7044155130359
20
7.4754097238702
30
0
41
1
10
99.7512984326952
20
7.38597350613867
30
0
41
1
10
99.7776087854586
20
7.30618015414905
30
0
41
1
10
99.7905199214556
20
7.23947413455312
30
0
41
1
10
99.794625087796
20
7.20177500375505
30
0
41
1
10
99.795976118507
20
7.17728304197013
30
0
41
1
10
99.7964270891448
20
7.16444286448913
30
0
41
1
10
99.7967061197172
20
7.15028613541495
30
0
41
1
10
99.7969830046583
20
7.13060766822872
30
0
41
1
10
99.797402126666
20
7.10629035665147
30
0
41
1
10
99.7992458817103
20
7.00968657580941
30
0
41
1
10
99.8019604046765
20
6.84418625587867
30
0
41
1
10
99.8039350510916
20
6.61109202375957
30
0
41
1
10
99.8029533322142
20
6.37781116821589
30
0
41
1
10
99.7993880468099
20
6.18340983443008
30
0
41
1
10
99.7958818200924
20
6.05705034931802
30
0
41
1
10
99.794202115816
20
6.00359095922431
30
0
41
1
10
99.7935702613309
20
5.9841512278289
30
0
41
1
10
99.793166655575
20
5.97200141605887
30
0
41
1
10
99.7928385981596
20
5.96228157936031
30
0
41
1
10
99.7925071072743
20
5.95256175130874
30
0
41
1
10
99.7920863341681
20
5.94041198277378
30
0
41
1
10
99.7915712416634
20
5.92583228799137
30
0
41
1
10
99.7898206854633
20
5.87723340028947
30
0
41
1
10
99.7865901496227
20
5.79461604304248
30
0
41
1
10
99.7797917747273
20
5.63909999550532
30
0
41
1
10
99.7663648468968
20
5.36693494167397
30
0
41
1
10
99.7491383180463
20
5.05581934704136
30
0
41
1
10
99.733148589346
20
4.75438396170358
30
0
41
1
10
99.7250365947263
20
4.59863820960527
30
0
41
1
10
99.7200814086754
20
4.50170228934792
30
0
41
1
10
99.7176271610562
20
4.45332263630561
30
0
41
1
10
99.7132553094863
20
4.37673237302886
30
0
41
1
10
99.7025873030438
20
4.24349346117248
30
0
41
1
10
99.6797952361627
20
4.05319821866752
30
0
41
1
10
99.6401307842346
20
3.82623038220586
30
0
41
1
10
99.5883156330035
20
3.60120618853642
30
0
41
1
10
99.5351468178654
20
3.41577005301198
30
0
41
1
10
99.4927308987998
20
3.28735470835468
30
0
41
1
10
99.4670676919783
20
3.21439507476404
30
0
41
1
10
99.3994742805494
20
3.03130145052029
30
0
41
1
10
99.2823133566518
20
2.71446995062237
30
0
41
1
10
99.1686207387638
20
2.40667039588422
30
0
41
1
10
99.1109218562152
20
2.25062131533755
30
0
41
1
10
99.1074515491073
20
2.24123586000536
30
0
0
SPLINE
5
18F
100
AcDbEntity
8
1
62
256
6
ByLayer
370
18
48
1
60
0
100
AcDbSpline
70
4
71
3
72
51
73
47
40
0
40
0
40
0
40
0
40
0.0136196425243504
40
0.0515573485811061
40
0.070526201609484
40
0.0871239480093146
40
0.0894950546378619
40
0.0942372678949563
40
0.0989794811520508
40
0.10846390766624
40
0.127432760694618
40
0.146401613722996
40
0.165370466751373
40
0.184339319779751
40
0.19382374629394
40
0.198565959551035
40
0.203308172808129
40
0.241245878864885
40
0.279183584921641
40
0.298152437950019
40
0.300523544578566
40
0.301709097892839
40
0.302894651207113
40
0.30526575783566
40
0.307636864464208
40
0.317121290978396
40
0.326605717492585
40
0.333719037378227
40
0.336090144006774
40
0.340832357263869
40
0.345574570520963
40
0.346760123835237
40
0.347945677149511
40
0.349131230463784
40
0.350316783778058
40
0.352687890406605
40
0.355058997035152
40
0.392996703091908
40
0.544747527318931
40
0.696498351545954
40
0.848249175772977
40
0.924124587886488
40
0.962062293943244
40
0.981031146971622
40
0.997628893371453
40
1
40
1
40
1
40
1
41
1
10
89.8114745850336
20
3.78405724920546
30
0
41
1
10
89.8141300375451
20
3.83988966105724
30
0
41
1
10
89.8246769491919
20
4.05125025806902
30
0
41
1
10
89.8406893551188
20
4.34043153409996
30
0
41
1
10
89.8566800506104
20
4.64186494410654
30
0
41
1
10
89.8647924233142
20
4.79760992720688
30
0
41
1
10
89.8697477195758
20
4.89454561725552
30
0
41
1
10
89.8722019963604
20
4.94292520661699
30
0
41
1
10
89.8765738847754
20
5.01951542067437
30
0
41
1
10
89.8872420107315
20
5.15275437735804
30
0
41
1
10
89.9100341601034
20
5.34304972466748
30
0
41
1
10
89.9496988271988
20
5.57001745669064
30
0
41
1
10
90.0015142219593
20
5.79504112591002
30
0
41
1
10
90.054683190494
20
5.98047631621
30
0
41
1
10
90.0970987716338
20
6.10889129082406
30
0
41
1
10
90.1227615433217
20
6.18185083586971
30
0
41
1
10
90.1903532795378
20
6.36494534633596
30
0
41
1
10
90.3075123765615
20
6.68177830659994
30
0
41
1
10
90.4452226800707
20
7.05459496982439
30
0
41
1
10
90.5294085986352
20
7.28217403683468
30
0
41
1
10
90.5630374180644
20
7.37331952618698
30
0
41
1
10
90.569107952392
20
7.38963324341782
30
0
41
1
10
90.5750432573331
20
7.40451929744671
30
0
41
1
10
90.5833389708139
20
7.42259450316385
30
0
41
1
10
90.605870127785
20
7.46492078115608
30
0
41
1
10
90.6492965168265
20
7.52343270030008
30
0
41
1
10
90.7180911001833
20
7.58101927443835
30
0
41
1
10
90.775532592887
20
7.61186964893636
30
0
41
1
10
90.8208202915505
20
7.62978783656257
30
0
41
1
10
90.8597373324151
20
7.64135488875303
30
0
41
1
10
90.8959056376334
20
7.64761511784451
30
0
41
1
10
90.9194851573429
20
7.64998013833613
30
0
41
1
10
90.9315499040757
20
7.65081755495538
30
0
41
1
10
90.9451601733712
20
7.65135944181307
30
0
41
1
10
90.9648673344119
20
7.6520038268749
30
0
41
1
10
90.9900045847792
20
7.65291997743884
30
0
41
1
10
91.1702299089228
20
7.65931462984017
30
0
41
1
10
91.9812441348888
20
7.68697114969578
30
0
41
1
10
93.4230256832575
20
7.72674109332812
30
0
41
1
10
95.3451244317942
20
7.75946177031125
30
0
41
1
10
96.946449888533
20
7.76959241603586
30
0
41
1
10
98.0670509061817
20
7.76755942043488
30
0
41
1
10
98.6272516665507
20
7.76426890138612
30
0
41
1
10
98.9373395913709
20
7.7617819188672
30
0
41
1
10
99.0973693297408
20
7.76030360484736
30
0
41
1
10
99.1773781248526
20
7.75951718004009
30
0
41
1
10
99.1865077219746
20
7.75942672796504
30
0
0
LINE
5
7A
100
AcDbEntity
8
80
62
256
6
ByLayer
370
18
48
1
60
0
100
AcDbLine
10
0
20
0
30
0
11
-5
21
0
31
0
39
0
210
0
220
0
230
1
0
LINE
5
7B
100
AcDbEntity
8
4
62
256
6
ByLayer
370
18
48
0.05
60
0
100
AcDbLine
10
49
20
0
30
0
11
105
21
0
31
0
39
0
210
0
220
0
230
1
0
LINE
5
7D
100
AcDbEntity
8
SK4
62
256
6
ByLayer
370
18
48
0.05
60
0
100
AcDbLine
10
-5
20
0
30
0
11
105
21
0
31
0
39
0
210
0
220
0
230
1
0
LINE
5
7F
100
AcDbEntity
8
81
62
256
6
ByLayer
370
18
48
1
60
0
100
AcDbLine
10
100
20
8
30
0
11
105
21
8
31
0
39
0
210
0
220
0
230
1
0
LINE
5
80
100
AcDbEntity
8
1
62
256
6
ByLayer
370
18
48
1
60
0
100
AcDbLine
10
49
20
-7.99725
30
0
11
49
21
7.99725
31
0
39
0
210
0
220
0
230
1
0
LINE
5
81
100
AcDbEntity
8
1
62
256
6
ByLayer
370
13
48
1
60
0
100
AcDbLine
10
98.563673
20
-6.542985
30
0
11
98.653727
21
-6.253678
31
0
39
0
210
0
220
0
230
1
0
LINE
5
82
100
AcDbEntity
8
1
62
256
6
ByLayer
370
13
48
1
60
0
100
AcDbLine
10
89.818096
20
-6.820701
30
0
11
89.818096
21
3.783329
31
0
39
0
210
0
220
0
230
1
0
LINE
5
83
100
AcDbEntity
8
1
62
256
6
ByLayer
370
13
48
1
60
0
100
AcDbLine
10
97.461705
20
-2.415177
30
0
11
97.461705
21
-2.468708
31
0
39
0
210
0
220
0
230
1
0
LINE
5
84
100
AcDbEntity
8
1
62
256
6
ByLayer
370
13
48
1
60
0
100
AcDbLine
10
90.178919
20
3.755481
30
0
11
90.178919
21
-6.880972
31
0
39
0
210
0
220
0
230
1
0
LINE
5
85
100
AcDbEntity
8
1
62
256
6
ByLayer
370
13
48
1
60
0
100
AcDbLine
10
96.128241
20
-4.4245
30
0
11
96.128241
21
-6.058241
31
0
39
0
210
0
220
0
230
1
0
LINE
5
86
100
AcDbEntity
8
1
62
256
6
ByLayer
370
13
48
1
60
0
100
AcDbLine
10
98.36172
20
-6.103384
30
0
11
98.36172
21
3.717595
31
0
39
0
210
0
220
0
230
1
0
LINE
5
87
100
AcDbEntity
8
1
62
256
6
ByLayer
370
13
48
1
60
0
100
AcDbLine
10
96.128241
20
3.744431
30
0
11
96.128241
21
-0.513695
31
0
39
0
210
0
220
0
230
1
0
LINE
5
88
100
AcDbEntity
8
1
62
256
6
ByLayer
370
13
48
1
60
0
100
AcDbLine
10
96.126491
20
-0.513361
30
0
11
96.126491
21
3.744452
31
0
39
0
210
0
220
0
230
1
0
LINE
5
89
100
AcDbEntity
8
1
62
256
6
ByLayer
370
13
48
1
60
0
100
AcDbLine
10
96.126491
20
-6.05821
30
0
11
96.126491
21
-4.424945
31
0
39
0
210
0
220
0
230
1
0
LINE
5
8A
100
AcDbEntity
8
1
62
256
6
ByLayer
370
13
48
1
60
0
100
AcDbLine
10
92.991783
20
3.780255
30
0
11
92.991783
21
-6.008762
31
0
39
0
210
0
220
0
230
1
0
LINE
5
8B
100
AcDbEntity
8
1
62
256
6
ByLayer
370
13
48
1
60
0
100
AcDbLine
10
92.623315
20
-5.989534
30
0
11
92.623315
21
3.777525
31
0
39
0
210
0
220
0
230
1
0
LINE
5
8C
100
AcDbEntity
8
1
62
256
6
ByLayer
370
13
48
1
60
0
100
AcDbLine
10
74.553863
20
-7.165
30
0
11
74.553863
21
7.165
31
0
39
0
210
0
220
0
230
1
0
LINE
5
8D
100
AcDbEntity
8
1
62
256
6
ByLayer
370
13
48
1
60
0
100
AcDbLine
10
97.461705
20
-2.415177
30
0
11
97.466636
21
-2.405194
31
0
39
0
210
0
220
0
230
1
0
LINE
5
8E
100
AcDbEntity
8
1
62
256
6
ByLayer
370
18
48
1
60
0
100
AcDbLine
10
73.8
20
7.69725
30
0
11
73.8
21
-7.69725
31
0
39
0
210
0
220
0
230
1
0
LINE
5
8F
100
AcDbEntity
8
1
62
256
6
ByLayer
370
18
48
1
60
0
100
AcDbLine
10
73.5
20
7.99725
30
0
11
73.5
21
-7.99725
31
0
39
0
210
0
220
0
230
1
0
LINE
5
90
100
AcDbEntity
8
1
62
256
6
ByLayer
370
18
48
1
60
0
100
AcDbLine
10
94.730793
20
5.296018
30
0
11
94.730473
21
5.276731
31
0
39
0
210
0
220
0
230
1
0
LINE
5
91
100
AcDbEntity
8
1
62
256
6
ByLayer
370
18
48
1
60
0
100
AcDbLine
10
94.231971
20
4.979446
30
0
11
94.214638
21
4.988207
31
0
39
0
210
0
220
0
230
1
0
LINE
5
92
100
AcDbEntity
8
1
62
256
6
ByLayer
370
13
48
1
60
0
100
AcDbLine
10
94.054084
20
5.339647
30
0
11
94.231971
21
4.979446
31
0
39
0
210
0
220
0
230
1
0
LINE
5
93
100
AcDbEntity
8
1
62
256
6
ByLayer
370
13
48
1
60
0
100
AcDbLine
10
94.552587
20
5.636931
30
0
11
94.730473
21
5.276731
31
0
39
0
210
0
220
0
230
1
0
LINE
5
94
100
AcDbEntity
8
1
62
256
6
ByLayer
370
18
48
1
60
0
100
AcDbLine
10
94.551457
20
5.659152
30
0
11
94.730793
21
5.296018
31
0
39
0
210
0
220
0
230
1
0
LINE
5
95
100
AcDbEntity
8
1
62
256
6
ByLayer
370
18
48
1
60
0
100
AcDbLine
10
94.035303
20
5.351341
30
0
11
94.214638
21
4.988207
31
0
39
0
210
0
220
0
230
1
0
LINE
5
96
100
AcDbEntity
8
1
62
256
6
ByLayer
370
13
48
1
60
0
100
AcDbLine
10
95.643612
20
5.395433
30
0
11
95.821498
21
5.035233
31
0
39
0
210
0
220
0
230
1
0
LINE
5
97
100
AcDbEntity
8
1
62
256
6
ByLayer
370
18
48
1
60
0
100
AcDbLine
10
95.83883
20
5.04521
30
0
11
95.821498
21
5.035233
31
0
39
0
210
0
220
0
230
1
0
LINE
5
98
100
AcDbEntity
8
1
62
256
6
ByLayer
370
18
48
1
60
0
100
AcDbLine
10
93.935709
20
3.910633
30
0
11
93.918697
21
3.900129
31
0
39
0
210
0
220
0
230
1
0
LINE
5
99
100
AcDbEntity
8
1
62
256
6
ByLayer
370
13
48
1
60
0
100
AcDbLine
10
93.757823
20
4.270833
30
0
11
93.935709
21
3.910633
31
0
39
0
210
0
220
0
230
1
0
LINE
5
9A
100
AcDbEntity
8
1
62
256
6
ByLayer
370
18
48
1
60
0
100
AcDbLine
10
95.659495
20
5.408344
30
0
11
95.83883
21
5.04521
31
0
39
0
210
0
220
0
230
1
0
LINE
5
9B
100
AcDbEntity
8
1
62
256
6
ByLayer
370
18
48
1
60
0
100
AcDbLine
10
93.739361
20
4.263263
30
0
11
93.918697
21
3.900129
31
0
39
0
210
0
220
0
230
1
0
LINE
5
9C
100
AcDbEntity
8
1
62
256
6
ByLayer
370
13
48
1
60
0
100
AcDbLine
10
95.939873
20
4.347415
30
0
11
96.011158
21
4.20307
31
0
39
0
210
0
220
0
230
1
0
LINE
5
9D
100
AcDbEntity
8
1
62
256
6
ByLayer
370
18
48
1
60
0
100
AcDbLine
10
95.955436
20
4.341039
30
0
11
96.013788
21
4.222884
31
0
39
0
210
0
220
0
230
1
0
LINE
5
9E
100
AcDbEntity
8
1
62
256
6
ByLayer
370
18
48
1
60
0
100
AcDbLine
10
93.048855
20
-6.289795
30
0
11
95.915282
21
-6.536432
31
0
39
0
210
0
220
0
230
1
0
LINE
5
9F
100
AcDbEntity
8
SK1
62
256
6
ByLayer
370
18
48
1
60
0
100
AcDbLine
10
0
20
6.99725
30
0
11
0
21
-6.99725
31
0
39
0
210
0
220
0
230
1
0
LINE
5
A1
100
AcDbEntity
8
SK1
62
256
6
ByLayer
370
18
48
1
60
0
100
AcDbLine
10
49
20
-7.99725
30
0
11
49
21
7.99725
31
0
39
0
210
0
220
0
230
1
0
LINE
5
A2
100
AcDbEntity
8
SK1
62
256
6
ByLayer
370
18
48
1
60
0
100
AcDbLine
10
1
20
7.99725
30
0
11
1
21
-7.99725
31
0
39
0
210
0
220
0
230
1
0
LINE
5
A3
100
AcDbEntity
8
1
62
256
6
ByLayer
370
18
48
1
60
0
100
AcDbLine
10
49
20
-7.99725
30
0
11
73.5
21
-7.99725
31
0
39
0
210
0
220
0
230
1
0
LINE
5
A4
100
AcDbEntity
8
1
62
256
6
ByLayer
370
18
48
1
60
0
100
AcDbLine
10
73.5
20
7.99725
30
0
11
49
21
7.99725
31
0
39
0
210
0
220
0
230
1
0
LINE
5
A5
100
AcDbEntity
8
1
62
256
6
ByLayer
370
18
48
1
60
0
100
AcDbLine
10
74.553863
20
-7.165
30
0
11
80.925143
21
-7.165
31
0
39
0
210
0
220
0
230
1
0
LINE
5
A6
100
AcDbEntity
8
1
62
256
6
ByLayer
370
18
48
1
60
0
100
AcDbLine
10
80.925143
20
7.165
30
0
11
74.553863
21
7.165
31
0
39
0
210
0
220
0
230
1
0
LINE
5
A7
100
AcDbEntity
8
1
62
256
6
ByLayer
370
18
48
1
60
0
100
AcDbLine
10
99.107542
20
-6.016996
30
0
11
99.107542
21
3.447973
31
0
39
0
210
0
220
0
230
1
0
LINE
5
A8
100
AcDbEntity
8
1
62
256
6
ByLayer
370
18
48
1
60
0
100
AcDbLine
10
73.8
20
7.69725
30
0
11
73.5
21
7.99725
31
0
39
0
210
0
220
0
230
1
0
LINE
5
A9
100
AcDbEntity
8
1
62
256
6
ByLayer
370
18
48
1
60
0
100
AcDbLine
10
73.5
20
-7.99725
30
0
11
73.8
21
-7.69725
31
0
39
0
210
0
220
0
230
1
0
LINE
5
AA
100
AcDbEntity
8
1
62
256
6
ByLayer
370
18
48
1
60
0
100
AcDbLine
10
95.164297
20
5.593445
30
0
11
95.338266
21
5.241177
31
0
39
0
210
0
220
0
230
1
0
LINE
5
AB
100
AcDbEntity
8
1
62
256
6
ByLayer
370
18
48
1
60
0
100
AcDbLine
10
93.99969
20
4.395468
30
0
11
93.827833
21
4.74346
31
0
39
0
210
0
220
0
230
1
0
LINE
5
AC
100
AcDbEntity
8
1
62
256
6
ByLayer
370
18
48
1
60
0
100
AcDbLine
10
95.881921
20
4.409949
30
0
11
96.002619
21
4.16555
31
0
39
0
210
0
220
0
230
1
0
LINE
5
AD
100
AcDbEntity
8
1
62
256
6
ByLayer
370
18
48
1
60
0
100
AcDbLine
10
96.86802
20
4.693888
30
0
11
96.784151
21
5.069279
31
0
39
0
210
0
220
0
230
1
0
LINE
5
AE
100
AcDbEntity
8
SK1
62
256
6
ByLayer
370
18
48
1
60
0
100
AcDbLine
10
0
20
-6.99725
30
0
11
1
21
-7.99725
31
0
39
0
210
0
220
0
230
1
0
LINE
5
AF
100
AcDbEntity
8
SK1
62
256
6
ByLayer
370
18
48
1
60
0
100
AcDbLine
10
1
20
7.99725
30
0
11
0
21
6.99725
31
0
39
0
210
0
220
0
230
1
0
LINE
5
B0
100
AcDbEntity
8
SK1
62
256
6
ByLayer
370
18
48
1
60
0
100
AcDbLine
10
1
20
-7.99725
30
0
11
49
21
-7.99725
31
0
39
0
210
0
220
0
230
1
0
LINE
5
B1
100
AcDbEntity
8
SK1
62
256
6
ByLayer
370
18
48
1
60
0
100
AcDbLine
10
49
20
7.99725
30
0
11
1
21
7.99725
31
0
39
0
210
0
220
0
230
1
0
LINE
5
B2
100
AcDbEntity
8
SK2
62
256
6
ByLayer
370
18
48
1
60
0
100
AcDbLine
10
100
20
40.25
30
0
11
0
21
40.25
31
0
39
0
210
0
220
0
230
1
0
LINE
5
B4
100
AcDbEntity
8
SK2
62
256
6
ByLayer
370
18
48
1
60
0
100
AcDbLine
10
0
20
8.58475
30
0
11
0
21
42.25
31
0
39
0
210
0
220
0
230
1
0
LINE
5
B5
100
AcDbEntity
8
SK2
62
256
6
ByLayer
370
18
48
1
60
0
100
AcDbLine
10
100
20
9.5875
30
0
11
100
21
42.25
31
0
39
0
210
0
220
0
230
1
0
LINE
5
B6
100
AcDbEntity
8
1
62
256
6
ByLayer
370
18
48
1
60
1
100
AcDbLine
10
0
20
40.25
30
0
11
3.499998
21
40.710784
31
0
39
0
210
0
220
0
230
1
0
LINE
5
B7
100
AcDbEntity
8
1
62
256
6
ByLayer
370
18
48
1
60
1
100
AcDbLine
10
3.499998
20
40.710784
30
0
11
3.500002
21
39.789216
31
0
39
0
210
0
220
0
230
1
0
LINE
5
B8
100
AcDbEntity
8
1
62
256
6
ByLayer
370
18
48
1
60
1
100
AcDbLine
10
3.500002
20
39.789216
30
0
11
0
21
40.25
31
0
39
0
210
0
220
0
230
1
0
LINE
5
B9
100
AcDbEntity
8
1
62
256
6
ByLayer
370
18
48
1
60
1
100
AcDbLine
10
100
20
40.25
30
0
11
96.500002
21
39.789216
31
0
39
0
210
0
220
0
230
1
0
LINE
5
BA
100
AcDbEntity
8
1
62
256
6
ByLayer
370
18
48
1
60
1
100
AcDbLine
10
96.500002
20
39.789216
30
0
11
96.499998
21
40.710784
31
0
39
0
210
0
220
0
230
1
0
LINE
5
BB
100
AcDbEntity
8
1
62
256
6
ByLayer
370
18
48
1
60
1
100
AcDbLine
10
96.499998
20
40.710784
30
0
11
100
21
40.25
31
0
39
0
210
0
220
0
230
1
0
LINE
5
BC
100
AcDbEntity
8
2
62
256
6
ByLayer
370
13
48
1
60
0
100
AcDbLine
10
109.102095
20
8
30
0
11
109.102095
21
-8
31
0
39
0
210
0
220
0
230
1
0
LINE
5
BE
100
AcDbEntity
8
2
62
256
6
ByLayer
370
13
48
1
60
0
100
AcDbLine
10
101.5875
20
-8
30
0
11
111.102095
21
-8
31
0
39
0
210
0
220
0
230
1
0
LINE
5
BF
100
AcDbEntity
8
2
62
256
6
ByLayer
370
13
48
1
60
0
100
AcDbLine
10
101.5875
20
8
30
0
11
111.102095
21
8
31
0
39
0
210
0
220
0
230
1
0
LINE
5
C0
100
AcDbEntity
8
1
62
256
6
ByLayer
370
18
48
1
60
1
100
AcDbLine
10
109.102095
20
-8
30
0
11
108.641311
21
-4.500002
31
0
39
0
210
0
220
0
230
1
0
LINE
5
C1
100
AcDbEntity
8
1
62
256
6
ByLayer
370
18
48
1
60
1
100
AcDbLine
10
108.641311
20
-4.500002
30
0
11
109.562878
21
-4.499998
31
0
39
0
210
0
220
0
230
1
0
LINE
5
C2
100
AcDbEntity
8
1
62
256
6
ByLayer
370
18
48
1
60
1
100
AcDbLine
10
109.562878
20
-4.499998
30
0
11
109.102095
21
-8
31
0
39
0
210
0
220
0
230
1
0
LINE
5
C3
100
AcDbEntity
8
1
62
256
6
ByLayer
370
18
48
1
60
1
100
AcDbLine
10
109.102095
20
8
30
0
11
109.562878
21
4.500002
31
0
39
0
210
0
220
0
230
1
0
LINE
5
C4
100
AcDbEntity
8
1
62
256
6
ByLayer
370
18
48
1
60
1
100
AcDbLine
10
109.562878
20
4.500002
30
0
11
108.641311
21
4.499998
31
0
39
0
210
0
220
0
230
1
0
LINE
5
C5
100
AcDbEntity
8
1
62
256
6
ByLayer
370
18
48
1
60
1
100
AcDbLine
10
108.641311
20
4.499998
30
0
11
109.102095
21
8
31
0
39
0
210
0
220
0
230
1
0
LINE
5
C6
100
AcDbEntity
8
SK2
62
256
6
ByLayer
370
18
48
1
60
0
100
AcDbLine
10
-16.6
20
7.99725
30
0
11
-16.6
21
-7.99725
31
0
39
0
210
0
220
0
230
1
0
LINE
5
C7
100
AcDbEntity
8
SK2
62
256
6
ByLayer
370
18
48
1
60
0
100
AcDbLine
10
-0.5875
20
-7.99725
30
0
11
-18.6
21
-7.99725
31
0
39
0
210
0
220
0
230
1
0
LINE
5
C8
100
AcDbEntity
8
SK2
62
256
6
ByLayer
370
18
48
1
60
0
100
AcDbLine
10
-0.5875
20
7.99725
30
0
11
-18.6
21
7.99725
31
0
39
0
210
0
220
0
230
1
0
LINE
5
C9
100
AcDbEntity
8
1
62
256
6
ByLayer
370
18
48
1
60
1
100
AcDbLine
10
-16.6
20
-7.99725
30
0
11
-17.060784
21
-4.497252
31
0
39
0
210
0
220
0
230
1
0
LINE
5
CA
100
AcDbEntity
8
1
62
256
6
ByLayer
370
18
48
1
60
1
100
AcDbLine
10
-17.060784
20
-4.497252
30
0
11
-16.139216
21
-4.497248
31
0
39
0
210
0
220
0
230
1
0
LINE
5
CB
100
AcDbEntity
8
1
62
256
6
ByLayer
370
18
48
1
60
1
100
AcDbLine
10
-16.139216
20
-4.497248
30
0
11
-16.6
21
-7.99725
31
0
39
0
210
0
220
0
230
1
0
LINE
5
CC
100
AcDbEntity
8
1
62
256
6
ByLayer
370
18
48
1
60
1
100
AcDbLine
10
-16.6
20
7.99725
30
0
11
-16.139216
21
4.497252
31
0
39
0
210
0
220
0
230
1
0
LINE
5
CD
100
AcDbEntity
8
1
62
256
6
ByLayer
370
18
48
1
60
1
100
AcDbLine
10
-16.139216
20
4.497252
30
0
11
-17.060784
21
4.497248
31
0
39
0
210
0
220
0
230
1
0
LINE
5
CE
100
AcDbEntity
8
1
62
256
6
ByLayer
370
18
48
1
60
1
100
AcDbLine
10
-17.060784
20
4.497248
30
0
11
-16.6
21
7.99725
31
0
39
0
210
0
220
0
230
1
0
LINE
5
193
100
AcDbEntity
8
1
62
256
6
ByLayer
370
18
48
1
60
1
100
AcDbLine
10
0
20
40.25
30
0
11
3.499998
21
40.710784
31
0
39
0
210
0
220
0
230
1
0
LINE
5
194
100
AcDbEntity
8
1
62
256
6
ByLayer
370
18
48
1
60
1
100
AcDbLine
10
3.499998
20
40.710784
30
0
11
3.500002
21
39.789216
31
0
39
0
210
0
220
0
230
1
0
LINE
5
195
100
AcDbEntity
8
1
62
256
6
ByLayer
370
18
48
1
60
1
100
AcDbLine
10
3.500002
20
39.789216
30
0
11
0
21
40.25
31
0
39
0
210
0
220
0
230
1
0
LINE
5
197
100
AcDbEntity
8
1
62
256
6
ByLayer
370
18
48
1
60
1
100
AcDbLine
10
100
20
40.25
30
0
11
96.500002
21
39.789216
31
0
39
0
210
0
220
0
230
1
0
LINE
5
198
100
AcDbEntity
8
1
62
256
6
ByLayer
370
18
48
1
60
1
100
AcDbLine
10
96.500002
20
39.789216
30
0
11
96.499998
21
40.710784
31
0
39
0
210
0
220
0
230
1
0
LINE
5
199
100
AcDbEntity
8
1
62
256
6
ByLayer
370
18
48
1
60
1
100
AcDbLine
10
96.499998
20
40.710784
30
0
11
100
21
40.25
31
0
39
0
210
0
220
0
230
1
0
LINE
5
19D
100
AcDbEntity
8
1
62
256
6
ByLayer
370
18
48
1
60
1
100
AcDbLine
10
109.102095
20
-8
30
0
11
108.641311
21
-4.500002
31
0
39
0
210
0
220
0
230
1
0
LINE
5
19E
100
AcDbEntity
8
1
62
256
6
ByLayer
370
18
48
1
60
1
100
AcDbLine
10
108.641311
20
-4.500002
30
0
11
109.562878
21
-4.499998
31
0
39
0
210
0
220
0
230
1
0
LINE
5
19F
100
AcDbEntity
8
1
62
256
6
ByLayer
370
18
48
1
60
1
100
AcDbLine
10
109.562878
20
-4.499998
30
0
11
109.102095
21
-8
31
0
39
0
210
0
220
0
230
1
0
LINE
5
1A1
100
AcDbEntity
8
1
62
256
6
ByLayer
370
18
48
1
60
1
100
AcDbLine
10
109.102095
20
8
30
0
11
109.562878
21
4.500002
31
0
39
0
210
0
220
0
230
1
0
LINE
5
1A2
100
AcDbEntity
8
1
62
256
6
ByLayer
370
18
48
1
60
1
100
AcDbLine
10
109.562878
20
4.500002
30
0
11
108.641311
21
4.499998
31
0
39
0
210
0
220
0
230
1
0
LINE
5
1A3
100
AcDbEntity
8
1
62
256
6
ByLayer
370
18
48
1
60
1
100
AcDbLine
10
108.641311
20
4.499998
30
0
11
109.102095
21
8
31
0
39
0
210
0
220
0
230
1
0
LINE
5
1A7
100
AcDbEntity
8
1
62
256
6
ByLayer
370
18
48
1
60
1
100
AcDbLine
10
-16.6
20
-7.99725
30
0
11
-17.060784
21
-4.497252
31
0
39
0
210
0
220
0
230
1
0
LINE
5
1A8
100
AcDbEntity
8
1
62
256
6
ByLayer
370
18
48
1
60
1
100
AcDbLine
10
-17.060784
20
-4.497252
30
0
11
-16.139216
21
-4.497248
31
0
39
0
210
0
220
0
230
1
0
LINE
5
1A9
100
AcDbEntity
8
1
62
256
6
ByLayer
370
18
48
1
60
1
100
AcDbLine
10
-16.139216
20
-4.497248
30
0
11
-16.6
21
-7.99725
31
0
39
0
210
0
220
0
230
1
0
LINE
5
1AB
100
AcDbEntity
8
1
62
256
6
ByLayer
370
18
48
1
60
1
100
AcDbLine
10
-16.6
20
7.99725
30
0
11
-16.139216
21
4.497252
31
0
39
0
210
0
220
0
230
1
0
LINE
5
1AC
100
AcDbEntity
8
1
62
256
6
ByLayer
370
18
48
1
60
1
100
AcDbLine
10
-16.139216
20
4.497252
30
0
11
-17.060784
21
4.497248
31
0
39
0
210
0
220
0
230
1
0
LINE
5
1AD
100
AcDbEntity
8
1
62
256
6
ByLayer
370
18
48
1
60
1
100
AcDbLine
10
-17.060784
20
4.497248
30
0
11
-16.6
21
7.99725
31
0
39
0
210
0
220
0
230
1
0
MTEXT
5
190
100
AcDbEntity
8
SK2
62
256
6
ByLayer
370
18
48
1
60
0
100
AcDbMText
10
47.224734
20
41.282634
30
0
210
0
220
0
230
1
1
\W0.6217;100
40
3.5
41
0
44
1.084337
50
0
71
7
72
5
7
iso_b_vert
0
MTEXT
5
19B
100
AcDbEntity
8
2
62
256
6
ByLayer
370
18
48
1
60
0
100
AcDbMText
10
107.537461
20
-4.093189
30
0
210
0
220
0
230
1
1
%%c
40
3.5
41
0
44
1.084337
50
90
71
7
72
5
7
iso_b_vert
0
MTEXT
5
19C
100
AcDbEntity
8
2
62
256
6
ByLayer
370
18
48
1
60
0
100
AcDbMText
10
107.537461
20
2.879467
30
0
210
0
220
0
230
1
1
\W0.5321;16
40
3.5
41
0
44
1.084337
50
90
71
7
72
5
7
iso_b_vert
0
MTEXT
5
1A5
100
AcDbEntity
8
SK2
62
256
6
ByLayer
370
18
48
1
60
0
100
AcDbMText
10
-18.164634
20
-4.093189
30
0
210
0
220
0
230
1
1
%%c
40
3.5
41
0
44
1.084337
50
90
71
7
72
5
7
iso_b_vert
0
MTEXT
5
1A6
100
AcDbEntity
8
SK2
62
256
6
ByLayer
370
18
48
1
60
0
100
AcDbMText
10
-18.164634
20
2.879467
30
0
210
0
220
0
230
1
1
\W0.5321;16
40
3.5
41
0
44
1.084337
50
90
71
7
72
5
7
iso_b_vert
0
MTEXT
5
1AF
100
AcDbEntity
8
SK6
62
256
6
ByLayer
370
18
48
1
60
0
100
AcDbMText
10
29.948584
20
-34.217366
30
0
210
0
220
0
230
1
1
\W0.7336;MS20-R016A16-10L
40
3.5
41
0
44
1.084337
50
0
71
7
72
5
7
iso_b_vert
0
HATCH
5
196
100
AcDbEntity
8
SK2
62
256
6
ByLayer
370
13
48
1
60
0
100
AcDbHatch
10
0
20
0
30
0
210
0
220
0
230
1
2
ANSI31
70
0
71
0
91
1
92
5
93
3
72
1
10
-2.84E-14
20
40.2499999999996
11
3.49999830744679
21
40.7107837415524
72
1
10
3.49999830744679
20
40.7107837415524
11
3.50000169255316
21
39.7892162584469
72
1
10
3.50000169255316
20
39.7892162584469
11
-2.84E-14
21
40.2499999999996
97
0
75
0
76
1
52
0
41
0.0062
77
0
78
1
53
45
43
0
44
0
45
-0.0139193969876572
46
0.0139193969876572
79
0
47
0
98
1
10
0
20
0
0
HATCH
5
19A
100
AcDbEntity
8
SK2
62
256
6
ByLayer
370
13
48
1
60
0
100
AcDbHatch
10
0
20
0
30
0
210
0
220
0
230
1
2
ANSI31
70
0
71
0
91
1
92
5
93
3
72
1
10
100
20
40.2499999999996
11
96.5000016925532
21
39.7892162584469
72
1
10
96.5000016925532
20
39.7892162584469
11
96.4999983074468
21
40.7107837415524
72
1
10
96.4999983074468
20
40.7107837415524
11
100
21
40.2499999999996
97
0
75
0
76
1
52
0
41
0.0062
77
0
78
1
53
45
43
0
44
0
45
-0.0139193969876572
46
0.0139193969876572
79
0
47
0
98
1
10
0
20
0
0
HATCH
5
1A0
100
AcDbEntity
8
2
62
256
6
ByLayer
370
13
48
1
60
0
100
AcDbHatch
10
0
20
0
30
0
210
0
220
0
230
1
2
ANSI31
70
0
71
0
91
1
92
5
93
3
72
1
10
109.102094638445
20
-8.00000000000037
11
108.641310896892
21
-4.50000169255355
72
1
10
108.641310896892
20
-4.50000169255355
11
109.562878379997
21
-4.49999830744719
72
1
10
109.562878379997
20
-4.49999830744719
11
109.102094638445
21
-8.00000000000037
97
0
75
0
76
1
52
0
41
0.0062
77
0
78
1
53
45
43
0
44
0
45
-0.0139193969876572
46
0.0139193969876572
79
0
47
0
98
1
10
0
20
0
0
HATCH
5
1A4
100
AcDbEntity
8
2
62
256
6
ByLayer
370
13
48
1
60
0
100
AcDbHatch
10
0
20
0
30
0
210
0
220
0
230
1
2
ANSI31
70
0
71
0
91
1
92
5
93
3
72
1
10
109.102094638445
20
7.99999999999963
11
109.562878379997
21
4.50000169255281
72
1
10
109.562878379997
20
4.50000169255281
11
108.641310896892
21
4.49999830744645
72
1
10
108.641310896892
20
4.49999830744645
11
109.102094638445
21
7.99999999999963
97
0
75
0
76
1
52
0
41
0.0062
77
0
78
1
53
45
43
0
44
0
45
-0.0139193969876572
46
0.0139193969876572
79
0
47
0
98
1
10
0
20
0
0
HATCH
5
1AA
100
AcDbEntity
8
SK2
62
256
6
ByLayer
370
13
48
1
60
0
100
AcDbHatch
10
0
20
0
30
0
210
0
220
0
230
1
2
ANSI31
70
0
71
0
91
1
92
5
93
3
72
1
10
-16.6000000000001
20
-7.99725000000029
11
-17.0607837415528
21
-4.49725169255348
72
1
10
-17.0607837415528
20
-4.49725169255348
11
-16.1392162584473
21
-4.49724830744711
72
1
10
-16.1392162584473
20
-4.49724830744711
11
-16.6000000000001
21
-7.99725000000029
97
0
75
0
76
1
52
0
41
0.0062
77
0
78
1
53
45
43
0
44
0
45
-0.0139193969876572
46
0.0139193969876572
79
0
47
0
98
1
10
0
20
0
0
HATCH
5
1AE
100
AcDbEntity
8
SK2
62
256
6
ByLayer
370
13
48
1
60
0
100
AcDbHatch
10
0
20
0
30
0
210
0
220
0
230
1
2
ANSI31
70
0
71
0
91
1
92
5
93
3
72
1
10
-16.6000000000001
20
7.99724999999972
11
-16.1392162584473
21
4.49725169255291
72
1
10
-16.1392162584473
20
4.49725169255291
11
-17.0607837415528
21
4.49724830744654
72
1
10
-17.0607837415528
20
4.49724830744654
11
-16.6000000000001
21
7.99724999999972
97
0
75
0
76
1
52
0
41
0.0062
77
0
78
1
53
45
43
0
44
0
45
-0.0139193969876572
46
0.0139193969876572
79
0
47
0
98
1
10
0
20
0
0
DIMENSION
5
1B2
100
AcDbEntity
8
2
62
256
6
ByLayer
370
18
48
1
60
0
100
AcDbDimension
2
_U0
10
91
20
20.25
30
0
11
95.5
21
20.25
31
0
70
32
71
1
72
1
41
1
210
0
220
0
230
1
3
Standard
100
AcDbAlignedDimension
13
100
23
8
33
0
14
91
24
8
34
0
50
0
100
AcDbRotatedDimension
1001
ACAD
1000
DSTYLE
1002
{
1070
   371
1070
    13
1070
   372
1070
    13
1070
   170
1070
     0
1070
   144
1040
1.0
1070
   277
1070
     2
1070
   284
1070
     8
1070
   278
1070
    46
1070
   146
1040
1.0
1070
   345
1005
16
1070
   347
1005
16
1070
   346
1005
16
1070
   344
1005
0
1070
   343
1005
0
1070
   172
1070
     1
1070
    76
1070
     0
1070
    75
1070
     0
1070
   282
1070
     0
1070
   281
1070
     0
1070
    71
1070
     0
1070
    74
1070
     0
1070
   279
1070
     0
1070
   173
1070
     1
1070
   340
1005
191
1070
   271
1070
     2
1070
   272
1070
     2
1070
    77
1070
     1
1070
    73
1070
     1
1070
   171
1070
     3
1070
   274
1070
     4
1070
   177
1070
     2
1070
   176
1070
     2
1070
   178
1070
     2
1070
    78
1070
     8
1070
    48
1040
-0.1
1070
    41
1040
3.5
1070
   147
1040
1.75
1070
    42
1040
1.5875
1070
    44
1040
2.0
1070
   140
1040
3.5
1002
}
1001
ACAD_DSTYLE_DIM_LINETYPE
1070
   380
1005
16
1001
ACAD_DSTYLE_DIM_EXT1_LINETYPE
1070
   381
1005
16
1001
ACAD_DSTYLE_DIM_EXT2_LINETYPE
1070
   382
1005
16
0
DIMENSION
5
1CC
100
AcDbEntity
8
2
62
256
6
ByLayer
370
18
48
1
60
0
100
AcDbDimension
2
_U1
10
75
20
30.25
30
0
11
87.5
21
30.25
31
0
70
32
71
1
72
1
41
1
210
0
220
0
230
1
3
Standard
100
AcDbAlignedDimension
13
100
23
8
33
0
14
75
24
8
34
0
50
0
100
AcDbRotatedDimension
1001
ACAD
1000
DSTYLE
1002
{
1070
   371
1070
    13
1070
   372
1070
    13
1070
   170
1070
     0
1070
   144
1040
1.0
1070
   277
1070
     2
1070
   284
1070
     8
1070
   278
1070
    46
1070
   146
1040
1.0
1070
   345
1005
16
1070
   347
1005
16
1070
   346
1005
16
1070
   344
1005
0
1070
   343
1005
0
1070
   172
1070
     1
1070
    76
1070
     0
1070
    75
1070
     0
1070
   282
1070
     0
1070
   281
1070
     0
1070
    71
1070
     0
1070
    74
1070
     0
1070
   279
1070
     0
1070
   173
1070
     1
1070
   340
1005
191
1070
   271
1070
     2
1070
   272
1070
     2
1070
    77
1070
     1
1070
    73
1070
     1
1070
   171
1070
     3
1070
   274
1070
     4
1070
   177
1070
     2
1070
   176
1070
     2
1070
   178
1070
     2
1070
    78
1070
     8
1070
    48
1040
-0.1
1070
    41
1040
3.5
1070
   147
1040
1.75
1070
    42
1040
1.5875
1070
    44
1040
2.0
1070
   140
1040
3.5
1002
}
1001
ACAD_DSTYLE_DIM_LINETYPE
1070
   380
1005
16
1001
ACAD_DSTYLE_DIM_EXT1_LINETYPE
1070
   381
1005
16
1001
ACAD_DSTYLE_DIM_EXT2_LINETYPE
1070
   382
1005
16
0
DIMENSION
5
1E4
100
AcDbEntity
8
SK2
62
256
6
ByLayer
370
18
48
1
60
0
100
AcDbDimension
2
_U2
10
49
20
-23.75
30
0
11
74.5
21
-23.75
31
0
70
32
71
1
72
1
41
1
210
0
220
0
230
1
3
Standard
100
AcDbAlignedDimension
13
100
23
-8
33
0
14
49
24
-7.99725
34
0
50
0
100
AcDbRotatedDimension
1001
ACAD
1000
DSTYLE
1002
{
1070
   371
1070
    13
1070
   372
1070
    13
1070
   170
1070
     0
1070
   144
1040
1.0
1070
   277
1070
     2
1070
   284
1070
     8
1070
   278
1070
    46
1070
   146
1040
1.0
1070
   345
1005
16
1070
   347
1005
16
1070
   346
1005
16
1070
   344
1005
0
1070
   343
1005
0
1070
   172
1070
     1
1070
    76
1070
     0
1070
    75
1070
     0
1070
   282
1070
     0
1070
   281
1070
     0
1070
    71
1070
     0
1070
    74
1070
     0
1070
   279
1070
     0
1070
   173
1070
     1
1070
   340
1005
191
1070
   271
1070
     2
1070
   272
1070
     2
1070
    77
1070
     1
1070
    73
1070
     1
1070
   171
1070
     3
1070
   274
1070
     4
1070
   177
1070
     2
1070
   176
1070
     2
1070
   178
1070
     2
1070
    78
1070
     8
1070
    48
1040
-0.1
1070
    41
1040
3.5
1070
   147
1040
1.75
1070
    42
1040
1.5875
1070
    44
1040
2.0
1070
   140
1040
3.5
1002
}
1001
ACAD_DSTYLE_DIM_LINETYPE
1070
   380
1005
16
1001
ACAD_DSTYLE_DIM_EXT1_LINETYPE
1070
   381
1005
16
1001
ACAD_DSTYLE_DIM_EXT2_LINETYPE
1070
   382
1005
16
0
ENDSEC
0
SECTION
2
OBJECTS
0
DICTIONARY
5
26d
330
0
100
AcDbDictionary
280
0
281
1
3
ACAD_GROUP
350
26e
3
ACAD_MLINESTYLE
350
26f
0
DICTIONARY
5
26e
330
0
100
AcDbDictionary
280
0
281
1
0
DICTIONARY
5
26f
330
0
100
AcDbDictionary
280
0
281
1
3
Standard
350
18
0
MLINESTYLE
5
18
330
26f
100
AcDbMlineStyle
2
Standard
70
0
3

62
256
51
90
52
90
71
2
49
-0.5
62
256
6
ByLayer
49
0.5
62
256
6
ByLayer
0
RASTERVARIABLES
5
25b
330

100
AcDbRasterVariables
90
0
70
1
71
1
72
1
0
ENDSEC
0
EOF
