0
SECTION
2
HEADER
9
$ACADVER
1
AC1015
9
$DWGCODEPAGE
3
ANSI_1252
9
$HANDSEED
5
27c
9
$ANGBASE
50
0
9
$ANGDIR
70
0
9
$ATTMODE
70
1
9
$AUNITS
70
0
9
$AUPREC
70
0
9
$CECOLOR
62
256
9
$CELTSCALE
40
1
9
$CELTYPE
6
ByLayer
9
$CELWEIGHT
370
18
9
$CLAYER
8
0
9
$CMLJUST
70
0
9
$CMLSCALE
40
1
9
$CMLSTYLE
2
Standard
9
$DIMSTYLE
2
Standard
9
$TEXTSIZE
40
0.2
9
$TEXTSTYLE
7
Standard
9
$LUNITS
70
2
9
$LUPREC
70
4
9
$EXTNAMES
290
1
9
$INSUNITS
70
4
9
$LTSCALE
40
1
9
$LWDISPLAY
290
1
9
$PDMODE
70
0
9
$PDSIZE
40
0
9
$PLINEGEN
70
0
0
ENDSEC
0
SECTION
2
CLASSES
0
CLASS
1
RASTERVARIABLES
2
AcDbRasterVariables
3
ISM
90
0
280
0
281
0
0
ENDSEC
0
SECTION
2
TABLES
0
TABLE
2
VPORT
5
272
100
AcDbSymbolTable
0
VPORT
5
1
100
AcDbSymbolTableRecord
100
AcDbViewportTableRecord
2
*Active
70
0
10
0
20
0
11
1
21
1
12
-1
22
1
13
0
23
0
14
0.5
24
0.5
15
10
25
10
16
0
26
0
36
1
17
0
27
0
37
0
0
ENDTAB
0
TABLE
2
LTYPE
5
273
100
AcDbSymbolTable
0
LTYPE
5
14
100
AcDbSymbolTableRecord
100
AcDbLinetypeTableRecord
70
0
2
ByBlock
3

72
65
73
0
40
0
0
LTYPE
5
15
100
AcDbSymbolTableRecord
100
AcDbLinetypeTableRecord
70
0
2
ByLayer
3

72
65
73
0
40
0
0
LTYPE
5
16
100
AcDbSymbolTableRecord
100
AcDbLinetypeTableRecord
70
0
2
Continuous
3
Solid line
72
65
73
0
40
0
0
LTYPE
5
6E
100
AcDbSymbolTableRecord
100
AcDbLinetypeTableRecord
70
0
2
CENTER
3
____ _ ____ _ ____ _ ____
72
65
73
4
40
47.5
49
22
74
0
49
-8.5
74
0
49
8.5
74
0
49
-8.5
74
0
0
LTYPE
5
6F
100
AcDbSymbolTableRecord
100
AcDbLinetypeTableRecord
70
0
2
DASHED
3
__ __ __ __ __ __ __ __ __
72
65
73
2
40
25.72
49
12.86
74
0
49
-12.86
74
0
0
ENDTAB
0
TABLE
2
LAYER
5
274
100
AcDbSymbolTable
0
LAYER
5
10
100
AcDbSymbolTableRecord
100
AcDbLayerTableRecord
2
0
70
0
62
7
6
Continuous
290
1
370
-3
390
0
0
LAYER
5
71
100
AcDbSymbolTableRecord
100
AcDbLayerTableRecord
2
80
70
0
62
-6
6
Continuous
290
1
370
-3
390
0
0
LAYER
5
73
100
AcDbSymbolTableRecord
100
AcDbLayerTableRecord
2
1
70
0
62
4
6
Continuous
290
1
370
-3
390
0
0
LAYER
5
75
100
AcDbSymbolTableRecord
100
AcDbLayerTableRecord
2
81
70
0
62
-3
6
Continuous
290
1
370
-3
390
0
0
LAYER
5
7C
100
AcDbSymbolTableRecord
100
AcDbLayerTableRecord
2
4
70
0
62
-2
6
CENTER
290
1
370
-3
390
0
0
LAYER
5
BF
100
AcDbSymbolTableRecord
100
AcDbLayerTableRecord
2
2
70
0
62
7
6
Continuous
290
1
370
-3
390
0
0
LAYER
5
1B7
100
AcDbSymbolTableRecord
100
AcDbLayerTableRecord
2
Defpoints
70
0
62
7
6
Continuous
290
0
370
-3
390
0
0
LAYER
5
25e
100
AcDbSymbolTableRecord
100
AcDbLayerTableRecord
2
SK4
70
0
62
2
6
CENTER
290
1
370
-3
390
0
0
LAYER
5
25f
100
AcDbSymbolTableRecord
100
AcDbLayerTableRecord
2
SK1
70
0
62
4
6
Continuous
290
1
370
-3
390
0
0
LAYER
5
260
100
AcDbSymbolTableRecord
100
AcDbLayerTableRecord
2
SK2
70
0
62
7
6
Continuous
290
1
370
-3
390
0
0
LAYER
5
261
100
AcDbSymbolTableRecord
100
AcDbLayerTableRecord
2
SK6
70
0
62
5
6
Continuous
290
1
370
-3
390
0
0
ENDTAB
0
TABLE
2
STYLE
5
275
100
AcDbSymbolTable
0
STYLE
5
11
100
AcDbSymbolTableRecord
100
AcDbTextStyleTableRecord
2
Standard
3
txt
70
0
71
0
40
0
41
1
42
0
50
0
0
STYLE
5
193
100
AcDbSymbolTableRecord
100
AcDbTextStyleTableRecord
2
iso_b_vert
3
simplex.shx
70
0
71
0
40
0
41
1
42
0
50
0
0
STYLE
5
194
100
AcDbSymbolTableRecord
100
AcDbTextStyleTableRecord
2
DWGDirectTextStyle
3
simplex
70
0
71
0
40
0
41
1
42
0
50
0
0
ENDTAB
0
TABLE
2
DIMSTYLE
5
276
100
AcDbSymbolTable
100
AcDbDimStyleTable
0
DIMSTYLE
105
27
100
AcDbSymbolTableRecord
100
AcDbDimStyleTableRecord
2
Standard
70
0
3
<>
41
0.18
42
0.0625
44
0.18
140
0.18
147
0.09
73
0
74
0
77
1
271
2
275
0
278
52
280
0
340
11
0
ENDTAB
0
TABLE
2
VIEW
5
277
100
AcDbSymbolTable
0
ENDTAB
0
TABLE
2
UCS
5
278
100
AcDbSymbolTable
0
ENDTAB
0
TABLE
2
APPID
5
279
100
AcDbSymbolTable
0
APPID
5
12
100
AcDbSymbolTableRecord
100
AcDbRegAppTableRecord
2
ACAD
70
0
0
APPID
5
1B3
100
AcDbSymbolTableRecord
100
AcDbRegAppTableRecord
2
ACAD_DSTYLE_DIMBREAK
70
0
0
APPID
5
21D
100
AcDbSymbolTableRecord
100
AcDbRegAppTableRecord
2
ACAD_DSTYLE_DIM_LINETYPE
70
0
0
APPID
5
21E
100
AcDbSymbolTableRecord
100
AcDbRegAppTableRecord
2
ACAD_DSTYLE_DIM_EXT1_LINETYPE
70
0
0
APPID
5
21F
100
AcDbSymbolTableRecord
100
AcDbRegAppTableRecord
2
ACAD_DSTYLE_DIM_EXT2_LINETYPE
70
0
0
APPID
5
25A
100
AcDbSymbolTableRecord
100
AcDbRegAppTableRecord
2
ACAD_MLEADERVER
70
0
0
ENDTAB
0
TABLE
2
BLOCK_RECORD
5
27a
100
AcDbSymbolTable
0
BLOCK_RECORD
5
1F
100
AcDbSymbolTableRecord
100
AcDbBlockTableRecord
2
*Model_Space
340
0
70
0
0
BLOCK_RECORD
5
1B
100
AcDbSymbolTableRecord
100
AcDbBlockTableRecord
2
*Paper_Space
340
0
70
0
0
BLOCK_RECORD
5
23
100
AcDbSymbolTableRecord
100
AcDbBlockTableRecord
2
*Paper_Space0
340
0
70
0
0
BLOCK_RECORD
5
1B8
100
AcDbSymbolTableRecord
100
AcDbBlockTableRecord
2
*D1
340
0
70
0
0
BLOCK_RECORD
5
1C5
100
AcDbSymbolTableRecord
100
AcDbBlockTableRecord
2
_U0
340
0
70
0
0
BLOCK_RECORD
5
1D1
100
AcDbSymbolTableRecord
100
AcDbBlockTableRecord
2
*D3
340
0
70
0
0
BLOCK_RECORD
5
1DD
100
AcDbSymbolTableRecord
100
AcDbBlockTableRecord
2
_U1
340
0
70
0
0
BLOCK_RECORD
5
1E9
100
AcDbSymbolTableRecord
100
AcDbBlockTableRecord
2
*D5
340
0
70
0
0
BLOCK_RECORD
5
1F5
100
AcDbSymbolTableRecord
100
AcDbBlockTableRecord
2
_U2
340
0
70
0
0
ENDTAB
0
ENDSEC
0
SECTION
2
BLOCKS
0
BLOCK
5
20
100
AcDbEntity
8
0
100
AcDbBlockBegin
2
*Model_Space
70
0
10
0
20
0
30
0
3
*Model_Space
0
ENDBLK
5
21
100
AcDbEntity
8
0
100
AcDbBlockEnd
0
BLOCK
5
1C
100
AcDbEntity
8
0
100
AcDbBlockBegin
2
*Paper_Space
70
0
10
0
20
0
30
0
3
*Paper_Space
0
ENDBLK
5
1D
100
AcDbEntity
8
0
100
AcDbBlockEnd
0
BLOCK
5
24
100
AcDbEntity
8
0
100
AcDbBlockBegin
2
*Paper_Space0
70
0
10
0
20
0
30
0
3
*Paper_Space0
0
ENDBLK
5
25
100
AcDbEntity
8
0
100
AcDbBlockEnd
0
BLOCK
5
1B9
100
AcDbEntity
8
0
100
AcDbBlockBegin
2
*D1
70
1
10
0
20
0
30
0
3
*D1
0
LINE
5
1BB
100
AcDbEntity
8
0
62
256
6
ByLayer
370
-2
48
1
60
0
100
AcDbLine
10
170
20
11.5875
30
0
11
170
21
24.25
31
0
39
0
210
0
220
0
230
1
0
LINE
5
1BC
100
AcDbEntity
8
0
62
256
6
ByLayer
370
-2
48
1
60
0
100
AcDbLine
10
161
20
11.5875
30
0
11
161
21
24.25
31
0
39
0
210
0
220
0
230
1
0
LINE
5
1BD
100
AcDbEntity
8
0
62
256
6
ByLayer
370
-2
48
1
60
0
100
AcDbLine
10
173.5
20
22.25
30
0
11
177
21
22.25
31
0
39
0
210
0
220
0
230
1
0
LINE
5
1BE
100
AcDbEntity
8
0
62
256
6
ByLayer
370
-2
48
1
60
0
100
AcDbLine
10
157.5
20
22.25
30
0
11
154
21
22.25
31
0
39
0
210
0
220
0
230
1
0
SOLID
5
1BF
100
AcDbEntity
8
0
62
256
6
ByLayer
370
-1
48
1
60
0
100
AcDbTrace
10
173.5
20
22.833333
30
0
11
173.5
21
21.666667
31
0
12
170
22
22.25
32
0
13
170
23
22.25
33
0
39
0
210
0
220
0
230
1
0
SOLID
5
1C0
100
AcDbEntity
8
0
62
256
6
ByLayer
370
-1
48
1
60
0
100
AcDbTrace
10
157.5
20
21.666667
30
0
11
157.5
21
22.833333
31
0
12
161
22
22.25
32
0
13
161
23
22.25
33
0
39
0
210
0
220
0
230
1
0
MTEXT
5
1C1
100
AcDbEntity
8
0
62
256
6
ByLayer
370
18
48
1
60
0
100
AcDbMText
10
165.5
20
29.25
30
0
210
0
220
0
230
1
1
\A1;9
40
3.5
41
0
44
1
50
0
71
5
72
5
7
iso_b_vert
0
POINT
5
1C2
100
AcDbEntity
8
Defpoints
62
0
6
ByLayer
370
-1
48
1
60
0
100
AcDbPoint
10
170
20
10
30
0
39
0
210
0
220
0
230
1
50
360
0
POINT
5
1C3
100
AcDbEntity
8
Defpoints
62
0
6
ByLayer
370
-1
48
1
60
0
100
AcDbPoint
10
161
20
10
30
0
39
0
210
0
220
0
230
1
50
360
0
POINT
5
1C4
100
AcDbEntity
8
Defpoints
62
0
6
ByLayer
370
-1
48
1
60
0
100
AcDbPoint
10
161
20
22.25
30
0
39
0
210
0
220
0
230
1
50
360
0
ENDBLK
5
1BA
100
AcDbEntity
8
0
100
AcDbBlockEnd
0
BLOCK
5
1CC
100
AcDbEntity
8
0
100
AcDbBlockBegin
2
_U0
70
0
10
0
20
0
30
0
3
_U0
0
MTEXT
5
1C6
100
AcDbEntity
8
2
62
256
6
ByLayer
370
18
48
1
60
0
100
AcDbMText
10
164.902767
20
23.282634
30
0
210
0
220
0
230
1
1
\W0.5742;9
40
3.5
41
0
44
1.084337
50
0
71
7
72
5
7
iso_b_vert
0
LINE
5
1C7
100
AcDbEntity
8
2
62
256
6
ByLayer
370
13
48
1
60
0
100
AcDbLine
10
170
20
11.5875
30
0
11
170
21
24.25
31
0
39
0
210
0
220
0
230
1
0
LINE
5
1C8
100
AcDbEntity
8
2
62
256
6
ByLayer
370
13
48
1
60
0
100
AcDbLine
10
161
20
11.5875
30
0
11
161
21
24.25
31
0
39
0
210
0
220
0
230
1
0
LINE
5
1C9
100
AcDbEntity
8
2
62
256
6
ByLayer
370
13
48
1
60
0
100
AcDbLine
10
170
20
22.25
30
0
11
161
21
22.25
31
0
39
0
210
0
220
0
230
1
0
SOLID
5
1CA
100
AcDbEntity
8
2
62
256
6
ByLayer
370
18
48
1
60
0
100
AcDbTrace
10
170
20
22.25
30
0
11
166.500002
21
21.789216
31
0
12
166.499998
22
22.710784
32
0
13
166.499998
23
22.710784
33
0
39
0
210
0
220
0
230
1
0
SOLID
5
1CB
100
AcDbEntity
8
2
62
256
6
ByLayer
370
18
48
1
60
0
100
AcDbTrace
10
161
20
22.25
30
0
11
164.499998
21
22.710784
31
0
12
164.500002
22
21.789216
32
0
13
164.500002
23
21.789216
33
0
39
0
210
0
220
0
230
1
0
ENDBLK
5
1CD
100
AcDbEntity
8
0
100
AcDbBlockEnd
0
BLOCK
5
1D2
100
AcDbEntity
8
0
100
AcDbBlockBegin
2
*D3
70
1
10
0
20
0
30
0
3
*D3
0
LINE
5
1D4
100
AcDbEntity
8
0
62
256
6
ByLayer
370
-2
48
1
60
0
100
AcDbLine
10
170
20
11.5875
30
0
11
170
21
34.25
31
0
39
0
210
0
220
0
230
1
0
LINE
5
1D5
100
AcDbEntity
8
0
62
256
6
ByLayer
370
-2
48
1
60
0
100
AcDbLine
10
130
20
11.5875
30
0
11
130
21
34.25
31
0
39
0
210
0
220
0
230
1
0
LINE
5
1D6
100
AcDbEntity
8
0
62
256
6
ByLayer
370
-2
48
1
60
0
100
AcDbLine
10
166.5
20
32.25
30
0
11
133.5
21
32.25
31
0
39
0
210
0
220
0
230
1
0
SOLID
5
1D7
100
AcDbEntity
8
0
62
256
6
ByLayer
370
-1
48
1
60
0
100
AcDbTrace
10
166.5
20
31.666667
30
0
11
166.5
21
32.833333
31
0
12
170
22
32.25
32
0
13
170
23
32.25
33
0
39
0
210
0
220
0
230
1
0
SOLID
5
1D8
100
AcDbEntity
8
0
62
256
6
ByLayer
370
-1
48
1
60
0
100
AcDbTrace
10
133.5
20
32.833333
30
0
11
133.5
21
31.666667
31
0
12
130
22
32.25
32
0
13
130
23
32.25
33
0
39
0
210
0
220
0
230
1
0
MTEXT
5
1D9
100
AcDbEntity
8
0
62
256
6
ByLayer
370
18
48
1
60
0
100
AcDbMText
10
150
20
39.25
30
0
210
0
220
0
230
1
1
\A1;40
40
3.5
41
0
44
1
50
0
71
5
72
5
7
iso_b_vert
0
POINT
5
1DA
100
AcDbEntity
8
Defpoints
62
0
6
ByLayer
370
-1
48
1
60
0
100
AcDbPoint
10
170
20
10
30
0
39
0
210
0
220
0
230
1
50
360
0
POINT
5
1DB
100
AcDbEntity
8
Defpoints
62
0
6
ByLayer
370
-1
48
1
60
0
100
AcDbPoint
10
130
20
10
30
0
39
0
210
0
220
0
230
1
50
360
0
POINT
5
1DC
100
AcDbEntity
8
Defpoints
62
0
6
ByLayer
370
-1
48
1
60
0
100
AcDbPoint
10
130
20
32.25
30
0
39
0
210
0
220
0
230
1
50
360
0
ENDBLK
5
1D3
100
AcDbEntity
8
0
100
AcDbBlockEnd
0
BLOCK
5
1E4
100
AcDbEntity
8
0
100
AcDbBlockBegin
2
_U1
70
0
10
0
20
0
30
0
3
_U1
0
MTEXT
5
1DE
100
AcDbEntity
8
2
62
256
6
ByLayer
370
18
48
1
60
0
100
AcDbMText
10
147.910767
20
33.282634
30
0
210
0
220
0
230
1
1
\W0.7361;40
40
3.5
41
0
44
1.084337
50
0
71
7
72
5
7
iso_b_vert
0
LINE
5
1DF
100
AcDbEntity
8
2
62
256
6
ByLayer
370
13
48
1
60
0
100
AcDbLine
10
170
20
11.5875
30
0
11
170
21
34.25
31
0
39
0
210
0
220
0
230
1
0
LINE
5
1E0
100
AcDbEntity
8
2
62
256
6
ByLayer
370
13
48
1
60
0
100
AcDbLine
10
130
20
11.5875
30
0
11
130
21
34.25
31
0
39
0
210
0
220
0
230
1
0
LINE
5
1E1
100
AcDbEntity
8
2
62
256
6
ByLayer
370
13
48
1
60
0
100
AcDbLine
10
170
20
32.25
30
0
11
130
21
32.25
31
0
39
0
210
0
220
0
230
1
0
SOLID
5
1E2
100
AcDbEntity
8
2
62
256
6
ByLayer
370
18
48
1
60
0
100
AcDbTrace
10
170
20
32.25
30
0
11
166.500002
21
31.789216
31
0
12
166.499998
22
32.710784
32
0
13
166.499998
23
32.710784
33
0
39
0
210
0
220
0
230
1
0
SOLID
5
1E3
100
AcDbEntity
8
2
62
256
6
ByLayer
370
18
48
1
60
0
100
AcDbTrace
10
130
20
32.25
30
0
11
133.499998
21
32.710784
31
0
12
133.500002
22
31.789216
32
0
13
133.500002
23
31.789216
33
0
39
0
210
0
220
0
230
1
0
ENDBLK
5
1E5
100
AcDbEntity
8
0
100
AcDbBlockEnd
0
BLOCK
5
1EA
100
AcDbEntity
8
0
100
AcDbBlockBegin
2
*D5
70
1
10
0
20
0
30
0
3
*D5
0
LINE
5
1EC
100
AcDbEntity
8
0
62
256
6
ByLayer
370
-2
48
1
60
0
100
AcDbLine
10
170
20
-11.5875
30
0
11
170
21
-27.75
31
0
39
0
210
0
220
0
230
1
0
LINE
5
1ED
100
AcDbEntity
8
0
62
256
6
ByLayer
370
-2
48
1
60
0
100
AcDbLine
10
51
20
-11.58425
30
0
11
51
21
-27.75
31
0
39
0
210
0
220
0
230
1
0
LINE
5
1EE
100
AcDbEntity
8
0
62
256
6
ByLayer
370
-2
48
1
60
0
100
AcDbLine
10
166.5
20
-25.75
30
0
11
54.5
21
-25.75
31
0
39
0
210
0
220
0
230
1
0
SOLID
5
1EF
100
AcDbEntity
8
0
62
256
6
ByLayer
370
-1
48
1
60
0
100
AcDbTrace
10
166.5
20
-26.333333
30
0
11
166.5
21
-25.166667
31
0
12
170
22
-25.75
32
0
13
170
23
-25.75
33
0
39
0
210
0
220
0
230
1
0
SOLID
5
1F0
100
AcDbEntity
8
0
62
256
6
ByLayer
370
-1
48
1
60
0
100
AcDbTrace
10
54.5
20
-25.166667
30
0
11
54.5
21
-26.333333
31
0
12
51
22
-25.75
32
0
13
51
23
-25.75
33
0
39
0
210
0
220
0
230
1
0
MTEXT
5
1F1
100
AcDbEntity
8
0
62
256
6
ByLayer
370
18
48
1
60
0
100
AcDbMText
10
110.5
20
-18.75
30
0
210
0
220
0
230
1
1
\A1;119
40
3.5
41
0
44
1
50
0
71
5
72
5
7
iso_b_vert
0
POINT
5
1F2
100
AcDbEntity
8
Defpoints
62
0
6
ByLayer
370
-1
48
1
60
0
100
AcDbPoint
10
170
20
-10
30
0
39
0
210
0
220
0
230
1
50
360
0
POINT
5
1F3
100
AcDbEntity
8
Defpoints
62
0
6
ByLayer
370
-1
48
1
60
0
100
AcDbPoint
10
51
20
-9.99675
30
0
39
0
210
0
220
0
230
1
50
360
0
POINT
5
1F4
100
AcDbEntity
8
Defpoints
62
0
6
ByLayer
370
-1
48
1
60
0
100
AcDbPoint
10
51
20
-25.75
30
0
39
0
210
0
220
0
230
1
50
360
0
ENDBLK
5
1EB
100
AcDbEntity
8
0
100
AcDbBlockEnd
0
BLOCK
5
1FD
100
AcDbEntity
8
0
100
AcDbBlockBegin
2
_U2
70
0
10
0
20
0
30
0
3
_U2
0
MTEXT
5
1F6
100
AcDbEntity
8
SK2
62
256
6
ByLayer
370
18
48
1
60
0
100
AcDbMText
10
99.891635
20
-24.717366
30
0
210
0
220
0
230
1
1
\W0.7298;OHX =
40
3.5
41
0
44
1.084337
50
0
71
7
72
5
7
iso_b_vert
0
MTEXT
5
1F7
100
AcDbEntity
8
SK2
62
256
6
ByLayer
370
18
48
1
60
0
100
AcDbMText
10
116.4327
20
-24.717366
30
0
210
0
220
0
230
1
1
\W0.5391;119
40
3.5
41
0
44
1.084337
50
0
71
7
72
5
7
iso_b_vert
0
LINE
5
1F8
100
AcDbEntity
8
SK2
62
256
6
ByLayer
370
13
48
1
60
0
100
AcDbLine
10
170
20
-11.5875
30
0
11
170
21
-27.75
31
0
39
0
210
0
220
0
230
1
0
LINE
5
1F9
100
AcDbEntity
8
SK2
62
256
6
ByLayer
370
13
48
1
60
0
100
AcDbLine
10
51
20
-11.58425
30
0
11
51
21
-27.75
31
0
39
0
210
0
220
0
230
1
0
LINE
5
1FA
100
AcDbEntity
8
SK2
62
256
6
ByLayer
370
13
48
1
60
0
100
AcDbLine
10
170
20
-25.75
30
0
11
51
21
-25.75
31
0
39
0
210
0
220
0
230
1
0
SOLID
5
1FB
100
AcDbEntity
8
SK2
62
256
6
ByLayer
370
18
48
1
60
0
100
AcDbTrace
10
170
20
-25.75
30
0
11
166.500002
21
-26.210784
31
0
12
166.499998
22
-25.289216
32
0
13
166.499998
23
-25.289216
33
0
39
0
210
0
220
0
230
1
0
SOLID
5
1FC
100
AcDbEntity
8
SK2
62
256
6
ByLayer
370
18
48
1
60
0
100
AcDbTrace
10
51
20
-25.75
30
0
11
54.499998
21
-25.289216
31
0
12
54.500002
22
-26.210784
32
0
13
54.500002
23
-26.210784
33
0
39
0
210
0
220
0
230
1
0
ENDBLK
5
1FE
100
AcDbEntity
8
0
100
AcDbBlockEnd
0
ENDSEC
0
SECTION
2
ENTITIES
0
ARC
5
D1
100
AcDbEntity
8
1
62
256
6
ByLayer
370
18
48
1
60
0
100
AcDbCircle
39
0
10
129.553686
20
9.965
30
0
40
0.8
210
0
220
0
230
1
100
AcDbArc
50
199.591542
51
270
0
ARC
5
D2
100
AcDbEntity
8
1
62
256
6
ByLayer
370
18
48
1
60
0
100
AcDbCircle
39
0
10
129.553686
20
-9.965
30
0
40
0.8
210
0
220
0
230
1
100
AcDbArc
50
90
51
160.408458
0
ELLIPSE
5
D3
100
AcDbEntity
8
1
62
256
6
ByLayer
370
13
48
1
60
0
100
AcDbEllipse
10
159.632677
20
6.523985
30
0
11
0.924656685057915
21
-0.380801805113512
31
0
210
0
220
0
230
1
40
0.143337
41
-2.17025740644709
42
-1.42179160290943
0
ELLIPSE
5
D4
100
AcDbEntity
8
1
62
256
6
ByLayer
370
13
48
1
60
0
100
AcDbEllipse
10
159.49743
20
6.010388
30
0
11
0.99246010639858
21
-0.122568092125647
31
0
210
0
220
0
230
1
40
0.202929
41
-2.21490240213867
42
-1.35098292033026
0
ELLIPSE
5
D5
100
AcDbEntity
8
1
62
256
6
ByLayer
370
18
48
1
60
0
100
AcDbEllipse
10
162.216459
20
-9.622453
30
0
11
3.20283250298468
21
2.03183259446872
31
0
210
0
220
0
230
1
40
0.319151
41
1.67176732269053
42
1.70622340497317
0
ELLIPSE
5
D6
100
AcDbEntity
8
1
62
256
6
ByLayer
370
18
48
1
60
0
100
AcDbEllipse
10
159.377749
20
-11.790037
30
0
11
13.3916995270048
21
10.7796205295912
31
0
210
0
220
0
230
1
40
0.068074
41
1.34219497187965
42
1.35921496983558
0
ELLIPSE
5
D7
100
AcDbEntity
8
1
62
256
6
ByLayer
370
18
48
1
60
0
100
AcDbEllipse
10
165.940744
20
-4.852814
30
0
11
-1.02361791654569
21
0.801377789139685
31
0
210
0
220
0
230
1
40
0.959505
41
-2.49733407193109
42
0.644258581658707
0
ELLIPSE
5
D8
100
AcDbEntity
8
1
62
256
6
ByLayer
370
13
48
1
60
0
100
AcDbEllipse
10
166.14418
20
-4.592961
30
0
11
-1.75
21
6.43155504981979E-15
31
0
210
0
220
0
230
1
40
0.225226
41
2.23359161020571
42
2.96705972839036
0
ELLIPSE
5
D9
100
AcDbEntity
8
1
62
256
6
ByLayer
370
13
48
1
60
0
100
AcDbEllipse
10
166.14418
20
-4.592961
30
0
11
-1.75
21
6.43155504981979E-15
31
0
210
0
220
0
230
1
40
0.225226
41
1.02293634381012E-05
42
0.558935192985181
0
ELLIPSE
5
DA
100
AcDbEntity
8
1
62
256
6
ByLayer
370
13
48
1
60
0
100
AcDbEllipse
10
166.14418
20
-4.592961
30
0
11
1.37794719535009
21
-1.07877779307274
31
0
210
0
220
0
230
1
40
0.959505
41
0.644258581658713
42
3.0589649851143
0
ELLIPSE
5
DB
100
AcDbEntity
8
1
62
256
6
ByLayer
370
18
48
1
60
0
100
AcDbEllipse
10
166.707573
20
-0.015746
30
0
11
0.391471482228496
21
9.56643329013653
31
0
210
0
220
0
230
1
40
0.171522
41
-2.14912859719362
42
-2.05393779587239
0
ELLIPSE
5
DC
100
AcDbEntity
8
1
62
256
6
ByLayer
370
18
48
1
60
0
100
AcDbEllipse
10
163.166102
20
0.000413
30
0
11
0.392021591679312
21
9.58083475886143
31
0
210
0
220
0
230
1
40
0.171519
41
-2.07037026926457
42
-2.05265266699262
0
ELLIPSE
5
DD
100
AcDbEntity
8
1
62
256
6
ByLayer
370
18
48
1
60
0
100
AcDbEllipse
10
165.962994
20
-5.194384
30
0
11
-0.826768317210042
21
0.647266675843641
31
0
210
0
220
0
230
1
40
0.959505
41
0
42
6.28318530717959
0
ELLIPSE
5
DE
100
AcDbEntity
8
1
62
256
6
ByLayer
370
18
48
1
60
0
100
AcDbEllipse
10
165.138165
20
6.247957
30
0
11
0.782988966317786
21
0.612992364246574
31
0
210
0
220
0
230
1
40
0.959505
41
-0.0527558736181235
42
0.4029389695379
0
ELLIPSE
5
DF
100
AcDbEntity
8
1
62
256
6
ByLayer
370
18
48
1
60
0
100
AcDbEllipse
10
165.138165
20
6.247957
30
0
11
0.782988966317786
21
0.612992364246574
31
0
210
0
220
0
230
1
40
0.959505
41
0.40293896953786
42
1.4501365207345
0
ELLIPSE
5
E0
100
AcDbEntity
8
1
62
256
6
ByLayer
370
18
48
1
60
0
100
AcDbEllipse
10
165.138165
20
6.247957
30
0
11
0.782988966317786
21
0.612992364246574
31
0
210
0
220
0
230
1
40
0.959505
41
1.4501365207345
42
2.49733407193109
0
ELLIPSE
5
E1
100
AcDbEntity
8
1
62
256
6
ByLayer
370
18
48
1
60
0
100
AcDbEllipse
10
165.138165
20
6.247957
30
0
11
-0.782988966317787
21
-0.612992364246573
31
0
210
0
220
0
230
1
40
0.959505
41
-0.644258581658689
42
-0.0895549536644403
0
ELLIPSE
5
E2
100
AcDbEntity
8
1
62
256
6
ByLayer
370
18
48
1
60
0
100
AcDbEllipse
10
164.575988
20
7.188968
30
0
11
0.257473542545851
21
0.158273509416377
31
0
210
0
220
0
230
1
40
0.467903
41
-2.86360099569716
42
-1.57671633514867
0
ELLIPSE
5
E3
100
AcDbEntity
8
1
62
256
6
ByLayer
370
18
48
1
60
0
100
AcDbEllipse
10
164.575988
20
7.188968
30
0
11
0.257473542546498
21
0.158273509413009
31
0
210
0
220
0
230
1
40
0.467903
41
-1.57671633512368
42
-0.289831674571343
0
ELLIPSE
5
E4
100
AcDbEntity
8
1
62
256
6
ByLayer
370
18
48
1
60
0
100
AcDbEllipse
10
164.164403
20
6.765493
30
0
11
0.151162453458824
21
0.25981362605073
31
0
210
0
220
0
230
1
40
0.473029
41
-0.142690255568955
42
2.45015982763588
0
ELLIPSE
5
E5
100
AcDbEntity
8
1
62
256
6
ByLayer
370
18
48
1
60
0
100
AcDbEllipse
10
165.138165
20
7.360371
30
0
11
0.297713875952695
21
0.0153900695454897
31
0
210
0
220
0
230
1
40
0.480922
41
1.09803339555893
42
-3.00557531823575
0
ELLIPSE
5
E6
100
AcDbEntity
8
1
62
256
6
ByLayer
370
18
48
1
60
0
100
AcDbEllipse
10
164.01381
20
6.203305
30
0
11
0.00374215102141725
21
0.29468083262118
31
0
210
0
220
0
230
1
40
0.492105
41
-2.83188124999033
42
-1.54499658941591
0
ELLIPSE
5
E7
100
AcDbEntity
8
1
62
256
6
ByLayer
370
18
48
1
60
0
100
AcDbEllipse
10
164.01381
20
6.203305
30
0
11
0.00374215101701008
21
0.294680832621011
31
0
210
0
220
0
230
1
40
0.492105
41
-1.54499658944918
42
-0.485328671084672
0
ELLIPSE
5
E8
100
AcDbEntity
8
1
62
256
6
ByLayer
370
18
48
1
60
0
100
AcDbEllipse
10
165.700343
20
7.23362
30
0
11
0.259303078139119
21
-0.134508501060651
31
0
210
0
220
0
230
1
40
0.500872
41
-2.33945347422663
42
-1.59074717274382
0
ELLIPSE
5
E9
100
AcDbEntity
8
1
62
256
6
ByLayer
370
18
48
1
60
0
100
AcDbEllipse
10
165.700343
20
7.23362
30
0
11
0.259303078136719
21
-0.134508501061976
31
0
210
0
220
0
230
1
40
0.500872
41
-1.59074717272806
42
-0.303862512171321
0
ELLIPSE
5
EA
100
AcDbEntity
8
1
62
256
6
ByLayer
370
18
48
1
60
0
100
AcDbEllipse
10
164.164403
20
5.653078
30
0
11
0.148052312819062
21
-0.249755755551464
31
0
210
0
220
0
230
1
40
0.507011
41
2.98746365188956
42
-2.10081538964487
0
ELLIPSE
5
EB
100
AcDbEntity
8
1
62
256
6
ByLayer
370
18
48
1
60
0
100
AcDbEllipse
10
166.111928
20
6.842836
30
0
11
0.148052312819071
21
-0.249755755551477
31
0
210
0
220
0
230
1
40
0.507011
41
2.62704093057569
42
-2.97397553169574
0
ELLIPSE
5
EC
100
AcDbEntity
8
1
62
256
6
ByLayer
370
18
48
1
60
0
100
AcDbEllipse
10
164.886376
20
6.569574
30
0
11
1.01499590409487
21
0.79462772237736
31
0
210
0
220
0
230
1
40
0.959505
41
3.0209328475294
42
-2.21505490845357
0
ELLIPSE
5
ED
100
AcDbEntity
8
1
62
256
6
ByLayer
370
18
48
1
60
0
100
AcDbEllipse
10
164.886376
20
6.569574
30
0
11
1.01499590409487
21
0.79462772237736
31
0
210
0
220
0
230
1
40
0.959505
41
1.97373529633277
42
3.0209328475294
0
ELLIPSE
5
EE
100
AcDbEntity
8
1
62
256
6
ByLayer
370
18
48
1
60
0
100
AcDbEllipse
10
164.886376
20
6.569574
30
0
11
1.01499590409487
21
0.79462772237736
31
0
210
0
220
0
230
1
40
0.959505
41
0.926537745136195
42
1.97373529633277
0
ELLIPSE
5
EF
100
AcDbEntity
8
1
62
256
6
ByLayer
370
18
48
1
60
0
100
AcDbEllipse
10
164.886376
20
6.569574
30
0
11
1.01499590409487
21
0.79462772237736
31
0
210
0
220
0
230
1
40
0.959505
41
-0.120659806060386
42
0.926537745136195
0
ELLIPSE
5
F0
100
AcDbEntity
8
1
62
256
6
ByLayer
370
18
48
1
60
0
100
AcDbEllipse
10
164.886376
20
6.569574
30
0
11
1.01499590409487
21
0.79462772237736
31
0
210
0
220
0
230
1
40
0.959505
41
-1.16785735725698
42
-0.120659806060386
0
ELLIPSE
5
F1
100
AcDbEntity
8
1
62
256
6
ByLayer
370
18
48
1
60
0
100
AcDbEllipse
10
164.886376
20
6.569574
30
0
11
1.01499590409487
21
0.79462772237736
31
0
210
0
220
0
230
1
40
0.959505
41
-2.21505490845357
42
-1.16785735725698
0
ELLIPSE
5
F2
100
AcDbEntity
8
1
62
256
6
ByLayer
370
13
48
1
60
0
100
AcDbEllipse
10
164.886376
20
6.569574
30
0
11
1.18109759601436
21
0.92466667977661
31
0
210
0
220
0
230
1
40
0.959505
41
0
42
6.28318530717959
0
ELLIPSE
5
F3
100
AcDbEntity
8
1
62
256
6
ByLayer
370
18
48
1
60
0
100
AcDbEllipse
10
164.897404
20
6.555487
30
0
11
1.57479679468581
21
1.23288890636881
31
0
210
0
220
0
230
1
40
0.959505
41
-1.55198264162592
42
-0.64425892683871
0
ELLIPSE
5
F4
100
AcDbEntity
8
1
62
256
6
ByLayer
370
18
48
1
60
0
100
AcDbEllipse
10
164.897404
20
6.555487
30
0
11
1.57479679468581
21
1.23288890636881
31
0
210
0
220
0
230
1
40
0.959505
41
-0.644258413653136
42
-4.62831574457728E-16
0
ELLIPSE
5
F5
100
AcDbEntity
8
1
62
256
6
ByLayer
370
18
48
1
60
0
100
AcDbEllipse
10
164.897404
20
6.555487
30
0
11
1.57479679468581
21
1.23288890636881
31
0
210
0
220
0
230
1
40
0.959505
41
0
42
-2.9859231690063
0
ELLIPSE
5
F6
100
AcDbEntity
8
1
62
256
6
ByLayer
370
18
48
1
60
0
100
AcDbEllipse
10
165.129483
20
6.259047
30
0
11
1.50120921613715
21
1.17527810252076
31
0
210
0
220
0
230
1
40
0.959505
41
-0.841099086780428
42
-0.644258648850659
0
ELLIPSE
5
F7
100
AcDbEntity
8
1
62
256
6
ByLayer
370
18
48
1
60
0
100
AcDbEllipse
10
165.129483
20
6.259047
30
0
11
1.50120921613715
21
1.17527810252076
31
0
210
0
220
0
230
1
40
0.959505
41
-0.64425864885066
42
-0.240465841314321
0
ELLIPSE
5
F8
100
AcDbEntity
8
1
62
256
6
ByLayer
370
13
48
1
60
0
100
AcDbEllipse
10
165.113546
20
6.279404
30
0
11
1.56693690719375
21
1.22673549779764
31
0
210
0
220
0
230
1
40
0.959505
41
-0.597331192189476
42
-1.39545952984302E-15
0
ELLIPSE
5
F9
100
AcDbEntity
8
1
62
256
6
ByLayer
370
13
48
1
60
0
100
AcDbEllipse
10
165.113546
20
6.279404
30
0
11
1.56693690719375
21
1.22673549779764
31
0
210
0
220
0
230
1
40
0.959505
41
0
42
0.0644650914075924
0
ELLIPSE
5
FA
100
AcDbEntity
8
1
62
256
6
ByLayer
370
13
48
1
60
0
100
AcDbEllipse
10
165.063876
20
6.342848
30
0
11
1.6685800143858
21
1.30631062754696
31
0
210
0
220
0
230
1
40
0.959505
41
0.0114505432773026
42
0.498004848364742
0
ELLIPSE
5
FB
100
AcDbEntity
8
1
62
256
6
ByLayer
370
18
48
1
60
0
100
AcDbEllipse
10
165.063876
20
6.342848
30
0
11
1.6685800143858
21
1.30631062754696
31
0
210
0
220
0
230
1
40
0.959505
41
-0.302316043693237
42
-4.3681793719896E-16
0
ELLIPSE
5
FC
100
AcDbEntity
8
1
62
256
6
ByLayer
370
18
48
1
60
0
100
AcDbEllipse
10
165.063876
20
6.342848
30
0
11
1.6685800143858
21
1.30631062754696
31
0
210
0
220
0
230
1
40
0.959505
41
0
42
0.0114508723433045
0
ELLIPSE
5
FD
100
AcDbEntity
8
1
62
256
6
ByLayer
370
13
48
1
60
0
100
AcDbEllipse
10
165.063876
20
6.342848
30
0
11
1.6685800143858
21
1.30631062754696
31
0
210
0
220
0
230
1
40
0.959505
41
2.64361434756246
42
3.09659261560358
0
ELLIPSE
5
FE
100
AcDbEntity
8
1
62
256
6
ByLayer
370
18
48
1
60
0
100
AcDbEllipse
10
164.890536
20
6.564259
30
0
11
-1.75119214397704
21
-1.37098664063528
31
0
210
0
220
0
230
1
40
0.959505
41
1.69524641681035
42
-4.1621114076045E-16
0
ELLIPSE
5
FF
100
AcDbEntity
8
1
62
256
6
ByLayer
370
18
48
1
60
0
100
AcDbEllipse
10
164.890536
20
6.564259
30
0
11
-1.75119214397704
21
-1.37098664063528
31
0
210
0
220
0
230
1
40
0.959505
41
0
42
0.0517023546667427
0
POINT
5
70
100
AcDbEntity
8
80
62
256
6
ByLayer
370
18
48
1
60
0
100
AcDbPoint
10
0
20
0
30
0
39
0
210
0
220
0
230
1
50
360
0
POINT
5
72
100
AcDbEntity
8
1
62
256
6
ByLayer
370
18
48
1
60
0
100
AcDbPoint
10
51
20
0
30
0
39
0
210
0
220
0
230
1
50
360
0
POINT
5
74
100
AcDbEntity
8
81
62
256
6
ByLayer
370
18
48
1
60
0
100
AcDbPoint
10
170
20
10
30
0
39
0
210
0
220
0
230
1
50
360
0
POINT
5
76
100
AcDbEntity
8
1
62
256
6
ByLayer
370
18
48
1
60
1
100
AcDbPoint
10
161
20
10
30
0
39
0
210
0
220
0
230
1
50
360
0
POINT
5
77
100
AcDbEntity
8
1
62
256
6
ByLayer
370
18
48
1
60
1
100
AcDbPoint
10
130
20
10
30
0
39
0
210
0
220
0
230
1
50
360
0
POINT
5
78
100
AcDbEntity
8
1
62
256
6
ByLayer
370
18
48
1
60
1
100
AcDbPoint
10
170
20
-10
30
0
39
0
210
0
220
0
230
1
50
360
0
POINT
5
79
100
AcDbEntity
8
1
62
256
6
ByLayer
370
18
48
1
60
1
100
AcDbPoint
10
51
20
-9.99675
30
0
39
0
210
0
220
0
230
1
50
360
0
SPLINE
5
100
100
AcDbEntity
8
1
62
256
6
ByLayer
370
18
48
1
60
0
100
AcDbSpline
70
4
71
3
72
12
73
8
40
0
40
0
40
0
40
0
40
0.0376525106101485
40
0.0376525106101485
40
0.518826255305075
40
0.518826255305075
40
1
40
1
40
1
40
1
41
1
10
160.247056970788
20
8.85610669388601
30
0
41
1
10
160.245640461534
20
8.8560512330817
30
0
41
1
10
160.244224490005
20
8.855996582194
30
0
41
1
10
160.22472078495
20
8.85525470353267
30
0
41
1
10
160.206707607444
20
8.85469944329088
30
0
41
1
10
160.171112450001
20
8.85386457814107
30
0
41
1
10
160.153500768612
20
8.85358360949607
30
0
41
1
10
160.136079420094
20
8.8534389430215
30
0
0
SPLINE
5
101
100
AcDbEntity
8
1
62
256
6
ByLayer
370
18
48
1
60
0
100
AcDbSpline
70
4
71
3
72
8
73
4
40
0
40
0
40
0
40
0
40
1
40
1
40
1
40
1
41
1
10
159.952083966529
20
8.86669224083587
30
0
41
1
10
160.008963151441
20
8.85777213411467
30
0
41
1
10
160.070415460271
20
8.85289367101981
30
0
41
1
10
160.136079420094
20
8.8534389430215
30
0
0
SPLINE
5
102
100
AcDbEntity
8
1
62
256
6
ByLayer
370
18
48
1
60
0
100
AcDbSpline
70
4
71
3
72
12
73
8
40
0
40
0
40
0
40
0
40
0.250000000000103
40
0.250000000000103
40
0.500000000000205
40
0.500000000000205
40
1
40
1
40
1
40
1
41
1
10
161.1415090685
20
-8.88394986960969
30
0
41
1
10
161.13206652964
20
-8.88911681817129
30
0
41
1
10
161.122604444833
20
-8.89452908589635
30
0
41
1
10
161.103641975973
20
-8.90584641988534
30
0
41
1
10
161.094122463234
20
-8.91176470334537
30
0
41
1
10
161.065777537895
20
-8.9300844304716
30
0
41
1
10
161.047095247747
20
-8.94308796779816
30
0
41
1
10
161.028614502038
20
-8.95683161924751
30
0
0
SPLINE
5
103
100
AcDbEntity
8
1
62
256
6
ByLayer
370
18
48
1
60
0
100
AcDbSpline
70
4
71
3
72
13
73
9
40
0
40
0
40
0
40
0
40
0.500000000000171
40
0.500000000000171
40
0.625000000000129
40
0.625000000000129
40
0.750000000000086
40
1
40
1
40
1
40
1
41
1
10
161.697790436444
20
-8.45929328024906
30
0
41
1
10
161.65094367923
20
-8.48560059286646
30
0
41
1
10
161.607307737598
20
-8.51429792327968
30
0
41
1
10
161.556513499346
20
-8.55382105643213
30
0
41
1
10
161.546529492779
20
-8.56192087156052
30
0
41
1
10
161.527068285345
20
-8.57838647978076
30
0
41
1
10
161.498589506306
20
-8.60351824762395
30
0
41
1
10
161.472147501168
20
-8.63000082753166
30
0
41
1
10
161.455342161594
20
-8.64830939052675
30
0
0
SPLINE
5
104
100
AcDbEntity
8
1
62
256
6
ByLayer
370
18
48
1
60
0
100
AcDbSpline
70
4
71
3
72
8
73
4
40
0
40
0
40
0
40
0
40
1
40
1
40
1
40
1
41
1
10
161.697790436442
20
-8.45929328024476
30
0
41
1
10
161.65990820708
20
-8.2806396750222
30
0
41
1
10
161.617660138989
20
-8.10201812891762
30
0
41
1
10
161.571234118133
20
-7.92342726225149
30
0
0
SPLINE
5
105
100
AcDbEntity
8
1
62
256
6
ByLayer
370
18
48
1
60
0
100
AcDbSpline
70
4
71
3
72
8
73
4
40
0
40
0
40
0
40
0
40
1
40
1
40
1
40
1
41
1
10
166.290579563544
20
-8.58645515197458
30
0
41
1
10
166.304670206348
20
-8.58743744111294
30
0
41
1
10
166.318727976175
20
-8.58822349357149
30
0
41
1
10
166.33275331096
20
-8.58881500734239
30
0
0
SPLINE
5
106
100
AcDbEntity
8
1
62
256
6
ByLayer
370
18
48
1
60
0
100
AcDbSpline
70
4
71
3
72
8
73
4
40
0
40
0
40
0
40
0
40
1
40
1
40
1
40
1
41
1
10
166.290579563544
20
-6.78239337945701
30
0
41
1
10
166.304691654661
20
-6.78141952473112
30
0
41
1
10
166.318749259439
20
-6.77996274467171
30
0
41
1
10
166.33275331096
20
-6.77803149172507
30
0
0
SPLINE
5
107
100
AcDbEntity
8
1
62
256
6
ByLayer
370
18
48
1
60
0
100
AcDbSpline
70
4
71
3
72
75
73
71
40
0
40
0
40
0
40
0
40
0.0624999999999827
40
0.0624999999999827
40
0.0781249999999784
40
0.0781249999999784
40
0.0937499999999741
40
0.0937499999999741
40
0.124999999999966
40
0.124999999999966
40
0.156249999999957
40
0.156249999999957
40
0.187499999999948
40
0.187499999999948
40
0.249999999999931
40
0.249999999999931
40
0.26562499999993
40
0.26562499999993
40
0.281249999999928
40
0.281249999999928
40
0.312499999999937
40
0.312499999999937
40
0.374999999999955
40
0.374999999999955
40
0.390624999999951
40
0.390624999999951
40
0.406249999999948
40
0.406249999999948
40
0.437499999999959
40
0.46874999999997
40
0.46874999999997
40
0.484374999999975
40
0.484374999999975
40
0.499999999999981
40
0.499999999999981
40
0.56250000000006
40
0.56250000000006
40
0.578125000000065
40
0.578125000000065
40
0.593750000000071
40
0.593750000000071
40
0.625000000000082
40
0.625000000000082
40
0.640625000000078
40
0.640625000000078
40
0.656250000000075
40
0.656250000000075
40
0.687500000000068
40
0.687500000000068
40
0.718750000000061
40
0.718750000000061
40
0.73437500000005
40
0.73437500000005
40
0.750000000000039
40
0.750000000000039
40
0.812500000000008
40
0.812500000000008
40
0.843749999999998
40
0.843749999999998
40
0.859374999999998
40
0.859374999999998
40
0.874999999999998
40
0.874999999999998
40
0.906249999999999
40
0.906249999999999
40
0.937499999999999
40
0.937499999999999
40
0.96875
40
0.96875
40
1
40
1
40
1
40
1
41
1
10
164.660494409659
20
-4.80197069691167
30
0
41
1
10
164.660494409659
20
-4.88982387360431
30
0
41
1
10
164.667791760781
20
-4.97758258276636
30
0
41
1
10
164.685318262922
20
-5.08705756436785
30
0
41
1
10
164.689251114733
20
-5.10894052642695
30
0
41
1
10
164.697981566574
20
-5.15267667700056
30
0
41
1
10
164.702793758936
20
-5.17458101839722
30
0
41
1
10
164.718346697177
20
-5.23942044115043
30
0
41
1
10
164.730238580214
20
-5.28172772249661
30
0
41
1
10
164.757012217755
20
-5.36471317190822
30
0
41
1
10
164.771895039005
20
-5.40539044080734
30
0
41
1
10
164.804740743115
20
-5.48522681210963
30
0
41
1
10
164.822758617631
20
-5.52446394043531
30
0
41
1
10
164.88077318432
20
-5.63819473937093
30
0
41
1
10
164.924901111957
20
-5.70937750066309
30
0
41
1
10
164.987744602132
20
-5.79282596338126
30
0
41
1
10
165.000701405635
20
-5.80923506585117
30
0
41
1
10
165.027430025646
20
-5.84148264422467
30
0
41
1
10
165.041218648041
20
-5.85733563608997
30
0
41
1
10
165.083445834401
20
-5.90356493811774
30
0
41
1
10
165.112865514983
20
-5.93277026886426
30
0
41
1
10
165.205125353578
20
-6.0155293583183
30
0
41
1
10
165.271914416015
20
-6.06429298951807
30
0
41
1
10
165.363288094058
20
-6.11626735943148
30
0
41
1
10
165.381961322633
20
-6.12620785185163
30
0
41
1
10
165.420156365442
20
-6.14513152233775
30
0
41
1
10
165.439649391248
20
-6.15409442218979
30
0
41
1
10
165.498612955503
20
-6.17912917465529
30
0
41
1
10
165.579037625582
20
-6.2078376422773
30
0
41
1
10
165.663203782925
20
-6.22702255508142
30
0
41
1
10
165.72781766791
20
-6.23765484397546
30
0
41
1
10
165.749683155098
20
-6.240578674977
30
0
41
1
10
165.79351405814
20
-6.24508484868801
30
0
41
1
10
165.815439348624
20
-6.24666884272253
30
0
41
1
10
165.925114420817
20
-6.25131530329884
30
0
41
1
10
166.013012176618
20
-6.24465306999977
30
0
41
1
10
166.123051732908
20
-6.2235045677632
30
0
41
1
10
166.145012224118
20
-6.21863404466043
30
0
41
1
10
166.188378749679
20
-6.20775264440383
30
0
41
1
10
166.209852748054
20
-6.20172933130576
30
0
41
1
10
166.273669087671
20
-6.18197326613281
30
0
41
1
10
166.315407439316
20
-6.16655902145811
30
0
41
1
10
166.376861294775
20
-6.14022626171706
30
0
41
1
10
166.397153201766
20
-6.13091223909575
30
0
41
1
10
166.437355872413
20
-6.1112233184171
30
0
41
1
10
166.457307645495
20
-6.10082361997732
30
0
41
1
10
166.516048508608
20
-6.06835199934389
30
0
41
1
10
166.553868519443
20
-6.04495347196672
30
0
41
1
10
166.627028703573
20
-5.99488127620805
30
0
41
1
10
166.662368217662
20
-5.96820689239433
30
0
41
1
10
166.713594518324
20
-5.92580699641053
30
0
41
1
10
166.7303720953
20
-5.91127466929981
30
0
41
1
10
166.763336393658
20
-5.88141180798874
30
0
41
1
10
166.779536315713
20
-5.86606521966235
30
0
41
1
10
166.858408862573
20
-5.78798849454253
30
0
41
1
10
166.915326530248
20
-5.7208233381937
30
0
41
1
10
166.991862689648
20
-5.61293597047572
30
0
41
1
10
167.015886322763
20
-5.57577094046218
30
0
41
1
10
167.049590617771
20
-5.51807247015373
30
0
41
1
10
167.06045024929
20
-5.49848103106163
30
0
41
1
10
167.081168742712
20
-5.45898399572746
30
0
41
1
10
167.091051532422
20
-5.43904058419702
30
0
41
1
10
167.119250995562
20
-5.37861295294698
30
0
41
1
10
167.136125335365
20
-5.33753410821694
30
0
41
1
10
167.165773371675
20
-5.25365979289941
30
0
41
1
10
167.178549389685
20
-5.21086528807058
30
0
41
1
10
167.199516100247
20
-5.12333175191111
30
0
41
1
10
167.207500954945
20
-5.07939847691006
30
0
41
1
10
167.218233854169
20
-4.991571695852
30
0
41
1
10
167.22099456749
20
-4.94762608941519
30
0
41
1
10
167.22099456749
20
-4.90365710958113
30
0
0
SPLINE
5
108
100
AcDbEntity
8
1
62
256
6
ByLayer
370
18
48
1
60
0
100
AcDbSpline
70
4
71
3
72
54
73
50
40
0
40
0
40
0
40
0
40
0.0071520492125698
40
0.0071520492125698
40
0.0178278336296355
40
0.0178278336296355
40
0.0605309712978874
40
0.0605309712978874
40
0.103234108966139
40
0.103234108966139
40
0.124585677800265
40
0.124585677800265
40
0.135261462217331
40
0.135261462217331
40
0.145937246634398
40
0.145937246634398
40
0.188640384302669
40
0.188640384302669
40
0.23134352197094
40
0.23134352197094
40
0.25269509080508
40
0.25269509080508
40
0.263370875222153
40
0.263370875222153
40
0.274046659639226
40
0.274046659639226
40
0.316749797307518
40
0.316749797307518
40
0.359452934975811
40
0.359452934975811
40
0.380804503809957
40
0.380804503809957
40
0.386142396018495
40
0.386142396018495
40
0.391480288227033
40
0.402156072644102
40
0.487562347980659
40
0.487562347980659
40
0.572968623317216
40
0.572968623317216
40
0.658374898653773
40
0.658374898653773
40
0.743781173990329
40
0.743781173990329
40
0.829187449326886
40
0.829187449326886
40
0.914593724663443
40
0.914593724663443
40
1
40
1
40
1
40
1
41
1
10
148.373370967933
20
-8.51257481059335
30
0
41
1
10
148.39658968545
20
-8.50613910097647
30
0
41
1
10
148.420031466361
20
-8.49974283975598
30
0
41
1
10
148.479013981925
20
-8.48390386762276
30
0
41
1
10
148.514772454336
20
-8.47452787746627
30
0
41
1
10
148.694750180303
20
-8.42846611302383
30
0
41
1
10
148.843363407875
20
-8.39399609345926
30
0
41
1
10
149.148683474322
20
-8.33026302495864
30
0
41
1
10
149.30540417138
20
-8.30100373713347
30
0
41
1
10
149.54614059768
20
-8.26140977237984
30
0
41
1
10
149.627334997159
20
-8.24893053928437
30
0
41
1
10
149.750520109391
20
-8.23133865386498
30
0
41
1
10
149.791814358986
20
-8.22566265375508
30
0
41
1
10
149.874866504851
20
-8.21469650683645
30
0
41
1
10
149.916519794849
20
-8.20942043407788
30
0
41
1
10
150.125054148666
20
-8.18412728015429
30
0
41
1
10
150.293098540918
20
-8.16731235800108
30
0
41
1
10
150.631479347386
20
-8.14061092029073
30
0
41
1
10
150.801816904263
20
-8.1307260126753
30
0
41
1
10
151.05901709838
20
-8.12123193028793
30
0
41
1
10
151.145033912038
20
-8.11895790040168
30
0
41
1
10
151.274486146459
20
-8.11690133182336
30
0
41
1
10
151.317708129248
20
-8.11644167169734
30
0
41
1
10
151.404295764919
20
-8.11597871506333
30
0
41
1
10
151.447622719055
20
-8.1159764273464
30
0
41
1
10
151.663436530091
20
-8.11710186591006
30
0
41
1
10
151.834362769721
20
-8.12162250540288
30
0
41
1
10
152.172887679794
20
-8.13751759802773
30
0
41
1
10
152.340487456197
20
-8.14888973298883
30
0
41
1
10
152.58939643877
20
-8.17082913010384
30
0
41
1
10
152.671959269332
20
-8.17893752051108
30
0
41
1
10
152.774616155611
20
-8.19010641925058
30
0
41
1
10
152.795127511276
20
-8.19237696654338
30
0
41
1
10
152.836161146787
20
-8.19688832573095
30
0
41
1
10
152.897707960902
20
-8.20365132618019
30
0
41
1
10
153.287435372268
20
-8.24640538911137
30
0
41
1
10
153.656251507732
20
-8.28646281927686
30
0
41
1
10
154.311292890584
20
-8.35676590774216
30
0
41
1
10
154.638497954703
20
-8.3914608083287
30
0
41
1
10
155.292336480538
20
-8.45962092752765
30
0
41
1
10
155.618967966789
20
-8.4930876370629
30
0
41
1
10
156.271814876364
20
-8.55833935421336
30
0
41
1
10
156.59804476288
20
-8.59012438205238
30
0
41
1
10
157.250253527842
20
-8.65141110866361
30
0
41
1
10
157.57626321128
20
-8.68089429570969
30
0
41
1
10
158.228517879666
20
-8.73704477607635
30
0
41
1
10
158.554751802517
20
-8.76372452778477
30
0
41
1
10
159.207875866609
20
-8.81394104705586
30
0
41
1
10
159.534720357921
20
-8.83750739289019
30
0
41
1
10
159.862630560102
20
-8.85895226790308
30
0
0
SPLINE
5
109
100
AcDbEntity
8
1
62
256
6
ByLayer
370
18
48
1
60
0
100
AcDbSpline
70
4
71
3
72
8
73
4
40
0
40
0
40
0
40
0
40
1
40
1
40
1
40
1
41
1
10
159.952083966529
20
-8.86669224083712
30
0
41
1
10
159.922302592401
20
-8.86348549285714
30
0
41
1
10
159.892484807725
20
-8.86090469452668
30
0
41
1
10
159.862630560102
20
-8.85895226790308
30
0
0
SPLINE
5
10A
100
AcDbEntity
8
1
62
256
6
ByLayer
370
18
48
1
60
0
100
AcDbSpline
70
4
71
3
72
8
73
4
40
0
40
0
40
0
40
0
40
1
40
1
40
1
40
1
41
1
10
159.952083966529
20
-8.86669224083707
30
0
41
1
10
160.00896315144
20
-8.85777213411598
30
0
41
1
10
160.070415460269
20
-8.85289367102112
30
0
41
1
10
160.136079420091
20
-8.8534389430227
30
0
0
SPLINE
5
10B
100
AcDbEntity
8
1
62
256
6
ByLayer
370
18
48
1
60
0
100
AcDbSpline
70
4
71
3
72
30
73
26
40
0
40
0
40
0
40
0
40
0.124999999999983
40
0.124999999999983
40
0.187499999999982
40
0.187499999999982
40
0.249999999999982
40
0.312499999999981
40
0.312499999999981
40
0.374999999999981
40
0.374999999999981
40
0.499999999999975
40
0.499999999999975
40
0.562500000000007
40
0.562500000000007
40
0.625000000000039
40
0.625000000000039
40
0.750000000000028
40
0.750000000000028
40
0.812500000000021
40
0.812500000000021
40
0.875000000000014
40
0.937500000000007
40
0.937500000000007
40
1
40
1
40
1
40
1
41
1
10
169.284276274
20
-8.19321366301205
30
0
41
1
10
169.285284996357
20
-8.22615832878719
30
0
41
1
10
169.282934189421
20
-8.25893062765687
30
0
41
1
10
169.274157644806
20
-8.30780773345288
30
0
41
1
10
169.270384236392
20
-8.32384634688592
30
0
41
1
10
169.261238827051
20
-8.35523155087733
30
0
41
1
10
169.250482886774
20
-8.38599035975909
30
0
41
1
10
169.236534723042
20
-8.41549908572176
30
0
41
1
10
169.220959891563
20
-8.44436590178859
30
0
41
1
10
169.212309907653
20
-8.45853896411074
30
0
41
1
10
169.184412757826
20
-8.49921796405613
30
0
41
1
10
169.163148769531
20
-8.5241302524872
30
0
41
1
10
169.127338048501
20
-8.55821846639225
30
0
41
1
10
169.114734971662
20
-8.56903789840337
30
0
41
1
10
169.088210940152
20
-8.58950502854802
30
0
41
1
10
169.074491903336
20
-8.59899847448582
30
0
41
1
10
169.032018145879
20
-8.62533333075183
30
0
41
1
10
169.001958225258
20
-8.640048074807
30
0
41
1
10
168.954247378112
20
-8.65779679001321
30
0
41
1
10
168.937854429954
20
-8.66299188097145
30
0
41
1
10
168.904869148565
20
-8.6717059608259
30
0
41
1
10
168.87153002823
20
-8.67881196854168
30
0
41
1
10
168.837504854853
20
-8.6827695186835
30
0
41
1
10
168.803138099755
20
-8.68514455067054
30
0
41
1
10
168.785750463977
20
-8.68553999294136
30
0
41
1
10
168.768259370436
20
-8.68512061807081
30
0
0
SPLINE
5
10C
100
AcDbEntity
8
1
62
256
6
ByLayer
370
18
48
1
60
0
100
AcDbSpline
70
4
71
3
72
8
73
4
40
0
40
0
40
0
40
0
40
1
40
1
40
1
40
1
41
1
10
168.757276384026
20
-8.6847858901728
30
0
41
1
10
168.760945777803
20
-8.68492155457335
30
0
41
1
10
168.764606748794
20
-8.68503304105769
30
0
41
1
10
168.768259370436
20
-8.68512061807081
30
0
0
SPLINE
5
10D
100
AcDbEntity
8
1
62
256
6
ByLayer
370
18
48
1
60
0
100
AcDbSpline
70
4
71
3
72
22
73
18
40
0
40
0
40
0
40
0
40
0.24999999999991
40
0.24999999999991
40
0.374999999999865
40
0.374999999999865
40
0.437499999999843
40
0.437499999999843
40
0.499999999999821
40
0.499999999999821
40
0.749999999999909
40
0.749999999999909
40
0.874999999999996
40
0.874999999999996
40
0.937499999999998
40
0.937499999999998
40
1
40
1
40
1
40
1
41
1
10
161.028614502037
20
-8.9568316192474
30
0
41
1
10
160.955196927862
20
-8.94113004770415
30
0
41
1
10
160.880861146421
20
-8.92702468837669
30
0
41
1
10
160.768000536226
20
-8.90832525130219
30
0
41
1
10
160.730152602369
20
-8.90250380921995
30
0
41
1
10
160.673027344576
20
-8.89441535523909
30
0
41
1
10
160.653926598367
20
-8.89182661905966
30
0
41
1
10
160.615603844593
20
-8.88687005316183
30
0
41
1
10
160.5964202496
20
-8.88450778841263
30
0
41
1
10
160.501098776563
20
-8.87336282125329
30
0
41
1
10
160.426084051733
20
-8.8664814427033
30
0
41
1
10
160.31551436993
20
-8.85922461949951
30
0
41
1
10
160.278985603089
20
-8.85731881958378
30
0
41
1
10
160.224720784947
20
-8.85525470353377
30
0
41
1
10
160.206707607442
20
-8.85469944329202
30
0
41
1
10
160.171112449999
20
-8.85386457814226
30
0
41
1
10
160.15350076861
20
-8.85358360949724
30
0
41
1
10
160.136079420091
20
-8.8534389430227
30
0
0
SPLINE
5
10E
100
AcDbEntity
8
1
62
256
6
ByLayer
370
18
48
1
60
0
100
AcDbSpline
70
4
71
3
72
12
73
8
40
0
40
0
40
0
40
0
40
0.532215736565103
40
0.532215736565103
40
0.79832360484764
40
0.79832360484764
40
1
40
1
40
1
40
1
41
1
10
161.455342161594
20
-8.64830939052675
30
0
41
1
10
161.373455698237
20
-8.70724962867735
30
0
41
1
10
161.295704331557
20
-8.76232347308601
30
0
41
1
10
161.187779055439
20
-8.83933766251002
30
0
41
1
10
161.1532706322
20
-8.86407816757298
30
0
41
1
10
161.095832374825
20
-8.90599529327159
30
0
41
1
10
161.072117847398
20
-8.9235523131828
30
0
41
1
10
161.049698043204
20
-8.94062099972641
30
0
0
SPLINE
5
10F
100
AcDbEntity
8
1
62
256
6
ByLayer
370
18
48
1
60
0
100
AcDbSpline
70
4
71
3
72
63
73
59
40
0
40
0
40
0
40
0
40
0.0156249999999976
40
0.0156249999999976
40
0.0312499999999952
40
0.0312499999999952
40
0.0624999999999737
40
0.0624999999999737
40
0.124999999999946
40
0.124999999999946
40
0.156249999999932
40
0.156249999999932
40
0.187499999999918
40
0.187499999999918
40
0.249999999999892
40
0.249999999999892
40
0.265624999999884
40
0.265624999999884
40
0.281249999999876
40
0.281249999999876
40
0.312499999999862
40
0.312499999999862
40
0.374999999999834
40
0.374999999999834
40
0.390624999999827
40
0.390624999999827
40
0.406249999999821
40
0.406249999999821
40
0.437499999999807
40
0.468749999999793
40
0.468749999999793
40
0.499999999999779
40
0.499999999999779
40
0.562499999999733
40
0.562499999999733
40
0.593749999999721
40
0.593749999999721
40
0.609374999999715
40
0.609374999999715
40
0.624999999999709
40
0.624999999999709
40
0.687499999999732
40
0.687499999999732
40
0.703124999999731
40
0.703124999999731
40
0.718749999999731
40
0.749999999999755
40
0.78124999999978
40
0.78124999999978
40
0.812499999999804
40
0.812499999999804
40
0.874999999999853
40
0.874999999999853
40
0.906249999999889
40
0.906249999999889
40
0.937499999999926
40
0.937499999999926
40
1
40
1
40
1
40
1
41
1
10
161.455342161594
20
-8.64830939052675
30
0
41
1
10
161.44374299309
20
-8.64216677515375
30
0
41
1
10
161.432362696715
20
-8.63592837578335
30
0
41
1
10
161.41005177618
20
-8.62325027431919
30
0
41
1
10
161.399124370436
20
-8.61681090374432
30
0
41
1
10
161.367341441854
20
-8.59736897949907
30
0
41
1
10
161.34737304255
20
-8.5841813945315
30
0
41
1
10
161.291100141131
20
-8.54389317611984
30
0
41
1
10
161.258400024373
20
-8.51607180797552
30
0
41
1
10
161.216932337762
20
-8.47263818409502
30
0
41
1
10
161.204363499648
20
-8.45785325027018
30
0
41
1
10
161.181991053811
20
-8.42774719663279
30
0
41
1
10
161.17233549875
20
-8.41263080885133
30
0
41
1
10
161.147891147148
20
-8.36706700706782
30
0
41
1
10
161.137585016183
20
-8.33640320229486
30
0
41
1
10
161.132527173423
20
-8.29766053348925
30
0
41
1
10
161.131910011679
20
-8.28989149564626
30
0
41
1
10
161.131486650605
20
-8.27431166291836
30
0
41
1
10
161.131681920943
20
-8.26648400521088
30
0
41
1
10
161.133517301315
20
-8.24305415337309
30
0
41
1
10
161.136386409989
20
-8.22763238913086
30
0
41
1
10
161.149846926155
20
-8.18197324950404
30
0
41
1
10
161.165244422334
20
-8.15233112261944
30
0
41
1
10
161.192928842024
20
-8.11646691514744
30
0
41
1
10
161.198891375832
20
-8.10935436653722
30
0
41
1
10
161.211694260477
20
-8.09525847544248
30
0
41
1
10
161.218506954538
20
-8.08830821369295
30
0
41
1
10
161.240024391724
20
-8.06789974477508
30
0
41
1
10
161.271695807828
20
-8.04174482930381
30
0
41
1
10
161.309236708108
20
-8.01776008208873
30
0
41
1
10
161.34974712933
20
-7.99492288968776
30
0
41
1
10
161.371526508883
20
-7.9840605670102
30
0
41
1
10
161.441249661421
20
-7.95345177468894
30
0
41
1
10
161.492134684655
20
-7.93626873070133
30
0
41
1
10
161.574663432297
20
-7.91533418234792
30
0
41
1
10
161.603213798719
20
-7.90916741440196
30
0
41
1
10
161.647610349897
20
-7.90117608761338
30
0
41
1
10
161.662673206822
20
-7.89872397307084
30
0
41
1
10
161.692988272774
20
-7.89429289688704
30
0
41
1
10
161.708281290269
20
-7.89230612133679
30
0
41
1
10
161.785402560276
20
-7.88349286453919
30
0
41
1
10
161.849183685626
20
-7.88000735335154
30
0
41
1
10
161.931346813012
20
-7.87996302698085
30
0
41
1
10
161.947932511428
20
-7.88017191766545
30
0
41
1
10
161.981205377729
20
-7.88102070782111
30
0
41
1
10
162.03113560672
20
-7.88293485227547
30
0
41
1
10
162.114451438457
20
-7.88921744511947
30
0
41
1
10
162.181201971467
20
-7.89737221906518
30
0
41
1
10
162.247999920287
20
-7.90703721515973
30
0
41
1
10
162.281478855185
20
-7.91263567685183
30
0
41
1
10
162.38162579241
20
-7.93158580240791
30
0
41
1
10
162.446960695529
20
-7.94686745189637
30
0
41
1
10
162.543037488408
20
-7.97330178036401
30
0
41
1
10
162.574740128755
20
-7.98270197937913
30
0
41
1
10
162.637514533575
20
-8.00263910712312
30
0
41
1
10
162.668618300355
20
-8.01318767391732
30
0
41
1
10
162.760781746466
20
-8.04643417757526
30
0
41
1
10
162.820065398425
20
-8.07048656796439
30
0
41
1
10
162.87725112661
20
-8.09628588034408
30
0
0
SPLINE
5
110
100
AcDbEntity
8
1
62
256
6
ByLayer
370
18
48
1
60
0
100
AcDbSpline
70
4
71
3
72
10
73
6
40
0
40
0
40
0
40
0
40
0.5
40
0.5
40
1
40
1
40
1
40
1
41
1
10
162.87725112661
20
-8.09628588034408
30
0
41
1
10
162.927949999395
20
-8.11915865118709
30
0
41
1
10
162.976034930643
20
-8.14165005627893
30
0
41
1
10
163.066780872165
20
-8.18681140162562
30
0
41
1
10
163.109444598742
20
-8.20947714411491
30
0
41
1
10
163.149170656335
20
-8.23269725811619
30
0
0
SPLINE
5
111
100
AcDbEntity
8
1
62
256
6
ByLayer
370
18
48
1
60
0
100
AcDbSpline
70
4
71
3
72
46
73
42
40
0
40
0
40
0
40
0
40
0.0624999999999745
40
0.124999999999949
40
0.124999999999949
40
0.156249999999923
40
0.156249999999923
40
0.171874999999923
40
0.171874999999923
40
0.187499999999923
40
0.249999999999923
40
0.312499999999923
40
0.312499999999923
40
0.343749999999923
40
0.343749999999923
40
0.374999999999923
40
0.374999999999923
40
0.437499999999942
40
0.437499999999942
40
0.468749999999952
40
0.484374999999958
40
0.484374999999958
40
0.499999999999963
40
0.499999999999963
40
0.562499999999968
40
0.562499999999968
40
0.624999999999973
40
0.624999999999973
40
0.656249999999975
40
0.656249999999975
40
0.687499999999978
40
0.687499999999978
40
0.749999999999984
40
0.749999999999984
40
0.87499999999999
40
0.87499999999999
40
0.906249999999992
40
0.906249999999992
40
0.937499999999995
40
0.937499999999995
40
1
40
1
40
1
40
1
41
1
10
166.33275331096
20
-2.52451340112341
30
0
41
1
10
166.398391818426
20
-2.52128687932768
30
0
41
1
10
166.528632041733
20
-2.52275169953697
30
0
41
1
10
166.656829672665
20
-2.53980294531814
30
0
41
1
10
166.752189478205
20
-2.55857524101503
30
0
41
1
10
166.783844322281
20
-2.56583240097748
30
0
41
1
10
166.831122663776
20
-2.5782587651027
30
0
41
1
10
166.846873004334
20
-2.58266586483009
30
0
41
1
10
166.878094338059
20
-2.59193813447285
30
0
41
1
10
166.955538705759
20
-2.61628630332592
30
0
41
1
10
167.089551922491
20
-2.67042307867868
30
0
41
1
10
167.201168766557
20
-2.73277842242663
30
0
41
1
10
167.282012866126
20
-2.78492204836508
30
0
41
1
10
167.308560921785
20
-2.80326551526849
30
0
41
1
10
167.360019574854
20
-2.8412734625158
30
0
41
1
10
167.384990966366
20
-2.86096925821596
30
0
41
1
10
167.457702309147
20
-2.92205024404163
30
0
41
1
10
167.50324534522
20
-2.9654236835091
30
0
41
1
10
167.56732410561
20
-3.03424811655279
30
0
41
1
10
167.598302193758
20
-3.0696035335009
30
0
41
1
10
167.627699137906
20
-3.10635086446896
30
0
41
1
10
167.646945711596
20
-3.13115693404876
30
0
41
1
10
167.656404104083
20
-3.14372942571398
30
0
41
1
10
167.702558896377
20
-3.20699622135888
30
0
41
1
10
167.736029946649
20
-3.25911054856817
30
0
41
1
10
167.796630972284
20
-3.36600369720131
30
0
41
1
10
167.823758477746
20
-3.42078380270525
30
0
41
1
10
167.859955589703
20
-3.50477916441065
30
0
41
1
10
167.871270860579
20
-3.53308250696082
30
0
41
1
10
167.892429677366
20
-3.59027706873445
30
0
41
1
10
167.902244316048
20
-3.6191012940088
30
0
41
1
10
167.929282891718
20
-3.70554625539449
30
0
41
1
10
167.944207311118
20
-3.76340090817175
30
0
41
1
10
167.98057107353
20
-3.93746751575813
30
0
41
1
10
167.993659252948
20
-4.0541727748155
30
0
41
1
10
167.997828046316
20
-4.20051111774416
30
0
41
1
10
167.99804664878
20
-4.22983850821859
30
0
41
1
10
167.997283671891
20
-4.28836232874062
30
0
41
1
10
167.996304513664
20
-4.31750954456314
30
0
41
1
10
167.991650915571
20
-4.40461410224631
30
0
41
1
10
167.986263759656
20
-4.46223460965251
30
0
41
1
10
167.978750186044
20
-4.51942106149178
30
0
0
SPLINE
5
112
100
AcDbEntity
8
1
62
256
6
ByLayer
370
18
48
1
60
0
100
AcDbSpline
70
4
71
3
72
33
73
29
40
0
40
0
40
0
40
0
40
0.124999999999979
40
0.124999999999979
40
0.187499999999984
40
0.187499999999984
40
0.218750000000001
40
0.218750000000001
40
0.250000000000018
40
0.250000000000018
40
0.375000000000004
40
0.375000000000004
40
0.406250000000013
40
0.406250000000013
40
0.437500000000021
40
0.437500000000021
40
0.500000000000017
40
0.500000000000017
40
0.625000000000028
40
0.625000000000028
40
0.656250000000031
40
0.656250000000031
40
0.687500000000035
40
0.750000000000028
40
0.750000000000028
40
0.875000000000014
40
0.875000000000014
40
1
40
1
40
1
40
1
41
1
10
166.33275331096
20
-6.77803149172502
30
0
41
1
10
166.440625346725
20
-6.76315521205589
30
0
41
1
10
166.544645518
20
-6.74040037834232
30
0
41
1
10
166.695361478087
20
-6.69514136141734
30
0
41
1
10
166.744707218058
20
-6.67818407051033
30
0
41
1
10
166.817387910725
20
-6.6498955995109
30
0
41
1
10
166.841453539
20
-6.63996208378407
30
0
41
1
10
166.888807931438
20
-6.61926980961121
30
0
41
1
10
166.912065165162
20
-6.60852856461872
30
0
41
1
10
167.026324167346
20
-6.55288972915912
30
0
41
1
10
167.111290303563
20
-6.50223904996767
30
0
41
1
10
167.210086802009
20
-6.43143712310237
30
0
41
1
10
167.22947286166
20
-6.41689966289619
30
0
41
1
10
167.267504677117
20
-6.38706535181467
30
0
41
1
10
167.286172309716
20
-6.37174702042125
30
0
41
1
10
167.340619388553
20
-6.32504179356746
30
0
41
1
10
167.374996600029
20
-6.29279491155057
30
0
41
1
10
167.472761097061
20
-6.19282457568877
30
0
41
1
10
167.53080746229
20
-6.12188462977778
30
0
41
1
10
167.595241420248
20
-6.02792229004001
30
0
41
1
10
167.607742847121
20
-6.00882642226381
30
0
41
1
10
167.63180422645
20
-5.97032450137993
30
0
41
1
10
167.666486522158
20
-5.91211502537749
30
0
41
1
10
167.697134621806
20
-5.85255977904029
30
0
41
1
10
167.753462123891
20
-5.73169934962226
30
0
41
1
10
167.784410933796
20
-5.64879662215989
30
0
41
1
10
167.834589421482
20
-5.47844227410931
30
0
41
1
10
167.853810816216
20
-5.39098944867661
30
0
41
1
10
167.867593399848
20
-5.30125466387929
30
0
0
SPLINE
5
113
100
AcDbEntity
8
1
62
256
6
ByLayer
370
18
48
1
60
0
100
AcDbSpline
70
4
71
3
72
8
73
4
40
0
40
0
40
0
40
0
40
1
40
1
40
1
40
1
41
1
10
166.33275331096
20
-8.58881500734225
30
0
41
1
10
167.141455206731
20
-8.62292173742964
30
0
41
1
10
167.949690059639
20
-8.65492790237514
30
0
41
1
10
168.757276384026
20
-8.68478589017252
30
0
0
SPLINE
5
114
100
AcDbEntity
8
1
62
256
6
ByLayer
370
18
48
1
60
0
100
AcDbSpline
70
4
71
3
72
40
73
36
40
0
40
0
40
0
40
0
40
0.124999999999966
40
0.124999999999966
40
0.187499999999949
40
0.187499999999949
40
0.218749999999943
40
0.218749999999943
40
0.249999999999937
40
0.249999999999937
40
0.374999999999918
40
0.374999999999918
40
0.437499999999908
40
0.437499999999908
40
0.468749999999903
40
0.468749999999903
40
0.499999999999899
40
0.499999999999899
40
0.624999999999896
40
0.624999999999896
40
0.687499999999895
40
0.687499999999895
40
0.718749999999905
40
0.718749999999905
40
0.749999999999916
40
0.749999999999916
40
0.812499999999937
40
0.812499999999937
40
0.874999999999958
40
0.874999999999958
40
0.937499999999979
40
0.937499999999979
40
0.968749999999989
40
0.968749999999989
40
1
40
1
40
1
40
1
41
1
10
164.440612833551
20
-4.49916810460755
30
0
41
1
10
164.4552129752
20
-4.3878001314441
30
0
41
1
10
164.477140089227
20
-4.27663032984222
30
0
41
1
10
164.521787914894
20
-4.11043287710291
30
0
41
1
10
164.538638141426
20
-4.05512804731922
30
0
41
1
10
164.567044664953
20
-3.97236050988425
30
0
41
1
10
164.577036014358
20
-3.94480307273659
30
0
41
1
10
164.598102330902
20
-3.88976141094446
30
0
41
1
10
164.609185690807
20
-3.86226325693045
30
0
41
1
10
164.666961773316
20
-3.7260157336793
30
0
41
1
10
164.720985839787
20
-3.62015794084644
30
0
41
1
10
164.814573904057
20
-3.46678539715376
30
0
41
1
10
164.847870306706
20
-3.41656781722048
30
0
41
1
10
164.901164492813
20
-3.34273792531036
30
0
41
1
10
164.919488228205
20
-3.31837776857805
30
0
41
1
10
164.957297179681
20
-3.27018534383265
30
0
41
1
10
164.976803226391
20
-3.24632866972024
30
0
41
1
10
165.077143219484
20
-3.1287079909855
30
0
41
1
10
165.164746796174
20
-3.04173830333681
30
0
41
1
10
165.307802509487
20
-2.92299489482909
30
0
41
1
10
165.357438913737
20
-2.885375040002
30
0
41
1
10
165.435011960206
20
-2.83212750486706
30
0
41
1
10
165.461390282568
20
-2.81490963448323
30
0
41
1
10
165.515233039351
20
-2.78159001476348
30
0
41
1
10
165.542590485405
20
-2.76555900102989
30
0
41
1
10
165.625385351765
20
-2.7197157383907
30
0
41
1
10
165.681777502806
20
-2.69200169475982
30
0
41
1
10
165.796980622998
20
-2.64238309990634
30
0
41
1
10
165.855791119048
20
-2.62047735801886
30
0
41
1
10
165.975932529719
20
-2.58275933175781
30
0
41
1
10
166.037262424649
20
-2.56694456943353
30
0
41
1
10
166.13129548436
20
-2.54817364400495
30
0
41
1
10
166.163028182111
20
-2.54274092078609
30
0
41
1
10
166.226616255289
20
-2.53369228100885
30
0
41
1
10
166.258534540147
20
-2.5300610810452
30
0
41
1
10
166.290579563544
20
-2.52734181727212
30
0
0
SPLINE
5
115
100
AcDbEntity
8
1
62
256
6
ByLayer
370
18
48
1
60
0
100
AcDbSpline
70
4
71
3
72
10
73
6
40
0
40
0
40
0
40
0
40
0.5
40
0.5
40
1
40
1
40
1
40
1
41
1
10
163.149170656334
20
-8.23269725811576
30
0
41
1
10
163.188157166035
20
-8.25548510203032
30
0
41
1
10
163.223755511708
20
-8.27906890638818
30
0
41
1
10
163.288233719153
20
-8.32765289663107
30
0
41
1
10
163.317115305316
20
-8.35265327094021
30
0
41
1
10
163.342424733144
20
-8.37833848645744
30
0
0
SPLINE
5
116
100
AcDbEntity
8
1
62
256
6
ByLayer
370
18
48
1
60
0
100
AcDbSpline
70
4
71
3
72
8
73
4
40
0
40
0
40
0
40
0
40
1
40
1
40
1
40
1
41
1
10
163.342424733144
20
-8.37833848645744
30
0
41
1
10
164.325948342867
20
-8.44810303314102
30
0
41
1
10
165.308582487519
20
-8.51799801520093
30
0
41
1
10
166.290579563544
20
-8.58645515197452
30
0
0
SPLINE
5
117
100
AcDbEntity
8
1
62
256
6
ByLayer
370
18
48
1
60
0
100
AcDbSpline
70
4
71
3
72
50
73
46
40
0
40
0
40
0
40
0
40
0.125000000000023
40
0.125000000000023
40
0.250000000000045
40
0.250000000000045
40
0.281250000000049
40
0.281250000000049
40
0.312500000000052
40
0.312500000000052
40
0.37500000000006
40
0.37500000000006
40
0.437500000000067
40
0.437500000000067
40
0.468750000000066
40
0.468750000000066
40
0.484375000000066
40
0.484375000000066
40
0.500000000000065
40
0.562500000000041
40
0.562500000000041
40
0.625000000000017
40
0.625000000000017
40
0.640625000000015
40
0.640625000000015
40
0.656250000000013
40
0.656250000000013
40
0.687500000000025
40
0.687500000000025
40
0.750000000000049
40
0.750000000000049
40
0.812500000000072
40
0.812500000000072
40
0.828125000000073
40
0.828125000000073
40
0.843750000000074
40
0.875000000000055
40
0.875000000000055
40
0.937500000000017
40
0.937500000000017
40
0.953125000000012
40
0.953125000000012
40
0.968750000000008
40
0.968750000000008
40
1
40
1
40
1
40
1
41
1
10
164.420766264305
20
-4.64832305837274
30
0
41
1
10
164.402408403661
20
-4.7842660051945
30
0
41
1
10
164.393228247226
20
-4.91820460190485
30
0
41
1
10
164.395286091282
20
-5.18208521388488
30
0
41
1
10
164.406483846172
20
-5.31202727955147
30
0
41
1
10
164.436003976005
20
-5.47194460000392
30
0
41
1
10
164.44271154373
20
-5.50387878501817
30
0
41
1
10
164.45769289327
20
-5.56705127651762
30
0
41
1
10
164.465959858492
20
-5.59828231438996
30
0
41
1
10
164.493159735515
20
-5.69090845849337
30
0
41
1
10
164.51448510687
20
-5.7512381844638
30
0
41
1
10
164.564032333828
20
-5.8690136989994
30
0
41
1
10
164.592251135564
20
-5.92646012443601
30
0
41
1
10
164.640315940185
20
-6.01039233679987
30
0
41
1
10
164.657295811066
20
-6.03799632763699
30
0
41
1
10
164.684298563037
20
-6.07882711166556
30
0
41
1
10
164.69356638844
20
-6.09235617954209
30
0
41
1
10
164.712520687234
20
-6.11906688301778
30
0
41
1
10
164.761004817765
20
-6.18505342662272
30
0
41
1
10
164.815011249694
20
-6.2471154047997
30
0
41
1
10
164.908938993056
20
-6.34135505015118
30
0
41
1
10
164.95965711584
20
-6.38594727668911
30
0
41
1
10
165.028232007628
20
-6.43839147673469
30
0
41
1
10
165.04220685444
20
-6.44871496427052
30
0
41
1
10
165.070692889603
20
-6.46902539040045
30
0
41
1
10
165.085203943356
20
-6.47901024704069
30
0
41
1
10
165.129194420522
20
-6.50821217989346
30
0
41
1
10
165.159247033821
20
-6.52676212210429
30
0
41
1
10
165.25158844666
20
-6.57970642826376
30
0
41
1
10
165.316051724141
20
-6.61140696333464
30
0
41
1
10
165.451017624736
20
-6.66761121858028
30
0
41
1
10
165.521515882198
20
-6.69211957654505
30
0
41
1
10
165.613770075172
20
-6.71798949536881
30
0
41
1
10
165.63240728663
20
-6.7229162048564
30
0
41
1
10
165.669732964513
20
-6.73219382343882
30
0
41
1
10
165.725930063233
20
-6.74528377407205
30
0
41
1
10
165.7827465645
20
-6.75593336780031
30
0
41
1
10
165.897199873806
20
-6.77403002713018
30
0
41
1
10
165.974591535342
20
-6.78184386197157
30
0
41
1
10
166.072736335696
20
-6.7861845345505
30
0
41
1
10
166.092435895572
20
-6.78677980125698
30
0
41
1
10
166.131978727458
20
-6.78741531870634
30
0
41
1
10
166.15185322829
20
-6.78745489009199
30
0
41
1
10
166.211412342566
20
-6.78672809348694
30
0
41
1
10
166.25103675088
20
-6.78512217100669
30
0
41
1
10
166.290579563544
20
-6.78239337945698
30
0
0
SPLINE
5
118
100
AcDbEntity
8
1
62
256
6
ByLayer
370
18
48
1
60
0
100
AcDbSpline
70
4
71
3
72
8
73
4
40
0
40
0
40
0
40
0
40
1
40
1
40
1
40
1
41
1
10
166.290579563544
20
-2.52734181727209
30
0
41
1
10
166.304621827471
20
-2.52615022445858
30
0
41
1
10
166.318679598973
20
-2.52520520750699
30
0
41
1
10
166.33275331096
20
-2.52451340112341
30
0
0
SPLINE
5
119
100
AcDbEntity
8
1
62
256
6
ByLayer
370
18
48
1
60
0
100
AcDbSpline
70
4
71
3
72
8
73
4
40
0
40
0
40
0
40
0
40
1
40
1
40
1
40
1
41
1
10
159.952083966529
20
8.86669224083624
30
0
41
1
10
159.657756037659
20
8.12033383960238
30
0
41
1
10
159.362361673697
20
7.37458465423322
30
0
41
1
10
159.065921703263
20
6.62940394273389
30
0
0
SPLINE
5
11A
100
AcDbEntity
8
1
62
256
6
ByLayer
370
18
48
1
60
0
100
AcDbSpline
70
4
71
3
72
8
73
4
40
0
40
0
40
0
40
0
40
1
40
1
40
1
40
1
41
1
10
159.952083966529
20
8.86669224083593
30
0
41
1
10
159.922302592401
20
8.86348549285592
30
0
41
1
10
159.892484807725
20
8.86090469452549
30
0
41
1
10
159.862630560102
20
8.85895226790186
30
0
0
SPLINE
5
11B
100
AcDbEntity
8
1
62
256
6
ByLayer
370
18
48
1
60
0
100
AcDbSpline
70
4
71
3
72
63
73
59
40
0
40
0
40
0
40
0
40
0.0302516885503292
40
0.0302516885503292
40
0.0605033771006584
40
0.0605033771006584
40
0.0907550656509877
40
0.0907550656509877
40
0.121006754201317
40
0.121006754201317
40
0.18151013130197
40
0.18151013130197
40
0.242013508402624
40
0.242013508402624
40
0.302516885503278
40
0.302516885503278
40
0.363020262603931
40
0.363020262603931
40
0.423523639704585
40
0.423523639704585
40
0.453775328254912
40
0.453775328254912
40
0.468901172530073
40
0.468901172530073
40
0.476464094667656
40
0.476464094667656
40
0.484027016805238
40
0.544530393905916
40
0.544530393905916
40
0.605033771006594
40
0.605033771006594
40
0.635285459556933
40
0.635285459556933
40
0.650411303832103
40
0.650411303832103
40
0.665537148107272
40
0.665537148107272
40
0.726040525207953
40
0.726040525207953
40
0.786543902308635
40
0.786543902308635
40
0.801669746583805
40
0.801669746583805
40
0.816795590858974
40
0.816795590858974
40
0.847047279409311
40
0.847047279409311
40
0.907550656509984
40
0.907550656509984
40
0.93780234506032
40
0.93780234506032
40
0.952928189335488
40
0.960491111473073
40
0.960491111473073
40
0.968054033610657
40
0.968054033610657
40
0.998305722160998
40
1
40
1
40
1
40
1
41
1
10
159.862630560102
20
5.04924922102825
30
0
41
1
10
159.690824891898
20
5.05539547579053
30
0
41
1
10
159.519054893568
20
5.06255701225152
30
0
41
1
10
159.175834662205
20
5.08021129773149
30
0
41
1
10
159.004415644
20
5.09068726515557
30
0
41
1
10
158.662007201725
20
5.11531819009937
30
0
41
1
10
158.491003196543
20
5.12934649284017
30
0
41
1
10
158.149355651267
20
5.16044680808167
30
0
41
1
10
157.978731906234
20
5.17771419097966
30
0
41
1
10
157.467575192781
20
5.23535834836955
30
0
41
1
10
157.12965102166
20
5.28096616473471
30
0
41
1
10
156.459566788276
20
5.38608422723041
30
0
41
1
10
156.127422308212
20
5.44563658502048
30
0
41
1
10
155.46920250493
20
5.57855379713359
30
0
41
1
10
155.14314342837
20
5.65196281293026
30
0
41
1
10
154.497577533638
20
5.81263569141675
30
0
41
1
10
154.178070360726
20
5.89990146095738
30
0
41
1
10
153.54608317112
20
6.08790968608537
30
0
41
1
10
153.23358272283
20
6.18861078695744
30
0
41
1
10
152.770609711834
20
6.34946045081742
30
0
41
1
10
152.617251359013
20
6.40471238150408
30
0
41
1
10
152.388749887582
20
6.49000584103067
30
0
41
1
10
152.312838863028
20
6.51883945282171
30
0
41
1
10
152.199368614068
20
6.5626874542908
30
0
41
1
10
152.161613278568
20
6.57740245832659
30
0
41
1
10
152.08642080293
20
6.60695732464046
30
0
41
1
10
151.749281002664
20
6.74059270646907
30
0
41
1
10
151.423238403054
20
6.87986791961643
30
0
41
1
10
150.862332485264
20
7.13404839935265
30
0
41
1
10
150.59123769288
20
7.26443695409199
30
0
41
1
10
150.199747247296
20
7.46269015394111
30
0
41
1
10
150.071780113246
20
7.52921492990123
30
0
41
1
10
149.88380560026
20
7.62931709189186
30
0
41
1
10
149.821739387895
20
7.66277620650504
30
0
41
1
10
149.699765500961
20
7.72929279969094
30
0
41
1
10
149.639769655043
20
7.76239627405812
30
0
41
1
10
149.344745405882
20
7.92695584650409
30
0
41
1
10
149.124573521379
20
8.0555658344187
30
0
41
1
10
148.716027800642
20
8.30161031349746
30
0
41
1
10
148.527638699936
20
8.41905881267218
30
0
41
1
10
148.312321290541
20
8.55513895122081
30
0
41
1
10
148.270267848305
20
8.58181550096987
30
0
41
1
10
148.188195358683
20
8.63398191470981
30
0
41
1
10
148.148158310186
20
8.65948326714593
30
0
41
1
10
148.031235708487
20
8.73396452126818
30
0
41
1
10
147.958549595035
20
8.78027448386848
30
0
41
1
10
147.755393036722
20
8.90849795453127
30
0
41
1
10
147.639772277473
20
8.97972486753488
30
0
41
1
10
147.493414393004
20
9.06226884086064
30
0
41
1
10
147.449153539556
20
9.08573018411835
30
0
41
1
10
147.389346343979
20
9.11442042631222
30
0
41
1
10
147.36109019686
20
9.12713932120431
30
0
41
1
10
147.335280813943
20
9.13733130511196
30
0
41
1
10
147.318616592391
20
9.14355398745434
30
0
41
1
10
147.310550374701
20
9.14638100155639
30
0
41
1
10
147.271628249602
20
9.15904102927487
30
0
41
1
10
147.243693940027
20
9.16469617095726
30
0
41
1
10
147.220644168833
20
9.16499905734938
30
0
41
1
10
147.21943541083
20
9.16500005477772
30
0
0
SPLINE
5
11C
100
AcDbEntity
8
1
62
256
6
ByLayer
370
18
48
1
60
0
100
AcDbSpline
70
4
71
3
72
54
73
50
40
0
40
0
40
0
40
0
40
0.0068770930997086
40
0.0068770930997086
40
0.0175558340341357
40
0.0175558340341357
40
0.0602707977718323
40
0.0602707977718323
40
0.102985761509529
40
0.102985761509529
40
0.124343243378377
40
0.124343243378377
40
0.135021984312798
40
0.135021984312798
40
0.145700725247219
40
0.145700725247219
40
0.188415688984902
40
0.188415688984902
40
0.231130652722585
40
0.231130652722585
40
0.252488134591427
40
0.252488134591427
40
0.263166875525844
40
0.263166875525844
40
0.273845616460261
40
0.273845616460261
40
0.31656058019791
40
0.31656058019791
40
0.359275543935559
40
0.359275543935559
40
0.38063302580438
40
0.38063302580438
40
0.385972396271586
40
0.385972396271586
40
0.391311766738791
40
0.401990507673202
40
0.487420435148459
40
0.487420435148459
40
0.572850362623716
40
0.572850362623716
40
0.658280290098972
40
0.658280290098972
40
0.74371021757423
40
0.74371021757423
40
0.829140145049486
40
0.829140145049486
40
0.914570072524743
40
0.914570072524743
40
1
40
1
40
1
40
1
41
1
10
148.376068401921
20
8.51182759757447
30
0
41
1
10
148.398404906493
20
8.50564395784829
30
0
41
1
10
148.420947444475
20
8.49949686598296
30
0
41
1
10
148.479013981922
20
8.48390386762244
30
0
41
1
10
148.514772454333
20
8.47452787746596
30
0
41
1
10
148.6947501803
20
8.4284661130234
30
0
41
1
10
148.843363407872
20
8.39399609345881
30
0
41
1
10
149.148683474319
20
8.3302630249581
30
0
41
1
10
149.305404171377
20
8.30100373713287
30
0
41
1
10
149.546140597677
20
8.26140977237918
30
0
41
1
10
149.627334997156
20
8.24893053928369
30
0
41
1
10
149.750520109388
20
8.2313386538643
30
0
41
1
10
149.791814358983
20
8.22566265375437
30
0
41
1
10
149.874866504848
20
8.21469650683571
30
0
41
1
10
149.916519794846
20
8.20942043407715
30
0
41
1
10
150.125054148663
20
8.18412728015349
30
0
41
1
10
150.293098540915
20
8.16731235800023
30
0
41
1
10
150.631479347383
20
8.14061092028976
30
0
41
1
10
150.80181690426
20
8.13072601267427
30
0
41
1
10
151.059017098377
20
8.12123193028688
30
0
41
1
10
151.145033912035
20
8.11895790040063
30
0
41
1
10
151.274486146456
20
8.11690133182225
30
0
41
1
10
151.317708129246
20
8.11644167169624
30
0
41
1
10
151.404295764916
20
8.1159787150622
30
0
41
1
10
151.447622719052
20
8.11597642734526
30
0
41
1
10
151.663436530088
20
8.11710186590886
30
0
41
1
10
151.834362769719
20
8.12162250540166
30
0
41
1
10
152.172887679791
20
8.13751759802642
30
0
41
1
10
152.340487456195
20
8.14888973298753
30
0
41
1
10
152.589396438768
20
8.1708291301025
30
0
41
1
10
152.67195926933
20
8.17893752050975
30
0
41
1
10
152.774616155609
20
8.19010641924925
30
0
41
1
10
152.795127511274
20
8.19237696654201
30
0
41
1
10
152.836161146786
20
8.19688832572959
30
0
41
1
10
152.8977079609
20
8.20365132617883
30
0
41
1
10
153.287435372266
20
8.24640538911001
30
0
41
1
10
153.65625150773
20
8.2864628192755
30
0
41
1
10
154.311292890582
20
8.35676590774082
30
0
41
1
10
154.638497954702
20
8.39146080832737
30
0
41
1
10
155.292336480537
20
8.45962092752637
30
0
41
1
10
155.618967966788
20
8.49308763706162
30
0
41
1
10
156.271814876363
20
8.55833935421208
30
0
41
1
10
156.598044762879
20
8.59012438205113
30
0
41
1
10
157.250253527841
20
8.65141110866239
30
0
41
1
10
157.576263211279
20
8.68089429570844
30
0
41
1
10
158.228517879666
20
8.73704477607512
30
0
41
1
10
158.554751802516
20
8.76372452778352
30
0
41
1
10
159.207875866609
20
8.81394104705464
30
0
41
1
10
159.534720357921
20
8.83750739288897
30
0
41
1
10
159.862630560102
20
8.85895226790188
30
0
0
SPLINE
5
11D
100
AcDbEntity
8
1
62
256
6
ByLayer
370
18
48
1
60
0
100
AcDbSpline
70
4
71
3
72
8
73
4
40
0
40
0
40
0
40
0
40
1
40
1
40
1
40
1
41
1
10
159.862630560102
20
5.04924922102825
30
0
41
1
10
159.954294199438
20
5.04597000395881
30
0
41
1
10
160.045444557459
20
5.04496960110484
30
0
41
1
10
160.136079420085
20
5.04615149427326
30
0
0
SPLINE
5
11E
100
AcDbEntity
8
1
62
256
6
ByLayer
370
18
48
1
60
0
100
AcDbSpline
70
4
71
3
72
20
73
16
40
0
40
0
40
0
40
0
40
0.125000000000022
40
0.125000000000022
40
0.250000000000044
40
0.250000000000044
40
0.500000000000059
40
0.500000000000059
40
0.750000000000074
40
0.750000000000074
40
0.812500000000063
40
0.812500000000063
40
0.875000000000052
40
0.875000000000052
40
1
40
1
40
1
40
1
41
1
10
162.87725112661
20
5.12507054522598
30
0
41
1
10
162.763007233827
20
5.12156232786373
30
0
41
1
10
162.648764395961
20
5.11805699427293
30
0
41
1
10
162.420279012273
20
5.111019544013
30
0
41
1
10
162.306032130169
20
5.10740857312803
30
0
41
1
10
161.963248702869
20
5.0957646067406
30
0
41
1
10
161.734690445836
20
5.08730503768635
30
0
41
1
10
161.277642067287
20
5.07149192468134
30
0
41
1
10
161.049156815114
20
5.06410016122894
30
0
41
1
10
160.763704954779
20
5.05695744529694
30
0
41
1
10
160.70662214157
20
5.05563100983085
30
0
41
1
10
160.592477597643
20
5.05326383872222
30
0
41
1
10
160.535415976538
20
5.05222452287703
30
0
41
1
10
160.364249995608
20
5.04935198591221
30
0
41
1
10
160.250155564824
20
5.04763906552611
30
0
41
1
10
160.136079420085
20
5.04615149427326
30
0
0
SPLINE
5
11F
100
AcDbEntity
8
1
62
256
6
ByLayer
370
18
48
1
60
0
100
AcDbSpline
70
4
71
3
72
8
73
4
40
0
40
0
40
0
40
0
40
1
40
1
40
1
40
1
41
1
10
163.149170656334
20
5.12745487578451
30
0
41
1
10
163.058050139356
20
5.12863578875692
30
0
41
1
10
162.967410739542
20
5.12783917917008
30
0
41
1
10
162.87725112661
20
5.12507054522601
30
0
0
SPLINE
5
120
100
AcDbEntity
8
1
62
256
6
ByLayer
370
18
48
1
60
0
100
AcDbSpline
70
4
71
3
72
12
73
8
40
0
40
0
40
0
40
0
40
0.109759359138157
40
0.109759359138157
40
0.548796795830833
40
0.548796795830833
40
1
40
1
40
1
40
1
41
1
10
166.290579563544
20
5.08669415775489
30
0
41
1
10
166.175646534195
20
5.08818708491845
30
0
41
1
10
166.060713507143
20
5.08967983997869
30
0
41
1
10
165.486048383209
20
5.0971427474451
30
0
41
1
10
165.026316320871
20
5.10311032006047
30
0
41
1
10
164.09411304841
20
5.11520490714719
30
0
41
1
10
163.621641838896
20
5.12133169554929
30
0
41
1
10
163.149170656334
20
5.12745487578451
30
0
0
SPLINE
5
121
100
AcDbEntity
8
1
62
256
6
ByLayer
370
18
48
1
60
0
100
AcDbSpline
70
4
71
3
72
8
73
4
40
0
40
0
40
0
40
0
40
1
40
1
40
1
40
1
41
1
10
166.33275331096
20
5.08586375810788
30
0
41
1
10
166.318700641178
20
5.08623469329351
30
0
41
1
10
166.304642724849
20
5.08651148376086
30
0
41
1
10
166.290579563544
20
5.08669415775489
30
0
0
SPLINE
5
122
100
AcDbEntity
8
1
62
256
6
ByLayer
370
18
48
1
60
0
100
AcDbSpline
70
4
71
3
72
12
73
8
40
0
40
0
40
0
40
0
40
0.143586122070554
40
0.143586122070554
40
0.717930610355071
40
0.717930610355071
40
1
40
1
40
1
40
1
41
1
10
168.757276384026
20
5.02186232990621
30
0
41
1
10
168.641233778303
20
5.02492570845899
30
0
41
1
10
168.525191170254
20
5.0279890719944
30
0
41
1
10
167.944978118354
20
5.043305802601
30
0
41
1
10
167.480807639521
20
5.05555890507353
30
0
41
1
10
166.788675861507
20
5.07382908783998
30
0
41
1
10
166.560714590745
20
5.07984647733926
30
0
41
1
10
166.33275331096
20
5.08586375810791
30
0
0
SPLINE
5
123
100
AcDbEntity
8
1
62
256
6
ByLayer
370
18
48
1
60
0
100
AcDbSpline
70
4
71
3
72
33
73
29
40
0
40
0
40
0
40
0
40
0.124999999999961
40
0.124999999999961
40
0.187499999999932
40
0.187499999999932
40
0.218749999999929
40
0.218749999999929
40
0.249999999999926
40
0.249999999999926
40
0.374999999999881
40
0.374999999999881
40
0.406249999999857
40
0.406249999999857
40
0.437499999999835
40
0.437499999999835
40
0.499999999999852
40
0.499999999999852
40
0.624999999999885
40
0.624999999999885
40
0.687499999999904
40
0.687499999999904
40
0.749999999999923
40
0.812499999999942
40
0.812499999999942
40
0.874999999999961
40
0.874999999999961
40
1
40
1
40
1
40
1
41
1
10
169.284276273999
20
4.83509037316307
30
0
41
1
10
169.285287468129
20
4.84633872987737
30
0
41
1
10
169.282910637964
20
4.85750890052577
30
0
41
1
10
169.274385074254
20
4.87414968432765
30
0
41
1
10
169.270710850258
20
4.87967740319286
30
0
41
1
10
169.263913941799
20
4.88793931339146
30
0
41
1
10
169.261429683131
20
4.89069118440435
30
0
41
1
10
169.256079417841
20
4.89613004534502
30
0
41
1
10
169.253208474526
20
4.89882372423872
30
0
41
1
10
169.237887782523
20
4.9121650806739
30
0
41
1
10
169.222566581008
20
4.92243512567603
30
0
41
1
10
169.199525338358
20
4.93476113100121
30
0
41
1
10
169.194720931732
20
4.93720053475678
30
0
41
1
10
169.184711335899
20
4.94202663420563
30
0
41
1
10
169.179490572209
20
4.94441993898613
30
0
41
1
10
169.163342570983
20
4.9514616219742
30
0
41
1
10
169.151945566272
20
4.95596900937076
30
0
41
1
10
169.115902470951
20
4.96894268162222
30
0
41
1
10
169.089422100598
20
4.97686574836507
30
0
41
1
10
169.045876837177
20
4.9876176701413
30
0
41
1
10
169.03067743415
20
4.99101599989123
30
0
41
1
10
168.999671244952
20
4.99727051997746
30
0
41
1
10
168.967899207254
20
5.00302595073677
30
0
41
1
10
168.934614288819
20
5.00779546561873
30
0
41
1
10
168.900560273037
20
5.01206377457433
30
0
41
1
10
168.883087686757
20
5.01395277261409
30
0
41
1
10
168.829881982859
20
5.01879531778329
30
0
41
1
10
168.793858023945
20
5.02089662071299
30
0
41
1
10
168.757276384026
20
5.02186232990621
30
0
0
SPLINE
5
124
100
AcDbEntity
8
1
62
256
6
ByLayer
370
18
48
1
60
0
100
AcDbSpline
70
4
71
3
72
10
73
6
40
0
40
0
40
0
40
0
40
0.709382777158246
40
0.709382777158246
40
1
40
1
40
1
40
1
41
1
10
158.881584558984
20
5.92294222321988
30
0
41
1
10
158.857839206353
20
5.74102709571898
30
0
41
1
10
158.834154300808
20
5.55909530338616
30
0
41
1
10
158.800840166634
20
5.30260994898254
30
0
41
1
10
158.791167322069
20
5.22806844403468
30
0
41
1
10
158.7815028104
20
5.15352462981107
30
0
0
SPLINE
5
125
100
AcDbEntity
8
1
62
256
6
ByLayer
370
18
48
1
60
0
100
AcDbSpline
70
4
71
3
72
12
73
8
40
0
40
0
40
0
40
0
40
0.499999999999998
40
0.499999999999998
40
0.749999999999999
40
0.749999999999999
40
1
40
1
40
1
40
1
41
1
10
159.065921703264
20
6.62940394273417
30
0
41
1
10
159.020453464978
20
6.51510743236057
30
0
41
1
10
158.982346868933
20
6.39900888299894
30
0
41
1
10
158.93615804155
20
6.22216600675264
30
0
41
1
10
158.922585252057
20
6.16270989167947
30
0
41
1
10
158.899218845387
20
6.04314489678671
30
0
41
1
10
158.889443546409
20
5.98315058152869
30
0
41
1
10
158.881584558984
20
5.92294222321968
30
0
0
SPLINE
5
126
100
AcDbEntity
8
1
62
256
6
ByLayer
370
18
48
1
60
0
100
AcDbSpline
70
4
71
3
72
38
73
34
40
0
40
0
40
0
40
0
40
0.0625000000000123
40
0.0625000000000123
40
0.093750000000018
40
0.093750000000018
40
0.125000000000024
40
0.125000000000024
40
0.187500000000035
40
0.187500000000035
40
0.250000000000047
40
0.250000000000047
40
0.312500000000059
40
0.312500000000059
40
0.37500000000007
40
0.37500000000007
40
0.437500000000082
40
0.437500000000082
40
0.500000000000093
40
0.500000000000093
40
0.625000000000009
40
0.625000000000009
40
0.749999999999924
40
0.749999999999924
40
0.812499999999921
40
0.812499999999921
40
0.874999999999917
40
0.874999999999917
40
0.906249999999939
40
0.906249999999939
40
0.93749999999996
40
0.93749999999996
40
1
40
1
40
1
40
1
41
1
10
164.112067462594
20
7.30599435563701
30
0
41
1
10
164.123814527156
20
7.29909188939232
30
0
41
1
10
164.13638437196
20
7.29425504161705
30
0
41
1
10
164.156073737535
20
7.28905947768158
30
0
41
1
10
164.162781035531
20
7.28768559971144
30
0
41
1
10
164.176250777994
20
7.2855843270101
30
0
41
1
10
164.183039830468
20
7.28484975017247
30
0
41
1
10
164.203552144251
20
7.28346920928834
30
0
41
1
10
164.217273002348
20
7.28364660751134
30
0
41
1
10
164.244730055763
20
7.28572794113907
30
0
41
1
10
164.258424068885
20
7.28763682818737
30
0
41
1
10
164.285547096557
20
7.2928875556689
30
0
41
1
10
164.299048370944
20
7.2962475643827
30
0
41
1
10
164.325637023992
20
7.30420557076988
30
0
41
1
10
164.338739098915
20
7.3088035315977
30
0
41
1
10
164.364588499098
20
7.31915402307669
30
0
41
1
10
164.377324312821
20
7.3249066129828
30
0
41
1
10
164.402200504745
20
7.33741163841486
30
0
41
1
10
164.414373944203
20
7.3441769213243
30
0
41
1
10
164.450102464828
20
7.3660053082881
30
0
41
1
10
164.472556447221
20
7.38238532522081
30
0
41
1
10
164.514355328206
20
7.41881506821852
30
0
41
1
10
164.533570152209
20
7.43875779525499
30
0
41
1
10
164.558777418691
20
7.47115316533487
30
0
41
1
10
164.566596445233
20
7.48240490329653
30
0
41
1
10
164.580635893007
20
7.50564825049545
30
0
41
1
10
164.586906137495
20
7.51771248326659
30
0
41
1
10
164.594752388961
20
7.53639526500092
30
0
41
1
10
164.597102269729
20
7.54270853450788
30
0
41
1
10
164.601189195467
20
7.5555367400965
30
0
41
1
10
164.602929956014
20
7.56207553415129
30
0
41
1
10
164.606988174087
20
7.58175378756536
30
0
41
1
10
164.608220605246
20
7.59501163023344
30
0
41
1
10
164.607232773227
20
7.60849446053621
30
0
0
SPLINE
5
127
100
AcDbEntity
8
1
62
256
6
ByLayer
370
18
48
1
60
0
100
AcDbSpline
70
4
71
3
72
8
73
4
40
0
40
0
40
0
40
0
40
1
40
1
40
1
40
1
41
1
10
164.607232773227
20
7.60849446053621
30
0
41
1
10
164.60669639795
20
7.61581539839477
30
0
41
1
10
164.606159657636
20
7.62313569873322
30
0
41
1
10
164.605622570651
20
7.63045539156519
30
0
0
SPLINE
5
128
100
AcDbEntity
8
1
62
256
6
ByLayer
370
18
48
1
60
0
100
AcDbSpline
70
4
71
3
72
28
73
24
40
0
40
0
40
0
40
0
40
0.249999999999908
40
0.249999999999908
40
0.374999999999931
40
0.374999999999931
40
0.499999999999954
40
0.499999999999954
40
0.624999999999977
40
0.624999999999977
40
0.687500000000081
40
0.687500000000081
40
0.750000000000186
40
0.750000000000186
40
0.81250000000029
40
0.81250000000029
40
0.843750000000241
40
0.843750000000241
40
0.875000000000192
40
0.875000000000192
40
0.937500000000096
40
0.937500000000096
40
1
40
1
40
1
40
1
41
1
10
163.786985431018
20
7.15387797070383
30
0
41
1
10
163.803452513706
20
7.18274962312344
30
0
41
1
10
163.822311227274
20
7.21024718873673
30
0
41
1
10
163.85423348006
20
7.24846216983008
30
0
41
1
10
163.865497986124
20
7.26069801968515
30
0
41
1
10
163.889321474944
20
7.28375632389734
30
0
41
1
10
163.90192529398
20
7.29462502652521
30
0
41
1
10
163.928523395751
20
7.31427514106647
30
0
41
1
10
163.942650043532
20
7.32315141203728
30
0
41
1
10
163.964800036962
20
7.33389322628685
30
0
41
1
10
163.972354063729
20
7.33705209541563
30
0
41
1
10
163.987889777647
20
7.34230042306297
30
0
41
1
10
163.99594737105
20
7.34440087832553
30
0
41
1
10
164.012118323776
20
7.3470721020357
30
0
41
1
10
164.020246605206
20
7.34766359880698
30
0
41
1
10
164.032514694701
20
7.34713296436004
30
0
41
1
10
164.036633183887
20
7.34671195782417
30
0
41
1
10
164.044675777622
20
7.34536517628214
30
0
41
1
10
164.048624421605
20
7.34444036104659
30
0
41
1
10
164.060240813619
20
7.34087644411312
30
0
41
1
10
164.067768809413
20
7.33736707798616
30
0
41
1
10
164.081305208065
20
7.3285864755459
30
0
41
1
10
164.087415136445
20
7.32331652985027
30
0
41
1
10
164.0929237589
20
7.31724394276935
30
0
0
SPLINE
5
129
100
AcDbEntity
8
1
62
256
6
ByLayer
370
18
48
1
60
0
100
AcDbSpline
70
4
71
3
72
8
73
4
40
0
40
0
40
0
40
0
40
1
40
1
40
1
40
1
41
1
10
164.0929237589
20
7.31724394276935
30
0
41
1
10
164.099304405337
20
7.31349412308788
30
0
41
1
10
164.105685630322
20
7.30974426112223
30
0
41
1
10
164.112067462594
20
7.30599435563701
30
0
0
SPLINE
5
12A
100
AcDbEntity
8
1
62
256
6
ByLayer
370
18
48
1
60
0
100
AcDbSpline
70
4
71
3
72
30
73
26
40
0
40
0
40
0
40
0
40
0.249999999999734
40
0.249999999999734
40
0.3749999999997
40
0.3749999999997
40
0.499999999999665
40
0.499999999999665
40
0.624999999999631
40
0.624999999999631
40
0.687499999999616
40
0.687499999999616
40
0.7499999999996
40
0.7499999999996
40
0.781249999999652
40
0.781249999999652
40
0.812499999999704
40
0.812499999999704
40
0.874999999999803
40
0.874999999999803
40
0.906249999999852
40
0.906249999999852
40
0.937499999999901
40
0.937499999999901
40
1
40
1
40
1
40
1
41
1
10
164.886375612132
20
7.82550346217306
30
0
41
1
10
164.853457086291
20
7.82419615243012
30
0
41
1
10
164.820698820856
20
7.82014475325661
30
0
41
1
10
164.772546263388
20
7.80944946732021
30
0
41
1
10
164.756691928102
20
7.80511076040889
30
0
41
1
10
164.725592511861
20
7.79462445524493
30
0
41
1
10
164.710349589515
20
7.78848156488206
30
0
41
1
10
164.680988591974
20
7.77396128226897
30
0
41
1
10
164.666935818123
20
7.76562535081433
30
0
41
1
10
164.647556902453
20
7.75103175346231
30
0
41
1
10
164.641370088283
20
7.74580839623786
30
0
41
1
10
164.629711285617
20
7.73443256229692
30
0
41
1
10
164.62429812147
20
7.72832602411344
30
0
41
1
10
164.617138636668
20
7.71857441491713
30
0
41
1
10
164.614904968971
20
7.71521703898333
30
0
41
1
10
164.610787719611
20
7.70825895159572
30
0
41
1
10
164.608896980405
20
7.70463851062658
30
0
41
1
10
164.60393948966
20
7.69359714424505
30
0
41
1
10
164.601545352329
20
7.68595407664057
30
0
41
1
10
164.599561342386
20
7.67399915139799
30
0
41
1
10
164.599177925651
20
7.6699518554428
30
0
41
1
10
164.59898561294
20
7.66194235068437
30
0
41
1
10
164.599171067275
20
7.65795066759753
30
0
41
1
10
164.600554714642
20
7.64601488904933
30
0
41
1
10
164.602614374899
20
7.63805986882301
30
0
41
1
10
164.605622570651
20
7.63045539156519
30
0
0
SPLINE
5
12B
100
AcDbEntity
8
1
62
256
6
ByLayer
370
18
48
1
60
0
100
AcDbSpline
70
4
71
3
72
38
73
34
40
0
40
0
40
0
40
0
40
0.0625000000000699
40
0.0625000000000699
40
0.0937500000000629
40
0.0937500000000629
40
0.125000000000056
40
0.125000000000056
40
0.187500000000042
40
0.187500000000042
40
0.250000000000028
40
0.250000000000028
40
0.312500000000013
40
0.312500000000013
40
0.374999999999999
40
0.374999999999999
40
0.437499999999985
40
0.437499999999985
40
0.499999999999971
40
0.499999999999971
40
0.624999999999943
40
0.624999999999943
40
0.749999999999915
40
0.749999999999915
40
0.812499999999903
40
0.812499999999903
40
0.874999999999891
40
0.874999999999891
40
0.906249999999918
40
0.906249999999918
40
0.937499999999945
40
0.937499999999945
40
1
40
1
40
1
40
1
41
1
10
163.817789502923
20
6.22436758527562
30
0
41
1
10
163.82934177665
20
6.2294154057268
30
0
41
1
10
163.839576669073
20
6.23625019980327
30
0
41
1
10
163.853628731946
20
6.24831000381491
30
0
41
1
10
163.858086316362
20
6.25264339577254
30
0
41
1
10
163.866492512145
20
6.26172305384071
30
0
41
1
10
163.870460243738
20
6.26648551802285
30
0
41
1
10
163.881754556745
20
6.28136091116119
30
0
41
1
10
163.888399176627
20
6.29194940846637
30
0
41
1
10
163.900278785934
20
6.31416355650813
30
0
41
1
10
163.905488777177
20
6.32575978199912
30
0
41
1
10
163.914610492912
20
6.34962234149205
30
0
41
1
10
163.91854307833
20
6.36195470784568
30
0
41
1
10
163.925202788946
20
6.38707523732282
30
0
41
1
10
163.927937165561
20
6.39987448470813
30
0
41
1
10
163.932302714077
20
6.42593506932676
30
0
41
1
10
163.933928175917
20
6.43918773030578
30
0
41
1
10
163.936085665561
20
6.46588378880992
30
0
41
1
10
163.93662358028
20
6.47936024443288
30
0
41
1
10
163.936622320279
20
6.52017707118594
30
0
41
1
10
163.934490749691
20
6.547537408772
30
0
41
1
10
163.925749777013
20
6.60223468335028
30
0
41
1
10
163.919162837763
20
6.6294063412127
30
0
41
1
10
163.905465967507
20
6.66889748384662
30
0
41
1
10
163.900241274698
20
6.68188873768659
30
0
41
1
10
163.888382487734
20
6.70706342805792
30
0
41
1
10
163.881714395825
20
6.71933032605739
30
0
41
1
10
163.870438054215
20
6.73683759317629
30
0
41
1
10
163.86647384599
20
6.74251264194453
30
0
41
1
10
163.858066450195
20
6.75349030698175
30
0
41
1
10
163.853605634471
20
6.75881020761537
30
0
41
1
10
163.839573828729
20
6.77386417433189
30
0
41
1
10
163.829347906356
20
6.78279046821712
30
0
41
1
10
163.817789502923
20
6.79003830394902
30
0
0
SPLINE
5
12C
100
AcDbEntity
8
1
62
256
6
ByLayer
370
18
48
1
60
0
100
AcDbSpline
70
4
71
3
72
8
73
4
40
0
40
0
40
0
40
0
40
1
40
1
40
1
40
1
41
1
10
163.817789502923
20
6.79003830394902
30
0
41
1
10
163.811513494743
20
6.79397375027673
30
0
41
1
10
163.805238076247
20
6.79790912222228
30
0
41
1
10
163.798963219549
20
6.80184442251627
30
0
0
SPLINE
5
12D
100
AcDbEntity
8
1
62
256
6
ByLayer
370
18
48
1
60
0
100
AcDbSpline
70
4
71
3
72
30
73
26
40
0
40
0
40
0
40
0
40
0.249999999999896
40
0.249999999999896
40
0.374999999999882
40
0.374999999999882
40
0.499999999999868
40
0.499999999999868
40
0.624999999999854
40
0.624999999999854
40
0.687499999999852
40
0.687499999999852
40
0.749999999999849
40
0.749999999999849
40
0.781249999999812
40
0.781249999999812
40
0.812499999999775
40
0.812499999999775
40
0.874999999999696
40
0.874999999999696
40
0.906249999999728
40
0.906249999999728
40
0.93749999999976
40
0.93749999999976
40
1
40
1
40
1
40
1
41
1
10
163.786985431018
20
7.15387797070383
30
0
41
1
10
163.770526168098
20
7.12502002864233
30
0
41
1
10
163.75646720498
20
7.09481648675367
30
0
41
1
10
163.739781893894
20
7.04781568405798
30
0
41
1
10
163.734974229728
20
7.03189097710424
30
0
41
1
10
163.727193649973
20
6.99954700166657
30
0
41
1
10
163.724218105051
20
6.9831325724571
30
0
41
1
10
163.720717995447
20
6.94997794825559
30
0
41
1
10
163.72019385118
20
6.93331731414878
30
0
41
1
10
163.722027573745
20
6.90853345077508
30
0
41
1
10
163.723078549435
20
6.90029152170115
30
0
41
1
10
163.726320119368
20
6.88385674791704
30
0
41
1
10
163.728503783572
20
6.87574006644752
30
0
41
1
10
163.732767159472
20
6.86401068810378
30
0
41
1
10
163.734355886913
20
6.86016428881274
30
0
41
1
10
163.737915602641
20
6.85261632129394
30
0
41
1
10
163.739899038889
20
6.84889708322368
30
0
41
1
10
163.746369139761
20
6.83822170229837
30
0
41
1
10
163.751388170264
20
6.83168801822509
30
0
41
1
10
163.760152622867
20
6.82291404584518
30
0
41
1
10
163.763269413934
20
6.8201803241198
30
0
41
1
10
163.769731126788
20
6.81523459673554
30
0
41
1
10
163.773097263865
20
6.81300033793212
30
0
41
1
10
163.783592005095
20
6.80699817397741
30
0
41
1
10
163.791175700475
20
6.80392870096969
30
0
41
1
10
163.798963219549
20
6.80184442251624
30
0
0
SPLINE
5
12E
100
AcDbEntity
8
1
62
256
6
ByLayer
370
18
48
1
60
0
100
AcDbSpline
70
4
71
3
72
8
73
4
40
0
40
0
40
0
40
0
40
1
40
1
40
1
40
1
41
1
10
163.798963219549
20
6.21614364930125
30
0
41
1
10
163.805238076247
20
6.21888395895883
30
0
41
1
10
163.811513494743
20
6.22162525392224
30
0
41
1
10
163.817789502923
20
6.22436758527562
30
0
0
SPLINE
5
12F
100
AcDbEntity
8
1
62
256
6
ByLayer
370
18
48
1
60
0
100
AcDbSpline
70
4
71
3
72
28
73
24
40
0
40
0
40
0
40
0
40
0.249999999999995
40
0.249999999999995
40
0.37499999999999
40
0.37499999999999
40
0.499999999999984
40
0.499999999999984
40
0.624999999999979
40
0.624999999999979
40
0.687499999999984
40
0.687499999999984
40
0.749999999999989
40
0.749999999999989
40
0.812499999999993
40
0.812499999999993
40
0.843749999999996
40
0.843749999999996
40
0.874999999999998
40
0.874999999999998
40
0.937499999999999
40
0.937499999999999
40
1
40
1
40
1
40
1
41
1
10
163.786985431018
20
5.89794824279397
30
0
41
1
10
163.770518348331
20
5.92551196437006
30
0
41
1
10
163.756445361557
20
5.95428185274037
30
0
41
1
10
163.739766930804
20
5.9987534612988
30
0
41
1
10
163.734952410463
20
6.01381168019631
30
0
41
1
10
163.727178815469
20
6.04420669432076
30
0
41
1
10
163.724202813158
20
6.05960249023983
30
0
41
1
10
163.720716777757
20
6.09036902075485
30
0
41
1
10
163.720192123529
20
6.10589188584876
30
0
41
1
10
163.722054170047
20
6.12852863629067
30
0
41
1
10
163.723115616261
20
6.13597802191435
30
0
41
1
10
163.726350298471
20
6.15062109251079
30
0
41
1
10
163.728551684966
20
6.15787838813986
30
0
41
1
10
163.734266808858
20
6.17159579970095
30
0
41
1
10
163.737770470459
20
6.17807857536241
30
0
41
1
10
163.744250898554
20
6.18707421510047
30
0
41
1
10
163.746629858517
20
6.18995949050083
30
0
41
1
10
163.751714447784
20
6.1953018676854
30
0
41
1
10
163.754431346802
20
6.197778083814
30
0
41
1
10
163.763128949999
20
6.20459190185883
30
0
41
1
10
163.769768217961
20
6.20833742359918
30
0
41
1
10
163.783768927882
20
6.21368706842819
30
0
41
1
10
163.791179297437
20
6.21536892126247
30
0
41
1
10
163.798963219549
20
6.21614364930125
30
0
0
SPLINE
5
130
100
AcDbEntity
8
1
62
256
6
ByLayer
370
18
48
1
60
0
100
AcDbSpline
70
4
71
3
72
38
73
34
40
0
40
0
40
0
40
0
40
0.0624999999999092
40
0.0624999999999092
40
0.0937499999998852
40
0.0937499999998852
40
0.124999999999861
40
0.124999999999861
40
0.187499999999879
40
0.187499999999879
40
0.249999999999897
40
0.249999999999897
40
0.312499999999915
40
0.312499999999915
40
0.374999999999933
40
0.374999999999933
40
0.437499999999951
40
0.437499999999951
40
0.49999999999997
40
0.49999999999997
40
0.625000000000008
40
0.625000000000008
40
0.750000000000046
40
0.750000000000046
40
0.812500000000009
40
0.812500000000009
40
0.874999999999972
40
0.874999999999972
40
0.906249999999954
40
0.906249999999954
40
0.937499999999936
40
0.937499999999936
40
1
40
1
40
1
40
1
41
1
10
165.195788692568
20
7.63186807366026
30
0
41
1
10
165.197165582386
20
7.61840786528396
30
0
41
1
10
165.200604847965
20
7.6053256592885
30
0
41
1
10
165.207812239514
20
7.58606478146021
30
0
41
1
10
165.21057027249
20
7.57970822370973
30
0
41
1
10
165.216608425811
20
7.56728240590391
30
0
41
1
10
165.219898171692
20
7.56118703507349
30
0
41
1
10
165.230469246672
20
7.54320278886581
30
0
41
1
10
165.238368772591
20
7.53174008583883
30
0
41
1
10
165.255449567199
20
7.50968700793899
30
0
41
1
10
165.264610751204
20
7.4991347150459
30
0
41
1
10
165.283816598227
20
7.47898430321513
30
0
41
1
10
165.29391553545
20
7.46933464752649
30
0
41
1
10
165.314752478257
20
7.4510123150869
30
0
41
1
10
165.325498908748
20
7.44232726537362
30
0
41
1
10
165.347591397622
20
7.42583974620808
30
0
41
1
10
165.358930892122
20
7.4180469861038
30
0
41
1
10
165.381954394059
20
7.40346662555814
30
0
41
1
10
165.393666413604
20
7.39665774430571
30
0
41
1
10
165.429396015442
20
7.37766953288622
30
0
41
1
10
165.453676362797
20
7.36707905825921
30
0
41
1
10
165.502997564133
20
7.35036813876908
30
0
41
1
10
165.527888393608
20
7.34430276419599
30
0
41
1
10
165.564983928123
20
7.33951716003375
30
0
41
1
10
165.57734866584
20
7.33864492270297
30
0
41
1
10
165.601746295497
20
7.33863033623109
30
0
41
1
10
165.613858520188
20
7.33948288210817
30
0
41
1
10
165.631630296224
20
7.34238382578286
30
0
41
1
10
165.63747639375
20
7.34361982257261
30
0
41
1
10
165.648996021261
20
7.34671536177288
30
0
41
1
10
165.654688950975
20
7.34858396090797
30
0
41
1
10
165.671211220654
20
7.35521077530734
30
0
41
1
10
165.681566157999
20
7.36095174246131
30
0
41
1
10
165.6909540032
20
7.36869745988605
30
0
0
SPLINE
5
131
100
AcDbEntity
8
1
62
256
6
ByLayer
370
18
48
1
60
0
100
AcDbSpline
70
4
71
3
72
8
73
4
40
0
40
0
40
0
40
0
40
1
40
1
40
1
40
1
41
1
10
165.6909540032
20
7.36869745988605
30
0
41
1
10
165.696051436736
20
7.37290324714758
30
0
41
1
10
165.701147568114
20
7.37710891505876
30
0
41
1
10
165.706242461104
20
7.38131446852887
30
0
0
SPLINE
5
132
100
AcDbEntity
8
1
62
256
6
ByLayer
370
18
48
1
60
0
100
AcDbSpline
70
4
71
3
72
28
73
24
40
0
40
0
40
0
40
0
40
0.250000000000266
40
0.250000000000266
40
0.375000000000298
40
0.375000000000298
40
0.500000000000328
40
0.500000000000328
40
0.625000000000359
40
0.625000000000359
40
0.687500000000376
40
0.687500000000376
40
0.750000000000393
40
0.750000000000393
40
0.81250000000041
40
0.81250000000041
40
0.843750000000361
40
0.843750000000361
40
0.875000000000313
40
0.875000000000313
40
0.937500000000156
40
0.937500000000156
40
1
40
1
40
1
40
1
41
1
10
164.886375612132
20
7.82550346217306
30
0
41
1
10
164.919309777507
20
7.82681139301661
30
0
41
1
10
164.952375777104
20
7.8253675267932
30
0
41
1
10
165.00143203827
20
7.81852897975412
30
0
41
1
10
165.017706504919
20
7.81545697048207
30
0
41
1
10
165.049807847875
20
7.80747615899955
30
0
41
1
10
165.06569713234
20
7.8025537814909
30
0
41
1
10
165.096560608288
20
7.79044189853033
30
0
41
1
10
165.111685415032
20
7.78319048613244
30
0
41
1
10
165.132861753091
20
7.77016078790032
30
0
41
1
10
165.13968061979
20
7.76545349875536
30
0
41
1
10
165.152715442821
20
7.75512146760724
30
0
41
1
10
165.158983467023
20
7.74943860372682
30
0
41
1
10
165.170349465105
20
7.73722983617631
30
0
41
1
10
165.175472300351
20
7.73070217550156
30
0
41
1
10
165.182094104812
20
7.72011043157988
30
0
41
1
10
165.184127700596
20
7.71642853179523
30
0
41
1
10
165.187691046205
20
7.70896615718397
30
0
41
1
10
165.189235617237
20
7.70516554603057
30
0
41
1
10
165.193125685834
20
7.69354717349202
30
0
41
1
10
165.194716514219
20
7.68539547676065
30
0
41
1
10
165.195667850351
20
7.66945699115092
30
0
41
1
10
165.195087442365
20
7.66158547799662
30
0
41
1
10
165.193543649353
20
7.65380379294803
30
0
0
SPLINE
5
133
100
AcDbEntity
8
1
62
256
6
ByLayer
370
18
48
1
60
0
100
AcDbSpline
70
4
71
3
72
8
73
4
40
0
40
0
40
0
40
0
40
1
40
1
40
1
40
1
41
1
10
165.193543649353
20
7.65380379294803
30
0
41
1
10
165.194292315815
20
7.64649250267681
30
0
41
1
10
165.195040669108
20
7.63918060622953
30
0
41
1
10
165.195788692568
20
7.63186807366026
30
0
0
SPLINE
5
134
100
AcDbEntity
8
1
62
256
6
ByLayer
370
18
48
1
60
0
100
AcDbSpline
70
4
71
3
72
30
73
26
40
0
40
0
40
0
40
0
40
0.24999999999992
40
0.24999999999992
40
0.374999999999813
40
0.374999999999813
40
0.499999999999706
40
0.499999999999706
40
0.624999999999599
40
0.624999999999599
40
0.687499999999545
40
0.687499999999545
40
0.749999999999492
40
0.749999999999492
40
0.781249999999555
40
0.781249999999555
40
0.812499999999618
40
0.812499999999618
40
0.874999999999744
40
0.874999999999744
40
0.906249999999807
40
0.906249999999807
40
0.93749999999987
40
0.93749999999987
40
1
40
1
40
1
40
1
41
1
10
165.985765793245
20
7.24119922573243
30
0
41
1
10
165.969306530324
20
7.268749858051
30
0
41
1
10
165.950741198584
20
7.29473087712788
30
0
41
1
10
165.919729316106
20
7.33045474730787
30
0
41
1
10
165.90887758392
20
7.34179174745367
30
0
41
1
10
165.886062718083
20
7.36300568465742
30
0
41
1
10
165.874103855555
20
7.37288315047212
30
0
41
1
10
165.849023181726
20
7.3905209069917
30
0
41
1
10
165.835963505457
20
7.3982466050013
30
0
41
1
10
165.81563584564
20
7.40730646813907
30
0
41
1
10
165.808724084042
20
7.40990859673886
30
0
41
1
10
165.794561477242
20
7.41402517169408
30
0
41
1
10
165.787373590236
20
7.41551296498142
30
0
41
1
10
165.77663103401
20
7.41662176588497
30
0
41
1
10
165.77304712023
20
7.41680617162663
30
0
41
1
10
165.765874624455
20
7.41675168173225
30
0
41
1
10
165.762267960767
20
7.41650878002383
30
0
41
1
10
165.751673569443
20
7.41507852904965
30
0
41
1
10
165.744859446973
20
7.41320397136926
30
0
41
1
10
165.735090383194
20
7.40877201038063
30
0
41
1
10
165.7319286925
20
7.40702604061747
30
0
41
1
10
165.725958777804
20
7.40308843300787
30
0
41
1
10
165.723126084454
20
7.40088651402974
30
0
41
1
10
165.715076872559
20
7.39359653365835
30
0
41
1
10
165.710289939751
20
7.38776946903579
30
0
41
1
10
165.706242461104
20
7.38131446852887
30
0
0
SPLINE
5
135
100
AcDbEntity
8
1
62
256
6
ByLayer
370
18
48
1
60
0
100
AcDbSpline
70
4
71
3
72
8
73
4
40
0
40
0
40
0
40
0
40
1
40
1
40
1
40
1
41
1
10
164.112067462594
20
5.73178514671167
30
0
41
1
10
164.105685630322
20
5.7292199509115
30
0
41
1
10
164.099304405337
20
5.72665576203681
30
0
41
1
10
164.0929237589
20
5.72409253043097
30
0
0
SPLINE
5
136
100
AcDbEntity
8
1
62
256
6
ByLayer
370
18
48
1
60
0
100
AcDbSpline
70
4
71
3
72
30
73
26
40
0
40
0
40
0
40
0
40
0.249999999999696
40
0.249999999999696
40
0.374999999999613
40
0.374999999999613
40
0.49999999999953
40
0.49999999999953
40
0.624999999999446
40
0.624999999999446
40
0.687499999999405
40
0.687499999999405
40
0.749999999999363
40
0.749999999999363
40
0.781249999999443
40
0.781249999999443
40
0.812499999999523
40
0.812499999999523
40
0.874999999999683
40
0.874999999999683
40
0.906249999999763
40
0.906249999999763
40
0.937499999999843
40
0.937499999999843
40
1
40
1
40
1
40
1
41
1
10
163.786985431018
20
5.89794824279397
30
0
41
1
10
163.803444693939
20
5.87039761047541
30
0
41
1
10
163.822277966833
20
5.84407434412196
30
0
41
1
10
163.854200577118
20
5.80718718078344
30
0
41
1
10
163.865442187173
20
5.79535218084439
30
0
41
1
10
163.889264994306
20
5.77285077750065
30
0
41
1
10
163.901840886626
20
5.76218516562224
30
0
41
1
10
163.92848198867
20
5.742554238965
30
0
41
1
10
163.942479571571
20
5.73363053167023
30
0
41
1
10
163.964577188223
20
5.72230986276463
30
0
41
1
10
163.972141006346
20
5.71887484766549
30
0
41
1
10
163.987779144744
20
5.71287354293437
30
0
41
1
10
163.995784914439
20
5.7103410496496
30
0
41
1
10
164.007888079617
20
5.70749431225829
30
0
41
1
10
164.011948956114
20
5.70670067128549
30
0
41
1
10
164.020130390515
20
5.70546642112868
30
0
41
1
10
164.024272077734
20
5.70502592521805
30
0
41
1
10
164.036532869644
20
5.70432764515635
30
0
41
1
10
164.044545082843
20
5.70467185453828
30
0
41
1
10
164.056272944158
20
5.70660179927501
30
0
41
1
10
164.060111669067
20
5.70748297797147
30
0
41
1
10
164.0674498055
20
5.70967292511011
30
0
41
1
10
164.070978477633
20
5.71098585469889
30
0
41
1
10
164.081151453465
20
5.71556310351446
30
0
41
1
10
164.087412590903
20
5.71950713332922
30
0
41
1
10
164.0929237589
20
5.72409253043097
30
0
0
SPLINE
5
137
100
AcDbEntity
8
1
62
256
6
ByLayer
370
18
48
1
60
0
100
AcDbSpline
70
4
71
3
72
8
73
4
40
0
40
0
40
0
40
0
40
1
40
1
40
1
40
1
41
1
10
164.607232773227
20
5.46861453293747
30
0
41
1
10
164.60669639795
20
5.46294259182955
30
0
41
1
10
164.606159657636
20
5.45727217441876
30
0
41
1
10
164.605622570651
20
5.45160320601184
30
0
0
SPLINE
5
138
100
AcDbEntity
8
1
62
256
6
ByLayer
370
18
48
1
60
0
100
AcDbSpline
70
4
71
3
72
38
73
34
40
0
40
0
40
0
40
0
40
0.0312500000000518
40
0.0312500000000518
40
0.0625000000001037
40
0.0625000000001037
40
0.125000000000091
40
0.125000000000091
40
0.156250000000084
40
0.156250000000084
40
0.187500000000078
40
0.187500000000078
40
0.250000000000065
40
0.250000000000065
40
0.312500000000053
40
0.312500000000053
40
0.37500000000004
40
0.37500000000004
40
0.500000000000015
40
0.500000000000015
40
0.62499999999999
40
0.62499999999999
40
0.749999999999965
40
0.749999999999965
40
0.812499999999953
40
0.812499999999953
40
0.87499999999994
40
0.87499999999994
40
0.906249999999956
40
0.906249999999956
40
0.937499999999971
40
0.937499999999971
40
1
40
1
40
1
40
1
41
1
10
164.112067462594
20
5.73178514671167
30
0
41
1
10
164.117966916276
20
5.73415644905282
30
0
41
1
10
164.124109324121
20
5.73607639849385
30
0
41
1
10
164.136791319342
20
5.73918699443502
30
0
41
1
10
164.14333151043
20
5.74037189126764
30
0
41
1
10
164.163073437583
20
5.7429628470916
30
0
41
1
10
164.176532515074
20
5.74345924421479
30
0
41
1
10
164.197063747565
20
5.74288190086742
30
0
41
1
10
164.203972144425
20
5.74246201640662
30
0
41
1
10
164.217699256484
20
5.74124210255502
30
0
41
1
10
164.224544123819
20
5.74044171585555
30
0
41
1
10
164.245031801008
20
5.73754275790208
30
0
41
1
10
164.258628174349
20
5.73495082381692
30
0
41
1
10
164.285727352149
20
5.72867643286358
30
0
41
1
10
164.299286039372
20
5.72497052338471
30
0
41
1
10
164.325807883238
20
5.71674314135194
30
0
41
1
10
164.338825491481
20
5.71221222458061
30
0
41
1
10
164.377215932425
20
5.69751131641343
30
0
41
1
10
164.401936783308
20
5.68625383281997
30
0
41
1
10
164.449662606959
20
5.66093828487138
30
0
41
1
10
164.472266236928
20
5.64707555682216
30
0
41
1
10
164.514145623098
20
5.61715504859828
30
0
41
1
10
164.533354189459
20
5.60116740781035
30
0
41
1
10
164.558656238562
20
5.57547436652379
30
0
41
1
10
164.566480398878
20
5.5666378876646
30
0
41
1
10
164.580580497652
20
5.54840477837431
30
0
41
1
10
164.586863698927
20
5.53900169005843
30
0
41
1
10
164.594724744492
20
5.52448672386373
30
0
41
1
10
164.597079140729
20
5.51958823329826
30
0
41
1
10
164.601174144781
20
5.50964267521476
30
0
41
1
10
164.602918537255
20
5.50457700714836
30
0
41
1
10
164.606985734294
20
5.48933519967764
30
0
41
1
10
164.608221630125
20
5.47907127533199
30
0
41
1
10
164.607232773227
20
5.46861453293747
30
0
0
SPLINE
5
139
100
AcDbEntity
8
1
62
256
6
ByLayer
370
18
48
1
60
0
100
AcDbSpline
70
4
71
3
72
24
73
20
40
0
40
0
40
0
40
0
40
0.250000000000149
40
0.250000000000149
40
0.375000000000125
40
0.375000000000125
40
0.5000000000001
40
0.5000000000001
40
0.625000000000075
40
0.625000000000075
40
0.75000000000005
40
0.75000000000005
40
0.812500000000038
40
0.812500000000038
40
0.875000000000025
40
0.875000000000025
40
0.937500000000013
40
0.937500000000013
40
1
40
1
40
1
40
1
41
1
10
164.886375612132
20
5.31364400635331
30
0
41
1
10
164.853445426247
20
5.3123362335493
30
0
41
1
10
164.82067564727
20
5.31343404960509
30
0
41
1
10
164.772506682294
20
5.31911019064933
30
0
41
1
10
164.756647248011
20
5.32167829293761
30
0
41
1
10
164.72553805264
20
5.32837269316704
30
0
41
1
10
164.710290870468
20
5.33249570666948
30
0
41
1
10
164.680922518281
20
5.34263787844418
30
0
41
1
10
164.666754330818
20
5.34867378724752
30
0
41
1
10
164.640789883613
20
5.36308748378542
30
0
41
1
10
164.629057513662
20
5.37136009285703
30
0
41
1
10
164.614622314616
20
5.38630014060212
30
0
41
1
10
164.610496957882
20
5.39156974817288
30
0
41
1
10
164.603928576253
20
5.40279238539392
30
0
41
1
10
164.601496966374
20
5.40881080357406
30
0
41
1
10
164.598909348868
20
5.42093576146263
30
0
41
1
10
164.598700266889
20
5.42715095581533
30
0
41
1
10
164.600577671625
20
5.43962769073994
30
0
41
1
10
164.602616865942
20
5.44569242712535
30
0
41
1
10
164.605622570651
20
5.45160320601184
30
0
0
SPLINE
5
13A
100
AcDbEntity
8
1
62
256
6
ByLayer
370
18
48
1
60
0
100
AcDbSpline
70
4
71
3
72
38
73
34
40
0
40
0
40
0
40
0
40
0.0625000000000767
40
0.0625000000000767
40
0.093750000000081
40
0.093750000000081
40
0.125000000000085
40
0.125000000000085
40
0.187500000000094
40
0.187500000000094
40
0.250000000000103
40
0.250000000000103
40
0.312500000000111
40
0.312500000000111
40
0.37500000000012
40
0.37500000000012
40
0.437500000000129
40
0.437500000000129
40
0.500000000000137
40
0.500000000000137
40
0.625000000000159
40
0.625000000000159
40
0.75000000000018
40
0.75000000000018
40
0.812500000000175
40
0.812500000000175
40
0.875000000000171
40
0.875000000000171
40
0.906250000000144
40
0.906250000000144
40
0.937500000000118
40
0.937500000000118
40
1
40
1
40
1
40
1
41
1
10
165.985231962871
20
6.87611502132211
30
0
41
1
10
165.97604388711
20
6.86804735751011
30
0
41
1
10
165.968017621083
20
6.85839143514616
30
0
41
1
10
165.957105735905
20
6.84232061137212
30
0
41
1
10
165.953664790279
20
6.83668864376907
30
0
41
1
10
165.94720780778
20
6.82511921162833
30
0
41
1
10
165.944176926184
20
6.81916008782491
30
0
41
1
10
165.935588761587
20
6.80082807031613
30
0
41
1
10
165.930590717112
20
6.78813636512135
30
0
41
1
10
165.921717808806
20
6.76208169010798
30
0
41
1
10
165.917862141816
20
6.7487555557162
30
0
41
1
10
165.911149496251
20
6.72181583658451
30
0
41
1
10
165.908277407341
20
6.70812887413325
30
0
41
1
10
165.903433697475
20
6.68068872595683
30
0
41
1
10
165.901456785227
20
6.66692195225997
30
0
41
1
10
165.898308511125
20
6.63930651558957
30
0
41
1
10
165.897141334519
20
6.62546847654775
30
0
41
1
10
165.89559344419
20
6.59799376309647
30
0
41
1
10
165.895208519082
20
6.58432189039561
30
0
41
1
10
165.895209421507
20
6.54350552038215
30
0
41
1
10
165.896730580843
20
6.5169248748488
30
0
41
1
10
165.903034248868
20
6.46534082445137
30
0
41
1
10
165.907799320559
20
6.4404962790947
30
0
41
1
10
165.917878986371
20
6.40562547324433
30
0
41
1
10
165.921745715912
20
6.39436877649948
30
0
41
1
10
165.930603292714
20
6.37302759952917
30
0
41
1
10
165.935619161212
20
6.36287112374049
30
0
41
1
10
165.944193868741
20
6.34881471474012
30
0
41
1
10
165.947222094032
20
6.34433521807401
30
0
41
1
10
165.953680101783
20
6.33584755033451
30
0
41
1
10
165.957123624393
20
6.33182706112871
30
0
41
1
10
165.968019921863
20
6.32077814981577
30
0
41
1
10
165.976039011862
20
6.31467069267285
30
0
41
1
10
165.985231962871
20
6.3104443026487
30
0
0
SPLINE
5
13B
100
AcDbEntity
8
1
62
256
6
ByLayer
370
18
48
1
60
0
100
AcDbSpline
70
4
71
3
72
8
73
4
40
0
40
0
40
0
40
0
40
1
40
1
40
1
40
1
41
1
10
165.985231962871
20
6.3104443026487
30
0
41
1
10
165.990223572316
20
6.30814944778234
30
0
41
1
10
165.995213897204
20
6.30585555487332
30
0
41
1
10
166.000203000455
20
6.3035625764436
30
0
0
SPLINE
5
13C
100
AcDbEntity
8
1
62
256
6
ByLayer
370
18
48
1
60
0
100
AcDbSpline
70
4
71
3
72
28
73
24
40
0
40
0
40
0
40
0
40
0.249999999999945
40
0.249999999999945
40
0.374999999999918
40
0.374999999999918
40
0.499999999999891
40
0.499999999999891
40
0.624999999999863
40
0.624999999999863
40
0.687499999999849
40
0.687499999999849
40
0.749999999999835
40
0.749999999999835
40
0.812499999999821
40
0.812499999999821
40
0.843749999999851
40
0.843749999999851
40
0.874999999999881
40
0.874999999999881
40
0.93749999999994
40
0.93749999999994
40
1
40
1
40
1
40
1
41
1
10
165.985765793245
20
7.24119922573243
30
0
41
1
10
166.002232875933
20
7.21363550415631
30
0
41
1
10
166.016574461217
20
7.18452252885331
30
0
41
1
10
166.034164047225
20
7.13888708114686
30
0
41
1
10
166.039369448053
20
7.12332958179016
30
0
41
1
10
166.048151561331
20
7.09164636452522
30
0
41
1
10
166.051746489878
20
7.0754600001712
30
0
41
1
10
166.05679120283
20
7.04270253568254
30
0
41
1
10
166.05826286653
20
7.02597003403909
30
0
41
1
10
166.058177602306
20
7.00106375951768
30
0
41
1
10
166.057768728384
20
6.99278082859382
30
0
41
1
10
166.056001628818
20
6.97626318159934
30
0
41
1
10
166.054623876912
20
6.96795383894244
30
0
41
1
10
166.050729091516
20
6.95191126798224
30
0
41
1
10
166.04822186075
20
6.94415572875161
30
0
41
1
10
166.043409718776
20
6.93302914954023
30
0
41
1
10
166.041618891936
20
6.92939263844298
30
0
41
1
10
166.037744984949
20
6.92250382948902
30
0
41
1
10
166.035653738066
20
6.91922845378201
30
0
41
1
10
166.02889869443
20
6.90993336061666
30
0
41
1
10
166.023663627573
20
6.90439422114821
30
0
41
1
10
166.012494212455
20
6.89542809963828
30
0
41
1
10
166.006523909277
20
6.89190681755517
30
0
41
1
10
166.000203000455
20
6.88926334965859
30
0
0
SPLINE
5
13D
100
AcDbEntity
8
1
62
256
6
ByLayer
370
18
48
1
60
0
100
AcDbSpline
70
4
71
3
72
8
73
4
40
0
40
0
40
0
40
0
40
1
40
1
40
1
40
1
41
1
10
166.000203000455
20
6.88926334965859
30
0
41
1
10
165.995213897204
20
6.88488071813674
30
0
41
1
10
165.990223572316
20
6.88049794413683
30
0
41
1
10
165.985231962871
20
6.87611502132211
30
0
0
SPLINE
5
13E
100
AcDbEntity
8
1
62
256
6
ByLayer
370
18
48
1
60
0
100
AcDbSpline
70
4
71
3
72
30
73
26
40
0
40
0
40
0
40
0
40
0.250000000000071
40
0.250000000000071
40
0.37500000000007
40
0.37500000000007
40
0.500000000000069
40
0.500000000000069
40
0.625000000000068
40
0.625000000000068
40
0.687500000000068
40
0.687500000000068
40
0.750000000000068
40
0.750000000000068
40
0.781250000000044
40
0.781250000000044
40
0.812500000000019
40
0.812500000000019
40
0.874999999999891
40
0.874999999999891
40
0.906249999999883
40
0.906249999999883
40
0.937499999999875
40
0.937499999999875
40
1
40
1
40
1
40
1
41
1
10
165.985765793245
20
5.98526949782254
30
0
41
1
10
166.002225056166
20
6.01412743988402
30
0
41
1
10
166.016551960437
20
6.04398873449617
30
0
41
1
10
166.03414799933
20
6.08982624403333
30
0
41
1
10
166.039345541365
20
6.10525295119379
30
0
41
1
10
166.048134062416
20
6.1363094604915
30
0
41
1
10
166.051726637131
20
6.15193574363727
30
0
41
1
10
166.05678717495
20
6.18309719770107
30
0
41
1
10
166.058249225848
20
6.19855982252278
30
0
41
1
10
166.058185460118
20
6.22108288012862
30
0
41
1
10
166.057786540952
20
6.2284919227032
30
0
41
1
10
166.056020502619
20
6.24304196671142
30
0
41
1
10
166.054654721104
20
6.2501139481835
30
0
41
1
10
166.051751954156
20
6.26010539003946
30
0
41
1
10
166.050640189431
20
6.26334255409935
30
0
41
1
10
166.048089412328
20
6.26960178156699
30
0
41
1
10
166.046640999612
20
6.27263762201818
30
0
41
1
10
166.041837299325
20
6.28118447190761
30
0
41
1
10
166.038016359552
20
6.28618780768241
30
0
41
1
10
166.031210704484
20
6.29245976381046
30
0
41
1
10
166.028770947633
20
6.29432869446913
30
0
41
1
10
166.023677456517
20
6.29752676138244
30
0
41
1
10
166.021007298222
20
6.29887203079653
30
0
41
1
10
166.012636320929
20
6.30216146319546
30
0
41
1
10
166.006526830178
20
6.30334790139531
30
0
41
1
10
166.000203000455
20
6.30356257644362
30
0
0
SPLINE
5
13F
100
AcDbEntity
8
1
62
256
6
ByLayer
370
18
48
1
60
0
100
AcDbSpline
70
4
71
3
72
42
73
38
40
0
40
0
40
0
40
0
40
0.0625000000000341
40
0.0625000000000341
40
0.0937500000000512
40
0.0937500000000512
40
0.125000000000068
40
0.125000000000068
40
0.187500000000102
40
0.187500000000102
40
0.250000000000136
40
0.250000000000136
40
0.31250000000017
40
0.31250000000017
40
0.375000000000204
40
0.375000000000204
40
0.437500000000238
40
0.437500000000238
40
0.500000000000272
40
0.500000000000272
40
0.562500000000306
40
0.562500000000306
40
0.62500000000034
40
0.62500000000034
40
0.750000000000409
40
0.750000000000409
40
0.781250000000399
40
0.781250000000399
40
0.812500000000388
40
0.812500000000388
40
0.875000000000259
40
0.875000000000259
40
0.906250000000194
40
0.906250000000194
40
0.937500000000129
40
0.937500000000129
40
1
40
1
40
1
40
1
41
1
10
165.195788692568
20
5.49198814606152
30
0
41
1
10
165.19716709001
20
5.50245543133158
30
0
41
1
10
165.200612266698
20
5.51291339514412
30
0
41
1
10
165.207832212969
20
5.52862825684792
30
0
41
1
10
165.210594938279
20
5.53387038494947
30
0
41
1
10
165.216643280845
20
5.54421931814792
30
0
41
1
10
165.219938564035
20
5.5493474096975
30
0
41
1
10
165.2305274
20
5.56462293958103
30
0
41
1
10
165.238439267025
20
5.57455357929391
30
0
41
1
10
165.255547438806
20
5.59402219071578
30
0
41
1
10
165.264722318242
20
5.60352657352777
30
0
41
1
10
165.283957438294
20
5.6220459842215
30
0
41
1
10
165.294071655611
20
5.63110887035651
30
0
41
1
10
165.314938648191
20
5.64870817431529
30
0
41
1
10
165.325700594998
20
5.65725570162766
30
0
41
1
10
165.347825212063
20
5.67390711285043
30
0
41
1
10
165.359179934373
20
5.68200177230443
30
0
41
1
10
165.38223482337
20
5.69761684899424
30
0
41
1
10
165.393964407329
20
5.70515937019564
30
0
41
1
10
165.417814159486
20
5.71971524887516
30
0
41
1
10
165.429850497711
20
5.72667754713788
30
0
41
1
10
165.454150841388
20
5.73996332641499
30
0
41
1
10
165.466461169498
20
5.74630855913026
30
0
41
1
10
165.503363666666
20
5.7641167547016
30
0
41
1
10
165.52790611322
20
5.77439937072415
30
0
41
1
10
165.558641882169
20
5.7847617054671
30
0
41
1
10
165.564792331139
20
5.78670636255032
30
0
41
1
10
165.577105256058
20
5.7903103436748
30
0
41
1
10
165.583286233151
20
5.79197368012922
30
0
41
1
10
165.601637089726
20
5.79642298713969
30
0
41
1
10
165.613660222084
20
5.79869401077221
30
0
41
1
10
165.631346715877
20
5.8007717417531
30
0
41
1
10
165.637183771909
20
5.80124097310301
30
0
41
1
10
165.648727378574
20
5.80164591341031
30
0
41
1
10
165.654461321574
20
5.80157838679918
30
0
41
1
10
165.671091388107
20
5.80040880209896
30
0
41
1
10
165.68151171711
20
5.79839546158499
30
0
41
1
10
165.6909540032
20
5.79448825096071
30
0
0
SPLINE
5
140
100
AcDbEntity
8
1
62
256
6
ByLayer
370
18
48
1
60
0
100
AcDbSpline
70
4
71
3
72
8
73
4
40
0
40
0
40
0
40
0
40
1
40
1
40
1
40
1
41
1
10
165.193543649353
20
5.47495160739467
30
0
41
1
10
165.194292315815
20
5.48062897836235
30
0
41
1
10
165.195040669108
20
5.4863077996643
30
0
41
1
10
165.195788692568
20
5.49198814606152
30
0
0
SPLINE
5
141
100
AcDbEntity
8
1
62
256
6
ByLayer
370
18
48
1
60
0
100
AcDbSpline
70
4
71
3
72
28
73
24
40
0
40
0
40
0
40
0
40
0.250000000000108
40
0.250000000000108
40
0.37500000000006
40
0.37500000000006
40
0.500000000000013
40
0.500000000000013
40
0.624999999999965
40
0.624999999999965
40
0.68749999999994
40
0.68749999999994
40
0.749999999999914
40
0.749999999999914
40
0.812499999999889
40
0.812499999999889
40
0.843749999999931
40
0.843749999999931
40
0.874999999999972
40
0.874999999999972
40
0.937499999999986
40
0.937499999999986
40
1
40
1
40
1
40
1
41
1
10
164.886375612132
20
5.31364400635331
30
0
41
1
10
164.919309777507
20
5.31495193719684
30
0
41
1
10
164.952375777104
20
5.3186683823844
30
0
41
1
10
165.00143203827
20
5.32820329637408
30
0
41
1
10
165.017706504919
20
5.33205313388717
30
0
41
1
10
165.049807847875
20
5.34125540354992
30
0
41
1
10
165.06569713234
20
5.34662467096777
30
0
41
1
10
165.096560608288
20
5.35913511247475
30
0
41
1
10
165.111685415032
20
5.36634059716923
30
0
41
1
10
165.132861753091
20
5.37871218191725
30
0
41
1
10
165.13968061979
20
5.38310161190518
30
0
41
1
10
165.152715442821
20
5.39253610060126
30
0
41
1
10
165.158983467023
20
5.39763205835263
30
0
41
1
10
165.170349465105
20
5.40834614153633
30
0
41
1
10
165.175472300351
20
5.41396835828365
30
0
41
1
10
165.182094104812
20
5.42288885926718
30
0
41
1
10
165.184127700596
20
5.42595768892852
30
0
41
1
10
165.187691046205
20
5.43210857716744
30
0
41
1
10
165.189235617237
20
5.43520786253973
30
0
41
1
10
165.193125685834
20
5.44457679057354
30
0
41
1
10
165.194716514219
20
5.45100545855519
30
0
41
1
10
165.195667850351
20
5.46329058863654
30
0
41
1
10
165.195087442365
20
5.46921938241138
30
0
41
1
10
165.193543649353
20
5.47495160739467
30
0
0
SPLINE
5
142
100
AcDbEntity
8
1
62
256
6
ByLayer
370
18
48
1
60
0
100
AcDbSpline
70
4
71
3
72
28
73
24
40
0
40
0
40
0
40
0
40
0.250000000000127
40
0.250000000000127
40
0.375000000000193
40
0.375000000000193
40
0.500000000000259
40
0.500000000000259
40
0.625000000000325
40
0.625000000000325
40
0.687500000000271
40
0.687500000000271
40
0.750000000000217
40
0.750000000000217
40
0.812500000000163
40
0.812500000000163
40
0.843750000000135
40
0.843750000000135
40
0.875000000000108
40
0.875000000000108
40
0.937500000000054
40
0.937500000000054
40
1
40
1
40
1
40
1
41
1
10
165.985765793245
20
5.98526949782254
30
0
41
1
10
165.969298710557
20
5.9563978454029
30
0
41
1
10
165.950708595499
20
5.92855719285691
30
0
41
1
10
165.919697497969
20
5.88917837261559
30
0
41
1
10
165.908823872392
20
5.87644324230129
30
0
41
1
10
165.886008901856
20
5.85209673494864
30
0
41
1
10
165.874024009056
20
5.84043746388579
30
0
41
1
10
165.848984584835
20
5.81879641537088
30
0
41
1
10
165.835804946528
20
5.80871050785055
30
0
41
1
10
165.815431735391
20
5.7956991695215
30
0
41
1
10
165.808530280916
20
5.79170675509252
30
0
41
1
10
165.794462149642
20
5.78458385104713
30
0
41
1
10
165.787228190828
20
5.78143134875677
30
0
41
1
10
165.772877576598
20
5.77643496564752
30
0
41
1
10
165.765745726002
20
5.77457070530701
30
0
41
1
10
165.75514592263
20
5.77297040028066
30
0
41
1
10
165.751615566566
20
5.7726401711196
30
0
41
1
10
165.74478365511
20
5.77244052089227
30
0
41
1
10
165.741460663264
20
5.77256617654942
30
0
41
1
10
165.731786830811
20
5.77364881836237
30
0
41
1
10
165.725663036121
20
5.77536456676126
30
0
41
1
10
165.714957932272
20
5.78052869252056
30
0
41
1
10
165.710288070269
20
5.78395920896736
30
0
41
1
10
165.706242461104
20
5.78816305619051
30
0
0
SPLINE
5
143
100
AcDbEntity
8
1
62
256
6
ByLayer
370
18
48
1
60
0
100
AcDbSpline
70
4
71
3
72
8
73
4
40
0
40
0
40
0
40
0
40
1
40
1
40
1
40
1
41
1
10
165.706242461104
20
5.78816305619051
30
0
41
1
10
165.701147568114
20
5.79027055400769
30
0
41
1
10
165.696051436736
20
5.79237893693684
30
0
41
1
10
165.6909540032
20
5.79448825096074
30
0
0
SPLINE
5
144
100
AcDbEntity
8
1
62
256
6
ByLayer
370
18
48
1
60
0
100
AcDbSpline
70
4
71
3
72
11
73
7
40
0
40
0
40
0
40
0
40
0.0682463938617263
40
0.524769712530177
40
0.981293031198627
40
1
40
1
40
1
40
1
41
1
10
169.284299389897
20
-4.07682215864966
30
0
41
1
10
169.292492569738
20
-4.09943269939168
30
0
41
1
10
169.355596169311
20
-4.27360847040015
30
0
41
1
10
169.472353823171
20
-4.59550189237333
30
0
41
1
10
169.582828045759
20
-4.90004510474435
30
0
41
1
10
169.640164334888
20
-5.05831920365526
30
0
41
1
10
169.642418217079
20
-5.06455719738267
30
0
0
SPLINE
5
145
100
AcDbEntity
8
1
62
256
6
ByLayer
370
18
48
1
60
0
100
AcDbSpline
70
4
71
3
72
17
73
13
40
0
40
0
40
0
40
0
40
0.0295634678907697
40
0.073544695850052
40
0.161507151768617
40
0.337432063605746
40
0.513356975442876
40
0.689281887280005
40
0.865206799117134
40
0.953169255035699
40
0.997150482994981
40
1
40
1
40
1
40
1
41
1
10
169.642418217079
20
-5.06455719738267
30
0
41
1
10
169.647039779199
20
-5.07734813899819
30
0
41
1
10
169.658504319862
20
-5.10924845837852
30
0
41
1
10
169.682960106921
20
-5.18010870533558
30
0
41
1
10
169.726974394452
20
-5.31591465963524
30
0
41
1
10
169.78212582433
20
-5.51191515062902
30
0
41
1
10
169.835837972566
20
-5.74955238748245
30
0
41
1
10
169.877009882006
20
-5.98951984751238
30
0
41
1
10
169.900615245205
20
-6.19013582042774
30
0
41
1
10
169.911701865802
20
-6.33121087377432
30
0
41
1
10
169.915152241468
20
-6.39270515681105
30
0
41
1
10
169.916272860408
20
-6.41396385597554
30
0
41
1
10
169.91634077869
20
-6.41525699578617
30
0
0
SPLINE
5
146
100
AcDbEntity
8
1
62
256
6
ByLayer
370
13
48
1
60
0
100
AcDbSpline
70
4
71
3
72
11
73
7
40
0
40
0
40
0
40
0
40
0.249255887038211
40
0.499007732287018
40
0.749255712187894
40
1
40
1
40
1
40
1
41
1
10
169.49093737216
20
-4.96942794039316
30
0
41
1
10
169.503623375263
20
-4.97730401800951
30
0
41
1
10
169.529020623511
20
-4.99307184470905
30
0
41
1
10
169.566930225105
20
-5.01680915827288
30
0
41
1
10
169.604766373962
20
-5.04063471555071
30
0
41
1
10
169.629867511736
20
-5.05657494302923
30
0
41
1
10
169.642430513842
20
-5.06455295236043
30
0
0
SPLINE
5
147
100
AcDbEntity
8
1
62
256
6
ByLayer
370
18
48
1
60
0
100
AcDbSpline
70
4
71
3
72
8
73
4
40
0
40
0
40
0
40
0
40
1
40
1
40
1
40
1
41
1
10
169.490937372161
20
-4.96942794039558
30
0
41
1
10
169.423000978524
20
-4.79431735565012
30
0
41
1
10
169.354794774001
20
-4.61929883735652
30
0
41
1
10
169.286126829631
20
-4.44444295523041
30
0
0
SPLINE
5
148
100
AcDbEntity
8
1
62
256
6
ByLayer
370
18
48
1
60
0
100
AcDbSpline
70
4
71
3
72
32
73
28
40
0
40
0
40
0
40
0
40
0.0201722500279436
40
0.030957120221128
40
0.106451211573418
40
0.192730173118893
40
0.365288096209843
40
0.451567057755318
40
0.494706538528055
40
0.537846019300793
40
0.543238454397385
40
0.548630889493977
40
0.554023324590569
40
0.556719542138865
40
0.559415759687161
40
0.564808194783754
40
0.570200629880346
40
0.58098550007353
40
0.624124980846268
40
0.710403942391742
40
0.796682903937217
40
0.882961865482692
40
0.969240827028167
40
0.980025697221351
40
0.990810567414536
40
0.996203002511128
40
1
40
1
40
1
40
1
41
1
10
169.91634077869
20
-6.41525699578617
30
0
41
1
10
169.91732115367
20
-6.43392298473117
30
0
41
1
10
169.918739924241
20
-6.46244342321586
30
0
41
1
10
169.923680053539
20
-6.55988852321923
30
0
41
1
10
169.931710343282
20
-6.71786332020298
30
0
41
1
10
169.947335198901
20
-7.02396989322571
30
0
41
1
10
169.963545238746
20
-7.339949970091
30
0
41
1
10
169.977742849314
20
-7.61643136686973
30
0
41
1
10
169.985810130877
20
-7.77441939118765
30
0
41
1
10
169.990185148471
20
-7.85835227504393
30
0
41
1
10
169.992707838592
20
-7.90772306816362
30
0
41
1
10
169.993445805513
20
-7.92253428459171
30
0
41
1
10
169.994101039829
20
-7.93487868626954
30
0
41
1
10
169.9946008048
20
-7.94475165608134
30
0
41
1
10
169.994902497332
20
-7.95462699347064
30
0
41
1
10
169.995053481841
20
-7.96697509119866
30
0
41
1
10
169.995307187595
20
-7.9867317354763
30
0
41
1
10
169.996166088345
20
-8.04105773806609
30
0
41
1
10
169.998060268622
20
-8.16945233127046
30
0
41
1
10
169.999734637012
20
-8.36694376671539
30
0
41
1
10
170.000218058847
20
-8.60386909781678
30
0
41
1
10
169.999124040854
20
-8.84072977439428
30
0
41
1
10
169.997195194351
20
-9.00846010365919
30
0
41
1
10
169.995681080144
20
-9.10710977252432
30
0
41
1
10
169.995260391952
20
-9.13183540604376
30
0
41
1
10
169.995011124063
20
-9.1499269134913
30
0
41
1
10
169.994861919497
20
-9.15853215948772
30
0
41
1
10
169.994781401294
20
-9.16219779821216
30
0
0
SPLINE
5
149
100
AcDbEntity
8
1
62
256
6
ByLayer
370
13
48
1
60
0
100
AcDbSpline
70
4
71
3
72
9
73
5
40
0
40
0
40
0
40
0
40
0.253089698189948
40
1
40
1
40
1
40
1
41
1
10
169.916357481279
20
-6.41525679916785
30
0
41
1
10
169.91076957525
20
-6.40761018917351
30
0
41
1
10
169.888697325619
20
-6.37740605120518
30
0
41
1
10
169.866646005396
20
-6.34723055348667
30
0
41
1
10
169.850175571522
20
-6.32469205988255
30
0
0
SPLINE
5
14A
100
AcDbEntity
8
1
62
256
6
ByLayer
370
18
48
1
60
0
100
AcDbSpline
70
4
71
3
72
18
73
14
40
0
40
0
40
0
40
0
40
0.125
40
0.25
40
0.3125
40
0.34375
40
0.359375
40
0.375
40
0.4375
40
0.5
40
0.625
40
0.75
40
1
40
1
40
1
40
1
41
1
10
169.279376859332
20
-5.11929634438775
30
0
41
1
10
169.281206449088
20
-5.11484415995659
30
0
41
1
10
169.288892465693
20
-5.10483177035496
30
0
41
1
10
169.308288136457
20
-5.08979677991226
30
0
41
1
10
169.326889770169
20
-5.07807410277863
30
0
41
1
10
169.337368133972
20
-5.07194341978692
30
0
41
1
10
169.343753076309
20
-5.06835174512543
30
0
41
1
10
169.353622839238
20
-5.06289968058107
30
0
41
1
10
169.368106866994
20
-5.05479190445806
30
0
41
1
10
169.392348324541
20
-5.0407142248805
30
0
41
1
10
169.419878743208
20
-5.02374709334254
30
0
41
1
10
169.457928710019
20
-4.99801155112087
30
0
41
1
10
169.47962047109
20
-4.98037467495092
30
0
41
1
10
169.490937372161
20
-4.96942794039558
30
0
0
SPLINE
5
14B
100
AcDbEntity
8
1
62
256
6
ByLayer
370
18
48
1
60
0
100
AcDbSpline
70
4
71
3
72
28
73
24
40
0
40
0
40
0
40
0
40
0.03125
40
0.0625
40
0.09375
40
0.125
40
0.15625
40
0.1875
40
0.21875
40
0.25
40
0.3125
40
0.375
40
0.4375
40
0.5
40
0.5625
40
0.625
40
0.6875
40
0.75
40
0.8125
40
0.875
40
0.9375
40
0.96875
40
1
40
1
40
1
40
1
41
1
10
169.490937372161
20
-4.96942794039441
30
0
41
1
10
169.496266770607
20
-4.98316482026414
30
0
41
1
10
169.506908724621
20
-5.01064445922637
30
0
41
1
10
169.522799431312
20
-5.0518887472694
30
0
41
1
10
169.538596217972
20
-5.0931650568435
30
0
41
1
10
169.554277388901
20
-5.13448057987998
30
0
41
1
10
169.569821248398
20
-5.17584250831024
30
0
41
1
10
169.585205468049
20
-5.21725726671286
30
0
41
1
10
169.60040771944
20
-5.25873127966639
30
0
41
1
10
169.620404992395
20
-5.31411753577711
30
0
41
1
10
169.644835020865
20
-5.38353061518563
30
0
41
1
10
169.673056564409
20
-5.46715600123144
30
0
41
1
10
169.699995627068
20
-5.55115235395624
30
0
41
1
10
169.725452288855
20
-5.63554465300013
30
0
41
1
10
169.749226629782
20
-5.72035787800326
30
0
41
1
10
169.77110922461
20
-5.80559927687963
30
0
41
1
10
169.790887512483
20
-5.89126538783339
30
0
41
1
10
169.808345843345
20
-5.97733740213192
30
0
41
1
10
169.823268189795
20
-6.06377961916729
30
0
41
1
10
169.835441471388
20
-6.15053780626565
30
0
41
1
10
169.843123435998
20
-6.22303802098102
30
0
41
1
10
169.84769472037
20
-6.28111219785916
30
0
41
1
10
169.849440961188
20
-6.31016448452669
30
0
41
1
10
169.850175571522
20
-6.32469205988255
30
0
0
SPLINE
5
14C
100
AcDbEntity
8
1
62
256
6
ByLayer
370
18
48
1
60
0
100
AcDbSpline
70
4
71
3
72
21
73
17
40
0
40
0
40
0
40
0
40
0.0039822658528455
40
0.0174419649629421
40
0.0309016640730388
40
0.0847404605134256
40
0.138579256953812
40
0.246256849834586
40
0.353934442715359
40
0.461612035596133
40
0.569289628476906
40
0.67696722135768
40
0.784644814238453
40
0.892322407119227
40
0.946161203559613
40
1
40
1
40
1
40
1
41
1
10
169.994781401294
20
-9.16219779821216
30
0
41
1
10
169.994747568833
20
-9.1637380409683
30
0
41
1
10
169.994584795126
20
-9.17056924470057
30
0
41
1
10
169.994150479916
20
-9.18348819329535
30
0
41
1
10
169.992334112957
20
-9.21771886859392
30
0
41
1
10
169.986929567401
20
-9.26765629954014
30
0
41
1
10
169.97000534434
20
-9.35556926666499
30
0
41
1
10
169.935889159073
20
-9.4603895572404
30
0
41
1
10
169.874631319499
20
-9.57855602552732
30
0
41
1
10
169.795235367171
20
-9.68425326308713
30
0
41
1
10
169.699072173396
20
-9.77588260598759
30
0
41
1
10
169.588846344678
20
-9.8504162444919
30
0
41
1
10
169.467171549788
20
-9.90588203491603
30
0
41
1
10
169.35871824425
20
-9.93463997310437
30
0
41
1
10
169.269916247304
20
-9.94661551948303
30
0
41
1
10
169.224747847267
20
-9.94882931727722
30
0
41
1
10
169.202918998571
20
-9.94896261303165
30
0
0
SPLINE
5
14D
100
AcDbEntity
8
1
62
256
6
ByLayer
370
18
48
1
60
0
100
AcDbSpline
70
4
71
3
72
8
73
4
40
0
40
0
40
0
40
0
40
1
40
1
40
1
40
1
41
1
10
169.202918998571
20
-9.94896261303165
30
0
41
1
10
169.20259511873
20
-9.94896459077259
30
0
41
1
10
169.202272092049
20
-9.94896656259201
30
0
41
1
10
169.201949893205
20
-9.94896852864551
30
0
0
SPLINE
5
14E
100
AcDbEntity
8
1
62
256
6
ByLayer
370
13
48
1
60
0
100
AcDbSpline
70
4
71
3
72
8
73
4
40
0
40
0
40
0
40
0
40
1
40
1
40
1
40
1
41
1
10
169.994763879326
20
-9.16219674314701
30
0
41
1
10
169.972704045019
20
-9.13042247929886
30
0
41
1
10
169.95064416581
20
-9.09864826051168
30
0
41
1
10
169.928584246399
20
-9.06687409355328
30
0
0
SPLINE
5
14F
100
AcDbEntity
8
1
62
256
6
ByLayer
370
18
48
1
60
0
100
AcDbSpline
70
4
71
3
72
19
73
15
40
0
40
0
40
0
40
0
40
0.125
40
0.25
40
0.3125
40
0.34375
40
0.359375
40
0.375
40
0.4375
40
0.46875
40
0.5
40
0.625
40
0.75
40
1
40
1
40
1
40
1
41
1
10
169.590721698526
20
-6.26250381204298
30
0
41
1
10
169.594929362119
20
-6.26551637578467
30
0
41
1
10
169.607141422941
20
-6.27136426216322
30
0
41
1
10
169.631571775133
20
-6.27811634033685
30
0
41
1
10
169.653310748657
20
-6.28248962067124
30
0
41
1
10
169.665299152227
20
-6.28458188805487
30
0
41
1
10
169.672463571221
20
-6.28574963730921
30
0
41
1
10
169.683521208456
20
-6.28747299485539
30
0
41
1
10
169.697320453454
20
-6.28939986868392
30
0
41
1
10
169.714312829119
20
-6.29147648563423
30
0
41
1
10
169.738558587829
20
-6.29471900474005
30
0
41
1
10
169.771357789847
20
-6.29993353682417
30
0
41
1
10
169.818712530987
20
-6.31012445114618
30
0
41
1
10
169.841232707132
20
-6.31869178908815
30
0
41
1
10
169.850175571522
20
-6.32469205988255
30
0
0
SPLINE
5
150
100
AcDbEntity
8
1
62
256
6
ByLayer
370
18
48
1
60
0
100
AcDbSpline
70
4
71
3
72
32
73
28
40
0
40
0
40
0
40
0
40
0.249999999999842
40
0.374999999999763
40
0.499999999999684
40
0.531249999999666
40
0.546874999999656
40
0.546874999999656
40
0.554687499999653
40
0.554687499999653
40
0.555664062499653
40
0.555664062499653
40
0.556640624999652
40
0.556640624999652
40
0.558593749999654
40
0.558593749999654
40
0.560546874999655
40
0.562499999999656
40
0.562499999999656
40
0.566406249999659
40
0.566406249999659
40
0.570312499999662
40
0.578124999999668
40
0.59374999999968
40
0.624999999999705
40
0.749999999999803
40
1
40
1
40
1
40
1
41
1
10
169.850175571522
20
-6.32469205988255
30
0
41
1
10
169.861755968936
20
-6.55370086395126
30
0
41
1
10
169.879235208681
20
-6.89721125813315
30
0
41
1
10
169.902712067058
20
-7.35521773974844
30
0
41
1
10
169.915986898963
20
-7.612124226736
30
0
41
1
10
169.924085254237
20
-7.77081911808594
30
0
41
1
10
169.926323589736
20
-7.81259960719149
30
0
41
1
10
169.927414669612
20
-7.8349948314314
30
0
41
1
10
169.927765643262
20
-7.84271589800403
30
0
41
1
10
169.928203011898
20
-7.84947727591816
30
0
41
1
10
169.928251543998
20
-7.85017603089705
30
0
41
1
10
169.928340884904
20
-7.85177321790982
30
0
41
1
10
169.928382897137
20
-7.85266350371089
30
0
41
1
10
169.928491153861
20
-7.85487137220898
30
0
41
1
10
169.928536849987
20
-7.85587349868092
30
0
41
1
10
169.928613498595
20
-7.85858461827127
30
0
41
1
10
169.928677557831
20
-7.86197826853947
30
0
41
1
10
169.928732913528
20
-7.86588157487316
30
0
41
1
10
169.928816290362
20
-7.87183271149453
30
0
41
1
10
169.928872444564
20
-7.87578001607795
30
0
41
1
10
169.928985581148
20
-7.88343609223267
30
0
41
1
10
169.929156444349
20
-7.89467367395017
30
0
41
1
10
169.929558057017
20
-7.91961821450727
30
0
41
1
10
169.930331598507
20
-7.96799531473167
30
0
41
1
10
169.932422084517
20
-8.12507283521913
30
0
41
1
10
169.935108537264
20
-8.49625678442715
30
0
41
1
10
169.932556034678
20
-8.83868249653307
30
0
41
1
10
169.928584246399
20
-9.06687409355328
30
0
0
SPLINE
5
151
100
AcDbEntity
8
1
62
256
6
ByLayer
370
18
48
1
60
0
100
AcDbSpline
70
4
71
3
72
17
73
13
40
0
40
0
40
0
40
0
40
0.125
40
0.25
40
0.3125
40
0.375
40
0.4375
40
0.46875
40
0.5
40
0.625
40
0.75
40
1
40
1
40
1
40
1
41
1
10
169.73041286905
20
-8.90509507883638
30
0
41
1
10
169.734637865982
20
-8.91234895834992
30
0
41
1
10
169.746053796185
20
-8.92655955481976
30
0
41
1
10
169.767498293521
20
-8.94339216766352
30
0
41
1
10
169.788748542402
20
-8.95620174720742
30
0
41
1
10
169.807034435234
20
-8.96538694726812
30
0
41
1
10
169.821273390404
20
-8.97322300450355
30
0
41
1
10
169.832118370232
20
-8.97958687131498
30
0
41
1
10
169.847849062323
20
-8.98922368990569
30
0
41
1
10
169.869467459255
20
-9.00400522675707
30
0
41
1
10
169.902040405004
20
-9.03115456565359
30
0
41
1
10
169.919799333261
20
-9.05240006059375
30
0
41
1
10
169.928584246399
20
-9.06687409355331
30
0
0
SPLINE
5
152
100
AcDbEntity
8
1
62
256
6
ByLayer
370
13
48
1
60
0
100
AcDbSpline
70
4
71
3
72
26
73
22
40
0
40
0
40
0
40
0
40
0.00390625
40
0.0078125
40
0.015625
40
0.03125
40
0.0625
40
0.125
40
0.1875
40
0.25
40
0.3125
40
0.375
40
0.4375
40
0.5
40
0.625
40
0.6875
40
0.75
40
0.8125
40
0.875
40
0.9375
40
1
40
1
40
1
40
1
41
1
10
169.928584246399
20
-9.06687409355328
30
0
41
1
10
169.928556366387
20
-9.06847570890429
30
0
41
1
10
169.9284917548
20
-9.07167844435327
30
0
41
1
10
169.928327125069
20
-9.07808173869705
30
0
41
1
10
169.927946080039
20
-9.0892812770459
30
0
41
1
10
169.926812211659
20
-9.11165134034906
30
0
41
1
10
169.923057311032
20
-9.15624256230853
30
0
41
1
10
169.91344383864
20
-9.21933114572391
30
0
41
1
10
169.895107821075
20
-9.2934556809798
30
0
41
1
10
169.870106092348
20
-9.36540103506567
30
0
41
1
10
169.838572791992
20
-9.43456979165404
30
0
41
1
10
169.800741600958
20
-9.50038132561804
30
0
41
1
10
169.756846200199
20
-9.56225501183079
30
0
41
1
10
169.690664129174
20
-9.6387425678096
30
0
41
1
10
169.61364586756
20
-9.70507374237627
30
0
41
1
10
169.52753293835
20
-9.75903734497115
30
0
41
1
10
169.458984912594
20
-9.79285299459568
30
0
41
1
10
169.387071090315
20
-9.81955088325219
30
0
41
1
10
169.31250707753
20
-9.83880404830441
30
0
41
1
10
169.236054131839
20
-9.85040246734553
30
0
41
1
10
169.184355130969
20
-9.85299659811389
30
0
41
1
10
169.158453495722
20
-9.85302811231634
30
0
0
SPLINE
5
153
100
AcDbEntity
8
1
62
256
6
ByLayer
370
18
48
1
60
0
100
AcDbSpline
70
4
71
3
72
11
73
7
40
0
40
0
40
0
40
0
40
0.012559579156845
40
0.0645805960233365
40
0.480748730955269
40
1
40
1
40
1
40
1
41
1
10
160.445198015954
20
-9.39991191822551
30
0
41
1
10
160.444291294769
20
-9.39742532064309
30
0
41
1
10
160.439787248168
20
-9.3849214493884
30
0
41
1
10
160.409013112203
20
-9.30026176610022
30
0
41
1
10
160.343675624241
20
-9.11986343131363
30
0
41
1
10
160.282416132876
20
-8.95091353654345
30
0
41
1
10
160.248508014408
20
-8.85742006423106
30
0
0
SPLINE
5
154
100
AcDbEntity
8
1
62
256
6
ByLayer
370
18
48
1
60
0
100
AcDbSpline
70
4
71
3
72
17
73
13
40
0
40
0
40
0
40
0
40
0.0600950229142423
40
0.184038916465191
40
0.431926703567089
40
0.679814490668986
40
0.927702277770884
40
0.989674224546358
40
0.993547471219825
40
0.997420717893293
40
0.999357341230026
40
1
40
1
40
1
40
1
41
1
10
168.710039753083
20
-9.95131137665493
30
0
41
1
10
168.555697238019
20
-9.95182761079508
30
0
41
1
10
168.083017176691
20
-9.95274633864398
30
0
41
1
10
166.973474063611
20
-9.95035982991976
30
0
41
1
10
165.381087104086
20
-9.93374500138029
30
0
41
1
10
163.46971468741
20
-9.89299382736704
30
0
41
1
10
162.03322452542
20
-9.84691982598082
30
0
41
1
10
161.230941525311
20
-9.81585613390729
30
0
41
1
10
161.049911718488
20
-9.80860466527054
30
0
41
1
10
161.02517635643
20
-9.80760775908524
30
0
41
1
10
161.009123376572
20
-9.80695653471716
30
0
41
1
10
161.00185084977
20
-9.8066590821561
30
0
41
1
10
161.000000033229
20
-9.80657970224101
30
0
0
SPLINE
5
155
100
AcDbEntity
8
1
62
256
6
ByLayer
370
18
48
1
60
0
100
AcDbSpline
70
4
71
3
72
11
73
7
40
0
40
0
40
0
40
0
40
0.0589687449404571
40
0.484373627158139
40
0.970550635406919
40
1
40
1
40
1
40
1
41
1
10
169.201949893205
20
-9.94896852864551
30
0
41
1
10
169.191414315614
20
-9.94903281661522
30
0
41
1
10
169.11214494895
20
-9.94951024283927
30
0
41
1
10
168.953296028606
20
-9.95036912673001
30
0
41
1
10
168.799262241994
20
-9.95100925800858
30
0
41
1
10
168.714860271244
20
-9.9512952533201
30
0
41
1
10
168.710039753083
20
-9.95131137665493
30
0
0
SPLINE
5
156
100
AcDbEntity
8
1
62
256
6
ByLayer
370
13
48
1
60
0
100
AcDbSpline
70
4
71
3
72
8
73
4
40
0
40
0
40
0
40
0
40
1
40
1
40
1
40
1
41
1
10
169.158453495722
20
-9.85302811231634
30
0
41
1
10
169.172952183141
20
-9.88518296586057
30
0
41
1
10
169.187450999234
20
-9.91716321748783
30
0
41
1
10
169.201949898055
20
-9.9489684743225
30
0
0
SPLINE
5
157
100
AcDbEntity
8
1
62
256
6
ByLayer
370
18
48
1
60
0
100
AcDbSpline
70
4
71
3
72
20
73
16
40
0
40
0
40
0
40
0
40
0.0166268555036322
40
0.0415115835804341
40
0.0663963116572359
40
0.165935223964443
40
0.265474136271651
40
0.315243592425254
40
0.464551960886065
40
0.66362978550048
40
0.862707610114894
40
0.912477066268498
40
0.962246522422102
40
0.987131250498903
40
1
40
1
40
1
40
1
41
1
10
161.000000033229
20
-9.80657970224098
30
0
41
1
10
160.996273497256
20
-9.80641987434745
30
0
41
1
10
160.986577097464
20
-9.80596753827103
30
0
41
1
10
160.97066755806
20
-9.80479026889668
30
0
41
1
10
160.934505039635
20
-9.80100910075848
30
0
41
1
10
160.881415180928
20
-9.79142172638151
30
0
41
1
10
160.823874166772
20
-9.7737589494767
30
0
41
1
10
160.75624243604
20
-9.74634986121629
30
0
41
1
10
160.670903353885
20
-9.69945134870338
30
0
41
1
10
160.568339201649
20
-9.61218023488175
30
0
41
1
10
160.502981983226
20
-9.52229881410841
30
0
41
1
10
160.469480238427
20
-9.45829373498663
30
0
41
1
10
160.457081745903
20
-9.43066350656559
30
0
41
1
10
160.449121515744
20
-9.41057231222089
30
0
41
1
10
160.446169086909
20
-9.40257498900218
30
0
41
1
10
160.445198015954
20
-9.39991191822551
30
0
0
SPLINE
5
158
100
AcDbEntity
8
1
62
256
6
ByLayer
370
13
48
1
60
0
100
AcDbSpline
70
4
71
3
72
9
73
5
40
0
40
0
40
0
40
0
40
0.501219718031206
40
1
40
1
40
1
40
1
41
1
10
161.228614534917
20
-9.68308921056456
30
0
41
1
10
161.190415297206
20
-9.70365095254184
30
0
41
1
10
161.11420273745
20
-9.74467436251066
30
0
41
1
10
161.038005850049
20
-9.78598474654328
30
0
41
1
10
161.000000345066
20
-9.80658955153933
30
0
0
SPLINE
5
159
100
AcDbEntity
8
1
62
256
6
ByLayer
370
13
48
1
60
0
100
AcDbSpline
70
4
71
3
72
9
73
5
40
0
40
0
40
0
40
0
40
0.251786661021115
40
1
40
1
40
1
40
1
41
1
10
160.445202091768
20
-9.39991097332421
30
0
41
1
10
160.470892027001
20
-9.38871661395604
30
0
41
1
10
160.57298853525
20
-9.34421258162914
30
0
41
1
10
160.675330059926
20
-9.2995399675419
30
0
41
1
10
160.75199838964
20
-9.26603964307853
30
0
0
SPLINE
5
15A
100
AcDbEntity
8
1
62
256
6
ByLayer
370
18
48
1
60
0
100
AcDbSpline
70
4
71
3
72
8
73
4
40
0
40
0
40
0
40
0
40
1
40
1
40
1
40
1
41
1
10
160.600896125292
20
-8.88668798870623
30
0
41
1
10
160.650953720679
20
-9.0132487122988
30
0
41
1
10
160.701296819442
20
-9.13970820688337
30
0
41
1
10
160.75199838964
20
-9.26603964307819
30
0
0
SPLINE
5
15B
100
AcDbEntity
8
1
62
256
6
ByLayer
370
18
48
1
60
0
100
AcDbSpline
70
4
71
3
72
16
73
12
40
0
40
0
40
0
40
0
40
0.25
40
0.5
40
0.625
40
0.6875
40
0.75
40
0.78125
40
0.8125
40
0.875
40
1
40
1
40
1
40
1
41
1
10
169.158453495713
20
-9.85302811231668
30
0
41
1
10
169.152709061122
20
-9.84078492452133
30
0
41
1
10
169.141148163251
20
-9.81186470035587
30
0
41
1
10
169.126624339622
20
-9.76492859875177
30
0
41
1
10
169.116475237756
20
-9.72661684792115
30
0
41
1
10
169.110689122804
20
-9.70317826036509
30
0
41
1
10
169.1070800742
20
-9.68789182236597
30
0
41
1
10
169.104198973011
20
-9.67521906190765
30
0
41
1
10
169.101316243429
20
-9.66267508685357
30
0
41
1
10
169.09624914323
20
-9.6424382850029
30
0
41
1
10
169.091890367956
20
-9.62771579545145
30
0
41
1
10
169.088991284849
20
-9.61915317852524
30
0
0
SPLINE
5
15C
100
AcDbEntity
8
1
62
256
6
ByLayer
370
18
48
1
60
0
100
AcDbSpline
70
4
71
3
72
47
73
43
40
0
40
0
40
0
40
0
40
0.0248207090807129
40
0.0496506043499459
40
0.0744896876533815
40
0.0993379606766036
40
0.124195424944886
40
0.149062081822943
40
0.17393793251478
40
0.198822978063438
40
0.223717219350842
40
0.248620657097556
40
0.273533291862639
40
0.298455124043427
40
0.32338615387533
40
0.348326381431686
40
0.373275806623573
40
0.398234429199591
40
0.423202248745721
40
0.448179264685189
40
0.473165476278222
40
0.498160882621927
40
0.523165482804098
40
0.548179276888431
40
0.573202265356141
40
0.59823444863327
40
0.623275827088503
40
0.648326401033143
40
0.673386170721075
40
0.698455136348685
40
0.723533298054846
40
0.748620655920817
40
0.773717209970268
40
0.798822960169181
40
0.823937906425847
40
0.849062048590788
40
0.874195386456767
40
0.899337919758725
40
0.92448964817377
40
0.949650571321109
40
0.974820688762054
40
1
40
1
40
1
40
1
41
1
10
169.158453495713
20
-9.85302811231699
30
0
41
1
10
169.092883776266
20
-9.85308617489531
30
0
41
1
10
168.961720069902
20
-9.85320232154103
30
0
41
1
10
168.764926419859
20
-9.85309066252145
30
0
41
1
10
168.568051741217
20
-9.85276994138022
30
0
41
1
10
168.371095428726
20
-9.85221970572974
30
0
41
1
10
168.174057967232
20
-9.85144557321976
30
0
41
1
10
167.976939550131
20
-9.85044617316697
30
0
41
1
10
167.77974044976
20
-9.84922200943265
30
0
41
1
10
167.582460918096
20
-9.84777308430213
30
0
41
1
10
167.385101213376
20
-9.84609953551561
30
0
41
1
10
167.187661592963
20
-9.84420146547939
30
0
41
1
10
166.990142315257
20
-9.84207898705213
30
0
41
1
10
166.792543639184
20
-9.8397322112674
30
0
41
1
10
166.594865824335
20
-9.83716125062389
30
0
41
1
10
166.397109130924
20
-9.83436621819834
30
0
41
1
10
166.199273819805
20
-9.83134722789234
30
0
41
1
10
166.001360152462
20
-9.82810439432288
30
0
41
1
10
165.803368391019
20
-9.8246378330031
30
0
41
1
10
165.605298798223
20
-9.82094765971914
30
0
41
1
10
165.407151637499
20
-9.81703399283268
30
0
41
1
10
165.208927172337
20
-9.81289694467131
30
0
41
1
10
165.01062566405
20
-9.80853665356801
30
0
41
1
10
164.812247364167
20
-9.80395303874749
30
0
41
1
10
164.613792519684
20
-9.79914597304895
30
0
41
1
10
164.415261377223
20
-9.79411534154102
30
0
41
1
10
164.216654183923
20
-9.78886102629193
30
0
41
1
10
164.017971187537
20
-9.78338291045702
30
0
41
1
10
163.819212636411
20
-9.77768087718468
30
0
41
1
10
163.620378779489
20
-9.77175480989209
30
0
41
1
10
163.421469866315
20
-9.76560459224655
30
0
41
1
10
163.22248614703
20
-9.75923010795432
30
0
41
1
10
163.023427872371
20
-9.75263124161319
30
0
41
1
10
162.824295293686
20
-9.74580787550178
30
0
41
1
10
162.625088662885
20
-9.73875990156506
30
0
41
1
10
162.42580823262
20
-9.73148717664952
30
0
41
1
10
162.22645425561
20
-9.72398968965149
30
0
41
1
10
162.027026987173
20
-9.71626693736022
30
0
41
1
10
161.82752667576
20
-9.70832025511322
30
0
41
1
10
161.627953598327
20
-9.70014411389155
30
0
41
1
10
161.428307928225
20
-9.69175861780522
30
0
41
1
10
161.295187101966
20
-9.68597936474166
30
0
41
1
10
161.228614534917
20
-9.68308921056456
30
0
0
SPLINE
5
15D
100
AcDbEntity
8
1
62
256
6
ByLayer
370
18
48
1
60
0
100
AcDbSpline
70
4
71
3
72
16
73
12
40
0
40
0
40
0
40
0
40
0.25
40
0.375
40
0.5
40
0.5625
40
0.625
40
0.75
40
0.8125
40
0.875
40
1
40
1
40
1
40
1
41
1
10
161.228614534917
20
-9.68308921056467
30
0
41
1
10
161.260398592945
20
-9.66765847556709
30
0
41
1
10
161.308049351958
20
-9.64279332956775
30
0
41
1
10
161.37144215107
20
-9.60623214994578
30
0
41
1
10
161.410984373948
20
-9.58196569588361
30
0
41
1
10
161.442559606932
20
-9.56170558538147
30
0
41
1
10
161.474092877674
20
-9.54089216056562
30
0
41
1
10
161.505558807014
20
-9.51926574006114
30
0
41
1
10
161.536949361685
20
-9.49686861438917
30
0
41
1
10
161.568257937568
20
-9.47363025733361
30
0
41
1
10
161.59203895727
20
-9.45939316178234
30
0
41
1
10
161.607922359248
20
-9.45124388052841
30
0
0
SPLINE
5
15E
100
AcDbEntity
8
1
62
256
6
ByLayer
370
18
48
1
60
0
100
AcDbSpline
70
4
71
3
72
18
73
14
40
0
40
0
40
0
40
0
40
0.25
40
0.375
40
0.5
40
0.5625
40
0.625
40
0.640625
40
0.65625
40
0.6875
40
0.75
40
0.875
40
1
40
1
40
1
40
1
41
1
10
160.75199838964
20
-9.26603964307819
30
0
41
1
10
160.788357080905
20
-9.23875363841327
30
0
41
1
10
160.843593075449
20
-9.19777284390548
30
0
41
1
10
160.918527425711
20
-9.14305163713411
30
0
41
1
10
160.96595708118
20
-9.10881911873497
30
0
41
1
10
161.004230296263
20
-9.0814144628695
30
0
41
1
10
161.024774132762
20
-9.06605616310759
30
0
41
1
10
161.038109400607
20
-9.05584749884679
30
0
41
1
10
161.046902297604
20
-9.04905037778209
30
0
41
1
10
161.062031575338
20
-9.03717971366885
30
0
41
1
10
161.09123353955
20
-9.01354820115048
30
0
41
1
10
161.129797952196
20
-8.98017479790767
30
0
41
1
10
161.157143709866
20
-8.95403317338386
30
0
41
1
10
161.169899599986
20
-8.94113807761465
30
0
0
SPLINE
5
15F
100
AcDbEntity
8
1
62
256
6
ByLayer
370
18
48
1
60
0
100
AcDbSpline
70
4
71
3
72
18
73
14
40
0
40
0
40
0
40
0
40
0.125
40
0.25
40
0.375
40
0.5
40
0.625
40
0.6875
40
0.75
40
0.8125
40
0.875
40
0.9375
40
1
40
1
40
1
40
1
41
1
10
160.75199838964
20
-9.26603964307819
30
0
41
1
10
160.76231821376
20
-9.29175320968596
30
0
41
1
10
160.785153967776
20
-9.34241406992822
30
0
41
1
10
160.826282631496
20
-9.41516504899951
30
0
41
1
10
160.874605438329
20
-9.4836873732944
30
0
41
1
10
160.930641142041
20
-9.54637192164131
30
0
41
1
10
160.984099612646
20
-9.59189933907084
30
0
41
1
10
161.030877823399
20
-9.62280066168665
30
0
41
1
10
161.067807841925
20
-9.64279214195983
30
0
41
1
10
161.106424864239
20
-9.65917490451957
30
0
41
1
10
161.146360772999
20
-9.6716330271141
30
0
41
1
10
161.187247450864
20
-9.67985058749153
30
0
41
1
10
161.21482466996
20
-9.68248611223959
30
0
41
1
10
161.228614534917
20
-9.68308921056467
30
0
0
SPLINE
5
160
100
AcDbEntity
8
1
62
256
6
ByLayer
370
18
48
1
60
0
100
AcDbSpline
70
4
71
3
72
11
73
7
40
0
40
0
40
0
40
0
40
0.25
40
0.5
40
0.75
40
1
40
1
40
1
40
1
41
1
10
169.279376859332
20
-5.11929634438749
30
0
41
1
10
169.313279853227
20
-5.21279719865427
30
0
41
1
10
169.383072918835
20
-5.39914684760316
30
0
41
1
10
169.480890438677
20
-5.68094383325752
30
0
41
1
10
169.55815732783
20
-5.96847821903819
30
0
41
1
10
169.585533859039
20
-6.1643634695229
30
0
41
1
10
169.590721698526
20
-6.26250381204298
30
0
0
SPLINE
5
161
100
AcDbEntity
8
1
62
256
6
ByLayer
370
18
48
1
60
0
100
AcDbSpline
70
4
71
3
72
23
73
19
40
0
40
0
40
0
40
0
40
0.25
40
0.375
40
0.4375
40
0.5
40
0.515625
40
0.53125
40
0.546875
40
0.5546875
40
0.5625
40
0.5703125
40
0.578125
40
0.59375
40
0.625
40
0.75
40
0.875
40
1
40
1
40
1
40
1
41
1
10
169.590721698526
20
-6.26250381204298
30
0
41
1
10
169.602362629403
20
-6.48271975094244
30
0
41
1
10
169.619824025719
20
-6.81304365929159
30
0
41
1
10
169.640195654754
20
-7.19842155236563
30
0
41
1
10
169.651836585631
20
-7.41863749126509
30
0
41
1
10
169.658384609249
20
-7.54250895689603
30
0
41
1
10
169.662749958328
20
-7.62508993398333
30
0
41
1
10
169.664932632867
20
-7.66638042252697
30
0
41
1
10
169.666751528317
20
-7.70078916298002
30
0
41
1
10
169.668206644676
20
-7.72831615534244
30
0
41
1
10
169.669297981946
20
-7.74896139961427
30
0
41
1
10
169.670389319216
20
-7.76960664388608
30
0
41
1
10
169.671844435575
20
-7.79713363624853
30
0
41
1
10
169.674390889205
20
-7.84530587288279
30
0
41
1
10
169.682394029183
20
-7.99670433087616
30
0
41
1
10
169.695490076419
20
-8.24444726213804
30
0
41
1
10
169.712951472735
20
-8.5747711704872
30
0
41
1
10
169.724592403612
20
-8.79498710938665
30
0
41
1
10
169.73041286905
20
-8.90509507883638
30
0
0
SPLINE
5
162
100
AcDbEntity
8
1
62
256
6
ByLayer
370
13
48
1
60
0
100
AcDbSpline
70
4
71
3
72
8
73
4
40
0
40
0
40
0
40
0
40
1
40
1
40
1
40
1
41
1
10
169.284501696919
20
-6.04325927085529
30
0
41
1
10
169.386575030788
20
-6.11634078458451
30
0
41
1
10
169.488648364657
20
-6.18942229831376
30
0
41
1
10
169.590721698526
20
-6.26250381204298
30
0
0
SPLINE
5
163
100
AcDbEntity
8
1
62
256
6
ByLayer
370
13
48
1
60
0
100
AcDbSpline
70
4
71
3
72
15
73
11
40
0
40
0
40
0
40
0
40
0.125
40
0.25
40
0.375
40
0.5
40
0.625
40
0.75
40
0.875
40
1
40
1
40
1
40
1
41
1
10
169.088991284858
20
-9.61915317851654
30
0
41
1
10
169.134796413539
20
-9.62018125446178
30
0
41
1
10
169.22626271399
20
-9.61234813867904
30
0
41
1
10
169.356083896434
20
-9.57027912972666
30
0
41
1
10
169.472132207657
20
-9.50055777221968
30
0
41
1
10
169.569861414004
20
-9.40782979599911
30
0
41
1
10
169.646417264142
20
-9.29718488101631
30
0
41
1
10
169.700013181302
20
-9.17347108239562
30
0
41
1
10
169.729526158915
20
-9.04127019835772
30
0
41
1
10
169.73281048943
20
-8.9504517799935
30
0
41
1
10
169.73041286905
20
-8.90509507883635
30
0
0
SPLINE
5
164
100
AcDbEntity
8
1
62
256
6
ByLayer
370
13
48
1
60
0
100
AcDbSpline
70
4
71
3
72
8
73
4
40
0
40
0
40
0
40
0
40
1
40
1
40
1
40
1
41
1
10
169.73041286905
20
-8.90509507883635
30
0
41
1
10
169.596681522992
20
-8.67549229161875
30
0
41
1
10
169.462950176935
20
-8.44588950440112
30
0
41
1
10
169.329218830877
20
-8.21628671718352
30
0
0
SPLINE
5
165
100
AcDbEntity
8
1
62
256
6
ByLayer
370
13
48
1
60
0
100
AcDbSpline
70
4
71
3
72
8
73
4
40
0
40
0
40
0
40
0
40
1
40
1
40
1
40
1
41
1
10
169.329218830877
20
-8.21628671718344
30
0
41
1
10
169.325789822004
20
-8.21039946622915
30
0
41
1
10
169.32236081313
20
-8.20451221527483
30
0
41
1
10
169.318931804257
20
-8.19862496432054
30
0
0
SPLINE
5
166
100
AcDbEntity
8
1
62
256
6
ByLayer
370
13
48
1
60
0
100
AcDbSpline
70
4
71
3
72
8
73
4
40
0
40
0
40
0
40
0
40
1
40
1
40
1
40
1
41
1
10
168.790302651365
20
-8.7369582725604
30
0
41
1
10
168.792791723311
20
-8.74430989677677
30
0
41
1
10
168.795280795257
20
-8.75166152099314
30
0
41
1
10
168.797769867203
20
-8.75901314520951
30
0
0
SPLINE
5
167
100
AcDbEntity
8
1
62
256
6
ByLayer
370
18
48
1
60
0
100
AcDbSpline
70
4
71
3
72
8
73
4
40
0
40
0
40
0
40
0
40
1
40
1
40
1
40
1
41
1
10
169.088991284859
20
-9.61915317853314
30
0
41
1
10
166.595301642991
20
-9.56318341253026
30
0
41
1
10
164.101612001087
20
-9.50721364649814
30
0
41
1
10
161.607922359248
20
-9.4512438805173
30
0
0
SPLINE
5
168
100
AcDbEntity
8
1
62
256
6
ByLayer
370
13
48
1
60
0
100
AcDbSpline
70
4
71
3
72
8
73
4
40
0
40
0
40
0
40
0
40
1
40
1
40
1
40
1
41
1
10
168.797769867202
20
-8.75901314520897
30
0
41
1
10
168.894843673088
20
-9.04572648964276
30
0
41
1
10
168.991917478973
20
-9.3324398340732
30
0
41
1
10
169.088991284858
20
-9.61915317851654
30
0
0
SPLINE
5
169
100
AcDbEntity
8
1
62
256
6
ByLayer
370
13
48
1
60
0
100
AcDbSpline
70
4
71
3
72
12
73
8
40
0
40
0
40
0
40
0
40
0.130933762590391
40
0.130933762590391
40
0.846851358087277
40
0.846851358087277
40
1
40
1
40
1
40
1
41
1
10
166.407984434105
20
-8.68348818913404
30
0
41
1
10
166.219362267145
20
-8.7062864781399
30
0
41
1
10
166.030740100185
20
-8.72908476714588
30
0
41
1
10
164.810772575422
20
-8.87653918703737
30
0
41
1
10
163.779427217624
20
-9.00119531793075
30
0
41
1
10
162.52745710933
20
-9.15251780999014
30
0
41
1
10
162.306832358825
20
-9.17918417114052
30
0
41
1
10
162.086207608321
20
-9.20585053229155
30
0
0
SPLINE
5
16A
100
AcDbEntity
8
1
62
256
6
ByLayer
370
13
48
1
60
0
100
AcDbSpline
70
4
71
3
72
8
73
4
40
0
40
0
40
0
40
0
40
1
40
1
40
1
40
1
41
1
10
161.169899599986
20
-8.94113807761465
30
0
41
1
10
161.16247685226
20
-8.92066692820924
30
0
41
1
10
161.155054104535
20
-8.90019577880383
30
0
41
1
10
161.147631356809
20
-8.8797246293984
30
0
0
SPLINE
5
16B
100
AcDbEntity
8
1
62
256
6
ByLayer
370
13
48
1
60
0
100
AcDbSpline
70
4
71
3
72
10
73
6
40
0
40
0
40
0
40
0
40
0.525210305152619
40
0.525210305152619
40
1
40
1
40
1
40
1
41
1
10
166.101011817128
20
-8.66614581602084
30
0
41
1
10
165.417909587129
20
-8.74871067205623
30
0
41
1
10
164.734807357132
20
-8.83127552809407
30
0
41
1
10
163.434181258801
20
-8.98847894781719
30
0
41
1
10
162.816657390467
20
-9.0631175115013
30
0
41
1
10
162.199133522136
20
-9.13775607519082
30
0
0
SPLINE
5
16C
100
AcDbEntity
8
1
62
256
6
ByLayer
370
18
48
1
60
0
100
AcDbSpline
70
4
71
3
72
8
73
4
40
0
40
0
40
0
40
0
40
1
40
1
40
1
40
1
41
1
10
163.253773224981
20
-8.40544571699567
30
0
41
1
10
163.240013234614
20
-8.41500024315383
30
0
41
1
10
163.226253244246
20
-8.42455476931201
30
0
41
1
10
163.21249325388
20
-8.43410929547017
30
0
0
SPLINE
5
16D
100
AcDbEntity
8
1
62
256
6
ByLayer
370
18
48
1
60
0
100
AcDbSpline
70
4
71
3
72
8
73
4
40
0
40
0
40
0
40
0
40
1
40
1
40
1
40
1
41
1
10
161.169899517609
20
-8.94113788789969
30
0
41
1
10
161.284878161065
20
-8.82490450377438
30
0
41
1
10
161.39985680452
20
-8.70867111964921
30
0
41
1
10
161.514835447975
20
-8.59243773552416
30
0
0
SPLINE
5
16E
100
AcDbEntity
8
1
62
256
6
ByLayer
370
18
48
1
60
0
100
AcDbSpline
70
4
71
3
72
8
73
4
40
0
40
0
40
0
40
0
40
1
40
1
40
1
40
1
41
1
10
161.68769637881
20
-8.41769040532282
30
0
41
1
10
161.856563891816
20
-8.24698007238089
30
0
41
1
10
162.025431404821
20
-8.0762697394392
30
0
41
1
10
162.194298917827
20
-7.9055594064977
30
0
0
SPLINE
5
16F
100
AcDbEntity
8
1
62
256
6
ByLayer
370
18
48
1
60
0
100
AcDbSpline
70
4
71
3
72
18
73
14
40
0
40
0
40
0
40
0
40
0.125
40
0.25
40
0.375
40
0.5
40
0.625
40
0.6875
40
0.75
40
0.8125
40
0.875
40
0.9375
40
1
40
1
40
1
40
1
41
1
10
161.169896046975
20
-8.94113875635188
30
0
41
1
10
161.179995197017
20
-8.96899070236017
30
0
41
1
10
161.200735346078
20
-9.02453913658306
30
0
41
1
10
161.234846955414
20
-9.10677851085825
30
0
41
1
10
161.273376824618
20
-9.18727704417816
30
0
41
1
10
161.318331102481
20
-9.26469962366991
30
0
41
1
10
161.363336244671
20
-9.3246272040908
30
0
41
1
10
161.405509833364
20
-9.36738665369458
30
0
41
1
10
161.440429291464
20
-9.39580504111703
30
0
41
1
10
161.478790479436
20
-9.41947988005577
30
0
41
1
10
161.520145515317
20
-9.43720030961055
30
0
41
1
10
161.563590907601
20
-9.44816409512114
30
0
41
1
10
161.593160780576
20
-9.45091257920731
30
0
41
1
10
161.607922359248
20
-9.45124388053955
30
0
0
SPLINE
5
170
100
AcDbEntity
8
1
62
256
6
ByLayer
370
18
48
1
60
0
100
AcDbSpline
70
4
71
3
72
15
73
11
40
0
40
0
40
0
40
0
40
0.105547317957898
40
0.211094635915796
40
0.422189271831592
40
0.633283907747387
40
0.844378543663183
40
0.897152202642132
40
0.949925861621081
40
1
40
1
40
1
40
1
41
1
10
161.607922359248
20
-9.45124388053955
30
0
41
1
10
161.624749570766
20
-9.44261035986571
30
0
41
1
10
161.658404011107
20
-9.42534401318531
30
0
41
1
10
161.725712934985
20
-9.39081305402993
30
0
41
1
10
161.809849122038
20
-9.34765064835184
30
0
41
1
10
161.910812441908
20
-9.29585156398269
30
0
41
1
10
161.986535430848
20
-9.2570095472494
30
0
41
1
10
162.037015441008
20
-9.23106925482998
30
0
41
1
10
162.061825945845
20
-9.21834249056539
30
0
41
1
10
162.078225711975
20
-9.20999920873984
30
0
41
1
10
162.086207826623
20
-9.20585755021071
30
0
0
SPLINE
5
171
100
AcDbEntity
8
1
62
256
6
ByLayer
370
18
48
1
60
0
100
AcDbSpline
70
4
71
3
72
13
73
9
40
0
40
0
40
0
40
0
40
0.0113848368123139
40
0.233982789263948
40
0.456580741715581
40
0.679178694167215
40
0.901776646618849
40
1
40
1
40
1
40
1
41
1
10
162.086207258534
20
-9.20585736356199
30
0
41
1
10
162.086637514812
20
-9.20563411744567
30
0
41
1
10
162.095480051488
20
-9.20104118331753
30
0
41
1
10
162.112728376454
20
-9.19187603860431
30
0
41
1
10
162.137915371952
20
-9.17737561687463
30
0
41
1
10
162.163048705374
20
-9.16191521089675
30
0
41
1
10
162.18344623253
20
-9.14854956839912
30
0
41
1
10
162.195457179104
20
-9.14030019001103
30
0
41
1
10
162.199133142394
20
-9.13775950218178
30
0
0
SPLINE
5
172
100
AcDbEntity
8
1
62
256
6
ByLayer
370
18
48
1
60
0
100
AcDbSpline
70
4
71
3
72
8
73
4
40
0
40
0
40
0
40
0
40
1
40
1
40
1
40
1
41
1
10
163.21249325388
20
-8.43410929547019
30
0
41
1
10
162.874706640896
20
-8.66865822636308
30
0
41
1
10
162.536920027911
20
-8.90320715725599
30
0
41
1
10
162.199133414927
20
-9.13775608814888
30
0
0
SPLINE
5
173
100
AcDbEntity
8
1
62
256
6
ByLayer
370
18
48
1
60
0
100
AcDbSpline
70
4
71
3
72
25
73
21
40
0
40
0
40
0
40
0
40
0.165292587238285
40
0.165292587238285
40
0.330585174476569
40
0.330585174476569
40
0.371908321286141
40
0.371908321286141
40
0.413231468095712
40
0.413231468095712
40
0.495877761714856
40
0.495877761714856
40
0.661170348953227
40
0.661170348953227
40
0.743816642572411
40
0.743816642572411
40
0.826462936191595
40
0.826462936191595
40
0.991755523429897
40
1
40
1
40
1
40
1
41
1
10
163.25377322498
20
-8.40544571699641
30
0
41
1
10
163.205002667054
20
-8.4010353807044
30
0
41
1
10
163.157013386217
20
-8.39318818680121
30
0
41
1
10
163.062511493587
20
-8.3709978946317
30
0
41
1
10
163.015999159535
20
-8.35665357457569
30
0
41
1
10
162.958817667992
20
-8.33450483475744
30
0
41
1
10
162.947429666932
20
-8.32986262597652
30
0
41
1
10
162.924751478663
20
-8.32014792282442
30
0
41
1
10
162.913456491989
20
-8.31507199316985
30
0
41
1
10
162.879997587305
20
-8.29932436909937
30
0
41
1
10
162.858164980264
20
-8.28809516458131
30
0
41
1
10
162.794055624143
20
-8.25226385536089
30
0
41
1
10
162.753157470114
20
-8.22553329352462
30
0
41
1
10
162.694619161041
20
-8.18110066601
30
0
41
1
10
162.675577209758
20
-8.16556287852362
30
0
41
1
10
162.638451888029
20
-8.13300731984228
30
0
41
1
10
162.620356303056
20
-8.1159649746796
30
0
41
1
10
162.568420675064
20
-8.06346605844888
30
0
41
1
10
162.535007640276
20
-8.02453375944361
30
0
41
1
10
162.504654827149
20
-7.98332289673456
30
0
41
1
10
162.50321973143
20
-7.98135988065246
30
0
0
SPLINE
5
174
100
AcDbEntity
8
1
62
256
6
ByLayer
370
18
48
1
60
0
100
AcDbSpline
70
4
71
3
72
8
73
4
40
0
40
0
40
0
40
0
40
1
40
1
40
1
40
1
41
1
10
166.40798443411
20
-8.68348818913356
30
0
41
1
10
166.305617152232
20
-8.6811906005652
30
0
41
1
10
166.203256301416
20
-8.67550756998315
30
0
41
1
10
166.101011817117
20
-8.66614581601695
30
0
0
SPLINE
5
175
100
AcDbEntity
8
1
62
256
6
ByLayer
370
18
48
1
60
0
100
AcDbSpline
70
4
71
3
72
8
73
4
40
0
40
0
40
0
40
0
40
1
40
1
40
1
40
1
41
1
10
168.790302651362
20
-8.73695827255492
30
0
41
1
10
167.996196578946
20
-8.71913491141547
30
0
41
1
10
167.202090506526
20
-8.70131155027261
30
0
41
1
10
166.407984434107
20
-8.68348818913043
30
0
0
SPLINE
5
176
100
AcDbEntity
8
1
62
256
6
ByLayer
370
18
48
1
60
0
100
AcDbSpline
70
4
71
3
72
15
73
11
40
0
40
0
40
0
40
0
40
0.125
40
0.25
40
0.375
40
0.5
40
0.625
40
0.75
40
0.875
40
1
40
1
40
1
40
1
41
1
10
168.790302650118
20
-8.73695826887757
30
0
41
1
10
168.826289930951
20
-8.73776598950093
30
0
41
1
10
168.898136773022
20
-8.73222558236293
30
0
41
1
10
169.001236464465
20
-8.70281045420484
30
0
41
1
10
169.095555809815
20
-8.653446244457
30
0
41
1
10
169.177305252458
20
-8.58606816296285
30
0
41
1
10
169.24317463496
20
-8.50334591467359
30
0
41
1
10
169.290486794187
20
-8.40859088029998
30
0
41
1
10
169.317315178785
20
-8.3056171038474
30
0
41
1
10
169.320815517887
20
-8.2342599246216
30
0
41
1
10
169.318931802539
20
-8.19862496137111
30
0
0
SPLINE
5
177
100
AcDbEntity
8
1
62
256
6
ByLayer
370
18
48
1
60
0
100
AcDbSpline
70
4
71
3
72
8
73
4
40
0
40
0
40
0
40
0
40
1
40
1
40
1
40
1
41
1
10
169.284500581952
20
-7.54727637140368
30
0
41
1
10
169.295977656053
20
-7.76439256904141
30
0
41
1
10
169.307454730153
20
-7.98150876668029
30
0
41
1
10
169.318931804254
20
-8.19862496432057
30
0
0
SPLINE
5
178
100
AcDbEntity
8
1
62
256
6
ByLayer
370
18
48
1
60
0
100
AcDbSpline
70
4
71
3
72
20
73
16
40
0
40
0
40
0
40
0
40
0.001347140012573
40
0.0169510909498765
40
0.0325550418871801
40
0.0637629437617872
40
0.126178747511001
40
0.25101035500943
40
0.375841962507858
40
0.500673570006287
40
0.625505177504715
40
0.750336785003143
40
0.875168392501572
40
0.937584196250786
40
1
40
1
40
1
40
1
41
1
10
161.013137097391
20
5.28074164225185
30
0
41
1
10
161.013152549238
20
5.28115611124252
30
0
41
1
10
161.013367165269
20
5.28666320001062
30
0
41
1
10
161.014322201428
20
5.3050602505902
30
0
41
1
10
161.01554368225
20
5.33499772261496
30
0
41
1
10
161.018180014773
20
5.39042440107667
30
0
41
1
10
161.022996291072
20
5.49932751440855
30
0
41
1
10
161.030130891413
20
5.65583191114985
30
0
41
1
10
161.038620743989
20
5.84338960082763
30
0
41
1
10
161.047064504113
20
6.03084626758695
30
0
41
1
10
161.055487747171
20
6.21834847492104
30
0
41
1
10
161.063891239722
20
6.40587943165698
30
0
41
1
10
161.070878330224
20
6.56216519412772
30
0
41
1
10
161.076458893932
20
6.68719138763228
30
0
41
1
10
161.079246203434
20
6.7497022796295
30
0
41
1
10
161.08040830687
20
6.77578097734772
30
0
0
SPLINE
5
179
100
AcDbEntity
8
1
62
256
6
ByLayer
370
18
48
1
60
0
100
AcDbSpline
70
4
71
3
72
8
73
4
40
0
40
0
40
0
40
0
40
1
40
1
40
1
40
1
41
1
10
161.08040830687
20
6.77578097734772
30
0
41
1
10
161.080485438528
20
6.77751188454394
30
0
41
1
10
161.080562986141
20
6.77923710156617
30
0
41
1
10
161.080640962586
20
6.78095681592831
30
0
0
SPLINE
5
17A
100
AcDbEntity
8
1
62
256
6
ByLayer
370
18
48
1
60
0
100
AcDbSpline
70
4
71
3
72
18
73
14
40
0
40
0
40
0
40
0
40
0.121162915242487
40
0.246484790770082
40
0.497128541825273
40
0.622450417352869
40
0.747772292880465
40
0.87309416840806
40
0.935755106171858
40
0.967085575053757
40
0.982750809494706
40
0.998416043935656
40
1
40
1
40
1
40
1
41
1
10
161.080640962586
20
6.78095681592828
30
0
41
1
10
161.082912648949
20
6.83105722353426
30
0
41
1
10
161.08827441561
20
6.92347689177251
30
0
41
1
10
161.104783702311
20
7.10959354089496
30
0
41
1
10
161.131648476776
20
7.29628921523394
30
0
41
1
10
161.171959660076
20
7.48154355234126
30
0
41
1
10
161.209732593206
20
7.61876479285513
30
0
41
1
10
161.247880407826
20
7.73026722797144
30
0
41
1
10
161.279460867476
20
7.80878038106627
30
0
41
1
10
161.29508413618
20
7.84505616562001
30
0
41
1
10
161.30634245061
20
7.8699975998106
30
0
41
1
10
161.311059066503
20
7.88024383773612
30
0
41
1
10
161.312808613017
20
7.88402671055812
30
0
41
1
10
161.312963747417
20
7.8843619526663
30
0
0
SPLINE
5
17B
100
AcDbEntity
8
1
62
256
6
ByLayer
370
18
48
1
60
0
100
AcDbSpline
70
4
71
3
72
18
73
14
40
0
40
0
40
0
40
0
40
0.0140665296237055
40
0.06101300957371
40
0.123608316173716
40
0.186203622773722
40
0.248798929373728
40
0.499180155773753
40
0.749561382173777
40
0.874751995373789
40
0.937347301973795
40
0.999942608573801
40
1
40
1
40
1
40
1
41
1
10
161.312963747417
20
7.8843619526663
30
0
41
1
10
161.314342883322
20
7.88734223574036
30
0
41
1
10
161.318431683423
20
7.8961106700163
30
0
41
1
10
161.325278822887
20
7.91079059811511
30
0
41
1
10
161.332728977938
20
7.92668106651735
30
0
41
1
10
161.34265644082
20
7.94784687309334
30
0
41
1
10
161.364011913481
20
7.9933005263284
30
0
41
1
10
161.393799066631
20
8.05616568077525
30
0
41
1
10
161.428381534133
20
8.12835265180684
30
0
41
1
10
161.452409355902
20
8.17803607799104
30
0
41
1
10
161.466532892107
20
8.20710700233596
30
0
41
1
10
161.473446522263
20
8.22131452721976
30
0
41
1
10
161.476814889372
20
8.2281861896391
30
0
41
1
10
161.47681894277
20
8.22819445875382
30
0
0
SPLINE
5
17C
100
AcDbEntity
8
1
62
256
6
ByLayer
370
18
48
1
60
0
100
AcDbSpline
70
4
71
3
72
24
73
20
40
0
40
0
40
0
40
0
40
0.0624500259146241
40
0.124960610188417
40
0.249981778736002
40
0.26560942480445
40
0.281237070872898
40
0.300771628458459
40
0.312492363009795
40
0.343747655146691
40
0.375002947283587
40
0.500024115831173
40
0.750066452926343
40
0.875087621473929
40
0.937598205747721
40
0.968853497884618
40
0.984481143953066
40
0.99229496698729
40
1
40
1
40
1
40
1
41
1
10
161.476819070011
20
8.22819471833225
30
0
41
1
10
161.480181569966
20
8.23505435876734
30
0
41
1
10
161.486731665881
20
8.24831369976664
30
0
41
1
10
161.499827814833
20
8.27401794649697
30
0
41
1
10
161.511137495978
20
8.29528051431029
30
0
41
1
10
161.520063518905
20
8.31144863636811
30
0
41
1
10
161.522981157283
20
8.31668987923422
30
0
41
1
10
161.525692036825
20
8.32151420289378
30
0
41
1
10
161.529328012948
20
8.32793058709652
30
0
41
1
10
161.533681302633
20
8.33552408107383
30
0
41
1
10
161.544814798589
20
8.35461459496008
30
0
41
1
10
161.569699623789
20
8.39548609589227
30
0
41
1
10
161.60289942116
20
8.44448885658116
30
0
41
1
10
161.635027832581
20
8.48528941119443
30
0
41
1
10
161.652876637453
20
8.50413424511919
30
0
41
1
10
161.662323929847
20
8.51302477125978
30
0
41
1
10
161.667345102171
20
8.51714659777136
30
0
41
1
10
161.670366655881
20
8.5193449989408
30
0
41
1
10
161.671871641205
20
8.52039569056234
30
0
41
1
10
161.672728682212
20
8.52087832912977
30
0
0
SPLINE
5
17D
100
AcDbEntity
8
1
62
256
6
ByLayer
370
18
48
1
60
0
100
AcDbSpline
70
4
71
3
72
30
73
26
40
0
40
0
40
0
40
0
40
0.0001094202678398
40
0.0079685106253762
40
0.0158276009829127
40
0.0315457816979855
40
0.0629821431281312
40
0.125854865988423
40
0.251600311709006
40
0.377345757429588
40
0.408782118859734
40
0.416641209217271
40
0.424500299574807
40
0.432359389932344
40
0.44021848028988
40
0.471654841720026
40
0.503091203150171
40
0.518809383865244
40
0.628836648870754
40
0.754582094591337
40
0.817454817451629
40
0.88032754031192
40
0.943200263172212
40
0.974636624602357
40
1
40
1
40
1
40
1
41
1
10
161.672728682212
20
8.52087832912977
30
0
41
1
10
161.67274078307
20
8.52088514367037
30
0
41
1
10
161.673623620216
20
8.52138084475945
30
0
41
1
10
161.675611064627
20
8.52228265693407
30
0
41
1
10
161.679434457908
20
8.52410412349403
30
0
41
1
10
161.686200291424
20
8.52723215712786
30
0
41
1
10
161.699757180006
20
8.53334287403507
30
0
41
1
10
161.727137474211
20
8.5449321194653
30
0
41
1
10
161.766868458334
20
8.55975847480528
30
0
41
1
10
161.803234649234
20
8.57112983183231
30
0
41
1
10
161.824616961373
20
8.57709292605139
30
0
41
1
10
161.830737295662
20
8.57874966910856
30
0
41
1
10
161.833799635866
20
8.57956868466215
30
0
41
1
10
161.836864101739
20
8.58037838789539
30
0
41
1
10
161.842997190044
20
8.58197925703053
30
0
41
1
10
161.852212054165
20
8.58431137315054
30
0
41
1
10
161.862475343109
20
8.58678194138525
30
0
41
1
10
161.883034956318
20
8.59154556237942
30
0
41
1
10
161.916054817502
20
8.598416407511
30
0
41
1
10
161.955286354628
20
8.6050040457848
30
0
41
1
10
161.989469447952
20
8.60961100178085
30
0
41
1
10
162.014556602921
20
8.61253068483836
30
0
41
1
10
162.03281784577
20
8.61437725776315
30
0
41
1
10
162.050268000138
20
8.61580134329478
30
0
41
1
10
162.048059267316
20
8.61569591598553
30
0
41
1
10
162.06431085612
20
8.61681823233269
30
0
0
SPLINE
5
17E
100
AcDbEntity
8
1
62
256
6
ByLayer
370
18
48
1
60
0
100
AcDbSpline
70
4
71
3
72
25
73
21
40
0
40
0
40
0
40
0
40
0.0059772068261372
40
0.02144749056501
40
0.0369177743038829
40
0.0678583417816286
40
0.12973947673712
40
0.253501746648103
40
0.485556002731196
40
0.501026286470068
40
0.531966853947814
40
0.56290742142556
40
0.624788556381051
40
0.748550826292034
40
0.872313096203017
40
0.934194231158508
40
0.965134798636254
40
0.980605082375127
40
0.996075366114
40
1
40
1
40
1
40
1
41
1
10
162.06431085612
20
8.61681823233269
30
0
41
1
10
162.068202123361
20
8.61708695884855
30
0
41
1
10
162.085710930629
20
8.61829177016071
30
0
41
1
10
162.143631993084
20
8.62225460738472
30
0
41
1
10
162.296038605169
20
8.63259310526647
30
0
41
1
10
162.501197708251
20
8.64615285703232
30
0
41
1
10
162.954796722942
20
8.67512067520909
30
0
41
1
10
163.802882110343
20
8.72482206846939
30
0
41
1
10
164.564204092749
20
8.76239939572477
30
0
41
1
10
165.135347573593
20
8.78703398483842
30
0
41
1
10
165.293993455071
20
8.79369175215544
30
0
41
1
10
165.547769953163
20
8.80395063229292
30
0
41
1
10
165.991608513775
20
8.82087452277116
30
0
41
1
10
166.624200332587
20
8.84213343903821
30
0
41
1
10
167.252998593043
20
8.85956121583015
30
0
41
1
10
167.705588715603
20
8.87004684690422
30
0
41
1
10
167.912489327893
20
8.87443977438792
30
0
41
1
10
168.062248298823
20
8.87740868472102
30
0
41
1
10
168.11954805255
20
8.87851854265722
30
0
41
1
10
168.139576225701
20
8.87889236085695
30
0
41
1
10
168.143208686536
20
8.87895924442702
30
0
0
SPLINE
5
17F
100
AcDbEntity
8
1
62
256
6
ByLayer
370
18
48
1
60
0
100
AcDbSpline
70
4
71
3
72
33
73
29
40
0
40
0
40
0
40
0
40
0.0273823410709082
40
0.0587425444385219
40
0.0901027478061356
40
0.121462951173749
40
0.184183357908977
40
0.246903764644204
40
0.309624171379432
40
0.372344578114659
40
0.403704781482273
40
0.435064984849886
40
0.497785391585114
40
0.529145594952728
40
0.560505798320341
40
0.591866001687955
40
0.623226205055569
40
0.685946611790796
40
0.71730681515841
40
0.748667018526024
40
0.76434712020983
40
0.811387425261251
40
0.874107831996478
40
0.936828238731706
40
0.96818844209932
40
0.983868543783126
40
0.999548645466933
40
1
40
1
40
1
40
1
41
1
10
168.143208686536
20
8.87895924442702
30
0
41
1
10
168.168213393611
20
8.87941964968778
30
0
41
1
10
168.17912866361
20
8.87951686251776
30
0
41
1
10
168.204420840536
20
8.87953069251617
30
0
41
1
10
168.235379409701
20
8.87928318695711
30
0
41
1
10
168.27775935251
20
8.87848661318799
30
0
41
1
10
168.328825215457
20
8.87649643988397
30
0
41
1
10
168.390326214164
20
8.87243352910752
30
0
41
1
10
168.451546730691
20
8.86655364992771
30
0
41
1
10
168.502211932035
20
8.85957637146211
30
0
41
1
10
168.542715721129
20
8.85222225160825
30
0
41
1
10
168.582578737679
20
8.84211416867848
30
0
41
1
10
168.620183485716
20
8.82584024386429
30
0
41
1
10
168.652513524019
20
8.80109683386945
30
0
41
1
10
168.673396290378
20
8.77928312069875
30
0
41
1
10
168.691715464763
20
8.75503586788247
30
0
41
1
10
168.713082774111
20
8.72072697088186
30
0
41
1
10
168.730459927796
20
8.6839227777688
30
0
41
1
10
168.743083260818
20
8.64555023732888
30
0
41
1
10
168.749554717908
20
8.62116030736462
30
0
41
1
10
168.756461394939
20
8.59170402477145
30
0
41
1
10
168.764174423507
20
8.55207893072009
30
0
41
1
10
168.771406799815
20
8.49664256126266
30
0
41
1
10
168.774967712712
20
8.4451919129657
30
0
41
1
10
168.776009439676
20
8.41082830527017
30
0
41
1
10
168.776162109814
20
8.38833005631824
30
0
41
1
10
168.776118766778
20
8.37859778482101
30
0
41
1
10
168.776086825966
20
8.3743715357831
30
0
41
1
10
168.776085924829
20
8.37425382629257
30
0
0
SPLINE
5
180
100
AcDbEntity
8
1
62
256
6
ByLayer
370
18
48
1
60
0
100
AcDbSpline
70
4
71
3
72
22
73
18
40
0
40
0
40
0
40
0
40
0.0112892879508373
40
0.0621620442639602
40
0.124774667418573
40
0.249999913727799
40
0.50045040634625
40
0.750900898964701
40
0.813513522119314
40
0.829166677907967
40
0.84481983369662
40
0.860472989485273
40
0.876126145273927
40
0.938738768428539
40
0.970045080005846
40
0.985698235794499
40
1
40
1
40
1
40
1
41
1
10
168.776085924829
20
8.37425382629257
30
0
41
1
10
168.776063346778
20
8.3713046061655
30
0
41
1
10
168.775913308041
20
8.35693196511286
30
0
41
1
10
168.775671225301
20
8.33436778664645
30
0
41
1
10
168.775261540323
20
8.30100029351246
30
0
41
1
10
168.77426736477
20
8.21858436771007
30
0
41
1
10
168.772695871581
20
8.11177919707794
30
0
41
1
10
168.771111439537
20
8.01235238918156
30
0
41
1
10
168.769995165663
20
7.95477080085095
30
0
41
1
10
168.769669245538
20
7.93831128835657
30
0
41
1
10
168.769505225084
20
7.93007813392742
30
0
41
1
10
168.769340480796
20
7.92183970915733
30
0
41
1
10
168.76901021766
20
7.90534857461691
30
0
41
1
10
168.768624614778
20
7.88605633214141
30
0
41
1
10
168.768309303696
20
7.86714424097292
30
0
41
1
10
168.768065301568
20
7.8559102738748
30
0
41
1
10
168.768098834691
20
7.85216343854412
30
0
41
1
10
168.767935239055
20
7.84777710653179
30
0
0
SPLINE
5
181
100
AcDbEntity
8
1
62
256
6
ByLayer
370
18
48
1
60
0
100
AcDbSpline
70
4
71
3
72
21
73
17
40
0
40
0
40
0
40
0
40
0.001346773632212
40
0.0169464397395083
40
0.0325461058468047
40
0.0637454380613974
40
0.126144102490583
40
0.250941431348954
40
0.375738760207325
40
0.500536089065695
40
0.625333417924066
40
0.750130746782437
40
0.874928075640808
40
0.937326740069993
40
0.999725404499179
40
1
40
1
40
1
40
1
41
1
10
168.767935239055
20
7.84777710653179
30
0
41
1
10
168.767919780698
20
7.84736263653514
30
0
41
1
10
168.767705089919
20
7.84185554708284
30
0
41
1
10
168.766750123631
20
7.82345849746704
30
0
41
1
10
168.765528631884
20
7.79352102576999
30
0
41
1
10
168.762892305426
20
7.73809434712601
30
0
41
1
10
168.758076025077
20
7.62919123391558
30
0
41
1
10
168.750941426653
20
7.47268683711644
30
0
41
1
10
168.742462840994
20
7.28538543407149
30
0
41
1
10
168.734015091274
20
7.09783679074513
30
0
41
1
10
168.725546080984
20
6.90928979374198
30
0
41
1
10
168.717159436561
20
6.72214974281653
30
0
41
1
10
168.710325559793
20
6.56937657190545
30
0
41
1
10
168.704410035376
20
6.43665959693061
30
0
41
1
10
168.701663717432
20
6.3744508256423
30
0
41
1
10
168.700435594538
20
6.34767915203525
30
0
41
1
10
168.700430216471
20
6.34756193932887
30
0
0
SPLINE
5
182
100
AcDbEntity
8
1
62
256
6
ByLayer
370
18
48
1
60
0
100
AcDbSpline
70
4
71
3
72
20
73
16
40
0
40
0
40
0
40
0
40
0.0153299547324658
40
0.0309345924798074
40
0.0621438679744907
40
0.124562418963857
40
0.24939952094259
40
0.499073724900057
40
0.748747928857523
40
0.873585030836256
40
0.936003581825623
40
0.967212857320306
40
0.982817495067648
40
0.998422132814989
40
1
40
1
40
1
40
1
41
1
10
168.700430216471
20
6.34756193932887
30
0
41
1
10
168.700130068603
20
6.34102034270435
30
0
41
1
10
168.699542049116
20
6.32834931609904
30
0
41
1
10
168.698385138665
20
6.3046738100401
30
0
41
1
10
168.696288520522
20
6.26679737709409
30
0
41
1
10
168.690812551791
20
6.18224061136138
30
0
41
1
10
168.676303378606
20
6.01949751137289
30
0
41
1
10
168.642748748857
20
5.78545650910829
30
0
41
1
10
168.586598849035
20
5.55435492674874
30
0
41
1
10
168.533191911731
20
5.39825152440008
30
0
41
1
10
168.501611449365
20
5.31973836548681
30
0
41
1
10
168.485988189947
20
5.28346260087193
30
0
41
1
10
168.474729865014
20
5.25852114414357
30
0
41
1
10
168.470013249328
20
5.24827490653391
30
0
41
1
10
168.468263713174
20
5.24449205599257
30
0
41
1
10
168.468108576516
20
5.24415680900009
30
0
0
SPLINE
5
183
100
AcDbEntity
8
1
62
256
6
ByLayer
370
18
48
1
60
0
100
AcDbSpline
70
4
71
3
72
14
73
10
40
0
40
0
40
0
40
0
40
0.02282765053218
40
0.0990142286746044
40
0.200596332864504
40
0.302178437054403
40
0.403760541244302
40
0.810088958003899
40
1
40
1
40
1
40
1
41
1
10
168.468108576516
20
5.24415680900009
30
0
41
1
10
168.46672945771
20
5.24117656282371
30
0
41
1
10
168.462640732849
20
5.23240829016811
30
0
41
1
10
168.455793706369
20
5.21772860387057
30
0
41
1
10
168.448343671883
20
5.20183839149419
30
0
41
1
10
168.438416368073
20
5.18067292209636
30
0
41
1
10
168.417061226933
20
5.13521996950607
30
0
41
1
10
168.394325545864
20
5.08723678867838
30
0
41
1
10
168.374259673485
20
5.04523208254344
30
0
41
1
10
168.367840810703
20
5.03183151983353
30
0
0
SPLINE
5
184
100
AcDbEntity
8
1
62
256
6
ByLayer
370
18
48
1
60
0
100
AcDbSpline
70
4
71
3
72
17
73
13
40
0
40
0
40
0
40
0
40
0.383871282811011
40
0.538739102378298
40
0.57745605727012
40
0.616173012161942
40
0.654889967053764
40
0.693606921945585
40
0.848474741512873
40
0.925908651296516
40
0.964625606188338
40
1
40
1
40
1
40
1
41
1
10
161.009203964311
20
5.06731958135398
30
0
41
1
10
161.009645686756
20
5.0945055260178
30
0
41
1
10
161.010296493374
20
5.13285206948606
30
0
41
1
10
161.011052075891
20
5.17374737868928
30
0
41
1
10
161.011368070443
20
5.19020667185305
30
0
41
1
10
161.011528657298
20
5.19843974898262
30
0
41
1
10
161.011692016255
20
5.20667813990869
30
0
41
1
10
161.012024643425
20
5.22316931585144
30
0
41
1
10
161.012431008502
20
5.24246198950033
30
0
41
1
10
161.012762679533
20
5.26137446566585
30
0
41
1
10
161.01300737239
20
5.27260847518818
30
0
41
1
10
161.012973570167
20
5.27635530825609
30
0
41
1
10
161.013137097391
20
5.28074164225185
30
0
0
SPLINE
5
185
100
AcDbEntity
8
1
62
256
6
ByLayer
370
18
48
1
60
0
100
AcDbSpline
70
4
71
3
72
21
73
17
40
0
40
0
40
0
40
0
40
0.0039822658528455
40
0.0174419649629421
40
0.0309016640730388
40
0.0847404605134256
40
0.138579256953812
40
0.246256849834586
40
0.353934442715359
40
0.461612035596133
40
0.569289628476906
40
0.67696722135768
40
0.784644814238453
40
0.892322407119227
40
0.946161203559613
40
1
40
1
40
1
40
1
41
1
10
169.994781401294
20
9.16219779821088
30
0
41
1
10
169.994747568833
20
9.16373804096702
30
0
41
1
10
169.994584795126
20
9.17056924469932
30
0
41
1
10
169.994150479916
20
9.1834881932941
30
0
41
1
10
169.992334112957
20
9.21771886859264
30
0
41
1
10
169.986929567401
20
9.26765629953886
30
0
41
1
10
169.97000534434
20
9.35556926666371
30
0
41
1
10
169.935889159073
20
9.46038955723913
30
0
41
1
10
169.874631319499
20
9.57855602552607
30
0
41
1
10
169.795235367172
20
9.68425326308588
30
0
41
1
10
169.699072173396
20
9.77588260598631
30
0
41
1
10
169.588846344678
20
9.85041624449062
30
0
41
1
10
169.467171549789
20
9.90588203491478
30
0
41
1
10
169.358718244251
20
9.93463997310312
30
0
41
1
10
169.269916247304
20
9.94661551948175
30
0
41
1
10
169.224747847267
20
9.94882931727594
30
0
41
1
10
169.202918998571
20
9.94896261303037
30
0
0
SPLINE
5
186
100
AcDbEntity
8
1
62
256
6
ByLayer
370
18
48
1
60
0
100
AcDbSpline
70
4
71
3
72
8
73
4
40
0
40
0
40
0
40
0
40
1
40
1
40
1
40
1
41
1
10
169.202918998571
20
9.94896261303037
30
0
41
1
10
169.202595118731
20
9.94896459077131
30
0
41
1
10
169.202272092049
20
9.94896656259073
30
0
41
1
10
169.201949893205
20
9.94896852864426
30
0
0
SPLINE
5
187
100
AcDbEntity
8
1
62
256
6
ByLayer
370
18
48
1
60
0
100
AcDbSpline
70
4
71
3
72
11
73
7
40
0
40
0
40
0
40
0
40
0.0589687449404603
40
0.484373627158166
40
0.970550635406973
40
1
40
1
40
1
40
1
41
1
10
169.201949893205
20
9.94896852864426
30
0
41
1
10
169.191414315614
20
9.94903281661396
30
0
41
1
10
169.11214494895
20
9.94951024283802
30
0
41
1
10
168.953296028606
20
9.95036912672876
30
0
41
1
10
168.799262241994
20
9.95100925800733
30
0
41
1
10
168.714860271244
20
9.95129525331885
30
0
41
1
10
168.710039753083
20
9.95131137665368
30
0
0
SPLINE
5
188
100
AcDbEntity
8
1
62
256
6
ByLayer
370
18
48
1
60
0
100
AcDbSpline
70
4
71
3
72
17
73
13
40
0
40
0
40
0
40
0
40
0.0600950229142422
40
0.184038916465191
40
0.431926703567089
40
0.679814490668986
40
0.927702277770884
40
0.989674224546358
40
0.993547471219825
40
0.997420717893293
40
0.999357341230026
40
1
40
1
40
1
40
1
41
1
10
168.710039753083
20
9.95131137665368
30
0
41
1
10
168.555697238019
20
9.9518276107938
30
0
41
1
10
168.083017176691
20
9.95274633864273
30
0
41
1
10
166.973474063611
20
9.95035982991851
30
0
41
1
10
165.381087104086
20
9.93374500137904
30
0
41
1
10
163.46971468741
20
9.89299382736581
30
0
41
1
10
162.03322452542
20
9.8469198259796
30
0
41
1
10
161.230941525311
20
9.81585613390607
30
0
41
1
10
161.049911718488
20
9.80860466526934
30
0
41
1
10
161.025176356431
20
9.80760775908405
30
0
41
1
10
161.009123376572
20
9.80695653471597
30
0
41
1
10
161.00185084977
20
9.80665908215491
30
0
41
1
10
161.000000033229
20
9.80657970223979
30
0
0
SPLINE
5
189
100
AcDbEntity
8
1
62
256
6
ByLayer
370
18
48
1
60
0
100
AcDbSpline
70
4
71
3
72
20
73
16
40
0
40
0
40
0
40
0
40
0.0166268555036322
40
0.0415115835804341
40
0.0663963116572359
40
0.165935223964443
40
0.265474136271651
40
0.315243592425254
40
0.464551960886065
40
0.66362978550048
40
0.862707610114894
40
0.912477066268498
40
0.962246522422102
40
0.987131250498903
40
1
40
1
40
1
40
1
41
1
10
161.000000033229
20
9.80657970223979
30
0
41
1
10
160.996273497256
20
9.80641987434623
30
0
41
1
10
160.986577097465
20
9.80596753826981
30
0
41
1
10
160.97066755806
20
9.80479026889546
30
0
41
1
10
160.934505039635
20
9.80100910075726
30
0
41
1
10
160.881415180929
20
9.79142172638032
30
0
41
1
10
160.823874166773
20
9.77375894947551
30
0
41
1
10
160.75624243604
20
9.74634986121507
30
0
41
1
10
160.670903353885
20
9.69945134870218
30
0
41
1
10
160.568339201649
20
9.61218023488055
30
0
41
1
10
160.502981983227
20
9.52229881410719
30
0
41
1
10
160.469480238427
20
9.45829373498543
30
0
41
1
10
160.457081745903
20
9.4306635065644
30
0
41
1
10
160.449121515744
20
9.4105723122197
30
0
41
1
10
160.446169086909
20
9.40257498900098
30
0
41
1
10
160.445198015954
20
9.39991191822429
30
0
0
SPLINE
5
18A
100
AcDbEntity
8
1
62
256
6
ByLayer
370
18
48
1
60
0
100
AcDbSpline
70
4
71
3
72
13
73
9
40
0
40
0
40
0
40
0
40
0.0057624935460955
40
0.0296303931158694
40
0.22057358967406
40
0.602459982790442
40
0.984346375906823
40
1
40
1
40
1
40
1
41
1
10
160.445198015954
20
9.39991191822432
30
0
41
1
10
160.444291294769
20
9.3974253206419
30
0
41
1
10
160.439787248168
20
9.38492144938721
30
0
41
1
10
160.409013112203
20
9.30026176609903
30
0
41
1
10
160.322959247799
20
9.06266503067755
30
0
41
1
10
160.187160905623
20
8.68828376335608
30
0
41
1
10
160.076687813943
20
8.38373686051588
30
0
41
1
10
160.019352620368
20
8.22546069781441
30
0
41
1
10
160.017098083944
20
8.21922068485367
30
0
0
SPLINE
5
18B
100
AcDbEntity
8
1
62
256
6
ByLayer
370
18
48
1
60
0
100
AcDbSpline
70
4
71
3
72
17
73
13
40
0
40
0
40
0
40
0
40
0.0295588681041257
40
0.0735401813589597
40
0.161502807868628
40
0.337428060887964
40
0.5133533139073
40
0.689278566926636
40
0.865203819945973
40
0.953166446455641
40
0.997147759710475
40
1
40
1
40
1
40
1
41
1
10
160.017098083944
20
8.21922068485367
30
0
41
1
10
160.012477401105
20
8.2064317494029
30
0
41
1
10
160.001013967525
20
8.17453344318955
30
0
41
1
10
159.976559418917
20
8.1036753336077
30
0
41
1
10
159.932545668973
20
7.96786989884825
30
0
41
1
10
159.877393832704
20
7.7718704173432
30
0
41
1
10
159.823681184772
20
7.53423358632097
30
0
41
1
10
159.782509241496
20
7.29426596185758
30
0
41
1
10
159.75890372296
20
7.09364995911778
30
0
41
1
10
159.747816977133
20
6.95257496841287
30
0
41
1
10
159.744366498414
20
6.89107937586166
30
0
41
1
10
159.743245805417
20
6.86981943693297
30
0
41
1
10
159.743177822035
20
6.86852506383005
30
0
0
SPLINE
5
18C
100
AcDbEntity
8
1
62
256
6
ByLayer
370
18
48
1
60
0
100
AcDbSpline
70
4
71
3
72
25
73
21
40
0
40
0
40
0
40
0
40
0.0305967616903349
40
0.0469560625870657
40
0.161471168864181
40
0.292345576038028
40
0.55409439038572
40
0.684968797559567
40
0.75040600114649
40
0.815843204733413
40
0.824022855181779
40
0.832202505630144
40
0.840382156078509
40
0.844471981302692
40
0.848561806526875
40
0.85674145697524
40
0.864921107423606
40
0.881280408320336
40
0.946717611907259
40
1
40
1
40
1
40
1
41
1
10
159.743177822035
20
6.86852506383005
30
0
41
1
10
159.742197507187
20
6.84986030897414
30
0
41
1
10
159.740778775755
20
6.82134110613163
30
0
41
1
10
159.735838587743
20
6.72389738401037
30
0
41
1
10
159.727807861939
20
6.56592314888729
30
0
41
1
10
159.712181734768
20
6.25981820550442
30
0
41
1
10
159.69597052215
20
5.9438396266996
30
0
41
1
10
159.681773484309
20
5.66735748147798
30
0
41
1
10
159.673709311377
20
5.50936551596811
30
0
41
1
10
159.669332011784
20
5.42543561345792
30
0
41
1
10
159.666810902789
20
5.37606268185954
30
0
41
1
10
159.666073724088
20
5.36125045132025
30
0
41
1
10
159.665416012483
20
5.34890937464783
30
0
41
1
10
159.664918390147
20
5.33903350023141
30
0
41
1
10
159.664617826301
20
5.32915656582131
30
0
41
1
10
159.66446531317
20
5.3168104171867
30
0
41
1
10
159.664209481389
20
5.29705654902946
30
0
41
1
10
159.6633492985
20
5.24273213551416
30
0
41
1
10
159.662149904903
20
5.16117701424011
30
0
41
1
10
159.661365191695
20
5.08951079388856
30
0
41
1
10
159.661062375802
20
5.05734846173615
30
0
0
SPLINE
5
18D
100
AcDbEntity
8
1
62
256
6
ByLayer
370
18
48
1
60
0
100
AcDbSpline
70
4
71
3
72
11
73
7
40
0
40
0
40
0
40
0
40
0.0676722772071953
40
0.524476890886154
40
0.981281504565112
40
1
40
1
40
1
40
1
41
1
10
169.284521174801
20
4.07743421458898
30
0
41
1
10
169.292640666046
20
4.09984146800693
30
0
41
1
10
169.355669437962
20
4.27381046740584
30
0
41
1
10
169.472353823171
20
4.59550189237208
30
0
41
1
10
169.582828045759
20
4.90004510474307
30
0
41
1
10
169.640164334888
20
5.05831920365401
30
0
41
1
10
169.642418217079
20
5.06455719738139
30
0
0
SPLINE
5
18E
100
AcDbEntity
8
1
62
256
6
ByLayer
370
18
48
1
60
0
100
AcDbSpline
70
4
71
3
72
17
73
13
40
0
40
0
40
0
40
0
40
0.0295634678907696
40
0.0735446958500519
40
0.161507151768616
40
0.337432063605745
40
0.513356975442874
40
0.689281887280003
40
0.865206799117132
40
0.953169255035697
40
0.997150482994979
40
1
40
1
40
1
40
1
41
1
10
169.642418217079
20
5.06455719738139
30
0
41
1
10
169.647039779199
20
5.07734813899694
30
0
41
1
10
169.658504319863
20
5.10924845837727
30
0
41
1
10
169.682960106921
20
5.18010870533431
30
0
41
1
10
169.726974394452
20
5.31591465963396
30
0
41
1
10
169.78212582433
20
5.51191515062774
30
0
41
1
10
169.835837972566
20
5.74955238748117
30
0
41
1
10
169.877009882006
20
5.98951984751113
30
0
41
1
10
169.900615245205
20
6.19013582042646
30
0
41
1
10
169.911701865802
20
6.33121087377304
30
0
41
1
10
169.915152241468
20
6.39270515680977
30
0
41
1
10
169.916272860408
20
6.41396385597426
30
0
41
1
10
169.916340778691
20
6.41525699578489
30
0
0
SPLINE
5
18F
100
AcDbEntity
8
1
62
256
6
ByLayer
370
18
48
1
60
0
100
AcDbSpline
70
4
71
3
72
32
73
28
40
0
40
0
40
0
40
0
40
0.0201722500279424
40
0.0309571202211268
40
0.106451211573417
40
0.192730173118892
40
0.365288096209842
40
0.451567057755317
40
0.494706538528055
40
0.537846019300792
40
0.543238454397384
40
0.548630889493977
40
0.554023324590569
40
0.556719542138865
40
0.559415759687161
40
0.564808194783753
40
0.570200629880345
40
0.58098550007353
40
0.624124980846267
40
0.710403942391742
40
0.796682903937217
40
0.882961865482692
40
0.969240827028167
40
0.980025697221351
40
0.990810567414536
40
0.996203002511128
40
1
40
1
40
1
40
1
41
1
10
169.916340778691
20
6.41525699578489
30
0
41
1
10
169.91732115367
20
6.43392298472989
30
0
41
1
10
169.918739924241
20
6.46244342321458
30
0
41
1
10
169.923680053539
20
6.55988852321795
30
0
41
1
10
169.931710343282
20
6.7178633202017
30
0
41
1
10
169.947335198901
20
7.02396989322446
30
0
41
1
10
169.963545238746
20
7.33994997008972
30
0
41
1
10
169.977742849314
20
7.61643136686848
30
0
41
1
10
169.985810130877
20
7.77441939118637
30
0
41
1
10
169.990185148471
20
7.85835227504268
30
0
41
1
10
169.992707838592
20
7.90772306816237
30
0
41
1
10
169.993445805513
20
7.92253428459043
30
0
41
1
10
169.994101039829
20
7.93487868626829
30
0
41
1
10
169.9946008048
20
7.94475165608009
30
0
41
1
10
169.994902497332
20
7.95462699346936
30
0
41
1
10
169.995053481841
20
7.96697509119738
30
0
41
1
10
169.995307187595
20
7.98673173547502
30
0
41
1
10
169.996166088345
20
8.04105773806481
30
0
41
1
10
169.998060268622
20
8.16945233126918
30
0
41
1
10
169.999734637012
20
8.36694376671414
30
0
41
1
10
170.000218058847
20
8.60386909781553
30
0
41
1
10
169.999124040854
20
8.840729774393
30
0
41
1
10
169.997195194351
20
9.00846010365791
30
0
41
1
10
169.995681080144
20
9.10710977252305
30
0
41
1
10
169.995260391952
20
9.13183540604251
30
0
41
1
10
169.995011124063
20
9.14992691349002
30
0
41
1
10
169.994861919497
20
9.15853215948647
30
0
41
1
10
169.994781401294
20
9.16219779821088
30
0
0
SPLINE
5
190
100
AcDbEntity
8
1
62
256
6
ByLayer
370
18
48
1
60
0
100
AcDbSpline
70
4
71
3
72
56
73
52
40
0
40
0
40
0
40
0
40
0.0104019313125708
40
0.0208038626251416
40
0.0416077252502833
40
0.0624115878754249
40
0.0832154505005666
40
0.104019313125708
40
0.12482317575085
40
0.145627038375992
40
0.166430901001133
40
0.176832832313704
40
0.187234763626275
40
0.189835246454417
40
0.19243572928256
40
0.195036212110703
40
0.197636694938846
40
0.202837660595131
40
0.208038626251416
40
0.2496463515017
40
0.291254076751983
40
0.332861802002266
40
0.37446952725255
40
0.395273389877691
40
0.400474355533976
40
0.403074838362119
40
0.405675321190262
40
0.406975562604333
40
0.408275804018405
40
0.410876286846547
40
0.41347676967469
40
0.416077252502833
40
0.436881115127974
40
0.457684977753116
40
0.499292703003399
40
0.582508153503966
40
0.624115878754249
40
0.660522638348247
40
0.665723604004532
40
0.676125535317103
40
0.686527466629674
40
0.707331329254816
40
0.748939054505099
40
0.790546779755382
40
0.832154505005666
40
0.873762230255949
40
0.89456609288109
40
0.904968024193661
40
0.915369955506232
40
0.998585406006799
40
1
40
1
40
1
40
1
41
1
10
169.191953552289
20
9.75395938242127
30
0
41
1
10
169.210090155779
20
9.75384862189972
30
0
41
1
10
169.244557946994
20
9.75213155914082
30
0
41
1
10
169.312719443174
20
9.74283976600663
30
0
41
1
10
169.395582889474
20
9.7205555183655
30
0
41
1
10
169.488439107701
20
9.67774679702214
30
0
41
1
10
169.572543439264
20
9.62042605969449
30
0
41
1
10
169.645723914831
20
9.55014891457228
30
0
41
1
10
169.706392199019
20
9.46890359680015
30
0
41
1
10
169.752959956445
20
9.37867834152271
30
0
41
1
10
169.779094935138
20
9.29812139345376
30
0
41
1
10
169.791921227716
20
9.23074193613067
30
0
41
1
10
169.795999646602
20
9.19264937421735
30
0
41
1
10
169.797341874175
20
9.16789634849098
30
0
41
1
10
169.797789892599
20
9.15491822314678
30
0
41
1
10
169.798067063968
20
9.14060846973067
30
0
41
1
10
169.798342074337
20
9.12071681777181
30
0
41
1
10
169.798758386978
20
9.09613639523789
30
0
41
1
10
169.800589840596
20
8.99848813708726
30
0
41
1
10
169.803286191498
20
8.83119659708453
30
0
41
1
10
169.805247650558
20
8.59557226664919
30
0
41
1
10
169.804272475636
20
8.35974748507195
30
0
41
1
10
169.800730992068
20
8.16321525863404
30
0
41
1
10
169.797248185831
20
8.03546598051148
30
0
41
1
10
169.795579703782
20
7.9814178255898
30
0
41
1
10
169.79495207101
20
7.96176391480401
30
0
41
1
10
169.794551162037
20
7.94948020660868
30
0
41
1
10
169.794225296676
20
7.93965323237461
30
0
41
1
10
169.79389602083
20
7.92982625325357
30
0
41
1
10
169.793478059433
20
7.91754252062333
30
0
41
1
10
169.792966409039
20
7.90280202889019
30
0
41
1
10
169.791227551409
20
7.85366701915473
30
0
41
1
10
169.788018608123
20
7.77013725275268
30
0
41
1
10
169.781265687737
20
7.61290087807797
30
0
41
1
10
169.767928579116
20
7.3377190828102
30
0
41
1
10
169.750817433402
20
7.02314769530867
30
0
41
1
10
169.734934910423
20
6.71836693031074
30
0
41
1
10
169.726877286235
20
6.56089326023877
30
0
41
1
10
169.721955289086
20
6.46288223407925
30
0
41
1
10
169.719517474656
20
6.41396607717837
30
0
41
1
10
169.715174888178
20
6.33652453123179
30
0
41
1
10
169.704578296794
20
6.20179254633024
30
0
41
1
10
169.681938796604
20
6.00933485571636
30
0
41
1
10
169.642539878699
20
5.77973831900923
30
0
41
1
10
169.591071620517
20
5.55205837542255
30
0
41
1
10
169.538258769634
20
5.36439216760976
30
0
41
1
10
169.496126767936
20
5.23441022033174
30
0
41
1
10
169.470635315032
20
5.1605542777308
30
0
41
1
10
169.403494196788
20
4.97519859122337
30
0
41
1
10
169.340951968555
20
4.80282577928986
30
0
41
1
10
169.285281686816
20
4.64930465531219
30
0
41
1
10
169.284351167348
20
4.64673855184068
30
0
0
SPLINE
5
191
100
AcDbEntity
8
1
62
256
6
ByLayer
370
18
48
1
60
0
100
AcDbSpline
70
4
71
3
72
63
73
59
40
0
40
0
40
0
40
0
40
0.0084730314544476
40
0.0174869129866799
40
0.019740383369738
40
0.0208671185612671
40
0.0219938537527961
40
0.0225572213485606
40
0.0231205889443251
40
0.0242473241358542
40
0.0253740593273832
40
0.0265007945189122
40
0.0355146760511445
40
0.0445285575833768
40
0.0625563206478414
40
0.0986118467767706
40
0.116639609841235
40
0.132413902522642
40
0.1346673729057
40
0.139174313671816
40
0.143681254437932
40
0.152695135970164
40
0.170722899034629
40
0.188750662099093
40
0.206778425163558
40
0.224806188228023
40
0.233820069760255
40
0.238327010526371
40
0.242833951292487
40
0.278889477421417
40
0.314945003550346
40
0.33297276661481
40
0.335226236997868
40
0.336352972189397
40
0.337479707380926
40
0.339733177763984
40
0.341986648147042
40
0.351000529679275
40
0.360014411211507
40
0.366774822360681
40
0.369028292743739
40
0.373535233509856
40
0.378042174275972
40
0.379168909467501
40
0.38029564465903
40
0.381422379850559
40
0.382549115042088
40
0.384802585425146
40
0.387056055808204
40
0.423111581937133
40
0.56733368645285
40
0.711555790968567
40
0.855777895484283
40
0.927888947742142
40
0.963944473871071
40
0.981972236935535
40
0.997746529616942
40
1
40
1
40
1
40
1
41
1
10
159.857627305686
20
5.04903346095446
30
0
41
1
10
159.858300312189
20
5.08598150486222
30
0
41
1
10
159.859923261268
20
5.1622369115463
30
0
41
1
10
159.862269877254
20
5.24832054624517
30
0
41
1
10
159.863938192676
20
5.30236892642009
30
0
41
1
10
159.864565764533
20
5.32202291944054
30
0
41
1
10
159.864966635347
20
5.33430667910906
30
0
41
1
10
159.865292470153
20
5.34413369453247
30
0
41
1
10
159.865621715436
20
5.35396071483831
30
0
41
1
10
159.866039638629
20
5.36624449891903
30
0
41
1
10
159.866551243234
20
5.38098505227362
30
0
41
1
10
159.868289948593
20
5.43012026678227
30
0
41
1
10
159.871498637158
20
5.5136503746734
30
0
41
1
10
159.878251132565
20
5.6708873178512
30
0
41
1
10
159.891587747237
20
5.94606977612324
30
0
41
1
10
159.908699387128
20
6.26064053722163
30
0
41
1
10
159.924583199206
20
6.56541964442792
30
0
41
1
10
159.932641330251
20
6.72289267249974
30
0
41
1
10
159.937563470876
20
6.82090350104966
30
0
41
1
10
159.940001321322
20
6.86981960087553
30
0
41
1
10
159.944343940956
20
6.94726109370413
30
0
41
1
10
159.954940650126
20
7.08199312345016
30
0
41
1
10
159.977580208693
20
7.27445089631362
30
0
41
1
10
160.01697935097
20
7.50404733915289
30
0
41
1
10
160.068447896957
20
7.73172680034921
30
0
41
1
10
160.121260964797
20
7.91939211910531
30
0
41
1
10
160.163392569388
20
8.04937362832405
30
0
41
1
10
160.188883499527
20
8.12322938737421
30
0
41
1
10
160.256022548229
20
8.30858554963029
30
0
41
1
10
160.372397119695
20
8.62933306260265
30
0
41
1
10
160.509185741591
20
9.00675584303681
30
0
41
1
10
160.592808385128
20
9.23714729517727
30
0
41
1
10
160.626212246388
20
9.32941884538363
30
0
41
1
10
160.632242161572
20
9.34593430483312
30
0
41
1
10
160.638137739392
20
9.36100600615947
30
0
41
1
10
160.646377909214
20
9.37931093711006
30
0
41
1
10
160.668758187214
20
9.422187456872
30
0
41
1
10
160.711893759415
20
9.481508731806
30
0
41
1
10
160.780227776949
20
9.53999535842854
30
0
41
1
10
160.837284735427
20
9.57140964314473
30
0
41
1
10
160.882269253436
20
9.58970268184871
30
0
41
1
10
160.920925753642
20
9.60155013778896
30
0
41
1
10
160.956851917704
20
9.60802207676329
30
0
41
1
10
160.980273578969
20
9.61050643496074
30
0
41
1
10
160.992257557193
20
9.61140085612587
30
0
41
1
10
161.005776713834
20
9.61200266667967
30
0
41
1
10
161.025351948022
20
9.61273229286519
30
0
41
1
10
161.050320919963
20
9.61375819698884
30
0
41
1
10
161.229339747322
20
9.6209378524027
30
0
41
1
10
162.034924728944
20
9.65211469132532
30
0
41
1
10
163.467054566503
20
9.69804071395558
30
0
41
1
10
165.37628604102
20
9.73874712223088
30
0
41
1
10
166.966891004044
20
9.75534366485192
30
0
41
1
10
168.079991577497
20
9.75773789856459
30
0
41
1
10
168.636440113111
20
9.75663311568692
30
0
41
1
10
168.944455297822
20
9.75535306827757
30
0
41
1
10
169.103413460477
20
9.75449359055486
30
0
41
1
10
169.182885250544
20
9.75401476268203
30
0
41
1
10
169.191953552289
20
9.75395938242127
30
0
0
LINE
5
7A
100
AcDbEntity
8
80
62
256
6
ByLayer
370
18
48
1
60
0
100
AcDbLine
10
0
20
0
30
0
11
-5
21
0
31
0
39
0
210
0
220
0
230
1
0
LINE
5
7B
100
AcDbEntity
8
4
62
256
6
ByLayer
370
18
48
0.05
60
0
100
AcDbLine
10
51
20
0
30
0
11
175
21
0
31
0
39
0
210
0
220
0
230
1
0
LINE
5
7D
100
AcDbEntity
8
SK4
62
256
6
ByLayer
370
18
48
0.05
60
0
100
AcDbLine
10
-5
20
0
30
0
11
175
21
0
31
0
39
0
210
0
220
0
230
1
0
LINE
5
7F
100
AcDbEntity
8
81
62
256
6
ByLayer
370
18
48
1
60
0
100
AcDbLine
10
170
20
10
30
0
11
175
21
10
31
0
39
0
210
0
220
0
230
1
0
LINE
5
80
100
AcDbEntity
8
1
62
256
6
ByLayer
370
18
48
1
60
0
100
AcDbLine
10
51
20
-9.99675
30
0
11
51
21
9.99675
31
0
39
0
210
0
220
0
230
1
0
LINE
5
81
100
AcDbEntity
8
1
62
256
6
ByLayer
370
13
48
1
60
0
100
AcDbLine
10
167.867593
20
-4.661404
30
0
11
167.867593
21
-5.301255
31
0
39
0
210
0
220
0
230
1
0
LINE
5
82
100
AcDbEntity
8
1
62
256
6
ByLayer
370
13
48
1
60
0
100
AcDbLine
10
159.862631
20
-8.858952
30
0
11
159.862631
21
5.049249
31
0
39
0
210
0
220
0
230
1
0
LINE
5
83
100
AcDbEntity
8
1
62
256
6
ByLayer
370
13
48
1
60
0
100
AcDbLine
10
167.867593
20
-4.661404
30
0
11
167.97875
21
-4.519421
31
0
39
0
210
0
220
0
230
1
0
LINE
5
84
100
AcDbEntity
8
1
62
256
6
ByLayer
370
13
48
1
60
0
100
AcDbLine
10
160.136079
20
5.046151
30
0
11
160.136079
21
-8.853439
31
0
39
0
210
0
220
0
230
1
0
LINE
5
85
100
AcDbEntity
8
1
62
256
6
ByLayer
370
13
48
1
60
0
100
AcDbLine
10
162.877251
20
-8.096286
30
0
11
162.877251
21
5.125071
31
0
39
0
210
0
220
0
230
1
0
LINE
5
86
100
AcDbEntity
8
1
62
256
6
ByLayer
370
13
48
1
60
0
100
AcDbLine
10
166.332753
20
-6.778031
30
0
11
166.332753
21
-8.588815
31
0
39
0
210
0
220
0
230
1
0
LINE
5
87
100
AcDbEntity
8
1
62
256
6
ByLayer
370
13
48
1
60
0
100
AcDbLine
10
168.757276
20
-8.684786
30
0
11
168.757276
21
5.021862
31
0
39
0
210
0
220
0
230
1
0
LINE
5
88
100
AcDbEntity
8
1
62
256
6
ByLayer
370
13
48
1
60
0
100
AcDbLine
10
163.149171
20
5.127455
30
0
11
163.149171
21
-8.232697
31
0
39
0
210
0
220
0
230
1
0
LINE
5
89
100
AcDbEntity
8
1
62
256
6
ByLayer
370
13
48
1
60
0
100
AcDbLine
10
166.29058
20
-8.586455
30
0
11
166.29058
21
-6.782393
31
0
39
0
210
0
220
0
230
1
0
LINE
5
8A
100
AcDbEntity
8
1
62
256
6
ByLayer
370
13
48
1
60
0
100
AcDbLine
10
166.29058
20
-2.527342
30
0
11
166.29058
21
5.086694
31
0
39
0
210
0
220
0
230
1
0
LINE
5
8B
100
AcDbEntity
8
1
62
256
6
ByLayer
370
13
48
1
60
0
100
AcDbLine
10
166.332753
20
5.085864
30
0
11
166.332753
21
-2.524513
31
0
39
0
210
0
220
0
230
1
0
LINE
5
8C
100
AcDbEntity
8
1
62
256
6
ByLayer
370
13
48
1
60
0
100
AcDbLine
10
129.553686
20
-9.165
30
0
11
129.553686
21
9.165
31
0
39
0
210
0
220
0
230
1
0
LINE
5
8D
100
AcDbEntity
8
1
62
256
6
ByLayer
370
18
48
1
60
0
100
AcDbLine
10
128.8
20
9.69675
30
0
11
128.8
21
-9.69675
31
0
39
0
210
0
220
0
230
1
0
LINE
5
8E
100
AcDbEntity
8
1
62
256
6
ByLayer
370
18
48
1
60
0
100
AcDbLine
10
128.5
20
9.99675
30
0
11
128.5
21
-9.99675
31
0
39
0
210
0
220
0
230
1
0
LINE
5
8F
100
AcDbEntity
8
1
62
256
6
ByLayer
370
18
48
1
60
0
100
AcDbLine
10
164.348722
20
7.00371
30
0
11
164.331506
21
7.012497
31
0
39
0
210
0
220
0
230
1
0
LINE
5
90
100
AcDbEntity
8
1
62
256
6
ByLayer
370
18
48
1
60
0
100
AcDbLine
10
164.844205
20
7.325709
30
0
11
164.843888
21
7.30621
31
0
39
0
210
0
220
0
230
1
0
LINE
5
91
100
AcDbEntity
8
1
62
256
6
ByLayer
370
13
48
1
60
0
100
AcDbLine
10
164.112067
20
7.305994
30
0
11
164.348722
21
7.00371
31
0
39
0
210
0
220
0
230
1
0
LINE
5
92
100
AcDbEntity
8
1
62
256
6
ByLayer
370
13
48
1
60
0
100
AcDbLine
10
164.607233
20
7.608494
30
0
11
164.843888
21
7.30621
31
0
39
0
210
0
220
0
230
1
0
LINE
5
93
100
AcDbEntity
8
1
62
256
6
ByLayer
370
18
48
1
60
0
100
AcDbLine
10
164.092924
20
7.317244
30
0
11
164.331506
21
7.012497
31
0
39
0
210
0
220
0
230
1
0
LINE
5
94
100
AcDbEntity
8
1
62
256
6
ByLayer
370
18
48
1
60
0
100
AcDbLine
10
164.605623
20
7.630455
30
0
11
164.844205
21
7.325709
31
0
39
0
210
0
220
0
230
1
0
LINE
5
95
100
AcDbEntity
8
1
62
256
6
ByLayer
370
18
48
1
60
0
100
AcDbLine
10
164.054444
20
5.922083
30
0
11
164.037546
21
5.911397
31
0
39
0
210
0
220
0
230
1
0
LINE
5
96
100
AcDbEntity
8
1
62
256
6
ByLayer
370
13
48
1
60
0
100
AcDbLine
10
163.81779
20
6.224368
30
0
11
164.054444
21
5.922083
31
0
39
0
210
0
220
0
230
1
0
LINE
5
97
100
AcDbEntity
8
1
62
256
6
ByLayer
370
13
48
1
60
0
100
AcDbLine
10
165.690954
20
7.368697
30
0
11
165.927609
21
7.066413
31
0
39
0
210
0
220
0
230
1
0
LINE
5
98
100
AcDbEntity
8
1
62
256
6
ByLayer
370
18
48
1
60
0
100
AcDbLine
10
165.944825
20
7.076568
30
0
11
165.927609
21
7.066413
31
0
39
0
210
0
220
0
230
1
0
LINE
5
99
100
AcDbEntity
8
1
62
256
6
ByLayer
370
18
48
1
60
0
100
AcDbLine
10
163.798963
20
6.216144
30
0
11
164.037546
21
5.911397
31
0
39
0
210
0
220
0
230
1
0
LINE
5
9A
100
AcDbEntity
8
1
62
256
6
ByLayer
370
18
48
1
60
0
100
AcDbLine
10
165.706242
20
7.381314
30
0
11
165.944825
21
7.076568
31
0
39
0
210
0
220
0
230
1
0
LINE
5
9B
100
AcDbEntity
8
1
62
256
6
ByLayer
370
13
48
1
60
0
100
AcDbLine
10
164.607233
20
5.468615
30
0
11
164.713849
21
5.332431
31
0
39
0
210
0
220
0
230
1
0
LINE
5
9C
100
AcDbEntity
8
1
62
256
6
ByLayer
370
13
48
1
60
0
100
AcDbLine
10
165.985232
20
6.310444
30
0
11
166.056103
21
6.21992
31
0
39
0
210
0
220
0
230
1
0
LINE
5
9D
100
AcDbEntity
8
1
62
256
6
ByLayer
370
18
48
1
60
0
100
AcDbLine
10
164.605623
20
5.451603
30
0
11
164.694316
21
5.338314
31
0
39
0
210
0
220
0
230
1
0
LINE
5
9E
100
AcDbEntity
8
1
62
256
6
ByLayer
370
18
48
1
60
0
100
AcDbLine
10
166.000203
20
6.303563
30
0
11
166.056311
21
6.231895
31
0
39
0
210
0
220
0
230
1
0
LINE
5
9F
100
AcDbEntity
8
1
62
256
6
ByLayer
370
18
48
1
60
0
100
AcDbLine
10
163.253773
20
-8.405446
30
0
11
166.101012
21
-8.666146
31
0
39
0
210
0
220
0
230
1
0
LINE
5
A0
100
AcDbEntity
8
SK1
62
256
6
ByLayer
370
18
48
1
60
0
100
AcDbLine
10
51
20
-9.99675
30
0
11
51
21
9.99675
31
0
39
0
210
0
220
0
230
1
0
LINE
5
A2
100
AcDbEntity
8
SK1
62
256
6
ByLayer
370
18
48
1
60
0
100
AcDbLine
10
1
20
9.99675
30
0
11
1
21
-9.99675
31
0
39
0
210
0
220
0
230
1
0
LINE
5
A3
100
AcDbEntity
8
SK1
62
256
6
ByLayer
370
18
48
1
60
0
100
AcDbLine
10
0
20
8.99675
30
0
11
0
21
-8.99675
31
0
39
0
210
0
220
0
230
1
0
LINE
5
A4
100
AcDbEntity
8
1
62
256
6
ByLayer
370
18
48
1
60
0
100
AcDbLine
10
51
20
-9.99675
30
0
11
128.5
21
-9.99675
31
0
39
0
210
0
220
0
230
1
0
LINE
5
A5
100
AcDbEntity
8
1
62
256
6
ByLayer
370
18
48
1
60
0
100
AcDbLine
10
128.5
20
9.99675
30
0
11
51
21
9.99675
31
0
39
0
210
0
220
0
230
1
0
LINE
5
A6
100
AcDbEntity
8
1
62
256
6
ByLayer
370
18
48
1
60
0
100
AcDbLine
10
129.553686
20
-9.165
30
0
11
147.227043
21
-9.165
31
0
39
0
210
0
220
0
230
1
0
LINE
5
A7
100
AcDbEntity
8
1
62
256
6
ByLayer
370
18
48
1
60
0
100
AcDbLine
10
147.227043
20
9.165
30
0
11
129.553686
21
9.165
31
0
39
0
210
0
220
0
230
1
0
LINE
5
A8
100
AcDbEntity
8
1
62
256
6
ByLayer
370
18
48
1
60
0
100
AcDbLine
10
169.284501
20
-8.207463
30
0
11
169.284501
21
4.840634
31
0
39
0
210
0
220
0
230
1
0
LINE
5
A9
100
AcDbEntity
8
1
62
256
6
ByLayer
370
18
48
1
60
0
100
AcDbLine
10
128.8
20
9.69675
30
0
11
128.5
21
9.99675
31
0
39
0
210
0
220
0
230
1
0
LINE
5
AA
100
AcDbEntity
8
1
62
256
6
ByLayer
370
18
48
1
60
0
100
AcDbLine
10
128.5
20
-9.99675
30
0
11
128.8
21
-9.69675
31
0
39
0
210
0
220
0
230
1
0
LINE
5
AB
100
AcDbEntity
8
1
62
256
6
ByLayer
370
18
48
1
60
0
100
AcDbLine
10
164.092735
20
6.453645
30
0
11
163.860712
21
6.750013
31
0
39
0
210
0
220
0
230
1
0
LINE
5
AC
100
AcDbEntity
8
1
62
256
6
ByLayer
370
18
48
1
60
0
100
AcDbLine
10
165.24807
20
7.519223
30
0
11
165.475917
21
7.228189
31
0
39
0
210
0
220
0
230
1
0
LINE
5
AD
100
AcDbEntity
8
1
62
256
6
ByLayer
370
18
48
1
60
0
100
AcDbLine
10
164.757505
20
5.322534
30
0
11
164.572569
21
5.558757
31
0
39
0
210
0
220
0
230
1
0
LINE
5
AE
100
AcDbEntity
8
1
62
256
6
ByLayer
370
18
48
1
60
0
100
AcDbLine
10
165.951573
20
6.338636
30
0
11
166.055849
21
6.205442
31
0
39
0
210
0
220
0
230
1
0
LINE
5
AF
100
AcDbEntity
8
1
62
256
6
ByLayer
370
18
48
1
60
0
100
AcDbLine
10
166.856085
20
7.057415
30
0
11
166.708642
21
7.39299
31
0
39
0
210
0
220
0
230
1
0
LINE
5
B0
100
AcDbEntity
8
SK1
62
256
6
ByLayer
370
18
48
1
60
0
100
AcDbLine
10
1
20
-9.99675
30
0
11
51
21
-9.99675
31
0
39
0
210
0
220
0
230
1
0
LINE
5
B1
100
AcDbEntity
8
SK1
62
256
6
ByLayer
370
18
48
1
60
0
100
AcDbLine
10
51
20
9.99675
30
0
11
1
21
9.99675
31
0
39
0
210
0
220
0
230
1
0
LINE
5
B2
100
AcDbEntity
8
SK1
62
256
6
ByLayer
370
18
48
1
60
0
100
AcDbLine
10
0
20
-8.99675
30
0
11
1
21
-9.99675
31
0
39
0
210
0
220
0
230
1
0
LINE
5
B3
100
AcDbEntity
8
SK1
62
256
6
ByLayer
370
18
48
1
60
0
100
AcDbLine
10
1
20
9.99675
30
0
11
0
21
8.99675
31
0
39
0
210
0
220
0
230
1
0
LINE
5
B4
100
AcDbEntity
8
SK2
62
256
6
ByLayer
370
18
48
1
60
0
100
AcDbLine
10
170
20
42.25
30
0
11
0
21
42.25
31
0
39
0
210
0
220
0
230
1
0
LINE
5
B6
100
AcDbEntity
8
SK2
62
256
6
ByLayer
370
18
48
1
60
0
100
AcDbLine
10
0
20
10.58425
30
0
11
0
21
44.25
31
0
39
0
210
0
220
0
230
1
0
LINE
5
B7
100
AcDbEntity
8
SK2
62
256
6
ByLayer
370
18
48
1
60
0
100
AcDbLine
10
170
20
11.5875
30
0
11
170
21
44.25
31
0
39
0
210
0
220
0
230
1
0
LINE
5
B8
100
AcDbEntity
8
1
62
256
6
ByLayer
370
18
48
1
60
1
100
AcDbLine
10
0
20
42.25
30
0
11
3.499998
21
42.710784
31
0
39
0
210
0
220
0
230
1
0
LINE
5
B9
100
AcDbEntity
8
1
62
256
6
ByLayer
370
18
48
1
60
1
100
AcDbLine
10
3.499998
20
42.710784
30
0
11
3.500002
21
41.789216
31
0
39
0
210
0
220
0
230
1
0
LINE
5
BA
100
AcDbEntity
8
1
62
256
6
ByLayer
370
18
48
1
60
1
100
AcDbLine
10
3.500002
20
41.789216
30
0
11
0
21
42.25
31
0
39
0
210
0
220
0
230
1
0
LINE
5
BB
100
AcDbEntity
8
1
62
256
6
ByLayer
370
18
48
1
60
1
100
AcDbLine
10
170
20
42.25
30
0
11
166.500002
21
41.789216
31
0
39
0
210
0
220
0
230
1
0
LINE
5
BC
100
AcDbEntity
8
1
62
256
6
ByLayer
370
18
48
1
60
1
100
AcDbLine
10
166.500002
20
41.789216
30
0
11
166.499998
21
42.710784
31
0
39
0
210
0
220
0
230
1
0
LINE
5
BD
100
AcDbEntity
8
1
62
256
6
ByLayer
370
18
48
1
60
1
100
AcDbLine
10
166.499998
20
42.710784
30
0
11
170
21
42.25
31
0
39
0
210
0
220
0
230
1
0
LINE
5
BE
100
AcDbEntity
8
2
62
256
6
ByLayer
370
13
48
1
60
0
100
AcDbLine
10
179.709171
20
10
30
0
11
179.709171
21
-10
31
0
39
0
210
0
220
0
230
1
0
LINE
5
C0
100
AcDbEntity
8
2
62
256
6
ByLayer
370
13
48
1
60
0
100
AcDbLine
10
171.5875
20
-10
30
0
11
181.709171
21
-10
31
0
39
0
210
0
220
0
230
1
0
LINE
5
C1
100
AcDbEntity
8
2
62
256
6
ByLayer
370
13
48
1
60
0
100
AcDbLine
10
171.5875
20
10
30
0
11
181.709171
21
10
31
0
39
0
210
0
220
0
230
1
0
LINE
5
C2
100
AcDbEntity
8
1
62
256
6
ByLayer
370
18
48
1
60
1
100
AcDbLine
10
179.709171
20
-10
30
0
11
179.248388
21
-6.500002
31
0
39
0
210
0
220
0
230
1
0
LINE
5
C3
100
AcDbEntity
8
1
62
256
6
ByLayer
370
18
48
1
60
1
100
AcDbLine
10
179.248388
20
-6.500002
30
0
11
180.169955
21
-6.499998
31
0
39
0
210
0
220
0
230
1
0
LINE
5
C4
100
AcDbEntity
8
1
62
256
6
ByLayer
370
18
48
1
60
1
100
AcDbLine
10
180.169955
20
-6.499998
30
0
11
179.709171
21
-10
31
0
39
0
210
0
220
0
230
1
0
LINE
5
C5
100
AcDbEntity
8
1
62
256
6
ByLayer
370
18
48
1
60
1
100
AcDbLine
10
179.709171
20
10
30
0
11
180.169955
21
6.500002
31
0
39
0
210
0
220
0
230
1
0
LINE
5
C6
100
AcDbEntity
8
1
62
256
6
ByLayer
370
18
48
1
60
1
100
AcDbLine
10
180.169955
20
6.500002
30
0
11
179.248388
21
6.499998
31
0
39
0
210
0
220
0
230
1
0
LINE
5
C7
100
AcDbEntity
8
1
62
256
6
ByLayer
370
18
48
1
60
1
100
AcDbLine
10
179.248388
20
6.499998
30
0
11
179.709171
21
10
31
0
39
0
210
0
220
0
230
1
0
LINE
5
C8
100
AcDbEntity
8
SK2
62
256
6
ByLayer
370
18
48
1
60
0
100
AcDbLine
10
-16.6
20
9.99675
30
0
11
-16.6
21
-9.99675
31
0
39
0
210
0
220
0
230
1
0
LINE
5
C9
100
AcDbEntity
8
SK2
62
256
6
ByLayer
370
18
48
1
60
0
100
AcDbLine
10
-0.5875
20
-9.99675
30
0
11
-18.6
21
-9.99675
31
0
39
0
210
0
220
0
230
1
0
LINE
5
CA
100
AcDbEntity
8
SK2
62
256
6
ByLayer
370
18
48
1
60
0
100
AcDbLine
10
-0.5875
20
9.99675
30
0
11
-18.6
21
9.99675
31
0
39
0
210
0
220
0
230
1
0
LINE
5
CB
100
AcDbEntity
8
1
62
256
6
ByLayer
370
18
48
1
60
1
100
AcDbLine
10
-16.6
20
-9.99675
30
0
11
-17.060784
21
-6.496752
31
0
39
0
210
0
220
0
230
1
0
LINE
5
CC
100
AcDbEntity
8
1
62
256
6
ByLayer
370
18
48
1
60
1
100
AcDbLine
10
-17.060784
20
-6.496752
30
0
11
-16.139216
21
-6.496748
31
0
39
0
210
0
220
0
230
1
0
LINE
5
CD
100
AcDbEntity
8
1
62
256
6
ByLayer
370
18
48
1
60
1
100
AcDbLine
10
-16.139216
20
-6.496748
30
0
11
-16.6
21
-9.99675
31
0
39
0
210
0
220
0
230
1
0
LINE
5
CE
100
AcDbEntity
8
1
62
256
6
ByLayer
370
18
48
1
60
1
100
AcDbLine
10
-16.6
20
9.99675
30
0
11
-16.139216
21
6.496752
31
0
39
0
210
0
220
0
230
1
0
LINE
5
CF
100
AcDbEntity
8
1
62
256
6
ByLayer
370
18
48
1
60
1
100
AcDbLine
10
-16.139216
20
6.496752
30
0
11
-17.060784
21
6.496748
31
0
39
0
210
0
220
0
230
1
0
LINE
5
D0
100
AcDbEntity
8
1
62
256
6
ByLayer
370
18
48
1
60
1
100
AcDbLine
10
-17.060784
20
6.496748
30
0
11
-16.6
21
9.99675
31
0
39
0
210
0
220
0
230
1
0
LINE
5
195
100
AcDbEntity
8
1
62
256
6
ByLayer
370
18
48
1
60
1
100
AcDbLine
10
0
20
42.25
30
0
11
3.499998
21
42.710784
31
0
39
0
210
0
220
0
230
1
0
LINE
5
196
100
AcDbEntity
8
1
62
256
6
ByLayer
370
18
48
1
60
1
100
AcDbLine
10
3.499998
20
42.710784
30
0
11
3.500002
21
41.789216
31
0
39
0
210
0
220
0
230
1
0
LINE
5
197
100
AcDbEntity
8
1
62
256
6
ByLayer
370
18
48
1
60
1
100
AcDbLine
10
3.500002
20
41.789216
30
0
11
0
21
42.25
31
0
39
0
210
0
220
0
230
1
0
LINE
5
199
100
AcDbEntity
8
1
62
256
6
ByLayer
370
18
48
1
60
1
100
AcDbLine
10
170
20
42.25
30
0
11
166.500002
21
41.789216
31
0
39
0
210
0
220
0
230
1
0
LINE
5
19A
100
AcDbEntity
8
1
62
256
6
ByLayer
370
18
48
1
60
1
100
AcDbLine
10
166.500002
20
41.789216
30
0
11
166.499998
21
42.710784
31
0
39
0
210
0
220
0
230
1
0
LINE
5
19B
100
AcDbEntity
8
1
62
256
6
ByLayer
370
18
48
1
60
1
100
AcDbLine
10
166.499998
20
42.710784
30
0
11
170
21
42.25
31
0
39
0
210
0
220
0
230
1
0
LINE
5
19F
100
AcDbEntity
8
1
62
256
6
ByLayer
370
18
48
1
60
1
100
AcDbLine
10
179.709171
20
-10
30
0
11
179.248388
21
-6.500002
31
0
39
0
210
0
220
0
230
1
0
LINE
5
1A0
100
AcDbEntity
8
1
62
256
6
ByLayer
370
18
48
1
60
1
100
AcDbLine
10
179.248388
20
-6.500002
30
0
11
180.169955
21
-6.499998
31
0
39
0
210
0
220
0
230
1
0
LINE
5
1A1
100
AcDbEntity
8
1
62
256
6
ByLayer
370
18
48
1
60
1
100
AcDbLine
10
180.169955
20
-6.499998
30
0
11
179.709171
21
-10
31
0
39
0
210
0
220
0
230
1
0
LINE
5
1A3
100
AcDbEntity
8
1
62
256
6
ByLayer
370
18
48
1
60
1
100
AcDbLine
10
179.709171
20
10
30
0
11
180.169955
21
6.500002
31
0
39
0
210
0
220
0
230
1
0
LINE
5
1A4
100
AcDbEntity
8
1
62
256
6
ByLayer
370
18
48
1
60
1
100
AcDbLine
10
180.169955
20
6.500002
30
0
11
179.248388
21
6.499998
31
0
39
0
210
0
220
0
230
1
0
LINE
5
1A5
100
AcDbEntity
8
1
62
256
6
ByLayer
370
18
48
1
60
1
100
AcDbLine
10
179.248388
20
6.499998
30
0
11
179.709171
21
10
31
0
39
0
210
0
220
0
230
1
0
LINE
5
1A9
100
AcDbEntity
8
1
62
256
6
ByLayer
370
18
48
1
60
1
100
AcDbLine
10
-16.6
20
-9.99675
30
0
11
-17.060784
21
-6.496752
31
0
39
0
210
0
220
0
230
1
0
LINE
5
1AA
100
AcDbEntity
8
1
62
256
6
ByLayer
370
18
48
1
60
1
100
AcDbLine
10
-17.060784
20
-6.496752
30
0
11
-16.139216
21
-6.496748
31
0
39
0
210
0
220
0
230
1
0
LINE
5
1AB
100
AcDbEntity
8
1
62
256
6
ByLayer
370
18
48
1
60
1
100
AcDbLine
10
-16.139216
20
-6.496748
30
0
11
-16.6
21
-9.99675
31
0
39
0
210
0
220
0
230
1
0
LINE
5
1AD
100
AcDbEntity
8
1
62
256
6
ByLayer
370
18
48
1
60
1
100
AcDbLine
10
-16.6
20
9.99675
30
0
11
-16.139216
21
6.496752
31
0
39
0
210
0
220
0
230
1
0
LINE
5
1AE
100
AcDbEntity
8
1
62
256
6
ByLayer
370
18
48
1
60
1
100
AcDbLine
10
-16.139216
20
6.496752
30
0
11
-17.060784
21
6.496748
31
0
39
0
210
0
220
0
230
1
0
LINE
5
1AF
100
AcDbEntity
8
1
62
256
6
ByLayer
370
18
48
1
60
1
100
AcDbLine
10
-17.060784
20
6.496748
30
0
11
-16.6
21
9.99675
31
0
39
0
210
0
220
0
230
1
0
MTEXT
5
192
100
AcDbEntity
8
SK2
62
256
6
ByLayer
370
18
48
1
60
0
100
AcDbMText
10
82.224734
20
43.282634
30
0
210
0
220
0
230
1
1
\W0.6217;170
40
3.5
41
0
44
1.084337
50
0
71
7
72
5
7
iso_b_vert
0
MTEXT
5
19D
100
AcDbEntity
8
2
62
256
6
ByLayer
370
18
48
1
60
0
100
AcDbMText
10
178.144538
20
-4.530622
30
0
210
0
220
0
230
1
1
%%c
40
3.5
41
0
44
1.084337
50
90
71
7
72
5
7
iso_b_vert
0
MTEXT
5
19E
100
AcDbEntity
8
2
62
256
6
ByLayer
370
18
48
1
60
0
100
AcDbMText
10
178.144538
20
2.442034
30
0
210
0
220
0
230
1
1
\W0.6740;20
40
3.5
41
0
44
1.084337
50
90
71
7
72
5
7
iso_b_vert
0
MTEXT
5
1A7
100
AcDbEntity
8
SK2
62
256
6
ByLayer
370
18
48
1
60
0
100
AcDbMText
10
-18.164634
20
-4.530622
30
0
210
0
220
0
230
1
1
%%c
40
3.5
41
0
44
1.084337
50
90
71
7
72
5
7
iso_b_vert
0
MTEXT
5
1A8
100
AcDbEntity
8
SK2
62
256
6
ByLayer
370
18
48
1
60
0
100
AcDbMText
10
-18.164634
20
2.442034
30
0
210
0
220
0
230
1
1
\W0.6740;20
40
3.5
41
0
44
1.084337
50
90
71
7
72
5
7
iso_b_vert
0
MTEXT
5
1B1
100
AcDbEntity
8
SK6
62
256
6
ByLayer
370
18
48
1
60
0
100
AcDbMText
10
63.069523
20
-36.217366
30
0
210
0
220
0
230
1
1
\W0.7722;MS20-R020A20L-10L
40
3.5
41
0
44
1.084337
50
0
71
7
72
5
7
iso_b_vert
0
HATCH
5
198
100
AcDbEntity
8
SK2
62
256
6
ByLayer
370
13
48
1
60
0
100
AcDbHatch
10
0
20
0
30
0
210
0
220
0
230
1
2
ANSI31
70
0
71
0
91
1
92
5
93
3
72
1
10
-2.84E-14
20
42.2499999999994
11
3.49999830744679
21
42.7107837415521
72
1
10
3.49999830744679
20
42.7107837415521
11
3.50000169255316
21
41.7892162584466
72
1
10
3.50000169255316
20
41.7892162584466
11
-2.84E-14
21
42.2499999999994
97
0
75
0
76
1
52
0
41
0.0062
77
0
78
1
53
45
43
0
44
0
45
-0.0139193969876572
46
0.0139193969876572
79
0
47
0
98
1
10
0
20
0
0
HATCH
5
19C
100
AcDbEntity
8
SK2
62
256
6
ByLayer
370
13
48
1
60
0
100
AcDbHatch
10
0
20
0
30
0
210
0
220
0
230
1
2
ANSI31
70
0
71
0
91
1
92
5
93
3
72
1
10
170
20
42.2499999999994
11
166.500001692553
21
41.7892162584466
72
1
10
166.500001692553
20
41.7892162584466
11
166.499998307447
21
42.7107837415521
72
1
10
166.499998307447
20
42.7107837415521
11
170
21
42.2499999999994
97
0
75
0
76
1
52
0
41
0.0062
77
0
78
1
53
45
43
0
44
0
45
-0.0139193969876572
46
0.0139193969876572
79
0
47
0
98
1
10
0
20
0
0
HATCH
5
1A2
100
AcDbEntity
8
2
62
256
6
ByLayer
370
13
48
1
60
0
100
AcDbHatch
10
0
20
0
30
0
210
0
220
0
230
1
2
ANSI31
70
0
71
0
91
1
92
5
93
3
72
1
10
179.709171468331
20
-10.0000000000007
11
179.248387726778
21
-6.50000169255384
72
1
10
179.248387726778
20
-6.50000169255384
11
180.169955209884
21
-6.49999830744747
72
1
10
180.169955209884
20
-6.49999830744747
11
179.709171468331
21
-10.0000000000007
97
0
75
0
76
1
52
0
41
0.0062
77
0
78
1
53
45
43
0
44
0
45
-0.0139193969876572
46
0.0139193969876572
79
0
47
0
98
1
10
0
20
0
0
HATCH
5
1A6
100
AcDbEntity
8
2
62
256
6
ByLayer
370
13
48
1
60
0
100
AcDbHatch
10
0
20
0
30
0
210
0
220
0
230
1
2
ANSI31
70
0
71
0
91
1
92
5
93
3
72
1
10
179.709171468331
20
9.99999999999935
11
180.169955209884
21
6.50000169255253
72
1
10
180.169955209884
20
6.50000169255253
11
179.248387726778
21
6.49999830744616
72
1
10
179.248387726778
20
6.49999830744616
11
179.709171468331
21
9.99999999999935
97
0
75
0
76
1
52
0
41
0.0062
77
0
78
1
53
45
43
0
44
0
45
-0.0139193969876572
46
0.0139193969876572
79
0
47
0
98
1
10
0
20
0
0
HATCH
5
1AC
100
AcDbEntity
8
SK2
62
256
6
ByLayer
370
13
48
1
60
0
100
AcDbHatch
10
0
20
0
30
0
210
0
220
0
230
1
2
ANSI31
70
0
71
0
91
1
92
5
93
3
72
1
10
-16.6000000000001
20
-9.99675000000047
11
-17.0607837415528
21
-6.49675169255366
72
1
10
-17.0607837415528
20
-6.49675169255366
11
-16.1392162584473
21
-6.49674830744729
72
1
10
-16.1392162584473
20
-6.49674830744729
11
-16.6000000000001
21
-9.99675000000047
97
0
75
0
76
1
52
0
41
0.0062
77
0
78
1
53
45
43
0
44
0
45
-0.0139193969876572
46
0.0139193969876572
79
0
47
0
98
1
10
0
20
0
0
HATCH
5
1B0
100
AcDbEntity
8
SK2
62
256
6
ByLayer
370
13
48
1
60
0
100
AcDbHatch
10
0
20
0
30
0
210
0
220
0
230
1
2
ANSI31
70
0
71
0
91
1
92
5
93
3
72
1
10
-16.6000000000001
20
9.99674999999951
11
-16.1392162584473
21
6.49675169255269
72
1
10
-16.1392162584473
20
6.49675169255269
11
-17.0607837415528
21
6.49674830744632
72
1
10
-17.0607837415528
20
6.49674830744632
11
-16.6000000000001
21
9.99674999999951
97
0
75
0
76
1
52
0
41
0.0062
77
0
78
1
53
45
43
0
44
0
45
-0.0139193969876572
46
0.0139193969876572
79
0
47
0
98
1
10
0
20
0
0
DIMENSION
5
1B4
100
AcDbEntity
8
2
62
256
6
ByLayer
370
18
48
1
60
0
100
AcDbDimension
2
_U0
10
161
20
22.25
30
0
11
165.5
21
22.25
31
0
70
32
71
1
72
1
41
1
210
0
220
0
230
1
3
Standard
100
AcDbAlignedDimension
13
170
23
10
33
0
14
161
24
10
34
0
50
0
100
AcDbRotatedDimension
1001
ACAD
1000
DSTYLE
1002
{
1070
   371
1070
    13
1070
   372
1070
    13
1070
   170
1070
     0
1070
   144
1040
1.0
1070
   277
1070
     2
1070
   284
1070
     8
1070
   278
1070
    46
1070
   146
1040
1.0
1070
   345
1005
16
1070
   347
1005
16
1070
   346
1005
16
1070
   344
1005
0
1070
   343
1005
0
1070
   172
1070
     1
1070
    76
1070
     0
1070
    75
1070
     0
1070
   282
1070
     0
1070
   281
1070
     0
1070
    71
1070
     0
1070
    74
1070
     0
1070
   279
1070
     0
1070
   173
1070
     1
1070
   340
1005
193
1070
   271
1070
     2
1070
   272
1070
     2
1070
    77
1070
     1
1070
    73
1070
     1
1070
   171
1070
     3
1070
   274
1070
     4
1070
   177
1070
     2
1070
   176
1070
     2
1070
   178
1070
     2
1070
    78
1070
     8
1070
    48
1040
-0.1
1070
    41
1040
3.5
1070
   147
1040
1.75
1070
    42
1040
1.5875
1070
    44
1040
2.0
1070
   140
1040
3.5
1002
}
1001
ACAD_DSTYLE_DIM_LINETYPE
1070
   380
1005
16
1001
ACAD_DSTYLE_DIM_EXT1_LINETYPE
1070
   381
1005
16
1001
ACAD_DSTYLE_DIM_EXT2_LINETYPE
1070
   382
1005
16
0
DIMENSION
5
1CE
100
AcDbEntity
8
2
62
256
6
ByLayer
370
18
48
1
60
0
100
AcDbDimension
2
_U1
10
130
20
32.25
30
0
11
150
21
32.25
31
0
70
32
71
1
72
1
41
1
210
0
220
0
230
1
3
Standard
100
AcDbAlignedDimension
13
170
23
10
33
0
14
130
24
10
34
0
50
0
100
AcDbRotatedDimension
1001
ACAD
1000
DSTYLE
1002
{
1070
   371
1070
    13
1070
   372
1070
    13
1070
   170
1070
     0
1070
   144
1040
1.0
1070
   277
1070
     2
1070
   284
1070
     8
1070
   278
1070
    46
1070
   146
1040
1.0
1070
   345
1005
16
1070
   347
1005
16
1070
   346
1005
16
1070
   344
1005
0
1070
   343
1005
0
1070
   172
1070
     1
1070
    76
1070
     0
1070
    75
1070
     0
1070
   282
1070
     0
1070
   281
1070
     0
1070
    71
1070
     0
1070
    74
1070
     0
1070
   279
1070
     0
1070
   173
1070
     1
1070
   340
1005
193
1070
   271
1070
     2
1070
   272
1070
     2
1070
    77
1070
     1
1070
    73
1070
     1
1070
   171
1070
     3
1070
   274
1070
     4
1070
   177
1070
     2
1070
   176
1070
     2
1070
   178
1070
     2
1070
    78
1070
     8
1070
    48
1040
-0.1
1070
    41
1040
3.5
1070
   147
1040
1.75
1070
    42
1040
1.5875
1070
    44
1040
2.0
1070
   140
1040
3.5
1002
}
1001
ACAD_DSTYLE_DIM_LINETYPE
1070
   380
1005
16
1001
ACAD_DSTYLE_DIM_EXT1_LINETYPE
1070
   381
1005
16
1001
ACAD_DSTYLE_DIM_EXT2_LINETYPE
1070
   382
1005
16
0
DIMENSION
5
1E6
100
AcDbEntity
8
SK2
62
256
6
ByLayer
370
18
48
1
60
0
100
AcDbDimension
2
_U2
10
51
20
-25.75
30
0
11
110.5
21
-25.75
31
0
70
32
71
1
72
1
41
1
210
0
220
0
230
1
3
Standard
100
AcDbAlignedDimension
13
170
23
-10
33
0
14
51
24
-9.99675
34
0
50
0
100
AcDbRotatedDimension
1001
ACAD
1000
DSTYLE
1002
{
1070
   371
1070
    13
1070
   372
1070
    13
1070
   170
1070
     0
1070
   144
1040
1.0
1070
   277
1070
     2
1070
   284
1070
     8
1070
   278
1070
    46
1070
   146
1040
1.0
1070
   345
1005
16
1070
   347
1005
16
1070
   346
1005
16
1070
   344
1005
0
1070
   343
1005
0
1070
   172
1070
     1
1070
    76
1070
     0
1070
    75
1070
     0
1070
   282
1070
     0
1070
   281
1070
     0
1070
    71
1070
     0
1070
    74
1070
     0
1070
   279
1070
     0
1070
   173
1070
     1
1070
   340
1005
193
1070
   271
1070
     2
1070
   272
1070
     2
1070
    77
1070
     1
1070
    73
1070
     1
1070
   171
1070
     3
1070
   274
1070
     4
1070
   177
1070
     2
1070
   176
1070
     2
1070
   178
1070
     2
1070
    78
1070
     8
1070
    48
1040
-0.1
1070
    41
1040
3.5
1070
   147
1040
1.75
1070
    42
1040
1.5875
1070
    44
1040
2.0
1070
   140
1040
3.5
1002
}
1001
ACAD_DSTYLE_DIM_LINETYPE
1070
   380
1005
16
1001
ACAD_DSTYLE_DIM_EXT1_LINETYPE
1070
   381
1005
16
1001
ACAD_DSTYLE_DIM_EXT2_LINETYPE
1070
   382
1005
16
0
ENDSEC
0
SECTION
2
OBJECTS
0
DICTIONARY
5
26f
330
0
100
AcDbDictionary
280
0
281
1
3
ACAD_GROUP
350
270
3
ACAD_MLINESTYLE
350
271
0
DICTIONARY
5
270
330
0
100
AcDbDictionary
280
0
281
1
0
DICTIONARY
5
271
330
0
100
AcDbDictionary
280
0
281
1
3
Standard
350
18
0
MLINESTYLE
5
18
330
271
100
AcDbMlineStyle
2
Standard
70
0
3

62
256
51
90
52
90
71
2
49
-0.5
62
256
6
ByLayer
49
0.5
62
256
6
ByLayer
0
RASTERVARIABLES
5
25d
330

100
AcDbRasterVariables
90
0
70
1
71
1
72
1
0
ENDSEC
0
EOF
