0
SECTION
2
HEADER
9
$ACADVER
1
AC1015
9
$DWGCODEPAGE
3
ANSI_1252
9
$HANDSEED
5
2f9
9
$ANGBASE
50
0
9
$ANGDIR
70
0
9
$ATTMODE
70
1
9
$AUNITS
70
0
9
$AUPREC
70
0
9
$CECOLOR
62
256
9
$CELTSCALE
40
1
9
$CELTYPE
6
ByLayer
9
$CELWEIGHT
370
18
9
$CLAYER
8
0
9
$CMLJUST
70
0
9
$CMLSCALE
40
1
9
$CMLSTYLE
2
Standard
9
$DIMSTYLE
2
Standard
9
$TEXTSIZE
40
0.2
9
$TEXTSTYLE
7
Standard
9
$LUNITS
70
2
9
$LUPREC
70
4
9
$EXTNAMES
290
1
9
$INSUNITS
70
4
9
$LTSCALE
40
1
9
$LWDISPLAY
290
1
9
$PDMODE
70
0
9
$PDSIZE
40
0
9
$PLINEGEN
70
0
0
ENDSEC
0
SECTION
2
CLASSES
0
CLASS
1
RASTERVARIABLES
2
AcDbRasterVariables
3
ISM
90
0
280
0
281
0
0
ENDSEC
0
SECTION
2
TABLES
0
TABLE
2
VPORT
5
2ef
100
AcDbSymbolTable
0
VPORT
5
1
100
AcDbSymbolTableRecord
100
AcDbViewportTableRecord
2
*Active
70
0
10
0
20
0
11
1
21
1
12
-1
22
1
13
0
23
0
14
0.5
24
0.5
15
10
25
10
16
0
26
0
36
1
17
0
27
0
37
0
0
ENDTAB
0
TABLE
2
LTYPE
5
2f0
100
AcDbSymbolTable
0
LTYPE
5
14
100
AcDbSymbolTableRecord
100
AcDbLinetypeTableRecord
70
0
2
ByBlock
3

72
65
73
0
40
0
0
LTYPE
5
15
100
AcDbSymbolTableRecord
100
AcDbLinetypeTableRecord
70
0
2
ByLayer
3

72
65
73
0
40
0
0
LTYPE
5
16
100
AcDbSymbolTableRecord
100
AcDbLinetypeTableRecord
70
0
2
Continuous
3
Solid line
72
65
73
0
40
0
0
LTYPE
5
6E
100
AcDbSymbolTableRecord
100
AcDbLinetypeTableRecord
70
0
2
CENTER
3
____ _ ____ _ ____ _ ____
72
65
73
4
40
47.5
49
22
74
0
49
-8.5
74
0
49
8.5
74
0
49
-8.5
74
0
0
LTYPE
5
6F
100
AcDbSymbolTableRecord
100
AcDbLinetypeTableRecord
70
0
2
DASHED
3
__ __ __ __ __ __ __ __ __
72
65
73
2
40
25.72
49
12.86
74
0
49
-12.86
74
0
0
ENDTAB
0
TABLE
2
LAYER
5
2f1
100
AcDbSymbolTable
0
LAYER
5
10
100
AcDbSymbolTableRecord
100
AcDbLayerTableRecord
2
0
70
0
62
7
6
Continuous
290
1
370
-3
390
0
0
LAYER
5
71
100
AcDbSymbolTableRecord
100
AcDbLayerTableRecord
2
80
70
0
62
-6
6
Continuous
290
1
370
-3
390
0
0
LAYER
5
73
100
AcDbSymbolTableRecord
100
AcDbLayerTableRecord
2
81
70
0
62
-3
6
Continuous
290
1
370
-3
390
0
0
LAYER
5
75
100
AcDbSymbolTableRecord
100
AcDbLayerTableRecord
2
1
70
0
62
4
6
Continuous
290
1
370
-3
390
0
0
LAYER
5
7D
100
AcDbSymbolTableRecord
100
AcDbLayerTableRecord
2
4
70
0
62
-2
6
CENTER
290
1
370
-3
390
0
0
LAYER
5
CB
100
AcDbSymbolTableRecord
100
AcDbLayerTableRecord
2
2
70
0
62
7
6
Continuous
290
1
370
-3
390
0
0
LAYER
5
235
100
AcDbSymbolTableRecord
100
AcDbLayerTableRecord
2
Defpoints
70
0
62
7
6
Continuous
290
0
370
-3
390
0
0
LAYER
5
2db
100
AcDbSymbolTableRecord
100
AcDbLayerTableRecord
2
SK4
70
0
62
2
6
CENTER
290
1
370
-3
390
0
0
LAYER
5
2dc
100
AcDbSymbolTableRecord
100
AcDbLayerTableRecord
2
SK1
70
0
62
4
6
Continuous
290
1
370
-3
390
0
0
LAYER
5
2dd
100
AcDbSymbolTableRecord
100
AcDbLayerTableRecord
2
SK2
70
0
62
7
6
Continuous
290
1
370
-3
390
0
0
LAYER
5
2de
100
AcDbSymbolTableRecord
100
AcDbLayerTableRecord
2
SK6
70
0
62
5
6
Continuous
290
1
370
-3
390
0
0
ENDTAB
0
TABLE
2
STYLE
5
2f2
100
AcDbSymbolTable
0
STYLE
5
11
100
AcDbSymbolTableRecord
100
AcDbTextStyleTableRecord
2
Standard
3
txt
70
0
71
0
40
0
41
1
42
0
50
0
0
STYLE
5
201
100
AcDbSymbolTableRecord
100
AcDbTextStyleTableRecord
2
iso_b_vert
3
simplex.shx
70
0
71
0
40
0
41
1
42
0
50
0
0
STYLE
5
202
100
AcDbSymbolTableRecord
100
AcDbTextStyleTableRecord
2
DWGDirectTextStyle
3
simplex
70
0
71
0
40
0
41
1
42
0
50
0
0
ENDTAB
0
TABLE
2
DIMSTYLE
5
2f3
100
AcDbSymbolTable
100
AcDbDimStyleTable
0
DIMSTYLE
105
27
100
AcDbSymbolTableRecord
100
AcDbDimStyleTableRecord
2
Standard
70
0
3
<>
41
0.18
42
0.0625
44
0.18
140
0.18
147
0.09
73
0
74
0
77
1
271
2
275
0
278
52
280
0
340
11
0
ENDTAB
0
TABLE
2
VIEW
5
2f4
100
AcDbSymbolTable
0
ENDTAB
0
TABLE
2
UCS
5
2f5
100
AcDbSymbolTable
0
ENDTAB
0
TABLE
2
APPID
5
2f6
100
AcDbSymbolTable
0
APPID
5
12
100
AcDbSymbolTableRecord
100
AcDbRegAppTableRecord
2
ACAD
70
0
0
APPID
5
231
100
AcDbSymbolTableRecord
100
AcDbRegAppTableRecord
2
ACAD_DSTYLE_DIMBREAK
70
0
0
APPID
5
29A
100
AcDbSymbolTableRecord
100
AcDbRegAppTableRecord
2
ACAD_DSTYLE_DIM_LINETYPE
70
0
0
APPID
5
29B
100
AcDbSymbolTableRecord
100
AcDbRegAppTableRecord
2
ACAD_DSTYLE_DIM_EXT1_LINETYPE
70
0
0
APPID
5
29C
100
AcDbSymbolTableRecord
100
AcDbRegAppTableRecord
2
ACAD_DSTYLE_DIM_EXT2_LINETYPE
70
0
0
APPID
5
2D7
100
AcDbSymbolTableRecord
100
AcDbRegAppTableRecord
2
ACAD_MLEADERVER
70
0
0
ENDTAB
0
TABLE
2
BLOCK_RECORD
5
2f7
100
AcDbSymbolTable
0
BLOCK_RECORD
5
1F
100
AcDbSymbolTableRecord
100
AcDbBlockTableRecord
2
*Model_Space
340
0
70
0
0
BLOCK_RECORD
5
1B
100
AcDbSymbolTableRecord
100
AcDbBlockTableRecord
2
*Paper_Space
340
0
70
0
0
BLOCK_RECORD
5
23
100
AcDbSymbolTableRecord
100
AcDbBlockTableRecord
2
*Paper_Space0
340
0
70
0
0
BLOCK_RECORD
5
236
100
AcDbSymbolTableRecord
100
AcDbBlockTableRecord
2
*D1
340
0
70
0
0
BLOCK_RECORD
5
242
100
AcDbSymbolTableRecord
100
AcDbBlockTableRecord
2
_U0
340
0
70
0
0
BLOCK_RECORD
5
24E
100
AcDbSymbolTableRecord
100
AcDbBlockTableRecord
2
*D3
340
0
70
0
0
BLOCK_RECORD
5
25B
100
AcDbSymbolTableRecord
100
AcDbBlockTableRecord
2
_U1
340
0
70
0
0
BLOCK_RECORD
5
267
100
AcDbSymbolTableRecord
100
AcDbBlockTableRecord
2
*D5
340
0
70
0
0
BLOCK_RECORD
5
273
100
AcDbSymbolTableRecord
100
AcDbBlockTableRecord
2
_U2
340
0
70
0
0
ENDTAB
0
ENDSEC
0
SECTION
2
BLOCKS
0
BLOCK
5
20
100
AcDbEntity
8
0
100
AcDbBlockBegin
2
*Model_Space
70
0
10
0
20
0
30
0
3
*Model_Space
0
ENDBLK
5
21
100
AcDbEntity
8
0
100
AcDbBlockEnd
0
BLOCK
5
1C
100
AcDbEntity
8
0
100
AcDbBlockBegin
2
*Paper_Space
70
0
10
0
20
0
30
0
3
*Paper_Space
0
ENDBLK
5
1D
100
AcDbEntity
8
0
100
AcDbBlockEnd
0
BLOCK
5
24
100
AcDbEntity
8
0
100
AcDbBlockBegin
2
*Paper_Space0
70
0
10
0
20
0
30
0
3
*Paper_Space0
0
ENDBLK
5
25
100
AcDbEntity
8
0
100
AcDbBlockEnd
0
BLOCK
5
237
100
AcDbEntity
8
0
100
AcDbBlockBegin
2
*D1
70
1
10
0
20
0
30
0
3
*D1
0
LINE
5
239
100
AcDbEntity
8
0
62
256
6
ByLayer
370
-2
48
1
60
0
100
AcDbLine
10
92
20
-11.6375
30
0
11
92
21
-51.193445
31
0
39
0
210
0
220
0
230
1
0
LINE
5
23A
100
AcDbEntity
8
0
62
256
6
ByLayer
370
-2
48
1
60
0
100
AcDbLine
10
0
20
-1.5875
30
0
11
0
21
-51.193445
31
0
39
0
210
0
220
0
230
1
0
LINE
5
23B
100
AcDbEntity
8
0
62
256
6
ByLayer
370
-2
48
1
60
0
100
AcDbLine
10
88.5
20
-49.193445
30
0
11
3.5
21
-49.193445
31
0
39
0
210
0
220
0
230
1
0
SOLID
5
23C
100
AcDbEntity
8
0
62
256
6
ByLayer
370
-1
48
1
60
0
100
AcDbTrace
10
88.5
20
-49.776778
30
0
11
88.5
21
-48.610111
31
0
12
92
22
-49.193445
32
0
13
92
23
-49.193445
33
0
39
0
210
0
220
0
230
1
0
SOLID
5
23D
100
AcDbEntity
8
0
62
256
6
ByLayer
370
-1
48
1
60
0
100
AcDbTrace
10
3.5
20
-48.610111
30
0
11
3.5
21
-49.776778
31
0
12
0
22
-49.193445
32
0
13
0
23
-49.193445
33
0
39
0
210
0
220
0
230
1
0
MTEXT
5
23E
100
AcDbEntity
8
0
62
256
6
ByLayer
370
18
48
1
60
0
100
AcDbMText
10
46
20
-42.193445
30
0
210
0
220
0
230
1
1
\A1;92
40
3.5
41
0
44
1
50
0
71
5
72
5
7
iso_b_vert
0
POINT
5
23F
100
AcDbEntity
8
Defpoints
62
0
6
ByLayer
370
-1
48
1
60
0
100
AcDbPoint
10
92
20
-10.05
30
0
39
0
210
0
220
0
230
1
50
360
0
POINT
5
240
100
AcDbEntity
8
Defpoints
62
0
6
ByLayer
370
-1
48
1
60
0
100
AcDbPoint
10
0
20
0
30
0
39
0
210
0
220
0
230
1
50
360
0
POINT
5
241
100
AcDbEntity
8
Defpoints
62
0
6
ByLayer
370
-1
48
1
60
0
100
AcDbPoint
10
0
20
-49.193445
30
0
39
0
210
0
220
0
230
1
50
360
0
ENDBLK
5
238
100
AcDbEntity
8
0
100
AcDbBlockEnd
0
BLOCK
5
249
100
AcDbEntity
8
0
100
AcDbBlockBegin
2
_U0
70
0
10
0
20
0
30
0
3
_U0
0
MTEXT
5
243
100
AcDbEntity
8
SK2
62
256
6
ByLayer
370
18
48
1
60
0
100
AcDbMText
10
44.095034
20
-48.160811
30
0
210
0
220
0
230
1
1
\W0.6740;92
40
3.5
41
0
44
1.084337
50
0
71
7
72
5
7
iso_b_vert
0
LINE
5
244
100
AcDbEntity
8
SK2
62
256
6
ByLayer
370
13
48
1
60
0
100
AcDbLine
10
92
20
-11.6375
30
0
11
92
21
-51.193445
31
0
39
0
210
0
220
0
230
1
0
LINE
5
245
100
AcDbEntity
8
SK2
62
256
6
ByLayer
370
13
48
1
60
0
100
AcDbLine
10
0
20
-1.5875
30
0
11
0
21
-51.193445
31
0
39
0
210
0
220
0
230
1
0
LINE
5
246
100
AcDbEntity
8
SK2
62
256
6
ByLayer
370
13
48
1
60
0
100
AcDbLine
10
92
20
-49.193445
30
0
11
0
21
-49.193445
31
0
39
0
210
0
220
0
230
1
0
SOLID
5
247
100
AcDbEntity
8
SK2
62
256
6
ByLayer
370
18
48
1
60
0
100
AcDbTrace
10
92
20
-49.193445
30
0
11
88.500002
21
-49.654229
31
0
12
88.499998
22
-48.732661
32
0
13
88.499998
23
-48.732661
33
0
39
0
210
0
220
0
230
1
0
SOLID
5
248
100
AcDbEntity
8
SK2
62
256
6
ByLayer
370
18
48
1
60
0
100
AcDbTrace
10
0
20
-49.193445
30
0
11
3.499998
21
-48.732661
31
0
12
3.500002
22
-49.654229
32
0
13
3.500002
23
-49.654229
33
0
39
0
210
0
220
0
230
1
0
ENDBLK
5
24A
100
AcDbEntity
8
0
100
AcDbBlockEnd
0
BLOCK
5
24F
100
AcDbEntity
8
0
100
AcDbBlockBegin
2
*D3
70
1
10
0
20
0
30
0
3
*D3
0
LINE
5
251
100
AcDbEntity
8
0
62
256
6
ByLayer
370
-2
48
1
60
0
100
AcDbLine
10
92
20
-11.6375
30
0
11
92
21
-29.693445
31
0
39
0
210
0
220
0
230
1
0
LINE
5
252
100
AcDbEntity
8
0
62
256
6
ByLayer
370
-2
48
1
60
0
100
AcDbLine
10
30
20
-11.6375
30
0
11
30
21
-29.693445
31
0
39
0
210
0
220
0
230
1
0
LINE
5
253
100
AcDbEntity
8
0
62
256
6
ByLayer
370
-2
48
1
60
0
100
AcDbLine
10
92
20
-27.693445
30
0
11
119.137984
21
-27.693445
31
0
39
0
210
0
220
0
230
1
0
LINE
5
254
100
AcDbEntity
8
0
62
256
6
ByLayer
370
-2
48
1
60
0
100
AcDbLine
10
88.5
20
-27.693445
30
0
11
33.5
21
-27.693445
31
0
39
0
210
0
220
0
230
1
0
SOLID
5
255
100
AcDbEntity
8
0
62
256
6
ByLayer
370
-1
48
1
60
0
100
AcDbTrace
10
88.5
20
-28.276778
30
0
11
88.5
21
-27.110111
31
0
12
92
22
-27.693445
32
0
13
92
23
-27.693445
33
0
39
0
210
0
220
0
230
1
0
SOLID
5
256
100
AcDbEntity
8
0
62
256
6
ByLayer
370
-1
48
1
60
0
100
AcDbTrace
10
33.5
20
-27.110111
30
0
11
33.5
21
-28.276778
31
0
12
30
22
-27.693445
32
0
13
30
23
-27.693445
33
0
39
0
210
0
220
0
230
1
0
MTEXT
5
257
100
AcDbEntity
8
0
62
256
6
ByLayer
370
18
48
1
60
0
100
AcDbMText
10
111.137984
20
-20.693445
30
0
210
0
220
0
230
1
1
\A1;62
40
3.5
41
0
44
1
50
0
71
5
72
5
7
iso_b_vert
0
POINT
5
258
100
AcDbEntity
8
Defpoints
62
0
6
ByLayer
370
-1
48
1
60
0
100
AcDbPoint
10
92
20
-10.05
30
0
39
0
210
0
220
0
230
1
50
360
0
POINT
5
259
100
AcDbEntity
8
Defpoints
62
0
6
ByLayer
370
-1
48
1
60
0
100
AcDbPoint
10
30
20
-10.05
30
0
39
0
210
0
220
0
230
1
50
360
0
POINT
5
25A
100
AcDbEntity
8
Defpoints
62
0
6
ByLayer
370
-1
48
1
60
0
100
AcDbPoint
10
30
20
-27.693445
30
0
39
0
210
0
220
0
230
1
50
360
0
ENDBLK
5
250
100
AcDbEntity
8
0
100
AcDbBlockEnd
0
BLOCK
5
262
100
AcDbEntity
8
0
100
AcDbBlockBegin
2
_U1
70
0
10
0
20
0
30
0
3
_U1
0
MTEXT
5
25C
100
AcDbEntity
8
2
62
256
6
ByLayer
370
18
48
1
60
0
100
AcDbMText
10
109.233018
20
-26.660811
30
0
210
0
220
0
230
1
1
\W0.6740;62
40
3.5
41
0
44
1.084337
50
0
71
7
72
5
7
iso_b_vert
0
LINE
5
25D
100
AcDbEntity
8
2
62
256
6
ByLayer
370
13
48
1
60
0
100
AcDbLine
10
92
20
-11.6375
30
0
11
92
21
-29.693445
31
0
39
0
210
0
220
0
230
1
0
LINE
5
25E
100
AcDbEntity
8
2
62
256
6
ByLayer
370
13
48
1
60
0
100
AcDbLine
10
30
20
-11.6375
30
0
11
30
21
-29.693445
31
0
39
0
210
0
220
0
230
1
0
LINE
5
25F
100
AcDbEntity
8
2
62
256
6
ByLayer
370
13
48
1
60
0
100
AcDbLine
10
30
20
-27.693445
30
0
11
113.228451
21
-27.693445
31
0
39
0
210
0
220
0
230
1
0
SOLID
5
260
100
AcDbEntity
8
2
62
256
6
ByLayer
370
18
48
1
60
0
100
AcDbTrace
10
92
20
-27.693445
30
0
11
88.500002
21
-28.154229
31
0
12
88.499998
22
-27.232661
32
0
13
88.499998
23
-27.232661
33
0
39
0
210
0
220
0
230
1
0
SOLID
5
261
100
AcDbEntity
8
2
62
256
6
ByLayer
370
18
48
1
60
0
100
AcDbTrace
10
30
20
-27.693445
30
0
11
33.499998
21
-27.232661
31
0
12
33.500002
22
-28.154229
32
0
13
33.500002
23
-28.154229
33
0
39
0
210
0
220
0
230
1
0
ENDBLK
5
263
100
AcDbEntity
8
0
100
AcDbBlockEnd
0
BLOCK
5
268
100
AcDbEntity
8
0
100
AcDbBlockBegin
2
*D5
70
1
10
0
20
0
30
0
3
*D5
0
LINE
5
26A
100
AcDbEntity
8
0
62
256
6
ByLayer
370
-2
48
1
60
0
100
AcDbLine
10
92
20
-11.6375
30
0
11
92
21
-44.193445
31
0
39
0
210
0
220
0
230
1
0
LINE
5
26B
100
AcDbEntity
8
0
62
256
6
ByLayer
370
-2
48
1
60
0
100
AcDbLine
10
1.997679
20
-11.0875
30
0
11
1.997679
21
-44.193445
31
0
39
0
210
0
220
0
230
1
0
LINE
5
26C
100
AcDbEntity
8
0
62
256
6
ByLayer
370
-2
48
1
60
0
100
AcDbLine
10
88.5
20
-42.193445
30
0
11
5.497679
21
-42.193445
31
0
39
0
210
0
220
0
230
1
0
SOLID
5
26D
100
AcDbEntity
8
0
62
256
6
ByLayer
370
-1
48
1
60
0
100
AcDbTrace
10
88.5
20
-42.776778
30
0
11
88.5
21
-41.610111
31
0
12
92
22
-42.193445
32
0
13
92
23
-42.193445
33
0
39
0
210
0
220
0
230
1
0
SOLID
5
26E
100
AcDbEntity
8
0
62
256
6
ByLayer
370
-1
48
1
60
0
100
AcDbTrace
10
5.497679
20
-41.610111
30
0
11
5.497679
21
-42.776778
31
0
12
1.997679
22
-42.193445
32
0
13
1.997679
23
-42.193445
33
0
39
0
210
0
220
0
230
1
0
MTEXT
5
26F
100
AcDbEntity
8
0
62
256
6
ByLayer
370
18
48
1
60
0
100
AcDbMText
10
46.998839
20
-35.193445
30
0
210
0
220
0
230
1
1
\A1;90
40
3.5
41
0
44
1
50
0
71
5
72
5
7
iso_b_vert
0
POINT
5
270
100
AcDbEntity
8
Defpoints
62
0
6
ByLayer
370
-1
48
1
60
0
100
AcDbPoint
10
92
20
-10.05
30
0
39
0
210
0
220
0
230
1
50
360
0
POINT
5
271
100
AcDbEntity
8
Defpoints
62
0
6
ByLayer
370
-1
48
1
60
0
100
AcDbPoint
10
1.997679
20
-9.5
30
0
39
0
210
0
220
0
230
1
50
360
0
POINT
5
272
100
AcDbEntity
8
Defpoints
62
0
6
ByLayer
370
-1
48
1
60
0
100
AcDbPoint
10
1.997679
20
-42.193445
30
0
39
0
210
0
220
0
230
1
50
360
0
ENDBLK
5
269
100
AcDbEntity
8
0
100
AcDbBlockEnd
0
BLOCK
5
27A
100
AcDbEntity
8
0
100
AcDbBlockBegin
2
_U2
70
0
10
0
20
0
30
0
3
_U2
0
MTEXT
5
274
100
AcDbEntity
8
SK2
62
256
6
ByLayer
370
18
48
1
60
0
100
AcDbMText
10
45.093873
20
-41.160811
30
0
210
0
220
0
230
1
1
\W0.6740;90
40
3.5
41
0
44
1.084337
50
0
71
7
72
5
7
iso_b_vert
0
LINE
5
275
100
AcDbEntity
8
SK2
62
256
6
ByLayer
370
13
48
1
60
0
100
AcDbLine
10
92
20
-11.6375
30
0
11
92
21
-44.193445
31
0
39
0
210
0
220
0
230
1
0
LINE
5
276
100
AcDbEntity
8
SK2
62
256
6
ByLayer
370
13
48
1
60
0
100
AcDbLine
10
1.997679
20
-11.0875
30
0
11
1.997679
21
-44.193445
31
0
39
0
210
0
220
0
230
1
0
LINE
5
277
100
AcDbEntity
8
SK2
62
256
6
ByLayer
370
13
48
1
60
0
100
AcDbLine
10
92
20
-42.193445
30
0
11
1.997679
21
-42.193445
31
0
39
0
210
0
220
0
230
1
0
SOLID
5
278
100
AcDbEntity
8
SK2
62
256
6
ByLayer
370
18
48
1
60
0
100
AcDbTrace
10
92
20
-42.193445
30
0
11
88.500002
21
-42.654229
31
0
12
88.499998
22
-41.732661
32
0
13
88.499998
23
-41.732661
33
0
39
0
210
0
220
0
230
1
0
SOLID
5
279
100
AcDbEntity
8
SK2
62
256
6
ByLayer
370
18
48
1
60
0
100
AcDbTrace
10
1.997679
20
-42.193445
30
0
11
5.497677
21
-41.732661
31
0
12
5.497681
22
-42.654229
32
0
13
5.497681
23
-42.654229
33
0
39
0
210
0
220
0
230
1
0
ENDBLK
5
27B
100
AcDbEntity
8
0
100
AcDbBlockEnd
0
ENDSEC
0
SECTION
2
ENTITIES
0
ARC
5
E1
100
AcDbEntity
8
1
62
256
6
ByLayer
370
18
48
1
60
0
100
AcDbCircle
39
0
10
1.997679
20
10.5
30
0
40
1
210
0
220
0
230
1
100
AcDbArc
50
240
51
270
0
ARC
5
E2
100
AcDbEntity
8
1
62
256
6
ByLayer
370
18
48
1
60
0
100
AcDbCircle
39
0
10
1.997679
20
-10.5
30
0
40
1
210
0
220
0
230
1
100
AcDbArc
50
90
51
120
0
ELLIPSE
5
E3
100
AcDbEntity
8
1
62
256
6
ByLayer
370
18
48
1
60
0
100
AcDbEllipse
10
90.74278
20
1.966829
30
0
11
1.21254849682478
21
1.13230994175513
31
0
210
0
220
0
230
1
40
0.52733
41
-2.41391040540184
42
-2.28024061084995
0
ELLIPSE
5
E4
100
AcDbEntity
8
1
62
256
6
ByLayer
370
18
48
1
60
0
100
AcDbEllipse
10
29.363533
20
-74.614304
30
0
11
-16.3329337247279
21
-69.1157337044467
31
0
210
0
220
0
230
1
40
0.604507
41
-2.6589156685494
42
-2.6379034053469
0
ELLIPSE
5
E5
100
AcDbEntity
8
1
62
256
6
ByLayer
370
13
48
1
60
0
100
AcDbEllipse
10
31.837584
20
48.234496
30
0
11
39.037688097516
21
-62.6732570254918
31
0
210
0
220
0
230
1
40
0.407204
41
-1.17426168547237
42
-1.05436654020764
0
ELLIPSE
5
E6
100
AcDbEntity
8
1
62
256
6
ByLayer
370
18
48
1
60
0
100
AcDbEllipse
10
90.739043
20
-0.596504
30
0
11
0.503384812456248
21
-1.81470162822304
31
0
210
0
220
0
230
1
40
0.692203
41
3.04877134360098
42
-3.07007702274455
0
ELLIPSE
5
E7
100
AcDbEntity
8
1
62
256
6
ByLayer
370
18
48
1
60
0
100
AcDbEllipse
10
90.74278
20
-2.459561
30
0
11
1.35153048862508
21
-0.859844964456279
31
0
210
0
220
0
230
1
40
0.015166
41
-1.94668444361032
42
-1.81301467175018
0
ELLIPSE
5
E8
100
AcDbEntity
8
1
62
256
6
ByLayer
370
13
48
1
60
0
100
AcDbEllipse
10
31.837584
20
-52.373946
30
0
11
39.9464827202542
21
-62.0979609686399
31
0
210
0
220
0
230
1
40
0.387669
41
2.17353928457769
42
2.19447537939689
0
ELLIPSE
5
E9
100
AcDbEntity
8
1
62
256
6
ByLayer
370
18
48
1
60
0
100
AcDbEllipse
10
29.363533
20
-53.965458
30
0
11
38.4221993347554
21
-59.7284184274175
31
0
210
0
220
0
230
1
40
0.387669
41
2.19490075545213
42
2.24419277810349
0
ELLIPSE
5
EA
100
AcDbEntity
8
1
62
256
6
ByLayer
370
18
48
1
60
0
100
AcDbEllipse
10
24.255645
20
0
30
0
11
7.12933447451538
21
-9.20889781423742
31
0
210
0
220
0
230
1
40
0.327339
41
1.92199897380342
42
2.0683314803863
0
ELLIPSE
5
EB
100
AcDbEntity
8
1
62
256
6
ByLayer
370
18
48
1
60
0
100
AcDbEllipse
10
24.255645
20
0
30
0
11
4.6135502344829
21
8.94249161839518
31
0
210
0
220
0
230
1
40
0.695025
41
-2.60055269855896
42
-2.45422019189435
0
ELLIPSE
5
EC
100
AcDbEntity
8
1
62
256
6
ByLayer
370
18
48
1
60
0
100
AcDbEllipse
10
24.255645
20
0
30
0
11
7.10422398725424
21
-9.19874866201624
31
0
210
0
220
0
230
1
40
0.334083
41
-1.26003470526351
42
-1.11370219859473
0
ELLIPSE
5
ED
100
AcDbEntity
8
1
62
256
6
ByLayer
370
13
48
1
60
0
100
AcDbEllipse
10
31.837584
20
-45.768864
30
0
11
42.0171847593096
21
-60.7160145520466
31
0
210
0
220
0
230
1
40
0.333416
41
2.08015796833919
42
2.20224558659473
0
ELLIPSE
5
EE
100
AcDbEntity
8
1
62
256
6
ByLayer
370
13
48
1
60
0
100
AcDbEllipse
10
31.837584
20
44.829538
30
0
11
40.2189916914029
21
-61.9218131639341
31
0
210
0
220
0
230
1
40
0.381374
41
-1.11637794211216
42
-1.10024769017123
0
POINT
5
70
100
AcDbEntity
8
80
62
256
6
ByLayer
370
18
48
1
60
0
100
AcDbPoint
10
0
20
0
30
0
39
0
210
0
220
0
230
1
50
360
0
POINT
5
72
100
AcDbEntity
8
81
62
256
6
ByLayer
370
18
48
1
60
0
100
AcDbPoint
10
92
20
0
30
0
39
0
210
0
220
0
230
1
50
360
0
POINT
5
74
100
AcDbEntity
8
1
62
256
6
ByLayer
370
18
48
1
60
1
100
AcDbPoint
10
92
20
-10.05
30
0
39
0
210
0
220
0
230
1
50
360
0
POINT
5
76
100
AcDbEntity
8
1
62
256
6
ByLayer
370
18
48
1
60
1
100
AcDbPoint
10
0
20
0
30
0
39
0
210
0
220
0
230
1
50
360
0
POINT
5
77
100
AcDbEntity
8
1
62
256
6
ByLayer
370
18
48
1
60
1
100
AcDbPoint
10
92
20
-10.05
30
0
39
0
210
0
220
0
230
1
50
360
0
POINT
5
78
100
AcDbEntity
8
1
62
256
6
ByLayer
370
18
48
1
60
1
100
AcDbPoint
10
30
20
-10.05
30
0
39
0
210
0
220
0
230
1
50
360
0
POINT
5
79
100
AcDbEntity
8
1
62
256
6
ByLayer
370
18
48
1
60
1
100
AcDbPoint
10
92
20
-10.05
30
0
39
0
210
0
220
0
230
1
50
360
0
POINT
5
7A
100
AcDbEntity
8
1
62
256
6
ByLayer
370
18
48
1
60
1
100
AcDbPoint
10
1.997679
20
-9.5
30
0
39
0
210
0
220
0
230
1
50
360
0
SPLINE
5
EF
100
AcDbEntity
8
1
62
256
6
ByLayer
370
18
48
1
60
0
100
AcDbSpline
70
4
71
5
72
13
73
7
40
0
40
0
40
0
40
0
40
0
40
0
40
0.476056177083667
40
1
40
1
40
1
40
1
40
1
40
1
41
1
10
30.0000000000001
20
8.75852418172568
30
0
41
1
10
30.8964359899669
20
9.14831065324071
30
0
41
1
10
32.7810505932539
20
9.81650757355749
30
0
41
1
10
34.6639048149131
20
10.1472018587713
30
0
41
1
10
36.5481882528538
20
10.1078154464874
30
0
41
1
10
38.4317331486547
20
9.71265065868204
30
0
41
1
10
39.4187337681217
20
9.41254858775474
30
0
0
SPLINE
5
F0
100
AcDbEntity
8
1
62
256
6
ByLayer
370
18
48
1
60
0
100
AcDbSpline
70
4
71
5
72
17
73
11
40
0
40
0
40
0
40
0
40
0
40
0
40
0.196850527587758
40
0.398919958330064
40
0.60036226630792
40
0.693389614768193
40
0.800083435618084
40
1
40
1
40
1
40
1
40
1
40
1
41
1
10
59.9885983463624
20
9.50272508465144
30
0
41
1
10
59.178747004422
20
9.27563165026635
30
0
41
1
10
57.5376677463713
20
8.68720874958484
30
0
41
1
10
55.0676795156353
20
7.4278277702663
30
0
41
1
10
52.2152330234301
20
5.40598798618018
30
0
41
1
10
48.9235901695795
20
2.59403827497445
30
0
41
1
10
45.6195848036667
20
-0.40354972832543
30
0
41
1
10
43.1465962606001
20
-2.62248704256516
30
0
41
1
10
41.5026914271571
20
-4.02012849061975
30
0
41
1
10
40.2411983766931
20
-5.01792444431985
30
0
41
1
10
39.4187337688833
20
-5.62994413244624
30
0
0
SPLINE
5
F1
100
AcDbEntity
8
1
62
256
6
ByLayer
370
18
48
1
60
0
100
AcDbSpline
70
4
71
5
72
13
73
7
40
0
40
0
40
0
40
0
40
0
40
0
40
0.476056176942706
40
1
40
1
40
1
40
1
40
1
40
1
41
1
10
30
20
-9.92232340789488
30
0
41
1
10
30.8964359897723
20
-9.8217637495471
30
0
41
1
10
32.7810505932168
20
-9.44122633607989
30
0
41
1
10
34.6639048150202
20
-8.70909873455327
30
0
41
1
10
36.5481882531213
20
-7.66009631644684
30
0
41
1
10
38.4317331490693
20
-6.36439426362088
30
0
41
1
10
39.4187337688834
20
-5.62994413244428
30
0
0
SPLINE
5
F2
100
AcDbEntity
8
1
62
256
6
ByLayer
370
18
48
1
60
0
100
AcDbSpline
70
4
71
5
72
20
73
14
40
0
40
0
40
0
40
0
40
0
40
0
40
0.193479411010621
40
0.396143398888211
40
0.530755472527207
40
0.542354228485556
40
0.552634957332113
40
0.5672942121514
40
0.597056941632981
40
0.797769484992672
40
1
40
1
40
1
40
1
40
1
40
1
41
1
10
78.6422946944633
20
-8.39511706974929
30
0
41
1
10
78.9378800292381
20
-8.53973717167452
30
0
41
1
10
79.5430787131976
20
-8.82057209251482
30
0
41
1
10
80.3539106580996
20
-9.15371318978438
30
0
41
1
10
81.1824864507823
20
-9.43259006368751
30
0
41
1
10
82.0268075480939
20
-9.64927410358862
30
0
41
1
10
82.5979068956626
20
-9.76495081590312
30
0
41
1
10
82.9048507058075
20
-9.81914342322048
30
0
41
1
10
83.3127771116949
20
-9.8870504744007
30
0
41
1
10
84.0119242669161
20
-9.97621447073078
30
0
41
1
10
84.6953736678765
20
-10.0162805903329
30
0
41
1
10
85.3564226152806
20
-10.0107685789045
30
0
41
1
10
85.9720387155747
20
-9.96721465119305
30
0
41
1
10
86.2810000000001
20
-9.93574605544205
30
0
0
SPLINE
5
F3
100
AcDbEntity
8
1
62
256
6
ByLayer
370
18
48
1
60
0
100
AcDbSpline
70
4
71
5
72
15
73
9
40
0
40
0
40
0
40
0
40
0
40
0
40
0.159857825676928
40
0.378649735674875
40
0.794954412772709
40
1
40
1
40
1
40
1
40
1
40
1
41
1
10
78.6422946962451
20
-7.42114008633422
30
0
41
1
10
79.0144145866521
20
-7.19657154298076
30
0
41
1
10
79.89573582148
20
-6.63997430285258
30
0
41
1
10
81.7464003453014
20
-5.35465659524345
30
0
41
1
10
84.0736762601205
20
-3.4732159487929
30
0
41
1
10
86.4020507940447
20
-1.38808417026132
30
0
41
1
10
88.3571281419993
20
0.393626589642508
30
0
41
1
10
89.8036651380025
20
1.68148055608
30
0
41
1
10
90.281
20
2.10156582403746
30
0
0
SPLINE
5
F4
100
AcDbEntity
8
1
62
256
6
ByLayer
370
18
48
1
60
0
100
AcDbSpline
70
4
71
5
72
12
73
6
40
0
40
0
40
0
40
0
40
0
40
0
40
1
40
1
40
1
40
1
40
1
40
1
41
1
10
78.6422946956843
20
2.06403542356023
30
0
41
1
10
79.3700229082934
20
1.42290356209955
30
0
41
1
10
80.0977165448715
20
0.770658860871634
30
0
41
1
10
80.8254961311382
20
0.112989286997248
30
0
41
1
10
81.5532464045041
20
-0.54391712688647
30
0
41
1
10
82.2810000000004
20
-1.19446278858672
30
0
0
SPLINE
5
F5
100
AcDbEntity
8
1
62
256
6
ByLayer
370
18
48
1
60
0
100
AcDbSpline
70
4
71
5
72
13
73
7
40
0
40
0
40
0
40
0
40
0
40
0
40
0.476056177210042
40
1
40
1
40
1
40
1
40
1
40
1
41
1
10
30
20
-2.39448283182895
30
0
41
1
10
30.8964359901568
20
-1.61013142164737
30
0
41
1
10
32.781050593349
20
0.0765160018546567
30
0
41
1
10
34.6639048149044
20
1.80488646745471
30
0
41
1
10
36.5481882527515
20
3.46618732510743
30
0
41
1
10
38.4317331484511
20
4.96781391618472
30
0
41
1
10
39.4187337676291
20
5.69810602267549
30
0
0
SPLINE
5
F6
100
AcDbEntity
8
1
62
256
6
ByLayer
370
18
48
1
60
0
100
AcDbSpline
70
4
71
1
72
4
73
2
40
0
40
0
40
1
40
1
41
1
10
91.7668922537877
20
1.70467813606913
30
0
41
1
10
91.7631377975009
20
1.67863993107088
30
0
0
SPLINE
5
F7
100
AcDbEntity
8
1
62
256
6
ByLayer
370
18
48
1
60
0
100
AcDbSpline
70
4
71
1
72
4
73
2
40
0
40
0
40
1
40
1
41
1
10
91.7668922537877
20
1.70467813606913
30
0
41
1
10
91.8761152447329
20
2.52924973715966
30
0
0
SPLINE
5
F8
100
AcDbEntity
8
1
62
256
6
ByLayer
370
18
48
1
60
0
100
AcDbSpline
70
4
71
1
72
4
73
2
40
0
40
0
40
1
40
1
41
1
10
91.9596493731477
20
3.15988500375187
30
0
41
1
10
91.9720177731183
20
3.25325940485928
30
0
0
SPLINE
5
F9
100
AcDbEntity
8
1
62
256
6
ByLayer
370
18
48
1
60
0
100
AcDbSpline
70
4
71
3
72
12
73
8
40
0
40
0
40
0
40
0
40
0.506906946876269
40
0.506906946876269
40
0.760360420314352
40
0.760360420314352
40
1
40
1
40
1
40
1
41
1
10
91.9729189402864
20
3.25951547158257
30
0
41
1
10
91.9735026103686
20
3.27113948753777
30
0
41
1
10
91.9710660436633
20
3.2823888692707
30
0
41
1
10
91.9629646401144
20
3.29871138541068
30
0
41
1
10
91.9595217717064
20
3.30406013576294
30
0
41
1
10
91.9513366701994
20
3.31428166448868
30
0
41
1
10
91.9466910790838
20
3.31913296910082
30
0
41
1
10
91.9414489231693
20
3.32380991726168
30
0
0
SPLINE
5
FA
100
AcDbEntity
8
1
62
256
6
ByLayer
370
13
48
1
60
0
100
AcDbSpline
70
4
71
1
72
4
73
2
40
0
40
0
40
1
40
1
41
1
10
91.7668922537876
20
-8.56287735187766
30
0
41
1
10
91.8773490725624
20
-8.12650295992145
30
0
0
SPLINE
5
FB
100
AcDbEntity
8
1
62
256
6
ByLayer
370
18
48
1
60
0
100
AcDbSpline
70
4
71
3
72
26
73
22
40
0
40
0
40
0
40
0
40
0.249999999999966
40
0.249999999999966
40
0.499999999999932
40
0.499999999999932
40
0.624999999999919
40
0.624999999999919
40
0.687499999999933
40
0.687499999999933
40
0.749999999999946
40
0.749999999999946
40
0.81249999999996
40
0.81249999999996
40
0.874999999999973
40
0.874999999999973
40
0.937499999999986
40
0.937499999999986
40
0.968749999999993
40
0.968749999999993
40
1
40
1
40
1
40
1
41
1
10
91.6627874832749
20
-8.96658804127546
30
0
41
1
10
91.67320733693
20
-8.93900393356591
30
0
41
1
10
91.6835270942365
20
-8.91081487279752
30
0
41
1
10
91.7038595218383
20
-8.85258080716224
30
0
41
1
10
91.7138787665534
20
-8.8225755361658
30
0
41
1
10
91.7284893860259
20
-8.77503986348569
30
0
41
1
10
91.7333073022348
20
-8.75869803288262
30
0
41
1
10
91.74028815542
20
-8.73345154951517
30
0
41
1
10
91.742572211337
20
-8.7249190090682
30
0
41
1
10
91.7470296796851
20
-8.70755202042594
30
0
41
1
10
91.749209268318
20
-8.69869254476052
30
0
41
1
10
91.7533836017543
20
-8.68071228850138
30
0
41
1
10
91.7553783320967
20
-8.67159765672452
30
0
41
1
10
91.7591095963253
20
-8.65302062531063
30
0
41
1
10
91.7608497884653
20
-8.64354995408721
30
0
41
1
10
91.7639303325257
20
-8.62412372984952
30
0
41
1
10
91.7652336752395
20
-8.61440469749138
30
0
41
1
10
91.7666651261842
20
-8.59981306649135
30
0
41
1
10
91.7670507599466
20
-8.59495627294842
30
0
41
1
10
91.7675900199526
20
-8.58557232131048
30
0
41
1
10
91.7677479109037
20
-8.58100601492603
30
0
41
1
10
91.7677832928173
20
-8.57657749064362
30
0
0
SPLINE
5
FC
100
AcDbEntity
8
1
62
256
6
ByLayer
370
18
48
1
60
0
100
AcDbSpline
70
4
71
1
72
4
73
2
40
0
40
0
40
1
40
1
41
1
10
91.7677832928173
20
-8.57657749064373
30
0
41
1
10
91.7668922537876
20
-8.56287735187766
30
0
0
SPLINE
5
FD
100
AcDbEntity
8
1
62
256
6
ByLayer
370
18
48
1
60
0
100
AcDbSpline
70
4
71
1
72
4
73
2
40
0
40
0
40
1
40
1
41
1
10
91.7668922537876
20
-8.56287735187766
30
0
41
1
10
91.7631377975009
20
-8.50515084337746
30
0
0
SPLINE
5
FE
100
AcDbEntity
8
1
62
256
6
ByLayer
370
18
48
1
60
0
100
AcDbSpline
70
4
71
3
72
18
73
14
40
0
40
0
40
0
40
0
40
0.25000000000003
40
0.25000000000003
40
0.375000000000064
40
0.375000000000064
40
0.500000000000098
40
0.500000000000098
40
0.7500000000001
40
0.7500000000001
40
0.87500000000005
40
0.87500000000005
40
1
40
1
40
1
40
1
41
1
10
91.9729189402861
20
9.4895813767543
30
0
41
1
10
91.9735026103691
20
9.52143106140946
30
0
41
1
10
91.9710660436641
20
9.55292873564838
30
0
41
1
10
91.9629646401148
20
9.59965699851978
30
0
41
1
10
91.9595217717065
20
9.61514655891148
30
0
41
1
10
91.9511073663747
20
9.64594751245886
30
0
41
1
10
91.9461532752522
20
9.66115795800772
30
0
41
1
10
91.9293027878898
20
9.7055953782635
30
0
41
1
10
91.9153641597666
20
9.73389872248671
30
0
41
1
10
91.8904142316122
20
9.77437889272082
30
0
41
1
10
91.8813673450501
20
9.78760920501182
30
0
41
1
10
91.8621494727299
20
9.81299799237058
30
0
41
1
10
91.8520002983339
20
9.82514510125984
30
0
41
1
10
91.8413250070278
20
9.83675923087534
30
0
0
SPLINE
5
FF
100
AcDbEntity
8
1
62
256
6
ByLayer
370
18
48
1
60
0
100
AcDbSpline
70
4
71
3
72
14
73
10
40
0
40
0
40
0
40
0
40
0.202839646523149
40
0.202839646523149
40
0.405679293046298
40
0.405679293046298
40
0.811358586092596
40
0.811358586092596
40
1
40
1
40
1
40
1
41
1
10
91.0093276196978
20
-3.411E-13
30
0
41
1
10
90.993982011251
20
0.0073952366524566
30
0
41
1
10
90.9787281585104
20
0.0148888141443706
30
0
41
1
10
90.9483991686936
20
0.0300514828586813
30
0
41
1
10
90.9332994032922
20
0.037733498035351
30
0
41
1
10
90.8885158669007
20
0.0608780697593261
30
0
41
1
10
90.8593115702056
20
0.0764545973215718
30
0
41
1
10
90.8174156388196
20
0.0993503780608194
30
0
41
1
10
90.8042484242287
20
0.106628547292161
30
0
41
1
10
90.7912083977284
20
0.113909140960089
30
0
0
SPLINE
5
100
100
AcDbEntity
8
1
62
256
6
ByLayer
370
18
48
1
60
0
100
AcDbSpline
70
4
71
3
72
10
73
6
40
0
40
0
40
0
40
0
40
0.5
40
0.5
40
1
40
1
40
1
40
1
41
1
10
91.6627874832749
20
-8.96658804127537
30
0
41
1
10
91.5616226699834
20
-9.07256366347087
30
0
41
1
10
91.461374395915
20
-9.16171734738043
30
0
41
1
10
91.2627366336283
20
-9.30590901118438
30
0
41
1
10
91.1643468314539
20
-9.36095275335191
30
0
41
1
10
91.0669301540474
20
-9.3981359998869
30
0
0
SPLINE
5
101
100
AcDbEntity
8
1
62
256
6
ByLayer
370
18
48
1
60
0
100
AcDbSpline
70
4
71
3
72
16
73
12
40
0
40
0
40
0
40
0
40
0.25
40
0.25
40
0.5
40
0.5
40
0.625
40
0.625
40
0.75
40
0.75
40
1
40
1
40
1
40
1
41
1
10
29.9999999999993
20
-9.92227136979204
30
0
41
1
10
30.0008708817248
20
-9.92137001719479
30
0
41
1
10
30.0018574528919
20
-9.90862680955902
30
0
41
1
10
30.0037134450693
20
-9.85973459361384
30
0
41
1
10
30.0046453977083
20
-9.82357876209664
30
0
41
1
10
30.0059274825422
20
-9.75159726604718
30
0
41
1
10
30.0063329448202
20
-9.72471249689795
30
0
41
1
10
30.0071378395785
20
-9.66525120477988
30
0
41
1
10
30.0075495245147
20
-9.63266600207979
30
0
41
1
10
30.0088034749168
20
-9.52637457937951
30
0
41
1
10
30.0095966736483
20
-9.44415457083801
30
0
41
1
10
30.0103955356543
20
-9.35046028167528
30
0
0
SPLINE
5
102
100
AcDbEntity
8
1
62
256
6
ByLayer
370
18
48
1
60
0
100
AcDbSpline
70
4
71
3
72
27
73
23
40
0
40
0
40
0
40
0
40
0.0714873122952271
40
0.0714873122952271
40
0.142974624590454
40
0.142974624590454
40
0.285949249180952
40
0.42892387377145
40
0.42892387377145
40
0.464667529919065
40
0.464667529919065
40
0.500411186066681
40
0.571898498361911
40
0.571898498361911
40
0.714873122952372
40
0.714873122952372
40
0.786360435247603
40
0.822104091395204
40
0.822104091395204
40
0.857847747542806
40
0.857847747542806
40
1
40
1
40
1
40
1
41
1
10
91.0093276196978
20
-3.126E-13
30
0
41
1
10
90.9771241110388
20
0.0143922827254528
30
0
41
1
10
90.9453090681128
20
0.0298897959391979
30
0
41
1
10
90.8824131643154
20
0.0631810173102565
30
0
41
1
10
90.8516216456194
20
0.0808234597379283
30
0
41
1
10
90.7612663759439
20
0.1365760677796
30
0
41
1
10
90.6459904326714
20
0.218532554143707
30
0
41
1
10
90.5397465694122
20
0.315313681125531
30
0
41
1
10
90.4758436850767
20
0.38038608128258
30
0
41
1
10
90.4631672318524
20
0.3936532031328
30
0
41
1
10
90.4381683304698
20
0.420527999069776
30
0
41
1
10
90.4012420219648
20
0.461302993940905
30
0
41
1
10
90.3659573495781
20
0.50341471408683
30
0
41
1
10
90.2974121559236
20
0.589304672716167
30
0
41
1
10
90.2544034169226
20
0.648779472839465
30
0
41
1
10
90.1934684607442
20
0.740985388531101
30
0
41
1
10
90.163899636239
20
0.787839497397925
30
0
41
1
10
90.1356301843073
20
0.835783257598308
30
0
41
1
10
90.1170697266966
20
0.867985498193832
30
0
41
1
10
90.1079369919751
20
0.884199656785171
30
0
41
1
10
90.0634562939614
20
0.964986178737576
30
0
41
1
10
90.0307567385666
20
1.03020850616869
30
0
41
1
10
90.0006469674479
20
1.09606698965609
30
0
0
SPLINE
5
103
100
AcDbEntity
8
1
62
256
6
ByLayer
370
18
48
1
60
0
100
AcDbSpline
70
4
71
3
72
13
73
9
40
0
40
0
40
0
40
0
40
0.192887408341102
40
0.192887408341102
40
0.461924938894068
40
0.461924938894068
40
0.730962469447034
40
1
40
1
40
1
40
1
41
1
10
86.6310098881528
20
-9.89298825629544
30
0
41
1
10
86.6310091104064
20
-9.88728275218139
30
0
41
1
10
86.6310083595428
20
-9.87637617607015
30
0
41
1
10
86.6310064947201
20
-9.83788225411917
30
0
41
1
10
86.6310054069723
20
-9.80540434872458
30
0
41
1
10
86.631003438053
20
-9.72017677445578
30
0
41
1
10
86.6310016533737
20
-9.61518500234641
30
0
41
1
10
86.6310001958862
20
-9.4710308461982
30
0
41
1
10
86.6309995885856
20
-9.38907525647289
30
0
0
SPLINE
5
104
100
AcDbEntity
8
1
62
256
6
ByLayer
370
13
48
1
60
0
100
AcDbSpline
70
4
71
3
72
15
73
11
40
0
40
0
40
0
40
0
40
0.176527742998743
40
0.385990330458068
40
0.595452917917393
40
0.804915505376718
40
0.90964679910638
40
0.962012445971211
40
0.988195269403627
40
1
40
1
40
1
40
1
41
1
10
86.4606275500108
20
-9.59510301218364
30
0
41
1
10
86.4788025840608
20
-9.605673298472
30
0
41
1
10
86.5168637534766
20
-9.63251117027892
30
0
41
1
10
86.5677359343347
20
-9.68690061885675
30
0
41
1
10
86.606889060317
20
-9.75521821235253
30
0
41
1
10
86.6250837244391
20
-9.81663762191397
30
0
41
1
10
86.6302592988254
20
-9.85976360577629
30
0
41
1
10
86.6310101272593
20
-9.88061930490406
30
0
41
1
10
86.6310267085075
20
-9.89134354721972
30
0
41
1
10
86.6310147231791
20
-9.89589513861341
30
0
41
1
10
86.6310108252304
20
-9.89731171394132
30
0
0
SPLINE
5
105
100
AcDbEntity
8
1
62
256
6
ByLayer
370
18
48
1
60
0
100
AcDbSpline
70
4
71
3
72
8
73
4
40
0
40
0
40
0
40
0
40
1
40
1
40
1
40
1
41
1
10
70.6311106142524
20
-9.96132619925086
30
0
41
1
10
70.6310980229409
20
-9.97545597967914
30
0
41
1
10
70.6310854644892
20
-9.98806628574255
30
0
41
1
10
70.6310729387965
20
-9.99915723891448
30
0
0
SPLINE
5
106
100
AcDbEntity
8
1
62
256
6
ByLayer
370
18
48
1
60
0
100
AcDbSpline
70
4
71
3
72
8
73
4
40
0
40
0
40
0
40
0
40
1
40
1
40
1
40
1
41
1
10
29.9998606735743
20
-9.92231369531234
30
0
41
1
10
29.999907115871
20
-9.92233406651863
30
0
41
1
10
29.9999535580127
20
-9.92231995372723
30
0
41
1
10
29.9999999999993
20
-9.92227136979204
30
0
0
SPLINE
5
107
100
AcDbEntity
8
1
62
256
6
ByLayer
370
13
48
1
60
0
100
AcDbSpline
70
4
71
3
72
10
73
6
40
0
40
0
40
0
40
0
40
0.322321803749021
40
0.667888262561472
40
1
40
1
40
1
40
1
41
1
10
29.9999999999995
20
-9.34665155122852
30
0
41
1
10
29.9999999999995
20
-9.46790255842899
30
0
41
1
10
29.9999999999996
20
-9.68060265480983
30
0
41
1
10
29.9999999999994
20
-9.87552816236234
30
0
41
1
10
29.9999999999993
20
-9.92099226837382
30
0
41
1
10
29.9999999999993
20
-9.92227136979204
30
0
0
SPLINE
5
108
100
AcDbEntity
8
1
62
256
6
ByLayer
370
13
48
1
60
0
100
AcDbSpline
70
4
71
3
72
15
73
11
40
0
40
0
40
0
40
0
40
0.176294390208236
40
0.385857412718668
40
0.5954204352291
40
0.804983457739533
40
0.909764968994749
40
0.962155724622357
40
0.988351102436161
40
1
40
1
40
1
40
1
41
1
10
70.4608221075148
20
-9.67135456515504
30
0
41
1
10
70.4789617674654
20
-9.68148876454265
30
0
41
1
10
70.5169876995471
20
-9.70723601397199
30
0
41
1
10
70.5678333081787
20
-9.75941589895794
30
0
41
1
10
70.6069871664974
20
-9.82499219463821
30
0
41
1
10
70.6251824891534
20
-9.88394647657898
30
0
41
1
10
70.6303585259972
20
-9.92534127792595
30
0
41
1
10
70.6311095780899
20
-9.94535971387211
30
0
41
1
10
70.6311262445215
20
-9.95563502249394
30
0
41
1
10
70.6311144389327
20
-9.95998514365991
30
0
41
1
10
70.6311106142524
20
-9.96132619925086
30
0
0
SPLINE
5
109
100
AcDbEntity
8
1
62
256
6
ByLayer
370
18
48
1
60
0
100
AcDbSpline
70
4
71
3
72
13
73
9
40
0
40
0
40
0
40
0
40
0.25
40
0.25
40
0.5
40
0.5
40
0.75
40
1
40
1
40
1
40
1
41
1
10
70.6311106142524
20
-9.96132619925086
30
0
41
1
10
70.6311430556416
20
-9.92492096003542
30
0
41
1
10
70.631175682631
20
-9.87857527104981
30
0
41
1
10
70.6312409904949
20
-9.76618208838943
30
0
41
1
10
70.6312737271119
20
-9.70012565520773
30
0
41
1
10
70.6313395375335
20
-9.54816492062531
30
0
41
1
10
70.6314053329981
20
-9.37725748574113
30
0
41
1
10
70.6314707497493
20
-9.16880819941454
30
0
41
1
10
70.6315034626133
20
-9.05511397732715
30
0
0
SPLINE
5
10A
100
AcDbEntity
8
1
62
256
6
ByLayer
370
18
48
1
60
0
100
AcDbSpline
70
4
71
3
72
12
73
8
40
0
40
0
40
0
40
0
40
0.196706779157597
40
0.196706779157597
40
0.598353389578798
40
0.598353389578798
40
1
40
1
40
1
40
1
41
1
10
27.7756044440324
20
8.98488257605234
30
0
41
1
10
27.8403568636299
20
8.97062910709522
30
0
41
1
10
27.9056045802467
20
8.95560122815991
30
0
41
1
10
28.105786632254
20
8.90757174391106
30
0
41
1
10
28.2424988062888
20
8.87215589302167
30
0
41
1
10
28.5219239708142
20
8.79528346167049
30
0
41
1
10
28.6646340615611
20
8.75382598342296
30
0
41
1
10
28.8111334975422
20
8.70956096434659
30
0
0
SPLINE
5
10B
100
AcDbEntity
8
1
62
256
6
ByLayer
370
18
48
1
60
0
100
AcDbSpline
70
4
71
3
72
8
73
4
40
0
40
0
40
0
40
0
40
1
40
1
40
1
40
1
41
1
10
54.6309610967429
20
-9.64488218528831
30
0
41
1
10
54.6309619709755
20
-9.68206331650779
30
0
41
1
10
54.6309628353059
20
-9.71781072124958
30
0
41
1
10
54.6309636892739
20
-9.75212438844133
30
0
0
SPLINE
5
10C
100
AcDbEntity
8
1
62
256
6
ByLayer
370
18
48
1
60
0
100
AcDbSpline
70
4
71
3
72
13
73
9
40
0
40
0
40
0
40
0
40
0.25
40
0.25
40
0.5
40
0.5
40
0.75
40
1
40
1
40
1
40
1
41
1
10
54.630961096743
20
-9.64488218528757
30
0
41
1
10
54.6309588452323
20
-9.54912538013366
30
0
41
1
10
54.6309566226922
20
-9.44421818947873
30
0
41
1
10
54.6309519325606
20
-9.2162679880629
30
0
41
1
10
54.6309495170361
20
-9.09320940861213
30
0
41
1
10
54.6309447511555
20
-8.82885159962015
30
0
41
1
10
54.6309401113353
20
-8.54781715025965
30
0
41
1
10
54.630935415059
20
-8.23373903991342
30
0
41
1
10
54.6309331592896
20
-8.06836506198192
30
0
0
SPLINE
5
10D
100
AcDbEntity
8
1
62
256
6
ByLayer
370
13
48
1
60
0
100
AcDbSpline
70
4
71
3
72
15
73
11
40
0
40
0
40
0
40
0
40
0.17642928004366
40
0.385951464219033
40
0.595473648394405
40
0.804995832569777
40
0.909756924657463
40
0.962137470701306
40
0.988327743723228
40
1
40
1
40
1
40
1
41
1
10
54.4606219562453
20
-9.38909129835045
30
0
41
1
10
54.4787804503505
20
-9.39803507567845
30
0
41
1
10
54.516825150858
20
-9.42075028012377
30
0
41
1
10
54.5676849277804
20
-9.46678563705774
30
0
41
1
10
54.606838425166
20
-9.52462443645857
30
0
41
1
10
54.6250334231904
20
-9.57662324985264
30
0
41
1
10
54.6302092320283
20
-9.61313456726771
30
0
41
1
10
54.6309601738429
20
-9.63079143119444
30
0
41
1
10
54.6309767883847
20
-9.63985715254719
30
0
41
1
10
54.6309649380779
20
-9.64369672083151
30
0
41
1
10
54.630961096743
20
-9.64488218528746
30
0
0
SPLINE
5
10E
100
AcDbEntity
8
1
62
256
6
ByLayer
370
18
48
1
60
0
100
AcDbSpline
70
4
71
3
72
16
73
12
40
0
40
0
40
0
40
0
40
0.124999999999973
40
0.124999999999973
40
0.249999999999947
40
0.249999999999947
40
0.499999999999964
40
0.499999999999964
40
0.749999999999982
40
0.749999999999982
40
1
40
1
40
1
40
1
41
1
10
28.272522557788
20
3.86772844828852
30
0
41
1
10
28.2906230515383
20
3.85961299752367
30
0
41
1
10
28.3082429881617
20
3.85095937752757
30
0
41
1
10
28.342927741531
20
3.83303394125119
30
0
41
1
10
28.3599847443668
20
3.82375330776512
30
0
41
1
10
28.4105804510939
20
3.79527455990924
30
0
41
1
10
28.4435552862288
20
3.77545250015945
30
0
41
1
10
28.5086581649455
20
3.73488580603475
30
0
41
1
10
28.5407542923256
20
3.7141359220025
30
0
41
1
10
28.6041441651473
20
3.67216911270018
30
0
41
1
10
28.6354705362811
20
3.65092491530936
30
0
41
1
10
28.6665316737867
20
3.62949801272535
30
0
0
SPLINE
5
10F
100
AcDbEntity
8
1
62
256
6
ByLayer
370
18
48
1
60
0
100
AcDbSpline
70
4
71
3
72
18
73
14
40
0
40
0
40
0
40
0
40
0.250000000000006
40
0.250000000000006
40
0.375000000000009
40
0.375000000000009
40
0.500000000000012
40
0.500000000000012
40
0.750000000000017
40
0.750000000000017
40
0.875000000000009
40
0.875000000000009
40
1
40
1
40
1
40
1
41
1
10
28.8111334975423
20
8.70956096434665
30
0
41
1
10
28.8658478356774
20
8.75007611713218
30
0
41
1
10
28.9229806139884
20
8.78661186997732
30
0
41
1
10
29.012116069242
20
8.8353883960045
30
0
41
1
10
29.0424024590151
20
8.85064225071804
30
0
41
1
10
29.1041160107057
20
8.87912188735899
30
0
41
1
10
29.1355801085103
20
8.89236052890959
30
0
41
1
10
29.2313220091315
20
8.92885979864366
30
0
41
1
10
29.2969792946817
20
8.94894169086507
30
0
41
1
10
29.398282547579
20
8.97268838702885
30
0
41
1
10
29.4325582106829
20
8.97954443632909
30
0
41
1
10
29.5018293860928
20
8.99106770216531
30
0
41
1
10
29.5368400301591
20
8.99574117559709
30
0
41
1
10
29.5722451516898
20
8.99932788101663
30
0
0
SPLINE
5
110
100
AcDbEntity
8
1
62
256
6
ByLayer
370
18
48
1
60
0
100
AcDbSpline
70
4
71
3
72
11
73
7
40
0
40
0
40
0
40
0
40
0.0044565010170561
40
0.338750327190754
40
0.673044153364453
40
1
40
1
40
1
40
1
41
1
10
28.8111334975423
20
8.70956096434665
30
0
41
1
10
28.8111334975423
20
8.70902480508713
30
0
41
1
10
28.8111334975423
20
8.66798034437187
30
0
41
1
10
28.8111334975422
20
8.54269962736024
30
0
41
1
10
28.8111334975424
20
8.2322315083093
30
0
41
1
10
28.8111334975422
20
7.94656232445794
30
0
41
1
10
28.8111334975422
20
7.78738695019044
30
0
0
SPLINE
5
111
100
AcDbEntity
8
1
62
256
6
ByLayer
370
13
48
1
60
0
100
AcDbSpline
70
4
71
3
72
10
73
6
40
0
40
0
40
0
40
0
40
0.32232180370506
40
0.667888262470404
40
1
40
1
40
1
40
1
41
1
10
29.9999999999996
20
8.98878776451696
30
0
41
1
10
29.9999999999996
20
8.90430975064501
30
0
41
1
10
29.9999999999997
20
8.68948648537437
30
0
41
1
10
29.9999999999995
20
8.24832804497393
30
0
41
1
10
29.9999999999993
20
7.87123001699976
30
0
41
1
10
29.9999999999993
20
7.66873568627921
30
0
0
SPLINE
5
112
100
AcDbEntity
8
1
62
256
6
ByLayer
370
18
48
1
60
0
100
AcDbSpline
70
4
71
3
72
8
73
4
40
0
40
0
40
0
40
0
40
1
40
1
40
1
40
1
41
1
10
38.6307142893729
20
-9.025125788417
30
0
41
1
10
38.630715010023
20
-9.07887133037596
30
0
41
1
10
38.630715754818
20
-9.13130630214019
30
0
41
1
10
38.6307165238034
20
-9.18243080989694
30
0
0
SPLINE
5
113
100
AcDbEntity
8
1
62
256
6
ByLayer
370
13
48
1
60
0
100
AcDbSpline
70
4
71
3
72
8
73
4
40
0
40
0
40
0
40
0
40
1
40
1
40
1
40
1
41
1
10
91.4317581974501
20
-8.07878544179721
30
0
41
1
10
91.4202670748014
20
-8.02256409736009
30
0
41
1
10
91.408731723689
20
-7.96612636121171
30
0
41
1
10
91.3971548905709
20
-7.90948567064368
30
0
0
SPLINE
5
114
100
AcDbEntity
8
1
62
256
6
ByLayer
370
18
48
1
60
0
100
AcDbSpline
70
4
71
3
72
18
73
14
40
0
40
0
40
0
40
0
40
0.25000000000003
40
0.25000000000003
40
0.37500000000003
40
0.37500000000003
40
0.50000000000003
40
0.50000000000003
40
0.749999999999956
40
0.749999999999956
40
0.874999999999978
40
0.874999999999978
40
1
40
1
40
1
40
1
41
1
10
91.9729189402863
20
-7.87623126626605
30
0
41
1
10
91.9735026103688
20
-7.90306523477113
30
0
41
1
10
91.9710660436634
20
-7.9294590195052
30
0
41
1
10
91.9629646401145
20
-7.96840163460951
30
0
41
1
10
91.9595217717067
20
-7.98127430529883
30
0
41
1
10
91.9511073663759
20
-8.00679685120843
30
0
41
1
10
91.9461532752542
20
-8.01936259559014
30
0
41
1
10
91.9293027878938
20
-8.05596023460927
30
0
41
1
10
91.9153641597728
20
-8.07911744616848
30
0
41
1
10
91.8904142316223
20
-8.11199853993298
30
0
41
1
10
91.8813673450616
20
-8.12270268973208
30
0
41
1
10
91.862149472744
20
-8.14315531809595
30
0
41
1
10
91.8520002983496
20
-8.15289526968451
30
0
41
1
10
91.841325007045
20
-8.16216157174617
30
0
0
SPLINE
5
115
100
AcDbEntity
8
1
62
256
6
ByLayer
370
13
48
1
60
0
100
AcDbSpline
70
4
71
1
72
4
73
2
40
0
40
0
40
1
40
1
41
1
10
91.7668922537888
20
-6.85827729796182
30
0
41
1
10
91.9720177731195
20
-7.86187223187292
30
0
0
SPLINE
5
116
100
AcDbEntity
8
1
62
256
6
ByLayer
370
18
48
1
60
0
100
AcDbSpline
70
4
71
3
72
59
73
55
40
0
40
0
40
0
40
0
40
0.0156249999999992
40
0.0156249999999992
40
0.0312499999999985
40
0.0312499999999985
40
0.0624999999999969
40
0.0624999999999969
40
0.125000000000014
40
0.18750000000003
40
0.18750000000003
40
0.20312500000003
40
0.20312500000003
40
0.21875000000003
40
0.25000000000003
40
0.25000000000003
40
0.31250000000003
40
0.31250000000003
40
0.34375000000003
40
0.34375000000003
40
0.37500000000003
40
0.37500000000003
40
0.43750000000003
40
0.43750000000003
40
0.500000000000031
40
0.500000000000031
40
0.53125000000003
40
0.53125000000003
40
0.56250000000003
40
0.56250000000003
40
0.625000000000025
40
0.625000000000025
40
0.687500000000019
40
0.687500000000019
40
0.718750000000016
40
0.718750000000016
40
0.734375000000014
40
0.734375000000014
40
0.750000000000013
40
0.750000000000013
40
0.812500000000005
40
0.812500000000005
40
0.843750000000004
40
0.843750000000004
40
0.859375
40
0.859375
40
0.874999999999996
40
0.874999999999996
40
0.937499999999999
40
0.937499999999999
40
0.953125000000004
40
0.953125000000004
40
0.968750000000008
40
1
40
1
40
1
40
1
41
1
10
91.0093276196978
20
-1.99E-13
30
0
41
1
10
90.993982011251
20
-0.008973521166439
30
0
41
1
10
90.9787281585103
20
-0.0181691263576624
30
0
41
1
10
90.9483991686935
20
-0.0369973582069747
30
0
41
1
10
90.933299403292
20
-0.0466465972551759
30
0
41
1
10
90.8885158669006
20
-0.076069941798778
30
0
41
1
10
90.8593115702055
20
-0.0963372867012424
30
0
41
1
10
90.7735179323899
20
-0.158890461927626
30
0
41
1
10
90.663967179161
20
-0.246950990997107
30
0
41
1
10
90.562936470936
20
-0.342499223841003
30
0
41
1
10
90.5022019549618
20
-0.404123068267495
30
0
41
1
10
90.4901630522574
20
-0.416557951132887
30
0
41
1
10
90.4664851648608
20
-0.44143741786263
30
0
41
1
10
90.4315116685708
20
-0.478827708839816
30
0
41
1
10
90.3981069951168
20
-0.516380801359247
30
0
41
1
10
90.3332580021585
20
-0.5916007571129
30
0
41
1
10
90.2926288702139
20
-0.641889782614612
30
0
41
1
10
90.2352576864296
20
-0.717306199897394
30
0
41
1
10
90.216731968068
20
-0.74244455225076
30
0
41
1
10
90.1808521706073
20
-0.792709105213675
30
0
41
1
10
90.1634502421117
20
-0.817908862367148
30
0
41
1
10
90.113448962914
20
-0.892810275137748
30
0
41
1
10
90.0829946866403
20
-0.941850024109186
30
0
41
1
10
90.0275188522693
20
-1.03851258739863
30
0
41
1
10
90.0024981515027
20
-1.0861360337579
30
0
41
1
10
89.9691154574132
20
-1.15686718337807
30
0
41
1
10
89.9586824755116
20
-1.18032763882508
30
0
41
1
10
89.9392585178039
20
-1.22708480606619
30
0
41
1
10
89.9303018071644
20
-1.25030636013034
30
0
41
1
10
89.9059038608232
20
-1.31919014614857
30
0
41
1
10
89.8928436577929
20
-1.36424932119269
30
0
41
1
10
89.8736133209788
20
-1.45332243900532
30
0
41
1
10
89.8674365053616
20
-1.49733296362987
30
0
41
1
10
89.8641418280433
20
-1.56309539441145
30
0
41
1
10
89.8640438563893
20
-1.58497450223675
30
0
41
1
10
89.8655602858698
20
-1.61780771414308
30
0
41
1
10
89.8663435007495
20
-1.62875464290082
30
0
41
1
10
89.8684997539671
20
-1.65066795982224
30
0
41
1
10
89.8698733232314
20
-1.66162642433019
30
0
41
1
10
89.878238270253
20
-1.7161140050795
30
0
41
1
10
89.8897027106926
20
-1.75902335561838
30
0
41
1
10
89.9154939879823
20
-1.82292100711001
30
0
41
1
10
89.9255316445796
20
-1.84414293646233
30
0
41
1
10
89.9430327389647
20
-1.87594117177306
30
0
41
1
10
89.949292172588
20
-1.88656079836261
30
0
41
1
10
89.962567777589
20
-1.90762057462925
30
0
41
1
10
89.9695873449479
20
-1.918070925249
30
0
41
1
10
90.0066507539402
20
-1.96995192167401
30
0
41
1
10
90.0425414618448
20
-2.01026868731003
30
0
41
1
10
90.096561551422
20
-2.05961050011203
30
0
41
1
10
90.1078578471491
20
-2.06945045161439
30
0
41
1
10
90.1311630329059
20
-2.08882866733134
30
0
41
1
10
90.1672437074127
20
-2.11749933534858
30
0
41
1
10
90.2066919552446
20
-2.14505069397714
30
0
41
1
10
90.2345047273307
20
-2.162979951632
30
0
0
SPLINE
5
117
100
AcDbEntity
8
1
62
256
6
ByLayer
370
18
48
1
60
0
100
AcDbSpline
70
4
71
3
72
54
73
50
40
0
40
0
40
0
40
0
40
0.0624999999999797
40
0.0624999999999797
40
0.0781249999999711
40
0.0781249999999711
40
0.0937499999999624
40
0.0937499999999624
40
0.124999999999956
40
0.124999999999956
40
0.187499999999936
40
0.187499999999936
40
0.203124999999928
40
0.203124999999928
40
0.218749999999921
40
0.249999999999905
40
0.249999999999905
40
0.312499999999874
40
0.312499999999874
40
0.343749999999858
40
0.343749999999858
40
0.359374999999851
40
0.359374999999851
40
0.374999999999844
40
0.374999999999844
40
0.437499999999825
40
0.437499999999825
40
0.499999999999805
40
0.499999999999805
40
0.562499999999786
40
0.562499999999786
40
0.578124999999783
40
0.578124999999783
40
0.593749999999781
40
0.624999999999787
40
0.624999999999787
40
0.68749999999981
40
0.68749999999981
40
0.749999999999833
40
0.749999999999833
40
0.812499999999856
40
0.874999999999879
40
0.874999999999879
40
0.90624999999989
40
0.921874999999905
40
0.921874999999905
40
0.93749999999992
40
0.93749999999992
40
1
40
1
40
1
40
1
41
1
10
90.1471879375387
20
1.18866132822566
30
0
41
1
10
90.0924648407203
20
1.16720205938765
30
0
41
1
10
90.0451931228686
20
1.13963142822178
30
0
41
1
10
89.9944406061822
20
1.09905826478749
30
0
41
1
10
89.9847095369017
20
1.0906355637598
30
0
41
1
10
89.9660713563437
20
1.07320328556614
30
0
41
1
10
89.9571553871491
20
1.0641791787065
30
0
41
1
10
89.931935798509
20
1.03663409397547
30
0
41
1
10
89.9170303588418
20
1.01753484358966
30
0
41
1
10
89.8773411492302
20
0.95847949028618
30
0
41
1
10
89.8575453076006
20
0.916783517061276
30
0
41
1
10
89.8396717684415
20
0.862816811104324
30
0
41
1
10
89.8364546238224
20
0.851958334195189
30
0
41
1
10
89.8307222703357
20
0.830245620456481
30
0
41
1
10
89.8231602947378
20
0.797630031214936
30
0
41
1
10
89.8184979001924
20
0.764947087456136
30
0
41
1
10
89.8126164517786
20
0.699656727645078
30
0
41
1
10
89.8132614140019
20
0.656232760836929
30
0
41
1
10
89.8200145307245
20
0.591816532139035
30
0
41
1
10
89.8232370144222
20
0.570463548052885
30
0
41
1
10
89.8294485827773
20
0.538680113309482
30
0
41
1
10
89.8317509283753
20
0.528121668026557
30
0
41
1
10
89.836776899872
20
0.507207622561992
30
0
41
1
10
89.8395029179594
20
0.496838241938605
30
0
41
1
10
89.8541558582284
20
0.445446008393844
30
0
41
1
10
89.8691294203895
20
0.405782945993593
30
0
41
1
10
89.9048795940191
20
0.329843222416486
30
0
41
1
10
89.9256597929852
20
0.29356553634608
30
0
41
1
10
89.9728135908058
20
0.225004609938594
30
0
41
1
10
89.9991864268245
20
0.192720206205394
30
0
41
1
10
90.0357886067728
20
0.155339717881361
30
0
41
1
10
90.0433001310473
20
0.148005997749351
30
0
41
1
10
90.0586102302448
20
0.133728913556951
30
0
41
1
10
90.0820309559896
20
0.11287164626404
30
0
41
1
10
90.1068145914867
20
0.0937181452109428
30
0
41
1
10
90.1582210678384
20
0.0577616981753977
30
0
41
1
10
90.1949325864546
20
0.0369262199540685
30
0
41
1
10
90.2736314388124
20
0.0019383152366572
30
0
41
1
10
90.3156358863058
20
-0.0122156857035236
30
0
41
1
10
90.4056359556902
20
-0.0334852988331704
30
0
41
1
10
90.4996800250061
20
-0.0472573556187115
30
0
41
1
10
90.6025772356821
20
-0.0476132854559239
30
0
41
1
10
90.6835217430358
20
-0.0435789829943474
30
0
41
1
10
90.7249393745194
20
-0.0404887194714831
30
0
41
1
10
90.7678828411117
20
-0.0359466220873799
30
0
41
1
10
90.79686456512
20
-0.0326150258063365
30
0
41
1
10
90.8115503934713
20
-0.03079466735349
30
0
41
1
10
90.8854612340462
20
-0.0210430296397988
30
0
41
1
10
90.9463823293319
20
-0.011140754168963
30
0
41
1
10
91.0093276196977
20
-2.842E-13
30
0
0
SPLINE
5
118
100
AcDbEntity
8
1
62
256
6
ByLayer
370
18
48
1
60
0
100
AcDbSpline
70
4
71
3
72
11
73
7
40
0
40
0
40
0
40
0
40
0.0044565010170529
40
0.338750327190756
40
0.673044153364459
40
1
40
1
40
1
40
1
41
1
10
28.8111334975422
20
-8.40699941775171
30
0
41
1
10
28.8111334975422
20
-8.40921654743278
30
0
41
1
10
28.8111334975422
20
-8.57748624529475
30
0
41
1
10
28.8111334975422
20
-8.8724896684534
30
0
41
1
10
28.8111334975423
20
-9.18812120242674
30
0
41
1
10
28.8111334975422
20
-9.31564480368121
30
0
41
1
10
28.8111334975421
20
-9.35816614005628
30
0
0
SPLINE
5
119
100
AcDbEntity
8
1
62
256
6
ByLayer
370
18
48
1
60
0
100
AcDbSpline
70
4
71
3
72
13
73
9
40
0
40
0
40
0
40
0
40
0.25
40
0.25
40
0.5
40
0.5
40
0.75
40
1
40
1
40
1
40
1
41
1
10
38.6307142893729
20
-9.025125788417
30
0
41
1
10
38.6307124330163
20
-8.88668014977205
30
0
41
1
10
38.6307108340516
20
-8.74005608665502
30
0
41
1
10
38.6307078359347
20
-8.43059844990736
30
0
41
1
10
38.6307064894867
20
-8.26774474063313
30
0
41
1
10
38.6307043025502
20
-7.92575907929168
30
0
41
1
10
38.6307026696027
20
-7.5695167923688
30
0
41
1
10
38.6307018072337
20
-7.18502577523066
30
0
41
1
10
38.6307016726952
20
-6.98565476673369
30
0
0
SPLINE
5
11A
100
AcDbEntity
8
1
62
256
6
ByLayer
370
13
48
1
60
0
100
AcDbSpline
70
4
71
3
72
15
73
11
40
0
40
0
40
0
40
0
40
0.176408304861596
40
0.385980438141902
40
0.595552571422209
40
0.805124704702515
40
0.909910771342668
40
0.962303804662745
40
0.988500321322783
40
1
40
1
40
1
40
1
41
1
10
38.4604011359365
20
-8.80599122504992
30
0
41
1
10
38.4785523616224
20
-8.81365356338833
30
0
41
1
10
38.5165894253605
20
-8.8331165818428
30
0
41
1
10
38.56744261338
20
-8.87256071794894
30
0
41
1
10
38.6065945949942
20
-8.92212309937091
30
0
41
1
10
38.6247882302996
20
-8.96668085118779
30
0
41
1
10
38.6299630822976
20
-8.99796723677247
30
0
41
1
10
38.6307135613851
20
-9.0130972926404
30
0
41
1
10
38.6307299065289
20
-9.02085055369881
30
0
41
1
10
38.6307180976875
20
-9.02412527603801
30
0
41
1
10
38.6307142893729
20
-9.025125788417
30
0
0
SPLINE
5
11B
100
AcDbEntity
8
1
62
256
6
ByLayer
370
18
48
1
60
0
100
AcDbSpline
70
4
71
3
72
10
73
6
40
0
40
0
40
0
40
0
40
0.5
40
0.5
40
1
40
1
40
1
40
1
41
1
10
24.6356005717303
20
-6.11520347923474
30
0
41
1
10
24.8145767800384
20
-6.2682978643021
30
0
41
1
10
24.99280497187
20
-6.41642533408188
30
0
41
1
10
25.3477998107499
20
-6.70297544847199
30
0
41
1
10
25.5245634840358
20
-6.84137834695912
30
0
41
1
10
25.7005697078841
20
-6.97475169421418
30
0
0
SPLINE
5
11C
100
AcDbEntity
8
1
62
256
6
ByLayer
370
18
48
1
60
0
100
AcDbSpline
70
4
71
3
72
24
73
20
40
0
40
0
40
0
40
0
40
0.249999999999996
40
0.249999999999996
40
0.499999999999993
40
0.499999999999993
40
0.624999999999991
40
0.624999999999991
40
0.749999999999989
40
0.749999999999989
40
0.812499999999988
40
0.812499999999988
40
0.874999999999987
40
0.874999999999987
40
0.937499999999986
40
0.937499999999986
40
0.968749999999993
40
0.968749999999993
40
1
40
1
40
1
40
1
41
1
10
91.6627874832748
20
-6.82927586436173
30
0
41
1
10
91.6732860881442
20
-6.84279043061258
30
0
41
1
10
91.6836969731268
20
-6.85546703339628
30
0
41
1
10
91.7041736981988
20
-6.87815016284969
30
0
41
1
10
91.7142675180603
20
-6.88822747110211
30
0
41
1
10
91.7288558204201
20
-6.89967176547759
30
0
41
1
10
91.7336391876925
20
-6.9028721557107
30
0
41
1
10
91.7428473275305
20
-6.90733760647328
30
0
41
1
10
91.7472802834313
20
-6.90863827647715
30
0
41
1
10
91.7534791470523
20
-6.90813503249225
30
0
41
1
10
91.7554777050397
20
-6.90754504712018
30
0
41
1
10
91.7592051404192
20
-6.90517270509608
30
0
41
1
10
91.7609303978946
20
-6.90340405483676
30
0
41
1
10
91.7639697021204
20
-6.89813685873233
30
0
41
1
10
91.7652636457968
20
-6.89464901749446
30
0
41
1
10
91.7666639538897
20
-6.88776211939043
30
0
41
1
10
91.7670428106503
20
-6.88518395960915
30
0
41
1
10
91.7675871489465
20
-6.87934191039483
30
0
41
1
10
91.7677479808419
20
-6.87608729977526
30
0
41
1
10
91.7677832928173
20
-6.87258677950965
30
0
0
SPLINE
5
11D
100
AcDbEntity
8
1
62
256
6
ByLayer
370
18
48
1
60
0
100
AcDbSpline
70
4
71
1
72
4
73
2
40
0
40
0
40
1
40
1
41
1
10
91.7677832928167
20
-6.87258677950575
30
0
41
1
10
91.7668922537887
20
-6.85827729796182
30
0
0
SPLINE
5
11E
100
AcDbEntity
8
1
62
256
6
ByLayer
370
18
48
1
60
0
100
AcDbSpline
70
4
71
1
72
4
73
2
40
0
40
0
40
1
40
1
41
1
10
91.7668922537887
20
-6.85827729796182
30
0
41
1
10
91.7631377975009
20
-6.79798328021917
30
0
0
SPLINE
5
11F
100
AcDbEntity
8
1
62
256
6
ByLayer
370
18
48
1
60
0
100
AcDbSpline
70
4
71
3
72
18
73
14
40
0
40
0
40
0
40
0
40
0.249999999999998
40
0.249999999999998
40
0.499999999999997
40
0.499999999999997
40
0.562499999999997
40
0.562499999999997
40
0.624999999999997
40
0.624999999999997
40
0.749999999999999
40
0.749999999999999
40
1
40
1
40
1
40
1
41
1
10
29.9999999999986
20
7.66873568627918
30
0
41
1
10
30.0008709926881
20
7.82110756288461
30
0
41
1
10
30.0018576337666
20
7.96298565026862
30
0
41
1
10
30.003713621952
20
8.22600897762092
30
0
41
1
10
30.004645511579
20
8.34714803261821
30
0
41
1
10
30.0057137819356
20
8.48547601673141
30
0
41
1
10
30.0059225462337
20
8.51245940555023
30
0
41
1
10
30.0063327117834
20
8.56499640102064
30
0
41
1
10
30.0065341975433
20
8.59056106005625
30
0
41
1
10
30.0071378815557
20
8.66515006835107
30
0
41
1
10
30.0075495728856
20
8.71206933283571
30
0
41
1
10
30.0088035244262
20
8.84443482138673
30
0
41
1
10
30.0095967055805
20
8.92151050174272
30
0
41
1
10
30.0103955356543
20
8.98730622798561
30
0
0
SPLINE
5
120
100
AcDbEntity
8
1
62
256
6
ByLayer
370
18
48
1
60
0
100
AcDbSpline
70
4
71
3
72
8
73
4
40
0
40
0
40
0
40
0
40
1
40
1
40
1
40
1
41
1
10
29.9998610659022
20
7.64410073784936
30
0
41
1
10
29.9999073774221
20
7.65234121825219
30
0
41
1
10
29.9999536887879
20
7.66055289062749
30
0
41
1
10
29.9999999999993
20
7.66873568627921
30
0
0
SPLINE
5
121
100
AcDbEntity
8
1
62
256
6
ByLayer
370
18
48
1
60
0
100
AcDbSpline
70
4
71
3
72
18
73
14
40
0
40
0
40
0
40
0
40
0.25
40
0.25
40
0.375
40
0.375
40
0.4375
40
0.4375
40
0.5
40
0.5
40
0.75
40
0.75
40
1
40
1
40
1
40
1
41
1
10
33.4807586239691
20
7.52857184939859
30
0
41
1
10
33.4798131522015
20
7.37998510885572
30
0
41
1
10
33.4789211199504
20
7.22154690221131
30
0
41
1
10
33.477565813734
20
6.96926806712514
30
0
41
1
10
33.4771049714655
20
6.8827354056165
30
0
41
1
10
33.4764330586107
20
6.74926233031826
30
0
41
1
10
33.4762091368804
20
6.70415902838221
30
0
41
1
10
33.4757581303618
20
6.61272370584177
30
0
41
1
10
33.4755322007233
20
6.56636909906771
30
0
41
1
10
33.4744115782712
20
6.33177252070232
30
0
41
1
10
33.4734803697327
20
6.1356248682871
30
0
41
1
10
33.4716810499515
20
5.72655266426324
30
0
41
1
10
33.4708049702421
20
5.51362872226503
30
0
41
1
10
33.4698724640675
20
5.29222624135306
30
0
0
SPLINE
5
122
100
AcDbEntity
8
1
62
256
6
ByLayer
370
13
48
1
60
0
100
AcDbSpline
70
4
71
3
72
15
73
11
40
0
40
0
40
0
40
0
40
0.176349991836755
40
0.385876418214331
40
0.595402844591908
40
0.804929270969485
40
0.909692484158273
40
0.962074090752667
40
0.988264894049864
40
1
40
1
40
1
40
1
41
1
10
34.4607220786963
20
4.39950229764892
30
0
41
1
10
34.4788716802502
20
4.4075437813147
30
0
41
1
10
34.5169080263906
20
4.42797104610832
30
0
41
1
10
34.5677625579509
20
4.46937055052786
30
0
41
1
10
34.6069183569522
20
4.52139268855692
30
0
41
1
10
34.6251154242046
20
4.56816254955936
30
0
41
1
10
34.6302926859681
20
4.60100250176046
30
0
41
1
10
34.6310443304178
20
4.61688393565018
30
0
41
1
10
34.6310613174977
20
4.62504374827145
30
0
41
1
10
34.6310495694653
20
4.62850300953511
30
0
41
1
10
34.6310457529701
20
4.62957501172932
30
0
0
SPLINE
5
123
100
AcDbEntity
8
1
62
256
6
ByLayer
370
18
48
1
60
0
100
AcDbSpline
70
4
71
3
72
10
73
6
40
0
40
0
40
0
40
0
40
0.5
40
0.5
40
1
40
1
40
1
40
1
41
1
10
91.6627874832749
20
4.97751580256309
30
0
41
1
10
91.5616226699159
20
5.25266800513216
30
0
41
1
10
91.4613743958149
20
5.51710139584705
30
0
41
1
10
91.2627366335287
20
6.02422990873316
30
0
41
1
10
91.1643468313877
20
6.26692870258097
30
0
41
1
10
91.0669301540475
20
6.49824692373355
30
0
0
SPLINE
5
124
100
AcDbEntity
8
1
62
256
6
ByLayer
370
18
48
1
60
0
100
AcDbSpline
70
4
71
3
72
24
73
20
40
0
40
0
40
0
40
0
40
0.249999999999989
40
0.249999999999989
40
0.499999999999977
40
0.499999999999977
40
0.624999999999972
40
0.624999999999972
40
0.749999999999966
40
0.749999999999966
40
0.812499999999981
40
0.812499999999981
40
0.874999999999996
40
0.874999999999996
40
0.93750000000001
40
0.93750000000001
40
0.968750000000005
40
0.968750000000005
40
1
40
1
40
1
40
1
41
1
10
91.6627874832749
20
4.97751580256309
30
0
41
1
10
91.6732885610493
20
4.94024270866728
30
0
41
1
10
91.6836886067856
20
4.90287030712335
30
0
41
1
10
91.7041773402855
20
4.8278194602438
30
0
41
1
10
91.7142584211129
20
4.79019527652238
30
0
41
1
10
91.7288618854192
20
4.73371505857992
30
0
41
1
10
91.7336314197823
20
4.71491972265324
30
0
41
1
10
91.7428311203136
20
4.67759753229748
30
0
41
1
10
91.7472722922026
20
4.65904662119544
30
0
41
1
10
91.7535063430371
20
4.63151724838241
30
0
41
1
10
91.755496484888
20
4.62245631915761
30
0
41
1
10
91.759212511782
20
4.60473929263693
30
0
41
1
10
91.7609537011832
20
4.59600536150452
30
0
41
1
10
91.7639705476425
20
4.57952366230617
30
0
41
1
10
91.7652511204639
20
4.57176719093016
30
0
41
1
10
91.7666640900918
20
4.56121218640234
30
0
41
1
10
91.7670501971724
20
4.55785533124416
30
0
41
1
10
91.767590002856
20
4.55181029587575
30
0
41
1
10
91.767747911194
20
4.54909764943298
30
0
41
1
10
91.7677832928174
20
4.54672401520801
30
0
0
SPLINE
5
125
100
AcDbEntity
8
1
62
256
6
ByLayer
370
18
48
1
60
0
100
AcDbSpline
70
4
71
3
72
38
73
34
40
0
40
0
40
0
40
0
40
0.015624999999989
40
0.015624999999989
40
0.0312499999999781
40
0.0312499999999781
40
0.0390624999999726
40
0.0390624999999726
40
0.0468749999999672
40
0.0468749999999672
40
0.0546874999999617
40
0.0546874999999617
40
0.0624999999999563
40
0.0624999999999563
40
0.0781249999999449
40
0.0781249999999449
40
0.0937499999999336
40
0.0937499999999336
40
0.124999999999935
40
0.124999999999935
40
0.156249999999937
40
0.156249999999937
40
0.187499999999939
40
0.187499999999939
40
0.249999999999943
40
0.249999999999943
40
0.374999999999951
40
0.374999999999951
40
0.499999999999959
40
0.499999999999959
40
0.74999999999998
40
0.74999999999998
40
1
40
1
40
1
40
1
41
1
10
91.3971548905718
20
3.81582532680079
30
0
41
1
10
91.4029131453689
20
3.81042939870602
30
0
41
1
10
91.408973130034
20
3.8053255826386
30
0
41
1
10
91.4222042976027
20
3.79619918546069
30
0
41
1
10
91.4292821123277
20
3.79221747992574
30
0
41
1
10
91.4409914489919
20
3.78825948607616
30
0
41
1
10
91.4450151733755
20
3.78731811659549
30
0
41
1
10
91.4531636364015
20
3.78645109464395
30
0
41
1
10
91.4573118727446
20
3.78654311094405
30
0
41
1
10
91.4652079742492
20
3.78779043311493
30
0
41
1
10
91.4690699609772
20
3.78896027691178
30
0
41
1
10
91.4761782610862
20
3.79204746432555
30
0
41
1
10
91.4794756343118
20
3.79395997249247
30
0
41
1
10
91.4888025137979
20
3.80050791385179
30
0
41
1
10
91.4939821325394
20
3.80568594638845
30
0
41
1
10
91.5033412482931
20
3.81681211316064
30
0
41
1
10
91.5074706302146
20
3.82276369065554
30
0
41
1
10
91.5186843746727
20
3.84091336389903
30
0
41
1
10
91.5247662254563
20
3.8535768188209
30
0
41
1
10
91.5357080947762
20
3.87937360249592
30
0
41
1
10
91.5405281221492
20
3.89255110652269
30
0
41
1
10
91.5493589595669
20
3.91906676450142
30
0
41
1
10
91.5533561718178
20
3.93238870307633
30
0
41
1
10
91.5645249848862
20
3.97245909444663
30
0
41
1
10
91.5708898102252
20
3.9993088563221
30
0
41
1
10
91.5882120907127
20
4.07996677592055
30
0
41
1
10
91.5974149714443
20
4.13387994330682
30
0
41
1
10
91.6135518576829
20
4.24149082610094
30
0
41
1
10
91.6204117561988
20
4.29522995170788
30
0
41
1
10
91.6384659840452
20
4.45573705343372
30
0
41
1
10
91.6471531031593
20
4.56172714247026
30
0
41
1
10
91.6591570980741
20
4.77148864775049
30
0
41
1
10
91.6624178079149
20
4.87517804973962
30
0
41
1
10
91.6627874832749
20
4.97751580256309
30
0
0
SPLINE
5
126
100
AcDbEntity
8
1
62
256
6
ByLayer
370
18
48
1
60
0
100
AcDbSpline
70
4
71
1
72
4
73
2
40
0
40
0
40
1
40
1
41
1
10
91.7677832928173
20
4.54672401520821
30
0
41
1
10
91.7668922537881
20
4.5415585088592
30
0
0
SPLINE
5
127
100
AcDbEntity
8
1
62
256
6
ByLayer
370
18
48
1
60
0
100
AcDbSpline
70
4
71
3
72
18
73
14
40
0
40
0
40
0
40
0
40
0.25
40
0.25
40
0.5
40
0.5
40
0.625
40
0.625
40
0.75
40
0.75
40
0.875
40
0.875
40
1
40
1
40
1
40
1
41
1
10
25.7005697078842
20
-6.97475169421415
30
0
41
1
10
25.9457100040391
20
-7.15002140932501
30
0
41
1
10
26.1908402144205
20
-7.31296894136884
30
0
41
1
10
26.6852262891489
20
-7.61206861099777
30
0
41
1
10
26.9344768994544
20
-7.74819091668653
30
0
41
1
10
27.316023902952
20
-7.93014507430792
30
0
41
1
10
27.4445002317132
20
-7.98708790985168
30
0
41
1
10
27.7050091012161
20
-8.09317150155366
30
0
41
1
10
27.8370409576869
20
-8.14231057075503
30
0
41
1
10
28.1057866322539
20
-8.23240747679216
30
0
41
1
10
28.2424988062888
20
-8.27336577599479
30
0
41
1
10
28.5219239708142
20
-8.34671282343365
30
0
41
1
10
28.664634061561
20
-8.37910222864403
30
0
41
1
10
28.8111334975422
20
-8.40699941775179
30
0
0
SPLINE
5
128
100
AcDbEntity
8
1
62
256
6
ByLayer
370
18
48
1
60
0
100
AcDbSpline
70
4
71
3
72
18
73
14
40
0
40
0
40
0
40
0
40
0.249999999999973
40
0.249999999999973
40
0.37499999999997
40
0.37499999999997
40
0.499999999999967
40
0.499999999999967
40
0.749999999999982
40
0.749999999999982
40
0.874999999999991
40
0.874999999999991
40
1
40
1
40
1
40
1
41
1
10
28.8111334975422
20
-8.40699941775171
30
0
41
1
10
28.8658477593823
20
-8.48166411682692
30
0
41
1
10
28.9229804546821
20
-8.55291744283451
30
0
41
1
10
29.012115776017
20
-8.65472821935549
30
0
41
1
10
29.0424021195733
20
-8.68781919673418
30
0
41
1
10
29.1041155756531
20
-8.75230207987201
30
0
41
1
10
29.1355796057524
20
-8.78372783712513
30
0
41
1
10
29.2313214887183
20
-8.87507887812612
30
0
41
1
10
29.2969789851195
20
-8.93214241844282
30
0
41
1
10
29.398282949046
20
-9.0119464435586
30
0
41
1
10
29.4325586921314
20
-9.03760447725412
30
0
41
1
10
29.5018293380923
20
-9.08676970809734
30
0
41
1
10
29.5368399050264
20
-9.11029231750319
30
0
41
1
10
29.5722451515417
20
-9.13274544053274
30
0
0
SPLINE
5
129
100
AcDbEntity
8
1
62
256
6
ByLayer
370
18
48
1
60
0
100
AcDbSpline
70
4
71
3
72
26
73
22
40
0
40
0
40
0
40
0
40
0.125000000000001
40
0.125000000000001
40
0.250000000000003
40
0.250000000000003
40
0.375000000000005
40
0.375000000000005
40
0.500000000000006
40
0.500000000000006
40
0.625000000000008
40
0.625000000000008
40
0.75000000000001
40
0.75000000000001
40
0.812500000000009
40
0.812500000000009
40
0.843750000000006
40
0.843750000000006
40
0.875000000000003
40
0.875000000000003
40
1
40
1
40
1
40
1
41
1
10
21.705798286397
20
-1.04578027952408
30
0
41
1
10
21.9368526980955
20
-1.17074400781681
30
0
41
1
10
22.1704731439877
20
-1.29328045379435
30
0
41
1
10
22.6439819327329
20
-1.53251668448058
30
0
41
1
10
22.8838712659999
20
-1.6492089558094
30
0
41
1
10
23.3712669679531
20
-1.87600098912935
30
0
41
1
10
23.618776812262
20
-1.98609009357872
30
0
41
1
10
24.1229142917325
20
-2.1994279489856
30
0
41
1
10
24.3795490099372
20
-2.30266394300082
30
0
41
1
10
24.9034343268736
20
-2.50291283593489
30
0
41
1
10
25.1706960931742
20
-2.59991398813642
30
0
41
1
10
25.7170578715523
20
-2.78955757185406
30
0
41
1
10
25.9961720514804
20
-2.88219449158723
30
0
41
1
10
26.4241422534081
20
-3.02042513009405
30
0
41
1
10
26.5683422273262
20
-3.06639374198482
30
0
41
1
10
26.7869340744175
20
-3.13561203268031
30
0
41
1
10
26.8602296298245
20
-3.15874557266307
30
0
41
1
10
27.0073326350889
20
-3.20510661848377
30
0
41
1
10
27.0810720503889
20
-3.22831286116269
30
0
41
1
10
27.4506317041802
20
-3.34467116172718
30
0
41
1
10
27.7490648443717
20
-3.43879709741304
30
0
41
1
10
28.049077793843
20
-3.53661724798627
30
0
0
SPLINE
5
12A
100
AcDbEntity
8
1
62
256
6
ByLayer
370
18
48
1
60
0
100
AcDbSpline
70
4
71
3
72
14
73
10
40
0
40
0
40
0
40
0
40
0.25
40
0.25
40
0.5
40
0.5
40
0.75
40
0.75
40
1
40
1
40
1
40
1
41
1
10
28.0490777938419
20
-3.53661724798584
30
0
41
1
10
28.0928724063361
20
-3.55089661691315
30
0
41
1
10
28.1352566898386
20
-3.56734384324128
30
0
41
1
10
28.21852136398
20
-3.60257750022617
30
0
41
1
10
28.2593705910585
20
-3.62141144804193
30
0
41
1
10
28.3400487111989
20
-3.66068580447879
30
0
41
1
10
28.379869822743
20
-3.68113798636082
30
0
41
1
10
28.458762595869
20
-3.72323742811048
30
0
41
1
10
28.4978315400171
20
-3.74488880151364
30
0
41
1
10
28.5366091422399
20
-3.76701092926012
30
0
0
SPLINE
5
12B
100
AcDbEntity
8
1
62
256
6
ByLayer
370
18
48
1
60
0
100
AcDbSpline
70
4
71
3
72
36
73
32
40
0
40
0
40
0
40
0
40
0.124999999999992
40
0.124999999999992
40
0.187499999999987
40
0.187499999999987
40
0.218749999999986
40
0.218749999999986
40
0.249999999999985
40
0.249999999999985
40
0.374999999999971
40
0.374999999999971
40
0.406249999999967
40
0.406249999999967
40
0.437499999999963
40
0.499999999999956
40
0.562499999999949
40
0.562499999999949
40
0.593749999999946
40
0.593749999999946
40
0.624999999999942
40
0.624999999999942
40
0.749999999999949
40
0.749999999999949
40
0.812499999999959
40
0.812499999999959
40
0.843749999999963
40
0.843749999999963
40
0.874999999999968
40
0.874999999999968
40
1
40
1
40
1
40
1
41
1
10
21.6659267011343
20
8.76341361270622
30
0
41
1
10
21.6530439665647
20
8.81224061801936
30
0
41
1
10
21.6490400282725
20
8.85873614954613
30
0
41
1
10
21.6595924699992
20
8.92498096003629
30
0
41
1
10
21.6658822581028
20
8.94647930706424
30
0
41
1
10
21.6800433310973
20
8.97785021748419
30
0
41
1
10
21.685565647863
20
8.98818112415441
30
0
41
1
10
21.6982463006781
20
9.00846065221663
30
0
41
1
10
21.7053684535177
20
9.01835698262326
30
0
41
1
10
21.7449504349955
20
9.06665595963139
30
0
41
1
10
21.7892781338173
20
9.10151511603189
30
0
41
1
10
21.8619206893063
20
9.14087021616476
30
0
41
1
10
21.8773400645581
20
9.14854187283217
30
0
41
1
10
21.9098443015599
20
9.16342292093518
30
0
41
1
10
21.9607744131479
20
9.18490772867031
30
0
41
1
10
22.0562087456398
20
9.21682959507248
30
0
41
1
10
22.143298977127
20
9.23875439229764
30
0
41
1
10
22.2125136006563
20
9.25400892412944
30
0
41
1
10
22.2362566410796
20
9.25889937987398
30
0
41
1
10
22.2849383740139
20
9.26829013537602
30
0
41
1
10
22.3097106881123
20
9.27275911404504
30
0
41
1
10
22.4356071789704
20
9.29408149997488
30
0
41
1
10
22.5427838646361
20
9.30791168058104
30
0
41
1
10
22.7116153295238
20
9.32529741533241
30
0
41
1
10
22.7692472773571
20
9.33052393729741
30
0
41
1
10
22.8575989473544
20
9.33763370324044
30
0
41
1
10
22.8874059269117
20
9.33988389607467
30
0
41
1
10
22.9471752570805
20
9.34412602933747
30
0
41
1
10
22.9771882455649
20
9.34612241416335
30
0
41
1
10
23.1278589451205
20
9.35553835535015
30
0
41
1
10
23.2503193338099
20
9.36128540394239
30
0
41
1
10
23.3743804908173
20
9.3657448284028
30
0
0
SPLINE
5
12C
100
AcDbEntity
8
1
62
256
6
ByLayer
370
18
48
1
60
0
100
AcDbSpline
70
4
71
3
72
30
73
26
40
0
40
0
40
0
40
0
40
0.125
40
0.125
40
0.250000000000001
40
0.250000000000001
40
0.312500000000001
40
0.312500000000001
40
0.375000000000001
40
0.375000000000001
40
0.500000000000001
40
0.500000000000001
40
0.625000000000001
40
0.625000000000001
40
0.750000000000002
40
0.750000000000002
40
0.812500000000001
40
0.812500000000001
40
0.843750000000001
40
0.843750000000001
40
0.875000000000001
40
0.875000000000001
40
0.937500000000001
40
0.937500000000001
40
1
40
1
40
1
40
1
41
1
10
27.467449421571
20
-9.44427111965925
30
0
41
1
10
27.2999214290866
20
-9.41341638186464
30
0
41
1
10
27.1344207818581
20
-9.36978023556964
30
0
41
1
10
26.8075351893236
20
-9.25646267717829
30
0
41
1
10
26.6460841559632
20
-9.18679177585432
30
0
41
1
10
26.406992211016
20
-9.06191106891202
30
0
41
1
10
26.3278131245769
20
-9.01688215700344
30
0
41
1
10
26.1704822619357
20
-8.91981011967044
30
0
41
1
10
26.0928624154001
20
-8.8681012673803
30
0
41
1
10
25.8631777274689
20
-8.70353651485064
30
0
41
1
10
25.7142982508592
20
-8.58123684972844
30
0
41
1
10
25.4248062986167
20
-8.31125982070392
30
0
41
1
10
25.2841796465954
20
-8.16358933923121
30
0
41
1
10
25.0113957313127
20
-7.84197951514275
30
0
41
1
10
24.8791771151505
20
-7.66805977051879
30
0
41
1
10
24.6872937248182
20
-7.38629613177187
30
0
41
1
10
24.6244127782471
20
-7.2888867527918
30
0
41
1
10
24.5317876161051
20
-7.13731020218549
30
0
41
1
10
24.5011947534979
20
-7.08587347858656
30
0
41
1
10
24.4405997691821
20
-6.98113106667657
30
0
41
1
10
24.4107005656784
20
-6.9279938472873
30
0
41
1
10
24.3222653620661
20
-6.76625210732618
30
0
41
1
10
24.2650165402987
20
-6.65531215939723
30
0
41
1
10
24.1538069979056
20
-6.42712574617363
30
0
41
1
10
24.0998600240972
20
-6.30987378253099
30
0
41
1
10
24.0470271955132
20
-6.1895409920491
30
0
0
SPLINE
5
12D
100
AcDbEntity
8
1
62
256
6
ByLayer
370
18
48
1
60
0
100
AcDbSpline
70
4
71
3
72
41
73
37
40
0
40
0
40
0
40
0
40
0.125000000000002
40
0.125000000000002
40
0.250000000000004
40
0.250000000000004
40
0.312500000000005
40
0.312500000000005
40
0.375000000000007
40
0.375000000000007
40
0.500000000000005
40
0.500000000000005
40
0.562500000000004
40
0.562500000000004
40
0.593750000000004
40
0.593750000000004
40
0.625000000000003
40
0.625000000000003
40
0.687500000000002
40
0.687500000000002
40
0.750000000000001
40
0.750000000000001
40
0.8125
40
0.8125
40
0.828125
40
0.828125
40
0.84375
40
0.875
40
0.875
40
0.9375
40
0.9375
40
0.953125
40
0.953125
40
0.968750000000001
40
0.968750000000001
40
1
40
1
40
1
40
1
41
1
10
23.5020589196071
20
-5.0725444165536
30
0
41
1
10
23.3825272847237
20
-4.93810118935244
30
0
41
1
10
23.2644368615082
20
-4.80053462639731
30
0
41
1
10
23.0322879894677
20
-4.51815470460369
30
0
41
1
10
22.9182220426688
20
-4.37334871043501
30
0
41
1
10
22.7513714512998
20
-4.14959269049862
30
0
41
1
10
22.6965957092212
20
-4.07408109312536
30
0
41
1
10
22.5891369177021
20
-3.92121961399701
30
0
41
1
10
22.5364314613355
20
-3.84384077661386
30
0
41
1
10
22.3818841375777
20
-3.60854969161341
30
0
41
1
10
22.2835567057109
20
-3.44751864956902
30
0
41
1
10
22.1458759111051
20
-3.19797063398718
30
0
41
1
10
22.1016289589639
20
-3.11344675607379
30
0
41
1
10
22.0382265943388
20
-2.9843307164042
30
0
41
1
10
22.0175708391206
20
-2.94086396205415
30
0
41
1
10
21.9774367004268
20
-2.85326792373709
30
0
41
1
10
21.9579864080588
20
-2.80920262655988
30
0
41
1
10
21.9016402052417
20
-2.67615307756711
30
0
41
1
10
21.8667399991759
20
-2.58631821700578
30
0
41
1
10
21.8032730280488
20
-2.40403953718015
30
0
41
1
10
21.7747010955146
20
-2.31159743107403
30
0
41
1
10
21.7252360945889
20
-2.12365055840902
30
0
41
1
10
21.7043333974912
20
-2.02814897293027
30
0
41
1
10
21.6841931297629
20
-1.90645749389611
30
0
41
1
10
21.6804698832992
20
-1.88201794839597
30
0
41
1
10
21.6736947825914
20
-1.83315648858508
30
0
41
1
10
21.6645242173871
20
-1.75979979803816
30
0
41
1
10
21.6584431176705
20
-1.68624768615544
30
0
41
1
10
21.6507501427711
20
-1.5388768156283
30
0
41
1
10
21.6515528972367
20
-1.4402745638877
30
0
41
1
10
21.6614740137613
20
-1.31655115656042
30
0
41
1
10
21.6639062764414
20
-1.29178290445995
30
0
41
1
10
21.6697142075997
20
-1.24219840484017
30
0
41
1
10
21.673098696634
20
-1.21732930142505
30
0
41
1
10
21.6846713759518
20
-1.14310277921337
30
0
41
1
10
21.6942626811332
20
-1.09415921976415
30
0
41
1
10
21.7057982864104
20
-1.04578027952715
30
0
0
SPLINE
5
12E
100
AcDbEntity
8
1
62
256
6
ByLayer
370
18
48
1
60
0
100
AcDbSpline
70
4
71
3
72
42
73
38
40
0
40
0
40
0
40
0
40
0.0312499999999956
40
0.0312499999999956
40
0.0624999999999913
40
0.0624999999999913
40
0.124999999999983
40
0.124999999999983
40
0.187499999999974
40
0.187499999999974
40
0.21874999999997
40
0.21874999999997
40
0.249999999999966
40
0.249999999999966
40
0.374999999999945
40
0.374999999999945
40
0.406249999999941
40
0.406249999999941
40
0.421874999999942
40
0.421874999999942
40
0.437499999999943
40
0.499999999999959
40
0.562499999999975
40
0.562499999999975
40
0.593749999999979
40
0.593749999999979
40
0.624999999999983
40
0.624999999999983
40
0.749999999999989
40
0.749999999999989
40
0.78124999999999
40
0.78124999999999
40
0.812499999999992
40
0.812499999999992
40
0.874999999999994
40
0.874999999999994
40
1
40
1
40
1
40
1
41
1
10
21.7057982864072
20
-1.04578027951914
30
0
41
1
10
21.6991364946111
20
-1.01181568875026
30
0
41
1
10
21.693001175139
20
-0.977589491425931
30
0
41
1
10
21.6819449651621
20
-0.909025879683611
30
0
41
1
10
21.6770255536112
20
-0.87471226573274
30
0
41
1
10
21.6641948158336
20
-0.771672628090101
30
0
41
1
10
21.6582065338172
20
-0.702847960738694
30
0
41
1
10
21.6519950739189
20
-0.564914296835696
30
0
41
1
10
21.6517699281137
20
-0.495805365419187
30
0
41
1
10
21.6563535255264
20
-0.391908686585339
30
0
41
1
10
21.6587030794947
20
-0.357237530217162
30
0
41
1
10
21.6651669622097
20
-0.287813281836719
30
0
41
1
10
21.6692980172372
20
-0.252960544295519
30
0
41
1
10
21.6944509711636
20
-0.0801266273542183
30
0
41
1
10
21.7288400661959
20
0.0539679938406437
30
0
41
1
10
21.7919926711298
20
0.215691664230604
30
0
41
1
10
21.8056360502417
20
0.247740341624933
30
0
41
1
10
21.827679940856
20
0.295351934333468
30
0
41
1
10
21.8353057938279
20
0.311173867593226
30
0
41
1
10
21.8510003333762
20
0.342475778773434
30
0
41
1
10
21.8913538941736
20
0.419908694918973
30
0
41
1
10
21.9739101462253
20
0.551995813622881
30
0
41
1
10
22.0608875602434
20
0.659440667904136
30
0
41
1
10
22.1311029440231
20
0.736381468327949
30
0
41
1
10
22.1553392463039
20
0.761420677465992
30
0
41
1
10
22.2054643955654
20
0.810292391167167
30
0
41
1
10
22.2311458849885
20
0.833922047969821
30
0
41
1
10
22.3623125959122
20
0.948101702936441
30
0
41
1
10
22.4761842382694
20
1.02702909479928
30
0
41
1
10
22.6279561384514
20
1.11266572621156
30
0
41
1
10
22.6588470871046
20
1.12916392184647
30
0
41
1
10
22.721026241711
20
1.16063063830131
30
0
41
1
10
22.752360169461
20
1.175628541816
30
0
41
1
10
22.8470490600487
20
1.21855721918897
30
0
41
1
10
22.9110893177428
20
1.24442854644173
30
0
41
1
10
23.1056646816772
20
1.31468579604746
30
0
41
1
10
23.2386379575019
20
1.35176559795406
30
0
41
1
10
23.3743804908171
20
1.38058234507588
30
0
0
SPLINE
5
12F
100
AcDbEntity
8
1
62
256
6
ByLayer
370
18
48
1
60
0
100
AcDbSpline
70
4
71
3
72
24
73
20
40
0
40
0
40
0
40
0
40
0.124999999999983
40
0.124999999999983
40
0.18749999999999
40
0.18749999999999
40
0.249999999999997
40
0.249999999999997
40
0.375000000000011
40
0.375000000000011
40
0.500000000000026
40
0.500000000000026
40
0.562500000000033
40
0.562500000000033
40
0.62500000000004
40
0.62500000000004
40
0.750000000000027
40
0.750000000000027
40
1
40
1
40
1
40
1
41
1
10
23.3743804908172
20
1.38058234507534
30
0
41
1
10
23.4292667485807
20
1.39223413447257
30
0
41
1
10
23.4845578322152
20
1.39813378390068
30
0
41
1
10
23.5679572799771
20
1.40041271035605
30
0
41
1
10
23.5958354820903
20
1.40005938023845
30
0
41
1
10
23.6517353493324
20
1.39731565635051
30
0
41
1
10
23.6797897797131
20
1.39491315672109
30
0
41
1
10
23.762949614158
20
1.38502857298158
30
0
41
1
10
23.8174796952591
20
1.37488507010724
30
0
41
1
10
23.925034731524
20
1.34871011463835
30
0
41
1
10
23.9780564922968
20
1.33266615510843
30
0
41
1
10
24.0565801053329
20
1.30464340915293
30
0
41
1
10
24.0825856138262
20
1.29463965520168
30
0
41
1
10
24.1342709131899
20
1.27335296403564
30
0
41
1
10
24.1597899394457
20
1.26213558407571
30
0
41
1
10
24.2352952775977
20
1.22693330558587
30
0
41
1
10
24.2843000132965
20
1.20137748443633
30
0
41
1
10
24.427699474826
20
1.11902574572247
30
0
41
1
10
24.5185164871663
20
1.05660385462744
30
0
41
1
10
24.6049329011557
20
0.987208451324989
30
0
0
SPLINE
5
130
100
AcDbEntity
8
1
62
256
6
ByLayer
370
18
48
1
60
0
100
AcDbSpline
70
4
71
3
72
18
73
14
40
0
40
0
40
0
40
0
40
0.249999999999945
40
0.249999999999945
40
0.374999999999911
40
0.374999999999911
40
0.499999999999877
40
0.499999999999877
40
0.749999999999887
40
0.749999999999887
40
0.874999999999944
40
0.874999999999944
40
1
40
1
40
1
40
1
41
1
10
91.9729189402858
20
3.07633231394996
30
0
41
1
10
91.9735026103698
20
3.08596036486671
30
0
41
1
10
91.9710660436658
20
3.09573277504993
30
0
41
1
10
91.9629646401172
20
3.11060392372718
30
0
41
1
10
91.9595217717093
20
3.11559645805372
30
0
41
1
10
91.9511073663783
20
3.12565459298636
30
0
41
1
10
91.9461532752562
20
3.13068807191726
30
0
41
1
10
91.9293027878944
20
3.1455912064408
30
0
41
1
10
91.9153641597716
20
3.15535017313169
30
0
41
1
10
91.8904142316179
20
3.16972494777784
30
0
41
1
10
91.8813673450558
20
3.17449737271642
30
0
41
1
10
91.8621494727356
20
3.18381010941005
30
0
41
1
10
91.8520002983397
20
3.18834515299878
30
0
41
1
10
91.8413250070336
20
3.19276204314588
30
0
0
SPLINE
5
131
100
AcDbEntity
8
1
62
256
6
ByLayer
370
18
48
1
60
0
100
AcDbSpline
70
4
71
3
72
26
73
22
40
0
40
0
40
0
40
0
40
0.197858183837987
40
0.197858183837987
40
0.296787275756984
40
0.296787275756984
40
0.395716367675981
40
0.395716367675981
40
0.593574551513968
40
0.593574551513968
40
0.618306824493721
40
0.618306824493721
40
0.643039097473473
40
0.692503643432971
40
0.791432735351974
40
0.791432735351974
40
0.890361827270976
40
0.890361827270976
40
0.989290919189979
40
0.989290919189979
40
1
40
1
40
1
40
1
41
1
10
91.0669301540336
20
6.49824692374258
30
0
41
1
10
90.5478222867008
20
6.8277239045797
30
0
41
1
10
90.0314521513067
20
7.13383367928768
30
0
41
1
10
89.2575531134276
20
7.55670695758189
30
0
41
1
10
88.999701119018
20
7.69162097200206
30
0
41
1
10
88.4837009898657
20
7.94903137041683
30
0
41
1
10
88.2255550651421
20
8.07151516701941
30
0
41
1
10
87.4498853868292
20
8.41950999924666
30
0
41
1
10
86.9311319890071
20
8.62548526269754
30
0
41
1
10
86.3431701847489
20
8.82596885007891
30
0
41
1
10
86.2777585453588
20
8.84781711147295
30
0
41
1
10
86.1471300923549
20
8.89053225271743
30
0
41
1
10
85.9513667542894
20
8.95317166207963
30
0
41
1
10
85.4957500178621
20
9.08929362063472
30
0
41
1
10
85.1069114082863
20
9.18872310824358
30
0
41
1
10
84.5894171353593
20
9.30586496203077
30
0
41
1
10
84.3311393217074
20
9.35677169728655
30
0
41
1
10
83.8149579603937
20
9.44358163802562
30
0
41
1
10
83.5570632487199
20
9.4794300739089
30
0
41
1
10
83.2711872983852
20
9.51062322064459
30
0
41
1
10
83.2432632386932
20
9.51357986304197
30
0
41
1
10
83.2153381598243
20
9.51644607717961
30
0
0
SPLINE
5
132
100
AcDbEntity
8
1
62
256
6
ByLayer
370
18
48
1
60
0
100
AcDbSpline
70
4
71
3
72
8
73
4
40
0
40
0
40
0
40
0
40
1
40
1
40
1
40
1
41
1
10
28.9209983580982
20
3.46455544048871
30
0
41
1
10
28.9401254232817
20
3.45299427211626
30
0
41
1
10
28.9595207302547
20
3.44185393639859
30
0
41
1
10
28.979282968793
20
3.43129945672464
30
0
0
SPLINE
5
133
100
AcDbEntity
8
1
62
256
6
ByLayer
370
18
48
1
60
0
100
AcDbSpline
70
4
71
3
72
8
73
4
40
0
40
0
40
0
40
0
40
1
40
1
40
1
40
1
41
1
10
28.6911787956441
20
3.61835516821549
30
0
41
1
10
28.7650036855701
20
3.56433073987179
30
0
41
1
10
28.8412970016676
20
3.51273014959133
30
0
41
1
10
28.9209983580993
20
3.464555440488
30
0
0
SPLINE
5
134
100
AcDbEntity
8
1
62
256
6
ByLayer
370
18
48
1
60
0
100
AcDbSpline
70
4
71
3
72
18
73
14
40
0
40
0
40
0
40
0
40
0.0972322691955114
40
0.193200537860155
40
0.287904555892523
40
0.381344093257514
40
0.4735189393632
40
0.564428902439807
40
0.654073808918475
40
0.742453502812951
40
0.82956784510539
40
0.915416713136244
40
1
40
1
40
1
40
1
41
1
10
29.0230612043947
20
3.08423965920414
30
0
41
1
10
29.0117010903804
20
3.1014111315958
30
0
41
1
10
28.9891285416179
20
3.13553085058794
30
0
41
1
10
28.9554898722023
20
3.18655589919604
30
0
41
1
10
28.9222900296662
20
3.23703399944225
30
0
41
1
10
28.8895268147735
20
3.28697029372782
30
0
41
1
10
28.8571980719971
20
3.33635372662789
30
0
41
1
10
28.8253018501913
20
3.38517771523499
30
0
41
1
10
28.7938362896615
20
3.43343497728554
30
0
41
1
10
28.7627998784727
20
3.48111793955104
30
0
41
1
10
28.7321905254025
20
3.52822208540218
30
0
41
1
10
28.7020089114612
20
3.57473244484669
30
0
41
1
10
28.6820186757625
20
3.60558878214295
30
0
41
1
10
28.6720977788424
20
3.62090238555723
30
0
0
SPLINE
5
135
100
AcDbEntity
8
1
62
256
6
ByLayer
370
18
48
1
60
0
100
AcDbSpline
70
4
71
3
72
56
73
52
40
0
40
0
40
0
40
0
40
0.24999999999998
40
0.24999999999998
40
0.37499999999998
40
0.37499999999998
40
0.43749999999998
40
0.43749999999998
40
0.453124999999975
40
0.453124999999975
40
0.468749999999971
40
0.468749999999971
40
0.499999999999978
40
0.499999999999978
40
0.515624999999982
40
0.515624999999982
40
0.531249999999987
40
0.531249999999987
40
0.562499999999996
40
0.562499999999996
40
0.624999999999998
40
0.624999999999998
40
0.64062499999999
40
0.64062499999999
40
0.656249999999983
40
0.656249999999983
40
0.687499999999982
40
0.687499999999982
40
0.718749999999982
40
0.718749999999982
40
0.749999999999982
40
0.749999999999982
40
0.812499999999982
40
0.812499999999982
40
0.843749999999983
40
0.843749999999983
40
0.859374999999988
40
0.859374999999988
40
0.874999999999993
40
0.874999999999993
40
0.906249999999994
40
0.906249999999994
40
0.921874999999995
40
0.921874999999995
40
0.937499999999996
40
0.937499999999996
40
0.968749999999998
40
0.968749999999998
40
0.984374999999999
40
0.984374999999999
40
1
40
1
40
1
40
1
41
1
10
37.4803400080575
20
-6.27017369293566
30
0
41
1
10
37.5864258282196
20
-6.29128515013389
30
0
41
1
10
37.6933507159804
20
-6.309153833268
30
0
41
1
10
37.8549925115968
20
-6.3308398727097
30
0
41
1
10
37.9090864340026
20
-6.33721537617336
30
0
41
1
10
37.9905904020413
20
-6.34548782256778
30
0
41
1
10
38.0178144719628
20
-6.34800917212104
30
0
41
1
10
38.0519333183902
20
-6.35092074246521
30
0
41
1
10
38.0587637917674
20
-6.35150050044936
30
0
41
1
10
38.0724202979502
20
-6.35258050861572
30
0
41
1
10
38.0792309147513
20
-6.35301541735714
30
0
41
1
10
38.0998990622139
20
-6.35521727173574
30
0
41
1
10
38.1139748193681
20
-6.3578126066723
30
0
41
1
10
38.1355070462654
20
-6.36338778692809
30
0
41
1
10
38.142752602425
20
-6.3655194747509
30
0
41
1
10
38.1573738289637
20
-6.37031802157867
30
0
41
1
10
38.1647741368865
20
-6.37299524656805
30
0
41
1
10
38.1868511781254
20
-6.38167485462989
30
0
41
1
10
38.2014758090839
20
-6.38833621322786
30
0
41
1
10
38.2450786829635
20
-6.41065426642123
30
0
41
1
10
38.2737871927456
20
-6.4286189445377
30
0
41
1
10
38.3092311335997
20
-6.4544939436318
30
0
41
1
10
38.3163082460141
20
-6.45985464876679
30
0
41
1
10
38.330290121252
20
-6.47082146387177
30
0
41
1
10
38.3372093534269
20
-6.47643752193545
30
0
41
1
10
38.3577594485567
20
-6.49366914495477
30
0
41
1
10
38.3711855620952
20
-6.50566269400488
30
0
41
1
10
38.3975076816546
20
-6.53062880647681
30
0
41
1
10
38.4104004393224
20
-6.54360746439622
30
0
41
1
10
38.4356395292322
20
-6.57057892478414
30
0
41
1
10
38.4480406783171
20
-6.58464034924955
30
0
41
1
10
38.4839302090234
20
-6.62774877941175
30
0
41
1
10
38.5061119701457
20
-6.65770948007219
30
0
41
1
10
38.5365775217499
20
-6.70461933280365
30
0
41
1
10
38.5462694096128
20
-6.72058090612816
30
0
41
1
10
38.5600333504584
20
-6.74506658519221
30
0
41
1
10
38.5644910308998
20
-6.75331995718787
30
0
41
1
10
38.5731214962123
20
-6.77002681230323
30
0
41
1
10
38.5772878182627
20
-6.77846829570544
30
0
41
1
10
38.5891751346451
20
-6.80376410175106
30
0
41
1
10
38.5963478349774
20
-6.82069526886755
30
0
41
1
10
38.6058201999003
20
-6.84619812102656
30
0
41
1
10
38.6087604212852
20
-6.85471700205105
30
0
41
1
10
38.6141732843813
20
-6.87179167299783
30
0
41
1
10
38.616655879334
20
-6.88038662315512
30
0
41
1
10
38.623250823973
20
-6.9059209393703
30
0
41
1
10
38.6265021719529
20
-6.92252688462821
30
0
41
1
10
38.629475275312
20
-6.94672721635183
30
0
41
1
10
38.6301430055946
20
-6.95467385121771
30
0
41
1
10
38.6307877732916
20
-6.97030793230769
30
0
41
1
10
38.630718230238
20
-6.97797930728183
30
0
41
1
10
38.6307016726952
20
-6.98565476673366
30
0
0
SPLINE
5
136
100
AcDbEntity
8
1
62
256
6
ByLayer
370
18
48
1
60
0
100
AcDbSpline
70
4
71
3
72
46
73
42
40
0
40
0
40
0
40
0
40
0.0446946307643052
40
0.0446946307643052
40
0.0901853626326703
40
0.0901853626326703
40
0.135676094501035
40
0.135676094501035
40
0.181166826369401
40
0.181166826369401
40
0.272148290106133
40
0.272148290106133
40
0.363129753842865
40
0.363129753842865
40
0.408620485711231
40
0.408620485711231
40
0.419993168678323
40
0.419993168678323
40
0.431365851645415
40
0.431365851645415
40
0.454111217579599
40
0.454111217579599
40
0.545092681316333
40
0.545092681316333
40
0.636074145053067
40
0.636074145053067
40
0.681564876921434
40
0.681564876921434
40
0.727055608789801
40
0.727055608789801
40
0.818037072526533
40
0.818037072526533
40
0.863527804394898
40
0.863527804394898
40
0.874900487361989
40
0.874900487361989
40
0.88627317032908
40
0.88627317032908
40
0.909018536263263
40
0.909018536263263
40
1
40
1
40
1
40
1
41
1
10
51.5796764604966
20
-8.78187500006206
30
0
41
1
10
51.3854353612006
20
-8.84898926232944
30
0
41
1
10
51.191686703734
20
-8.91198471673647
30
0
41
1
10
50.801524137007
20
-9.03070083164295
30
0
41
1
10
50.6051238593001
20
-9.08628060989636
30
0
41
1
10
50.2129308212079
20
-9.18851736669271
30
0
41
1
10
50.0171402427407
20
-9.23513602243665
30
0
41
1
10
49.6258845803039
20
-9.31968111206896
30
0
41
1
10
49.4304222904324
20
-9.35759257016161
30
0
41
1
10
48.8441754935159
20
-9.45833450152659
30
0
41
1
10
48.4535331506233
20
-9.50826565464396
30
0
41
1
10
47.6708330563053
20
-9.57252192931196
30
0
41
1
10
47.2787667371621
20
-9.58664646746033
30
0
41
1
10
46.6881585113745
20
-9.58108636500467
30
0
41
1
10
46.4908725510477
20
-9.57476008656491
30
0
41
1
10
46.2435919419294
20
-9.56116331795411
30
0
41
1
10
46.1941021088202
20
-9.55815904371309
30
0
41
1
10
46.0950510006116
20
-9.55157710711879
30
0
41
1
10
46.0454863852085
20
-9.54799883620476
30
0
41
1
10
45.8969716210507
20
-9.53642331259789
30
0
41
1
10
45.7981036231976
20
-9.52757931464734
30
0
41
1
10
45.3043971673765
20
-9.47775866824563
30
0
41
1
10
44.911466979856
20
-9.41990751463803
30
0
41
1
10
44.127669645047
20
-9.26969847999536
30
0
41
1
10
43.7367948119735
20
-9.17746707646444
30
0
41
1
10
43.1506567479759
20
-9.01379269557586
30
0
41
1
10
42.9553087217847
20
-8.95497963612885
30
0
41
1
10
42.5644380690708
20
-8.82882260168714
30
0
41
1
10
42.368912006927
20
-8.76151142694243
30
0
41
1
10
41.7816977401581
20
-8.54747940889817
30
0
41
1
10
41.3893907858188
20
-8.38921354637773
30
0
41
1
10
40.798331655471
20
-8.12712615369725
30
0
41
1
10
40.6008746271523
20
-8.0356562974948
30
0
41
1
10
40.3533341109205
20
-7.91606657648671
30
0
41
1
10
40.3037679310311
20
-7.89187512424121
30
0
41
1
10
40.2047433083858
20
-7.84304790777779
30
0
41
1
10
40.1552694973329
20
-7.81840490845187
30
0
41
1
10
40.006959878041
20
-7.74378061433049
30
0
41
1
10
39.9082366422384
20
-7.69309830667015
30
0
41
1
10
39.4151658448141
20
-7.43565704126041
30
0
41
1
10
39.0224644597741
20
-7.21682623095822
30
0
41
1
10
38.6307016726952
20
-6.98565476673369
30
0
0
SPLINE
5
137
100
AcDbEntity
8
1
62
256
6
ByLayer
370
18
48
1
60
0
100
AcDbSpline
70
4
71
3
72
10
73
6
40
0
40
0
40
0
40
0
40
0.5
40
0.5
40
1
40
1
40
1
40
1
41
1
10
29.5721177265265
20
0.0077020048585155
30
0
41
1
10
29.6416913095001
20
-0.0560746307306488
30
0
41
1
10
29.712124735153
20
-0.120243852932788
30
0
41
1
10
29.8547236806736
20
-0.249334683375508
30
0
41
1
10
29.9268888168259
20
-0.314256219511805
30
0
41
1
10
29.9999999999995
20
-0.379502021099512
30
0
0
SPLINE
5
138
100
AcDbEntity
8
1
62
256
6
ByLayer
370
18
48
1
60
0
100
AcDbSpline
70
4
71
3
72
26
73
22
40
0
40
0
40
0
40
0
40
0.125000000000004
40
0.125000000000004
40
0.250000000000007
40
0.250000000000007
40
0.375000000000011
40
0.375000000000011
40
0.437500000000011
40
0.437500000000011
40
0.468750000000012
40
0.468750000000012
40
0.500000000000012
40
0.750000000000008
40
0.750000000000008
40
0.812500000000007
40
0.843750000000006
40
0.843750000000006
40
0.875000000000005
40
0.875000000000005
40
1
40
1
40
1
40
1
41
1
10
90.8923314476507
20
-2.65617623271996
30
0
41
1
10
90.9089138460012
20
-2.77229561253347
30
0
41
1
10
90.9248333161293
20
-2.88777847522684
30
0
41
1
10
90.9551108509794
20
-3.11724500169646
30
0
41
1
10
90.9694701617723
20
-3.23122986190032
30
0
41
1
10
90.9963123530214
20
-3.45739790907359
30
0
41
1
10
91.0087975242367
20
-3.569583295538
30
0
41
1
10
91.025782876321
20
-3.73618838801042
30
0
41
1
10
91.0311528053674
20
-3.79144319137382
30
0
41
1
10
91.0387176829397
20
-3.87385490268943
30
0
41
1
10
91.0411564175373
20
-3.90123683569206
30
0
41
1
10
91.0458398024018
20
-3.9555751980962
30
0
41
1
10
91.0660697372424
20
-4.19847003172214
30
0
41
1
10
91.0784032753067
20
-4.42615869312274
30
0
41
1
10
91.0823706319693
20
-4.66039627331892
30
0
41
1
10
91.082832015607
20
-4.72926404476598
30
0
41
1
10
91.0821515926366
20
-4.79593302751513
30
0
41
1
10
91.0814392744002
20
-4.83988082914533
30
0
41
1
10
91.0809540236177
20
-4.86157006020107
30
0
41
1
10
91.077891104943
20
-4.96823963979136
30
0
41
1
10
91.073393108592
20
-5.0482235852929
30
0
41
1
10
91.0669301540475
20
-5.12307196374681
30
0
0
SPLINE
5
139
100
AcDbEntity
8
1
62
256
6
ByLayer
370
18
48
1
60
0
100
AcDbSpline
70
4
71
3
72
17
73
13
40
0
40
0
40
0
40
0
40
0.249999999999985
40
0.249999999999985
40
0.49999999999997
40
0.49999999999997
40
0.62499999999997
40
0.68749999999997
40
0.68749999999997
40
0.74999999999997
40
0.74999999999997
40
1
40
1
40
1
40
1
41
1
10
86.9840479720745
20
-0.175034662552235
30
0
41
1
10
87.3100891291679
20
-0.382548033211151
30
0
41
1
10
87.6362019635788
20
-0.589968577948497
30
0
41
1
10
88.2885641233689
20
-1.00463290439106
30
0
41
1
10
88.6148134970437
20
-1.21187662355138
30
0
41
1
10
89.1042880685249
20
-1.52261203526424
30
0
41
1
10
89.3490505253406
20
-1.67794714324538
30
0
41
1
10
89.5938507258327
20
-1.83323337116698
30
0
41
1
10
89.7570592665866
20
-1.93674663548481
30
0
41
1
10
89.8386264010978
20
-1.98847160029581
30
0
41
1
10
90.2458024050392
20
-2.24663765447164
30
0
41
1
10
90.5698874607836
20
-2.45199131042415
30
0
41
1
10
90.8923314476507
20
-2.65617623271996
30
0
0
SPLINE
5
13A
100
AcDbEntity
8
1
62
256
6
ByLayer
370
18
48
1
60
0
100
AcDbSpline
70
4
71
3
72
59
73
55
40
0
40
0
40
0
40
0
40
0.0624999999999795
40
0.0624999999999795
40
0.0937499999999692
40
0.0937499999999692
40
0.109374999999974
40
0.109374999999974
40
0.124999999999979
40
0.124999999999979
40
0.187499999999942
40
0.187499999999942
40
0.218749999999924
40
0.234374999999922
40
0.234374999999922
40
0.249999999999919
40
0.249999999999919
40
0.31249999999991
40
0.31249999999991
40
0.343749999999909
40
0.343749999999909
40
0.35937499999991
40
0.35937499999991
40
0.374999999999911
40
0.374999999999911
40
0.437499999999922
40
0.437499999999922
40
0.468749999999927
40
0.468749999999927
40
0.48437499999993
40
0.48437499999993
40
0.499999999999933
40
0.499999999999933
40
0.56249999999993
40
0.56249999999993
40
0.624999999999928
40
0.624999999999928
40
0.656249999999927
40
0.656249999999927
40
0.687499999999925
40
0.687499999999925
40
0.749999999999936
40
0.749999999999936
40
0.812499999999947
40
0.812499999999947
40
0.843749999999952
40
0.843749999999952
40
0.874999999999958
40
0.874999999999958
40
0.906249999999963
40
0.906249999999963
40
0.937499999999969
40
0.937499999999969
40
1
40
1
40
1
40
1
41
1
10
86.9840479720746
20
-0.175034662552207
30
0
41
1
10
86.9283126693422
20
-0.139561163936946
30
0
41
1
10
86.874401894371
20
-0.102098908415542
30
0
41
1
10
86.7968072672518
20
-0.0423599804874186
30
0
41
1
10
86.771490121587
20
-0.0218532528178059
30
0
41
1
10
86.7344314890719
20
0.0099007420562884
30
0
41
1
10
86.7222316929604
20
0.0206513276046678
30
0
41
1
10
86.6981573872545
20
0.0425052718308905
30
0
41
1
10
86.6862580152869
20
0.0536328150798795
30
0
41
1
10
86.6279314078146
20
0.109917775024087
30
0
41
1
10
86.5854390571384
20
0.156563717041649
30
0
41
1
10
86.5285401429229
20
0.229300942375545
30
0
41
1
10
86.5018034114614
20
0.266364428270776
30
0
41
1
10
86.4777754502015
20
0.304563429817591
30
0
41
1
10
86.462376770936
20
0.330294516476414
30
0
41
1
10
86.4549659037436
20
0.343333386154598
30
0
41
1
10
86.4198043405783
20
0.408663813995162
30
0
41
1
10
86.3977803627166
20
0.461142799494269
30
0
41
1
10
86.3730997376776
20
0.540539450400701
30
0
41
1
10
86.3662694441683
20
0.567118568935172
30
0
41
1
10
86.3580539341794
20
0.607206943632406
30
0
41
1
10
86.3556498058562
20
0.620637698942346
30
0
41
1
10
86.3515413632273
20
0.647372466939231
30
0
41
1
10
86.3498333341834
20
0.660685236336263
30
0
41
1
10
86.3429430090568
20
0.727010595023501
30
0
41
1
10
86.3426754512699
20
0.779317002309142
30
0
41
1
10
86.3490536900841
20
0.85717759071656
30
0
41
1
10
86.3523166079633
20
0.88302942185598
30
0
41
1
10
86.3588318440581
20
0.921709111663461
30
0
41
1
10
86.3612740358361
20
0.934585940440058
30
0
41
1
10
86.3666886262416
20
0.96031532818958
30
0
41
1
10
86.3696664751464
20
0.973187511518432
30
0
41
1
10
86.3857584507796
20
1.03712653721254
30
0
41
1
10
86.4024810387301
20
1.08712807067997
30
0
41
1
10
86.4425800058157
20
1.18559906004265
30
0
41
1
10
86.4659634541797
20
1.23406347062226
30
0
41
1
10
86.5056363726279
20
1.30604137514703
30
0
41
1
10
86.5196302439607
20
1.32991326302175
30
0
41
1
10
86.5491256358777
20
1.37748128453089
30
0
41
1
10
86.5646560635005
20
1.40121899919575
30
0
41
1
10
86.6132981996507
20
1.4719823581267
30
0
41
1
10
86.6481800990753
20
1.51818559836332
30
0
41
1
10
86.7224946163051
20
1.6092214557865
30
0
41
1
10
86.7619263537599
20
1.65405579589481
30
0
41
1
10
86.8244282881041
20
1.72064375360444
30
0
41
1
10
86.8457965159495
20
1.74279576744408
30
0
41
1
10
86.8896668469736
20
1.78695945361935
30
0
41
1
10
86.9121477697804
20
1.80902591538415
30
0
41
1
10
86.9582805891902
20
1.85308800141718
30
0
41
1
10
86.9817519135314
20
1.8749088506658
30
0
41
1
10
87.0293147151834
20
1.91788962127617
30
0
41
1
10
87.0534401583009
20
1.93908208383849
30
0
41
1
10
87.1268943470945
20
2.00169709272563
30
0
41
1
10
87.1772964390087
20
2.04216261043882
30
0
41
1
10
87.2293031763874
20
2.0811091592696
30
0
0
SPLINE
5
13B
100
AcDbEntity
8
1
62
256
6
ByLayer
370
18
48
1
60
0
100
AcDbSpline
70
4
71
3
72
10
73
6
40
0
40
0
40
0
40
0
40
0.5
40
0.5
40
1
40
1
40
1
40
1
41
1
10
28.5642970134712
20
-3.77636335346494
30
0
41
1
10
28.6447472115921
20
-3.82474053721069
30
0
41
1
10
28.7268917430447
20
-3.87101762065211
30
0
41
1
10
28.8951812827069
20
-3.9587923300108
30
0
41
1
10
28.98133025848
20
-4.00028366117672
30
0
41
1
10
29.0697498087341
20
-4.03921533448624
30
0
0
SPLINE
5
13C
100
AcDbEntity
8
1
62
256
6
ByLayer
370
18
48
1
60
0
100
AcDbSpline
70
4
71
3
72
23
73
19
40
0
40
0
40
0
40
0
40
0.0690336845311603
40
0.137196810373139
40
0.204489209792789
40
0.270910728091672
40
0.336461223213589
40
0.401140565354401
40
0.46494863657044
40
0.52788533038961
40
0.589950551424464
40
0.651144214987524
40
0.711466246710476
40
0.770916582166499
40
0.829495166497447
40
0.887201954045834
40
0.9440369079926
40
1
40
1
40
1
40
1
41
1
10
29.0230612043946
20
-4.41323409203679
30
0
41
1
10
29.0120368425476
20
-4.39815323063991
30
0
41
1
10
28.9901271430714
20
-4.36818168710457
30
0
41
1
10
28.9574699180611
20
-4.32371342717542
30
0
41
1
10
28.9252259374488
20
-4.27995996888217
30
0
41
1
10
28.8933931829837
20
-4.23693097186134
30
0
41
1
10
28.8619696726087
20
-4.19461783346861
30
0
41
1
10
28.8309535945756
20
-4.15301667257006
30
0
41
1
10
28.8003432664348
20
-4.11212229911516
30
0
41
1
10
28.7701371395103
20
-4.0719298096873
30
0
41
1
10
28.7403337934179
20
-4.032434170573
30
0
41
1
10
28.7109319259979
20
-3.99363036168288
30
0
41
1
10
28.6819303708853
20
-3.95551325381967
30
0
41
1
10
28.653328011424
20
-3.91807799080183
30
0
41
1
10
28.6251240739766
20
-3.88131864992963
30
0
41
1
10
28.5973170362901
20
-3.84523315387392
30
0
41
1
10
28.5699085899449
20
-3.80980537779348
30
0
41
1
10
28.5517553247351
20
-3.78646837010305
30
0
41
1
10
28.5427488491125
20
-3.77489005686621
30
0
0
SPLINE
5
13D
100
AcDbEntity
8
1
62
256
6
ByLayer
370
18
48
1
60
0
100
AcDbSpline
70
4
71
3
72
10
73
6
40
0
40
0
40
0
40
0
40
0.499751343231294
40
0.75025195631669
40
1
40
1
40
1
40
1
41
1
10
29.0227380901755
20
-4.41337620634042
30
0
41
1
10
29.0329444022718
20
-4.42858275422694
30
0
41
1
10
29.0482297005314
20
-4.45146800511998
30
0
41
1
10
29.0716428234108
20
-4.48382640552501
30
0
41
1
10
29.0714567151458
20
-4.50135062780566
30
0
41
1
10
29.0712926101547
20
-4.51013153347321
30
0
0
SPLINE
5
13E
100
AcDbEntity
8
1
62
256
6
ByLayer
370
18
48
1
60
0
100
AcDbSpline
70
4
71
3
72
11
73
7
40
0
40
0
40
0
40
0
40
2.01714898661E-05
40
0.291895865184126
40
0.583771558878386
40
1
40
1
40
1
40
1
41
1
10
29.0712926101547
20
-4.51013153347321
30
0
41
1
10
29.0712921156548
20
-4.5101579931036
30
0
41
1
10
29.0641269940812
20
-4.89305194435542
30
0
41
1
10
28.8122514707236
20
-5.77695482440092
30
0
41
1
10
28.8445338942361
20
-7.41287565282275
30
0
41
1
10
29.2609675445356
20
-8.51937634671805
30
0
41
1
10
29.5715208753218
20
-9.13340699882326
30
0
0
SPLINE
5
13F
100
AcDbEntity
8
1
62
256
6
ByLayer
370
18
48
1
60
0
100
AcDbSpline
70
4
71
3
72
10
73
6
40
0
40
0
40
0
40
0
40
0.5
40
0.5
40
1
40
1
40
1
40
1
41
1
10
29.5721177265264
20
-9.13458689706314
30
0
41
1
10
29.6416913095
20
-9.17839225063071
30
0
41
1
10
29.7121247351529
20
-9.21796216153257
30
0
41
1
10
29.8547236806734
20
-9.28868422238867
30
0
41
1
10
29.9268888168258
20
-9.31983795616074
30
0
41
1
10
29.9999999999994
20
-9.34665155122849
30
0
0
SPLINE
5
140
100
AcDbEntity
8
1
62
256
6
ByLayer
370
18
48
1
60
0
100
AcDbSpline
70
4
71
3
72
8
73
4
40
0
40
0
40
0
40
0
40
1
40
1
40
1
40
1
41
1
10
29.9999999999996
20
-9.34665155122792
30
0
41
1
10
30.0034652839939
20
-9.34792244738614
30
0
41
1
10
30.0069304623177
20
-9.34919202432269
30
0
41
1
10
30.0103955356543
20
-9.35046028167531
30
0
0
SPLINE
5
141
100
AcDbEntity
8
1
62
256
6
ByLayer
370
18
48
1
60
0
100
AcDbSpline
70
4
71
3
72
34
73
30
40
0
40
0
40
0
40
0
40
0.0240332272146398
40
0.0240332272146398
40
0.219226581771722
40
0.219226581771722
40
0.268024920410993
40
0.268024920410993
40
0.316823259050264
40
0.316823259050264
40
0.365621597689536
40
0.365621597689536
40
0.390020767009169
40
0.390020767009169
40
0.414419936328804
40
0.414419936328804
40
0.609613290885869
40
0.609613290885869
40
0.658411629525135
40
0.658411629525135
40
0.707209968164402
40
0.707209968164402
40
0.804806645442935
40
0.804806645442935
40
0.902403322721467
40
0.902403322721467
40
0.951201661360734
40
0.951201661360734
40
1
40
1
40
1
40
1
41
1
10
37.3572588633701
20
-8.66981514650388
30
0
41
1
10
37.2987667478517
20
-8.69127859893825
30
0
41
1
10
37.2402727424116
20
-8.71238168294326
30
0
41
1
10
36.7066476568497
20
-8.90169490791612
30
0
41
1
10
36.2311806627245
20
-9.04705466911946
30
0
41
1
10
35.6344073547533
20
-9.19745257940593
30
0
41
1
10
35.5149292339183
20
-9.22595371802149
30
0
41
1
10
35.2756663067637
20
-9.27968934228238
30
0
41
1
10
35.1558807682164
20
-9.30491970024084
30
0
41
1
10
34.9159492194106
20
-9.35221113926841
30
0
41
1
10
34.7958032847685
20
-9.37426647932762
30
0
41
1
10
34.6152741962281
20
-9.40495490969587
30
0
41
1
10
34.5550145757865
20
-9.41478982013814
30
0
41
1
10
34.4346060615874
20
-9.43362329288738
30
0
41
1
10
34.3744453123643
20
-9.44262435297375
30
0
41
1
10
33.8333592849522
20
-9.51990743031072
30
0
41
1
10
33.3549560139019
20
-9.56225888645994
30
0
41
1
10
32.7581848954207
20
-9.58122365826299
30
0
41
1
10
32.6388917245052
20
-9.58331233543186
30
0
41
1
10
32.4003759792718
20
-9.58400668673318
30
0
41
1
10
32.2811497365794
20
-9.58264474512961
30
0
41
1
10
31.9234575790134
20
-9.57386497391025
30
0
41
1
10
31.6849912766777
20
-9.56163471944208
30
0
41
1
10
31.2076763442749
20
-9.52407521775456
30
0
41
1
10
30.9688261492289
20
-9.4987942252271
30
0
41
1
10
30.6099525184806
20
-9.45083744875407
30
0
41
1
10
30.4902280173483
20
-9.43316828924657
30
0
41
1
10
30.2505202412918
20
-9.39436707018328
30
0
41
1
10
30.1305365081123
20
-9.37324464838983
30
0
41
1
10
30.0103955356543
20
-9.35046028167531
30
0
0
SPLINE
5
142
100
AcDbEntity
8
1
62
256
6
ByLayer
370
18
48
1
60
0
100
AcDbSpline
70
4
71
3
72
30
73
26
40
0
40
0
40
0
40
0
40
0.0429313256476144
40
0.0429313256476144
40
0.179655421983679
40
0.179655421983679
40
0.248017470151712
40
0.248017470151712
40
0.316379518319744
40
0.316379518319744
40
0.453103614655809
40
0.453103614655809
40
0.487284638739824
40
0.487284638739824
40
0.521465662823836
40
0.521465662823836
40
0.58982771099186
40
0.58982771099186
40
0.726551807327909
40
0.726551807327909
40
0.794913855495932
40
0.794913855495932
40
0.863275903663955
40
0.863275903663955
40
1
40
1
40
1
40
1
41
1
10
79.2380307226391
20
-8.66605136269538
30
0
41
1
10
79.1148263097882
20
-8.7115128530215
30
0
41
1
10
78.9917392275174
20
-8.75532557274875
30
0
41
1
10
78.477021683126
20
-8.9317393396712
30
0
41
1
10
78.0861946153295
20
-9.04922277603256
30
0
41
1
10
77.4998823755172
20
-9.19957914316745
30
0
41
1
10
77.3044333855713
20
-9.24536957888776
30
0
41
1
10
76.9132671771347
20
-9.3281977041735
30
0
41
1
10
76.7175463578468
20
-9.36528053153268
30
0
41
1
10
76.129621954103
20
-9.4640080975675
30
0
41
1
10
75.7366768685587
20
-9.51292967977548
30
0
41
1
10
75.2430964943458
20
-9.55181449339187
30
0
41
1
10
75.14425991674
20
-9.55848032947685
30
0
41
1
10
74.9463146546276
20
-9.56956284019381
30
0
41
1
10
74.847120406881
20
-9.57398098392849
30
0
41
1
10
74.5501263586117
20
-9.58379206146066
30
0
41
1
10
74.3526913076046
20
-9.58576291638681
30
0
41
1
10
73.7617140770374
20
-9.57803969981066
30
0
41
1
10
73.3695051338271
20
-9.55468309253828
30
0
41
1
10
72.7824050336501
20
-9.49264251471689
30
0
41
1
10
72.5869060764332
20
-9.46746925435298
30
0
41
1
10
72.1960665074488
20
-9.40818963646731
30
0
41
1
10
72.0007268222949
20
-9.37404509643338
30
0
41
1
10
71.4145464205506
20
-9.25895639770121
30
0
41
1
10
71.0235517512611
20
-9.16570353783283
30
0
41
1
10
70.6315034626133
20
-9.05511397732715
30
0
0
SPLINE
5
143
100
AcDbEntity
8
1
62
256
6
ByLayer
370
18
48
1
60
0
100
AcDbSpline
70
4
71
3
72
8
73
4
40
0
40
0
40
0
40
0
40
1
40
1
40
1
40
1
41
1
10
90.2270893939389
20
-2.16004976440382
30
0
41
1
10
90.4496214828298
20
-2.02100494884743
30
0
41
1
10
90.6713671592438
20
-1.88018417945182
30
0
41
1
10
90.8923314476507
20
-1.73759880296785
30
0
0
SPLINE
5
144
100
AcDbEntity
8
1
62
256
6
ByLayer
370
18
48
1
60
0
100
AcDbSpline
70
4
71
3
72
32
73
28
40
0
40
0
40
0
40
0
40
0.134966433759501
40
0.134966433759501
40
0.202449650639251
40
0.202449650639251
40
0.269932867519
40
0.269932867519
40
0.337416084398749
40
0.337416084398749
40
0.371157692838623
40
0.371157692838623
40
0.404899301278496
40
0.404899301278496
40
0.539865735037995
40
0.539865735037995
40
0.674832168797493
40
0.674832168797493
40
0.742315385677242
40
0.742315385677242
40
0.809798602556992
40
0.809798602556992
40
0.877281819436741
40
0.877281819436741
40
0.94476503631649
40
0.94476503631649
40
1
40
1
40
1
40
1
41
1
10
49.4815048808469
20
5.92997906667276
30
0
41
1
10
49.0905745275455
20
6.19491389367226
30
0
41
1
10
48.7000234257943
20
6.44866052429956
30
0
41
1
10
48.113418546462
20
6.81117591048329
30
0
41
1
10
47.9177550278018
20
6.92897707581938
30
0
41
1
10
47.5259324991085
20
7.15818427703732
30
0
41
1
10
47.3297717950037
20
7.26962293281071
30
0
41
1
10
46.9367148144469
20
7.48603153255263
30
0
41
1
10
46.7398190291043
20
7.59099564076922
30
0
41
1
10
46.443745960175
20
7.74340265197705
30
0
41
1
10
46.3449333140958
20
7.79336426556415
30
0
41
1
10
46.147033374893
20
7.8915644593117
30
0
41
1
10
46.047867333254
20
7.9398393109729
30
0
41
1
10
45.5530683114614
20
8.17595066940154
30
0
41
1
10
45.1594667739013
20
8.3485085555904
30
0
41
1
10
44.3747555700037
20
8.6606253635332
30
0
41
1
10
43.9836289140712
20
8.80030979900945
30
0
41
1
10
43.3973880400821
20
8.98489389849482
30
0
41
1
10
43.2020518004263
20
9.04224930856554
30
0
41
1
10
42.8113076952853
20
9.1483578453356
30
0
41
1
10
42.6158996666641
20
9.19708116020465
30
0
41
1
10
42.2247588614264
20
9.28601701433607
30
0
41
1
10
42.0290248996906
20
9.32624504666327
30
0
41
1
10
41.6370097270501
20
9.39853054528743
30
0
41
1
10
41.4407321552728
20
9.43049604970543
30
0
41
1
10
41.0831027772675
20
9.48066753976971
30
0
41
1
10
40.921877753005
20
9.50031876427104
30
0
41
1
10
40.7603235761825
20
9.51693304306932
30
0
0
SPLINE
5
145
100
AcDbEntity
8
1
62
256
6
ByLayer
370
18
48
1
60
0
100
AcDbSpline
70
4
71
3
72
52
73
48
40
0
40
0
40
0
40
0
40
0.249999999999895
40
0.249999999999895
40
0.374999999999834
40
0.374999999999834
40
0.437499999999812
40
0.437499999999812
40
0.453124999999814
40
0.453124999999814
40
0.468749999999817
40
0.468749999999817
40
0.499999999999822
40
0.499999999999822
40
0.515624999999833
40
0.515624999999833
40
0.531249999999844
40
0.531249999999844
40
0.562499999999866
40
0.562499999999866
40
0.62499999999991
40
0.62499999999991
40
0.656249999999923
40
0.656249999999923
40
0.687499999999936
40
0.687499999999936
40
0.71874999999995
40
0.71874999999995
40
0.749999999999963
40
0.749999999999963
40
0.812499999999988
40
0.812499999999988
40
0.843749999999993
40
0.843749999999993
40
0.874999999999999
40
0.874999999999999
40
0.906250000000005
40
0.906250000000005
40
0.921875000000006
40
0.921875000000006
40
0.937500000000006
40
0.937500000000006
40
0.968750000000002
40
0.968750000000002
40
0.984375000000001
40
0.984375000000001
40
1
40
1
40
1
40
1
41
1
10
69.4829407253737
20
-8.68243979649066
30
0
41
1
10
69.5888831065436
20
-8.65981983212819
30
0
41
1
10
69.695665266599
20
-8.63427890382479
30
0
41
1
10
69.857086073892
20
-8.59158388468711
30
0
41
1
10
69.9111064299322
20
-8.57661926273462
30
0
41
1
10
69.9925002574887
20
-8.55308016537796
30
0
41
1
10
70.0196870299619
20
-8.54502717274187
30
0
41
1
10
70.0537597528504
20
-8.53477100459872
30
0
41
1
10
70.0605808797547
20
-8.53271987939695
30
0
41
1
10
70.0742173376981
20
-8.52853204670953
30
0
41
1
10
70.0810205955666
20
-8.52633954114336
30
0
41
1
10
70.1016797328353
20
-8.52080534984842
30
0
41
1
10
70.1157511082093
20
-8.51836012220463
30
0
41
1
10
70.1372768793022
20
-8.51652618247681
30
0
41
1
10
70.1445204387796
20
-8.51621350278552
30
0
41
1
10
70.159138133908
20
-8.51617203558993
30
0
41
1
10
70.1665285864938
20
-8.51644548987233
30
0
41
1
10
70.1885544989499
20
-8.51807456847146
30
0
41
1
10
70.2031480014703
20
-8.52022641900695
30
0
41
1
10
70.246664782557
20
-8.52951913968028
30
0
41
1
10
70.2753259074111
20
-8.5394605912233
30
0
41
1
10
70.3177993131952
20
-8.55933965521217
30
0
41
1
10
70.3317976206009
20
-8.56678985159209
30
0
41
1
10
70.3591338626456
20
-8.58302443261599
30
0
41
1
10
70.3725307544311
20
-8.5918307182306
30
0
41
1
10
70.3987984396938
20
-8.61078039319042
30
0
41
1
10
70.411666061306
20
-8.62093202916901
30
0
41
1
10
70.4368588448482
20
-8.64262397822651
30
0
41
1
10
70.449237733735
20
-8.65422237197259
30
0
41
1
10
70.485032143336
20
-8.69056849456135
30
0
41
1
10
70.5071627533273
20
-8.71690054161911
30
0
41
1
10
70.5375668894627
20
-8.75986058937946
30
0
41
1
10
70.5472408141158
20
-8.77475239001129
30
0
41
1
10
70.565560970567
20
-8.80582854697076
30
0
41
1
10
70.5742483599709
20
-8.82213538732952
30
0
41
1
10
70.5900534451706
20
-8.85551359620493
30
0
41
1
10
70.5972083421244
20
-8.87260771705013
30
0
41
1
10
70.6066597883146
20
-8.89894807507602
30
0
41
1
10
70.6095940343783
20
-8.90784621687754
30
0
41
1
10
70.6149967786094
20
-8.92589769634671
30
0
41
1
10
70.6174754651797
20
-8.93509557429158
30
0
41
1
10
70.6240519416151
20
-8.9627334701299
30
0
41
1
10
70.6272972369262
20
-8.981180131927
30
0
41
1
10
70.6302693718256
20
-9.0088827077154
30
0
41
1
10
70.6309383125098
20
-9.01812246454071
30
0
41
1
10
70.6315874419532
20
-9.03661340136458
30
0
41
1
10
70.6315205729206
20
-9.04586564273842
30
0
41
1
10
70.6315034626133
20
-9.05511397732715
30
0
0
SPLINE
5
146
100
AcDbEntity
8
1
62
256
6
ByLayer
370
13
48
1
60
0
100
AcDbSpline
70
4
71
3
72
10
73
6
40
0
40
0
40
0
40
0
40
0.322321803750951
40
0.667888262565503
40
1
40
1
40
1
40
1
41
1
10
29.9999999999996
20
-0.379502021099512
30
0
41
1
10
29.9999999999996
20
-0.741055349447379
30
0
41
1
10
29.9999999999997
20
-1.49346772965984
30
0
41
1
10
29.9999999999994
20
-2.61625083157148
30
0
41
1
10
29.9999999999993
20
-3.36443014347
30
0
41
1
10
29.9999999999993
20
-3.7257905835194
30
0
0
SPLINE
5
147
100
AcDbEntity
8
1
62
256
6
ByLayer
370
18
48
1
60
0
100
AcDbSpline
70
4
71
3
72
8
73
4
40
0
40
0
40
0
40
0
40
1
40
1
40
1
40
1
41
1
10
29.9999999999995
20
-0.379502021099512
30
0
41
1
10
30.0034653000043
20
-0.382594520314257
30
0
41
1
10
30.0069304783271
20
-0.385687316575911
30
0
41
1
10
30.0103955356543
20
-0.388780409139145
30
0
0
SPLINE
5
148
100
AcDbEntity
8
1
62
256
6
ByLayer
370
18
48
1
60
0
100
AcDbSpline
70
4
71
3
72
18
73
14
40
0
40
0
40
0
40
0
40
0.249999999999998
40
0.249999999999998
40
0.374999999999997
40
0.374999999999997
40
0.437499999999997
40
0.437499999999997
40
0.499999999999997
40
0.499999999999997
40
0.749999999999999
40
0.749999999999999
40
1
40
1
40
1
40
1
41
1
10
37.4803400080575
20
-6.27017369293566
30
0
41
1
10
37.4793843150267
20
-6.50622484292958
30
0
41
1
10
37.4784834472471
20
-6.73463169739171
30
0
41
1
10
37.4771173455894
20
-7.06589711962778
30
0
41
1
10
37.4766534571223
20
-7.17442591174441
30
0
41
1
10
37.4759772865115
20
-7.33436866833455
30
0
41
1
10
37.4757520056427
20
-7.38720788810178
30
0
41
1
10
37.4752986015383
20
-7.49193303213718
30
0
41
1
10
37.475071663204
20
-7.54383890179417
30
0
41
1
10
37.4739462202907
20
-7.8007472439985
30
0
41
1
10
37.4730131275017
20
-7.99711376316193
30
0
41
1
10
37.4712129383025
20
-8.37171120058539
30
0
41
1
10
37.4703381614676
20
-8.54994267792142
30
0
41
1
10
37.4694093676274
20
-8.71901189028333
30
0
0
SPLINE
5
149
100
AcDbEntity
8
1
62
256
6
ByLayer
370
18
48
1
60
0
100
AcDbSpline
70
4
71
3
72
32
73
28
40
0
40
0
40
0
40
0
40
0.062499999999997
40
0.062499999999997
40
0.124999999999994
40
0.124999999999994
40
0.249999999999988
40
0.249999999999988
40
0.374999999999982
40
0.374999999999982
40
0.406249999999982
40
0.406249999999982
40
0.437499999999983
40
0.437499999999983
40
0.499999999999985
40
0.499999999999985
40
0.624999999999988
40
0.624999999999988
40
0.687499999999989
40
0.687499999999989
40
0.749999999999991
40
0.749999999999991
40
0.874999999999994
40
0.874999999999994
40
0.937499999999997
40
0.937499999999997
40
1
40
1
40
1
40
1
41
1
10
37.4803400080575
20
-6.27017369293568
30
0
41
1
10
37.3256652255139
20
-6.16912521813495
30
0
41
1
10
37.1709935537047
20
-6.06623491101672
30
0
41
1
10
36.8615307410034
20
-5.85705838572523
30
0
41
1
10
36.70674255368
20
-5.75074379365338
30
0
41
1
10
36.2420469909065
20
-5.42670603042939
30
0
41
1
10
35.93181337271
20
-5.20391453588982
30
0
41
1
10
35.3095371812155
20
-4.74500735505023
30
0
41
1
10
34.997476695763
20
-4.50874879256594
30
0
41
1
10
34.6056485650867
20
-4.20588947241248
30
0
41
1
10
34.5271541980519
20
-4.14490524471418
30
0
41
1
10
34.3703947367056
20
-4.02251793104011
30
0
41
1
10
34.2920872946819
20
-3.96108243528795
30
0
41
1
10
34.0573593807624
20
-3.77607800321655
30
0
41
1
10
33.9011326239431
20
-3.65181327712296
30
0
41
1
10
33.433071080072
20
-3.27639353264962
30
0
41
1
10
33.1218591748752
20
-3.02260699038982
30
0
41
1
10
32.6556131013188
20
-2.63733673750809
30
0
41
1
10
32.5002978081705
20
-2.50812715405246
30
0
41
1
10
32.1897199499293
20
-2.24835910627647
30
0
41
1
10
32.0344491177019
20
-2.11783756173827
30
0
41
1
10
31.5685359814816
20
-1.72453048967188
30
0
41
1
10
31.2578011921377
20
-1.45997308620966
30
0
41
1
10
30.7908490425898
20
-1.06027761995287
30
0
41
1
10
30.6350566447057
20
-0.926567509548363
30
0
41
1
10
30.3230648892126
20
-0.658281653241659
30
0
41
1
10
30.1668637636174
20
-0.52370141220365
30
0
41
1
10
30.0103955356543
20
-0.388780409139088
30
0
0
SPLINE
5
14A
100
AcDbEntity
8
1
62
256
6
ByLayer
370
18
48
1
60
0
100
AcDbSpline
70
4
71
3
72
16
73
12
40
0
40
0
40
0
40
0
40
0.25
40
0.25
40
0.5
40
0.5
40
0.625
40
0.625
40
0.75
40
0.75
40
1
40
1
40
1
40
1
41
1
10
29.9999999999994
20
-3.7257905835194
30
0
41
1
10
30.000870881725
20
-3.45401715580204
30
0
41
1
10
30.001857452892
20
-3.18015436461559
30
0
41
1
10
30.0037134450694
20
-2.62829799626496
30
0
41
1
10
30.0046453977084
20
-2.35030341266295
30
0
41
1
10
30.0059274825422
20
-1.93017923038863
30
0
41
1
10
30.0063329448203
20
-1.79003936560602
30
0
41
1
10
30.0071378395785
20
-1.5098307505184
30
0
41
1
10
30.0075495245147
20
-1.36971845689342
30
0
41
1
10
30.0088034749168
20
-0.949357670341186
30
0
41
1
10
30.0095966736483
20
-0.669085136041844
30
0
41
1
10
30.0103955356544
20
-0.388780409139173
30
0
0
SPLINE
5
14B
100
AcDbEntity
8
1
62
256
6
ByLayer
370
18
48
1
60
0
100
AcDbSpline
70
4
71
3
72
8
73
4
40
0
40
0
40
0
40
0
40
1
40
1
40
1
40
1
41
1
10
29.9998606735744
20
-3.76968160088731
30
0
41
1
10
29.9999071158711
20
-3.75506004306487
30
0
41
1
10
29.9999535580128
20
-3.74042965550046
30
0
41
1
10
29.9999999999993
20
-3.72579058353199
30
0
0
SPLINE
5
14C
100
AcDbEntity
8
1
62
256
6
ByLayer
370
18
48
1
60
0
100
AcDbSpline
70
4
71
3
72
11
73
7
40
0
40
0
40
0
40
0
40
0.0044565010170532
40
0.338750327190756
40
0.673044153364459
40
1
40
1
40
1
40
1
41
1
10
28.8111334975423
20
0.766118962346923
30
0
41
1
10
28.8111334975423
20
0.761296491797481
30
0
41
1
10
28.8111334975423
20
0.394668533755293
30
0
41
1
10
28.8111334975422
20
-0.342657992998085
30
0
41
1
10
28.8111334975423
20
-1.44443837043235
30
0
41
1
10
28.8111334975422
20
-2.17376067176249
30
0
41
1
10
28.8111334975421
20
-2.53031205069544
30
0
0
SPLINE
5
14D
100
AcDbEntity
8
1
62
256
6
ByLayer
370
18
48
1
60
0
100
AcDbSpline
70
4
71
3
72
10
73
6
40
0
40
0
40
0
40
0
40
0.5
40
0.5
40
1
40
1
40
1
40
1
41
1
10
24.6356005717303
20
5.28196978059847
30
0
41
1
10
24.8145767800385
20
5.08686278713361
30
0
41
1
10
24.9928049718701
20
4.88831442216386
30
0
41
1
10
25.34779981075
20
4.48449361765
30
0
41
1
10
25.5245634840359
20
4.27920749682849
30
0
41
1
10
25.7005697078843
20
4.07043660662995
30
0
0
SPLINE
5
14E
100
AcDbEntity
8
1
62
256
6
ByLayer
370
18
48
1
60
0
100
AcDbSpline
70
4
71
2
72
6
73
3
40
0
40
0
40
0
40
1
40
1
40
1
41
1
10
24.6356005717303
20
5.28196978059847
30
0
41
1
10
24.3413138836218
20
5.32067061803698
30
0
41
1
10
24.0470271955132
20
5.35937145547553
30
0
0
SPLINE
5
14F
100
AcDbEntity
8
1
62
256
6
ByLayer
370
18
48
1
60
0
100
AcDbSpline
70
4
71
3
72
30
73
26
40
0
40
0
40
0
40
0
40
0.125
40
0.125
40
0.25
40
0.25
40
0.3125
40
0.3125
40
0.375
40
0.375
40
0.5
40
0.5
40
0.625
40
0.625
40
0.75
40
0.75
40
0.8125
40
0.8125
40
0.84375
40
0.84375
40
0.875
40
0.875
40
0.9375
40
0.9375
40
1
40
1
40
1
40
1
41
1
10
27.4674494215712
20
-1.45187466574052
30
0
41
1
10
27.2999214290867
20
-1.16994917237898
30
0
41
1
10
27.1344207818582
20
-0.885758825535049
30
0
41
1
10
26.8075351893237
20
-0.312771682604961
30
0
41
1
10
26.6460841559633
20
-0.0240130734073603
30
0
41
1
10
26.4069922110161
20
0.412652208095636
30
0
41
1
10
26.3278131245771
20
0.558798075463812
30
0
41
1
10
26.1704822619358
20
0.852284646653146
30
0
41
1
10
26.0928624154002
20
0.998612211617683
30
0
41
1
10
25.863177727469
20
1.43623768097876
30
0
41
1
10
25.7142982508593
20
1.72625107786757
30
0
41
1
10
25.4248062986167
20
2.3026251261002
30
0
41
1
10
25.2841796465954
20
2.58898046547802
30
0
41
1
10
25.0113957313128
20
3.15786370027354
30
0
41
1
10
24.8791771151506
20
3.4403653873614
30
0
41
1
10
24.6872937248182
20
3.86092258578427
30
0
41
1
10
24.6244127782472
20
4.00057661334827
30
0
41
1
10
24.5317876161052
20
4.20922747679487
30
0
41
1
10
24.501194753498
20
4.27863965387834
30
0
41
1
10
24.4405997691821
20
4.4171823359564
30
0
41
1
10
24.4107005656785
20
4.48608997833009
30
0
41
1
10
24.3222653620661
20
4.69173197037202
30
0
41
1
10
24.2650165402987
20
4.82739381420421
30
0
41
1
10
24.1538069979056
20
5.09572770663553
30
0
41
1
10
24.0998600240972
20
5.22840257440672
30
0
41
1
10
24.0470271955132
20
5.35937145547553
30
0
0
SPLINE
5
150
100
AcDbEntity
8
1
62
256
6
ByLayer
370
18
48
1
60
0
100
AcDbSpline
70
4
71
3
72
18
73
14
40
0
40
0
40
0
40
0
40
0.25
40
0.25
40
0.5
40
0.5
40
0.625
40
0.625
40
0.75
40
0.75
40
0.875
40
0.875
40
1
40
1
40
1
40
1
41
1
10
25.7005697078844
20
4.07043660662981
30
0
41
1
10
25.9457100040393
20
3.79215253319185
30
0
41
1
10
26.1908402144208
20
3.51143477828083
30
0
41
1
10
26.6852262891491
20
2.9488102199773
30
0
41
1
10
26.9344768994547
20
2.66689235106654
30
0
41
1
10
27.3160239029522
20
2.24723207438325
30
0
41
1
10
27.4445002317133
20
2.10789599577123
30
0
41
1
10
27.7050091012163
20
1.83120732645284
30
0
41
1
10
27.8370409576871
20
1.69385372699139
30
0
41
1
10
28.1057866322541
20
1.42216912775092
30
0
41
1
10
28.2424988062888
20
1.28783659246892
30
0
41
1
10
28.5219239708142
20
1.0234224669087
30
0
41
1
10
28.664634061561
20
0.893338137175732
30
0
41
1
10
28.8111334975422
20
0.766118962346724
30
0
0
SPLINE
5
151
100
AcDbEntity
8
1
62
256
6
ByLayer
370
18
48
1
60
0
100
AcDbSpline
70
4
71
3
72
18
73
14
40
0
40
0
40
0
40
0
40
0.25000000000001
40
0.25000000000001
40
0.375000000000017
40
0.375000000000017
40
0.500000000000023
40
0.500000000000023
40
0.750000000000012
40
0.750000000000012
40
0.875000000000006
40
0.875000000000006
40
1
40
1
40
1
40
1
41
1
10
28.8111334975423
20
0.766118962346923
30
0
41
1
10
28.8658477111168
20
0.707592597978419
30
0
41
1
10
28.9229803539022
20
0.64796571606098
30
0
41
1
10
29.0121155905182
20
0.556688196686281
30
0
41
1
10
29.0424019048369
20
0.525957208598697
30
0
41
1
10
29.1041153004318
20
0.463865368338247
30
0
41
1
10
29.135579287699
20
0.432468211204167
30
0
41
1
10
29.231321159497
20
0.337681798135577
30
0
41
1
10
29.2969787892922
20
0.273652226757804
30
0
41
1
10
29.3982832030542
20
0.17641227153689
30
0
41
1
10
29.4325589932471
20
0.143767103110065
30
0
41
1
10
29.5018293059857
20
0.0783509045139397
30
0
41
1
10
29.5368398249888
20
0.0455639071113296
30
0
41
1
10
29.5722451514483
20
0.0127169670575995
30
0
0
SPLINE
5
152
100
AcDbEntity
8
1
62
256
6
ByLayer
370
18
48
1
60
0
100
AcDbSpline
70
4
71
3
72
11
73
7
40
0
40
0
40
0
40
0
40
2.01714898661E-05
40
0.291895865184128
40
0.58377155887839
40
1
40
1
40
1
40
1
41
1
10
29.0712926101547
20
2.97999137166065
30
0
41
1
10
29.0712921156548
20
2.97996452233193
30
0
41
1
10
29.0641269940812
20
2.59143890957293
30
0
41
1
10
28.8122514707236
20
1.91193243965628
30
0
41
1
10
28.8445338942361
20
0.953068372754586
30
0
41
1
10
29.2609675445356
20
0.359696818229509
30
0
41
1
10
29.5715208753219
20
0.0083771163504309
30
0
0
SPLINE
5
153
100
AcDbEntity
8
1
62
256
6
ByLayer
370
18
48
1
60
0
100
AcDbSpline
70
4
71
3
72
10
73
6
40
0
40
0
40
0
40
0
40
0.499751343231294
40
0.75025195631669
40
1
40
1
40
1
40
1
41
1
10
29.0227380901755
20
3.08411974680371
30
0
41
1
10
29.0329444022719
20
3.0674258750162
30
0
41
1
10
29.0482297005315
20
3.04239259360344
30
0
41
1
10
29.0716428234108
20
3.00679998729302
30
0
41
1
10
29.0714567151458
20
2.98890160280715
30
0
41
1
10
29.0712926101547
20
2.97999137166065
30
0
0
SPLINE
5
154
100
AcDbEntity
8
1
62
256
6
ByLayer
370
18
48
1
60
0
100
AcDbSpline
70
4
71
3
72
26
73
22
40
0
40
0
40
0
40
0
40
0.125
40
0.125
40
0.249999999999999
40
0.249999999999999
40
0.374999999999999
40
0.374999999999999
40
0.499999999999998
40
0.499999999999998
40
0.624999999999998
40
0.624999999999998
40
0.749999999999997
40
0.749999999999997
40
0.812499999999997
40
0.812499999999997
40
0.843749999999999
40
0.843749999999999
40
0.875000000000001
40
0.875000000000001
40
1
40
1
40
1
40
1
41
1
10
21.6659267011343
20
8.76341361270622
30
0
41
1
10
21.9060620239222
20
8.51671048527709
30
0
41
1
10
22.148865340224
20
8.27289028963531
30
0
41
1
10
22.6410671071492
20
7.79240335942461
30
0
41
1
10
22.8904667487146
20
7.5557358611324
30
0
41
1
10
23.397365630543
20
7.09133613230111
30
0
41
1
10
23.6548691611823
20
6.86360625026492
30
0
41
1
10
24.1796501403293
20
6.41924584072476
30
0
41
1
10
24.4469363822571
20
6.20262302171739
30
0
41
1
10
24.9929357443793
20
5.7828810848228
30
0
41
1
10
25.2716626265291
20
5.57977676016304
30
0
41
1
10
25.8418367003462
20
5.18938421879156
30
0
41
1
10
26.1333009090895
20
5.00211740523221
30
0
41
1
10
26.5803845051999
20
4.73433359321874
30
0
41
1
10
26.7310520570841
20
4.64725125983165
30
0
41
1
10
26.9594637729331
20
4.51996198935686
30
0
41
1
10
27.0358776088818
20
4.47815727342638
30
0
41
1
10
27.189012077119
20
4.3959029873501
30
0
41
1
10
27.2657662506183
20
4.35543468387354
30
0
41
1
10
27.6503798672449
20
4.15633171070033
30
0
41
1
10
27.9607930294262
20
4.007494007958
30
0
41
1
10
28.2725225577869
20
3.86772844828724
30
0
0
SPLINE
5
155
100
AcDbEntity
8
1
62
256
6
ByLayer
370
18
48
1
60
0
100
AcDbSpline
70
4
71
3
72
37
73
33
40
0
40
0
40
0
40
0
40
0.124999999999991
40
0.124999999999991
40
0.249999999999982
40
0.249999999999982
40
0.281249999999984
40
0.281249999999984
40
0.312499999999986
40
0.374999999999989
40
0.374999999999989
40
0.500000000000001
40
0.500000000000001
40
0.562500000000005
40
0.562500000000005
40
0.593750000000005
40
0.593750000000005
40
0.625000000000005
40
0.625000000000005
40
0.687500000000004
40
0.687500000000004
40
0.750000000000003
40
0.750000000000003
40
0.812500000000003
40
0.812500000000003
40
0.843750000000002
40
0.843750000000002
40
0.875000000000002
40
0.875000000000002
40
0.937500000000001
40
0.937500000000001
40
1
40
1
40
1
40
1
41
1
10
23.5020589196103
20
6.44582208800139
30
0
41
1
10
23.3883298391245
20
6.55695774463445
30
0
41
1
10
23.275906909367
20
6.66643227532646
30
0
41
1
10
23.0546549009157
20
6.88233480774781
30
0
41
1
10
22.9458201865915
20
6.98876200200729
30
0
41
1
10
22.8128783483884
20
7.12009437809672
30
0
41
1
10
22.7864345908653
20
7.14628761779414
30
0
41
1
10
22.7339804873499
20
7.19841675470869
30
0
41
1
10
22.6559282572766
20
7.27624597776512
30
0
41
1
10
22.5798903208046
20
7.35300147580423
30
0
41
1
10
22.4309060003901
20
7.50513572559746
30
0
41
1
10
22.3356652799453
20
7.6047205107765
30
0
41
1
10
22.2011222842496
20
7.75158885871173
30
0
41
1
10
22.1576695901156
20
7.80012729463087
30
0
41
1
10
22.09496729917
20
7.87234692662827
30
0
41
1
10
22.0744802657779
20
7.89632220357416
30
0
41
1
10
22.0344112369848
20
7.94408439255488
30
0
41
1
10
22.0148110780709
20
7.96789390405294
30
0
41
1
10
21.9576350135472
20
8.03888613119776
30
0
41
1
10
21.9217505670761
20
8.08553816103694
30
0
41
1
10
21.8552026378447
20
8.17751156006005
30
0
41
1
10
21.8245361730386
20
8.22283280307104
30
0
41
1
10
21.7694010387796
20
8.3121694014024
30
0
41
1
10
21.7449272109252
20
8.35618451977041
30
0
41
1
10
21.713854422035
20
8.42125274552808
30
0
41
1
10
21.7044396131478
20
8.44278316562279
30
0
41
1
10
21.6877101553929
20
8.48553182034692
30
0
41
1
10
21.6803902692126
20
8.50678350547105
30
0
41
1
10
21.6621184741522
20
8.56946763610028
30
0
41
1
10
21.6547563335625
20
8.61000717525982
30
0
41
1
10
21.6513196367012
20
8.68858662692875
30
0
41
1
10
21.6552345209044
20
8.72662651722868
30
0
41
1
10
21.6659267011343
20
8.76341361270622
30
0
0
SPLINE
5
156
100
AcDbEntity
8
1
62
256
6
ByLayer
370
13
48
1
60
0
100
AcDbSpline
70
4
71
3
72
15
73
11
40
0
40
0
40
0
40
0
40
0.176329390728071
40
0.385919174207632
40
0.595508957687194
40
0.805098741166755
40
0.909893632906536
40
0.962291078776426
40
0.988489801711371
40
1
40
1
40
1
40
1
41
1
10
50.4608079542762
20
2.2601881022477
30
0
41
1
10
50.4789489871575
20
2.26629303869902
30
0
41
1
10
50.5169762623054
20
2.28180404764399
30
0
41
1
10
50.5678228323738
20
2.31324226241347
30
0
41
1
10
50.6069765589289
20
2.35275409237212
30
0
41
1
10
50.625171763108
20
2.38827810964005
30
0
41
1
10
50.6303477167548
20
2.41322229694296
30
0
41
1
10
50.6310987286116
20
2.42528547464815
30
0
41
1
10
50.6311153485328
20
2.43146783909
30
0
41
1
10
50.6311036473164
20
2.43407945939822
30
0
41
1
10
50.6310998707583
20
2.43487783749504
30
0
0
SPLINE
5
157
100
AcDbEntity
8
1
62
256
6
ByLayer
370
18
48
1
60
0
100
AcDbSpline
70
4
71
3
72
52
73
48
40
0
40
0
40
0
40
0
40
0.249999999999906
40
0.249999999999906
40
0.374999999999868
40
0.374999999999868
40
0.437499999999849
40
0.437499999999849
40
0.453124999999849
40
0.453124999999849
40
0.468749999999848
40
0.468749999999848
40
0.49999999999983
40
0.49999999999983
40
0.515624999999831
40
0.515624999999831
40
0.531249999999831
40
0.531249999999831
40
0.562499999999833
40
0.562499999999833
40
0.624999999999853
40
0.624999999999853
40
0.656249999999871
40
0.656249999999871
40
0.68749999999989
40
0.68749999999989
40
0.718749999999909
40
0.718749999999909
40
0.749999999999927
40
0.749999999999927
40
0.812499999999964
40
0.812499999999964
40
0.843749999999976
40
0.843749999999976
40
0.874999999999988
40
0.874999999999988
40
0.90625
40
0.90625
40
0.921875000000002
40
0.921875000000002
40
0.937500000000004
40
0.937500000000004
40
0.968750000000003
40
0.968750000000003
40
0.984375000000002
40
0.984375000000002
40
1
40
1
40
1
40
1
41
1
10
49.481504880847
20
5.92997906667264
30
0
41
1
10
49.5875925755432
20
5.82523062448757
30
0
41
1
10
49.6945219054666
20
5.7211712834434
30
0
41
1
10
49.8561670351642
20
5.56671616367569
30
0
41
1
10
49.9102626157401
20
5.51549785229349
30
0
41
1
10
49.9917701267715
20
5.43911558358044
30
0
41
1
10
50.0189951265251
20
5.41372322769348
30
0
41
1
10
50.0531152534309
20
5.38208791948634
30
0
41
1
10
50.0599459608881
20
5.37576834647439
30
0
41
1
10
50.0736023281943
20
5.36312581839033
30
0
41
1
10
50.0804136693103
20
5.35678861593931
30
0
41
1
10
50.1010906439678
20
5.33802163943503
30
0
41
1
10
50.1151744752635
20
5.32581163535932
30
0
41
1
10
50.136721254307
20
5.30791815236014
30
0
41
1
10
50.1439721122571
20
5.30202235132157
30
0
41
1
10
50.1586049161472
20
5.29036165666247
30
0
41
1
10
50.1660054457675
20
5.28458295491686
30
0
41
1
10
50.1880651910367
20
5.26767858814117
30
0
41
1
10
50.2026809588693
20
5.25690083881381
30
0
41
1
10
50.2462639040709
20
5.22584617741734
30
0
41
1
10
50.2749681164885
20
5.20682990145184
30
0
41
1
10
50.3175049993829
20
5.18047046894816
30
0
41
1
10
50.331527006398
20
5.1721008295726
30
0
41
1
10
50.358906817353
20
5.15635011153262
30
0
41
1
10
50.3723246362613
20
5.14892984611043
30
0
41
1
10
50.398632837409
20
5.13497225861664
30
0
41
1
10
50.4115200191784
20
5.12844051777356
30
0
41
1
10
50.4367504738964
20
5.11629951863634
30
0
41
1
10
50.449147608036
20
5.11066863532392
30
0
41
1
10
50.4849934984143
20
5.09540753793158
30
0
41
1
10
50.5071539273795
20
5.08737221694454
30
0
41
1
10
50.5375951912727
20
5.0789407037241
30
0
41
1
10
50.5472802398176
20
5.07672880162687
30
0
41
1
10
50.5656193750129
20
5.07368060389948
30
0
41
1
10
50.574314206064
20
5.07285824717124
30
0
41
1
10
50.5901270759364
20
5.07287437827097
30
0
41
1
10
50.5972837229036
20
5.07369049182742
30
0
41
1
10
50.606732949747
20
5.07633438228913
30
0
41
1
10
50.609665691934
20
5.07745523320492
30
0
41
1
10
50.6150636814638
20
5.08021940141785
30
0
41
1
10
50.6175390813565
20
5.0818725296339
30
0
41
1
10
50.6240995739886
20
5.08762285236881
30
0
41
1
10
50.6273305982626
20
5.09249193886745
30
0
41
1
10
50.6302739860028
20
5.10154974500597
30
0
41
1
10
50.6309312498703
20
5.10486713586232
30
0
41
1
10
50.6315568372804
20
5.11214113113192
30
0
41
1
10
50.631480675725
20
5.11613647444841
30
0
41
1
10
50.6314659442635
20
5.12010549097826
30
0
0
SPLINE
5
158
100
AcDbEntity
8
1
62
256
6
ByLayer
370
18
48
1
60
0
100
AcDbSpline
70
4
71
3
72
18
73
14
40
0
40
0
40
0
40
0
40
0.25
40
0.25
40
0.374999999999999
40
0.374999999999999
40
0.437499999999999
40
0.437499999999999
40
0.499999999999999
40
0.499999999999999
40
0.749999999999999
40
0.749999999999999
40
1
40
1
40
1
40
1
41
1
10
49.4815048808469
20
5.92997906667276
30
0
41
1
10
49.4804836024183
20
5.72861459358043
30
0
41
1
10
49.4795187767114
20
5.51936406248947
30
0
41
1
10
49.4780587160731
20
5.19378511950774
30
0
41
1
10
49.4775637057823
20
5.08330604884605
30
0
41
1
10
49.476841585192
20
4.91464684688191
30
0
41
1
10
49.4766011035089
20
4.8579370721954
30
0
41
1
10
49.4761173294518
20
4.74353414061696
30
0
41
1
10
49.475875200298
20
4.68581819535368
30
0
41
1
10
49.4746742136722
20
4.39502134997338
30
0
41
1
10
49.4736819844084
20
4.15621693326926
30
0
41
1
10
49.4717665122549
20
3.66639789381017
30
0
41
1
10
49.4708353027244
20
3.4153837013595
30
0
41
1
10
49.4698503417239
20
3.15820127726616
30
0
0
SPLINE
5
159
100
AcDbEntity
8
1
62
256
6
ByLayer
370
18
48
1
60
0
100
AcDbSpline
70
4
71
3
72
8
73
4
40
0
40
0
40
0
40
0
40
1
40
1
40
1
40
1
41
1
10
82.6310108731723
20
-1.20349487496256
30
0
41
1
10
82.6310113463192
20
-1.30461786919244
30
0
41
1
10
82.6310118203055
20
-1.405719407916
30
0
41
1
10
82.6310122936748
20
-1.50679949302651
30
0
0
SPLINE
5
15A
100
AcDbEntity
8
1
62
256
6
ByLayer
370
18
48
1
60
0
100
AcDbSpline
70
4
71
3
72
12
73
8
40
0
40
0
40
0
40
0
40
0.250186841766342
40
0.250186841766342
40
0.500373693515709
40
0.500373693515709
40
1
40
1
40
1
40
1
41
1
10
91.3709784028482
20
-7.89312569074613
30
0
41
1
10
91.3731753098295
20
-7.89448130905774
30
0
41
1
10
91.375368800712
20
-7.89583909504327
30
0
41
1
10
91.379748851726
20
-7.89855902415687
30
0
41
1
10
91.3819354173212
20
-7.89992117067769
30
0
41
1
10
91.3884780455739
20
-7.90401010232165
30
0
41
1
10
91.3928236543119
20
-7.90674346053603
30
0
41
1
10
91.3971548905715
20
-7.90948567064669
30
0
0
SPLINE
5
15B
100
AcDbEntity
8
1
62
256
6
ByLayer
370
18
48
1
60
0
100
AcDbSpline
70
4
71
3
72
38
73
34
40
0
40
0
40
0
40
0
40
0.0156249999999538
40
0.0156249999999538
40
0.0312499999999075
40
0.0312499999999075
40
0.0390624999998844
40
0.0390624999998844
40
0.0468749999998613
40
0.0468749999998613
40
0.0546874999998381
40
0.0546874999998381
40
0.062499999999815
40
0.062499999999815
40
0.0781249999998059
40
0.0781249999998059
40
0.0937499999997967
40
0.0937499999997967
40
0.1249999999998
40
0.1249999999998
40
0.156249999999803
40
0.156249999999803
40
0.187499999999806
40
0.187499999999806
40
0.249999999999826
40
0.249999999999826
40
0.374999999999854
40
0.374999999999854
40
0.499999999999883
40
0.499999999999883
40
0.749999999999941
40
0.749999999999941
40
1
40
1
40
1
40
1
41
1
10
91.3971548905717
20
-7.90948567064697
30
0
41
1
10
91.4029131453689
20
-7.91313136060205
30
0
41
1
10
91.4089731300339
20
-7.91649843880731
30
0
41
1
10
91.4222042976028
20
-7.92221807547975
30
0
41
1
10
91.4292821123277
20
-7.92454911292313
30
0
41
1
10
91.4409914489921
20
-7.92629181615777
30
0
41
1
10
91.4450151733755
20
-7.92655410961078
30
0
41
1
10
91.4531636364015
20
-7.92625088850528
30
0
41
1
10
91.4573118727445
20
-7.92566833231453
30
0
41
1
10
91.465207974249
20
-7.92369835531923
30
0
41
1
10
91.469069960977
20
-7.92228522074598
30
0
41
1
10
91.4761782610861
20
-7.91893254375807
30
0
41
1
10
91.4794756343117
20
-7.91699061403321
30
0
41
1
10
91.4888025137978
20
-7.91057864111787
30
0
41
1
10
91.4939821325393
20
-7.90577260318955
30
0
41
1
10
91.503341248293
20
-7.89564679964863
30
0
41
1
10
91.5074706302145
20
-7.89033043310539
30
0
41
1
10
91.5186843746725
20
-7.87426052603411
30
0
41
1
10
91.5247662254563
20
-7.86322756728273
30
0
41
1
10
91.5357080947761
20
-7.84085099041323
30
0
41
1
10
91.540528122149
20
-7.82947645763591
30
0
41
1
10
91.5493589595667
20
-7.806613237606
30
0
41
1
10
91.5533561718177
20
-7.79513986606057
30
0
41
1
10
91.5645249848863
20
-7.76061058116582
30
0
41
1
10
91.5708898102251
20
-7.73744609005885
30
0
41
1
10
91.5882120907125
20
-7.66757144434072
30
0
41
1
10
91.5974149714442
20
-7.62048072083331
30
0
41
1
10
91.6135518576826
20
-7.52536722400964
30
0
41
1
10
91.6204117561988
20
-7.47731819918835
30
0
41
1
10
91.6384659840451
20
-7.33197314721323
30
0
41
1
10
91.6471531031593
20
-7.23354224474531
30
0
41
1
10
91.6591570980741
20
-7.03355124620447
30
0
41
1
10
91.6624178079142
20
-6.93207382364531
30
0
41
1
10
91.6627874832748
20
-6.82927586436165
30
0
0
SPLINE
5
15C
100
AcDbEntity
8
1
62
256
6
ByLayer
370
18
48
1
60
0
100
AcDbSpline
70
4
71
3
72
10
73
6
40
0
40
0
40
0
40
0
40
0.5
40
0.5
40
1
40
1
40
1
40
1
41
1
10
91.6627874832748
20
-6.82927586436165
30
0
41
1
10
91.5616226699159
20
-6.5664041445975
30
0
41
1
10
91.4613743958147
20
-6.29291311833077
30
0
41
1
10
91.2627366335287
20
-5.72439459891635
30
0
41
1
10
91.1643468313877
20
-5.42937074336012
30
0
41
1
10
91.0669301540475
20
-5.123071963748
30
0
0
SPLINE
5
15D
100
AcDbEntity
8
1
62
256
6
ByLayer
370
18
48
1
60
0
100
AcDbSpline
70
4
71
3
72
26
73
22
40
0
40
0
40
0
40
0
40
0.125000000000001
40
0.125000000000001
40
0.250000000000003
40
0.250000000000003
40
0.375000000000004
40
0.375000000000004
40
0.500000000000006
40
0.500000000000006
40
0.562500000000004
40
0.562500000000004
40
0.625000000000002
40
0.625000000000002
40
0.750000000000003
40
0.750000000000003
40
0.812500000000004
40
0.812500000000004
40
0.875000000000004
40
0.875000000000004
40
1
40
1
40
1
40
1
41
1
10
91.0669301540331
20
-5.12307196373712
30
0
41
1
10
90.7144896191703
20
-4.86616398356003
30
0
41
1
10
90.3633185280159
20
-4.60224664213425
30
0
41
1
10
89.6620387581256
20
-4.06227461680021
30
0
41
1
10
89.3119339712981
20
-3.78621007585002
30
0
41
1
10
88.6114429613974
20
-3.22355676465008
30
0
41
1
10
88.261064899604
20
-2.93695041852325
30
0
41
1
10
87.558723790012
20
-2.35443432857889
30
0
41
1
10
87.2067581046068
20
-2.05850618878517
30
0
41
1
10
86.6765705320129
20
-1.60872591086166
30
0
41
1
10
86.4994645954429
20
-1.45781428571041
30
0
41
1
10
86.1443416886351
20
-1.15422040970429
30
0
41
1
10
85.9672388870674
20
-1.00232067226651
30
0
41
1
10
85.4370476482723
20
-0.546611109209266
30
0
41
1
10
85.0850795700152
20
-0.242789404277858
30
0
41
1
10
84.5583331067201
20
0.21177200894536
30
0
41
1
10
84.3829479595781
20
0.363095976902599
30
0
41
1
10
84.0323924591145
20
0.665161468471382
30
0
41
1
10
83.8572242179537
20
0.815903971905328
30
0
41
1
10
83.3318151137648
20
1.26697790498687
30
0
41
1
10
82.9816730020616
20
1.56616079079356
30
0
41
1
10
82.6309991109441
20
1.86300402415114
30
0
0
SPLINE
5
15E
100
AcDbEntity
8
1
62
256
6
ByLayer
370
18
48
1
60
0
100
AcDbSpline
70
4
71
3
72
13
73
9
40
0
40
0
40
0
40
0
40
0.25
40
0.25
40
0.5
40
0.5
40
0.75
40
1
40
1
40
1
40
1
41
1
10
34.6310457529702
20
4.62957501172932
30
0
41
1
10
34.631047793785
20
4.84347623797811
30
0
41
1
10
34.6310495483265
20
5.05094116665146
30
0
41
1
10
34.6310521803456
20
5.45311441900066
30
0
41
1
10
34.6310531101136
20
5.64784493285575
30
0
41
1
10
34.6310543889534
20
6.02434203594475
30
0
41
1
10
34.6310551140293
20
6.38565715446515
30
0
41
1
10
34.6310544172902
20
6.71689007143144
30
0
41
1
10
34.6310538145776
20
6.87491857684878
30
0
0
SPLINE
5
15F
100
AcDbEntity
8
1
62
256
6
ByLayer
370
18
48
1
60
0
100
AcDbSpline
70
4
71
3
72
8
73
4
40
0
40
0
40
0
40
0
40
1
40
1
40
1
40
1
41
1
10
34.6310457529702
20
4.62957501172932
30
0
41
1
10
34.631044960595
20
4.54652484056999
30
0
41
1
10
34.6310441130886
20
4.46262007987298
30
0
41
1
10
34.6310432102488
20
4.3778607238043
30
0
0
SPLINE
5
160
100
AcDbEntity
8
1
62
256
6
ByLayer
370
18
48
1
60
0
100
AcDbSpline
70
4
71
3
72
18
73
14
40
0
40
0
40
0
40
0
40
0.249999999999999
40
0.249999999999999
40
0.374999999999999
40
0.374999999999999
40
0.437499999999999
40
0.437499999999999
40
0.499999999999999
40
0.499999999999999
40
0.749999999999999
40
0.749999999999999
40
1
40
1
40
1
40
1
41
1
10
53.4806229205429
20
-7.49045845183394
30
0
41
1
10
53.479674593491
20
-7.69332632406912
30
0
41
1
10
53.4787802814656
20
-7.88694383955752
30
0
41
1
10
53.4774223268711
20
-8.16364039292984
30
0
41
1
10
53.4769607270892
20
-8.25358164215828
30
0
41
1
10
53.4762878665123
20
-8.3850436162401
30
0
41
1
10
53.4760636614745
20
-8.42828934477177
30
0
41
1
10
53.4756121467548
20
-8.51362702000006
30
0
41
1
10
53.4753859928965
20
-8.55573860728418
30
0
41
1
10
53.4742643995605
20
-8.76316330579988
30
0
41
1
10
53.4733329000407
20
-8.9186376729096
30
0
41
1
10
53.4715338629322
20
-9.20885870407946
30
0
41
1
10
53.4706583667934
20
-9.34360608542752
30
0
41
1
10
53.4697268365576
20
-9.46787792554954
30
0
0
SPLINE
5
161
100
AcDbEntity
8
1
62
256
6
ByLayer
370
18
48
1
60
0
100
AcDbSpline
70
4
71
3
72
18
73
14
40
0
40
0
40
0
40
0
40
0.25
40
0.25
40
0.375
40
0.375
40
0.4375
40
0.4375
40
0.5
40
0.5
40
0.75
40
0.75
40
1
40
1
40
1
40
1
41
1
10
69.4829407253736
20
-8.68243979649068
30
0
41
1
10
69.4818215399741
20
-8.8327400080764
30
0
41
1
10
69.4807594787289
20
-8.97219314669488
30
0
41
1
10
69.4791535693432
20
-9.1652745864441
30
0
41
1
10
69.4786100053118
20
-9.22694891593341
30
0
41
1
10
69.4778149035996
20
-9.31541558396577
30
0
41
1
10
69.4775500387678
20
-9.34423040228458
30
0
41
1
10
69.477017468793
20
-9.40050732767381
30
0
41
1
10
69.4767509048921
20
-9.42797971452865
30
0
41
1
10
69.4754276227955
20
-9.56182477119648
30
0
41
1
10
69.4743373731871
20
-9.65726611641048
30
0
41
1
10
69.4722242289195
20
-9.82511312415991
30
0
41
1
10
69.4711932192915
20
-9.89751955982834
30
0
41
1
10
69.4701066460278
20
-9.95828842829442
30
0
0
SPLINE
5
162
100
AcDbEntity
8
1
62
256
6
ByLayer
370
18
48
1
60
0
100
AcDbSpline
70
4
71
3
72
78
73
74
40
0
40
0
40
0
40
0
40
0.0156250000000001
40
0.0156250000000001
40
0.0234375000000001
40
0.0234375000000001
40
0.0312500000000001
40
0.0625000000000016
40
0.0625000000000016
40
0.0937500000000031
40
0.0937500000000031
40
0.125000000000005
40
0.125000000000005
40
0.187500000000006
40
0.187500000000006
40
0.218750000000007
40
0.218750000000007
40
0.250000000000008
40
0.250000000000008
40
0.281250000000009
40
0.281250000000009
40
0.31250000000001
40
0.31250000000001
40
0.320312500000011
40
0.320312500000011
40
0.328125000000012
40
0.328125000000012
40
0.343750000000012
40
0.375000000000013
40
0.375000000000013
40
0.406250000000014
40
0.406250000000014
40
0.437500000000015
40
0.437500000000015
40
0.500000000000018
40
0.500000000000018
40
0.531250000000019
40
0.531250000000019
40
0.56250000000002
40
0.56250000000002
40
0.625000000000022
40
0.625000000000022
40
0.632812500000021
40
0.632812500000021
40
0.640625000000021
40
0.640625000000021
40
0.65625000000002
40
0.65625000000002
40
0.687500000000019
40
0.687500000000019
40
0.718750000000017
40
0.718750000000017
40
0.750000000000016
40
0.750000000000016
40
0.781250000000015
40
0.781250000000015
40
0.812500000000013
40
0.812500000000013
40
0.843750000000012
40
0.843750000000012
40
0.87500000000001
40
0.87500000000001
40
0.906250000000009
40
0.906250000000009
40
0.921875000000008
40
0.921875000000008
40
0.929687500000008
40
0.929687500000008
40
0.937500000000008
40
0.937500000000008
40
0.968750000000004
40
0.968750000000004
40
1
40
1
40
1
40
1
41
1
10
69.4829407253736
20
-8.68243979649071
30
0
41
1
10
69.3841742899044
20
-8.6463075803498
30
0
41
1
10
69.2852835150325
20
-8.60916408874786
30
0
41
1
10
69.1367383501204
20
-8.55189313182981
30
0
41
1
10
69.0871714926252
20
-8.53253644816263
30
0
41
1
10
68.9881432916405
20
-8.49337056791475
30
0
41
1
10
68.7407439753875
20
-8.39429092784022
30
0
41
1
10
68.4941693087
20
-8.28937352989672
30
0
41
1
10
68.1005049130824
20
-8.11404469066386
30
0
41
1
10
67.9040990216402
20
-8.02265600659175
30
0
41
1
10
67.5119160385741
20
-7.83247053243664
30
0
41
1
10
67.31614507282
20
-7.73362532673275
30
0
41
1
10
66.7293732551708
20
-7.42634509547659
30
0
41
1
10
66.3387710988815
20
-7.2084148207598
30
0
41
1
10
65.7525597748902
20
-6.86194708684019
30
0
41
1
10
65.557102096394
20
-6.74319995747973
30
0
41
1
10
65.1658507603264
20
-6.49916130892549
30
0
41
1
10
64.9700556215336
20
-6.37387657214109
30
0
41
1
10
64.5778772849947
20
-6.11698379637534
30
0
41
1
10
64.381492168849
20
-5.98536548692704
30
0
41
1
10
63.9879023911965
20
-5.71630366658803
30
0
41
1
10
63.7907024833414
20
-5.57888159182954
30
0
41
1
10
63.5435433385378
20
-5.40340830901218
30
0
41
1
10
63.4940784160615
20
-5.36812871432667
30
0
41
1
10
63.3950781236219
20
-5.29719826116272
30
0
41
1
10
63.3455200202512
20
-5.26153105478812
30
0
41
1
10
63.1969896744831
20
-5.15415923941959
30
0
41
1
10
62.900365969232
20
-4.93783813813991
30
0
41
1
10
62.6049252376437
20
-4.71690925678877
30
0
41
1
10
62.2118165375463
20
-4.4184767841775
30
0
41
1
10
62.0156507724141
20
-4.26738116962474
30
0
41
1
10
61.6238065881887
20
-3.96189828569749
30
0
41
1
10
61.4281283934739
20
-3.80751626924678
30
0
41
1
10
60.8415235922661
20
-3.33974496983663
30
0
41
1
10
60.451058341939
20
-3.02163989475412
30
0
41
1
10
59.8649225349572
20
-2.53617543609522
30
0
41
1
10
59.6694673493853
20
-2.37294201603441
30
0
41
1
10
59.2781353862988
20
-2.04426171255369
30
0
41
1
10
59.0822655466839
20
-1.8787798914459
30
0
41
1
10
58.4937171927844
20
-1.37917128231055
30
0
41
1
10
58.1001189784677
20
-1.04190087863699
30
0
41
1
10
57.6547710398252
20
-0.658597504258182
30
0
41
1
10
57.6052279665822
20
-0.61593418250672
30
0
41
1
10
57.5061979417898
20
-0.530619695968738
30
0
41
1
10
57.4567200102762
20
-0.487976313391613
30
0
41
1
10
57.3083903673311
20
-0.360094772876664
30
0
41
1
10
57.2096434156034
20
-0.274905278779215
30
0
41
1
10
56.9137579855115
20
-0.0195855970799812
30
0
41
1
10
56.7169463235774
20
0.15029601721136
30
0
41
1
10
56.3240144567391
20
0.489151185953432
30
0
41
1
10
56.1278966980947
20
0.658124251012708
30
0
41
1
10
55.7361440793417
20
0.994900497716714
30
0
41
1
10
55.5405101177004
20
1.1627049682528
30
0
41
1
10
55.1495198004125
20
1.49684568094872
30
0
41
1
10
54.9541622140208
20
1.66317626292889
30
0
41
1
10
54.5634464734155
20
1.99412194520917
30
0
41
1
10
54.3680889937348
20
2.15874017444486
30
0
41
1
10
53.9771484965949
20
2.48602258019778
30
0
41
1
10
53.7815661027891
20
2.64868841471875
30
0
41
1
10
53.3899565152501
20
2.9717942491566
30
0
41
1
10
53.1939302809755
20
3.13223851208738
30
0
41
1
10
52.8011941381572
20
3.45055798813996
30
0
41
1
10
52.6044802536327
20
3.60841215234231
30
0
41
1
10
52.3087020331854
20
3.84306154307876
30
0
41
1
10
52.2099918391084
20
3.92092413173819
30
0
41
1
10
52.0617286014527
20
4.03716575913308
30
0
41
1
10
52.0122745281208
20
4.07582086072773
30
0
41
1
10
51.91329667611
20
4.15294258210093
30
0
41
1
10
51.8637500382162
20
4.1914268752696
30
0
41
1
10
51.6161365982212
20
4.38313165683971
30
0
41
1
10
51.4186032012984
20
4.53407333883325
30
0
41
1
10
51.0244215361796
20
4.83092945346255
30
0
41
1
10
50.8277734843015
20
4.97684680698546
30
0
41
1
10
50.6314659442636
20
5.12010549097823
30
0
0
SPLINE
5
163
100
AcDbEntity
8
1
62
256
6
ByLayer
370
18
48
1
60
0
100
AcDbSpline
70
4
71
3
72
13
73
9
40
0
40
0
40
0
40
0
40
0.25
40
0.25
40
0.499999999999999
40
0.499999999999999
40
0.75
40
1
40
1
40
1
40
1
41
1
10
50.6310998707583
20
2.43487783749504
30
0
41
1
10
50.6311299920632
20
2.67758508963911
30
0
41
1
10
50.6311603037796
20
2.91588481427434
30
0
41
1
10
50.6312210128685
20
3.38374864647091
30
0
41
1
10
50.6312514661477
20
3.61333915277095
30
0
41
1
10
50.6313127624206
20
4.06359747138609
30
0
41
1
10
50.6313741181227
20
4.50227870808567
30
0
41
1
10
50.6314352952246
20
4.91802068653271
30
0
41
1
10
50.6314659442636
20
5.12010549097823
30
0
0
SPLINE
5
164
100
AcDbEntity
8
1
62
256
6
ByLayer
370
18
48
1
60
0
100
AcDbSpline
70
4
71
3
72
8
73
4
40
0
40
0
40
0
40
0
40
1
40
1
40
1
40
1
41
1
10
50.6310998707583
20
2.43487783749504
30
0
41
1
10
50.6310881802348
20
2.34067956676458
30
0
41
1
10
50.631076521989
20
2.24595043012556
30
0
41
1
10
50.6310648951123
20
2.15069046952672
30
0
0
SPLINE
5
165
100
AcDbEntity
8
1
62
256
6
ByLayer
370
18
48
1
60
0
100
AcDbSpline
70
4
71
3
72
8
73
4
40
0
40
0
40
0
40
0
40
1
40
1
40
1
40
1
41
1
10
66.6309338544515
20
1.14588051776673
30
0
41
1
10
66.6309325060449
20
1.04766132501163
30
0
41
1
10
66.630931189447
20
0.949102435058933
30
0
41
1
10
66.6309299046857
20
0.850203845083087
30
0
0
SPLINE
5
166
100
AcDbEntity
8
1
62
256
6
ByLayer
370
18
48
1
60
0
100
AcDbSpline
70
4
71
3
72
18
73
14
40
0
40
0
40
0
40
0
40
0.25
40
0.25
40
0.375000000000001
40
0.375000000000001
40
0.437500000000001
40
0.437500000000001
40
0.500000000000001
40
0.500000000000001
40
0.75
40
0.75
40
1
40
1
40
1
40
1
41
1
10
85.4805644971311
20
-9.1399488458695
30
0
41
1
10
85.479602650726
20
-9.25723753976956
30
0
41
1
10
85.4786982387243
20
-9.36303304887801
30
0
41
1
10
85.4773293574424
20
-9.50466844642972
30
0
41
1
10
85.4768648192717
20
-9.54903398453141
30
0
41
1
10
85.4761884744787
20
-9.61129617738533
30
0
41
1
10
85.4759632698479
20
-9.63133595878952
30
0
41
1
10
85.4755100496079
20
-9.66998210062846
30
0
41
1
10
85.475283189596
20
-9.6885967678374
30
0
41
1
10
85.4741587527923
20
-9.77796744633005
30
0
41
1
10
85.4732272721052
20
-9.83745064094566
30
0
41
1
10
85.4714315011074
20
-9.93262413215473
30
0
41
1
10
85.4705593055155
20
-9.96831524625392
30
0
41
1
10
85.4696321698921
20
-9.99198219986781
30
0
0
SPLINE
5
167
100
AcDbEntity
8
1
62
256
6
ByLayer
370
18
48
1
60
0
100
AcDbSpline
70
4
71
3
72
44
73
40
40
0
40
0
40
0
40
0
40
0.0460076848313161
40
0.0460076848313161
40
0.0575096060391452
40
0.0575096060391452
40
0.0690115272469742
40
0.0690115272469742
40
0.0920153696626359
40
0.184030739325287
40
0.184030739325287
40
0.276046108987938
40
0.276046108987938
40
0.322053793819261
40
0.322053793819261
40
0.368061478650585
40
0.368061478650585
40
0.460076848313232
40
0.460076848313232
40
0.506084533144555
40
0.506084533144555
40
0.529088375560216
40
0.529088375560216
40
0.552092217975877
40
0.644107587638522
40
0.644107587638522
40
0.736122957301167
40
0.736122957301167
40
0.782130642132491
40
0.782130642132491
40
0.828138326963814
40
0.828138326963814
40
0.92015369662646
40
0.92015369662646
40
0.943157539042121
40
0.943157539042121
40
0.966161381457783
40
0.966161381457783
40
1
40
1
40
1
40
1
41
1
10
81.4809393963785
20
2.82471119814585
30
0
41
1
10
81.2841056191818
20
2.98700891148556
30
0
41
1
10
81.0868725387334
20
3.14831799707721
30
0
41
1
10
80.8396800094989
20
3.34852874295268
30
0
41
1
10
80.7902089132058
20
3.38849961202456
30
0
41
1
10
80.691197621204
20
3.46829401192696
30
0
41
1
10
80.6416337121606
20
3.50813651157716
30
0
41
1
10
80.4930663409873
20
3.62724838998102
30
0
41
1
10
79.9985568706916
20
4.0216119633674
30
0
41
1
10
79.5072440236813
20
4.40226629746621
30
0
41
1
10
78.7233200384242
20
4.99208709780174
30
0
41
1
10
78.3324455834569
20
5.27740088736911
30
0
41
1
10
77.7463581524707
20
5.68958715253672
30
0
41
1
10
77.5510333923255
20
5.82434835221494
30
0
41
1
10
77.1602206211221
20
6.08833140679633
30
0
41
1
10
76.9647321416496
20
6.21753106761409
30
0
41
1
10
76.377644215654
20
6.59677934369515
30
0
41
1
10
75.9854355584179
20
6.83864097869667
30
0
41
1
10
75.3945538036803
20
7.18315256861248
30
0
41
1
10
75.1971630795906
20
7.29494550541332
30
0
41
1
10
74.9002473753606
20
7.45783739024481
30
0
41
1
10
74.8011041135096
20
7.51135045967499
30
0
41
1
10
74.6032807695373
20
7.6163333526714
30
0
41
1
10
74.1094109271871
20
7.8739430604748
30
0
41
1
10
73.6186214879044
20
8.10713359669074
30
0
41
1
10
72.8353943265817
20
8.44791682257841
30
0
41
1
10
72.4447960686879
20
8.60212659352553
30
0
41
1
10
71.8589368402744
20
8.80873482081313
30
0
41
1
10
71.6636490187597
20
8.87357692262398
30
0
41
1
10
71.2728405191656
20
8.99541875370227
30
0
41
1
10
71.0773253735996
20
9.05236244742085
30
0
41
1
10
70.4901302069646
20
9.21068807415259
30
0
41
1
10
70.0978102032889
20
9.29952246964945
30
0
41
1
10
69.6050731248456
20
9.38815600417482
30
0
41
1
10
69.5064087049337
20
9.40478957256948
30
0
41
1
10
69.3088247445046
20
9.43600544924203
30
0
41
1
10
69.2098995100584
20
9.45057361237946
30
0
41
1
10
68.9651280463227
20
9.4839089949179
30
0
41
1
10
68.8197174489938
20
9.50134386525647
30
0
41
1
10
68.6745727576219
20
9.51633050196926
30
0
0
SPLINE
5
168
100
AcDbEntity
8
1
62
256
6
ByLayer
370
18
48
1
60
0
100
AcDbSpline
70
4
71
3
72
13
73
9
40
0
40
0
40
0
40
0
40
0.25
40
0.25
40
0.5
40
0.5
40
0.75
40
1
40
1
40
1
40
1
41
1
10
66.6309338544515
20
1.14588051776673
30
0
41
1
10
66.6309373275108
20
1.39886138155453
30
0
41
1
10
66.6309410851692
20
1.64867532878392
30
0
41
1
10
66.6309488468524
20
2.14202648900709
30
0
41
1
10
66.6309529031887
20
2.38559202525073
30
0
41
1
10
66.6309615580261
20
2.86627424769304
30
0
41
1
10
66.6309707409752
20
3.33767331368028
30
0
41
1
10
66.6309806132475
20
3.7906784461627
30
0
41
1
10
66.6309858233151
20
4.01254133901489
30
0
0
SPLINE
5
169
100
AcDbEntity
8
1
62
256
6
ByLayer
370
18
48
1
60
0
100
AcDbSpline
70
4
71
3
72
18
73
14
40
0
40
0
40
0
40
0
40
0.249999999999999
40
0.249999999999999
40
0.374999999999999
40
0.374999999999999
40
0.437499999999999
40
0.437499999999999
40
0.499999999999998
40
0.499999999999998
40
0.749999999999999
40
0.749999999999999
40
1
40
1
40
1
40
1
41
1
10
65.4810661072539
20
4.89072071748251
30
0
41
1
10
65.4800711579976
20
4.66463100823259
30
0
41
1
10
65.4791329600992
20
4.43193934908163
30
0
41
1
10
65.4777129634371
20
4.07310333412644
30
0
41
1
10
65.4772313328925
20
3.9518563772038
30
0
41
1
10
65.4765293132391
20
3.7675237419003
30
0
41
1
10
65.4762955314935
20
3.7056692156068
30
0
41
1
10
65.4758251670624
20
3.58113674668152
30
0
41
1
10
65.475589731723
20
3.51842857695908
30
0
41
1
10
65.4744224938715
20
3.20317359705808
30
0
41
1
10
65.473457018922
20
2.94622089120762
30
0
41
1
10
65.4715945086594
20
2.42290964822041
30
0
41
1
10
65.4706895070575
20
2.15655146552743
30
0
41
1
10
65.4697304338297
20
1.88544002379067
30
0
0
SPLINE
5
16A
100
AcDbEntity
8
1
62
256
6
ByLayer
370
13
48
1
60
0
100
AcDbSpline
70
4
71
3
72
15
73
11
40
0
40
0
40
0
40
0
40
0.176433880038078
40
0.385972347516886
40
0.595510814995694
40
0.805049282474502
40
0.909818516213906
40
0.962203133083608
40
0.988395441518459
40
1
40
1
40
1
40
1
41
1
10
66.4606039948924
20
1.00638206072637
30
0
41
1
10
66.4787612435332
20
1.01125981120958
30
0
41
1
10
66.5168043456015
20
1.02364850734881
30
0
41
1
10
66.567662168053
20
1.0487560584709
30
0
41
1
10
66.6068141875049
20
1.0803018464249
30
0
41
1
10
66.6250078568313
20
1.10866258585122
30
0
41
1
10
66.630182732719
20
1.12857632880531
30
0
41
1
10
66.6309332233599
20
1.13820662339168
30
0
41
1
10
66.6309495937982
20
1.14314743571126
30
0
41
1
10
66.6309377010699
20
1.14523776035554
30
0
41
1
10
66.6309338544515
20
1.14588051776673
30
0
0
SPLINE
5
16B
100
AcDbEntity
8
1
62
256
6
ByLayer
370
13
48
1
60
0
100
AcDbSpline
70
4
71
3
72
15
73
11
40
0
40
0
40
0
40
0
40
0.176548833891455
40
0.386018369632075
40
0.595487905372694
40
0.804957441113314
40
0.909692208983624
40
0.962059592918779
40
0.988243284886356
40
1
40
1
40
1
40
1
41
1
10
82.4606228443924
20
-1.27414461430604
30
0
41
1
10
82.4787995795868
20
-1.27167324951301
30
0
41
1
10
82.5168624519156
20
-1.26539867116588
30
0
41
1
10
82.5677359343347
20
-1.25268267243922
30
0
41
1
10
82.6068890603171
20
-1.23671074720585
30
0
41
1
10
82.6250837244391
20
-1.22235154385578
30
0
41
1
10
82.6302592988255
20
-1.21226914846363
30
0
41
1
10
82.6310101272593
20
-1.20739330828667
30
0
41
1
10
82.6310266996244
20
-1.20488743793635
30
0
41
1
10
82.6310147536929
20
-1.20382469304181
30
0
41
1
10
82.6310108731723
20
-1.20349487496256
30
0
0
SPLINE
5
16C
100
AcDbEntity
8
1
62
256
6
ByLayer
370
18
48
1
60
0
100
AcDbSpline
70
4
71
3
72
13
73
9
40
0
40
0
40
0
40
0
40
0.25
40
0.25
40
0.5
40
0.5
40
0.75
40
1
40
1
40
1
40
1
41
1
10
82.6310108731723
20
-1.20349487496256
30
0
41
1
10
82.6310096549919
20
-0.943140070330628
30
0
41
1
10
82.6310085327349
20
-0.683595774642441
30
0
41
1
10
82.6310062015127
20
-0.166113633947759
30
0
41
1
10
82.6310050454269
20
0.0918545904636119
30
0
41
1
10
82.6310029744825
20
0.606047282121978
30
0
41
1
10
82.6310011843686
20
1.11546357304897
30
0
41
1
10
82.6309996838667
20
1.61541545597549
30
0
41
1
10
82.6309991109441
20
1.86300402415117
30
0
0
SPLINE
5
16D
100
AcDbEntity
8
1
62
256
6
ByLayer
370
18
48
1
60
0
100
AcDbSpline
70
4
71
3
72
52
73
48
40
0
40
0
40
0
40
0
40
0.250000000000026
40
0.250000000000026
40
0.375000000000039
40
0.375000000000039
40
0.437500000000063
40
0.437500000000063
40
0.453125000000069
40
0.453125000000069
40
0.468750000000074
40
0.468750000000074
40
0.500000000000085
40
0.500000000000085
40
0.515625000000073
40
0.515625000000073
40
0.53125000000006
40
0.53125000000006
40
0.562500000000036
40
0.562500000000036
40
0.625000000000022
40
0.625000000000022
40
0.656250000000015
40
0.656250000000015
40
0.687500000000007
40
0.687500000000007
40
0.71875
40
0.71875
40
0.749999999999993
40
0.749999999999993
40
0.812499999999977
40
0.812499999999977
40
0.84374999999997
40
0.84374999999997
40
0.874999999999962
40
0.874999999999962
40
0.906249999999954
40
0.906249999999954
40
0.921874999999958
40
0.921874999999958
40
0.937499999999961
40
0.937499999999961
40
0.968749999999979
40
0.968749999999979
40
0.98437499999999
40
0.98437499999999
40
1
40
1
40
1
40
1
41
1
10
81.4809393963786
20
2.82471119814576
30
0
41
1
10
81.5870593651417
20
2.72648732827759
30
0
41
1
10
81.6940212348775
20
2.63004717772392
30
0
41
1
10
81.8557153657353
20
2.48867466139728
30
0
41
1
10
81.9098273579926
20
2.4420936227437
30
0
41
1
10
81.9913596458788
20
2.37307986274792
30
0
41
1
10
82.0185928764951
20
2.35022115070112
30
0
41
1
10
82.0527234446673
20
2.32182605963928
30
0
41
1
10
82.0595562287535
20
2.31615449760687
30
0
41
1
10
82.073216554934
20
2.3048384885852
30
0
41
1
10
82.0800302901165
20
2.29920355355597
30
0
41
1
10
82.1007164428611
20
2.28217187494789
30
0
41
1
10
82.1148065763573
20
2.2706635885468
30
0
41
1
10
82.1363626026421
20
2.25314901050015
30
0
41
1
10
82.1436165322183
20
2.24726993572875
30
0
41
1
10
82.1582554708741
20
2.2354284631696
30
0
41
1
10
82.1656581507513
20
2.22945185485409
30
0
41
1
10
82.187722462681
20
2.21166226794074
30
0
41
1
10
82.2023412286659
20
2.19990718944112
30
0
41
1
10
82.2459329655548
20
2.16489071211447
30
0
41
1
10
82.2746428574558
20
2.14187259456486
30
0
41
1
10
82.3171878239785
20
2.10770787023174
30
0
41
1
10
82.3312099307994
20
2.09643978277632
30
0
41
1
10
82.3585914222122
20
2.07441377596044
30
0
41
1
10
82.3720100969455
20
2.06360829214023
30
0
41
1
10
82.3983197317895
20
2.04240041130501
30
0
41
1
10
82.4112075046522
20
2.03200060615984
30
0
41
1
10
82.4364388996922
20
2.01162513974518
30
0
41
1
10
82.44883624597
20
2.00160605415451
30
0
41
1
10
82.4846783484847
20
1.97263743811467
30
0
41
1
10
82.5068354738399
20
1.95472295067933
30
0
41
1
10
82.5372701776116
20
1.93025416677958
30
0
41
1
10
82.5469527623852
20
1.92249527444878
30
0
41
1
10
82.5652856924851
20
1.90789896339223
30
0
41
1
10
82.5739763170974
20
1.90103093522018
30
0
41
1
10
82.5897774116887
20
1.88870596362858
30
0
41
1
10
82.5969275761541
20
1.88321598075271
30
0
41
1
10
82.6063650719828
20
1.8761678241948
30
0
41
1
10
82.6092936259744
20
1.87401863523732
30
0
41
1
10
82.6146825870402
20
1.87015773563726
30
0
41
1
10
82.6171530715384
20
1.86843945662835
30
0
41
1
10
82.6236957745347
20
1.86407996449842
30
0
41
1
10
82.6269138467624
20
1.8622201856077
30
0
41
1
10
82.6298351741711
20
1.86120541189237
30
0
41
1
10
82.6304840393759
20
1.861169294213
30
0
41
1
10
82.6310937353203
20
1.86174241485511
30
0
41
1
10
82.6310120362181
20
1.86238901207932
30
0
41
1
10
82.6309991109441
20
1.86300402415117
30
0
0
SPLINE
5
16E
100
AcDbEntity
8
1
62
256
6
ByLayer
370
18
48
1
60
0
100
AcDbSpline
70
4
71
3
72
18
73
14
40
0
40
0
40
0
40
0
40
0.25
40
0.25
40
0.375
40
0.375
40
0.4375
40
0.4375
40
0.5
40
0.5
40
0.75
40
0.75
40
1
40
1
40
1
40
1
41
1
10
81.4809393963786
20
2.82471119814585
30
0
41
1
10
81.4799412839508
20
2.56430540237128
30
0
41
1
10
81.4790027019446
20
2.29988619629012
30
0
41
1
10
81.4775860321036
20
1.89730168758416
30
0
41
1
10
81.4771061584427
20
1.76211310983524
30
0
41
1
10
81.4764076963693
20
1.55783375075137
30
0
41
1
10
81.4761752626993
20
1.48949125129229
30
0
41
1
10
81.4757078984117
20
1.35230582124447
30
0
41
1
10
81.4754741371179
20
1.28343601503244
30
0
41
1
10
81.4743157122391
20
0.938129942284291
30
0
41
1
10
81.4733597442594
20
0.65991230930365
30
0
41
1
10
81.4715205738243
20
0.099570835407178
30
0
41
1
10
81.4706294491369
20
-0.182552850021409
30
0
41
1
10
81.469686284303
20
-0.466649602940407
30
0
0
SPLINE
5
16F
100
AcDbEntity
8
1
62
256
6
ByLayer
370
18
48
1
60
0
100
AcDbSpline
70
4
71
3
72
21
73
17
40
0
40
0
40
0
40
0
40
0.249999999999957
40
0.249999999999957
40
0.374999999999962
40
0.374999999999962
40
0.499999999999968
40
0.499999999999968
40
0.624999999999973
40
0.624999999999973
40
0.749999999999979
40
0.749999999999979
40
0.874999999999984
40
0.937499999999992
40
0.937499999999992
40
1
40
1
40
1
40
1
41
1
10
34.4607220786963
20
4.39950229764892
30
0
41
1
10
34.4842513036669
20
4.38762437994967
30
0
41
1
10
34.5062419653764
20
4.37770791799306
30
0
41
1
10
34.5365772656378
20
4.36607178831633
30
0
41
1
10
34.5462514491929
20
4.36272673376288
30
0
41
1
10
34.5646013839982
20
4.35723983644965
30
0
41
1
10
34.5731314546796
20
4.35515012739458
30
0
41
1
10
34.5887794099662
20
4.35237950484907
30
0
41
1
10
34.5959088467832
20
4.35168848438272
30
0
41
1
10
34.6085487852593
20
4.35193227388629
30
0
41
1
10
34.6140763824368
20
4.35289909776077
30
0
41
1
10
34.6228880254373
20
4.35665642011975
30
0
41
1
10
34.6278907370387
20
4.36082663108954
30
0
41
1
10
34.6301823230376
20
4.36731641819392
30
0
41
1
10
34.631035290012
20
4.37222704825737
30
0
41
1
10
34.6310669120223
20
4.37502770038847
30
0
41
1
10
34.6310433196625
20
4.37785991623207
30
0
0
SPLINE
5
170
100
AcDbEntity
8
1
62
256
6
ByLayer
370
18
48
1
60
0
100
AcDbSpline
70
4
71
3
72
28
73
24
40
0
40
0
40
0
40
0
40
0.125000000000094
40
0.125000000000094
40
0.156250000000113
40
0.156250000000113
40
0.187500000000132
40
0.187500000000132
40
0.250000000000147
40
0.250000000000147
40
0.312500000000162
40
0.312500000000162
40
0.343750000000159
40
0.343750000000159
40
0.375000000000156
40
0.375000000000156
40
0.390625000000153
40
0.390625000000153
40
0.406250000000151
40
0.406250000000151
40
0.437500000000146
40
0.500000000000135
40
1
40
1
40
1
40
1
41
1
10
34.4607220786963
20
4.39950229764892
30
0
41
1
10
34.4229003400794
20
4.41859529791114
30
0
41
1
10
34.3826908332895
20
4.4419295697557
30
0
41
1
10
34.3299284337154
20
4.47621854204735
30
0
41
1
10
34.3192467080324
20
4.48334035947065
30
0
41
1
10
34.2976171152789
20
4.49814744265169
30
0
41
1
10
34.2867185049951
20
4.50580145553337
30
0
41
1
10
34.2541166883399
20
4.52927986652261
30
0
41
1
10
34.2323739789764
20
4.54570373934405
30
0
41
1
10
34.1889096763021
20
4.58027694845865
30
0
41
1
10
34.1671879222135
20
4.59840659808953
30
0
41
1
10
34.1346423543139
20
4.62715775675977
30
0
41
1
10
34.1237859258891
20
4.63701992681436
30
0
41
1
10
34.1025527564873
20
4.65690370405088
30
0
41
1
10
34.0921246477948
20
4.66697623561348
30
0
41
1
10
34.0767487659365
20
4.68226953126535
30
0
41
1
10
34.0716563539619
20
4.68739013977623
30
0
41
1
10
34.0614473479809
20
4.69761526565389
30
0
41
1
10
34.0563384338336
20
4.70272505987657
30
0
41
1
10
34.0410140872367
20
4.71805686946806
30
0
41
1
10
34.0103782463709
20
4.74873243027469
30
0
41
1
10
33.8163693176031
20
4.94308186631713
30
0
41
1
10
33.63283231266
20
5.12772915039338
30
0
41
1
10
33.4698725327329
20
5.29224254439748
30
0
0
SPLINE
5
171
100
AcDbEntity
8
1
62
256
6
ByLayer
370
18
48
1
60
0
100
AcDbSpline
70
4
71
3
72
8
73
4
40
0
40
0
40
0
40
0
40
1
40
1
40
1
40
1
41
1
10
28.8111334975422
20
7.78738695019044
30
0
41
1
10
28.3614537410516
20
8.03549367659136
30
0
41
1
10
27.913988903009
20
8.26667269390032
30
0
41
1
10
27.4674494215714
20
8.48024532542829
30
0
0
SPLINE
5
172
100
AcDbEntity
8
1
62
256
6
ByLayer
370
18
48
1
60
0
100
AcDbSpline
70
4
71
3
72
77
73
73
40
0
40
0
40
0
40
0
40
0.0079583773167131
40
0.0158203364932979
40
0.0235858618064422
40
0.0312549387678489
40
0.0388275540878463
40
0.0463036956390009
40
0.0536833524199856
40
0.0609665145195449
40
0.0681531730807289
40
0.0752433202654759
40
0.0822369492194235
40
0.0891340540371606
40
0.0959346297279467
40
0.102638672181763
40
0.109246178136078
40
0.115757145142904
40
0.122171571536696
40
0.128489456402693
40
0.134710799545997
40
0.140835601461429
40
0.146863863303921
40
0.15279558685993
40
0.15863077451953
40
0.164369429249391
40
0.170011554566703
40
0.175557154514026
40
0.181006233635125
40
0.18635879695195
40
0.191614849942607
40
0.196774398520594
40
0.201837449015271
40
0.206804008153572
40
0.211674083043265
40
0.216447681157583
40
0.221124810321557
40
0.225705478700022
40
0.230189694787551
40
0.234577467400405
40
0.238868805670734
40
0.243063719043142
40
0.247162217274135
40
0.251164310434339
40
0.255070008914224
40
0.258879323433511
40
0.262592265054865
40
0.266208845202328
40
0.291196656698053
40
0.31624584695682
40
0.341356836438673
40
0.36653007308185
40
0.39176603125372
40
0.417065210637849
40
0.44242813507149
40
0.467855351347454
40
0.49334742799259
40
0.518904954034161
40
0.544528537763955
40
0.574548634568218
40
0.605403350819528
40
0.637093145725012
40
0.669618437102896
40
0.702979608793875
40
0.737177017154093
40
0.772210996749213
40
0.808081865351102
40
0.844789928324652
40
0.882335482479808
40
0.920718819453973
40
0.959940228681576
40
1
40
1
40
1
40
1
41
1
10
28.9764095086985
20
3.43041793061792
30
0
41
1
10
28.9661872074458
20
3.44536901790514
30
0
41
1
10
28.9458664512014
20
3.47509005555034
30
0
41
1
10
28.915566365373
20
3.51955418161478
30
0
41
1
10
28.885632091693
20
3.5635806392219
30
0
41
1
10
28.8560618207681
20
3.60717440967449
30
0
41
1
10
28.8268541018013
20
3.65032658038729
30
0
41
1
10
28.7980075267336
20
3.69303208319877
30
0
41
1
10
28.7695208089134
20
3.7352850279978
30
0
41
1
10
28.7413927580294
20
3.77707992794501
30
0
41
1
10
28.7136222823339
20
3.81841137560573
30
0
41
1
10
28.6862083837153
20
3.85927412610803
30
0
41
1
10
28.6591501546773
20
3.89966307321561
30
0
41
1
10
28.6324467748475
20
3.93957325341199
30
0
41
1
10
28.6060975076446
20
3.97899984251743
30
0
41
1
10
28.5801016969442
20
4.01793815416482
30
0
41
1
10
28.5544587637855
20
4.05638363769418
30
0
41
1
10
28.5291682031145
20
4.09433187611583
30
0
41
1
10
28.5042295805658
20
4.13177858397859
30
0
41
1
10
28.4796425292859
20
4.16871960519489
30
0
41
1
10
28.4554067468
20
4.20515091081646
30
0
41
1
10
28.4315219919243
20
4.24106859676959
30
0
41
1
10
28.4079880817255
20
4.27646888155479
30
0
41
1
10
28.384804888529
20
4.3113481039166
30
0
41
1
10
28.361972336977
20
4.34570272048819
30
0
41
1
10
28.3394904011395
20
4.37952930341694
30
0
41
1
10
28.3173591016762
20
4.41282453797388
30
0
41
1
10
28.2955785030546
20
4.44558522015373
30
0
41
1
10
28.2741487108216
20
4.47780825426838
30
0
41
1
10
28.2530698689312
20
4.50949065053868
30
0
41
1
10
28.2323421571294
20
4.54062952268873
30
0
41
1
10
28.2119657883966
20
4.57122208554617
30
0
41
1
10
28.1919410064466
20
4.60126565265227
30
0
41
1
10
28.1722680832859
20
4.63075763388574
30
0
41
1
10
28.1529473168312
20
4.6596955331031
30
0
41
1
10
28.1339790285848
20
4.68807694579863
30
0
41
1
10
28.1153635613752
20
4.71589955679099
30
0
41
1
10
28.0971012771371
20
4.74316113792111
30
0
41
1
10
28.0791925548283
20
4.7698595458339
30
0
41
1
10
28.0616377881236
20
4.79599271959219
30
0
41
1
10
28.0444373841966
20
4.8215586790451
30
0
41
1
10
28.0275917588475
20
4.84655552063197
30
0
41
1
10
28.0111013450937
20
4.8709814226091
30
0
41
1
10
27.9949665535091
20
4.89483461649175
30
0
41
1
10
27.9791879066151
20
4.91811348036248
30
0
41
1
10
27.963765547263
20
4.94081619387077
30
0
41
1
10
27.9487009977918
20
4.96294196916338
30
0
41
1
10
27.9048849546753
20
5.02711539069051
30
0
41
1
10
27.8316687883375
20
5.13368015165565
30
0
41
1
10
27.7280762461168
20
5.28299443922654
30
0
41
1
10
27.6231671715497
20
5.43265793315527
30
0
41
1
10
27.5169589275728
20
5.58262465249717
30
0
41
1
10
27.4094629194299
20
5.73284820243737
30
0
41
1
10
27.3006957893352
20
5.88328923999995
30
0
41
1
10
27.1906759163073
20
6.03391310722714
30
0
41
1
10
27.0794237935103
20
6.18468999680454
30
0
41
1
10
26.9669617602068
20
6.33559480607894
30
0
41
1
10
26.8533125396431
20
6.48660566142942
30
0
41
1
10
26.7320366446008
20
6.64621902492087
30
0
41
1
10
26.601819204695
20
6.81584816976823
30
0
41
1
10
26.4613760794641
20
6.99694567295964
30
0
41
1
10
26.3160999526157
20
7.18254697501359
30
0
41
1
10
26.1660176409958
20
7.37267265923325
30
0
41
1
10
26.0111581212515
20
7.56734776044067
30
0
41
1
10
25.8515509394348
20
7.76660003624445
30
0
41
1
10
25.6872264069
20
7.97046023533676
30
0
41
1
10
25.5182156471354
20
8.17896179050243
30
0
41
1
10
25.3445494053128
20
8.39214074580281
30
0
41
1
10
25.1662622097592
20
8.61003533819436
30
0
41
1
10
24.9833757777634
20
8.83268676780665
30
0
41
1
10
24.7959625809484
20
9.06013543666518
30
0
41
1
10
24.6692612637332
20
9.21338070937989
30
0
41
1
10
24.6052407009916
20
9.29081359494364
30
0
0
SPLINE
5
173
100
AcDbEntity
8
1
62
256
6
ByLayer
370
18
48
1
60
0
100
AcDbSpline
70
4
71
3
72
31
73
27
40
0
40
0
40
0
40
0
40
0.112733214201265
40
0.112733214201265
40
0.169099821301898
40
0.197283124852214
40
0.197283124852214
40
0.225466428402531
40
0.225466428402531
40
0.338199642603794
40
0.338199642603794
40
0.450932856805057
40
0.450932856805057
40
0.563666071006321
40
0.563666071006321
40
0.620032678106953
40
0.64821598165727
40
0.64821598165727
40
0.662307633432428
40
0.662307633432428
40
0.676399285207586
40
0.789132499408861
40
0.789132499408861
40
0.901865713610136
40
0.901865713610136
40
1
40
1
40
1
40
1
41
1
10
28.9786659350044
20
3.4315869599148
30
0
41
1
10
29.591605281356
20
3.14599681064041
30
0
41
1
10
30.2026590274865
20
2.84561334855758
30
0
41
1
10
31.1193899608505
20
2.37770305730964
30
0
41
1
10
31.5777921216678
20
2.13941309445352
30
0
41
1
10
32.036806383582
20
1.89553233324273
30
0
41
1
10
32.3430142808241
20
1.73180505219707
30
0
41
1
10
32.4963309755349
20
1.64930955477371
30
0
41
1
10
33.2615935593154
20
1.23531030803147
30
0
41
1
10
33.8702415269388
20
0.898918121037411
30
0
41
1
10
35.0843530943559
20
0.222914078502839
30
0
41
1
10
35.6898119817175
20
-0.116706406566607
30
0
41
1
10
36.9013592056132
20
-0.792235336482463
30
0
41
1
10
37.5074429357605
20
-1.12815213926297
30
0
41
1
10
38.4199182171422
20
-1.62401630691934
30
0
41
1
10
38.8769941932118
20
-1.86994402174696
30
0
41
1
10
39.3358835506153
20
-2.1118560237613
30
0
41
1
10
39.5656779863259
20
-2.23205649398531
30
0
41
1
10
39.6422822506393
20
-2.27196997087629
30
0
41
1
10
39.795307445164
20
-2.35137235125558
30
0
41
1
10
40.4833699826178
20
-2.70691853415335
30
0
41
1
10
41.1668146537545
20
-3.0460928388496
30
0
41
1
10
42.3784422294352
20
-3.61769574614104
30
0
41
1
10
42.9825587952826
20
-3.88781777706888
30
0
41
1
10
44.1129281320768
20
-4.35883617528128
30
0
41
1
10
44.6391296659359
20
-4.56417190069152
30
0
41
1
10
45.166731725078
20
-4.75391929156285
30
0
0
SPLINE
5
174
100
AcDbEntity
8
1
62
256
6
ByLayer
370
18
48
1
60
0
100
AcDbSpline
70
4
71
3
72
38
73
34
40
0
40
0
40
0
40
0
40
0.0987240055623224
40
0.0987240055623224
40
0.197448011124645
40
0.197448011124645
40
0.222129012515225
40
0.222129012515225
40
0.246810013905806
40
0.246810013905806
40
0.296172016686967
40
0.394896022249286
40
0.394896022249286
40
0.444258025030442
40
0.46893902642102
40
0.46893902642102
40
0.493620027811598
40
0.493620027811598
40
0.592344033373898
40
0.592344033373898
40
0.691068038936198
40
0.691068038936198
40
0.715749040326769
40
0.715749040326769
40
0.740430041717341
40
0.740430041717341
40
0.789792044498483
40
0.789792044498483
40
0.88851605006075
40
0.88851605006075
40
0.987240055623016
40
0.987240055623016
40
1
40
1
40
1
40
1
41
1
10
91.841325007043
20
9.83675923087617
30
0
41
1
10
91.8546483084262
20
9.72140283336245
30
0
41
1
10
91.8642125760883
20
9.60589219793934
30
0
41
1
10
91.8739133865225
20
9.37448409561233
30
0
41
1
10
91.8740562730335
20
9.2585868890003
30
0
41
1
10
91.8668233231193
20
9.11341127513109
30
0
41
1
10
91.8650045644865
20
9.08436088180665
30
0
41
1
10
91.860577613258
20
9.0262277036835
30
0
41
1
10
91.8579649615019
20
8.99710774837357
30
0
41
1
10
91.8489168312415
20
8.91010932415395
30
0
41
1
10
91.825975859999
20
8.73734946601851
30
0
41
1
10
91.787484676693
20
8.56856001244384
30
0
41
1
10
91.7372056211564
20
8.40278033272142
30
0
41
1
10
91.7091180270681
20
8.32064321674028
30
0
41
1
10
91.6763317209746
20
8.23970581350275
30
0
41
1
10
91.653398576572
20
8.18602217726456
30
0
41
1
10
91.6413756473005
20
8.15928379029154
30
0
41
1
10
91.5790705072643
20
8.02746614118396
30
0
41
1
10
91.521864854084
20
7.92713893668449
30
0
41
1
10
91.3935424677256
20
7.73617284162287
30
0
41
1
10
91.3224285172572
20
7.64553201305398
30
0
41
1
10
91.2254010484217
20
7.53789658575087
30
0
41
1
10
91.2055888839769
20
7.51665272439641
30
0
41
1
10
91.1651653058362
20
7.47472163551134
30
0
41
1
10
91.1445415525071
20
7.45402520418955
30
0
41
1
10
91.0819709342989
20
7.39320441926574
30
0
41
1
10
91.0391772965065
20
7.35418459046312
30
0
41
1
10
90.9078395323862
20
7.24130716819136
30
0
41
1
10
90.8163452697837
20
7.17162214215259
30
0
41
1
10
90.6266693897739
20
7.04171044598056
30
0
41
1
10
90.5284848125615
20
6.98148796208997
30
0
41
1
10
90.4143392254319
20
6.91810788634672
30
0
41
1
10
90.4012261019104
20
6.91092234564198
30
0
41
1
10
90.3880652590528
20
6.9038042974629
30
0
0
SPLINE
5
175
100
AcDbEntity
8
1
62
256
6
ByLayer
370
18
48
1
60
0
100
AcDbSpline
70
4
71
3
72
20
73
16
40
0
40
0
40
0
40
0
40
0.250000000000001
40
0.250000000000001
40
0.500000000000002
40
0.500000000000002
40
0.625000000000002
40
0.625000000000002
40
0.750000000000003
40
0.750000000000003
40
0.875000000000004
40
0.875000000000004
40
0.937500000000002
40
0.937500000000002
40
1
40
1
40
1
40
1
41
1
10
91.4317581974502
20
9.96612807351264
30
0
41
1
10
91.466960513602
20
9.96906319816802
30
0
41
1
10
91.5020328741548
20
9.96902527518529
30
0
41
1
10
91.571984074425
20
9.96272078725525
30
0
41
1
10
91.6068630515001
20
9.95646198300864
30
0
41
1
10
91.6590513239634
20
9.94158441896965
30
0
41
1
10
91.6764256002981
20
9.93570040027024
30
0
41
1
10
91.7111237290576
20
9.92178710250707
30
0
41
1
10
91.7281933965899
20
9.91385731643078
30
0
41
1
10
91.7617166109515
20
9.89585809885983
30
0
41
1
10
91.7781710167877
20
9.8857913327152
30
0
41
1
10
91.8023183380346
20
9.86885458037011
30
0
41
1
10
91.8102778683744
20
9.86290125188185
30
0
41
1
10
91.8259983867102
20
9.85031802305951
30
0
41
1
10
91.8337678871411
20
9.843677192223
30
0
41
1
10
91.8413250070266
20
9.83675923087335
30
0
0
SPLINE
5
176
100
AcDbEntity
8
1
62
256
6
ByLayer
370
18
48
1
60
0
100
AcDbSpline
70
4
71
3
72
12
73
8
40
0
40
0
40
0
40
0
40
0.267452228785592
40
0.267452228785592
40
0.534904457575378
40
0.534904457575378
40
1
40
1
40
1
40
1
41
1
10
91.4059730064147
20
9.96397853054566
30
0
41
1
10
91.4082720373259
20
9.96417015106684
30
0
41
1
10
91.410570998735
20
9.96436177495372
30
0
41
1
10
91.415168781643
20
9.96474502956434
30
0
41
1
10
91.4174676031444
20
9.96493666028837
30
0
41
1
10
91.4237638490102
20
9.96546154356764
30
0
41
1
10
91.4277611308783
20
9.96579480315069
30
0
41
1
10
91.4317581974501
20
9.96612807351261
30
0
0
SPLINE
5
177
100
AcDbEntity
8
1
62
256
6
ByLayer
370
18
48
1
60
0
100
AcDbSpline
70
4
71
3
72
8
73
4
40
0
40
0
40
0
40
0
40
1
40
1
40
1
40
1
41
1
10
91.4059730064147
20
9.96397853054569
30
0
41
1
10
91.4062199703694
20
9.97125159946648
30
0
41
1
10
91.4064687922494
20
9.97852294550918
30
0
41
1
10
91.4067194572993
20
9.98579248654576
30
0
0
SPLINE
5
178
100
AcDbEntity
8
1
62
256
6
ByLayer
370
18
48
1
60
0
100
AcDbSpline
70
4
71
3
72
8
73
4
40
0
40
0
40
0
40
0
40
1
40
1
40
1
40
1
41
1
10
91.4064995733481
20
9.98578193472687
30
0
41
1
10
90.8250517703519
20
9.95787416883624
30
0
41
1
10
90.2436039673756
20
9.88882790740223
30
0
41
1
10
89.6621561644195
20
9.77949025345865
30
0
0
SPLINE
5
179
100
AcDbEntity
8
1
62
256
6
ByLayer
370
18
48
1
60
0
100
AcDbSpline
70
4
71
3
72
10
73
6
40
0
40
0
40
0
40
0
40
0.5
40
0.5
40
1
40
1
40
1
40
1
41
1
10
89.6621561644195
20
9.77949025345865
30
0
41
1
10
89.1658261555578
20
9.6860875840747
30
0
41
1
10
88.6694961466994
20
9.56334481855885
30
0
41
1
10
87.6768361289892
20
9.26138022892209
30
0
41
1
10
87.1805061201378
20
9.08216003084775
30
0
41
1
10
86.6841761112893
20
8.8763086997177
30
0
0
SPLINE
5
17A
100
AcDbEntity
8
1
62
256
6
ByLayer
370
18
48
1
60
0
100
AcDbSpline
70
4
71
3
72
8
73
4
40
0
40
0
40
0
40
0
40
1
40
1
40
1
40
1
41
1
10
86.6841761112893
20
8.8763086997177
30
0
41
1
10
86.6136431413743
20
8.84705970398915
30
0
41
1
10
86.5431101714593
20
8.81727327002889
30
0
41
1
10
86.4725772015444
20
8.78695519857681
30
0
0
SPLINE
5
17B
100
AcDbEntity
8
1
62
256
6
ByLayer
370
18
48
1
60
0
100
AcDbSpline
70
4
71
3
72
12
73
8
40
0
40
0
40
0
40
0
40
0.315551888111421
40
0.315551888111421
40
0.65777594405571
40
0.65777594405571
40
1
40
1
40
1
40
1
41
1
10
58.4775001122913
20
-9.92418302644319
30
0
41
1
10
58.1063500037899
20
-9.96525052416598
30
0
41
1
10
57.7351998952883
20
-9.9896836677915
30
0
41
1
10
56.961528045416
20
-10.0056701672278
30
0
41
1
10
56.559006304045
20
-9.99426973788795
30
0
41
1
10
55.7539628213032
20
-9.93216788867494
30
0
41
1
10
55.3514410799323
20
-9.88146661083491
30
0
41
1
10
54.9489193385615
20
-9.81141417886093
30
0
0
SPLINE
5
17C
100
AcDbEntity
8
1
62
256
6
ByLayer
370
18
48
1
60
0
100
AcDbSpline
70
4
71
3
72
8
73
4
40
0
40
0
40
0
40
0
40
1
40
1
40
1
40
1
41
1
10
54.6309678777859
20
-9.75207155470662
30
0
41
1
10
54.7369516980444
20
-9.77318734101507
30
0
41
1
10
54.842935518303
20
-9.79297091755714
30
0
41
1
10
54.9489193385615
20
-9.81141417886093
30
0
0
SPLINE
5
17D
100
AcDbEntity
8
1
62
256
6
ByLayer
370
18
48
1
60
0
100
AcDbSpline
70
4
71
3
72
21
73
17
40
0
40
0
40
0
40
0
40
0.250000000000001
40
0.250000000000001
40
0.375000000000001
40
0.375000000000001
40
0.5
40
0.5
40
0.625
40
0.625
40
0.75
40
0.75
40
0.875
40
0.9375
40
0.9375
40
1
40
1
40
1
40
1
41
1
10
54.4606219562453
20
-9.38909129835045
30
0
41
1
10
54.4841512175468
20
-9.41071328741742
30
0
41
1
10
54.5061422077258
20
-9.43451488284151
30
0
41
1
10
54.5364784213109
20
-9.47389729308355
30
0
41
1
10
54.5461529793645
20
-9.48763174768075
30
0
41
1
10
54.5645038876704
20
-9.51647780408359
30
0
41
1
10
54.5730346091744
20
-9.53138522397035
30
0
41
1
10
54.5886840645949
20
-9.56220881873236
30
0
41
1
10
54.5958143747598
20
-9.5781241121484
30
0
41
1
10
54.6084564619254
20
-9.61113036338736
30
0
41
1
10
54.6139853648583
20
-9.62836724241205
30
0
41
1
10
54.6228000059541
20
-9.66302093948605
30
0
41
1
10
54.6278052317894
20
-9.68929029375957
30
0
41
1
10
54.6300998197108
20
-9.71603203553988
30
0
41
1
10
54.6309548968786
20
-9.73397767079035
30
0
41
1
10
54.6309875751108
20
-9.74301956122972
30
0
41
1
10
54.630963821503
20
-9.75207074654861
30
0
0
SPLINE
5
17E
100
AcDbEntity
8
1
62
256
6
ByLayer
370
18
48
1
60
0
100
AcDbSpline
70
4
71
3
72
28
73
24
40
0
40
0
40
0
40
0
40
0.125000000000011
40
0.125000000000011
40
0.156250000000025
40
0.156250000000025
40
0.187500000000039
40
0.187500000000039
40
0.250000000000067
40
0.250000000000067
40
0.312500000000096
40
0.312500000000096
40
0.343750000000099
40
0.343750000000099
40
0.375000000000103
40
0.375000000000103
40
0.390625000000094
40
0.390625000000094
40
0.406250000000086
40
0.406250000000086
40
0.437500000000091
40
0.500000000000081
40
1
40
1
40
1
40
1
41
1
10
54.4606219562453
20
-9.38909129835042
30
0
41
1
10
54.4227986365389
20
-9.35433392136821
30
0
41
1
10
54.3825877627784
20
-9.32657826647815
30
0
41
1
10
54.329823857014
20
-9.29987092691803
30
0
41
1
10
54.3191418395563
20
-9.2949416516968
30
0
41
1
10
54.2975116760721
20
-9.28595096064964
30
0
41
1
10
54.2866127335719
20
-9.28191601240553
30
0
41
1
10
54.2540100343265
20
-9.27129749057644
30
0
41
1
10
54.232266803073
20
-9.26612339370709
30
0
41
1
10
54.1888016016906
20
-9.25992477627278
30
0
41
1
10
54.1670794690087
20
-9.25885265155389
30
0
41
1
10
54.134533461533
20
-9.26093787865494
30
0
41
1
10
54.1236768240003
20
-9.26226515038897
30
0
41
1
10
54.1024432096706
20
-9.26624316032937
30
0
41
1
10
54.0920148950975
20
-9.26891043402568
30
0
41
1
10
54.0766385948829
20
-9.27386995257586
30
0
41
1
10
54.0715458584039
20
-9.2756402102959
30
0
41
1
10
54.0613362158377
20
-9.27908641425236
30
0
41
1
10
54.0562269934161
20
-9.28079051824599
30
0
41
1
10
54.0409017547512
20
-9.28590318597364
30
0
41
1
10
54.0102641185444
20
-9.29614153444319
30
0
41
1
10
53.8162438168804
20
-9.360398093594
30
0
41
1
10
53.6326961309198
20
-9.41855140660991
30
0
41
1
10
53.4697269355487
20
-9.46786471946623
30
0
0
SPLINE
5
17F
100
AcDbEntity
8
1
62
256
6
ByLayer
370
18
48
1
60
0
100
AcDbSpline
70
4
71
3
72
22
73
18
40
0
40
0
40
0
40
0
40
0.125
40
0.125
40
0.25
40
0.25
40
0.375
40
0.375
40
0.5
40
0.5
40
0.625
40
0.625
40
0.75
40
0.75
40
0.875
40
0.875
40
1
40
1
40
1
40
1
41
1
10
53.4697337948056
20
-9.467875097812
30
0
41
1
10
53.0770635578597
20
-9.35408270396601
30
0
41
1
10
52.6843933209138
20
-9.22252073971441
30
0
41
1
10
51.8990528470221
20
-8.92533526122912
30
0
41
1
10
51.5063826100764
20
-8.75971237018078
30
0
41
1
10
50.7210421361848
20
-8.39626642410011
30
0
41
1
10
50.3283718992393
20
-8.1984441368549
30
0
41
1
10
49.5430314253481
20
-7.77282272404329
30
0
41
1
10
49.1503611884025
20
-7.54502449612082
30
0
41
1
10
48.3650207145117
20
-7.06201147187485
30
0
41
1
10
47.9723504775663
20
-6.80679769342592
30
0
41
1
10
47.1870100036756
20
-6.27182200365087
30
0
41
1
10
46.7943397667304
20
-5.99206121972219
30
0
41
1
10
46.0089992928401
20
-5.41113588022282
30
0
41
1
10
45.6163290558949
20
-5.10997254822945
30
0
41
1
10
44.8309885820048
20
-4.48962705912822
30
0
41
1
10
44.4383183450598
20
-4.17044620854588
30
0
41
1
10
44.0456481081149
20
-3.8440496859987
30
0
0
SPLINE
5
180
100
AcDbEntity
8
1
62
256
6
ByLayer
370
18
48
1
60
0
100
AcDbSpline
70
4
71
3
72
8
73
4
40
0
40
0
40
0
40
0
40
1
40
1
40
1
40
1
41
1
10
44.0456481081149
20
-3.8440496859987
30
0
41
1
10
43.4785835410925
20
-3.37268127762394
30
0
41
1
10
42.9115189740723
20
-2.88625808206459
30
0
41
1
10
42.344454407054
20
-2.39046672716023
30
0
0
SPLINE
5
181
100
AcDbEntity
8
1
62
256
6
ByLayer
370
18
48
1
60
0
100
AcDbSpline
70
4
71
3
72
14
73
10
40
0
40
0
40
0
40
0
40
0.25
40
0.25
40
0.5
40
0.5
40
0.75
40
0.75
40
1
40
1
40
1
40
1
41
1
10
42.344454407054
20
-2.39046672716023
30
0
41
1
10
41.7016705671408
20
-1.82847983210115
30
0
41
1
10
41.0588867272278
20
-1.25446065917075
30
0
41
1
10
39.7733190474013
20
-0.099584970767296
30
0
41
1
10
39.1305352074883
20
0.481254075948101
30
0
41
1
10
37.8449675276621
20
1.63230270534083
30
0
41
1
10
37.202183687749
20
2.20249487755811
30
0
41
1
10
35.916616007923
20
3.31510261381962
30
0
41
1
10
35.27383216801
20
3.8575013493035
30
0
41
1
10
34.6310483280969
20
4.37785586174121
30
0
0
SPLINE
5
182
100
AcDbEntity
8
1
62
256
6
ByLayer
370
18
48
1
60
0
100
AcDbSpline
70
4
71
3
72
8
73
4
40
0
40
0
40
0
40
0
40
1
40
1
40
1
40
1
41
1
10
70.6310724348656
20
-9.99918874545978
30
0
41
1
10
71.0309911652225
20
-9.99442198570111
30
0
41
1
10
71.4309098955794
20
-9.97017972605525
30
0
41
1
10
71.8308286259365
20
-9.92662639453974
30
0
0
SPLINE
5
183
100
AcDbEntity
8
1
62
256
6
ByLayer
370
18
48
1
60
0
100
AcDbSpline
70
4
71
3
72
21
73
17
40
0
40
0
40
0
40
0
40
0.25
40
0.25
40
0.375000000000004
40
0.375000000000004
40
0.500000000000008
40
0.500000000000008
40
0.625000000000012
40
0.625000000000012
40
0.750000000000016
40
0.750000000000016
40
0.87500000000002
40
0.93750000000001
40
0.93750000000001
40
1
40
1
40
1
40
1
41
1
10
70.4608221075147
20
-9.67135456515504
30
0
41
1
10
70.4843484531341
20
-9.68833752811645
30
0
41
1
10
70.5063355293275
20
-9.70779220787355
30
0
41
1
10
70.5366644305797
20
-9.74112946319428
30
0
41
1
10
70.5463363120873
20
-9.75292712747662
30
0
41
1
10
70.5646812039575
20
-9.77807553144814
30
0
41
1
10
70.5732086339639
20
-9.79125151988561
30
0
41
1
10
70.5888507237059
20
-9.81886734524065
30
0
41
1
10
70.5959769966901
20
-9.83330406278307
30
0
41
1
10
70.608610014544
20
-9.86364702023349
30
0
41
1
10
70.6141338372882
20
-9.87969463355532
30
0
41
1
10
70.6229376118505
20
-9.91239241050491
30
0
41
1
10
70.6279341449575
20
-9.93749657293907
30
0
41
1
10
70.6302192177226
20
-9.96359122877828
30
0
41
1
10
70.6310678004951
20
-9.98123601911718
30
0
41
1
10
70.631097283968
20
-9.9902046769613
30
0
41
1
10
70.6310728525831
20
-9.99918874048086
30
0
0
SPLINE
5
184
100
AcDbEntity
8
1
62
256
6
ByLayer
370
18
48
1
60
0
100
AcDbSpline
70
4
71
3
72
28
73
24
40
0
40
0
40
0
40
0
40
0.124999999999944
40
0.124999999999944
40
0.156249999999935
40
0.156249999999935
40
0.187499999999927
40
0.187499999999927
40
0.249999999999909
40
0.249999999999909
40
0.312499999999892
40
0.312499999999892
40
0.343749999999894
40
0.343749999999894
40
0.374999999999896
40
0.374999999999896
40
0.390624999999908
40
0.390624999999908
40
0.40624999999992
40
0.40624999999992
40
0.437499999999924
40
0.499999999999929
40
1
40
1
40
1
40
1
41
1
10
70.4608221075147
20
-9.67135456515504
30
0
41
1
10
70.4230074416029
20
-9.64405729251584
30
0
41
1
10
70.3828040858933
20
-9.62420334517734
30
0
41
1
10
70.330048354228
20
-9.60794464718978
30
0
41
1
10
70.3193679105111
20
-9.60513452462894
30
0
41
1
10
70.2977407800565
20
-9.6004458605982
30
0
41
1
10
70.2868436479577
20
-9.59858418536029
30
0
41
1
10
70.2542457681639
20
-9.59448669729625
30
0
41
1
10
70.2325054289109
20
-9.59368792438391
30
0
41
1
10
70.1890453132447
20
-9.59631153164278
30
0
41
1
10
70.1673253823777
20
-9.59968558248343
30
0
41
1
10
70.1347820607693
20
-9.60850842183589
30
0
41
1
10
70.1239267725316
20
-9.61209604896945
30
0
41
1
10
70.1026959205975
20
-9.62052310918375
30
0
41
1
10
70.0922689015267
20
-9.62538992167876
30
0
41
1
10
70.0768946917616
20
-9.63361431973956
30
0
41
1
10
70.0718030355798
20
-9.63647000192032
30
0
41
1
10
70.0615955382102
20
-9.64209093815262
30
0
41
1
10
70.0564873686282
20
-9.64488324728487
30
0
41
1
10
70.0411652170701
20
-9.65326084130734
30
0
41
1
10
70.010533779126
20
-9.67003093564475
30
0
41
1
10
69.8165528032623
20
-9.77572131231639
30
0
41
1
10
69.633042494445
20
-9.87348146118694
30
0
41
1
10
69.4701065940215
20
-9.95829133610954
30
0
0
SPLINE
5
185
100
AcDbEntity
8
1
62
256
6
ByLayer
370
18
48
1
60
0
100
AcDbSpline
70
4
71
3
72
14
73
10
40
0
40
0
40
0
40
0
40
0.25
40
0.25
40
0.5
40
0.5
40
0.75
40
0.75
40
1
40
1
40
1
40
1
41
1
10
69.4700911340067
20
-9.95841761820242
30
0
41
1
10
69.0882818675699
20
-9.92707453435605
30
0
41
1
10
68.7064726011334
20
-9.8780616034021
30
0
41
1
10
67.9428540682604
20
-9.74521664032756
30
0
41
1
10
67.561044801824
20
-9.66138485851303
30
0
41
1
10
66.7974262689516
20
-9.45979306020504
30
0
41
1
10
66.4156170025153
20
-9.34203342225507
30
0
41
1
10
65.6519984696432
20
-9.07383734471745
30
0
41
1
10
65.2701892032073
20
-8.92340140774601
30
0
41
1
10
64.8883799367714
20
-8.75742641803797
30
0
0
SPLINE
5
186
100
AcDbEntity
8
1
62
256
6
ByLayer
370
18
48
1
60
0
100
AcDbSpline
70
4
71
5
72
15
73
9
40
0
40
0
40
0
40
0
40
0
40
0
40
0.196485556017877
40
0.580280358172672
40
0.836143559609202
40
1
40
1
40
1
40
1
40
1
40
1
41
1
10
64.8883803133252
20
-8.75742145672203
30
0
41
1
10
64.7953460874091
20
-8.71697979566429
30
0
41
1
10
64.5205883137027
20
-8.59527494886638
30
0
41
1
10
64.1246815081362
20
-8.41032712039416
30
0
41
1
10
63.6511900831092
20
-8.1730195482682
30
0
41
1
10
63.1776986580822
20
-7.91718549717183
30
0
41
1
10
62.7972414589714
20
-7.70016802072232
30
0
41
1
10
62.5985078076507
20
-7.58376027265729
30
0
41
1
10
62.5209231881902
20
-7.53785545651482
30
0
0
SPLINE
5
187
100
AcDbEntity
8
1
62
256
6
ByLayer
370
18
48
1
60
0
100
AcDbSpline
70
4
71
5
72
16
73
10
40
0
40
0
40
0
40
0
40
0
40
0
40
0.0794468776841731
40
0.410848466478162
40
0.742250055272151
40
0.963184447801477
40
1
40
1
40
1
40
1
40
1
40
1
41
1
10
62.5209231228475
20
-7.53785621508322
30
0
41
1
10
62.4773585505527
20
-7.51208018025343
30
0
41
1
10
62.2520704304676
20
-7.37803327564416
30
0
41
1
10
61.8450587625924
20
-7.12889588654741
30
0
41
1
10
61.316898062857
20
-6.78976330486088
30
0
41
1
10
60.7685496121102
20
-6.4175886506446
30
0
41
1
10
60.2637657336582
20
-6.05873948205428
30
0
41
1
10
59.9407054029963
20
-5.8228344809927
30
0
41
1
10
59.7993686201248
20
-5.71846792614417
30
0
41
1
10
59.7791808691133
20
-5.70353723834674
30
0
0
SPLINE
5
188
100
AcDbEntity
8
1
62
256
6
ByLayer
370
18
48
1
60
0
100
AcDbSpline
70
4
71
3
72
14
73
10
40
0
40
0
40
0
40
0
40
0.25
40
0.25
40
0.5
40
0.5
40
0.75
40
0.75
40
1
40
1
40
1
40
1
41
1
10
59.7791808691133
20
-5.70353723834674
30
0
41
1
10
59.3766590748987
20
-5.40583389164172
30
0
41
1
10
58.9741372806841
20
-5.09688237403583
30
0
41
1
10
58.169093692255
20
-4.46012903200005
30
0
41
1
10
57.7665718980403
20
-4.13232869097743
30
0
41
1
10
56.9615283096114
20
-3.46174914488825
30
0
41
1
10
56.5590065153969
20
-3.11897149949911
30
0
41
1
10
55.7539629269682
20
-2.42248568668822
30
0
41
1
10
55.3514411327538
20
-2.06877913972474
30
0
41
1
10
54.9489193385395
20
-1.71169604651175
30
0
0
SPLINE
5
189
100
AcDbEntity
8
1
62
256
6
ByLayer
370
18
48
1
60
0
100
AcDbSpline
70
4
71
3
72
14
73
10
40
0
40
0
40
0
40
0
40
0.25
40
0.25
40
0.5
40
0.5
40
0.75
40
0.75
40
1
40
1
40
1
40
1
41
1
10
50.6310655974156
20
2.15070340612002
30
0
41
1
10
50.9908867425091
20
1.83430018570354
30
0
41
1
10
51.3507078876026
20
1.51450880126512
30
0
41
1
10
52.0703501777896
20
0.871166477856491
30
0
41
1
10
52.4301713228833
20
0.547616495448693
30
0
41
1
10
53.1498136130705
20
-0.100188885055388
30
0
41
1
10
53.5096347581642
20
-0.424443320156797
30
0
41
1
10
54.2292770483517
20
-1.07059681419196
30
0
41
1
10
54.5890981934456
20
-1.39249491270868
30
0
41
1
10
54.9489193385395
20
-1.71169604651175
30
0
0
SPLINE
5
18A
100
AcDbEntity
8
1
62
256
6
ByLayer
370
18
48
1
60
0
100
AcDbSpline
70
4
71
3
72
21
73
17
40
0
40
0
40
0
40
0
40
0.249999999999994
40
0.249999999999994
40
0.374999999999995
40
0.374999999999995
40
0.499999999999996
40
0.499999999999996
40
0.624999999999997
40
0.624999999999997
40
0.749999999999998
40
0.749999999999998
40
0.874999999999999
40
0.9375
40
0.9375
40
1
40
1
40
1
40
1
41
1
10
50.4608079542762
20
2.2601881022477
30
0
41
1
10
50.4843302444855
20
2.24279425409716
30
0
41
1
10
50.5063138478519
20
2.22689058566794
30
0
41
1
10
50.536638616354
20
2.20547581181745
30
0
41
1
10
50.5463092977065
20
2.19873960112869
30
0
41
1
10
50.5646522816426
20
2.18617154890313
30
0
41
1
10
50.5731793317945
20
2.18044208654024
30
0
41
1
10
50.5888210373301
20
2.1701874642317
30
0
41
1
10
50.5959474431185
20
2.16565200438637
30
0
41
1
10
50.6085817061983
20
2.15796768076089
30
0
41
1
10
50.6141067897812
20
2.15481655049354
30
0
41
1
10
50.6229144110705
20
2.15034328896564
30
0
41
1
10
50.6279146256975
20
2.14830953241167
30
0
41
1
10
50.6302049670421
20
2.14854332667886
30
0
41
1
10
50.6310574642332
20
2.14927042907817
30
0
41
1
10
50.6310890552984
20
2.14997185874841
30
0
41
1
10
50.6310647403785
20
2.15070415974256
30
0
0
SPLINE
5
18B
100
AcDbEntity
8
1
62
256
6
ByLayer
370
18
48
1
60
0
100
AcDbSpline
70
4
71
3
72
27
73
23
40
0
40
0
40
0
40
0
40
0.125000000000016
40
0.125000000000016
40
0.15625000000002
40
0.15625000000002
40
0.187500000000024
40
0.187500000000024
40
0.250000000000053
40
0.250000000000053
40
0.312500000000083
40
0.312500000000083
40
0.343750000000109
40
0.343750000000109
40
0.375000000000135
40
0.375000000000135
40
0.390625000000137
40
0.390625000000137
40
0.406250000000139
40
0.437500000000145
40
0.500000000000133
40
1
40
1
40
1
40
1
41
1
10
50.4608079542762
20
2.2601881022477
30
0
41
1
10
50.4229847007082
20
2.28815697446498
30
0
41
1
10
50.3827716809935
20
2.31879952985858
30
0
41
1
10
50.3300026617266
20
2.36044360707081
30
0
41
1
10
50.3193194964563
20
2.36894456751932
30
0
41
1
10
50.2976867748892
20
2.38631672011198
30
0
41
1
10
50.28678718089
20
2.39514886995764
30
0
41
1
10
50.2541816033799
20
2.4218189352641
30
0
41
1
10
50.2324361321964
20
2.4399336476398
30
0
41
1
10
50.1889657724164
20
2.47693804090827
30
0
41
1
10
50.1672407290725
20
2.49581892438022
30
0
41
1
10
50.1346897631432
20
2.52485166759189
30
0
41
1
10
50.1238325226944
20
2.53466237362514
30
0
41
1
10
50.1025982203325
20
2.55412892475863
30
0
41
1
10
50.0921696366605
20
2.56383326685744
30
0
41
1
10
50.0767929182214
20
2.57834866810887
30
0
41
1
10
50.0716998980588
20
2.58318233481703
30
0
41
1
10
50.0614896894045
20
2.5928558307254
30
0
41
1
10
50.0461607660549
20
2.60737134853022
30
0
41
1
10
50.0104149247185
20
2.64125702302599
30
0
41
1
10
49.8163845274347
20
2.82542157029269
30
0
41
1
10
49.6328275689919
20
3.0010888275246
30
0
41
1
10
49.4698503461114
20
3.15820242289459
30
0
0
SPLINE
5
18C
100
AcDbEntity
8
1
62
256
6
ByLayer
370
18
48
1
60
0
100
AcDbSpline
70
4
71
3
72
22
73
18
40
0
40
0
40
0
40
0
40
0.125
40
0.125
40
0.25
40
0.25
40
0.375
40
0.375
40
0.5
40
0.5
40
0.625
40
0.625
40
0.75
40
0.75
40
0.875
40
0.875
40
1
40
1
40
1
40
1
41
1
10
42.3444544069417
20
8.20848387463928
30
0
41
1
10
41.9570285903139
20
8.40772214883614
30
0
41
1
10
41.5696027736861
20
8.59196303053426
30
0
41
1
10
40.7947511404306
20
8.92843553070961
30
0
41
1
10
40.4073253238028
20
9.08066647319689
30
0
41
1
10
39.6324736905473
20
9.3514532671947
30
0
41
1
10
39.2450478739194
20
9.47000857768182
30
0
41
1
10
38.4701962406639
20
9.67214674719062
30
0
41
1
10
38.0827704240363
20
9.7557292074643
30
0
41
1
10
37.3079187907807
20
9.8870069969058
30
0
41
1
10
36.920492974153
20
9.9347020652464
30
0
41
1
10
36.1456413408974
20
9.99368307173904
30
0
41
1
10
35.7582155242698
20
10.0049688926096
30
0
41
1
10
34.9833638910143
20
9.99100779082204
30
0
41
1
10
34.5959380743867
20
9.96576089511913
30
0
41
1
10
33.8210864411312
20
9.8790104970835
30
0
41
1
10
33.4336606245036
20
9.81750716274823
30
0
41
1
10
33.0462348078759
20
9.73821195048563
30
0
0
SPLINE
5
18D
100
AcDbEntity
8
1
62
256
6
ByLayer
370
18
48
1
60
0
100
AcDbSpline
70
4
71
3
72
10
73
6
40
0
40
0
40
0
40
0
40
0.5
40
0.5
40
1
40
1
40
1
40
1
41
1
10
30.6305854073885
20
9.0183177159262
30
0
41
1
10
31.0331936408011
20
9.17494671742767
30
0
41
1
10
31.4358018742146
20
9.31378050462823
30
0
41
1
10
32.2410183410438
20
9.55421882800889
30
0
41
1
10
32.6436265744593
20
9.65582280088768
30
0
41
1
10
33.0462348078759
20
9.73821195048563
30
0
0
SPLINE
5
18E
100
AcDbEntity
8
1
62
256
6
ByLayer
370
18
48
1
60
0
100
AcDbSpline
70
4
71
3
72
18
73
14
40
0
40
0
40
0
40
0
40
0.126636129408136
40
0.126636129408136
40
0.344977097056097
40
0.344977097056097
40
0.563318064704057
40
0.563318064704057
40
0.781659032352017
40
0.781659032352017
40
0.890829516176008
40
0.890829516176008
40
1
40
1
40
1
40
1
41
1
10
30.5662972945
20
8.78533271834857
30
0
41
1
10
30.5712929213312
20
8.7944560727137
30
0
41
1
10
30.5760630337823
20
8.80369790172986
30
0
41
1
10
30.588410145352
20
8.82920033191741
30
0
41
1
10
30.5955302305796
20
8.84569934786805
30
0
41
1
10
30.6081514595092
20
8.87953267386064
30
0
41
1
10
30.6136699455399
20
8.89700982367924
30
0
41
1
10
30.6224649194654
20
8.93173284911526
30
0
41
1
10
30.6257921624935
20
8.94907919701527
30
0
41
1
10
30.6289770313793
20
8.97506839876075
30
0
41
1
10
30.6297374325197
20
8.98372640165627
30
0
41
1
10
30.63058440706
20
9.00102979460468
30
0
41
1
10
30.6306135689555
20
9.00967342811566
30
0
41
1
10
30.6305892301734
20
9.01831920312571
30
0
0
SPLINE
5
18F
100
AcDbEntity
8
1
62
256
6
ByLayer
370
18
48
1
60
0
100
AcDbSpline
70
4
71
3
72
10
73
6
40
0
40
0
40
0
40
0
40
0.5
40
0.5
40
1
40
1
40
1
40
1
41
1
10
29.5721177265265
20
8.99831329492676
30
0
41
1
10
29.6416913095001
20
9.00548374374048
30
0
41
1
10
29.712124735153
20
9.00826258894941
30
0
41
1
10
29.8547236806737
20
9.00510786586855
30
0
41
1
10
29.9268888168259
20
8.99917589767162
30
0
41
1
10
29.9999999999996
20
8.98878776451696
30
0
0
SPLINE
5
190
100
AcDbEntity
8
1
62
256
6
ByLayer
370
18
48
1
60
0
100
AcDbSpline
70
4
71
3
72
8
73
4
40
0
40
0
40
0
40
0
40
1
40
1
40
1
40
1
41
1
10
29.9999999999996
20
8.98878776451696
30
0
41
1
10
30.0034652917508
20
8.98829539234393
30
0
41
1
10
30.0069304700742
20
8.98780154680685
30
0
41
1
10
30.0103955356543
20
8.98730622798561
30
0
0
SPLINE
5
191
100
AcDbEntity
8
1
62
256
6
ByLayer
370
18
48
1
60
0
100
AcDbSpline
70
4
71
3
72
18
73
14
40
0
40
0
40
0
40
0
40
0.250000000000003
40
0.250000000000003
40
0.375000000000001
40
0.375000000000001
40
0.5
40
0.5
40
0.750000000000003
40
0.750000000000003
40
0.875000000000002
40
0.875000000000002
40
1
40
1
40
1
40
1
41
1
10
33.480758623969
20
7.52857184939853
30
0
41
1
10
33.1911644939865
20
7.68332569390088
30
0
41
1
10
32.902178207845
20
7.83008324196712
30
0
41
1
10
32.4690694892695
20
8.03747736066771
30
0
41
1
10
32.3247626550805
20
8.10444840871375
30
0
41
1
10
32.0361383714328
20
8.23445395662637
30
0
41
1
10
31.8918255065499
20
8.29745946871373
30
0
41
1
10
31.458765167485
20
8.48030008310181
30
0
41
1
10
31.1698979412509
20
8.59395238006732
30
0
41
1
10
30.735819669394
20
8.75149233855396
30
0
41
1
10
30.590997394572
20
8.80183699144052
30
0
41
1
10
30.3009930271898
20
8.89797740744959
30
0
41
1
10
30.1558095682034
20
8.94375817111748
30
0
41
1
10
30.0103955356544
20
8.98730622798561
30
0
0
SPLINE
5
192
100
AcDbEntity
8
1
62
256
6
ByLayer
370
18
48
1
60
0
100
AcDbSpline
70
4
71
3
72
50
73
46
40
0
40
0
40
0
40
0
40
0.250000000000191
40
0.250000000000191
40
0.375000000000277
40
0.375000000000277
40
0.437500000000313
40
0.437500000000313
40
0.453125000000313
40
0.453125000000313
40
0.468750000000314
40
0.468750000000314
40
0.500000000000315
40
0.500000000000315
40
0.531250000000317
40
0.531250000000317
40
0.546875000000318
40
0.546875000000318
40
0.562500000000319
40
0.562500000000319
40
0.625000000000303
40
0.625000000000303
40
0.656250000000287
40
0.656250000000287
40
0.687500000000271
40
0.687500000000271
40
0.750000000000222
40
0.750000000000222
40
0.781250000000198
40
0.781250000000198
40
0.812500000000174
40
0.812500000000174
40
0.875000000000125
40
0.875000000000125
40
0.906250000000096
40
0.906250000000096
40
0.937500000000067
40
0.937500000000067
40
0.953125000000051
40
0.953125000000051
40
0.968750000000034
40
0.968750000000034
40
0.984375000000017
40
0.984375000000017
40
1
40
1
40
1
40
1
41
1
10
33.4807586239691
20
7.52857184939859
30
0
41
1
10
33.585596440831
20
7.428243016218
30
0
41
1
10
33.6911624568776
20
7.32793133323918
30
0
41
1
10
33.8508062900315
20
7.17781551989924
30
0
41
1
10
33.9042404624801
20
7.12783110066178
30
0
41
1
10
33.9847629680665
20
7.05297884365098
30
0
41
1
10
34.0116626259471
20
7.0280427971135
30
0
41
1
10
34.0453709735824
20
6.9969069259333
30
0
41
1
10
34.0521185290202
20
6.99068484714667
30
0
41
1
10
34.0656189752494
20
6.9782379579963
30
0
41
1
10
34.0723592862666
20
6.9719879042415
30
0
41
1
10
34.0926512964611
20
6.95335980978899
30
0
41
1
10
34.1064494484545
20
6.94145619140315
30
0
41
1
10
34.134629422112
20
6.91879718508955
30
0
41
1
10
34.1489938736786
20
6.90800691628226
30
0
41
1
10
34.1709109138667
20
6.89256577031017
30
0
41
1
10
34.1782781449146
20
6.88754235217414
30
0
41
1
10
34.1931309731146
20
6.87773585130591
30
0
41
1
10
34.2006469040379
20
6.8729348464673
30
0
41
1
10
34.2379233950222
20
6.8498890792016
30
0
41
1
10
34.2670741780801
20
6.83426777480838
30
0
41
1
10
34.3099225742369
20
6.81420745831744
30
0
41
1
10
34.3240548051324
20
6.80810377228008
30
0
41
1
10
34.3520254790292
20
6.79701213547077
30
0
41
1
10
34.365879108788
20
6.79202340539274
30
0
41
1
10
34.4062615697315
20
6.77894469644565
30
0
41
1
10
34.4318539131546
20
6.77266901034739
30
0
41
1
10
34.4683003320786
20
6.76691334214729
30
0
41
1
10
34.4801380849997
20
6.76560274671192
30
0
41
1
10
34.5030664596976
20
6.76433498057526
30
0
41
1
10
34.514015999842
20
6.76438778988253
30
0
41
1
10
34.5452905541132
20
6.7666951297806
30
0
41
1
10
34.5641147921436
20
6.77099104494147
30
0
41
1
10
34.5884995965301
20
6.7829622855557
30
0
41
1
10
34.595865857264
20
6.78782585448243
30
0
41
1
10
34.6087718282277
20
6.79948251905168
30
0
41
1
10
34.6143251439566
20
6.80628999710441
30
0
41
1
10
34.6210845927665
20
6.81824815754766
30
0
41
1
10
34.6230764359264
20
6.82254360030086
30
0
41
1
10
34.6264065864251
20
6.83160979474221
30
0
41
1
10
34.6277553244651
20
6.83639713855993
30
0
41
1
10
34.6297944298031
20
6.84650548931268
30
0
41
1
10
34.6304793730243
20
6.85183055705349
30
0
41
1
10
34.6311407325085
20
6.86305849953467
30
0
41
1
10
34.6310696239473
20
6.86899771737069
30
0
41
1
10
34.6310538145776
20
6.87491857684878
30
0
0
SPLINE
5
193
100
AcDbEntity
8
1
62
256
6
ByLayer
370
18
48
1
60
0
100
AcDbSpline
70
4
71
3
72
62
73
58
40
0
40
0
40
0
40
0
40
0.0312500000000019
40
0.0312500000000019
40
0.0625000000000038
40
0.0625000000000038
40
0.0781250000000047
40
0.0781250000000047
40
0.0937500000000056
40
0.0937500000000056
40
0.125000000000009
40
0.125000000000009
40
0.156250000000012
40
0.156250000000012
40
0.187500000000015
40
0.187500000000015
40
0.250000000000021
40
0.250000000000021
40
0.312500000000027
40
0.312500000000027
40
0.375000000000033
40
0.375000000000033
40
0.390625000000034
40
0.390625000000034
40
0.406250000000035
40
0.406250000000035
40
0.437500000000035
40
0.437500000000035
40
0.500000000000036
40
0.500000000000036
40
0.562500000000037
40
0.562500000000037
40
0.593750000000037
40
0.593750000000037
40
0.625000000000038
40
0.625000000000038
40
0.687500000000039
40
0.687500000000039
40
0.695312500000038
40
0.695312500000038
40
0.703125000000038
40
0.703125000000038
40
0.718750000000035
40
0.718750000000035
40
0.750000000000031
40
0.750000000000031
40
0.812500000000023
40
0.812500000000023
40
0.843750000000019
40
0.843750000000019
40
0.875000000000015
40
0.875000000000015
40
0.937500000000007
40
0.937500000000007
40
0.968750000000003
40
0.968750000000003
40
1
40
1
40
1
40
1
41
1
10
53.4806229205428
20
-7.49045845183394
30
0
41
1
10
53.2847129267028
20
-7.38510662005308
30
0
41
1
10
53.0885614041253
20
-7.2761576200474
30
0
41
1
10
52.6955268536447
20
-7.05085088246616
30
0
41
1
10
52.4986392051193
20
-6.93445363465923
30
0
41
1
10
52.2025699415014
20
-6.75463171095132
30
0
41
1
10
52.1037575218639
20
-6.69381712788186
30
0
41
1
10
51.9058581403704
20
-6.57046989238873
30
0
41
1
10
51.8066967746356
20
-6.50788747614169
30
0
41
1
10
51.509822582441
20
-6.31827190023481
30
0
41
1
10
51.3124415937918
20
-6.18921032670306
30
0
41
1
10
50.9185279473041
20
-5.92600816689225
30
0
41
1
10
50.7219945193519
20
-5.79187345057071
30
0
41
1
10
50.3295745731851
20
-5.51863271129983
30
0
41
1
10
50.1336949317347
20
-5.37948784889963
30
0
41
1
10
49.5466311944967
20
-4.95508971321235
30
0
41
1
10
49.1560077144241
20
-4.66295126397088
30
0
41
1
10
48.3744021752436
20
-4.06246833389872
30
0
41
1
10
47.9834395091736
20
-3.75405903065146
30
0
41
1
10
47.1993287058426
20
-3.12233954768649
30
0
41
1
10
46.8061713956182
20
-2.79920235750103
30
0
41
1
10
46.3121610588372
20
-2.38736539747984
30
0
41
1
10
46.2132304782152
20
-2.30459996779237
30
0
41
1
10
46.0150803297075
20
-2.13829576757291
30
0
41
1
10
45.9160691837925
20
-2.05493168802079
30
0
41
1
10
45.6195521148906
20
-1.80456658617183
30
0
41
1
10
45.4224051026181
20
-1.63716038566613
30
0
41
1
10
44.8321947341374
20
-1.13387762916588
30
0
41
1
10
44.4403478385249
20
-0.796952215467968
30
0
41
1
10
43.6579426693962
20
-0.122572578753477
30
0
41
1
10
43.2673990028305
20
0.214899322831116
30
0
41
1
10
42.6812166369542
20
0.719920149018975
30
0
41
1
10
42.4857576314529
20
0.888058219236569
30
0
41
1
10
42.0944620761662
20
1.22364743278325
30
0
41
1
10
41.8986240464102
20
1.39109973149698
30
0
41
1
10
41.310224170011
20
1.89206206262782
30
0
41
1
10
40.916798499706
20
2.2241958665505
30
0
41
1
10
40.471754580416
20
2.59440592286461
30
0
41
1
10
40.4222710250892
20
2.63549218732237
30
0
41
1
10
40.3232308566566
20
2.71756280001682
30
0
41
1
10
40.273673200937
20
2.75854784966302
30
0
41
1
10
40.1251910689352
20
2.88108597220719
30
0
41
1
10
40.0263610463138
20
2.96229657152639
30
0
41
1
10
39.730253965211
20
3.20450265679526
30
0
41
1
10
39.5333243887688
20
3.3641415901603
30
0
41
1
10
38.9435843001323
20
3.83736526193277
30
0
41
1
10
38.5518505483584
20
4.14524580342905
30
0
41
1
10
37.9651691907754
20
4.59392972973481
30
0
41
1
10
37.7697597386402
20
4.74130131678601
30
0
41
1
10
37.3790178999581
20
5.03128428681907
30
0
41
1
10
37.1836772381081
20
5.17391734898209
30
0
41
1
10
36.5973467635636
20
5.59485808225668
30
0
41
1
10
36.206085751548
20
5.86608059062289
30
0
41
1
10
35.6172813268246
20
6.25695149947484
30
0
41
1
10
35.4206919536139
20
6.38454987895426
30
0
41
1
10
35.026607454136
20
6.63399176430102
30
0
41
1
10
34.8291147224638
20
6.75589974619999
30
0
41
1
10
34.6310538145776
20
6.87491857684878
30
0
0
SPLINE
5
194
100
AcDbEntity
8
1
62
256
6
ByLayer
370
18
48
1
60
0
100
AcDbSpline
70
4
71
3
72
50
73
46
40
0
40
0
40
0
40
0
40
0.249999999999913
40
0.249999999999913
40
0.374999999999877
40
0.374999999999877
40
0.43749999999986
40
0.43749999999986
40
0.453124999999852
40
0.453124999999852
40
0.468749999999843
40
0.468749999999843
40
0.499999999999827
40
0.499999999999827
40
0.531249999999811
40
0.531249999999811
40
0.546874999999803
40
0.546874999999803
40
0.562499999999794
40
0.562499999999794
40
0.624999999999795
40
0.624999999999795
40
0.656249999999804
40
0.656249999999804
40
0.687499999999813
40
0.687499999999813
40
0.749999999999833
40
0.749999999999833
40
0.78124999999985
40
0.78124999999985
40
0.812499999999867
40
0.812499999999867
40
0.874999999999913
40
0.874999999999913
40
0.906249999999935
40
0.906249999999935
40
0.937499999999957
40
0.937499999999957
40
0.953124999999968
40
0.953124999999968
40
0.968749999999978
40
0.968749999999978
40
0.984374999999989
40
0.984374999999989
40
1
40
1
40
1
40
1
41
1
10
53.4806229205429
20
-7.49045845183394
30
0
41
1
10
53.5854774889746
20
-7.49241465261932
30
0
41
1
10
53.6910601031141
20
-7.49127117299415
30
0
41
1
10
53.8507292733865
20
-7.48476816694279
30
0
41
1
10
53.9041719345902
20
-7.48180015989456
30
0
41
1
10
53.9847072488245
20
-7.47614474852784
30
0
41
1
10
54.0116111686011
20
-7.47404597168861
30
0
41
1
10
54.0453249082669
20
-7.47117915485225
30
0
41
1
10
54.0520735590224
20
-7.47060107386753
30
0
41
1
10
54.0655761131158
20
-7.46940657330333
30
0
41
1
10
54.0723172897801
20
-7.46873406629436
30
0
41
1
10
54.0926134135306
20
-7.46694237003447
30
0
41
1
10
54.1064150994874
20
-7.46681847743392
30
0
41
1
10
54.134601440582
20
-7.46903459442592
30
0
41
1
10
54.1489690587309
20
-7.47129940914417
30
0
41
1
10
54.1708908375386
20
-7.47633362721027
30
0
41
1
10
54.1782596457329
20
-7.47828348454104
30
0
41
1
10
54.1931156361894
20
-7.48271774926087
30
0
41
1
10
54.2006326540889
20
-7.48521439567989
30
0
41
1
10
54.2379096432463
20
-7.49881304444449
30
0
41
1
10
54.267061293358
20
-7.51327910602868
30
0
41
1
10
54.3099113191225
20
-7.53938170122143
30
0
41
1
10
54.3240441523008
20
-7.54884234027188
30
0
41
1
10
54.3520161351504
20
-7.56922556763541
30
0
41
1
10
54.3658690034239
20
-7.58016688264905
30
0
41
1
10
54.4062487207862
20
-7.61451615379386
30
0
41
1
10
54.4318394351897
20
-7.63966846359031
30
0
41
1
10
54.4682836132539
20
-7.68072671883536
30
0
41
1
10
54.4801220730844
20
-7.69498347917397
30
0
41
1
10
54.5030453269607
20
-7.724640897326
30
0
41
1
10
54.5139923207107
20
-7.73986635905644
30
0
41
1
10
54.5452592888292
20
-7.78676267826555
30
0
41
1
10
54.5640783211133
20
-7.81959584208747
30
0
41
1
10
54.5884532072078
20
-7.87186811976295
30
0
41
1
10
54.595813425687
20
-7.88954644819631
30
0
41
1
10
54.6087086602903
20
-7.92521087084694
30
0
41
1
10
54.6142562421691
20
-7.94323610091473
30
0
41
1
10
54.6210058857362
20
-7.97060621435855
30
0
41
1
10
54.6229938459784
20
-7.97981088513322
30
0
41
1
10
54.6263157464651
20
-7.99797597775338
30
0
41
1
10
54.6276602700474
20
-8.00697678934188
30
0
41
1
10
54.6296906265033
20
-8.02480631686012
30
0
41
1
10
54.6303707391495
20
-8.03363369095453
30
0
41
1
10
54.631022950234
20
-8.05110192487993
30
0
41
1
10
54.6309484592658
20
-8.05973153131796
30
0
41
1
10
54.6309331592896
20
-8.06836506198189
30
0
0
SPLINE
5
195
100
AcDbEntity
8
1
62
256
6
ByLayer
370
18
48
1
60
0
100
AcDbSpline
70
4
71
3
72
43
73
39
40
0
40
0
40
0
40
0
40
0.0525552920172751
40
0.0525552920172751
40
0.108287333663313
40
0.108287333663313
40
0.16401937530935
40
0.16401937530935
40
0.177952385720859
40
0.177952385720859
40
0.191885396132367
40
0.219751416955387
40
0.219751416955387
40
0.275483458601426
40
0.275483458601426
40
0.331215500247466
40
0.331215500247466
40
0.442679583539545
40
0.442679583539545
40
0.498411625185585
40
0.498411625185585
40
0.526277646008607
40
0.526277646008607
40
0.554143666831628
40
0.554143666831628
40
0.665607750123718
40
0.665607750123718
40
0.693473770946741
40
0.693473770946741
40
0.721339791769763
40
0.721339791769763
40
0.777071833415811
40
0.777071833415811
40
0.888535916707906
40
0.888535916707906
40
0.944267958353953
40
0.944267958353953
40
1
40
1
40
1
40
1
41
1
10
65.2055160463704
20
-8.8926531442263
30
0
41
1
10
65.0208502005815
20
-8.95206385705268
30
0
41
1
10
64.8360039644149
20
-9.00777185019973
30
0
41
1
10
64.4545514314634
20
-9.11483541889393
30
0
41
1
10
64.2579080909983
20
-9.16574892340799
30
0
41
1
10
63.8637583633864
20
-9.25945959190798
30
0
41
1
10
63.6662545150443
20
-9.30222089465579
30
0
41
1
10
63.4186785144338
20
-9.35021551338301
30
0
41
1
10
63.3691048161321
20
-9.35954601394482
30
0
41
1
10
63.2700089475818
20
-9.37763329621856
30
0
41
1
10
63.1214754451772
20
-9.40389852830523
30
0
41
1
10
62.973256557442
20
-9.4275623448323
30
0
41
1
10
62.6771947532998
20
-9.47140445983524
30
0
41
1
10
62.4803253954958
20
-9.49596065404054
30
0
41
1
10
62.0873321277493
20
-9.53580215891628
30
0
41
1
10
61.8911818390805
20
-9.55126473910238
30
0
41
1
10
61.3034045446329
20
-9.58457842227148
30
0
41
1
10
60.9124440053041
20
-9.58959931059425
30
0
41
1
10
60.3261370584837
20
-9.56987430321345
30
0
41
1
10
60.1307194153546
20
-9.55876421720976
30
0
41
1
10
59.8374383831527
20
-9.5351540476035
30
0
41
1
10
59.7396526556583
20
-9.52609893478666
30
0
41
1
10
59.5439920025448
20
-9.50586127231247
30
0
41
1
10
59.4461177957702
20
-9.49467342512821
30
0
41
1
10
58.9564626925509
20
-9.4333351579169
30
0
41
1
10
58.5638440158492
20
-9.36698556740916
30
0
41
1
10
58.0707804294442
20
-9.26145048096794
30
0
41
1
10
57.9720521185315
20
-9.23920726695488
30
0
41
1
10
57.7743294531372
20
-9.19240087546891
30
0
41
1
10
57.6752972639485
20
-9.16782373463346
30
0
41
1
10
57.3779882513526
20
-9.09067099158233
30
0
41
1
10
57.1803897444144
20
-9.03485483704236
30
0
41
1
10
56.5888729091442
20
-8.85545019758464
30
0
41
1
10
56.1962260001947
20
-8.72006106608157
30
0
41
1
10
55.6085863630008
20
-8.49340382909659
30
0
41
1
10
55.4129285495914
20
-8.41391052936504
30
0
41
1
10
55.0218389327085
20
-8.24693309283737
30
0
41
1
10
54.8263995290723
20
-8.15949867043133
30
0
41
1
10
54.6309331592896
20
-8.06836506198192
30
0
0
SPLINE
5
196
100
AcDbEntity
8
1
62
256
6
ByLayer
370
18
48
1
60
0
100
AcDbSpline
70
4
71
3
72
21
73
17
40
0
40
0
40
0
40
0
40
0.250000000000045
40
0.250000000000045
40
0.375000000000035
40
0.375000000000035
40
0.500000000000026
40
0.500000000000026
40
0.625000000000016
40
0.625000000000016
40
0.750000000000007
40
0.750000000000007
40
0.874999999999997
40
0.937499999999999
40
0.937499999999999
40
1
40
1
40
1
40
1
41
1
10
46.4605178931829
20
9.13619085712219
30
0
41
1
10
46.4840484962471
20
9.1593118735403
30
0
41
1
10
46.5060402309277
20
9.18446547541981
30
0
41
1
10
46.5363765501433
20
9.22563454399341
30
0
41
1
10
46.5460509765179
20
9.23992479157064
30
0
41
1
10
46.5644011779175
20
9.26979303511368
30
0
41
1
10
46.5729311539592
20
9.28515807384503
30
0
41
1
10
46.5885787426145
20
9.31678169041771
30
0
41
1
10
46.5957078587024
20
9.33304022854446
30
0
41
1
10
46.6083468005478
20
9.36660009304771
30
0
41
1
10
46.6138736577908
20
9.38404659893664
30
0
41
1
10
46.62268332958
20
9.41894958796468
30
0
41
1
10
46.6276842710213
20
9.4452829924349
30
0
41
1
10
46.6299734996988
20
9.47187783821937
30
0
41
1
10
46.6308247371068
20
9.48967240238929
30
0
41
1
10
46.63085540505
20
9.49860731793393
30
0
41
1
10
46.6308311300787
20
9.5075484603675
30
0
0
SPLINE
5
197
100
AcDbEntity
8
1
62
256
6
ByLayer
370
18
48
1
60
0
100
AcDbSpline
70
4
71
3
72
27
73
23
40
0
40
0
40
0
40
0
40
0.125000000000014
40
0.125000000000014
40
0.156250000000017
40
0.156250000000017
40
0.18750000000002
40
0.18750000000002
40
0.250000000000026
40
0.250000000000026
40
0.312500000000032
40
0.312500000000032
40
0.343750000000035
40
0.343750000000035
40
0.375000000000038
40
0.375000000000038
40
0.390625000000039
40
0.390625000000039
40
0.40625000000004
40
0.437500000000042
40
0.500000000000044
40
1
40
1
40
1
40
1
41
1
10
46.4605178931829
20
9.13619085712219
30
0
41
1
10
46.4226914947862
20
9.09902288586432
30
0
41
1
10
46.3824763859337
20
9.068579177505
30
0
41
1
10
46.3297059522226
20
9.03816857267142
30
0
41
1
10
46.3190225647593
20
9.03248095955882
30
0
41
1
10
46.2973895218635
20
9.02193566329964
30
0
41
1
10
46.2864894429474
20
9.01710801721876
30
0
41
1
10
46.2538829266289
20
9.00408856008377
30
0
41
1
10
46.2321370307045
20
8.997274447325
30
0
41
1
10
46.1886662536402
20
8.98770593051972
30
0
41
1
10
46.1669412126876
20
8.9849049063946
30
0
41
1
10
46.1343906309979
20
8.98431523965749
30
0
41
1
10
46.1235329882053
20
8.98473575677909
30
0
41
1
10
46.1022976361758
20
8.98690847606491
30
0
41
1
10
46.0918685136497
20
8.98867278882116
30
0
41
1
10
46.0764908950482
20
8.99227674054498
30
0
41
1
10
46.0713974702348
20
8.99359412195835
30
0
41
1
10
46.0611864632692
20
8.99613449357309
30
0
41
1
10
46.0458563713819
20
8.99988644232272
30
0
41
1
10
46.0101078070787
20
9.00865911852557
30
0
41
1
10
45.8160626119506
20
9.05568023227931
30
0
41
1
10
45.6324915781444
20
9.09740796017533
30
0
41
1
10
45.4695018104013
20
9.13204314278684
30
0
0
SPLINE
5
198
100
AcDbEntity
8
1
62
256
6
ByLayer
370
18
48
1
60
0
100
AcDbSpline
70
4
71
3
72
8
73
4
40
0
40
0
40
0
40
0
40
1
40
1
40
1
40
1
41
1
10
45.4694973726914
20
9.13210363685738
30
0
41
1
10
45.0911021010311
20
8.99326758453796
30
0
41
1
10
44.7127068293709
20
8.83850905428477
30
0
41
1
10
44.3343115577108
20
8.66865553859867
30
0
0
SPLINE
5
199
100
AcDbEntity
8
1
62
256
6
ByLayer
370
18
48
1
60
0
100
AcDbSpline
70
4
71
3
72
47
73
43
40
0
40
0
40
0
40
0
40
0.0547719491429072
40
0.0547719491429072
40
0.131429671159796
40
0.131429671159796
40
0.208087393176685
40
0.208087393176685
40
0.227251823680907
40
0.227251823680907
40
0.236834038933019
40
0.236834038933019
40
0.24641625418513
40
0.28474511519358
40
0.28474511519358
40
0.36140283721048
40
0.36140283721048
40
0.514718281244277
40
0.514718281244277
40
0.553047142252727
40
0.553047142252727
40
0.562629357504839
40
0.562629357504839
40
0.572211572756951
40
0.591376003261174
40
0.668033725278072
40
0.668033725278072
40
0.70636258628652
40
0.70636258628652
40
0.725527016790743
40
0.725527016790743
40
0.744691447294967
40
0.821349169311859
40
0.821349169311859
40
0.859678030320305
40
0.859678030320305
40
0.878842460824528
40
0.878842460824528
40
0.898006891328751
40
0.974664613345643
40
0.974664613345643
40
1
40
1
40
1
40
1
41
1
10
49.5856978795219
20
5.84169527432465
30
0
41
1
10
50.0167088956554
20
5.75793839112393
30
0
41
1
10
50.4468672234045
20
5.66114986809563
30
0
41
1
10
51.4786741056601
20
5.39904291900044
30
0
41
1
10
52.0801613653541
20
5.22179130954706
30
0
41
1
10
53.2862416067028
20
4.82182892291246
30
0
41
1
10
53.8908300067351
20
4.59911296786447
30
0
41
1
10
54.6509181158107
20
4.29447432202676
30
0
41
1
10
54.8031538342173
20
4.23223509706707
30
0
41
1
10
55.031881502002
20
4.13695216628767
30
0
41
1
10
55.1082112748852
20
4.10485968041985
30
0
41
1
10
55.2606720011593
20
4.04018249453799
30
0
41
1
10
55.6415138095488
20
3.87718181289756
30
0
41
1
10
56.0209053187409
20
3.70780891921549
30
0
41
1
10
56.9293992368524
20
3.29031777744089
30
0
41
1
10
57.5323377606792
20
2.99733359011589
30
0
41
1
10
59.3386927937749
20
2.08403352560208
30
0
41
1
10
60.5395973860057
20
1.42926717289541
30
0
41
1
10
62.0554602835445
20
0.58552308008106
30
0
41
1
10
62.3593731284009
20
0.415517546921677
30
0
41
1
10
62.7404996169219
20
0.201970528971486
30
0
41
1
10
62.8168171263073
20
0.159192148923182
30
0
41
1
10
62.9693649339833
20
0.0736677775010435
30
0
41
1
10
63.1980950248378
20
-0.0545921294973652
30
0
41
1
10
64.0358922549912
20
-0.524357944515572
30
0
41
1
10
64.7956347596547
20
-0.948464214691825
30
0
41
1
10
65.7084485853417
20
-1.44934404738999
30
0
41
1
10
66.0129067480646
20
-1.61496322953011
30
0
41
1
10
66.4702440181534
20
-1.86072585614002
30
0
41
1
10
66.6228832496799
20
-1.94224719613919
30
0
41
1
10
66.9279096443465
20
-2.10400997363592
30
0
41
1
10
67.6898924657393
20
-2.50524715878146
30
0
41
1
10
68.4497378281405
20
-2.88939329071249
30
0
41
1
10
69.3624408585494
20
-3.32929861515953
30
0
41
1
10
69.6668229580621
20
-3.47242285061029
30
0
41
1
10
70.1239868717621
20
-3.68126001072781
30
0
41
1
10
70.2765034501632
20
-3.74991081682194
30
0
41
1
10
70.5816687506596
20
-3.88510851055824
30
0
41
1
10
71.3439541020459
20
-4.21742152127862
30
0
41
1
10
72.1038812502584
20
-4.52036516760242
30
0
41
1
10
72.9133496484676
20
-4.81463523999162
30
0
41
1
10
73.1144731938749
20
-4.88541943082697
30
0
41
1
10
73.3157169424802
20
-4.953804665245
30
0
0
SPLINE
5
19A
100
AcDbEntity
8
1
62
256
6
ByLayer
370
18
48
1
60
0
100
AcDbSpline
70
4
71
3
72
8
73
4
40
0
40
0
40
0
40
0
40
1
40
1
40
1
40
1
41
1
10
86.6310121423753
20
-9.89529909863762
30
0
41
1
10
86.648733465489
20
-9.89299486342546
30
0
41
1
10
86.6664547886028
20
-9.89065283767638
30
0
41
1
10
86.6841761117166
20
-9.88827304823104
30
0
0
SPLINE
5
19B
100
AcDbEntity
8
1
62
256
6
ByLayer
370
18
48
1
60
0
100
AcDbSpline
70
4
71
3
72
10
73
6
40
0
40
0
40
0
40
0
40
0.864534452347309
40
0.864534452347309
40
1
40
1
40
1
40
1
41
1
10
86.4606275500108
20
-9.59510301218361
30
0
41
1
10
86.4841665861513
20
-9.60906781791522
30
0
41
1
10
86.5061666533486
20
-9.62560907513037
30
0
41
1
10
86.5295691329387
20
-9.64807610645721
30
0
41
1
10
86.5326963713686
20
-9.65118962954841
30
0
41
1
10
86.5357787212774
20
-9.65437607358149
30
0
0
SPLINE
5
19C
100
AcDbEntity
8
1
62
256
6
ByLayer
370
18
48
1
60
0
100
AcDbSpline
70
4
71
3
72
27
73
23
40
0
40
0
40
0
40
0
40
0.125000000000168
40
0.125000000000168
40
0.156250000000188
40
0.156250000000188
40
0.187500000000208
40
0.187500000000208
40
0.250000000000293
40
0.250000000000293
40
0.312500000000378
40
0.312500000000378
40
0.3437500000004
40
0.3437500000004
40
0.375000000000421
40
0.375000000000421
40
0.39062500000041
40
0.39062500000041
40
0.406250000000399
40
0.437500000000378
40
0.500000000000335
40
1
40
1
40
1
40
1
41
1
10
86.4606275500108
20
-9.59510301218364
30
0
41
1
10
86.4227981756208
20
-9.57266029782818
30
0
41
1
10
86.3825815432851
20
-9.557729199204
30
0
41
1
10
86.3298107270987
20
-9.547739205309
30
0
41
1
10
86.3191273397623
20
-9.54618874790117
30
0
41
1
10
86.2974944438875
20
-9.54403298670763
30
0
41
1
10
86.2865943510104
20
-9.54343858737388
30
0
41
1
10
86.2539882047648
20
-9.54310799363572
30
0
41
1
10
86.2322428778503
20
-9.54479009574038
30
0
41
1
10
86.1887739219286
20
-9.55231527293586
30
0
41
1
10
86.1670501253341
20
-9.55811055232334
30
0
41
1
10
86.1345020010818
20
-9.57051542930677
30
0
41
1
10
86.1236450332661
20
-9.57529002540733
30
0
41
1
10
86.1024110217594
20
-9.5860219910401
30
0
41
1
10
86.0919826379654
20
-9.59201237831041
30
0
41
1
10
86.0766060046016
20
-9.60187897710088
30
0
41
1
10
86.0715126401333
20
-9.60527387523689
30
0
41
1
10
86.0613017720577
20
-9.61197778040471
30
0
41
1
10
86.0459719609282
20
-9.62198115795317
30
0
41
1
10
86.0102240674598
20
-9.6453466642721
30
0
41
1
10
85.8161824353837
20
-9.77171743556588
30
0
41
1
10
85.6326145907429
20
-9.88932155876583
30
0
41
1
10
85.4696275510127
20
-9.99198066103142
30
0
0
SPLINE
5
19D
100
AcDbEntity
8
1
62
256
6
ByLayer
370
18
48
1
60
0
100
AcDbSpline
70
4
71
3
72
21
73
17
40
0
40
0
40
0
40
0
40
0.250000000000044
40
0.250000000000044
40
0.375000000000038
40
0.375000000000038
40
0.500000000000033
40
0.500000000000033
40
0.625000000000028
40
0.625000000000028
40
0.750000000000023
40
0.750000000000023
40
0.875000000000017
40
0.937500000000009
40
0.937500000000009
40
1
40
1
40
1
40
1
41
1
10
66.4606039948924
20
1.00638206072637
30
0
41
1
10
66.4841359910827
20
0.986306911019682
30
0
41
1
10
66.5061291699753
20
0.967421914013585
30
0
41
1
10
66.5364676641743
20
0.941029585705508
30
0
41
1
10
66.5461428172075
20
0.93255080488683
30
0
41
1
10
66.5644944653073
20
0.916308503867327
30
0
41
1
10
66.5730251216104
20
0.908673636772136
30
0
41
1
10
66.5886739909423
20
0.894464493258937
30
0
41
1
10
66.5958037052188
20
0.887880307944329
30
0
41
1
10
66.6084437261579
20
0.875931791329862
30
0
41
1
10
66.6139710358089
20
0.87054624412221
30
0
41
1
10
66.6227813754769
20
0.861564657022228
30
0
41
1
10
66.6277826934866
20
0.856101301653666
30
0
41
1
10
66.6300720746385
20
0.852823783950299
30
0
41
1
10
66.6309233577984
20
0.851189634756423
30
0
41
1
10
66.6309540204894
20
0.850698453647993
30
0
41
1
10
66.6309298994593
20
0.850235647489939
30
0
0
SPLINE
5
19E
100
AcDbEntity
8
1
62
256
6
ByLayer
370
18
48
1
60
0
100
AcDbSpline
70
4
71
3
72
27
73
23
40
0
40
0
40
0
40
0
40
0.124999999999934
40
0.124999999999934
40
0.156249999999923
40
0.156249999999923
40
0.187499999999913
40
0.187499999999913
40
0.249999999999892
40
0.249999999999892
40
0.31249999999987
40
0.31249999999987
40
0.343749999999859
40
0.343749999999859
40
0.374999999999849
40
0.374999999999849
40
0.390624999999843
40
0.390624999999843
40
0.406249999999837
40
0.437499999999845
40
0.499999999999861
40
1
40
1
40
1
40
1
41
1
10
66.4606039948924
20
1.00638206072637
30
0
41
1
10
66.4227807589369
20
1.0386490693582
30
0
41
1
10
66.3825698191567
20
1.07264358664301
30
0
41
1
10
66.3298057781381
20
1.11739519451382
30
0
41
1
10
66.3191237304742
20
1.1264618044498
30
0
41
1
10
66.2974935015486
20
1.14484756696498
30
0
41
1
10
66.2865947027132
20
1.15412502662045
30
0
41
1
10
66.2539922525405
20
1.1819336110286
30
0
41
1
10
66.2322491756742
20
1.20055376213489
30
0
41
1
10
66.1887842526565
20
1.23801614344163
30
0
41
1
10
66.1670622443628
20
1.25685592091656
30
0
41
1
10
66.1345163917558
20
1.28533458158799
30
0
41
1
10
66.1236600789654
20
1.29487697766683
30
0
41
1
10
66.1024271739217
20
1.31363499992511
30
0
41
1
10
66.0919992074099
20
1.32289634305613
30
0
41
1
10
66.0766234081499
20
1.33662182574301
30
0
41
1
10
66.0715308273373
20
1.34117684603188
30
0
41
1
10
66.061321499066
20
1.35030536717514
30
0
41
1
10
66.0459938554836
20
1.36401107777718
30
0
41
1
10
66.0102509802319
20
1.39600447162439
30
0
41
1
10
65.8162366728623
20
1.56997133778023
30
0
41
1
10
65.6326946583381
20
1.7363233079129
30
0
41
1
10
65.469730502795
20
1.88545951897484
30
0
0
SPLINE
5
19F
100
AcDbEntity
8
1
62
256
6
ByLayer
370
18
48
1
60
0
100
AcDbSpline
70
4
71
3
72
21
73
17
40
0
40
0
40
0
40
0
40
0.249999999999995
40
0.249999999999995
40
0.374999999999996
40
0.374999999999996
40
0.499999999999997
40
0.499999999999997
40
0.624999999999998
40
0.624999999999998
40
0.749999999999998
40
0.749999999999998
40
0.874999999999999
40
0.9375
40
0.9375
40
1
40
1
40
1
40
1
41
1
10
82.4606228443924
20
-1.27414461430604
30
0
41
1
10
82.4841637560507
20
-1.29812973932002
30
0
41
1
10
82.5061654037921
20
-1.32151197438128
30
0
41
1
10
82.5365156869694
20
-1.35563723577826
30
0
41
1
10
82.5461946208738
20
-1.36685643972922
30
0
41
1
10
82.5645535273194
20
-1.38894849098375
30
0
41
1
10
82.5730871448512
20
-1.39965144578622
30
0
41
1
10
82.5887419805247
20
-1.42029987869572
30
0
41
1
10
82.5958744655941
20
-1.4302541416393
30
0
41
1
10
82.608519455395
20
-1.44929434815867
30
0
41
1
10
82.6140488323219
20
-1.45843448944669
30
0
41
1
10
82.6228621774584
20
-1.47507458815997
30
0
41
1
10
82.6278651155363
20
-1.48642425494703
30
0
41
1
10
82.6301547093733
20
-1.49583078889725
30
0
41
1
10
82.6310057373188
20
-1.50161178351289
30
0
41
1
10
82.6310360341892
20
-1.50421222212438
30
0
41
1
10
82.631012098936
20
-1.50678857143623
30
0
0
SPLINE
5
1A0
100
AcDbEntity
8
1
62
256
6
ByLayer
370
18
48
1
60
0
100
AcDbSpline
70
4
71
3
72
27
73
23
40
0
40
0
40
0
40
0
40
0.124999999999923
40
0.124999999999923
40
0.156249999999904
40
0.156249999999904
40
0.187499999999885
40
0.187499999999885
40
0.249999999999846
40
0.249999999999846
40
0.312499999999808
40
0.312499999999808
40
0.343749999999788
40
0.343749999999788
40
0.374999999999769
40
0.374999999999769
40
0.39062499999978
40
0.39062499999978
40
0.406249999999792
40
0.437499999999815
40
0.499999999999859
40
1
40
1
40
1
40
1
41
1
10
82.4606228443924
20
-1.27414461430604
30
0
41
1
10
82.4227971735548
20
-1.2356051789202
30
0
41
1
10
82.3825844571833
20
-1.19709838599809
30
0
41
1
10
82.3298186191647
20
-1.14873159278406
30
0
41
1
10
82.3191362327383
20
-1.13904644108166
30
0
41
1
10
82.2975053508026
20
-1.11964406704837
30
0
41
1
10
82.286606054542
20
-1.10997212734455
30
0
41
1
10
82.2540024530294
20
-1.08133038003737
30
0
41
1
10
82.2322587777894
20
-1.0626102510796
30
0
41
1
10
82.1887930285135
20
-1.02594283394538
30
0
41
1
10
82.1670707879147
20
-1.00798657678746
30
0
41
1
10
82.1345249156362
20
-0.981720116802194
30
0
41
1
10
82.1236683622959
20
-0.973067411557849
30
0
41
1
10
82.1024350064627
20
-0.956382060259159
30
0
41
1
10
82.0920068988995
20
-0.948310440616069
30
0
41
1
10
82.0766307298601
20
-0.936585897639333
30
0
41
1
10
82.0715376669061
20
-0.932723783225441
30
0
41
1
10
82.0613273947093
20
-0.924959921221557
30
0
41
1
10
82.0459984360153
20
-0.913288260000485
30
0
41
1
10
82.0102525207698
20
-0.886046467279414
30
0
41
1
10
81.8162216656843
20
-0.737752964944661
30
0
41
1
10
81.6326640759349
20
-0.595172357934729
30
0
41
1
10
81.4696861828181
20
-0.466680171795332
30
0
0
SPLINE
5
1A1
100
AcDbEntity
8
1
62
256
6
ByLayer
370
18
48
1
60
0
100
AcDbSpline
70
4
71
5
72
15
73
9
40
0
40
0
40
0
40
0
40
0
40
0
40
0.206061345979378
40
0.608573193943545
40
0.876914425919656
40
1
40
1
40
1
40
1
40
1
40
1
41
1
10
64.8883656635252
20
9.9226109876503
30
0
41
1
10
64.7953343675691
20
9.93301219889844
30
0
41
1
10
64.5205795238227
20
9.96116040451676
30
0
41
1
10
64.1246756482162
20
9.99076282831345
30
0
41
1
10
63.6732018625144
20
10.0064381675479
30
0
41
1
10
63.2217280768126
20
10.0014421117114
30
0
41
1
10
62.8632855870668
20
9.98446412206007
30
0
41
1
10
62.6865666451114
20
9.97293655076231
30
0
41
1
10
62.630996735016
20
9.9689996921274
30
0
0
SPLINE
5
1A2
100
AcDbEntity
8
1
62
256
6
ByLayer
370
18
48
1
60
0
100
AcDbSpline
70
4
71
3
72
21
73
17
40
0
40
0
40
0
40
0
40
0.249999999999956
40
0.249999999999956
40
0.374999999999966
40
0.374999999999966
40
0.499999999999975
40
0.499999999999975
40
0.624999999999984
40
0.624999999999984
40
0.749999999999993
40
0.749999999999993
40
0.875000000000002
40
0.937500000000001
40
0.937500000000001
40
1
40
1
40
1
40
1
41
1
10
62.4606916374254
20
9.62522407192034
30
0
41
1
10
62.4842192335911
20
9.64413761691051
30
0
41
1
10
62.5062082461823
20
9.66542460899882
30
0
41
1
10
62.536541051962
20
9.70135146602888
30
0
41
1
10
62.5462144007122
20
9.71398617358602
30
0
41
1
10
62.5645626855004
20
9.74074988307876
30
0
41
1
10
62.5730921546553
20
9.75469166009387
30
0
41
1
10
62.5887386576441
20
9.78374721047075
30
0
41
1
10
62.5958673645093
20
9.79885881211496
30
0
41
1
10
62.6085059322403
20
9.83044593789381
30
0
41
1
10
62.6140329302982
20
9.84706568390303
30
0
41
1
10
62.6228436280515
20
9.88074635475573
30
0
41
1
10
62.6278457533482
20
9.90647321568255
30
0
41
1
10
62.630137133957
20
9.93299395213228
30
0
41
1
10
62.6309900768007
20
9.95087324985678
30
0
41
1
10
62.631021734055
20
9.95992988123254
30
0
41
1
10
62.6309976473125
20
9.96900001147361
30
0
0
SPLINE
5
1A3
100
AcDbEntity
8
1
62
256
6
ByLayer
370
18
48
1
60
0
100
AcDbSpline
70
4
71
3
72
28
73
24
40
0
40
0
40
0
40
0
40
0.125000000000121
40
0.125000000000121
40
0.156250000000157
40
0.156250000000157
40
0.187500000000193
40
0.187500000000193
40
0.250000000000242
40
0.250000000000242
40
0.312500000000291
40
0.312500000000291
40
0.343750000000316
40
0.343750000000316
40
0.375000000000341
40
0.375000000000341
40
0.390625000000342
40
0.390625000000342
40
0.406250000000344
40
0.406250000000344
40
0.437500000000327
40
0.500000000000293
40
1
40
1
40
1
40
1
41
1
10
62.4606916374254
20
9.62522407192034
30
0
41
1
10
62.4228740121633
20
9.59482294841504
30
0
41
1
10
62.3826688415558
20
9.57174092323237
30
0
41
1
10
62.3299121710383
20
9.55127895958188
30
0
41
1
10
62.3192316072574
20
9.54761953225113
30
0
41
1
10
62.2976043765822
20
9.54121334559039
30
0
41
1
10
62.286706955654
20
9.53848729958364
30
0
41
1
10
62.2541086609468
20
9.53180594449307
30
0
41
1
10
62.232368266086
20
9.52928621793535
30
0
41
1
10
62.1889085086778
20
9.52846718797056
30
0
41
1
10
62.1671889863159
20
9.53011954180252
30
0
41
1
10
62.1346466861818
20
9.53635711192476
30
0
41
1
10
62.1237913371779
20
9.539081531421
30
0
41
1
10
62.1025601628353
20
9.54581839222109
30
0
41
1
10
62.0921329716758
20
9.54985408415175
30
0
41
1
10
62.0767584638035
20
9.55685151229088
30
0
41
1
10
62.0716666665346
20
9.55930048977152
30
0
41
1
10
62.0614588919241
20
9.56410588934796
30
0
41
1
10
62.056350585709
20
9.56648995954359
30
0
41
1
10
62.0410280292068
20
9.57364263523564
30
0
41
1
10
62.0103957772125
20
9.58796227289326
30
0
41
1
10
61.816409607657
20
9.67810375017325
30
0
41
1
10
61.6328941575978
20
9.76097868493801
30
0
41
1
10
61.469953532463
20
9.83242929296424
30
0
0
SPLINE
5
1A4
100
AcDbEntity
8
1
62
256
6
ByLayer
370
18
48
1
60
0
100
AcDbSpline
70
4
71
5
72
15
73
9
40
0
40
0
40
0
40
0
40
0
40
0
40
0.044632165859397
40
0.582035981867475
40
0.940305192539526
40
1
40
1
40
1
40
1
40
1
40
1
41
1
10
61.4699445425768
20
9.83246972609697
30
0
41
1
10
61.4548521385337
20
9.82999267884503
30
0
41
1
10
61.2580361867003
20
9.79739419413843
30
0
41
1
10
60.9400712030068
20
9.73849677301283
30
0
41
1
10
60.6019203704725
20
9.66521086762069
30
0
41
1
10
60.2637695379382
20
9.58072618454403
30
0
41
1
10
59.9407111094471
20
9.48994198708897
30
0
41
1
10
59.7993762287462
20
9.44831132698309
30
0
41
1
10
59.7791903799055
20
9.4423265275156
30
0
0
SPLINE
5
1A5
100
AcDbEntity
8
1
62
256
6
ByLayer
370
18
48
1
60
0
100
AcDbSpline
70
4
71
3
72
10
73
6
40
0
40
0
40
0
40
0
40
0.773245787662462
40
0.773245787662462
40
1
40
1
40
1
40
1
41
1
10
59.7791903799055
20
9.4423265275156
30
0
41
1
10
59.3766677931364
20
9.32298223622564
30
0
41
1
10
58.9741452063673
20
9.18501514282138
30
0
41
1
10
58.4535829308381
20
8.98355813945565
30
0
41
1
10
58.3355432420779
20
8.93634551144899
30
0
41
1
10
58.2175035533176
20
8.88762731007361
30
0
0
SPLINE
5
1A6
100
AcDbEntity
8
1
62
256
6
ByLayer
370
18
48
1
60
0
100
AcDbSpline
70
4
71
3
72
8
73
4
40
0
40
0
40
0
40
0
40
1
40
1
40
1
40
1
41
1
10
30.0001258053003
20
-9.922383895986
30
0
41
1
10
30.1042646934749
20
-9.91071507515795
30
0
41
1
10
30.2084035816496
20
-9.8977356416126
30
0
41
1
10
30.3125424698243
20
-9.88345272239346
30
0
0
SPLINE
5
1A7
100
AcDbEntity
8
1
62
256
6
ByLayer
370
18
48
1
60
0
100
AcDbSpline
70
4
71
3
72
8
73
4
40
0
40
0
40
0
40
0
40
1
40
1
40
1
40
1
41
1
10
28.8111334975421
20
-9.35816614005628
30
0
41
1
10
28.3614537410515
20
-9.40919159207056
30
0
41
1
10
27.9139889030089
20
-9.43783423314403
30
0
41
1
10
27.4674494215712
20
-9.44427111965922
30
0
0
SPLINE
5
1A8
100
AcDbEntity
8
1
62
256
6
ByLayer
370
18
48
1
60
0
100
AcDbSpline
70
4
71
5
72
13
73
7
40
0
40
0
40
0
40
0
40
0
40
0
40
0.84702903930645
40
1
40
1
40
1
40
1
40
1
40
1
41
1
10
24.6068855853972
20
-8.87099948246174
30
0
41
1
10
25.0914817128378
20
-9.01932267335323
30
0
41
1
10
25.6635944798775
20
-9.16950885651056
30
0
41
1
10
26.2357072469172
20
-9.28944909511495
30
0
41
1
10
26.8078200139569
20
-9.37845282701261
30
0
41
1
10
27.3799327809966
20
-9.43617447121474
30
0
41
1
10
27.4674494205957
20
-9.44427115478982
30
0
0
SPLINE
5
1A9
100
AcDbEntity
8
1
62
256
6
ByLayer
370
18
48
1
60
0
100
AcDbSpline
70
4
71
3
72
49
73
45
40
0
40
0
40
0
40
0
40
0.0578904730726005
40
0.0578904730726005
40
0.115780946145201
40
0.115780946145201
40
0.173671419217801
40
0.173671419217801
40
0.202616655754101
40
0.202616655754101
40
0.217089274022251
40
0.217089274022251
40
0.231561892290402
40
0.289452365363
40
0.289452365363
40
0.347342838435599
40
0.347342838435599
40
0.405233311508197
40
0.405233311508197
40
0.463123784580795
40
0.463123784580795
40
0.521014257653393
40
0.521014257653393
40
0.549959494189694
40
0.549959494189694
40
0.578904730725994
40
0.578904730725994
40
0.694685676871197
40
0.694685676871197
40
0.752576149943799
40
0.752576149943799
40
0.767048768211949
40
0.767048768211949
40
0.781521386480099
40
0.781521386480099
40
0.810466623016402
40
0.810466623016402
40
0.868357096089009
40
0.868357096089009
40
0.926247569161615
40
0.926247569161615
40
0.984138042234221
40
0.984138042234221
40
1
40
1
40
1
40
1
41
1
10
65.4810661072539
20
4.89072071748251
30
0
41
1
10
65.2854268308871
20
5.03593757700523
30
0
41
1
10
65.0896432510362
20
5.17894991055991
30
0
41
1
10
64.6975383361803
20
5.4603081186151
30
0
41
1
10
64.5012155454238
20
5.59863731719994
30
0
41
1
10
64.1077923838275
20
5.87052041525473
30
0
41
1
10
63.9106964418413
20
6.00411411236001
30
0
41
1
10
63.6143016160474
20
6.20071118662932
30
0
41
1
10
63.5153776495391
20
6.26560726376619
30
0
41
1
10
63.3667778448385
20
6.36195273770542
30
0
41
1
10
63.3172018576844
20
6.39390599069296
30
0
41
1
10
63.2181700285552
20
6.45734929654074
30
0
41
1
10
62.9707709334523
20
6.6148776474206
30
0
41
1
10
62.7242306195096
20
6.76696291689237
30
0
41
1
10
62.3306283802608
20
7.00309731474306
30
0
41
1
10
62.1342584189639
20
7.11754468487342
30
0
41
1
10
61.7420461780428
20
7.33955923973852
30
0
41
1
10
61.5462122960758
20
7.44709435415623
30
0
41
1
10
61.1548623604561
20
7.65518503719875
30
0
41
1
10
60.959353878309
20
7.75569915018403
30
0
41
1
10
60.5684677527369
20
7.94930728865512
30
0
41
1
10
60.3730891032786
20
8.04240857501262
30
0
41
1
10
60.0799438985288
20
8.17625881451701
30
0
41
1
10
59.9822157382775
20
8.21990899329791
30
0
41
1
10
59.7867020684849
20
8.3052349133749
30
0
41
1
10
59.6889164536406
20
8.34689996447148
30
0
41
1
10
59.1997519443705
20
8.55069770047564
30
0
41
1
10
58.8076967387829
20
8.69893586905346
30
0
41
1
10
58.2171807054215
20
8.89724207768677
30
0
41
1
10
58.0199347204556
20
8.95933496779389
30
0
41
1
10
57.7726983140641
20
9.03162725755666
30
0
41
1
10
57.7232169542868
20
9.04581909666132
30
0
41
1
10
57.624181908677
20
9.07366809027602
30
0
41
1
10
57.5746083388314
20
9.08733045059216
30
0
41
1
10
57.4260499629428
20
9.12743920474639
30
0
41
1
10
57.3271575451932
20
9.15302725740025
30
0
41
1
10
57.0308628363734
20
9.22638584694593
30
0
41
1
10
56.8338239671085
20
9.27084923654596
30
0
41
1
10
56.4404530669875
20
9.35122106469677
30
0
41
1
10
56.2441363610176
20
9.38704273893413
30
0
41
1
10
55.8520293196011
20
9.44985853513009
30
0
41
1
10
55.6562379778668
20
9.47686794267136
30
0
41
1
10
55.4070039509929
20
9.5054768277393
30
0
41
1
10
55.3534133887484
20
9.51128329056559
30
0
41
1
10
55.2998322862883
20
9.51674631109947
30
0
0
SPLINE
5
1AA
100
AcDbEntity
8
1
62
256
6
ByLayer
370
18
48
1
60
0
100
AcDbSpline
70
4
71
3
72
50
73
46
40
0
40
0
40
0
40
0
40
0.250000000000008
40
0.250000000000008
40
0.375000000000021
40
0.375000000000021
40
0.437500000000019
40
0.437500000000019
40
0.453125000000023
40
0.453125000000023
40
0.468750000000027
40
0.468750000000027
40
0.500000000000017
40
0.500000000000017
40
0.531250000000006
40
0.531250000000006
40
0.546875000000001
40
0.546875000000001
40
0.562499999999996
40
0.562499999999996
40
0.624999999999991
40
0.624999999999991
40
0.656249999999989
40
0.656249999999989
40
0.687499999999986
40
0.687499999999986
40
0.749999999999995
40
0.749999999999995
40
0.781249999999999
40
0.781249999999999
40
0.812500000000003
40
0.812500000000003
40
0.87500000000001
40
0.87500000000001
40
0.906250000000008
40
0.906250000000008
40
0.937500000000005
40
0.937500000000005
40
0.953125000000004
40
0.953125000000004
40
0.968750000000003
40
0.968750000000003
40
0.984375000000001
40
0.984375000000001
40
1
40
1
40
1
40
1
41
1
10
65.4810661072539
20
4.89072071748251
30
0
41
1
10
65.5858417626479
20
4.78799633083983
30
0
41
1
10
65.6913452871544
20
4.68643291630471
30
0
41
1
10
65.8508943080279
20
4.5362114215684
30
0
41
1
10
65.9042967021616
20
4.48648789309539
30
0
41
1
10
65.9847711976419
20
4.41247287652669
30
0
41
1
10
66.0116547906501
20
4.38789491702082
30
0
41
1
10
66.0453429898644
20
4.35729704728197
30
0
41
1
10
66.0520865103044
20
4.35118441722557
30
0
41
1
10
66.065578875547
20
4.33897038434216
30
0
41
1
10
66.0723151811485
20
4.33286379012878
30
0
41
1
10
66.0925949293589
20
4.31458713859794
30
0
41
1
10
66.1063843583357
20
4.30253243806763
30
0
41
1
10
66.1345460504381
20
4.27867979627499
30
0
41
1
10
66.148900928875
20
4.26687467409744
30
0
41
1
10
66.1708030318904
20
4.2493193897453
30
0
41
1
10
66.1781651880488
20
4.24349299483467
30
0
41
1
10
66.193007672962
20
4.23188724673167
30
0
41
1
10
66.2005194191233
20
4.22608423284089
30
0
41
1
10
66.2377876519072
20
4.19762245666058
30
0
41
1
10
66.2669297541827
20
4.17639305902154
30
0
41
1
10
66.3097631070569
20
4.14635307009826
30
0
41
1
10
66.3238899700613
20
4.13665239422337
30
0
41
1
10
66.3518492773169
20
4.11784622239767
30
0
41
1
10
66.3657007590158
20
4.10873004030725
30
0
41
1
10
66.406078101407
20
4.0827369660669
30
0
41
1
10
66.4316659145709
20
4.06706224120066
30
0
41
1
10
66.4681044206612
20
4.0460410874912
30
0
41
1
10
66.4799350312643
20
4.03944465496483
30
0
41
1
10
66.5028677418662
20
4.02719253893997
30
0
41
1
10
66.5138191900399
20
4.02161852974396
30
0
41
1
10
66.5450988491566
20
4.00663178019684
30
0
41
1
10
66.5639259972963
20
3.99886599935436
30
0
41
1
10
66.5883185500597
20
3.99171800294127
30
0
41
1
10
66.5956941099151
20
3.99012526767771
30
0
41
1
10
66.6086144384133
20
3.9887902583707
30
0
41
1
10
66.6141755251466
20
3.98904656426956
30
0
41
1
10
66.6209490500577
20
3.99108229589075
30
0
41
1
10
66.6229469333861
20
3.99204469635418
30
0
41
1
10
66.6262903708297
20
3.9945427369247
30
0
41
1
10
66.6276459303588
20
3.99608033575967
30
0
41
1
10
66.6296993586794
20
3.99976117082619
30
0
41
1
10
66.6303923614583
20
4.00190853076165
30
0
41
1
10
66.6310690997213
20
4.00686037053134
30
0
41
1
10
66.6310036279668
20
4.00970747996587
30
0
41
1
10
66.6309858233151
20
4.01254133901489
30
0
0
SPLINE
5
1AB
100
AcDbEntity
8
1
62
256
6
ByLayer
370
18
48
1
60
0
100
AcDbSpline
70
4
71
3
72
59
73
55
40
0
40
0
40
0
40
0
40
0.0312499999999989
40
0.0312499999999989
40
0.0624999999999978
40
0.0624999999999978
40
0.124999999999998
40
0.124999999999998
40
0.156249999999998
40
0.156249999999998
40
0.187499999999998
40
0.187499999999998
40
0.218749999999999
40
0.218749999999999
40
0.249999999999999
40
0.249999999999999
40
0.265624999999997
40
0.265624999999997
40
0.281249999999996
40
0.312499999999996
40
0.312499999999996
40
0.374999999999996
40
0.374999999999996
40
0.437499999999996
40
0.437499999999996
40
0.468749999999996
40
0.468749999999996
40
0.499999999999996
40
0.499999999999996
40
0.562499999999997
40
0.562499999999997
40
0.624999999999997
40
0.624999999999997
40
0.687499999999997
40
0.687499999999997
40
0.718749999999998
40
0.718749999999998
40
0.749999999999999
40
0.749999999999999
40
0.8125
40
0.8125
40
0.843750000000002
40
0.843750000000002
40
0.859375000000002
40
0.859375000000002
40
0.875000000000002
40
0.875000000000002
40
0.937500000000001
40
0.937500000000001
40
0.96875
40
0.96875
40
0.984375
40
0.984375
40
1
40
1
40
1
40
1
41
1
10
85.4805644971311
20
-9.1399488458695
30
0
41
1
10
85.2836577149707
20
-9.08883570224651
30
0
41
1
10
85.0871534663474
20
-9.03350064082255
30
0
41
1
10
84.6947132441564
20
-8.91450514696902
30
0
41
1
10
84.498774582629
20
-8.85085668577008
30
0
41
1
10
83.9114168058952
20
-8.64800061427681
30
0
41
1
10
83.5204655782283
20
-8.49689228078907
30
0
41
1
10
82.9336457514358
20
-8.24666169787602
30
0
41
1
10
82.7379724134451
20
-8.15932451259849
30
0
41
1
10
82.3462556158617
20
-7.97681448263251
30
0
41
1
10
82.1502117061248
20
-7.88160971828651
30
0
41
1
10
81.7575051324924
20
-7.6835871640269
30
0
41
1
10
81.5608431438403
20
-7.58081652662813
30
0
41
1
10
81.1666728647313
20
-7.36792614307024
30
0
41
1
10
80.9691645075177
20
-7.25777692214035
30
0
41
1
10
80.6720823510477
20
-7.08699389821479
30
0
41
1
10
80.5728769325465
20
-7.02911470011443
30
0
41
1
10
80.3749216264578
20
-6.91196579461996
30
0
41
1
10
80.0783998963702
20
-6.73400293509999
30
0
41
1
10
79.7829760442061
20
-6.54946518337818
30
0
41
1
10
79.1932335264461
20
-6.17199388065242
30
0
41
1
10
78.8015419558658
20
-5.9091684321906
30
0
41
1
10
78.0192034648815
20
-5.3630910948535
30
0
41
1
10
77.6285619901802
20
-5.07983374198341
30
0
41
1
10
77.0419669688925
20
-4.64080832313994
30
0
41
1
10
76.8463264741919
20
-4.49211314370459
30
0
41
1
10
76.4545841046108
20
-4.19051407137806
30
0
41
1
10
76.2584849924843
20
-4.03761480955552
30
0
41
1
10
75.6691770195075
20
-3.57276914651692
30
0
41
1
10
75.2749364258405
20
-3.25464239995765
30
0
41
1
10
74.4819378450469
20
-2.60344307509453
30
0
41
1
10
74.087786778176
20
-2.27416919249222
30
0
41
1
10
73.3022867789774
20
-1.61048402337175
30
0
41
1
10
72.9109401758484
20
-1.27606836470193
30
0
41
1
10
72.324553817742
20
-0.772310919274105
30
0
41
1
10
72.1291998672428
20
-0.604030727632534
30
0
41
1
10
71.7384431684509
20
-0.267076863756103
30
0
41
1
10
71.543036196342
20
-0.0984125329059111
30
0
41
1
10
70.9564101352285
20
0.407761676677182
30
0
41
1
10
70.5648154242631
20
0.745499782456534
30
0
41
1
10
69.9752554894953
20
1.25098113646357
30
0
41
1
10
69.7783675502136
20
1.41928206925959
30
0
41
1
10
69.4822964979862
20
1.67121559867769
30
0
41
1
10
69.3834852723121
20
1.75510730834668
30
0
41
1
10
69.1855952917506
20
1.92268736132721
30
0
41
1
10
69.086428165582
20
2.0064494697474
30
0
41
1
10
68.5914900862201
20
2.42328024719097
30
0
41
1
10
68.1977254243727
20
2.75102083331089
30
0
41
1
10
67.6090974636193
20
3.23224108786209
30
0
41
1
10
67.4132226978142
20
3.39091125377004
30
0
41
1
10
67.1197298854314
20
3.62606544307488
30
0
41
1
10
67.0219487865429
20
3.70398234858493
30
0
41
1
10
66.8264332022785
20
3.85894023056093
30
0
41
1
10
66.7287009631776
20
3.93597656526944
30
0
41
1
10
66.6309858233151
20
4.01254133901489
30
0
0
SPLINE
5
1AC
100
AcDbEntity
8
1
62
256
6
ByLayer
370
18
48
1
60
0
100
AcDbSpline
70
4
71
3
72
50
73
46
40
0
40
0
40
0
40
0
40
0.249999999999797
40
0.249999999999797
40
0.374999999999696
40
0.374999999999696
40
0.437499999999629
40
0.437499999999629
40
0.453124999999629
40
0.453124999999629
40
0.46874999999963
40
0.46874999999963
40
0.499999999999595
40
0.499999999999595
40
0.531249999999561
40
0.531249999999561
40
0.546874999999562
40
0.546874999999562
40
0.562499999999563
40
0.562499999999563
40
0.624999999999638
40
0.624999999999638
40
0.656249999999658
40
0.656249999999658
40
0.687499999999678
40
0.687499999999678
40
0.749999999999751
40
0.749999999999751
40
0.781249999999772
40
0.781249999999772
40
0.812499999999794
40
0.812499999999794
40
0.874999999999862
40
0.874999999999862
40
0.906249999999897
40
0.906249999999897
40
0.937499999999931
40
0.937499999999931
40
0.953124999999948
40
0.953124999999948
40
0.968749999999966
40
0.968749999999966
40
0.984374999999983
40
0.984374999999983
40
1
40
1
40
1
40
1
41
1
10
85.4805644971311
20
-9.13994884586947
30
0
41
1
10
85.5854300600378
20
-9.10452894107385
30
0
41
1
10
85.6910247098745
20
-9.06648365302618
30
0
41
1
10
85.8507119321175
20
-9.00548110856889
30
0
41
1
10
85.90416069529
20
-8.98448748126512
30
0
41
1
10
85.9847053026238
20
-8.95202134900862
30
0
41
1
10
86.0116123646636
20
-8.94102344485987
30
0
41
1
10
86.0453300138015
20
-8.92708192501058
30
0
41
1
10
86.0520794332308
20
-8.92429144436446
30
0
41
1
10
86.065583606584
20
-8.91867721430231
30
0
41
1
10
86.0723257562191
20
-8.91579696766013
30
0
41
1
10
86.0926234980173
20
-8.90738829749367
30
0
41
1
10
86.1064256611793
20
-8.90287946410473
30
0
41
1
10
86.1346136845228
20
-8.89638031945623
30
0
41
1
10
86.148982218496
20
-8.89431223926456
30
0
41
1
10
86.1709054478135
20
-8.89287507838853
30
0
41
1
10
86.1782747527387
20
-8.89267247739264
30
0
41
1
10
86.1931317525275
20
-8.89280993229895
30
0
41
1
10
86.2006500016232
20
-8.89315386839789
30
0
41
1
10
86.2379397305482
20
-8.89617730970065
30
0
41
1
10
86.2670998618071
20
-8.90268373204165
30
0
41
1
10
86.3099607554347
20
-8.91742873777517
30
0
41
1
10
86.3240968890876
20
-8.92320442387481
30
0
41
1
10
86.3520748792554
20
-8.93640946366753
30
0
41
1
10
86.3659321941026
20
-8.94385551434252
30
0
41
1
10
86.406324564975
20
-8.96818733205262
30
0
41
1
10
86.4319218889154
20
-8.98722480951844
30
0
41
1
10
86.4683737093203
20
-9.01996000609745
30
0
41
1
10
86.480212829946
20
-9.03157936952201
30
0
41
1
10
86.50314300227
20
-9.05629673134564
30
0
41
1
10
86.5140927909311
20
-9.06924615341345
30
0
41
1
10
86.5453663452192
20
-9.10992441665107
30
0
41
1
10
86.5641873342126
20
-9.1393948268979
30
0
41
1
10
86.5885609151746
20
-9.18821057537667
30
0
41
1
10
86.5959210731651
20
-9.20502303533817
30
0
41
1
10
86.6088128851367
20
-9.23962071133514
30
0
41
1
10
86.6143577678839
20
-9.25744529216144
30
0
41
1
10
86.6211016533072
20
-9.28511010776637
30
0
41
1
10
86.6230874375421
20
-9.29451508028802
30
0
41
1
10
86.626404351945
20
-9.3132930034281
30
0
41
1
10
86.6277460761158
20
-9.32270644952547
30
0
41
1
10
86.6297701670098
20
-9.34158432165185
30
0
41
1
10
86.6304465573282
20
-9.35104920899749
30
0
41
1
10
86.6310914614537
20
-9.37003372246585
30
0
41
1
10
86.6310142071272
20
-9.37955688295438
30
0
41
1
10
86.6309995885856
20
-9.38907525647292
30
0
0
SPLINE
5
1AD
100
AcDbEntity
8
1
62
256
6
ByLayer
370
18
48
1
60
0
100
AcDbSpline
70
4
71
3
72
14
73
10
40
0
40
0
40
0
40
0
40
0.25
40
0.25
40
0.5
40
0.5
40
0.75
40
0.75
40
1
40
1
40
1
40
1
41
1
10
91.0669301540336
20
-9.39813599988923
30
0
41
1
10
90.6960348296194
20
-9.46114003713197
30
0
41
1
10
90.3265444694368
20
-9.50788265680345
30
0
41
1
10
89.5886584688114
20
-9.56963784182844
30
0
41
1
10
89.2202668592529
20
-9.58464379803345
30
0
41
1
10
88.4830214430776
20
-9.58330885265826
30
0
41
1
10
88.1141781012652
20
-9.5669246946967
30
0
41
1
10
87.3744981492214
20
-9.50210030743526
30
0
41
1
10
87.003657246923
20
-9.45363876203513
30
0
41
1
10
86.6309995885856
20
-9.38907525647292
30
0
0
SPLINE
5
1AE
100
AcDbEntity
8
1
62
256
6
ByLayer
370
18
48
1
60
0
100
AcDbSpline
70
4
71
3
72
21
73
17
40
0
40
0
40
0
40
0
40
0.135633233085939
40
0.135633233085939
40
0.207663796995446
40
0.207663796995446
40
0.279694360904952
40
0.423755488723963
40
0.423755488723963
40
0.711877744361982
40
0.711877744361982
40
0.783908308271487
40
0.783908308271487
40
0.855938872180992
40
0.855938872180992
40
1
40
1
40
1
40
1
41
1
10
91.02414822529
20
-7.86745775970746
30
0
41
1
10
91.031440248857
20
-7.92599674918205
30
0
41
1
10
91.0381987366098
20
-7.98607544734318
30
0
41
1
10
91.0476147048619
20
-8.08074893294088
30
0
41
1
10
91.0507072591572
20
-8.11408853023426
30
0
41
1
10
91.0564834335583
20
-8.18136071139716
30
0
41
1
10
91.0645515216219
20
-8.28332276820416
30
0
41
1
10
91.0707561442796
20
-8.38857865119377
30
0
41
1
10
91.0804912184991
20
-8.60381723138997
30
0
41
1
10
91.0834090568226
20
-8.75362379101853
30
0
41
1
10
91.0820361855277
20
-8.94975554661679
30
0
41
1
10
91.0815111296481
20
-8.98942464430806
30
0
41
1
10
91.0799487228743
20
-9.06966836266292
30
0
41
1
10
91.078909348495
20
-9.11027479682554
30
0
41
1
10
91.0750440288024
20
-9.23253137516701
30
0
41
1
10
91.0714660618427
20
-9.31491365755733
30
0
41
1
10
91.0669301540474
20
-9.39813599988659
30
0
0
SPLINE
5
1AF
100
AcDbEntity
8
1
62
256
6
ByLayer
370
18
48
1
60
0
100
AcDbSpline
70
4
71
3
72
20
73
16
40
0
40
0
40
0
40
0
40
0.133640706805417
40
0.133640706805417
40
0.267281413610834
40
0.267281413610834
40
0.400922120416251
40
0.400922120416251
40
0.534562827221668
40
0.534562827221668
40
0.668203534027085
40
0.668203534027085
40
0.801844240832502
40
0.801844240832502
40
1
40
1
40
1
40
1
41
1
10
86.3965663801532
20
-7.72648162644441
30
0
41
1
10
86.5894119721135
20
-7.73228589495326
30
0
41
1
10
86.7823090365717
20
-7.73857804007216
30
0
41
1
10
87.1680072523538
20
-7.75025322784427
30
0
41
1
10
87.3608103316042
20
-7.75565454414411
30
0
41
1
10
87.7462069408602
20
-7.76447098632977
30
0
41
1
10
87.9388013247137
20
-7.76789420534396
30
0
41
1
10
88.3237063993088
20
-7.77205168818796
30
0
41
1
10
88.5160175141972
20
-7.77278997224934
30
0
41
1
10
88.9003042005051
20
-7.77108612705717
30
0
41
1
10
89.0922800028393
20
-7.76864618650558
30
0
41
1
10
89.4758574411836
20
-7.76021980943707
30
0
41
1
10
89.6672344591714
20
-7.7542390121454
30
0
41
1
10
90.1411736464927
20
-7.7346815763886
30
0
41
1
10
90.4231825052076
20
-7.71882285010275
30
0
41
1
10
90.7040786702965
20
-7.69848262992107
30
0
0
SPLINE
5
1B0
100
AcDbEntity
8
1
62
256
6
ByLayer
370
18
48
1
60
0
100
AcDbSpline
70
4
71
3
72
63
73
59
40
0
40
0
40
0
40
0
40
0.0450115874784593
40
0.0450115874784593
40
0.0675173812176891
40
0.0675173812176891
40
0.0900231749569189
40
0.0900231749569189
40
0.112528968696149
40
0.112528968696149
40
0.123781865565771
40
0.123781865565771
40
0.135034762435394
40
0.15754055617464
40
0.15754055617464
40
0.168793453044268
40
0.168793453044268
40
0.180046349913896
40
0.180046349913896
40
0.225057937392424
40
0.225057937392424
40
0.236310834262056
40
0.236310834262056
40
0.247563731131687
40
0.247563731131687
40
0.270069524870952
40
0.270069524870952
40
0.315081112349483
40
0.315081112349483
40
0.360092699828014
40
0.360092699828014
40
0.382598493567278
40
0.382598493567278
40
0.405104287306542
40
0.405104287306542
40
0.450115874785069
40
0.450115874785069
40
0.540139049742116
40
0.540139049742116
40
0.58515063722064
40
0.58515063722064
40
0.607656430959907
40
0.607656430959907
40
0.630162224699174
40
0.630162224699174
40
0.72018539965623
40
0.72018539965623
40
0.810208574613286
40
0.810208574613286
40
0.855220162091806
40
0.855220162091806
40
0.877725955831066
40
0.877725955831066
40
0.900231749570326
40
0.900231749570326
40
0.990254924527365
40
0.990254924527365
40
1
40
1
40
1
40
1
41
1
10
86.3965663801532
20
-7.72648162644444
30
0
41
1
10
86.3530178505666
20
-7.72517090237594
30
0
41
1
10
86.3102528924809
20
-7.72074840991016
30
0
41
1
10
86.2477392618513
20
-7.70709226971448
30
0
41
1
10
86.2271764821915
20
-7.70135757515732
30
0
41
1
10
86.1867325024593
20
-7.68690695364009
30
0
41
1
10
86.1671389181307
20
-7.67828021351144
30
0
41
1
10
86.1296419268953
20
-7.65791598974903
30
0
41
1
10
86.1117007591463
20
-7.64616492939805
30
0
41
1
10
86.0861767557872
20
-7.62586633924064
30
0
41
1
10
86.0778653219602
20
-7.61861982098137
30
0
41
1
10
86.0619205876092
20
-7.60335932947331
30
0
41
1
10
86.0390780631607
20
-7.57939457118408
30
0
41
1
10
86.019394093338
20
-7.55229820160423
30
0
41
1
10
86.0017170570659
20
-7.52325756916764
30
0
41
1
10
85.996159082448
20
-7.51325354873183
30
0
41
1
10
85.9856944764825
20
-7.49262393532996
30
0
41
1
10
85.9807826508523
20
-7.48197783795524
30
0
41
1
10
85.9581299154351
20
-7.42810831662018
30
0
41
1
10
85.9456802515742
20
-7.38239694741571
30
0
41
1
10
85.9351321924337
20
-7.32317252164862
30
0
41
1
10
85.9332779824059
20
-7.31122088828624
30
0
41
1
10
85.9300448849855
20
-7.28712500985057
30
0
41
1
10
85.9286666230095
20
-7.274975800991
30
0
41
1
10
85.9252194180926
20
-7.23855232358983
30
0
41
1
10
85.9238199551783
20
-7.21420415517829
30
0
41
1
10
85.9218732629583
20
-7.14103924969339
30
0
41
1
10
85.9235531515752
20
-7.09210600598195
30
0
41
1
10
85.9314358527717
20
-6.9941890079823
30
0
41
1
10
85.9376539510358
20
-6.94520275690667
30
0
41
1
10
85.9498174888722
20
-6.87180117081215
30
0
41
1
10
85.9543473317312
20
-6.84736366848105
30
0
41
1
10
85.964223587354
20
-6.79885057902285
30
0
41
1
10
85.969576839873
20
-6.77473275873058
30
0
41
1
10
85.9867870407345
20
-6.70278411492731
30
0
41
1
10
85.9997889816584
20
-6.65535722440177
30
0
41
1
10
86.0428817774555
20
-6.51464312144043
30
0
41
1
10
86.0770174079698
20
-6.42291427220741
30
0
41
1
10
86.1355594769648
20
-6.2884503589417
30
0
41
1
10
86.1563094778735
20
-6.24415296150354
30
0
41
1
10
86.1892847323217
20
-6.17851241749125
30
0
41
1
10
86.2005853898311
20
-6.15676661226919
30
0
41
1
10
86.2238099083887
20
-6.11354843871175
30
0
41
1
10
86.235748816662
20
-6.09205112152176
30
0
41
1
10
86.2967002061961
20
-5.98581433882515
30
0
41
1
10
86.3496424467419
20
-5.90447269512973
30
0
41
1
10
86.4639493219111
20
-5.74892965872141
30
0
41
1
10
86.525304539382
20
-5.67472570090979
30
0
41
1
10
86.6239791537971
20
-5.56904350451069
30
0
41
1
10
86.6579814996174
20
-5.53475760341533
30
0
41
1
10
86.7107384648573
20
-5.48481909433451
30
0
41
1
10
86.7286167276276
20
-5.46842165478554
30
0
41
1
10
86.7649780334499
20
-5.43614178135286
30
0
41
1
10
86.7834649341053
20
-5.42025837659313
30
0
41
1
10
86.8768259789531
20
-5.3426940675831
30
0
41
1
10
86.9549355143182
20
-5.28610133049241
30
0
41
1
10
87.0456009914222
20
-5.22996284196114
30
0
41
1
10
87.0545004999973
20
-5.22454928989404
30
0
41
1
10
87.0634442595642
20
-5.2192067168767
30
0
0
SPLINE
5
1B1
100
AcDbEntity
8
1
62
256
6
ByLayer
370
18
48
1
60
0
100
AcDbSpline
70
4
71
3
72
20
73
16
40
0
40
0
40
0
40
0
40
0.250000000000023
40
0.250000000000023
40
0.500000000000047
40
0.500000000000047
40
0.625000000000059
40
0.625000000000059
40
0.750000000000072
40
0.750000000000072
40
0.875000000000084
40
0.875000000000084
40
0.937500000000042
40
0.937500000000042
40
1
40
1
40
1
40
1
41
1
10
91.4317581974501
20
-8.07878544179727
30
0
41
1
10
91.4669605136036
20
-8.09851155321419
30
0
41
1
10
91.5020328741582
20
-8.11556206242733
30
0
41
1
10
91.5719840744321
20
-8.14400882392511
30
0
41
1
10
91.606863051509
20
-8.15541218551763
30
0
41
1
10
91.659051323975
20
-8.16750908191844
30
0
41
1
10
91.6764256003106
20
-8.17069792543586
30
0
41
1
10
91.7111237290716
20
-8.1751166214631
30
0
41
1
10
91.7281933966046
20
-8.17631185449977
30
0
41
1
10
91.7617166109674
20
-8.17647376483433
30
0
41
1
10
91.7781710168043
20
-8.17544315812785
30
0
41
1
10
91.802318338052
20
-8.17198789356269
30
0
41
1
10
91.8102778683921
20
-8.17051623723421
30
0
41
1
10
91.8259983867285
20
-8.16687068250135
30
0
41
1
10
91.8337678871595
20
-8.16469112404127
30
0
41
1
10
91.841325007045
20
-8.16216157174617
30
0
0
SPLINE
5
1B2
100
AcDbEntity
8
1
62
256
6
ByLayer
370
18
48
1
60
0
100
AcDbSpline
70
4
71
3
72
12
73
8
40
0
40
0
40
0
40
0
40
0.26745222878739
40
0.26745222878739
40
0.534904457580003
40
0.534904457580003
40
1
40
1
40
1
40
1
41
1
10
91.4059730064147
20
-8.06433991590978
30
0
41
1
10
91.4082720373259
20
-8.06562757665702
30
0
41
1
10
91.4105709987351
20
-8.06691528211715
30
0
41
1
10
91.415168781643
20
-8.06949078307753
30
0
41
1
10
91.4174676031445
20
-8.07077857857936
30
0
41
1
10
91.4237638490103
20
-8.07430595591381
30
0
41
1
10
91.4277611308783
20
-8.07654562950216
30
0
41
1
10
91.4317581974501
20
-8.07878544179724
30
0
0
SPLINE
5
1B3
100
AcDbEntity
8
1
62
256
6
ByLayer
370
18
48
1
60
0
100
AcDbSpline
70
4
71
3
72
8
73
4
40
0
40
0
40
0
40
0
40
1
40
1
40
1
40
1
41
1
10
91.4059730064146
20
-8.06433991590967
30
0
41
1
10
91.4062199703693
20
-8.07088305864053
30
0
41
1
10
91.4064687922494
20
-8.07743290787178
30
0
41
1
10
91.4067194572993
20
-8.0839893381619
30
0
0
SPLINE
5
1B4
100
AcDbEntity
8
1
62
256
6
ByLayer
370
18
48
1
60
0
100
AcDbSpline
70
4
71
3
72
8
73
4
40
0
40
0
40
0
40
0
40
1
40
1
40
1
40
1
41
1
10
91.406499573348
20
-8.08387281286988
30
0
41
1
10
90.8250517703628
20
-7.7757361982496
30
0
41
1
10
90.2436039673979
20
-7.43429449950438
30
0
41
1
10
89.6621561644527
20
-7.06374241537875
30
0
0
SPLINE
5
1B5
100
AcDbEntity
8
1
62
256
6
ByLayer
370
18
48
1
60
0
100
AcDbSpline
70
4
71
3
72
10
73
6
40
0
40
0
40
0
40
0
40
0.5
40
0.5
40
1
40
1
40
1
40
1
41
1
10
89.6621561644527
20
-7.06374241537875
30
0
41
1
10
89.1658261556683
20
-6.74737856100734
30
0
41
1
10
88.6694961468875
20
-6.40982535650284
30
0
41
1
10
87.6768361293321
20
-5.6983919292166
30
0
41
1
10
87.1805061205581
20
-5.32451553509765
30
0
41
1
10
86.6841761117871
20
-4.93583083197976
30
0
0
SPLINE
5
1B6
100
AcDbEntity
8
1
62
256
6
ByLayer
370
18
48
1
60
0
100
AcDbSpline
70
4
71
3
72
11
73
7
40
0
40
0
40
0
40
0
40
0.25
40
0.5
40
0.75
40
1
40
1
40
1
40
1
41
1
10
82.63101753029
20
-1.50679340606527
30
0
41
1
10
82.9687807454137
20
-1.80744767381941
30
0
41
1
10
83.6443071756618
20
-2.40457124774545
30
0
41
1
10
84.6575968210356
20
-3.28025082786706
30
0
41
1
10
85.6708864664103
20
-4.12864018792231
30
0
41
1
10
86.3464128966613
20
-4.67133596327534
30
0
41
1
10
86.6841761117871
20
-4.93583083197976
30
0
0
SPLINE
5
1B7
100
AcDbEntity
8
1
62
256
6
ByLayer
370
18
48
1
60
0
100
AcDbSpline
70
4
71
3
72
22
73
18
40
0
40
0
40
0
40
0
40
0.250000000000086
40
0.250000000000086
40
0.375000000000072
40
0.375000000000072
40
0.500000000000058
40
0.500000000000058
40
0.625000000000043
40
0.625000000000043
40
0.750000000000029
40
0.750000000000029
40
0.875000000000014
40
0.875000000000014
40
0.937500000000007
40
0.937500000000007
40
1
40
1
40
1
40
1
41
1
10
78.4606298460162
20
9.66595229216338
30
0
41
1
10
78.4841795571914
20
9.68205811781939
30
0
41
1
10
78.5061890162722
20
9.700674997145
30
0
41
1
10
78.5365490044279
20
9.73282018446724
30
0
41
1
10
78.5462308417059
20
9.74423112459428
30
0
41
1
10
78.5645945802351
20
9.76863009203038
30
0
41
1
10
78.5731292989464
20
9.78144705763225
30
0
41
1
10
78.5887857001312
20
9.80838587958243
30
0
41
1
10
78.5959182926609
20
9.82250322094828
30
0
41
1
10
78.6085613721596
20
9.85225286822279
30
0
41
1
10
78.6140883452517
20
9.86802385822986
30
0
41
1
10
78.6228938393132
20
9.90023529014968
30
0
41
1
10
78.6262240231072
20
9.9167614643446
30
0
41
1
10
78.6294082033435
20
9.94226836824399
30
0
41
1
10
78.6301674064828
20
9.95089042610709
30
0
41
1
10
78.6310099742342
20
9.96840444591868
30
0
41
1
10
78.6310357041003
20
9.97732052962755
30
0
41
1
10
78.6310115864535
20
9.98625136146293
30
0
0
SPLINE
5
1B8
100
AcDbEntity
8
1
62
256
6
ByLayer
370
18
48
1
60
0
100
AcDbSpline
70
4
71
3
72
27
73
23
40
0
40
0
40
0
40
0
40
0.124999999999928
40
0.124999999999928
40
0.156249999999921
40
0.156249999999921
40
0.187499999999914
40
0.187499999999914
40
0.249999999999946
40
0.249999999999946
40
0.312499999999978
40
0.312499999999978
40
0.343749999999993
40
0.343749999999993
40
0.375000000000008
40
0.375000000000008
40
0.390625000000015
40
0.390625000000015
40
0.406250000000022
40
0.437500000000036
40
0.500000000000022
40
1
40
1
40
1
40
1
41
1
10
78.4606298460162
20
9.66595229216338
30
0
41
1
10
78.4227911289149
20
9.64007410721382
30
0
41
1
10
78.3825644087351
20
9.62167811985685
30
0
41
1
10
78.3297803737553
20
9.60729781345967
30
0
41
1
10
78.3190943088902
20
9.60486626808941
30
0
41
1
10
78.2974559786816
20
9.60094132262265
30
0
41
1
10
78.2865536553913
20
9.59946300497072
30
0
41
1
10
78.2539404367006
20
9.5965084539327
30
0
41
1
10
78.2321904746923
20
9.59646729579165
30
0
41
1
10
78.1887124283763
20
9.60059891777203
30
0
41
1
10
78.166984174522
20
9.60472320758075
30
0
41
1
10
78.1344295198919
20
9.61466760790017
30
0
41
1
10
78.1235711825269
20
9.6186285542299
30
0
41
1
10
78.102334900153
20
9.62778498901324
30
0
41
1
10
78.0919055420956
20
9.63300999430066
30
0
41
1
10
78.0765272643215
20
9.64175870754138
30
0
41
1
10
78.0714328838216
20
9.64478303472754
30
0
41
1
10
78.0612200121573
20
9.65074267811551
30
0
41
1
10
78.0458873292882
20
9.65962801454938
30
0
41
1
10
78.0101327686924
20
9.68038401321849
30
0
41
1
10
77.8160548632531
20
9.79255311058284
30
0
41
1
10
77.6324527003598
20
9.89652033202881
30
0
41
1
10
77.4694352117302
20
9.98690503915441
30
0
0
SPLINE
5
1B9
100
AcDbEntity
8
1
62
256
6
ByLayer
370
18
48
1
60
0
100
AcDbSpline
70
4
71
3
72
8
73
4
40
0
40
0
40
0
40
0
40
1
40
1
40
1
40
1
41
1
10
77.469430045975
20
9.98684639687022
30
0
41
1
10
77.1196215207031
20
9.97054275482608
30
0
41
1
10
76.7698129954359
20
9.93936661810943
30
0
41
1
10
76.4200044701734
20
9.89345721691421
30
0
0
SPLINE
5
1BA
100
AcDbEntity
8
1
62
256
6
ByLayer
370
18
48
1
60
0
100
AcDbSpline
70
4
71
3
72
12
73
8
40
0
40
0
40
0
40
0
40
0.345408227059999
40
0.345408227059999
40
0.690816454120003
40
0.690816454120003
40
1
40
1
40
1
40
1
41
1
10
76.4200044701734
20
9.89345721691421
30
0
41
1
10
75.9395198094029
20
9.83043009272339
30
0
41
1
10
75.4590351486325
20
9.73958811794114
30
0
41
1
10
74.4980658270924
20
9.50380102986523
30
0
41
1
10
74.0175811663223
20
9.35885703255136
30
0
41
1
10
73.1070026643541
20
9.03521394590834
30
0
41
1
10
72.6769088231559
20
8.86165042267001
30
0
41
1
10
72.2468149819578
20
8.66857455657347
30
0
0
SPLINE
5
1BB
100
AcDbEntity
8
1
62
256
6
ByLayer
370
18
48
1
60
0
100
AcDbSpline
70
4
71
3
72
8
73
4
40
0
40
0
40
0
40
0
40
1
40
1
40
1
40
1
41
1
10
44.5221548931743
20
-9.92412695480814
30
0
41
1
10
44.3633193097747
20
-9.941719928624
30
0
41
1
10
44.2044837263751
20
-9.956269539386
30
0
41
1
10
44.0456481429755
20
-9.96775719257042
30
0
0
SPLINE
5
1BC
100
AcDbEntity
8
1
62
256
6
ByLayer
370
18
48
1
60
0
100
AcDbSpline
70
4
71
3
72
8
73
4
40
0
40
0
40
0
40
0
40
1
40
1
40
1
40
1
41
1
10
44.0456481429755
20
-9.96775719257042
30
0
41
1
10
43.4785835644003
20
-10.0087479418898
30
0
41
1
10
42.9115189858271
20
-10.0106828790407
30
0
41
1
10
42.3444544072559
20
-9.97353979271011
30
0
0
SPLINE
5
1BD
100
AcDbEntity
8
1
62
256
6
ByLayer
370
18
48
1
60
0
100
AcDbSpline
70
4
71
3
72
10
73
6
40
0
40
0
40
0
40
0
40
0.5
40
0.5
40
1
40
1
40
1
40
1
41
1
10
38.630716383001
20
-9.1824823518298
30
0
41
1
10
39.2496727203768
20
-9.40318193145171
30
0
41
1
10
39.8686290577526
20
-9.58099879843743
30
0
41
1
10
41.1065417325042
20
-9.84591715898074
30
0
41
1
10
41.7254980698801
20
-9.93301520132795
30
0
41
1
10
42.3444544072559
20
-9.97353979271011
30
0
0
SPLINE
5
1BE
100
AcDbEntity
8
1
62
256
6
ByLayer
370
18
48
1
60
0
100
AcDbSpline
70
4
71
3
72
21
73
17
40
0
40
0
40
0
40
0
40
0.250000000000031
40
0.250000000000031
40
0.375000000000023
40
0.375000000000023
40
0.500000000000017
40
0.500000000000017
40
0.62500000000001
40
0.62500000000001
40
0.750000000000002
40
0.750000000000002
40
0.874999999999995
40
0.937499999999998
40
0.937499999999998
40
1
40
1
40
1
40
1
41
1
10
38.4604011359365
20
-8.80599122504989
30
0
41
1
10
38.4839303715837
20
-8.83040817801412
30
0
41
1
10
38.5059210699357
20
-8.85669289278653
30
0
41
1
10
38.5362563599781
20
-8.89928723049107
30
0
41
1
10
38.5459305294762
20
-8.91400785182719
30
0
41
1
10
38.5642803990352
20
-8.94463611581867
30
0
41
1
10
38.5728103499303
20
-8.96032425574325
30
0
41
1
10
38.5884580537294
20
-8.99247093878296
30
0
41
1
10
38.5955873276621
20
-9.00893041197878
30
0
41
1
10
38.6082268117455
20
-9.04275021438505
30
0
41
1
10
38.6137540660698
20
-9.06025399818859
30
0
41
1
10
38.6225647672304
20
-9.09510265890538
30
0
41
1
10
38.6275666493546
20
-9.12127129932878
30
0
41
1
10
38.6298571123822
20
-9.14748857928575
30
0
41
1
10
38.6307092448789
20
-9.16497783504096
30
0
41
1
10
38.6307403954481
20
-9.17372840319089
30
0
41
1
10
38.6307163822415
20
-9.18248235155903
30
0
0
SPLINE
5
1BF
100
AcDbEntity
8
1
62
256
6
ByLayer
370
18
48
1
60
0
100
AcDbSpline
70
4
71
3
72
27
73
23
40
0
40
0
40
0
40
0
40
0.124999999999876
40
0.124999999999876
40
0.15624999999985
40
0.15624999999985
40
0.187499999999825
40
0.187499999999825
40
0.249999999999749
40
0.249999999999749
40
0.312499999999674
40
0.312499999999674
40
0.343749999999647
40
0.343749999999647
40
0.37499999999962
40
0.37499999999962
40
0.390624999999617
40
0.390624999999617
40
0.406249999999614
40
0.437499999999628
40
0.499999999999679
40
1
40
1
40
1
40
1
41
1
10
38.4604011359365
20
-8.80599122504989
30
0
41
1
10
38.4225744121126
20
-8.76673736441316
30
0
41
1
10
38.3823593264403
20
-8.73387152642286
30
0
41
1
10
38.3295894250847
20
-8.70002284134597
30
0
41
1
10
38.318906170271
20
-8.69362645518672
30
0
41
1
10
38.2972734535487
20
-8.68161833773587
30
0
41
1
10
38.2863734827713
20
-8.67603977927786
30
0
41
1
10
38.2537673924907
20
-8.66073205317429
30
0
41
1
10
38.2320218314243
20
-8.65233655921833
30
0
41
1
10
38.188551827919
20
-8.63947931480396
30
0
41
1
10
38.1668272245828
20
-8.63497240383549
30
0
41
1
10
38.134277387455
20
-8.63170961931698
30
0
41
1
10
38.1234198800013
20
-8.63121845683909
30
0
41
1
10
38.1021847232872
20
-8.63156417189052
30
0
41
1
10
38.0917556756435
20
-8.63240849369583
30
0
41
1
10
38.0763782372438
20
-8.63462367864659
30
0
41
1
10
38.0712850008508
20
-8.63547749171551
30
0
41
1
10
38.0610743624586
20
-8.6370913925972
30
0
41
1
10
38.0457447868757
20
-8.63945380150284
30
0
41
1
10
38.0099974173785
20
-8.64498245541978
30
0
41
1
10
37.8159587164641
20
-8.67438158120314
30
0
41
1
10
37.6323937607344
20
-8.69934219771352
30
0
41
1
10
37.469409338958
20
-8.71901710898683
30
0
0
SPLINE
5
1C0
100
AcDbEntity
8
1
62
256
6
ByLayer
370
18
48
1
60
0
100
AcDbSpline
70
4
71
3
72
8
73
4
40
0
40
0
40
0
40
0
40
1
40
1
40
1
40
1
41
1
10
28.8111334975421
20
-2.53031205069544
30
0
41
1
10
28.3614537410515
20
-2.17939227854524
30
0
41
1
10
27.913988903009
20
-1.81940887619399
30
0
41
1
10
27.4674494215714
20
-1.45187466574046
30
0
0
SPLINE
5
1C1
100
AcDbEntity
8
1
62
256
6
ByLayer
370
18
48
1
60
0
100
AcDbSpline
70
4
71
3
72
77
73
73
40
0
40
0
40
0
40
0
40
0.0082651347476017
40
0.0164287230914994
40
0.0244907459094723
40
0.0324511855251967
40
0.0403100256658798
40
0.0480672514201384
40
0.0557228491957286
40
0.0632768066775743
40
0.070729112785943
40
0.0780797576348489
40
0.0853287324908986
40
0.0924760297324019
40
0.0995216428090817
40
0.106465566202076
40
0.113307795384699
40
0.12004832678371
40
0.126687157741224
40
0.133224286477361
40
0.139659712053624
40
0.14599343433716
40
0.152225453965638
40
0.158355772313386
40
0.164384391458127
40
0.170311314148877
40
0.176136543774886
40
0.181860084335704
40
0.187481940412248
40
0.193002117139326
40
0.198420620179244
40
0.203737455696915
40
0.208952630336328
40
0.214066151198576
40
0.219078025821528
40
0.223988262161239
40
0.228796868575176
40
0.233503853807555
40
0.238109226976782
40
0.242612997565276
40
0.247015175411972
40
0.251315770707502
40
0.255514793992699
40
0.259612256160519
40
0.263608168461917
40
0.267502542516027
40
0.271295390325566
40
0.274986724297595
40
0.29967562240502
40
0.324425165040157
40
0.349235767633352
40
0.374107872764443
40
0.399041949126239
40
0.424038490424909
40
0.449098014231371
40
0.4742210607975
40
0.499408191849219
40
0.524659989367628
40
0.549977054367906
40
0.579638039765087
40
0.610123660586184
40
0.641434370545109
40
0.673570582462019
40
0.706532675585925
40
0.740321002010153
40
0.774935892298135
40
0.810377660420457
40
0.846646608089115
40
0.883743028563493
40
0.921667209992339
40
0.960419438347764
40
1
40
1
40
1
40
1
41
1
10
29.0230612043946
20
-3.9316871239898
30
0
41
1
10
29.0123170222287
20
-3.91572394061402
30
0
41
1
10
28.9909606621645
20
-3.88399369938406
30
0
41
1
10
28.9591230355509
20
-3.83686217101842
30
0
41
1
10
28.9276778946895
20
-3.79043966237577
30
0
41
1
10
28.8966233656385
20
-3.74473462756751
30
0
41
1
10
28.8659576020318
20
-3.69974031993451
30
0
41
1
10
28.8356789129277
20
-3.65545389714356
30
0
41
1
10
28.8057857240261
20
-3.61187140669028
30
0
41
1
10
28.7762765826989
20
-3.56898911218408
30
0
41
1
10
28.747150151518
20
-3.52680315286185
30
0
41
1
10
28.7184052048266
20
-3.48530964086413
30
0
41
1
10
28.6900406245348
20
-3.44450464330325
30
0
41
1
10
28.6620553961524
20
-3.40438419437811
30
0
41
1
10
28.6344486047943
20
-3.36494429939069
30
0
41
1
10
28.6072194312367
20
-3.32618094067854
30
0
41
1
10
28.5803671480052
20
-3.28809008283565
30
0
41
1
10
28.5538911155068
20
-3.25066767791219
30
0
41
1
10
28.5277907782046
20
-3.21390967041347
30
0
41
1
10
28.5020656608409
20
-3.17781200214674
30
0
41
1
10
28.4767153647102
20
-3.14237061690483
30
0
41
1
10
28.4517395639855
20
-3.10758146499248
30
0
41
1
10
28.4271380020987
20
-3.07344050759511
30
0
41
1
10
28.4029104881799
20
-3.03994372099402
30
0
41
1
10
28.3790568935546
20
-3.00708710062898
30
0
41
1
10
28.3555771483041
20
-2.97486666501175
30
0
41
1
10
28.3324712378867
20
-2.94327845949181
30
0
41
1
10
28.3097391998247
20
-2.91231855987911
30
0
41
1
10
28.2873811204572
20
-2.88198307592418
30
0
41
1
10
28.2653971317596
20
-2.85226815466089
30
0
41
1
10
28.2437874082311
20
-2.82316998361324
30
0
41
1
10
28.2225521638512
20
-2.79468479387006
30
0
41
1
10
28.2016916491072
20
-2.76680886303055
30
0
41
1
10
28.1812061480903
20
-2.73953851802429
30
0
41
1
10
28.1610959756649
20
-2.7128701378081
30
0
41
1
10
28.1413614747073
20
-2.68680015594421
30
0
41
1
10
28.1220030134228
20
-2.66132506306118
30
0
41
1
10
28.1030209827119
20
-2.63644140920655
30
0
41
1
10
28.0844157936943
20
-2.6121458060737
30
0
41
1
10
28.0661878749992
20
-2.58843492918254
30
0
41
1
10
28.0483376712326
20
-2.56530551974109
30
0
41
1
10
28.0308656375387
20
-2.5427543871883
30
0
41
1
10
28.0137722485721
20
-2.5207784088266
30
0
41
1
10
27.997057955917
20
-2.49937453949454
30
0
41
1
10
27.9807233313127
20
-2.47853978469385
30
0
41
1
10
27.964768542353
20
-2.45827130466623
30
0
41
1
10
27.9491952255785
20
-2.43856604783912
30
0
41
1
10
27.9050481886277
20
-2.38294749654708
30
0
41
1
10
27.8316686887454
20
-2.2916642558765
30
0
41
1
10
27.728076272901
20
-2.16538230175141
30
0
41
1
10
27.6231671643463
20
-2.04001844047025
30
0
41
1
10
27.5169589295101
20
-1.91550998749739
30
0
41
1
10
27.4094629189088
20
-1.79179574651087
30
0
41
1
10
27.3006957894753
20
-1.66881429908827
30
0
41
1
10
27.1906759162696
20
-1.54650491768985
30
0
41
1
10
27.0794237935203
20
-1.4248077086317
30
0
41
1
10
26.9669617602041
20
-1.30366398359325
30
0
41
1
10
26.8533125396438
20
-1.18301627990797
30
0
41
1
10
26.7320366445578
20
-1.05603863215865
30
0
41
1
10
26.6018192045631
20
-0.921626860874028
30
0
41
1
10
26.4613760791932
20
-0.778702132936701
30
0
41
1
10
26.3160999521969
20
-0.632800814148766
30
0
41
1
10
26.16601764042
20
-0.483924985517603
30
0
41
1
10
26.0111581205098
20
-0.332079112232606
30
0
41
1
10
25.8515509385185
20
-0.177269869342012
30
0
41
1
10
25.6872264058003
20
-0.0195064283083752
30
0
41
1
10
25.5182156458439
20
0.141199994570968
30
0
41
1
10
25.3445494038208
20
0.304834086522305
30
0
41
1
10
25.1662622080583
20
0.471384016340267
30
0
41
1
10
24.9833757758453
20
0.640811899114595
30
0
41
1
10
24.7959625788049
20
0.813167466407606
30
0
41
1
10
24.6692612614365
20
0.928601347634611
30
0
41
1
10
24.605240698617
20
0.986928618400981
30
0
0
SPLINE
5
1C2
100
AcDbEntity
8
1
62
256
6
ByLayer
370
18
48
1
60
0
100
AcDbSpline
70
4
71
3
72
10
73
6
40
0
40
0
40
0
40
0
40
0.4997513432313
40
0.750251956316693
40
1
40
1
40
1
40
1
41
1
10
29.0227380901755
20
-3.93183745581359
30
0
41
1
10
29.0329444022718
20
-3.94834133198248
30
0
41
1
10
29.0482297005314
20
-3.9731692349882
30
0
41
1
10
29.0716428234108
20
-4.00829575171318
30
0
41
1
10
29.0714567151458
20
-4.02717003899269
30
0
41
1
10
29.0712926101547
20
-4.03662113159089
30
0
0
SPLINE
5
1C3
100
AcDbEntity
8
1
62
256
6
ByLayer
370
18
48
1
60
0
100
AcDbSpline
70
4
71
3
72
10
73
6
40
0
40
0
40
0
40
0
40
0.765696660654958
40
0.765696660654958
40
1
40
1
40
1
40
1
41
1
10
29.0712334423811
20
-4.03988640467651
30
0
41
1
10
29.6816301710193
20
-4.30036986247802
30
0
41
1
10
30.290153043883
20
-4.54174084188304
30
0
41
1
10
31.0850100422146
20
-4.8289966200949
30
0
41
1
10
31.2712565004239
20
-4.89429633247809
30
0
41
1
10
31.4575680706632
20
-4.95752541617628
30
0
0
SPLINE
5
1C4
100
AcDbEntity
8
1
62
256
6
ByLayer
370
18
48
1
60
0
100
AcDbSpline
70
4
71
3
72
18
73
14
40
0
40
0
40
0
40
0
40
0.251076615293489
40
0.251076615293489
40
0.438307461470111
40
0.438307461470111
40
0.461711317242185
40
0.461711317242185
40
0.485115173014259
40
0.531922884558415
40
0.625538307646732
40
0.625538307646732
40
1
40
1
40
1
40
1
41
1
10
77.5490444083746
20
5.83179183600268
30
0
41
1
10
78.3563529243302
20
5.67297030158156
30
0
41
1
10
79.1627746184833
20
5.46810684125492
30
0
41
1
10
80.5769254916447
20
5.03573707795957
30
0
41
1
10
81.1830324295589
20
4.82724233602963
30
0
41
1
10
81.8693892164839
20
4.56756341827611
30
0
41
1
10
81.9457043923565
20
4.53836449472556
30
0
41
1
10
82.0981277174855
20
4.47940887191416
30
0
41
1
10
82.3265785984187
20
4.39009120571069
30
0
41
1
10
82.8584242968046
20
4.17562481228092
30
0
41
1
10
83.3125038357197
20
3.98185651948833
30
0
41
1
10
84.8233420949222
20
3.31581642872166
30
0
41
1
10
86.0232055990929
20
2.71853389462166
30
0
41
1
10
87.2293031763874
20
2.08110915926955
30
0
0
SPLINE
5
1C5
100
AcDbEntity
8
1
62
256
6
ByLayer
370
18
48
1
60
0
100
AcDbSpline
70
4
71
3
72
26
73
22
40
0
40
0
40
0
40
0
40
0.0312499999999769
40
0.0312499999999769
40
0.0624999999999539
40
0.0624999999999539
40
0.124999999999963
40
0.124999999999963
40
0.249999999999925
40
0.249999999999925
40
0.312499999999906
40
0.312499999999906
40
0.374999999999886
40
0.499999999999909
40
0.499999999999909
40
0.749999999999892
40
0.749999999999892
40
0.812499999999903
40
0.812499999999903
40
0.874999999999914
40
1
40
1
40
1
40
1
41
1
10
87.2293031763873
20
2.0811091592696
30
0
41
1
10
87.2408557225025
20
2.08679453466129
30
0
41
1
10
87.2524677604028
20
2.09243203094815
30
0
41
1
10
87.2758097513941
20
2.10366355265344
30
0
41
1
10
87.2875391622316
20
2.1092705822943
30
0
41
1
10
87.3229159840652
20
2.12589347371542
30
0
41
1
10
87.3467457400693
20
2.13681304503919
30
0
41
1
10
87.419003252289
20
2.16914882408628
30
0
41
1
10
87.4682013408623
20
2.19008599028354
30
0
41
1
10
87.5437187725436
20
2.22016781410824
30
0
41
1
10
87.5690534431727
20
2.22992279128542
30
0
41
1
10
87.6198291077677
20
2.24874915111226
30
0
41
1
10
87.6962606025517
20
2.27600632471106
30
0
41
1
10
87.77355140847
20
2.30010544602934
30
0
41
1
10
87.9294337475366
20
2.34350268493281
30
0
41
1
10
88.0350829223977
20
2.36605793041602
30
0
41
1
10
88.1698922320271
20
2.3840457132446
30
0
41
1
10
88.1969579876695
20
2.38712402380406
30
0
41
1
10
88.2509579047843
20
2.39216670679181
30
0
41
1
10
88.3319086654533
20
2.39808011133078
30
0
41
1
10
88.4127689452238
20
2.39892053515735
30
0
41
1
10
88.4666834146295
20
2.39710144280272
30
0
0
SPLINE
5
1C6
100
AcDbEntity
8
1
62
256
6
ByLayer
370
18
48
1
60
0
100
AcDbSpline
70
4
71
3
72
54
73
50
40
0
40
0
40
0
40
0
40
0.062500000000008
40
0.062500000000008
40
0.125000000000016
40
0.125000000000016
40
0.140625000000018
40
0.140625000000018
40
0.15625000000002
40
0.15625000000002
40
0.187500000000023
40
0.25000000000003
40
0.25000000000003
40
0.281250000000034
40
0.296875000000033
40
0.296875000000033
40
0.312500000000032
40
0.312500000000032
40
0.375000000000035
40
0.375000000000035
40
0.437500000000039
40
0.437500000000039
40
0.453125000000037
40
0.453125000000037
40
0.468750000000035
40
0.468750000000035
40
0.500000000000021
40
0.500000000000021
40
0.56249999999998
40
0.56249999999998
40
0.62499999999994
40
0.62499999999994
40
0.640624999999937
40
0.640624999999937
40
0.656249999999933
40
0.656249999999933
40
0.687499999999939
40
0.687499999999939
40
0.749999999999951
40
0.749999999999951
40
0.812499999999964
40
0.812499999999964
40
0.874999999999976
40
0.874999999999976
40
0.937499999999988
40
0.937499999999988
40
0.968749999999994
40
0.968749999999994
40
1
40
1
40
1
40
1
41
1
10
91.8413250070436
20
3.19276204314528
30
0
41
1
10
91.8546483397313
20
3.15660560801851
30
0
41
1
10
91.8642126211235
20
3.12071509467333
30
0
41
1
10
91.8739134098668
20
3.0496010050029
30
0
41
1
10
91.874056261039
20
3.01437697990482
30
0
41
1
10
91.8668232241489
20
2.97087125797862
30
0
41
1
10
91.8650044459637
20
2.96219644159913
30
0
41
1
10
91.8605774509346
20
2.94490265509441
30
0
41
1
10
91.8579647749602
20
2.93627276316965
30
0
41
1
10
91.8489165665322
20
2.9105936018988
30
0
41
1
10
91.8259754122178
20
2.86001422605469
30
0
41
1
10
91.7874839581472
20
2.81193505888959
30
0
41
1
10
91.7372045627866
20
2.76575118079168
30
0
41
1
10
91.7091167815111
20
2.74313324059196
30
0
41
1
10
91.6763302602323
20
2.72127077332348
30
0
41
1
10
91.653396965912
20
2.70686873445558
30
0
41
1
10
91.6413739630665
20
2.69974543636411
30
0
41
1
10
91.5790684605873
20
2.6648806710698
30
0
41
1
10
91.5218624872405
20
2.63915907276399
30
0
41
1
10
91.3935394074072
20
2.5918169210822
30
0
41
1
10
91.3224250836502
20
2.57019554734907
30
0
41
1
10
91.2253971192914
20
2.54556707084703
30
0
41
1
10
91.2055848542945
20
2.54076126374261
30
0
41
1
10
91.1651610722536
20
2.53138527150099
30
0
41
1
10
91.1445372291628
20
2.52681331989965
30
0
41
1
10
91.0819663494464
20
2.51354105937887
30
0
41
1
10
91.0391725361204
20
2.50524678694325
30
0
41
1
10
90.9078342406618
20
2.48188060614848
30
0
41
1
10
90.8163396181058
20
2.46832188999903
30
0
41
1
10
90.6266630084719
20
2.44463455472743
30
0
41
1
10
90.5284780615813
20
2.43450745375895
30
0
41
1
10
90.4021263391154
20
2.42370563192563
30
0
41
1
10
90.3766743882672
20
2.42163841747129
30
0
41
1
10
90.3254191559391
20
2.41768419380657
30
0
41
1
10
90.2995884160455
20
2.41579534831624
30
0
41
1
10
90.2218278846653
20
2.41040694692063
30
0
41
1
10
90.1696368834594
20
2.40718443727664
30
0
41
1
10
90.0121089880227
20
2.39852384378824
30
0
41
1
10
89.9058212063863
20
2.39408847272455
30
0
41
1
10
89.6911060045254
20
2.38747398401478
30
0
41
1
10
89.5826771560568
20
2.38529637245509
30
0
41
1
10
89.3639627589244
20
2.38289904361974
30
0
41
1
10
89.2536763531771
20
2.38268023014024
30
0
41
1
10
89.0314516272109
20
2.38398455048628
30
0
41
1
10
88.9195127794271
20
2.38550824062997
30
0
41
1
10
88.7504755189614
20
2.38898429691321
30
0
41
1
10
88.6939411916443
20
2.39034183384209
30
0
41
1
10
88.5805093795905
20
2.39343985796714
30
0
41
1
10
88.5235781364195
20
2.39518179572897
30
0
41
1
10
88.4666834146349
20
2.39710144280252
30
0
0
SPLINE
5
1C7
100
AcDbEntity
8
1
62
256
6
ByLayer
370
18
48
1
60
0
100
AcDbSpline
70
4
71
3
72
8
73
4
40
0
40
0
40
0
40
0
40
1
40
1
40
1
40
1
41
1
10
91.4059730064146
20
3.58920503842575
30
0
41
1
10
91.4062199703693
20
3.59067820969
30
0
41
1
10
91.4064687922494
20
3.59213661441564
30
0
41
1
10
91.4067194572993
20
3.59358032599502
30
0
0
SPLINE
5
1C8
100
AcDbEntity
8
1
62
256
6
ByLayer
370
18
48
1
60
0
100
AcDbSpline
70
4
71
3
72
8
73
4
40
0
40
0
40
0
40
0
40
1
40
1
40
1
40
1
41
1
10
91.3709784028482
20
-7.89312569074605
30
0
41
1
10
91.3826884293827
20
-7.95041804200628
30
0
41
1
10
91.3943542910865
20
-8.007494312886
30
0
41
1
10
91.4059730064146
20
-8.0643399159097
30
0
0
SPLINE
5
1C9
100
AcDbEntity
8
1
62
256
6
ByLayer
370
18
48
1
60
0
100
AcDbSpline
70
4
71
3
72
8
73
4
40
0
40
0
40
0
40
0
40
1
40
1
40
1
40
1
41
1
10
91.3709784028482
20
3.8400428392078
30
0
41
1
10
91.3828558275075
20
3.75873405078357
30
0
41
1
10
91.394736497368
20
3.67681612218837
30
0
41
1
10
91.4066204084249
20
3.59428980513019
30
0
0
SPLINE
5
1CA
100
AcDbEntity
8
1
62
256
6
ByLayer
370
18
48
1
60
0
100
AcDbSpline
70
4
71
3
72
12
73
8
40
0
40
0
40
0
40
0
40
0.250186841766993
40
0.250186841766993
40
0.500373693516233
40
0.500373693516233
40
1
40
1
40
1
40
1
41
1
10
91.3709784028483
20
3.84004283920768
30
0
41
1
10
91.3731753098295
20
3.83803585312919
30
0
41
1
10
91.375368800712
20
3.83602572674184
30
0
41
1
10
91.379748851726
20
3.83199916270374
30
0
41
1
10
91.3819354173212
20
3.8299827200303
30
0
41
1
10
91.3884780455739
20
3.82392991331622
30
0
41
1
10
91.392823654312
20
3.81988402865466
30
0
41
1
10
91.3971548905715
20
3.81582532680125
30
0
0
SPLINE
5
1CB
100
AcDbEntity
8
1
62
256
6
ByLayer
370
13
48
1
60
0
100
AcDbSpline
70
4
71
3
72
8
73
4
40
0
40
0
40
0
40
0
40
1
40
1
40
1
40
1
41
1
10
91.4317581974501
20
3.56779230134606
30
0
41
1
10
91.4202670748014
20
3.65015951342869
30
0
41
1
10
91.408731723689
20
3.73284375069369
30
0
41
1
10
91.3971548905709
20
3.81582532680562
30
0
0
SPLINE
5
1CC
100
AcDbEntity
8
1
62
256
6
ByLayer
370
18
48
1
60
0
100
AcDbSpline
70
4
71
3
72
8
73
4
40
0
40
0
40
0
40
0
40
1
40
1
40
1
40
1
41
1
10
91.3709784028481
20
-7.89312569074602
30
0
41
1
10
91.3828558275075
20
-7.95753251099023
30
0
41
1
10
91.3947364973679
20
-8.02099153132809
30
0
41
1
10
91.4066204084248
20
-8.08350392138999
30
0
0
SPLINE
5
1CD
100
AcDbEntity
8
1
62
256
6
ByLayer
370
18
48
1
60
0
100
AcDbSpline
70
4
71
3
72
8
73
4
40
0
40
0
40
0
40
0
40
1
40
1
40
1
40
1
41
1
10
33.4698768328751
20
5.29224435476999
30
0
41
1
10
33.3286628245299
20
5.40012815016493
30
0
41
1
10
33.1874488161848
20
5.50672837359775
30
0
41
1
10
33.0462348078397
20
5.61196748906846
30
0
0
SPLINE
5
1CE
100
AcDbEntity
8
1
62
256
6
ByLayer
370
18
48
1
60
0
100
AcDbSpline
70
4
71
3
72
10
73
6
40
0
40
0
40
0
40
0
40
0.5
40
0.5
40
1
40
1
40
1
40
1
41
1
10
30.0001336417244
20
7.6440119461958
30
0
41
1
10
30.5078171694071
20
7.34927192703958
30
0
41
1
10
31.0155006970915
20
7.03053849281503
30
0
41
1
10
32.0308677524633
20
6.35106249344585
30
0
41
1
10
32.5385512801507
20
5.99032393034994
30
0
41
1
10
33.0462348078397
20
5.61196748906846
30
0
0
SPLINE
5
1CF
100
AcDbEntity
8
1
62
256
6
ByLayer
370
18
48
1
60
0
100
AcDbSpline
70
4
71
3
72
14
73
10
40
0
40
0
40
0
40
0
40
0.25
40
0.25
40
0.5
40
0.5
40
0.75
40
0.75
40
1
40
1
40
1
40
1
41
1
10
49.4698530986631
20
3.15819443002945
30
0
41
1
10
49.0178360190312
20
3.54436343420915
30
0
41
1
10
48.5658189393993
20
3.92267452155013
30
0
41
1
10
47.6617847801359
20
4.65795345801749
30
0
41
1
10
47.2097677005042
20
5.01491858517318
30
0
41
1
10
46.305733541241
20
5.70219026373934
30
0
41
1
10
45.8537164616094
20
6.03249426921084
30
0
41
1
10
44.9496823023467
20
6.66152529246335
30
0
41
1
10
44.4976652227153
20
6.96024998073747
30
0
41
1
10
44.0456481430841
20
7.24096204921554
30
0
0
SPLINE
5
1D0
100
AcDbEntity
8
1
62
256
6
ByLayer
370
18
48
1
60
0
100
AcDbSpline
70
4
71
3
72
8
73
4
40
0
40
0
40
0
40
0
40
1
40
1
40
1
40
1
41
1
10
44.0456481430841
20
7.24096204921554
30
0
41
1
10
43.4785835643679
20
7.59310717657994
30
0
41
1
10
42.9115189856539
20
7.91687601261359
30
0
41
1
10
42.3444544069417
20
8.20848387463928
30
0
0
SPLINE
5
1D1
100
AcDbEntity
8
1
62
256
6
ByLayer
370
18
48
1
60
0
100
AcDbSpline
70
4
71
3
72
14
73
10
40
0
40
0
40
0
40
0
40
0.25
40
0.25
40
0.5
40
0.5
40
0.75
40
0.75
40
1
40
1
40
1
40
1
41
1
10
85.4696433512045
20
-9.99198007925062
30
0
41
1
10
84.8465116118937
20
-10.0146103145792
30
0
41
1
10
84.223379872584
20
-9.98994739539091
30
0
41
1
10
82.9771163939655
20
-9.8467303906763
30
0
41
1
10
82.3539846546573
20
-9.72817821804392
30
0
41
1
10
81.1077211760428
20
-9.40053047981948
30
0
41
1
10
80.484589436736
20
-9.19143929043966
30
0
41
1
10
79.238325958125
20
-8.68862054019607
30
0
41
1
10
78.61519421882
20
-8.39489969262354
30
0
41
1
10
77.9920624795162
20
-8.06301031435692
30
0
0
SPLINE
5
1D2
100
AcDbEntity
8
1
62
256
6
ByLayer
370
18
48
1
60
0
100
AcDbSpline
70
4
71
3
72
8
73
4
40
0
40
0
40
0
40
0
40
1
40
1
40
1
40
1
41
1
10
77.9920624795162
20
-8.06301031435692
30
0
41
1
10
77.4680431227388
20
-7.78386513358771
30
0
41
1
10
76.9440237659719
20
-7.47775456330839
30
0
41
1
10
76.4200044092155
20
-7.14773672544038
30
0
0
SPLINE
5
1D3
100
AcDbEntity
8
1
62
256
6
ByLayer
370
18
48
1
60
0
100
AcDbSpline
70
4
71
3
72
22
73
18
40
0
40
0
40
0
40
0
40
0.124999999999998
40
0.124999999999998
40
0.249999999999998
40
0.249999999999998
40
0.374999999999998
40
0.374999999999998
40
0.499999999999999
40
0.499999999999999
40
0.624999999999999
40
0.624999999999999
40
0.749999999999999
40
0.749999999999999
40
0.875
40
0.875
40
1
40
1
40
1
40
1
41
1
10
76.4200044092155
20
-7.14773672544038
30
0
41
1
10
76.0121266370431
20
-6.89088487414452
30
0
41
1
10
75.604248864871
20
-6.61955844118987
30
0
41
1
10
74.7884933205267
20
-6.05124409509674
30
0
41
1
10
74.3806155483546
20
-5.75425757780499
30
0
41
1
10
73.564860004011
20
-5.13822444524644
30
0
41
1
10
73.1569822318392
20
-4.81917934316019
30
0
41
1
10
72.3412266874959
20
-4.16289793136337
30
0
41
1
10
71.9333489153245
20
-3.82566323120278
30
0
41
1
10
71.1175933709816
20
-3.13709210154491
30
0
41
1
10
70.7097155988102
20
-2.78575736000036
30
0
41
1
10
69.8939600544679
20
-2.07324661759185
30
0
41
1
10
69.4860822822969
20
-1.71207236517651
30
0
41
1
10
68.670326737955
20
-0.984262401820018
30
0
41
1
10
68.2624489657841
20
-0.617628477304407
30
0
41
1
10
67.4466934214426
20
0.116654810367208
30
0
41
1
10
67.038815649272
20
0.484302371346956
30
0
41
1
10
66.6309378771015
20
0.85022849037631
30
0
0
SPLINE
5
1D4
100
AcDbEntity
8
1
62
256
6
ByLayer
370
18
48
1
60
0
100
AcDbSpline
70
4
71
3
72
8
73
4
40
0
40
0
40
0
40
0
40
1
40
1
40
1
40
1
41
1
10
65.4697345559952
20
1.885456669077
30
0
41
1
10
65.2759447999792
20
2.0568163158147
30
0
41
1
10
65.0821550439634
20
2.22731455697121
30
0
41
1
10
64.8883652879475
20
2.39671789124472
30
0
0
SPLINE
5
1D5
100
AcDbEntity
8
1
62
256
6
ByLayer
370
18
48
1
60
0
100
AcDbSpline
70
4
71
5
72
15
73
9
40
0
40
0
40
0
40
0
40
0
40
0
40
0.196480584201248
40
0.580277761125094
40
0.836142545740992
40
1
40
1
40
1
40
1
40
1
40
1
41
1
10
64.8883656645598
20
2.39671699457233
30
0
41
1
10
64.7953343683968
20
2.47804132681199
30
0
41
1
10
64.5205795244435
20
2.71760046517716
30
0
41
1
10
64.1246756486301
20
3.05999817923578
30
0
41
1
10
63.651187153361
20
3.46392796268827
30
0
41
1
10
63.1776986580917
20
3.85991942775439
30
0
41
1
10
62.7972414589857
20
4.17220698763558
30
0
41
1
10
62.5985078076698
20
4.33361412701586
30
0
41
1
10
62.5209231882141
20
4.39635848188703
30
0
0
SPLINE
5
1D6
100
AcDbEntity
8
1
62
256
6
ByLayer
370
18
48
1
60
0
100
AcDbSpline
70
4
71
5
72
16
73
10
40
0
40
0
40
0
40
0
40
0
40
0
40
0.0794468592962215
40
0.410848371357072
40
0.742249883417924
40
0.963184224791824
40
1
40
1
40
1
40
1
40
1
40
1
41
1
10
62.5209231228715
20
4.39635883131652
30
0
41
1
10
62.4773585505728
20
4.43159044385513
30
0
41
1
10
62.2520704304837
20
4.61334855266384
30
0
41
1
10
61.8450587626045
20
4.93757785644908
30
0
41
1
10
61.3168980628651
20
5.34795187178446
30
0
41
1
10
60.768549485153
20
5.75848817369942
30
0
41
1
10
60.2637654797396
20
6.1211972257226
30
0
41
1
10
59.9407050221165
20
6.3466960932106
30
0
41
1
10
59.7993681122836
20
6.44404776427777
30
0
41
1
10
59.7791802343108
20
6.45792633207534
30
0
0
SPLINE
5
1D7
100
AcDbEntity
8
1
62
256
6
ByLayer
370
18
48
1
60
0
100
AcDbSpline
70
4
71
3
72
14
73
10
40
0
40
0
40
0
40
0
40
0.25
40
0.25
40
0.5
40
0.5
40
0.75
40
0.75
40
1
40
1
40
1
40
1
41
1
10
59.7791802343108
20
6.45792633207537
30
0
41
1
10
59.3766584929964
20
6.73464678097875
30
0
41
1
10
58.9741367516818
20
6.99862942204797
30
0
41
1
10
58.1690932690531
20
7.49800380001449
30
0
41
1
10
57.7665715277386
20
7.73339437545374
30
0
41
1
10
56.9615280451099
20
8.17280444684368
30
0
41
1
10
56.5590063037955
20
8.37682291721745
30
0
41
1
10
55.7539628211671
20
8.75107911106045
30
0
41
1
10
55.3514410798528
20
8.92131596123863
30
0
41
1
10
54.9489193385386
20
9.07365708920563
30
0
0
SPLINE
5
1D8
100
AcDbEntity
8
1
62
256
6
ByLayer
370
18
48
1
60
0
100
AcDbSpline
70
4
71
3
72
15
73
11
40
0
40
0
40
0
40
0
40
0.125
40
0.25
40
0.375
40
0.5
40
0.625
40
0.75
40
0.875
40
1
40
1
40
1
40
1
41
1
10
54.9489193385386
20
9.07365708920563
30
0
41
1
10
54.6023324934699
20
9.20483289183042
30
0
41
1
10
53.9091588033322
20
9.44065553303773
30
0
41
1
10
52.8693982681265
20
9.7117056289197
30
0
41
1
10
51.8296377329208
20
9.8976974088489
30
0
41
1
10
50.7898771977154
20
9.99700174795424
30
0
41
1
10
49.7501166625102
20
10.0087487608042
30
0
41
1
10
48.7103561273056
20
9.93283540911821
30
0
41
1
10
47.6705955921012
20
9.76992642323339
30
0
41
1
10
46.9774219019652
20
9.60427439911564
30
0
41
1
10
46.6308350568972
20
9.50754955625766
30
0
0
SPLINE
5
1D9
100
AcDbEntity
8
1
62
256
6
ByLayer
370
18
48
1
60
0
100
AcDbSpline
70
4
71
3
72
10
73
6
40
0
40
0
40
0
40
0
40
0.5
40
0.5
40
1
40
1
40
1
40
1
41
1
10
81.4696697264177
20
-0.466689300167928
30
0
41
1
10
80.8900685186366
20
0.0546249234324989
30
0
41
1
10
80.3104673108562
20
0.577846060600422
30
0
41
1
10
79.1512648952967
20
1.61532408710934
30
0
41
1
10
78.5716636875175
20
2.12957059902843
30
0
41
1
10
77.9920624797396
20
2.63304511982997
30
0
0
SPLINE
5
1DA
100
AcDbEntity
8
1
62
256
6
ByLayer
370
18
48
1
60
0
100
AcDbSpline
70
4
71
3
72
8
73
4
40
0
40
0
40
0
40
0
40
1
40
1
40
1
40
1
41
1
10
77.9920624797396
20
2.63304511982997
30
0
41
1
10
77.4680431431485
20
3.08823161189267
30
0
41
1
10
76.9440238065679
20
3.53460202421312
30
0
41
1
10
76.4200044699978
20
3.96769816762796
30
0
0
SPLINE
5
1DB
100
AcDbEntity
8
1
62
256
6
ByLayer
370
18
48
1
60
0
100
AcDbSpline
70
4
71
3
72
22
73
18
40
0
40
0
40
0
40
0
40
0.125
40
0.125
40
0.25
40
0.25
40
0.375
40
0.375
40
0.5
40
0.5
40
0.625
40
0.625
40
0.75
40
0.75
40
0.875
40
0.875
40
1
40
1
40
1
40
1
41
1
10
76.4200044699978
20
3.96769816762796
30
0
41
1
10
75.9395195040346
20
4.36482226930698
30
0
41
1
10
75.4590345380716
20
4.75078878799809
30
0
41
1
10
74.498064606146
20
5.49392140570075
30
0
41
1
10
74.0175796401833
20
5.85108399405638
30
0
41
1
10
73.0566097082583
20
6.53060047848808
30
0
41
1
10
72.5761247422959
20
6.85295116684659
30
0
41
1
10
71.6151548103715
20
7.45742113500114
30
0
41
1
10
71.1346698444095
20
7.73953756353561
30
0
41
1
10
70.1736999124858
20
8.25879307186676
30
0
41
1
10
69.6932149465241
20
8.49592970157661
30
0
41
1
10
68.7322450146008
20
8.92123628349893
30
0
41
1
10
68.2517600486394
20
9.10940422574416
30
0
41
1
10
67.2907901167171
20
9.43360780988249
30
0
41
1
10
66.8103051507559
20
9.56964191960591
30
0
41
1
10
65.8493352188341
20
9.78728917715284
30
0
41
1
10
65.3688502528734
20
9.86890129570955
30
0
41
1
10
64.8883652869127
20
9.92261632921654
30
0
0
SPLINE
5
1DC
100
AcDbEntity
8
1
62
256
6
ByLayer
370
18
48
1
60
0
100
AcDbSpline
70
4
71
3
72
12
73
8
40
0
40
0
40
0
40
0
40
0.25
40
0.25
40
0.5
40
0.75
40
1
40
1
40
1
40
1
41
1
10
37.469410690292
20
-8.71899937975601
30
0
41
1
10
37.1008127000907
20
-8.55647884796628
30
0
41
1
10
36.7322147098892
20
-8.3795408879202
30
0
41
1
10
35.9950187294865
20
-7.99858158175363
30
0
41
1
10
35.2578227490835
20
-7.59054014075738
30
0
41
1
10
34.1520287784795
20
-6.90329165165704
30
0
41
1
10
33.4148327980768
20
-6.39954020188728
30
0
41
1
10
33.0462348078754
20
-6.13751552108747
30
0
0
SPLINE
5
1DD
100
AcDbEntity
8
1
62
256
6
ByLayer
370
18
48
1
60
0
100
AcDbSpline
70
4
71
3
72
10
73
6
40
0
40
0
40
0
40
0
40
0.5
40
0.5
40
1
40
1
40
1
40
1
41
1
10
30.0001258053003
20
-3.76982694901679
30
0
41
1
10
30.5078106390599
20
-4.19321808107941
30
0
41
1
10
31.0154954728206
20
-4.60477022676679
30
0
41
1
10
32.0308651403458
20
-5.39647883009224
30
0
41
1
10
32.5385499741099
20
-5.77663062538414
30
0
41
1
10
33.0462348078754
20
-6.13751552108747
30
0
0
SPLINE
5
1DE
100
AcDbEntity
8
1
62
256
6
ByLayer
370
18
48
1
60
0
100
AcDbSpline
70
4
71
3
72
20
73
16
40
0
40
0
40
0
40
0
40
0.250000000000025
40
0.250000000000025
40
0.500000000000051
40
0.500000000000051
40
0.625000000000063
40
0.625000000000063
40
0.750000000000075
40
0.750000000000075
40
0.875000000000087
40
0.875000000000087
40
0.937500000000044
40
0.937500000000044
40
1
40
1
40
1
40
1
41
1
10
91.4317581974501
20
3.56779230134586
30
0
41
1
10
91.4669605136025
20
3.53855177124856
30
0
41
1
10
91.502032874156
20
3.50871066982827
30
0
41
1
10
91.5719840744275
20
3.44785541805228
30
0
41
1
10
91.6068630515031
20
3.41684261704469
30
0
41
1
10
91.6590513239673
20
3.36933325061327
30
0
41
1
10
91.6764256003023
20
3.35332944723001
30
0
41
1
10
91.7111237290624
20
3.32093800600856
30
0
41
1
10
91.7281933965948
20
3.30478727355811
30
0
41
1
10
91.7617166109568
20
3.27258265020663
30
0
41
1
10
91.7781710167932
20
3.2565287436351
30
0
41
1
10
91.8023183380404
20
3.23252478177324
30
0
41
1
10
91.8102778683804
20
3.22453628825906
30
0
41
1
10
91.8259983867164
20
3.20858565571831
30
0
41
1
10
91.8337678871473
20
3.20061401494638
30
0
41
1
10
91.8413250070328
20
3.19276204315383
30
0
0
SPLINE
5
1DF
100
AcDbEntity
8
1
62
256
6
ByLayer
370
18
48
1
60
0
100
AcDbSpline
70
4
71
3
72
12
73
8
40
0
40
0
40
0
40
0
40
0.267452228787979
40
0.267452228787979
40
0.534904457578345
40
0.534904457578345
40
1
40
1
40
1
40
1
41
1
10
91.4059730064146
20
3.58920503842572
30
0
41
1
10
91.4082720373258
20
3.58729634869295
30
0
41
1
10
91.410570998735
20
3.58538758685108
30
0
41
1
10
91.415168781643
20
3.58156991806311
30
0
41
1
10
91.4174676031444
20
3.57966101111489
30
0
41
1
10
91.4237638490102
20
3.57443234276567
30
0
41
1
10
91.4277611308782
20
3.57111243360339
30
0
41
1
10
91.43175819745
20
3.56779230134598
30
0
0
SPLINE
5
1E0
100
AcDbEntity
8
1
62
256
6
ByLayer
370
18
48
1
60
0
100
AcDbSpline
70
4
71
3
72
8
73
4
40
0
40
0
40
0
40
0
40
1
40
1
40
1
40
1
41
1
10
91.406499573348
20
3.59376509032049
30
0
41
1
10
90.8250517703573
20
4.08234282036082
30
0
41
1
10
90.2436039673867
20
4.55611860361145
30
0
41
1
10
89.6621561644361
20
5.00926994724091
30
0
0
SPLINE
5
1E1
100
AcDbEntity
8
1
62
256
6
ByLayer
370
18
48
1
60
0
100
AcDbSpline
70
4
71
3
72
10
73
6
40
0
40
0
40
0
40
0
40
0.5
40
0.5
40
1
40
1
40
1
40
1
41
1
10
89.6621561644361
20
5.00926994724091
30
0
41
1
10
89.165826155611
20
5.39605796849355
30
0
41
1
10
88.669496146789
20
5.76781201945471
30
0
41
1
10
87.6768361291521
20
6.47458839154876
30
0
41
1
10
87.1805061203369
20
6.8096069108347
30
0
41
1
10
86.6841761115251
20
7.12325318230239
30
0
0
SPLINE
5
1E2
100
AcDbEntity
8
1
62
256
6
ByLayer
370
18
48
1
60
0
100
AcDbSpline
70
4
71
3
72
15
73
11
40
0
40
0
40
0
40
0
40
0.125
40
0.25
40
0.375
40
0.5
40
0.625
40
0.75
40
0.875
40
1
40
1
40
1
40
1
41
1
10
86.6841761115251
20
7.12325318230239
30
0
41
1
10
86.3486275896021
20
7.33530997727456
30
0
41
1
10
85.6775305457567
20
7.73990388767353
30
0
41
1
10
84.6708849799898
20
8.28325495312768
30
0
41
1
10
83.6642394142243
20
8.75860473143376
30
0
41
1
10
82.6575938484607
20
9.16205047761125
30
0
41
1
10
81.6509482826983
20
9.49027974149004
30
0
41
1
10
80.6443027169374
20
9.74059756846543
30
0
41
1
10
79.637657151178
20
9.91094862554124
30
0
41
1
10
78.9665601073393
20
9.97027229026168
30
0
41
1
10
78.6310115854203
20
9.98625136151213
30
0
0
SPLINE
5
1E3
100
AcDbEntity
8
1
62
256
6
ByLayer
370
18
48
1
60
0
100
AcDbSpline
70
4
71
1
72
4
73
2
40
0
40
0
40
1
40
1
41
1
10
91.972017773118
20
-7.75250163433196
30
0
41
1
10
91.9729189402871
20
-7.76616176056328
30
0
0
SPLINE
5
1E4
100
AcDbEntity
8
1
62
256
6
ByLayer
370
18
48
1
60
0
100
AcDbSpline
70
4
71
1
72
4
73
2
40
0
40
0
40
1
40
1
41
1
10
91.9720177731183
20
3.25325940485928
30
0
41
1
10
91.9729189402873
20
3.25951547158263
30
0
0
SPLINE
5
1E5
100
AcDbEntity
8
1
62
256
6
ByLayer
370
18
48
1
60
0
100
AcDbSpline
70
4
71
1
72
4
73
2
40
0
40
0
40
1
40
1
41
1
10
91.9720177731186
20
9.47257173712714
30
0
41
1
10
91.9729189402867
20
9.48958137675427
30
0
0
SPLINE
5
1E6
100
AcDbEntity
8
1
62
256
6
ByLayer
370
18
48
1
60
0
100
AcDbSpline
70
4
71
1
72
4
73
2
40
0
40
0
40
1
40
1
41
1
10
91.9720177731195
20
-7.86187223187292
30
0
41
1
10
91.9729189402871
20
-7.87623126626605
30
0
0
SPLINE
5
1E7
100
AcDbEntity
8
1
62
256
6
ByLayer
370
18
48
1
60
0
100
AcDbSpline
70
4
71
3
72
28
73
24
40
0
40
0
40
0
40
0
40
0.0312499999999984
40
0.0312499999999984
40
0.0624999999999967
40
0.0624999999999967
40
0.124999999999993
40
0.124999999999993
40
0.249999999999956
40
0.249999999999956
40
0.312499999999952
40
0.312499999999952
40
0.374999999999948
40
0.374999999999948
40
0.499999999999941
40
0.499999999999941
40
0.624999999999935
40
0.624999999999935
40
0.687499999999945
40
0.687499999999945
40
0.749999999999956
40
0.749999999999956
40
1
40
1
40
1
40
1
41
1
10
23.3743804908173
20
9.36574482840282
30
0
41
1
10
23.3881141914176
20
9.36623849138215
30
0
41
1
10
23.401985774602
20
9.36667240532265
30
0
41
1
10
23.4296680332016
20
9.36742027056175
30
0
41
1
10
23.44351623055
20
9.36773571828167
30
0
41
1
10
23.4850804216189
20
9.36852147121661
30
0
41
1
10
23.5128159425859
20
9.36883194694644
30
0
41
1
10
23.5960911607383
20
9.36920715208365
30
0
41
1
10
23.6516989413698
20
9.36872188275308
30
0
41
1
10
23.7352251351226
20
9.36705360124776
30
0
41
1
10
23.7629110572995
20
9.36634191791026
30
0
41
1
10
23.8176754993265
20
9.36464064291991
30
0
41
1
10
23.8448093629617
20
9.36364984901294
30
0
41
1
10
23.9255316971018
20
9.36028055358452
30
0
41
1
10
23.9784447289716
20
9.35750770471137
30
0
41
1
10
24.0826891733813
20
9.35095060361883
30
0
41
1
10
24.134018810702
20
9.34716538075267
30
0
41
1
10
24.2099112868053
20
9.34070356747029
30
0
41
1
10
24.2349308718383
20
9.33842596892435
30
0
41
1
10
24.2842000733848
20
9.33364522247476
30
0
41
1
10
24.3084893303903
20
9.33113871310553
30
0
41
1
10
24.4282944436787
20
9.3180185357574
30
0
41
1
10
24.5189481496395
20
9.30566142117522
30
0
41
1
10
24.6049329054808
20
9.29118545909782
30
0
0
SPLINE
5
1E8
100
AcDbEntity
8
1
62
256
6
ByLayer
370
18
48
1
60
0
100
AcDbSpline
70
4
71
3
72
20
73
16
40
0
40
0
40
0
40
0
40
0.197204620989325
40
0.197204620989325
40
0.394409241978649
40
0.394409241978649
40
0.493011552473309
40
0.493011552473309
40
0.59161386296797
40
0.59161386296797
40
0.788818483957286
40
0.788818483957286
40
0.986023104946603
40
0.986023104946603
40
1
40
1
40
1
40
1
41
1
10
27.4674494215711
20
8.48024532542829
30
0
41
1
10
27.2999214290866
20
8.60882976310671
30
0
41
1
10
27.1344207818582
20
8.7261065890313
30
0
41
1
10
26.8075351893237
20
8.93761326658603
30
0
41
1
10
26.6460841559633
20
9.03183193544075
30
0
41
1
10
26.4069922110161
20
9.15508813607755
30
0
41
1
10
26.327813124577
20
9.19315700542722
30
0
41
1
10
26.1704822619358
20
9.26306221701708
30
0
41
1
10
26.0928624154002
20
9.29465642645545
30
0
41
1
10
25.863177727469
20
9.37938087512188
30
0
41
1
10
25.7142982508594
20
9.42248845340015
30
0
41
1
10
25.4248062986168
20
9.48165696425039
30
0
41
1
10
25.2841796465955
20
9.49772167814325
30
0
41
1
10
25.1381208968247
20
9.49992063131484
30
0
41
1
10
25.1284750685506
20
9.49999580748747
30
0
41
1
10
25.1188502479282
20
9.50000030232917
30
0
0
SPLINE
5
1E9
100
AcDbEntity
8
1
62
256
6
ByLayer
370
18
48
1
60
0
100
AcDbSpline
70
4
71
3
72
68
73
64
40
0
40
0
40
0
40
0
40
0.124999999999991
40
0.124999999999991
40
0.156249999999987
40
0.156249999999987
40
0.187499999999984
40
0.187499999999984
40
0.249999999999976
40
0.249999999999976
40
0.312499999999968
40
0.312499999999968
40
0.37499999999996
40
0.37499999999996
40
0.390624999999958
40
0.390624999999958
40
0.406249999999956
40
0.406249999999956
40
0.43749999999995
40
0.43749999999995
40
0.499999999999938
40
0.499999999999938
40
0.531249999999932
40
0.531249999999932
40
0.546874999999928
40
0.546874999999928
40
0.562499999999924
40
0.562499999999924
40
0.593749999999917
40
0.593749999999917
40
0.62499999999991
40
0.62499999999991
40
0.640624999999906
40
0.640624999999906
40
0.656249999999903
40
0.656249999999903
40
0.687499999999897
40
0.687499999999897
40
0.718749999999891
40
0.718749999999891
40
0.72656249999989
40
0.72656249999989
40
0.73437499999989
40
0.73437499999989
40
0.74999999999989
40
0.74999999999989
40
0.812499999999891
40
0.812499999999891
40
0.820312499999889
40
0.820312499999889
40
0.828124999999887
40
0.843749999999888
40
0.843749999999888
40
0.874999999999894
40
0.874999999999894
40
0.890624999999897
40
0.890624999999897
40
0.898437499999901
40
0.898437499999901
40
0.906249999999905
40
0.937499999999936
40
0.937499999999936
40
1
40
1
40
1
40
1
41
1
10
23.5020589196099
20
-9.31671965772583
30
0
41
1
10
23.3245653369482
20
-9.36287519655824
30
0
41
1
10
23.1502005574155
20
-9.40095304596767
30
0
41
1
10
22.9387266615668
20
-9.43773625587173
30
0
41
1
10
22.8967614196968
20
-9.444549533452
30
0
41
1
10
22.8135795955321
20
-9.45705918345931
30
0
41
1
10
22.7723407097467
20
-9.46275772154388
30
0
41
1
10
22.6502683174978
20
-9.47808084343177
30
0
41
1
10
22.5709668938416
20
-9.48595402322806
30
0
41
1
10
22.417548844388
20
-9.49676287856281
30
0
41
1
10
22.3434267372928
20
-9.49970018244011
30
0
41
1
10
22.2017501397574
20
-9.50025637256121
30
0
41
1
10
22.1341851623107
20
-9.49787826356791
30
0
41
1
10
22.0550675480164
20
-9.491221121525
30
0
41
1
10
22.039512918839
20
-9.48970484190031
30
0
41
1
10
22.0089815667117
20
-9.48629066517009
30
0
41
1
10
21.9940030831376
20
-9.48439201536735
30
0
41
1
10
21.9501519607947
20
-9.47812814543505
30
0
41
1
10
21.922309169915
20
-9.473190206829
30
0
41
1
10
21.8434969971164
20
-9.45599425392373
30
0
41
1
10
21.7971856308753
20
-9.44136478189264
30
0
41
1
10
21.7400477749764
20
-9.41413313882796
30
0
41
1
10
21.7230690523504
20
-9.4041723571689
30
0
41
1
10
21.7012383260656
20
-9.3878093350427
30
0
41
1
10
21.6945690608351
20
-9.38211777327197
30
0
41
1
10
21.6825560519324
20
-9.37024059096697
30
0
41
1
10
21.6772268157246
20
-9.3640655790654
30
0
41
1
10
21.663493179451
20
-9.34492704640084
30
0
41
1
10
21.6572974719042
20
-9.33131245276383
30
0
41
1
10
21.651588224921
20
-9.3023645748338
30
0
41
1
10
21.652072024248
20
-9.2870313138958
30
0
41
1
10
21.6585363825908
20
-9.26273318864457
30
0
41
1
10
21.6616494974039
20
-9.25441740187171
30
0
41
1
10
21.6699419717087
20
-9.23735094586124
30
0
41
1
10
21.675142972635
20
-9.22857460416444
30
0
41
1
10
21.6938630509307
20
-9.20190278950724
30
0
41
1
10
21.7105027167557
20
-9.18360543516789
30
0
41
1
10
21.7525818972
20
-9.14619384572359
30
0
41
1
10
21.7780197307319
20
-9.12707932457806
30
0
41
1
10
21.8157078115792
20
-9.10282098448235
30
0
41
1
10
21.8235404043911
20
-9.09795111304064
30
0
41
1
10
21.8398072583562
20
-9.08817885339127
30
0
41
1
10
21.8482590241281
20
-9.08326684543871
30
0
41
1
10
21.8743739764855
20
-9.06857767891745
30
0
41
1
10
21.8927971915649
20
-9.05884372288358
30
0
41
1
10
21.9898506853923
20
-9.01054918046654
30
0
41
1
10
22.0832076077446
20
-8.97312112533697
30
0
41
1
10
22.2048566509299
20
-8.93345193690624
30
0
41
1
10
22.2185915723517
20
-8.92908293483785
30
0
41
1
10
22.246345870778
20
-8.9204692286668
30
0
41
1
10
22.2884640655242
20
-8.90771541745397
30
0
41
1
10
22.3319985320857
20
-8.89546324025153
30
0
41
1
10
22.4208556926415
20
-8.87163203614179
30
0
41
1
10
22.482473787142
20
-8.85664185340715
30
0
41
1
10
22.5781622265104
20
-8.83552393172502
30
0
41
1
10
22.6106030759668
20
-8.8287125768384
30
0
41
1
10
22.6600519736411
20
-8.81884071807272
30
0
41
1
10
22.6766846392946
20
-8.81560426364982
30
0
41
1
10
22.7100637940032
20
-8.80927396379673
30
0
41
1
10
22.7938514737184
20
-8.79379334400141
30
0
41
1
10
22.87926828319
20
-8.78000044374178
30
0
41
1
10
23.0870238098191
20
-8.74992836215907
30
0
41
1
10
23.2291796396207
20
-8.73391064200354
30
0
41
1
10
23.3743804908172
20
-8.72155927002009
30
0
0
SPLINE
5
1EA
100
AcDbEntity
8
1
62
256
6
ByLayer
370
18
48
1
60
0
100
AcDbSpline
70
4
71
3
72
28
73
24
40
0
40
0
40
0
40
0
40
0.0312500000000037
40
0.0312500000000037
40
0.0625000000000074
40
0.0625000000000074
40
0.125000000000015
40
0.125000000000015
40
0.250000000000029
40
0.250000000000029
40
0.312500000000021
40
0.312500000000021
40
0.375000000000013
40
0.375000000000013
40
0.500000000000028
40
0.500000000000028
40
0.625000000000042
40
0.625000000000042
40
0.687500000000035
40
0.687500000000035
40
0.750000000000028
40
0.750000000000028
40
1
40
1
40
1
40
1
41
1
10
23.3743804908172
20
-8.72155927002009
30
0
41
1
10
23.3880804083562
20
-8.72039389959511
30
0
41
1
10
23.401933828933
20
-8.71936325361446
30
0
41
1
10
23.4296797329134
20
-8.71757712551673
30
0
41
1
10
23.4435537751812
20
-8.71682189520422
30
0
41
1
10
23.4851789172311
20
-8.71493887364858
30
0
41
1
10
23.512933020824
20
-8.71419246191513
30
0
41
1
10
23.5962058449159
20
-8.71329336630288
30
0
41
1
10
23.6517349891243
20
-8.71447085522934
30
0
41
1
10
23.7350461098576
20
-8.7184440115696
30
0
41
1
10
23.7628380757595
20
-8.72014334227887
30
0
41
1
10
23.8177006211654
20
-8.72417093399437
30
0
41
1
10
23.8448681575165
20
-8.72650300701335
30
0
41
1
10
23.9256517105166
20
-8.73435424553935
30
0
41
1
10
23.9785528071629
20
-8.74072379945574
30
0
41
1
10
24.0826898030759
20
-8.75536158811335
30
0
41
1
10
24.1339237312823
20
-8.7636322264494
30
0
41
1
10
24.2096197334782
20
-8.7772814289209
30
0
41
1
10
24.2347064581547
20
-8.78204937530205
30
0
41
1
10
24.2840888083443
20
-8.79189276384258
30
0
41
1
10
24.3084236510994
20
-8.79697434009287
30
0
41
1
10
24.4284083873367
20
-8.82310610898287
30
0
41
1
10
24.5190540858571
20
-8.84629750691525
30
0
41
1
10
24.6049330678727
20
-8.8711066434517
30
0
0
SPLINE
5
1EB
100
AcDbEntity
8
1
62
256
6
ByLayer
370
18
48
1
60
0
100
AcDbSpline
70
4
71
1
72
4
73
2
40
0
40
0
40
1
40
1
41
1
10
91.9720177731184
20
3.07123940507307
30
0
41
1
10
91.9729189402858
20
3.07633231394996
30
0
0
SPLINE
5
1EC
100
AcDbEntity
8
1
62
256
6
ByLayer
370
18
48
1
60
0
100
AcDbSpline
70
4
71
3
72
22
73
18
40
0
40
0
40
0
40
0
40
0.250000000000006
40
0.250000000000006
40
0.375000000000008
40
0.375000000000008
40
0.500000000000011
40
0.500000000000011
40
0.562500000000004
40
0.562500000000004
40
0.624999999999997
40
0.624999999999997
40
0.749999999999998
40
0.749999999999998
40
0.874999999999999
40
0.874999999999999
40
1
40
1
40
1
40
1
41
1
10
29.9999999999994
20
7.64403792535228
30
0
41
1
10
29.8929803058721
20
7.69279097934469
30
0
41
1
10
29.7878515036586
20
7.73321968374168
30
0
41
1
10
29.6321220869818
20
7.78103256116998
30
0
41
1
10
29.5804941230163
20
7.79482235591703
30
0
41
1
10
29.4785229914421
20
7.81773381998406
30
0
41
1
10
29.4280893928365
20
7.82688824183376
30
0
41
1
10
29.3531743598479
20
7.83700945699562
30
0
41
1
10
29.3283254312548
20
7.83978037857952
30
0
41
1
10
29.2788596160425
20
7.84407586428156
30
0
41
1
10
29.2542134655768
20
7.84560061652149
30
0
41
1
10
29.1809357513785
20
7.84822129472263
30
0
41
1
10
29.1329017308977
20
7.84738073537377
30
0
41
1
10
29.0383764550735
20
7.84022406356223
30
0
41
1
10
28.9918852202449
20
7.83390979531561
30
0
41
1
10
28.9003935278344
20
7.81531283037401
30
0
41
1
10
28.8553926643926
20
7.80303416771253
30
0
41
1
10
28.8111334975422
20
7.78738695019044
30
0
0
SPLINE
5
1ED
100
AcDbEntity
8
1
62
256
6
ByLayer
370
18
48
1
60
0
100
AcDbSpline
70
4
71
5
72
13
73
7
40
0
40
0
40
0
40
0
40
0
40
0
40
0.847029039306445
40
1
40
1
40
1
40
1
40
1
40
1
41
1
10
24.6068855853972
20
9.29124792763631
30
0
41
1
10
25.0914817128379
20
9.20482857852051
30
0
41
1
10
25.6635944798775
20
9.07669766204532
30
0
41
1
10
26.2357072469172
20
8.91822458683137
30
0
41
1
10
26.8078200139569
20
8.73026393213877
30
0
41
1
10
27.3799327809967
20
8.51398758269008
30
0
41
1
10
27.4674494205958
20
8.48024535634821
30
0
0
SPLINE
5
1EE
100
AcDbEntity
8
1
62
256
6
ByLayer
370
18
48
1
60
0
100
AcDbSpline
70
4
71
3
72
22
73
18
40
0
40
0
40
0
40
0
40
0.249999999999987
40
0.249999999999987
40
0.374999999999981
40
0.374999999999981
40
0.499999999999975
40
0.499999999999975
40
0.562499999999971
40
0.562499999999971
40
0.624999999999968
40
0.624999999999968
40
0.749999999999979
40
0.749999999999979
40
0.874999999999989
40
0.874999999999989
40
1
40
1
40
1
40
1
41
1
10
29.9999999999993
20
-9.92232340789488
30
0
41
1
10
29.892980305872
20
-9.91498148372148
30
0
41
1
10
29.7878515036585
20
-9.89767937698952
30
0
41
1
10
29.6321220869818
20
-9.85694745040425
30
0
41
1
10
29.5804941230163
20
-9.84086611670028
30
0
41
1
10
29.478522991442
20
-9.8038962623454
30
0
41
1
10
29.4280893928364
20
-9.78298984608392
30
0
41
1
10
29.3531743598477
20
-9.74789930481762
30
0
41
1
10
29.3283254312548
20
-9.73557953823789
30
0
41
1
10
29.2788596160425
20
-9.70966341621994
30
0
41
1
10
29.2542134655767
20
-9.696049060376
30
0
41
1
10
29.1809357513784
20
-9.65342758142302
30
0
41
1
10
29.1329017308977
20
-9.62262159499937
30
0
41
1
10
29.0383764550734
20
-9.55603427817726
30
0
41
1
10
28.9918852202449
20
-9.52025437761196
30
0
41
1
10
28.9003935278344
20
-9.44335827549423
30
0
41
1
10
28.8553926643926
20
-9.40224540676255
30
0
41
1
10
28.8111334975421
20
-9.35816614005628
30
0
0
SPLINE
5
1EF
100
AcDbEntity
8
1
62
256
6
ByLayer
370
18
48
1
60
0
100
AcDbSpline
70
4
71
3
72
22
73
18
40
0
40
0
40
0
40
0
40
0.250000000000004
40
0.250000000000004
40
0.375000000000006
40
0.375000000000006
40
0.500000000000009
40
0.500000000000009
40
0.562500000000001
40
0.562500000000001
40
0.624999999999994
40
0.624999999999994
40
0.749999999999996
40
0.749999999999996
40
0.874999999999998
40
0.874999999999998
40
1
40
1
40
1
40
1
41
1
10
29.9999999999993
20
-3.76968331801396
30
0
41
1
10
29.8929803058721
20
-3.67039844250459
30
0
41
1
10
29.7878515036585
20
-3.56848431684526
30
0
41
1
10
29.6321220869818
20
-3.4125607566931
30
0
41
1
10
29.5804941230163
20
-3.36002288434895
30
0
41
1
10
29.478522991442
20
-3.25483175395272
30
0
41
1
10
29.4280893928364
20
-3.20208915920563
30
0
41
1
10
29.3531743598478
20
-3.12286341834647
30
0
41
1
10
29.3283254312548
20
-3.09643619209189
30
0
41
1
10
29.2788596160425
20
-3.04356297616909
30
0
41
1
10
29.2542134655767
20
-3.01708522029662
30
0
41
1
10
29.1809357513784
20
-2.9380111670605
30
0
41
1
10
29.1329017308977
20
-2.88570805561582
30
0
41
1
10
29.0383764550734
20
-2.78212479439821
30
0
41
1
10
28.9918852202449
20
-2.7308438706747
30
0
41
1
10
28.9003935278344
20
-2.62954879866877
30
0
41
1
10
28.8553926643926
20
-2.57953331578454
30
0
41
1
10
28.8111334975421
20
-2.53031205069544
30
0
0
SPLINE
5
1F0
100
AcDbEntity
8
1
62
256
6
ByLayer
370
18
48
1
60
0
100
AcDbSpline
70
4
71
5
72
13
73
7
40
0
40
0
40
0
40
0
40
0
40
0
40
0.847029039306399
40
1
40
1
40
1
40
1
40
1
40
1
41
1
10
24.6068855853972
20
0.987506280921963
30
0
41
1
10
25.0914817128378
20
0.575236127698588
30
0
41
1
10
25.6635944798775
20
0.085736675072269
30
0
41
1
10
26.2357072469173
20
-0.404759166093271
30
0
41
1
10
26.807820013957
20
-0.893529916581826
30
0
41
1
10
27.3799327809967
20
-1.37789376206064
30
0
41
1
10
27.4674494205959
20
-1.45187467224909
30
0
0
SPLINE
5
1F1
100
AcDbEntity
8
1
62
256
6
ByLayer
370
18
48
1
60
0
100
AcDbSpline
70
4
71
2
72
6
73
3
40
0
40
0
40
0
40
1
40
1
40
1
41
1
10
91.7530476951647
20
-8.67975571785809
30
0
41
1
10
91.8285120149911
20
-8.38162385923948
30
0
41
1
10
91.9039763348176
20
-8.08349200062088
30
0
0
SPLINE
5
1F2
100
AcDbEntity
8
1
62
256
6
ByLayer
370
18
48
1
60
0
100
AcDbSpline
70
4
71
2
72
6
73
3
40
0
40
0
40
0
40
1
40
1
40
1
41
1
10
86.6261067712552
20
-9.83095239311314
30
0
41
1
10
86.6282226674938
20
-9.84305032318511
30
0
41
1
10
86.6294126604099
20
-9.85478679788923
30
0
0
SPLINE
5
1F3
100
AcDbEntity
8
1
62
256
6
ByLayer
370
18
48
1
60
0
100
AcDbSpline
70
4
71
2
72
6
73
3
40
0
40
0
40
0
40
1
40
1
40
1
41
1
10
86.6130484516269
20
-9.78007621513183
30
0
41
1
10
86.6239873558088
20
-9.81140168094296
30
0
41
1
10
86.6274605501443
20
-9.84134075469652
30
0
0
SPLINE
5
1F4
100
AcDbEntity
8
1
62
256
6
ByLayer
370
18
48
1
60
0
100
AcDbSpline
70
4
71
3
72
10
73
6
40
0
40
0
40
0
40
0
40
0.221786583296016
40
0.613220833289129
40
1
40
1
40
1
40
1
41
1
10
86.5350589648238
20
-9.6561434553509
30
0
41
1
10
86.5450238754479
20
-9.66535093365113
30
0
41
1
10
86.570396133648
20
-9.69222735278538
30
0
41
1
10
86.6010907908934
20
-9.74487835662231
30
0
41
1
10
86.6165893570501
20
-9.78841405214371
30
0
41
1
10
86.6220416431406
20
-9.81119305674443
30
0
0
SPLINE
5
1F5
100
AcDbEntity
8
1
62
256
6
ByLayer
370
18
48
1
60
0
100
AcDbSpline
70
4
71
3
72
15
73
11
40
0
40
0
40
0
40
0
40
0.211082305806928
40
0.375227229196907
40
0.492524984542222
40
0.58382628810024
40
0.661824142484398
40
0.739749046420203
40
0.851588773707094
40
1
40
1
40
1
40
1
41
1
10
86.6015019040797
20
-9.89599640464579
30
0
41
1
10
86.8515206050904
20
-9.87022552206031
30
0
41
1
10
87.2991598714226
20
-9.82344392311748
30
0
41
1
10
87.8922127931937
20
-9.75940506445372
30
0
41
1
10
88.3478419092215
20
-9.71013371083959
30
0
41
1
10
88.6975854431751
20
-9.6726605269327
30
0
41
1
10
88.999390481279
20
-9.64057697151156
30
0
41
1
10
89.3262657499275
20
-9.60608948188099
30
0
41
1
10
89.7390739772601
20
-9.56315287129928
30
0
41
1
10
90.0563028584679
20
-9.5307101081043
30
0
41
1
10
90.2370998510378
20
-9.51240968981696
30
0
0
SPLINE
5
1F6
100
AcDbEntity
8
1
62
256
6
ByLayer
370
18
48
1
60
0
100
AcDbSpline
70
4
71
3
72
14
73
10
40
0
40
0
40
0
40
0
40
0.166805175105195
40
0.300536057181888
40
0.401101016293497
40
0.476078352569448
40
0.605582575170957
40
0.780184155719953
40
1
40
1
40
1
40
1
41
1
10
30.3122939537184
20
-9.88337830552334
30
0
41
1
10
30.501417128562
20
-9.86394539653682
30
0
41
1
10
30.8438027026834
20
-9.82824493345632
30
0
41
1
10
31.3030886769556
20
-9.77882366688198
30
0
41
1
10
31.6617679441423
20
-9.73988589102839
30
0
41
1
10
32.0210309186354
20
-9.70102910900991
30
0
41
1
10
32.4665945015506
20
-9.65359698569975
30
0
41
1
10
33.0828148988699
20
-9.58881564824074
30
0
41
1
10
33.5465887867925
20
-9.54074168578464
30
0
41
1
10
33.8050696101344
20
-9.51417072407739
30
0
0
SPLINE
5
1F7
100
AcDbEntity
8
1
62
256
6
ByLayer
370
18
48
1
60
0
100
AcDbSpline
70
4
71
3
72
16
73
12
40
0
40
0
40
0
40
0
40
0.15555445566171
40
0.273777287956709
40
0.3773548825988
40
0.499500705389144
40
0.617149361323174
40
0.706314949321028
40
0.776275269117402
40
0.874126792142147
40
1
40
1
40
1
40
1
41
1
10
71.8289012529392
20
-9.92695835621387
30
0
41
1
10
72.0276264978854
20
-9.90487795654909
30
0
41
1
10
72.3777526634366
20
-9.86619638538315
30
0
41
1
10
72.8632687802739
20
-9.81312528653351
30
0
41
1
10
73.3029794611139
20
-9.76540411811243
30
0
41
1
10
73.7445696341444
20
-9.71753448947703
30
0
41
1
10
74.166841553017
20
-9.67211388208014
30
0
41
1
10
74.5223399287074
20
-9.63412109344085
30
0
41
1
10
74.8524965726995
20
-9.59909850073083
30
0
41
1
10
75.2292245072819
20
-9.55952763378289
30
0
41
1
10
75.515908809294
20
-9.52987714177797
30
0
41
1
10
75.6770806640627
20
-9.5133482702897
30
0
0
SPLINE
5
1F8
100
AcDbEntity
8
1
62
256
6
ByLayer
370
18
48
1
60
0
100
AcDbSpline
70
4
71
1
72
4
73
2
40
0
40
0
40
1
40
1
41
1
10
27.7806077295665
20
8.98386615789659
30
0
41
1
10
25.6325898817192
20
9.43848823957484
30
0
0
SPLINE
5
1F9
100
AcDbEntity
8
1
62
256
6
ByLayer
370
18
48
1
60
0
100
AcDbSpline
70
4
71
3
72
17
73
13
40
0
40
0
40
0
40
0
40
0.148792135514261
40
0.262630871668339
40
0.341543817514174
40
0.389784629354407
40
0.432944200182084
40
0.47538006096748
40
0.539141214673035
40
0.639733411520191
40
0.793367984384337
40
1
40
1
40
1
40
1
41
1
10
58.476786024402
20
-9.92423027385934
30
0
41
1
10
58.6663351738139
20
-9.90323598067715
30
0
41
1
10
59.0009917654842
20
-9.86629461183861
30
0
41
1
10
59.4362713445347
20
-9.81840929415307
30
0
41
1
10
59.7436602989242
20
-9.78488880743527
30
0
41
1
10
59.9600566147725
20
-9.76146901255694
30
0
41
1
10
60.1302094858778
20
-9.7430554537807
30
0
41
1
10
60.3203389050843
20
-9.72250988883758
30
0
41
1
10
60.5838930538146
20
-9.69408414371338
30
0
41
1
10
60.9891603515147
20
-9.65056545802034
30
0
41
1
10
61.5764603711447
20
-9.58804113415536
30
0
41
1
10
62.0356528664999
20
-9.54091694537638
30
0
41
1
10
62.2990376029314
20
-9.51435257552163
30
0
0
SPLINE
5
1FA
100
AcDbEntity
8
1
62
256
6
ByLayer
370
18
48
1
60
0
100
AcDbSpline
70
4
71
3
72
16
73
12
40
0
40
0
40
0
40
0
40
0.14426883944318
40
0.248499846420044
40
0.314746724682449
40
0.377207384383614
40
0.448393151768102
40
0.526967626726448
40
0.675910563612615
40
0.818911150666742
40
1
40
1
40
1
40
1
41
1
10
44.5200548961981
20
-9.92436335289256
30
0
41
1
10
44.7042138617187
20
-9.90397302931598
30
0
41
1
10
45.0215005887505
20
-9.86894368088807
30
0
41
1
10
45.4235127902961
20
-9.82472668096929
30
0
41
1
10
45.7211531928346
20
-9.79216684568664
30
0
41
1
10
45.9765427954286
20
-9.76431170995582
30
0
41
1
10
46.247739541229
20
-9.73484516269968
30
0
41
1
10
46.6294509814043
20
-9.69359608926979
30
0
41
1
10
47.102432983402
20
-9.64306637055
30
0
41
1
10
47.7078344308558
20
-9.57893889423869
30
0
41
1
10
48.1160033332381
20
-9.53716455112379
30
0
41
1
10
48.3427535830967
20
-9.51431868891646
30
0
0
SPLINE
5
1FB
100
AcDbEntity
8
1
62
256
6
ByLayer
370
18
48
1
60
0
100
AcDbSpline
70
4
71
3
72
17
73
13
40
0
40
0
40
0
40
0
40
0.151548700322479
40
0.272848557456818
40
0.368296587346262
40
0.440870373134667
40
0.541107232264254
40
0.654927953939258
40
0.705503372683704
40
0.776632402659822
40
0.874868832447013
40
1
40
1
40
1
40
1
41
1
10
83.2363266837818
20
9.5143032248111
30
0
41
1
10
83.0466895681001
20
9.53342010085154
30
0
41
1
10
82.7031105582194
20
9.5685075555941
30
0
41
1
10
82.2270239952822
20
9.61875580077069
30
0
41
1
10
81.8596904203768
20
9.65747609925609
30
0
41
1
10
81.514372189091
20
9.69429803777112
30
0
41
1
10
81.1468263166794
20
9.73392488234998
30
0
41
1
10
80.8064203350125
20
9.77096189683076
30
0
41
1
10
80.5037754210434
20
9.80404818146957
30
0
41
1
10
80.2210693479545
20
9.83505700815292
30
0
41
1
10
79.8426201514393
20
9.87672713122734
30
0
41
1
10
79.5555761125451
20
9.90841591671671
30
0
41
1
10
79.3947815795459
20
9.92620056112921
30
0
0
SPLINE
5
1FC
100
AcDbEntity
8
1
62
256
6
ByLayer
370
18
48
1
60
0
100
AcDbSpline
70
4
71
2
72
6
73
3
40
0
40
0
40
0
40
1
40
1
40
1
41
1
10
91.9654073674261
20
3.09790726074917
30
0
41
1
10
91.8566325307517
20
3.87759435621939
30
0
41
1
10
91.7478576940771
20
4.65728145168964
30
0
0
SPLINE
5
1FD
100
AcDbEntity
8
1
62
256
6
ByLayer
370
18
48
1
60
0
100
AcDbSpline
70
4
71
3
72
16
73
12
40
0
40
0
40
0
40
0
40
0.132022426668827
40
0.234819725161923
40
0.308349076977596
40
0.378841132528565
40
0.449007979826676
40
0.524065157041292
40
0.634132335623559
40
0.792803945070009
40
1
40
1
40
1
40
1
41
1
10
40.781825184963
20
9.51472566030023
30
0
41
1
10
40.6136282997622
20
9.53203703768213
30
0
41
1
10
40.3144968738488
20
9.56290660784856
30
0
41
1
10
39.9217404027455
20
9.60340861148006
30
0
41
1
10
39.6074353705139
20
9.63623891069989
30
0
41
1
10
39.3353563276798
20
9.66506451724294
30
0
41
1
10
39.0605841650818
20
9.69447764070537
30
0
41
1
10
38.7352916104372
20
9.72962411668496
30
0
41
1
10
38.2973258388388
20
9.77729383636694
30
0
41
1
10
37.6910828515517
20
9.84369037015043
30
0
41
1
10
37.2250370150163
20
9.89506466249313
30
0
41
1
10
36.9611130408134
20
9.92427424179007
30
0
0
SPLINE
5
1FE
100
AcDbEntity
8
1
62
256
6
ByLayer
370
18
48
1
60
0
100
AcDbSpline
70
4
71
3
72
14
73
10
40
0
40
0
40
0
40
0
40
0.174426400987453
40
0.290467414159167
40
0.381813696299816
40
0.500797472739768
40
0.665158126929637
40
0.814956029857257
40
1
40
1
40
1
40
1
41
1
10
55.3200966914012
20
9.51469150983394
30
0
41
1
10
55.0983067612939
20
9.53712015479684
30
0
41
1
10
54.7284656468487
20
9.57502463556543
30
0
41
1
10
54.2406433961195
20
9.62609262357148
30
0
41
1
10
53.8238710157855
20
9.67044165518948
30
0
41
1
10
53.3454132301206
20
9.72190841849624
30
0
41
1
10
52.7922360475546
20
9.7821259640339
30
0
41
1
10
52.1563981190135
20
9.85099049766464
30
0
41
1
10
51.7327535970442
20
9.89803114083932
30
0
41
1
10
51.4993502216428
20
9.92417026391806
30
0
0
SPLINE
5
1FF
100
AcDbEntity
8
1
62
256
6
ByLayer
370
18
48
1
60
0
100
AcDbSpline
70
4
71
3
72
17
73
13
40
0
40
0
40
0
40
0
40
0.144747624603912
40
0.256007282041591
40
0.33370864070137
40
0.381858450113003
40
0.425632693104541
40
0.469451125916681
40
0.536532705759845
40
0.639489268817477
40
0.793960117335602
40
1
40
1
40
1
40
1
41
1
10
68.6959999343689
20
9.51412224005048
30
0
41
1
10
68.5113851827791
20
9.53319252415079
30
0
41
1
10
68.1848887762259
20
9.56709057868889
30
0
41
1
10
67.7594607156016
20
9.61174780863848
30
0
41
1
10
67.4570689532493
20
9.64358661721033
30
0
41
1
10
67.2414788148114
20
9.66633848353305
30
0
41
1
10
67.0688287046414
20
9.68457914569845
30
0
41
1
10
66.8718930971759
20
9.70554509515009
30
0
41
1
10
66.5993604484664
20
9.73488903005557
30
0
41
1
10
66.1858330472313
20
9.77982419616851
30
0
41
1
10
65.5951841891694
20
9.84461941046635
30
0
41
1
10
65.1357102709554
20
9.89525532796398
30
0
41
1
10
64.8730981461327
20
9.92431451115226
30
0
0
LINE
5
7B
100
AcDbEntity
8
80
62
256
6
ByLayer
370
18
48
1
60
0
100
AcDbLine
10
0
20
0
30
0
11
-5
21
0
31
0
39
0
210
0
220
0
230
1
0
LINE
5
7C
100
AcDbEntity
8
4
62
256
6
ByLayer
370
18
48
0.05
60
0
100
AcDbLine
10
0
20
0
30
0
11
92
21
0
31
0
39
0
210
0
220
0
230
1
0
LINE
5
7E
100
AcDbEntity
8
81
62
256
6
ByLayer
370
18
48
1
60
0
100
AcDbLine
10
92
20
0
30
0
11
97
21
0
31
0
39
0
210
0
220
0
230
1
0
LINE
5
7F
100
AcDbEntity
8
SK4
62
256
6
ByLayer
370
18
48
0.05
60
0
100
AcDbLine
10
-50
20
0
30
0
11
92
21
0
31
0
39
0
210
0
220
0
230
1
0
LINE
5
81
100
AcDbEntity
8
1
62
256
6
ByLayer
370
18
48
1
60
0
100
AcDbLine
10
0
20
10
30
0
11
0
21
0
31
0
39
0
210
0
220
0
230
1
0
LINE
5
82
100
AcDbEntity
8
1
62
256
6
ByLayer
370
18
48
1
60
0
100
AcDbLine
10
0
20
0
30
0
11
0
21
-10
31
0
39
0
210
0
220
0
230
1
0
LINE
5
83
100
AcDbEntity
8
1
62
256
6
ByLayer
370
18
48
1
60
0
100
AcDbLine
10
91.763138
20
1.67864
30
0
11
91.528
21
0.047895
31
0
39
0
210
0
220
0
230
1
0
LINE
5
84
100
AcDbEntity
8
1
62
256
6
ByLayer
370
18
48
1
60
0
100
AcDbLine
10
91.672256
20
1.172262
30
0
11
91.830994
21
2.274248
31
0
39
0
210
0
220
0
230
1
0
LINE
5
85
100
AcDbEntity
8
1
62
256
6
ByLayer
370
18
48
1
60
0
100
AcDbLine
10
91.959114
20
3.163679
30
0
11
91.972018
21
3.253259
31
0
39
0
210
0
220
0
230
1
0
LINE
5
86
100
AcDbEntity
8
1
62
256
6
ByLayer
370
18
48
1
60
0
100
AcDbLine
10
90.892331
20
-1.737599
30
0
11
91.528
21
0.047895
31
0
39
0
210
0
220
0
230
1
0
LINE
5
87
100
AcDbEntity
8
1
62
256
6
ByLayer
370
18
48
1
60
0
100
AcDbLine
10
91.528
20
0.047895
30
0
11
91.672256
21
1.172262
31
0
39
0
210
0
220
0
230
1
0
LINE
5
88
100
AcDbEntity
8
1
62
256
6
ByLayer
370
18
48
1
60
0
100
AcDbLine
10
90.405946
20
0.74409
30
0
11
91.672256
21
1.172262
31
0
39
0
210
0
220
0
230
1
0
LINE
5
89
100
AcDbEntity
8
1
62
256
6
ByLayer
370
18
48
1
60
0
100
AcDbLine
10
24.633389
20
-8.946365
30
0
11
24.634648
21
-8.878054
31
0
39
0
210
0
220
0
230
1
0
LINE
5
8A
100
AcDbEntity
8
1
62
256
6
ByLayer
370
18
48
1
60
0
100
AcDbLine
10
91.830997
20
-5.614869
30
0
11
91.972018
21
-7.752502
31
0
39
0
210
0
220
0
230
1
0
LINE
5
8B
100
AcDbEntity
8
1
62
256
6
ByLayer
370
18
48
1
60
0
100
AcDbLine
10
91.763138
20
-8.505151
30
0
11
91.741376
21
-8.170551
31
0
39
0
210
0
220
0
230
1
0
LINE
5
8C
100
AcDbEntity
8
1
62
256
6
ByLayer
370
18
48
1
60
0
100
AcDbLine
10
91.722283
20
4.758805
30
0
11
91.972018
21
9.472572
31
0
39
0
210
0
220
0
230
1
0
LINE
5
8D
100
AcDbEntity
8
1
62
256
6
ByLayer
370
13
48
1
60
0
100
AcDbLine
10
90.093967
20
0.915815
30
0
11
90.405946
21
0.74409
31
0
39
0
210
0
220
0
230
1
0
LINE
5
8E
100
AcDbEntity
8
1
62
256
6
ByLayer
370
18
48
1
60
0
100
AcDbLine
10
86.631011
20
-9.897312
30
0
11
86.631011
21
-9.897672
31
0
39
0
210
0
220
0
230
1
0
LINE
5
8F
100
AcDbEntity
8
1
62
256
6
ByLayer
370
13
48
1
60
0
100
AcDbLine
10
87.78399
20
-5.761791
30
0
11
86.396566
21
-7.726482
31
0
39
0
210
0
220
0
230
1
0
LINE
5
90
100
AcDbEntity
8
1
62
256
6
ByLayer
370
18
48
1
60
0
100
AcDbLine
10
91.672256
20
-3.08553
30
0
11
91.972018
21
-7.861872
31
0
39
0
210
0
220
0
230
1
0
LINE
5
91
100
AcDbEntity
8
1
62
256
6
ByLayer
370
18
48
1
60
0
100
AcDbLine
10
91.528
20
-3.021833
30
0
11
91.672256
21
-3.08553
31
0
39
0
210
0
220
0
230
1
0
LINE
5
92
100
AcDbEntity
8
1
62
256
6
ByLayer
370
18
48
1
60
0
100
AcDbLine
10
90.405946
20
-2.273221
30
0
11
91.672256
21
-3.08553
31
0
39
0
210
0
220
0
230
1
0
LINE
5
93
100
AcDbEntity
8
1
62
256
6
ByLayer
370
13
48
1
60
0
100
AcDbLine
10
90.234505
20
-2.16298
30
0
11
86.984048
21
-0.175035
31
0
39
0
210
0
220
0
230
1
0
LINE
5
94
100
AcDbEntity
8
1
62
256
6
ByLayer
370
18
48
1
60
0
100
AcDbLine
10
24.633389
20
5.359371
30
0
11
24.635601
21
5.28197
31
0
39
0
210
0
220
0
230
1
0
LINE
5
95
100
AcDbEntity
8
1
62
256
6
ByLayer
370
18
48
1
60
0
100
AcDbLine
10
24.633389
20
-6.189541
30
0
11
24.635601
21
-6.115203
31
0
39
0
210
0
220
0
230
1
0
LINE
5
96
100
AcDbEntity
8
1
62
256
6
ByLayer
370
18
48
1
60
0
100
AcDbLine
10
91.763138
20
-6.797983
30
0
11
91.528
21
-3.021833
31
0
39
0
210
0
220
0
230
1
0
LINE
5
97
100
AcDbEntity
8
1
62
256
6
ByLayer
370
18
48
1
60
0
100
AcDbLine
10
90.892331
20
-2.656176
30
0
11
91.528
21
-3.021833
31
0
39
0
210
0
220
0
230
1
0
LINE
5
98
100
AcDbEntity
8
1
62
256
6
ByLayer
370
18
48
1
60
0
100
AcDbLine
10
24.047027
20
5.359371
30
0
11
24.633389
21
5.359371
31
0
39
0
210
0
220
0
230
1
0
LINE
5
99
100
AcDbEntity
8
1
62
256
6
ByLayer
370
18
48
1
60
0
100
AcDbLine
10
24.047027
20
-6.189541
30
0
11
24.633389
21
-6.189541
31
0
39
0
210
0
220
0
230
1
0
LINE
5
9A
100
AcDbEntity
8
1
62
256
6
ByLayer
370
13
48
1
60
0
100
AcDbLine
10
88.466683
20
2.397101
30
0
11
90.354255
21
1.242683
31
0
39
0
210
0
220
0
230
1
0
LINE
5
9B
100
AcDbEntity
8
1
62
256
6
ByLayer
370
18
48
1
60
0
100
AcDbLine
10
91.680801
20
1.425442
30
0
11
90.354255
21
1.242683
31
0
39
0
210
0
220
0
230
1
0
LINE
5
9C
100
AcDbEntity
8
1
62
256
6
ByLayer
370
18
48
1
60
0
100
AcDbLine
10
91.680801
20
1.425442
30
0
11
91.972018
21
3.071239
31
0
39
0
210
0
220
0
230
1
0
LINE
5
9D
100
AcDbEntity
8
1
62
256
6
ByLayer
370
13
48
1
60
0
100
AcDbLine
10
1.997679
20
-9.5
30
0
11
1.997679
21
0
31
0
39
0
210
0
220
0
230
1
0
LINE
5
9E
100
AcDbEntity
8
1
62
256
6
ByLayer
370
13
48
1
60
0
100
AcDbLine
10
1.997679
20
0
30
0
11
1.997679
21
9.5
31
0
39
0
210
0
220
0
230
1
0
LINE
5
9F
100
AcDbEntity
8
1
62
256
6
ByLayer
370
13
48
1
60
0
100
AcDbLine
10
1.497679
20
9.633975
30
0
11
1.497679
21
0
31
0
39
0
210
0
220
0
230
1
0
LINE
5
A0
100
AcDbEntity
8
1
62
256
6
ByLayer
370
13
48
1
60
0
100
AcDbLine
10
1.497679
20
0
30
0
11
1.497679
21
-9.633975
31
0
39
0
210
0
220
0
230
1
0
LINE
5
A1
100
AcDbEntity
8
1
62
256
6
ByLayer
370
18
48
1
60
0
100
AcDbLine
10
0.863704
20
10
30
0
11
0.863704
21
0
31
0
39
0
210
0
220
0
230
1
0
LINE
5
A2
100
AcDbEntity
8
1
62
256
6
ByLayer
370
18
48
1
60
0
100
AcDbLine
10
0.863704
20
0
30
0
11
0.863704
21
-10
31
0
39
0
210
0
220
0
230
1
0
LINE
5
A3
100
AcDbEntity
8
SK1
62
256
6
ByLayer
370
18
48
1
60
0
100
AcDbLine
10
0
20
10
30
0
11
0
21
0
31
0
39
0
210
0
220
0
230
1
0
LINE
5
A5
100
AcDbEntity
8
SK1
62
256
6
ByLayer
370
18
48
1
60
0
100
AcDbLine
10
0
20
0
30
0
11
0
21
-10
31
0
39
0
210
0
220
0
230
1
0
LINE
5
A6
100
AcDbEntity
8
SK1
62
256
6
ByLayer
370
18
48
1
60
0
100
AcDbLine
10
-30.5
20
8.2
30
0
11
-32.3
21
10
31
0
39
0
210
0
220
0
230
1
0
LINE
5
A7
100
AcDbEntity
8
SK1
62
256
6
ByLayer
370
18
48
1
60
0
100
AcDbLine
10
-17.7
20
10
30
0
11
-19.5
21
8.2
31
0
39
0
210
0
220
0
230
1
0
LINE
5
A8
100
AcDbEntity
8
SK1
62
256
6
ByLayer
370
18
48
1
60
0
100
AcDbLine
10
-30.5
20
8.2
30
0
11
-19.5
21
8.2
31
0
39
0
210
0
220
0
230
1
0
LINE
5
A9
100
AcDbEntity
8
SK1
62
256
6
ByLayer
370
18
48
1
60
0
100
AcDbLine
10
-49
20
10
30
0
11
-49
21
-10
31
0
39
0
210
0
220
0
230
1
0
LINE
5
AA
100
AcDbEntity
8
SK1
62
256
6
ByLayer
370
18
48
1
60
0
100
AcDbLine
10
-50
20
-9
30
0
11
-50
21
9
31
0
39
0
210
0
220
0
230
1
0
LINE
5
AB
100
AcDbEntity
8
1
62
256
6
ByLayer
370
18
48
1
60
0
100
AcDbLine
10
0.863704
20
10
30
0
11
0
21
10
31
0
39
0
210
0
220
0
230
1
0
LINE
5
AC
100
AcDbEntity
8
1
62
256
6
ByLayer
370
18
48
1
60
0
100
AcDbLine
10
0
20
-10
30
0
11
0.863704
21
-10
31
0
39
0
210
0
220
0
230
1
0
LINE
5
AD
100
AcDbEntity
8
1
62
256
6
ByLayer
370
18
48
1
60
0
100
AcDbLine
10
91.73181
20
-8.763657
30
0
11
91.732925
21
-8.759253
31
0
39
0
210
0
220
0
230
1
0
LINE
5
AE
100
AcDbEntity
8
1
62
256
6
ByLayer
370
18
48
1
60
0
100
AcDbLine
10
25.122664
20
9.5
30
0
11
1.997679
21
9.5
31
0
39
0
210
0
220
0
230
1
0
LINE
5
AF
100
AcDbEntity
8
1
62
256
6
ByLayer
370
18
48
1
60
0
100
AcDbLine
10
1.997679
20
-9.5
30
0
11
22.270993
21
-9.5
31
0
39
0
210
0
220
0
230
1
0
LINE
5
B0
100
AcDbEntity
8
1
62
256
6
ByLayer
370
18
48
1
60
0
100
AcDbLine
10
1.497679
20
9.633975
30
0
11
0.863704
21
10
31
0
39
0
210
0
220
0
230
1
0
LINE
5
B1
100
AcDbEntity
8
1
62
256
6
ByLayer
370
18
48
1
60
0
100
AcDbLine
10
0.863704
20
-10
30
0
11
1.497679
21
-9.633975
31
0
39
0
210
0
220
0
230
1
0
LINE
5
B2
100
AcDbEntity
8
SK1
62
256
6
ByLayer
370
18
48
1
60
0
100
AcDbLine
10
0
20
10
30
0
11
-17.7
21
10
31
0
39
0
210
0
220
0
230
1
0
LINE
5
B3
100
AcDbEntity
8
SK1
62
256
6
ByLayer
370
18
48
1
60
0
100
AcDbLine
10
-32.3
20
10
30
0
11
-49
21
10
31
0
39
0
210
0
220
0
230
1
0
LINE
5
B4
100
AcDbEntity
8
SK1
62
256
6
ByLayer
370
18
48
1
60
0
100
AcDbLine
10
-49
20
-10
30
0
11
0
21
-10
31
0
39
0
210
0
220
0
230
1
0
LINE
5
B5
100
AcDbEntity
8
SK1
62
256
6
ByLayer
370
18
48
1
60
0
100
AcDbLine
10
-50
20
-9
30
0
11
-49
21
-10
31
0
39
0
210
0
220
0
230
1
0
LINE
5
B6
100
AcDbEntity
8
SK1
62
256
6
ByLayer
370
18
48
1
60
0
100
AcDbLine
10
-49
20
10
30
0
11
-50
21
9
31
0
39
0
210
0
220
0
230
1
0
LINE
5
B7
100
AcDbEntity
8
SK2
62
256
6
ByLayer
370
18
48
1
60
0
100
AcDbLine
10
-57.25
20
10
30
0
11
-57.25
21
-28.930932
31
0
39
0
210
0
220
0
230
1
0
LINE
5
B9
100
AcDbEntity
8
SK2
62
256
6
ByLayer
370
18
48
1
60
0
100
AcDbLine
10
-50.5875
20
10
30
0
11
-59.25
21
10
31
0
39
0
210
0
220
0
230
1
0
LINE
5
BA
100
AcDbEntity
8
SK2
62
256
6
ByLayer
370
18
48
1
60
0
100
AcDbLine
10
-50.5875
20
-10
30
0
11
-59.25
21
-10
31
0
39
0
210
0
220
0
230
1
0
LINE
5
BB
100
AcDbEntity
8
1
62
256
6
ByLayer
370
18
48
1
60
1
100
AcDbLine
10
-57.25
20
10
30
0
11
-56.789216
21
6.500002
31
0
39
0
210
0
220
0
230
1
0
LINE
5
BC
100
AcDbEntity
8
1
62
256
6
ByLayer
370
18
48
1
60
1
100
AcDbLine
10
-56.789216
20
6.500002
30
0
11
-57.710784
21
6.499998
31
0
39
0
210
0
220
0
230
1
0
LINE
5
BD
100
AcDbEntity
8
1
62
256
6
ByLayer
370
18
48
1
60
1
100
AcDbLine
10
-57.710784
20
6.499998
30
0
11
-57.25
21
10
31
0
39
0
210
0
220
0
230
1
0
LINE
5
BE
100
AcDbEntity
8
1
62
256
6
ByLayer
370
18
48
1
60
1
100
AcDbLine
10
-57.25
20
-10
30
0
11
-57.710784
21
-6.500002
31
0
39
0
210
0
220
0
230
1
0
LINE
5
BF
100
AcDbEntity
8
1
62
256
6
ByLayer
370
18
48
1
60
1
100
AcDbLine
10
-57.710784
20
-6.500002
30
0
11
-56.789216
21
-6.499998
31
0
39
0
210
0
220
0
230
1
0
LINE
5
C0
100
AcDbEntity
8
1
62
256
6
ByLayer
370
18
48
1
60
1
100
AcDbLine
10
-56.789216
20
-6.499998
30
0
11
-57.25
21
-10
31
0
39
0
210
0
220
0
230
1
0
LINE
5
C1
100
AcDbEntity
8
SK2
62
256
6
ByLayer
370
13
48
1
60
0
100
AcDbLine
10
16.881852
20
-9.5
30
0
11
16.881852
21
31.556066
31
0
39
0
210
0
220
0
230
1
0
LINE
5
C2
100
AcDbEntity
8
SK2
62
256
6
ByLayer
370
13
48
1
60
0
100
AcDbLine
10
27.278525
20
9.5
30
0
11
14.881852
21
9.5
31
0
39
0
210
0
220
0
230
1
0
LINE
5
C3
100
AcDbEntity
8
SK2
62
256
6
ByLayer
370
13
48
1
60
0
100
AcDbLine
10
27.278525
20
-9.5
30
0
11
14.881852
21
-9.5
31
0
39
0
210
0
220
0
230
1
0
LINE
5
C4
100
AcDbEntity
8
1
62
256
6
ByLayer
370
18
48
1
60
1
100
AcDbLine
10
16.881852
20
9.5
30
0
11
17.342636
21
6.000002
31
0
39
0
210
0
220
0
230
1
0
LINE
5
C5
100
AcDbEntity
8
1
62
256
6
ByLayer
370
18
48
1
60
1
100
AcDbLine
10
17.342636
20
6.000002
30
0
11
16.421068
21
5.999998
31
0
39
0
210
0
220
0
230
1
0
LINE
5
C6
100
AcDbEntity
8
1
62
256
6
ByLayer
370
18
48
1
60
1
100
AcDbLine
10
16.421068
20
5.999998
30
0
11
16.881852
21
9.5
31
0
39
0
210
0
220
0
230
1
0
LINE
5
C7
100
AcDbEntity
8
1
62
256
6
ByLayer
370
18
48
1
60
1
100
AcDbLine
10
16.881852
20
-9.5
30
0
11
16.421068
21
-6.000002
31
0
39
0
210
0
220
0
230
1
0
LINE
5
C8
100
AcDbEntity
8
1
62
256
6
ByLayer
370
18
48
1
60
1
100
AcDbLine
10
16.421068
20
-6.000002
30
0
11
17.342636
21
-5.999998
31
0
39
0
210
0
220
0
230
1
0
LINE
5
C9
100
AcDbEntity
8
1
62
256
6
ByLayer
370
18
48
1
60
1
100
AcDbLine
10
17.342636
20
-5.999998
30
0
11
16.881852
21
-9.5
31
0
39
0
210
0
220
0
230
1
0
LINE
5
CA
100
AcDbEntity
8
2
62
256
6
ByLayer
370
13
48
1
60
0
100
AcDbLine
10
104
20
-10
30
0
11
104
21
28.930932
31
0
39
0
210
0
220
0
230
1
0
LINE
5
CC
100
AcDbEntity
8
2
62
256
6
ByLayer
370
13
48
1
60
0
100
AcDbLine
10
31.5875
20
10
30
0
11
106
21
10
31
0
39
0
210
0
220
0
230
1
0
LINE
5
CD
100
AcDbEntity
8
2
62
256
6
ByLayer
370
13
48
1
60
0
100
AcDbLine
10
31.5875
20
-10
30
0
11
106
21
-10
31
0
39
0
210
0
220
0
230
1
0
LINE
5
CE
100
AcDbEntity
8
1
62
256
6
ByLayer
370
18
48
1
60
1
100
AcDbLine
10
104
20
10
30
0
11
104.460784
21
6.500002
31
0
39
0
210
0
220
0
230
1
0
LINE
5
CF
100
AcDbEntity
8
1
62
256
6
ByLayer
370
18
48
1
60
1
100
AcDbLine
10
104.460784
20
6.500002
30
0
11
103.539216
21
6.499998
31
0
39
0
210
0
220
0
230
1
0
LINE
5
D0
100
AcDbEntity
8
1
62
256
6
ByLayer
370
18
48
1
60
1
100
AcDbLine
10
103.539216
20
6.499998
30
0
11
104
21
10
31
0
39
0
210
0
220
0
230
1
0
LINE
5
D1
100
AcDbEntity
8
1
62
256
6
ByLayer
370
18
48
1
60
1
100
AcDbLine
10
104
20
-10
30
0
11
103.539216
21
-6.500002
31
0
39
0
210
0
220
0
230
1
0
LINE
5
D2
100
AcDbEntity
8
1
62
256
6
ByLayer
370
18
48
1
60
1
100
AcDbLine
10
103.539216
20
-6.500002
30
0
11
104.460784
21
-6.499998
31
0
39
0
210
0
220
0
230
1
0
LINE
5
D3
100
AcDbEntity
8
1
62
256
6
ByLayer
370
18
48
1
60
1
100
AcDbLine
10
104.460784
20
-6.499998
30
0
11
104
21
-10
31
0
39
0
210
0
220
0
230
1
0
LINE
5
D4
100
AcDbEntity
8
SK2
62
256
6
ByLayer
370
18
48
1
60
0
100
AcDbLine
10
92
20
-59.193445
30
0
11
-50
21
-59.193445
31
0
39
0
210
0
220
0
230
1
0
LINE
5
D5
100
AcDbEntity
8
SK2
62
256
6
ByLayer
370
18
48
1
60
0
100
AcDbLine
10
-50
20
-10.5875
30
0
11
-50
21
-61.193445
31
0
39
0
210
0
220
0
230
1
0
LINE
5
D6
100
AcDbEntity
8
SK2
62
256
6
ByLayer
370
18
48
1
60
0
100
AcDbLine
10
92
20
-11.5875
30
0
11
92
21
-61.193445
31
0
39
0
210
0
220
0
230
1
0
LINE
5
D7
100
AcDbEntity
8
1
62
256
6
ByLayer
370
18
48
1
60
1
100
AcDbLine
10
-50
20
-59.193445
30
0
11
-46.500002
21
-58.732661
31
0
39
0
210
0
220
0
230
1
0
LINE
5
D8
100
AcDbEntity
8
1
62
256
6
ByLayer
370
18
48
1
60
1
100
AcDbLine
10
-46.500002
20
-58.732661
30
0
11
-46.499998
21
-59.654229
31
0
39
0
210
0
220
0
230
1
0
LINE
5
D9
100
AcDbEntity
8
1
62
256
6
ByLayer
370
18
48
1
60
1
100
AcDbLine
10
-46.499998
20
-59.654229
30
0
11
-50
21
-59.193445
31
0
39
0
210
0
220
0
230
1
0
LINE
5
DA
100
AcDbEntity
8
1
62
256
6
ByLayer
370
18
48
1
60
1
100
AcDbLine
10
92
20
-59.193445
30
0
11
88.500002
21
-59.654229
31
0
39
0
210
0
220
0
230
1
0
LINE
5
DB
100
AcDbEntity
8
1
62
256
6
ByLayer
370
18
48
1
60
1
100
AcDbLine
10
88.500002
20
-59.654229
30
0
11
88.499998
21
-58.732661
31
0
39
0
210
0
220
0
230
1
0
LINE
5
DC
100
AcDbEntity
8
1
62
256
6
ByLayer
370
18
48
1
60
1
100
AcDbLine
10
88.499998
20
-58.732661
30
0
11
92
21
-59.193445
31
0
39
0
210
0
220
0
230
1
0
LINE
5
DD
100
AcDbEntity
8
SK2
62
256
6
ByLayer
370
13
48
1
60
0
100
AcDbLine
10
91.88874
20
-9.814454
30
0
11
107.946929
21
-22.804034
31
0
39
0
210
0
220
0
230
1
0
LINE
5
DE
100
AcDbEntity
8
1
62
256
6
ByLayer
370
18
48
1
60
1
100
AcDbLine
10
91.88874
20
-9.814454
30
0
11
94.899707
21
-11.657383
31
0
39
0
210
0
220
0
230
1
0
LINE
5
DF
100
AcDbEntity
8
1
62
256
6
ByLayer
370
18
48
1
60
1
100
AcDbLine
10
94.899707
20
-11.657383
30
0
11
94.320128
21
-12.373885
31
0
39
0
210
0
220
0
230
1
0
LINE
5
E0
100
AcDbEntity
8
1
62
256
6
ByLayer
370
18
48
1
60
1
100
AcDbLine
10
94.320128
20
-12.373885
30
0
11
91.88874
21
-9.814454
31
0
39
0
210
0
220
0
230
1
0
LINE
5
204
100
AcDbEntity
8
1
62
256
6
ByLayer
370
18
48
1
60
1
100
AcDbLine
10
-57.25
20
10
30
0
11
-56.789216
21
6.500002
31
0
39
0
210
0
220
0
230
1
0
LINE
5
205
100
AcDbEntity
8
1
62
256
6
ByLayer
370
18
48
1
60
1
100
AcDbLine
10
-56.789216
20
6.500002
30
0
11
-57.710784
21
6.499998
31
0
39
0
210
0
220
0
230
1
0
LINE
5
206
100
AcDbEntity
8
1
62
256
6
ByLayer
370
18
48
1
60
1
100
AcDbLine
10
-57.710784
20
6.499998
30
0
11
-57.25
21
10
31
0
39
0
210
0
220
0
230
1
0
LINE
5
208
100
AcDbEntity
8
1
62
256
6
ByLayer
370
18
48
1
60
1
100
AcDbLine
10
-57.25
20
-10
30
0
11
-57.710784
21
-6.500002
31
0
39
0
210
0
220
0
230
1
0
LINE
5
209
100
AcDbEntity
8
1
62
256
6
ByLayer
370
18
48
1
60
1
100
AcDbLine
10
-57.710784
20
-6.500002
30
0
11
-56.789216
21
-6.499998
31
0
39
0
210
0
220
0
230
1
0
LINE
5
20A
100
AcDbEntity
8
1
62
256
6
ByLayer
370
18
48
1
60
1
100
AcDbLine
10
-56.789216
20
-6.499998
30
0
11
-57.25
21
-10
31
0
39
0
210
0
220
0
230
1
0
LINE
5
20E
100
AcDbEntity
8
1
62
256
6
ByLayer
370
18
48
1
60
1
100
AcDbLine
10
16.881852
20
9.5
30
0
11
17.342636
21
6.000002
31
0
39
0
210
0
220
0
230
1
0
LINE
5
20F
100
AcDbEntity
8
1
62
256
6
ByLayer
370
18
48
1
60
1
100
AcDbLine
10
17.342636
20
6.000002
30
0
11
16.421068
21
5.999998
31
0
39
0
210
0
220
0
230
1
0
LINE
5
210
100
AcDbEntity
8
1
62
256
6
ByLayer
370
18
48
1
60
1
100
AcDbLine
10
16.421068
20
5.999998
30
0
11
16.881852
21
9.5
31
0
39
0
210
0
220
0
230
1
0
LINE
5
212
100
AcDbEntity
8
1
62
256
6
ByLayer
370
18
48
1
60
1
100
AcDbLine
10
16.881852
20
-9.5
30
0
11
16.421068
21
-6.000002
31
0
39
0
210
0
220
0
230
1
0
LINE
5
213
100
AcDbEntity
8
1
62
256
6
ByLayer
370
18
48
1
60
1
100
AcDbLine
10
16.421068
20
-6.000002
30
0
11
17.342636
21
-5.999998
31
0
39
0
210
0
220
0
230
1
0
LINE
5
214
100
AcDbEntity
8
1
62
256
6
ByLayer
370
18
48
1
60
1
100
AcDbLine
10
17.342636
20
-5.999998
30
0
11
16.881852
21
-9.5
31
0
39
0
210
0
220
0
230
1
0
LINE
5
218
100
AcDbEntity
8
1
62
256
6
ByLayer
370
18
48
1
60
1
100
AcDbLine
10
104
20
10
30
0
11
104.460784
21
6.500002
31
0
39
0
210
0
220
0
230
1
0
LINE
5
219
100
AcDbEntity
8
1
62
256
6
ByLayer
370
18
48
1
60
1
100
AcDbLine
10
104.460784
20
6.500002
30
0
11
103.539216
21
6.499998
31
0
39
0
210
0
220
0
230
1
0
LINE
5
21A
100
AcDbEntity
8
1
62
256
6
ByLayer
370
18
48
1
60
1
100
AcDbLine
10
103.539216
20
6.499998
30
0
11
104
21
10
31
0
39
0
210
0
220
0
230
1
0
LINE
5
21C
100
AcDbEntity
8
1
62
256
6
ByLayer
370
18
48
1
60
1
100
AcDbLine
10
104
20
-10
30
0
11
103.539216
21
-6.500002
31
0
39
0
210
0
220
0
230
1
0
LINE
5
21D
100
AcDbEntity
8
1
62
256
6
ByLayer
370
18
48
1
60
1
100
AcDbLine
10
103.539216
20
-6.500002
30
0
11
104.460784
21
-6.499998
31
0
39
0
210
0
220
0
230
1
0
LINE
5
21E
100
AcDbEntity
8
1
62
256
6
ByLayer
370
18
48
1
60
1
100
AcDbLine
10
104.460784
20
-6.499998
30
0
11
104
21
-10
31
0
39
0
210
0
220
0
230
1
0
LINE
5
221
100
AcDbEntity
8
1
62
256
6
ByLayer
370
18
48
1
60
1
100
AcDbLine
10
-50
20
-59.193445
30
0
11
-46.500002
21
-58.732661
31
0
39
0
210
0
220
0
230
1
0
LINE
5
222
100
AcDbEntity
8
1
62
256
6
ByLayer
370
18
48
1
60
1
100
AcDbLine
10
-46.500002
20
-58.732661
30
0
11
-46.499998
21
-59.654229
31
0
39
0
210
0
220
0
230
1
0
LINE
5
223
100
AcDbEntity
8
1
62
256
6
ByLayer
370
18
48
1
60
1
100
AcDbLine
10
-46.499998
20
-59.654229
30
0
11
-50
21
-59.193445
31
0
39
0
210
0
220
0
230
1
0
LINE
5
225
100
AcDbEntity
8
1
62
256
6
ByLayer
370
18
48
1
60
1
100
AcDbLine
10
92
20
-59.193445
30
0
11
88.500002
21
-59.654229
31
0
39
0
210
0
220
0
230
1
0
LINE
5
226
100
AcDbEntity
8
1
62
256
6
ByLayer
370
18
48
1
60
1
100
AcDbLine
10
88.500002
20
-59.654229
30
0
11
88.499998
21
-58.732661
31
0
39
0
210
0
220
0
230
1
0
LINE
5
227
100
AcDbEntity
8
1
62
256
6
ByLayer
370
18
48
1
60
1
100
AcDbLine
10
88.499998
20
-58.732661
30
0
11
92
21
-59.193445
31
0
39
0
210
0
220
0
230
1
0
LINE
5
22B
100
AcDbEntity
8
1
62
256
6
ByLayer
370
18
48
1
60
1
100
AcDbLine
10
91.88874
20
-9.814454
30
0
11
94.899707
21
-11.657383
31
0
39
0
210
0
220
0
230
1
0
LINE
5
22C
100
AcDbEntity
8
1
62
256
6
ByLayer
370
18
48
1
60
1
100
AcDbLine
10
94.899707
20
-11.657383
30
0
11
94.320128
21
-12.373885
31
0
39
0
210
0
220
0
230
1
0
LINE
5
22D
100
AcDbEntity
8
1
62
256
6
ByLayer
370
18
48
1
60
1
100
AcDbLine
10
94.320128
20
-12.373885
30
0
11
91.88874
21
-9.814454
31
0
39
0
210
0
220
0
230
1
0
MTEXT
5
200
100
AcDbEntity
8
SK2
62
256
6
ByLayer
370
18
48
1
60
0
100
AcDbMText
10
-58.814634
20
-26.996089
30
0
210
0
220
0
230
1
1
%%c
40
3.5
41
0
44
1.084337
50
90
71
7
72
5
7
iso_b_vert
0
MTEXT
5
203
100
AcDbEntity
8
SK2
62
256
6
ByLayer
370
18
48
1
60
0
100
AcDbMText
10
-58.814634
20
-20.023432
30
0
210
0
220
0
230
1
1
\W0.6740;20
40
3.5
41
0
44
1.084337
50
90
71
7
72
5
7
iso_b_vert
0
MTEXT
5
20C
100
AcDbEntity
8
SK2
62
256
6
ByLayer
370
18
48
1
60
0
100
AcDbMText
10
15.317219
20
21.434844
30
0
210
0
220
0
230
1
1
%%c
40
3.5
41
0
44
1.084337
50
90
71
7
72
5
7
iso_b_vert
0
MTEXT
5
20D
100
AcDbEntity
8
SK2
62
256
6
ByLayer
370
18
48
1
60
0
100
AcDbMText
10
15.317219
20
28.4075
30
0
210
0
220
0
230
1
1
\W0.5469;19
40
3.5
41
0
44
1.084337
50
90
71
7
72
5
7
iso_b_vert
0
MTEXT
5
216
100
AcDbEntity
8
2
62
256
6
ByLayer
370
18
48
1
60
0
100
AcDbMText
10
102.435366
20
17.934844
30
0
210
0
220
0
230
1
1
%%c
40
3.5
41
0
44
1.084337
50
90
71
7
72
5
7
iso_b_vert
0
MTEXT
5
217
100
AcDbEntity
8
2
62
256
6
ByLayer
370
18
48
1
60
0
100
AcDbMText
10
102.435366
20
24.9075
30
0
210
0
220
0
230
1
1
\W0.6740;20
40
3.5
41
0
44
1.084337
50
90
71
7
72
5
7
iso_b_vert
0
MTEXT
5
220
100
AcDbEntity
8
SK2
62
256
6
ByLayer
370
18
48
1
60
0
100
AcDbMText
10
18.040467
20
-58.160811
30
0
210
0
220
0
230
1
1
\W0.6620;142
40
3.5
41
0
44
1.084337
50
0
71
7
72
5
7
iso_b_vert
0
MTEXT
5
229
100
AcDbEntity
8
SK2
62
256
6
ByLayer
370
18
48
1
60
0
100
AcDbMText
10
101.46552
20
-16.128022
30
0
210
0
220
0
230
1
1
\W0.6380;R
40
3.5
41
0
44
1.084337
50
321.030365978215
71
7
72
5
7
iso_b_vert
0
MTEXT
5
22A
100
AcDbEntity
8
SK2
62
256
6
ByLayer
370
18
48
1
60
0
100
AcDbMText
10
104.329753
20
-18.44492
30
0
210
0
220
0
230
1
1
\W0.7121;0.5
40
3.5
41
0
44
1.084337
50
321.030365978215
71
7
72
5
7
iso_b_vert
0
MTEXT
5
22F
100
AcDbEntity
8
SK6
62
256
6
ByLayer
370
18
48
1
60
0
100
AcDbMText
10
-1.892065
20
-62.091736
30
0
210
0
220
0
230
1
1
\W0.7355;2F366-2000-050-TD   1745
40
3
41
0
44
1.084337
50
0
71
7
72
5
7
iso_b_vert
0
HATCH
5
207
100
AcDbEntity
8
SK2
62
256
6
ByLayer
370
13
48
1
60
0
100
AcDbHatch
10
0
20
0
30
0
210
0
220
0
230
1
2
ANSI31
70
0
71
0
91
1
92
5
93
3
72
1
10
-57.2500000000001
20
10
11
-56.7892162584473
21
6.50000169255318
72
1
10
-56.7892162584473
20
6.50000169255318
11
-57.7107837415528
21
6.49999830744682
72
1
10
-57.7107837415528
20
6.49999830744682
11
-57.2500000000001
21
10
97
0
75
0
76
1
52
0
41
0.0062
77
0
78
1
53
45
43
0
44
0
45
-0.0139193969876572
46
0.0139193969876572
79
0
47
0
98
1
10
0
20
0
0
HATCH
5
20B
100
AcDbEntity
8
SK2
62
256
6
ByLayer
370
13
48
1
60
0
100
AcDbHatch
10
0
20
0
30
0
210
0
220
0
230
1
2
ANSI31
70
0
71
0
91
1
92
5
93
3
72
1
10
-57.2500000000001
20
-10
11
-57.7107837415528
21
-6.50000169255318
72
1
10
-57.7107837415528
20
-6.50000169255318
11
-56.7892162584473
21
-6.49999830744682
72
1
10
-56.7892162584473
20
-6.49999830744682
11
-57.2500000000001
21
-10
97
0
75
0
76
1
52
0
41
0.0062
77
0
78
1
53
45
43
0
44
0
45
-0.0139193969876572
46
0.0139193969876572
79
0
47
0
98
1
10
0
20
0
0
HATCH
5
211
100
AcDbEntity
8
SK2
62
256
6
ByLayer
370
13
48
1
60
0
100
AcDbHatch
10
0
20
0
30
0
210
0
220
0
230
1
2
ANSI31
70
0
71
0
91
1
92
5
93
3
72
1
10
16.8818521629726
20
9.49999999999989
11
17.3426359045254
21
6.00000169255307
72
1
10
17.3426359045254
20
6.00000169255307
11
16.4210684214199
21
5.9999983074467
72
1
10
16.4210684214199
20
5.9999983074467
11
16.8818521629726
21
9.49999999999989
97
0
75
0
76
1
52
0
41
0.0062
77
0
78
1
53
45
43
0
44
0
45
-0.0139193969876572
46
0.0139193969876572
79
0
47
0
98
1
10
0
20
0
0
HATCH
5
215
100
AcDbEntity
8
SK2
62
256
6
ByLayer
370
13
48
1
60
0
100
AcDbHatch
10
0
20
0
30
0
210
0
220
0
230
1
2
ANSI31
70
0
71
0
91
1
92
5
93
3
72
1
10
16.8818521629726
20
-9.50000000000011
11
16.4210684214199
21
-6.0000016925533
72
1
10
16.4210684214199
20
-6.0000016925533
11
17.3426359045254
21
-5.99999830744693
72
1
10
17.3426359045254
20
-5.99999830744693
11
16.8818521629726
21
-9.50000000000011
97
0
75
0
76
1
52
0
41
0.0062
77
0
78
1
53
45
43
0
44
0
45
-0.0139193969876572
46
0.0139193969876572
79
0
47
0
98
1
10
0
20
0
0
HATCH
5
21B
100
AcDbEntity
8
2
62
256
6
ByLayer
370
13
48
1
60
0
100
AcDbHatch
10
0
20
0
30
0
210
0
220
0
230
1
2
ANSI31
70
0
71
0
91
1
92
5
93
3
72
1
10
104
20
9.99999999999989
11
104.460783741553
21
6.50000169255307
72
1
10
104.460783741553
20
6.50000169255307
11
103.539216258447
21
6.4999983074467
72
1
10
103.539216258447
20
6.4999983074467
11
104
21
9.99999999999989
97
0
75
0
76
1
52
0
41
0.0062
77
0
78
1
53
45
43
0
44
0
45
-0.0139193969876572
46
0.0139193969876572
79
0
47
0
98
1
10
0
20
0
0
HATCH
5
21F
100
AcDbEntity
8
2
62
256
6
ByLayer
370
13
48
1
60
0
100
AcDbHatch
10
0
20
0
30
0
210
0
220
0
230
1
2
ANSI31
70
0
71
0
91
1
92
5
93
3
72
1
10
104
20
-10.0000000000001
11
103.539216258447
21
-6.5000016925533
72
1
10
103.539216258447
20
-6.5000016925533
11
104.460783741553
21
-6.49999830744693
72
1
10
104.460783741553
20
-6.49999830744693
11
104
21
-10.0000000000001
97
0
75
0
76
1
52
0
41
0.0062
77
0
78
1
53
45
43
0
44
0
45
-0.0139193969876572
46
0.0139193969876572
79
0
47
0
98
1
10
0
20
0
0
HATCH
5
224
100
AcDbEntity
8
SK2
62
256
6
ByLayer
370
13
48
1
60
0
100
AcDbHatch
10
0
20
0
30
0
210
0
220
0
230
1
2
ANSI31
70
0
71
0
91
1
92
5
93
3
72
1
10
-50
20
-59.1934447784417
11
-46.5000016925532
21
-58.7326610368889
72
1
10
-46.5000016925532
20
-58.7326610368889
11
-46.4999983074468
21
-59.6542285199944
72
1
10
-46.4999983074468
20
-59.6542285199944
11
-50
21
-59.1934447784417
97
0
75
0
76
1
52
0
41
0.0062
77
0
78
1
53
45
43
0
44
0
45
-0.0139193969876572
46
0.0139193969876572
79
0
47
0
98
1
10
0
20
0
0
HATCH
5
228
100
AcDbEntity
8
SK2
62
256
6
ByLayer
370
13
48
1
60
0
100
AcDbHatch
10
0
20
0
30
0
210
0
220
0
230
1
2
ANSI31
70
0
71
0
91
1
92
5
93
3
72
1
10
92.0000000000001
20
-59.1934447784417
11
88.5000016925533
21
-59.6542285199944
72
1
10
88.5000016925533
20
-59.6542285199944
11
88.4999983074468
21
-58.7326610368889
72
1
10
88.4999983074468
20
-58.7326610368889
11
92.0000000000001
21
-59.1934447784417
97
0
75
0
76
1
52
0
41
0.0062
77
0
78
1
53
45
43
0
44
0
45
-0.0139193969876572
46
0.0139193969876572
79
0
47
0
98
1
10
0
20
0
0
HATCH
5
22E
100
AcDbEntity
8
SK2
62
256
6
ByLayer
370
13
48
1
60
0
100
AcDbHatch
10
0
20
0
30
0
210
0
220
0
230
1
2
ANSI31
70
0
71
0
91
1
92
5
93
3
72
1
10
91.8887396917413
20
-9.81445421298665
11
94.8997069956193
21
-11.6573827801285
72
1
10
94.8997069956193
20
-11.6573827801285
11
94.3201280722423
21
-12.373884627653
72
1
10
94.3201280722423
20
-12.373884627653
11
91.8887396917413
21
-9.81445421298665
97
0
75
0
76
1
52
0
41
0.0062
77
0
78
1
53
45
43
0
44
0
45
-0.0139193969876572
46
0.0139193969876572
79
0
47
0
98
1
10
0
20
0
0
DIMENSION
5
232
100
AcDbEntity
8
SK2
62
256
6
ByLayer
370
18
48
1
60
0
100
AcDbDimension
2
_U0
10
0
20
-49.193445
30
0
11
46
21
-49.193445
31
0
70
32
71
1
72
1
41
1
210
0
220
0
230
1
3
Standard
100
AcDbAlignedDimension
13
92
23
-10.05
33
0
14
0
24
0
34
0
50
0
100
AcDbRotatedDimension
1001
ACAD
1000
DSTYLE
1002
{
1070
   371
1070
    13
1070
   372
1070
    13
1070
   170
1070
     0
1070
   144
1040
1.0
1070
   277
1070
     2
1070
   284
1070
     8
1070
   278
1070
    46
1070
   146
1040
1.0
1070
   345
1005
16
1070
   347
1005
16
1070
   346
1005
16
1070
   344
1005
0
1070
   343
1005
0
1070
   172
1070
     1
1070
    76
1070
     0
1070
    75
1070
     0
1070
   282
1070
     0
1070
   281
1070
     0
1070
    71
1070
     0
1070
    74
1070
     0
1070
   279
1070
     0
1070
   173
1070
     1
1070
   340
1005
201
1070
   271
1070
     2
1070
   272
1070
     2
1070
    77
1070
     1
1070
    73
1070
     1
1070
   171
1070
     3
1070
   274
1070
     4
1070
   177
1070
     2
1070
   176
1070
     2
1070
   178
1070
     2
1070
    78
1070
     8
1070
    48
1040
-0.1
1070
    41
1040
3.5
1070
   147
1040
1.75
1070
    42
1040
1.5875
1070
    44
1040
2.0
1070
   140
1040
3.5
1002
}
1001
ACAD_DSTYLE_DIM_LINETYPE
1070
   380
1005
16
1001
ACAD_DSTYLE_DIM_EXT1_LINETYPE
1070
   381
1005
16
1001
ACAD_DSTYLE_DIM_EXT2_LINETYPE
1070
   382
1005
16
0
DIMENSION
5
24B
100
AcDbEntity
8
2
62
256
6
ByLayer
370
18
48
1
60
0
100
AcDbDimension
2
_U1
10
30
20
-27.693445
30
0
11
111.137984
21
-27.693445
31
0
70
32
71
1
72
1
41
1
210
0
220
0
230
1
3
Standard
100
AcDbAlignedDimension
13
92
23
-10.05
33
0
14
30
24
-10.05
34
0
50
0
100
AcDbRotatedDimension
1001
ACAD
1000
DSTYLE
1002
{
1070
   371
1070
    13
1070
   372
1070
    13
1070
   170
1070
     0
1070
   144
1040
1.0
1070
   277
1070
     2
1070
   284
1070
     8
1070
   278
1070
    46
1070
   146
1040
1.0
1070
   345
1005
16
1070
   347
1005
16
1070
   346
1005
16
1070
   344
1005
0
1070
   343
1005
0
1070
   172
1070
     1
1070
    76
1070
     0
1070
    75
1070
     0
1070
   282
1070
     0
1070
   281
1070
     0
1070
    71
1070
     0
1070
    74
1070
     0
1070
   279
1070
     0
1070
   173
1070
     1
1070
   340
1005
201
1070
   271
1070
     2
1070
   272
1070
     2
1070
    77
1070
     1
1070
    73
1070
     1
1070
   171
1070
     3
1070
   274
1070
     4
1070
   177
1070
     2
1070
   176
1070
     2
1070
   178
1070
     2
1070
    78
1070
     8
1070
    48
1040
-0.1
1070
    41
1040
3.5
1070
   147
1040
1.75
1070
    42
1040
1.5875
1070
    44
1040
2.0
1070
   140
1040
3.5
1002
}
1001
ACAD_DSTYLE_DIM_LINETYPE
1070
   380
1005
16
1001
ACAD_DSTYLE_DIM_EXT1_LINETYPE
1070
   381
1005
16
1001
ACAD_DSTYLE_DIM_EXT2_LINETYPE
1070
   382
1005
16
0
DIMENSION
5
264
100
AcDbEntity
8
SK2
62
256
6
ByLayer
370
18
48
1
60
0
100
AcDbDimension
2
_U2
10
1.997679
20
-42.193445
30
0
11
46.998839
21
-42.193445
31
0
70
32
71
1
72
1
41
1
210
0
220
0
230
1
3
Standard
100
AcDbAlignedDimension
13
92
23
-10.05
33
0
14
1.997679
24
-9.5
34
0
50
0
100
AcDbRotatedDimension
1001
ACAD
1000
DSTYLE
1002
{
1070
   371
1070
    13
1070
   372
1070
    13
1070
   170
1070
     0
1070
   144
1040
1.0
1070
   277
1070
     2
1070
   284
1070
     8
1070
   278
1070
    46
1070
   146
1040
1.0
1070
   345
1005
16
1070
   347
1005
16
1070
   346
1005
16
1070
   344
1005
0
1070
   343
1005
0
1070
   172
1070
     1
1070
    76
1070
     0
1070
    75
1070
     0
1070
   282
1070
     0
1070
   281
1070
     0
1070
    71
1070
     0
1070
    74
1070
     0
1070
   279
1070
     0
1070
   173
1070
     1
1070
   340
1005
201
1070
   271
1070
     2
1070
   272
1070
     2
1070
    77
1070
     1
1070
    73
1070
     1
1070
   171
1070
     3
1070
   274
1070
     4
1070
   177
1070
     2
1070
   176
1070
     2
1070
   178
1070
     2
1070
    78
1070
     8
1070
    48
1040
-0.1
1070
    41
1040
3.5
1070
   147
1040
1.75
1070
    42
1040
1.5875
1070
    44
1040
2.0
1070
   140
1040
3.5
1002
}
1001
ACAD_DSTYLE_DIM_LINETYPE
1070
   380
1005
16
1001
ACAD_DSTYLE_DIM_EXT1_LINETYPE
1070
   381
1005
16
1001
ACAD_DSTYLE_DIM_EXT2_LINETYPE
1070
   382
1005
16
0
ENDSEC
0
SECTION
2
OBJECTS
0
DICTIONARY
5
2ec
330
0
100
AcDbDictionary
280
0
281
1
3
ACAD_GROUP
350
2ed
3
ACAD_MLINESTYLE
350
2ee
0
DICTIONARY
5
2ed
330
0
100
AcDbDictionary
280
0
281
1
0
DICTIONARY
5
2ee
330
0
100
AcDbDictionary
280
0
281
1
3
Standard
350
18
0
MLINESTYLE
5
18
330
2ee
100
AcDbMlineStyle
2
Standard
70
0
3

62
256
51
90
52
90
71
2
49
-0.5
62
256
6
ByLayer
49
0.5
62
256
6
ByLayer
0
RASTERVARIABLES
5
2da
330

100
AcDbRasterVariables
90
0
70
1
71
1
72
1
0
ENDSEC
0
EOF
