0
SECTION
2
HEADER
9
$ACADVER
1
AC1015
9
$DWGCODEPAGE
3
ANSI_1252
9
$HANDSEED
5
318
9
$ANGBASE
50
0
9
$ANGDIR
70
0
9
$ATTMODE
70
1
9
$AUNITS
70
0
9
$AUPREC
70
0
9
$CECOLOR
62
256
9
$CELTSCALE
40
1
9
$CELTYPE
6
ByLayer
9
$CELWEIGHT
370
18
9
$CLAYER
8
0
9
$CMLJUST
70
0
9
$CMLSCALE
40
1
9
$CMLSTYLE
2
Standard
9
$DIMSTYLE
2
Standard
9
$TEXTSIZE
40
0.2
9
$TEXTSTYLE
7
Standard
9
$LUNITS
70
2
9
$LUPREC
70
4
9
$EXTNAMES
290
1
9
$INSUNITS
70
4
9
$LTSCALE
40
1
9
$LWDISPLAY
290
1
9
$PDMODE
70
0
9
$PDSIZE
40
0
9
$PLINEGEN
70
0
0
ENDSEC
0
SECTION
2
CLASSES
0
CLASS
1
RASTERVARIABLES
2
AcDbRasterVariables
3
ISM
90
0
280
0
281
0
0
ENDSEC
0
SECTION
2
TABLES
0
TABLE
2
VPORT
5
30e
100
AcDbSymbolTable
0
VPORT
5
1
100
AcDbSymbolTableRecord
100
AcDbViewportTableRecord
2
*Active
70
0
10
0
20
0
11
1
21
1
12
-1
22
1
13
0
23
0
14
0.5
24
0.5
15
10
25
10
16
0
26
0
36
1
17
0
27
0
37
0
0
ENDTAB
0
TABLE
2
LTYPE
5
30f
100
AcDbSymbolTable
0
LTYPE
5
14
100
AcDbSymbolTableRecord
100
AcDbLinetypeTableRecord
70
0
2
ByBlock
3

72
65
73
0
40
0
0
LTYPE
5
15
100
AcDbSymbolTableRecord
100
AcDbLinetypeTableRecord
70
0
2
ByLayer
3

72
65
73
0
40
0
0
LTYPE
5
16
100
AcDbSymbolTableRecord
100
AcDbLinetypeTableRecord
70
0
2
Continuous
3
Solid line
72
65
73
0
40
0
0
LTYPE
5
6E
100
AcDbSymbolTableRecord
100
AcDbLinetypeTableRecord
70
0
2
CENTER
3
____ _ ____ _ ____ _ ____
72
65
73
4
40
47.5
49
22
74
0
49
-8.5
74
0
49
8.5
74
0
49
-8.5
74
0
0
LTYPE
5
6F
100
AcDbSymbolTableRecord
100
AcDbLinetypeTableRecord
70
0
2
DASHED
3
__ __ __ __ __ __ __ __ __
72
65
73
2
40
25.72
49
12.86
74
0
49
-12.86
74
0
0
ENDTAB
0
TABLE
2
LAYER
5
310
100
AcDbSymbolTable
0
LAYER
5
10
100
AcDbSymbolTableRecord
100
AcDbLayerTableRecord
2
0
70
0
62
7
6
Continuous
290
1
370
-3
390
0
0
LAYER
5
71
100
AcDbSymbolTableRecord
100
AcDbLayerTableRecord
2
80
70
0
62
-6
6
Continuous
290
1
370
-3
390
0
0
LAYER
5
73
100
AcDbSymbolTableRecord
100
AcDbLayerTableRecord
2
81
70
0
62
-3
6
Continuous
290
1
370
-3
390
0
0
LAYER
5
75
100
AcDbSymbolTableRecord
100
AcDbLayerTableRecord
2
1
70
0
62
4
6
Continuous
290
1
370
-3
390
0
0
LAYER
5
7D
100
AcDbSymbolTableRecord
100
AcDbLayerTableRecord
2
4
70
0
62
-2
6
CENTER
290
1
370
-3
390
0
0
LAYER
5
C7
100
AcDbSymbolTableRecord
100
AcDbLayerTableRecord
2
2
70
0
62
7
6
Continuous
290
1
370
-3
390
0
0
LAYER
5
254
100
AcDbSymbolTableRecord
100
AcDbLayerTableRecord
2
Defpoints
70
0
62
7
6
Continuous
290
0
370
-3
390
0
0
LAYER
5
2fa
100
AcDbSymbolTableRecord
100
AcDbLayerTableRecord
2
SK4
70
0
62
2
6
CENTER
290
1
370
-3
390
0
0
LAYER
5
2fb
100
AcDbSymbolTableRecord
100
AcDbLayerTableRecord
2
SK1
70
0
62
4
6
Continuous
290
1
370
-3
390
0
0
LAYER
5
2fc
100
AcDbSymbolTableRecord
100
AcDbLayerTableRecord
2
SK2
70
0
62
7
6
Continuous
290
1
370
-3
390
0
0
LAYER
5
2fd
100
AcDbSymbolTableRecord
100
AcDbLayerTableRecord
2
SK6
70
0
62
5
6
Continuous
290
1
370
-3
390
0
0
ENDTAB
0
TABLE
2
STYLE
5
311
100
AcDbSymbolTable
0
STYLE
5
11
100
AcDbSymbolTableRecord
100
AcDbTextStyleTableRecord
2
Standard
3
txt
70
0
71
0
40
0
41
1
42
0
50
0
0
STYLE
5
220
100
AcDbSymbolTableRecord
100
AcDbTextStyleTableRecord
2
iso_b_vert
3
simplex.shx
70
0
71
0
40
0
41
1
42
0
50
0
0
STYLE
5
221
100
AcDbSymbolTableRecord
100
AcDbTextStyleTableRecord
2
DWGDirectTextStyle
3
simplex
70
0
71
0
40
0
41
1
42
0
50
0
0
ENDTAB
0
TABLE
2
DIMSTYLE
5
312
100
AcDbSymbolTable
100
AcDbDimStyleTable
0
DIMSTYLE
105
27
100
AcDbSymbolTableRecord
100
AcDbDimStyleTableRecord
2
Standard
70
0
3
<>
41
0.18
42
0.0625
44
0.18
140
0.18
147
0.09
73
0
74
0
77
1
271
2
275
0
278
52
280
0
340
11
0
ENDTAB
0
TABLE
2
VIEW
5
313
100
AcDbSymbolTable
0
ENDTAB
0
TABLE
2
UCS
5
314
100
AcDbSymbolTable
0
ENDTAB
0
TABLE
2
APPID
5
315
100
AcDbSymbolTable
0
APPID
5
12
100
AcDbSymbolTableRecord
100
AcDbRegAppTableRecord
2
ACAD
70
0
0
APPID
5
250
100
AcDbSymbolTableRecord
100
AcDbRegAppTableRecord
2
ACAD_DSTYLE_DIMBREAK
70
0
0
APPID
5
2B9
100
AcDbSymbolTableRecord
100
AcDbRegAppTableRecord
2
ACAD_DSTYLE_DIM_LINETYPE
70
0
0
APPID
5
2BA
100
AcDbSymbolTableRecord
100
AcDbRegAppTableRecord
2
ACAD_DSTYLE_DIM_EXT1_LINETYPE
70
0
0
APPID
5
2BB
100
AcDbSymbolTableRecord
100
AcDbRegAppTableRecord
2
ACAD_DSTYLE_DIM_EXT2_LINETYPE
70
0
0
APPID
5
2F6
100
AcDbSymbolTableRecord
100
AcDbRegAppTableRecord
2
ACAD_MLEADERVER
70
0
0
ENDTAB
0
TABLE
2
BLOCK_RECORD
5
316
100
AcDbSymbolTable
0
BLOCK_RECORD
5
1F
100
AcDbSymbolTableRecord
100
AcDbBlockTableRecord
2
*Model_Space
340
0
70
0
0
BLOCK_RECORD
5
1B
100
AcDbSymbolTableRecord
100
AcDbBlockTableRecord
2
*Paper_Space
340
0
70
0
0
BLOCK_RECORD
5
23
100
AcDbSymbolTableRecord
100
AcDbBlockTableRecord
2
*Paper_Space0
340
0
70
0
0
BLOCK_RECORD
5
255
100
AcDbSymbolTableRecord
100
AcDbBlockTableRecord
2
*D1
340
0
70
0
0
BLOCK_RECORD
5
261
100
AcDbSymbolTableRecord
100
AcDbBlockTableRecord
2
_U0
340
0
70
0
0
BLOCK_RECORD
5
26D
100
AcDbSymbolTableRecord
100
AcDbBlockTableRecord
2
*D3
340
0
70
0
0
BLOCK_RECORD
5
27A
100
AcDbSymbolTableRecord
100
AcDbBlockTableRecord
2
_U1
340
0
70
0
0
BLOCK_RECORD
5
286
100
AcDbSymbolTableRecord
100
AcDbBlockTableRecord
2
*D5
340
0
70
0
0
BLOCK_RECORD
5
292
100
AcDbSymbolTableRecord
100
AcDbBlockTableRecord
2
_U2
340
0
70
0
0
ENDTAB
0
ENDSEC
0
SECTION
2
BLOCKS
0
BLOCK
5
20
100
AcDbEntity
8
0
100
AcDbBlockBegin
2
*Model_Space
70
0
10
0
20
0
30
0
3
*Model_Space
0
ENDBLK
5
21
100
AcDbEntity
8
0
100
AcDbBlockEnd
0
BLOCK
5
1C
100
AcDbEntity
8
0
100
AcDbBlockBegin
2
*Paper_Space
70
0
10
0
20
0
30
0
3
*Paper_Space
0
ENDBLK
5
1D
100
AcDbEntity
8
0
100
AcDbBlockEnd
0
BLOCK
5
24
100
AcDbEntity
8
0
100
AcDbBlockBegin
2
*Paper_Space0
70
0
10
0
20
0
30
0
3
*Paper_Space0
0
ENDBLK
5
25
100
AcDbEntity
8
0
100
AcDbBlockEnd
0
BLOCK
5
256
100
AcDbEntity
8
0
100
AcDbBlockBegin
2
*D1
70
1
10
0
20
0
30
0
3
*D1
0
LINE
5
258
100
AcDbEntity
8
0
62
256
6
ByLayer
370
-2
48
1
60
0
100
AcDbLine
10
58
20
-7.6375
30
0
11
58
21
-47.181455
31
0
39
0
210
0
220
0
230
1
0
LINE
5
259
100
AcDbEntity
8
0
62
256
6
ByLayer
370
-2
48
1
60
0
100
AcDbLine
10
0
20
-1.5875
30
0
11
0
21
-47.181455
31
0
39
0
210
0
220
0
230
1
0
LINE
5
25A
100
AcDbEntity
8
0
62
256
6
ByLayer
370
-2
48
1
60
0
100
AcDbLine
10
54.5
20
-45.181455
30
0
11
3.5
21
-45.181455
31
0
39
0
210
0
220
0
230
1
0
SOLID
5
25B
100
AcDbEntity
8
0
62
256
6
ByLayer
370
-1
48
1
60
0
100
AcDbTrace
10
54.5
20
-45.764789
30
0
11
54.5
21
-44.598122
31
0
12
58
22
-45.181455
32
0
13
58
23
-45.181455
33
0
39
0
210
0
220
0
230
1
0
SOLID
5
25C
100
AcDbEntity
8
0
62
256
6
ByLayer
370
-1
48
1
60
0
100
AcDbTrace
10
3.5
20
-44.598122
30
0
11
3.5
21
-45.764789
31
0
12
0
22
-45.181455
32
0
13
0
23
-45.181455
33
0
39
0
210
0
220
0
230
1
0
MTEXT
5
25D
100
AcDbEntity
8
0
62
256
6
ByLayer
370
18
48
1
60
0
100
AcDbMText
10
29
20
-38.181455
30
0
210
0
220
0
230
1
1
\A1;58
40
3.5
41
0
44
1
50
0
71
5
72
5
7
iso_b_vert
0
POINT
5
25E
100
AcDbEntity
8
Defpoints
62
0
6
ByLayer
370
-1
48
1
60
0
100
AcDbPoint
10
58
20
-6.05
30
0
39
0
210
0
220
0
230
1
50
360
0
POINT
5
25F
100
AcDbEntity
8
Defpoints
62
0
6
ByLayer
370
-1
48
1
60
0
100
AcDbPoint
10
0
20
0
30
0
39
0
210
0
220
0
230
1
50
360
0
POINT
5
260
100
AcDbEntity
8
Defpoints
62
0
6
ByLayer
370
-1
48
1
60
0
100
AcDbPoint
10
0
20
-45.181455
30
0
39
0
210
0
220
0
230
1
50
360
0
ENDBLK
5
257
100
AcDbEntity
8
0
100
AcDbBlockEnd
0
BLOCK
5
268
100
AcDbEntity
8
0
100
AcDbBlockBegin
2
_U0
70
0
10
0
20
0
30
0
3
_U0
0
MTEXT
5
262
100
AcDbEntity
8
SK2
62
256
6
ByLayer
370
18
48
1
60
0
100
AcDbMText
10
27.095034
20
-44.148822
30
0
210
0
220
0
230
1
1
\W0.6740;58
40
3.5
41
0
44
1.084337
50
0
71
7
72
5
7
iso_b_vert
0
LINE
5
263
100
AcDbEntity
8
SK2
62
256
6
ByLayer
370
13
48
1
60
0
100
AcDbLine
10
58
20
-7.6375
30
0
11
58
21
-47.181455
31
0
39
0
210
0
220
0
230
1
0
LINE
5
264
100
AcDbEntity
8
SK2
62
256
6
ByLayer
370
13
48
1
60
0
100
AcDbLine
10
0
20
-1.5875
30
0
11
0
21
-47.181455
31
0
39
0
210
0
220
0
230
1
0
LINE
5
265
100
AcDbEntity
8
SK2
62
256
6
ByLayer
370
13
48
1
60
0
100
AcDbLine
10
58
20
-45.181455
30
0
11
0
21
-45.181455
31
0
39
0
210
0
220
0
230
1
0
SOLID
5
266
100
AcDbEntity
8
SK2
62
256
6
ByLayer
370
18
48
1
60
0
100
AcDbTrace
10
58
20
-45.181455
30
0
11
54.500002
21
-45.642239
31
0
12
54.499998
22
-44.720671
32
0
13
54.499998
23
-44.720671
33
0
39
0
210
0
220
0
230
1
0
SOLID
5
267
100
AcDbEntity
8
SK2
62
256
6
ByLayer
370
18
48
1
60
0
100
AcDbTrace
10
0
20
-45.181455
30
0
11
3.499998
21
-44.720671
31
0
12
3.500002
22
-45.642239
32
0
13
3.500002
23
-45.642239
33
0
39
0
210
0
220
0
230
1
0
ENDBLK
5
269
100
AcDbEntity
8
0
100
AcDbBlockEnd
0
BLOCK
5
26E
100
AcDbEntity
8
0
100
AcDbBlockBegin
2
*D3
70
1
10
0
20
0
30
0
3
*D3
0
LINE
5
270
100
AcDbEntity
8
0
62
256
6
ByLayer
370
-2
48
1
60
0
100
AcDbLine
10
58
20
-7.6375
30
0
11
58
21
-25.681455
31
0
39
0
210
0
220
0
230
1
0
LINE
5
271
100
AcDbEntity
8
0
62
256
6
ByLayer
370
-2
48
1
60
0
100
AcDbLine
10
20
20
-7.6375
30
0
11
20
21
-25.681455
31
0
39
0
210
0
220
0
230
1
0
LINE
5
272
100
AcDbEntity
8
0
62
256
6
ByLayer
370
-2
48
1
60
0
100
AcDbLine
10
58
20
-23.681455
30
0
11
82.578748
21
-23.681455
31
0
39
0
210
0
220
0
230
1
0
LINE
5
273
100
AcDbEntity
8
0
62
256
6
ByLayer
370
-2
48
1
60
0
100
AcDbLine
10
54.5
20
-23.681455
30
0
11
23.5
21
-23.681455
31
0
39
0
210
0
220
0
230
1
0
SOLID
5
274
100
AcDbEntity
8
0
62
256
6
ByLayer
370
-1
48
1
60
0
100
AcDbTrace
10
54.5
20
-24.264789
30
0
11
54.5
21
-23.098122
31
0
12
58
22
-23.681455
32
0
13
58
23
-23.681455
33
0
39
0
210
0
220
0
230
1
0
SOLID
5
275
100
AcDbEntity
8
0
62
256
6
ByLayer
370
-1
48
1
60
0
100
AcDbTrace
10
23.5
20
-23.098122
30
0
11
23.5
21
-24.264789
31
0
12
20
22
-23.681455
32
0
13
20
23
-23.681455
33
0
39
0
210
0
220
0
230
1
0
MTEXT
5
276
100
AcDbEntity
8
0
62
256
6
ByLayer
370
18
48
1
60
0
100
AcDbMText
10
74.495415
20
-16.681455
30
0
210
0
220
0
230
1
1
\A1;38
40
3.5
41
0
44
1
50
0
71
5
72
5
7
iso_b_vert
0
POINT
5
277
100
AcDbEntity
8
Defpoints
62
0
6
ByLayer
370
-1
48
1
60
0
100
AcDbPoint
10
58
20
-6.05
30
0
39
0
210
0
220
0
230
1
50
360
0
POINT
5
278
100
AcDbEntity
8
Defpoints
62
0
6
ByLayer
370
-1
48
1
60
0
100
AcDbPoint
10
20
20
-6.05
30
0
39
0
210
0
220
0
230
1
50
360
0
POINT
5
279
100
AcDbEntity
8
Defpoints
62
0
6
ByLayer
370
-1
48
1
60
0
100
AcDbPoint
10
20
20
-23.681455
30
0
39
0
210
0
220
0
230
1
50
360
0
ENDBLK
5
26F
100
AcDbEntity
8
0
100
AcDbBlockEnd
0
BLOCK
5
281
100
AcDbEntity
8
0
100
AcDbBlockBegin
2
_U1
70
0
10
0
20
0
30
0
3
_U1
0
MTEXT
5
27B
100
AcDbEntity
8
2
62
256
6
ByLayer
370
18
48
1
60
0
100
AcDbMText
10
72.590449
20
-22.648822
30
0
210
0
220
0
230
1
1
\W0.6740;38
40
3.5
41
0
44
1.084337
50
0
71
7
72
5
7
iso_b_vert
0
LINE
5
27C
100
AcDbEntity
8
2
62
256
6
ByLayer
370
13
48
1
60
0
100
AcDbLine
10
58
20
-7.6375
30
0
11
58
21
-25.681455
31
0
39
0
210
0
220
0
230
1
0
LINE
5
27D
100
AcDbEntity
8
2
62
256
6
ByLayer
370
13
48
1
60
0
100
AcDbLine
10
20
20
-7.6375
30
0
11
20
21
-25.681455
31
0
39
0
210
0
220
0
230
1
0
LINE
5
27E
100
AcDbEntity
8
2
62
256
6
ByLayer
370
13
48
1
60
0
100
AcDbLine
10
20
20
-23.681455
30
0
11
76.585881
21
-23.681455
31
0
39
0
210
0
220
0
230
1
0
SOLID
5
27F
100
AcDbEntity
8
2
62
256
6
ByLayer
370
18
48
1
60
0
100
AcDbTrace
10
58
20
-23.681455
30
0
11
54.500002
21
-24.142239
31
0
12
54.499998
22
-23.220671
32
0
13
54.499998
23
-23.220671
33
0
39
0
210
0
220
0
230
1
0
SOLID
5
280
100
AcDbEntity
8
2
62
256
6
ByLayer
370
18
48
1
60
0
100
AcDbTrace
10
20
20
-23.681455
30
0
11
23.499998
21
-23.220671
31
0
12
23.500002
22
-24.142239
32
0
13
23.500002
23
-24.142239
33
0
39
0
210
0
220
0
230
1
0
ENDBLK
5
282
100
AcDbEntity
8
0
100
AcDbBlockEnd
0
BLOCK
5
287
100
AcDbEntity
8
0
100
AcDbBlockBegin
2
*D5
70
1
10
0
20
0
30
0
3
*D5
0
LINE
5
289
100
AcDbEntity
8
0
62
256
6
ByLayer
370
-2
48
1
60
0
100
AcDbLine
10
58
20
-7.6375
30
0
11
58
21
-40.181455
31
0
39
0
210
0
220
0
230
1
0
LINE
5
28A
100
AcDbEntity
8
0
62
256
6
ByLayer
370
-2
48
1
60
0
100
AcDbLine
10
3.997679
20
-7.2875
30
0
11
3.997679
21
-40.181455
31
0
39
0
210
0
220
0
230
1
0
LINE
5
28B
100
AcDbEntity
8
0
62
256
6
ByLayer
370
-2
48
1
60
0
100
AcDbLine
10
54.5
20
-38.181455
30
0
11
7.497679
21
-38.181455
31
0
39
0
210
0
220
0
230
1
0
SOLID
5
28C
100
AcDbEntity
8
0
62
256
6
ByLayer
370
-1
48
1
60
0
100
AcDbTrace
10
54.5
20
-38.764789
30
0
11
54.5
21
-37.598122
31
0
12
58
22
-38.181455
32
0
13
58
23
-38.181455
33
0
39
0
210
0
220
0
230
1
0
SOLID
5
28D
100
AcDbEntity
8
0
62
256
6
ByLayer
370
-1
48
1
60
0
100
AcDbTrace
10
7.497679
20
-37.598122
30
0
11
7.497679
21
-38.764789
31
0
12
3.997679
22
-38.181455
32
0
13
3.997679
23
-38.181455
33
0
39
0
210
0
220
0
230
1
0
MTEXT
5
28E
100
AcDbEntity
8
0
62
256
6
ByLayer
370
18
48
1
60
0
100
AcDbMText
10
30.998839
20
-31.181455
30
0
210
0
220
0
230
1
1
\A1;54
40
3.5
41
0
44
1
50
0
71
5
72
5
7
iso_b_vert
0
POINT
5
28F
100
AcDbEntity
8
Defpoints
62
0
6
ByLayer
370
-1
48
1
60
0
100
AcDbPoint
10
58
20
-6.05
30
0
39
0
210
0
220
0
230
1
50
360
0
POINT
5
290
100
AcDbEntity
8
Defpoints
62
0
6
ByLayer
370
-1
48
1
60
0
100
AcDbPoint
10
3.997679
20
-5.7
30
0
39
0
210
0
220
0
230
1
50
360
0
POINT
5
291
100
AcDbEntity
8
Defpoints
62
0
6
ByLayer
370
-1
48
1
60
0
100
AcDbPoint
10
3.997679
20
-38.181455
30
0
39
0
210
0
220
0
230
1
50
360
0
ENDBLK
5
288
100
AcDbEntity
8
0
100
AcDbBlockEnd
0
BLOCK
5
299
100
AcDbEntity
8
0
100
AcDbBlockBegin
2
_U2
70
0
10
0
20
0
30
0
3
_U2
0
MTEXT
5
293
100
AcDbEntity
8
SK2
62
256
6
ByLayer
370
18
48
1
60
0
100
AcDbMText
10
28.909607
20
-37.148822
30
0
210
0
220
0
230
1
1
\W0.7167;54
40
3.5
41
0
44
1.084337
50
0
71
7
72
5
7
iso_b_vert
0
LINE
5
294
100
AcDbEntity
8
SK2
62
256
6
ByLayer
370
13
48
1
60
0
100
AcDbLine
10
58
20
-7.6375
30
0
11
58
21
-40.181455
31
0
39
0
210
0
220
0
230
1
0
LINE
5
295
100
AcDbEntity
8
SK2
62
256
6
ByLayer
370
13
48
1
60
0
100
AcDbLine
10
3.997679
20
-7.2875
30
0
11
3.997679
21
-40.181455
31
0
39
0
210
0
220
0
230
1
0
LINE
5
296
100
AcDbEntity
8
SK2
62
256
6
ByLayer
370
13
48
1
60
0
100
AcDbLine
10
58
20
-38.181455
30
0
11
3.997679
21
-38.181455
31
0
39
0
210
0
220
0
230
1
0
SOLID
5
297
100
AcDbEntity
8
SK2
62
256
6
ByLayer
370
18
48
1
60
0
100
AcDbTrace
10
58
20
-38.181455
30
0
11
54.500002
21
-38.642239
31
0
12
54.499998
22
-37.720671
32
0
13
54.499998
23
-37.720671
33
0
39
0
210
0
220
0
230
1
0
SOLID
5
298
100
AcDbEntity
8
SK2
62
256
6
ByLayer
370
18
48
1
60
0
100
AcDbTrace
10
3.997679
20
-38.181455
30
0
11
7.497677
21
-37.720671
31
0
12
7.497681
22
-38.642239
32
0
13
7.497681
23
-38.642239
33
0
39
0
210
0
220
0
230
1
0
ENDBLK
5
29A
100
AcDbEntity
8
0
100
AcDbBlockEnd
0
ENDSEC
0
SECTION
2
ENTITIES
0
ARC
5
DD
100
AcDbEntity
8
1
62
256
6
ByLayer
370
18
48
1
60
0
100
AcDbCircle
39
0
10
3.997679
20
6.7
30
0
40
1
210
0
220
0
230
1
100
AcDbArc
50
240
51
270
0
ARC
5
DE
100
AcDbEntity
8
1
62
256
6
ByLayer
370
18
48
1
60
0
100
AcDbCircle
39
0
10
3.997679
20
-6.7
30
0
40
1
210
0
220
0
230
1
100
AcDbArc
50
90
51
120
0
ELLIPSE
5
DF
100
AcDbEntity
8
1
62
256
6
ByLayer
370
13
48
1
60
0
100
AcDbEllipse
10
24.812188
20
57.066855
30
0
11
32.5048561237714
21
-64.6326177900791
31
0
210
0
220
0
230
1
40
0.533923
41
-0.958074936490108
42
-0.888619964942771
0
ELLIPSE
5
E0
100
AcDbEntity
8
1
62
256
6
ByLayer
370
18
48
1
60
0
100
AcDbEllipse
10
23.288129
20
-74.999948
30
0
11
-2.60389700378743
21
-70.7223105106655
31
0
210
0
220
0
230
1
40
0.654691
41
-2.94939584295902
42
-2.91525373846857
0
ELLIPSE
5
E1
100
AcDbEntity
8
1
62
256
6
ByLayer
370
18
48
1
60
0
100
AcDbEllipse
10
57.239857
20
-0.328826
30
0
11
0.278281850238754
21
-1.10021513815951
31
0
210
0
220
0
230
1
40
0.693294
41
3.08009051497939
42
-3.05359679400668
0
ELLIPSE
5
E2
100
AcDbEntity
8
1
62
256
6
ByLayer
370
13
48
1
60
0
100
AcDbEllipse
10
24.812188
20
54.375326
30
0
11
34.3366638127562
21
-63.6783673804165
31
0
210
0
220
0
230
1
40
0.513309
41
-0.952233205905449
42
-0.927742431475062
0
ELLIPSE
5
E3
100
AcDbEntity
8
1
62
256
6
ByLayer
370
18
48
1
60
0
100
AcDbEllipse
10
23.288129
20
-38.190592
30
0
11
44.0725751424621
21
-55.3717762392119
31
0
210
0
220
0
230
1
40
0.260585
41
2.02320942197667
42
2.05735152646688
0
ELLIPSE
5
E4
100
AcDbEntity
8
1
62
256
6
ByLayer
370
13
48
1
60
0
100
AcDbEllipse
10
24.812188
20
-36.977533
30
0
11
45.0538831177689
21
-56.604669154019
31
0
210
0
220
0
230
1
40
0.260585
41
2.0049226469777
42
2.03249814380722
0
ELLIPSE
5
E5
100
AcDbEntity
8
1
62
256
6
ByLayer
370
13
48
1
60
0
100
AcDbEllipse
10
24.812188
20
-29.855017
30
0
11
46.1271862813563
21
-55.73350554012
31
0
210
0
220
0
230
1
40
0.196311
41
1.93128650267794
42
2.006258628264
0
ELLIPSE
5
E6
100
AcDbEntity
8
1
62
256
6
ByLayer
370
18
48
1
60
0
100
AcDbEllipse
10
15.546959
20
0
30
0
11
4.24596979887624
21
-5.33067693693413
31
0
210
0
220
0
230
1
40
0.475365
41
1.92837253444432
42
2.13149252560759
0
ELLIPSE
5
E7
100
AcDbEntity
8
1
62
256
6
ByLayer
370
18
48
1
60
0
100
AcDbEllipse
10
15.546959
20
0
30
0
11
0.823579111803117
21
5.65560919640216
31
0
210
0
220
0
230
1
40
0.862078
41
-2.99688179468097
42
-2.79376180351498
0
ELLIPSE
5
E8
100
AcDbEntity
8
1
62
256
6
ByLayer
370
18
48
1
60
0
100
AcDbEllipse
10
15.546959
20
0
30
0
11
4.8086791927138
21
-5.61400561572139
31
0
210
0
220
0
230
1
40
0.205124
41
-1.35837443856374
42
-1.15525444737455
0
POINT
5
70
100
AcDbEntity
8
80
62
256
6
ByLayer
370
18
48
1
60
0
100
AcDbPoint
10
0
20
0
30
0
39
0
210
0
220
0
230
1
50
360
0
POINT
5
72
100
AcDbEntity
8
81
62
256
6
ByLayer
370
18
48
1
60
0
100
AcDbPoint
10
58
20
0
30
0
39
0
210
0
220
0
230
1
50
360
0
POINT
5
74
100
AcDbEntity
8
1
62
256
6
ByLayer
370
18
48
1
60
1
100
AcDbPoint
10
58
20
-6.05
30
0
39
0
210
0
220
0
230
1
50
360
0
POINT
5
76
100
AcDbEntity
8
1
62
256
6
ByLayer
370
18
48
1
60
1
100
AcDbPoint
10
0
20
0
30
0
39
0
210
0
220
0
230
1
50
360
0
POINT
5
77
100
AcDbEntity
8
1
62
256
6
ByLayer
370
18
48
1
60
1
100
AcDbPoint
10
58
20
-6.05
30
0
39
0
210
0
220
0
230
1
50
360
0
POINT
5
78
100
AcDbEntity
8
1
62
256
6
ByLayer
370
18
48
1
60
1
100
AcDbPoint
10
20
20
-6.05
30
0
39
0
210
0
220
0
230
1
50
360
0
POINT
5
79
100
AcDbEntity
8
1
62
256
6
ByLayer
370
18
48
1
60
1
100
AcDbPoint
10
58
20
-6.05
30
0
39
0
210
0
220
0
230
1
50
360
0
POINT
5
7A
100
AcDbEntity
8
1
62
256
6
ByLayer
370
18
48
1
60
1
100
AcDbPoint
10
3.997679
20
-5.7
30
0
39
0
210
0
220
0
230
1
50
360
0
SPLINE
5
E9
100
AcDbEntity
8
1
62
256
6
ByLayer
370
18
48
1
60
0
100
AcDbSpline
70
4
71
3
72
13
73
9
40
0
40
0
40
0
40
0
40
0.148131738875486
40
0.325982573209271
40
0.503749441819267
40
0.681955539971123
40
0.860670159637261
40
1
40
1
40
1
40
1
41
1
10
31.7104799821875
20
-4.16468391834496
30
0
41
1
10
32.028669802574
20
-4.37091762850972
30
0
41
1
10
32.7300970545764
20
-4.79419758012816
30
0
41
1
10
33.8179011819498
20
-5.32797158316026
30
0
41
1
10
34.9712444169782
20
-5.73462254868306
30
0
41
1
10
36.1228492319364
20
-5.96969019054569
30
0
41
1
10
37.1886466044125
20
-6.02270698916962
30
0
41
1
10
37.8701081103529
20
-5.96222159520246
30
0
41
1
10
38.1683324773807
20
-5.91799304078387
30
0
0
SPLINE
5
EA
100
AcDbEntity
8
1
62
256
6
ByLayer
370
18
48
1
60
0
100
AcDbSpline
70
4
71
3
72
11
73
7
40
0
40
0
40
0
40
0
40
0.0828157821974291
40
0.492345815787607
40
0.901443678428866
40
1
40
1
40
1
40
1
41
1
10
45.1006532303717
20
-1.56186294297027
30
0
41
1
10
45.1782025137541
20
-1.62928167711297
30
0
41
1
10
45.6393022959014
20
-2.02825889680011
30
0
41
1
10
46.4842401163561
20
-2.73611239397738
30
0
41
1
10
47.3448413108561
20
-3.3961824283835
30
0
41
1
10
47.8213916290648
20
-3.73396927015926
30
0
41
1
10
47.9139148967224
20
-3.79845320453597
30
0
0
SPLINE
5
EB
100
AcDbEntity
8
1
62
256
6
ByLayer
370
18
48
1
60
0
100
AcDbSpline
70
4
71
5
72
13
73
7
40
0
40
0
40
0
40
0
40
0
40
0
40
0.531150315758638
40
1
40
1
40
1
40
1
40
1
40
1
41
1
10
20
20
4.87051068254888
30
0
41
1
10
20.6115968158963
20
5.19237148350683
30
0
41
1
10
21.7642249201103
20
5.70094803902637
30
0
41
1
10
22.9153956774411
20
6.00898344482951
30
0
41
1
10
24.0679696098678
20
6.08767249931648
30
0
41
1
10
25.2196835292862
20
5.94294728202487
30
0
41
1
10
25.759772827556
20
5.82706111188884
30
0
0
SPLINE
5
EC
100
AcDbEntity
8
1
62
256
6
ByLayer
370
18
48
1
60
0
100
AcDbSpline
70
4
71
5
72
15
73
9
40
0
40
0
40
0
40
0
40
0
40
0
40
0.2211
40
0.33
40
0.5511
40
1
40
1
40
1
40
1
40
1
40
1
41
1
10
32.8774155924944
20
1.55388681227174
30
0
41
1
10
33.2592582032556
20
1.22180879490682
30
0
41
1
10
33.8292988760201
20
0.716538883612827
30
0
41
1
10
34.780893925187
20
-0.142293472883466
30
0
41
1
10
36.5083558403339
20
-1.7075850394958
30
0
41
1
10
38.2350032721077
20
-3.16493641284009
30
0
41
1
10
39.5806530903716
20
-4.13590722155428
30
0
41
1
10
40.7375583565073
20
-4.79882448068784
30
0
41
1
10
41.5129186153495
20
-5.15590468739396
30
0
0
SPLINE
5
ED
100
AcDbEntity
8
1
62
256
6
ByLayer
370
18
48
1
60
0
100
AcDbSpline
70
4
71
5
72
13
73
7
40
0
40
0
40
0
40
0
40
0
40
0
40
0.400002711126821
40
1
40
1
40
1
40
1
40
1
40
1
41
1
10
25.7892428181074
20
0.726514677193251
30
0
41
1
10
26.2629374382652
20
0.30312501038722
30
0
41
1
10
27.4473648165003
20
-0.766646247931362
30
0
41
1
10
28.6313040519539
20
-1.83752250853803
30
0
41
1
10
29.8157559768567
20
-2.83795536180037
30
0
41
1
10
30.9999278711595
20
-3.70413862166259
30
0
41
1
10
31.7104799821847
20
-4.16468391834311
30
0
0
SPLINE
5
EE
100
AcDbEntity
8
1
62
256
6
ByLayer
370
18
48
1
60
0
100
AcDbSpline
70
4
71
3
72
15
73
11
40
0
40
0
40
0
40
0
40
0.0210619678492525
40
0.164477284790152
40
0.308272148613084
40
0.45238718296583
40
0.596668511553706
40
0.740950841810429
40
0.885104330882504
40
1
40
1
40
1
40
1
41
1
10
37.103357145796
20
4.83395099242605
30
0
41
1
10
37.1598249103309
20
4.80383390356604
30
0
41
1
10
37.600706761943
20
4.56462121369555
30
0
41
1
10
38.4257770073329
20
4.05849471037232
30
0
41
1
10
39.5770662972126
20
3.23139163830282
30
0
41
1
10
40.7279342516935
20
2.30842989915487
30
0
41
1
10
41.8787862660944
20
1.31680389378695
30
0
41
1
10
43.0297662139277
20
0.285881289339869
30
0
41
1
10
44.103668333319
20
-0.683941099467916
30
0
41
1
10
44.7942100078086
20
-1.29545204186221
30
0
41
1
10
45.1006521451582
20
-1.56186263062094
30
0
0
SPLINE
5
EF
100
AcDbEntity
8
1
62
256
6
ByLayer
370
18
48
1
60
0
100
AcDbSpline
70
4
71
3
72
14
73
10
40
0
40
0
40
0
40
0
40
0.0567895571372892
40
0.235375964292925
40
0.413867793738443
40
0.592435906091949
40
0.771252901253182
40
0.950520594984249
40
1
40
1
40
1
40
1
41
1
10
41.512918400936
20
-5.15590458864901
30
0
41
1
10
41.6348409980404
20
-5.21205419146537
30
0
41
1
10
42.1403255301552
20
-5.43412576631618
30
0
41
1
10
43.0299975400099
20
-5.74400291036184
30
0
41
1
10
44.1820640344748
20
-5.97402027847545
30
0
41
1
10
45.3341350607502
20
-6.02591052325013
30
0
41
1
10
46.486271070196
20
-5.89814164303263
30
0
41
1
10
47.3591883747848
20
-5.66804154908235
30
0
41
1
10
47.8478108399605
20
-5.49426196022043
30
0
41
1
10
47.9534382816442
20
-5.45464178886911
30
0
0
SPLINE
5
F0
100
AcDbEntity
8
1
62
256
6
ByLayer
370
18
48
1
60
0
100
AcDbSpline
70
4
71
5
72
13
73
7
40
0
40
0
40
0
40
0
40
0
40
0
40
0.535447749707737
40
1
40
1
40
1
40
1
40
1
40
1
41
1
10
20
20
-5.99993463765838
30
0
41
1
10
20.6196861987884
20
-5.9972432171821
30
0
41
1
10
21.7782537223851
20
-5.87120522719681
30
0
41
1
10
22.9352736671419
20
-5.51884494200749
30
0
41
1
10
24.0937438893602
20
-4.95584533236425
30
0
41
1
10
25.2513700797675
20
-4.22434439108059
30
0
41
1
10
25.7892428182587
20
-3.85309801927562
30
0
0
SPLINE
5
F1
100
AcDbEntity
8
1
62
256
6
ByLayer
370
18
48
1
60
0
100
AcDbSpline
70
4
71
5
72
13
73
7
40
0
40
0
40
0
40
0
40
0
40
0
40
0.533622915118961
40
1
40
1
40
1
40
1
40
1
40
1
41
1
10
20
20
5.01671535361902
30
0
41
1
10
20.6175744848819
20
4.71128152820924
30
0
41
1
10
21.7761353702451
20
4.0390113222669
30
0
41
1
10
22.9331656939612
20
3.19515334261027
30
0
41
1
10
24.0916300233608
20
2.2314526922566
30
0
41
1
10
25.2492575066472
20
1.20915806636609
30
0
41
1
10
25.7892428181074
20
0.726514677193251
30
0
0
SPLINE
5
F2
100
AcDbEntity
8
1
62
256
6
ByLayer
370
18
48
1
60
0
100
AcDbSpline
70
4
71
5
72
15
73
9
40
0
40
0
40
0
40
0
40
0
40
0
40
0.288849236769456
40
0.67
40
0.796710634849609
40
1
40
1
40
1
40
1
40
1
40
1
41
1
10
37.1033571457965
20
4.83395099242583
30
0
41
1
10
36.4497212773042
20
5.18256582188277
30
0
41
1
10
34.9337489417363
20
5.85617746260215
30
0
41
1
10
33.1307272703471
20
6.24123876251235
30
0
41
1
10
30.8681643182555
20
5.99920868881216
30
0
41
1
10
28.6051199822306
20
4.92180316147244
30
0
41
1
10
26.9960781010357
20
3.83458786768728
30
0
41
1
10
26.2492272557577
20
3.2751151831377
30
0
41
1
10
25.7892428181445
20
2.91300146933167
30
0
0
SPLINE
5
F3
100
AcDbEntity
8
1
62
256
6
ByLayer
370
18
48
1
60
0
100
AcDbSpline
70
4
71
5
72
13
73
7
40
0
40
0
40
0
40
0
40
0
40
0
40
0.492202134434901
40
1
40
1
40
1
40
1
40
1
40
1
41
1
10
25.7892428182587
20
-3.85309801927562
30
0
41
1
10
26.2574654796621
20
-3.52993883020926
30
0
41
1
10
27.2088303858348
20
-2.82508019572242
30
0
41
1
10
28.1600199054008
20
-2.03570256603339
30
0
41
1
10
29.111306177757
20
-1.19400853648466
30
0
41
1
10
30.0625977561787
20
-0.336313317063684
30
0
41
1
10
30.5456502763144
20
0.0985702920591507
30
0
0
SPLINE
5
F4
100
AcDbEntity
8
1
62
256
6
ByLayer
370
18
48
1
60
0
100
AcDbSpline
70
4
71
5
72
12
73
6
40
0
40
0
40
0
40
0
40
0
40
0
40
1
40
1
40
1
40
1
40
1
40
1
41
1
10
52.795298129482
20
-5.93013228589257
30
0
41
1
10
51.8190489830233
20
-5.79643282448254
30
0
41
1
10
50.8427480592446
20
-5.50361907850211
30
0
41
1
10
49.8664727349951
20
-5.05740258472042
30
0
41
1
10
48.8901649874164
20
-4.47884563091355
30
0
41
1
10
47.9139144147595
20
-3.79845466964048
30
0
0
SPLINE
5
F5
100
AcDbEntity
8
1
62
256
6
ByLayer
370
18
48
1
60
0
100
AcDbSpline
70
4
71
5
72
13
73
7
40
0
40
0
40
0
40
0
40
0
40
0
40
0.388980618070417
40
1
40
1
40
1
40
1
40
1
40
1
41
1
10
25.759772827556
20
5.82706111188884
30
0
41
1
10
26.2238745188351
20
5.72745212722708
30
0
41
1
10
27.417337935673
20
5.38005465710947
30
0
41
1
10
28.6099827130275
20
4.80692907488367
30
0
41
1
10
29.8036707755568
20
4.035090151281
30
0
41
1
10
30.9966179081684
20
3.12278347278243
30
0
41
1
10
31.7257122573729
20
2.52736989520903
30
0
0
SPLINE
5
F6
100
AcDbEntity
8
1
62
256
6
ByLayer
370
18
48
1
60
0
100
AcDbSpline
70
4
71
3
72
15
73
11
40
0
40
0
40
0
40
0
40
0.120863564847643
40
0.263868517967342
40
0.406390185770434
40
0.54884456721506
40
0.691650927479952
40
0.834864794038526
40
0.97846389077916
40
1
40
1
40
1
40
1
41
1
10
30.5456502763144
20
0.0985702920591791
30
0
41
1
10
30.8682444390749
20
0.388996046884301
30
0
41
1
10
31.573775971282
20
1.02342249477053
30
0
41
1
10
32.6646188814151
20
1.97914572582621
30
0
41
1
10
33.8179011819499
20
2.93047761861507
30
0
41
1
10
34.9712444169782
20
3.79425008548731
30
0
41
1
10
36.1228492319365
20
4.54360158731458
30
0
41
1
10
37.2742657486077
20
5.15753630419741
30
0
41
1
10
38.0984856777857
20
5.48704560261749
30
0
41
1
10
38.5392075975363
20
5.62650461364618
30
0
41
1
10
38.59667290792
20
5.6440586656465
30
0
0
SPLINE
5
F7
100
AcDbEntity
8
1
62
256
6
ByLayer
370
18
48
1
60
0
100
AcDbSpline
70
4
71
5
72
13
73
7
40
0
40
0
40
0
40
0
40
0
40
0
40
0.533622915118983
40
1
40
1
40
1
40
1
40
1
40
1
41
1
10
20
20
-2.12403829020551
30
0
41
1
10
20.6175744848856
20
-1.60338068686215
30
0
41
1
10
21.7761353702579
20
-0.586602106517205
30
0
41
1
10
22.9331656939792
20
0.480050233361965
30
0
41
1
10
24.0916300233885
20
1.5247413934012
30
0
41
1
10
25.2492575066813
20
2.48791953388189
30
0
41
1
10
25.7892428181453
20
2.91300146933233
30
0
0
SPLINE
5
F8
100
AcDbEntity
8
1
62
256
6
ByLayer
370
18
48
1
60
0
100
AcDbSpline
70
4
71
5
72
15
73
9
40
0
40
0
40
0
40
0
40
0
40
0
40
0.246304995082469
40
0.367619395645476
40
0.576304995082469
40
1
40
1
40
1
40
1
40
1
40
1
41
1
10
20
20
-1.57994920666061
30
0
41
1
10
20.5192440755353
20
-2.03145451258032
30
0
41
1
10
21.294959269185
20
-2.68654502810591
30
0
41
1
10
22.5102959448708
20
-3.65281837005162
30
0
41
1
10
24.6195362514896
20
-5.08330737247184
30
0
41
1
10
26.7285751472477
20
-5.92248874484619
30
0
41
1
10
28.3182810682123
20
-6.1263723904521
30
0
41
1
10
29.6519978862337
20
-5.99025963672685
30
0
41
1
10
30.5456502760419
20
-5.76924919169505
30
0
0
SPLINE
5
F9
100
AcDbEntity
8
1
62
256
6
ByLayer
370
18
48
1
60
0
100
AcDbSpline
70
4
71
3
72
9
73
5
40
0
40
0
40
0
40
0
40
0.817056439044673
40
1
40
1
40
1
40
1
41
1
10
31.7257122573729
20
2.52736989520903
30
0
41
1
10
32.0392677700488
20
2.27130535465207
30
0
41
1
10
32.4231626489831
20
1.94752251634458
30
0
41
1
10
32.8071639768253
20
1.61498283764345
30
0
41
1
10
32.8774155925021
20
1.55388684887336
30
0
0
SPLINE
5
FA
100
AcDbEntity
8
1
62
256
6
ByLayer
370
18
48
1
60
0
100
AcDbSpline
70
4
71
3
72
13
73
9
40
0
40
0
40
0
40
0
40
0.150226275590098
40
0.327268690808395
40
0.50451539514306
40
0.6817633300077
40
0.858852986073662
40
1
40
1
40
1
40
1
41
1
10
38.5966729079674
20
5.64406106805632
30
0
41
1
10
38.9233905207233
20
5.74386424264179
30
0
41
1
10
39.63434070731
20
5.91667554416304
30
0
41
1
10
40.7279342516935
20
6.02781232691299
30
0
41
1
10
41.8787862660944
20
5.96543228890945
30
0
41
1
10
43.0297662139278
20
5.72553216612053
30
0
41
1
10
44.1036683333506
20
5.3426942278127
30
0
41
1
10
44.7942100078718
20
5.01115632392586
30
0
41
1
10
45.100652145253
20
4.8486384916298
30
0
0
SPLINE
5
FB
100
AcDbEntity
8
1
62
256
6
ByLayer
370
18
48
1
60
0
100
AcDbSpline
70
4
71
1
72
4
73
2
40
0
40
0
40
1
40
1
41
1
10
57.8491094115138
20
0.79390263144623
30
0
41
1
10
57.8452919382024
20
0.769589959142735
30
0
0
SPLINE
5
FC
100
AcDbEntity
8
1
62
256
6
ByLayer
370
18
48
1
60
0
100
AcDbSpline
70
4
71
1
72
4
73
2
40
0
40
0
40
1
40
1
41
1
10
57.8491094115138
20
0.79390263144623
30
0
41
1
10
57.972069320573
20
1.72976477503596
30
0
0
SPLINE
5
FD
100
AcDbEntity
8
1
62
256
6
ByLayer
370
18
48
1
60
0
100
AcDbSpline
70
4
71
3
72
10
73
6
40
0
40
0
40
0
40
0
40
0.970104929221735
40
0.970104929221735
40
1
40
1
40
1
40
1
41
1
10
57.972970400888
20
-4.58263550154342
30
0
41
1
10
57.9738448070901
20
-4.6219186863986
30
0
41
1
10
57.9680006184026
20
-4.66088668585016
30
0
41
1
10
57.9550229915735
20
-4.70072933797738
30
0
41
1
10
57.9546285534634
20
-4.70191973259062
30
0
41
1
10
57.954227742516
20
-4.70310918626993
30
0
0
SPLINE
5
FE
100
AcDbEntity
8
1
62
256
6
ByLayer
370
18
48
1
60
0
100
AcDbSpline
70
4
71
3
72
10
73
6
40
0
40
0
40
0
40
0
40
0.899831897043663
40
0.899831897043663
40
1
40
1
40
1
40
1
41
1
10
57.9729704008882
20
1.73551614441792
30
0
41
1
10
57.9738448070893
20
1.75151524960413
30
0
41
1
10
57.9680006184012
20
1.76669778494738
30
0
41
1
10
57.9540094942829
20
1.78265932070676
30
0
41
1
10
57.9525235899082
20
1.78424577703021
30
0
41
1
10
57.9509578743709
20
1.78581581002496
30
0
0
SPLINE
5
FF
100
AcDbEntity
8
1
62
256
6
ByLayer
370
13
48
1
60
0
100
AcDbSpline
70
4
71
1
72
4
73
2
40
0
40
0
40
1
40
1
41
1
10
57.8491094115132
20
-5.02787290153748
30
0
41
1
10
57.9720693205721
20
-4.56866251271188
30
0
0
SPLINE
5
100
100
AcDbEntity
8
1
62
256
6
ByLayer
370
18
48
1
60
0
100
AcDbSpline
70
4
71
3
72
24
73
20
40
0
40
0
40
0
40
0
40
0.250000000000005
40
0.250000000000005
40
0.500000000000009
40
0.500000000000009
40
0.625000000000012
40
0.625000000000012
40
0.750000000000015
40
0.750000000000015
40
0.812500000000011
40
0.812500000000011
40
0.875000000000006
40
0.875000000000006
40
0.937500000000001
40
0.937500000000001
40
0.968750000000001
40
0.968750000000001
40
1
40
1
40
1
40
1
41
1
10
57.7156573045463
20
-5.49878230792513
30
0
41
1
10
57.7287622653544
20
-5.46690174123407
30
0
41
1
10
57.7417729484822
20
-5.43426202210429
30
0
41
1
10
57.7674594816614
20
-5.36676875743674
30
0
41
1
10
57.7801542148117
20
-5.33192127901293
30
0
41
1
10
57.7986498913563
20
-5.27694752338644
30
0
41
1
10
57.8047315331518
20
-5.25813542687439
30
0
41
1
10
57.8165335064524
20
-5.21934578115983
30
0
41
1
10
57.8222680243918
20
-5.19936754369229
30
0
41
1
10
57.8304160624973
20
-5.16780999172317
30
0
41
1
10
57.8330397162405
20
-5.15707597935176
30
0
41
1
10
57.8379920267382
20
-5.13510107042717
30
0
41
1
10
57.8403379835271
20
-5.12379016036425
30
0
41
1
10
57.8445201148533
20
-5.100593853953
30
0
41
1
10
57.8463378014997
20
-5.0888506175832
30
0
41
1
10
57.8483831000681
20
-5.07087423123147
30
0
41
1
10
57.8489371152298
20
-5.06490707444775
30
0
41
1
10
57.8497220943719
20
-5.05322754027512
30
0
41
1
10
57.8499565632193
20
-5.04744285246866
30
0
41
1
10
57.8500003646669
20
-5.04188371160626
30
0
0
SPLINE
5
101
100
AcDbEntity
8
1
62
256
6
ByLayer
370
18
48
1
60
0
100
AcDbSpline
70
4
71
1
72
4
73
2
40
0
40
0
40
1
40
1
41
1
10
57.8500003646669
20
-5.04188371160632
30
0
41
1
10
57.8491094115132
20
-5.02787290153748
30
0
0
SPLINE
5
102
100
AcDbEntity
8
1
62
256
6
ByLayer
370
18
48
1
60
0
100
AcDbSpline
70
4
71
1
72
4
73
2
40
0
40
0
40
1
40
1
41
1
10
57.8491094115132
20
-5.02787290153748
30
0
41
1
10
57.8452919382024
20
-4.9678406840435
30
0
0
SPLINE
5
103
100
AcDbEntity
8
1
62
256
6
ByLayer
370
18
48
1
60
0
100
AcDbSpline
70
4
71
3
72
10
73
6
40
0
40
0
40
0
40
0
40
0.5
40
0.5
40
1
40
1
40
1
40
1
41
1
10
16.4302170644207
20
-5.51348754479491
30
0
41
1
10
16.5262004029011
20
-5.47617506504992
30
0
41
1
10
16.621654428121
20
-5.4358941500457
30
0
41
1
10
16.8115215155044
20
-5.34949450778245
30
0
41
1
10
16.9059333472744
20
-5.30336888036766
30
0
41
1
10
16.9998052447753
20
-5.25421525414598
30
0
0
SPLINE
5
104
100
AcDbEntity
8
1
62
256
6
ByLayer
370
18
48
1
60
0
100
AcDbSpline
70
4
71
3
72
24
73
20
40
0
40
0
40
0
40
0
40
0.249999999999957
40
0.249999999999957
40
0.312499999999947
40
0.312499999999947
40
0.374999999999937
40
0.374999999999937
40
0.499999999999951
40
0.499999999999951
40
0.624999999999965
40
0.624999999999965
40
0.749999999999979
40
0.749999999999979
40
0.812499999999984
40
0.812499999999984
40
0.874999999999989
40
0.874999999999989
40
1
40
1
40
1
40
1
41
1
10
57.9729704008881
20
5.4852758427339
30
0
41
1
10
57.9738448070897
20
5.53297935090765
30
0
41
1
10
57.9680006184022
20
5.57988132897049
30
0
41
1
10
57.9522635437065
20
5.63750288099135
30
0
41
1
10
57.9486902439267
20
5.64894439382292
30
0
41
1
10
57.9407967368983
20
5.67136185674309
30
0
41
1
10
57.9364654420555
20
5.6823817051704
30
0
41
1
10
57.9223369503121
20
5.71488394220984
30
0
41
1
10
57.9114090589046
20
5.73581094446476
30
0
41
1
10
57.8865207844635
20
5.77617541801143
30
0
41
1
10
57.8724582794681
20
5.79570317623467
30
0
41
1
10
57.842089964699
20
5.83204690259757
30
0
41
1
10
57.8257155267364
20
5.84901014205707
30
0
41
1
10
57.7993911627461
20
5.87266512952186
30
0
41
1
10
57.7903220242387
20
5.88025123866393
30
0
41
1
10
57.7715868424622
20
5.89481735342267
30
0
41
1
10
57.7618796029116
20
5.90182328988379
30
0
41
1
10
57.7321921689872
20
5.92166135931777
30
0
41
1
10
57.7116632167336
20
5.93333087075428
30
0
41
1
10
57.6904195847407
20
5.94349230844242
30
0
0
SPLINE
5
105
100
AcDbEntity
8
1
62
256
6
ByLayer
370
18
48
1
60
0
100
AcDbSpline
70
4
71
3
72
10
73
6
40
0
40
0
40
0
40
0
40
0.508130171548024
40
0.508130171548024
40
1
40
1
40
1
40
1
41
1
10
57.4489531757617
20
-1.99E-13
30
0
41
1
10
57.4297701474503
20
0.0083202969543663
30
0
41
1
10
57.4108251015451
20
0.0169087422989662
30
0
41
1
10
57.3739865329684
20
0.0342306572062796
30
0
41
1
10
57.3560379092213
20
0.0429725904962766
30
0
41
1
10
57.3385041833019
20
0.0517548195934125
30
0
0
SPLINE
5
106
100
AcDbEntity
8
1
62
256
6
ByLayer
370
18
48
1
60
0
100
AcDbSpline
70
4
71
3
72
8
73
4
40
0
40
0
40
0
40
0
40
1
40
1
40
1
40
1
41
1
10
54.6194930425799
20
-5.94958509584731
30
0
41
1
10
54.6193347096314
20
-5.95394775120832
30
0
41
1
10
54.6191740844949
20
-5.95615105463258
30
0
41
1
10
54.6190103965551
20
-5.95619328778432
30
0
0
SPLINE
5
107
100
AcDbEntity
8
1
62
256
6
ByLayer
370
18
48
1
60
0
100
AcDbSpline
70
4
71
3
72
8
73
4
40
0
40
0
40
0
40
0
40
1
40
1
40
1
40
1
41
1
10
57.7156573045463
20
-5.4987823079251
30
0
41
1
10
57.6434485317324
20
-5.55786985381701
30
0
41
1
10
57.5719285028064
20
-5.60248232007584
30
0
41
1
10
57.5011304806928
20
-5.63192063192125
30
0
0
SPLINE
5
108
100
AcDbEntity
8
1
62
256
6
ByLayer
370
18
48
1
60
0
100
AcDbSpline
70
4
71
3
72
27
73
23
40
0
40
0
40
0
40
0
40
0.0699985728732003
40
0.0699985728732003
40
0.139997145746401
40
0.139997145746401
40
0.279994291492801
40
0.419991437239202
40
0.419991437239202
40
0.489990010112402
40
0.489990010112402
40
0.559988582985602
40
0.559988582985602
40
0.699985728732003
40
0.699985728732003
40
0.839982874478403
40
0.839982874478403
40
0.909981447351614
40
0.909981447351614
40
0.979980020224825
40
0.979980020224825
40
1
40
1
40
1
40
1
41
1
10
57.4489531757617
20
-1.99E-13
30
0
41
1
10
57.4288595305848
20
0.0081411196709382
30
0
41
1
10
57.4090175725337
20
0.0169538320508309
30
0
41
1
10
57.3698109463909
20
0.0359659182619509
30
0
41
1
10
57.3503793924307
20
0.0462049768855479
30
0
41
1
10
57.2933233030305
20
0.07875067510696
30
0
41
1
10
57.2206605759407
20
0.126888476921351
30
0
41
1
10
57.1539121407963
20
0.184125863785368
30
0
41
1
10
57.1058067977176
20
0.230385174793838
30
0
41
1
10
57.0900914252594
20
0.246368390342695
30
0
41
1
10
57.0593096278883
20
0.279410772513046
30
0
41
1
10
57.0443995236562
20
0.296300751584198
30
0
41
1
10
57.0009957173145
20
0.347995024234734
30
0
41
1
10
56.973821459862
20
0.383818790672706
30
0
41
1
10
56.9225578057481
20
0.457873610697561
30
0
41
1
10
56.8984687669364
20
0.496104819550595
30
0
41
1
10
56.8644877330376
20
0.555137330925589
30
0
41
1
10
56.8535623550046
20
0.575030157816627
30
0
41
1
10
56.8326523786428
20
0.61489670238231
30
0
41
1
10
56.8226386801707
20
0.634920586209233
30
0
41
1
10
56.8103030920923
20
0.660786323899231
30
0
41
1
10
56.8075939919752
20
0.666546072974398
30
0
41
1
10
56.8049190546052
20
0.672313155318051
30
0
0
SPLINE
5
109
100
AcDbEntity
8
1
62
256
6
ByLayer
370
18
48
1
60
0
100
AcDbSpline
70
4
71
3
72
14
73
10
40
0
40
0
40
0
40
0
40
0.25
40
0.25
40
0.5
40
0.5
40
0.75
40
0.75
40
1
40
1
40
1
40
1
41
1
10
20
20
-5.99567493338387
30
0
41
1
10
20.0027108889584
20
-5.97508118167147
30
0
41
1
10
20.0054659033137
20
-5.94768098956143
30
0
41
1
10
20.0109178443736
20
-5.87942775761067
30
0
41
1
10
20.0136573790795
20
-5.83856046476075
30
0
41
1
10
20.0191098026002
20
-5.74327365613203
30
0
41
1
10
20.0218020481616
20
-5.68916852264124
30
0
41
1
10
20.0273081937963
20
-5.56815808486891
30
0
41
1
10
20.0300640708505
20
-5.50125813003842
30
0
41
1
10
20.0328541836407
20
-5.42789800487793
30
0
0
SPLINE
5
10A
100
AcDbEntity
8
1
62
256
6
ByLayer
370
18
48
1
60
0
100
AcDbSpline
70
4
71
3
72
14
73
10
40
0
40
0
40
0
40
0
40
0.25
40
0.25
40
0.375
40
0.375
40
0.5
40
0.5
40
1
40
1
40
1
40
1
41
1
10
54.6194930425799
20
-5.94958509584731
30
0
41
1
10
54.6197456623951
20
-5.94262449035477
30
0
41
1
10
54.6199870057742
20
-5.93019124879646
30
0
41
1
10
54.6203496947633
20
-5.90336675656593
30
0
41
1
10
54.620470371443
20
-5.89306145377159
30
0
41
1
10
54.6207104811605
20
-5.8697124749319
30
0
41
1
10
54.6208296015966
20
-5.85669340498455
30
0
41
1
10
54.6214131182366
20
-5.78498374721616
30
0
41
1
10
54.6218639069907
20
-5.70650342982387
30
0
41
1
10
54.6223247947215
20
-5.606757337918
30
0
0
SPLINE
5
10B
100
AcDbEntity
8
1
62
256
6
ByLayer
370
13
48
1
60
0
100
AcDbSpline
70
4
71
3
72
13
73
9
40
0
40
0
40
0
40
0
40
0.0783355753879772
40
0.163032737161258
40
0.247729898934539
40
0.4171242224811
40
0.755912869574222
40
1
40
1
40
1
40
1
41
1
10
54.4159254497059
20
-5.76372281099884
30
0
41
1
10
54.4229072804182
20
-5.76614578947499
30
0
41
1
10
54.4371697464296
20
-5.77159255661772
30
0
41
1
10
54.4578429364264
20
-5.78103599804348
30
0
41
1
10
54.4850664313258
20
-5.79571921024581
30
0
41
1
10
54.5313055583153
20
-5.82681488898052
30
0
41
1
10
54.5822830486319
20
-5.87931129218691
30
0
41
1
10
54.610154155492
20
-5.92831185629547
30
0
41
1
10
54.61949304258
20
-5.94958509584728
30
0
0
SPLINE
5
10C
100
AcDbEntity
8
1
62
256
6
ByLayer
370
18
48
1
60
0
100
AcDbSpline
70
4
71
3
72
8
73
4
40
0
40
0
40
0
40
0
40
1
40
1
40
1
40
1
41
1
10
45.0193867100292
20
-5.95643655182451
30
0
41
1
10
45.0192249411293
20
-5.9729225427524
30
0
41
1
10
45.0190608717933
20
-5.98728368660568
30
0
41
1
10
45.0188937202477
20
-5.99950838736291
30
0
0
SPLINE
5
10D
100
AcDbEntity
8
1
62
256
6
ByLayer
370
18
48
1
60
0
100
AcDbSpline
70
4
71
3
72
14
73
10
40
0
40
0
40
0
40
0
40
0.25
40
0.25
40
0.374999999999999
40
0.374999999999999
40
0.499999999999999
40
0.499999999999999
40
1
40
1
40
1
40
1
41
1
10
45.0193867100292
20
-5.95643655182451
30
0
41
1
10
45.0196450597592
20
-5.93010793544872
30
0
41
1
10
45.0198920851935
20
-5.89842875124776
30
0
41
1
10
45.020263285696
20
-5.84291757985122
30
0
41
1
10
45.0203867970586
20
-5.82308045342174
30
0
41
1
10
45.0206325788859
20
-5.78072885475152
30
0
41
1
10
45.020754531006
20
-5.75825959153133
30
0
41
1
10
45.0213521927975
20
-5.63959447468287
30
0
41
1
10
45.0218142402044
20
-5.52444701453959
30
0
41
1
10
45.0222865642425
20
-5.38893649118649
30
0
0
SPLINE
5
10E
100
AcDbEntity
8
1
62
256
6
ByLayer
370
13
48
1
60
0
100
AcDbSpline
70
4
71
3
72
13
73
9
40
0
40
0
40
0
40
0
40
0.0783483182681396
40
0.1630804728013
40
0.247812627334461
40
0.417276936400783
40
0.756205554533427
40
1
40
1
40
1
40
1
41
1
10
44.8158871482191
20
-5.77917934928877
30
0
41
1
10
44.8228669365572
20
-5.78149135023151
30
0
41
1
10
44.8371270911151
20
-5.78668907198136
30
0
41
1
10
44.8577977487618
20
-5.79570058204339
30
0
41
1
10
44.8850198510485
20
-5.80971287255329
30
0
41
1
10
44.9312560288518
20
-5.83938667428299
30
0
41
1
10
44.9822018865133
20
-5.88945402238087
30
0
41
1
10
45.0100573821628
20
-5.93617306697189
30
0
41
1
10
45.0193867100292
20
-5.95643655182451
30
0
0
SPLINE
5
10F
100
AcDbEntity
8
1
62
256
6
ByLayer
370
18
48
1
60
0
100
AcDbSpline
70
4
71
3
72
8
73
4
40
0
40
0
40
0
40
0
40
1
40
1
40
1
40
1
41
1
10
19.9994404374373
20
-5.99983864960888
30
0
41
1
10
19.9996269596728
20
-5.99848359731678
30
0
41
1
10
19.9998134805307
20
-5.99709568101787
30
0
41
1
10
20
20
-5.9956749333839
30
0
0
SPLINE
5
110
100
AcDbEntity
8
1
62
256
6
ByLayer
370
13
48
1
60
0
100
AcDbSpline
70
4
71
3
72
10
73
6
40
0
40
0
40
0
40
0
40
0.3256871034194
40
0.671479883039012
40
1
40
1
40
1
40
1
41
1
10
20.0000000000005
20
-5.41253447793235
30
0
41
1
10
20.0000000000005
20
-5.51052929630683
30
0
41
1
10
20.0000000000005
20
-5.69028819114092
30
0
41
1
10
20.0000000000005
20
-5.88622189501498
30
0
41
1
10
19.9999999999999
20
-5.96802685929319
30
0
41
1
10
20
20
-5.9956749333839
30
0
0
SPLINE
5
111
100
AcDbEntity
8
1
62
256
6
ByLayer
370
18
48
1
60
0
100
AcDbSpline
70
4
71
3
72
8
73
4
40
0
40
0
40
0
40
0
40
1
40
1
40
1
40
1
41
1
10
35.4195964944602
20
-5.71141814207769
30
0
41
1
10
35.4194321104676
20
-5.7488688192339
30
0
41
1
10
35.4192654493523
20
-5.78433839915175
30
0
41
1
10
35.419095710371
20
-5.81779715674642
30
0
0
SPLINE
5
112
100
AcDbEntity
8
1
62
256
6
ByLayer
370
18
48
1
60
0
100
AcDbSpline
70
4
71
3
72
10
73
6
40
0
40
0
40
0
40
0
40
0.348813930302574
40
0.730253520299365
40
1
40
1
40
1
40
1
41
1
10
19.0781267205059
20
5.33315200806103
30
0
41
1
10
19.078126720506
20
5.33309191147799
30
0
41
1
10
19.078126720506
20
5.31032773274225
30
0
41
1
10
19.078126720506
20
5.21458915879398
30
0
41
1
10
19.078126720506
20
5.11546969950882
30
0
41
1
10
19.078126720506
20
5.06835100806094
30
0
0
SPLINE
5
113
100
AcDbEntity
8
1
62
256
6
ByLayer
370
13
48
1
60
0
100
AcDbSpline
70
4
71
3
72
10
73
6
40
0
40
0
40
0
40
0
40
0.325687103419206
40
0.671479883038611
40
1
40
1
40
1
40
1
41
1
10
20.0000000000006
20
5.59313635395591
30
0
41
1
10
20.0000000000006
20
5.56820852931409
30
0
41
1
10
20.0000000000005
20
5.49208145309038
30
0
41
1
10
20.0000000000006
20
5.3041398251892
30
0
41
1
10
19.9999999999999
20
5.12862281128807
30
0
41
1
10
20
20
5.03204108023959
30
0
0
SPLINE
5
114
100
AcDbEntity
8
1
62
256
6
ByLayer
370
18
48
1
60
0
100
AcDbSpline
70
4
71
3
72
8
73
4
40
0
40
0
40
0
40
0
40
1
40
1
40
1
40
1
41
1
10
18.5201354769037
20
2.8459765859252
30
0
41
1
10
18.632778069586
20
2.77481610817998
30
0
41
1
10
18.7460356707265
20
2.70531352386703
30
0
41
1
10
18.8595451244537
20
2.6372882414336
30
0
0
SPLINE
5
115
100
AcDbEntity
8
1
62
256
6
ByLayer
370
18
48
1
60
0
100
AcDbSpline
70
4
71
3
72
16
73
12
40
0
40
0
40
0
40
0
40
0.125000000000001
40
0.125000000000001
40
0.250000000000001
40
0.250000000000001
40
0.500000000000001
40
0.500000000000001
40
0.750000000000001
40
0.750000000000001
40
1
40
1
40
1
40
1
41
1
10
18.092579596007
20
3.09089680340014
30
0
41
1
10
18.1123369018602
20
3.08213290172085
30
0
41
1
10
18.1316645757224
20
3.07272031299848
30
0
41
1
10
18.1694473969374
20
3.05352133513392
30
0
41
1
10
18.1879492814334
20
3.04369086098524
30
0
41
1
10
18.2427587159158
20
3.01379491660754
30
0
41
1
10
18.2783819686843
20
2.99333219604813
30
0
41
1
10
18.3487199523001
20
2.95190636882347
30
0
41
1
10
18.3834101023855
20
2.93092824490168
30
0
41
1
10
18.4521912839787
20
2.88865999202983
30
0
41
1
10
18.4862919914463
20
2.86735676314214
30
0
41
1
10
18.5201354769085
20
2.84597658592213
30
0
0
SPLINE
5
116
100
AcDbEntity
8
1
62
256
6
ByLayer
370
18
48
1
60
0
100
AcDbSpline
70
4
71
3
72
8
73
4
40
0
40
0
40
0
40
0
40
1
40
1
40
1
40
1
41
1
10
16.9998052447648
20
-5.25421525415106
30
0
41
1
10
17.0452126143989
20
-5.23233404998879
30
0
41
1
10
17.0907312556807
20
-5.20995003946666
30
0
41
1
10
17.1363868087817
20
-5.18707789431821
30
0
0
SPLINE
5
117
100
AcDbEntity
8
1
62
256
6
ByLayer
370
18
48
1
60
0
100
AcDbSpline
70
4
71
3
72
20
73
16
40
0
40
0
40
0
40
0
40
0.0402676732118497
40
0.0902509977401034
40
0.149950606227939
40
0.219366932316598
40
0.298500143201919
40
0.387350030845778
40
0.485915875798304
40
0.594196289466761
40
0.712189038289693
40
0.78776450631959
40
0.860924839048137
40
0.931669985432267
40
1
40
1
40
1
40
1
41
1
10
19.2437919645998
20
-2.51727493431551
30
0
41
1
10
19.2373558852873
20
-2.50636740510515
30
0
41
1
10
19.2229308506838
20
-2.48192061402946
30
0
41
1
10
19.1991670195537
20
-2.44133454960149
30
0
41
1
10
19.1709029048488
20
-2.39296049211177
30
0
41
1
10
19.1381871482937
20
-2.3368823958395
30
0
41
1
10
19.1010330318593
20
-2.27320840246381
30
0
41
1
10
19.0594600930806
20
-2.20206869397828
30
0
41
1
10
19.0134786262865
20
-2.12361880921071
30
0
41
1
10
18.9630802181
20
-2.03804621914432
30
0
41
1
10
18.9163493436896
20
-1.95917543684209
30
0
41
1
10
18.8750233820034
20
-1.89002594946925
30
0
41
1
10
18.8408995394726
20
-1.83351663144796
30
0
41
1
10
18.807805415138
20
-1.77920530679145
30
0
41
1
10
18.7860112400669
20
-1.74390960975228
30
0
41
1
10
18.7753033876373
20
-1.72656822775167
30
0
0
SPLINE
5
118
100
AcDbEntity
8
1
62
256
6
ByLayer
370
18
48
1
60
0
100
AcDbSpline
70
4
71
3
72
14
73
10
40
0
40
0
40
0
40
0
40
0.249999999999999
40
0.249999999999999
40
0.374999999999998
40
0.374999999999998
40
0.499999999999998
40
0.499999999999998
40
1
40
1
40
1
40
1
41
1
10
35.4195964944602
20
-5.71141814207769
30
0
41
1
10
35.4198588494373
20
-5.65164728850297
30
0
41
1
10
35.4201099446209
20
-5.58697546475807
30
0
41
1
10
35.4204874635595
20
-5.48264709821876
30
0
41
1
10
35.420613116925
20
-5.44664964684776
30
0
41
1
10
35.4208632779585
20
-5.37220246302539
30
0
41
1
10
35.4209874628391
20
-5.33383286930035
30
0
41
1
10
35.4215965550778
20
-5.13646768740523
30
0
41
1
10
35.4220685535478
20
-4.96083934535372
30
0
41
1
10
35.4225522436032
20
-4.76734628414533
30
0
0
SPLINE
5
119
100
AcDbEntity
8
1
62
256
6
ByLayer
370
13
48
1
60
0
100
AcDbSpline
70
4
71
3
72
13
73
9
40
0
40
0
40
0
40
0
40
0.0782913485360632
40
0.162982738355344
40
0.247674128174626
40
0.417056907813188
40
0.755822467090312
40
1
40
1
40
1
40
1
41
1
10
35.2160282885414
20
-5.55694715306046
30
0
41
1
10
35.2230065085143
20
-5.55895980459286
30
0
41
1
10
35.2372653781772
20
-5.56348512922693
30
0
41
1
10
35.2579352580019
20
-5.57133137108133
30
0
41
1
10
35.2851586522999
20
-5.58353307232264
30
0
41
1
10
35.3313975662389
20
-5.60937346167876
30
0
41
1
10
35.3823819506433
20
-5.65300393593904
30
0
41
1
10
35.4102557044378
20
-5.6937318946583
30
0
41
1
10
35.4195964944602
20
-5.71141814207763
30
0
0
SPLINE
5
11A
100
AcDbEntity
8
1
62
256
6
ByLayer
370
18
48
1
60
0
100
AcDbSpline
70
4
71
3
72
10
73
6
40
0
40
0
40
0
40
0
40
0.5
40
0.5
40
1
40
1
40
1
40
1
41
1
10
18.8604627918913
20
2.63520681963703
30
0
41
1
10
18.8833597988655
20
2.62085759501664
30
0
41
1
10
18.9066438443819
20
2.60688223212827
30
0
41
1
10
18.9543054168811
20
2.58003530221293
30
0
41
1
10
18.9786742524219
20
2.56715296625526
30
0
41
1
10
19.0038868387275
20
2.55516608532679
30
0
0
SPLINE
5
11B
100
AcDbEntity
8
1
62
256
6
ByLayer
370
18
48
1
60
0
100
AcDbSpline
70
4
71
3
72
18
73
14
40
0
40
0
40
0
40
0
40
0.0491907130249894
40
0.110249998968094
40
0.183178630661822
40
0.267977137839362
40
0.36464572474597
40
0.473184137243765
40
0.59359149645766
40
0.725866106092341
40
0.870005237644464
40
0.935743628650463
40
1
40
1
40
1
40
1
41
1
10
19.2437919645998
20
2.08611074355031
30
0
41
1
10
19.2373558852794
20
2.09467922948707
30
0
41
1
10
19.2229308506581
20
2.11388357737292
30
0
41
1
10
19.1991670196969
20
2.14604993192467
30
0
41
1
10
19.170902904154
20
2.18473966713532
30
0
41
1
10
19.1381871515237
20
2.23012099540273
30
0
41
1
10
19.1010330172647
20
2.28235352588862
30
0
41
1
10
19.0594601576125
20
2.34162553649696
30
0
41
1
10
19.0134783458304
20
2.4081401037983
30
0
41
1
10
18.9630814199378
20
2.48210820100226
30
0
41
1
10
18.9197146347937
20
2.54673126400655
30
0
41
1
10
18.88495851891
20
2.59896477385487
30
0
41
1
10
18.8684291405419
20
2.62389050849541
30
0
41
1
10
18.8602586738604
20
2.63621129151929
30
0
0
SPLINE
5
11C
100
AcDbEntity
8
1
62
256
6
ByLayer
370
18
48
1
60
0
100
AcDbSpline
70
4
71
3
72
8
73
4
40
0
40
0
40
0
40
0
40
1
40
1
40
1
40
1
41
1
10
25.8193448390899
20
-5.2992386375559
30
0
41
1
10
25.8191749421334
20
-5.35162081534619
30
0
41
1
10
25.8190026501269
20
-5.40221434504548
30
0
41
1
10
25.818827173314
20
-5.45097830560653
30
0
0
SPLINE
5
11D
100
AcDbEntity
8
1
62
256
6
ByLayer
370
18
48
1
60
0
100
AcDbSpline
70
4
71
3
72
18
73
14
40
0
40
0
40
0
40
0
40
0.249999999999967
40
0.249999999999967
40
0.499999999999935
40
0.499999999999935
40
0.562499999999937
40
0.562499999999937
40
0.62499999999994
40
0.62499999999994
40
0.749999999999944
40
0.749999999999944
40
1
40
1
40
1
40
1
41
1
10
54.7183500596782
20
0.856769200825056
30
0
41
1
10
54.7373502124979
20
0.891802594241369
30
0
41
1
10
54.7584123922338
20
0.926767577226315
30
0
41
1
10
54.8044363109977
20
0.997022002138522
30
0
41
1
10
54.8293999340305
20
1.03231008262091
30
0
41
1
10
54.8632174418754
20
1.07669108674713
30
0
41
1
10
54.8701127764734
20
1.08558001349382
30
0
41
1
10
54.8841762768611
20
1.10338174877785
30
0
41
1
10
54.8913517296569
20
1.11230276136442
30
0
41
1
10
54.9131191579729
20
1.13887551616924
30
0
41
1
10
54.9280061310975
20
1.15640802952151
30
0
41
1
10
54.9738347561639
20
1.20840178429151
30
0
41
1
10
55.0059418756942
20
1.24225793576903
30
0
41
1
10
55.0398012748873
20
1.27508929521085
30
0
0
SPLINE
5
11E
100
AcDbEntity
8
1
62
256
6
ByLayer
370
18
48
1
60
0
100
AcDbSpline
70
4
71
3
72
43
73
39
40
0
40
0
40
0
40
0
40
0.0361938617770194
40
0.0361938617770194
40
0.0723877235540389
40
0.0723877235540389
40
0.144775447108097
40
0.217163170662155
40
0.217163170662155
40
0.253357032439192
40
0.253357032439192
40
0.289550894216229
40
0.289550894216229
40
0.361938617770289
40
0.361938617770289
40
0.434326341324348
40
0.434326341324348
40
0.470520203101383
40
0.470520203101383
40
0.506714064878419
40
0.506714064878419
40
0.57910178843248
40
0.57910178843248
40
0.615295650209507
40
0.615295650209507
40
0.651489511986533
40
0.651489511986533
40
0.723877235540587
40
0.723877235540587
40
0.79626495909464
40
0.79626495909464
40
0.868652682648694
40
0.868652682648694
40
0.941040406202748
40
0.941040406202748
40
0.977234267979772
40
0.977234267979772
40
1
40
1
40
1
40
1
41
1
10
57.4489531757617
20
-2.274E-13
30
0
41
1
10
57.4297701474503
20
-0.0101320132059755
30
0
41
1
10
57.410825101545
20
-0.0208227708893389
30
0
41
1
10
57.3733875252042
20
-0.0432792393758632
30
0
41
1
10
57.3548513970112
20
-0.0550778371928402
30
0
41
1
10
57.3005971584839
20
-0.0915318480463156
30
0
41
1
10
57.2314390027252
20
-0.143176067897826
30
0
41
1
10
57.1678515853031
20
-0.199606938698395
30
0
41
1
10
57.1220382197421
20
-0.243349382341819
30
0
41
1
10
57.1070411032985
20
-0.258208898283954
30
0
41
1
10
57.0778358115124
20
-0.288162704045987
30
0
41
1
10
57.0636910669292
20
-0.303188268682817
30
0
41
1
10
57.0225360072854
20
-0.348333726803958
30
0
41
1
10
56.9967981608055
20
-0.378516098479139
30
0
41
1
10
56.9483855605264
20
-0.438805383805203
30
0
41
1
10
56.9257108558005
20
-0.46891320593781
30
0
41
1
10
56.8939066733442
20
-0.513978452640316
30
0
41
1
10
56.883714404095
20
-0.528932171512679
30
0
41
1
10
56.8642747974162
20
-0.558489504005451
30
0
41
1
10
56.8550021747599
20
-0.573128779613825
30
0
41
1
10
56.8284887915667
20
-0.616674340337624
30
0
41
1
10
56.8125441067913
20
-0.645206418424522
30
0
41
1
10
56.7912311352484
20
-0.687478945355338
30
0
41
1
10
56.7845629136273
20
-0.701482677375679
30
0
41
1
10
56.7721262048354
20
-0.729359120345634
30
0
41
1
10
56.7663449009683
20
-0.74326760392006
30
0
41
1
10
56.7505486066041
20
-0.78452011935687
30
0
41
1
10
56.742045236927
20
-0.811424803148043
30
0
41
1
10
56.7293480432849
20
-0.864487320569168
30
0
41
1
10
56.7251504434261
20
-0.890642966040758
30
0
41
1
10
56.7216945173554
20
-0.942663135252275
30
0
41
1
10
56.7224258895722
20
-0.968530532987302
30
0
41
1
10
56.7300353402434
20
-1.02050154477411
30
0
41
1
10
56.7368342036277
20
-1.04603359968092
30
0
41
1
10
56.7523827717639
20
-1.0840226510123
30
0
41
1
10
56.7584623732926
20
-1.09663439922167
30
0
41
1
10
56.770012858084
20
-1.11715375353273
30
0
41
1
10
56.7748905980971
20
-1.12509030747742
30
0
41
1
10
56.7801620529688
20
-1.13297421466103
30
0
0
SPLINE
5
11F
100
AcDbEntity
8
1
62
256
6
ByLayer
370
18
48
1
60
0
100
AcDbSpline
70
4
71
3
72
51
73
47
40
0
40
0
40
0
40
0
40
0.0624999999999772
40
0.0624999999999772
40
0.0781249999999743
40
0.0781249999999743
40
0.0937499999999714
40
0.0937499999999714
40
0.124999999999975
40
0.124999999999975
40
0.156249999999978
40
0.156249999999978
40
0.187499999999981
40
0.187499999999981
40
0.249999999999991
40
0.249999999999991
40
0.312500000000001
40
0.312500000000001
40
0.343750000000005
40
0.343750000000005
40
0.375000000000009
40
0.375000000000009
40
0.437500000000018
40
0.437500000000018
40
0.500000000000026
40
0.500000000000026
40
0.531250000000034
40
0.531250000000034
40
0.562500000000041
40
0.562500000000041
40
0.625000000000048
40
0.625000000000048
40
0.687500000000055
40
0.687500000000055
40
0.718750000000053
40
0.718750000000053
40
0.750000000000052
40
0.750000000000052
40
0.812500000000035
40
0.875000000000019
40
0.875000000000019
40
0.906250000000018
40
0.906250000000018
40
0.937500000000018
40
0.937500000000018
40
1
40
1
40
1
40
1
41
1
10
56.8956177976666
20
0.750177181793788
30
0
41
1
10
56.8617944590833
20
0.736890333167565
30
0
41
1
10
56.8325684157269
20
0.719646966572498
30
0
41
1
10
56.8012251229625
20
0.694103103235392
30
0
41
1
10
56.7952175086937
20
0.688793206401584
30
0
41
1
10
56.783716310948
20
0.677789336495493
30
0
41
1
10
56.7782354529627
20
0.672104382031847
30
0
41
1
10
56.7627440380613
20
0.654741691210745
30
0
41
1
10
56.7536040550033
20
0.642685651374308
30
0
41
1
10
56.7374146735367
20
0.617804842791116
30
0
41
1
10
56.7303662501775
20
0.604979430175518
30
0
41
1
10
56.7181557241597
20
0.578709129099309
30
0
41
1
10
56.7129832058361
20
0.565227588840514
30
0
41
1
10
56.7001445266757
20
0.524279336421898
30
0
41
1
10
56.6952225546101
20
0.49672190376981
30
0
41
1
10
56.6910276372137
20
0.44171058288569
30
0
41
1
10
56.6917713579751
20
0.414251203270822
30
0
41
1
10
56.6965105590623
20
0.373495771096174
30
0
41
1
10
56.6987060648087
20
0.359949143964116
30
0
41
1
10
56.7042160734428
20
0.333224639058585
30
0
41
1
10
56.7075214952839
20
0.320072841858149
30
0
41
1
10
56.7189592880126
20
0.281298811019269
30
0
41
1
10
56.7286030946266
20
0.256355650038444
30
0
41
1
10
56.751533131462
20
0.208596393296546
30
0
41
1
10
56.7648212202407
20
0.18577960238585
30
0
41
1
10
56.7874236740283
20
0.153445759084804
30
0
41
1
10
56.7954050980426
20
0.142983735029361
30
0
41
1
10
56.8122791283098
20
0.122750427525432
30
0
41
1
10
56.8211996635443
20
0.112953321127378
30
0
41
1
10
56.8491013260783
20
0.08496568457781
30
0
41
1
10
56.8692340783626
20
0.0681323636520972
30
0
41
1
10
56.9126368543668
20
0.0383765208476916
30
0
41
1
10
56.9359064255605
20
0.0254555892668975
30
0
41
1
10
56.97340030109
20
0.0092000421786338
30
0
41
1
10
56.9863317703547
20
0.0043023040908565
30
0
41
1
10
57.0131261820428
20
-0.0044246324102915
30
0
41
1
10
57.026986807049
20
-0.0082461696630673
30
0
41
1
10
57.0694061247083
20
-0.0179615875298964
30
0
41
1
10
57.1285891948998
20
-0.0263867100317157
30
0
41
1
10
57.1935812381753
20
-0.0267701695620985
30
0
41
1
10
57.2448191273125
20
-0.024513881149403
30
0
41
1
10
57.2623151390584
20
-0.0233387759854509
30
0
41
1
10
57.2982068511977
20
-0.0202338818306202
30
0
41
1
10
57.316437155362
20
-0.0183183536968556
30
0
41
1
10
57.3718484442474
20
-0.0117126981114382
30
0
41
1
10
57.4098233516162
20
-0.0061586326414158
30
0
41
1
10
57.4489531757617
20
-2.558E-13
30
0
0
SPLINE
5
120
100
AcDbEntity
8
1
62
256
6
ByLayer
370
18
48
1
60
0
100
AcDbSpline
70
4
71
3
72
14
73
10
40
0
40
0
40
0
40
0
40
0.249999999999998
40
0.249999999999998
40
0.374999999999998
40
0.374999999999998
40
0.499999999999998
40
0.499999999999998
40
1
40
1
40
1
40
1
41
1
10
25.8193448390899
20
-5.29923863755587
30
0
41
1
10
25.8196161414958
20
-5.21559142896459
30
0
41
1
10
25.8198758565549
20
-5.12758336946362
30
0
41
1
10
25.8202657751566
20
-4.98905744424775
30
0
41
1
10
25.8203954732141
20
-4.94179540703144
30
0
41
1
10
25.8206535367061
20
-4.84508931227549
30
0
41
1
10
25.8207815705013
20
-4.79574966669895
30
0
41
1
10
25.8214093564372
20
-4.5443734108714
30
0
41
1
10
25.8218946244566
20
-4.32815742924282
30
0
41
1
10
25.8223896489039
20
-4.09671688251356
30
0
0
SPLINE
5
121
100
AcDbEntity
8
1
62
256
6
ByLayer
370
13
48
1
60
0
100
AcDbSpline
70
4
71
3
72
13
73
9
40
0
40
0
40
0
40
0
40
0.0779197267199627
40
0.162663851262934
40
0.247407975805906
40
0.41689622489185
40
0.755872723063737
40
1
40
1
40
1
40
1
41
1
10
25.6158934887985
20
-5.16870977885603
30
0
41
1
10
25.6228331311654
20
-5.17040356067403
30
0
41
1
10
25.6370541036638
20
-5.1742207385858
30
0
41
1
10
25.6576898701905
20
-5.18084268096186
30
0
41
1
10
25.6849147402744
20
-5.19115806629063
30
0
41
1
10
25.7311567796545
20
-5.21300389821971
30
0
41
1
10
25.7821327389907
20
-5.24988034118093
30
0
41
1
10
25.8100057828333
20
-5.28429925105419
30
0
41
1
10
25.8193448390899
20
-5.29923863755587
30
0
0
SPLINE
5
122
100
AcDbEntity
8
1
62
256
6
ByLayer
370
13
48
1
60
0
100
AcDbSpline
70
4
71
3
72
8
73
4
40
0
40
0
40
0
40
0
40
1
40
1
40
1
40
1
41
1
10
57.4480817158885
20
-4.73339371619991
30
0
41
1
10
57.4411892905175
20
-4.69835506100563
30
0
41
1
10
57.4342490597478
20
-4.66307338005629
30
0
41
1
10
57.4272641290815
20
-4.62756446062696
30
0
0
SPLINE
5
123
100
AcDbEntity
8
1
62
256
6
ByLayer
370
18
48
1
60
0
100
AcDbSpline
70
4
71
3
72
24
73
20
40
0
40
0
40
0
40
0
40
0.250000000000014
40
0.250000000000014
40
0.31250000000001
40
0.31250000000001
40
0.375000000000006
40
0.375000000000006
40
0.500000000000026
40
0.500000000000026
40
0.625000000000047
40
0.625000000000047
40
0.750000000000068
40
0.750000000000068
40
0.812500000000051
40
0.812500000000051
40
0.875000000000034
40
0.875000000000034
40
1
40
1
40
1
40
1
41
1
10
57.9729704008877
20
-4.46602559877206
30
0
41
1
10
57.9738448070913
20
-4.50539355760594
30
0
41
1
10
57.9680006184049
20
-4.5437804939549
30
0
41
1
10
57.9522635437103
20
-4.59053298084402
30
0
41
1
10
57.9486902439306
20
-4.59979492048106
30
0
41
1
10
57.9407967369024
20
-4.61789939245969
30
0
41
1
10
57.9364654420599
20
-4.62677758563561
30
0
41
1
10
57.9223369503167
20
-4.65289864368361
30
0
41
1
10
57.9114090589094
20
-4.66962975796221
30
0
41
1
10
57.8865207844681
20
-4.70171948547622
30
0
41
1
10
57.8724582794727
20
-4.71714766256778
30
0
41
1
10
57.842089964703
20
-4.74566151539094
30
0
41
1
10
57.8257155267401
20
-4.75886532883766
30
0
41
1
10
57.7993911627491
20
-4.77711147584665
30
0
41
1
10
57.7903220242414
20
-4.7829330952126
30
0
41
1
10
57.7715868424646
20
-4.79404821632701
30
0
41
1
10
57.7618796029136
20
-4.79936113152871
30
0
41
1
10
57.7321921689883
20
-4.81430034625686
30
0
41
1
10
57.7116632167342
20
-4.82294203544211
30
0
41
1
10
57.6904195847406
20
-4.83030641820065
30
0
0
SPLINE
5
124
100
AcDbEntity
8
1
62
256
6
ByLayer
370
13
48
1
60
0
100
AcDbSpline
70
4
71
1
72
4
73
2
40
0
40
0
40
1
40
1
41
1
10
57.8491094115128
20
-3.82687924742501
30
0
41
1
10
57.9720693205719
20
-4.45196397802508
30
0
0
SPLINE
5
125
100
AcDbEntity
8
1
62
256
6
ByLayer
370
18
48
1
60
0
100
AcDbSpline
70
4
71
3
72
11
73
7
40
0
40
0
40
0
40
0
40
0.0989763725997199
40
0.431803743086288
40
0.764631113572856
40
1
40
1
40
1
40
1
41
1
10
19.0781267205059
20
-4.68114381684413
30
0
41
1
10
19.0781267205059
20
-4.7194659476412
30
0
41
1
10
19.0781267205059
20
-4.88259780766202
30
0
41
1
10
19.078126720506
20
-5.13933308119249
30
0
41
1
10
19.0781267205059
20
-5.37937770531587
30
0
41
1
10
19.078126720506
20
-5.49535907593355
30
0
41
1
10
19.0781267205059
20
-5.53713253730581
30
0
0
SPLINE
5
126
100
AcDbEntity
8
1
62
256
6
ByLayer
370
18
48
1
60
0
100
AcDbSpline
70
4
71
3
72
26
73
22
40
0
40
0
40
0
40
0
40
0.250000000000006
40
0.250000000000006
40
0.375000000000006
40
0.375000000000006
40
0.500000000000007
40
0.500000000000007
40
0.625000000000007
40
0.625000000000007
40
0.750000000000008
40
0.750000000000008
40
0.812500000000008
40
0.812500000000008
40
0.875000000000008
40
0.875000000000008
40
0.937500000000008
40
0.937500000000008
40
0.968750000000004
40
0.968750000000004
40
1
40
1
40
1
40
1
41
1
10
57.7156573045459
20
-3.74131965396955
30
0
41
1
10
57.7287608246886
20
-3.76097103696867
30
0
41
1
10
57.7417811016354
20
-3.77972256647752
30
0
41
1
10
57.7610482353609
20
-3.80567536562455
30
0
41
1
10
57.7674274217307
20
-3.8139616427321
30
0
41
1
10
57.7800722495255
20
-3.82957556392813
30
0
41
1
10
57.7863359673478
20
-3.83690312957495
30
0
41
1
10
57.7986653575143
20
-3.85018020619299
30
0
41
1
10
57.8047477275002
20
-3.85615404401816
30
0
41
1
10
57.8165634770855
20
-3.86596428470932
30
0
41
1
10
57.822293874074
20
-3.86983084751489
30
0
41
1
10
57.8304132278948
20
-3.87284383974222
30
0
41
1
10
57.8330487769087
20
-3.87337410728406
30
0
41
1
10
57.838016824165
20
-3.87301631308552
30
0
41
1
10
57.8403539543881
20
-3.87214305624121
30
0
41
1
10
57.8445435248564
20
-3.86818923917059
30
0
41
1
10
57.8463510990765
20
-3.8651634980701
30
0
41
1
10
57.8483759694626
20
-3.85811796982401
30
0
41
1
10
57.8489381966183
20
-3.85530449081301
30
0
41
1
10
57.849726622658
20
-3.84878254933869
30
0
41
1
10
57.8499566777968
20
-3.84508422872526
30
0
41
1
10
57.8500003646669
20
-3.84088938525983
30
0
0
SPLINE
5
127
100
AcDbEntity
8
1
62
256
6
ByLayer
370
18
48
1
60
0
100
AcDbSpline
70
4
71
1
72
4
73
2
40
0
40
0
40
1
40
1
41
1
10
57.8500003646669
20
-3.84088938525972
30
0
41
1
10
57.8491094115128
20
-3.82687924742498
30
0
0
SPLINE
5
128
100
AcDbEntity
8
1
62
256
6
ByLayer
370
18
48
1
60
0
100
AcDbSpline
70
4
71
1
72
4
73
2
40
0
40
0
40
1
40
1
41
1
10
57.8491094115128
20
-3.82687924742498
30
0
41
1
10
57.8452919382024
20
-3.76684991029026
30
0
0
SPLINE
5
129
100
AcDbEntity
8
1
62
256
6
ByLayer
370
18
48
1
60
0
100
AcDbSpline
70
4
71
3
72
14
73
10
40
0
40
0
40
0
40
0
40
0.25
40
0.25
40
0.5
40
0.5
40
0.75
40
0.75
40
1
40
1
40
1
40
1
41
1
10
20
20
5.03204108023985
30
0
41
1
10
20.0027108889624
20
5.10480523581469
30
0
41
1
10
20.0054659033199
20
5.17108446173233
30
0
41
1
10
20.0109178443801
20
5.29082685781074
30
0
41
1
10
20.0136573790691
20
5.34429519816337
30
0
41
1
10
20.0191098026136
20
5.43824341021974
30
0
41
1
10
20.0218020481809
20
5.47841913338993
30
0
41
1
10
20.0273081938154
20
5.54530169684216
30
0
41
1
10
20.0300640708633
20
5.5720147269752
30
0
41
1
10
20.0328541836408
20
5.59193035465862
30
0
0
SPLINE
5
12A
100
AcDbEntity
8
1
62
256
6
ByLayer
370
18
48
1
60
0
100
AcDbSpline
70
4
71
3
72
8
73
4
40
0
40
0
40
0
40
0
40
1
40
1
40
1
40
1
41
1
10
19.9994327154367
20
5.0166783112092
30
0
41
1
10
19.9996218117107
20
5.02182986428306
30
0
41
1
10
19.9998109065689
20
5.02695080776218
30
0
41
1
10
20
20
5.03204108023962
30
0
0
SPLINE
5
12B
100
AcDbEntity
8
1
62
256
6
ByLayer
370
18
48
1
60
0
100
AcDbSpline
70
4
71
3
72
16
73
12
40
0
40
0
40
0
40
0
40
0.250000000000001
40
0.250000000000001
40
0.375000000000001
40
0.375000000000001
40
0.500000000000002
40
0.500000000000002
40
0.750000000000001
40
0.750000000000001
40
1
40
1
40
1
40
1
41
1
10
22.5428375101114
20
4.7008929223274
30
0
41
1
10
22.5426994686048
20
4.61883267177669
30
0
41
1
10
22.5425987267535
20
4.53052556544384
30
0
41
1
10
22.5423745893773
20
4.38876055708835
30
0
41
1
10
22.5423040644076
20
4.33995127181836
30
0
41
1
10
22.5421946971029
20
4.23920528517138
30
0
41
1
10
22.54215149348
20
4.18737070414332
30
0
41
1
10
22.5419969236669
20
4.02789988760165
30
0
41
1
10
22.5418385917264
20
3.9161546431711
30
0
41
1
10
22.5415493230192
20
3.68185965956633
30
0
41
1
10
22.5414436842427
20
3.55930802129532
30
0
41
1
10
22.5413138331345
20
3.43127216421942
30
0
0
SPLINE
5
12C
100
AcDbEntity
8
1
62
256
6
ByLayer
370
18
48
1
60
0
100
AcDbSpline
70
4
71
3
72
10
73
6
40
0
40
0
40
0
40
0
40
0.5
40
0.5
40
1
40
1
40
1
40
1
41
1
10
16.4302170644207
20
-3.14593720655904
30
0
41
1
10
16.5262004029011
20
-3.23447589198517
30
0
41
1
10
16.621654428121
20
-3.32126289904298
30
0
41
1
10
16.8115215155044
20
-3.49139201086084
30
0
41
1
10
16.9059333472743
20
-3.57473004382803
30
0
41
1
10
16.9998052447753
20
-3.65628124988265
30
0
0
SPLINE
5
12D
100
AcDbEntity
8
1
62
256
6
ByLayer
370
18
48
1
60
0
100
AcDbSpline
70
4
71
3
72
20
73
16
40
0
40
0
40
0
40
0
40
0.25
40
0.25
40
0.375
40
0.375
40
0.5
40
0.5
40
0.625
40
0.625
40
0.75
40
0.75
40
0.875
40
0.875
40
1
40
1
40
1
40
1
41
1
10
14.3933532538744
20
5.56058008396224
30
0
41
1
10
14.6725144672135
20
5.31900952927396
30
0
41
1
10
14.9565895914359
20
5.0824957191742
30
0
41
1
10
15.3927646132772
20
4.73905111287132
30
0
41
1
10
15.5398395956145
20
4.62647342077415
30
0
41
1
10
15.8378448013591
20
4.4059308514982
30
0
41
1
10
15.9887766280842
20
4.29796736897356
30
0
41
1
10
16.2949673617044
20
4.08755198943686
30
0
41
1
10
16.4502284277347
20
3.9851025708999
30
0
41
1
10
16.765473993413
20
3.78664927432356
30
0
41
1
10
16.9254610336778
20
3.69064897951304
30
0
41
1
10
17.2504080617828
20
3.50597198093433
30
0
41
1
10
17.4153706207425
20
3.41729970438922
30
0
41
1
10
17.7502931460724
20
3.24797940067498
30
0
41
1
10
17.920255217821
20
3.16733606686006
30
0
41
1
10
18.092579596007
20
3.09089680340014
30
0
0
SPLINE
5
12E
100
AcDbEntity
8
1
62
256
6
ByLayer
370
13
48
1
60
0
100
AcDbSpline
70
4
71
3
72
13
73
9
40
0
40
0
40
0
40
0
40
0.0778397131537608
40
0.1625545829978
40
0.247269452841838
40
0.416699192529916
40
0.755558671906071
40
1
40
1
40
1
40
1
41
1
10
23.2162374806754
20
2.83338172181939
30
0
41
1
10
23.2231722158646
20
2.8353029373915
30
0
41
1
10
23.2373883267588
20
2.83963401558358
30
0
41
1
10
23.2580196563321
20
2.84714817624075
30
0
41
1
10
23.2852445182463
20
2.85885620641949
30
0
41
1
10
23.3314865403061
20
2.88365199591385
30
0
41
1
10
23.3824894598757
20
2.92553170729582
30
0
41
1
10
23.4103735755073
20
2.96463209014326
30
0
41
1
10
23.4197202421383
20
2.98161968596702
30
0
0
SPLINE
5
12F
100
AcDbEntity
8
1
62
256
6
ByLayer
370
18
48
1
60
0
100
AcDbSpline
70
4
71
3
72
10
73
6
40
0
40
0
40
0
40
0
40
0.5
40
0.5
40
1
40
1
40
1
40
1
41
1
10
18.8039627650096
20
-1.74823591642794
30
0
41
1
10
18.8485391040132
20
-1.77975881628183
30
0
41
1
10
18.8939484800312
20
-1.81018703081321
30
0
41
1
10
18.9871906367042
20
-1.8680304982295
30
0
41
1
10
19.0350002945939
20
-1.89546662693215
30
0
41
1
10
19.0847470061856
20
-1.92065347336492
30
0
0
SPLINE
5
130
100
AcDbEntity
8
1
62
256
6
ByLayer
370
18
48
1
60
0
100
AcDbSpline
70
4
71
3
72
28
73
24
40
0
40
0
40
0
40
0
40
0.249999999999992
40
0.249999999999992
40
0.499999999999985
40
0.499999999999985
40
0.624999999999991
40
0.624999999999991
40
0.687499999999993
40
0.687499999999993
40
0.749999999999995
40
0.749999999999995
40
0.812499999999998
40
0.812499999999998
40
0.875
40
0.875
40
0.90625
40
0.90625
40
0.9375
40
0.9375
40
0.96875
40
0.96875
40
1
40
1
40
1
40
1
41
1
10
57.7156573045399
20
3.33374955098569
30
0
41
1
10
57.7287063925028
20
3.2885838839118
30
0
41
1
10
57.7416431119362
20
3.24327643058547
30
0
41
1
10
57.7671748326007
20
3.1522303450397
30
0
41
1
10
57.7797767222092
20
3.1065004045426
30
0
41
1
10
57.7982210245584
20
3.03732691953812
30
0
41
1
10
57.8042916134577
20
3.01417128696139
30
0
41
1
10
57.8132140893493
20
2.97920641516609
30
0
41
1
10
57.8161634644098
20
2.96748682473927
30
0
41
1
10
57.8219312838251
20
2.94413957548892
30
0
41
1
10
57.82475323375
20
2.93250029672455
30
0
41
1
10
57.8302276441213
20
2.90931569146267
30
0
41
1
10
57.8328856745348
20
2.89774606179429
30
0
41
1
10
57.8378809825313
20
2.87507038460461
30
0
41
1
10
57.8402283529907
20
2.8639304383336
30
0
41
1
10
57.8433912076148
20
2.8476921956011
30
0
41
1
10
57.8443898240073
20
2.84233006946479
30
0
41
1
10
57.8461933053194
20
2.83200337725489
30
0
41
1
10
57.8469996222623
20
2.82703519469376
30
0
41
1
10
57.848370128497
20
2.81759403656878
30
0
41
1
10
57.8489366234674
20
2.81308601609328
30
0
41
1
10
57.8497268686398
20
2.80501672365509
30
0
41
1
10
57.8499567113302
20
2.80142477884925
30
0
41
1
10
57.8500003646669
20
2.79833154133911
30
0
0
SPLINE
5
131
100
AcDbEntity
8
1
62
256
6
ByLayer
370
13
48
1
60
0
100
AcDbSpline
70
4
71
3
72
8
73
4
40
0
40
0
40
0
40
0
40
1
40
1
40
1
40
1
41
1
10
57.4480817158886
20
2.31668525491366
30
0
41
1
10
57.4411892905175
20
2.36537822678036
30
0
41
1
10
57.4342490597478
20
2.41440892982396
30
0
41
1
10
57.4272641290815
20
2.46375542457966
30
0
0
SPLINE
5
132
100
AcDbEntity
8
1
62
256
6
ByLayer
370
18
48
1
60
0
100
AcDbSpline
70
4
71
1
72
4
73
2
40
0
40
0
40
1
40
1
41
1
10
57.8500003646669
20
2.79833154133897
30
0
41
1
10
57.8491094115138
20
2.79265613219283
30
0
0
SPLINE
5
133
100
AcDbEntity
8
1
62
256
6
ByLayer
370
18
48
1
60
0
100
AcDbSpline
70
4
71
3
72
40
73
36
40
0
40
0
40
0
40
0
40
0.015624999999977
40
0.015624999999977
40
0.031249999999954
40
0.031249999999954
40
0.0468749999999311
40
0.0468749999999311
40
0.0546874999999195
40
0.0546874999999195
40
0.062499999999908
40
0.062499999999908
40
0.0781249999999148
40
0.0781249999999148
40
0.0937499999999216
40
0.0937499999999216
40
0.109374999999928
40
0.109374999999928
40
0.124999999999935
40
0.124999999999935
40
0.156249999999934
40
0.156249999999934
40
0.187499999999933
40
0.187499999999933
40
0.249999999999941
40
0.249999999999941
40
0.312499999999949
40
0.312499999999949
40
0.374999999999957
40
0.374999999999957
40
0.499999999999966
40
0.499999999999966
40
0.749999999999983
40
0.749999999999983
40
1
40
1
40
1
40
1
41
1
10
57.4272641290814
20
2.4637554245796
30
0
41
1
10
57.431889534949
20
2.45946633770197
30
0
41
1
10
57.4367086589257
20
2.45535741383938
30
0
41
1
10
57.4469818226547
20
2.44773475445695
30
0
41
1
10
57.4524564404801
20
2.44420642301049
30
0
41
1
10
57.464126229088
20
2.43848279761167
30
0
41
1
10
57.4704922994756
20
2.43624098470758
30
0
41
1
10
57.4802908552381
20
2.43486998024366
30
0
41
1
10
57.483649014061
20
2.4347458840717
30
0
41
1
10
57.4901237632047
20
2.43522841033874
30
0
41
1
10
57.4932890195257
20
2.4358258990587
30
0
41
1
10
57.5024785089045
20
2.43858537604166
30
0
41
1
10
57.507877576941
20
2.44158600407596
30
0
41
1
10
57.5175582960926
20
2.44870531987789
30
0
41
1
10
57.5217713586378
20
2.45275674617591
30
0
41
1
10
57.5295134158212
20
2.46138973725078
30
0
41
1
10
57.5330302270142
20
2.46598623932528
30
0
41
1
10
57.5394866494804
20
2.47532006444828
30
0
41
1
10
57.5424496945921
20
2.48009018909363
30
0
41
1
10
57.5508142783006
20
2.49459879206953
30
0
41
1
10
57.5557025843773
20
2.50453084106798
30
0
41
1
10
57.5647429453222
20
2.52465053744723
30
0
41
1
10
57.5688815987953
20
2.53484368634071
30
0
41
1
10
57.5805689357675
20
2.56565109852741
30
0
41
1
10
57.5873949199664
20
2.58646378154018
30
0
41
1
10
57.5999684477438
20
2.62802365998621
30
0
41
1
10
57.6057110413306
20
2.64882872965123
30
0
41
1
10
57.6165002515175
20
2.69039999840004
30
0
41
1
10
57.6215403894053
20
2.71116765560379
30
0
41
1
10
57.635881511993
20
2.77335152500629
30
0
41
1
10
57.6444185365381
20
2.81464523476225
30
0
41
1
10
57.6679368306537
20
2.93780911425011
30
0
41
1
10
57.6808732906866
20
3.01902739374711
30
0
41
1
10
57.701993665666
20
3.17847290670474
30
0
41
1
10
57.710139128054
20
3.25680402927102
30
0
41
1
10
57.7156573045463
20
3.33374955099359
30
0
0
SPLINE
5
134
100
AcDbEntity
8
1
62
256
6
ByLayer
370
18
48
1
60
0
100
AcDbSpline
70
4
71
3
72
8
73
4
40
0
40
0
40
0
40
0
40
1
40
1
40
1
40
1
41
1
10
57.7156573045465
20
3.33374955099356
30
0
41
1
10
57.6434485331376
20
3.52056343801939
30
0
41
1
10
57.5719285042059
20
3.69806352735921
30
0
41
1
10
57.5011304806927
20
3.86580000748347
30
0
0
SPLINE
5
135
100
AcDbEntity
8
1
62
256
6
ByLayer
370
18
48
1
60
0
100
AcDbSpline
70
4
71
3
72
17
73
13
40
0
40
0
40
0
40
0
40
0.250000000000012
40
0.250000000000012
40
0.500000000000019
40
0.500000000000019
40
0.562500000000021
40
0.562500000000021
40
0.625000000000023
40
0.750000000000015
40
0.750000000000015
40
1
40
1
40
1
40
1
41
1
10
16.9998052447648
20
-3.65628124987492
30
0
41
1
10
17.1519552256143
20
-3.76870361335594
30
0
41
1
10
17.305354532044
20
-3.87453531922509
30
0
41
1
10
17.6165810420114
20
-4.07199458556974
30
0
41
1
10
17.7744051654911
20
-4.16361815590386
30
0
41
1
10
17.9761025035625
20
-4.26841678034242
30
0
41
1
10
18.0166702887689
20
-4.28889146543722
30
0
41
1
10
18.0981214957732
20
-4.32875882955395
30
0
41
1
10
18.2208362791839
20
-4.38697076733686
30
0
41
1
10
18.3453576447444
20
-4.44034428243967
30
0
41
1
10
18.5973799077026
20
-4.5404413350428
30
0
41
1
10
18.7693392853269
20
-4.59830826447097
30
0
41
1
10
18.9470541280642
20
-4.64677670325474
30
0
0
SPLINE
5
136
100
AcDbEntity
8
1
62
256
6
ByLayer
370
18
48
1
60
0
100
AcDbSpline
70
4
71
3
72
20
73
16
40
0
40
0
40
0
40
0
40
0.25
40
0.25
40
0.375
40
0.375
40
0.5
40
0.5
40
0.625
40
0.625
40
0.75
40
0.75
40
0.875
40
0.875
40
1
40
1
40
1
40
1
41
1
10
14.4150101712152
20
0.368389899730545
30
0
41
1
10
14.6824679203852
20
0.202570391326958
30
0
41
1
10
14.9545577678549
20
0.0437653941074529
30
0
41
1
10
15.3720184367678
20
-0.181988719185654
30
0
41
1
10
15.5127315802946
20
-0.255172831321517
30
0
41
1
10
15.7977086452981
20
-0.397265587408754
30
0
41
1
10
15.9419738332673
20
-0.466171828014865
30
0
41
1
10
16.2344756365854
20
-0.599770122512012
30
0
41
1
10
16.3827139630082
20
-0.664459848651205
30
0
41
1
10
16.683525332705
20
-0.789965355042568
30
0
41
1
10
16.83610041916
20
-0.850779365747485
30
0
41
1
10
17.1458343595591
20
-0.969216104847732
30
0
41
1
10
17.3029953477374
20
-1.02683817640724
30
0
41
1
10
17.6219721742876
20
-1.13995469711912
30
0
41
1
10
17.7837898832988
20
-1.19545010654153
30
0
41
1
10
17.9478507978985
20
-1.25060268411332
30
0
0
SPLINE
5
137
100
AcDbEntity
8
1
62
256
6
ByLayer
370
18
48
1
60
0
100
AcDbSpline
70
4
71
3
72
20
73
16
40
0
40
0
40
0
40
0
40
0.124999999999974
40
0.124999999999974
40
0.187499999999961
40
0.187499999999961
40
0.249999999999948
40
0.249999999999948
40
0.374999999999956
40
0.374999999999956
40
0.499999999999965
40
0.499999999999965
40
0.749999999999982
40
0.749999999999982
40
1
40
1
40
1
40
1
41
1
10
17.9478507978985
20
-1.25060268411329
30
0
41
1
10
17.985577286408
20
-1.26328524832496
30
0
41
1
10
18.0224686407058
20
-1.27837611139577
30
0
41
1
10
18.0771714244068
20
-1.30287335092802
30
0
41
1
10
18.095289657533
20
-1.31136955147207
30
0
41
1
10
18.1312021598583
20
-1.32881096571515
30
0
41
1
10
18.1490180842411
20
-1.33776668858562
30
0
41
1
10
18.2021274282296
20
-1.36520393820933
30
0
41
1
10
18.2370866189737
20
-1.38424868932023
30
0
41
1
10
18.3063781317605
20
-1.42340715507262
30
0
41
1
10
18.3407075466965
20
-1.44352560880233
30
0
41
1
10
18.4429777848428
20
-1.50511953101716
30
0
41
1
10
18.510211966411
20
-1.54781493733458
30
0
41
1
10
18.6434442449276
20
-1.6353915969103
30
0
41
1
10
18.7094324761258
20
-1.68028896939197
30
0
41
1
10
18.7749616444795
20
-1.72601617998009
30
0
0
SPLINE
5
138
100
AcDbEntity
8
1
62
256
6
ByLayer
370
18
48
1
60
0
100
AcDbSpline
70
4
71
3
72
30
73
26
40
0
40
0
40
0
40
0
40
0.124999999999999
40
0.124999999999999
40
0.249999999999998
40
0.249999999999998
40
0.374999999999997
40
0.374999999999997
40
0.499999999999995
40
0.499999999999995
40
0.624999999999994
40
0.624999999999994
40
0.656249999999995
40
0.656249999999995
40
0.687499999999996
40
0.687499999999996
40
0.749999999999997
40
0.749999999999997
40
0.812499999999999
40
0.812499999999999
40
0.843749999999999
40
0.843749999999999
40
0.874999999999999
40
0.874999999999999
40
1
40
1
40
1
40
1
41
1
10
15.4350770883881
20
4.54406697196146
30
0
41
1
10
15.3682927633675
20
4.59866465373105
30
0
41
1
10
15.30258359776
20
4.65203556096441
30
0
41
1
10
15.1738470049492
20
4.75633435274816
30
0
41
1
10
15.1107221612158
20
4.80733907321982
30
0
41
1
10
14.9887820361163
20
4.90620220228453
30
0
41
1
10
14.9298798276184
20
4.9541278597053
30
0
41
1
10
14.817283568745
20
5.0469524232372
30
0
41
1
10
14.7635802639156
20
5.09185164896255
30
0
41
1
10
14.6629592093875
20
5.17857236605002
30
0
41
1
10
14.6160210407196
20
5.22039431587368
30
0
41
1
10
14.5631538171493
20
5.27068631992566
30
0
41
1
10
14.5528739548843
20
5.28064531092852
30
0
41
1
10
14.5329568052514
20
5.30036232456072
30
0
41
1
10
14.5233105639962
20
5.31013019706899
30
0
41
1
10
14.495580341718
20
5.33897099981678
30
0
41
1
10
14.4786547513216
20
5.35762515816452
30
0
41
1
10
14.4484256447956
20
5.39376551960493
30
0
41
1
10
14.4351201356928
20
5.41125177175184
30
0
41
1
10
14.4183660036236
20
5.43658325540832
30
0
41
1
10
14.413316688218
20
5.44487737156228
30
0
41
1
10
14.4043909998827
20
5.46116167686014
30
0
41
1
10
14.4005076826077
20
5.46916957477663
30
0
41
1
10
14.384412113053
20
5.50820918874388
30
0
41
1
10
14.3820834289052
20
5.53605421239976
30
0
41
1
10
14.3933532538915
20
5.56058008395004
30
0
0
SPLINE
5
139
100
AcDbEntity
8
1
62
256
6
ByLayer
370
18
48
1
60
0
100
AcDbSpline
70
4
71
3
72
35
73
31
40
0
40
0
40
0
40
0
40
0.0312499999999974
40
0.0312499999999974
40
0.0624999999999949
40
0.12499999999999
40
0.12499999999999
40
0.249999999999981
40
0.249999999999981
40
0.28124999999998
40
0.28124999999998
40
0.312499999999979
40
0.312499999999979
40
0.374999999999974
40
0.374999999999974
40
0.499999999999968
40
0.499999999999968
40
0.531249999999968
40
0.531249999999968
40
0.562499999999968
40
0.624999999999961
40
0.687499999999954
40
0.687499999999954
40
0.718749999999954
40
0.718749999999954
40
0.749999999999955
40
0.749999999999955
40
0.874999999999978
40
0.874999999999978
40
1
40
1
40
1
40
1
41
1
10
14.3933532538894
20
5.56058008395095
30
0
41
1
10
14.3916443348534
20
5.56462953688211
30
0
41
1
10
14.3902214669155
20
5.56860694652681
30
0
41
1
10
14.3879950252638
20
5.57636085002576
30
0
41
1
10
14.3855750923637
20
5.58771070869744
30
0
41
1
10
14.3860098996869
20
5.59822350736647
30
0
41
1
10
14.3909823983491
20
5.61814862707962
30
0
41
1
10
14.3997438453441
20
5.62996463197331
30
0
41
1
10
14.418785846546
20
5.64295265667795
30
0
41
1
10
14.4230006391839
20
5.64546117058433
30
0
41
1
10
14.4322835876685
20
5.65030137192949
30
0
41
1
10
14.4373633083227
20
5.65263638586484
30
0
41
1
10
14.4537525818622
20
5.65930627100005
30
0
41
1
10
14.4662521289003
20
5.66333161805625
30
0
41
1
10
14.5084892893315
20
5.67426510855677
30
0
41
1
10
14.5429548065652
20
5.68003238824107
30
0
41
1
10
14.5941247711875
20
5.68571251305448
30
0
41
1
10
14.6047860539224
20
5.68677347463458
30
0
41
1
10
14.6267013607474
20
5.68873264533616
30
0
41
1
10
14.6605247249034
20
5.69143511654002
30
0
41
1
10
14.7214838848316
20
5.69487462663363
30
0
41
1
10
14.7748574430183
20
5.69670285859019
30
0
41
1
10
14.8165299878065
20
5.69779532399028
30
0
41
1
10
14.8306947823568
20
5.69811291432535
30
0
41
1
10
14.8595605232865
20
5.69866499989732
30
0
41
1
10
14.874284965054
20
5.6988996740798
30
0
41
1
10
14.9486279523657
20
5.69988204248574
30
0
41
1
10
15.0107607101926
20
5.70007776176135
30
0
41
1
10
15.1394214179028
20
5.69987356599628
30
0
41
1
10
15.205955585023
20
5.69946954026179
30
0
41
1
10
15.2744060939736
20
5.69894790802528
30
0
0
SPLINE
5
13A
100
AcDbEntity
8
1
62
256
6
ByLayer
370
18
48
1
60
0
100
AcDbSpline
70
4
71
3
72
26
73
22
40
0
40
0
40
0
40
0
40
0.062500000000002
40
0.062500000000002
40
0.125000000000004
40
0.125000000000004
40
0.249999999999991
40
0.249999999999991
40
0.312499999999985
40
0.312499999999985
40
0.374999999999979
40
0.374999999999979
40
0.499999999999983
40
0.499999999999983
40
0.624999999999986
40
0.624999999999986
40
0.687499999999996
40
0.687499999999996
40
0.750000000000005
40
0.750000000000005
40
1
40
1
40
1
40
1
41
1
10
15.2744060939736
20
5.6989479080251
30
0
41
1
10
15.298690055257
20
5.69876285027712
30
0
41
1
10
15.3235890728829
20
5.69859052334928
30
0
41
1
10
15.3744268956158
20
5.69830181807001
30
0
41
1
10
15.4005164340785
20
5.69818490483627
30
0
41
1
10
15.4785409285086
20
5.69794123338394
30
0
41
1
10
15.5305415034742
20
5.69792010754782
30
0
41
1
10
15.6085248703482
20
5.69805702788594
30
0
41
1
10
15.6345163512587
20
5.69813006556927
30
0
41
1
10
15.6864938963292
20
5.69831727743249
30
0
41
1
10
15.7122484381423
20
5.69843054818398
30
0
41
1
10
15.7886199303066
20
5.69880115859291
30
0
41
1
10
15.8384808273271
20
5.6990900358303
30
0
41
1
10
15.9364496752646
20
5.69960091906424
30
0
41
1
10
15.9845537829611
20
5.69982311357322
30
0
41
1
10
16.055525704369
20
5.69998504352725
30
0
41
1
10
16.0790398716052
20
5.70001022882241
30
0
41
1
10
16.1253048180305
20
5.69998201789673
30
0
41
1
10
16.1480772936122
20
5.69992884170696
30
0
41
1
10
16.2602513838377
20
5.69942120141727
30
0
41
1
10
16.3446592282598
20
5.69824479364749
30
0
41
1
10
16.4244659609654
20
5.69569072442519
30
0
0
SPLINE
5
13B
100
AcDbEntity
8
1
62
256
6
ByLayer
370
18
48
1
60
0
100
AcDbSpline
70
4
71
3
72
34
73
30
40
0
40
0
40
0
40
0
40
0.125000000000006
40
0.125000000000006
40
0.187500000000006
40
0.187500000000006
40
0.250000000000007
40
0.250000000000007
40
0.375000000000008
40
0.375000000000008
40
0.50000000000001
40
0.50000000000001
40
0.625000000000011
40
0.625000000000011
40
0.65625000000001
40
0.65625000000001
40
0.687500000000009
40
0.687500000000009
40
0.750000000000007
40
0.750000000000007
40
0.812500000000005
40
0.812500000000005
40
0.843750000000005
40
0.843750000000005
40
0.875000000000004
40
0.875000000000004
40
0.937500000000002
40
0.937500000000002
40
1
40
1
40
1
40
1
41
1
10
15.4350770883927
20
-2.14779644677455
30
0
41
1
10
15.364854851577
20
-2.05971294593121
30
0
41
1
10
15.2958321962222
20
-1.96992698747778
30
0
41
1
10
15.1945651840401
20
-1.83228435894952
30
0
41
1
10
15.1611890601376
20
-1.78590797607893
30
0
41
1
10
15.0952994804866
20
-1.69207261760428
30
0
41
1
10
15.0627664830609
20
-1.64458214807936
30
0
41
1
10
14.9670497286047
20
-1.50093300366842
30
0
41
1
10
14.9056092900863
20
-1.40343818400089
30
0
41
1
10
14.7887840719914
20
-1.20424128642318
30
0
41
1
10
14.7333860752938
20
-1.10254680234152
30
0
41
1
10
14.6306287387203
20
-0.893810905512282
30
0
41
1
10
14.583238322053
20
-0.786787260910131
30
0
41
1
10
14.5310692656408
20
-0.648487885437504
30
0
41
1
10
14.5209808746779
20
-0.62055945768725
30
0
41
1
10
14.5017013443508
20
-0.564519816775629
30
0
41
1
10
14.4925003569428
20
-0.536385950243726
30
0
41
1
10
14.4663153913057
20
-0.451617924277002
30
0
41
1
10
14.4507434558261
20
-0.394618763428582
30
0
41
1
10
14.4240328102453
20
-0.279487482853853
30
0
41
1
10
14.412890790654
20
-0.221356149759856
30
0
41
1
10
14.4001688019519
20
-0.133150197182147
30
0
41
1
10
14.39659538724
20
-0.103579558550052
30
0
41
1
10
14.3909266247466
20
-0.0440666681960806
30
0
41
1
10
14.3888477539188
20
-0.0142621915435086
30
0
41
1
10
14.3850618316077
20
0.074810963175139
30
0
41
1
10
14.3857784255709
20
0.133936480706552
30
0
41
1
10
14.39457951575
20
0.251613553141652
30
0
41
1
10
14.4026598167532
20
0.310165398906463
30
0
41
1
10
14.4150101712358
20
0.368389899728584
30
0
0
SPLINE
5
13C
100
AcDbEntity
8
1
62
256
6
ByLayer
370
18
48
1
60
0
100
AcDbSpline
70
4
71
3
72
34
73
30
40
0
40
0
40
0
40
0
40
0.125
40
0.125
40
0.15625
40
0.15625
40
0.1875
40
0.1875
40
0.250000000000001
40
0.250000000000001
40
0.375000000000003
40
0.375000000000003
40
0.406250000000002
40
0.406250000000002
40
0.4375
40
0.499999999999999
40
0.562499999999997
40
0.562499999999997
40
0.593749999999996
40
0.593749999999996
40
0.624999999999995
40
0.624999999999995
40
0.749999999999991
40
0.749999999999991
40
0.812499999999994
40
0.812499999999994
40
0.874999999999996
40
0.874999999999996
40
1
40
1
40
1
40
1
41
1
10
14.4150101712316
20
0.368389899731994
30
0
41
1
10
14.4010347566953
20
0.446588130890092
30
0
41
1
10
14.3915699597314
20
0.525375104159934
30
0
41
1
10
14.3869368719643
20
0.624827990122782
30
0
41
1
10
14.3863728869105
20
0.64476743566334
30
0
41
1
10
14.3860218317524
20
0.684751792388397
30
0
41
1
10
14.3862358699647
20
0.704829503816171
30
0
41
1
10
14.3881233996556
20
0.765010683210789
30
0
41
1
10
14.3910270023384
20
0.804769694803184
30
0
41
1
10
14.4050019354768
20
0.922912719367417
30
0
41
1
10
14.4213092081999
20
1.00016748574672
30
0
41
1
10
14.4518662370486
20
1.09463183246015
30
0
41
1
10
14.4585116404508
20
1.11347650420288
30
0
41
1
10
14.4727340165356
20
1.15060451986881
30
0
41
1
10
14.4954519023348
20
1.20545508169931
30
0
41
1
10
14.5401661391898
20
1.29273181788133
30
0
41
1
10
14.5831468655027
20
1.35824457722421
30
0
41
1
10
14.6180703336719
20
1.40579057030541
30
0
41
1
10
14.6301597068998
20
1.42137433146351
30
0
41
1
10
14.6552350946409
20
1.45201486294675
30
0
41
1
10
14.6682526440537
20
1.46710352411978
30
0
41
1
10
14.7348927012238
20
1.54049682327121
30
0
41
1
10
14.7934959752588
20
1.59318278449996
30
0
41
1
10
14.8882047648244
20
1.66459865622713
30
0
41
1
10
14.9209417496522
20
1.68714472785467
30
0
41
1
10
14.9884561542449
20
1.72977713122435
30
0
41
1
10
15.0228678963612
20
1.7496382310695
30
0
41
1
10
15.1278519646107
20
1.80536357458539
30
0
41
1
10
15.2001620873038
20
1.83739597800385
30
0
41
1
10
15.2744060939756
20
1.86522326201046
30
0
0
SPLINE
5
13D
100
AcDbEntity
8
1
62
256
6
ByLayer
370
18
48
1
60
0
100
AcDbSpline
70
4
71
3
72
28
73
24
40
0
40
0
40
0
40
0
40
0.0624999999999999
40
0.0624999999999999
40
0.0937499999999998
40
0.0937499999999998
40
0.125
40
0.125
40
0.25
40
0.25
40
0.3125
40
0.3125
40
0.375
40
0.375
40
0.5
40
0.5
40
0.625
40
0.625
40
0.6875
40
0.6875
40
0.75
40
0.75
40
1
40
1
40
1
40
1
41
1
10
15.2744060939777
20
1.86522326201128
30
0
41
1
10
15.2987413261026
20
1.87434431360924
30
0
41
1
10
15.3236332173907
20
1.88166220219142
30
0
41
1
10
15.3616671907599
20
1.89039250441507
30
0
41
1
10
15.3744619881019
20
1.89292557961463
30
0
41
1
10
15.4002694888166
20
1.89728933327902
30
0
41
1
10
15.4133188849605
20
1.89912370863729
30
0
41
1
10
15.4785987706797
20
1.9065885217446
30
0
41
1
10
15.5306258866241
20
1.90721790039436
30
0
41
1
10
15.6084520805648
20
1.90234320364757
30
0
41
1
10
15.6343576180319
20
1.89972690863559
30
0
41
1
10
15.6861026541502
20
1.8926990689699
30
0
41
1
10
15.7120114521684
20
1.88826831523525
30
0
41
1
10
15.7886392908157
20
1.87269493219148
30
0
41
1
10
15.8385578360006
20
1.85927233701415
30
0
41
1
10
15.936476200266
20
1.82738355350699
30
0
41
1
10
15.9844714168806
20
1.8089053821717
30
0
41
1
10
16.0551798407457
20
1.77777215501203
30
0
41
1
10
16.0785341243356
20
1.76682211514776
30
0
41
1
10
16.1248283574836
20
1.74381267528099
30
0
41
1
10
16.1477602603979
20
1.73175325534186
30
0
41
1
10
16.2603504396557
20
1.66936601009843
30
0
41
1
10
16.3447974928089
20
1.61242232745019
30
0
41
1
10
16.4244659609621
20
1.54930979191701
30
0
0
SPLINE
5
13E
100
AcDbEntity
8
1
62
256
6
ByLayer
370
18
48
1
60
0
100
AcDbSpline
70
4
71
3
72
24
73
20
40
0
40
0
40
0
40
0
40
0.250000000000004
40
0.250000000000004
40
0.312500000000003
40
0.312500000000003
40
0.375000000000002
40
0.375000000000002
40
0.5
40
0.5
40
0.624999999999998
40
0.624999999999998
40
0.749999999999996
40
0.749999999999996
40
0.812499999999997
40
0.812499999999997
40
0.874999999999997
40
0.874999999999997
40
1
40
1
40
1
40
1
41
1
10
57.9729704008878
20
1.92958415681125
30
0
41
1
10
57.9738448070913
20
1.94544217691964
30
0
41
1
10
57.9680006184051
20
1.96159174644322
30
0
41
1
10
57.9522635437103
20
1.98214460296134
30
0
41
1
10
57.9486902439307
20
1.98626297227892
30
0
41
1
10
57.9407967369025
20
1.99440640317701
30
0
41
1
10
57.9364654420599
20
1.99844704768438
30
0
41
1
10
57.9223369503167
20
2.01047730493644
30
0
41
1
10
57.9114090589094
20
2.01837555755807
30
0
41
1
10
57.8865207844683
20
2.03392703745931
30
0
41
1
10
57.8724582794728
20
2.04161891661488
30
0
41
1
10
57.8420899647032
20
2.0562837824682
30
0
41
1
10
57.8257155267402
20
2.06331166337219
30
0
41
1
10
57.7993911627492
20
2.07340246838277
30
0
41
1
10
57.7903220242415
20
2.0766907558413
30
0
41
1
10
57.7715868424647
20
2.08311460327903
30
0
41
1
10
57.7618796029137
20
2.0862622519638
30
0
41
1
10
57.7321921689885
20
2.09535830600456
30
0
41
1
10
57.7116632167343
20
2.10096412466493
30
0
41
1
10
57.6904195847407
20
2.10612580185622
30
0
0
SPLINE
5
13F
100
AcDbEntity
8
1
62
256
6
ByLayer
370
18
48
1
60
0
100
AcDbSpline
70
4
71
3
72
17
73
13
40
0
40
0
40
0
40
0
40
0.250000000000011
40
0.250000000000011
40
0.500000000000021
40
0.500000000000021
40
0.562500000000024
40
0.562500000000024
40
0.625000000000027
40
0.750000000000022
40
0.750000000000022
40
1
40
1
40
1
40
1
41
1
10
16.9998052447649
20
3.13424953106073
30
0
41
1
10
17.1519552256144
20
2.98760875044673
30
0
41
1
10
17.3053545320441
20
2.83927651338652
30
0
41
1
10
17.6165810420114
20
2.54101529826536
30
0
41
1
10
17.7744051654911
20
2.39108076706279
30
0
41
1
10
17.9761025035625
20
2.20420232326012
30
0
41
1
10
18.016670288769
20
2.16685085515721
30
0
41
1
10
18.0981214957733
20
2.09241486792885
30
0
41
1
10
18.2208362791839
20
1.98110261146348
30
0
41
1
10
18.3453576447445
20
1.87104165653747
30
0
41
1
10
18.5973799077026
20
1.65326051658118
30
0
41
1
10
18.7693392853268
20
1.51115934134989
30
0
41
1
10
18.9470541280642
20
1.37429786159515
30
0
0
SPLINE
5
140
100
AcDbEntity
8
1
62
256
6
ByLayer
370
18
48
1
60
0
100
AcDbSpline
70
4
71
3
72
10
73
6
40
0
40
0
40
0
40
0
40
0.5
40
0.5
40
1
40
1
40
1
40
1
41
1
10
16.4302170644207
20
3.72381898668402
30
0
41
1
10
16.5262004029012
20
3.62946951353806
30
0
41
1
10
16.621654428121
20
3.53315162126421
30
0
41
1
10
16.8115215155043
20
3.33664468565433
30
0
41
1
10
16.9059333472743
20
3.23645106670941
30
0
41
1
10
16.9998052447752
20
3.13424953105081
30
0
0
SPLINE
5
141
100
AcDbEntity
8
1
62
256
6
ByLayer
370
18
48
1
60
0
100
AcDbSpline
70
4
71
3
72
16
73
12
40
0
40
0
40
0
40
0
40
0.25
40
0.25
40
0.375
40
0.375
40
0.5
40
0.5
40
0.75
40
0.75
40
1
40
1
40
1
40
1
41
1
10
32.1417901117616
20
3.7946747062351
30
0
41
1
10
32.1416865322118
20
3.67947513283679
30
0
41
1
10
32.1416244537608
20
3.55912647699262
30
0
41
1
10
32.1414654578768
20
3.37093417393103
30
0
41
1
10
32.1414178217266
20
3.30692225121589
30
0
41
1
10
32.1413567990029
20
3.17632053207922
30
0
41
1
10
32.1413390132904
20
3.1098641429449
30
0
41
1
10
32.1412645055441
20
2.90753668992954
30
0
41
1
10
32.1411646655546
20
2.76852033670454
30
0
41
1
10
32.1410035378115
20
2.482266964811
30
0
41
1
10
32.1409676690452
20
2.33502850536115
30
0
41
1
10
32.1409140524072
20
2.18361616152782
30
0
0
SPLINE
5
142
100
AcDbEntity
8
1
62
256
6
ByLayer
370
18
48
1
60
0
100
AcDbSpline
70
4
71
3
72
26
73
22
40
0
40
0
40
0
40
0
40
0.0869366752328385
40
0.0869366752328385
40
0.217374293056709
40
0.217374293056709
40
0.347811910880579
40
0.347811910880579
40
0.413030719792514
40
0.413030719792514
40
0.445640124248483
40
0.445640124248483
40
0.478249528704453
40
0.478249528704453
40
0.739124764352224
40
0.739124764352224
40
0.869562382176112
40
0.869562382176112
40
0.934781191088056
40
0.934781191088056
40
1
40
1
40
1
40
1
41
1
10
50.342785476529
20
-5.2044875615733
30
0
41
1
10
50.1888323111444
20
-5.26112398051515
30
0
41
1
10
50.0351013916254
20
-5.31351759227329
30
0
41
1
10
49.6508719800153
20
-5.43386690897853
30
0
41
1
10
49.4204531805054
20
-5.49651343238745
30
0
41
1
10
48.9588794905338
20
-5.60207592624778
30
0
41
1
10
48.7277222280449
20
-5.64503825251134
30
0
41
1
10
48.3796335004602
20
-5.69423365197278
30
0
41
1
10
48.2633781962209
20
-5.70807124056861
30
0
41
1
10
48.0885486228297
20
-5.72489783295978
30
0
41
1
10
48.0301976112949
20
-5.72985231337222
30
0
41
1
10
47.9133280295583
20
-5.73843910110193
30
0
41
1
10
47.8549213876097
20
-5.74206251761498
30
0
41
1
10
47.3302137366469
20
-5.76862718250348
30
0
41
1
10
46.8687891841828
20
-5.74942919424123
30
0
41
1
10
46.177391309254
20
-5.65916538916377
30
0
41
1
10
45.9470451845522
20
-5.61887923568148
30
0
41
1
10
45.6009083994724
20
-5.54364855826773
30
0
41
1
10
45.4854270163429
20
-5.5161056251994
30
0
41
1
10
45.2541338544993
20
-5.45618296512365
30
0
41
1
10
45.1383229814392
20
-5.42381602042755
30
0
41
1
10
45.0222865642429
20
-5.38893649118666
30
0
0
SPLINE
5
143
100
AcDbEntity
8
1
62
256
6
ByLayer
370
18
48
1
60
0
100
AcDbSpline
70
4
71
3
72
10
73
6
40
0
40
0
40
0
40
0
40
0.0151432721437402
40
0.0151432721437402
40
1
40
1
40
1
40
1
41
1
10
57.0513842049275
20
-1.30986379172415
30
0
41
1
10
57.0528683209312
20
-1.30893714587819
30
0
41
1
10
57.054352428803
20
-1.30801032548797
30
0
41
1
10
57.1523563294777
20
-1.24679535534415
30
0
41
1
10
57.2488966119481
20
-1.18573379429191
30
0
41
1
10
57.3452772290875
20
-1.1240060370809
30
0
0
SPLINE
5
144
100
AcDbEntity
8
1
62
256
6
ByLayer
370
18
48
1
60
0
100
AcDbSpline
70
4
71
5
72
43
73
37
40
0
40
0
40
0
40
0
40
0
40
0
40
0.0031239286296757
40
0.0284392146377674
40
0.0664121436499049
40
0.0917274296579965
40
0.129700358670134
40
0.167673287682271
40
0.192988573690363
40
0.230961502702501
40
0.256276788710592
40
0.29424971772273
40
0.319565003730821
40
0.357537932742959
40
0.395510861755096
40
0.420826147763188
40
0.44614143377128
40
0.484114362783417
40
0.522087291795555
40
0.547402577803646
40
0.585375506815784
40
0.623348435827921
40
0.648663721836
40
0.673979007844105
40
0.711951936856242
40
0.74992486586838
40
0.775240151876471
40
0.813213080888609
40
0.838528366896701
40
0.876501295908838
40
0.901816581916929
40
0.939789510929067
40
0.977762439941204
40
1
40
1
40
1
40
1
40
1
40
1
41
1
10
33.2008470520373
20
3.07481462674252
30
0
41
1
10
33.2098169904918
20
3.07181280581017
30
0
41
1
10
33.2914763480625
20
3.04442181823103
30
0
41
1
10
33.4821698343072
20
2.97911186535066
30
0
41
1
10
33.745552739668
20
2.88463118021127
30
0
41
1
10
34.117969773703
20
2.74299512713881
30
0
41
1
10
34.5904509979576
20
2.55000240325887
30
0
41
1
10
35.0629322222122
20
2.34343074542255
30
0
41
1
10
35.5354134464667
20
2.1255325892084
30
0
41
1
10
36.0078946707213
20
1.89636916500333
30
0
41
1
10
36.4803758949759
20
1.65809999788752
30
0
41
1
10
36.9165124096724
20
1.43070801860586
30
0
41
1
10
37.388993633927
20
1.17751508461384
30
0
41
1
10
37.8614748581816
20
0.918568864773818
30
0
41
1
10
38.3339560824362
20
0.654705300766608
30
0
41
1
10
38.7700925971327
20
0.408217962593682
30
0
41
1
10
39.2425738213872
20
0.139350373294604
30
0
41
1
10
39.7150550456418
20
-0.130190445725901
30
0
41
1
10
40.1511915603384
20
-0.378539956523497
30
0
41
1
10
40.6236727845929
20
-0.645755663477672
30
0
41
1
10
41.1324987184055
20
-0.929791573998159
30
0
41
1
10
41.6049799426601
20
-1.18863369209623
30
0
41
1
10
42.0411164573566
20
-1.42226178267509
30
0
41
1
10
42.5135976816112
20
-1.66836256162421
30
0
41
1
10
42.9860789058658
20
-1.9064031449204
30
0
41
1
10
43.4222154205623
20
-2.11773650458014
30
0
41
1
10
43.894696644817
20
-2.33644532674265
30
0
41
1
10
44.3671778690715
20
-2.5427083962
30
0
41
1
10
44.8396590933261
20
-2.73663519429758
30
0
41
1
10
45.2757956080226
20
-2.90348068696059
30
0
41
1
10
45.7482768322772
20
-3.07015691650881
30
0
41
1
10
46.2207580565318
20
-3.22203705970361
30
0
41
1
10
46.6844020070783
20
-3.35429289590803
30
0
41
1
10
47.0390118289506
20
-3.44356559403684
30
0
41
1
10
47.3209322317068
20
-3.50676950339059
30
0
41
1
10
47.4938185057889
20
-3.54255545619557
30
0
41
1
10
47.5576706511969
20
-3.55536424023057
30
0
0
SPLINE
5
145
100
AcDbEntity
8
1
62
256
6
ByLayer
370
18
48
1
60
0
100
AcDbSpline
70
4
71
3
72
28
73
24
40
0
40
0
40
0
40
0
40
0.142121157289175
40
0.142121157289175
40
0.28424231457835
40
0.28424231457835
40
0.319772603900648
40
0.319772603900648
40
0.355302893222945
40
0.355302893222945
40
0.426363471867535
40
0.426363471867535
40
0.568484629156715
40
0.568484629156715
40
0.710605786445895
40
0.710605786445895
40
0.852726943735075
40
0.852726943735075
40
0.923787522379665
40
0.923787522379665
40
0.994848101024254
40
0.994848101024254
40
1
40
1
40
1
40
1
41
1
10
32.1417901117615
20
3.7946747062351
30
0
41
1
10
31.9110125408534
20
3.94450712272908
30
0
41
1
10
31.6800613024656
20
4.08745162429736
30
0
41
1
10
31.2166541170858
20
4.35894076964016
30
0
41
1
10
30.9842044200738
20
4.48769058302986
30
0
41
1
10
30.6920464774013
20
4.63887952788764
30
0
41
1
10
30.6335047748372
20
4.66864112479308
30
0
41
1
10
30.5166885856628
20
4.72693593925047
30
0
41
1
10
30.458362521883
20
4.75549643686935
30
0
41
1
10
30.2836062262533
20
4.83939712551955
30
0
41
1
10
30.1673987006803
20
4.89295167357935
30
0
41
1
10
29.8194332027389
20
5.04647849585143
30
0
41
1
10
29.5883263300811
20
5.13928534818638
30
0
41
1
10
29.1266113776022
20
5.30665015863744
30
0
41
1
10
28.896053347049
20
5.38101969997072
30
0
41
1
10
28.4345709951425
20
5.50983556291823
30
0
41
1
10
28.2036385652657
20
5.56421807283928
30
0
41
1
10
27.8560863511133
20
5.63076528465533
30
0
41
1
10
27.7400425620969
20
5.65049488176962
30
0
41
1
10
27.5074436033099
20
5.68509764085809
30
0
41
1
10
27.3908899344739
20
5.69993657702304
30
0
41
1
10
27.2655388706874
20
5.71305559475132
30
0
41
1
10
27.2570636625043
20
5.71392869312803
30
0
41
1
10
27.2485875224369
20
5.71478797298622
30
0
0
SPLINE
5
146
100
AcDbEntity
8
1
62
256
6
ByLayer
370
18
48
1
60
0
100
AcDbSpline
70
4
71
3
72
39
73
35
40
0
40
0
40
0
40
0
40
0.25000000000021
40
0.25000000000021
40
0.375000000000315
40
0.375000000000315
40
0.390625000000307
40
0.390625000000307
40
0.406250000000298
40
0.437500000000282
40
0.437500000000282
40
0.500000000000249
40
0.500000000000249
40
0.531250000000233
40
0.531250000000233
40
0.562500000000217
40
0.562500000000217
40
0.625000000000184
40
0.625000000000184
40
0.656250000000168
40
0.656250000000168
40
0.687500000000152
40
0.687500000000152
40
0.750000000000119
40
0.750000000000119
40
0.812500000000085
40
0.812500000000085
40
0.875000000000053
40
0.875000000000053
40
0.937500000000019
40
0.937500000000019
40
0.96875000000001
40
0.96875000000001
40
1
40
1
40
1
40
1
41
1
10
32.1417901117616
20
3.7946747062351
30
0
41
1
10
32.2185046355831
20
3.72122073653407
30
0
41
1
10
32.295906698613
20
3.6483822365426
30
0
41
1
10
32.4133130597676
20
3.54038142360722
30
0
41
1
10
32.4526698086413
20
3.50459806283826
30
0
41
1
10
32.4972179273555
20
3.46461051991759
30
0
41
1
10
32.5021795134555
20
3.46018312856299
30
0
41
1
10
32.5121784167595
20
3.45143832816547
30
0
41
1
10
32.5272867291036
20
3.43848076840794
30
0
41
1
10
32.5426947792715
20
3.42596123707003
30
0
41
1
10
32.5738402895021
20
3.40140970075177
30
0
41
1
10
32.5950364169488
20
3.38568206524138
30
0
41
1
10
32.6273608713767
20
3.36289964002114
30
0
41
1
10
32.6382613043889
20
3.35542197132747
30
0
41
1
10
32.6596741561167
20
3.34110572852288
30
0
41
1
10
32.6702558700149
20
3.33421450064117
30
0
41
1
10
32.7016584046021
20
3.31423851479803
30
0
41
1
10
32.7221404932832
20
3.30184064582116
30
0
41
1
10
32.7522172181388
20
3.28447972480822
30
0
41
1
10
32.7621338089448
20
3.27890213387286
30
0
41
1
10
32.7817561784063
20
3.26814636224151
30
0
41
1
10
32.7914901635532
20
3.26295392595756
30
0
41
1
10
32.8201595242222
20
3.24808512451719
30
0
41
1
10
32.8384988597239
20
3.23913623467712
30
0
41
1
10
32.8736601069487
20
3.22318253574028
30
0
41
1
10
32.890487825135
20
3.21616975108265
30
0
41
1
10
32.9226324173692
20
3.2041852745798
30
0
41
1
10
32.9380019586961
20
3.19922914407317
30
0
41
1
10
32.9663499614813
20
3.19194825280661
30
0
41
1
10
32.9794141733505
20
3.18957629908948
30
0
41
1
10
32.9970514018981
20
3.18841398677259
30
0
41
1
10
33.0026057189049
20
3.18842451922694
30
0
41
1
10
33.0129992356615
20
3.18935352162202
30
0
41
1
10
33.0178004982341
20
3.19027244781785
30
0
41
1
10
33.0221107235361
20
3.19169235749141
30
0
0
SPLINE
5
147
100
AcDbEntity
8
1
62
256
6
ByLayer
370
18
48
1
60
0
100
AcDbSpline
70
4
71
3
72
39
73
35
40
0
40
0
40
0
40
0
40
0.249999999999901
40
0.249999999999901
40
0.374999999999839
40
0.374999999999839
40
0.390624999999846
40
0.390624999999846
40
0.406249999999853
40
0.437499999999866
40
0.437499999999866
40
0.499999999999868
40
0.499999999999868
40
0.531249999999868
40
0.531249999999868
40
0.562499999999868
40
0.562499999999868
40
0.62499999999987
40
0.62499999999987
40
0.65624999999987
40
0.65624999999987
40
0.687499999999871
40
0.687499999999871
40
0.749999999999894
40
0.749999999999894
40
0.812499999999917
40
0.812499999999917
40
0.87499999999994
40
0.87499999999994
40
0.937499999999962
40
0.937499999999962
40
0.968749999999981
40
0.968749999999981
40
1
40
1
40
1
40
1
41
1
10
44.1410201325931
20
-5.07659301101555
30
0
41
1
10
44.217823335644
20
-5.06253215891869
30
0
41
1
10
44.29531535836
20
-5.04581919557594
30
0
41
1
10
44.4128589346064
20
-5.01680569621698
30
0
41
1
10
44.4522650744201
20
-5.00652023579823
30
0
41
1
10
44.4968620323356
20
-4.99416902391181
30
0
41
1
10
44.5018282596549
20
-4.99282758851183
30
0
41
1
10
44.5118354978268
20
-4.99052539208878
30
0
41
1
10
44.5269568844281
20
-4.98763550655423
30
0
41
1
10
44.5423795999147
20
-4.9863301063011
30
0
41
1
10
44.5735560772463
20
-4.98556405690991
30
0
41
1
10
44.5947748413745
20
-4.98747463748302
30
0
41
1
10
44.627134971823
20
-4.99371510778602
30
0
41
1
10
44.63804971277
20
-4.99638591481835
30
0
41
1
10
44.6594918272838
20
-5.00271626140321
30
0
41
1
10
44.6700877968769
20
-5.00637819471351
30
0
41
1
10
44.7015322125326
20
-5.01868713682032
30
0
41
1
10
44.7220410588835
20
-5.02863892815435
30
0
41
1
10
44.7521565461947
20
-5.04596900580358
30
0
41
1
10
44.7620857980152
20
-5.05215202005616
30
0
41
1
10
44.7817330086828
20
-5.06529745633466
30
0
41
1
10
44.7914792575308
20
-5.07228262101154
30
0
41
1
10
44.8201840088344
20
-5.09423120472616
30
0
41
1
10
44.8385451500532
20
-5.11010031732278
30
0
41
1
10
44.8737466099635
20
-5.14429666254128
30
0
41
1
10
44.890592792919
20
-5.16261409129544
30
0
41
1
10
44.9227706335804
20
-5.20176036081193
30
0
41
1
10
44.9381541096017
20
-5.22275518798136
30
0
41
1
10
44.9665222026964
20
-5.26654824392924
30
0
41
1
10
44.9795936690086
20
-5.28941467314328
30
0
41
1
10
44.9972360504081
20
-5.32547589208508
30
0
41
1
10
45.0027912019875
20
-5.33778852163169
30
0
41
1
10
45.0131839430754
20
-5.36306754906221
30
0
41
1
10
45.0179811263831
20
-5.37594442135048
30
0
41
1
10
45.0222865642429
20
-5.38893649118606
30
0
0
SPLINE
5
148
100
AcDbEntity
8
1
62
256
6
ByLayer
370
18
48
1
60
0
100
AcDbSpline
70
4
71
3
72
22
73
18
40
0
40
0
40
0
40
0
40
0.124999999999999
40
0.124999999999999
40
0.1875
40
0.1875
40
0.250000000000001
40
0.250000000000001
40
0.375000000000001
40
0.375000000000001
40
0.5
40
0.5
40
0.624999999999999
40
0.624999999999999
40
0.749999999999999
40
0.749999999999999
40
1
40
1
40
1
40
1
41
1
10
57.3452772290875
20
-1.49335791472021
30
0
41
1
10
57.3564299743002
20
-1.56750390361182
30
0
41
1
10
57.367243335076
20
-1.64137727410517
30
0
41
1
10
57.3828822518765
20
-1.75172052826034
30
0
41
1
10
57.3879980432265
20
-1.78842355015976
30
0
41
1
10
57.3980184750467
20
-1.86165998213076
30
0
41
1
10
57.4029260176336
20
-1.89821865991243
30
0
41
1
10
57.4172679873246
20
-2.00733451488097
30
0
41
1
10
57.4263333184832
20
-2.07938494107322
30
0
41
1
10
57.4432967703683
20
-2.22185381128921
30
0
41
1
10
57.4511892337337
20
-2.29226434524591
30
0
41
1
10
57.4655487971547
20
-2.43109248417139
30
0
41
1
10
57.4720237258734
20
-2.49954930076666
30
0
41
1
10
57.4832899728089
20
-2.63399376278244
30
0
41
1
10
57.4880280035957
20
-2.699351195086
30
0
41
1
10
57.4992372261769
20
-2.88916327180988
30
0
41
1
10
57.5027294997421
20
-3.00741176241763
30
0
41
1
10
57.5011304806928
20
-3.11505326665079
30
0
0
SPLINE
5
149
100
AcDbEntity
8
1
62
256
6
ByLayer
370
18
48
1
60
0
100
AcDbSpline
70
4
71
3
72
12
73
8
40
0
40
0
40
0
40
0
40
0.250000000000003
40
0.250000000000003
40
0.500000000000006
40
0.500000000000006
40
1
40
1
40
1
40
1
41
1
10
55.023864591094
20
-0.0113062897948737
30
0
41
1
10
55.2181138302216
20
-0.134984961467921
30
0
41
1
10
55.4121528821543
20
-0.258617716201854
30
0
41
1
10
55.7998331849624
20
-0.505796323101805
30
0
41
1
10
55.9934742967606
20
-0.62934214488547
30
0
41
1
10
56.5738158535572
20
-0.999852516421214
30
0
41
1
10
56.9599378502365
20
-1.24669069988207
30
0
41
1
10
57.3452772290875
20
-1.49335791472021
30
0
0
SPLINE
5
14A
100
AcDbEntity
8
1
62
256
6
ByLayer
370
18
48
1
60
0
100
AcDbSpline
70
4
71
3
72
33
73
29
40
0
40
0
40
0
40
0
40
0.125000000000012
40
0.125000000000012
40
0.187500000000018
40
0.187500000000018
40
0.218750000000033
40
0.218750000000033
40
0.250000000000049
40
0.250000000000049
40
0.375000000000043
40
0.375000000000043
40
0.437500000000039
40
0.437500000000039
40
0.500000000000036
40
0.562500000000032
40
0.562500000000032
40
0.59375000000003
40
0.59375000000003
40
0.625000000000029
40
0.625000000000029
40
0.750000000000025
40
0.750000000000025
40
0.812500000000021
40
0.812500000000021
40
0.875000000000017
40
0.875000000000017
40
1
40
1
40
1
40
1
41
1
10
55.0238645910939
20
-0.0113062897948453
30
0
41
1
10
54.9820654787974
20
0.0153072439783841
30
0
41
1
10
54.9419587943918
20
0.0437014936103992
30
0
41
1
10
54.8849557647435
20
0.0895899460713281
30
0
41
1
10
54.8664843514744
20
0.10543941964346
30
0
41
1
10
54.8396921430312
20
0.130170301208153
30
0
41
1
10
54.8308977809679
20
0.138591935971362
30
0
41
1
10
54.81383955491
20
0.155576469583764
30
0
41
1
10
54.805552586952
20
0.1641594700925
30
0
41
1
10
54.7653602995861
20
0.207544739715871
30
0
41
1
10
54.7371645409456
20
0.243742243661529
30
0
41
1
10
54.7016198394702
20
0.300764207407241
30
0
41
1
10
54.6908542522085
20
0.320357541232795
30
0
41
1
10
54.6722581758408
20
0.359426595634062
30
0
41
1
10
54.6564337647756
20
0.39858076140348
30
0
41
1
10
54.6458802082832
20
0.438037118423353
30
0
41
1
10
54.6398725547785
20
0.467796667776383
30
0
41
1
10
54.6381847416058
20
0.477773063147794
30
0
41
1
10
54.6354575872544
20
0.497638543595542
30
0
41
1
10
54.6344175766752
20
0.507515146942666
30
0
41
1
10
54.6307416832206
20
0.556661016747881
30
0
41
1
10
54.632634609098
20
0.595227925176999
30
0
41
1
10
54.6415540325257
20
0.652624038573009
30
0
41
1
10
54.645551674338
20
0.67168832847625
30
0
41
1
10
54.6554707637438
20
0.709721777808085
30
0
41
1
10
54.6613400745496
20
0.728524009039774
30
0
41
1
10
54.6814971695302
20
0.784386012280521
30
0
41
1
10
54.6983445458518
20
0.820863944149124
30
0
41
1
10
54.7183500596782
20
0.856769200825056
30
0
0
SPLINE
5
14B
100
AcDbEntity
8
1
62
256
6
ByLayer
370
18
48
1
60
0
100
AcDbSpline
70
4
71
5
72
16
73
10
40
0
40
0
40
0
40
0
40
0
40
0
40
0.454832404409441
40
0.568540505511801
40
0.739102657165342
40
0.852810758267702
40
1
40
1
40
1
40
1
40
1
40
1
41
1
10
19.2529835644625
20
-2.54281465181151
30
0
41
1
10
19.5437412409269
20
-2.66593131201529
30
0
41
1
10
19.9071883365073
20
-2.81226293543469
30
0
41
1
10
20.379669560762
20
-2.9892098183135
30
0
41
1
10
20.9248402041326
20
-3.17177732739645
30
0
41
1
10
21.5641035319993
20
-3.35416964853869
30
0
41
1
10
21.9126091834015
20
-3.44214805291466
30
0
41
1
10
22.1884254156877
20
-3.50435393704194
30
0
41
1
10
22.3552075192997
20
-3.53920741760342
30
0
41
1
10
22.4493002037957
20
-3.55798380019178
30
0
0
SPLINE
5
14C
100
AcDbEntity
8
1
62
256
6
ByLayer
370
18
48
1
60
0
100
AcDbSpline
70
4
71
5
72
23
73
17
40
0
40
0
40
0
40
0
40
0
40
0
40
0.0094541589656273
40
0.123044112763989
40
0.198770748629564
40
0.274497384495138
40
0.3880873382935
40
0.501677292091861
40
0.577403927957435
40
0.690993881755798
40
0.804583835554159
40
0.880310471419703
40
0.956037107285308
40
1
40
1
40
1
40
1
40
1
40
1
41
1
10
49.918888266266
20
3.08469031760291
30
0
41
1
10
49.9279632412149
20
3.08167197700041
30
0
41
1
10
50.0460723448379
20
3.04229576512606
30
0
41
1
10
50.236870867577
20
2.97673210444583
30
0
41
1
10
50.5003588094322
20
2.8819251012041
30
0
41
1
10
50.8728808799615
20
2.7398698983217
30
0
41
1
10
51.3453621042161
20
2.54646004254261
30
0
41
1
10
51.7814986189126
20
2.35647824156931
30
0
41
1
10
52.2539798431672
20
2.13927506374643
30
0
41
1
10
52.7628057769798
20
1.89315337457651
30
0
41
1
10
53.2352870012344
20
1.65451897777089
30
0
41
1
10
53.6714235159309
20
1.42685942771894
30
0
41
1
10
54.0770702562938
20
1.20930231534004
30
0
41
1
10
54.3736828679825
20
1.04731803142397
30
0
41
1
10
54.561261350997
20
0.943886566387675
30
0
41
1
10
54.6761504148956
20
0.880203452748731
30
0
41
1
10
54.718350059678
20
0.856769200825198
30
0
0
SPLINE
5
14D
100
AcDbEntity
8
1
62
256
6
ByLayer
370
18
48
1
60
0
100
AcDbSpline
70
4
71
3
72
13
73
9
40
0
40
0
40
0
40
0
40
0.0881568265310516
40
0.176313653062104
40
0.352627306124207
40
0.528940959186311
40
0.705254612248414
40
1
40
1
40
1
40
1
41
1
10
19.2529835644625
20
-2.54281465181151
30
0
41
1
10
19.2405241214797
20
-2.60171444347367
30
0
41
1
10
19.1984651736284
20
-2.71760224117816
30
0
41
1
10
19.1049452100822
20
-2.95003720832776
30
0
41
1
10
19.0081345714955
20
-3.25242525706204
30
0
41
1
10
18.92613901495
20
-3.62752513899991
30
0
41
1
10
18.8783842434763
20
-4.0961081020194
30
0
41
1
10
18.9085082459905
20
-4.4372075013456
30
0
41
1
10
18.9490262364352
20
-4.64687613297178
30
0
0
SPLINE
5
14E
100
AcDbEntity
8
1
62
256
6
ByLayer
370
18
48
1
60
0
100
AcDbSpline
70
4
71
3
72
8
73
4
40
0
40
0
40
0
40
0
40
1
40
1
40
1
40
1
41
1
10
18.9491091105792
20
-4.6473048206972
30
0
41
1
10
18.9920831266264
20
-4.65887449708893
30
0
41
1
10
19.0350881858773
20
-4.67015425625854
30
0
41
1
10
19.0781267205059
20
-4.68114381684418
30
0
0
SPLINE
5
14F
100
AcDbEntity
8
1
62
256
6
ByLayer
370
18
48
1
60
0
100
AcDbSpline
70
4
71
3
72
17
73
13
40
0
40
0
40
0
40
0
40
0.249999999999995
40
0.249999999999995
40
0.374999999999992
40
0.374999999999992
40
0.499999999999989
40
0.624999999999987
40
0.624999999999987
40
0.749999999999984
40
0.749999999999984
40
1
40
1
40
1
40
1
41
1
10
19.0781267205059
20
-4.68114381684418
30
0
41
1
10
19.1461504434717
20
-4.76175434031342
30
0
41
1
10
19.2168492251954
20
-4.8377660858489
30
0
41
1
10
19.3266443089126
20
-4.94489291217309
30
0
41
1
10
19.3638803926014
20
-4.97946064660906
30
0
41
1
10
19.4395528012415
20
-5.04622785849031
30
0
41
1
10
19.5161351744151
20
-5.1103728794252
30
0
41
1
10
19.5945018010942
20
-5.16928939065173
30
0
41
1
10
19.6737658792745
20
-5.22556964394252
30
0
41
1
10
19.7138818565318
20
-5.25240986671471
30
0
41
1
10
19.8349573252755
20
-5.32849907607314
30
0
41
1
10
19.9168217024867
20
-5.37348408939121
30
0
41
1
10
20.0000000000005
20
-5.41253447793235
30
0
0
SPLINE
5
150
100
AcDbEntity
8
1
62
256
6
ByLayer
370
18
48
1
60
0
100
AcDbSpline
70
4
71
3
72
8
73
4
40
0
40
0
40
0
40
0
40
1
40
1
40
1
40
1
41
1
10
20.0000000000005
20
-5.41253447793235
30
0
41
1
10
20.0109532413284
20
-5.41767678478911
30
0
41
1
10
20.0219046138747
20
-5.42279797330838
30
0
41
1
10
20.0328541836425
20
-5.42789800487716
30
0
0
SPLINE
5
151
100
AcDbEntity
8
1
62
256
6
ByLayer
370
18
48
1
60
0
100
AcDbSpline
70
4
71
3
72
38
73
34
40
0
40
0
40
0
40
0
40
0.0806134297933184
40
0.0806134297933184
40
0.164194027084838
40
0.164194027084838
40
0.247774624376357
40
0.247774624376357
40
0.289564923022115
40
0.310460072344995
40
0.310460072344995
40
0.331355221667876
40
0.331355221667876
40
0.4149358189594
40
0.45672611760516
40
0.45672611760516
40
0.498516416250919
40
0.498516416250919
40
0.582097013542434
40
0.582097013542434
40
0.665677610833949
40
0.665677610833949
40
0.749258208125464
40
0.749258208125464
40
0.791048506771219
40
0.791048506771219
40
0.832838805416975
40
0.832838805416975
40
0.916419402708485
40
0.916419402708485
40
0.958209701354243
40
0.958209701354243
40
1
40
1
40
1
40
1
41
1
10
25.4981073770187
20
-5.0982389851354
30
0
41
1
10
25.3519800800699
20
-5.1568330793738
30
0
41
1
10
25.2058613314614
20
-5.2117503264156
30
0
41
1
10
24.9079955648801
20
-5.31578084744731
30
0
41
1
10
24.7562371949788
20
-5.36461387797775
30
0
41
1
10
24.4521278971213
20
-5.45388196232383
30
0
41
1
10
24.2997737173431
20
-5.49435351674092
30
0
41
1
10
24.0705665201982
20
-5.54893368337329
30
0
41
1
10
23.9557948959488
20
-5.57467368085287
30
0
41
1
10
23.8407275649704
20
-5.59800143079781
30
0
41
1
10
23.7639449264925
20
-5.61300734337846
30
0
41
1
10
23.7255136643386
20
-5.62023748744477
30
0
41
1
10
23.5336584077358
20
-5.65491857352217
30
0
41
1
10
23.3042922004786
20
-5.68960647742844
30
0
41
1
10
23.0758764949619
20
-5.71380402267889
30
0
41
1
10
22.923771098245
20
-5.72759189447194
30
0
41
1
10
22.8478021462664
20
-5.73332332880236
30
0
41
1
10
22.6200442643841
20
-5.74733084930594
30
0
41
1
10
22.468421024354
20
-5.75231839970385
30
0
41
1
10
22.1653150593271
20
-5.75382734563638
30
0
41
1
10
22.013843560125
20
-5.75028762553279
30
0
41
1
10
21.7108230579459
20
-5.73415052062839
30
0
41
1
10
21.5592726593816
20
-5.72156422691512
30
0
41
1
10
21.3316561833162
20
-5.69561171494735
30
0
41
1
10
21.2557349664708
20
-5.68578420035183
30
0
41
1
10
21.1037506944401
20
-5.66373337935551
30
0
41
1
10
21.0276863610055
20
-5.65151196979298
30
0
41
1
10
20.7992068571235
20
-5.61184478699641
30
0
41
1
10
20.6465152770622
20
-5.58119367386885
30
0
41
1
10
20.4167108507808
20
-5.52861254951441
30
0
41
1
10
20.3399265729655
20
-5.50997401482837
30
0
41
1
10
20.1863267432625
20
-5.47053518493706
30
0
41
1
10
20.10957434868
20
-5.44975604352408
30
0
41
1
10
20.0328541836448
20
-5.42789800487753
30
0
0
SPLINE
5
152
100
AcDbEntity
8
1
62
256
6
ByLayer
370
18
48
1
60
0
100
AcDbSpline
70
4
71
3
72
39
73
35
40
0
40
0
40
0
40
0
40
0.249999999999927
40
0.249999999999927
40
0.374999999999902
40
0.374999999999902
40
0.390624999999892
40
0.390624999999892
40
0.406249999999882
40
0.437499999999888
40
0.437499999999888
40
0.499999999999899
40
0.499999999999899
40
0.531249999999904
40
0.531249999999904
40
0.56249999999991
40
0.56249999999991
40
0.62499999999992
40
0.62499999999992
40
0.656249999999926
40
0.656249999999926
40
0.687499999999932
40
0.687499999999932
40
0.749999999999943
40
0.749999999999943
40
0.812499999999954
40
0.812499999999954
40
0.874999999999966
40
0.874999999999966
40
0.937499999999977
40
0.937499999999977
40
0.968749999999988
40
0.968749999999988
40
1
40
1
40
1
40
1
41
1
10
53.7415073225412
20
-5.38798751760137
30
0
41
1
10
53.8182762728847
20
-5.3645632534506
30
0
41
1
10
53.8957337990794
20
-5.33867595098468
30
0
41
1
10
54.0132245852544
20
-5.2962294502037
30
0
41
1
10
54.0526105585522
20
-5.28150717866728
30
0
41
1
10
54.0971899109267
20
-5.26426138556232
30
0
41
1
10
54.1021547791707
20
-5.26238034254408
30
0
41
1
10
54.1121601697273
20
-5.25900386220098
30
0
41
1
10
54.1272785470439
20
-5.25450086484085
30
0
41
1
10
54.1426975737823
20
-5.25157588728536
30
0
41
1
10
54.1738660028547
20
-5.24756044649098
30
0
41
1
10
54.1950786423757
20
-5.24729204501074
30
0
41
1
10
54.2274292994124
20
-5.25023860787144
30
0
41
1
10
54.2383374857133
20
-5.25180313427549
30
0
41
1
10
54.2597643511481
20
-5.25596551504529
30
0
41
1
10
54.2703529623973
20
-5.25855891388676
30
0
41
1
10
54.3017758920934
20
-5.26770222616847
30
0
41
1
10
54.3222711888264
20
-5.27559620482799
30
0
41
1
10
54.3523671003836
20
-5.28990959238124
30
0
41
1
10
54.3622899954936
20
-5.29509876899104
30
0
41
1
10
54.3819247881528
20
-5.3062788726134
30
0
41
1
10
54.3916653079837
20
-5.31229000906092
30
0
41
1
10
54.420348156207
20
-5.33136819390705
30
0
41
1
10
54.4386958705739
20
-5.34540348834091
30
0
41
1
10
54.4738724178261
20
-5.37609535989435
30
0
41
1
10
54.4907072516735
20
-5.39274118746999
30
0
41
1
10
54.5228641685169
20
-5.42871875979995
30
0
41
1
10
54.5382373007025
20
-5.44821109963215
30
0
41
1
10
54.5665865940664
20
-5.489279273037
30
0
41
1
10
54.5796501858747
20
-5.51091539793362
30
0
41
1
10
54.597283484333
20
-5.54538365021526
30
0
41
1
10
54.6028360666658
20
-5.5572072361588
30
0
41
1
10
54.6132247093465
20
-5.58160444524847
30
0
41
1
10
54.6180202574465
20
-5.59409179556053
30
0
41
1
10
54.6223247947219
20
-5.60675733791746
30
0
0
SPLINE
5
153
100
AcDbEntity
8
1
62
256
6
ByLayer
370
18
48
1
60
0
100
AcDbSpline
70
4
71
3
72
17
73
13
40
0
40
0
40
0
40
0
40
0.25
40
0.25
40
0.5
40
0.5
40
0.75
40
0.75
40
0.875
40
0.9375
40
0.9375
40
1
40
1
40
1
40
1
41
1
10
57.5011304806926
20
-5.63192063192128
30
0
41
1
10
57.2603605285387
20
-5.67570332713055
30
0
41
1
10
57.0207550716918
20
-5.70753791470398
30
0
41
1
10
56.5423517989831
20
-5.74812229040347
30
0
41
1
10
56.3035566611522
20
-5.75686078641397
30
0
41
1
10
55.8254367005786
20
-5.75197607460217
30
0
41
1
10
55.5861117342779
20
-5.73843091099604
30
0
41
1
10
55.2258403194101
20
-5.7015477212081
30
0
41
1
10
55.045384406692
20
-5.67894766828698
30
0
41
1
10
54.8642811632002
20
-5.65009550971578
30
0
41
1
10
54.7433830057513
20
-5.62946673768553
30
0
41
1
10
54.6827995569338
20
-5.61844537635875
30
0
41
1
10
54.6223247947215
20
-5.606757337918
30
0
0
SPLINE
5
154
100
AcDbEntity
8
1
62
256
6
ByLayer
370
18
48
1
60
0
100
AcDbSpline
70
4
71
3
72
18
73
14
40
0
40
0
40
0
40
0
40
0.0800019259831211
40
0.0800019259831211
40
0.233334938319265
40
0.233334938319265
40
0.310001444487337
40
0.310001444487337
40
0.386667950655409
40
0.386667950655409
40
0.693333975327705
40
0.693333975327705
40
1
40
1
40
1
40
1
41
1
10
57.441102609816
20
-4.73017380618234
30
0
41
1
10
57.4442083876435
20
-4.75100872013232
30
0
41
1
10
57.4472245737192
20
-4.77207319410482
30
0
41
1
10
57.4557427000234
20
-4.83422489080732
30
0
41
1
10
57.4609862102292
20
-4.87597428612244
30
0
41
1
10
57.4682535879793
20
-4.94013034022387
30
0
41
1
10
57.4705762994028
20
-4.96177127441817
30
0
41
1
10
57.4750097026196
20
-5.00559639852216
30
0
41
1
10
57.4771228252445
20
-5.02780894783797
30
0
41
1
10
57.4870894209654
20
-5.13991432212825
30
0
41
1
10
57.4931499893972
20
-5.23282665575042
30
0
41
1
10
57.5007519976659
20
-5.42627815391072
30
0
41
1
10
57.5022947358793
20
-5.52681512720829
30
0
41
1
10
57.5011304806927
20
-5.63192063192037
30
0
0
SPLINE
5
155
100
AcDbEntity
8
1
62
256
6
ByLayer
370
18
48
1
60
0
100
AcDbSpline
70
4
71
3
72
12
73
8
40
0
40
0
40
0
40
0
40
0.279573662344438
40
0.279573662344438
40
0.559147324688877
40
0.559147324688877
40
1
40
1
40
1
40
1
41
1
10
54.7182192529755
20
-4.4909173156457
30
0
41
1
10
54.9452768639178
20
-4.51278092270763
30
0
41
1
10
55.1718548155819
20
-4.53154974024011
30
0
41
1
10
55.6237595280743
20
-4.5610146193404
30
0
41
1
10
55.8490907739534
20
-4.57173961871663
30
0
41
1
10
56.4279357549382
20
-4.58772780778008
30
0
41
1
10
56.7804063494316
20
-4.58626059363274
30
0
41
1
10
57.1309345372977
20
-4.5722608590763
30
0
0
SPLINE
5
156
100
AcDbEntity
8
1
62
256
6
ByLayer
370
18
48
1
60
0
100
AcDbSpline
70
4
71
3
72
45
73
41
40
0
40
0
40
0
40
0
40
0.0624999999999499
40
0.0624999999999499
40
0.0937499999999344
40
0.0937499999999344
40
0.124999999999919
40
0.156249999999903
40
0.156249999999903
40
0.171874999999903
40
0.171874999999903
40
0.187499999999902
40
0.218749999999912
40
0.234374999999911
40
0.234374999999911
40
0.249999999999911
40
0.249999999999911
40
0.312499999999913
40
0.312499999999913
40
0.343749999999914
40
0.343749999999914
40
0.374999999999915
40
0.374999999999915
40
0.437499999999917
40
0.437499999999917
40
0.49999999999992
40
0.49999999999992
40
0.531249999999921
40
0.531249999999921
40
0.562499999999923
40
0.562499999999923
40
0.624999999999934
40
0.624999999999934
40
0.749999999999956
40
0.749999999999956
40
0.812499999999967
40
0.812499999999967
40
0.874999999999978
40
0.874999999999978
40
1
40
1
40
1
40
1
41
1
10
54.7182192529755
20
-4.4909173156457
30
0
41
1
10
54.6873717731551
20
-4.48794698060675
30
0
41
1
10
54.6573011194459
20
-4.48264100370841
30
0
41
1
10
54.6137879522651
20
-4.46963928521492
30
0
41
1
10
54.5995312332187
20
-4.46444820235234
30
0
41
1
10
54.5717555831086
20
-4.45201616914775
30
0
41
1
10
54.5451386530567
20
-4.43772016350383
30
0
41
1
10
54.5211084852674
20
-4.41927273258429
30
0
41
1
10
54.5041747607977
20
-4.40370792134692
30
0
41
1
10
54.4986900163398
20
-4.39820647126655
30
0
41
1
10
54.4882204533439
20
-4.38672527805485
30
0
41
1
10
54.4732996833486
20
-4.36883817188073
30
0
41
1
10
54.4564667062081
20
-4.34241291908793
30
0
41
1
10
54.4460317723644
20
-4.32079735733672
30
0
41
1
10
54.4395505535906
20
-4.30600320014804
30
0
41
1
10
54.436538495405
20
-4.29838577128029
30
0
41
1
10
54.4228015061882
20
-4.25985990543859
30
0
41
1
10
54.415889330115
20
-4.22752707009315
30
0
41
1
10
54.4099892843766
20
-4.17756924040998
30
0
41
1
10
54.4087770348397
20
-4.16063221432745
30
0
41
1
10
54.4076936770079
20
-4.12651479907379
30
0
41
1
10
54.4078224894525
20
-4.10946045179085
30
0
41
1
10
54.4099115673488
20
-4.0583438333405
30
0
41
1
10
54.4135570862834
20
-4.02432936464251
30
0
41
1
10
54.4243601921361
20
-3.95655108652724
30
0
41
1
10
54.4315281420691
20
-3.92278630228222
30
0
41
1
10
54.4445379682622
20
-3.87239202369963
30
0
41
1
10
54.4492561308918
20
-3.85563378269069
30
0
41
1
10
54.4593241086033
20
-3.82247352563331
30
0
41
1
10
54.464682529437
20
-3.80603640504813
30
0
41
1
10
54.4816647748653
20
-3.75714244044721
30
0
41
1
10
54.4941922225715
20
-3.72510174044427
30
0
41
1
10
54.535080268957
20
-3.6305931600923
30
0
41
1
10
54.5667108157631
20
-3.56972767696945
30
0
41
1
10
54.6204094623702
20
-3.48169343610724
30
0
41
1
10
54.6393835055135
20
-3.45286486822533
30
0
41
1
10
54.6794010923853
20
-3.39647733927785
30
0
41
1
10
54.7003104129914
20
-3.36910265966327
30
0
41
1
10
54.7657357202204
20
-3.28948801028653
30
0
41
1
10
54.8129452702645
20
-3.23975819746053
30
0
41
1
10
54.8640726016706
20
-3.19337683875716
30
0
0
SPLINE
5
157
100
AcDbEntity
8
1
62
256
6
ByLayer
370
18
48
1
60
0
100
AcDbSpline
70
4
71
3
72
20
73
16
40
0
40
0
40
0
40
0
40
0.250000000000005
40
0.250000000000005
40
0.50000000000001
40
0.50000000000001
40
0.625000000000007
40
0.625000000000007
40
0.750000000000005
40
0.750000000000005
40
0.875000000000003
40
0.875000000000003
40
0.937500000000001
40
0.937500000000001
40
1
40
1
40
1
40
1
41
1
10
22.5428375101114
20
4.7008929223274
30
0
41
1
10
22.3344270983213
20
4.80457114057958
30
0
41
1
10
22.1262712739287
20
4.90158703444342
30
0
41
1
10
21.7098793179011
20
5.08099881963844
30
0
41
1
10
21.5016437571424
20
5.16338079099509
30
0
41
1
10
21.1886238243769
20
5.2749487468862
30
0
41
1
10
21.0841716943849
20
5.31005631060484
30
0
41
1
10
20.8749144173785
20
5.3766864097885
30
0
41
1
10
20.7701131925158
20
5.40819173237011
30
0
41
1
10
20.560079170851
20
5.46741004825054
30
0
41
1
10
20.4548461671335
20
5.49512022306752
30
0
41
1
10
20.2965993248908
20
5.53373444063726
30
0
41
1
10
20.2437999502499
20
5.54610932116449
30
0
41
1
10
20.1382993369105
20
5.56980516928823
30
0
41
1
10
20.0855691203368
20
5.58113348998378
30
0
41
1
10
20.0328541836448
20
5.59193035465822
30
0
0
SPLINE
5
158
100
AcDbEntity
8
1
62
256
6
ByLayer
370
18
48
1
60
0
100
AcDbSpline
70
4
71
3
72
42
73
38
40
0
40
0
40
0
40
0
40
0.250000000000234
40
0.250000000000234
40
0.312500000000293
40
0.343750000000311
40
0.343750000000311
40
0.375000000000329
40
0.375000000000329
40
0.390625000000339
40
0.390625000000339
40
0.406250000000349
40
0.437500000000343
40
0.437500000000343
40
0.500000000000357
40
0.500000000000357
40
0.531250000000352
40
0.531250000000352
40
0.562500000000347
40
0.562500000000347
40
0.625000000000312
40
0.625000000000312
40
0.656250000000296
40
0.656250000000296
40
0.687500000000279
40
0.687500000000279
40
0.750000000000223
40
0.750000000000223
40
0.812500000000167
40
0.812500000000167
40
0.875000000000111
40
0.875000000000111
40
0.937500000000056
40
0.937500000000056
40
0.968750000000028
40
0.968750000000028
40
1
40
1
40
1
40
1
41
1
10
22.5428375101114
20
4.7008929223274
30
0
41
1
10
22.6195590771948
20
4.63012607875586
30
0
41
1
10
22.6969691507624
20
4.55928745431836
30
0
41
1
10
22.7948183992632
20
4.47091415623558
30
0
41
1
10
22.8242556433435
20
4.44441833992602
30
0
41
1
10
22.8538254316911
20
4.41795974058579
30
0
41
1
10
22.8735690397999
20
4.40033037049096
30
0
41
1
10
22.8834496706648
20
4.39150299842774
30
0
41
1
10
22.8983034091406
20
4.37829556021711
30
0
41
1
10
22.9032681446872
20
4.37392070660607
30
0
41
1
10
22.9132753664657
20
4.36537050843251
30
0
41
1
10
22.9283958177072
20
4.35282551584339
30
0
41
1
10
22.9438149496524
20
4.34105835911043
30
0
41
1
10
22.9749816258563
20
4.31840968792596
30
0
41
1
10
22.9961908666082
20
4.30447425816882
30
0
41
1
10
23.0285355578158
20
4.28512306459436
30
0
41
1
10
23.0394317178526
20
4.27892788090116
30
0
41
1
10
23.0608297754941
20
4.26736099749945
30
0
41
1
10
23.0714045533446
20
4.26193976454812
30
0
41
1
10
23.102787091589
20
4.24663046441827
30
0
41
1
10
23.1232569188887
20
4.23768253660859
30
0
41
1
10
23.1533154031565
20
4.22597039609914
30
0
41
1
10
23.1632261231919
20
4.22235528371013
30
0
41
1
10
23.1828369972356
20
4.21567787950531
30
0
41
1
10
23.1925666803218
20
4.21260774571871
30
0
41
1
10
23.2212010234919
20
4.20429106796735
30
0
41
1
10
23.239518331484
20
4.19992556060987
30
0
41
1
10
23.2746362436767
20
4.19356800061922
30
0
41
1
10
23.2914436170968
20
4.19156470363421
30
0
41
1
10
23.3235462862037
20
4.19003715940002
30
0
41
1
10
23.3388894374994
20
4.19056748407448
30
0
41
1
10
23.3671755601895
20
4.19447493863711
30
0
41
1
10
23.3802082900245
20
4.19782693101479
30
0
41
1
10
23.3977955783207
20
4.20548113268055
30
0
41
1
10
23.4033330251271
20
4.20846844067304
30
0
41
1
10
23.4136910813397
20
4.21543597198084
30
0
41
1
10
23.4184672438473
20
4.21939121261221
30
0
41
1
10
23.4227540330344
20
4.22383581848507
30
0
0
SPLINE
5
159
100
AcDbEntity
8
1
62
256
6
ByLayer
370
18
48
1
60
0
100
AcDbSpline
70
4
71
3
72
39
73
35
40
0
40
0
40
0
40
0
40
0.249999999999891
40
0.249999999999891
40
0.374999999999837
40
0.374999999999837
40
0.390624999999839
40
0.390624999999839
40
0.406249999999841
40
0.437499999999846
40
0.437499999999846
40
0.49999999999983
40
0.49999999999983
40
0.531249999999821
40
0.531249999999821
40
0.562499999999813
40
0.562499999999813
40
0.624999999999822
40
0.624999999999822
40
0.656249999999827
40
0.656249999999827
40
0.687499999999832
40
0.687499999999832
40
0.749999999999863
40
0.749999999999863
40
0.812499999999894
40
0.812499999999894
40
0.874999999999925
40
0.874999999999925
40
0.937499999999956
40
0.937499999999956
40
0.968749999999978
40
0.968749999999978
40
1
40
1
40
1
40
1
41
1
10
34.5422710571771
20
-4.30098844560831
30
0
41
1
10
34.6190138373306
20
-4.304201630959
30
0
41
1
10
34.6964449535907
20
-4.30454615038821
30
0
41
1
10
34.8138960116477
20
-4.30071730334649
30
0
41
1
10
34.8532638496861
20
-4.29871715956335
30
0
41
1
10
34.8978336504662
20
-4.29569592627288
30
0
41
1
10
34.9027986156244
20
-4.29539852465311
30
0
41
1
10
34.91280556101
20
-4.29518235158741
30
0
41
1
10
34.9279257866613
20
-4.29539554056788
30
0
41
1
10
34.9433452514908
20
-4.29712199737563
30
0
41
1
10
34.9745131100857
20
-4.30234308865502
30
0
41
1
10
34.995723690847
20
-4.30814659562802
30
0
41
1
10
35.028070314578
20
-4.32011971880328
30
0
41
1
10
35.0389716924853
20
-4.32468607727969
30
0
41
1
10
35.0603820523607
20
-4.33467265928329
30
0
41
1
10
35.0709627165059
20
-4.34010937967361
30
0
41
1
10
35.1023623631965
20
-4.35760559583574
30
0
41
1
10
35.122842872683
20
-4.37083499527708
30
0
41
1
10
35.1529168379863
20
-4.39284505930155
30
0
41
1
10
35.1628325635424
20
-4.40054744899163
30
0
41
1
10
35.1824532088874
20
-4.41665479332872
30
0
41
1
10
35.1921872804875
20
-4.42508753819371
30
0
41
1
10
35.2208419663733
20
-4.4512191319229
30
0
41
1
10
35.2391718576858
20
-4.46967535007752
30
0
41
1
10
35.2743135801301
20
-4.50864049560408
30
0
41
1
10
35.291131919508
20
-4.52914040016574
30
0
41
1
10
35.3232556780638
20
-4.57222578750793
30
0
41
1
10
35.3386105298086
20
-4.59497443769021
30
0
41
1
10
35.3669207690256
20
-4.64167873540177
30
0
41
1
10
35.3799647201324
20
-4.66572044041809
30
0
41
1
10
35.3975676733501
20
-4.70301341707585
30
0
41
1
10
35.4031101023661
20
-4.71564833064653
30
0
41
1
10
35.4134778202068
20
-4.74137029471024
30
0
41
1
10
35.4182601416244
20
-4.75435831960166
30
0
41
1
10
35.4225522436035
20
-4.76734628414519
30
0
0
SPLINE
5
15A
100
AcDbEntity
8
1
62
256
6
ByLayer
370
18
48
1
60
0
100
AcDbSpline
70
4
71
3
72
41
73
37
40
0
40
0
40
0
40
0
40
0.0408695863173829
40
0.0408695863173829
40
0.0941546092997534
40
0.0941546092997534
40
0.120797120790937
40
0.120797120790937
40
0.14743963228212
40
0.14743963228212
40
0.200724655264491
40
0.200724655264491
40
0.254009678246862
40
0.254009678246862
40
0.307294701229232
40
0.307294701229232
40
0.360579724211603
40
0.360579724211603
40
0.46714977017634
40
0.46714977017634
40
0.520434793158711
40
0.520434793158711
40
0.573719816141082
40
0.627004839123452
40
0.627004839123452
40
0.653647350614636
40
0.653647350614636
40
0.680289862105819
40
0.680289862105819
40
0.733574885088183
40
0.733574885088183
40
0.786859908070546
40
0.786859908070546
40
0.893429954035273
40
0.893429954035273
40
1
40
1
40
1
40
1
41
1
10
41.9455955355484
20
-5.33322065427623
30
0
41
1
10
41.8568592734731
20
-5.3618894505681
30
0
41
1
10
41.7680249882197
20
-5.38925057482066
30
0
41
1
10
41.5630881761559
20
-5.4490894409677
30
0
41
1
10
41.4468988284418
20
-5.4806140143516
30
0
41
1
10
41.2722011263988
20
-5.52424068680386
30
0
41
1
10
41.2138995045697
20
-5.53817254083151
30
0
41
1
10
41.097139790502
20
-5.56478336860511
30
0
41
1
10
41.0386237694022
20
-5.57747379683329
30
0
41
1
10
40.8633411638172
20
-5.61350686329746
30
0
41
1
10
40.7468311575085
20
-5.63481711174921
30
0
41
1
10
40.5143679651488
20
-5.6719374386746
30
0
41
1
10
40.3984126536048
20
-5.68774516360682
30
0
41
1
10
40.1668279620138
20
-5.71435678852023
30
0
41
1
10
40.0512100983408
20
-5.72510061618635
30
0
41
1
10
39.8201703577536
20
-5.74169925416766
30
0
41
1
10
39.7047551158128
20
-5.74752114968879
30
0
41
1
10
39.3586794315744
20
-5.75726962068669
30
0
41
1
10
39.1281947090341
20
-5.75348839662968
30
0
41
1
10
38.782049274782
20
-5.73155881184846
30
0
41
1
10
38.6665962523941
20
-5.72148741449652
30
0
41
1
10
38.4353785636428
20
-5.69638043869378
30
0
41
1
10
38.203858279322
20
-5.66621498031918
30
0
41
1
10
37.971479940531
20
-5.62581759091296
30
0
41
1
10
37.7967739653799
20
-5.59162778707298
30
0
41
1
10
37.738468234227
20
-5.57958319991806
30
0
41
1
10
37.6216980970766
20
-5.55417870842487
30
0
41
1
10
37.5631831868517
20
-5.54080549202862
30
0
41
1
10
37.3879845335743
20
-5.49882630253788
30
0
41
1
10
37.2715190215156
20
-5.46833345757858
30
0
41
1
10
37.0391248595445
20
-5.40235418632582
30
0
41
1
10
36.9232020156804
20
-5.36682827808667
30
0
41
1
10
36.5759223955218
20
-5.25345034927554
30
0
41
1
10
36.3450655958302
20
-5.16880106584392
30
0
41
1
10
35.8837561661261
20
-4.98156137866334
30
0
41
1
10
35.6533048667913
20
-4.87899619219303
30
0
41
1
10
35.4225522436042
20
-4.76734628414587
30
0
0
SPLINE
5
15B
100
AcDbEntity
8
1
62
256
6
ByLayer
370
18
48
1
60
0
100
AcDbSpline
70
4
71
3
72
15
73
11
40
0
40
0
40
0
40
0
40
0.143634154947457
40
0.143634154947457
40
0.31490732395796
40
0.486180492968462
40
0.486180492968462
40
0.657453661978965
40
0.657453661978965
40
1
40
1
40
1
40
1
41
1
10
19.307813668988
20
5.45636874065804
30
0
41
1
10
19.3386777988061
20
5.47042779001612
30
0
41
1
10
19.3699861673082
20
5.48346675665326
30
0
41
1
10
19.4395528012415
20
5.50976323590925
30
0
41
1
10
19.5161352012347
20
5.53528899326835
30
0
41
1
10
19.5945018010942
20
5.55465287823179
30
0
41
1
10
19.6737658792746
20
5.57090791911114
30
0
41
1
10
19.7138818565318
20
5.57748148492533
30
0
41
1
10
19.8349573252756
20
5.59239493983694
30
0
41
1
10
19.9168217024867
20
5.59599680381714
30
0
41
1
10
20.0000000000006
20
5.59313635395591
30
0
0
SPLINE
5
15C
100
AcDbEntity
8
1
62
256
6
ByLayer
370
18
48
1
60
0
100
AcDbSpline
70
4
71
3
72
8
73
4
40
0
40
0
40
0
40
0
40
1
40
1
40
1
40
1
41
1
10
20.0000000000006
20
5.59313635395591
30
0
41
1
10
20.0109532413285
20
5.5927596788066
30
0
41
1
10
20.0219046138747
20
5.59235767881094
30
0
41
1
10
20.0328541836425
20
5.59193035465896
30
0
0
SPLINE
5
15D
100
AcDbEntity
8
1
62
256
6
ByLayer
370
18
48
1
60
0
100
AcDbSpline
70
4
71
3
72
23
73
19
40
0
40
0
40
0
40
0
40
0.200621932851948
40
0.200621932851948
40
0.401243865703897
40
0.401243865703897
40
0.501554832129873
40
0.501554832129873
40
0.551710315342862
40
0.576788056949356
40
0.576788056949356
40
0.60186579855585
40
0.60186579855585
40
0.702176764981826
40
0.702176764981826
40
0.802487731407802
40
0.802487731407802
40
1
40
1
40
1
40
1
41
1
10
57.5011304806926
20
3.86580000748373
30
0
41
1
10
57.18011431523
20
4.07205484220322
30
0
41
1
10
56.861156496905
20
4.26298070831621
30
0
41
1
10
56.2238322820886
20
4.61321149419018
30
0
41
1
10
55.9054694858102
20
4.77253051588411
30
0
41
1
10
55.4261319147132
20
4.9872038804796
30
0
41
1
10
55.2660602501031
20
5.05468365949278
30
0
41
1
10
55.0252521453045
20
5.14957873949658
30
0
41
1
10
54.9046728581094
20
5.19544609680389
30
0
41
1
10
54.7837809047169
20
5.23890220710374
30
0
41
1
10
54.7031111555601
20
5.26733154012422
30
0
41
1
10
54.6627344258901
20
5.28127619030801
30
0
41
1
10
54.4611581563848
20
5.34945283798638
30
0
41
1
10
54.300479364292
20
5.3991832660505
30
0
41
1
10
53.9799522051651
20
5.48885686198324
30
0
41
1
10
53.8200975691097
20
5.52882390294963
30
0
41
1
10
53.3461445662551
20
5.63315227347977
30
0
41
1
10
53.032687201683
20
5.68362065425166
30
0
41
1
10
52.7187624572084
20
5.7151198488003
30
0
0
SPLINE
5
15E
100
AcDbEntity
8
1
62
256
6
ByLayer
370
18
48
1
60
0
100
AcDbSpline
70
4
71
5
72
34
73
28
40
0
40
0
40
0
40
0
40
0
40
0
40
0.127326965122735
40
0.159158706403419
40
0.206906318324444
40
0.238738059605128
40
0.286485671526154
40
0.318317412806837
40
0.366065024727863
40
0.413812636648889
40
0.445644377929572
40
0.493391989850598
40
0.525223731131282
40
0.572971343052307
40
0.604803084332991
40
0.652550696254017
40
0.700298308175042
40
0.732130049455726
40
0.76396179073641
40
0.811709402657435
40
0.859457014578461
40
0.891288755859145
40
0.939036367780171
40
0.986783979701196
40
1
40
1
40
1
40
1
40
1
40
1
41
1
10
19.2529835644626
20
2.06735310523024
30
0
41
1
10
19.5437412409269
20
1.92831750044507
30
0
41
1
10
19.9071883365073
20
1.74837313750578
30
0
41
1
10
20.379669560762
20
1.50557183482488
30
0
41
1
10
20.9248402041326
20
1.21435584545745
30
0
41
1
10
21.5790449761774
20
0.853846784898337
30
0
41
1
10
22.0151814908739
20
0.60963893295019
30
0
41
1
10
22.4876627151286
20
0.342200355829192
30
0
41
1
10
22.9601439393832
20
0.0730418417116994
30
0
41
1
10
23.4326251636377
20
-0.19654167578517
30
0
41
1
10
23.9051063878923
20
-0.465175248831343
30
0
41
1
10
24.3775876121469
20
-0.731300155047194
30
0
41
1
10
24.8500688364015
20
-0.993825914881739
30
0
41
1
10
25.286205351098
20
-1.23178387568029
30
0
41
1
10
25.7586865753526
20
-1.48355646419694
30
0
41
1
10
26.2311677996072
20
-1.72822167433532
30
0
41
1
10
26.7036490238618
20
-1.9637353313143
30
0
41
1
10
27.1397855385583
20
-2.1723713376928
30
0
41
1
10
27.6122667628129
20
-2.38778708000612
30
0
41
1
10
28.0847479870675
20
-2.59166694192203
30
0
41
1
10
28.520884501764
20
-2.76839437410814
30
0
41
1
10
28.9933657260186
20
-2.94646861871379
30
0
41
1
10
29.5021916598313
20
-3.1213527299318
30
0
41
1
10
29.9321629273521
20
-3.25405804430756
30
0
41
1
10
30.2531000661989
20
-3.34363956650759
30
0
41
1
10
30.5013477859296
20
-3.40706953065333
30
0
41
1
10
30.6405613769861
20
-3.4407655684339
30
0
41
1
10
30.6707408393685
20
-3.44798197095867
30
0
0
SPLINE
5
15F
100
AcDbEntity
8
1
62
256
6
ByLayer
370
18
48
1
60
0
100
AcDbSpline
70
4
71
3
72
13
73
9
40
0
40
0
40
0
40
0
40
0.0881568265310516
40
0.176313653062104
40
0.352627306124207
40
0.528940959186311
40
0.705254612248414
40
1
40
1
40
1
40
1
41
1
10
19.2529835644626
20
2.06735310523024
30
0
41
1
10
19.2405241214797
20
2.03125983092949
30
0
41
1
10
19.1984651736284
20
1.96659820098085
30
0
41
1
10
19.1049452100822
20
1.85650405817466
30
0
41
1
10
19.0081345714955
20
1.7360484888739
30
0
41
1
10
18.9261390149501
20
1.61902495510438
30
0
41
1
10
18.8783842434764
20
1.49957998457398
30
0
41
1
10
18.9085082459905
20
1.42250323342572
30
0
41
1
10
18.9490262364353
20
1.37286703585397
30
0
0
SPLINE
5
160
100
AcDbEntity
8
1
62
256
6
ByLayer
370
18
48
1
60
0
100
AcDbSpline
70
4
71
3
72
8
73
4
40
0
40
0
40
0
40
0
40
1
40
1
40
1
40
1
41
1
10
18.9491091105793
20
1.37276554665877
30
0
41
1
10
18.9920831266264
20
1.33989284663099
30
0
41
1
10
19.0350881858773
20
1.30703487372409
30
0
41
1
10
19.0781267205059
20
1.27419486167685
30
0
0
SPLINE
5
161
100
AcDbEntity
8
1
62
256
6
ByLayer
370
18
48
1
60
0
100
AcDbSpline
70
4
71
3
72
39
73
35
40
0
40
0
40
0
40
0
40
0.25000000000022
40
0.25000000000022
40
0.375000000000318
40
0.375000000000318
40
0.390625000000334
40
0.390625000000334
40
0.40625000000035
40
0.437500000000358
40
0.437500000000358
40
0.500000000000347
40
0.500000000000347
40
0.531250000000341
40
0.531250000000341
40
0.562500000000335
40
0.562500000000335
40
0.625000000000323
40
0.625000000000323
40
0.656250000000306
40
0.656250000000306
40
0.687500000000288
40
0.687500000000288
40
0.75000000000023
40
0.75000000000023
40
0.812500000000172
40
0.812500000000172
40
0.875000000000114
40
0.875000000000114
40
0.937500000000056
40
0.937500000000056
40
0.968750000000028
40
0.968750000000028
40
1
40
1
40
1
40
1
41
1
10
24.9406238237384
20
-3.52836302066376
30
0
41
1
10
25.0174807362543
20
-3.5450157143155
30
0
41
1
10
25.0950277789967
20
-3.55873037694764
30
0
41
1
10
25.2126545740264
20
-3.57478776150862
30
0
41
1
10
25.2520897606926
20
-3.57943228920442
30
0
41
1
10
25.2967169583891
20
-3.58374690594198
30
0
41
1
10
25.3016862663552
20
-3.58424984875609
30
0
41
1
10
25.3116994501801
20
-3.58559227558223
30
0
41
1
10
25.3268302245835
20
-3.58810827387529
30
0
41
1
10
25.3422636430041
20
-3.59204184032984
30
0
41
1
10
25.3734629527625
20
-3.60156880068709
30
0
41
1
10
25.3946987530912
20
-3.61009838775175
30
0
41
1
10
25.4270865745724
20
-3.62596341062198
30
0
41
1
10
25.4380087594404
20
-3.63179926153444
30
0
41
1
10
25.4594634878688
20
-3.64420010145861
30
0
41
1
10
25.4700657158128
20
-3.65079002117079
30
0
41
1
10
25.5015287891103
20
-3.67160285019338
30
0
41
1
10
25.52204992163
20
-3.68685482586184
30
0
41
1
10
25.5521836046689
20
-3.71163997477777
30
0
41
1
10
25.5621188864317
20
-3.72022407099541
30
0
41
1
10
25.5817780859256
20
-3.73801162644321
30
0
41
1
10
25.5915308593474
20
-3.74724463617631
30
0
41
1
10
25.620246953473
20
-3.77564086619202
30
0
41
1
10
25.6386154214076
20
-3.79541548658844
30
0
41
1
10
25.6738309219321
20
-3.8366300286801
30
0
41
1
10
25.6906839353683
20
-3.85806330107826
30
0
41
1
10
25.7228745218529
20
-3.902608329544
30
0
41
1
10
25.7382616640819
20
-3.92587780370729
30
0
41
1
10
25.7666319583216
20
-3.97312386125685
30
0
41
1
10
25.7797042288482
20
-3.99719324290152
30
0
41
1
10
25.7973466189791
20
-4.03406918430085
30
0
41
1
10
25.8029016193589
20
-4.04648898293758
30
0
41
1
10
25.8132933722135
20
-4.07160700158917
30
0
41
1
10
25.818087167333
20
-4.08420827519151
30
0
41
1
10
25.8223896489043
20
-4.09671688251365
30
0
0
SPLINE
5
162
100
AcDbEntity
8
1
62
256
6
ByLayer
370
18
48
1
60
0
100
AcDbSpline
70
4
71
3
72
42
73
38
40
0
40
0
40
0
40
0
40
0.0343889180544348
40
0.0343889180544348
40
0.122171743685849
40
0.122171743685849
40
0.209954569317263
40
0.209954569317263
40
0.25384598213297
40
0.25384598213297
40
0.297737394948677
40
0.297737394948677
40
0.385520220580094
40
0.385520220580094
40
0.407465926987947
40
0.407465926987947
40
0.4294116333958
40
0.4294116333958
40
0.473303046211507
40
0.473303046211507
40
0.517194459027214
40
0.517194459027214
40
0.561085871842921
40
0.561085871842921
40
0.648868697474338
40
0.648868697474338
40
0.736651523105755
40
0.736651523105755
40
0.780542935921464
40
0.780542935921464
40
0.824434348737172
40
0.824434348737172
40
0.912217174368586
40
0.912217174368586
40
0.956108587184293
40
0.956108587184293
40
1
40
1
40
1
40
1
41
1
10
33.7386803041998
20
-5.27792677598092
30
0
41
1
10
33.6475656684195
20
-5.30924820692701
30
0
41
1
10
33.5566193557638
20
-5.33899181506979
30
0
41
1
10
33.2339803004264
20
-5.43909301864716
30
0
41
1
10
33.0029360056084
20
-5.50116208680987
30
0
41
1
10
32.5413738591074
20
-5.60555133300133
30
0
41
1
10
32.310864891149
20
-5.6478766259215
30
0
41
1
10
31.964774854595
20
-5.69574211017527
30
0
41
1
10
31.849355125738
20
-5.70909080180522
30
0
41
1
10
31.6182589642327
20
-5.73056519215427
30
0
41
1
10
31.5025823869485
20
-5.73867319090067
30
0
41
1
10
31.154951286103
20
-5.75543705405906
30
0
41
1
10
30.9224086166681
20
-5.75662090719297
30
0
41
1
10
30.6300702633537
20
-5.74471335024376
30
0
41
1
10
30.5716372424157
20
-5.74166545683713
30
0
41
1
10
30.4549785317164
20
-5.73424300062842
30
0
41
1
10
30.3967283409944
20
-5.72986731667885
30
0
41
1
10
30.222190728696
20
-5.7147461768644
30
0
41
1
10
30.1061148574323
20
-5.7020120989076
30
0
41
1
10
29.8743744637936
20
-5.67135869992879
30
0
41
1
10
29.7587119656915
20
-5.65342331511059
30
0
41
1
10
29.5276290059113
20
-5.61264318765345
30
0
41
1
10
29.4122064149383
20
-5.58982052619285
30
0
41
1
10
29.0661205572458
20
-5.51408807501269
30
0
41
1
10
28.8356590477083
20
-5.45381606175152
30
0
41
1
10
28.3742741758866
20
-5.3131858642264
30
0
41
1
10
28.1433399672636
20
-5.23278258138171
30
0
41
1
10
27.7957118357191
20
-5.0978967510589
30
0
41
1
10
27.6796315414591
20
-5.05061973083255
30
0
41
1
10
27.4469391011436
20
-4.9514621154016
30
0
41
1
10
27.3303076873488
20
-4.89954183659046
30
0
41
1
10
26.9795247773874
20
-4.73658354001006
30
0
41
1
10
26.7470687906163
20
-4.6195083842633
30
0
41
1
10
26.3996383136267
20
-4.43194328969446
30
0
41
1
10
26.2840364117852
20
-4.36742722635685
30
0
41
1
10
26.0530726947852
20
-4.23473114064501
30
0
41
1
10
25.9377056790536
20
-4.16658268616257
30
0
41
1
10
25.8223896489039
20
-4.09671688251353
30
0
0
SPLINE
5
163
100
AcDbEntity
8
1
62
256
6
ByLayer
370
13
48
1
60
0
100
AcDbSpline
70
4
71
3
72
13
73
9
40
0
40
0
40
0
40
0
40
0.0784605811035686
40
0.163158981075286
40
0.247857381047003
40
0.417254180990436
40
0.756047780877304
40
1
40
1
40
1
40
1
41
1
10
32.8158493918826
20
1.57375802421626
30
0
41
1
10
32.822842398122
20
1.57526052404245
30
0
41
1
10
32.8371155888881
20
1.57863571088905
30
0
41
1
10
32.8577980568159
20
1.58448632919126
30
0
41
1
10
32.8850199073035
20
1.59357831679307
30
0
41
1
10
32.9312555518721
20
1.61283225529806
30
0
41
1
10
32.9822177804115
20
1.64532927439601
30
0
41
1
10
33.0100795416806
20
1.67565801119287
30
0
41
1
10
33.019413394738
20
1.68882047634727
30
0
0
SPLINE
5
164
100
AcDbEntity
8
1
62
256
6
ByLayer
370
18
48
1
60
0
100
AcDbSpline
70
4
71
3
72
35
73
31
40
0
40
0
40
0
40
0
40
0.120481935748655
40
0.120481935748655
40
0.180722903622984
40
0.180722903622984
40
0.240963871497314
40
0.240963871497314
40
0.301204839371643
40
0.301204839371643
40
0.361445807245973
40
0.361445807245973
40
0.481927742994636
40
0.481927742994636
40
0.542168710868968
40
0.542168710868968
40
0.6024096787433
40
0.6024096787433
40
0.662650646617631
40
0.6927711305548
40
0.6927711305548
40
0.722891614491968
40
0.722891614491968
40
0.783132582366304
40
0.783132582366304
40
0.84337355024064
40
0.84337355024064
40
0.963855485989312
40
0.963855485989312
40
1
40
1
40
1
40
1
41
1
10
41.7426726647067
20
3.193198193466
30
0
41
1
10
41.5109167261188
20
3.35966264449488
30
0
41
1
10
41.2783784574148
20
3.52104836789195
30
0
41
1
10
40.9275641943389
20
3.75420697775124
30
0
41
1
10
40.8109475640601
20
3.82999256410608
30
0
41
1
10
40.5783308152749
20
3.97746886502813
30
0
41
1
10
40.4623214303833
20
4.04913368495144
30
0
41
1
10
40.2306586422212
20
4.18859173936744
30
0
41
1
10
40.115016594567
20
4.256346535223
30
0
41
1
10
39.8839525135446
20
4.38800122103206
30
0
41
1
10
39.7685326472427
20
4.4519013484182
30
0
41
1
10
39.4224720325168
20
4.63749185441375
30
0
41
1
10
39.1920381238534
20
4.75307047248788
30
0
41
1
10
38.8460475351169
20
4.91302048635529
30
0
41
1
10
38.7306614751123
20
4.96404069574558
30
0
41
1
10
38.4996064056324
20
5.06175103586136
30
0
41
1
10
38.3839391438135
20
5.10845059162301
30
0
41
1
10
38.1521994984983
20
5.19741364229017
30
0
41
1
10
37.9780911167626
20
5.26080670462383
30
0
41
1
10
37.8033782869767
20
5.31904032421804
30
0
41
1
10
37.6867511641615
20
5.35669395279871
30
0
41
1
10
37.6283384431929
20
5.37494268038964
30
0
41
1
10
37.4529931013275
20
5.42784062011654
30
0
41
1
10
37.3364403757215
20
5.46049468842583
30
0
41
1
10
37.1038976190419
20
5.52048666106865
30
0
41
1
10
36.9879147792395
20
5.54778045530927
30
0
41
1
10
36.6405225420567
20
5.62203914396756
30
0
41
1
10
36.4096373732621
20
5.66161502380388
30
0
41
1
10
36.1098041123014
20
5.69989038955529
30
0
41
1
10
36.0406340962358
20
5.7078135586865
30
0
41
1
10
35.9714728561227
20
5.71481245584979
30
0
0
SPLINE
5
165
100
AcDbEntity
8
1
62
256
6
ByLayer
370
18
48
1
60
0
100
AcDbSpline
70
4
71
3
72
11
73
7
40
0
40
0
40
0
40
0
40
0.0989763725997105
40
0.431803743086283
40
0.764631113572855
40
1
40
1
40
1
40
1
41
1
10
19.0781267205059
20
1.27419486167693
30
0
41
1
10
19.0781267205059
20
1.21246185593651
30
0
41
1
10
19.0781267205059
20
0.941390661269139
30
0
41
1
10
19.078126720506
20
0.449111380930276
30
0
41
1
10
19.078126720506
20
-0.145391485362694
30
0
41
1
10
19.078126720506
20
-0.52370973040081
30
0
41
1
10
19.0781267205059
20
-0.680220883910778
30
0
0
SPLINE
5
166
100
AcDbEntity
8
1
62
256
6
ByLayer
370
18
48
1
60
0
100
AcDbSpline
70
4
71
3
72
17
73
13
40
0
40
0
40
0
40
0
40
0.249999999999999
40
0.249999999999999
40
0.374999999999999
40
0.374999999999999
40
0.499999999999999
40
0.625
40
0.625
40
0.75
40
0.75
40
1
40
1
40
1
40
1
41
1
10
19.0781267205059
20
1.27419486167685
30
0
41
1
10
19.1461504434718
20
1.21481509115998
30
0
41
1
10
19.2168492251954
20
1.15346348664599
30
0
41
1
10
19.3266443089126
20
1.05807765489101
30
0
41
1
10
19.3638803926014
20
1.02571476039364
30
0
41
1
10
19.4395528012415
20
0.959855399936771
30
0
41
1
10
19.5161352012346
20
0.89311495829304
30
0
41
1
10
19.5945018010942
20
0.824576063572039
30
0
41
1
10
19.6737658792746
20
0.755127244434078
30
0
41
1
10
19.7138818565318
20
0.719916782930852
30
0
41
1
10
19.8349573252756
20
0.613497956156579
30
0
41
1
10
19.9168217024867
20
0.54133244086367
30
0
41
1
10
20.0000000000006
20
0.468069038286245
30
0
0
SPLINE
5
167
100
AcDbEntity
8
1
62
256
6
ByLayer
370
13
48
1
60
0
100
AcDbSpline
70
4
71
3
72
10
73
6
40
0
40
0
40
0
40
0
40
0.325687103419351
40
0.671479883038924
40
1
40
1
40
1
40
1
41
1
10
20.0000000000005
20
0.468069038286245
30
0
41
1
10
20.0000000000006
20
0.252739191078859
30
0
41
1
10
20.0000000000005
20
-0.196170933939243
30
0
41
1
10
20.0000000000006
20
-0.871630595117608
30
0
41
1
10
19.9999999999999
20
-1.32576176295675
30
0
41
1
10
20
20
-1.54533043450991
30
0
0
SPLINE
5
168
100
AcDbEntity
8
1
62
256
6
ByLayer
370
18
48
1
60
0
100
AcDbSpline
70
4
71
3
72
8
73
4
40
0
40
0
40
0
40
0
40
1
40
1
40
1
40
1
41
1
10
20.0000000000005
20
0.468069038286274
30
0
41
1
10
20.0109532413284
20
0.458421428838648
30
0
41
1
10
20.0219046138747
20
0.448765782525584
30
0
41
1
10
20.0328541836425
20
0.439102167997362
30
0
0
SPLINE
5
169
100
AcDbEntity
8
1
62
256
6
ByLayer
370
18
48
1
60
0
100
AcDbSpline
70
4
71
3
72
16
73
12
40
0
40
0
40
0
40
0
40
0.25
40
0.25
40
0.374999999999999
40
0.374999999999999
40
0.499999999999999
40
0.499999999999999
40
0.749999999999999
40
0.749999999999999
40
1
40
1
40
1
40
1
41
1
10
24.9406238237384
20
-3.5283630206637
30
0
41
1
10
24.9406359386125
20
-3.67552369120253
30
0
41
1
10
24.9406824423582
20
-3.8184475338127
30
0
41
1
10
24.9406765394372
20
-4.0265227285783
30
0
41
1
10
24.9406782259642
20
-4.09482696132878
30
0
41
1
10
24.9407130690914
20
-4.22931425998163
30
0
41
1
10
24.9407417439893
20
-4.29535539000671
30
0
41
1
10
24.9408020767058
20
-4.48943952429377
30
0
41
1
10
24.9407862065704
20
-4.61365096708013
30
0
41
1
10
24.9407831109008
20
-4.85177067594415
30
0
41
1
10
24.9408214237083
20
-4.96567713743229
30
0
41
1
10
24.9408381519826
20
-5.07435218226217
30
0
0
SPLINE
5
16A
100
AcDbEntity
8
1
62
256
6
ByLayer
370
18
48
1
60
0
100
AcDbSpline
70
4
71
3
72
34
73
30
40
0
40
0
40
0
40
0
40
0.125000000000016
40
0.125000000000016
40
0.187500000000022
40
0.187500000000022
40
0.218750000000022
40
0.218750000000022
40
0.250000000000023
40
0.250000000000023
40
0.375000000000015
40
0.375000000000015
40
0.437500000000011
40
0.437500000000011
40
0.500000000000007
40
0.500000000000007
40
0.625000000000004
40
0.625000000000004
40
0.750000000000001
40
0.750000000000001
40
0.8125
40
0.8125
40
0.874999999999998
40
0.874999999999998
40
0.937499999999997
40
0.937499999999997
40
0.968749999999998
40
0.968749999999998
40
1
40
1
40
1
40
1
41
1
10
24.9406238237384
20
-3.5283630206637
30
0
41
1
10
24.7369883244391
20
-3.38944856962425
30
0
41
1
10
24.5330342542553
20
-3.24519712077125
30
0
41
1
10
24.2260381415974
20
-3.02166505533665
30
0
41
1
10
24.1235297830781
20
-2.94598190647167
30
0
41
1
10
23.969436568067
20
-2.8307166754241
30
0
41
1
10
23.9180169787703
20
-2.79200309784002
30
0
41
1
10
23.8150551883061
20
-2.71398990120758
30
0
41
1
10
23.7634687227521
20
-2.67465601371072
30
0
41
1
10
23.5058355371739
20
-2.47701129632139
30
0
41
1
10
23.3007774950441
20
-2.31586005420266
30
0
41
1
10
22.9942120967561
20
-2.07016915399368
30
0
41
1
10
22.8921992826298
20
-1.98759590681522
30
0
41
1
10
22.6883614808187
20
-1.8213785084572
30
0
41
1
10
22.5865432268079
20
-1.73771897819844
30
0
41
1
10
22.2812525406207
20
-1.48527364774162
30
0
41
1
10
22.0779414982013
20
-1.31504630353012
30
0
41
1
10
21.6712005216182
20
-0.971106675060213
30
0
41
1
10
21.4677681653289
20
-0.797398760373454
30
0
41
1
10
21.1619525584642
20
-0.53472951981712
30
0
41
1
10
21.0599011142833
20
-0.446807044185761
30
0
41
1
10
20.8554547009406
20
-0.270536177309566
30
0
41
1
10
20.7530641384015
20
-0.182170025494798
30
0
41
1
10
20.5478670605121
20
-0.0050395957525495
30
0
41
1
10
20.4450603521188
20
0.0837248556310897
30
0
41
1
10
20.2904694629853
20
0.217106086306018
30
0
41
1
10
20.2389002266912
20
0.261584290968614
30
0
41
1
10
20.1358508525855
20
0.350410811879073
30
0
41
1
10
20.0843452294163
20
0.394781174354677
30
0
41
1
10
20.0328541836448
20
0.439102167995372
30
0
0
SPLINE
5
16B
100
AcDbEntity
8
1
62
256
6
ByLayer
370
18
48
1
60
0
100
AcDbSpline
70
4
71
3
72
14
73
10
40
0
40
0
40
0
40
0
40
0.25
40
0.25
40
0.5
40
0.5
40
0.75
40
0.75
40
1
40
1
40
1
40
1
41
1
10
20
20
-1.54533043450883
30
0
41
1
10
20.0027108889584
20
-1.38032096405956
30
0
41
1
10
20.0054659033137
20
-1.21492711329287
30
0
41
1
10
20.0109178443736
20
-0.883377330256394
30
0
41
1
10
20.0136573790796
20
-0.71718733930382
30
0
41
1
10
20.0191098026002
20
-0.384177524418078
30
0
41
1
10
20.0218020481617
20
-0.21844609032857
30
0
41
1
10
20.0273081937963
20
0.111481346494429
30
0
41
1
10
20.0300640708505
20
0.275678985737812
30
0
41
1
10
20.0328541836408
20
0.439102167995401
30
0
0
SPLINE
5
16C
100
AcDbEntity
8
1
62
256
6
ByLayer
370
18
48
1
60
0
100
AcDbSpline
70
4
71
3
72
8
73
4
40
0
40
0
40
0
40
0
40
1
40
1
40
1
40
1
41
1
10
19.9994404374373
20
-1.57946780848852
30
0
41
1
10
19.9996269596728
20
-1.56809322246917
30
0
41
1
10
19.9998134805307
20
-1.55671404397538
30
0
41
1
10
20
20
-1.54533043450991
30
0
0
SPLINE
5
16D
100
AcDbEntity
8
1
62
256
6
ByLayer
370
18
48
1
60
0
100
AcDbSpline
70
4
71
3
72
8
73
4
40
0
40
0
40
0
40
0
40
1
40
1
40
1
40
1
41
1
10
52.2195291171841
20
-0.482940217390819
30
0
41
1
10
52.2193597015157
20
-0.575856555995955
30
0
41
1
10
52.2191877088271
20
-0.668847633538917
30
0
41
1
10
52.2190123312495
20
-0.761838127089391
30
0
0
SPLINE
5
16E
100
AcDbEntity
8
1
62
256
6
ByLayer
370
18
48
1
60
0
100
AcDbSpline
70
4
71
3
72
12
73
8
40
0
40
0
40
0
40
0
40
0.250957568833973
40
0.250957568833973
40
0.501915182849031
40
0.501915182849031
40
1
40
1
40
1
40
1
41
1
10
57.4011014206456
20
-4.61064883445724
30
0
41
1
10
57.4033129206924
20
-4.61204880744955
30
0
41
1
10
57.4055188371023
20
-4.61345251195701
30
0
41
1
10
57.4099192351548
20
-4.61626744624596
30
0
41
1
10
57.4121137318588
20
-4.61767868566281
30
0
41
1
10
57.4186462499363
20
-4.62190218513757
30
0
41
1
10
57.422967202619
20
-4.62472568268606
30
0
41
1
10
57.4272641290814
20
-4.62756446062696
30
0
0
SPLINE
5
16F
100
AcDbEntity
8
1
62
256
6
ByLayer
370
18
48
1
60
0
100
AcDbSpline
70
4
71
3
72
40
73
36
40
0
40
0
40
0
40
0
40
0.0156249999999438
40
0.0156249999999438
40
0.0312499999998876
40
0.0312499999998876
40
0.0468749999998314
40
0.0468749999998314
40
0.0546874999998195
40
0.0546874999998195
40
0.0624999999998076
40
0.0624999999998076
40
0.0781249999998131
40
0.0781249999998131
40
0.0937499999998186
40
0.0937499999998186
40
0.109374999999824
40
0.109374999999824
40
0.12499999999983
40
0.12499999999983
40
0.15624999999984
40
0.15624999999984
40
0.187499999999851
40
0.187499999999851
40
0.249999999999863
40
0.249999999999863
40
0.312499999999875
40
0.312499999999875
40
0.374999999999886
40
0.374999999999886
40
0.499999999999911
40
0.499999999999911
40
0.749999999999955
40
0.749999999999955
40
1
40
1
40
1
40
1
41
1
10
57.4272641290814
20
-4.62756446062693
30
0
41
1
10
57.4318895349489
20
-4.63062024951682
30
0
41
1
10
57.4367086589256
20
-4.63349348413374
30
0
41
1
10
57.4469818226546
20
-4.63865060299045
30
0
41
1
10
57.4524564404801
20
-4.64094411137037
30
0
41
1
10
57.464126229088
20
-4.64431722282205
30
0
41
1
10
57.4704922994756
20
-4.6454150764759
30
0
41
1
10
57.4802908552382
20
-4.64536033129789
30
0
41
1
10
57.483649014061
20
-4.64505149740972
30
0
41
1
10
57.4901237632046
20
-4.64385039206837
30
0
41
1
10
57.4932890195257
20
-4.64295978870027
30
0
41
1
10
57.5024785089045
20
-4.63951242294945
30
0
41
1
10
57.507877576941
20
-4.63632683213376
30
0
41
1
10
57.5175582960926
20
-4.6291398402731
30
0
41
1
10
57.5217713586379
20
-4.62520362540215
30
0
41
1
10
57.5295134158212
20
-4.6169510355152
30
0
41
1
10
57.5330302270141
20
-4.61262348827026
30
0
41
1
10
57.5394866494804
20
-4.60390127545455
30
0
41
1
10
57.542449694592
20
-4.59947607348687
30
0
41
1
10
57.5508142783006
20
-4.58606683691894
30
0
41
1
10
57.5557025843773
20
-4.57695161723376
30
0
41
1
10
57.5647429453222
20
-4.55850758926778
30
0
41
1
10
57.5688815987952
20
-4.54917586961457
30
0
41
1
10
57.5805689357673
20
-4.52094060255459
30
0
41
1
10
57.5873949199663
20
-4.50182084592373
30
0
41
1
10
57.5999684477438
20
-4.46340471310651
30
0
41
1
10
57.6057110413306
20
-4.44405907273583
30
0
41
1
10
57.6165002515175
20
-4.40511611188396
30
0
41
1
10
57.6215403894053
20
-4.38551838937781
30
0
41
1
10
57.6358815119931
20
-4.32636281619793
30
0
41
1
10
57.6444185365381
20
-4.28644356472159
30
0
41
1
10
57.6679368306539
20
-4.16528878114227
30
0
41
1
10
57.6808732906865
20
-4.08257702954336
30
0
41
1
10
57.7019936656659
20
-3.91426029277187
30
0
41
1
10
57.710139128054
20
-3.8285680280492
30
0
41
1
10
57.7156573045463
20
-3.74131965396774
30
0
0
SPLINE
5
170
100
AcDbEntity
8
1
62
256
6
ByLayer
370
18
48
1
60
0
100
AcDbSpline
70
4
71
3
72
8
73
4
40
0
40
0
40
0
40
0
40
1
40
1
40
1
40
1
41
1
10
57.7156573045463
20
-3.74131965396774
30
0
41
1
10
57.6434485331375
20
-3.54170320835436
30
0
41
1
10
57.5719285042059
20
-3.33309253847369
30
0
41
1
10
57.5011304806928
20
-3.11505326665176
30
0
0
SPLINE
5
171
100
AcDbEntity
8
1
62
256
6
ByLayer
370
18
48
1
60
0
100
AcDbSpline
70
4
71
3
72
24
73
20
40
0
40
0
40
0
40
0
40
0.125
40
0.125
40
0.25
40
0.25
40
0.375
40
0.375
40
0.5
40
0.5
40
0.5625
40
0.5625
40
0.625
40
0.625
40
0.75
40
0.75
40
0.875
40
0.875
40
1
40
1
40
1
40
1
41
1
10
57.5011304806927
20
-3.11505326665144
30
0
41
1
10
57.280326595512
20
-2.95570730689613
30
0
41
1
10
57.0605031553274
20
-2.79136528748691
30
0
41
1
10
56.6216376064741
20
-2.45422401193301
30
0
41
1
10
56.402596948259
20
-2.28142180599232
30
0
41
1
10
55.9642507218231
20
-1.92872052633518
30
0
41
1
10
55.74494355772
20
-1.74883983940785
30
0
41
1
10
55.3051289476551
20
-1.38316804281794
30
0
41
1
10
55.0846270781114
20
-1.19734838000082
30
0
41
1
10
54.7522963572128
20
-0.914861411361358
30
0
41
1
10
54.6411158692451
20
-0.819953439048305
30
0
41
1
10
54.4195721899594
20
-0.63023358839402
30
0
41
1
10
54.3090609704653
20
-0.535295580353193
30
0
41
1
10
53.9781476865746
20
-0.250441290444201
30
0
41
1
10
53.758355126163
20
-0.0604935131468096
30
0
41
1
10
53.3194327006414
20
0.318396462428268
30
0
41
1
10
53.1003082401932
20
0.507343068148515
30
0
41
1
10
52.6618261777722
20
0.883185745957775
30
0
41
1
10
52.4424711123443
20
1.07008453682636
30
0
41
1
10
52.2225427755154
20
1.25541300635584
30
0
0
SPLINE
5
172
100
AcDbEntity
8
1
62
256
6
ByLayer
370
18
48
1
60
0
100
AcDbSpline
70
4
71
3
72
39
73
35
40
0
40
0
40
0
40
0
40
0.25
40
0.25
40
0.374999999999999
40
0.374999999999999
40
0.390624999999996
40
0.390624999999996
40
0.406249999999993
40
0.437499999999986
40
0.437499999999986
40
0.499999999999973
40
0.499999999999973
40
0.531249999999966
40
0.531249999999966
40
0.562499999999959
40
0.562499999999959
40
0.624999999999969
40
0.624999999999969
40
0.656249999999973
40
0.656249999999973
40
0.687499999999977
40
0.687499999999977
40
0.749999999999985
40
0.749999999999985
40
0.812499999999992
40
0.812499999999992
40
0.875
40
0.875
40
0.937500000000007
40
0.937500000000007
40
0.968750000000004
40
0.968750000000004
40
1
40
1
40
1
40
1
41
1
10
41.7426726647067
20
3.19319819346603
30
0
41
1
10
41.8193777077631
20
3.12003918863255
30
0
41
1
10
41.8967706844819
20
3.04786631535527
30
0
41
1
10
42.0141639245018
20
2.94142342070995
30
0
41
1
10
42.0535097528324
20
2.90624458580351
30
0
41
1
10
42.0980605484215
20
2.86705356341605
30
0
41
1
10
42.1030239889893
20
2.86271135682785
30
0
41
1
10
42.1130283837222
20
2.85408836017658
30
0
41
1
10
42.1281444684947
20
2.84124085519505
30
0
41
1
10
42.1435589009205
20
2.82862681994897
30
0
41
1
10
42.1747157936069
20
2.80364776335003
30
0
41
1
10
42.1959179833629
20
2.78732214748331
30
0
41
1
10
42.2282512325644
20
2.76320558487026
30
0
41
1
10
42.2391458976032
20
2.75521265705194
30
0
41
1
10
42.2605422111325
20
2.73974944912669
30
0
41
1
10
42.2711160588619
20
2.7322229251624
30
0
41
1
10
42.3024956982335
20
2.71017688036852
30
0
41
1
10
42.3229634500173
20
2.69618233232245
30
0
41
1
10
42.3530187813595
20
2.67613004648254
30
0
41
1
10
42.3629284191631
20
2.66960497088553
30
0
41
1
10
42.3825370890324
20
2.65685787973237
30
0
41
1
10
42.3922653804128
20
2.65061761559366
30
0
41
1
10
42.4209007268696
20
2.63249782968015
30
0
41
1
10
42.4392184986515
20
2.62123547123565
30
0
41
1
10
42.4743371641339
20
2.60036738974367
30
0
41
1
10
42.4911446875711
20
2.59075385946119
30
0
41
1
10
42.5232477700864
20
2.57327796554199
30
0
41
1
10
42.5385925292347
20
2.56541093832672
30
0
41
1
10
42.566883891225
20
2.55212815430875
30
0
41
1
10
42.5799191178636
20
2.54665445202608
30
0
41
1
10
42.5975102796355
20
2.54066039081061
30
0
41
1
10
42.6030490049844
20
2.53903043008646
30
0
41
1
10
42.6134098060151
20
2.53661313660012
30
0
41
1
10
42.618188859913
20
2.53583823304427
30
0
41
1
10
42.6224781415107
20
2.53556070120481
30
0
0
SPLINE
5
173
100
AcDbEntity
8
1
62
256
6
ByLayer
370
18
48
1
60
0
100
AcDbSpline
70
4
71
3
72
16
73
12
40
0
40
0
40
0
40
0
40
0.25
40
0.25
40
0.374999999999999
40
0.374999999999999
40
0.499999999999999
40
0.499999999999999
40
0.75
40
0.75
40
1
40
1
40
1
40
1
41
1
10
41.7426726647067
20
3.19319819346603
30
0
41
1
10
41.7425126786015
20
3.06229810622514
30
0
41
1
10
41.7423925138036
20
2.92699093135945
30
0
41
1
10
41.7421430135854
20
2.71746605287063
30
0
41
1
10
41.7420646760008
20
2.64652788669307
30
0
41
1
10
41.7419409529903
20
2.50244515315532
30
0
41
1
10
41.7418912197563
20
2.42944813777743
30
0
41
1
10
41.741719018182
20
2.20814596397287
30
0
41
1
10
41.7415515144946
20
2.05731863156811
30
0
41
1
10
41.7412490933785
20
1.74911404378847
30
0
41
1
10
41.7411394685211
20
1.5917356260187
30
0
41
1
10
41.7410082205417
20
1.43103256517088
30
0
0
SPLINE
5
174
100
AcDbEntity
8
1
62
256
6
ByLayer
370
13
48
1
60
0
100
AcDbSpline
70
4
71
3
72
13
73
9
40
0
40
0
40
0
40
0
40
0.0783137267057927
40
0.163011548491065
40
0.247709370276337
40
0.417105013846882
40
0.755896300987971
40
1
40
1
40
1
40
1
41
1
10
42.4158967335809
20
0.829322347081188
30
0
41
1
10
42.4228763724304
20
0.830543580141637
30
0
41
1
10
42.4371365217024
20
0.833289207565258
30
0
41
1
10
42.4578073841951
20
0.838049636777896
30
0
41
1
10
42.4850301742312
20
0.845452113574737
30
0
41
1
10
42.5312678084982
20
0.861128894137067
30
0
41
1
10
42.5822437726258
20
0.887595366648355
30
0
41
1
10
42.6101129359705
20
0.91229968365684
30
0
41
1
10
42.61945108264
20
0.923025265600756
30
0
0
SPLINE
5
175
100
AcDbEntity
8
1
62
256
6
ByLayer
370
18
48
1
60
0
100
AcDbSpline
70
4
71
3
72
36
73
32
40
0
40
0
40
0
40
0
40
0.189299829643075
40
0.189299829643075
40
0.378599659286149
40
0.378599659286149
40
0.42592461669692
40
0.42592461669692
40
0.449587095402306
40
0.449587095402306
40
0.473249574107692
40
0.473249574107692
40
0.567899488929234
40
0.567899488929234
40
0.662549403750777
40
0.662549403750777
40
0.757199318572319
40
0.757199318572319
40
0.804524275983091
40
0.804524275983091
40
0.851849233393862
40
0.851849233393862
40
0.899174190804633
40
0.899174190804633
40
0.922836669510017
40
0.922836669510017
40
0.946499148215401
40
0.946499148215401
40
0.993824105626169
40
0.993824105626169
40
1
40
1
40
1
40
1
41
1
10
51.341409305604
20
1.98477018831346
30
0
41
1
10
50.8741975500262
20
2.3634113229659
30
0
41
1
10
50.4121627946895
20
2.72315380523679
30
0
41
1
10
49.4896040316099
20
3.39765752923543
30
0
41
1
10
49.0291204650503
20
3.71253756929011
30
0
41
1
10
48.4492980302168
20
4.07275061065269
30
0
41
1
10
48.3331216259459
20
4.14311055794357
30
0
41
1
10
48.1584322969051
20
4.24598829849884
30
0
41
1
10
48.1001316651756
20
4.27983771562219
30
0
41
1
10
47.9833702513194
20
4.34662887976603
30
0
41
1
10
47.9248678835834
20
4.37959292160605
30
0
41
1
10
47.6329867434429
20
4.54149843586973
30
0
41
1
10
47.4007914475824
20
4.66211494243822
30
0
41
1
10
46.9378701507932
20
4.885195500772
30
0
41
1
10
46.707146595454
20
4.98765069577829
30
0
41
1
10
46.2460644480417
20
5.17401074724697
30
0
41
1
10
46.0156988559032
20
5.25794838570775
30
0
41
1
10
45.6696086127922
20
5.36989649096566
30
0
41
1
10
45.5541556235557
20
5.40488408782329
30
0
41
1
10
45.3229434007843
20
5.47020472232043
30
0
41
1
10
45.2071843972057
20
5.50055797285057
30
0
41
1
10
44.9752406839091
20
5.55642646425127
30
0
41
1
10
44.859056358215
20
5.58192717406232
30
0
41
1
10
44.6843536101581
20
5.61632450942838
30
0
41
1
10
44.6260481454927
20
5.62714962468544
30
0
41
1
10
44.5092750355263
20
5.64748923798561
30
0
41
1
10
44.4507828292967
20
5.6570060146515
30
0
41
1
10
44.2757307218063
20
5.68344572766446
30
0
41
1
10
44.1593738735908
20
5.69829999704348
30
0
41
1
10
44.0281435223966
20
5.71191405906168
30
0
41
1
10
44.0129994935674
20
5.7134376852116
30
0
41
1
10
43.9978597183465
20
5.71491461853429
30
0
0
SPLINE
5
176
100
AcDbEntity
8
1
62
256
6
ByLayer
370
18
48
1
60
0
100
AcDbSpline
70
4
71
3
72
14
73
10
40
0
40
0
40
0
40
0
40
0.249999999999999
40
0.249999999999999
40
0.374999999999999
40
0.374999999999999
40
0.499999999999999
40
0.499999999999999
40
1
40
1
40
1
40
1
41
1
10
23.4197202421383
20
2.98161968596702
30
0
41
1
10
23.419991401995
20
3.10018479143162
30
0
41
1
10
23.4202507290488
20
3.21520063525165
30
0
41
1
10
23.4206397495833
20
3.38242275650984
30
0
41
1
10
23.4207690955823
20
3.43727897030337
30
0
41
1
10
23.4210263612728
20
3.54521543657396
30
0
41
1
10
23.4211539501793
20
3.598177873738
30
0
41
1
10
23.4217793266852
20
3.85776688020948
30
0
41
1
10
23.4222620093054
20
4.04905330912825
30
0
41
1
10
23.4227540330339
20
4.22383581848641
30
0
0
SPLINE
5
177
100
AcDbEntity
8
1
62
256
6
ByLayer
370
18
48
1
60
0
100
AcDbSpline
70
4
71
3
72
8
73
4
40
0
40
0
40
0
40
0
40
1
40
1
40
1
40
1
41
1
10
23.4197202421383
20
2.98161968596702
30
0
41
1
10
23.4195504006487
20
2.90735620773353
30
0
41
1
10
23.4193780652136
20
2.83180554641919
30
0
41
1
10
23.419202436803
20
2.75503129117729
30
0
0
SPLINE
5
178
100
AcDbEntity
8
1
62
256
6
ByLayer
370
18
48
1
60
0
100
AcDbSpline
70
4
71
3
72
16
73
12
40
0
40
0
40
0
40
0
40
0.250000000000001
40
0.250000000000001
40
0.375000000000001
40
0.375000000000001
40
0.500000000000001
40
0.500000000000001
40
0.75
40
0.75
40
1
40
1
40
1
40
1
41
1
10
34.5422710571771
20
-4.30098844560828
30
0
41
1
10
34.5421645800897
20
-4.42932691228756
30
0
41
1
10
34.5420957735604
20
-4.55239521531837
30
0
41
1
10
34.541920256231
20
-4.72914803019569
30
0
41
1
10
34.5418660593469
20
-4.78675436658477
30
0
41
1
10
34.5417897600287
20
-4.89932860091614
30
0
41
1
10
34.5417632617516
20
-4.95417778762942
30
0
41
1
10
34.5416592289865
20
-5.11405898080193
30
0
41
1
10
34.5415351824471
20
-5.21460442051259
30
0
41
1
10
34.5413163200147
20
-5.40367614491288
30
0
41
1
10
34.5412468367027
20
-5.49220033726408
30
0
41
1
10
34.5411543892945
20
-5.5746237127544
30
0
0
SPLINE
5
179
100
AcDbEntity
8
1
62
256
6
ByLayer
370
18
48
1
60
0
100
AcDbSpline
70
4
71
3
72
58
73
54
40
0
40
0
40
0
40
0
40
0.0312500000000008
40
0.0312500000000008
40
0.0468750000000001
40
0.0468750000000001
40
0.0624999999999994
40
0.0624999999999994
40
0.093749999999998
40
0.093749999999998
40
0.124999999999997
40
0.124999999999997
40
0.187499999999994
40
0.187499999999994
40
0.249999999999991
40
0.249999999999991
40
0.28124999999999
40
0.28124999999999
40
0.312499999999988
40
0.312499999999988
40
0.343749999999987
40
0.343749999999987
40
0.359374999999986
40
0.359374999999986
40
0.374999999999986
40
0.374999999999986
40
0.437499999999985
40
0.437499999999985
40
0.499999999999985
40
0.499999999999985
40
0.562499999999984
40
0.562499999999984
40
0.624999999999984
40
0.624999999999984
40
0.656249999999982
40
0.656249999999982
40
0.671874999999983
40
0.671874999999983
40
0.687499999999983
40
0.687499999999983
40
0.749999999999987
40
0.749999999999987
40
0.781249999999988
40
0.781249999999988
40
0.812499999999989
40
0.812499999999989
40
0.874999999999992
40
0.874999999999992
40
0.937499999999996
40
0.937499999999996
40
0.968749999999998
40
0.968749999999998
40
1
40
1
40
1
40
1
41
1
10
34.542271057177
20
-4.30098844560831
30
0
41
1
10
34.4260349394134
20
-4.2343677442897
30
0
41
1
10
34.3095455497156
20
-4.16566904886608
30
0
41
1
10
34.1343262491773
20
-4.05949626596512
30
0
41
1
10
34.0758298551509
20
-4.02357702521633
30
0
41
1
10
33.9591118425524
20
-3.95097636672765
30
0
41
1
10
33.9008339280379
20
-3.91426118684464
30
0
41
1
10
33.7262200219711
20
-3.80288796880541
30
0
41
1
10
33.6101060840303
20
-3.72699426510445
30
0
41
1
10
33.3783193948918
20
-3.57208253717408
30
0
41
1
10
33.2626326977184
20
-3.49311542731084
30
0
41
1
10
32.9159620076925
20
-3.25204004613482
30
0
41
1
10
32.6853829418015
20
-3.08571065552656
30
0
41
1
10
32.2243195932047
20
-2.7426871710862
30
0
41
1
10
31.9938491443175
20
-2.56591838925354
30
0
41
1
10
31.6474234473129
20
-2.29353050038833
30
0
41
1
10
31.5318261330835
20
-2.2015302414593
30
0
41
1
10
31.3002423227505
20
-2.01539011068542
30
0
41
1
10
31.1842567471596
20
-1.92125696662725
30
0
41
1
10
30.9517717337032
20
-1.73096450081366
30
0
41
1
10
30.835272781074
20
-1.63479677788206
30
0
41
1
10
30.6600332626111
20
-1.48905514330744
30
0
41
1
10
30.6015688357333
20
-1.44025194310194
30
0
41
1
10
30.4849078920638
20
-1.34253990409101
30
0
41
1
10
30.4266578578685
20
-1.29358661637636
30
0
41
1
10
30.1357695692434
20
-1.04838096011596
30
0
41
1
10
29.9042217462435
20
-0.850805034603098
30
0
41
1
10
29.442176211464
20
-0.45432897124067
30
0
41
1
10
29.2116470877111
20
-0.255467037503365
30
0
41
1
10
28.7506794027573
20
0.142457780011199
30
0
41
1
10
28.5202476719168
20
0.341529152861085
30
0
41
1
10
28.0583898012018
20
0.738604633203551
30
0
41
1
10
27.8269473895126
20
0.936589562174703
30
0
41
1
10
27.4782063557616
20
1.23178749429354
30
0
41
1
10
27.3617002233866
20
1.32989494449359
30
0
41
1
10
27.1864466885923
20
1.47649541455294
30
0
41
1
10
27.1280259980771
20
1.52520158309113
30
0
41
1
10
27.011423764622
20
1.62205492790699
30
0
41
1
10
26.9532026716366
20
1.67023521518351
30
0
41
1
10
26.6624583352236
20
1.90985221289466
30
0
41
1
10
26.4310271867363
20
2.09740521092709
30
0
41
1
10
26.0846695252254
20
2.37187479996146
30
0
41
1
10
25.9693402414706
20
2.462243542381
30
0
41
1
10
25.7387906315125
20
2.6406719005403
30
0
41
1
10
25.6235762973766
20
2.72871962411787
30
0
41
1
10
25.2779565552672
20
2.98907376248576
30
0
41
1
10
25.0475785330533
20
3.15758309775407
30
0
41
1
10
24.585817598606
20
3.48313795898713
30
0
41
1
10
24.3544203868059
20
3.64016532522359
30
0
41
1
10
24.0057259523512
20
3.86668290245419
30
0
41
1
10
23.8892313090749
20
3.94066850903548
30
0
41
1
10
23.6555735021859
20
4.08534472776716
30
0
41
1
10
23.5390008281835
20
4.15566723630943
30
0
41
1
10
23.4227540330347
20
4.22383581848598
30
0
0
SPLINE
5
17A
100
AcDbEntity
8
1
62
256
6
ByLayer
370
18
48
1
60
0
100
AcDbSpline
70
4
71
3
72
14
73
10
40
0
40
0
40
0
40
0
40
0.25
40
0.25
40
0.375
40
0.375
40
0.5
40
0.5
40
1
40
1
40
1
40
1
41
1
10
42.61945108264
20
0.923025265600728
30
0
41
1
10
42.6197196117912
20
1.0657239517688
30
0
41
1
10
42.6199768261691
20
1.20662342172278
30
0
41
1
10
42.6203634547537
20
1.41528507386795
30
0
41
1
10
42.6204921329128
20
1.48439058373151
30
0
41
1
10
42.6207483213603
20
1.62170132267161
30
0
41
1
10
42.6208755024795
20
1.68975731268711
30
0
41
1
10
42.621499481302
20
2.02676259142004
30
0
41
1
10
42.6219830982101
20
2.28625450886159
30
0
41
1
10
42.6224781415103
20
2.53556070120607
30
0
0
SPLINE
5
17B
100
AcDbEntity
8
1
62
256
6
ByLayer
370
18
48
1
60
0
100
AcDbSpline
70
4
71
3
72
8
73
4
40
0
40
0
40
0
40
0
40
1
40
1
40
1
40
1
41
1
10
42.61945108264
20
0.923025265600728
30
0
41
1
10
42.6192828589832
20
0.833629776561139
30
0
41
1
10
42.6191123426626
20
0.743656347275248
30
0
41
1
10
42.6189387350775
20
0.653180668265406
30
0
0
SPLINE
5
17C
100
AcDbEntity
8
1
62
256
6
ByLayer
370
18
48
1
60
0
100
AcDbSpline
70
4
71
3
72
16
73
12
40
0
40
0
40
0
40
0
40
0.25
40
0.25
40
0.375
40
0.375
40
0.5
40
0.5
40
0.75
40
0.75
40
1
40
1
40
1
40
1
41
1
10
53.7415073225412
20
-5.38798751760137
30
0
41
1
10
53.741436612449
20
-5.46659637979496
30
0
41
1
10
53.7414049968757
20
-5.53841987982128
30
0
41
1
10
53.7412872493697
20
-5.63604911687773
30
0
41
1
10
53.7412525876346
20
-5.66690400689953
30
0
41
1
10
53.7412161133548
20
-5.72521697023171
30
0
41
1
10
53.7412098828942
20
-5.75261216625438
30
0
41
1
10
53.7411675687853
20
-5.8293685368788
30
0
41
1
10
53.7410859377477
20
-5.87340088831712
30
0
41
1
10
53.7409543436019
20
-5.94726563129143
30
0
41
1
10
53.7409302401836
20
-5.97709525164314
30
0
41
1
10
53.740883884565
20
-5.99971781259262
30
0
0
SPLINE
5
17D
100
AcDbEntity
8
1
62
256
6
ByLayer
370
18
48
1
60
0
100
AcDbSpline
70
4
71
3
72
50
73
46
40
0
40
0
40
0
40
0
40
0.0624999999999932
40
0.0624999999999932
40
0.124999999999986
40
0.124999999999986
40
0.187499999999979
40
0.187499999999979
40
0.203124999999977
40
0.203124999999977
40
0.218749999999975
40
0.218749999999975
40
0.249999999999973
40
0.249999999999973
40
0.374999999999969
40
0.374999999999969
40
0.437499999999968
40
0.437499999999968
40
0.499999999999966
40
0.499999999999966
40
0.515624999999967
40
0.515624999999967
40
0.531249999999967
40
0.531249999999967
40
0.562499999999969
40
0.562499999999969
40
0.624999999999972
40
0.624999999999972
40
0.749999999999979
40
0.749999999999979
40
0.812499999999983
40
0.812499999999983
40
0.828124999999985
40
0.828124999999985
40
0.843749999999987
40
0.843749999999987
40
0.874999999999992
40
0.874999999999992
40
0.890624999999993
40
0.890624999999993
40
0.906249999999994
40
0.906249999999994
40
0.937499999999996
40
0.937499999999996
40
1
40
1
40
1
40
1
41
1
10
53.7415073225412
20
-5.3879875176014
30
0
41
1
10
53.5101025932032
20
-5.31790535968454
30
0
41
1
10
53.2792274831372
20
-5.23824704507174
30
0
41
1
10
52.8174730642553
20
-5.06040095629231
30
0
41
1
10
52.586595146699
20
-4.96222771720181
30
0
41
1
10
52.123777999408
20
-4.74767442646433
30
0
41
1
10
51.8918358997426
20
-4.63129702571558
30
0
41
1
10
51.6005455064812
20
-4.47482881446584
30
0
41
1
10
51.5422192746663
20
-4.44298359011191
30
0
41
1
10
51.4254127278093
20
-4.37819484478345
30
0
41
1
10
51.3668995046025
20
-4.34523185673646
30
0
41
1
10
51.1917413493929
20
-4.24507003497652
30
0
41
1
10
51.0752867827746
20
-4.17649479698551
30
0
41
1
10
50.4942566302708
20
-3.82497540724401
30
0
41
1
10
50.0333703139305
20
-3.51617525350983
30
0
41
1
10
49.3414532224566
20
-3.01882293072356
30
0
41
1
10
49.1107315834133
20
-2.84728694933753
30
0
41
1
10
48.6480745411278
20
-2.49366864003278
30
0
41
1
10
48.4161425934677
20
-2.3116132890157
30
0
41
1
10
48.1247823278349
20
-2.07789234697125
30
0
41
1
10
48.0664376243129
20
-2.03084196496485
30
0
41
1
10
47.9495843886814
20
-1.93614306920875
30
0
41
1
10
47.8910878682726
20
-1.88850375778807
30
0
41
1
10
47.7160089799023
20
-1.7452740413182
30
0
41
1
10
47.5996106867599
20
-1.64918902117461
30
0
41
1
10
47.2511603426387
20
-1.35939801085488
30
0
41
1
10
47.0198515082338
20
-1.16415797449079
30
0
41
1
10
46.3272199682951
20
-0.57428428977417
30
0
41
1
10
45.8671559077965
20
-0.175529130453611
30
0
41
1
10
45.1731608631654
20
0.42310649640703
30
0
41
1
10
44.9412066377243
20
0.622759040887303
30
0
41
1
10
44.6498194690805
20
0.871778615800963
30
0
41
1
10
44.5914688820875
20
0.921553905241211
30
0
41
1
10
44.4746013962392
20
1.02102572214017
30
0
41
1
10
44.4161341261226
20
1.0706797353985
30
0
41
1
10
44.2411391447743
20
1.21890930022189
30
0
41
1
10
44.1248138432484
20
1.31692715001489
30
0
41
1
10
43.9507281301275
20
1.46261084602881
30
0
41
1
10
43.8927656023679
20
1.51094820109833
30
0
41
1
10
43.7769215271998
20
1.60719940955889
30
0
41
1
10
43.7190374825849
20
1.65511757063416
30
0
41
1
10
43.5454871444214
20
1.79822316578196
30
0
41
1
10
43.429931054278
20
1.89275084948034
30
0
41
1
10
43.0835627076293
20
2.1734588028105
30
0
41
1
10
42.8530501701022
20
2.35679014426856
30
0
41
1
10
42.6224781415114
20
2.53556070120527
30
0
0
SPLINE
5
17E
100
AcDbEntity
8
1
62
256
6
ByLayer
370
18
48
1
60
0
100
AcDbSpline
70
4
71
3
72
16
73
12
40
0
40
0
40
0
40
0
40
0.249999999999999
40
0.249999999999999
40
0.374999999999999
40
0.374999999999999
40
0.499999999999999
40
0.499999999999999
40
0.75
40
0.75
40
1
40
1
40
1
40
1
41
1
10
44.1410201325931
20
-5.07659301101555
30
0
41
1
10
44.140971849936
20
-5.17457228552908
30
0
41
1
10
44.1409637646685
20
-5.26620995408354
30
0
41
1
10
44.1408846293301
20
-5.39422078477182
30
0
41
1
10
44.14086333107
20
-5.43531321209591
30
0
41
1
10
44.1408547014714
20
-5.51432322704605
30
0
41
1
10
44.1408629449513
20
-5.55215675471155
30
0
41
1
10
44.1408661013407
20
-5.66042185281711
30
0
41
1
10
44.1408175484695
20
-5.72574768288806
30
0
41
1
10
44.1407585122699
20
-5.84276776262649
30
0
41
1
10
44.1407735723429
20
-5.89445961908845
30
0
41
1
10
44.1407713978943
20
-5.93923019066651
30
0
0
SPLINE
5
17F
100
AcDbEntity
8
1
62
256
6
ByLayer
370
18
48
1
60
0
100
AcDbSpline
70
4
71
3
72
64
73
60
40
0
40
0
40
0
40
0
40
0.0312499999999936
40
0.0312499999999936
40
0.0624999999999871
40
0.0624999999999871
40
0.124999999999977
40
0.124999999999977
40
0.156249999999972
40
0.156249999999972
40
0.187499999999968
40
0.187499999999968
40
0.24999999999996
40
0.24999999999996
40
0.265624999999959
40
0.265624999999959
40
0.281249999999958
40
0.281249999999958
40
0.312499999999958
40
0.312499999999958
40
0.343749999999958
40
0.343749999999958
40
0.374999999999958
40
0.374999999999958
40
0.437499999999958
40
0.437499999999958
40
0.468749999999958
40
0.468749999999958
40
0.499999999999958
40
0.499999999999958
40
0.562499999999961
40
0.562499999999961
40
0.578124999999961
40
0.578124999999961
40
0.593749999999962
40
0.593749999999962
40
0.624999999999963
40
0.624999999999963
40
0.656249999999964
40
0.656249999999964
40
0.687499999999965
40
0.687499999999965
40
0.74999999999997
40
0.74999999999997
40
0.781249999999972
40
0.781249999999972
40
0.812499999999974
40
0.812499999999974
40
0.874999999999978
40
0.874999999999978
40
0.890624999999981
40
0.890624999999981
40
0.906249999999984
40
0.906249999999984
40
0.937499999999989
40
0.937499999999989
40
0.968749999999995
40
0.968749999999995
40
1
40
1
40
1
40
1
41
1
10
44.1410201325931
20
-5.0765930110156
30
0
41
1
10
44.0247168413784
20
-5.02910353775201
30
0
41
1
10
43.9087277060457
20
-4.97915117771177
30
0
41
1
10
43.6770486132308
20
-4.87534025927957
30
0
41
1
10
43.5613555342029
20
-4.82152442819938
30
0
41
1
10
43.2146451816399
20
-4.65398723515912
30
0
41
1
10
42.9839813791729
20
-4.53428813150137
30
0
41
1
10
42.6380381247974
20
-4.34257100664328
30
0
41
1
10
42.522731452612
20
-4.27663013855678
30
0
41
1
10
42.2919984249263
20
-4.14066256212124
30
0
41
1
10
42.1765751004908
20
-4.07056920843183
30
0
41
1
10
41.8298687749626
20
-3.85475643913224
30
0
41
1
10
41.598149450921
20
-3.70390406728518
30
0
41
1
10
41.3071712882892
20
-3.50628179588642
30
0
41
1
10
41.2489083781933
20
-3.46630850072137
30
0
41
1
10
41.1322299231802
20
-3.38545927185564
30
0
41
1
10
41.0737757698258
20
-3.34455599043088
30
0
41
1
10
40.8984179250121
20
-3.22066922434701
30
0
41
1
10
40.7818637350257
20
-3.1367516895007
30
0
41
1
10
40.5493261139392
20
-2.96637938693027
30
0
41
1
10
40.4333468939278
20
-2.87990785659073
30
0
41
1
10
40.2017288954758
20
-2.70484431602114
30
0
41
1
10
40.0861029238164
20
-2.61621532185671
30
0
41
1
10
39.7395368207846
20
-2.34742992410935
30
0
41
1
10
39.5089409016437
20
-2.16430252264516
30
0
41
1
10
39.1630800636436
20
-1.88406252263235
30
0
41
1
10
39.0477955406205
20
-1.78973024979786
30
0
41
1
10
38.8170978932587
20
-1.59932311085609
30
0
41
1
10
38.7016865767958
20
-1.50322247771112
30
0
41
1
10
38.3550076392043
20
-1.2127880523058
30
0
41
1
10
38.1233120331055
20
-1.01627779823386
30
0
41
1
10
37.832325091434
20
-0.76762874612794
30
0
41
1
10
37.7740590605209
20
-0.717748641030312
30
0
41
1
10
37.6573721138884
20
-0.617701626919342
30
0
41
1
10
37.5988981391737
20
-0.567488808493636
30
0
41
1
10
37.4236260407931
20
-0.416790944485399
30
0
41
1
10
37.3071173859891
20
-0.316365803254115
30
0
41
1
10
37.0746511400065
20
-0.115755303680231
30
0
41
1
10
36.958700753995
20
-0.0155692496661004
30
0
41
1
10
36.727149445497
20
0.18438217247342
30
0
41
1
10
36.6115456051618
20
0.284148770661147
30
0
41
1
10
36.2650761013596
20
0.582614850484276
30
0
41
1
10
36.0345577516091
20
0.780486321509358
30
0
41
1
10
35.6887533700086
20
1.0747368970724
30
0
41
1
10
35.5734812150065
20
1.17239269956187
30
0
41
1
10
35.3427973223004
20
1.36667578698939
30
0
41
1
10
35.2273869391431
20
1.46329684617473
30
0
41
1
10
34.8807101891355
20
1.75139628815813
30
0
41
1
10
34.649000334329
20
1.94114800525864
30
0
41
1
10
34.3579787415966
20
2.17463657443037
30
0
41
1
10
34.2997048663647
20
2.22114867946891
30
0
41
1
10
34.1830003163728
20
2.31377902977573
30
0
41
1
10
34.1245131363867
20
2.35994134164554
30
0
41
1
10
33.9493288909276
20
2.49737677657285
30
0
41
1
10
33.8328726893704
20
2.58763002309917
30
0
41
1
10
33.6004991445938
20
2.76523872800865
30
0
41
1
10
33.4845877459651
20
2.85257531812434
30
0
41
1
10
33.2531191539005
20
3.02433004747698
30
0
41
1
10
33.1375596843838
20
3.10875908957169
30
0
41
1
10
33.0221107235358
20
3.19169235749178
30
0
0
SPLINE
5
180
100
AcDbEntity
8
1
62
256
6
ByLayer
370
18
48
1
60
0
100
AcDbSpline
70
4
71
3
72
14
73
10
40
0
40
0
40
0
40
0
40
0.25
40
0.25
40
0.375
40
0.375
40
0.5
40
0.5
40
1
40
1
40
1
40
1
41
1
10
33.019413394738
20
1.68882047634727
30
0
41
1
10
33.0196530767774
20
1.82497688116754
30
0
41
1
10
33.019881983335
20
1.95866460565682
30
0
41
1
10
33.0202266594803
20
2.15550863369407
30
0
41
1
10
33.020341439475
20
2.22050810028597
30
0
41
1
10
33.0205699541319
20
2.34927176011402
30
0
41
1
10
33.0206833886212
20
2.41289548133011
30
0
41
1
10
33.0212390034977
20
2.72697384726635
30
0
41
1
10
33.0216691541499
20
2.96566476610741
30
0
41
1
10
33.0221107235358
20
3.19169235749246
30
0
0
SPLINE
5
181
100
AcDbEntity
8
1
62
256
6
ByLayer
370
18
48
1
60
0
100
AcDbSpline
70
4
71
3
72
8
73
4
40
0
40
0
40
0
40
0
40
1
40
1
40
1
40
1
41
1
10
33.019413394738
20
1.68882047634727
30
0
41
1
10
33.0192632287975
20
1.60351556723765
30
0
41
1
10
33.0191109595282
20
1.51736402033717
30
0
41
1
10
33.0189558275943
20
1.43043557405946
30
0
0
SPLINE
5
182
100
AcDbEntity
8
1
62
256
6
ByLayer
370
18
48
1
60
0
100
AcDbSpline
70
4
71
3
72
16
73
12
40
0
40
0
40
0
40
0
40
0.250000000000033
40
0.250000000000033
40
0.500000000000065
40
0.500000000000065
40
0.625000000000049
40
0.625000000000049
40
0.750000000000033
40
0.750000000000033
40
1
40
1
40
1
40
1
41
1
10
49.6159222291193
20
5.78509936371296
30
0
41
1
10
49.6373398015103
20
5.79550116822026
30
0
41
1
10
49.6578446022905
20
5.80767990977378
30
0
41
1
10
49.69690418993
20
5.83563474980218
30
0
41
1
10
49.7154872084772
20
5.85135300924455
30
0
41
1
10
49.7416809504616
20
5.87790429722193
30
0
41
1
10
49.7501540839279
20
5.88726994491276
30
0
41
1
10
49.7663944460045
20
5.90697225681839
30
0
41
1
10
49.7740938778158
20
5.9172223129988
30
0
41
1
10
49.7958223687962
20
5.94926670897681
30
0
41
1
10
49.8085010729428
20
5.97233504298023
30
0
41
1
10
49.8189868038461
20
5.99746996668893
30
0
0
SPLINE
5
183
100
AcDbEntity
8
1
62
256
6
ByLayer
370
18
48
1
60
0
100
AcDbSpline
70
4
71
3
72
23
73
19
40
0
40
0
40
0
40
0
40
0.125000000000016
40
0.125000000000016
40
0.187500000000025
40
0.187500000000025
40
0.250000000000033
40
0.250000000000033
40
0.312500000000042
40
0.312500000000042
40
0.37500000000005
40
0.437500000000059
40
0.437500000000059
40
0.468750000000063
40
0.468750000000063
40
0.500000000000067
40
0.500000000000067
40
1
40
1
40
1
40
1
41
1
10
49.6159222291193
20
5.78509936371296
30
0
41
1
10
49.5885349045915
20
5.77179824856182
30
0
41
1
10
49.5604512947692
20
5.76172796803218
30
0
41
1
10
49.5174305061631
20
5.75153931244057
30
0
41
1
10
49.5029410646883
20
5.74895980955452
30
0
41
1
10
49.473675664072
20
5.74549766665899
30
0
41
1
10
49.4588624394443
20
5.74461327072859
30
0
41
1
10
49.4290901176389
20
5.74478188438908
30
0
41
1
10
49.4143356568531
20
5.74583356963316
30
0
41
1
10
49.3851025509733
20
5.74985322436859
30
0
41
1
10
49.3561444133764
20
5.75578368381935
30
0
41
1
10
49.3278089259832
20
5.76593181605668
30
0
41
1
10
49.3068492348659
20
5.77553177186522
30
0
41
1
10
49.2999203662533
20
5.77912862781184
30
0
41
1
10
49.2861013289914
20
5.78657202599823
30
0
41
1
10
49.2791978171849
20
5.79031898921875
30
0
41
1
10
49.1617619980728
20
5.85344718364627
30
0
41
1
10
49.051396874468
20
5.91169435630007
30
0
41
1
10
48.941068368902
20
5.96827651788598
30
0
0
SPLINE
5
184
100
AcDbEntity
8
1
62
256
6
ByLayer
370
18
48
1
60
0
100
AcDbSpline
70
4
71
3
72
58
73
54
40
0
40
0
40
0
40
0
40
0.0302213447400281
40
0.0604412353212988
40
0.0906596585512203
40
0.120876601234578
40
0.151092050173127
40
0.181305992164922
40
0.211518414004146
40
0.241729302481383
40
0.271938644384096
40
0.302146426497149
40
0.332352635602924
40
0.362557258481109
40
0.39276028190834
40
0.40897704076956
40
0.42519383116295
40
0.441410653237544
40
0.457627507142345
40
0.473844393026348
40
0.49006131103855
40
0.506278261327965
40
0.522495244043627
40
0.538712259334528
40
0.554929307349766
40
0.571146388238363
40
0.587363502149425
40
0.603580649231937
40
0.619797829634889
40
0.636015043507186
40
0.652232290997727
40
0.668449572255375
40
0.684666887428979
40
0.700884236667431
40
0.717101620119663
40
0.733319037934668
40
0.749536490261528
40
0.765753977249325
40
0.781971499047251
40
0.798189055804447
40
0.814406647670036
40
0.830624274793088
40
0.846841937322614
40
0.863059635407547
40
0.879277369196795
40
0.895495138839248
40
0.911712944483781
40
0.927930786279257
40
0.944148664374591
40
0.960366578918708
40
0.976584530060559
40
0.992802517949058
40
1
40
1
40
1
40
1
41
1
10
48.9410673730948
20
5.9684260243836
30
0
41
1
10
48.913215128936
20
5.96577987549887
30
0
41
1
10
48.8575119807834
20
5.96048770505405
30
0
41
1
10
48.7739602292268
20
5.95135373006369
30
0
41
1
10
48.690413182604
20
5.94134659110745
30
0
41
1
10
48.6068709116132
20
5.93038205580345
30
0
41
1
10
48.5233333973191
20
5.91848502410573
30
0
41
1
10
48.4398006448093
20
5.90565134853168
30
0
41
1
10
48.3562726526984
20
5.8918848556456
30
0
41
1
10
48.2727494214631
20
5.8771874279665
30
0
41
1
10
48.1892309505943
20
5.86156165480469
30
0
41
1
10
48.1057172416591
20
5.84501014371705
30
0
41
1
10
48.0222082889027
20
5.8275356214275
30
0
41
1
10
47.9387041137767
20
5.80914121598258
30
0
41
1
10
47.868091991693
20
5.79280984791197
30
0
41
1
10
47.8103704418587
20
5.77897499478709
30
0
41
1
10
47.7655375094757
20
5.76796819622626
30
0
41
1
10
47.7207044568461
20
5.75670033627233
30
0
41
1
10
47.6758712654766
20
5.74517202764633
30
0
41
1
10
47.6310379403228
20
5.73338376254154
30
0
41
1
10
47.5862044800566
20
5.72133608034522
30
0
41
1
10
47.5413708850339
20
5.70902952266673
30
0
41
1
10
47.4965371551595
20
5.69646464535688
30
0
41
1
10
47.451703290459
20
5.68364201525648
30
0
41
1
10
47.4068692909254
20
5.67056221103692
30
0
41
1
10
47.3620351565609
20
5.65722582294376
30
0
41
1
10
47.3172008873648
20
5.64363345283516
30
0
41
1
10
47.2723664833375
20
5.6297857141378
30
0
41
1
10
47.2275319444788
20
5.61568323182152
30
0
41
1
10
47.1826972707889
20
5.60132664236795
30
0
41
1
10
47.1378624622678
20
5.58671659374085
30
0
41
1
10
47.0930275189153
20
5.57185374535598
30
0
41
1
10
47.0481924407316
20
5.55673876805125
30
0
41
1
10
47.0033572277167
20
5.54137234405644
30
0
41
1
10
46.9585218798706
20
5.52575516696351
30
0
41
1
10
46.9136863971933
20
5.50988794169629
30
0
41
1
10
46.8688507796847
20
5.49377138448082
30
0
41
1
10
46.8240150273451
20
5.47740622281489
30
0
41
1
10
46.7791791401744
20
5.46079319543875
30
0
41
1
10
46.7343431181729
20
5.44393305230255
30
0
41
1
10
46.6895069613404
20
5.4268265545299
30
0
41
1
10
46.6446706696772
20
5.4094744743812
30
0
41
1
10
46.599834243183
20
5.39187759521718
30
0
41
1
10
46.5549976818581
20
5.37403671146214
30
0
41
1
10
46.5101609857024
20
5.35595262856751
30
0
41
1
10
46.4653241547159
20
5.3376261629752
30
0
41
1
10
46.4204871888985
20
5.31905814208102
30
0
41
1
10
46.3756500882504
20
5.30024940419813
30
0
41
1
10
46.3308128527716
20
5.28120079852039
30
0
41
1
10
46.2859754824621
20
5.26191318508592
30
0
41
1
10
46.2411379773217
20
5.24238743474052
30
0
41
1
10
46.2046133259689
20
5.22628853008877
30
0
41
1
10
46.1830345092918
20
5.21669517663551
30
0
41
1
10
46.1764015793866
20
5.21373861322101
30
0
0
SPLINE
5
185
100
AcDbEntity
8
1
62
256
6
ByLayer
370
18
48
1
60
0
100
AcDbSpline
70
4
71
3
72
10
73
6
40
0
40
0
40
0
40
0
40
0.239146252538141
40
0.239146252538141
40
1
40
1
40
1
40
1
41
1
10
29.5005140484911
20
-5.95585379835654
30
0
41
1
10
29.4153346998249
20
-5.96514146819618
30
0
41
1
10
29.3301553511586
20
-5.97296992137464
30
0
41
1
10
28.9739743624867
20
-5.99956931468762
30
0
41
1
10
28.7029727224809
20
-6.00495502145444
30
0
41
1
10
28.431971082475
20
-5.99544820805451
30
0
0
SPLINE
5
186
100
AcDbEntity
8
1
62
256
6
ByLayer
370
18
48
1
60
0
100
AcDbSpline
70
4
71
3
72
10
73
6
40
0
40
0
40
0
40
0
40
0.5
40
0.5
40
1
40
1
40
1
40
1
41
1
10
25.8188274815518
20
-5.45097150728492
30
0
41
1
10
26.2543514150402
20
-5.61484867734643
30
0
41
1
10
26.6898753485281
20
-5.74368368399721
30
0
41
1
10
27.5609232155025
20
-5.92634423084107
30
0
41
1
10
27.9964471489889
20
-5.98016527774553
30
0
41
1
10
28.431971082475
20
-5.99544820805451
30
0
0
SPLINE
5
187
100
AcDbEntity
8
1
62
256
6
ByLayer
370
18
48
1
60
0
100
AcDbSpline
70
4
71
3
72
16
73
12
40
0
40
0
40
0
40
0
40
0.249999999999998
40
0.249999999999998
40
0.499999999999997
40
0.499999999999997
40
0.624999999999996
40
0.624999999999996
40
0.749999999999995
40
0.749999999999995
40
1
40
1
40
1
40
1
41
1
10
25.6158934888069
20
-5.16870977885807
30
0
41
1
10
25.6372976995189
20
-5.18665185304141
30
0
41
1
10
25.6577892685596
20
-5.20596674366948
30
0
41
1
10
25.6968233362427
20
-5.24742198521921
30
0
41
1
10
25.7153938885422
20
-5.26951860824749
30
0
41
1
10
25.7415697686579
20
-5.30503111514426
30
0
41
1
10
25.7500368233566
20
-5.31729035617667
30
0
41
1
10
25.7662667170324
20
-5.34253719267105
30
0
41
1
10
25.7739612288395
20
-5.35541426050605
30
0
41
1
10
25.7956760331101
20
-5.39487016538845
30
0
41
1
10
25.8083470910273
20
-5.42226151071307
30
0
41
1
10
25.8188274712532
20
-5.45097151740777
30
0
0
SPLINE
5
188
100
AcDbEntity
8
1
62
256
6
ByLayer
370
18
48
1
60
0
100
AcDbSpline
70
4
71
3
72
23
73
19
40
0
40
0
40
0
40
0
40
0.124999999999964
40
0.124999999999964
40
0.187499999999929
40
0.187499999999929
40
0.249999999999894
40
0.249999999999894
40
0.31249999999986
40
0.31249999999986
40
0.374999999999825
40
0.43749999999979
40
0.43749999999979
40
0.468749999999788
40
0.468749999999788
40
0.499999999999786
40
0.499999999999786
40
1
40
1
40
1
40
1
41
1
10
25.6158934888068
20
-5.16870977885807
30
0
41
1
10
25.5885021730519
20
-5.1457490153559
30
0
41
1
10
25.5604131896403
20
-5.12564524535708
30
0
41
1
10
25.5173824246298
20
-5.09975443043271
30
0
41
1
10
25.5028893241196
20
-5.09183288976993
30
0
41
1
10
25.4736159708679
20
-5.0774503353436
30
0
41
1
10
25.4587978297224
20
-5.07097329386164
30
0
41
1
10
25.4290178400465
20
-5.05973755709772
30
0
41
1
10
25.4142594056332
20
-5.05505535107412
30
0
41
1
10
25.3850180972898
20
-5.04753658773311
30
0
41
1
10
25.3560515104406
20
-5.04185893399631
30
0
41
1
10
25.3277070111619
20
-5.04023378802802
30
0
41
1
10
25.3067403559328
20
-5.04092825151997
30
0
41
1
10
25.2998091284218
20
-5.04154175575252
30
0
41
1
10
25.2859854993009
20
-5.04300887845247
30
0
41
1
10
25.2790797320756
20
-5.04376631995012
30
0
41
1
10
25.161604889142
20
-5.05606193363445
30
0
41
1
10
25.0512031680051
20
-5.06618692825739
30
0
41
1
10
24.9408381514875
20
-5.07434896579767
30
0
0
SPLINE
5
189
100
AcDbEntity
8
1
62
256
6
ByLayer
370
18
48
1
60
0
100
AcDbSpline
70
4
71
3
72
14
73
10
40
0
40
0
40
0
40
0
40
0.25
40
0.25
40
0.5
40
0.5
40
0.75
40
0.75
40
1
40
1
40
1
40
1
41
1
10
24.9408408900707
20
-5.07431602194683
30
0
41
1
10
24.6746433646903
20
-4.94641325722219
30
0
41
1
10
24.4084458393097
20
-4.80635016399293
30
0
41
1
10
23.8760507885481
20
-4.50391072149526
30
0
41
1
10
23.609853263167
20
-4.34153541136956
30
0
41
1
10
23.0774582124045
20
-3.99680077179067
30
0
41
1
10
22.811260687023
20
-3.81444262737986
30
0
41
1
10
22.2788656362596
20
-3.43235821866068
30
0
41
1
10
22.0126681108777
20
-3.2326332691255
30
0
41
1
10
21.7464705854954
20
-3.02565677842205
30
0
0
SPLINE
5
18A
100
AcDbEntity
8
1
62
256
6
ByLayer
370
18
48
1
60
0
100
AcDbSpline
70
4
71
3
72
32
73
28
40
0
40
0
40
0
40
0
40
0.0097285915192037
40
0.0199878245120572
40
0.0307776674523968
40
0.0420980782947469
40
0.0539490031785634
40
0.066330375076146
40
0.0792421123900798
40
0.122808927095875
40
0.162334559820649
40
0.197819966627861
40
0.229267221191982
40
0.304891054521806
40
0.380085636684063
40
0.45488048214549
40
0.529308090383829
40
0.569065583864843
40
0.610440523996401
40
0.653436217533234
40
0.698055591881048
40
0.744301262057034
40
0.792175586325344
40
0.84168071259721
40
0.892818617257627
40
0.945591137750641
40
1
40
1
40
1
40
1
41
1
10
19.08499650856
20
-1.92110452863
30
0
41
1
10
19.0777946657497
20
-1.90808483154254
30
0
41
1
10
19.0629981589816
20
-1.88133528408025
30
0
41
1
10
19.0402593131916
20
-1.84026119762035
30
0
41
1
10
19.0163746494592
20
-1.79716296381616
30
0
41
1
10
18.9913470687526
20
-1.75207017430611
30
0
41
1
10
18.965175047052
20
-1.70500318947521
30
0
41
1
10
18.9378519209602
20
-1.65598979287316
30
0
41
1
10
18.8872563125933
20
-1.56543343460933
30
0
41
1
10
18.816498905884
20
-1.44032425476698
30
0
41
1
10
18.7281475413294
20
-1.28814326947165
30
0
41
1
10
18.6477618006457
20
-1.15350513485941
30
0
41
1
10
18.5383272304407
20
-0.975721490246457
30
0
41
1
10
18.3935383305078
20
-0.753701963641788
30
0
41
1
10
18.2058187350212
20
-0.487037492327147
30
0
41
1
10
18.010877649709
20
-0.228621135015402
30
0
41
1
10
17.8402603073623
20
-0.0156499240854941
30
0
41
1
10
17.6960821599345
20
0.157393818664048
30
0
41
1
10
17.579206542276
20
0.294381507834487
30
0
41
1
10
17.4560586095122
20
0.435726879892798
30
0
41
1
10
17.3266907462555
20
0.581480566792521
30
0
41
1
10
17.1911593861389
20
0.731690180266497
30
0
41
1
10
17.0495208335652
20
0.886399130768382
30
0
41
1
10
16.9018381249258
20
1.04565075555831
30
0
41
1
10
16.7481529855002
20
1.20946989247545
30
0
41
1
10
16.5885925623391
20
1.37793367160367
30
0
41
1
10
16.479825680973
20
1.49150504557929
30
0
41
1
10
16.4246119664815
20
1.54915768155027
30
0
0
SPLINE
5
18B
100
AcDbEntity
8
1
62
256
6
ByLayer
370
18
48
1
60
0
100
AcDbSpline
70
4
71
3
72
15
73
11
40
0
40
0
40
0
40
0
40
0.43075603418993
40
0.43075603418993
40
0.646134051284894
40
0.753823059832371
40
0.753823059832371
40
0.861512068379847
40
0.861512068379847
40
1
40
1
40
1
40
1
41
1
10
19.0865990583127
20
-1.92096995560107
30
0
41
1
10
19.4632565025591
20
-2.10223421414972
30
0
41
1
10
19.8386894412395
20
-2.27369704217156
30
0
41
1
10
20.4019315670033
20
-2.51353850610212
30
0
41
1
10
20.6835751825554
20
-2.62912227836904
30
0
41
1
10
20.9656133499638
20
-2.73770833870003
30
0
41
1
10
21.153766875617
20
-2.80848909793107
30
0
41
1
10
21.2479579041554
20
-2.84309210466154
30
0
41
1
10
21.4630918659159
20
-2.92015719580337
30
0
41
1
10
21.5840024954692
20
-2.96204586431918
30
0
41
1
10
21.7048418758508
20
-3.0024298714815
30
0
0
SPLINE
5
18C
100
AcDbEntity
8
1
62
256
6
ByLayer
370
18
48
1
60
0
100
AcDbSpline
70
4
71
3
72
23
73
19
40
0
40
0
40
0
40
0
40
0.0136121260520835
40
0.0136121260520835
40
0.112250913446882
40
0.112250913446882
40
0.161570307144282
40
0.161570307144282
40
0.210889700841683
40
0.210889700841683
40
0.605444850420841
40
0.605444850420841
40
0.802722425210424
40
0.802722425210424
40
0.901361212605212
40
0.950680606302606
40
0.950680606302606
40
1
40
1
40
1
40
1
41
1
10
49.357000084444
20
3.4853369761779
30
0
41
1
10
49.3829069001868
20
3.48008280284233
30
0
41
1
10
49.4088154577101
20
3.4747492517522
30
0
41
1
10
49.6224853835955
20
3.43011407827876
30
0
41
1
10
49.8103579378368
20
3.38673613061763
30
0
41
1
10
50.0925782429069
20
3.31557535914706
30
0
41
1
10
50.1867986221139
20
3.29081732818852
30
0
41
1
10
50.3748802741875
20
3.23944365948691
30
0
41
1
10
50.4687675875959
20
3.21282335880431
30
0
41
1
10
51.3125551358409
20
2.96508067316205
30
0
41
1
10
52.0541227817164
20
2.68688154613332
30
0
41
1
10
53.1686614365268
20
2.20254409411083
30
0
41
1
10
53.5405282084232
20
2.02991597103474
30
0
41
1
10
54.1007189221613
20
1.7567368302374
30
0
41
1
10
54.3814126709086
20
1.61658952070726
30
0
41
1
10
54.6633641543496
20
1.4716023135704
30
0
41
1
10
54.8516524984796
20
1.37392594002509
30
0
41
1
10
54.9457719957557
20
1.32467435220397
30
0
41
1
10
55.0398012748867
20
1.27508929521153
30
0
0
SPLINE
5
18D
100
AcDbEntity
8
1
62
256
6
ByLayer
370
18
48
1
60
0
100
AcDbSpline
70
4
71
3
72
21
73
17
40
0
40
0
40
0
40
0
40
0.249999999999963
40
0.249999999999963
40
0.312499999999933
40
0.312499999999933
40
0.374999999999903
40
0.499999999999886
40
0.499999999999886
40
0.624999999999869
40
0.624999999999869
40
0.687499999999883
40
0.687499999999883
40
0.749999999999897
40
0.749999999999897
40
1
40
1
40
1
40
1
41
1
10
55.039801274887
20
1.2750892952111
30
0
41
1
10
55.0983945416929
20
1.31123859451355
30
0
41
1
10
55.1598638822871
20
1.34676498043984
30
0
41
1
10
55.2413875629187
20
1.38839748900509
30
0
41
1
10
55.2579216086757
20
1.39657550958753
30
0
41
1
10
55.2910804499502
20
1.41239142324935
30
0
41
1
10
55.3411041129602
20
1.43538235832625
30
0
41
1
10
55.3920532467099
20
1.45598451965796
30
0
41
1
10
55.4609336518693
20
1.48098787599736
30
0
41
1
10
55.4958475042039
20
1.49225771648307
30
0
41
1
10
55.5490332645417
20
1.5070308003873
30
0
41
1
10
55.566935314287
20
1.51160799491333
30
0
41
1
10
55.6028543924011
20
1.51995711964835
30
0
41
1
10
55.620814947795
20
1.52371773312009
30
0
41
1
10
55.7106568488915
20
1.54040374718872
30
0
41
1
10
55.7826548334267
20
1.54701543366417
30
0
41
1
10
55.8552039051439
20
1.54601471529253
30
0
0
SPLINE
5
18E
100
AcDbEntity
8
1
62
256
6
ByLayer
370
18
48
1
60
0
100
AcDbSpline
70
4
71
3
72
40
73
36
40
0
40
0
40
0
40
0
40
0.062499999999992
40
0.062499999999992
40
0.124999999999984
40
0.124999999999984
40
0.15624999999998
40
0.15624999999998
40
0.187499999999977
40
0.187499999999977
40
0.249999999999969
40
0.249999999999969
40
0.312499999999962
40
0.312499999999962
40
0.328124999999959
40
0.328124999999959
40
0.343749999999955
40
0.374999999999955
40
0.437499999999959
40
0.437499999999959
40
0.468749999999961
40
0.468749999999961
40
0.499999999999964
40
0.499999999999964
40
0.562499999999968
40
0.562499999999968
40
0.624999999999973
40
0.624999999999973
40
0.687499999999977
40
0.687499999999977
40
0.749999999999982
40
0.749999999999982
40
0.874999999999991
40
0.874999999999991
40
1
40
1
40
1
40
1
41
1
10
57.6904195847407
20
2.10612580185622
30
0
41
1
10
57.6997125218625
20
2.08333274863222
30
0
41
1
10
57.7069090634489
20
2.06067548715078
30
0
41
1
10
57.7161427798934
20
2.01569515656064
30
0
41
1
10
57.7181827446748
20
1.99337190673751
30
0
41
1
10
57.7164664736362
20
1.96019640634711
30
0
41
1
10
57.7150961709274
20
1.94918960955553
30
0
41
1
10
57.7105760560835
20
1.92729128176109
30
0
41
1
10
57.7074228214101
20
1.91641408445793
30
0
41
1
10
57.6951682684449
20
1.88432619344016
30
0
41
1
10
57.6832553852869
20
1.86354868593497
30
0
41
1
10
57.6510079070654
20
1.8233760423972
30
0
41
1
10
57.6306687129849
20
1.80398166126451
30
0
41
1
10
57.5993278135903
20
1.78070990818782
30
0
41
1
10
57.592748958172
20
1.77609458046138
30
0
41
1
10
57.5790611004981
20
1.76701472508424
30
0
41
1
10
57.557758797898
20
1.75363363854404
30
0
41
1
10
57.5027284454451
20
1.72406071732172
30
0
41
1
10
57.4466826164065
20
1.70146247212512
30
0
41
1
10
57.3850849488683
20
1.68058411906131
30
0
41
1
10
57.3636273676177
20
1.67391122967473
30
0
41
1
10
57.3189250210108
20
1.66111909882977
30
0
41
1
10
57.2956109889414
20
1.65498548292152
30
0
41
1
10
57.2240611076312
20
1.63760881508773
30
0
41
1
10
57.1740035496261
20
1.62730482646265
30
0
41
1
10
57.0699375890814
20
1.6088425928817
30
0
41
1
10
57.0159109565695
20
1.60069424880842
30
0
41
1
10
56.9043670679026
20
1.58629335370517
30
0
41
1
10
56.8468111730506
20
1.58003748623346
30
0
41
1
10
56.7287727382933
20
1.56921452655791
30
0
41
1
10
56.6689429951066
20
1.56470372664535
30
0
41
1
10
56.487424318833
20
1.5534265073054
30
0
41
1
10
56.3637287618839
20
1.54888990685754
30
0
41
1
10
56.1123166880909
20
1.54428491390931
30
0
41
1
10
55.9845880122226
20
1.54423003287158
30
0
41
1
10
55.8552039051439
20
1.54601471529253
30
0
0
SPLINE
5
18F
100
AcDbEntity
8
1
62
256
6
ByLayer
370
18
48
1
60
0
100
AcDbSpline
70
4
71
3
72
12
73
8
40
0
40
0
40
0
40
0
40
0.267418077041414
40
0.267418077041414
40
0.534836154098626
40
0.534836154098626
40
1
40
1
40
1
40
1
41
1
10
57.4222913116971
20
2.33780309650999
30
0
41
1
10
57.4245907026682
20
2.3359211269898
30
0
41
1
10
57.4268899746455
20
2.33403903562356
30
0
41
1
10
57.4314882780763
20
2.33027460676112
30
0
41
1
10
57.4337873095376
20
2.32839226925859
30
0
41
1
10
57.4400850881905
20
2.32323533486539
30
0
41
1
10
57.4440835892373
20
2.31996048616509
30
0
41
1
10
57.4480817158888
20
2.31668525491162
30
0
0
SPLINE
5
190
100
AcDbEntity
8
1
62
256
6
ByLayer
370
18
48
1
60
0
100
AcDbSpline
70
4
71
3
72
16
73
12
40
0
40
0
40
0
40
0
40
0.25
40
0.25
40
0.5
40
0.5
40
0.624999999999999
40
0.624999999999999
40
0.749999999999999
40
0.749999999999999
40
1
40
1
40
1
40
1
41
1
10
30.4158653076795
20
5.3855603795493
30
0
41
1
10
30.4372844034287
20
5.40225529773434
30
0
41
1
10
30.457790463082
20
5.42043180948636
30
0
41
1
10
30.4968520137174
20
5.45982248336477
30
0
41
1
10
30.5154357144107
20
5.48098902588302
30
0
41
1
10
30.541629874577
20
5.51527596860407
30
0
41
1
10
30.550103180077
20
5.5271544037864
30
0
41
1
10
30.5663429826477
20
5.55170102461432
30
0
41
1
10
30.5740419820987
20
5.56426275603906
30
0
41
1
10
30.5957685907593
20
5.60288522635133
30
0
41
1
10
30.6084454116425
20
5.62986908377795
30
0
41
1
10
30.6189281554321
20
5.65835142522553
30
0
0
SPLINE
5
191
100
AcDbEntity
8
1
62
256
6
ByLayer
370
18
48
1
60
0
100
AcDbSpline
70
4
71
3
72
23
73
19
40
0
40
0
40
0
40
0
40
0.124999999999892
40
0.124999999999892
40
0.187499999999854
40
0.187499999999854
40
0.249999999999817
40
0.249999999999817
40
0.31249999999978
40
0.31249999999978
40
0.374999999999742
40
0.437499999999705
40
0.437499999999705
40
0.468749999999703
40
0.468749999999703
40
0.4999999999997
40
0.4999999999997
40
1
40
1
40
1
40
1
41
1
10
30.4158653076795
20
5.3855603795493
30
0
41
1
10
30.3884704293348
20
5.36420769230207
30
0
41
1
10
30.3603787424943
20
5.34583944512224
30
0
41
1
10
30.3173452150163
20
5.32276143631171
30
0
41
1
10
30.3028514241748
20
5.31581217382154
30
0
41
1
10
30.2735771178931
20
5.3034486691262
30
0
41
1
10
30.2587587983999
20
5.29802111051131
30
0
41
1
10
30.2289784960655
20
5.28895981308202
30
0
41
1
10
30.2142200793948
20
5.28538752211813
30
0
41
1
10
30.1849791560926
20
5.28013520346769
30
0
41
1
10
30.1560132947549
20
5.27676975852731
30
0
41
1
10
30.1276704054812
20
5.27756337106672
30
0
41
1
10
30.1067053570246
20
5.28012088728087
30
0
41
1
10
30.099774745022
20
5.28136523306779
30
0
41
1
10
30.085951668892
20
5.2840953335843
30
0
41
1
10
30.079045948175
20
5.2854834028069
30
0
41
1
10
29.9615738772049
20
5.30850394844055
30
0
41
1
10
29.8511750864532
20
5.32875650605808
30
0
41
1
10
29.7408128607665
20
5.3470727374191
30
0
0
SPLINE
5
192
100
AcDbEntity
8
1
62
256
6
ByLayer
370
18
48
1
60
0
100
AcDbSpline
70
4
71
3
72
8
73
4
40
0
40
0
40
0
40
0
40
1
40
1
40
1
40
1
41
1
10
29.7408182143842
20
5.34705399066337
30
0
41
1
10
29.6332062929355
20
5.30309638984482
30
0
41
1
10
29.5255943714867
20
5.25704066792196
30
0
41
1
10
29.417982450038
20
5.20894804118947
30
0
0
SPLINE
5
193
100
AcDbEntity
8
1
62
256
6
ByLayer
370
18
48
1
60
0
100
AcDbSpline
70
4
71
3
72
41
73
37
40
0
40
0
40
0
40
0
40
0.0113887899407109
40
0.0113887899407109
40
0.166867465224642
40
0.166867465224642
40
0.244606802866609
40
0.244606802866609
40
0.264041637277102
40
0.264041637277102
40
0.273759054482348
40
0.273759054482348
40
0.283476471687594
40
0.32234614050858
40
0.32234614050858
40
0.477824815792523
40
0.477824815792523
40
0.555564153434494
40
0.555564153434494
40
0.574998987844988
40
0.584716405050235
40
0.584716405050235
40
0.594433822255481
40
0.594433822255481
40
0.633303491076467
40
0.633303491076467
40
0.788782166360405
40
0.788782166360405
40
0.866521504002375
40
0.866521504002375
40
0.90539117282336
40
0.90539117282336
40
0.924826007233851
40
0.924826007233851
40
0.944260841644343
40
1
40
1
40
1
40
1
41
1
10
32.4528611325385
20
3.51611225733333
30
0
41
1
10
32.5077739300386
20
3.50565285771117
30
0
41
1
10
32.5626458788885
20
3.49484307576225
30
0
41
1
10
33.366085588511
20
3.33138455663507
30
0
41
1
10
34.1078658902047
20
3.11453196272328
30
0
41
1
10
35.2251743379636
20
2.70760531950484
30
0
41
1
10
35.5983766420524
20
2.55835350960621
30
0
41
1
10
36.0674154667109
20
2.35643491392699
30
0
41
1
10
36.1613503072343
20
2.31528394954191
30
0
41
1
10
36.3024737610194
20
2.25243928448143
30
0
41
1
10
36.3495746559106
20
2.23129423779559
30
0
41
1
10
36.4436662518787
20
2.18872297833428
30
0
41
1
10
36.6786976559289
20
2.08155788070215
30
0
41
1
10
36.912806334244
20
1.97082026557257
30
0
41
1
10
37.84709261358
20
1.51782727930978
30
0
41
1
10
38.5876770898525
20
1.12333857296468
30
0
41
1
10
39.703062348962
20
0.509145610528606
30
0
41
1
10
40.0756019494642
20
0.300661234312742
30
0
41
1
10
40.543773472293
20
0.038103715186935
30
0
41
1
10
40.684412612479
20
-0.0408091511200723
30
0
41
1
10
40.8253787825798
20
-0.11986056522781
30
0
41
1
10
40.9194340380671
20
-0.172583268865424
30
0
41
1
10
40.9665276099106
20
-0.198970645094249
30
0
41
1
10
41.2018118356795
20
-0.330720322131441
30
0
41
1
10
41.3894011348354
20
-0.435491945264431
30
0
41
1
10
42.324968732461
20
-0.954834625221451
30
0
41
1
10
43.065849354606
20
-1.35577816260252
30
0
41
1
10
44.1806209690565
20
-1.91052582595049
30
0
41
1
10
44.5527780289875
20
-2.08768096349004
30
0
41
1
10
45.1137321503847
20
-2.33866152089428
30
0
41
1
10
45.3011705727488
20
-2.41986216833257
30
0
41
1
10
45.5832511487399
20
-2.5375726694009
30
0
41
1
10
45.6774737941428
20
-2.57614314232055
30
0
41
1
10
45.8656308468606
20
-2.65160155808013
30
0
41
1
10
46.2292555747763
20
-2.79440700701198
30
0
41
1
10
46.5921343439274
20
-2.92476660039975
30
0
41
1
10
46.8612591129809
20
-3.01407034172342
30
0
0
SPLINE
5
194
100
AcDbEntity
8
1
62
256
6
ByLayer
370
18
48
1
60
0
100
AcDbSpline
70
4
71
3
72
8
73
4
40
0
40
0
40
0
40
0
40
1
40
1
40
1
40
1
41
1
10
54.9803903803503
20
-5.90822587282113
30
0
41
1
10
54.8599390921439
20
-5.92712157558324
30
0
41
1
10
54.7394878039367
20
-5.94312330555292
30
0
41
1
10
54.619036515729
20
-5.95620202551453
30
0
0
SPLINE
5
195
100
AcDbEntity
8
1
62
256
6
ByLayer
370
18
48
1
60
0
100
AcDbSpline
70
4
71
3
72
16
73
12
40
0
40
0
40
0
40
0
40
0.249999999999998
40
0.249999999999998
40
0.499999999999997
40
0.499999999999997
40
0.624999999999998
40
0.624999999999998
40
0.749999999999998
40
0.749999999999998
40
1
40
1
40
1
40
1
41
1
10
54.41592544971
20
-5.76372281100026
30
0
41
1
10
54.437347519929
20
-5.77229789035337
30
0
41
1
10
54.457856429094
20
-5.78268831418745
30
0
41
1
10
54.4969234101813
20
-5.80713443748397
30
0
41
1
10
54.515509696605
20
-5.82113097102206
30
0
41
1
10
54.5417074972432
20
-5.84514947995262
30
0
41
1
10
54.5501820308312
20
-5.85367721714968
30
0
41
1
10
54.5664239276937
20
-5.87172871002448
30
0
41
1
10
54.5741239120121
20
-5.88117327397725
30
0
41
1
10
54.5958532396143
20
-5.91086558317389
30
0
41
1
10
54.6085316150383
20
-5.93245033203564
30
0
41
1
10
54.6190154535158
20
-5.95620431247181
30
0
0
SPLINE
5
196
100
AcDbEntity
8
1
62
256
6
ByLayer
370
18
48
1
60
0
100
AcDbSpline
70
4
71
3
72
23
73
19
40
0
40
0
40
0
40
0
40
0.124999999999985
40
0.124999999999985
40
0.187499999999994
40
0.187499999999994
40
0.250000000000003
40
0.250000000000003
40
0.312500000000012
40
0.312500000000012
40
0.375000000000021
40
0.43750000000003
40
0.43750000000003
40
0.468750000000019
40
0.468750000000019
40
0.500000000000008
40
0.500000000000008
40
1
40
1
40
1
40
1
41
1
10
54.4159254497099
20
-5.76372281100021
30
0
41
1
10
54.3885302360707
20
-5.75275673123076
30
0
41
1
10
54.3604383561764
20
-5.74501784128353
30
0
41
1
10
54.3174047179054
20
-5.73833790726601
30
0
41
1
10
54.3029109209369
20
-5.73692985098148
30
0
41
1
10
54.2736366574365
20
-5.73581705808999
30
0
41
1
10
54.2588183936264
20
-5.73611356698805
30
0
41
1
10
54.2290382230291
20
-5.73864106252364
30
0
41
1
10
54.214279917464
20
-5.74085445389434
30
0
41
1
10
54.1850393084576
20
-5.74716417534816
30
0
41
1
10
54.1560738475908
20
-5.75535201222917
30
0
41
1
10
54.1277315842532
20
-5.76768560950603
30
0
41
1
10
54.1067671056428
20
-5.77889195984432
30
0
41
1
10
54.0998367046667
20
-5.7830176429475
30
0
41
1
10
54.0860140027947
20
-5.79151028427415
30
0
41
1
10
54.079108450417
20
-5.79578012061512
30
0
41
1
10
53.9616393880378
20
-5.86782475529202
30
0
41
1
10
53.8512433946952
20
-5.93455228577309
30
0
41
1
10
53.7408838845667
20
-5.99971781259146
30
0
0
SPLINE
5
197
100
AcDbEntity
8
1
62
256
6
ByLayer
370
18
48
1
60
0
100
AcDbSpline
70
4
71
3
72
16
73
12
40
0
40
0
40
0
40
0
40
0.249999999999987
40
0.249999999999987
40
0.499999999999973
40
0.499999999999973
40
0.624999999999966
40
0.624999999999966
40
0.74999999999996
40
0.74999999999996
40
1
40
1
40
1
40
1
41
1
10
42.4158967335891
20
0.829322347082666
30
0
41
1
10
42.4373162475634
20
0.81151527643425
30
0
41
1
10
42.4578227425392
20
0.794439250677499
30
0
41
1
10
42.4968851611937
20
0.761661926761093
30
0
41
1
10
42.5154692947644
20
0.745935338980956
30
0
41
1
10
42.541664058885
20
0.723411223755733
30
0
41
1
10
42.550137626244
20
0.716060922296776
30
0
41
1
10
42.5663775893401
20
0.701813109882778
30
0
41
1
10
42.5740766326576
20
0.694974995817404
30
0
41
1
10
42.595803248356
20
0.675384042021477
30
0
41
1
10
42.6084799310497
20
0.663538360381068
30
0
41
1
10
42.6189623362872
20
0.653162464856592
30
0
0
SPLINE
5
198
100
AcDbEntity
8
1
62
256
6
ByLayer
370
18
48
1
60
0
100
AcDbSpline
70
4
71
3
72
23
73
19
40
0
40
0
40
0
40
0
40
0.124999999999969
40
0.124999999999969
40
0.187499999999954
40
0.187499999999954
40
0.249999999999939
40
0.249999999999939
40
0.312499999999924
40
0.312499999999924
40
0.374999999999909
40
0.437499999999894
40
0.437499999999894
40
0.468749999999886
40
0.468749999999886
40
0.499999999999878
40
0.499999999999878
40
1
40
1
40
1
40
1
41
1
10
42.4158967335892
20
0.829322347082666
30
0
41
1
10
42.3885079212972
20
0.852091982100774
30
0
41
1
10
42.360422726179
20
0.875393911368747
30
0
41
1
10
42.3173994972993
20
0.911341935117605
30
0
41
1
10
42.302909231145
20
0.923489402900202
30
0
41
1
10
42.2736421670016
20
0.948153117381707
30
0
41
1
10
42.2588279070045
20
0.960701005599077
30
0
41
1
10
42.2290544010695
20
0.986106064160111
30
0
41
1
10
42.214299345231
20
0.998789440831445
30
0
41
1
10
42.1850650401453
20
1.02413557769467
30
0
41
1
10
42.1561056976515
20
1.04946097675969
30
0
41
1
10
42.1277689793593
20
1.07475930684828
30
0
41
1
10
42.1068083574764
20
1.09371813739367
30
0
41
1
10
42.0998791769659
20
1.10003414051471
30
0
41
1
10
42.0860594413762
20
1.11266667255722
30
0
41
1
10
42.0791555561269
20
1.11898429866736
30
0
41
1
10
41.9617134790541
20
1.22645639634064
30
0
41
1
10
41.8513425351604
20
1.32833964971482
30
0
41
1
10
41.7410082291491
20
1.43104310432048
30
0
0
SPLINE
5
199
100
AcDbEntity
8
1
62
256
6
ByLayer
370
18
48
1
60
0
100
AcDbSpline
70
4
71
3
72
8
73
4
40
0
40
0
40
0
40
0
40
1
40
1
40
1
40
1
41
1
10
30.618924087108
20
5.65835020570151
30
0
41
1
10
30.9739463123124
20
5.76468239963788
30
0
41
1
10
31.3289685375169
20
5.84687079155967
30
0
41
1
10
31.6839907627212
20
5.9038695482871
30
0
0
SPLINE
5
19A
100
AcDbEntity
8
1
62
256
6
ByLayer
370
18
48
1
60
0
100
AcDbSpline
70
4
71
3
72
16
73
12
40
0
40
0
40
0
40
0
40
0.25
40
0.25
40
0.500000000000001
40
0.500000000000001
40
0.625000000000001
40
0.625000000000001
40
0.75
40
0.75
40
1
40
1
40
1
40
1
41
1
10
23.2162374806837
20
2.83338172182172
30
0
41
1
10
23.2376389231076
20
2.82144776423638
30
0
41
1
10
23.2581281170355
20
2.81080330620585
30
0
41
1
10
23.297158236675
20
2.79203139842247
30
0
41
1
10
23.3157271995526
20
2.78386091268175
30
0
41
1
10
23.3419013431342
20
2.77362377788467
30
0
41
1
10
23.3503677803583
20
2.77053765867794
30
0
41
1
10
23.3665973723307
20
2.76511548879566
30
0
41
1
10
23.3742920863273
20
2.76280101685859
30
0
41
1
10
23.3960084104601
20
2.75714111916631
30
0
41
1
10
23.4086816825256
20
2.75505762461435
30
0
41
1
10
23.419164827143
20
2.75501966885844
30
0
0
SPLINE
5
19B
100
AcDbEntity
8
1
62
256
6
ByLayer
370
18
48
1
60
0
100
AcDbSpline
70
4
71
3
72
23
73
19
40
0
40
0
40
0
40
0
40
0.125000000000066
40
0.125000000000066
40
0.187500000000099
40
0.187500000000099
40
0.250000000000132
40
0.250000000000132
40
0.312500000000164
40
0.312500000000164
40
0.375000000000197
40
0.43750000000023
40
0.43750000000023
40
0.468750000000231
40
0.468750000000231
40
0.500000000000232
40
0.500000000000232
40
1
40
1
40
1
40
1
41
1
10
23.2162374806838
20
2.83338172182172
30
0
41
1
10
23.1888507542976
20
2.84865321729492
30
0
41
1
10
23.160766831798
20
2.86556864134138
30
0
41
1
10
23.1177443190837
20
2.89360695361648
30
0
41
1
10
23.1032540753762
20
2.90339538299509
30
0
41
1
10
23.0739866691812
20
2.92391439012556
30
0
41
1
10
23.0591721119164
20
2.93467221871268
30
0
41
1
10
23.0293973328809
20
2.95716494793979
30
0
41
1
10
23.0146414734114
20
2.96874593708728
30
0
41
1
10
22.9854052206076
20
2.99258601212515
30
0
41
1
10
22.9564436056187
20
3.01710235988688
30
0
41
1
10
22.928103710528
20
3.04312643101321
30
0
41
1
10
22.9071403031511
20
3.06335399148705
30
0
41
1
10
22.900210110032
20
3.07023749063222
30
0
41
1
10
22.8863891553663
20
3.08409761053031
30
0
41
1
10
22.8794849355512
20
3.09103866737183
30
0
41
1
10
22.7620349145957
20
3.20888890062042
30
0
41
1
10
22.6516560222588
20
3.32002989602393
30
0
41
1
10
22.5413138520523
20
3.43129081766284
30
0
0
SPLINE
5
19C
100
AcDbEntity
8
1
62
256
6
ByLayer
370
18
48
1
60
0
100
AcDbSpline
70
4
71
3
72
12
73
8
40
0
40
0
40
0
40
0
40
0.5
40
0.5
40
0.75
40
0.75
40
1
40
1
40
1
40
1
41
1
10
19.0781267205059
20
5.06835100806114
30
0
41
1
10
18.8977212170919
20
5.14908614764116
30
0
41
1
10
18.7178219984993
20
5.2248076648338
30
0
41
1
10
18.4483876197593
20
5.3307082126689
30
0
41
1
10
18.3586452664421
20
5.36472565595238
30
0
41
1
10
18.179243142807
20
5.43017181074467
30
0
41
1
10
18.089533517644
20
5.46161684464786
30
0
41
1
10
18
20
5.49170008862501
30
0
0
SPLINE
5
19D
100
AcDbEntity
8
1
62
256
6
ByLayer
370
18
48
1
60
0
100
AcDbSpline
70
4
71
3
72
30
73
26
40
0
40
0
40
0
40
0
40
0.0090957064392085
40
0.0185229389384603
40
0.0282816664768066
40
0.0383718527069725
40
0.0487934555355003
40
0.0938009866436268
40
0.134633697422276
40
0.171292575551086
40
0.203779763279126
40
0.281904410538569
40
0.359585611670314
40
0.436853857158662
40
0.513742721210615
40
0.55481496017757
40
0.597558133339089
40
0.641975656801386
40
0.688070554776882
40
0.735845528759118
40
0.785303014997985
40
0.836445232434277
40
0.889274222810246
40
0.943791884332629
40
1
40
1
40
1
40
1
41
1
10
19.0140436946463
20
2.55306618353174
30
0
41
1
10
19.0075538126831
20
2.56206047575873
30
0
41
1
10
18.9943375014349
20
2.58037688986335
30
0
41
1
10
18.9741802880753
20
2.60853866092919
30
0
41
1
10
18.953328571519
20
2.63784349538446
30
0
41
1
10
18.9317797883805
20
2.66832009732269
30
0
41
1
10
18.8851786187959
20
2.73467504376404
30
0
41
1
10
18.8164976599791
20
2.8335850723598
30
0
41
1
10
18.728147825636
20
2.96184565888899
30
0
41
1
10
18.6477617390337
20
3.07863513227437
30
0
41
1
10
18.5383272719059
20
3.23650301974746
30
0
41
1
10
18.3935383158407
20
3.44018886270683
30
0
41
1
10
18.2058187389249
20
3.69321049716245
30
0
41
1
10
18.0108776486502
20
3.94393422431301
30
0
41
1
10
17.8402603075031
20
4.15310233179844
30
0
41
1
10
17.6960821599058
20
4.32348360207945
30
0
41
1
10
17.5792065422845
20
4.45849788681588
30
0
41
1
10
17.4560586095104
20
4.59788138587115
30
0
41
1
10
17.3266907462568
20
4.74163689242937
30
0
41
1
10
17.1911593861396
20
4.88977804064595
30
0
41
1
10
17.0495208335664
20
5.04232650151837
30
0
41
1
10
16.9018381249272
20
5.19931583572759
30
0
41
1
10
16.7481529855018
20
5.36077428064397
30
0
41
1
10
16.588592562341
20
5.52678867278706
30
0
41
1
10
16.4798256809751
20
5.63872046854669
30
0
41
1
10
16.4246119664837
20
5.6955407996619
30
0
0
SPLINE
5
19E
100
AcDbEntity
8
1
62
256
6
ByLayer
370
18
48
1
60
0
100
AcDbSpline
70
4
71
3
72
35
73
31
40
0
40
0
40
0
40
0
40
0.103327131848309
40
0.103327131848309
40
0.154990697772463
40
0.180822480734541
40
0.180822480734541
40
0.206654263696618
40
0.206654263696618
40
0.413308527393242
40
0.413308527393242
40
0.516635659241555
40
0.516635659241555
40
0.568299225165713
40
0.568299225165713
40
0.594131008127792
40
0.594131008127792
40
0.619962791089871
40
0.723289922938188
40
0.723289922938188
40
0.774953488862344
40
0.774953488862344
40
0.800785271824423
40
0.800785271824423
40
0.826617054786501
40
0.929944186634808
40
0.929944186634808
40
0.981607752558964
40
0.981607752558964
40
1
40
1
40
1
40
1
41
1
10
19.0181238725534
20
2.54931959140325
30
0
41
1
10
19.3963006515165
20
2.39502082898159
30
0
41
1
10
19.7732748096631
20
2.22889981840751
30
0
41
1
10
20.3388763578128
20
1.96486514567175
30
0
41
1
10
20.6217116182968
20
1.82913399973907
30
0
41
1
10
20.904962378357
20
1.68837416974554
30
0
41
1
10
21.0939293129151
20
1.59347776131389
30
0
41
1
10
21.1885160412781
20
1.5454817516628
30
0
41
1
10
22.0379273603574
20
1.1104112243861
30
0
41
1
10
22.7841534272294
20
0.699497097808603
30
0
41
1
10
23.9054265192278
20
0.0741622100402424
30
0
41
1
10
24.2794951720556
20
-0.135796257676986
30
0
41
1
10
24.8429522433891
20
-0.449590968885673
30
0
41
1
10
25.0311640998077
20
-0.553997774465358
30
0
41
1
10
25.314314586299
20
-0.709879960483505
30
0
41
1
10
25.4089058291399
20
-0.761756586860116
30
0
41
1
10
25.5978567262084
20
-0.864891889427781
30
0
41
1
10
26.0698696150962
20
-1.12130564283129
30
0
41
1
10
26.5405721000671
20
-1.36973607973422
30
0
41
1
10
27.1060913136825
20
-1.65694992876655
30
0
41
1
10
27.2947102226997
20
-1.7508712470806
30
0
41
1
10
27.5780505479214
20
-1.88862244284667
30
0
41
1
10
27.6726202852182
20
-1.93404314180228
30
0
41
1
10
27.8615988142563
20
-2.02361279536189
30
0
41
1
10
28.3336739463317
20
-2.24437755256059
30
0
41
1
10
28.8044050348494
20
-2.44864179239056
30
0
41
1
10
29.3699268145491
20
-2.67529015682288
30
0
41
1
10
29.5585412730014
20
-2.74776204323405
30
0
41
1
10
29.8146677186149
20
-2.84156442140017
30
0
41
1
10
29.8819856001502
20
-2.86578733579842
30
0
41
1
10
29.9492726378361
20
-2.88955764797206
30
0
0
SPLINE
5
19F
100
AcDbEntity
8
1
62
256
6
ByLayer
370
18
48
1
60
0
100
AcDbSpline
70
4
71
3
72
15
73
11
40
0
40
0
40
0
40
0
40
0.0411232897344703
40
0.0411232897344703
40
0.128293899758597
40
0.302635119806849
40
0.302635119806849
40
0.651317559903425
40
0.651317559903425
40
1
40
1
40
1
40
1
41
1
10
55.3121034248958
20
3.71775012778355
30
0
41
1
10
55.31920025788
20
3.71815799667471
30
0
41
1
10
55.3263292685954
20
3.71862106345094
30
0
41
1
10
55.3486354865416
20
3.72023034170726
30
0
41
1
10
55.3942638573259
20
3.72420969183781
30
0
41
1
10
55.440416844613
20
3.73006170335091
30
0
41
1
10
55.5335423838069
20
3.74372494950706
30
0
41
1
10
55.5967125069732
20
3.75544830684234
30
0
41
1
10
55.7259487288239
20
3.78145445790466
30
0
41
1
10
55.7904959624937
20
3.79541778645785
30
0
41
1
10
55.855203905144
20
3.80887297903723
30
0
0
SPLINE
5
1A0
100
AcDbEntity
8
1
62
256
6
ByLayer
370
18
48
1
60
0
100
AcDbSpline
70
4
71
3
72
34
73
30
40
0
40
0
40
0
40
0
40
0.0984034256324889
40
0.0984034256324889
40
0.196806851264978
40
0.196806851264978
40
0.246008564081222
40
0.246008564081222
40
0.295210276897466
40
0.295210276897466
40
0.393613702529952
40
0.393613702529952
40
0.492017128162438
40
0.492017128162438
40
0.516617984570558
40
0.516617984570558
40
0.541218840978677
40
0.590420553794915
40
0.688823979427402
40
0.688823979427402
40
0.738025692243646
40
0.738025692243646
40
0.787227405059889
40
0.787227405059889
40
0.885630830692378
40
0.885630830692378
40
0.984034256324866
40
0.984034256324866
40
1
40
1
40
1
40
1
41
1
10
57.6904195847407
20
5.94349230844242
30
0
41
1
10
57.6997126726404
20
5.87755545179283
30
0
41
1
10
57.7069092308639
20
5.81150312976305
30
0
41
1
10
57.7161428675806
20
5.67911432979787
30
0
41
1
10
57.7181827328325
20
5.61277800534191
30
0
41
1
10
57.7164664678969
20
5.51301047925764
30
0
41
1
10
57.7150961947168
20
5.47971067757547
30
0
41
1
10
57.7105762605376
20
5.41301307526874
30
0
41
1
10
57.7074229268158
20
5.37965452049738
30
0
41
1
10
57.6951680114924
20
5.2805126893729
30
0
41
1
10
57.6832547775558
20
5.21532603704262
30
0
41
1
10
57.6510071291103
20
5.086995214746
30
0
41
1
10
57.6306681129062
20
5.02385216087995
30
0
41
1
10
57.5993284435891
20
4.94635819218871
30
0
41
1
10
57.5927500334797
20
4.93089917758584
30
0
41
1
10
57.5790616150118
20
4.90029732916605
30
0
41
1
10
57.5577584833214
20
4.854917495091
30
0
41
1
10
57.5027264064543
20
4.75264511941006
30
0
41
1
10
57.4466798750405
20
4.67100731752419
30
0
41
1
10
57.3850824785491
20
4.59313686973886
30
0
41
1
10
57.3636251487277
20
4.56780775622354
30
0
41
1
10
57.3189236894519
20
4.51836222430109
30
0
41
1
10
57.2956097453281
20
4.49418488875665
30
0
41
1
10
57.2240583458594
20
4.42431738552102
30
0
41
1
10
57.1740001300481
20
4.38098619374333
30
0
41
1
10
57.0699336503774
20
4.29976497893867
30
0
41
1
10
57.0159071577589
20
4.26190006592415
30
0
41
1
10
56.951086991911
20
4.22068519885624
30
0
41
1
10
56.9419913204615
20
4.21499446413412
30
0
41
1
10
56.9328501006583
20
4.20936556338893
30
0
0
SPLINE
5
1A1
100
AcDbEntity
8
1
62
256
6
ByLayer
370
18
48
1
60
0
100
AcDbSpline
70
4
71
3
72
10
73
6
40
0
40
0
40
0
40
0
40
0.5
40
0.5
40
1
40
1
40
1
40
1
41
1
10
57.4480817158888
20
5.96679579610634
30
0
41
1
10
57.4887043010759
20
5.97134058325236
30
0
41
1
10
57.5291572633423
20
5.97193109882045
30
0
41
1
10
57.609895347213
20
5.96461452290842
30
0
41
1
10
57.6501815843206
20
5.95675292089095
30
0
41
1
10
57.6904195847407
20
5.94349230844242
30
0
0
SPLINE
5
1A2
100
AcDbEntity
8
1
62
256
6
ByLayer
370
18
48
1
60
0
100
AcDbSpline
70
4
71
3
72
12
73
8
40
0
40
0
40
0
40
0
40
0.267418077042859
40
0.267418077042859
40
0.534836154099227
40
0.534836154099227
40
1
40
1
40
1
40
1
41
1
10
57.4222913116971
20
5.96391142770372
30
0
41
1
10
57.4245907026682
20
5.96416849961548
30
0
41
1
10
57.4268899746455
20
5.96442558167499
30
0
41
1
10
57.4314882780764
20
5.96493976647068
30
0
41
1
10
57.4337873095376
20
5.96519686920769
30
0
41
1
10
57.4400850881905
20
5.96590122148405
30
0
41
1
10
57.4440835892373
20
5.96634849235818
30
0
41
1
10
57.4480817158888
20
5.96679579610634
30
0
0
SPLINE
5
1A3
100
AcDbEntity
8
1
62
256
6
ByLayer
370
18
48
1
60
0
100
AcDbSpline
70
4
71
3
72
8
73
4
40
0
40
0
40
0
40
0
40
1
40
1
40
1
40
1
41
1
10
57.422291311697
20
5.96391142770372
30
0
41
1
10
57.4224472700946
20
5.96838248480086
30
0
41
1
10
57.422604475304
20
5.97285262119945
30
0
41
1
10
57.4227629174514
20
5.97732177372359
30
0
0
SPLINE
5
1A4
100
AcDbEntity
8
1
62
256
6
ByLayer
370
18
48
1
60
0
100
AcDbSpline
70
4
71
3
72
42
73
38
40
0
40
0
40
0
40
0
40
0.0214498424954334
40
0.0433185903566482
40
0.065606244353634
40
0.0883128052902874
40
0.11143827400451
40
0.134982651368188
40
0.158945938287194
40
0.183328135701411
40
0.20812924458471
40
0.233349265945003
40
0.258988200824234
40
0.285046050298351
40
0.311522815477365
40
0.33841849750532
40
0.365733097560308
40
0.393466616854468
40
0.421619056633907
40
0.450190418178859
40
0.479180702803459
40
0.508589911856002
40
0.538418046718668
40
0.568665108807808
40
0.599331099573764
40
0.630416020500939
40
0.661919873107864
40
0.693842658947176
40
0.726184379605485
40
0.758945036703635
40
0.792124631896394
40
0.825723166872694
40
0.859740643355385
40
0.894177063101444
40
0.929032427901858
40
0.964306739581656
40
1
40
1
40
1
40
1
41
1
10
57.4224036385491
20
5.97729381237687
30
0
41
1
10
57.4142565917481
20
5.97665184394327
30
0
41
1
10
57.3978033901424
20
5.97535536973362
30
0
41
1
10
57.3728849014948
20
5.97328753773013
30
0
41
1
10
57.3474890717188
20
5.97110049772337
30
0
41
1
10
57.3216158989281
20
5.96878180927405
30
0
41
1
10
57.2952653836424
20
5.96632861568449
30
0
41
1
10
57.2684375257177
20
5.96373530861953
30
0
41
1
10
57.2411323251931
20
5.96099692781078
30
0
41
1
10
57.2133497820575
20
5.95810822531305
30
0
41
1
10
57.1850898963133
20
5.9550639237292
30
0
41
1
10
57.1563526679595
20
5.95185864582473
30
0
41
1
10
57.127138096996
20
5.94848693458619
30
0
41
1
10
57.0974461834223
20
5.94494324844402
30
0
41
1
10
57.067276927238
20
5.94122196336011
30
0
41
1
10
57.0366303284432
20
5.93731737306817
30
0
41
1
10
57.005506387037
20
5.93322368986153
30
0
41
1
10
56.9739051030198
20
5.92893504527243
30
0
41
1
10
56.9418264763908
20
5.92444549082342
30
0
41
1
10
56.9092705071501
20
5.91974899880248
30
0
41
1
10
56.8762371952972
20
5.91483946307619
30
0
41
1
10
56.8427265408318
20
5.90971069993981
30
0
41
1
10
56.808738543754
20
5.90435644900342
30
0
41
1
10
56.7742732040631
20
5.89877037412177
30
0
41
1
10
56.7393305217592
20
5.89294606434757
30
0
41
1
10
56.7039104968418
20
5.88687703498684
30
0
41
1
10
56.6680131293109
20
5.88055672846451
30
0
41
1
10
56.6316384191661
20
5.87397851611627
30
0
41
1
10
56.5947863664073
20
5.8671356966627
30
0
41
1
10
56.5574569710335
20
5.86002150752333
30
0
41
1
10
56.519650233048
20
5.85262908749172
30
0
41
1
10
56.4813661524371
20
5.84495162464759
30
0
41
1
10
56.4426047292515
20
5.83698180004157
30
0
41
1
10
56.4033659632978
20
5.82871390916688
30
0
41
1
10
56.3636498553099
20
5.82013580473537
30
0
41
1
10
56.3234564024973
20
5.81125952285959
30
0
41
1
10
56.2965016690602
20
5.80512600209988
30
0
41
1
10
56.282944740288
20
5.80204113745981
30
0
0
SPLINE
5
1A5
100
AcDbEntity
8
1
62
256
6
ByLayer
370
18
48
1
60
0
100
AcDbSpline
70
4
71
3
72
10
73
6
40
0
40
0
40
0
40
0
40
0.58953558936863
40
0.58953558936863
40
1
40
1
40
1
40
1
41
1
10
56.2829447402879
20
5.80204113745978
30
0
41
1
10
55.9718907882785
20
5.73065077190657
30
0
41
1
10
55.6608368362646
20
5.64026682470163
30
0
41
1
10
55.1332114347995
20
5.45623459575742
30
0
41
1
10
54.9166399853509
20
5.37191769395881
30
0
41
1
10
54.7000685359
20
5.27924043344854
30
0
0
SPLINE
5
1A6
100
AcDbEntity
8
1
62
256
6
ByLayer
370
18
48
1
60
0
100
AcDbSpline
70
4
71
5
72
17
73
11
40
0
40
0
40
0
40
0
40
0
40
0
40
0.128266066806953
40
0.349242901743357
40
0.570219736679762
40
0.717537626637365
40
0.864855516594967
40
1
40
1
40
1
40
1
40
1
40
1
41
1
10
37.8861948426656
20
-5.95454694748528
30
0
41
1
10
37.822905951607
20
-5.96154798020615
30
0
41
1
10
37.6505829318744
20
-5.97878228680636
30
0
41
1
10
37.3692257834675
20
-5.99877830913036
30
0
41
1
10
37.0151792159446
20
-6.00713821684994
30
0
41
1
10
36.5884432293056
20
-5.99166810144118
30
0
41
1
10
36.1583133024799
20
-5.94973204941397
30
0
41
1
10
35.8372175043283
20
-5.90118017086624
30
0
41
1
10
35.6251558348508
20
-5.86166079899354
30
0
41
1
10
35.4857835844894
20
-5.83249306873489
30
0
41
1
10
35.4191007532441
20
-5.81780949864324
30
0
0
SPLINE
5
1A7
100
AcDbEntity
8
1
62
256
6
ByLayer
370
18
48
1
60
0
100
AcDbSpline
70
4
71
3
72
16
73
12
40
0
40
0
40
0
40
0
40
0.250000000000016
40
0.250000000000016
40
0.500000000000033
40
0.500000000000033
40
0.625000000000038
40
0.625000000000038
40
0.750000000000044
40
0.750000000000044
40
1
40
1
40
1
40
1
41
1
10
35.2160282885497
20
-5.55694715306285
30
0
41
1
10
35.2374468549304
20
-5.57224770919694
30
0
41
1
10
35.2579525765672
20
-5.58912436711927
30
0
41
1
10
35.2970138502392
20
-5.6260973913754
30
0
41
1
10
35.3155976079478
20
-5.64614292817097
30
0
41
1
10
35.3417921980236
20
-5.67889262663815
30
0
41
1
10
35.3502656134077
20
-5.69028114187628
30
0
41
1
10
35.3665061884287
20
-5.71390484468824
30
0
41
1
10
35.3742058749852
20
-5.72603742645529
30
0
41
1
10
35.3959352764345
20
-5.76347712169871
30
0
41
1
10
35.4086149511213
20
-5.78981021213772
30
0
41
1
10
35.4191007729762
20
-5.81780923338618
30
0
0
SPLINE
5
1A8
100
AcDbEntity
8
1
62
256
6
ByLayer
370
18
48
1
60
0
100
AcDbSpline
70
4
71
3
72
23
73
19
40
0
40
0
40
0
40
0
40
0.125000000000072
40
0.125000000000072
40
0.187500000000107
40
0.187500000000107
40
0.250000000000143
40
0.250000000000143
40
0.312500000000178
40
0.312500000000178
40
0.375000000000214
40
0.437500000000249
40
0.437500000000249
40
0.468750000000251
40
0.468750000000251
40
0.500000000000252
40
0.500000000000252
40
1
40
1
40
1
40
1
41
1
10
35.2160282885497
20
-5.55694715306288
30
0
41
1
10
35.1886398360122
20
-5.53738195210471
30
0
41
1
10
35.160555107934
20
-5.52090147164247
30
0
41
1
10
35.1175327041521
20
-5.50082402755342
30
0
41
1
10
35.1030427328501
20
-5.49490298172253
30
0
41
1
10
35.0737762992341
20
-5.48465636407894
30
0
41
1
10
35.0589625349656
20
-5.48032037120288
30
0
41
1
10
35.0291893380221
20
-5.47350055248776
30
0
41
1
10
35.0144344491569
20
-5.47106330786443
30
0
41
1
10
34.9852005007252
20
-5.46811077821016
30
0
41
1
10
34.9562415340156
20
-5.46707473020726
30
0
41
1
10
34.9279052319291
20
-5.47026378061631
30
0
41
1
10
34.9069449323692
20
-5.47464844441339
30
0
41
1
10
34.900015861478
20
-5.47650784988133
30
0
41
1
10
34.8861964595462
20
-5.48047648151717
30
0
41
1
10
34.8792927783073
20
-5.48248577682202
30
0
41
1
10
34.7618539400089
20
-5.51605303298791
30
0
41
1
10
34.6514858942325
20
-5.54627641738432
30
0
41
1
10
34.5411544055847
20
-5.57460918870279
30
0
0
SPLINE
5
1A9
100
AcDbEntity
8
1
62
256
6
ByLayer
370
18
48
1
60
0
100
AcDbSpline
70
4
71
3
72
8
73
4
40
0
40
0
40
0
40
0
40
1
40
1
40
1
40
1
41
1
10
34.5411610680563
20
-5.57462217253004
30
0
41
1
10
34.2686296462717
20
-5.48387177080861
30
0
41
1
10
33.9960982244869
20
-5.37911763022652
30
0
41
1
10
33.7235668027021
20
-5.26114647506486
30
0
0
SPLINE
5
1AA
100
AcDbEntity
8
1
62
256
6
ByLayer
370
18
48
1
60
0
100
AcDbSpline
70
4
71
3
72
14
73
10
40
0
40
0
40
0
40
0
40
0.25
40
0.25
40
0.375
40
0.375
40
0.5
40
0.5
40
1
40
1
40
1
40
1
41
1
10
52.2195291171841
20
-0.482940217390819
30
0
41
1
10
52.2197993596028
20
-0.334725259746619
30
0
41
1
10
52.2200575676001
20
-0.187042925643936
30
0
41
1
10
52.22044461619
20
0.0336849477142778
30
0
41
1
10
52.2205732558359
20
0.107128168458701
30
0
41
1
10
52.2208290119619
20
0.253748089897073
30
0
41
1
10
52.2209557996233
20
0.326765656801456
30
0
41
1
10
52.2215769487219
20
0.69008028522677
30
0
41
1
10
52.2220555264754
20
0.975421341858294
30
0
41
1
10
52.2225427755155
20
1.25541300635584
30
0
0
SPLINE
5
1AB
100
AcDbEntity
8
1
62
256
6
ByLayer
370
18
48
1
60
0
100
AcDbSpline
70
4
71
3
72
39
73
35
40
0
40
0
40
0
40
0
40
0.249999999999941
40
0.249999999999941
40
0.3749999999999
40
0.3749999999999
40
0.3906249999999
40
0.3906249999999
40
0.406249999999901
40
0.437499999999902
40
0.437499999999902
40
0.499999999999931
40
0.499999999999931
40
0.531249999999945
40
0.531249999999945
40
0.562499999999959
40
0.562499999999959
40
0.624999999999963
40
0.624999999999963
40
0.656249999999965
40
0.656249999999965
40
0.687499999999967
40
0.687499999999967
40
0.749999999999971
40
0.749999999999971
40
0.812499999999975
40
0.812499999999975
40
0.874999999999979
40
0.874999999999979
40
0.937499999999983
40
0.937499999999983
40
0.968749999999991
40
0.968749999999991
40
1
40
1
40
1
40
1
41
1
10
51.3414093056039
20
1.98477018831346
30
0
41
1
10
51.4182288925362
20
1.91514990614741
30
0
41
1
10
51.495738102385
20
1.84713756209001
30
0
41
1
10
51.6133079984473
20
1.74786001266611
30
0
41
1
10
51.6527194868303
20
1.71522316974668
30
0
41
1
10
51.697330404201
20
1.67905355554515
30
0
41
1
10
51.7022990763413
20
1.67503743774907
30
0
41
1
10
51.7123126080392
20
1.66697375684782
30
0
41
1
10
51.7274432822527
20
1.65483298472188
30
0
41
1
10
51.7428747963704
20
1.64255390803646
30
0
41
1
10
51.7740684068101
20
1.61781160804065
30
0
41
1
10
51.795298167138
20
1.60107484665497
30
0
41
1
10
51.8276752971142
20
1.57554595532247
30
0
41
1
10
51.8385892298377
20
1.56694023880451
30
0
41
1
10
51.8600250584838
20
1.55001785818729
30
0
41
1
10
51.8706181504552
20
1.54164516838006
30
0
41
1
10
51.9020543917717
20
1.51674922723799
30
0
41
1
10
51.9225583936019
20
1.50044384896145
30
0
41
1
10
51.952666649554
20
1.47635752885444
30
0
41
1
10
51.9625936023546
20
1.46839198098098
30
0
41
1
10
51.9822363446068
20
1.45257992772864
30
0
41
1
10
51.9919813466761
20
1.44470971287592
30
0
41
1
10
52.0206679035033
20
1.42146625299793
30
0
41
1
10
52.0390176325182
20
1.40649552019852
30
0
41
1
10
52.0741964962257
20
1.37762781965262
30
0
41
1
10
52.0910320877373
20
1.36372582236092
30
0
41
1
10
52.1231877470649
20
1.33707673608191
30
0
41
1
10
52.1385564670674
20
1.32428721946835
30
0
41
1
10
52.1668886914199
20
1.30073221981269
30
0
41
1
10
52.1799417183323
20
1.289891087749
30
0
41
1
10
52.1975543444452
20
1.27542620489621
30
0
41
1
10
52.2030993705667
20
1.27090303360245
30
0
41
1
10
52.2134706000192
20
1.26254377660405
30
0
41
1
10
52.2182520390492
20
1.25874422240804
30
0
41
1
10
52.2225427755155
20
1.25541300635581
30
0
0
SPLINE
5
1AC
100
AcDbEntity
8
1
62
256
6
ByLayer
370
18
48
1
60
0
100
AcDbSpline
70
4
71
3
72
16
73
12
40
0
40
0
40
0
40
0
40
0.25
40
0.25
40
0.375
40
0.375
40
0.5
40
0.5
40
0.75
40
0.75
40
1
40
1
40
1
40
1
41
1
10
51.3414093056039
20
1.98477018831346
30
0
41
1
10
51.3413295700352
20
1.83137079105629
30
0
41
1
10
51.3412909671569
20
1.67507289060214
30
0
41
1
10
51.3411661617656
20
1.43630892840307
30
0
41
1
10
51.3411296908522
20
1.35599977218763
30
0
41
1
10
51.3410907822909
20
1.19393035386932
30
0
41
1
10
51.3410839425891
20
1.11233748297619
30
0
41
1
10
51.3410417226365
20
0.866481117014217
30
0
41
1
10
51.3409627063689
20
0.700902450914811
30
0
41
1
10
51.3408416310184
20
0.366413377099832
30
0
41
1
10
51.3408250810894
20
0.197502379911157
30
0
41
1
10
51.3407900812003
20
0.0268997644182889
30
0
0
SPLINE
5
1AD
100
AcDbEntity
8
1
62
256
6
ByLayer
370
13
48
1
60
0
100
AcDbSpline
70
4
71
3
72
13
73
9
40
0
40
0
40
0
40
0
40
0.0783204942970878
40
0.162990160121625
40
0.247659825946162
40
0.416999157595236
40
0.755677820893385
40
1
40
1
40
1
40
1
41
1
10
52.0159226814964
20
-0.53451179544976
30
0
41
1
10
52.022905469008
20
-0.533839712906826
30
0
41
1
10
52.037168882466
20
-0.532328981140722
30
0
41
1
10
52.0578429364265
20
-0.529709753148865
30
0
41
1
10
52.0850664313259
20
-0.525637395255387
30
0
41
1
10
52.1313055583154
20
-0.5170130744321
30
0
41
1
10
52.1823043532851
20
-0.502447223017015
30
0
41
1
10
52.2101842182734
20
-0.488848443703631
30
0
41
1
10
52.2195291171841
20
-0.482940217390791
30
0
0
SPLINE
5
1AE
100
AcDbEntity
8
1
62
256
6
ByLayer
370
18
48
1
60
0
100
AcDbSpline
70
4
71
3
72
16
73
12
40
0
40
0
40
0
40
0
40
0.24999999999998
40
0.24999999999998
40
0.49999999999996
40
0.49999999999996
40
0.624999999999985
40
0.624999999999985
40
0.750000000000009
40
0.750000000000009
40
1
40
1
40
1
40
1
41
1
10
52.0159226815046
20
-0.534511795448964
30
0
41
1
10
52.0373476658199
20
-0.554868055213291
30
0
41
1
10
52.0578591145112
20
-0.574909876951097
30
0
41
1
10
52.0969304470897
20
-0.614462830516601
30
0
41
1
10
52.1155185447138
20
-0.633985709790181
30
0
41
1
10
52.1417184549698
20
-0.66290248954914
30
0
41
1
10
52.1501937690524
20
-0.672505023140417
30
0
41
1
10
52.16643618455
20
-0.691483643436726
30
0
41
1
10
52.1741357295953
20
-0.700779431537455
30
0
41
1
10
52.1958620783694
20
-0.728043070807161
30
0
41
1
10
52.2085362185326
20
-0.745398708134587
30
0
41
1
10
52.2190155329422
20
-0.76176412974425
30
0
0
SPLINE
5
1AF
100
AcDbEntity
8
1
62
256
6
ByLayer
370
18
48
1
60
0
100
AcDbSpline
70
4
71
3
72
25
73
21
40
0
40
0
40
0
40
0
40
0.125000000000023
40
0.125000000000023
40
0.187500000000019
40
0.187500000000019
40
0.250000000000014
40
0.250000000000014
40
0.312500000000009
40
0.312500000000009
40
0.375000000000005
40
0.4375
40
0.4375
40
0.468750000000014
40
0.468750000000014
40
0.500000000000028
40
0.500000000000028
40
0.750000000000014
40
0.750000000000014
40
1
40
1
40
1
40
1
41
1
10
52.0159226815046
20
-0.534511795448992
30
0
41
1
10
51.9885246303262
20
-0.508480418313951
30
0
41
1
10
51.9604295584667
20
-0.482678302620343
30
0
41
1
10
51.9173906218918
20
-0.444137823243182
30
0
41
1
10
51.9028949754067
20
-0.43131853108946
30
0
41
1
10
51.8736168353227
20
-0.405710600430439
30
0
41
1
10
51.8587963041812
20
-0.392889265073393
30
0
41
1
10
51.8290124812158
20
-0.367396103741953
30
0
41
1
10
51.8142523522987
20
-0.354897649898106
30
0
41
1
10
51.7850081240563
20
-0.330374914481041
30
0
41
1
10
51.7560390659846
20
-0.306325305760083
30
0
41
1
10
51.7276933537889
20
-0.283301048037089
30
0
41
1
10
51.7067263799796
20
-0.266518932219327
30
0
41
1
10
51.6997951677371
20
-0.261022516472167
30
0
41
1
10
51.6859705392507
20
-0.250086575519646
30
0
41
1
10
51.6790639201157
20
-0.244622653343072
30
0
41
1
10
51.6168652194918
20
-0.195339644319148
30
0
41
1
10
51.5616246084636
20
-0.15128691225658
30
0
41
1
10
51.4511823084889
20
-0.0626105735254328
30
0
41
1
10
51.3959777925451
20
-0.0179826947132256
30
0
41
1
10
51.3407900895
20
0.026940221720622
30
0
0
SPLINE
5
1B0
100
AcDbEntity
8
1
62
256
6
ByLayer
370
18
48
1
60
0
100
AcDbSpline
70
4
71
3
72
16
73
12
40
0
40
0
40
0
40
0
40
0.25
40
0.25
40
0.5
40
0.5
40
0.625
40
0.625
40
0.75
40
0.75
40
1
40
1
40
1
40
1
41
1
10
40.015936363115
20
5.73059632267564
30
0
41
1
10
40.0373553193542
20
5.7434594055741
30
0
41
1
10
40.0578611068481
20
5.75802025755675
30
0
41
1
10
40.0969218991375
20
5.79059282782188
30
0
41
1
10
40.1155050807417
20
5.80854962224933
30
0
41
1
10
40.1416981958079
20
5.83834738424903
30
0
41
1
10
40.1501713605188
20
5.84877995436349
30
0
41
1
10
40.1664095934123
20
5.87056364755114
30
0
41
1
10
40.1741071349352
20
5.88181965196182
30
0
41
1
10
40.1958278157401
20
5.91676923560922
30
0
41
1
10
40.208498589918
20
5.94162602927378
30
0
41
1
10
40.2189753376741
20
5.96836813060341
30
0
0
SPLINE
5
1B1
100
AcDbEntity
8
1
62
256
6
ByLayer
370
18
48
1
60
0
100
AcDbSpline
70
4
71
3
72
23
73
19
40
0
40
0
40
0
40
0
40
0.125000000000001
40
0.125000000000001
40
0.187500000000002
40
0.187500000000002
40
0.250000000000002
40
0.250000000000002
40
0.312500000000002
40
0.312500000000002
40
0.375000000000003
40
0.437500000000003
40
0.437500000000003
40
0.468750000000004
40
0.468750000000004
40
0.500000000000004
40
0.500000000000004
40
1
40
1
40
1
40
1
41
1
10
40.0159363631148
20
5.73059632267561
30
0
41
1
10
39.9885534639413
20
5.71415161369299
30
0
41
1
10
39.9604742877446
20
5.70089780992043
30
0
41
1
10
39.9174601885781
20
5.68584818210695
30
0
41
1
10
39.9029729783657
20
5.68163421891575
30
0
41
1
10
39.8737120658752
20
5.67487011203519
30
0
41
1
10
39.8589011314187
20
5.67231402949187
30
0
41
1
10
39.8291333040899
20
5.66911599625365
30
0
41
1
10
39.8143810036593
20
5.66849592561985
30
0
41
1
10
39.7851520181853
20
5.66919250004381
30
0
41
1
10
39.7561978010991
20
5.67182026091459
30
0
41
1
10
39.7278656815425
20
5.67870743861815
30
0
41
1
10
39.7069082182253
20
5.6858812963813
30
0
41
1
10
39.6999800293381
20
5.68867342415501
30
0
41
1
10
39.686162803064
20
5.69451305222694
30
0
41
1
10
39.6792603564376
20
5.69745934145914
30
0
41
1
10
39.5618413335031
20
5.74695233144095
30
0
41
1
10
39.4514917982331
20
5.79225780633425
30
0
41
1
10
39.3411791230582
20
5.83577501133499
30
0
0
SPLINE
5
1B2
100
AcDbEntity
8
1
62
256
6
ByLayer
370
18
48
1
60
0
100
AcDbSpline
70
4
71
5
72
13
73
7
40
0
40
0
40
0
40
0
40
0
40
0
40
0.518426527861173
40
1
40
1
40
1
40
1
40
1
40
1
41
1
10
39.3411820444266
20
5.83585521253767
30
0
41
1
10
39.2776543902521
20
5.8225673334845
30
0
41
1
10
39.1551150317115
20
5.79565729557132
30
0
41
1
10
39.0325756731709
20
5.76628979541599
30
0
41
1
10
38.9100363146304
20
5.73448469208833
30
0
41
1
10
38.7874969560898
20
5.70026527852275
30
0
41
1
10
38.7284852517237
20
5.68322899019407
30
0
0
SPLINE
5
1B3
100
AcDbEntity
8
1
62
256
6
ByLayer
370
18
48
1
60
0
100
AcDbSpline
70
4
71
5
72
14
73
8
40
0
40
0
40
0
40
0
40
0
40
0
40
0.253523506198332
40
0.806119733945177
40
1
40
1
40
1
40
1
40
1
40
1
41
1
10
38.7284848767044
20
5.68323392913331
30
0
41
1
10
38.6784615265461
20
5.66879250990243
30
0
41
1
10
38.5194040477136
20
5.62160070877786
30
0
41
1
10
38.3220915739772
20
5.5580590904033
30
0
41
1
10
38.1247791002408
20
5.48840382334529
30
0
41
1
10
37.9274666265044
20
5.41276282973377
30
0
41
1
10
37.7801775029263
20
5.35302313947864
30
0
41
1
10
37.7419225080223
20
5.3372872389435
30
0
0
SPLINE
5
1B4
100
AcDbEntity
8
1
62
256
6
ByLayer
370
18
48
1
60
0
100
AcDbSpline
70
4
71
3
72
8
73
4
40
0
40
0
40
0
40
0
40
1
40
1
40
1
40
1
41
1
10
19.9997323511993
20
-5.99991782836699
30
0
41
1
10
20.2595651159319
20
-5.99883990954649
30
0
41
1
10
20.5193978806643
20
-5.98404759328278
30
0
41
1
10
20.7792306453964
20
-5.95567971745584
30
0
0
SPLINE
5
1B5
100
AcDbEntity
8
1
62
256
6
ByLayer
370
18
48
1
60
0
100
AcDbSpline
70
4
71
3
72
12
73
8
40
0
40
0
40
0
40
0
40
0.500000000000011
40
0.500000000000011
40
0.750000000000006
40
0.750000000000006
40
1
40
1
40
1
40
1
41
1
10
19.0781267205059
20
-5.53713253730601
30
0
41
1
10
18.8977212170919
20
-5.53463247077318
30
0
41
1
10
18.7178219984994
20
-5.5261098828567
30
0
41
1
10
18.4483876197593
20
-5.50436102172844
30
0
41
1
10
18.3586452664421
20
-5.4956144506009
30
0
41
1
10
18.1792431428069
20
-5.47514161049338
30
0
41
1
10
18.089533517644
20
-5.46340746765699
30
0
41
1
10
18
20
-5.45021271303747
30
0
0
SPLINE
5
1B6
100
AcDbEntity
8
1
62
256
6
ByLayer
370
18
48
1
60
0
100
AcDbSpline
70
4
71
5
72
40
73
34
40
0
40
0
40
0
40
0
40
0
40
0
40
0.0216496813013469
40
0.049617336078027
40
0.0775849908547356
40
0.119536473019777
40
0.161487955184818
40
0.189455609961513
40
0.231407092126554
40
0.259374746903248
40
0.301326229068289
40
0.329293883844984
40
0.371245366010025
40
0.413196848175067
40
0.441164502951761
40
0.483115985116802
40
0.511083639893496
40
0.553035122058538
40
0.581002776835232
40
0.622954259000273
40
0.664905741165315
40
0.692873395942009
40
0.720841050718703
40
0.762792532883745
40
0.804744015048786
40
0.83271166982548
40
0.874663151990522
40
0.916614634155563
40
0.944582288932246
40
0.972549943708952
40
1
40
1
40
1
40
1
40
1
40
1
41
1
10
41.8688072323588
20
3.09303956892131
30
0
41
1
10
41.9250759030932
20
3.07442310071224
30
0
41
1
10
42.0540339929437
20
3.03112556092549
30
0
41
1
10
42.2556815019103
20
2.96118116839728
30
0
41
1
10
42.566363139551
20
2.84814576142605
30
0
41
1
10
42.9860789058658
20
2.68491644261889
30
0
41
1
10
43.4222154205624
20
2.50323809572771
30
0
41
1
10
43.894696644817
20
2.29432099239327
30
0
41
1
10
44.3671778690715
20
2.07324045294587
30
0
41
1
10
44.8396590933261
20
1.84219760662597
30
0
41
1
10
45.2757956080226
20
1.62065646718128
30
0
41
1
10
45.7482768322772
20
1.37288262732187
30
0
41
1
10
46.2207580565318
20
1.1184126786188
30
0
41
1
10
46.6932392807864
20
0.857963884274909
30
0
41
1
10
47.165720505041
20
0.59336829511571
30
0
41
1
10
47.6382017292955
20
0.325655729921038
30
0
41
1
10
48.1106829535501
20
0.0564359559761556
30
0
41
1
10
48.5468194682467
20
-0.192387848666385
30
0
41
1
10
49.0193006925012
20
-0.46095076261787
30
0
41
1
10
49.4917819167558
20
-0.727352457327527
30
0
41
1
10
49.9642631410104
20
-0.989924908579496
30
0
41
1
10
50.4003996557069
20
-1.22788292392576
30
0
41
1
10
50.8728808799615
20
-1.47961115362705
30
0
41
1
10
51.3453621042161
20
-1.72419108377952
30
0
41
1
10
51.7814986189126
20
-1.94237669870404
30
0
41
1
10
52.2539798431671
20
-2.16935636369362
30
0
41
1
10
52.7628057769798
20
-2.40134787618931
30
0
41
1
10
53.2352870012344
20
-2.60403553825094
30
0
41
1
10
53.6714235159309
20
-2.77951392347822
30
0
41
1
10
54.1062147646922
20
-2.94200785457548
30
0
41
1
10
54.4319718847795
20
-3.05492719112209
30
0
41
1
10
54.6486948761926
20
-3.12597962842168
30
0
41
1
10
54.7927284484897
20
-3.17135741825913
30
0
41
1
10
54.8640726016706
20
-3.19337683875716
30
0
0
SPLINE
5
1B7
100
AcDbEntity
8
1
62
256
6
ByLayer
370
18
48
1
60
0
100
AcDbSpline
70
4
71
3
72
10
73
6
40
0
40
0
40
0
40
0
40
0.781325209022846
40
0.781325209022846
40
1
40
1
40
1
40
1
41
1
10
54.8640726016706
20
-3.19337683875716
30
0
41
1
10
54.8970331190133
20
-3.16364977397157
30
0
41
1
10
54.9310814535281
20
-3.13624250426534
30
0
41
1
10
54.9762565440462
20
-3.10435616753168
30
0
41
1
10
54.9862329545906
20
-3.09757882858872
30
0
41
1
10
54.9963121527757
20
-3.09100076676779
30
0
0
SPLINE
5
1B8
100
AcDbEntity
8
1
62
256
6
ByLayer
370
18
48
1
60
0
100
AcDbSpline
70
4
71
3
72
10
73
6
40
0
40
0
40
0
40
0
40
0.5
40
0.5
40
1
40
1
40
1
40
1
41
1
10
57.4480817158887
20
-4.73339371620133
30
0
41
1
10
57.4887043010758
20
-4.75706659774744
30
0
41
1
10
57.5291572633422
20
-4.77724848228138
30
0
41
1
10
57.6098953472129
20
-4.8099885607937
30
0
41
1
10
57.6501815843205
20
-4.82258743174964
30
0
41
1
10
57.6904195847406
20
-4.83030641820065
30
0
0
SPLINE
5
1B9
100
AcDbEntity
8
1
62
256
6
ByLayer
370
18
48
1
60
0
100
AcDbSpline
70
4
71
3
72
12
73
8
40
0
40
0
40
0
40
0
40
0.267418077041799
40
0.267418077041799
40
0.53483615409882
40
0.53483615409882
40
1
40
1
40
1
40
1
41
1
10
57.422291311697
20
-4.71837075325695
30
0
41
1
10
57.4245907026682
20
-4.71970958690181
30
0
41
1
10
57.4268899746454
20
-4.72104850063033
30
0
41
1
10
57.4314882780763
20
-4.72372649003793
30
0
41
1
10
57.4337873095375
20
-4.72506556572145
30
0
41
1
10
57.4400850881905
20
-4.72873413826821
30
0
41
1
10
57.4440835892373
20
-4.73106380100296
30
0
41
1
10
57.4480817158888
20
-4.73339371620136
30
0
0
SPLINE
5
1BA
100
AcDbEntity
8
1
62
256
6
ByLayer
370
18
48
1
60
0
100
AcDbSpline
70
4
71
3
72
8
73
4
40
0
40
0
40
0
40
0
40
1
40
1
40
1
40
1
41
1
10
57.4222913116969
20
-4.71837075325692
30
0
41
1
10
57.4224472700945
20
-4.72233495338014
30
0
41
1
10
57.422604475304
20
-4.72630387746673
30
0
41
1
10
57.4227629174514
20
-4.73027743627441
30
0
0
SPLINE
5
1BB
100
AcDbEntity
8
1
62
256
6
ByLayer
370
18
48
1
60
0
100
AcDbSpline
70
4
71
3
72
8
73
4
40
0
40
0
40
0
40
0
40
1
40
1
40
1
40
1
41
1
10
54.4166210285814
20
-2.64804231292681
30
0
41
1
10
54.1764737660184
20
-2.45401959631971
30
0
41
1
10
53.9363265034514
20
-2.25483206250655
30
0
41
1
10
53.6961792408804
20
-2.05164170384219
30
0
0
SPLINE
5
1BC
100
AcDbEntity
8
1
62
256
6
ByLayer
370
18
48
1
60
0
100
AcDbSpline
70
4
71
3
72
10
73
6
40
0
40
0
40
0
40
0
40
0.5
40
0.5
40
1
40
1
40
1
40
1
41
1
10
52.2190331307144
20
-0.761779846767695
30
0
41
1
10
52.4652241490755
20
-0.981659967395416
30
0
41
1
10
52.7114151674364
20
-1.19997815589846
30
0
41
1
10
53.2037972041584
20
-1.63081366689701
30
0
41
1
10
53.4499882225194
20
-1.84332990732978
30
0
41
1
10
53.6961792408804
20
-2.051641703842
30
0
0
SPLINE
5
1BD
100
AcDbEntity
8
1
62
256
6
ByLayer
370
18
48
1
60
0
100
AcDbSpline
70
4
71
3
72
21
73
17
40
0
40
0
40
0
40
0
40
0.0509166721375606
40
0.123922034517641
40
0.196927569015495
40
0.269933276301701
40
0.342939157046574
40
0.415945211920441
40
0.488951441593547
40
0.561957846736256
40
0.634964428018837
40
0.707971186111856
40
0.780978121685963
40
0.853985235411703
40
0.926992527959581
40
1
40
1
40
1
40
1
41
1
10
45.8688666708207
20
-5.95903188985733
30
0
41
1
10
45.8584425808958
20
-5.96012450412161
30
0
41
1
10
45.8330722124721
20
-5.96273051514783
30
0
41
1
10
45.7927555101941
20
-5.9666658601198
30
0
41
1
10
45.7479165219187
20
-5.97077257378913
30
0
41
1
10
45.703077398813
20
-5.97460905802913
30
0
41
1
10
45.6582381408771
20
-5.97817513847522
30
0
41
1
10
45.6133987481106
20
-5.98147064986529
30
0
41
1
10
45.5685592205144
20
-5.9844954507513
30
0
41
1
10
45.5237195580855
20
-5.98724936862794
30
0
41
1
10
45.4788797608351
20
-5.98973240475132
30
0
41
1
10
45.4340398287211
20
-5.99194396977597
30
0
41
1
10
45.3891997619015
20
-5.9938857364412
30
0
41
1
10
45.3443595597866
20
-5.99555099319599
30
0
41
1
10
45.2995192245771
20
-5.99696437719166
30
0
41
1
10
45.2696256104046
20
-5.99767718366377
30
0
41
1
10
45.2546787849445
20
-5.99803358733791
30
0
0
SPLINE
5
1BE
100
AcDbEntity
8
1
62
256
6
ByLayer
370
18
48
1
60
0
100
AcDbSpline
70
4
71
3
72
8
73
4
40
0
40
0
40
0
40
0
40
1
40
1
40
1
40
1
41
1
10
45.018897121051
20
-5.99955218281954
30
0
41
1
10
45.0974910090181
20
-6.00029781063043
30
0
41
1
10
45.1760848969826
20
-5.99979150093856
30
0
41
1
10
45.2546787849445
20
-5.99803358733806
30
0
0
SPLINE
5
1BF
100
AcDbEntity
8
1
62
256
6
ByLayer
370
18
48
1
60
0
100
AcDbSpline
70
4
71
3
72
16
73
12
40
0
40
0
40
0
40
0
40
0.250000000000032
40
0.250000000000032
40
0.500000000000064
40
0.500000000000064
40
0.625000000000049
40
0.625000000000049
40
0.750000000000034
40
0.750000000000034
40
1
40
1
40
1
40
1
41
1
10
44.8158871482232
20
-5.77917934929013
30
0
41
1
10
44.8373019810285
20
-5.79034220224804
30
0
41
1
10
44.8578041588633
20
-5.80326084117283
30
0
41
1
10
44.896858704931
20
-5.83265698664366
30
0
41
1
10
44.9154392985714
20
-5.84907740920815
30
0
41
1
10
44.9416295308598
20
-5.87665307203005
30
0
41
1
10
44.9501016350123
20
-5.88635640147177
30
0
41
1
10
44.966339453068
20
-5.90671981893169
30
0
41
1
10
44.9740370132194
20
-5.91729002755122
30
0
41
1
10
44.9957586370176
20
-5.95026065437844
30
0
41
1
10
45.0084309369051
20
-5.97390161070481
30
0
41
1
10
45.0189108530024
20
-5.99955231318546
30
0
0
SPLINE
5
1C0
100
AcDbEntity
8
1
62
256
6
ByLayer
370
18
48
1
60
0
100
AcDbSpline
70
4
71
3
72
25
73
21
40
0
40
0
40
0
40
0
40
0.124999999999995
40
0.124999999999995
40
0.187499999999993
40
0.187499999999993
40
0.249999999999991
40
0.249999999999991
40
0.312499999999988
40
0.312499999999988
40
0.374999999999986
40
0.437499999999983
40
0.437499999999983
40
0.468749999999998
40
0.468749999999998
40
0.500000000000012
40
0.500000000000012
40
0.750000000000006
40
0.750000000000006
40
1
40
1
40
1
40
1
41
1
10
44.8158871482232
20
-5.77917934929013
30
0
41
1
10
44.7884323304287
20
-5.76486804941638
30
0
41
1
10
44.7602777067143
20
-5.75379765824309
30
0
41
1
10
44.7171461949328
20
-5.74211684806946
30
0
41
1
10
44.7026191639972
20
-5.73904118432213
30
0
41
1
10
44.6732771451548
20
-5.73458926087082
30
0
41
1
10
44.6584204202963
20
-5.73320991472855
30
0
41
1
10
44.6285798303451
20
-5.73239834215877
30
0
41
1
10
44.6137918631613
20
-5.7329695093014
30
0
41
1
10
44.5844932587589
20
-5.73604810135524
30
0
41
1
10
44.555471037781
20
-5.74105739200343
30
0
41
1
10
44.5270761112258
20
-5.75033615215142
30
0
41
1
10
44.5060742872584
20
-5.75931241687991
30
0
41
1
10
44.4991318456867
20
-5.76270689802075
30
0
41
1
10
44.4852803093885
20
-5.76970823837058
30
0
41
1
10
44.4783587782925
20
-5.77322173252372
30
0
41
1
10
44.4160315496861
20
-5.8045910380998
30
0
41
1
10
44.3606781430888
20
-5.83219890045118
30
0
41
1
10
44.2500086168143
20
-5.88664052738579
30
0
41
1
10
44.1946905640749
20
-5.91346667175671
30
0
41
1
10
44.1393894014669
20
-5.93989065732319
30
0
0
SPLINE
5
1C1
100
AcDbEntity
8
1
62
256
6
ByLayer
370
18
48
1
60
0
100
AcDbSpline
70
4
71
3
72
10
73
6
40
0
40
0
40
0
40
0
40
0.5
40
0.5
40
1
40
1
40
1
40
1
41
1
10
44.1391531461701
20
-5.93902334106369
30
0
41
1
10
43.8430354056908
20
-5.9010832565437
30
0
41
1
10
43.5469176652101
20
-5.84552567027362
30
0
41
1
10
42.9546821842459
20
-5.70016059970575
30
0
41
1
10
42.6585644437625
20
-5.61035387964876
30
0
41
1
10
42.3624467032778
20
-5.50421906011343
30
0
0
SPLINE
5
1C2
100
AcDbEntity
8
1
62
256
6
ByLayer
370
18
48
1
60
0
100
AcDbSpline
70
4
71
5
72
20
73
14
40
0
40
0
40
0
40
0
40
0
40
0
40
0.0686859913343388
40
0.168700022988252
40
0.318721070469123
40
0.418735102123036
40
0.568756149603907
40
0.718777197084777
40
0.818791228738742
40
0.918805260392604
40
1
40
1
40
1
40
1
40
1
40
1
41
1
10
42.3624463032438
20
-5.50422420149962
30
0
41
1
10
42.3125258597926
20
-5.48633324066839
30
0
41
1
10
42.1899159972253
20
-5.44144277831603
30
0
41
1
10
41.9582720059839
20
-5.35225536957486
30
0
41
1
10
41.6539385956264
20
-5.22436873463494
30
0
41
1
10
41.2405710565947
20
-5.03210991541127
30
0
41
1
10
40.7680898323401
20
-4.78798376123197
30
0
41
1
10
40.2956086080855
20
-4.5183774423553
30
0
41
1
10
39.859472093389
20
-4.24935130550844
30
0
41
1
10
39.4370132935532
20
-3.97053650812509
30
0
41
1
10
39.1235886223916
20
-3.75279991532432
30
0
41
1
10
38.919198079904
20
-3.60646053800565
30
0
41
1
10
38.7874969565327
20
-3.51043711072756
30
0
41
1
10
38.7284852522774
20
-3.46707173843222
30
0
0
SPLINE
5
1C3
100
AcDbEntity
8
1
62
256
6
ByLayer
370
18
48
1
60
0
100
AcDbSpline
70
4
71
5
72
19
73
13
40
0
40
0
40
0
40
0
40
0
40
0
40
0.0715768908656729
40
0.227590510397984
40
0.331599590086191
40
0.487613209618502
40
0.643626829150813
40
0.747635908839021
40
0.851644988527228
40
1
40
1
40
1
40
1
40
1
40
1
41
1
10
38.7284848772801
20
-3.46707500972633
30
0
41
1
10
38.6784615270614
20
-3.43031479477287
30
0
41
1
10
38.5194040481687
20
-3.31265308292873
30
0
41
1
10
38.2876571501598
20
-3.13768582426488
30
0
41
1
10
37.9468761234768
20
-2.87326574545321
30
0
41
1
10
37.4970609681197
20
-2.51168890335614
30
0
41
1
10
37.0245797438651
20
-2.11849144451986
30
0
41
1
10
36.5884432291686
20
-1.74608828289513
30
0
41
1
10
36.1213144200373
20
-1.33907995911429
30
0
41
1
10
35.7632197395802
20
-1.02225872098469
30
0
41
1
10
35.5141591877972
20
-0.800216012622656
30
0
41
1
10
35.3377880551303
20
-0.642360685119399
30
0
41
1
10
35.2341063415795
20
-0.549397437154369
30
0
0
SPLINE
5
1C4
100
AcDbEntity
8
1
62
256
6
ByLayer
370
18
48
1
60
0
100
AcDbSpline
70
4
71
3
72
10
73
6
40
0
40
0
40
0
40
0
40
0.5
40
0.5
40
1
40
1
40
1
40
1
41
1
10
35.2341063415795
20
-0.549397437154369
30
0
41
1
10
34.9823497517777
20
-0.323666756105752
30
0
41
1
10
34.7305931619758
20
-0.0967593050315827
30
0
41
1
10
34.2270799823721
20
0.356499825316973
30
0
41
1
10
33.9753233925702
20
0.582850258647852
30
0
41
1
10
33.7235668027682
20
0.807470477453336
30
0
0
SPLINE
5
1C5
100
AcDbEntity
8
1
62
256
6
ByLayer
370
18
48
1
60
0
100
AcDbSpline
70
4
71
3
72
16
73
12
40
0
40
0
40
0
40
0
40
0.24999999999999
40
0.24999999999999
40
0.499999999999981
40
0.499999999999981
40
0.624999999999973
40
0.624999999999973
40
0.749999999999966
40
0.749999999999966
40
1
40
1
40
1
40
1
41
1
10
32.8158493918867
20
1.57375802421714
30
0
41
1
10
32.8372745849628
20
1.55780380629059
30
0
41
1
10
32.8577865615935
20
1.54279682584189
30
0
41
1
10
32.8968593176729
20
1.51459823153729
30
0
41
1
10
32.9154483602396
20
1.50137428370508
30
0
41
1
10
32.941649914307
20
1.48297028848358
30
0
41
1
10
32.9501258716649
20
1.47705739428369
30
0
41
1
10
32.9663693344734
20
1.4658017448339
30
0
41
1
10
32.9740693590719
20
1.46050546074409
30
0
41
1
10
32.9957970307941
20
1.44568806852706
30
0
41
1
10
33.0084718149177
20
1.43721999381677
30
0
41
1
10
33.0189515172556
20
1.43045657924952
30
0
0
SPLINE
5
1C6
100
AcDbEntity
8
1
62
256
6
ByLayer
370
18
48
1
60
0
100
AcDbSpline
70
4
71
3
72
23
73
19
40
0
40
0
40
0
40
0
40
0.125000000000021
40
0.125000000000021
40
0.187500000000032
40
0.187500000000032
40
0.250000000000043
40
0.250000000000043
40
0.312500000000054
40
0.312500000000054
40
0.375000000000065
40
0.437500000000076
40
0.437500000000076
40
0.468750000000081
40
0.468750000000081
40
0.500000000000086
40
0.500000000000086
40
1
40
1
40
1
40
1
41
1
10
32.8158493918867
20
1.57375802421714
30
0
41
1
10
32.7884577709506
20
1.59415512814161
30
0
41
1
10
32.7603699277146
20
1.61549847131971
30
0
41
1
10
32.7173429837537
20
1.64913356157697
30
0
41
1
10
32.7028515276253
20
1.66061386172115
30
0
41
1
10
32.673582166882
20
1.68415824526559
30
0
41
1
10
32.6587667875262
20
1.69625289861077
30
0
41
1
10
32.6289911730093
20
1.72099996382559
30
0
41
1
10
32.6142351238325
20
1.7334830435731
30
0
41
1
10
32.5849989629248
20
1.75868306839521
30
0
41
1
10
32.5560378888768
20
1.78411619562485
30
0
41
1
10
32.5276998008909
20
1.81008175893822
30
0
41
1
10
32.5067383218297
20
1.82980505458624
30
0
41
1
10
32.4998088908332
20
1.8364285733436
30
0
41
1
10
32.4859883204576
20
1.84970884490295
30
0
41
1
10
32.4790839037472
20
1.85635353687411
30
0
41
1
10
32.3616337635334
20
1.9693090752593
30
0
41
1
10
32.2512555467587
20
2.0761787795951
30
0
41
1
10
32.1409140558529
20
2.1836258921096
30
0
0
SPLINE
5
1C7
100
AcDbEntity
8
1
62
256
6
ByLayer
370
18
48
1
60
0
100
AcDbSpline
70
4
71
3
72
22
73
18
40
0
40
0
40
0
40
0
40
0.125
40
0.125
40
0.25
40
0.25
40
0.375
40
0.375
40
0.5
40
0.5
40
0.625
40
0.625
40
0.75
40
0.75
40
0.875
40
0.875
40
1
40
1
40
1
40
1
41
1
10
28.4319710834835
20
4.80643261643513
30
0
41
1
10
28.1534085627509
20
4.95656194191992
30
0
41
1
10
27.874846042018
20
5.09407491226125
30
0
41
1
10
27.3177210005518
20
5.34171059241129
30
0
41
1
10
27.0391584798185
20
5.45183228220318
30
0
41
1
10
26.4820334383513
20
5.64295560346315
30
0
41
1
10
26.2034709176174
20
5.72395644931547
30
0
41
1
10
25.6463458761492
20
5.85556567886644
30
0
41
1
10
25.3677833554148
20
5.90617352256086
30
0
41
1
10
24.8106583139457
20
5.97620172625872
30
0
41
1
10
24.5320957932108
20
5.99562179812867
30
0
41
1
10
23.9749707517406
20
6.00296929916843
30
0
41
1
10
23.6964082310053
20
5.99089669804957
30
0
41
1
10
23.1392831895341
20
5.93544834756764
30
0
41
1
10
22.8607206687983
20
5.89207282841068
30
0
41
1
10
22.3035956273261
20
5.77469981108476
30
0
41
1
10
22.0250331065897
20
5.70070280045513
30
0
41
1
10
21.7464705858532
20
5.61197587342525
30
0
0
SPLINE
5
1C8
100
AcDbEntity
8
1
62
256
6
ByLayer
370
18
48
1
60
0
100
AcDbSpline
70
4
71
3
72
8
73
4
40
0
40
0
40
0
40
0
40
1
40
1
40
1
40
1
41
1
10
21.7464705858532
20
5.61197587342525
30
0
41
1
10
21.5300008473277
20
5.54306202138409
30
0
41
1
10
21.3135311087865
20
5.46525727543474
30
0
41
1
10
21.09706137023
20
5.37893028148315
30
0
0
SPLINE
5
1C9
100
AcDbEntity
8
1
62
256
6
ByLayer
370
18
48
1
60
0
100
AcDbSpline
70
4
71
3
72
8
73
4
40
0
40
0
40
0
40
0
40
1
40
1
40
1
40
1
41
1
10
21.0187405750577
20
5.34731284279775
30
0
41
1
10
21.0448475067818
20
5.35797534636001
30
0
41
1
10
21.0709544385059
20
5.36851473526005
30
0
41
1
10
21.09706137023
20
5.37893028148315
30
0
0
SPLINE
5
1CA
100
AcDbEntity
8
1
62
256
6
ByLayer
370
18
48
1
60
0
100
AcDbSpline
70
4
71
5
72
41
73
35
40
0
40
0
40
0
40
0
40
0
40
0
40
0.0088059454619217
40
0.0495908970866321
40
0.076780864836439
40
0.117565816461149
40
0.15835076808586
40
0.185540735835667
40
0.212730703585474
40
0.253515655210184
40
0.294300606834895
40
0.321490574584702
40
0.362275526209412
40
0.403060477834123
40
0.430250445583916
40
0.457440413333736
40
0.498225364958447
40
0.539010316583157
40
0.566200284332964
40
0.606985235957675
40
0.634175203707481
40
0.674960155332192
40
0.702150123081999
40
0.742935074706709
40
0.78372002633142
40
0.810909994081227
40
0.851694945705937
40
0.878884913455744
40
0.919669865080454
40
0.946859832830262
40
0.987644784454972
40
1
40
1
40
1
40
1
40
1
40
1
41
1
10
25.1321519582703
20
3.08940035819163
30
0
41
1
10
25.1556936949242
20
3.08159357767255
30
0
41
1
10
25.2882695602523
20
3.03735807129053
30
0
41
1
10
25.4935348446965
20
2.96651218347128
30
0
41
1
10
25.8078342578148
20
2.85258158643276
30
0
41
1
10
26.2311677996072
20
2.68834173563693
30
0
41
1
10
26.7036490238618
20
2.49072131471831
30
0
41
1
10
27.1397855385583
20
2.29719009807334
30
0
41
1
10
27.6122667628129
20
2.07653775247593
30
0
41
1
10
28.0847479870675
20
1.84585323468829
30
0
41
1
10
28.520884501764
20
1.62457274361847
30
0
41
1
10
28.9933657260186
20
1.37700016852204
30
0
41
1
10
29.5021916598313
20
1.1025397623215
30
0
41
1
10
29.9746728840858
20
0.841789132348993
30
0
41
1
10
30.4108093987824
20
0.597340596327598
30
0
41
1
10
30.8832906230369
20
0.329766981205893
30
0
41
1
10
31.3557718472915
20
0.0606001953974271
30
0
41
1
10
31.7919083619881
20
-0.188255096322052
30
0
41
1
10
32.2643895862427
20
-0.456938435831262
30
0
41
1
10
32.7368708104973
20
-0.72315687223039
30
0
41
1
10
33.2093520347519
20
-0.985815483730477
30
0
41
1
10
33.6454885494484
20
-1.22393184190705
30
0
41
1
10
34.117969773703
20
-1.47591392260324
30
0
41
1
10
34.5904509979576
20
-1.72082561130725
30
0
41
1
10
35.0629322222121
20
-1.95662508877939
30
0
41
1
10
35.5354134464667
20
-2.18296761468162
30
0
41
1
10
36.0078946707213
20
-2.39767892316183
30
0
41
1
10
36.4803758949759
20
-2.60075258985145
30
0
41
1
10
36.9165124096724
20
-2.77664960757946
30
0
41
1
10
37.388993633927
20
-2.95374202308758
30
0
41
1
10
37.7854710533859
20
-3.09040546762296
30
0
41
1
10
38.1092590537288
20
-3.19283249573596
30
0
41
1
10
38.3240129253975
20
-3.25658362109866
30
0
41
1
10
38.4660773779501
20
-3.29688683208607
30
0
41
1
10
38.4991077018286
20
-3.30615588607023
30
0
0
SPLINE
5
1CB
100
AcDbEntity
8
1
62
256
6
ByLayer
370
18
48
1
60
0
100
AcDbSpline
70
4
71
3
72
8
73
4
40
0
40
0
40
0
40
0
40
1
40
1
40
1
40
1
41
1
10
57.4011014206456
20
2.48750348690643
30
0
41
1
10
57.4082651465581
20
2.43934421171247
30
0
41
1
10
57.4154309239148
20
2.39079421233146
30
0
41
1
10
57.4225987500893
20
2.34185398898575
30
0
0
SPLINE
5
1CC
100
AcDbEntity
8
1
62
256
6
ByLayer
370
18
48
1
60
0
100
AcDbSpline
70
4
71
3
72
12
73
8
40
0
40
0
40
0
40
0
40
0.250957568833277
40
0.250957568833277
40
0.501915182848598
40
0.501915182848598
40
1
40
1
40
1
40
1
41
1
10
57.4011014206457
20
2.48750348690629
30
0
41
1
10
57.4033129206924
20
2.48553760275618
30
0
41
1
10
57.4055188371023
20
2.48356658852916
30
0
41
1
10
57.4099192351548
20
2.47961421679122
30
0
41
1
10
57.4121137318589
20
2.47763284575151
30
0
41
1
10
57.4186462499363
20
2.47170341773221
30
0
41
1
10
57.422967202619
20
2.46773991619656
30
0
41
1
10
57.4272641290814
20
2.46375542457966
30
0
0
SPLINE
5
1CD
100
AcDbEntity
8
1
62
256
6
ByLayer
370
18
48
1
60
0
100
AcDbSpline
70
4
71
3
72
8
73
4
40
0
40
0
40
0
40
0
40
1
40
1
40
1
40
1
41
1
10
57.422291311697
20
2.33780309650999
30
0
41
1
10
57.4224472700946
20
2.33881024276019
30
0
41
1
10
57.4226044753041
20
2.33980750708435
30
0
41
1
10
57.4227629174515
20
2.34079493327522
30
0
0
SPLINE
5
1CE
100
AcDbEntity
8
1
62
256
6
ByLayer
370
18
48
1
60
0
100
AcDbSpline
70
4
71
3
72
8
73
4
40
0
40
0
40
0
40
0
40
1
40
1
40
1
40
1
41
1
10
57.4011014206456
20
-4.61064883445698
30
0
41
1
10
57.4082138936265
20
-4.64680613394765
30
0
41
1
10
57.4152783380315
20
-4.68271927312878
30
0
41
1
10
57.422291311697
20
-4.71837075325689
30
0
0
SPLINE
5
1CF
100
AcDbEntity
8
1
62
256
6
ByLayer
370
18
48
1
60
0
100
AcDbSpline
70
4
71
3
72
8
73
4
40
0
40
0
40
0
40
0
40
1
40
1
40
1
40
1
41
1
10
57.4011014206456
20
-4.61064883445715
30
0
41
1
10
57.4082651465581
20
-4.65075144773652
30
0
41
1
10
57.4154309239148
20
-4.69029872589434
30
0
41
1
10
57.4225987500892
20
-4.72929137989502
30
0
0
SPLINE
5
1D0
100
AcDbEntity
8
1
62
256
6
ByLayer
370
18
48
1
60
0
100
AcDbSpline
70
4
71
3
72
8
73
4
40
0
40
0
40
0
40
0
40
1
40
1
40
1
40
1
41
1
10
21.7464705854954
20
-3.02565677842205
30
0
41
1
10
21.5300008470446
20
-2.85736782923115
30
0
41
1
10
21.3135311085783
20
-2.68428346880171
30
0
41
1
10
21.0970613700965
20
-2.50722427754215
30
0
0
SPLINE
5
1D1
100
AcDbEntity
8
1
62
256
6
ByLayer
370
18
48
1
60
0
100
AcDbSpline
70
4
71
3
72
8
73
4
40
0
40
0
40
0
40
0
40
1
40
1
40
1
40
1
41
1
10
19.9997323511993
20
-1.57970942178363
30
0
41
1
10
20.3655086908322
20
-1.89743757217815
30
0
41
1
10
20.7312850304647
20
-2.20800716662129
30
0
41
1
10
21.0970613700965
20
-2.50722427754215
30
0
0
SPLINE
5
1D2
100
AcDbEntity
8
1
62
256
6
ByLayer
370
18
48
1
60
0
100
AcDbSpline
70
4
71
3
72
10
73
6
40
0
40
0
40
0
40
0
40
0.5
40
0.5
40
1
40
1
40
1
40
1
41
1
10
57.4480817158888
20
2.31668525491162
30
0
41
1
10
57.4887043010759
20
2.28340757959026
30
0
41
1
10
57.5291572633423
20
2.24921297112161
30
0
41
1
10
57.609895347213
20
2.17906571359816
30
0
41
1
10
57.6501815843206
20
2.14312271009163
30
0
41
1
10
57.6904195847407
20
2.10612580185619
30
0
0
SPLINE
5
1D3
100
AcDbEntity
8
1
62
256
6
ByLayer
370
18
48
1
60
0
100
AcDbSpline
70
4
71
3
72
42
73
38
40
0
40
0
40
0
40
0
40
0.0214498424955077
40
0.0433185903567906
40
0.0656062443538248
40
0.0883128052905185
40
0.111438274004798
40
0.134982651368511
40
0.158945938287578
40
0.18332813570183
40
0.208129244585181
40
0.23334926594549
40
0.258988200824749
40
0.285046050298871
40
0.311522815477906
40
0.338418497505872
40
0.365733097560872
40
0.393466616855042
40
0.421619056634483
40
0.450190418179441
40
0.479180702804027
40
0.508589911856568
40
0.538418046719214
40
0.568665108808347
40
0.599331099574282
40
0.630416020501434
40
0.661919873108368
40
0.693842658947603
40
0.726184379605891
40
0.758945036704007
40
0.792124631896744
40
0.825723166872968
40
0.859740643355609
40
0.89417706310163
40
0.929032427901951
40
0.964306739581705
40
1
40
1
40
1
40
1
41
1
10
57.422403638549
20
2.34109279023602
30
0
41
1
10
57.4142565917481
20
2.34784392405607
30
0
41
1
10
57.3978033901425
20
2.36147803817394
30
0
41
1
10
57.3728849014952
20
2.38208582043004
30
0
41
1
10
57.3474890717193
20
2.4030565650601
30
0
41
1
10
57.321615898929
20
2.42438504235005
30
0
41
1
10
57.2952653836434
20
2.44606974042603
30
0
41
1
10
57.268437525719
20
2.46810803033364
30
0
41
1
10
57.2411323251947
20
2.49049749636774
30
0
41
1
10
57.2133497820592
20
2.5132355676696
30
0
41
1
10
57.1850898963154
20
2.53631961761121
30
0
41
1
10
57.1563526679619
20
2.55974693439589
30
0
41
1
10
57.1271380969987
20
2.58351472706667
30
0
41
1
10
57.0974461834253
20
2.60762012175601
30
0
41
1
10
57.0672769272414
20
2.63206016059567
30
0
41
1
10
57.0366303284468
20
2.65683179987568
30
0
41
1
10
57.0055063870411
20
2.68193190838929
30
0
41
1
10
56.9739051030242
20
2.70735726570848
30
0
41
1
10
56.9418264763955
20
2.73310456046036
30
0
41
1
10
56.9092705071552
20
2.75917038858597
30
0
41
1
10
56.8762371953026
20
2.78555125158806
30
0
41
1
10
56.8427265408378
20
2.81224355476681
30
0
41
1
10
56.8087385437602
20
2.83924360544495
30
0
41
1
10
56.7742732040698
20
2.86654761118433
30
0
41
1
10
56.7393305217663
20
2.894151677986
30
0
41
1
10
56.7039104968494
20
2.92205180851514
30
0
41
1
10
56.6680131293188
20
2.9502439001898
30
0
41
1
10
56.6316384191745
20
2.97872374375774
30
0
41
1
10
56.5947863664161
20
3.00748701998779
30
0
41
1
10
56.5574569710428
20
3.03652930351086
30
0
41
1
10
56.5196502330578
20
3.06584603943963
30
0
41
1
10
56.4813661524474
20
3.09543262351875
30
0
41
1
10
56.4426047292623
20
3.12528408853984
30
0
41
1
10
56.403365963309
20
3.15539628778092
30
0
41
1
10
56.3636498553218
20
3.18576138788487
30
0
41
1
10
56.3234564025095
20
3.21638498818135
30
0
41
1
10
56.2965016690728
20
3.23682172886964
30
0
41
1
10
56.2829447403008
20
3.24710042216469
30
0
0
SPLINE
5
1D4
100
AcDbEntity
8
1
62
256
6
ByLayer
370
18
48
1
60
0
100
AcDbSpline
70
4
71
3
72
10
73
6
40
0
40
0
40
0
40
0
40
0.5
40
0.5
40
1
40
1
40
1
40
1
41
1
10
56.2829447403008
20
3.24710042216466
30
0
41
1
10
55.9718907882948
20
3.48261587335259
30
0
41
1
10
55.6608368362843
20
3.70749738889211
30
0
41
1
10
55.038728932254
20
4.13159580252159
30
0
41
1
10
54.7276749802342
20
4.33080998493898
30
0
41
1
10
54.4166210282099
20
4.51524174486858
30
0
0
SPLINE
5
1D5
100
AcDbEntity
8
1
62
256
6
ByLayer
370
18
48
1
60
0
100
AcDbSpline
70
4
71
3
72
8
73
4
40
0
40
0
40
0
40
0
40
1
40
1
40
1
40
1
41
1
10
54.41662102821
20
4.51524174486852
30
0
41
1
10
54.1764737657909
20
4.6576509847163
30
0
41
1
10
53.9363265033675
20
4.79125643149962
30
0
41
1
10
53.6961792409403
20
4.91527847350221
30
0
0
SPLINE
5
1D6
100
AcDbEntity
8
1
62
256
6
ByLayer
370
18
48
1
60
0
100
AcDbSpline
70
4
71
3
72
10
73
6
40
0
40
0
40
0
40
0
40
0.5
40
0.5
40
1
40
1
40
1
40
1
41
1
10
53.6961792409403
20
4.91527847350199
30
0
41
1
10
53.2654153892718
20
5.13772213507684
30
0
41
1
10
52.8346515376032
20
5.32925467915098
30
0
41
1
10
51.9731238342662
20
5.64333447178407
30
0
41
1
10
51.5423599825976
20
5.76587433158181
30
0
41
1
10
51.1115961309291
20
5.85162271578909
30
0
0
SPLINE
5
1D7
100
AcDbEntity
8
1
62
256
6
ByLayer
370
18
48
1
60
0
100
AcDbSpline
70
4
71
3
72
8
73
4
40
0
40
0
40
0
40
0
40
1
40
1
40
1
40
1
41
1
10
51.1115961309291
20
5.85162271578909
30
0
41
1
10
50.8947480885301
20
5.89477332286569
30
0
41
1
10
50.6779000461274
20
5.92862089831226
30
0
41
1
10
50.4610520037214
20
5.95300451833734
30
0
0
SPLINE
5
1D8
100
AcDbEntity
8
1
62
256
6
ByLayer
370
18
48
1
60
0
100
AcDbSpline
70
4
71
3
72
20
73
16
40
0
40
0
40
0
40
0
40
0.064934352064926
40
0.131866819383905
40
0.200797403349032
40
0.271726105401719
40
0.344652927032576
40
0.419577869781538
40
0.496500935237941
40
0.575422125040152
40
0.656341440875694
40
0.739258884480593
40
0.824174457639475
40
0.911088162185375
40
1
40
1
40
1
40
1
41
1
10
49.8190067677768
20
5.99746944821436
30
0
41
1
10
49.8329037232473
20
5.99708587712831
30
0
41
1
10
49.8611252617512
20
5.99630693197037
30
0
41
1
10
49.9040989974576
20
5.99481033514348
30
0
41
1
10
49.9483556057712
20
5.99302664603232
30
0
41
1
10
49.993895085683
20
5.99091023415195
30
0
41
1
10
50.0407174374753
20
5.98844390212477
30
0
41
1
10
50.0888226610693
20
5.98560169705101
30
0
41
1
10
50.1382107564853
20
5.98235925616524
30
0
41
1
10
50.1888817237239
20
5.97869117196495
30
0
41
1
10
50.2408355627589
20
5.97457077295084
30
0
41
1
10
50.2940722736976
20
5.96997392338588
30
0
41
1
10
50.3485918561222
20
5.964863538429
30
0
41
1
10
50.4043943116484
20
5.95924973197774
30
0
41
1
10
50.4420235630637
20
5.95510196835343
30
0
41
1
10
50.4610520037214
20
5.95300451833734
30
0
0
SPLINE
5
1D9
100
AcDbEntity
8
1
62
256
6
ByLayer
370
18
48
1
60
0
100
AcDbSpline
70
4
71
3
72
8
73
4
40
0
40
0
40
0
40
0
40
1
40
1
40
1
40
1
41
1
10
53.740883884567
20
-5.99971781259248
30
0
41
1
10
53.725983442491
20
-5.99957313619106
30
0
41
1
10
53.7110819450773
20
-5.99938338335906
30
0
41
1
10
53.6961792409532
20
-5.9991485396387
30
0
0
SPLINE
5
1DA
100
AcDbEntity
8
1
62
256
6
ByLayer
370
18
48
1
60
0
100
AcDbSpline
70
4
71
3
72
10
73
6
40
0
40
0
40
0
40
0
40
0.5
40
0.5
40
1
40
1
40
1
40
1
41
1
10
53.6961792409541
20
-5.99914853963858
30
0
41
1
10
53.2654153854493
20
-5.99234628189171
30
0
41
1
10
52.8346515299443
20
-5.94782301035363
30
0
41
1
10
51.9731238189344
20
-5.7849994095688
30
0
41
1
10
51.5423599634294
20
-5.66670291413729
30
0
41
1
10
51.1115961079244
20
-5.51373369799075
30
0
0
SPLINE
5
1DB
100
AcDbEntity
8
1
62
256
6
ByLayer
370
18
48
1
60
0
100
AcDbSpline
70
4
71
3
72
8
73
4
40
0
40
0
40
0
40
0
40
1
40
1
40
1
40
1
41
1
10
51.1115961079263
20
-5.51373369799174
30
0
41
1
10
50.8947288409242
20
-5.43670941736249
30
0
41
1
10
50.6779195181206
20
-5.35093768492052
30
0
41
1
10
50.4610520036847
20
-5.25678405958621
30
0
0
SPLINE
5
1DC
100
AcDbEntity
8
1
62
256
6
ByLayer
370
18
48
1
60
0
100
AcDbSpline
70
4
71
3
72
98
73
94
40
0
40
0
40
0
40
0
40
0.01665360045968
40
0.0327319540441342
40
0.0482350613563227
40
0.063162922974036
40
0.0775155394497977
40
0.0912929113107002
40
0.104495039058145
40
0.117121923167812
40
0.129173564089763
40
0.140649962248532
40
0.15155111804317
40
0.161877031847304
40
0.171627704009105
40
0.1808031348513
40
0.189403324671083
40
0.197428273740172
40
0.204877982304762
40
0.21175245058556
40
0.218051678777769
40
0.223775667051107
40
0.228924415549806
40
0.233497924392611
40
0.237496193672815
40
0.240919223458262
40
0.243767013791398
40
0.246039564689392
40
0.247736876144417
40
0.248858948124705
40
0.249405780581078
40
0.312197878090763
40
0.374978127355766
40
0.43774610864991
40
0.500501401836022
40
0.509112927324611
40
0.51772446955763
40
0.526336028614193
40
0.534947604573433
40
0.543559197514468
40
0.552170807516428
40
0.560782434658436
40
0.569394079019623
40
0.578005740679129
40
0.586617419716112
40
0.595229116209728
40
0.603840830239123
40
0.61245256188344
40
0.62106431122178
40
0.629676078333235
40
0.638287863296855
40
0.64689966619169
40
0.655511487096798
40
0.664123326091232
40
0.672735183254087
40
0.681347058664479
40
0.689958952401567
40
0.698570864544531
40
0.707182795172582
40
0.715794744364931
40
0.724406712200761
40
0.733018698759224
40
0.741630704119457
40
0.750242728360552
40
0.758854771561575
40
0.767466833801593
40
0.776078915159652
40
0.784691015714829
40
0.793303135546181
40
0.801915274732791
40
0.810527433353759
40
0.819139611488167
40
0.827751809215094
40
0.836364026613613
40
0.844976263762815
40
0.853588520741778
40
0.862200797629611
40
0.870813094505424
40
0.879425411448365
40
0.888037748537578
40
0.896650105852205
40
0.90526248347136
40
0.913874881474157
40
0.922487299939669
40
0.931099738946978
40
0.939712198575153
40
0.94832467890326
40
0.95693718001039
40
0.965549701975638
40
0.974162244878118
40
0.982774808796945
40
0.991387393811211
40
1
40
1
40
1
40
1
41
1
10
50.4610520036842
20
-5.25678405958601
30
0
41
1
10
50.4321506344761
20
-5.24415105655368
30
0
41
1
10
50.3753462040455
20
-5.2193214183205
30
0
41
1
10
50.2916369805578
20
-5.1816631174367
30
0
41
1
10
50.2109226529956
20
-5.1446364170408
30
0
41
1
10
50.1332032186424
20
-5.10825565809924
30
0
41
1
10
50.0584786781883
20
-5.07262550923738
30
0
41
1
10
49.9867490314604
20
-5.03782257125278
30
0
41
1
10
49.9180142785036
20
-5.00392545637445
30
0
41
1
10
49.8522744193078
20
-4.97100728249245
30
0
41
1
10
49.7895294538768
20
-4.93913766229568
30
0
41
1
10
49.7297793822112
20
-4.90838230047433
30
0
41
1
10
49.6730242043128
20
-4.87880319197399
30
0
41
1
10
49.6192639201839
20
-4.85045866889462
30
0
41
1
10
49.5684985298274
20
-4.8234034838728
30
0
41
1
10
49.5207280332467
20
-4.79768888249384
30
0
41
1
10
49.4759524304461
20
-4.77336267601649
30
0
41
1
10
49.4341717214314
20
-4.75046931112379
30
0
41
1
10
49.3953859062096
20
-4.72904993707539
30
0
41
1
10
49.3595949847919
20
-4.70914246971759
30
0
41
1
10
49.3267989571881
20
-4.69078165221549
30
0
41
1
10
49.2969978234298
20
-4.67399911179675
30
0
41
1
10
49.270191583505
20
-4.65882341360498
30
0
41
1
10
49.2463802375837
20
-4.64528010708159
30
0
41
1
10
49.2255637853407
20
-4.63339177828539
30
0
41
1
10
49.207742228071
20
-4.62317806590775
30
0
41
1
10
49.192915562569
20
-4.61465576631107
30
0
41
1
10
49.1810837986439
20
-4.60783866479258
30
0
41
1
10
49.1722469134031
20
-4.60273808149495
30
0
41
1
10
49.1664049629667
20
-4.59936162091898
30
0
41
1
10
49.0545323361768
20
-4.53468576679307
30
0
41
1
10
48.8356260106702
20
-4.40451294998101
30
0
41
1
10
48.5087559616708
20
-4.19933649871473
30
0
41
1
10
48.1819555183558
20
-3.98405935435665
30
0
41
1
10
47.9491626422657
20
-3.82382673700124
30
0
41
1
10
47.8103704748924
20
-3.7261012759721
30
0
41
1
10
47.7655375008439
20
-3.69436561233721
30
0
41
1
10
47.7207044593831
20
-3.66246278736332
30
0
41
1
10
47.6758712650255
20
-3.63039428797677
30
0
41
1
10
47.6310379406768
20
-3.59816155114106
30
0
41
1
10
47.5862044801994
20
-3.56576603664655
30
0
41
1
10
47.5413708852379
20
-3.53320920752273
30
0
41
1
10
47.4965371553516
20
-3.50049253520328
30
0
41
1
10
47.4517032906588
20
-3.46761749805833
30
0
41
1
10
47.4068692911277
20
-3.43458558170434
30
0
41
1
10
47.362035156767
20
-3.40139827883732
30
0
41
1
10
47.3172008875745
20
-3.36805708919402
30
0
41
1
10
47.2723664835507
20
-3.33456351947728
30
0
41
1
10
47.2275319446957
20
-3.30091908328828
30
0
41
1
10
47.1826972710093
20
-3.26712530105678
30
0
41
1
10
47.1378624624917
20
-3.23318369997185
30
0
41
1
10
47.0930275191429
20
-3.19909581391229
30
0
41
1
10
47.0481924409628
20
-3.16486318337761
30
0
41
1
10
47.0033572279514
20
-3.13048735541807
30
0
41
1
10
46.9585218801089
20
-3.09596988356594
30
0
41
1
10
46.9136863974351
20
-3.06131232776562
30
0
41
1
10
46.8688507799301
20
-3.02651625430445
30
0
41
1
10
46.8240150275941
20
-2.99158323574329
30
0
41
1
10
46.7791791404271
20
-2.95651485084727
30
0
41
1
10
46.734343118429
20
-2.92131268451507
30
0
41
1
10
46.6895069616002
20
-2.88597832770608
30
0
41
1
10
46.6446706699405
20
-2.85051337736729
30
0
41
1
10
46.5998342434499
20
-2.81491943636047
30
0
41
1
10
46.5549976821285
20
-2.77919811338904
30
0
41
1
10
46.5101609859765
20
-2.74335102292508
30
0
41
1
10
46.4653241549935
20
-2.70737978513662
30
0
41
1
10
46.4204871891798
20
-2.67128602581425
30
0
41
1
10
46.3756500885352
20
-2.63507137629858
30
0
41
1
10
46.33081285306
20
-2.59873747340683
30
0
41
1
10
46.285975482754
20
-2.56228595936022
30
0
41
1
10
46.2411379776173
20
-2.52571848171087
30
0
41
1
10
46.19630033765
20
-2.48903669326825
30
0
41
1
10
46.1514625628522
20
-2.45224225202404
30
0
41
1
10
46.1066246532237
20
-2.41533682107683
30
0
41
1
10
46.0617866087646
20
-2.37832206855691
30
0
41
1
10
46.0169484294749
20
-2.3411996675506
30
0
41
1
10
45.9721101153547
20
-2.30397129602534
30
0
41
1
10
45.9272716664039
20
-2.26663863675412
30
0
41
1
10
45.8824330826226
20
-2.22920337724022
30
0
41
1
10
45.8375943640109
20
-2.19166720964248
30
0
41
1
10
45.7927555105688
20
-2.15403183069304
30
0
41
1
10
45.7479165222963
20
-2.11629894164096
30
0
41
1
10
45.7030773991935
20
-2.07847024809504
30
0
41
1
10
45.6582381412604
20
-2.04054746024457
30
0
41
1
10
45.6133987484968
20
-2.0025322916693
30
0
41
1
10
45.5685592209034
20
-1.96442646341498
30
0
41
1
10
45.5237195584774
20
-1.92623168841638
30
0
41
1
10
45.47887976123
20
-1.88794972926598
30
0
41
1
10
45.4340398291188
20
-1.84958218225108
30
0
41
1
10
45.3891997623021
20
-1.81113128297511
30
0
41
1
10
45.34435956019
20
-1.77259689936076
30
0
41
1
10
45.2995192249835
20
-1.73398775358984
30
0
41
1
10
45.2696256108128
20
-1.70818231015212
30
0
41
1
10
45.2546787853537
20
-1.69527957257222
30
0
0
SPLINE
5
1DD
100
AcDbEntity
8
1
62
256
6
ByLayer
370
18
48
1
60
0
100
AcDbSpline
70
4
71
3
72
10
73
6
40
0
40
0
40
0
40
0
40
0.5
40
0.5
40
1
40
1
40
1
40
1
41
1
10
45.2546787853526
20
-1.69527957257131
30
0
41
1
10
45.0687124191239
20
-1.53465369552347
30
0
41
1
10
44.8828869852288
20
-1.37219009937772
30
0
41
1
10
44.5109468386784
20
-1.04419002038674
30
0
41
1
10
44.3251207284936
20
-0.878908260213478
30
0
41
1
10
44.1391531464308
20
-0.712652947162439
30
0
0
SPLINE
5
1DE
100
AcDbEntity
8
1
62
256
6
ByLayer
370
18
48
1
60
0
100
AcDbSpline
70
4
71
3
72
10
73
6
40
0
40
0
40
0
40
0
40
0.5
40
0.5
40
1
40
1
40
1
40
1
41
1
10
44.1391531464311
20
-0.71265294716278
30
0
41
1
10
43.8857859099622
20
-0.486130968160722
30
0
41
1
10
43.6324186734922
20
-0.258063468660708
30
0
41
1
10
43.1256842005501
20
0.198200885545788
30
0
41
1
10
42.8723169640782
20
0.426396453755387
30
0
41
1
10
42.6189497276052
20
0.653173750306877
30
0
0
SPLINE
5
1DF
100
AcDbEntity
8
1
62
256
6
ByLayer
370
18
48
1
60
0
100
AcDbSpline
70
4
71
5
72
18
73
12
40
0
40
0
40
0
40
0
40
0
40
0
40
0.178183077535626
40
0.298828557867688
40
0.479796778365781
40
0.660764998863875
40
0.781410479195998
40
0.902055959527999
40
1
40
1
40
1
40
1
40
1
40
1
41
1
10
41.7410066875324
20
1.43104641637657
30
0
41
1
10
41.6336506194332
20
1.5249205106156
30
0
41
1
10
41.453605132218
20
1.68157689727826
30
0
41
1
10
41.1645255163286
20
1.93077722734191
30
0
41
1
10
40.7664117717652
20
2.2679854227043
30
0
41
1
10
40.2956086080856
20
2.65486372769476
30
0
41
1
10
39.859472093389
20
3.00141033433454
30
0
41
1
10
39.4370132935309
20
3.32395796965918
30
0
41
1
10
39.1235886223469
20
3.55396588153428
30
0
41
1
10
38.9191980798371
20
3.6997137256748
30
0
41
1
10
38.7874969564434
20
3.79178971514352
30
0
41
1
10
38.7284852521657
20
3.83267075431874
30
0
0
SPLINE
5
1E0
100
AcDbEntity
8
1
62
256
6
ByLayer
370
18
48
1
60
0
100
AcDbSpline
70
4
71
5
72
19
73
13
40
0
40
0
40
0
40
0
40
0
40
0
40
0.0715768908686346
40
0.227590510477099
40
0.331599590216075
40
0.48761320982454
40
0.643626829433004
40
0.74763590917198
40
0.851644988910957
40
1
40
1
40
1
40
1
40
1
40
1
41
1
10
38.7284848771684
20
3.83267367438515
30
0
41
1
10
38.6784615269721
20
3.86732795883557
30
0
41
1
10
38.5194040481017
20
3.97665852023346
30
0
41
1
10
38.2876571501152
20
4.13191635116755
30
0
41
1
10
37.9468761234546
20
4.35117013306686
30
0
41
1
10
37.4970609681198
20
4.62193035497381
30
0
41
1
10
37.0245797438652
20
4.88180875043585
30
0
41
1
10
36.5884432291687
20
5.09991628449043
30
0
41
1
10
36.1213144203562
20
5.30904881446756
30
0
41
1
10
35.7632197402179
20
5.45020514020919
30
0
41
1
10
35.5141591887537
20
5.53882319149005
30
0
41
1
10
35.3377880564055
20
5.59669571633702
30
0
41
1
10
35.2341063431736
20
5.62901330830187
30
0
0
SPLINE
5
1E1
100
AcDbEntity
8
1
62
256
6
ByLayer
370
18
48
1
60
0
100
AcDbSpline
70
4
71
3
72
10
73
6
40
0
40
0
40
0
40
0
40
0.5
40
0.5
40
1
40
1
40
1
40
1
41
1
10
35.2341063431736
20
5.62901330830187
30
0
41
1
10
34.98234975312
20
5.70748464542862
30
0
41
1
10
34.7305931630664
20
5.77389084970713
30
0
41
1
10
34.2270799829592
20
5.88172159204694
30
0
41
1
10
33.9753233929056
20
5.92314583360377
30
0
41
1
10
33.7235668028518
20
5.95181340222615
30
0
0
SPLINE
5
1E2
100
AcDbEntity
8
1
62
256
6
ByLayer
370
18
48
1
60
0
100
AcDbSpline
70
4
71
3
72
10
73
6
40
0
40
0
40
0
40
0
40
0.5
40
0.5
40
1
40
1
40
1
40
1
41
1
10
33.7235668028518
20
5.95181340222615
30
0
41
1
10
33.3836374628306
20
5.99052696094071
30
0
41
1
10
33.0437081228089
20
6.0059629053238
30
0
41
1
10
32.3638494427656
20
5.98991913329218
30
0
41
1
10
32.0239201027433
20
5.95843956133638
30
0
41
1
10
31.6839907627212
20
5.9038695482871
30
0
0
SPLINE
5
1E3
100
AcDbEntity
8
1
62
256
6
ByLayer
370
18
48
1
60
0
100
AcDbSpline
70
4
71
3
72
8
73
4
40
0
40
0
40
0
40
0
40
1
40
1
40
1
40
1
41
1
10
22.541323226934
20
3.43126440187064
30
0
41
1
10
22.2763723465607
20
3.62696095463988
30
0
41
1
10
22.0114214661872
20
3.81451008526511
30
0
41
1
10
21.7464705858133
20
3.99258043052546
30
0
0
SPLINE
5
1E4
100
AcDbEntity
8
1
62
256
6
ByLayer
370
18
48
1
60
0
100
AcDbSpline
70
4
71
3
72
8
73
4
40
0
40
0
40
0
40
0
40
1
40
1
40
1
40
1
41
1
10
21.7464705858133
20
3.99258043052546
30
0
41
1
10
21.530000847235
20
4.13808707910553
30
0
41
1
10
21.3135311086413
20
4.27727128752196
30
0
41
1
10
21.0970613700319
20
4.40947285991319
30
0
0
SPLINE
5
1E5
100
AcDbEntity
8
1
62
256
6
ByLayer
370
18
48
1
60
0
100
AcDbSpline
70
4
71
3
72
8
73
4
40
0
40
0
40
0
40
0
40
1
40
1
40
1
40
1
41
1
10
19.9997323511993
20
5.01683400622642
30
0
41
1
10
20.3655086908108
20
4.83618834264198
30
0
41
1
10
20.7312850304215
20
4.63281925583652
30
0
41
1
10
21.0970613700319
20
4.40947285991319
30
0
0
SPLINE
5
1E6
100
AcDbEntity
8
1
62
256
6
ByLayer
370
18
48
1
60
0
100
AcDbSpline
70
4
71
3
72
10
73
6
40
0
40
0
40
0
40
0
40
0.5
40
0.5
40
1
40
1
40
1
40
1
41
1
10
33.7235668027021
20
-5.26114647506486
30
0
41
1
10
33.3836374626776
20
-5.11400626106035
30
0
41
1
10
33.043708122653
20
-4.94629092423696
30
0
41
1
10
32.363849442603
20
-4.57362402524717
30
0
41
1
10
32.0239201025778
20
-4.36867586443154
30
0
41
1
10
31.6839907625524
20
-4.14750448355144
30
0
0
SPLINE
5
1E7
100
AcDbEntity
8
1
62
256
6
ByLayer
370
18
48
1
60
0
100
AcDbSpline
70
4
71
3
72
14
73
10
40
0
40
0
40
0
40
0
40
0.25
40
0.25
40
0.5
40
0.5
40
0.75
40
0.75
40
1
40
1
40
1
40
1
41
1
10
31.6839907625524
20
-4.14750448355144
30
0
41
1
10
31.4129891225745
20
-3.97117665343865
30
0
41
1
10
31.1419874825967
20
-3.7845473157152
30
0
41
1
10
30.599984202641
20
-3.39345750141425
30
0
41
1
10
30.328982562663
20
-3.18899846961904
30
0
41
1
10
29.7869792827074
20
-2.7652888372107
30
0
41
1
10
29.5159776427294
20
-2.54603980239807
30
0
41
1
10
28.9739743627735
20
-2.09600963695243
30
0
41
1
10
28.7029727227956
20
-1.86523016831478
30
0
41
1
10
28.4319710828176
20
-1.63040011000015
30
0
0
SPLINE
5
1E8
100
AcDbEntity
8
1
62
256
6
ByLayer
370
18
48
1
60
0
100
AcDbSpline
70
4
71
3
72
14
73
10
40
0
40
0
40
0
40
0
40
0.25
40
0.25
40
0.5
40
0.5
40
0.75
40
0.75
40
1
40
1
40
1
40
1
41
1
10
28.4319710828176
20
-1.63040011000015
30
0
41
1
10
28.014238784831
20
-1.26842223977275
30
0
41
1
10
27.596506486844
20
-0.896814082478443
30
0
41
1
10
26.7610418908688
20
-0.147411030750987
30
0
41
1
10
26.3433095928806
20
0.230368265747444
30
0
41
1
10
25.507844996903
20
0.978791533506325
30
0
41
1
10
25.090112698914
20
1.34941992785369
30
0
41
1
10
24.2546481029339
20
2.070471031616
30
0
41
1
10
23.8369158049437
20
2.42087873421917
30
0
41
1
10
23.4191835069526
20
2.75500472130719
30
0
0
SPLINE
5
1E9
100
AcDbEntity
8
1
62
256
6
ByLayer
370
18
48
1
60
0
100
AcDbSpline
70
4
71
3
72
98
73
94
40
0
40
0
40
0
40
0
40
0.0166536004596181
40
0.032731954044016
40
0.0482350613561503
40
0.0631629229738064
40
0.0775155394495265
40
0.0912929113103915
40
0.104495039057796
40
0.117121923167432
40
0.129173564089361
40
0.140649962248102
40
0.151551118042723
40
0.161877031846844
40
0.171627704008639
40
0.180803134850826
40
0.189403324670611
40
0.197428273739701
40
0.204877982304306
40
0.211752450585114
40
0.218051678777341
40
0.223775667050702
40
0.228924415549424
40
0.233497924392262
40
0.237496193672498
40
0.240919223457987
40
0.243767013791168
40
0.246039564689209
40
0.247736876144286
40
0.248858948124629
40
0.249405780581068
40
0.312197878090707
40
0.374978127355656
40
0.437746108649743
40
0.500501401835793
40
0.509112927324386
40
0.517724469557407
40
0.526336028613974
40
0.534947604573218
40
0.54355919751425
40
0.552170807516216
40
0.560782434658222
40
0.569394079019412
40
0.578005740678926
40
0.586617419715913
40
0.595229116209529
40
0.603840830238931
40
0.612452561883246
40
0.621064311221593
40
0.629676078333051
40
0.638287863296671
40
0.646899666191512
40
0.655511487096624
40
0.664123326091059
40
0.672735183253921
40
0.681347058664319
40
0.689958952401407
40
0.698570864544371
40
0.707182795172429
40
0.715794744364779
40
0.724406712200611
40
0.733018698759083
40
0.741630704119318
40
0.750242728360413
40
0.758854771561447
40
0.767466833801466
40
0.776078915159535
40
0.784691015714706
40
0.793303135546061
40
0.80191527473268
40
0.81052743335365
40
0.819139611488064
40
0.827751809214995
40
0.83636402661352
40
0.844976263762728
40
0.853588520741697
40
0.862200797629529
40
0.87081309450535
40
0.879425411448296
40
0.888037748537513
40
0.896650105852145
40
0.905262483471308
40
0.913874881474103
40
0.922487299939628
40
0.931099738946937
40
0.939712198575116
40
0.948324678903228
40
0.956937180010362
40
0.965549701975616
40
0.974162244878104
40
0.982774808796936
40
0.991387393811201
40
1
40
1
40
1
40
1
41
1
10
50.4610520036559
20
0.816531222818924
30
0
41
1
10
50.4321506344467
20
0.842298927140092
30
0
41
1
10
50.375346204014
20
0.892944270512203
30
0
41
1
10
50.2916369805232
20
0.967397655552929
30
0
41
1
10
50.2109226529581
20
1.03905151990088
30
0
41
1
10
50.133203218602
20
1.10790003490905
30
0
41
1
10
50.0584786781451
20
1.17395371540005
30
0
41
1
10
49.9867490314145
20
1.23722077896153
30
0
41
1
10
49.9180142784551
20
1.29771160623056
30
0
41
1
10
49.8522744192569
20
1.35543736396647
30
0
41
1
10
49.7895294538233
20
1.41041011350563
30
0
41
1
10
49.7297793821555
20
1.46264255590671
30
0
41
1
10
49.6730242042549
20
1.51214787937135
30
0
41
1
10
49.6192639201239
20
1.5589395919742
30
0
41
1
10
49.5684985297654
20
1.60303136895749
30
0
41
1
10
49.5207280331828
20
1.64443690723374
30
0
41
1
10
49.4759524303804
20
1.68316978886287
30
0
41
1
10
49.434171721364
20
1.71924335299076
30
0
41
1
10
49.3953859061406
20
1.75267057630006
30
0
41
1
10
49.3595949847213
20
1.78346396186583
30
0
41
1
10
49.3267989571161
20
1.81163543638686
30
0
41
1
10
49.2969978233565
20
1.83719625559473
30
0
41
1
10
49.2701915834305
20
1.8601569181715
30
0
41
1
10
49.2463802375079
20
1.88052708680417
30
0
41
1
10
49.2255637852641
20
1.89831552038714
30
0
41
1
10
49.2077422279934
20
1.91353000471113
30
0
41
1
10
49.1929155624905
20
1.92617731916957
30
0
41
1
10
49.1810837985647
20
1.93626313079892
30
0
41
1
10
49.1722469133233
20
1.94379211170695
30
0
41
1
10
49.1664049628863
20
1.94876752771893
30
0
41
1
10
49.054532336093
20
2.04403193010893
30
0
41
1
10
48.8356260105758
20
2.22888870136578
30
0
41
1
10
48.5087559615642
20
2.49952438933224
30
0
41
1
10
48.1819555182361
20
2.76408244865797
30
0
41
1
10
47.9491626421368
20
2.94778019535499
30
0
41
1
10
47.810370474758
20
3.05553851600587
30
0
41
1
10
47.7655375007076
20
3.09020862194305
30
0
41
1
10
47.720704459245
20
3.1247387601251
30
0
41
1
10
47.6758712648856
20
3.15912749178506
30
0
41
1
10
47.6310379405351
20
3.19337322881125
30
0
41
1
10
47.5862044800558
20
3.22747443126022
30
0
41
1
10
47.5413708850925
20
3.26142955452212
30
0
41
1
10
47.4965371552044
20
3.29523706356568
30
0
41
1
10
47.4517032905097
20
3.32889542920995
30
0
41
1
10
47.4068692909768
20
3.36240312921154
30
0
41
1
10
47.3620351566143
20
3.39575864806184
30
0
41
1
10
47.3172008874199
20
3.42896047712958
30
0
41
1
10
47.2723664833944
20
3.46200711470988
30
0
41
1
10
47.2275319445374
20
3.49489706609543
30
0
41
1
10
47.1826972708493
20
3.52762884364157
30
0
41
1
10
47.1378624623298
20
3.56020096683309
30
0
41
1
10
47.0930275189791
20
3.5926119623503
30
0
41
1
10
47.0481924407972
20
3.6248603641356
30
0
41
1
10
47.0033572277841
20
3.65694471345978
30
0
41
1
10
46.9585218799396
20
3.68886355898829
30
0
41
1
10
46.913686397264
20
3.72061545684781
30
0
41
1
10
46.8688507797573
20
3.75219897069255
30
0
41
1
10
46.8240150274194
20
3.78361267177058
30
0
41
1
10
46.7791791402504
20
3.81485513899028
30
0
41
1
10
46.7343431182507
20
3.84592495898556
30
0
41
1
10
46.6895069614199
20
3.8768207261773
30
0
41
1
10
46.6446706697584
20
3.90754104283545
30
0
41
1
10
46.5998342432661
20
3.93808451914055
30
0
41
1
10
46.5549976819428
20
3.96844977324588
30
0
41
1
10
46.5101609857888
20
3.99863543133895
30
0
41
1
10
46.4653241548041
20
4.02864012770365
30
0
41
1
10
46.4204871889885
20
4.05846250478163
30
0
41
1
10
46.3756500883422
20
4.08810121323469
30
0
41
1
10
46.3308128528651
20
4.11755491200609
30
0
41
1
10
46.2859754825573
20
4.14682226838272
30
0
41
1
10
46.2411379774188
20
4.17590195805695
30
0
41
1
10
46.1963003374496
20
4.20479266518768
30
0
41
1
10
46.1514625626499
20
4.23349308245898
30
0
41
1
10
46.1066246530196
20
4.26200191113833
30
0
41
1
10
46.0617866085586
20
4.29031786113501
30
0
41
1
10
46.0169484292671
20
4.3184396510585
30
0
41
1
10
45.972110115145
20
4.34636600827679
30
0
41
1
10
45.9272716661924
20
4.37409566897492
30
0
41
1
10
45.8824330824093
20
4.40162737821237
30
0
41
1
10
45.8375943637957
20
4.42895988998532
30
0
41
1
10
45.7927555103518
20
4.45609196726457
30
0
41
1
10
45.7479165220775
20
4.48302238211022
30
0
41
1
10
45.7030773989729
20
4.50974991550066
30
0
41
1
10
45.6582381410378
20
4.5362733582256
30
0
41
1
10
45.6133987482724
20
4.56259150780932
30
0
41
1
10
45.5685592206772
20
4.58870318024944
30
0
41
1
10
45.5237195582493
20
4.61460716646215
30
0
41
1
10
45.4788797610001
20
4.6403023950885
30
0
41
1
10
45.4340398288871
20
4.66578732514523
30
0
41
1
10
45.3891997620685
20
4.69106221294814
30
0
41
1
10
45.3443595599546
20
4.71612065206358
30
0
41
1
10
45.2995192247462
20
4.7409811470103
30
0
41
1
10
45.2696256105743
20
4.75737321441577
30
0
41
1
10
45.2546787851146
20
4.76556925819366
30
0
0
SPLINE
5
1EA
100
AcDbEntity
8
1
62
256
6
ByLayer
370
18
48
1
60
0
100
AcDbSpline
70
4
71
3
72
8
73
4
40
0
40
0
40
0
40
0
40
1
40
1
40
1
40
1
41
1
10
45.2546787851146
20
4.76556925819366
30
0
41
1
10
44.8828369054753
20
4.96902206631907
30
0
41
1
10
44.5109950257774
20
5.15016966322952
30
0
41
1
10
44.139153146021
20
5.30648307776542
30
0
0
SPLINE
5
1EB
100
AcDbEntity
8
1
62
256
6
ByLayer
370
18
48
1
60
0
100
AcDbSpline
70
4
71
3
72
10
73
6
40
0
40
0
40
0
40
0
40
0.5
40
0.5
40
1
40
1
40
1
40
1
41
1
10
44.139153146021
20
5.30648307776545
30
0
41
1
10
43.8430354056854
20
5.43091483827953
30
0
41
1
10
43.5469176653484
20
5.53960386387371
30
0
41
1
10
42.9546821846719
20
5.72357021800761
30
0
41
1
10
42.6585644443322
20
5.79884657836905
30
0
41
1
10
42.3624467039912
20
5.85674914163351
30
0
0
SPLINE
5
1EC
100
AcDbEntity
8
1
62
256
6
ByLayer
370
18
48
1
60
0
100
AcDbSpline
70
4
71
5
72
17
73
11
40
0
40
0
40
0
40
0
40
0
40
0
40
0.035746143004132
40
0.290087786105135
40
0.459648881505803
40
0.713990524606806
40
0.883551620007474
40
1
40
1
40
1
40
1
40
1
40
1
41
1
10
40.2189882499641
20
5.96837156146177
30
0
41
1
10
40.2343123215884
20
5.96978632004027
30
0
41
1
10
40.3586705218868
20
5.98094722142923
30
0
41
1
10
40.5557181413013
20
5.99451319855305
30
0
41
1
10
40.8617998893899
20
6.0054178728397
30
0
41
1
10
41.2405710565947
20
5.99931862725103
30
0
41
1
10
41.653938595769
20
5.96730439640075
30
0
41
1
10
41.9582720062692
20
5.92818745955796
30
0
41
1
10
42.1899159976533
20
5.88948695446183
30
0
41
1
10
42.3125258603633
20
5.86651726754116
30
0
41
1
10
42.3624463039572
20
5.85675432764674
30
0
0
SPLINE
5
1ED
100
AcDbEntity
8
1
62
256
6
ByLayer
370
18
48
1
60
0
100
AcDbSpline
70
4
71
3
72
42
73
38
40
0
40
0
40
0
40
0
40
0.0214498424954995
40
0.0433185903568012
40
0.065606244353854
40
0.0883128052905695
40
0.11143827400486
40
0.134982651368608
40
0.158945938287659
40
0.183328135701914
40
0.208129244585276
40
0.233349265945604
40
0.25898820082485
40
0.285046050298989
40
0.311522815478037
40
0.338418497506024
40
0.365733097561006
40
0.393466616855156
40
0.421619056634637
40
0.450190418179556
40
0.479180702804176
40
0.508589911856674
40
0.538418046719332
40
0.568665108808465
40
0.599331099574397
40
0.630416020501551
40
0.661919873108473
40
0.693842658947716
40
0.726184379606014
40
0.758945036704081
40
0.792124631896794
40
0.82572316687303
40
0.859740643355668
40
0.894177063101671
40
0.929032427901977
40
0.964306739581696
40
1
40
1
40
1
40
1
41
1
10
57.4224036385489
20
-4.73007846480283
30
0
41
1
10
57.414256591748
20
-4.72556030544527
30
0
41
1
10
57.3978033901425
20
-4.71643574919656
30
0
41
1
10
57.3728849014952
20
-4.70253418314684
30
0
41
1
10
57.3474890717194
20
-4.68830368862561
30
0
41
1
10
57.3216158989291
20
-4.67373462558007
30
0
41
1
10
57.2952653836435
20
-4.65882495845014
30
0
41
1
10
57.2684375257192
20
-4.64357049673359
30
0
41
1
10
57.2411323251949
20
-4.62796758600601
30
0
41
1
10
57.2133497820596
20
-4.61201236852006
30
0
41
1
10
57.1850898963158
20
-4.59570098855321
30
0
41
1
10
57.1563526679624
20
-4.57902953775803
30
0
41
1
10
57.1271380969992
20
-4.56199407209317
30
0
41
1
10
57.0974461834259
20
-4.54459060911955
30
0
41
1
10
57.0672769272421
20
-4.52681513074455
30
0
41
1
10
57.0366303284475
20
-4.50866358452058
30
0
41
1
10
57.0055063870419
20
-4.49013188539286
30
0
41
1
10
56.9739051030251
20
-4.47121591737695
30
0
41
1
10
56.9418264763966
20
-4.45191153530922
30
0
41
1
10
56.9092705071563
20
-4.43221456663053
30
0
41
1
10
56.8762371953038
20
-4.41212081321652
30
0
41
1
10
56.842726540839
20
-4.39162605325018
30
0
41
1
10
56.8087385437616
20
-4.37072604313951
30
0
41
1
10
56.7742732040712
20
-4.34941651948205
30
0
41
1
10
56.7393305217678
20
-4.32769320106468
30
0
41
1
10
56.703910496851
20
-4.30555179095157
30
0
41
1
10
56.6680131293206
20
-4.28298797845792
30
0
41
1
10
56.6316384191763
20
-4.25999744178483
30
0
41
1
10
56.594786366418
20
-4.23657584836451
30
0
41
1
10
56.5574569710448
20
-4.21271886415113
30
0
41
1
10
56.51965023306
20
-4.18842212910207
30
0
41
1
10
56.4813661524497
20
-4.16368136150268
30
0
41
1
10
56.4426047292647
20
-4.13849197253353
30
0
41
1
10
56.4033659633116
20
-4.11285054319305
30
0
41
1
10
56.3636498553244
20
-4.08674922218407
30
0
41
1
10
56.3234564025123
20
-4.06019702724456
30
0
41
1
10
56.2965016690757
20
-4.04226415728067
30
0
41
1
10
56.2829447403037
20
-4.03324479000142
30
0
0
SPLINE
5
1EE
100
AcDbEntity
8
1
62
256
6
ByLayer
370
18
48
1
60
0
100
AcDbSpline
70
4
71
3
72
10
73
6
40
0
40
0
40
0
40
0
40
0.5
40
0.5
40
1
40
1
40
1
40
1
41
1
10
56.2829447403037
20
-4.03324479000142
30
0
41
1
10
55.9718907883591
20
-3.82586625625226
30
0
41
1
10
55.66083683641
20
-3.60528689334021
30
0
41
1
10
55.0387289325026
20
-3.14203998406669
30
0
41
1
10
54.7276749805443
20
-2.89937540390724
30
0
41
1
10
54.4166210285814
20
-2.64804231292681
30
0
0
SPLINE
5
1EF
100
AcDbEntity
8
1
62
256
6
ByLayer
370
18
48
1
60
0
100
AcDbSpline
70
4
71
3
72
8
73
4
40
0
40
0
40
0
40
0
40
1
40
1
40
1
40
1
41
1
10
33.0189588746163
20
1.43045014565985
30
0
41
1
10
33.2538281840004
20
1.22507053643636
30
0
41
1
10
33.4886974933843
20
1.01702361226859
30
0
41
1
10
33.7235668027682
20
0.807470477453336
30
0
0
SPLINE
5
1F0
100
AcDbEntity
8
1
62
256
6
ByLayer
370
18
48
1
60
0
100
AcDbSpline
70
4
71
3
72
8
73
4
40
0
40
0
40
0
40
0
40
1
40
1
40
1
40
1
41
1
10
32.140912359115
20
2.18363248992958
30
0
41
1
10
31.9886051602734
20
2.3113666590821
30
0
41
1
10
31.8362979614318
20
2.4373891004463
30
0
41
1
10
31.6839907625901
20
2.56140376038107
30
0
0
SPLINE
5
1F1
100
AcDbEntity
8
1
62
256
6
ByLayer
370
18
48
1
60
0
100
AcDbSpline
70
4
71
3
72
14
73
10
40
0
40
0
40
0
40
0
40
0.25
40
0.25
40
0.5
40
0.5
40
0.75
40
0.75
40
1
40
1
40
1
40
1
41
1
10
31.6839907625901
20
2.56140376038107
30
0
41
1
10
31.4129891226646
20
2.7820629297722
30
0
41
1
10
31.1419874827392
20
2.99635871743345
30
0
41
1
10
30.5999842028881
20
3.40904078092217
30
0
41
1
10
30.3289825629626
20
3.60742553543858
30
0
41
1
10
29.7869792831115
20
3.985336055517
30
0
41
1
10
29.5159776431859
20
4.16486042922168
30
0
41
1
10
28.9739743633347
20
4.50238109043636
30
0
41
1
10
28.702972723409
20
4.66037613414974
30
0
41
1
10
28.4319710834835
20
4.80643261643513
30
0
0
SPLINE
5
1F2
100
AcDbEntity
8
1
62
256
6
ByLayer
370
18
48
1
60
0
100
AcDbSpline
70
4
71
1
72
4
73
2
40
0
40
0
40
1
40
1
41
1
10
57.9720693205721
20
-4.56866251271188
30
0
41
1
10
57.9729704008886
20
-4.58263550154336
30
0
0
SPLINE
5
1F3
100
AcDbEntity
8
1
62
256
6
ByLayer
370
18
48
1
60
0
100
AcDbSpline
70
4
71
1
72
4
73
2
40
0
40
0
40
1
40
1
41
1
10
57.972069320573
20
1.72976477503596
30
0
41
1
10
57.9729704008891
20
1.73551614441794
30
0
0
SPLINE
5
1F4
100
AcDbEntity
8
1
62
256
6
ByLayer
370
18
48
1
60
0
100
AcDbSpline
70
4
71
1
72
4
73
2
40
0
40
0
40
1
40
1
41
1
10
57.9720693205727
20
5.46827093560554
30
0
41
1
10
57.9729704008887
20
5.48527584273387
30
0
0
SPLINE
5
1F5
100
AcDbEntity
8
1
62
256
6
ByLayer
370
18
48
1
60
0
100
AcDbSpline
70
4
71
3
72
8
73
4
40
0
40
0
40
0
40
0
40
1
40
1
40
1
40
1
41
1
10
18
20
5.49952144893555
30
0
41
1
10
18
20
5.49699149617197
30
0
41
1
10
18
20
5.49438433832853
30
0
41
1
10
18
20
5.49170008862501
30
0
0
SPLINE
5
1F6
100
AcDbEntity
8
1
62
256
6
ByLayer
370
18
48
1
60
0
100
AcDbSpline
70
4
71
1
72
4
73
2
40
0
40
0
40
1
40
1
41
1
10
57.9720693205719
20
-4.4519639780251
30
0
41
1
10
57.9729704008877
20
-4.46602559877206
30
0
0
SPLINE
5
1F7
100
AcDbEntity
8
1
62
256
6
ByLayer
370
18
48
1
60
0
100
AcDbSpline
70
4
71
3
72
8
73
4
40
0
40
0
40
0
40
0
40
1
40
1
40
1
40
1
41
1
10
18
20
-5.42838504270978
30
0
41
1
10
18
20
-5.43573189310359
30
0
41
1
10
18
20
-5.44300787583069
30
0
41
1
10
18
20
-5.45021271303747
30
0
0
SPLINE
5
1F8
100
AcDbEntity
8
1
62
256
6
ByLayer
370
18
48
1
60
0
100
AcDbSpline
70
4
71
3
72
14
73
10
40
0
40
0
40
0
40
0
40
0.307585889014735
40
0.307585889014735
40
0.615171778029471
40
0.615171778029471
40
0.922757667044206
40
0.922757667044206
40
1
40
1
40
1
40
1
41
1
10
18.0000000000001
20
5.49952144893552
30
0
41
1
10
17.9117158340578
20
5.54005183578113
30
0
41
1
10
17.8248877120916
20
5.57450552639762
30
0
41
1
10
17.6540926472105
20
5.6312277028008
30
0
41
1
10
17.5701490715666
20
5.65349839905559
30
0
41
1
10
17.405095816507
20
5.68558405770997
30
0
41
1
10
17.3239843578207
20
5.69540116675449
30
0
41
1
10
17.224342647577
20
5.69956427571236
30
0
41
1
10
17.204434962661
20
5.69999004073523
30
0
41
1
10
17.1846191738662
20
5.69999997233768
30
0
0
SPLINE
5
1F9
100
AcDbEntity
8
1
62
256
6
ByLayer
370
18
48
1
60
0
100
AcDbSpline
70
4
71
3
72
56
73
52
40
0
40
0
40
0
40
0
40
0.125000000000006
40
0.125000000000006
40
0.156250000000007
40
0.156250000000007
40
0.187500000000008
40
0.187500000000008
40
0.250000000000007
40
0.250000000000007
40
0.312500000000006
40
0.312500000000006
40
0.375000000000005
40
0.375000000000005
40
0.437500000000004
40
0.437500000000004
40
0.468750000000003
40
0.468750000000003
40
0.484375000000002
40
0.484375000000002
40
0.500000000000002
40
0.500000000000002
40
0.562499999999998
40
0.562499999999998
40
0.593749999999996
40
0.593749999999996
40
0.609374999999995
40
0.609374999999995
40
0.624999999999994
40
0.624999999999994
40
0.687499999999991
40
0.687499999999991
40
0.718749999999989
40
0.718749999999989
40
0.734374999999989
40
0.734374999999989
40
0.749999999999989
40
0.749999999999989
40
0.812499999999988
40
0.812499999999988
40
0.82812499999999
40
0.82812499999999
40
0.843749999999991
40
0.874999999999993
40
0.906249999999996
40
0.906249999999996
40
0.921874999999995
40
0.921874999999995
40
0.937499999999994
40
0.937499999999994
40
1
40
1
40
1
40
1
41
1
10
15.4350770883827
20
-5.69887967402309
30
0
41
1
10
15.3323469999182
20
-5.70163769821144
30
0
41
1
10
15.2321467576146
20
-5.69936935000754
30
0
41
1
10
15.1113970877213
20
-5.68954871743992
30
0
41
1
10
15.0874688739451
20
-5.68723204843553
30
0
41
1
10
15.0402797595435
20
-5.68189226507758
30
0
41
1
10
15.016998642364
20
-5.67886781321863
30
0
41
1
10
14.9481742575859
20
-5.66870540709002
30
0
41
1
10
14.9036452435789
20
-5.66048036370148
30
0
41
1
10
14.8178120344571
20
-5.64095352034457
30
0
41
1
10
14.7765054444155
20
-5.62965259589973
30
0
41
1
10
14.6978094144452
20
-5.60372572385847
30
0
41
1
10
14.6604156875092
20
-5.58910130203864
30
0
41
1
10
14.5905117293059
20
-5.55617183262061
30
0
41
1
10
14.5579931505833
20
-5.53786968087115
30
0
41
1
10
14.5139423328398
20
-5.50726167475781
30
0
41
1
10
14.5000507986864
20
-5.49653163820344
30
0
41
1
10
14.4805891105757
20
-5.47957652103335
30
0
41
1
10
14.474331597753
20
-5.47378131104929
30
0
41
1
10
14.4623136341929
20
-5.46189011726352
30
0
41
1
10
14.4565470180624
20
-5.45578601637968
30
0
41
1
10
14.42922663853
20
-5.42467127656153
30
0
41
1
10
14.4120471895788
20
-5.39777558348891
30
0
41
1
10
14.3951771154721
20
-5.35418030584415
30
0
41
1
10
14.3910443153767
20
-5.3391055617864
30
0
41
1
10
14.3874099290495
20
-5.31563591408201
30
0
41
1
10
14.3866264573502
20
-5.30765218194145
30
0
41
1
10
14.3859842779807
20
-5.29148189468137
30
0
41
1
10
14.386123794725
20
-5.28330545597905
30
0
41
1
10
14.3892099525468
20
-5.24198301508142
30
0
41
1
10
14.3992815229684
20
-5.20751254164523
30
0
41
1
10
14.427872433322
20
-5.15403837346832
30
0
41
1
10
14.4396576590396
20
-5.13591960207373
30
0
41
1
10
14.4610736271387
20
-5.10835334177952
30
0
41
1
10
14.468786774969
20
-5.09916670894015
30
0
41
1
10
14.485267410236
20
-5.08091801716117
30
0
41
1
10
14.4940477326259
20
-5.07183928665705
30
0
41
1
10
14.5406220430184
20
-5.02671010058751
30
0
41
1
10
14.586409177128
20
-4.99145292388181
30
0
41
1
10
14.6541118811056
20
-4.94901409137489
30
0
41
1
10
14.6682083079518
20
-4.94059055626445
30
0
41
1
10
14.69731239679
20
-4.92400110162009
30
0
41
1
10
14.7421348165263
20
-4.89961281549205
30
0
41
1
10
14.8223751762154
20
-4.86142128697696
30
0
41
1
10
14.8919832625277
20
-4.83345690825038
30
0
41
1
10
14.9460810426404
20
-4.81345030633784
30
0
41
1
10
14.9644673933041
20
-4.80692988291514
30
0
41
1
10
15.0016571819086
20
-4.79427726615421
30
0
41
1
10
15.0204346467284
20
-4.7881525375864
30
0
41
1
10
15.1151780105349
20
-4.75849534140343
30
0
41
1
10
15.1936887976751
20
-4.737845645704
30
0
41
1
10
15.2744060939744
20
-4.71989570821231
30
0
0
SPLINE
5
1FA
100
AcDbEntity
8
1
62
256
6
ByLayer
370
18
48
1
60
0
100
AcDbSpline
70
4
71
3
72
28
73
24
40
0
40
0
40
0
40
0
40
0.0624999999999926
40
0.0624999999999926
40
0.093749999999981
40
0.093749999999981
40
0.124999999999969
40
0.124999999999969
40
0.249999999999956
40
0.249999999999956
40
0.312499999999949
40
0.312499999999949
40
0.374999999999943
40
0.374999999999943
40
0.499999999999945
40
0.499999999999945
40
0.624999999999947
40
0.624999999999947
40
0.687499999999956
40
0.687499999999956
40
0.749999999999965
40
0.749999999999965
40
1
40
1
40
1
40
1
41
1
10
15.2744060939791
20
-4.71989570821123
30
0
41
1
10
15.2987237502094
20
-4.71448794024477
30
0
41
1
10
15.3236152951268
20
-4.71012095992003
30
0
41
1
10
15.3616732375116
20
-4.70489864597573
30
0
41
1
10
15.3744801108338
20
-4.70338049998801
30
0
41
1
10
15.4003197794837
20
-4.70076266294322
30
0
41
1
10
15.4133884163115
20
-4.69966123396665
30
0
41
1
10
15.4785851393785
20
-4.69518744310392
30
0
41
1
10
15.5305997465353
20
-4.69480207393806
30
0
41
1
10
15.6084651812058
20
-4.69773386952667
30
0
41
1
10
15.6343936907025
20
-4.69930752653201
30
0
41
1
10
15.686202452606
20
-4.70352821609998
30
0
41
1
10
15.7121001050635
20
-4.70618197422831
30
0
41
1
10
15.788644268867
20
-4.71547002938127
30
0
41
1
10
15.838541040945
20
-4.7234454708512
30
0
41
1
10
15.9364652395703
20
-4.74222620799821
30
0
41
1
10
15.9844883003578
20
-4.75303840615658
30
0
41
1
10
16.0552681461108
20
-4.77105197833734
30
0
41
1
10
16.0786512226201
20
-4.77735730867772
30
0
41
1
10
16.1250121100479
20
-4.79052838089919
30
0
41
1
10
16.1478841546898
20
-4.79736483907615
30
0
41
1
10
16.2603378569376
20
-4.83253811270203
30
0
41
1
10
16.3447645590464
20
-4.86393408321078
30
0
41
1
10
16.4244659609628
20
-4.89750093655141
30
0
0
SPLINE
5
1FB
100
AcDbEntity
8
1
62
256
6
ByLayer
370
18
48
1
60
0
100
AcDbSpline
70
4
71
3
72
28
73
24
40
0
40
0
40
0
40
0
40
0.124999999999998
40
0.124999999999998
40
0.249999999999995
40
0.249999999999995
40
0.374999999999993
40
0.374999999999993
40
0.437499999999992
40
0.437499999999992
40
0.468749999999992
40
0.468749999999992
40
0.499999999999991
40
0.499999999999991
40
0.624999999999993
40
0.624999999999993
40
0.749999999999995
40
0.749999999999995
40
0.874999999999998
40
0.874999999999998
40
0.937499999999999
40
0.937499999999999
40
1
40
1
40
1
40
1
41
1
10
18
20
-5.42838504270929
30
0
41
1
10
17.9117158340578
20
-5.38135883351114
30
0
41
1
10
17.824887712091
20
-5.32844354899501
30
0
41
1
10
17.65409264721
20
-5.2108211108654
30
0
41
1
10
17.5701490715656
20
-5.14610911320321
30
0
41
1
10
17.4050958165061
20
-5.0046579992534
30
0
41
1
10
17.3239843578203
20
-4.92792133312878
30
0
41
1
10
17.2045217679745
20
-4.80341985129041
30
0
41
1
10
17.1650668009299
20
-4.76035161519064
30
0
41
1
10
17.1064284276208
20
-4.69333535040835
30
0
41
1
10
17.0869726491275
20
-4.67059425312644
30
0
41
1
10
17.0482460093388
20
-4.62429370313615
30
0
41
1
10
17.0290005393503
20
-4.60076361807862
30
0
41
1
10
16.9336244199043
20
-4.48152844190898
30
0
41
1
10
16.8598041062971
20
-4.38077553770998
30
0
41
1
10
16.7169908068487
20
-4.16850373307329
30
0
41
1
10
16.6479815423469
20
-4.05699037246234
30
0
41
1
10
16.5148423638557
20
-3.82291691685254
30
0
41
1
10
16.4506540137814
20
-3.70037830481729
30
0
41
1
10
16.3585599555884
20
-3.50774354140665
30
0
41
1
10
16.3285772221777
20
-3.44205244310444
30
0
41
1
10
16.2699596853894
20
-3.30764748081413
30
0
41
1
10
16.2413300869959
20
-3.23893112753243
30
0
41
1
10
16.2131533551079
20
-3.16872877068349
30
0
0
SPLINE
5
1FC
100
AcDbEntity
8
1
62
256
6
ByLayer
370
18
48
1
60
0
100
AcDbSpline
70
4
71
1
72
4
73
2
40
0
40
0
40
1
40
1
41
1
10
57.9720693205728
20
1.92398029310328
30
0
41
1
10
57.9729704008878
20
1.92958415681125
30
0
0
SPLINE
5
1FD
100
AcDbEntity
8
1
62
256
6
ByLayer
370
18
48
1
60
0
100
AcDbSpline
70
4
71
3
72
8
73
4
40
0
40
0
40
0
40
0
40
1
40
1
40
1
40
1
41
1
10
18
20
0.27436305942561
30
0
41
1
10
18
20
0.257046972901179
30
0
41
1
10
18
20
0.239717712101879
30
0
41
1
10
18
20
0.222375963016759
30
0
0
SPLINE
5
1FE
100
AcDbEntity
8
1
62
256
6
ByLayer
370
18
48
1
60
0
100
AcDbSpline
70
4
71
2
72
6
73
3
40
0
40
0
40
0
40
1
40
1
40
1
41
1
10
16.4302170644207
20
3.72381898668402
30
0
41
1
10
16.3216852097643
20
3.74015029425044
30
0
41
1
10
16.2131533551079
20
3.75648160181683
30
0
0
SPLINE
5
1FF
100
AcDbEntity
8
1
62
256
6
ByLayer
370
18
48
1
60
0
100
AcDbSpline
70
4
71
3
72
28
73
24
40
0
40
0
40
0
40
0
40
0.124999999999999
40
0.124999999999999
40
0.249999999999999
40
0.249999999999999
40
0.374999999999998
40
0.374999999999998
40
0.437499999999998
40
0.437499999999998
40
0.468749999999999
40
0.468749999999999
40
0.5
40
0.5
40
0.625
40
0.625
40
0.750000000000001
40
0.750000000000001
40
0.875000000000001
40
0.875000000000001
40
0.937500000000001
40
0.937500000000001
40
1
40
1
40
1
40
1
41
1
10
18
20
0.274363059425497
30
0
41
1
10
17.9117158340578
20
0.428362175731735
30
0
41
1
10
17.8248877120916
20
0.581867764485537
30
0
41
1
10
17.6540926472105
20
0.88785942252423
30
0
41
1
10
17.5701490715661
20
1.04035787085684
30
0
41
1
10
17.4050958165066
20
1.34426625671529
30
0
41
1
10
17.3239843578207
20
1.49567572283956
30
0
41
1
10
17.2045217679748
20
1.72193404467006
30
0
41
1
10
17.1650668009303
20
1.79720957660925
30
0
41
1
10
17.1064284276211
20
1.90989015900721
30
0
41
1
10
17.0869726491278
20
1.94741136942329
30
0
41
1
10
17.0482460093391
20
2.02237516463714
30
0
41
1
10
17.0290005393506
20
2.05976890609435
30
0
41
1
10
16.9336244199045
20
2.24579066212399
30
0
41
1
10
16.8598041062974
20
2.39207214103882
30
0
41
1
10
16.7169908068489
20
2.67945950510895
30
0
41
1
10
16.647981542347
20
2.82056013518374
30
0
41
1
10
16.5148423638558
20
3.09740844656835
30
0
41
1
10
16.4506540137815
20
3.23313844188996
30
0
41
1
10
16.3585599555885
20
3.43262244202751
30
0
41
1
10
16.3285772221778
20
3.49843564319457
30
0
41
1
10
16.2699596853895
20
3.62860462641115
30
0
41
1
10
16.241330086996
20
3.6929615587886
30
0
41
1
10
16.2131533551079
20
3.75648160181683
30
0
0
SPLINE
5
200
100
AcDbEntity
8
1
62
256
6
ByLayer
370
18
48
1
60
0
100
AcDbSpline
70
4
71
3
72
17
73
13
40
0
40
0
40
0
40
0
40
0.249999999999999
40
0.249999999999999
40
0.374999999999999
40
0.374999999999999
40
0.499999999999999
40
0.624999999999999
40
0.624999999999999
40
0.749999999999999
40
0.749999999999999
40
1
40
1
40
1
40
1
41
1
10
20
20
-1.57994920668665
30
0
41
1
10
19.9198010731552
20
-1.50422610477455
30
0
41
1
10
19.840652284498
20
-1.42772630156423
30
0
41
1
10
19.7228711615093
20
-1.31246358609917
30
0
41
1
10
19.683750375972
20
-1.27393900558857
30
0
41
1
10
19.6057969121928
20
-1.19690266195778
30
0
41
1
10
19.5284023080349
20
-1.12014757950064
30
0
41
1
10
19.4519176766421
20
-1.04419609453558
30
0
41
1
10
19.3757843912881
20
-0.968783237855348
30
0
41
1
10
19.3378603963188
20
-0.93131374662326
30
0
41
1
10
19.2251657277103
20
-0.82065475669944
30
0
41
1
10
19.1512525956321
20
-0.74896932969088
30
0
41
1
10
19.0781267205059
20
-0.680220883911005
30
0
0
SPLINE
5
201
100
AcDbEntity
8
1
62
256
6
ByLayer
370
18
48
1
60
0
100
AcDbSpline
70
4
71
3
72
12
73
8
40
0
40
0
40
0
40
0
40
0.5
40
0.5
40
0.75
40
0.75
40
1
40
1
40
1
40
1
41
1
10
19.0781267205059
20
-0.680220883910778
30
0
41
1
10
18.8977212170919
20
-0.532670202064395
30
0
41
1
10
18.7178219984993
20
-0.38349464428677
30
0
41
1
10
18.4483876197592
20
-0.157700196287436
30
0
41
1
10
18.3586452664421
20
-0.0820963415677909
30
0
41
1
10
18.1792431428069
20
0.0697234029245521
30
0
41
1
10
18.089533517644
20
0.145981990159584
30
0
41
1
10
18
20
0.222375963016731
30
0
0
SPLINE
5
202
100
AcDbEntity
8
1
62
256
6
ByLayer
370
18
48
1
60
0
100
AcDbSpline
70
4
71
3
72
10
73
6
40
0
40
0
40
0
40
0
40
0.5
40
0.5
40
1
40
1
40
1
40
1
41
1
10
16.4254958003483
20
1.54962152815958
30
0
41
1
10
16.6884291266667
20
1.33318361693893
30
0
41
1
10
16.9505879334764
20
1.11376944980498
30
0
41
1
10
17.4749078668719
20
0.670803973761082
30
0
41
1
10
17.7370666752782
20
0.447249981956702
30
0
41
1
10
18
20
0.222512500213781
30
0
0
SPLINE
5
203
100
AcDbEntity
8
1
62
256
6
ByLayer
370
18
48
1
60
0
100
AcDbSpline
70
4
71
3
72
17
73
13
40
0
40
0
40
0
40
0
40
0.250000000000012
40
0.250000000000012
40
0.375000000000006
40
0.375000000000006
40
0.500000000000001
40
0.624999999999995
40
0.624999999999995
40
0.74999999999999
40
0.74999999999999
40
1
40
1
40
1
40
1
41
1
10
20
20
5.01671535360745
30
0
41
1
10
19.9198010731552
20
5.04508389355999
30
0
41
1
10
19.840652284498
20
5.067849530844
30
0
41
1
10
19.7228711615094
20
5.09341118534869
30
0
41
1
10
19.683750375972
20
5.10049769605178
30
0
41
1
10
19.6057969121928
20
5.11167681536489
30
0
41
1
10
19.5284025717587
20
5.11982577059808
30
0
41
1
10
19.4519176766421
20
5.12173005944376
30
0
41
1
10
19.3757843912881
20
5.12035767251371
30
0
41
1
10
19.3378603963188
20
5.11802435062808
30
0
41
1
10
19.2251657277103
20
5.10588710100015
30
0
41
1
10
19.1512525956321
20
5.0910141635446
30
0
41
1
10
19.0781267205059
20
5.06835100806086
30
0
0
SPLINE
5
204
100
AcDbEntity
8
1
62
256
6
ByLayer
370
18
48
1
60
0
100
AcDbSpline
70
4
71
3
72
8
73
4
40
0
40
0
40
0
40
0
40
1
40
1
40
1
40
1
41
1
10
18
20
5.49170008862501
30
0
41
1
10
18
20
5.48968412144902
30
0
41
1
10
18
20
5.48766747219344
30
0
41
1
10
18
20
5.48565013905872
30
0
0
SPLINE
5
205
100
AcDbEntity
8
1
62
256
6
ByLayer
370
18
48
1
60
0
100
AcDbSpline
70
4
71
3
72
10
73
6
40
0
40
0
40
0
40
0
40
0.5
40
0.5
40
1
40
1
40
1
40
1
41
1
10
16.4254958003483
20
5.69570330896843
30
0
41
1
10
16.6884291266667
20
5.68697219925613
30
0
41
1
10
16.9505879334764
20
5.66497617790014
30
0
41
1
10
17.4749078668719
20
5.59486415210253
30
0
41
1
10
17.7370666752782
20
5.54674772322954
30
0
41
1
10
18
20
5.48565013905875
30
0
0
SPLINE
5
206
100
AcDbEntity
8
1
62
256
6
ByLayer
370
18
48
1
60
0
100
AcDbSpline
70
4
71
3
72
8
73
4
40
0
40
0
40
0
40
0
40
1
40
1
40
1
40
1
41
1
10
51.3408009666298
20
0.0269320175231371
30
0
41
1
10
51.2643993470198
20
0.0957245331840397
30
0
41
1
10
51.1879977274098
20
0.164511745834091
30
0
41
1
10
51.1115961077998
20
0.233252971799828
30
0
0
SPLINE
5
207
100
AcDbEntity
8
1
62
256
6
ByLayer
370
18
48
1
60
0
100
AcDbSpline
70
4
71
3
72
8
73
4
40
0
40
0
40
0
40
0
40
1
40
1
40
1
40
1
41
1
10
51.1115961078008
20
0.233252971798919
30
0
41
1
10
50.8947480730894
20
0.428360576406732
30
0
41
1
10
50.6779000383744
20
0.62309554900699
30
0
41
1
10
50.4610520036559
20
0.816531222818952
30
0
0
SPLINE
5
208
100
AcDbEntity
8
1
62
256
6
ByLayer
370
18
48
1
60
0
100
AcDbSpline
70
4
71
3
72
17
73
13
40
0
40
0
40
0
40
0
40
0.250000000000022
40
0.250000000000022
40
0.375000000000022
40
0.375000000000022
40
0.500000000000022
40
0.625000000000022
40
0.625000000000022
40
0.750000000000022
40
0.750000000000022
40
1
40
1
40
1
40
1
41
1
10
20
20
-5.99993463766154
30
0
41
1
10
19.9198010731552
20
-5.98538255634736
30
0
41
1
10
19.840652284498
20
-5.9646951821928
30
0
41
1
10
19.7228711615093
20
-5.9246492845802
30
0
41
1
10
19.683750375972
20
-5.90978481921454
30
0
41
1
10
19.6057969121928
20
-5.87702251827594
30
0
41
1
10
19.5284023080349
20
-5.84134364251045
30
0
41
1
10
19.4519176766421
20
-5.79978287145278
30
0
41
1
10
19.3757843912881
20
-5.75520254552788
30
0
41
1
10
19.3378603963188
20
-5.73137518823705
30
0
41
1
10
19.2251657277103
20
-5.65567738570894
30
0
41
1
10
19.1512525956321
20
-5.59952001201287
30
0
41
1
10
19.0781267205059
20
-5.53713253730589
30
0
0
SPLINE
5
209
100
AcDbEntity
8
1
62
256
6
ByLayer
370
18
48
1
60
0
100
AcDbSpline
70
4
71
3
72
10
73
6
40
0
40
0
40
0
40
0
40
0.5
40
0.5
40
1
40
1
40
1
40
1
41
1
10
16.4254958003482
20
-4.897335196673
30
0
41
1
10
16.6884291266667
20
-5.01241450990978
30
0
41
1
10
16.9505879334764
20
-5.11572592565597
30
0
41
1
10
17.4749078668718
20
-5.29818960682829
30
0
41
1
10
17.7370666752781
20
-5.3773429775934
30
0
41
1
10
18
20
-5.44398998502956
30
0
0
SPLINE
5
20A
100
AcDbEntity
8
1
62
256
6
ByLayer
370
18
48
1
60
0
100
AcDbSpline
70
4
71
1
72
4
73
2
40
0
40
0
40
1
40
1
41
1
10
19.3136977661533
20
5.44273288182239
30
0
41
1
10
19.0781267205059
20
5.33315225855279
30
0
0
SPLINE
5
20B
100
AcDbEntity
8
1
62
256
6
ByLayer
370
18
48
1
60
0
100
AcDbSpline
70
4
71
1
72
4
73
2
40
0
40
0
40
1
40
1
41
1
10
17.9980172550574
20
0.226379858753319
30
0
41
1
10
17.9185847040197
20
0.29336731210563
30
0
0
SPLINE
5
20C
100
AcDbEntity
8
1
62
256
6
ByLayer
370
18
48
1
60
0
100
AcDbSpline
70
4
71
2
72
6
73
3
40
0
40
0
40
0
40
1
40
1
40
1
41
1
10
57.8115996157812
20
-5.23579195070994
30
0
41
1
10
57.8159994145211
20
-5.21936030802584
30
0
41
1
10
57.8203992132611
20
-5.20292866534174
30
0
0
SPLINE
5
20D
100
AcDbEntity
8
1
62
256
6
ByLayer
370
18
48
1
60
0
100
AcDbSpline
70
4
71
2
72
6
73
3
40
0
40
0
40
0
40
1
40
1
40
1
41
1
10
57.8319477704236
20
-5.15979901873189
30
0
41
1
10
57.8936437578225
20
-4.92938702039007
30
0
41
1
10
57.9553397452213
20
-4.69897502204822
30
0
0
SPLINE
5
20E
100
AcDbEntity
8
1
62
256
6
ByLayer
370
18
48
1
60
0
100
AcDbSpline
70
4
71
3
72
13
73
9
40
0
40
0
40
0
40
0
40
0.263716833305349
40
0.436756118959235
40
0.516517773369745
40
0.635821734316535
40
0.796314153445226
40
1
40
1
40
1
40
1
41
1
10
54.9797040327106
20
-5.90832661994901
30
0
41
1
10
55.1282471359746
20
-5.89634480449649
30
0
41
1
10
55.3875727665844
20
-5.87327640153296
30
0
41
1
10
55.721125730903
20
-5.83761348600299
30
0
41
1
10
55.9714645700144
20
-5.81146222598432
30
0
41
1
10
56.2116922118051
20
-5.78660062893044
30
0
41
1
10
56.5355086789629
20
-5.7535937351808
30
0
41
1
10
56.7793246142187
20
-5.72894988580137
30
0
41
1
10
56.9157450930167
20
-5.71525363363173
30
0
0
SPLINE
5
20F
100
AcDbEntity
8
1
62
256
6
ByLayer
370
18
48
1
60
0
100
AcDbSpline
70
4
71
3
72
14
73
10
40
0
40
0
40
0
40
0
40
0.218343395797106
40
0.377484432776976
40
0.478094899859551
40
0.557049244434957
40
0.662781905394454
40
0.803421847580198
40
1
40
1
40
1
40
1
41
1
10
20.7775673026291
20
-5.95585486491038
30
0
41
1
10
20.9448674190888
20
-5.93765126464615
30
0
41
1
10
21.2340735649124
20
-5.90632061922344
30
0
41
1
10
21.6005904812124
20
-5.86698724308789
30
0
41
1
10
21.8598698429839
20
-5.83922608057799
30
0
41
1
10
22.0781399238609
20
-5.81592293899027
30
0
41
1
10
22.3275428926808
20
-5.78943198255752
30
0
41
1
10
22.6669699462424
20
-5.75412865216006
30
0
41
1
10
22.9252462241881
20
-5.72822750652509
30
0
41
1
10
23.0757594469525
20
-5.71344233234768
30
0
0
SPLINE
5
210
100
AcDbEntity
8
1
62
256
6
ByLayer
370
18
48
1
60
0
100
AcDbSpline
70
4
71
3
72
12
73
8
40
0
40
0
40
0
40
0
40
0.278804414588895
40
0.46831419675885
40
0.58891856876466
40
0.766015511337634
40
1
40
1
40
1
40
1
41
1
10
45.8646759620684
20
-5.95958474563378
30
0
41
1
10
46.080960274411
20
-5.93608233952878
30
0
41
1
10
46.4444160314841
20
-5.89690790455157
30
0
41
1
10
46.9028662106264
20
-5.84804873905577
30
0
41
1
10
47.2808884612606
20
-5.80829845783467
30
0
41
1
10
47.6942150264535
20
-5.76530108828959
30
0
41
1
10
48.0137220790541
20
-5.73276746177464
30
0
41
1
10
48.1956518279284
20
-5.71445016952265
30
0
0
SPLINE
5
211
100
AcDbEntity
8
1
62
256
6
ByLayer
370
18
48
1
60
0
100
AcDbSpline
70
4
71
1
72
4
73
2
40
0
40
0
40
1
40
1
41
1
10
19.0781267205059
20
5.33308195169153
30
0
41
1
10
17.5027080140246
20
5.66653046124793
30
0
0
SPLINE
5
212
100
AcDbEntity
8
1
62
256
6
ByLayer
370
18
48
1
60
0
100
AcDbSpline
70
4
71
3
72
13
73
9
40
0
40
0
40
0
40
0
40
0.218934694756476
40
0.383971541477832
40
0.494825699939002
40
0.607192453960453
40
0.775551313033977
40
1
40
1
40
1
40
1
41
1
10
37.8727026837404
20
-5.95601606390264
30
0
41
1
10
38.0406004974372
20
-5.93770036448228
30
0
41
1
10
38.3350566160552
20
-5.90579118334855
30
0
41
1
10
38.7144558482995
20
-5.86505733206238
30
0
41
1
10
39.0122089585889
20
-5.83349143394088
30
0
41
1
10
39.3125632193822
20
-5.801698953026
30
0
41
1
10
39.6999733586151
20
-5.76083934649461
30
0
41
1
10
40.0012734899062
20
-5.73013878144585
30
0
41
1
10
40.1734414620545
20
-5.71285785627566
30
0
0
SPLINE
5
213
100
AcDbEntity
8
1
62
256
6
ByLayer
370
18
48
1
60
0
100
AcDbSpline
70
4
71
3
72
12
73
8
40
0
40
0
40
0
40
0
40
0.233080946708393
40
0.400570360695466
40
0.506472788560075
40
0.70354958109025
40
1
40
1
40
1
40
1
41
1
10
29.4993435727624
20
-5.95596773399856
30
0
41
1
10
29.6779634059009
20
-5.93650775362892
30
0
41
1
10
29.9849108973663
20
-5.90325182317986
30
0
41
1
10
30.3731326810666
20
-5.86159248046889
30
0
41
1
10
30.733444571551
20
-5.823182528953
30
0
41
1
10
31.1925728427484
20
-5.77454689477361
30
0
41
1
10
31.5707419054654
20
-5.73618223324215
30
0
41
1
10
31.797946534293
20
-5.71361207493041
30
0
0
SPLINE
5
214
100
AcDbEntity
8
1
62
256
6
ByLayer
370
18
48
1
60
0
100
AcDbSpline
70
4
71
2
72
6
73
3
40
0
40
0
40
0
40
1
40
1
40
1
41
1
10
57.9648308508744
20
1.95778607811292
30
0
41
1
10
57.8974094775116
20
2.43409838613775
30
0
41
1
10
57.8299881041487
20
2.91041069416258
30
0
0
SPLINE
5
215
100
AcDbEntity
8
1
62
256
6
ByLayer
370
18
48
1
60
0
100
AcDbSpline
70
4
71
3
72
14
73
10
40
0
40
0
40
0
40
0
40
0.172465333853022
40
0.313593701629031
40
0.423312300892818
40
0.501565455950631
40
0.612340688579009
40
0.77842285401416
40
1
40
1
40
1
40
1
41
1
10
27.262347851845
20
5.71339403366258
30
0
41
1
10
27.1301525353629
20
5.72681223316877
30
0
41
1
10
26.8897704299284
20
5.75135397144498
30
0
41
1
10
26.5652492622283
20
5.78480237841558
30
0
41
1
10
26.3129463109974
20
5.81106954800265
30
0
41
1
10
26.0839133047486
20
5.83512185901898
30
0
41
1
10
25.8117051859854
20
5.86407247126064
30
0
41
1
10
25.4296248735862
20
5.9053696824096
30
0
41
1
10
25.1324271072777
20
5.93757328743973
30
0
41
1
10
24.9625472153755
20
5.95607010784883
30
0
0
SPLINE
5
216
100
AcDbEntity
8
1
62
256
6
ByLayer
370
18
48
1
60
0
100
AcDbSpline
70
4
71
3
72
14
73
10
40
0
40
0
40
0
40
0
40
0.227807772437579
40
0.391989015346236
40
0.494901866559048
40
0.572724396229093
40
0.676602197769382
40
0.804628060372372
40
1
40
1
40
1
40
1
41
1
10
52.7330023424205
20
5.71369299757538
30
0
41
1
10
52.5572379932233
20
5.73131479757353
30
0
41
1
10
52.2548513162344
20
5.76203388753862
30
0
41
1
10
51.8732026236485
20
5.80169123475631
30
0
41
1
10
51.6072518928005
20
5.82972818343899
30
0
41
1
10
51.3876326746552
20
5.85306995318743
30
0
41
1
10
51.1488364664787
20
5.87860629112276
30
0
41
1
10
50.8192017461343
20
5.91408524202527
30
0
41
1
10
50.5699444733749
20
5.94114352565427
30
0
41
1
10
50.4194018474714
20
5.95757101850313
30
0
0
SPLINE
5
217
100
AcDbEntity
8
1
62
256
6
ByLayer
370
18
48
1
60
0
100
AcDbSpline
70
4
71
3
72
8
73
4
40
0
40
0
40
0
40
0
40
1
40
1
40
1
40
1
41
1
10
35.5183849627746
20
1.21782774351195
30
0
41
1
10
35.5495547868096
20
1.19156692114126
30
0
41
1
10
35.5806022460555
20
1.16523127639655
30
0
41
1
10
35.6115072418458
20
1.13883244619413
30
0
0
SPLINE
5
218
100
AcDbEntity
8
1
62
256
6
ByLayer
370
18
48
1
60
0
100
AcDbSpline
70
4
71
1
72
4
73
2
40
0
40
0
40
1
40
1
41
1
10
35.6115072418458
20
1.13883244619413
30
0
41
1
10
35.6692238877501
20
1.09111051533284
30
0
0
SPLINE
5
219
100
AcDbEntity
8
1
62
256
6
ByLayer
370
18
48
1
60
0
100
AcDbSpline
70
4
71
3
72
13
73
9
40
0
40
0
40
0
40
0
40
0.210287965315118
40
0.365014206118284
40
0.464390174822807
40
0.534281454428837
40
0.729139969722586
40
1
40
1
40
1
40
1
41
1
10
35.9850022268253
20
5.7134406002414
30
0
41
1
10
35.8237708970445
20
5.72979090861352
30
0
41
1
10
35.5439022768199
20
5.75838742353443
30
0
41
1
10
35.1878098089293
20
5.79507757580456
30
0
41
1
10
34.9393842487532
20
5.82110026063952
30
0
41
1
10
34.6602058524157
20
5.85068923588273
30
0
41
1
10
34.2495454051385
20
5.89481167765939
30
0
41
1
10
33.8924386696051
20
5.93348165794399
30
0
41
1
10
33.6847383855824
20
5.95613606581054
30
0
0
SPLINE
5
21A
100
AcDbEntity
8
1
62
256
6
ByLayer
370
18
48
1
60
0
100
AcDbSpline
70
4
71
3
72
14
73
10
40
0
40
0
40
0
40
0
40
0.22038026373761
40
0.386081554251146
40
0.496596348537852
40
0.574550653534185
40
0.68440423018214
40
0.826201589391512
40
1
40
1
40
1
40
1
41
1
10
44.0111664071848
20
5.71362143929486
30
0
41
1
10
43.840365121207
20
5.73026094213458
30
0
41
1
10
43.5411669977421
20
5.76014221904674
30
0
41
1
10
43.1564192370737
20
5.80072473308746
30
0
41
1
10
42.882007712397
20
5.82991231540225
30
0
41
1
10
42.6508292671185
20
5.8546236001288
30
0
41
1
10
42.3953798783996
20
5.8820025640415
30
0
41
1
10
42.0656493527628
20
5.91739191500452
30
0
41
1
10
41.8211340390103
20
5.94392013192078
30
0
41
1
10
41.6864956321663
20
5.95859137335609
30
0
0
SPLINE
5
21B
100
AcDbEntity
8
1
62
256
6
ByLayer
370
18
48
1
60
0
100
AcDbSpline
70
4
71
1
72
4
73
2
40
0
40
0
40
1
40
1
41
1
10
50.4662266212329
20
0.81336995596746
30
0
41
1
10
50.3995331600671
20
0.872037797454652
30
0
0
SPLINE
5
21C
100
AcDbEntity
8
1
62
256
6
ByLayer
370
18
48
1
60
0
100
AcDbSpline
70
4
71
1
72
4
73
2
40
0
40
0
40
1
40
1
41
1
10
33.7270817108486
20
0.806134756773844
30
0
41
1
10
33.649004418217
20
0.874681848448773
30
0
0
SPLINE
5
21D
100
AcDbEntity
8
1
62
256
6
ByLayer
370
18
48
1
60
0
100
AcDbSpline
70
4
71
1
72
4
73
2
40
0
40
0
40
1
40
1
41
1
10
18.0006588155207
20
0.224152164867121
30
0
41
1
10
17.9980172550574
20
0.226379858753319
30
0
0
SPLINE
5
21E
100
AcDbEntity
8
1
62
256
6
ByLayer
370
18
48
1
60
0
100
AcDbSpline
70
4
71
1
72
4
73
2
40
0
40
0
40
1
40
1
41
1
10
25.6575510175082
20
0.845422339892764
30
0
41
1
10
25.5750894252817
20
0.917633539607891
30
0
0
LINE
5
7B
100
AcDbEntity
8
80
62
256
6
ByLayer
370
18
48
1
60
0
100
AcDbLine
10
0
20
0
30
0
11
-5
21
0
31
0
39
0
210
0
220
0
230
1
0
LINE
5
7C
100
AcDbEntity
8
4
62
256
6
ByLayer
370
18
48
0.05
60
0
100
AcDbLine
10
0
20
0
30
0
11
58
21
0
31
0
39
0
210
0
220
0
230
1
0
LINE
5
7E
100
AcDbEntity
8
81
62
256
6
ByLayer
370
18
48
1
60
0
100
AcDbLine
10
58
20
0
30
0
11
63
21
0
31
0
39
0
210
0
220
0
230
1
0
LINE
5
7F
100
AcDbEntity
8
SK4
62
256
6
ByLayer
370
18
48
0.05
60
0
100
AcDbLine
10
-45
20
0
30
0
11
58
21
0
31
0
39
0
210
0
220
0
230
1
0
LINE
5
81
100
AcDbEntity
8
1
62
256
6
ByLayer
370
18
48
1
60
0
100
AcDbLine
10
0
20
6
30
0
11
0
21
0
31
0
39
0
210
0
220
0
230
1
0
LINE
5
82
100
AcDbEntity
8
1
62
256
6
ByLayer
370
18
48
1
60
0
100
AcDbLine
10
0
20
0
30
0
11
0
21
-6
31
0
39
0
210
0
220
0
230
1
0
LINE
5
83
100
AcDbEntity
8
1
62
256
6
ByLayer
370
18
48
1
60
0
100
AcDbLine
10
57.845292
20
0.76959
30
0
11
57.717302
21
-0.045548
31
0
39
0
210
0
220
0
230
1
0
LINE
5
84
100
AcDbEntity
8
1
62
256
6
ByLayer
370
18
48
1
60
0
100
AcDbLine
10
57.803867
20
0.656174
30
0
11
57.972069
21
1.729765
31
0
39
0
210
0
220
0
230
1
0
LINE
5
85
100
AcDbEntity
8
1
62
256
6
ByLayer
370
18
48
1
60
0
100
AcDbLine
10
57.345277
20
-1.124006
30
0
11
57.717302
21
-0.045548
31
0
39
0
210
0
220
0
230
1
0
LINE
5
86
100
AcDbEntity
8
1
62
256
6
ByLayer
370
18
48
1
60
0
100
AcDbLine
10
57.717302
20
-0.045548
30
0
11
57.803867
21
0.656174
31
0
39
0
210
0
220
0
230
1
0
LINE
5
87
100
AcDbEntity
8
1
62
256
6
ByLayer
370
18
48
1
60
0
100
AcDbLine
10
57.039675
20
0.413061
30
0
11
57.803867
21
0.656174
31
0
39
0
210
0
220
0
230
1
0
LINE
5
88
100
AcDbEntity
8
1
62
256
6
ByLayer
370
18
48
1
60
0
100
AcDbLine
10
57.967578
20
-4.49902
30
0
11
57.972069
21
-4.568663
31
0
39
0
210
0
220
0
230
1
0
LINE
5
89
100
AcDbEntity
8
1
62
256
6
ByLayer
370
18
48
1
60
0
100
AcDbLine
10
57.845292
20
-4.967841
30
0
11
57.831174
21
-4.745824
31
0
39
0
210
0
220
0
230
1
0
LINE
5
8A
100
AcDbEntity
8
1
62
256
6
ByLayer
370
18
48
1
60
0
100
AcDbLine
10
16.434586
20
-5.558926
30
0
11
16.430217
21
-5.513488
31
0
39
0
210
0
220
0
230
1
0
LINE
5
8B
100
AcDbEntity
8
1
62
256
6
ByLayer
370
18
48
1
60
0
100
AcDbLine
10
57.835227
20
2.885833
30
0
11
57.972069
21
5.468271
31
0
39
0
210
0
220
0
230
1
0
LINE
5
8C
100
AcDbEntity
8
1
62
256
6
ByLayer
370
13
48
1
60
0
100
AcDbLine
10
56.924689
20
0.470307
30
0
11
57.039675
21
0.413061
31
0
39
0
210
0
220
0
230
1
0
LINE
5
8D
100
AcDbEntity
8
1
62
256
6
ByLayer
370
13
48
1
60
0
100
AcDbLine
10
55.466373
20
-3.456004
30
0
11
54.718219
21
-4.490917
31
0
39
0
210
0
220
0
230
1
0
LINE
5
8E
100
AcDbEntity
8
1
62
256
6
ByLayer
370
18
48
1
60
0
100
AcDbLine
10
57.717302
20
-1.754229
30
0
11
57.803867
21
-1.827123
31
0
39
0
210
0
220
0
230
1
0
LINE
5
8F
100
AcDbEntity
8
1
62
256
6
ByLayer
370
18
48
1
60
0
100
AcDbLine
10
57.803867
20
-1.827123
30
0
11
57.972069
21
-4.451964
31
0
39
0
210
0
220
0
230
1
0
LINE
5
90
100
AcDbEntity
8
1
62
256
6
ByLayer
370
18
48
1
60
0
100
AcDbLine
10
16.434586
20
3.756482
30
0
11
16.430217
21
3.723819
31
0
39
0
210
0
220
0
230
1
0
LINE
5
91
100
AcDbEntity
8
1
62
256
6
ByLayer
370
18
48
1
60
0
100
AcDbLine
10
57.845292
20
-3.76685
30
0
11
57.717302
21
-1.754229
31
0
39
0
210
0
220
0
230
1
0
LINE
5
92
100
AcDbEntity
8
1
62
256
6
ByLayer
370
18
48
1
60
0
100
AcDbLine
10
57.345277
20
-1.493358
30
0
11
57.717302
21
-1.754229
31
0
39
0
210
0
220
0
230
1
0
LINE
5
93
100
AcDbEntity
8
1
62
256
6
ByLayer
370
18
48
1
60
0
100
AcDbLine
10
16.434586
20
-3.168729
30
0
11
16.430217
21
-3.145937
31
0
39
0
210
0
220
0
230
1
0
LINE
5
94
100
AcDbEntity
8
1
62
256
6
ByLayer
370
13
48
1
60
0
100
AcDbLine
10
55.855204
20
1.546015
30
0
11
57.008984
21
0.781167
31
0
39
0
210
0
220
0
230
1
0
LINE
5
95
100
AcDbEntity
8
1
62
256
6
ByLayer
370
18
48
1
60
0
100
AcDbLine
10
57.808956
20
0.909568
30
0
11
57.008984
21
0.781167
31
0
39
0
210
0
220
0
230
1
0
LINE
5
96
100
AcDbEntity
8
1
62
256
6
ByLayer
370
18
48
1
60
0
100
AcDbLine
10
57.808956
20
0.909568
30
0
11
57.972069
21
1.92398
31
0
39
0
210
0
220
0
230
1
0
LINE
5
97
100
AcDbEntity
8
1
62
256
6
ByLayer
370
18
48
1
60
0
100
AcDbLine
10
16.213153
20
3.756482
30
0
11
16.434586
21
3.756482
31
0
39
0
210
0
220
0
230
1
0
LINE
5
98
100
AcDbEntity
8
1
62
256
6
ByLayer
370
18
48
1
60
0
100
AcDbLine
10
16.213153
20
-3.168729
30
0
11
16.434586
21
-3.168729
31
0
39
0
210
0
220
0
230
1
0
LINE
5
99
100
AcDbEntity
8
1
62
256
6
ByLayer
370
13
48
1
60
0
100
AcDbLine
10
3.997679
20
-5.7
30
0
11
3.997679
21
0
31
0
39
0
210
0
220
0
230
1
0
LINE
5
9A
100
AcDbEntity
8
1
62
256
6
ByLayer
370
13
48
1
60
0
100
AcDbLine
10
3.997679
20
0
30
0
11
3.997679
21
5.7
31
0
39
0
210
0
220
0
230
1
0
LINE
5
9B
100
AcDbEntity
8
1
62
256
6
ByLayer
370
13
48
1
60
0
100
AcDbLine
10
3.497679
20
5.833975
30
0
11
3.497679
21
0
31
0
39
0
210
0
220
0
230
1
0
LINE
5
9C
100
AcDbEntity
8
1
62
256
6
ByLayer
370
13
48
1
60
0
100
AcDbLine
10
3.497679
20
0
30
0
11
3.497679
21
-5.833975
31
0
39
0
210
0
220
0
230
1
0
LINE
5
9D
100
AcDbEntity
8
1
62
256
6
ByLayer
370
18
48
1
60
0
100
AcDbLine
10
3.210114
20
6
30
0
11
3.210114
21
0
31
0
39
0
210
0
220
0
230
1
0
LINE
5
9E
100
AcDbEntity
8
1
62
256
6
ByLayer
370
18
48
1
60
0
100
AcDbLine
10
3.210114
20
0
30
0
11
3.210114
21
-6
31
0
39
0
210
0
220
0
230
1
0
LINE
5
9F
100
AcDbEntity
8
SK1
62
256
6
ByLayer
370
18
48
1
60
0
100
AcDbLine
10
-45
20
-5.2
30
0
11
-45
21
5.2
31
0
39
0
210
0
220
0
230
1
0
LINE
5
A1
100
AcDbEntity
8
SK1
62
256
6
ByLayer
370
18
48
1
60
0
100
AcDbLine
10
0
20
6
30
0
11
0
21
0
31
0
39
0
210
0
220
0
230
1
0
LINE
5
A2
100
AcDbEntity
8
SK1
62
256
6
ByLayer
370
18
48
1
60
0
100
AcDbLine
10
0
20
0
30
0
11
0
21
-6
31
0
39
0
210
0
220
0
230
1
0
LINE
5
A3
100
AcDbEntity
8
SK1
62
256
6
ByLayer
370
18
48
1
60
0
100
AcDbLine
10
-44.2
20
6
30
0
11
-44.2
21
-6
31
0
39
0
210
0
220
0
230
1
0
LINE
5
A4
100
AcDbEntity
8
SK1
62
256
6
ByLayer
370
18
48
1
60
0
100
AcDbLine
10
-26.5
20
4.4
30
0
11
-28.1
21
6
31
0
39
0
210
0
220
0
230
1
0
LINE
5
A5
100
AcDbEntity
8
SK1
62
256
6
ByLayer
370
18
48
1
60
0
100
AcDbLine
10
-18.5
20
4.4
30
0
11
-16.9
21
6
31
0
39
0
210
0
220
0
230
1
0
LINE
5
A6
100
AcDbEntity
8
SK1
62
256
6
ByLayer
370
18
48
1
60
0
100
AcDbLine
10
-26.5
20
4.4
30
0
11
-18.5
21
4.4
31
0
39
0
210
0
220
0
230
1
0
LINE
5
A7
100
AcDbEntity
8
1
62
256
6
ByLayer
370
18
48
1
60
0
100
AcDbLine
10
3.210114
20
6
30
0
11
0
21
6
31
0
39
0
210
0
220
0
230
1
0
LINE
5
A8
100
AcDbEntity
8
1
62
256
6
ByLayer
370
18
48
1
60
0
100
AcDbLine
10
0
20
-6
30
0
11
3.210114
21
-6
31
0
39
0
210
0
220
0
230
1
0
LINE
5
A9
100
AcDbEntity
8
1
62
256
6
ByLayer
370
18
48
1
60
0
100
AcDbLine
10
17.188591
20
5.7
30
0
11
16.086047
21
5.7
31
0
39
0
210
0
220
0
230
1
0
LINE
5
AA
100
AcDbEntity
8
1
62
256
6
ByLayer
370
18
48
1
60
0
100
AcDbLine
10
15.07858
20
5.7
30
0
11
3.997679
21
5.7
31
0
39
0
210
0
220
0
230
1
0
LINE
5
AB
100
AcDbEntity
8
1
62
256
6
ByLayer
370
18
48
1
60
0
100
AcDbLine
10
3.997679
20
-5.7
30
0
11
15.355681
21
-5.7
31
0
39
0
210
0
220
0
230
1
0
LINE
5
AC
100
AcDbEntity
8
1
62
256
6
ByLayer
370
18
48
1
60
0
100
AcDbLine
10
3.497679
20
5.833975
30
0
11
3.210114
21
6
31
0
39
0
210
0
220
0
230
1
0
LINE
5
AD
100
AcDbEntity
8
1
62
256
6
ByLayer
370
18
48
1
60
0
100
AcDbLine
10
3.210114
20
-6
30
0
11
3.497679
21
-5.833975
31
0
39
0
210
0
220
0
230
1
0
LINE
5
AE
100
AcDbEntity
8
SK1
62
256
6
ByLayer
370
18
48
1
60
0
100
AcDbLine
10
-45
20
-5.2
30
0
11
-44.2
21
-6
31
0
39
0
210
0
220
0
230
1
0
LINE
5
AF
100
AcDbEntity
8
SK1
62
256
6
ByLayer
370
18
48
1
60
0
100
AcDbLine
10
-44.2
20
6
30
0
11
-45
21
5.2
31
0
39
0
210
0
220
0
230
1
0
LINE
5
B0
100
AcDbEntity
8
SK1
62
256
6
ByLayer
370
18
48
1
60
0
100
AcDbLine
10
0
20
6
30
0
11
-16.9
21
6
31
0
39
0
210
0
220
0
230
1
0
LINE
5
B1
100
AcDbEntity
8
SK1
62
256
6
ByLayer
370
18
48
1
60
0
100
AcDbLine
10
-28.1
20
6
30
0
11
-44.2
21
6
31
0
39
0
210
0
220
0
230
1
0
LINE
5
B2
100
AcDbEntity
8
SK1
62
256
6
ByLayer
370
18
48
1
60
0
100
AcDbLine
10
-44.2
20
-6
30
0
11
0
21
-6
31
0
39
0
210
0
220
0
230
1
0
LINE
5
B3
100
AcDbEntity
8
SK2
62
256
6
ByLayer
370
18
48
1
60
0
100
AcDbLine
10
-52.45
20
6
30
0
11
-52.45
21
-24.056066
31
0
39
0
210
0
220
0
230
1
0
LINE
5
B5
100
AcDbEntity
8
SK2
62
256
6
ByLayer
370
18
48
1
60
0
100
AcDbLine
10
-45.7875
20
6
30
0
11
-54.45
21
6
31
0
39
0
210
0
220
0
230
1
0
LINE
5
B6
100
AcDbEntity
8
SK2
62
256
6
ByLayer
370
18
48
1
60
0
100
AcDbLine
10
-45.7875
20
-6
30
0
11
-54.45
21
-6
31
0
39
0
210
0
220
0
230
1
0
LINE
5
B7
100
AcDbEntity
8
1
62
256
6
ByLayer
370
18
48
1
60
1
100
AcDbLine
10
-52.45
20
6
30
0
11
-51.989216
21
2.500002
31
0
39
0
210
0
220
0
230
1
0
LINE
5
B8
100
AcDbEntity
8
1
62
256
6
ByLayer
370
18
48
1
60
1
100
AcDbLine
10
-51.989216
20
2.500002
30
0
11
-52.910784
21
2.499998
31
0
39
0
210
0
220
0
230
1
0
LINE
5
B9
100
AcDbEntity
8
1
62
256
6
ByLayer
370
18
48
1
60
1
100
AcDbLine
10
-52.910784
20
2.499998
30
0
11
-52.45
21
6
31
0
39
0
210
0
220
0
230
1
0
LINE
5
BA
100
AcDbEntity
8
1
62
256
6
ByLayer
370
18
48
1
60
1
100
AcDbLine
10
-52.45
20
-6
30
0
11
-52.910784
21
-2.500002
31
0
39
0
210
0
220
0
230
1
0
LINE
5
BB
100
AcDbEntity
8
1
62
256
6
ByLayer
370
18
48
1
60
1
100
AcDbLine
10
-52.910784
20
-2.500002
30
0
11
-51.989216
21
-2.499998
31
0
39
0
210
0
220
0
230
1
0
LINE
5
BC
100
AcDbEntity
8
1
62
256
6
ByLayer
370
18
48
1
60
1
100
AcDbLine
10
-51.989216
20
-2.499998
30
0
11
-52.45
21
-6
31
0
39
0
210
0
220
0
230
1
0
LINE
5
BD
100
AcDbEntity
8
SK2
62
256
6
ByLayer
370
13
48
1
60
0
100
AcDbLine
10
13.055057
20
-5.7
30
0
11
13.055057
21
31.283199
31
0
39
0
210
0
220
0
230
1
0
LINE
5
BE
100
AcDbEntity
8
SK2
62
256
6
ByLayer
370
13
48
1
60
0
100
AcDbLine
10
17.624936
20
5.7
30
0
11
11.055057
21
5.7
31
0
39
0
210
0
220
0
230
1
0
LINE
5
BF
100
AcDbEntity
8
SK2
62
256
6
ByLayer
370
13
48
1
60
0
100
AcDbLine
10
17.624936
20
-5.7
30
0
11
11.055057
21
-5.7
31
0
39
0
210
0
220
0
230
1
0
LINE
5
C0
100
AcDbEntity
8
1
62
256
6
ByLayer
370
18
48
1
60
1
100
AcDbLine
10
13.055057
20
5.7
30
0
11
13.515841
21
2.200002
31
0
39
0
210
0
220
0
230
1
0
LINE
5
C1
100
AcDbEntity
8
1
62
256
6
ByLayer
370
18
48
1
60
1
100
AcDbLine
10
13.515841
20
2.200002
30
0
11
12.594274
21
2.199998
31
0
39
0
210
0
220
0
230
1
0
LINE
5
C2
100
AcDbEntity
8
1
62
256
6
ByLayer
370
18
48
1
60
1
100
AcDbLine
10
12.594274
20
2.199998
30
0
11
13.055057
21
5.7
31
0
39
0
210
0
220
0
230
1
0
LINE
5
C3
100
AcDbEntity
8
1
62
256
6
ByLayer
370
18
48
1
60
1
100
AcDbLine
10
13.055057
20
-5.7
30
0
11
12.594274
21
-2.200002
31
0
39
0
210
0
220
0
230
1
0
LINE
5
C4
100
AcDbEntity
8
1
62
256
6
ByLayer
370
18
48
1
60
1
100
AcDbLine
10
12.594274
20
-2.200002
30
0
11
13.515841
21
-2.199998
31
0
39
0
210
0
220
0
230
1
0
LINE
5
C5
100
AcDbEntity
8
1
62
256
6
ByLayer
370
18
48
1
60
1
100
AcDbLine
10
13.515841
20
-2.199998
30
0
11
13.055057
21
-5.7
31
0
39
0
210
0
220
0
230
1
0
LINE
5
C6
100
AcDbEntity
8
2
62
256
6
ByLayer
370
13
48
1
60
0
100
AcDbLine
10
70
20
-6
30
0
11
70
21
24.056066
31
0
39
0
210
0
220
0
230
1
0
LINE
5
C8
100
AcDbEntity
8
2
62
256
6
ByLayer
370
13
48
1
60
0
100
AcDbLine
10
21.5875
20
6
30
0
11
72
21
6
31
0
39
0
210
0
220
0
230
1
0
LINE
5
C9
100
AcDbEntity
8
2
62
256
6
ByLayer
370
13
48
1
60
0
100
AcDbLine
10
21.5875
20
-6
30
0
11
72
21
-6
31
0
39
0
210
0
220
0
230
1
0
LINE
5
CA
100
AcDbEntity
8
1
62
256
6
ByLayer
370
18
48
1
60
1
100
AcDbLine
10
70
20
6
30
0
11
70.460784
21
2.500002
31
0
39
0
210
0
220
0
230
1
0
LINE
5
CB
100
AcDbEntity
8
1
62
256
6
ByLayer
370
18
48
1
60
1
100
AcDbLine
10
70.460784
20
2.500002
30
0
11
69.539216
21
2.499998
31
0
39
0
210
0
220
0
230
1
0
LINE
5
CC
100
AcDbEntity
8
1
62
256
6
ByLayer
370
18
48
1
60
1
100
AcDbLine
10
69.539216
20
2.499998
30
0
11
70
21
6
31
0
39
0
210
0
220
0
230
1
0
LINE
5
CD
100
AcDbEntity
8
1
62
256
6
ByLayer
370
18
48
1
60
1
100
AcDbLine
10
70
20
-6
30
0
11
69.539216
21
-2.500002
31
0
39
0
210
0
220
0
230
1
0
LINE
5
CE
100
AcDbEntity
8
1
62
256
6
ByLayer
370
18
48
1
60
1
100
AcDbLine
10
69.539216
20
-2.500002
30
0
11
70.460784
21
-2.499998
31
0
39
0
210
0
220
0
230
1
0
LINE
5
CF
100
AcDbEntity
8
1
62
256
6
ByLayer
370
18
48
1
60
1
100
AcDbLine
10
70.460784
20
-2.499998
30
0
11
70
21
-6
31
0
39
0
210
0
220
0
230
1
0
LINE
5
D0
100
AcDbEntity
8
SK2
62
256
6
ByLayer
370
18
48
1
60
0
100
AcDbLine
10
58
20
-55.181455
30
0
11
-45
21
-55.181455
31
0
39
0
210
0
220
0
230
1
0
LINE
5
D1
100
AcDbEntity
8
SK2
62
256
6
ByLayer
370
18
48
1
60
0
100
AcDbLine
10
-45
20
-6.7875
30
0
11
-45
21
-57.181455
31
0
39
0
210
0
220
0
230
1
0
LINE
5
D2
100
AcDbEntity
8
SK2
62
256
6
ByLayer
370
18
48
1
60
0
100
AcDbLine
10
58
20
-7.5875
30
0
11
58
21
-57.181455
31
0
39
0
210
0
220
0
230
1
0
LINE
5
D3
100
AcDbEntity
8
1
62
256
6
ByLayer
370
18
48
1
60
1
100
AcDbLine
10
-45
20
-55.181455
30
0
11
-41.500002
21
-54.720671
31
0
39
0
210
0
220
0
230
1
0
LINE
5
D4
100
AcDbEntity
8
1
62
256
6
ByLayer
370
18
48
1
60
1
100
AcDbLine
10
-41.500002
20
-54.720671
30
0
11
-41.499998
21
-55.642239
31
0
39
0
210
0
220
0
230
1
0
LINE
5
D5
100
AcDbEntity
8
1
62
256
6
ByLayer
370
18
48
1
60
1
100
AcDbLine
10
-41.499998
20
-55.642239
30
0
11
-45
21
-55.181455
31
0
39
0
210
0
220
0
230
1
0
LINE
5
D6
100
AcDbEntity
8
1
62
256
6
ByLayer
370
18
48
1
60
1
100
AcDbLine
10
58
20
-55.181455
30
0
11
54.500002
21
-55.642239
31
0
39
0
210
0
220
0
230
1
0
LINE
5
D7
100
AcDbEntity
8
1
62
256
6
ByLayer
370
18
48
1
60
1
100
AcDbLine
10
54.500002
20
-55.642239
30
0
11
54.499998
21
-54.720671
31
0
39
0
210
0
220
0
230
1
0
LINE
5
D8
100
AcDbEntity
8
1
62
256
6
ByLayer
370
18
48
1
60
1
100
AcDbLine
10
54.499998
20
-54.720671
30
0
11
58
21
-55.181455
31
0
39
0
210
0
220
0
230
1
0
LINE
5
D9
100
AcDbEntity
8
SK2
62
256
6
ByLayer
370
13
48
1
60
0
100
AcDbLine
10
57.860055
20
-5.84693
30
0
11
71.190693
21
-18.691647
31
0
39
0
210
0
220
0
230
1
0
LINE
5
DA
100
AcDbEntity
8
1
62
256
6
ByLayer
370
18
48
1
60
1
100
AcDbLine
10
57.860055
20
-5.84693
30
0
11
60.700156
21
-7.943626
31
0
39
0
210
0
220
0
230
1
0
LINE
5
DB
100
AcDbEntity
8
1
62
256
6
ByLayer
370
18
48
1
60
1
100
AcDbLine
10
60.700156
20
-7.943626
30
0
11
60.06072
21
-8.607258
31
0
39
0
210
0
220
0
230
1
0
LINE
5
DC
100
AcDbEntity
8
1
62
256
6
ByLayer
370
18
48
1
60
1
100
AcDbLine
10
60.06072
20
-8.607258
30
0
11
57.860055
21
-5.84693
31
0
39
0
210
0
220
0
230
1
0
LINE
5
223
100
AcDbEntity
8
1
62
256
6
ByLayer
370
18
48
1
60
1
100
AcDbLine
10
-52.45
20
6
30
0
11
-51.989216
21
2.500002
31
0
39
0
210
0
220
0
230
1
0
LINE
5
224
100
AcDbEntity
8
1
62
256
6
ByLayer
370
18
48
1
60
1
100
AcDbLine
10
-51.989216
20
2.500002
30
0
11
-52.910784
21
2.499998
31
0
39
0
210
0
220
0
230
1
0
LINE
5
225
100
AcDbEntity
8
1
62
256
6
ByLayer
370
18
48
1
60
1
100
AcDbLine
10
-52.910784
20
2.499998
30
0
11
-52.45
21
6
31
0
39
0
210
0
220
0
230
1
0
LINE
5
227
100
AcDbEntity
8
1
62
256
6
ByLayer
370
18
48
1
60
1
100
AcDbLine
10
-52.45
20
-6
30
0
11
-52.910784
21
-2.500002
31
0
39
0
210
0
220
0
230
1
0
LINE
5
228
100
AcDbEntity
8
1
62
256
6
ByLayer
370
18
48
1
60
1
100
AcDbLine
10
-52.910784
20
-2.500002
30
0
11
-51.989216
21
-2.499998
31
0
39
0
210
0
220
0
230
1
0
LINE
5
229
100
AcDbEntity
8
1
62
256
6
ByLayer
370
18
48
1
60
1
100
AcDbLine
10
-51.989216
20
-2.499998
30
0
11
-52.45
21
-6
31
0
39
0
210
0
220
0
230
1
0
LINE
5
22D
100
AcDbEntity
8
1
62
256
6
ByLayer
370
18
48
1
60
1
100
AcDbLine
10
13.055057
20
5.7
30
0
11
13.515841
21
2.200002
31
0
39
0
210
0
220
0
230
1
0
LINE
5
22E
100
AcDbEntity
8
1
62
256
6
ByLayer
370
18
48
1
60
1
100
AcDbLine
10
13.515841
20
2.200002
30
0
11
12.594274
21
2.199998
31
0
39
0
210
0
220
0
230
1
0
LINE
5
22F
100
AcDbEntity
8
1
62
256
6
ByLayer
370
18
48
1
60
1
100
AcDbLine
10
12.594274
20
2.199998
30
0
11
13.055057
21
5.7
31
0
39
0
210
0
220
0
230
1
0
LINE
5
231
100
AcDbEntity
8
1
62
256
6
ByLayer
370
18
48
1
60
1
100
AcDbLine
10
13.055057
20
-5.7
30
0
11
12.594274
21
-2.200002
31
0
39
0
210
0
220
0
230
1
0
LINE
5
232
100
AcDbEntity
8
1
62
256
6
ByLayer
370
18
48
1
60
1
100
AcDbLine
10
12.594274
20
-2.200002
30
0
11
13.515841
21
-2.199998
31
0
39
0
210
0
220
0
230
1
0
LINE
5
233
100
AcDbEntity
8
1
62
256
6
ByLayer
370
18
48
1
60
1
100
AcDbLine
10
13.515841
20
-2.199998
30
0
11
13.055057
21
-5.7
31
0
39
0
210
0
220
0
230
1
0
LINE
5
237
100
AcDbEntity
8
1
62
256
6
ByLayer
370
18
48
1
60
1
100
AcDbLine
10
70
20
6
30
0
11
70.460784
21
2.500002
31
0
39
0
210
0
220
0
230
1
0
LINE
5
238
100
AcDbEntity
8
1
62
256
6
ByLayer
370
18
48
1
60
1
100
AcDbLine
10
70.460784
20
2.500002
30
0
11
69.539216
21
2.499998
31
0
39
0
210
0
220
0
230
1
0
LINE
5
239
100
AcDbEntity
8
1
62
256
6
ByLayer
370
18
48
1
60
1
100
AcDbLine
10
69.539216
20
2.499998
30
0
11
70
21
6
31
0
39
0
210
0
220
0
230
1
0
LINE
5
23B
100
AcDbEntity
8
1
62
256
6
ByLayer
370
18
48
1
60
1
100
AcDbLine
10
70
20
-6
30
0
11
69.539216
21
-2.500002
31
0
39
0
210
0
220
0
230
1
0
LINE
5
23C
100
AcDbEntity
8
1
62
256
6
ByLayer
370
18
48
1
60
1
100
AcDbLine
10
69.539216
20
-2.500002
30
0
11
70.460784
21
-2.499998
31
0
39
0
210
0
220
0
230
1
0
LINE
5
23D
100
AcDbEntity
8
1
62
256
6
ByLayer
370
18
48
1
60
1
100
AcDbLine
10
70.460784
20
-2.499998
30
0
11
70
21
-6
31
0
39
0
210
0
220
0
230
1
0
LINE
5
240
100
AcDbEntity
8
1
62
256
6
ByLayer
370
18
48
1
60
1
100
AcDbLine
10
-45
20
-55.181455
30
0
11
-41.500002
21
-54.720671
31
0
39
0
210
0
220
0
230
1
0
LINE
5
241
100
AcDbEntity
8
1
62
256
6
ByLayer
370
18
48
1
60
1
100
AcDbLine
10
-41.500002
20
-54.720671
30
0
11
-41.499998
21
-55.642239
31
0
39
0
210
0
220
0
230
1
0
LINE
5
242
100
AcDbEntity
8
1
62
256
6
ByLayer
370
18
48
1
60
1
100
AcDbLine
10
-41.499998
20
-55.642239
30
0
11
-45
21
-55.181455
31
0
39
0
210
0
220
0
230
1
0
LINE
5
244
100
AcDbEntity
8
1
62
256
6
ByLayer
370
18
48
1
60
1
100
AcDbLine
10
58
20
-55.181455
30
0
11
54.500002
21
-55.642239
31
0
39
0
210
0
220
0
230
1
0
LINE
5
245
100
AcDbEntity
8
1
62
256
6
ByLayer
370
18
48
1
60
1
100
AcDbLine
10
54.500002
20
-55.642239
30
0
11
54.499998
21
-54.720671
31
0
39
0
210
0
220
0
230
1
0
LINE
5
246
100
AcDbEntity
8
1
62
256
6
ByLayer
370
18
48
1
60
1
100
AcDbLine
10
54.499998
20
-54.720671
30
0
11
58
21
-55.181455
31
0
39
0
210
0
220
0
230
1
0
LINE
5
24A
100
AcDbEntity
8
1
62
256
6
ByLayer
370
18
48
1
60
1
100
AcDbLine
10
57.860055
20
-5.84693
30
0
11
60.700156
21
-7.943626
31
0
39
0
210
0
220
0
230
1
0
LINE
5
24B
100
AcDbEntity
8
1
62
256
6
ByLayer
370
18
48
1
60
1
100
AcDbLine
10
60.700156
20
-7.943626
30
0
11
60.06072
21
-8.607258
31
0
39
0
210
0
220
0
230
1
0
LINE
5
24C
100
AcDbEntity
8
1
62
256
6
ByLayer
370
18
48
1
60
1
100
AcDbLine
10
60.06072
20
-8.607258
30
0
11
57.860055
21
-5.84693
31
0
39
0
210
0
220
0
230
1
0
MTEXT
5
21F
100
AcDbEntity
8
SK2
62
256
6
ByLayer
370
18
48
1
60
0
100
AcDbMText
10
-54.014634
20
-22.121222
30
0
210
0
220
0
230
1
1
%%c
40
3.5
41
0
44
1.084337
50
90
71
7
72
5
7
iso_b_vert
0
MTEXT
5
222
100
AcDbEntity
8
SK2
62
256
6
ByLayer
370
18
48
1
60
0
100
AcDbMText
10
-54.014634
20
-15.148566
30
0
210
0
220
0
230
1
1
\W0.5321;12
40
3.5
41
0
44
1.084337
50
90
71
7
72
5
7
iso_b_vert
0
MTEXT
5
22B
100
AcDbEntity
8
SK2
62
256
6
ByLayer
370
18
48
1
60
0
100
AcDbMText
10
11.490424
20
17.634844
30
0
210
0
220
0
230
1
1
%%c
40
3.5
41
0
44
1.084337
50
90
71
7
72
5
7
iso_b_vert
0
MTEXT
5
22C
100
AcDbEntity
8
SK2
62
256
6
ByLayer
370
18
48
1
60
0
100
AcDbMText
10
11.490424
20
24.6075
30
0
210
0
220
0
230
1
1
\W0.5983;11.4
40
3.5
41
0
44
1.084337
50
90
71
7
72
5
7
iso_b_vert
0
MTEXT
5
235
100
AcDbEntity
8
2
62
256
6
ByLayer
370
18
48
1
60
0
100
AcDbMText
10
68.435366
20
13.934844
30
0
210
0
220
0
230
1
1
%%c
40
3.5
41
0
44
1.084337
50
90
71
7
72
5
7
iso_b_vert
0
MTEXT
5
236
100
AcDbEntity
8
2
62
256
6
ByLayer
370
18
48
1
60
0
100
AcDbMText
10
68.435366
20
20.9075
30
0
210
0
220
0
230
1
1
\W0.5321;12
40
3.5
41
0
44
1.084337
50
90
71
7
72
5
7
iso_b_vert
0
MTEXT
5
23F
100
AcDbEntity
8
SK2
62
256
6
ByLayer
370
18
48
1
60
0
100
AcDbMText
10
3.724734
20
-54.148822
30
0
210
0
220
0
230
1
1
\W0.6217;103
40
3.5
41
0
44
1.084337
50
0
71
7
72
5
7
iso_b_vert
0
MTEXT
5
248
100
AcDbEntity
8
SK2
62
256
6
ByLayer
370
18
48
1
60
0
100
AcDbMText
10
65.298686
20
-11.462896
30
0
210
0
220
0
230
1
1
\W0.6380;R
40
3.5
41
0
44
1.084337
50
316.063521858591
71
7
72
5
7
iso_b_vert
0
MTEXT
5
249
100
AcDbEntity
8
SK2
62
256
6
ByLayer
370
18
48
1
60
0
100
AcDbMText
10
67.95157
20
-14.019078
30
0
210
0
220
0
230
1
1
\W0.7121;0.5
40
3.5
41
0
44
1.084337
50
316.063521858591
71
7
72
5
7
iso_b_vert
0
MTEXT
5
24E
100
AcDbEntity
8
SK6
62
256
6
ByLayer
370
18
48
1
60
0
100
AcDbMText
10
-17.338407
20
-62.107277
30
0
210
0
220
0
230
1
1
\W0.7248;2F366-1200-050-TD   1745
40
3
41
0
44
1.084337
50
0
71
7
72
5
7
iso_b_vert
0
HATCH
5
226
100
AcDbEntity
8
SK2
62
256
6
ByLayer
370
13
48
1
60
0
100
AcDbHatch
10
0
20
0
30
0
210
0
220
0
230
1
2
ANSI31
70
0
71
0
91
1
92
5
93
3
72
1
10
-52.45
20
5.99999999999997
11
-51.9892162584472
21
2.50000169255316
72
1
10
-51.9892162584472
20
2.50000169255316
11
-52.9107837415528
21
2.49999830744679
72
1
10
-52.9107837415528
20
2.49999830744679
11
-52.45
21
5.99999999999997
97
0
75
0
76
1
52
0
41
0.0062
77
0
78
1
53
45
43
0
44
0
45
-0.0139193969876572
46
0.0139193969876572
79
0
47
0
98
1
10
0
20
0
0
HATCH
5
22A
100
AcDbEntity
8
SK2
62
256
6
ByLayer
370
13
48
1
60
0
100
AcDbHatch
10
0
20
0
30
0
210
0
220
0
230
1
2
ANSI31
70
0
71
0
91
1
92
5
93
3
72
1
10
-52.45
20
-6.00000000000003
11
-52.9107837415528
21
-2.50000169255321
72
1
10
-52.9107837415528
20
-2.50000169255321
11
-51.9892162584472
21
-2.49999830744685
72
1
10
-51.9892162584472
20
-2.49999830744685
11
-52.45
21
-6.00000000000003
97
0
75
0
76
1
52
0
41
0.0062
77
0
78
1
53
45
43
0
44
0
45
-0.0139193969876572
46
0.0139193969876572
79
0
47
0
98
1
10
0
20
0
0
HATCH
5
230
100
AcDbEntity
8
SK2
62
256
6
ByLayer
370
13
48
1
60
0
100
AcDbHatch
10
0
20
0
30
0
210
0
220
0
230
1
2
ANSI31
70
0
71
0
91
1
92
5
93
3
72
1
10
13.0550572437296
20
5.6999999999999
11
13.5158409852823
21
2.20000169255309
72
1
10
13.5158409852823
20
2.20000169255309
11
12.5942735021768
21
2.19999830744672
72
1
10
12.5942735021768
20
2.19999830744672
11
13.0550572437296
21
5.6999999999999
97
0
75
0
76
1
52
0
41
0.0062
77
0
78
1
53
45
43
0
44
0
45
-0.0139193969876572
46
0.0139193969876572
79
0
47
0
98
1
10
0
20
0
0
HATCH
5
234
100
AcDbEntity
8
SK2
62
256
6
ByLayer
370
13
48
1
60
0
100
AcDbHatch
10
0
20
0
30
0
210
0
220
0
230
1
2
ANSI31
70
0
71
0
91
1
92
5
93
3
72
1
10
13.0550572437296
20
-5.70000000000007
11
12.5942735021768
21
-2.20000169255326
72
1
10
12.5942735021768
20
-2.20000169255326
11
13.5158409852823
21
-2.19999830744689
72
1
10
13.5158409852823
20
-2.19999830744689
11
13.0550572437296
21
-5.70000000000007
97
0
75
0
76
1
52
0
41
0.0062
77
0
78
1
53
45
43
0
44
0
45
-0.0139193969876572
46
0.0139193969876572
79
0
47
0
98
1
10
0
20
0
0
HATCH
5
23A
100
AcDbEntity
8
2
62
256
6
ByLayer
370
13
48
1
60
0
100
AcDbHatch
10
0
20
0
30
0
210
0
220
0
230
1
2
ANSI31
70
0
71
0
91
1
92
5
93
3
72
1
10
70
20
5.99999999999991
11
70.4607837415528
21
2.5000016925531
72
1
10
70.4607837415528
20
2.5000016925531
11
69.5392162584472
21
2.49999830744673
72
1
10
69.5392162584472
20
2.49999830744673
11
70
21
5.99999999999991
97
0
75
0
76
1
52
0
41
0.0062
77
0
78
1
53
45
43
0
44
0
45
-0.0139193969876572
46
0.0139193969876572
79
0
47
0
98
1
10
0
20
0
0
HATCH
5
23E
100
AcDbEntity
8
2
62
256
6
ByLayer
370
13
48
1
60
0
100
AcDbHatch
10
0
20
0
30
0
210
0
220
0
230
1
2
ANSI31
70
0
71
0
91
1
92
5
93
3
72
1
10
70
20
-6.00000000000009
11
69.5392162584472
21
-2.50000169255327
72
1
10
69.5392162584472
20
-2.50000169255327
11
70.4607837415528
21
-2.4999983074469
72
1
10
70.4607837415528
20
-2.4999983074469
11
70
21
-6.00000000000009
97
0
75
0
76
1
52
0
41
0.0062
77
0
78
1
53
45
43
0
44
0
45
-0.0139193969876572
46
0.0139193969876572
79
0
47
0
98
1
10
0
20
0
0
HATCH
5
243
100
AcDbEntity
8
SK2
62
256
6
ByLayer
370
13
48
1
60
0
100
AcDbHatch
10
0
20
0
30
0
210
0
220
0
230
1
2
ANSI31
70
0
71
0
91
1
92
5
93
3
72
1
10
-45
20
-55.1814551817228
11
-41.5000016925532
21
-54.72067144017
72
1
10
-41.5000016925532
20
-54.72067144017
11
-41.4999983074468
21
-55.6422389232756
72
1
10
-41.4999983074468
20
-55.6422389232756
11
-45
21
-55.1814551817228
97
0
75
0
76
1
52
0
41
0.0062
77
0
78
1
53
45
43
0
44
0
45
-0.0139193969876572
46
0.0139193969876572
79
0
47
0
98
1
10
0
20
0
0
HATCH
5
247
100
AcDbEntity
8
SK2
62
256
6
ByLayer
370
13
48
1
60
0
100
AcDbHatch
10
0
20
0
30
0
210
0
220
0
230
1
2
ANSI31
70
0
71
0
91
1
92
5
93
3
72
1
10
58
20
-55.1814551817228
11
54.5000016925532
21
-55.6422389232756
72
1
10
54.5000016925532
20
-55.6422389232756
11
54.4999983074468
21
-54.72067144017
72
1
10
54.4999983074468
20
-54.72067144017
11
58
21
-55.1814551817228
97
0
75
0
76
1
52
0
41
0.0062
77
0
78
1
53
45
43
0
44
0
45
-0.0139193969876572
46
0.0139193969876572
79
0
47
0
98
1
10
0
20
0
0
HATCH
5
24D
100
AcDbEntity
8
SK2
62
256
6
ByLayer
370
13
48
1
60
0
100
AcDbHatch
10
0
20
0
30
0
210
0
220
0
230
1
2
ANSI31
70
0
71
0
91
1
92
5
93
3
72
1
10
57.8600547509606
20
-5.84693021821519
11
60.7001563968751
21
-7.94362582070121
72
1
10
60.7001563968751
20
-7.94362582070121
11
60.0607196184951
21
-8.60725767073856
72
1
10
60.0607196184951
20
-8.60725767073856
11
57.8600547509606
21
-5.84693021821519
97
0
75
0
76
1
52
0
41
0.0062
77
0
78
1
53
45
43
0
44
0
45
-0.0139193969876572
46
0.0139193969876572
79
0
47
0
98
1
10
0
20
0
0
DIMENSION
5
251
100
AcDbEntity
8
SK2
62
256
6
ByLayer
370
18
48
1
60
0
100
AcDbDimension
2
_U0
10
0
20
-45.181455
30
0
11
29
21
-45.181455
31
0
70
32
71
1
72
1
41
1
210
0
220
0
230
1
3
Standard
100
AcDbAlignedDimension
13
58
23
-6.05
33
0
14
0
24
0
34
0
50
0
100
AcDbRotatedDimension
1001
ACAD
1000
DSTYLE
1002
{
1070
   371
1070
    13
1070
   372
1070
    13
1070
   170
1070
     0
1070
   144
1040
1.0
1070
   277
1070
     2
1070
   284
1070
     8
1070
   278
1070
    46
1070
   146
1040
1.0
1070
   345
1005
16
1070
   347
1005
16
1070
   346
1005
16
1070
   344
1005
0
1070
   343
1005
0
1070
   172
1070
     1
1070
    76
1070
     0
1070
    75
1070
     0
1070
   282
1070
     0
1070
   281
1070
     0
1070
    71
1070
     0
1070
    74
1070
     0
1070
   279
1070
     0
1070
   173
1070
     1
1070
   340
1005
220
1070
   271
1070
     2
1070
   272
1070
     2
1070
    77
1070
     1
1070
    73
1070
     1
1070
   171
1070
     3
1070
   274
1070
     4
1070
   177
1070
     2
1070
   176
1070
     2
1070
   178
1070
     2
1070
    78
1070
     8
1070
    48
1040
-0.1
1070
    41
1040
3.5
1070
   147
1040
1.75
1070
    42
1040
1.5875
1070
    44
1040
2.0
1070
   140
1040
3.5
1002
}
1001
ACAD_DSTYLE_DIM_LINETYPE
1070
   380
1005
16
1001
ACAD_DSTYLE_DIM_EXT1_LINETYPE
1070
   381
1005
16
1001
ACAD_DSTYLE_DIM_EXT2_LINETYPE
1070
   382
1005
16
0
DIMENSION
5
26A
100
AcDbEntity
8
2
62
256
6
ByLayer
370
18
48
1
60
0
100
AcDbDimension
2
_U1
10
20
20
-23.681455
30
0
11
74.495415
21
-23.681455
31
0
70
32
71
1
72
1
41
1
210
0
220
0
230
1
3
Standard
100
AcDbAlignedDimension
13
58
23
-6.05
33
0
14
20
24
-6.05
34
0
50
0
100
AcDbRotatedDimension
1001
ACAD
1000
DSTYLE
1002
{
1070
   371
1070
    13
1070
   372
1070
    13
1070
   170
1070
     0
1070
   144
1040
1.0
1070
   277
1070
     2
1070
   284
1070
     8
1070
   278
1070
    46
1070
   146
1040
1.0
1070
   345
1005
16
1070
   347
1005
16
1070
   346
1005
16
1070
   344
1005
0
1070
   343
1005
0
1070
   172
1070
     1
1070
    76
1070
     0
1070
    75
1070
     0
1070
   282
1070
     0
1070
   281
1070
     0
1070
    71
1070
     0
1070
    74
1070
     0
1070
   279
1070
     0
1070
   173
1070
     1
1070
   340
1005
220
1070
   271
1070
     2
1070
   272
1070
     2
1070
    77
1070
     1
1070
    73
1070
     1
1070
   171
1070
     3
1070
   274
1070
     4
1070
   177
1070
     2
1070
   176
1070
     2
1070
   178
1070
     2
1070
    78
1070
     8
1070
    48
1040
-0.1
1070
    41
1040
3.5
1070
   147
1040
1.75
1070
    42
1040
1.5875
1070
    44
1040
2.0
1070
   140
1040
3.5
1002
}
1001
ACAD_DSTYLE_DIM_LINETYPE
1070
   380
1005
16
1001
ACAD_DSTYLE_DIM_EXT1_LINETYPE
1070
   381
1005
16
1001
ACAD_DSTYLE_DIM_EXT2_LINETYPE
1070
   382
1005
16
0
DIMENSION
5
283
100
AcDbEntity
8
SK2
62
256
6
ByLayer
370
18
48
1
60
0
100
AcDbDimension
2
_U2
10
3.997679
20
-38.181455
30
0
11
30.998839
21
-38.181455
31
0
70
32
71
1
72
1
41
1
210
0
220
0
230
1
3
Standard
100
AcDbAlignedDimension
13
58
23
-6.05
33
0
14
3.997679
24
-5.7
34
0
50
0
100
AcDbRotatedDimension
1001
ACAD
1000
DSTYLE
1002
{
1070
   371
1070
    13
1070
   372
1070
    13
1070
   170
1070
     0
1070
   144
1040
1.0
1070
   277
1070
     2
1070
   284
1070
     8
1070
   278
1070
    46
1070
   146
1040
1.0
1070
   345
1005
16
1070
   347
1005
16
1070
   346
1005
16
1070
   344
1005
0
1070
   343
1005
0
1070
   172
1070
     1
1070
    76
1070
     0
1070
    75
1070
     0
1070
   282
1070
     0
1070
   281
1070
     0
1070
    71
1070
     0
1070
    74
1070
     0
1070
   279
1070
     0
1070
   173
1070
     1
1070
   340
1005
220
1070
   271
1070
     2
1070
   272
1070
     2
1070
    77
1070
     1
1070
    73
1070
     1
1070
   171
1070
     3
1070
   274
1070
     4
1070
   177
1070
     2
1070
   176
1070
     2
1070
   178
1070
     2
1070
    78
1070
     8
1070
    48
1040
-0.1
1070
    41
1040
3.5
1070
   147
1040
1.75
1070
    42
1040
1.5875
1070
    44
1040
2.0
1070
   140
1040
3.5
1002
}
1001
ACAD_DSTYLE_DIM_LINETYPE
1070
   380
1005
16
1001
ACAD_DSTYLE_DIM_EXT1_LINETYPE
1070
   381
1005
16
1001
ACAD_DSTYLE_DIM_EXT2_LINETYPE
1070
   382
1005
16
0
ENDSEC
0
SECTION
2
OBJECTS
0
DICTIONARY
5
30b
330
0
100
AcDbDictionary
280
0
281
1
3
ACAD_GROUP
350
30c
3
ACAD_MLINESTYLE
350
30d
0
DICTIONARY
5
30c
330
0
100
AcDbDictionary
280
0
281
1
0
DICTIONARY
5
30d
330
0
100
AcDbDictionary
280
0
281
1
3
Standard
350
18
0
MLINESTYLE
5
18
330
30d
100
AcDbMlineStyle
2
Standard
70
0
3

62
256
51
90
52
90
71
2
49
-0.5
62
256
6
ByLayer
49
0.5
62
256
6
ByLayer
0
RASTERVARIABLES
5
2f9
330

100
AcDbRasterVariables
90
0
70
1
71
1
72
1
0
ENDSEC
0
EOF
