0
SECTION
2
HEADER
9
$ACADVER
1
AC1015
9
$DWGCODEPAGE
3
ANSI_1252
9
$HANDSEED
5
28e
9
$ANGBASE
50
0
9
$ANGDIR
70
0
9
$ATTMODE
70
1
9
$AUNITS
70
0
9
$AUPREC
70
0
9
$CECOLOR
62
256
9
$CELTSCALE
40
1
9
$CELTYPE
6
ByLayer
9
$CELWEIGHT
370
18
9
$CLAYER
8
0
9
$CMLJUST
70
0
9
$CMLSCALE
40
1
9
$CMLSTYLE
2
Standard
9
$DIMSTYLE
2
Standard
9
$TEXTSIZE
40
0.2
9
$TEXTSTYLE
7
Standard
9
$LUNITS
70
2
9
$LUPREC
70
4
9
$EXTNAMES
290
1
9
$INSUNITS
70
4
9
$LTSCALE
40
1
9
$LWDISPLAY
290
1
9
$PDMODE
70
0
9
$PDSIZE
40
0
9
$PLINEGEN
70
0
0
ENDSEC
0
SECTION
2
CLASSES
0
CLASS
1
RASTERVARIABLES
2
AcDbRasterVariables
3
ISM
90
0
280
0
281
0
0
ENDSEC
0
SECTION
2
TABLES
0
TABLE
2
VPORT
5
284
100
AcDbSymbolTable
0
VPORT
5
1
100
AcDbSymbolTableRecord
100
AcDbViewportTableRecord
2
*Active
70
0
10
0
20
0
11
1
21
1
12
-1
22
1
13
0
23
0
14
0.5
24
0.5
15
10
25
10
16
0
26
0
36
1
17
0
27
0
37
0
0
ENDTAB
0
TABLE
2
LTYPE
5
285
100
AcDbSymbolTable
0
LTYPE
5
14
100
AcDbSymbolTableRecord
100
AcDbLinetypeTableRecord
70
0
2
ByBlock
3

72
65
73
0
40
0
0
LTYPE
5
15
100
AcDbSymbolTableRecord
100
AcDbLinetypeTableRecord
70
0
2
ByLayer
3

72
65
73
0
40
0
0
LTYPE
5
16
100
AcDbSymbolTableRecord
100
AcDbLinetypeTableRecord
70
0
2
Continuous
3
Solid line
72
65
73
0
40
0
0
LTYPE
5
6E
100
AcDbSymbolTableRecord
100
AcDbLinetypeTableRecord
70
0
2
CENTER
3
____ _ ____ _ ____ _ ____
72
65
73
4
40
47.5
49
22
74
0
49
-8.5
74
0
49
8.5
74
0
49
-8.5
74
0
0
LTYPE
5
6F
100
AcDbSymbolTableRecord
100
AcDbLinetypeTableRecord
70
0
2
DASHED
3
__ __ __ __ __ __ __ __ __
72
65
73
2
40
25.72
49
12.86
74
0
49
-12.86
74
0
0
ENDTAB
0
TABLE
2
LAYER
5
286
100
AcDbSymbolTable
0
LAYER
5
10
100
AcDbSymbolTableRecord
100
AcDbLayerTableRecord
2
0
70
0
62
7
6
Continuous
290
1
370
-3
390
0
0
LAYER
5
71
100
AcDbSymbolTableRecord
100
AcDbLayerTableRecord
2
80
70
0
62
-6
6
Continuous
290
1
370
-3
390
0
0
LAYER
5
73
100
AcDbSymbolTableRecord
100
AcDbLayerTableRecord
2
1
70
0
62
4
6
Continuous
290
1
370
-3
390
0
0
LAYER
5
75
100
AcDbSymbolTableRecord
100
AcDbLayerTableRecord
2
81
70
0
62
-3
6
Continuous
290
1
370
-3
390
0
0
LAYER
5
7A
100
AcDbSymbolTableRecord
100
AcDbLayerTableRecord
2
4
70
0
62
-2
6
CENTER
290
1
370
-3
390
0
0
LAYER
5
C5
100
AcDbSymbolTableRecord
100
AcDbLayerTableRecord
2
2
70
0
62
7
6
Continuous
290
1
370
-3
390
0
0
LAYER
5
1E1
100
AcDbSymbolTableRecord
100
AcDbLayerTableRecord
2
Defpoints
70
0
62
7
6
Continuous
290
0
370
-3
390
0
0
LAYER
5
270
100
AcDbSymbolTableRecord
100
AcDbLayerTableRecord
2
SK4
70
0
62
2
6
CENTER
290
1
370
-3
390
0
0
LAYER
5
271
100
AcDbSymbolTableRecord
100
AcDbLayerTableRecord
2
SK1
70
0
62
4
6
Continuous
290
1
370
-3
390
0
0
LAYER
5
272
100
AcDbSymbolTableRecord
100
AcDbLayerTableRecord
2
SK2
70
0
62
7
6
Continuous
290
1
370
-3
390
0
0
LAYER
5
273
100
AcDbSymbolTableRecord
100
AcDbLayerTableRecord
2
SK6
70
0
62
5
6
Continuous
290
1
370
-3
390
0
0
ENDTAB
0
TABLE
2
STYLE
5
287
100
AcDbSymbolTable
0
STYLE
5
11
100
AcDbSymbolTableRecord
100
AcDbTextStyleTableRecord
2
Standard
3
txt
70
0
71
0
40
0
41
1
42
0
50
0
0
STYLE
5
1BD
100
AcDbSymbolTableRecord
100
AcDbTextStyleTableRecord
2
iso_b_vert
3
simplex.shx
70
0
71
0
40
0
41
1
42
0
50
0
0
STYLE
5
1BE
100
AcDbSymbolTableRecord
100
AcDbTextStyleTableRecord
2
DWGDirectTextStyle
3
simplex
70
0
71
0
40
0
41
1
42
0
50
0
0
ENDTAB
0
TABLE
2
DIMSTYLE
5
288
100
AcDbSymbolTable
100
AcDbDimStyleTable
0
DIMSTYLE
105
27
100
AcDbSymbolTableRecord
100
AcDbDimStyleTableRecord
2
Standard
70
0
3
<>
41
0.18
42
0.0625
44
0.18
140
0.18
147
0.09
73
0
74
0
77
1
271
2
275
0
278
52
280
0
340
11
0
ENDTAB
0
TABLE
2
VIEW
5
289
100
AcDbSymbolTable
0
ENDTAB
0
TABLE
2
UCS
5
28a
100
AcDbSymbolTable
0
ENDTAB
0
TABLE
2
APPID
5
28b
100
AcDbSymbolTable
0
APPID
5
12
100
AcDbSymbolTableRecord
100
AcDbRegAppTableRecord
2
ACAD
70
0
0
APPID
5
1DD
100
AcDbSymbolTableRecord
100
AcDbRegAppTableRecord
2
ACAD_DSTYLE_DIMBREAK
70
0
0
APPID
5
22F
100
AcDbSymbolTableRecord
100
AcDbRegAppTableRecord
2
ACAD_DSTYLE_DIM_LINETYPE
70
0
0
APPID
5
230
100
AcDbSymbolTableRecord
100
AcDbRegAppTableRecord
2
ACAD_DSTYLE_DIM_EXT1_LINETYPE
70
0
0
APPID
5
231
100
AcDbSymbolTableRecord
100
AcDbRegAppTableRecord
2
ACAD_DSTYLE_DIM_EXT2_LINETYPE
70
0
0
APPID
5
26C
100
AcDbSymbolTableRecord
100
AcDbRegAppTableRecord
2
ACAD_MLEADERVER
70
0
0
ENDTAB
0
TABLE
2
BLOCK_RECORD
5
28c
100
AcDbSymbolTable
0
BLOCK_RECORD
5
1F
100
AcDbSymbolTableRecord
100
AcDbBlockTableRecord
2
*Model_Space
340
0
70
0
0
BLOCK_RECORD
5
1B
100
AcDbSymbolTableRecord
100
AcDbBlockTableRecord
2
*Paper_Space
340
0
70
0
0
BLOCK_RECORD
5
23
100
AcDbSymbolTableRecord
100
AcDbBlockTableRecord
2
*Paper_Space0
340
0
70
0
0
BLOCK_RECORD
5
1E2
100
AcDbSymbolTableRecord
100
AcDbBlockTableRecord
2
*D1
340
0
70
0
0
BLOCK_RECORD
5
1EF
100
AcDbSymbolTableRecord
100
AcDbBlockTableRecord
2
_U0
340
0
70
0
0
BLOCK_RECORD
5
1FB
100
AcDbSymbolTableRecord
100
AcDbBlockTableRecord
2
*D3
340
0
70
0
0
BLOCK_RECORD
5
207
100
AcDbSymbolTableRecord
100
AcDbBlockTableRecord
2
_U1
340
0
70
0
0
ENDTAB
0
ENDSEC
0
SECTION
2
BLOCKS
0
BLOCK
5
20
100
AcDbEntity
8
0
100
AcDbBlockBegin
2
*Model_Space
70
0
10
0
20
0
30
0
3
*Model_Space
0
ENDBLK
5
21
100
AcDbEntity
8
0
100
AcDbBlockEnd
0
BLOCK
5
1C
100
AcDbEntity
8
0
100
AcDbBlockBegin
2
*Paper_Space
70
0
10
0
20
0
30
0
3
*Paper_Space
0
ENDBLK
5
1D
100
AcDbEntity
8
0
100
AcDbBlockEnd
0
BLOCK
5
24
100
AcDbEntity
8
0
100
AcDbBlockBegin
2
*Paper_Space0
70
0
10
0
20
0
30
0
3
*Paper_Space0
0
ENDBLK
5
25
100
AcDbEntity
8
0
100
AcDbBlockEnd
0
BLOCK
5
1E3
100
AcDbEntity
8
0
100
AcDbBlockBegin
2
*D1
70
1
10
0
20
0
30
0
3
*D1
0
LINE
5
1E5
100
AcDbEntity
8
0
62
256
6
ByLayer
370
-2
48
1
60
0
100
AcDbLine
10
250
20
21.5875
30
0
11
250
21
34.25
31
0
39
0
210
0
220
0
230
1
0
LINE
5
1E6
100
AcDbEntity
8
0
62
256
6
ByLayer
370
-2
48
1
60
0
100
AcDbLine
10
241
20
21.5875
30
0
11
241
21
34.25
31
0
39
0
210
0
220
0
230
1
0
LINE
5
1E7
100
AcDbEntity
8
0
62
256
6
ByLayer
370
-2
48
1
60
0
100
AcDbLine
10
253.5
20
32.25
30
0
11
257
21
32.25
31
0
39
0
210
0
220
0
230
1
0
LINE
5
1E8
100
AcDbEntity
8
0
62
256
6
ByLayer
370
-2
48
1
60
0
100
AcDbLine
10
237.5
20
32.25
30
0
11
234
21
32.25
31
0
39
0
210
0
220
0
230
1
0
SOLID
5
1E9
100
AcDbEntity
8
0
62
256
6
ByLayer
370
-1
48
1
60
0
100
AcDbTrace
10
253.5
20
32.833333
30
0
11
253.5
21
31.666667
31
0
12
250
22
32.25
32
0
13
250
23
32.25
33
0
39
0
210
0
220
0
230
1
0
SOLID
5
1EA
100
AcDbEntity
8
0
62
256
6
ByLayer
370
-1
48
1
60
0
100
AcDbTrace
10
237.5
20
31.666667
30
0
11
237.5
21
32.833333
31
0
12
241
22
32.25
32
0
13
241
23
32.25
33
0
39
0
210
0
220
0
230
1
0
MTEXT
5
1EB
100
AcDbEntity
8
0
62
256
6
ByLayer
370
18
48
1
60
0
100
AcDbMText
10
245.5
20
39.25
30
0
210
0
220
0
230
1
1
\A1;9
40
3.5
41
0
44
1
50
0
71
5
72
5
7
iso_b_vert
0
POINT
5
1EC
100
AcDbEntity
8
Defpoints
62
0
6
ByLayer
370
-1
48
1
60
0
100
AcDbPoint
10
250
20
20
30
0
39
0
210
0
220
0
230
1
50
360
0
POINT
5
1ED
100
AcDbEntity
8
Defpoints
62
0
6
ByLayer
370
-1
48
1
60
0
100
AcDbPoint
10
241
20
20
30
0
39
0
210
0
220
0
230
1
50
360
0
POINT
5
1EE
100
AcDbEntity
8
Defpoints
62
0
6
ByLayer
370
-1
48
1
60
0
100
AcDbPoint
10
241
20
32.25
30
0
39
0
210
0
220
0
230
1
50
360
0
ENDBLK
5
1E4
100
AcDbEntity
8
0
100
AcDbBlockEnd
0
BLOCK
5
1F6
100
AcDbEntity
8
0
100
AcDbBlockBegin
2
_U0
70
0
10
0
20
0
30
0
3
_U0
0
MTEXT
5
1F0
100
AcDbEntity
8
2
62
256
6
ByLayer
370
18
48
1
60
0
100
AcDbMText
10
244.902767
20
33.282634
30
0
210
0
220
0
230
1
1
\W0.5742;9
40
3.5
41
0
44
1.084337
50
0
71
7
72
5
7
iso_b_vert
0
LINE
5
1F1
100
AcDbEntity
8
2
62
256
6
ByLayer
370
13
48
1
60
0
100
AcDbLine
10
250
20
21.5875
30
0
11
250
21
34.25
31
0
39
0
210
0
220
0
230
1
0
LINE
5
1F2
100
AcDbEntity
8
2
62
256
6
ByLayer
370
13
48
1
60
0
100
AcDbLine
10
241
20
21.5875
30
0
11
241
21
34.25
31
0
39
0
210
0
220
0
230
1
0
LINE
5
1F3
100
AcDbEntity
8
2
62
256
6
ByLayer
370
13
48
1
60
0
100
AcDbLine
10
250
20
32.25
30
0
11
241
21
32.25
31
0
39
0
210
0
220
0
230
1
0
SOLID
5
1F4
100
AcDbEntity
8
2
62
256
6
ByLayer
370
18
48
1
60
0
100
AcDbTrace
10
250
20
32.25
30
0
11
246.500002
21
31.789216
31
0
12
246.499998
22
32.710784
32
0
13
246.499998
23
32.710784
33
0
39
0
210
0
220
0
230
1
0
SOLID
5
1F5
100
AcDbEntity
8
2
62
256
6
ByLayer
370
18
48
1
60
0
100
AcDbTrace
10
241
20
32.25
30
0
11
244.499998
21
32.710784
31
0
12
244.500002
22
31.789216
32
0
13
244.500002
23
31.789216
33
0
39
0
210
0
220
0
230
1
0
ENDBLK
5
1F7
100
AcDbEntity
8
0
100
AcDbBlockEnd
0
BLOCK
5
1FC
100
AcDbEntity
8
0
100
AcDbBlockBegin
2
*D3
70
1
10
0
20
0
30
0
3
*D3
0
LINE
5
1FE
100
AcDbEntity
8
0
62
256
6
ByLayer
370
-2
48
1
60
0
100
AcDbLine
10
250
20
-21.5875
30
0
11
250
21
-37.75
31
0
39
0
210
0
220
0
230
1
0
LINE
5
1FF
100
AcDbEntity
8
0
62
256
6
ByLayer
370
-2
48
1
60
0
100
AcDbLine
10
61
20
-17.5835
30
0
11
61
21
-37.75
31
0
39
0
210
0
220
0
230
1
0
LINE
5
200
100
AcDbEntity
8
0
62
256
6
ByLayer
370
-2
48
1
60
0
100
AcDbLine
10
246.5
20
-35.75
30
0
11
64.5
21
-35.75
31
0
39
0
210
0
220
0
230
1
0
SOLID
5
201
100
AcDbEntity
8
0
62
256
6
ByLayer
370
-1
48
1
60
0
100
AcDbTrace
10
246.5
20
-36.333333
30
0
11
246.5
21
-35.166667
31
0
12
250
22
-35.75
32
0
13
250
23
-35.75
33
0
39
0
210
0
220
0
230
1
0
SOLID
5
202
100
AcDbEntity
8
0
62
256
6
ByLayer
370
-1
48
1
60
0
100
AcDbTrace
10
64.5
20
-35.166667
30
0
11
64.5
21
-36.333333
31
0
12
61
22
-35.75
32
0
13
61
23
-35.75
33
0
39
0
210
0
220
0
230
1
0
MTEXT
5
203
100
AcDbEntity
8
0
62
256
6
ByLayer
370
18
48
1
60
0
100
AcDbMText
10
155.5
20
-28.75
30
0
210
0
220
0
230
1
1
\A1;189
40
3.5
41
0
44
1
50
0
71
5
72
5
7
iso_b_vert
0
POINT
5
204
100
AcDbEntity
8
Defpoints
62
0
6
ByLayer
370
-1
48
1
60
0
100
AcDbPoint
10
250
20
-20
30
0
39
0
210
0
220
0
230
1
50
360
0
POINT
5
205
100
AcDbEntity
8
Defpoints
62
0
6
ByLayer
370
-1
48
1
60
0
100
AcDbPoint
10
61
20
-15.996
30
0
39
0
210
0
220
0
230
1
50
360
0
POINT
5
206
100
AcDbEntity
8
Defpoints
62
0
6
ByLayer
370
-1
48
1
60
0
100
AcDbPoint
10
61
20
-35.75
30
0
39
0
210
0
220
0
230
1
50
360
0
ENDBLK
5
1FD
100
AcDbEntity
8
0
100
AcDbBlockEnd
0
BLOCK
5
20F
100
AcDbEntity
8
0
100
AcDbBlockBegin
2
_U1
70
0
10
0
20
0
30
0
3
_U1
0
MTEXT
5
208
100
AcDbEntity
8
SK2
62
256
6
ByLayer
370
18
48
1
60
0
100
AcDbMText
10
144.454201
20
-34.717366
30
0
210
0
220
0
230
1
1
\W0.7298;OHX =
40
3.5
41
0
44
1.084337
50
0
71
7
72
5
7
iso_b_vert
0
MTEXT
5
209
100
AcDbEntity
8
SK2
62
256
6
ByLayer
370
18
48
1
60
0
100
AcDbMText
10
160.995267
20
-34.717366
30
0
210
0
220
0
230
1
1
\W0.6328;189
40
3.5
41
0
44
1.084337
50
0
71
7
72
5
7
iso_b_vert
0
LINE
5
20A
100
AcDbEntity
8
SK2
62
256
6
ByLayer
370
13
48
1
60
0
100
AcDbLine
10
250
20
-21.5875
30
0
11
250
21
-37.75
31
0
39
0
210
0
220
0
230
1
0
LINE
5
20B
100
AcDbEntity
8
SK2
62
256
6
ByLayer
370
13
48
1
60
0
100
AcDbLine
10
61
20
-17.5835
30
0
11
61
21
-37.75
31
0
39
0
210
0
220
0
230
1
0
LINE
5
20C
100
AcDbEntity
8
SK2
62
256
6
ByLayer
370
13
48
1
60
0
100
AcDbLine
10
250
20
-35.75
30
0
11
61
21
-35.75
31
0
39
0
210
0
220
0
230
1
0
SOLID
5
20D
100
AcDbEntity
8
SK2
62
256
6
ByLayer
370
18
48
1
60
0
100
AcDbTrace
10
250
20
-35.75
30
0
11
246.500002
21
-36.210784
31
0
12
246.499998
22
-35.289216
32
0
13
246.499998
23
-35.289216
33
0
39
0
210
0
220
0
230
1
0
SOLID
5
20E
100
AcDbEntity
8
SK2
62
256
6
ByLayer
370
18
48
1
60
0
100
AcDbTrace
10
61
20
-35.75
30
0
11
64.499998
21
-35.289216
31
0
12
64.500002
22
-36.210784
32
0
13
64.500002
23
-36.210784
33
0
39
0
210
0
220
0
230
1
0
ENDBLK
5
210
100
AcDbEntity
8
0
100
AcDbBlockEnd
0
ENDSEC
0
SECTION
2
ENTITIES
0
ARC
5
D7
100
AcDbEntity
8
1
62
256
6
ByLayer
370
18
48
1
60
0
100
AcDbCircle
39
0
10
220.413343
20
16.496
30
0
40
0.8
210
0
220
0
230
1
100
AcDbArc
50
270
51
282.364472
0
ARC
5
D8
100
AcDbEntity
8
1
62
256
6
ByLayer
370
18
48
1
60
0
100
AcDbCircle
39
0
10
220.413343
20
-16.496
30
0
40
0.8
210
0
220
0
230
1
100
AcDbArc
50
77.635528
51
90
0
ARC
5
D9
100
AcDbEntity
8
1
62
256
6
ByLayer
370
18
48
1
60
0
100
AcDbCircle
39
0
10
217.6245
20
16.496
30
0
40
0.799999999999996
210
0
220
0
230
1
100
AcDbArc
50
218.682187
51
270
0
ARC
5
DA
100
AcDbEntity
8
1
62
256
6
ByLayer
370
18
48
1
60
0
100
AcDbCircle
39
0
10
217.6245
20
-16.496
30
0
40
0.799999999999996
210
0
220
0
230
1
100
AcDbArc
50
90
51
141.317813
0
ELLIPSE
5
DB
100
AcDbEntity
8
1
62
256
6
ByLayer
370
13
48
1
60
0
100
AcDbEllipse
10
239.632677
20
16.574643
30
0
11
0.925390213678484
21
-0.379015768046778
31
0
210
0
220
0
230
1
40
0.106268
41
-2.17132078142859
42
-1.43469473247299
0
ELLIPSE
5
DC
100
AcDbEntity
8
1
62
256
6
ByLayer
370
13
48
1
60
0
100
AcDbEllipse
10
239.49743
20
16.057659
30
0
11
0.992572399813282
21
-0.121655378544893
31
0
210
0
220
0
230
1
40
0.163521
41
-2.20615803253322
42
-1.3539150538644
0
ELLIPSE
5
DD
100
AcDbEntity
8
1
62
256
6
ByLayer
370
13
48
1
60
0
100
AcDbEllipse
10
241.704852
20
14.181373
30
0
11
0.196609385111687
21
1.23444106772499
31
0
210
0
220
0
230
1
40
0.858311
41
2.55949495280519
42
2.74095748260109
0
ELLIPSE
5
DE
100
AcDbEntity
8
1
62
256
6
ByLayer
370
13
48
1
60
0
100
AcDbEllipse
10
239.402237
20
15.280991
30
0
11
0.992572399813282
21
-0.121655378544893
31
0
210
0
220
0
230
1
40
0.163521
41
-2.21378794496482
42
-1.28060021414847
0
ELLIPSE
5
DF
100
AcDbEntity
8
1
62
256
6
ByLayer
370
18
48
1
60
0
100
AcDbEllipse
10
126.921731
20
11.209999
30
0
11
124.575570922509
21
2.0250624881941
31
0
210
0
220
0
230
1
40
0.001982
41
0.232706941877554
42
0.405978469356634
0
ELLIPSE
5
E0
100
AcDbEntity
8
1
62
256
6
ByLayer
370
18
48
1
60
0
100
AcDbEllipse
10
243.781181
20
14.018893
30
0
11
3.85686318305592
21
1.06798610527026
31
0
210
0
220
0
230
1
40
0.05725
41
-2.4680976577742
42
-2.26196838406709
0
ELLIPSE
5
E1
100
AcDbEntity
8
1
62
256
6
ByLayer
370
13
48
1
60
0
100
AcDbEllipse
10
240.613328
20
13.942749
30
0
11
-0.0240295707627675
21
0.99971124817567
31
0
210
0
220
0
230
1
40
0.172242
41
-2.91673188101725
42
-2.72953407991994
0
ELLIPSE
5
E2
100
AcDbEntity
8
1
62
256
6
ByLayer
370
18
48
1
60
0
100
AcDbEllipse
10
249.076253
20
13.893156
30
0
11
1.37553460491801
21
-2.15305701057286
31
0
210
0
220
0
230
1
40
0.427213
41
-1.59955490491755
42
-1.5594073405427
0
ELLIPSE
5
E3
100
AcDbEntity
8
1
62
256
6
ByLayer
370
18
48
1
60
0
100
AcDbEllipse
10
249.371436
20
13.626099
30
0
11
1.19409799542865
21
0.505046431408291
31
0
210
0
220
0
230
1
40
0.776951
41
2.8902462213023
42
3.01988035855647
0
ELLIPSE
5
E4
100
AcDbEntity
8
1
62
256
6
ByLayer
370
18
48
1
60
0
100
AcDbEllipse
10
239.377755
20
-21.723087
30
0
11
13.3933877606032
21
9.73234475620636
31
0
210
0
220
0
230
1
40
0.072124
41
1.34457569968867
42
1.35575062738694
0
ELLIPSE
5
E5
100
AcDbEntity
8
1
62
256
6
ByLayer
370
18
48
1
60
0
100
AcDbEllipse
10
245.138165
20
16.326566
30
0
11
0.721109594913046
21
0.684713306519117
31
0
210
0
220
0
230
1
40
0.967679
41
-0.186049364896599
42
0.304072060478706
0
ELLIPSE
5
E6
100
AcDbEntity
8
1
62
256
6
ByLayer
370
18
48
1
60
0
100
AcDbEllipse
10
245.138165
20
16.326566
30
0
11
0.721109594913046
21
0.684713306519117
31
0
210
0
220
0
230
1
40
0.967679
41
0.304072060478666
42
1.35126961167527
0
ELLIPSE
5
E7
100
AcDbEntity
8
1
62
256
6
ByLayer
370
18
48
1
60
0
100
AcDbEllipse
10
245.138165
20
16.326566
30
0
11
0.721109594913046
21
0.684713306519117
31
0
210
0
220
0
230
1
40
0.967679
41
1.35126961167527
42
2.39846716287187
0
ELLIPSE
5
E8
100
AcDbEntity
8
1
62
256
6
ByLayer
370
18
48
1
60
0
100
AcDbEllipse
10
245.138165
20
16.326566
30
0
11
-0.721109594913047
21
-0.684713306519116
31
0
210
0
220
0
230
1
40
0.967679
41
-0.743125490717882
42
-0.0912121342248276
0
ELLIPSE
5
E9
100
AcDbEntity
8
1
62
256
6
ByLayer
370
18
48
1
60
0
100
AcDbEllipse
10
245.138165
20
16.326566
30
0
11
0.721109594913046
21
0.684713306519117
31
0
210
0
220
0
230
1
40
0.967679
41
-2.75801571822073
42
-2.36476004089123
0
ELLIPSE
5
EA
100
AcDbEntity
8
1
62
256
6
ByLayer
370
18
48
1
60
0
100
AcDbEllipse
10
244.575988
20
17.279701
30
0
11
0.25728124277755
21
0.158055187351451
31
0
210
0
220
0
230
1
40
0.472759
41
-2.86618604063533
42
-1.57930138009022
0
ELLIPSE
5
EB
100
AcDbEntity
8
1
62
256
6
ByLayer
370
18
48
1
60
0
100
AcDbEllipse
10
244.575988
20
17.279701
30
0
11
0.257281242774113
21
0.158055187346911
31
0
210
0
220
0
230
1
40
0.472759
41
-1.57930138007475
42
-0.292416719511784
0
ELLIPSE
5
EC
100
AcDbEntity
8
1
62
256
6
ByLayer
370
18
48
1
60
0
100
AcDbEllipse
10
244.164403
20
16.855626
30
0
11
0.150335272466965
21
0.261405813818538
31
0
210
0
220
0
230
1
40
0.474014
41
-0.149393225858136
42
2.58783709560326
0
ELLIPSE
5
ED
100
AcDbEntity
8
1
62
256
6
ByLayer
370
18
48
1
60
0
100
AcDbEllipse
10
244.01381
20
16.28975
30
0
11
0.00304348477681509
21
0.297174467396414
31
0
210
0
220
0
230
1
40
0.488031
41
-2.83669889497439
42
-1.5498142344225
0
ELLIPSE
5
EE
100
AcDbEntity
8
1
62
256
6
ByLayer
370
18
48
1
60
0
100
AcDbEllipse
10
244.01381
20
16.28975
30
0
11
0.00304348477953329
21
0.297174467396409
31
0
210
0
220
0
230
1
40
0.488031
41
-1.54981423440126
42
-0.262929573849062
0
ELLIPSE
5
EF
100
AcDbEntity
8
1
62
256
6
ByLayer
370
18
48
1
60
0
100
AcDbEllipse
10
245.138165
20
17.448457
30
0
11
0.297741480403207
21
0.0127587251173303
31
0
210
0
220
0
230
1
40
0.485333
41
1.18337437587496
42
-3.00151395091917
0
ELLIPSE
5
F0
100
AcDbEntity
8
1
62
256
6
ByLayer
370
18
48
1
60
0
100
AcDbEllipse
10
245.700343
20
17.316517
30
0
11
0.258795936365701
21
-0.138514008272046
31
0
210
0
220
0
230
1
40
0.500268
41
-2.19350831383907
42
-1.58332556330089
0
ELLIPSE
5
F1
100
AcDbEntity
8
1
62
256
6
ByLayer
370
18
48
1
60
0
100
AcDbEllipse
10
245.700343
20
17.316517
30
0
11
0.258795936359244
21
-0.138514008271709
31
0
210
0
220
0
230
1
40
0.500268
41
-1.5833255632811
42
-0.296440902719221
0
ELLIPSE
5
F2
100
AcDbEntity
8
1
62
256
6
ByLayer
370
18
48
1
60
0
100
AcDbEllipse
10
244.164403
20
15.733735
30
0
11
0.147719699103093
21
-0.253160623311555
31
0
210
0
220
0
230
1
40
0.501724
41
2.99008631519278
42
-1.84201387504509
0
ELLIPSE
5
F3
100
AcDbEntity
8
1
62
256
6
ByLayer
370
18
48
1
60
0
100
AcDbEllipse
10
246.111928
20
16.919396
30
0
11
0.147719699103061
21
-0.253160623311535
31
0
210
0
220
0
230
1
40
0.501724
41
2.74865851823444
42
-2.97135286839228
0
ELLIPSE
5
F4
100
AcDbEntity
8
1
62
256
6
ByLayer
370
18
48
1
60
0
100
AcDbEllipse
10
244.886376
20
16.59174
30
0
11
0.934781097468486
21
0.887600249163785
31
0
210
0
220
0
230
1
40
0.967679
41
2.92206593847019
42
-2.31392181751281
0
ELLIPSE
5
F5
100
AcDbEntity
8
1
62
256
6
ByLayer
370
18
48
1
60
0
100
AcDbEllipse
10
244.886376
20
16.59174
30
0
11
0.934781097468486
21
0.887600249163785
31
0
210
0
220
0
230
1
40
0.967679
41
1.8748683872736
42
2.92206593847019
0
ELLIPSE
5
F6
100
AcDbEntity
8
1
62
256
6
ByLayer
370
18
48
1
60
0
100
AcDbEllipse
10
244.886376
20
16.59174
30
0
11
0.934781097468486
21
0.887600249163785
31
0
210
0
220
0
230
1
40
0.967679
41
0.82767083607701
42
1.8748683872736
0
ELLIPSE
5
F7
100
AcDbEntity
8
1
62
256
6
ByLayer
370
18
48
1
60
0
100
AcDbEllipse
10
244.886376
20
16.59174
30
0
11
0.934781097468486
21
0.887600249163785
31
0
210
0
220
0
230
1
40
0.967679
41
-0.219526715119587
42
0.82767083607701
0
ELLIPSE
5
F8
100
AcDbEntity
8
1
62
256
6
ByLayer
370
18
48
1
60
0
100
AcDbEllipse
10
244.886376
20
16.59174
30
0
11
0.934781097468486
21
0.887600249163785
31
0
210
0
220
0
230
1
40
0.967679
41
-1.26672426631621
42
-0.219526715119587
0
ELLIPSE
5
F9
100
AcDbEntity
8
1
62
256
6
ByLayer
370
18
48
1
60
0
100
AcDbEllipse
10
244.886376
20
16.59174
30
0
11
0.934781097468486
21
0.887600249163785
31
0
210
0
220
0
230
1
40
0.967679
41
-2.31392181751281
42
-1.26672426631621
0
ELLIPSE
5
FA
100
AcDbEntity
8
1
62
256
6
ByLayer
370
13
48
1
60
0
100
AcDbEllipse
10
244.886376
20
16.59174
30
0
11
1.08775582498951
21
1.03285394185305
31
0
210
0
220
0
230
1
40
0.967679
41
0
42
6.28318530717959
0
ELLIPSE
5
FB
100
AcDbEntity
8
1
62
256
6
ByLayer
370
18
48
1
60
0
100
AcDbEllipse
10
244.897404
20
16.580125
30
0
11
1.45034109998601
21
1.3771385891374
31
0
210
0
220
0
230
1
40
0.967679
41
0
42
6.28318530717959
0
ELLIPSE
5
FC
100
AcDbEntity
8
1
62
256
6
ByLayer
370
18
48
1
60
0
100
AcDbEllipse
10
245.129483
20
16.33571
30
0
11
1.38256912459355
21
1.31278724270178
31
0
210
0
220
0
230
1
40
0.967679
41
-1.04520949322977
42
-0.743125860919434
0
ELLIPSE
5
FD
100
AcDbEntity
8
1
62
256
6
ByLayer
370
18
48
1
60
0
100
AcDbEllipse
10
245.129483
20
16.33571
30
0
11
1.38256912459355
21
1.31278724270178
31
0
210
0
220
0
230
1
40
0.967679
41
-2.86998365197439
42
-2.09646448362524
0
ELLIPSE
5
FE
100
AcDbEntity
8
1
62
256
6
ByLayer
370
18
48
1
60
0
100
AcDbEllipse
10
245.129483
20
16.33571
30
0
11
1.38256912459355
21
1.31278724270178
31
0
210
0
220
0
230
1
40
0.967679
41
-0.743125327125457
42
-0.271592131541619
0
ELLIPSE
5
FF
100
AcDbEntity
8
1
62
256
6
ByLayer
370
13
48
1
60
0
100
AcDbEllipse
10
245.113546
20
16.352494
30
0
11
1.44310237692697
21
1.37026522337483
31
0
210
0
220
0
230
1
40
0.967679
41
-0.715832653853758
42
0
0
ELLIPSE
5
100
100
AcDbEntity
8
1
62
256
6
ByLayer
370
13
48
1
60
0
100
AcDbEllipse
10
245.113546
20
16.352494
30
0
11
1.44310237692697
21
1.37026522337483
31
0
210
0
220
0
230
1
40
0.967679
41
0
42
0.0506175911880671
0
ELLIPSE
5
101
100
AcDbEntity
8
1
62
256
6
ByLayer
370
13
48
1
60
0
100
AcDbEllipse
10
245.113546
20
16.352494
30
0
11
1.44310237692697
21
1.37026522337483
31
0
210
0
220
0
230
1
40
0.967679
41
3.09099191566104
42
-2.42574287437244
0
ELLIPSE
5
102
100
AcDbEntity
8
1
62
256
6
ByLayer
370
13
48
1
60
0
100
AcDbEllipse
10
245.063876
20
16.404804
30
0
11
1.53671266137025
21
1.45915075178482
31
0
210
0
220
0
230
1
40
0.967679
41
0.0582751410935834
42
0.54944371216523
0
ELLIPSE
5
103
100
AcDbEntity
8
1
62
256
6
ByLayer
370
18
48
1
60
0
100
AcDbEllipse
10
245.063876
20
16.404804
30
0
11
1.53671266137025
21
1.45915075178482
31
0
210
0
220
0
230
1
40
0.967679
41
-0.35965499142033
42
0
0
ELLIPSE
5
104
100
AcDbEntity
8
1
62
256
6
ByLayer
370
18
48
1
60
0
100
AcDbEllipse
10
245.063876
20
16.404804
30
0
11
1.53671266137025
21
1.45915075178482
31
0
210
0
220
0
230
1
40
0.967679
41
0
42
0.0582749809101885
0
ELLIPSE
5
105
100
AcDbEntity
8
1
62
256
6
ByLayer
370
18
48
1
60
0
100
AcDbEllipse
10
245.063876
20
16.404804
30
0
11
1.53671266137025
21
1.45915075178482
31
0
210
0
220
0
230
1
40
0.967679
41
3.13556331839922
42
-2.78192107130327
0
ELLIPSE
5
106
100
AcDbEntity
8
1
62
256
6
ByLayer
370
13
48
1
60
0
100
AcDbEllipse
10
245.063876
20
16.404804
30
0
11
1.53671266137025
21
1.45915075178482
31
0
210
0
220
0
230
1
40
0.967679
41
2.59206800121912
42
3.13556331839923
0
ELLIPSE
5
107
100
AcDbEntity
8
1
62
256
6
ByLayer
370
18
48
1
60
0
100
AcDbEllipse
10
244.890536
20
16.587358
30
0
11
-1.61279598037869
21
-1.53139394657339
31
0
210
0
220
0
230
1
40
0.967679
41
0
42
6.28318530717959
0
POINT
5
70
100
AcDbEntity
8
80
62
256
6
ByLayer
370
18
48
1
60
0
100
AcDbPoint
10
0
20
0
30
0
39
0
210
0
220
0
230
1
50
360
0
POINT
5
72
100
AcDbEntity
8
1
62
256
6
ByLayer
370
18
48
1
60
0
100
AcDbPoint
10
61
20
0
30
0
39
0
210
0
220
0
230
1
50
360
0
POINT
5
74
100
AcDbEntity
8
81
62
256
6
ByLayer
370
18
48
1
60
0
100
AcDbPoint
10
250
20
20
30
0
39
0
210
0
220
0
230
1
50
360
0
POINT
5
76
100
AcDbEntity
8
1
62
256
6
ByLayer
370
18
48
1
60
1
100
AcDbPoint
10
241
20
20
30
0
39
0
210
0
220
0
230
1
50
360
0
POINT
5
77
100
AcDbEntity
8
1
62
256
6
ByLayer
370
18
48
1
60
1
100
AcDbPoint
10
250
20
-20
30
0
39
0
210
0
220
0
230
1
50
360
0
POINT
5
78
100
AcDbEntity
8
1
62
256
6
ByLayer
370
18
48
1
60
1
100
AcDbPoint
10
61
20
-15.996
30
0
39
0
210
0
220
0
230
1
50
360
0
SPLINE
5
108
100
AcDbEntity
8
1
62
256
6
ByLayer
370
18
48
1
60
0
100
AcDbSpline
70
4
71
3
72
8
73
4
40
0
40
0
40
0
40
0
40
1
40
1
40
1
40
1
41
1
10
240.275128050379
20
19.0103809376217
30
0
41
1
10
240.228839209096
20
19.0073016859829
30
0
41
1
10
240.183523738815
20
19.0030234705922
30
0
41
1
10
240.139146728136
20
18.9976652065431
30
0
0
SPLINE
5
109
100
AcDbEntity
8
1
62
256
6
ByLayer
370
18
48
1
60
0
100
AcDbSpline
70
4
71
3
72
8
73
4
40
0
40
0
40
0
40
0
40
1
40
1
40
1
40
1
41
1
10
240.13914672814
20
18.9976652065395
30
0
41
1
10
240.080029769299
20
18.9905271801062
30
0
41
1
10
240.023611924099
20
18.9844043586002
30
0
41
1
10
239.970071145409
20
18.979292867925
30
0
0
SPLINE
5
10A
100
AcDbEntity
8
1
62
256
6
ByLayer
370
18
48
1
60
0
100
AcDbSpline
70
4
71
3
72
10
73
6
40
0
40
0
40
0
40
0
40
0.403857323189799
40
0.403857323189799
40
1
40
1
40
1
40
1
41
1
10
241.223483235061
20
13.1312444235766
30
0
41
1
10
241.208830156396
20
13.1431673648597
30
0
41
1
10
241.194323227169
20
13.1556489185876
30
0
41
1
10
241.159094030049
20
13.1876518688586
30
0
41
1
10
241.138729995564
20
13.2076496348667
30
0
41
1
10
241.118999990218
20
13.2285478688998
30
0
0
SPLINE
5
10B
100
AcDbEntity
8
1
62
256
6
ByLayer
370
18
48
1
60
0
100
AcDbSpline
70
4
71
3
72
12
73
8
40
0
40
0
40
0
40
0
40
0.0898976483846669
40
0.0898976483846669
40
0.534935054964824
40
0.534935054964824
40
1
40
1
40
1
40
1
41
1
10
248.342997771318
20
13.1524093636324
30
0
41
1
10
248.342997771318
20
13.1588560286741
30
0
41
1
10
248.342997771318
20
13.1653226688492
30
0
41
1
10
248.342997771318
20
13.2038849032761
30
0
41
1
10
248.342997771318
20
13.236111458766
30
0
41
1
10
248.342997771318
20
13.3023018720596
30
0
41
1
10
248.342997771318
20
13.3362779000176
30
0
41
1
10
248.342997771318
20
13.370406363632
30
0
0
SPLINE
5
10C
100
AcDbEntity
8
1
62
256
6
ByLayer
370
18
48
1
60
0
100
AcDbSpline
70
4
71
3
72
42
73
38
40
0
40
0
40
0
40
0
40
0.0816409921798232
40
0.0816409921798232
40
0.163281984359646
40
0.163281984359646
40
0.326563968719292
40
0.326563968719292
40
0.367384464809201
40
0.367384464809201
40
0.40820496089911
40
0.40820496089911
40
0.489845953078936
40
0.489845953078936
40
0.571486945258763
40
0.571486945258763
40
0.612307441348666
40
0.612307441348666
40
0.653127937438569
40
0.653127937438569
40
0.734768929618375
40
0.734768929618375
40
0.755179177663311
40
0.755179177663311
40
0.775589425708247
40
0.775589425708247
40
0.816409921798153
40
0.816409921798153
40
0.857230417888058
40
0.857230417888058
40
0.877640665933033
40
0.877640665933033
40
0.898050913978009
40
0.898050913978009
40
0.979691906157911
40
0.979691906157911
40
1
40
1
40
1
40
1
41
1
10
239.700447714819
20
14.0156534323997
30
0
41
1
10
239.692235102472
20
13.9755524455106
30
0
41
1
10
239.685631009872
20
13.9358903516523
30
0
41
1
10
239.675545633664
20
13.8574086702942
30
0
41
1
10
239.672120874101
20
13.8190160435604
30
0
41
1
10
239.666479424065
20
13.7064783613814
30
0
41
1
10
239.668791544694
20
13.6348324682196
30
0
41
1
10
239.679697624972
20
13.5493409810153
30
0
41
1
10
239.682287070223
20
13.5324704924546
30
0
41
1
10
239.688242215067
20
13.4995125124021
30
0
41
1
10
239.691613449849
20
13.4833769623035
30
0
41
1
10
239.702932862913
20
13.4359698263465
30
0
41
1
10
239.71207571531
20
13.4056965710508
30
0
41
1
10
239.733908781211
20
13.3476910732273
30
0
41
1
10
239.746588671836
20
13.3199605405922
30
0
41
1
10
239.768877804764
20
13.2801950164771
30
0
41
1
10
239.77686947618
20
13.2672350916042
30
0
41
1
10
239.793903161564
20
13.2422194758502
30
0
41
1
10
239.802965276196
20
13.2301232385093
30
0
41
1
10
239.832041163095
20
13.1950142232872
30
0
41
1
10
239.853880633131
20
13.1731808688676
30
0
41
1
10
239.885804289003
20
13.1476750367889
30
0
41
1
10
239.892447175673
20
13.1426480320874
30
0
41
1
10
239.906143763963
20
13.1328556619301
30
0
41
1
10
239.913191737036
20
13.1280924397573
30
0
41
1
10
239.934978788032
20
13.1141921401351
30
0
41
1
10
239.950361190936
20
13.1054435370829
30
0
41
1
10
239.983086385272
20
13.0889495667824
30
0
41
1
10
240.000431259959
20
13.0812037410572
30
0
41
1
10
240.028081159057
20
13.0703375909768
30
0
41
1
10
240.03757822103
20
13.0668410067294
30
0
41
1
10
240.056736666794
20
13.0602297153944
30
0
41
1
10
240.066443747734
20
13.0570961358458
30
0
41
1
10
240.115576232083
20
13.0422364378592
30
0
41
1
10
240.156807587616
20
13.0329031242313
30
0
41
1
10
240.209941544333
20
13.0239248453836
30
0
41
1
10
240.220511325958
20
13.0222838402806
30
0
41
1
10
240.231068522535
20
13.02078150198
30
0
0
SPLINE
5
10D
100
AcDbEntity
8
1
62
256
6
ByLayer
370
18
48
1
60
0
100
AcDbSpline
70
4
71
3
72
10
73
6
40
0
40
0
40
0
40
0
40
0.4014663957103
40
0.4014663957103
40
1
40
1
40
1
40
1
41
1
10
240.494226644137
20
13.0079758904933
30
0
41
1
10
240.522387493666
20
13.0089806628727
30
0
41
1
10
240.550523617544
20
13.0106971651303
30
0
41
1
10
240.62056530156
20
13.0166752481564
30
0
41
1
10
240.662449766563
20
13.0217749011819
30
0
41
1
10
240.704309056546
20
13.0283726167532
30
0
0
SPLINE
5
10E
100
AcDbEntity
8
1
62
256
6
ByLayer
370
18
48
1
60
0
100
AcDbSpline
70
4
71
3
72
8
73
4
40
0
40
0
40
0
40
0
40
1
40
1
40
1
40
1
41
1
10
239.721886863954
20
14.1354252177906
30
0
41
1
10
239.71561946063
20
14.0951323088606
30
0
41
1
10
239.708542528594
20
14.0551792260662
30
0
41
1
10
239.700447714819
20
14.0156534323997
30
0
0
SPLINE
5
10F
100
AcDbEntity
8
1
62
256
6
ByLayer
370
18
48
1
60
0
100
AcDbSpline
70
4
71
3
72
8
73
4
40
0
40
0
40
0
40
0
40
1
40
1
40
1
40
1
41
1
10
240.804612267019
20
13.0463849754984
30
0
41
1
10
240.771451770995
20
13.0397142835537
30
0
41
1
10
240.738046740102
20
13.0336902329916
30
0
41
1
10
240.704309056546
20
13.0283726167532
30
0
0
SPLINE
5
110
100
AcDbEntity
8
1
62
256
6
ByLayer
370
18
48
1
60
0
100
AcDbSpline
70
4
71
3
72
12
73
8
40
0
40
0
40
0
40
0
40
0.358198541886285
40
0.358198541886285
40
0.71639708377257
40
0.71639708377257
40
1
40
1
40
1
40
1
41
1
10
248.172164008941
20
13.2810265135836
30
0
41
1
10
248.176804785784
20
13.2648742527832
30
0
41
1
10
248.181784080605
20
13.248784282553
30
0
41
1
10
248.192426031888
20
13.2167304547065
30
0
41
1
10
248.198099607086
20
13.2007413446432
30
0
41
1
10
248.208786606202
20
13.1724584074794
30
0
41
1
10
248.213696816583
20
13.1600689595165
30
0
41
1
10
248.218792370976
20
13.1477855577631
30
0
0
SPLINE
5
111
100
AcDbEntity
8
1
62
256
6
ByLayer
370
18
48
1
60
0
100
AcDbSpline
70
4
71
3
72
17
73
13
40
0
40
0
40
0
40
0
40
0.125000000000007
40
0.125000000000007
40
0.250000000000015
40
0.250000000000015
40
0.50000000000001
40
0.750000000000005
40
0.750000000000005
40
0.875000000000002
40
0.875000000000002
40
1
40
1
40
1
40
1
41
1
10
248.138530008872
20
13.2374293126914
30
0
41
1
10
248.140968855433
20
13.2297529416984
30
0
41
1
10
248.143370090041
20
13.2224239613737
30
0
41
1
10
248.148005805517
20
13.2085937061635
30
0
41
1
10
248.1502464731
20
13.2020726827156
30
0
41
1
10
248.156675050816
20
13.1836699526465
30
0
41
1
10
248.164463540512
20
13.1622196845365
30
0
41
1
10
248.170042196026
20
13.1469011896581
30
0
41
1
10
248.173155487863
20
13.1377922501865
30
0
41
1
10
248.174014772135
20
13.1351536022717
30
0
41
1
10
248.175335482957
20
13.1306982661138
30
0
41
1
10
248.175793508218
20
13.1288907931604
30
0
41
1
10
248.176034178692
20
13.1275200814877
30
0
0
SPLINE
5
112
100
AcDbEntity
8
1
62
256
6
ByLayer
370
18
48
1
60
0
100
AcDbSpline
70
4
71
3
72
14
73
10
40
0
40
0
40
0
40
0
40
0.250000000000035
40
0.250000000000035
40
0.374999999999983
40
0.374999999999983
40
0.499999999999931
40
0.499999999999931
40
1
40
1
40
1
40
1
41
1
10
241.697790436444
20
-18.59879060403
30
0
41
1
10
241.668985947098
20
-18.615539898665
30
0
41
1
10
241.641396202739
20
-18.6332440833946
30
0
41
1
10
241.60175738888
20
-18.6613952376172
30
0
41
1
10
241.588835555098
20
-18.6710450074755
30
0
41
1
10
241.563562501909
20
-18.6909073391707
30
0
41
1
10
241.551183683611
20
-18.7011448315964
30
0
41
1
10
241.491116086619
20
-18.7534417229797
30
0
41
1
10
241.44880989349
20
-18.7988121094154
30
0
41
1
10
241.411038797085
20
-18.8484439650243
30
0
0
SPLINE
5
113
100
AcDbEntity
8
1
62
256
6
ByLayer
370
18
48
1
60
0
100
AcDbSpline
70
4
71
3
72
8
73
4
40
0
40
0
40
0
40
0
40
1
40
1
40
1
40
1
41
1
10
241.697790436441
20
-18.5987906040256
30
0
41
1
10
241.687675385628
20
-18.5512678428416
30
0
41
1
10
241.677249068038
20
-18.5037273880036
30
0
41
1
10
241.666515060449
20
-18.4561694428303
30
0
0
SPLINE
5
114
100
AcDbEntity
8
1
62
256
6
ByLayer
370
18
48
1
60
0
100
AcDbSpline
70
4
71
3
72
8
73
4
40
0
40
0
40
0
40
0
40
1
40
1
40
1
40
1
41
1
10
239.970071145409
20
18.9792928679274
30
0
41
1
10
239.673587603033
20
18.2213986676362
30
0
41
1
10
239.375674589898
20
17.4642348351694
30
0
41
1
10
239.076531401324
20
16.7076820083003
30
0
0
SPLINE
5
115
100
AcDbEntity
8
1
62
256
6
ByLayer
370
18
48
1
60
0
100
AcDbSpline
70
4
71
3
72
10
73
6
40
0
40
0
40
0
40
0
40
0.5
40
0.5
40
1
40
1
40
1
40
1
41
1
10
238.179644934755
20
18.5886680824704
30
0
41
1
10
238.477663657183
20
18.6547884075173
30
0
41
1
10
238.775741864187
20
18.7204363819704
30
0
41
1
10
239.372312811392
20
18.8507066424406
30
0
41
1
10
239.670764343352
20
18.9153363190243
30
0
41
1
10
239.970071145409
20
18.9792928679252
30
0
0
SPLINE
5
116
100
AcDbEntity
8
1
62
256
6
ByLayer
370
18
48
1
60
0
100
AcDbSpline
70
4
71
3
72
8
73
4
40
0
40
0
40
0
40
0
40
1
40
1
40
1
40
1
41
1
10
238.179644934755
20
18.5886680824704
30
0
41
1
10
238.059591753938
20
18.5620323218918
30
0
41
1
10
237.938808986695
20
18.5461723547531
30
0
41
1
10
237.817332716837
20
18.5409017924282
30
0
0
SPLINE
5
117
100
AcDbEntity
8
1
62
256
6
ByLayer
370
18
48
1
60
0
100
AcDbSpline
70
4
71
3
72
12
73
8
40
0
40
0
40
0
40
0
40
0.249999999999994
40
0.249999999999994
40
0.499999999999987
40
0.499999999999987
40
1
40
1
40
1
40
1
41
1
10
234.716642144817
20
18.3904090537577
30
0
41
1
10
234.975923780357
20
18.4038873669408
30
0
41
1
10
235.234924867749
20
18.4172192119085
30
0
41
1
10
235.75239983818
20
18.4434746505289
30
0
41
1
10
236.010871186256
20
18.456398051388
30
0
41
1
10
236.785692261999
20
18.4943367578616
30
0
41
1
10
237.301416428432
20
18.518517429164
30
0
41
1
10
237.817332716837
20
18.540901792428
30
0
0
SPLINE
5
118
100
AcDbEntity
8
1
62
256
6
ByLayer
370
18
48
1
60
0
100
AcDbSpline
70
4
71
3
72
9
73
5
40
0
40
0
40
0
40
0
40
0.5
40
1
40
1
40
1
40
1
41
1
10
234.288382816622
20
18.3230322759024
30
0
41
1
10
234.359090149268
20
18.3417791891057
30
0
41
1
10
234.501185158883
20
18.3716568006226
30
0
41
1
10
234.644600774854
20
18.3866641061277
30
0
41
1
10
234.716642144817
20
18.3904090537577
30
0
0
SPLINE
5
119
100
AcDbEntity
8
1
62
256
6
ByLayer
370
18
48
1
60
0
100
AcDbSpline
70
4
71
3
72
48
73
44
40
0
40
0
40
0
40
0
40
0.0692424923928312
40
0.138484984785662
40
0.138484984785662
40
0.173106230982077
40
0.173106230982077
40
0.207727477178492
40
0.207727477178492
40
0.276969969571322
40
0.276969969571322
40
0.311591215767736
40
0.311591215767736
40
0.328901838865944
40
0.328901838865944
40
0.346212461964153
40
0.346212461964153
40
0.380833708160559
40
0.380833708160559
40
0.415454954356966
40
0.415454954356966
40
0.484697446749779
40
0.484697446749779
40
0.553939939142592
40
0.553939939142592
40
0.588561185339005
40
0.588561185339005
40
0.623182431535419
40
0.623182431535419
40
0.692424923928262
40
0.692424923928262
40
0.761667416321105
40
0.761667416321105
40
0.796288662517527
40
0.796288662517527
40
0.813599285615737
40
0.813599285615737
40
0.830909908713948
40
0.900152401106791
40
0.900152401106791
40
0.969394893499635
40
0.969394893499635
40
1
40
1
40
1
40
1
41
1
10
238.791177520121
20
15.224040016649
30
0
41
1
10
238.781676828921
20
15.1509436909482
30
0
41
1
10
238.770475942094
20
15.0050607070571
30
0
41
1
10
238.774605351081
20
14.8597734549387
30
0
41
1
10
238.78354999214
20
14.7510301507551
30
0
41
1
10
238.787523077286
20
14.7147285788674
30
0
41
1
10
238.797369892298
20
14.6428268564127
30
0
41
1
10
238.803240623768
20
14.6071942826733
30
0
41
1
10
238.823648353504
20
14.5012341369273
30
0
41
1
10
238.840973084173
20
14.4318415165955
30
0
41
1
10
238.87250041667
20
14.3296041436288
30
0
41
1
10
238.883934866434
20
14.2958342745793
30
0
41
1
10
238.902487522096
20
14.2456468903207
30
0
41
1
10
238.908905515041
20
14.2289957151346
30
0
41
1
10
238.922210949836
20
14.1958502831718
30
0
41
1
10
238.929129925413
20
14.179357639488
30
0
41
1
10
238.950146738137
20
14.1300941782873
30
0
41
1
10
238.964618255341
20
14.0975077244223
30
0
41
1
10
238.994335286809
20
14.0330819038597
30
0
41
1
10
239.009535270883
20
14.0013581491399
30
0
41
1
10
239.056329801726
20
13.9076828955699
30
0
41
1
10
239.089095877744
20
13.8472217474904
30
0
41
1
10
239.158587249931
20
13.7304915761017
30
0
41
1
10
239.195320057732
20
13.674224636817
30
0
41
1
10
239.254169458344
20
13.5931988600173
30
0
41
1
10
239.274411967397
20
13.5667532152024
30
0
41
1
10
239.316292017853
20
13.515032242717
30
0
41
1
10
239.337990723387
20
13.4896928437877
30
0
41
1
10
239.404765562963
20
13.4162032597576
30
0
41
1
10
239.451599304658
20
13.370450086722
30
0
41
1
10
239.550581593087
20
13.2854054919473
30
0
41
1
10
239.602724720866
20
13.2461111807471
30
0
41
1
10
239.685479632733
20
13.1920630612682
30
0
41
1
10
239.71382257967
20
13.1748635274973
30
0
41
1
10
239.757559427701
20
13.1503071904854
30
0
41
1
10
239.772371185066
20
13.1423144353404
30
0
41
1
10
239.802242222508
20
13.1268372944633
30
0
41
1
10
239.877541035482
20
13.0894096111844
30
0
41
1
10
239.955968326267
20
13.0581552639186
30
0
41
1
10
240.085641484311
20
13.0156578341225
30
0
41
1
10
240.15257017109
20
12.9981606000249
30
0
41
1
10
240.252278515867
20
12.9783300846134
30
0
41
1
10
240.283274436585
20
12.9729858046675
30
0
41
1
10
240.314718033761
20
12.9683903303812
30
0
0
SPLINE
5
11A
100
AcDbEntity
8
1
62
256
6
ByLayer
370
18
48
1
60
0
100
AcDbSpline
70
4
71
3
72
10
73
6
40
0
40
0
40
0
40
0
40
0.605183772462771
40
0.605183772462771
40
1
40
1
40
1
40
1
41
1
10
238.892358057899
20
15.9992244374183
30
0
41
1
10
238.871857790231
20
15.8428700100577
30
0
41
1
10
238.851415401815
20
15.6865013961871
30
0
41
1
10
238.817720655743
20
15.4280987276132
30
0
41
1
10
238.804439099763
20
15.3260718293174
30
0
41
1
10
238.791177520121
20
15.2240400166492
30
0
0
SPLINE
5
11B
100
AcDbEntity
8
1
62
256
6
ByLayer
370
18
48
1
60
0
100
AcDbSpline
70
4
71
3
72
12
73
8
40
0
40
0
40
0
40
0
40
0.500000000000021
40
0.500000000000021
40
0.75000000000001
40
0.75000000000001
40
1
40
1
40
1
40
1
41
1
10
239.076531401324
20
16.7076820083003
30
0
41
1
10
239.031283735414
20
16.5932476809926
30
0
41
1
10
238.99326132942
20
16.4768522617265
30
0
41
1
10
238.947064258209
20
16.2993091349614
30
0
41
1
10
238.933473901536
20
16.2395925553465
30
0
41
1
10
238.910092261753
20
16.1197933740833
30
0
41
1
10
238.90027915762
20
16.0596382344916
30
0
41
1
10
238.892358057899
20
15.9992244374181
30
0
0
SPLINE
5
11C
100
AcDbEntity
8
1
62
256
6
ByLayer
370
18
48
1
60
0
100
AcDbSpline
70
4
71
3
72
68
73
64
40
0
40
0
40
0
40
0
40
0.174603896723369
40
0.174603896723369
40
0.196429383813792
40
0.196429383813792
40
0.201885755586391
40
0.201885755586391
40
0.20734212735899
40
0.218254870904197
40
0.218254870904197
40
0.261905845085033
40
0.261905845085033
40
0.305556819265869
40
0.305556819265869
40
0.316469562811076
40
0.316469562811076
40
0.327382306356283
40
0.327382306356283
40
0.349207793446705
40
0.349207793446705
40
0.39285876762755
40
0.39285876762755
40
0.436509741808394
40
0.436509741808394
40
0.458335228898821
40
0.458335228898821
40
0.469247972444038
40
0.469247972444038
40
0.480160715989256
40
0.480160715989256
40
0.523811690170142
40
0.523811690170142
40
0.567462664351027
40
0.567462664351027
40
0.611113638531914
40
0.611113638531914
40
0.622026382077133
40
0.622026382077133
40
0.632939125622353
40
0.654764612712793
40
0.654764612712793
40
0.698415586893667
40
0.698415586893667
40
0.720241073984106
40
0.720241073984106
40
0.731153817529326
40
0.731153817529326
40
0.742066561074545
40
0.742066561074545
40
0.785717535255424
40
0.785717535255424
40
0.807543022345863
40
0.807543022345863
40
0.812999394118472
40
0.812999394118472
40
0.818455765891081
40
0.818455765891081
40
0.829368509436297
40
0.829368509436297
40
0.873019483617159
40
0.873019483617159
40
1
40
1
40
1
40
1
41
1
10
234.288382816622
20
-18.3230322759042
30
0
41
1
10
233.789562670559
20
-18.1907781286704
30
0
41
1
10
233.290067692472
20
-18.0579957156851
30
0
41
1
10
232.727892268271
20
-17.9081641430774
30
0
41
1
10
232.665424685008
20
-17.8915081445397
30
0
41
1
10
232.58733144097
20
-17.8706832119783
30
0
41
1
10
232.571717115693
20
-17.8665124101982
30
0
41
1
10
232.540456171404
20
-17.8582070535159
30
0
41
1
10
232.493516687648
20
-17.8458030035307
30
0
41
1
10
232.446441232738
20
-17.8335523172472
30
0
41
1
10
232.289236096007
20
-17.7930435790878
30
0
41
1
10
232.162550497531
20
-17.7616879013588
30
0
41
1
10
231.907261832675
20
-17.7012391114503
30
0
41
1
10
231.778663835331
20
-17.6721401246461
30
0
41
1
10
231.616672647642
20
-17.6372523038608
30
0
41
1
10
231.584211989669
20
-17.6303492055549
30
0
41
1
10
231.519163583809
20
-17.6166946026516
30
0
41
1
10
231.486534323027
20
-17.6099347081009
30
0
41
1
10
231.38876797686
20
-17.5899507765725
30
0
41
1
10
231.323878311879
20
-17.5770464803059
30
0
41
1
10
231.130062842139
20
-17.5395624485693
30
0
41
1
10
231.001986435137
20
-17.5162086353186
30
0
41
1
10
230.748156374026
20
-17.4727213166
30
0
41
1
10
230.622398752405
20
-17.4525826478771
30
0
41
1
10
230.435589484481
20
-17.4247388729466
30
0
41
1
10
230.373625581267
20
-17.4158527174304
30
0
41
1
10
230.281162300712
20
-17.4031194246916
30
0
41
1
10
230.250421599547
20
-17.3989741964313
30
0
41
1
10
230.189104514015
20
-17.390881243434
30
0
41
1
10
230.158592576461
20
-17.3869422097342
30
0
41
1
10
230.007260380145
20
-17.3678360953143
30
0
41
1
10
229.889618473586
20
-17.3543646246777
30
0
41
1
10
229.661377473574
20
-17.330805732526
30
0
41
1
10
229.550773626081
20
-17.3207163749094
30
0
41
1
10
229.336974197634
20
-17.3036800475852
30
0
41
1
10
229.233794624395
20
-17.2967441121978
30
0
41
1
10
229.109963812764
20
-17.2899604251469
30
0
41
1
10
229.085414515016
20
-17.2886959373422
30
0
41
1
10
229.037129894505
20
-17.2863663988864
30
0
41
1
10
228.965877284455
20
-17.2831678920592
30
0
41
1
10
228.898155735856
20
-17.2808252622893
30
0
41
1
10
228.767513700144
20
-17.2772163656542
30
0
41
1
10
228.686780697632
20
-17.276234529539
30
0
41
1
10
228.575733618728
20
-17.2766405740973
30
0
41
1
10
228.540402157913
20
-17.2770914464659
30
0
41
1
10
228.490057801836
20
-17.2782221424533
30
0
41
1
10
228.47371804538
20
-17.2786745565462
30
0
41
1
10
228.441944032692
20
-17.2797267553655
30
0
41
1
10
228.42656108149
20
-17.280325059213
30
0
41
1
10
228.352461710431
20
-17.2836476457833
30
0
41
1
10
228.30180072205
20
-17.2873547386208
30
0
41
1
10
228.238946002269
20
-17.2942533346829
30
0
41
1
10
228.220188371977
20
-17.2967768259998
30
0
41
1
10
228.199477658849
20
-17.3001784698259
30
0
41
1
10
228.195476538427
20
-17.3008722276357
30
0
41
1
10
228.187787786796
20
-17.3022936674982
30
0
41
1
10
228.184096225104
20
-17.3030203198895
30
0
41
1
10
228.173137755227
20
-17.3051613913845
30
0
41
1
10
228.165914180277
20
-17.3065188125242
30
0
41
1
10
228.130135510499
20
-17.3129362640504
30
0
41
1
10
228.102650305662
20
-17.3169017962072
30
0
41
1
10
228.000217581834
20
-17.3277343431367
30
0
41
1
10
227.934492303824
20
-17.3257430993205
30
0
41
1
10
227.879839071969
20
-17.3137700914104
30
0
0
SPLINE
5
11D
100
AcDbEntity
8
1
62
256
6
ByLayer
370
18
48
1
60
0
100
AcDbSpline
70
4
71
3
72
108
73
104
40
0
40
0
40
0
40
0
40
0.0624999999999579
40
0.0624999999999579
40
0.0703124999999527
40
0.0703124999999527
40
0.0722656249999498
40
0.0722656249999498
40
0.0742187499999469
40
0.0781249999999443
40
0.0781249999999443
40
0.0937499999999277
40
0.0937499999999277
40
0.109374999999911
40
0.109374999999911
40
0.113281249999908
40
0.113281249999908
40
0.117187499999904
40
0.117187499999904
40
0.124999999999901
40
0.124999999999901
40
0.140624999999894
40
0.140624999999894
40
0.156249999999887
40
0.156249999999887
40
0.164062499999883
40
0.164062499999883
40
0.167968749999883
40
0.167968749999883
40
0.171874999999883
40
0.171874999999883
40
0.187499999999882
40
0.187499999999882
40
0.20312499999988
40
0.20312499999988
40
0.218749999999879
40
0.218749999999879
40
0.222656249999879
40
0.222656249999879
40
0.226562499999879
40
0.234374999999878
40
0.234374999999878
40
0.249999999999879
40
0.249999999999879
40
0.257812499999879
40
0.257812499999879
40
0.261718749999879
40
0.261718749999879
40
0.26562499999988
40
0.26562499999988
40
0.281249999999883
40
0.281249999999883
40
0.289062499999886
40
0.289062499999886
40
0.291015624999886
40
0.291015624999886
40
0.292968749999887
40
0.292968749999887
40
0.296874999999888
40
0.296874999999888
40
0.312499999999892
40
0.312499999999892
40
0.374999999999909
40
0.374999999999909
40
0.437499999999925
40
0.437499999999925
40
0.468749999999933
40
0.468749999999933
40
0.499999999999941
40
0.499999999999941
40
0.507812499999943
40
0.507812499999943
40
0.515624999999945
40
0.531249999999949
40
0.531249999999949
40
0.562499999999957
40
0.562499999999957
40
0.624999999999972
40
0.624999999999972
40
0.640624999999976
40
0.640624999999976
40
0.656249999999981
40
0.656249999999981
40
0.687499999999989
40
0.687499999999989
40
0.750000000000005
40
0.750000000000005
40
0.781250000000012
40
0.781250000000012
40
0.796875000000015
40
0.804687500000015
40
0.804687500000015
40
0.812500000000015
40
0.812500000000015
40
0.875000000000009
40
0.875000000000009
40
0.937500000000003
40
0.937500000000003
40
0.953125000000002
40
0.953125000000002
40
0.968750000000001
40
0.968750000000001
40
1
40
1
40
1
40
1
41
1
10
234.288382816622
20
18.3230322759024
30
0
41
1
10
233.789562670559
20
18.1907781286687
30
0
41
1
10
233.290067692472
20
18.0579957156834
30
0
41
1
10
232.727892268272
20
17.9081641430758
30
0
41
1
10
232.665424685008
20
17.8915081445381
30
0
41
1
10
232.587331440971
20
17.8706832119767
30
0
41
1
10
232.571717115694
20
17.8665124101966
30
0
41
1
10
232.540456171404
20
17.8582070535143
30
0
41
1
10
232.493516687648
20
17.8458030035291
30
0
41
1
10
232.446441232738
20
17.8335523172456
30
0
41
1
10
232.289236096008
20
17.7930435790863
30
0
41
1
10
232.162550497531
20
17.7616879013572
30
0
41
1
10
231.907261832676
20
17.7012391114488
30
0
41
1
10
231.778663835332
20
17.6721401246445
30
0
41
1
10
231.616672647643
20
17.6372523038592
30
0
41
1
10
231.58421198967
20
17.6303492055534
30
0
41
1
10
231.519163583811
20
17.6166946026501
30
0
41
1
10
231.486534323029
20
17.6099347080994
30
0
41
1
10
231.388767976862
20
17.589950776571
30
0
41
1
10
231.32387831188
20
17.5770464803044
30
0
41
1
10
231.13006284214
20
17.5395624485678
30
0
41
1
10
231.001986435138
20
17.5162086353171
30
0
41
1
10
230.748156374027
20
17.4727213165984
30
0
41
1
10
230.622398752406
20
17.4525826478756
30
0
41
1
10
230.435589484483
20
17.4247388729451
30
0
41
1
10
230.373625581269
20
17.4158527174288
30
0
41
1
10
230.281162300713
20
17.40311942469
30
0
41
1
10
230.250421599549
20
17.3989741964298
30
0
41
1
10
230.189104514017
20
17.3908812434324
30
0
41
1
10
230.158592576462
20
17.3869422097327
30
0
41
1
10
230.007260380146
20
17.3678360953128
30
0
41
1
10
229.889618473587
20
17.3543646246761
30
0
41
1
10
229.661377473575
20
17.3308057325244
30
0
41
1
10
229.550773626082
20
17.3207163749078
30
0
41
1
10
229.336974197636
20
17.3036800475836
30
0
41
1
10
229.233794624397
20
17.2967441121962
30
0
41
1
10
229.109963812765
20
17.2899604251453
30
0
41
1
10
229.085414515017
20
17.2886959373405
30
0
41
1
10
229.037129894506
20
17.2863663988847
30
0
41
1
10
228.965877284456
20
17.2831678920575
30
0
41
1
10
228.898155735857
20
17.2808252622876
30
0
41
1
10
228.767513700145
20
17.2772163656525
30
0
41
1
10
228.686780697633
20
17.2762345295373
30
0
41
1
10
228.575733618729
20
17.2766405740955
30
0
41
1
10
228.540402157914
20
17.2770914464641
30
0
41
1
10
228.490057801837
20
17.2782221424516
30
0
41
1
10
228.473718045381
20
17.2786745565444
30
0
41
1
10
228.441944032693
20
17.2797267553637
30
0
41
1
10
228.426561081491
20
17.2803250592112
30
0
41
1
10
228.352461710432
20
17.2836476457816
30
0
41
1
10
228.301800722051
20
17.287354738619
30
0
41
1
10
228.23894600227
20
17.2942533346811
30
0
41
1
10
228.220188371978
20
17.2967768259981
30
0
41
1
10
228.19947765885
20
17.3001784698241
30
0
41
1
10
228.195476538428
20
17.3008722276339
30
0
41
1
10
228.187787786797
20
17.3022936674964
30
0
41
1
10
228.184096225104
20
17.3030203198878
30
0
41
1
10
228.173137755227
20
17.3051613913828
30
0
41
1
10
228.165914180278
20
17.3065188125224
30
0
41
1
10
228.1301355105
20
17.3129362640486
30
0
41
1
10
228.102650305663
20
17.3169017962055
30
0
41
1
10
227.971628529778
20
17.3307577153201
30
0
41
1
10
227.886669808354
20
17.3228355025892
30
0
41
1
10
227.759428177297
20
17.2693455444364
30
0
41
1
10
227.717145839908
20
17.2237803473169
30
0
41
1
10
227.690042420976
20
17.1273105274554
30
0
41
1
10
227.68708402801
20
17.0904651625159
30
0
41
1
10
227.694351775369
20
17.0073985271426
30
0
41
1
10
227.704576415665
20
16.9611770640057
30
0
41
1
10
227.726401107775
20
16.8975377447689
30
0
41
1
10
227.731216954695
20
16.8845246548391
30
0
41
1
10
227.741732586699
20
16.8580135651617
30
0
41
1
10
227.758842770147
20
16.8174874543617
30
0
41
1
10
227.779997995961
20
16.774727362075
30
0
41
1
10
227.827806123691
20
16.6863477368451
30
0
41
1
10
227.867004607064
20
16.6236147374481
30
0
41
1
10
228.007563603957
20
16.4249486182503
30
0
41
1
10
228.131822586994
20
16.2785249016039
30
0
41
1
10
228.329579465095
20
16.0815099719629
30
0
41
1
10
228.371257611176
20
16.0414095250941
30
0
41
1
10
228.458994429942
20
15.9599092826249
30
0
41
1
10
228.505068844588
20
15.9184957838331
30
0
41
1
10
228.64997018921
20
15.7925400448472
30
0
41
1
10
228.754395886421
20
15.707219332153
30
0
41
1
10
229.090964091047
20
15.4488369759239
30
0
41
1
10
229.346365903436
20
15.2733611591346
30
0
41
1
10
229.775834024129
20
15.0115823988931
30
0
41
1
10
229.926723451727
20
14.9245586937522
30
0
41
1
10
230.164682132063
20
14.7951384063626
30
0
41
1
10
230.286568047781
20
14.730706921944
30
0
41
1
10
230.412822509444
20
14.6668352006948
30
0
41
1
10
230.497964199177
20
14.624394164181
30
0
41
1
10
230.54105983568
20
14.6032250799734
30
0
41
1
10
230.932331844627
20
14.4138709247907
30
0
41
1
10
231.303612986699
20
14.2542101728043
30
0
41
1
10
232.088498499429
20
13.9573594392299
30
0
41
1
10
232.502083669544
20
13.8201200202755
30
0
41
1
10
233.043807044474
20
13.6656477149878
30
0
41
1
10
233.153390450304
20
13.635604668039
30
0
41
1
10
233.374996007428
20
13.577286426633
30
0
41
1
10
233.4870810822
20
13.5489976262872
30
0
41
1
10
233.825867480128
20
13.4671224886598
30
0
41
1
10
234.055397165324
20
13.4164464648297
30
0
41
1
10
234.288382816622
20
13.3697671905708
30
0
0
SPLINE
5
11E
100
AcDbEntity
8
1
62
256
6
ByLayer
370
18
48
1
60
0
100
AcDbSpline
70
4
71
3
72
9
73
5
40
0
40
0
40
0
40
0
40
0.5
40
1
40
1
40
1
40
1
41
1
10
234.288382816622
20
-18.3230322759042
30
0
41
1
10
234.359090149268
20
-18.3417791891074
30
0
41
1
10
234.501185158883
20
-18.3716568006244
30
0
41
1
10
234.644600774854
20
-18.3866641061295
30
0
41
1
10
234.716642144817
20
-18.3904090537594
30
0
0
SPLINE
5
11F
100
AcDbEntity
8
1
62
256
6
ByLayer
370
18
48
1
60
0
100
AcDbSpline
70
4
71
3
72
12
73
8
40
0
40
0
40
0
40
0
40
0.500000000000082
40
0.500000000000082
40
0.750000000000041
40
0.750000000000041
40
1
40
1
40
1
40
1
41
1
10
234.716642144817
20
13.2879050756157
30
0
41
1
10
234.641876375341
20
13.301566112819
30
0
41
1
10
234.568776204186
20
13.3152241858812
30
0
41
1
10
234.461406257736
20
13.3357509774591
30
0
41
1
10
234.42599906881
20
13.3425996576142
30
0
41
1
10
234.356393583172
20
13.356220895618
30
0
41
1
10
234.322131540288
20
13.3630055470143
30
0
41
1
10
234.288382816622
20
13.369767190571
30
0
0
SPLINE
5
120
100
AcDbEntity
8
1
62
256
6
ByLayer
370
18
48
1
60
0
100
AcDbSpline
70
4
71
3
72
12
73
8
40
0
40
0
40
0
40
0
40
0.25
40
0.25
40
0.5
40
0.5
40
1
40
1
40
1
40
1
41
1
10
234.716642144817
20
-18.3904090537594
30
0
41
1
10
234.975923780357
20
-18.4038873669425
30
0
41
1
10
235.234924867749
20
-18.4172192119102
30
0
41
1
10
235.75239983818
20
-18.4434746505307
30
0
41
1
10
236.010871186256
20
-18.4563980513898
30
0
41
1
10
236.785692261998
20
-18.4943367578634
30
0
41
1
10
237.301416428432
20
-18.5185174291657
30
0
41
1
10
237.817332716837
20
-18.5409017924298
30
0
0
SPLINE
5
121
100
AcDbEntity
8
1
62
256
6
ByLayer
370
18
48
1
60
0
100
AcDbSpline
70
4
71
3
72
18
73
14
40
0
40
0
40
0
40
0
40
0.125000000000007
40
0.125000000000007
40
0.250000000000013
40
0.250000000000013
40
0.37500000000002
40
0.37500000000002
40
0.500000000000026
40
0.500000000000026
40
0.750000000000013
40
0.750000000000013
40
1
40
1
40
1
40
1
41
1
10
237.817332716836
20
12.9461030011466
30
0
41
1
10
237.68651184312
20
12.9514222766421
30
0
41
1
10
237.55577275868
20
12.957883465821
30
0
41
1
10
237.294606330935
20
12.9729862422202
30
0
41
1
10
237.164170777522
20
12.9815513205182
30
0
41
1
10
236.903613265841
20
13.0008234409134
30
0
41
1
10
236.773497828915
20
13.0115754959468
30
0
41
1
10
236.513624010073
20
13.0355047685168
30
0
41
1
10
236.38384009609
20
13.0486707123429
30
0
41
1
10
235.995582404202
20
13.0915453393053
30
0
41
1
10
235.738011368137
20
13.1246380119586
30
0
41
1
10
235.225403711038
20
13.1996418938992
30
0
41
1
10
234.970364783056
20
13.2415454323644
30
0
41
1
10
234.716642144817
20
13.2879050756156
30
0
0
SPLINE
5
122
100
AcDbEntity
8
1
62
256
6
ByLayer
370
18
48
1
60
0
100
AcDbSpline
70
4
71
3
72
8
73
4
40
0
40
0
40
0
40
0
40
1
40
1
40
1
40
1
41
1
10
238.179644934755
20
-18.5886680824722
30
0
41
1
10
238.059591753938
20
-18.5620323218936
30
0
41
1
10
237.938808986695
20
-18.5461723547549
30
0
41
1
10
237.817332716836
20
-18.54090179243
30
0
0
SPLINE
5
123
100
AcDbEntity
8
1
62
256
6
ByLayer
370
18
48
1
60
0
100
AcDbSpline
70
4
71
3
72
10
73
6
40
0
40
0
40
0
40
0
40
0.5
40
0.5
40
1
40
1
40
1
40
1
41
1
10
237.817332716836
20
12.9461030011466
30
0
41
1
10
237.878574822204
20
12.9436128509044
30
0
41
1
10
237.939406926405
20
12.9415541985288
30
0
41
1
10
238.060274961025
20
12.9382762169535
30
0
41
1
10
238.120389149569
20
12.9370571994553
30
0
41
1
10
238.179644934755
20
12.9362512859672
30
0
0
SPLINE
5
124
100
AcDbEntity
8
1
62
256
6
ByLayer
370
18
48
1
60
0
100
AcDbSpline
70
4
71
3
72
8
73
4
40
0
40
0
40
0
40
0
40
1
40
1
40
1
40
1
41
1
10
240.139146728129
20
-18.99766520654
30
0
41
1
10
240.080029769292
20
-18.9905271801072
30
0
41
1
10
240.023611924094
20
-18.9844043586016
30
0
41
1
10
239.970071145408
20
-18.9792928679267
30
0
0
SPLINE
5
125
100
AcDbEntity
8
1
62
256
6
ByLayer
370
18
48
1
60
0
100
AcDbSpline
70
4
71
3
72
14
73
10
40
0
40
0
40
0
40
0
40
0.24999999999998
40
0.24999999999998
40
0.37499999999999
40
0.37499999999999
40
0.5
40
0.5
40
1
40
1
40
1
40
1
41
1
10
240.139146728132
20
12.9646460169423
30
0
41
1
10
239.975120763941
20
12.9586722329422
30
0
41
1
10
239.811196975462
20
12.9532895546398
30
0
41
1
10
239.565599344677
20
12.9468402704548
30
0
41
1
10
239.483812557568
20
12.9450624190918
30
0
41
1
10
239.320334173601
20
12.9419362673652
30
0
41
1
10
239.238630647345
20
12.9405300055107
30
0
41
1
10
238.830273320896
20
12.9341855181662
30
0
41
1
10
238.504203427083
20
12.9318370998108
30
0
41
1
10
238.179644934755
20
12.9362512859672
30
0
0
SPLINE
5
126
100
AcDbEntity
8
1
62
256
6
ByLayer
370
18
48
1
60
0
100
AcDbSpline
70
4
71
3
72
10
73
6
40
0
40
0
40
0
40
0
40
0.5
40
0.5
40
1
40
1
40
1
40
1
41
1
10
238.179644934755
20
-18.5886680824722
30
0
41
1
10
238.477663657182
20
-18.6547884075191
30
0
41
1
10
238.775741864187
20
-18.7204363819721
30
0
41
1
10
239.372312811391
20
-18.8507066424422
30
0
41
1
10
239.670764343351
20
-18.9153363190259
30
0
41
1
10
239.970071145408
20
-18.9792928679267
30
0
0
SPLINE
5
127
100
AcDbEntity
8
1
62
256
6
ByLayer
370
18
48
1
60
0
100
AcDbSpline
70
4
71
3
72
10
73
6
40
0
40
0
40
0
40
0
40
0.5
40
0.5
40
1
40
1
40
1
40
1
41
1
10
240.472311158787
20
-19.0159381692927
30
0
41
1
10
240.413871666795
20
-19.0165101744695
30
0
41
1
10
240.356999933417
20
-19.0151167132991
30
0
41
1
10
240.24602373185
20
-19.0088822189307
30
0
41
1
10
240.191921603173
20
-19.0040374635151
30
0
41
1
10
240.139146728125
20
-18.9976652065436
30
0
0
SPLINE
5
128
100
AcDbEntity
8
1
62
256
6
ByLayer
370
18
48
1
60
0
100
AcDbSpline
70
4
71
3
72
8
73
4
40
0
40
0
40
0
40
0
40
1
40
1
40
1
40
1
41
1
10
240.472311158786
20
12.9752529395708
30
0
41
1
10
240.359963891124
20
12.9722322118938
30
0
41
1
10
240.248913610209
20
12.9686436989381
30
0
41
1
10
240.139146728132
20
12.9646460169423
30
0
0
SPLINE
5
129
100
AcDbEntity
8
1
62
256
6
ByLayer
370
18
48
1
60
0
100
AcDbSpline
70
4
71
3
72
29
73
25
40
0
40
0
40
0
40
0
40
0.124999999999962
40
0.124999999999962
40
0.187499999999935
40
0.187499999999935
40
0.249999999999908
40
0.249999999999908
40
0.374999999999855
40
0.374999999999855
40
0.437499999999853
40
0.437499999999853
40
0.499999999999851
40
0.499999999999851
40
0.624999999999911
40
0.624999999999911
40
0.687499999999941
40
0.687499999999941
40
0.749999999999972
40
0.812500000000002
40
0.812500000000002
40
0.875000000000032
40
0.875000000000032
40
1
40
1
40
1
40
1
41
1
10
249.284017423823
20
-18.3365363343386
30
0
41
1
10
249.285018135171
20
-18.3706969469414
30
0
41
1
10
249.282553968673
20
-18.4043456595398
30
0
41
1
10
249.273824995164
20
-18.4540489244618
30
0
41
1
10
249.270070679976
20
-18.4704874635383
30
0
41
1
10
249.260829026575
20
-18.5030943353355
30
0
41
1
10
249.255393482314
20
-18.5190669996089
30
0
41
1
10
249.236829194592
20
-18.5657273968413
30
0
41
1
10
249.221425690588
20
-18.595298934135
30
0
41
1
10
249.19379656996
20
-18.6373251326797
30
0
41
1
10
249.183773505147
20
-18.65100110879
30
0
41
1
10
249.162569785716
20
-18.6770509380942
30
0
41
1
10
249.151367712038
20
-18.6894721925552
30
0
41
1
10
249.11601172493
20
-18.7249655770691
30
0
41
1
10
249.090123505014
20
-18.7462829696959
30
0
41
1
10
249.047733510814
20
-18.7746196862781
30
0
41
1
10
249.033143005126
20
-18.7833578295009
30
0
41
1
10
249.003313873237
20
-18.7993116261778
30
0
41
1
10
248.972760535359
20
-18.8137939871349
30
0
41
1
10
248.940780808687
20
-18.825363790292
30
0
41
1
10
248.908079630615
20
-18.83545407297
30
0
41
1
10
248.891288952599
20
-18.839774064363
30
0
41
1
10
248.840451888688
20
-18.850293803713
30
0
41
1
10
248.806040679072
20
-18.854093366515
30
0
41
1
10
248.771116217621
20
-18.8546874057734
30
0
0
SPLINE
5
12A
100
AcDbEntity
8
1
62
256
6
ByLayer
370
18
48
1
60
0
100
AcDbSpline
70
4
71
3
72
31
73
27
40
0
40
0
40
0
40
0
40
0.125000000000008
40
0.125000000000008
40
0.250000000000017
40
0.250000000000017
40
0.312500000000011
40
0.312500000000011
40
0.375000000000005
40
0.375000000000005
40
0.499999999999993
40
0.499999999999993
40
0.562499999999985
40
0.562499999999985
40
0.624999999999977
40
0.687499999999969
40
0.687499999999969
40
0.749999999999961
40
0.749999999999961
40
0.874999999999945
40
0.874999999999945
40
0.906249999999979
40
0.906249999999979
40
0.937500000000012
40
0.937500000000012
40
1
40
1
40
1
40
1
41
1
10
249.284017423823
20
13.1298433777721
30
0
41
1
10
249.284921752602
20
13.1323490193931
30
0
41
1
10
249.282994644951
20
13.1347702105846
30
0
41
1
10
249.273556319856
20
13.1394460407968
30
0
41
1
10
249.26604765099
20
13.1417007558044
30
0
41
1
10
249.250257230876
20
13.1449477952423
30
0
41
1
10
249.244223875866
20
13.1460078095647
30
0
41
1
10
249.230751122841
20
13.1480488928182
30
0
41
1
10
249.223294554026
20
13.1490340342804
30
0
41
1
10
249.198688081433
20
13.1518795145875
30
0
41
1
10
249.17933016777
20
13.153631322604
30
0
41
1
10
249.145138878645
20
13.1560056867963
30
0
41
1
10
249.132832468795
20
13.1567559892801
30
0
41
1
10
249.106822214504
20
13.1581341810285
30
0
41
1
10
249.079321153332
20
13.1593976056667
30
0
41
1
10
249.048642549016
20
13.1604164166327
30
0
41
1
10
249.016208460528
20
13.1613000889943
30
0
41
1
10
248.99900167252
20
13.1616755915205
30
0
41
1
10
248.945681836822
20
13.1625513221643
30
0
41
1
10
248.907702363985
20
13.1628149357258
30
0
41
1
10
248.856641285271
20
13.1626723959777
30
0
41
1
10
248.846289885411
20
13.1626198896728
30
0
41
1
10
248.825508385417
20
13.1624672630805
30
0
41
1
10
248.815048575219
20
13.1623670770653
30
0
41
1
10
248.783459513794
20
13.1619940540516
30
0
41
1
10
248.762121479592
20
13.1616490451932
30
0
41
1
10
248.740488928872
20
13.1612022284135
30
0
0
SPLINE
5
12B
100
AcDbEntity
8
1
62
256
6
ByLayer
370
18
48
1
60
0
100
AcDbSpline
70
4
71
3
72
8
73
4
40
0
40
0
40
0
40
0
40
1
40
1
40
1
40
1
41
1
10
248.740488928873
20
-18.8545251261468
30
0
41
1
10
248.750780331271
20
-18.8548088562466
30
0
41
1
10
248.760988547937
20
-18.8548596699441
30
0
41
1
10
248.771116217621
20
-18.8546874057734
30
0
0
SPLINE
5
12C
100
AcDbEntity
8
1
62
256
6
ByLayer
370
18
48
1
60
0
100
AcDbSpline
70
4
71
3
72
15
73
11
40
0
40
0
40
0
40
0
40
0.250000000000101
40
0.250000000000101
40
0.375000000000084
40
0.375000000000084
40
0.500000000000067
40
0.500000000000067
40
0.750000000000034
40
1
40
1
40
1
40
1
41
1
10
241.068077328681
20
-19.0309233025252
30
0
41
1
10
241.020665670878
20
-19.0280284914775
30
0
41
1
10
240.972378440608
20
-19.0255193255717
30
0
41
1
10
240.898656588859
20
-19.0223528756655
30
0
41
1
10
240.873866663739
20
-19.0213971704876
30
0
41
1
10
240.823848899731
20
-19.0196913306158
30
0
41
1
10
240.798564754278
20
-19.0189403654304
30
0
41
1
10
240.722991340101
20
-19.0170285905862
30
0
41
1
10
240.622433181295
20
-19.0153650247539
30
0
41
1
10
240.522281140204
20
-19.0154490636027
30
0
41
1
10
240.472311158787
20
-19.0159381692927
30
0
0
SPLINE
5
12D
100
AcDbEntity
8
1
62
256
6
ByLayer
370
18
48
1
60
0
100
AcDbSpline
70
4
71
3
72
16
73
12
40
0
40
0
40
0
40
0
40
0.249999999999999
40
0.249999999999999
40
0.499999999999999
40
0.499999999999999
40
0.749999999999998
40
0.749999999999998
40
0.874999999999999
40
0.874999999999999
40
1
40
1
40
1
40
1
41
1
10
241.411038797085
20
-18.8484439650243
30
0
41
1
10
241.375795090192
20
-18.865986981195
30
0
41
1
10
241.341715994625
20
-18.882941491496
30
0
41
1
10
241.276461620687
20
-18.9156795994125
30
0
41
1
10
241.245281659269
20
-18.9314630766625
30
0
41
1
10
241.186649545531
20
-18.9618691213109
30
0
41
1
10
241.159187083978
20
-18.9764913965955
30
0
41
1
10
241.121753755495
20
-18.997568869146
30
0
41
1
10
241.109898898202
20
-19.0044572777753
30
0
41
1
10
241.087745092103
20
-19.0179226513554
30
0
41
1
10
241.077444315031
20
-19.0244995477789
30
0
41
1
10
241.06807732868
20
-19.0309233025252
30
0
0
SPLINE
5
12E
100
AcDbEntity
8
1
62
256
6
ByLayer
370
18
48
1
60
0
100
AcDbSpline
70
4
71
3
72
74
73
70
40
0
40
0
40
0
40
0
40
0.015624999999997
40
0.015624999999997
40
0.031249999999994
40
0.031249999999994
40
0.0624999999999875
40
0.0937499999999811
40
0.0937499999999811
40
0.109374999999978
40
0.109374999999978
40
0.124999999999975
40
0.124999999999975
40
0.187499999999957
40
0.187499999999957
40
0.203124999999954
40
0.203124999999954
40
0.218749999999951
40
0.218749999999951
40
0.249999999999944
40
0.281249999999937
40
0.281249999999937
40
0.296874999999934
40
0.296874999999934
40
0.312499999999931
40
0.312499999999931
40
0.374999999999929
40
0.374999999999929
40
0.390624999999928
40
0.390624999999928
40
0.406249999999927
40
0.406249999999927
40
0.437499999999925
40
0.437499999999925
40
0.468749999999924
40
0.468749999999924
40
0.499999999999923
40
0.531249999999921
40
0.531249999999921
40
0.56249999999992
40
0.56249999999992
40
0.624999999999936
40
0.624999999999936
40
0.656249999999944
40
0.656249999999944
40
0.671874999999959
40
0.671874999999959
40
0.687499999999973
40
0.687499999999973
40
0.749999999999989
40
0.749999999999989
40
0.765624999999979
40
0.765624999999979
40
0.781249999999968
40
0.781249999999968
40
0.812499999999946
40
0.843749999999924
40
0.843749999999924
40
0.859374999999921
40
0.859374999999921
40
0.874999999999919
40
0.874999999999919
40
0.937499999999952
40
0.937499999999952
40
0.953124999999964
40
0.953124999999964
40
0.968749999999976
40
0.968749999999976
40
1
40
1
40
1
40
1
41
1
10
241.411038797085
20
-18.8484439650243
30
0
41
1
10
241.396586132165
20
-18.8452963380555
30
0
41
1
10
241.382488148097
20
-18.8420412470298
30
0
41
1
10
241.355404760653
20
-18.8354037206213
30
0
41
1
10
241.34236844531
20
-18.8320107026655
30
0
41
1
10
241.304755845671
20
-18.8216039243616
30
0
41
1
10
241.258587493003
20
-18.8071219985634
30
0
41
1
10
241.220389922617
20
-18.791347766551
30
0
41
1
10
241.194848327038
20
-18.7789864083964
30
0
41
1
10
241.186833051268
20
-18.7747639532801
30
0
41
1
10
241.17204789283
20
-18.7662368103346
30
0
41
1
10
241.165258382263
20
-18.7619247940162
30
0
41
1
10
241.134274457371
20
-18.7401182797302
30
0
41
1
10
241.118856755509
20
-18.7218886945538
30
0
41
1
10
241.111621119798
20
-18.6980146382904
30
0
41
1
10
241.11078567583
20
-18.6931723899206
30
0
41
1
10
241.11036513056
20
-18.6834991155188
30
0
41
1
10
241.110773186182
20
-18.6786562022045
30
0
41
1
10
241.113816900103
20
-18.6641093631619
30
0
41
1
10
241.122716126783
20
-18.6446648508535
30
0
41
1
10
241.141207763676
20
-18.6251426095902
30
0
41
1
10
241.158782230755
20
-18.6104856608064
30
0
41
1
10
241.165261938425
20
-18.6055999513658
30
0
41
1
10
241.179286869355
20
-18.5959551465625
30
0
41
1
10
241.186850473047
20
-18.5911797617104
30
0
41
1
10
241.227370164768
20
-18.567542572912
30
0
41
1
10
241.26833006579
20
-18.5493867173413
30
0
41
1
10
241.33038525563
20
-18.5278387044483
30
0
41
1
10
241.343265127214
20
-18.5236159473262
30
0
41
1
10
241.369828117716
20
-18.5153817581301
30
0
41
1
10
241.383528658843
20
-18.5113642603188
30
0
41
1
10
241.42586274087
20
-18.4996126358415
30
0
41
1
10
241.455725126274
20
-18.4921784982241
30
0
41
1
10
241.518689670312
20
-18.4781434113088
30
0
41
1
10
241.551836441039
20
-18.4715344830855
30
0
41
1
10
241.621263620872
20
-18.4592443010472
30
0
41
1
10
241.692737979562
20
-18.4480704938583
30
0
41
1
10
241.768112777062
20
-18.4390977595557
30
0
41
1
10
241.845413311909
20
-18.4312434699428
30
0
41
1
10
241.885069463893
20
-18.4278724661177
30
0
41
1
10
242.006722391057
20
-18.4195308015361
30
0
41
1
10
242.08893598296
20
-18.4164766656655
30
0
41
1
10
242.213827566852
20
-18.4155245213706
30
0
41
1
10
242.255722331693
20
-18.4158162810185
30
0
41
1
10
242.318969691644
20
-18.4171895796043
30
0
41
1
10
242.34005873752
20
-18.4178030429467
30
0
41
1
10
242.381922551513
20
-18.4193261977532
30
0
41
1
10
242.402746243664
20
-18.4202368628005
30
0
41
1
10
242.50633300012
20
-18.4255202172016
30
0
41
1
10
242.587519241536
20
-18.4320626150911
30
0
41
1
10
242.686862595881
20
-18.4430974302632
30
0
41
1
10
242.706678747619
20
-18.4454558181971
30
0
41
1
10
242.745780774905
20
-18.4504251839581
30
0
41
1
10
242.765052117395
20
-18.4530331693908
30
0
41
1
10
242.82204068311
20
-18.4612156688602
30
0
41
1
10
242.895829025202
20
-18.4730799691817
30
0
41
1
10
242.965249234218
20
-18.4867781645676
30
0
41
1
10
243.015626043363
20
-18.4977334401035
30
0
41
1
10
243.032136267559
20
-18.5014990294066
30
0
41
1
10
243.064575824693
20
-18.5092597600296
30
0
41
1
10
243.080514058918
20
-18.5132586763341
30
0
41
1
10
243.157734724691
20
-18.5335702482947
30
0
41
1
10
243.212515676324
20
-18.5510103096176
30
0
41
1
10
243.272053115379
20
-18.5741355127921
30
0
41
1
10
243.28350852093
20
-18.578827662351
30
0
41
1
10
243.305488510799
20
-18.588345542476
30
0
41
1
10
243.316026685243
20
-18.5931779049343
30
0
41
1
10
243.346102033116
20
-18.607833916654
30
0
41
1
10
243.363863859852
20
-18.6176950956542
30
0
41
1
10
243.379339397797
20
-18.6276312453911
30
0
0
SPLINE
5
12F
100
AcDbEntity
8
1
62
256
6
ByLayer
370
18
48
1
60
0
100
AcDbSpline
70
4
71
3
72
8
73
4
40
0
40
0
40
0
40
0
40
1
40
1
40
1
40
1
41
1
10
243.379339397793
20
-18.6276312453902
30
0
41
1
10
244.352807855635
20
-18.6807362475449
30
0
41
1
10
245.325904475491
20
-18.7325577400911
30
0
41
1
10
246.298701630754
20
-18.7828280472333
30
0
0
SPLINE
5
130
100
AcDbEntity
8
1
62
256
6
ByLayer
370
18
48
1
60
0
100
AcDbSpline
70
4
71
3
72
16
73
12
40
0
40
0
40
0
40
0
40
0.5
40
0.5
40
0.749999999999993
40
0.749999999999993
40
0.812499999999995
40
0.812499999999995
40
0.874999999999996
40
0.874999999999996
40
1
40
1
40
1
40
1
41
1
10
246.298701630754
20
13.1107386140321
30
0
41
1
10
245.327619948088
20
13.0887872427538
30
0
41
1
10
244.35653820705
20
13.0668369758348
30
0
41
1
10
242.899915725124
20
13.0339041032471
30
0
41
1
10
242.414374954596
20
13.0229238576554
30
0
41
1
10
241.807449034506
20
13.0091959548135
30
0
41
1
10
241.686063773912
20
13.0064532178731
30
0
41
1
10
241.443293574984
20
13.000955503965
30
0
41
1
10
241.321908554449
20
12.9982036337571
30
0
41
1
10
240.95778105826
20
12.9889083187812
30
0
41
1
10
240.715054093087
20
12.9817796697289
30
0
41
1
10
240.472311158786
20
12.9752529395708
30
0
0
SPLINE
5
131
100
AcDbEntity
8
1
62
256
6
ByLayer
370
18
48
1
60
0
100
AcDbSpline
70
4
71
3
72
8
73
4
40
0
40
0
40
0
40
0
40
1
40
1
40
1
40
1
41
1
10
246.324649870726
20
-18.7838993352878
30
0
41
1
10
247.130298521887
20
-18.8087887640255
30
0
41
1
10
247.935619678403
20
-18.8323351831239
30
0
41
1
10
248.740488928872
20
-18.8545251261453
30
0
0
SPLINE
5
132
100
AcDbEntity
8
1
62
256
6
ByLayer
370
18
48
1
60
0
100
AcDbSpline
70
4
71
3
72
8
73
4
40
0
40
0
40
0
40
0
40
1
40
1
40
1
40
1
41
1
10
248.740488928872
20
13.1612022284135
30
0
41
1
10
247.935212811999
20
13.1445693825709
30
0
41
1
10
247.129933037695
20
13.1279365499465
30
0
41
1
10
246.324649870726
20
13.11129993156
30
0
0
SPLINE
5
133
100
AcDbEntity
8
1
62
256
6
ByLayer
370
18
48
1
60
0
100
AcDbSpline
70
4
71
3
72
8
73
4
40
0
40
0
40
0
40
0
40
1
40
1
40
1
40
1
41
1
10
246.298701630754
20
-18.7828280472333
30
0
41
1
10
246.307365873839
20
-18.7832757810272
30
0
41
1
10
246.316015238812
20
-18.7836325799779
30
0
41
1
10
246.324649870726
20
-18.7838993352879
30
0
0
SPLINE
5
134
100
AcDbEntity
8
1
62
256
6
ByLayer
370
18
48
1
60
0
100
AcDbSpline
70
4
71
3
72
8
73
4
40
0
40
0
40
0
40
0
40
1
40
1
40
1
40
1
41
1
10
246.324649870726
20
13.11129993156
30
0
41
1
10
246.316002871696
20
13.1111212902709
30
0
41
1
10
246.307353459746
20
13.1109341892487
30
0
41
1
10
246.298701630754
20
13.1107386140321
30
0
0
SPLINE
5
135
100
AcDbEntity
8
1
62
256
6
ByLayer
370
18
48
1
60
0
100
AcDbSpline
70
4
71
3
72
38
73
34
40
0
40
0
40
0
40
0
40
0.062500000000011
40
0.062500000000011
40
0.0937499999999579
40
0.0937499999999579
40
0.124999999999905
40
0.124999999999905
40
0.187499999999921
40
0.187499999999921
40
0.249999999999937
40
0.249999999999937
40
0.312499999999952
40
0.312499999999952
40
0.374999999999968
40
0.374999999999968
40
0.437499999999984
40
0.437499999999984
40
0.5
40
0.5
40
0.625000000000032
40
0.625000000000032
40
0.750000000000064
40
0.750000000000064
40
0.812500000000048
40
0.812500000000048
40
0.875000000000032
40
0.875000000000032
40
0.906250000000024
40
0.906250000000024
40
0.937500000000016
40
0.937500000000016
40
1
40
1
40
1
40
1
41
1
10
244.112067462594
20
17.3437604471622
30
0
41
1
10
244.123814527156
20
17.3369998214517
30
0
41
1
10
244.136384371959
20
17.3322975464413
30
0
41
1
10
244.156073737534
20
17.3272943540705
30
0
41
1
10
244.162781035531
20
17.3259829500156
30
0
41
1
10
244.176250777993
20
17.3240015427485
30
0
41
1
10
244.183039830468
20
17.3233246198936
30
0
41
1
10
244.20355214425
20
17.3221103416953
30
0
41
1
10
244.217273002348
20
17.3223885090286
30
0
41
1
10
244.244730055762
20
17.3246512656362
30
0
41
1
10
244.258424068884
20
17.326640454006
30
0
41
1
10
244.285547096557
20
17.3320296256443
30
0
41
1
10
244.299048370944
20
17.3354481007441
30
0
41
1
10
244.325637023991
20
17.343499652602
30
0
41
1
10
244.338739098914
20
17.3481328223253
30
0
41
1
10
244.364588499098
20
17.358530090612
30
0
41
1
10
244.377324312821
20
17.3642941482867
30
0
41
1
10
244.402200504745
20
17.3767977801013
30
0
41
1
10
244.414373944203
20
17.3835502724996
30
0
41
1
10
244.450102464827
20
17.405303469634
30
0
41
1
10
244.47255644722
20
17.4215849665467
30
0
41
1
10
244.514355328206
20
17.4577242415107
30
0
41
1
10
244.533570152209
20
17.4774756686118
30
0
41
1
10
244.55877741869
20
17.5095244743277
30
0
41
1
10
244.566596445232
20
17.5206503689727
30
0
41
1
10
244.580635893006
20
17.5436254448314
30
0
41
1
10
244.586906137495
20
17.5555464163933
30
0
41
1
10
244.594752388961
20
17.5740036370673
30
0
41
1
10
244.597102269729
20
17.5802400956034
30
0
41
1
10
244.601189195467
20
17.5929114939284
30
0
41
1
10
244.602929956014
20
17.5993699966414
30
0
41
1
10
244.606988174086
20
17.6188062760122
30
0
41
1
10
244.608220605245
20
17.6319006353149
30
0
41
1
10
244.607232773226
20
17.6452189031723
30
0
0
SPLINE
5
136
100
AcDbEntity
8
1
62
256
6
ByLayer
370
18
48
1
60
0
100
AcDbSpline
70
4
71
3
72
8
73
4
40
0
40
0
40
0
40
0
40
1
40
1
40
1
40
1
41
1
10
244.607232773226
20
17.6452189031723
30
0
41
1
10
244.60669639795
20
17.6524504865401
30
0
41
1
10
244.606159657635
20
17.6596813454211
30
0
41
1
10
244.605622570651
20
17.6669115141957
30
0
0
SPLINE
5
137
100
AcDbEntity
8
1
62
256
6
ByLayer
370
18
48
1
60
0
100
AcDbSpline
70
4
71
3
72
28
73
24
40
0
40
0
40
0
40
0
40
0.249999999999817
40
0.249999999999817
40
0.374999999999659
40
0.374999999999659
40
0.499999999999501
40
0.499999999999501
40
0.624999999999344
40
0.624999999999344
40
0.687499999999352
40
0.687499999999352
40
0.74999999999936
40
0.74999999999936
40
0.812499999999369
40
0.812499999999369
40
0.843749999999474
40
0.843749999999474
40
0.874999999999579
40
0.874999999999579
40
0.93749999999979
40
0.93749999999979
40
1
40
1
40
1
40
1
41
1
10
243.786985431018
20
17.1890557732093
30
0
41
1
10
243.803452513706
20
17.2180530419658
30
0
41
1
10
243.822311227274
20
17.2456795885014
30
0
41
1
10
243.854233480059
20
17.2840972481923
30
0
41
1
10
243.865497986124
20
17.2964023807697
30
0
41
1
10
243.889321474944
20
17.3196052278378
30
0
41
1
10
243.90192529398
20
17.330549413057
30
0
41
1
10
243.928523395751
20
17.3503614267951
30
0
41
1
10
243.942650043531
20
17.3593248346881
30
0
41
1
10
243.964800036961
20
17.3702115946301
30
0
41
1
10
243.972354063728
20
17.3734212472458
30
0
41
1
10
243.987889777647
20
17.3787785902263
30
0
41
1
10
243.995947371049
20
17.3809378613672
30
0
41
1
10
244.012118323775
20
17.383734250173
30
0
41
1
10
244.020246605206
20
17.3843921306052
30
0
41
1
10
244.0325146947
20
17.3839694811708
30
0
41
1
10
244.036633183886
20
17.3835860593425
30
0
41
1
10
244.044675777622
20
17.3823157381321
30
0
41
1
10
244.048624421605
20
17.3814300033777
30
0
41
1
10
244.060240813618
20
17.3779862295422
30
0
41
1
10
244.067768809413
20
17.3745621116675
30
0
41
1
10
244.081305208064
20
17.3659508755879
30
0
41
1
10
244.087415136445
20
17.3607658890591
30
0
41
1
10
244.092923758899
20
17.3547785984396
30
0
0
SPLINE
5
138
100
AcDbEntity
8
1
62
256
6
ByLayer
370
18
48
1
60
0
100
AcDbSpline
70
4
71
3
72
8
73
4
40
0
40
0
40
0
40
0
40
1
40
1
40
1
40
1
41
1
10
244.092923758899
20
17.3547785984396
30
0
41
1
10
244.099304405336
20
17.351106010078
30
0
41
1
10
244.105685630322
20
17.3474332948859
30
0
41
1
10
244.112067462594
20
17.3437604471621
30
0
0
SPLINE
5
139
100
AcDbEntity
8
1
62
256
6
ByLayer
370
18
48
1
60
0
100
AcDbSpline
70
4
71
3
72
30
73
26
40
0
40
0
40
0
40
0
40
0.250000000000161
40
0.250000000000161
40
0.375000000000145
40
0.375000000000145
40
0.500000000000128
40
0.500000000000128
40
0.625000000000112
40
0.625000000000112
40
0.687500000000104
40
0.687500000000104
40
0.750000000000095
40
0.750000000000095
40
0.781250000000081
40
0.781250000000081
40
0.812500000000067
40
0.812500000000067
40
0.875000000000061
40
0.875000000000061
40
0.906250000000045
40
0.906250000000045
40
0.93750000000003
40
0.93750000000003
40
1
40
1
40
1
40
1
41
1
10
244.886375612131
20
17.8583685449944
30
0
41
1
10
244.85345708629
20
17.8572906649619
30
0
41
1
10
244.820698820855
20
17.8534766161363
30
0
41
1
10
244.772546263387
20
17.8431524737835
30
0
41
1
10
244.756691928102
20
17.8389399128032
30
0
41
1
10
244.725592511861
20
17.8287136883315
30
0
41
1
10
244.710349589515
20
17.8227046318073
30
0
41
1
10
244.680988591974
20
17.8084643096661
30
0
41
1
10
244.666935818122
20
17.8002737153442
30
0
41
1
10
244.647556902453
20
17.7859118957379
30
0
41
1
10
244.641370088283
20
17.7807682688021
30
0
41
1
10
244.629711285616
20
17.7695595285867
30
0
41
1
10
244.624298121469
20
17.7635396376289
30
0
41
1
10
244.617138636668
20
17.7539221520119
30
0
41
1
10
244.61490496897
20
17.7506102956918
30
0
41
1
10
244.610787719611
20
17.7437452825558
30
0
41
1
10
244.608896980405
20
17.7401726497618
30
0
41
1
10
244.60393948966
20
17.7292753827979
30
0
41
1
10
244.601545352329
20
17.7217298828322
30
0
41
1
10
244.599561342385
20
17.709924976545
30
0
41
1
10
244.59917792565
20
17.7059280455777
30
0
41
1
10
244.598985612939
20
17.698017512159
30
0
41
1
10
244.599171067275
20
17.6940748062173
30
0
41
1
10
244.600554714642
20
17.6822845894289
30
0
41
1
10
244.602614374899
20
17.6744253902272
30
0
41
1
10
244.605622570651
20
17.6669115141957
30
0
0
SPLINE
5
13A
100
AcDbEntity
8
1
62
256
6
ByLayer
370
18
48
1
60
0
100
AcDbSpline
70
4
71
3
72
38
73
34
40
0
40
0
40
0
40
0
40
0.0624999999999245
40
0.0624999999999245
40
0.0937499999999334
40
0.0937499999999334
40
0.124999999999942
40
0.124999999999942
40
0.187499999999948
40
0.187499999999948
40
0.249999999999955
40
0.249999999999955
40
0.312499999999961
40
0.312499999999961
40
0.374999999999967
40
0.374999999999967
40
0.437499999999973
40
0.437499999999973
40
0.49999999999998
40
0.49999999999998
40
0.624999999999992
40
0.624999999999992
40
0.750000000000004
40
0.750000000000004
40
0.812500000000003
40
0.812500000000003
40
0.875000000000002
40
0.875000000000002
40
0.906250000000002
40
0.906250000000002
40
0.937500000000001
40
0.937500000000001
40
1
40
1
40
1
40
1
41
1
10
243.817789502923
20
16.2550698943164
30
0
41
1
10
243.82934177665
20
16.2603627829827
30
0
41
1
10
243.839576669073
20
16.2674486439116
30
0
41
1
10
243.853628731946
20
16.2798890145648
30
0
41
1
10
243.858086316362
20
16.284349941286
30
0
41
1
10
243.866492512145
20
16.2936817189282
30
0
41
1
10
243.870460243738
20
16.2985692842798
30
0
41
1
10
243.881754556744
20
16.3138167885612
30
0
41
1
10
243.888399176626
20
16.3246464595727
30
0
41
1
10
243.900278785933
20
16.3473273805251
30
0
41
1
10
243.905488777177
20
16.3591484342368
30
0
41
1
10
243.914610492911
20
16.3834395440935
30
0
41
1
10
243.918543078329
20
16.3959767395139
30
0
41
1
10
243.925202788946
20
16.4214826610562
30
0
41
1
10
243.92793716556
20
16.4344627503978
30
0
41
1
10
243.932302714076
20
16.4608609483932
30
0
41
1
10
243.933928175917
20
16.4742701638347
30
0
41
1
10
243.936085665561
20
16.5012517486754
30
0
41
1
10
243.936623580279
20
16.5148576178101
30
0
41
1
10
243.936622320278
20
16.556022127856
30
0
41
1
10
243.93449074969
20
16.5835571562407
30
0
41
1
10
243.925749777013
20
16.6384889256509
30
0
41
1
10
243.919162837762
20
16.6657194244037
30
0
41
1
10
243.905465967506
20
16.7052087605006
30
0
41
1
10
243.900241274698
20
16.7181843126434
30
0
41
1
10
243.888382487734
20
16.7432964475059
30
0
41
1
10
243.881714395825
20
16.7555163633951
30
0
41
1
10
243.870438054214
20
16.7729278020599
30
0
41
1
10
243.86647384599
20
16.7785667458627
30
0
41
1
10
243.858066450194
20
16.7894631466977
30
0
41
1
10
243.85360563447
20
16.7947376930241
30
0
41
1
10
243.839573828728
20
16.8096424923544
30
0
41
1
10
243.829347906355
20
16.8184521395023
30
0
41
1
10
243.817789502923
20
16.8255595461557
30
0
0
SPLINE
5
13B
100
AcDbEntity
8
1
62
256
6
ByLayer
370
18
48
1
60
0
100
AcDbSpline
70
4
71
3
72
8
73
4
40
0
40
0
40
0
40
0
40
1
40
1
40
1
40
1
41
1
10
243.817789502923
20
16.8255595461557
30
0
41
1
10
243.811513494743
20
16.829418741983
30
0
41
1
10
243.805238076246
20
16.8332777742818
30
0
41
1
10
243.798963219549
20
16.8371366502549
30
0
0
SPLINE
5
13C
100
AcDbEntity
8
1
62
256
6
ByLayer
370
18
48
1
60
0
100
AcDbSpline
70
4
71
3
72
30
73
26
40
0
40
0
40
0
40
0
40
0.250000000000168
40
0.250000000000168
40
0.37500000000023
40
0.37500000000023
40
0.500000000000292
40
0.500000000000292
40
0.625000000000354
40
0.625000000000354
40
0.687500000000364
40
0.687500000000364
40
0.750000000000374
40
0.750000000000374
40
0.781250000000379
40
0.781250000000379
40
0.812500000000384
40
0.812500000000384
40
0.875000000000394
40
0.875000000000394
40
0.906250000000337
40
0.906250000000337
40
0.937500000000279
40
0.937500000000279
40
1
40
1
40
1
40
1
41
1
10
243.786985431018
20
17.1890557732093
30
0
41
1
10
243.770526168097
20
17.1600722744625
30
0
41
1
10
243.756467204979
20
17.1297466401445
30
0
41
1
10
243.739781893893
20
17.0825777345606
30
0
41
1
10
243.734974229728
20
17.0665997443037
30
0
41
1
10
243.727193649972
20
17.0341592319892
30
0
41
1
10
243.72421810505
20
17.0177014843929
30
0
41
1
10
243.720717995446
20
16.9844790853799
30
0
41
1
10
243.720193851179
20
16.9677940040673
30
0
41
1
10
243.722027573745
20
16.9430000871362
30
0
41
1
10
243.723078549435
20
16.9347592798796
30
0
41
1
10
243.726320119367
20
16.9183396118083
30
0
41
1
10
243.728503783571
20
16.910236936036
30
0
41
1
10
243.732767159471
20
16.8985413551184
30
0
41
1
10
243.734355886913
20
16.8947083756264
30
0
41
1
10
243.737915602641
20
16.8871923543785
30
0
41
1
10
243.739899038888
20
16.8834917705879
30
0
41
1
10
243.746369139761
20
16.8728800947344
30
0
41
1
10
243.751388170264
20
16.866399254114
30
0
41
1
10
243.760152622867
20
16.8577238500081
30
0
41
1
10
243.763269413934
20
16.8550261042609
30
0
41
1
10
243.769731126787
20
16.8501568212243
30
0
41
1
10
243.773097263865
20
16.8479632667728
30
0
41
1
10
243.783592005095
20
16.8420906295394
30
0
41
1
10
243.791175700475
20
16.8391182280747
30
0
41
1
10
243.798963219549
20
16.8371366502549
30
0
0
SPLINE
5
13D
100
AcDbEntity
8
1
62
256
6
ByLayer
370
18
48
1
60
0
100
AcDbSpline
70
4
71
3
72
8
73
4
40
0
40
0
40
0
40
0
40
1
40
1
40
1
40
1
41
1
10
243.798963219549
20
16.2464463083948
30
0
41
1
10
243.805238076246
20
16.2493199117093
30
0
41
1
10
243.811513494743
20
16.2521944246597
30
0
41
1
10
243.817789502923
20
16.2550698943164
30
0
0
SPLINE
5
13E
100
AcDbEntity
8
1
62
256
6
ByLayer
370
18
48
1
60
0
100
AcDbSpline
70
4
71
3
72
28
73
24
40
0
40
0
40
0
40
0
40
0.250000000000093
40
0.250000000000093
40
0.375000000000127
40
0.375000000000127
40
0.500000000000162
40
0.500000000000162
40
0.625000000000196
40
0.625000000000196
40
0.687500000000222
40
0.687500000000222
40
0.750000000000247
40
0.750000000000247
40
0.812500000000272
40
0.812500000000272
40
0.843750000000275
40
0.843750000000275
40
0.875000000000278
40
0.875000000000278
40
0.937500000000139
40
0.937500000000139
40
1
40
1
40
1
40
1
41
1
10
243.786985431018
20
15.9224268147751
30
0
41
1
10
243.77051834833
20
15.9503456914003
30
0
41
1
10
243.756445361556
20
15.9794960624995
30
0
41
1
10
243.739766930803
20
16.0245788206211
30
0
41
1
10
243.734952410463
20
16.0398478705014
30
0
41
1
10
243.727178815469
20
16.0706808383356
30
0
41
1
10
243.724202813158
20
16.086304539444
30
0
41
1
10
243.720716777756
20
16.1175475226959
30
0
41
1
10
243.720192123529
20
16.1333212177142
30
0
41
1
10
243.722054170047
20
16.1563525096
30
0
41
1
10
243.72311561626
20
16.1639366768975
30
0
41
1
10
243.726350298471
20
16.1788586915962
30
0
41
1
10
243.728551684965
20
16.1862615308985
30
0
41
1
10
243.734266808857
20
16.2002746203038
30
0
41
1
10
243.737770470459
20
16.2069077637167
30
0
41
1
10
243.744250898554
20
16.2161348384212
30
0
41
1
10
243.746629858516
20
16.2190985770302
30
0
41
1
10
243.751714447783
20
16.2245960162263
30
0
41
1
10
243.754431346802
20
16.2271492876476
30
0
41
1
10
243.763128949999
20
16.2341929867634
30
0
41
1
10
243.76976821796
20
16.2380920557152
30
0
41
1
10
243.783768927881
20
16.2437280489301
30
0
41
1
10
243.791179297437
20
16.2455445795627
30
0
41
1
10
243.798963219549
20
16.2464463083948
30
0
0
SPLINE
5
13F
100
AcDbEntity
8
1
62
256
6
ByLayer
370
18
48
1
60
0
100
AcDbSpline
70
4
71
3
72
38
73
34
40
0
40
0
40
0
40
0
40
0.0625000000001525
40
0.0625000000001525
40
0.0937500000002003
40
0.0937500000002003
40
0.125000000000248
40
0.125000000000248
40
0.187500000000268
40
0.187500000000268
40
0.250000000000287
40
0.250000000000287
40
0.312500000000307
40
0.312500000000307
40
0.375000000000326
40
0.375000000000326
40
0.437500000000346
40
0.437500000000346
40
0.500000000000365
40
0.500000000000365
40
0.625000000000299
40
0.625000000000299
40
0.750000000000232
40
0.750000000000232
40
0.812500000000199
40
0.812500000000199
40
0.875000000000167
40
0.875000000000167
40
0.90625000000015
40
0.90625000000015
40
0.937500000000133
40
0.937500000000133
40
1
40
1
40
1
40
1
41
1
10
245.195788692568
20
17.6644905035023
30
0
41
1
10
245.197165582386
20
17.6511920550625
30
0
41
1
10
245.200604847964
20
17.6382409055885
30
0
41
1
10
245.207812239514
20
17.619143794836
30
0
41
1
10
245.210570272489
20
17.6128361246858
30
0
41
1
10
245.216608425811
20
17.6004965274161
30
0
41
1
10
245.219898171691
20
17.5944387148393
30
0
41
1
10
245.230469246671
20
17.5765519347992
30
0
41
1
10
245.238368772591
20
17.5651333811351
30
0
41
1
10
245.255449567199
20
17.5431319549201
30
0
41
1
10
245.264610751203
20
17.5325869325501
30
0
41
1
10
245.283816598226
20
17.512416431564
30
0
41
1
10
245.293915535449
20
17.5027392773706
30
0
41
1
10
245.314752478256
20
17.4843286420832
30
0
41
1
10
245.325498908748
20
17.4755828585777
30
0
41
1
10
245.347591397622
20
17.4589409392377
30
0
41
1
10
245.358930892122
20
17.4510544586594
30
0
41
1
10
245.381954394059
20
17.4362555041935
30
0
41
1
10
245.393666413603
20
17.4293215665313
30
0
41
1
10
245.429396015441
20
17.4099104419113
30
0
41
1
10
245.453676362797
20
17.3989783394271
30
0
41
1
10
245.502997564133
20
17.3814692753995
30
0
41
1
10
245.527888393607
20
17.3749495586814
30
0
41
1
10
245.564983928123
20
17.3694137677048
30
0
41
1
10
245.577348665839
20
17.3682791834588
30
0
41
1
10
245.601746295496
20
17.3677224949723
30
0
41
1
10
245.613858520188
20
17.3682935747435
30
0
41
1
10
245.631630296224
20
17.3707619771687
30
0
41
1
10
245.637476393749
20
17.3718523596963
30
0
41
1
10
245.648996021261
20
17.3746538615716
30
0
41
1
10
245.654688950975
20
17.3763735018846
30
0
41
1
10
245.671211220654
20
17.3825560708393
30
0
41
1
10
245.681566157999
20
17.3880028518365
30
0
41
1
10
245.6909540032
20
17.3954593076731
30
0
0
SPLINE
5
140
100
AcDbEntity
8
1
62
256
6
ByLayer
370
18
48
1
60
0
100
AcDbSpline
70
4
71
3
72
8
73
4
40
0
40
0
40
0
40
0
40
1
40
1
40
1
40
1
41
1
10
245.6909540032
20
17.3954593076731
30
0
41
1
10
245.696051436736
20
17.3995080310197
30
0
41
1
10
245.701147568114
20
17.403556559312
30
0
41
1
10
245.706242461104
20
17.4076049012802
30
0
0
SPLINE
5
141
100
AcDbEntity
8
1
62
256
6
ByLayer
370
18
48
1
60
0
100
AcDbSpline
70
4
71
3
72
28
73
24
40
0
40
0
40
0
40
0
40
0.250000000000237
40
0.250000000000237
40
0.375000000000252
40
0.375000000000252
40
0.500000000000267
40
0.500000000000267
40
0.625000000000282
40
0.625000000000282
40
0.68750000000029
40
0.68750000000029
40
0.750000000000298
40
0.750000000000298
40
0.812500000000305
40
0.812500000000305
40
0.843750000000254
40
0.843750000000254
40
0.875000000000204
40
0.875000000000204
40
0.937500000000102
40
0.937500000000102
40
1
40
1
40
1
40
1
41
1
10
244.886375612131
20
17.8583685449944
30
0
41
1
10
244.919309777507
20
17.8594469371258
30
0
41
1
10
244.952375777104
20
17.8577816745608
30
0
41
1
10
245.00143203827
20
17.8506367820395
30
0
41
1
10
245.017706504919
20
17.8474670357658
30
0
41
1
10
245.049807847875
20
17.8393058517034
30
0
41
1
10
245.06569713234
20
17.8343004230246
30
0
41
1
10
245.096560608287
20
17.822048688582
30
0
41
1
10
245.111685415032
20
17.814739727332
30
0
41
1
10
245.132861753091
20
17.8016595813528
30
0
41
1
10
245.13968061979
20
17.796941436617
30
0
41
1
10
245.15271544282
20
17.7866039685206
30
0
41
1
10
245.158983467023
20
17.7809266927048
30
0
41
1
10
245.170349465105
20
17.7687514423422
30
0
41
1
10
245.175472300351
20
17.762251481047
30
0
41
1
10
245.182094104811
20
17.7517232745435
30
0
41
1
10
245.184127700596
20
17.7480664162852
30
0
41
1
10
245.187691046204
20
17.740661137519
30
0
41
1
10
245.189235617237
20
17.7368926768445
30
0
41
1
10
245.193125685834
20
17.7253822952359
30
0
41
1
10
245.194716514219
20
17.7173196873405
30
0
41
1
10
245.195667850351
20
17.7015815611781
30
0
41
1
10
245.195087442365
20
17.6938217370932
30
0
41
1
10
245.193543649352
20
17.6861623273843
30
0
0
SPLINE
5
142
100
AcDbEntity
8
1
62
256
6
ByLayer
370
18
48
1
60
0
100
AcDbSpline
70
4
71
3
72
8
73
4
40
0
40
0
40
0
40
0
40
1
40
1
40
1
40
1
41
1
10
245.193543649352
20
17.6861623273843
30
0
41
1
10
245.194292315815
20
17.6789390865413
30
0
41
1
10
245.195040669108
20
17.6717151566888
30
0
41
1
10
245.195788692568
20
17.6644905035023
30
0
0
SPLINE
5
143
100
AcDbEntity
8
1
62
256
6
ByLayer
370
18
48
1
60
0
100
AcDbSpline
70
4
71
3
72
30
73
26
40
0
40
0
40
0
40
0
40
0.250000000000069
40
0.250000000000069
40
0.375000000000177
40
0.375000000000177
40
0.500000000000285
40
0.500000000000285
40
0.625000000000393
40
0.625000000000393
40
0.687500000000447
40
0.687500000000447
40
0.750000000000501
40
0.750000000000501
40
0.781250000000439
40
0.781250000000439
40
0.812500000000376
40
0.812500000000376
40
0.875000000000251
40
0.875000000000251
40
0.906250000000188
40
0.906250000000188
40
0.937500000000125
40
0.937500000000125
40
1
40
1
40
1
40
1
41
1
10
245.985765793244
20
17.2610523583453
30
0
41
1
10
245.969306530324
20
17.2889579770595
30
0
41
1
10
245.950741198584
20
17.3153284707001
30
0
41
1
10
245.919729316105
20
17.3516936649252
30
0
41
1
10
245.90887758392
20
17.3632537931872
30
0
41
1
10
245.886062718083
20
17.384937321563
30
0
41
1
10
245.874103855555
20
17.395061098471
30
0
41
1
10
245.849023181725
20
17.4132214885527
30
0
41
1
10
245.835963505456
20
17.4212220947724
30
0
41
1
10
245.815635845639
20
17.4307221721962
30
0
41
1
10
245.808724084041
20
17.4334759940545
30
0
41
1
10
245.794561477242
20
17.4379099397899
30
0
41
1
10
245.787373590236
20
17.4395620457722
30
0
41
1
10
245.77663103401
20
17.4409236746621
30
0
41
1
10
245.773047120229
20
17.4411936398762
30
0
41
1
10
245.765874624454
20
17.4413133633497
30
0
41
1
10
245.762267960767
20
17.4411595828547
30
0
41
1
10
245.751673569442
20
17.4399965022608
30
0
41
1
10
245.744859446973
20
17.4383009549861
30
0
41
1
10
245.735090383194
20
17.4341399935911
30
0
41
1
10
245.7319286925
20
17.4324842972122
30
0
41
1
10
245.725958777804
20
17.4287225716957
30
0
41
1
10
245.723126084453
20
17.4266069332589
30
0
41
1
10
245.715076872559
20
17.4195710268525
30
0
41
1
10
245.71028993975
20
17.4139079457478
30
0
41
1
10
245.706242461104
20
17.4076049012802
30
0
0
SPLINE
5
144
100
AcDbEntity
8
1
62
256
6
ByLayer
370
18
48
1
60
0
100
AcDbSpline
70
4
71
3
72
8
73
4
40
0
40
0
40
0
40
0
40
1
40
1
40
1
40
1
41
1
10
244.112067462594
20
15.7561405936399
30
0
41
1
10
244.105685630322
20
15.7534445419055
30
0
41
1
10
244.099304405336
20
15.7507494170333
30
0
41
1
10
244.092923758899
20
15.7480551733987
30
0
0
SPLINE
5
145
100
AcDbEntity
8
1
62
256
6
ByLayer
370
18
48
1
60
0
100
AcDbSpline
70
4
71
3
72
30
73
26
40
0
40
0
40
0
40
0
40
0.249999999999919
40
0.249999999999919
40
0.374999999999935
40
0.374999999999935
40
0.49999999999995
40
0.49999999999995
40
0.624999999999966
40
0.624999999999966
40
0.687499999999974
40
0.687499999999974
40
0.749999999999982
40
0.749999999999982
40
0.781249999999986
40
0.781249999999986
40
0.81249999999999
40
0.81249999999999
40
0.874999999999997
40
0.874999999999997
40
0.90625
40
0.90625
40
0.937500000000003
40
0.937500000000003
40
1
40
1
40
1
40
1
41
1
10
243.786985431018
20
15.9224268147751
30
0
41
1
10
243.803444693939
20
15.8945211960609
30
0
41
1
10
243.822277966833
20
15.8678685187163
30
0
41
1
10
243.854200577117
20
15.8305441864795
30
0
41
1
10
243.865442187173
20
15.8185734561882
30
0
41
1
10
243.889264994306
20
15.7958284088784
30
0
41
1
10
243.901840886626
20
15.7850548036422
30
0
41
1
10
243.92848198867
20
15.7652510399802
30
0
41
1
10
243.942479571571
20
15.7562626722187
30
0
41
1
10
243.964577188223
20
15.7448985549929
30
0
41
1
10
243.972141006346
20
15.7414580162094
30
0
41
1
10
243.987779144744
20
15.7354701062332
30
0
41
1
10
243.995784914439
20
15.7329566425863
30
0
41
1
10
244.007888079617
20
15.7301620808754
30
0
41
1
10
244.011948956114
20
15.7293897997455
30
0
41
1
10
244.020130390514
20
15.7282075069952
30
0
41
1
10
244.024272077733
20
15.7277978245069
30
0
41
1
10
244.036532869643
20
15.7272059261339
30
0
41
1
10
244.044545082842
20
15.7276396975497
30
0
41
1
10
244.056272944157
20
15.7297377405174
30
0
41
1
10
244.060111669067
20
15.7306804145785
30
0
41
1
10
244.0674498055
20
15.7330011898264
30
0
41
1
10
244.070978477633
20
15.73438385437
30
0
41
1
10
244.081151453465
20
15.7391831070734
30
0
41
1
10
244.087412590902
20
15.7432936214426
30
0
41
1
10
244.092923758899
20
15.7480551733987
30
0
0
SPLINE
5
146
100
AcDbEntity
8
1
62
256
6
ByLayer
370
18
48
1
60
0
100
AcDbSpline
70
4
71
3
72
8
73
4
40
0
40
0
40
0
40
0
40
1
40
1
40
1
40
1
41
1
10
244.607232773226
20
15.4871093978107
30
0
41
1
10
244.60669639795
20
15.4812374162364
30
0
41
1
10
244.606159657635
20
15.4753668898039
30
0
41
1
10
244.605622570651
20
15.4694977472946
30
0
0
SPLINE
5
147
100
AcDbEntity
8
1
62
256
6
ByLayer
370
18
48
1
60
0
100
AcDbSpline
70
4
71
3
72
38
73
34
40
0
40
0
40
0
40
0
40
0.0312500000000049
40
0.0312500000000049
40
0.0625000000000099
40
0.0625000000000099
40
0.125000000000022
40
0.125000000000022
40
0.156250000000028
40
0.156250000000028
40
0.187500000000033
40
0.187500000000033
40
0.250000000000045
40
0.250000000000045
40
0.312500000000057
40
0.312500000000057
40
0.375000000000069
40
0.375000000000069
40
0.500000000000086
40
0.500000000000086
40
0.625000000000104
40
0.625000000000104
40
0.750000000000122
40
0.750000000000122
40
0.812500000000096
40
0.812500000000096
40
0.87500000000007
40
0.87500000000007
40
0.906250000000054
40
0.906250000000054
40
0.937500000000038
40
0.937500000000038
40
1
40
1
40
1
40
1
41
1
10
244.112067462594
20
15.7561405936399
30
0
41
1
10
244.117966916275
20
15.7586328610095
30
0
41
1
10
244.124109324121
20
15.7606640253786
30
0
41
1
10
244.136791319342
20
15.7639808746887
30
0
41
1
10
244.143331510429
20
15.7652606546958
30
0
41
1
10
244.163073437583
20
15.7681101628708
30
0
41
1
10
244.176532515074
20
15.768746905766
30
0
41
1
10
244.197063747564
20
15.7683423291031
30
0
41
1
10
244.203972144424
20
15.7679736091268
30
0
41
1
10
244.217699256484
20
15.7668428066419
30
0
41
1
10
244.224544123819
20
15.7660806004543
30
0
41
1
10
244.245031801007
20
15.7632786134788
30
0
41
1
10
244.258628174348
20
15.7607280228747
30
0
41
1
10
244.285727352148
20
15.7544934951779
30
0
41
1
10
244.299286039371
20
15.7507857938268
30
0
41
1
10
244.325807883238
20
15.7425136681829
30
0
41
1
10
244.338825491481
20
15.7379400236282
30
0
41
1
10
244.377215932425
20
15.7230525037349
30
0
41
1
10
244.401936783308
20
15.7115932701589
30
0
41
1
10
244.449662606959
20
15.6857152402188
30
0
41
1
10
244.472266236927
20
15.67149562869
30
0
41
1
10
244.514145623097
20
15.6407196213975
30
0
41
1
10
244.533354189459
20
15.6242355358875
30
0
41
1
10
244.558656238562
20
15.5976997771066
30
0
41
1
10
244.566480398877
20
15.5885665293117
30
0
41
1
10
244.580580497651
20
15.5697104179756
30
0
41
1
10
244.586863698926
20
15.5599808641072
30
0
41
1
10
244.594724744492
20
15.5449571859114
30
0
41
1
10
244.597079140728
20
15.5398862535872
30
0
41
1
10
244.60117414478
20
15.5295896337886
30
0
41
1
10
244.602918537255
20
15.5243446847544
30
0
41
1
10
244.606985734293
20
15.5085630059876
30
0
41
1
10
244.608221630124
20
15.497934933108
30
0
41
1
10
244.607232773226
20
15.4871093978107
30
0
0
SPLINE
5
148
100
AcDbEntity
8
1
62
256
6
ByLayer
370
18
48
1
60
0
100
AcDbSpline
70
4
71
3
72
24
73
20
40
0
40
0
40
0
40
0
40
0.250000000000155
40
0.250000000000155
40
0.375000000000132
40
0.375000000000132
40
0.500000000000108
40
0.500000000000108
40
0.625000000000085
40
0.625000000000085
40
0.750000000000062
40
0.750000000000062
40
0.812500000000047
40
0.812500000000047
40
0.875000000000031
40
0.875000000000031
40
0.937500000000016
40
0.937500000000016
40
1
40
1
40
1
40
1
41
1
10
244.886375612131
20
15.325110628126
30
0
41
1
10
244.853445426247
20
15.3240323662986
30
0
41
1
10
244.820675647269
20
15.3254115045309
30
0
41
1
10
244.772506682294
20
15.3315984615927
30
0
41
1
10
244.756647248011
20
15.33435162264
30
0
41
1
10
244.72553805264
20
15.3414526402216
30
0
41
1
10
244.710290870467
20
15.3457970380367
30
0
41
1
10
244.68092251828
20
15.3564295052764
30
0
41
1
10
244.666754330817
20
15.3627350039971
30
0
41
1
10
244.640789883612
20
15.3777496930476
30
0
41
1
10
244.629057513662
20
15.3863497394108
30
0
41
1
10
244.614622314615
20
15.401855967086
30
0
41
1
10
244.610496957882
20
15.4073217499736
30
0
41
1
10
244.603928576253
20
15.4189561538886
30
0
41
1
10
244.601496966374
20
15.4251924545634
30
0
41
1
10
244.598909348867
20
15.4377519682756
30
0
41
1
10
244.598700266889
20
15.4441878165878
30
0
41
1
10
244.600577671625
20
15.4571043651605
30
0
41
1
10
244.602616865941
20
15.4633813597604
30
0
41
1
10
244.605622570651
20
15.4694977472946
30
0
0
SPLINE
5
149
100
AcDbEntity
8
1
62
256
6
ByLayer
370
18
48
1
60
0
100
AcDbSpline
70
4
71
3
72
38
73
34
40
0
40
0
40
0
40
0
40
0.0624999999999717
40
0.0624999999999717
40
0.093749999999996
40
0.093749999999996
40
0.12500000000002
40
0.12500000000002
40
0.187500000000018
40
0.187500000000018
40
0.250000000000016
40
0.250000000000016
40
0.312500000000013
40
0.312500000000013
40
0.375000000000011
40
0.375000000000011
40
0.437500000000008
40
0.437500000000008
40
0.500000000000006
40
0.500000000000006
40
0.624999999999986
40
0.624999999999986
40
0.749999999999966
40
0.749999999999966
40
0.812499999999956
40
0.812499999999956
40
0.874999999999946
40
0.874999999999946
40
0.906249999999941
40
0.906249999999941
40
0.937499999999936
40
0.937499999999936
40
1
40
1
40
1
40
1
41
1
10
245.985231962871
20
16.8965300069966
30
0
41
1
10
245.97604388711
20
16.8887472502042
30
0
41
1
10
245.968017621083
20
16.8793353622059
30
0
41
1
10
245.957105735905
20
16.8635878960957
30
0
41
1
10
245.953664790278
20
16.8580562906265
30
0
41
1
10
245.94720780778
20
16.8466716882633
30
0
41
1
10
245.944176926184
20
16.8407974741712
30
0
41
1
10
245.935588761586
20
16.822699974769
30
0
41
1
10
245.930590717112
20
16.8101362037857
30
0
41
1
10
245.921717808805
20
16.784288759093
30
0
41
1
10
245.917862141815
20
16.771041391325
30
0
41
1
10
245.91114949625
20
16.744213155933
30
0
41
1
10
245.90827740734
20
16.7305590927668
30
0
41
1
10
245.903433697475
20
16.7031406400188
30
0
41
1
10
245.901456785226
20
16.6893628229025
30
0
41
1
10
245.898308511125
20
16.6616826456446
30
0
41
1
10
245.897141334519
20
16.6477907845801
30
0
41
1
10
245.89559344419
20
16.6201671968597
30
0
41
1
10
245.895208519081
20
16.6064002058735
30
0
41
1
10
245.895209421506
20
16.5652360724104
30
0
41
1
10
245.896730580843
20
16.5383439020015
30
0
41
1
10
245.903034248867
20
16.4859789934285
30
0
41
1
10
245.907799320559
20
16.4606672045429
30
0
41
1
10
245.917878986371
20
16.4249873472548
30
0
41
1
10
245.921745715912
20
16.4134419416156
30
0
41
1
10
245.930603292714
20
16.3914905477876
30
0
41
1
10
245.935619161211
20
16.3810106800954
30
0
41
1
10
245.944193868741
20
16.3664444822628
30
0
41
1
10
245.947222094032
20
16.3617912740484
30
0
41
1
10
245.953680101782
20
16.3529478819839
30
0
41
1
10
245.957123624392
20
16.3487447035103
30
0
41
1
10
245.968019921862
20
16.3371420820087
30
0
41
1
10
245.976039011862
20
16.3306565725457
30
0
41
1
10
245.985231962871
20
16.3260403551573
30
0
0
SPLINE
5
14A
100
AcDbEntity
8
1
62
256
6
ByLayer
370
18
48
1
60
0
100
AcDbSpline
70
4
71
3
72
8
73
4
40
0
40
0
40
0
40
0
40
1
40
1
40
1
40
1
41
1
10
245.985231962871
20
16.3260403551573
30
0
41
1
10
245.990223572315
20
16.3235338309422
30
0
41
1
10
245.995213897204
20
16.3210282020634
30
0
41
1
10
246.000203000454
20
16.318523424424
30
0
0
SPLINE
5
14B
100
AcDbEntity
8
1
62
256
6
ByLayer
370
18
48
1
60
0
100
AcDbSpline
70
4
71
3
72
28
73
24
40
0
40
0
40
0
40
0
40
0.250000000000056
40
0.250000000000056
40
0.375000000000084
40
0.375000000000084
40
0.500000000000112
40
0.500000000000112
40
0.62500000000014
40
0.62500000000014
40
0.687500000000168
40
0.687500000000168
40
0.750000000000195
40
0.750000000000195
40
0.812500000000223
40
0.812500000000223
40
0.843750000000186
40
0.843750000000186
40
0.875000000000149
40
0.875000000000149
40
0.937500000000074
40
0.937500000000074
40
1
40
1
40
1
40
1
41
1
10
245.985765793244
20
17.2610523583453
30
0
41
1
10
246.002232875932
20
17.2331334817201
30
0
41
1
10
246.016574461216
20
17.2037002346183
30
0
41
1
10
246.034164047224
20
17.1576578883154
30
0
41
1
10
246.039369448053
20
17.1419771804937
30
0
41
1
10
246.048151561331
20
17.1100820860668
30
0
41
1
10
246.051746489878
20
17.0938065593792
30
0
41
1
10
246.056791202829
20
17.0609220462696
30
0
41
1
10
246.05826286653
20
17.0441510030021
30
0
41
1
10
246.058177602305
20
17.0192484830453
30
0
41
1
10
246.057768728383
20
17.0109770556398
30
0
41
1
10
246.056001628818
20
16.9945094481848
30
0
41
1
10
246.054623876912
20
16.9862391935736
30
0
41
1
10
246.050729091516
20
16.9703090046423
30
0
41
1
10
246.048221860749
20
16.9626264646004
30
0
41
1
10
246.043409718776
20
16.9516424251665
30
0
41
1
10
246.041618891936
20
16.9480592909156
30
0
41
1
10
246.037744984948
20
16.9412868150001
30
0
41
1
10
246.035653738066
20
16.9380746345811
30
0
41
1
10
246.02889869443
20
16.9289851181509
30
0
41
1
10
246.023663627573
20
16.9236072070612
30
0
41
1
10
246.012494212455
20
16.9149894201105
30
0
41
1
10
246.006523909277
20
16.9116562756309
30
0
41
1
10
246.000203000454
20
16.9092137662841
30
0
0
SPLINE
5
14C
100
AcDbEntity
8
1
62
256
6
ByLayer
370
18
48
1
60
0
100
AcDbSpline
70
4
71
3
72
8
73
4
40
0
40
0
40
0
40
0
40
1
40
1
40
1
40
1
41
1
10
246.000203000454
20
16.9092137662841
30
0
41
1
10
245.995213897204
20
16.9049860646359
30
0
41
1
10
245.990223572315
20
16.9007581482655
30
0
41
1
10
245.985231962871
20
16.8965300069966
30
0
0
SPLINE
5
14D
100
AcDbEntity
8
1
62
256
6
ByLayer
370
18
48
1
60
0
100
AcDbSpline
70
4
71
3
72
30
73
26
40
0
40
0
40
0
40
0
40
0.249999999999899
40
0.249999999999899
40
0.374999999999873
40
0.374999999999873
40
0.499999999999847
40
0.499999999999847
40
0.624999999999821
40
0.624999999999821
40
0.68749999999982
40
0.68749999999982
40
0.749999999999819
40
0.749999999999819
40
0.78124999999983
40
0.78124999999983
40
0.81249999999984
40
0.81249999999984
40
0.87499999999994
40
0.87499999999994
40
0.90624999999999
40
0.90624999999999
40
0.93750000000004
40
0.93750000000004
40
1
40
1
40
1
40
1
41
1
10
245.985765793244
20
15.9944233999111
30
0
41
1
10
246.002225056165
20
16.0234068986579
30
0
41
1
10
246.016551960437
20
16.0534503492719
30
0
41
1
10
246.034147999329
20
16.0996601168441
30
0
41
1
10
246.039345541365
20
16.1152275050717
30
0
41
1
10
246.048134062416
20
16.1466064984522
30
0
41
1
10
246.05172663713
20
16.1624144177202
30
0
41
1
10
246.056787174949
20
16.193993443153
30
0
41
1
10
246.058249225848
20
16.2096907629239
30
0
41
1
10
246.058185460117
20
16.2326206400529
30
0
41
1
10
246.057786540952
20
16.2401747303843
30
0
41
1
10
246.056020502618
20
16.2550404342149
30
0
41
1
10
246.054654721104
20
16.2622817523225
30
0
41
1
10
246.051751954155
20
16.2725444004191
30
0
41
1
10
246.050640189431
20
16.2758750639953
30
0
41
1
10
246.048089412327
20
16.2823285159663
30
0
41
1
10
246.046640999612
20
16.2854656367736
30
0
41
1
10
246.041837299325
20
16.2943223336603
30
0
41
1
10
246.038016359551
20
16.2995413984217
30
0
41
1
10
246.031210704484
20
16.3061538841004
30
0
41
1
10
246.028770947632
20
16.3081386075297
30
0
41
1
10
246.023677456516
20
16.3115669402978
30
0
41
1
10
246.021007298221
20
16.3130275208561
30
0
41
1
10
246.012636320929
20
16.3166635043866
30
0
41
1
10
246.006526830178
20
16.3180833391158
30
0
41
1
10
246.000203000454
20
16.318523424424
30
0
0
SPLINE
5
14E
100
AcDbEntity
8
1
62
256
6
ByLayer
370
18
48
1
60
0
100
AcDbSpline
70
4
71
3
72
42
73
38
40
0
40
0
40
0
40
0
40
0.0624999999999521
40
0.0624999999999521
40
0.0937499999999282
40
0.0937499999999282
40
0.124999999999904
40
0.124999999999904
40
0.187499999999925
40
0.187499999999925
40
0.249999999999945
40
0.249999999999945
40
0.31249999999996
40
0.31249999999996
40
0.374999999999976
40
0.374999999999976
40
0.437499999999991
40
0.437499999999991
40
0.500000000000006
40
0.500000000000006
40
0.562500000000021
40
0.562500000000021
40
0.625000000000036
40
0.625000000000036
40
0.750000000000066
40
0.750000000000066
40
0.781250000000045
40
0.781250000000045
40
0.812500000000024
40
0.812500000000024
40
0.875000000000087
40
0.875000000000087
40
0.906250000000066
40
0.906250000000066
40
0.937500000000044
40
0.937500000000044
40
1
40
1
40
1
40
1
41
1
10
245.195788692568
20
15.5063809981407
30
0
41
1
10
245.197167090009
20
15.5172141836755
30
0
41
1
10
245.200612266698
20
15.5280039723575
30
0
41
1
10
245.207832212969
20
15.5441808358436
30
0
41
1
10
245.210594938279
20
15.5495707344444
30
0
41
1
10
245.216643280844
20
15.560200029373
30
0
41
1
10
245.219938564035
20
15.565461341759
30
0
41
1
10
245.2305274
20
15.5811177947635
30
0
41
1
10
245.238439267025
20
15.5912748512011
30
0
41
1
10
245.255547438805
20
15.6111488069911
30
0
41
1
10
245.264722318242
20
15.6208312556145
30
0
41
1
10
245.283957438294
20
15.6396597978656
30
0
41
1
10
245.294071655611
20
15.6488544505835
30
0
41
1
10
245.31493864819
20
15.6666710870955
30
0
41
1
10
245.325700594998
20
15.6753044543434
30
0
41
1
10
245.347825212063
20
15.6920832256264
30
0
41
1
10
245.359179934373
20
15.7002191923851
30
0
41
1
10
245.38223482337
20
15.7158721948464
30
0
41
1
10
245.393964407328
20
15.7234115084144
30
0
41
1
10
245.417814159486
20
15.7379164145194
30
0
41
1
10
245.42985049771
20
15.7448311328428
30
0
41
1
10
245.454150841387
20
15.7579777611147
30
0
41
1
10
245.466461169498
20
15.7642309566588
30
0
41
1
10
245.503363666666
20
15.7816989613099
30
0
41
1
10
245.52790611322
20
15.7916716174092
30
0
41
1
10
245.558641882169
20
15.8015347409921
30
0
41
1
10
245.564792331139
20
15.8033738625848
30
0
41
1
10
245.577105256057
20
15.8067546388414
30
0
41
1
10
245.58328623315
20
15.8082999132597
30
0
41
1
10
245.601637089725
20
15.8123797052888
30
0
41
1
10
245.613660222083
20
15.8143835356729
30
0
41
1
10
245.631346715877
20
15.8160243995809
30
0
41
1
10
245.637183771909
20
15.8163419505419
30
0
41
1
10
245.648727378574
20
15.8164296872715
30
0
41
1
10
245.654461321574
20
15.8161957481319
30
0
41
1
10
245.671091388107
20
15.8145127655107
30
0
41
1
10
245.681511717109
20
15.8121372574416
30
0
41
1
10
245.6909540032
20
15.8078394541508
30
0
0
SPLINE
5
14F
100
AcDbEntity
8
1
62
256
6
ByLayer
370
18
48
1
60
0
100
AcDbSpline
70
4
71
3
72
8
73
4
40
0
40
0
40
0
40
0
40
1
40
1
40
1
40
1
41
1
10
245.193543649352
20
15.4887485604832
30
0
41
1
10
245.194292315815
20
15.4946246309241
30
0
41
1
10
245.195040669108
20
15.5005020863851
30
0
41
1
10
245.195788692568
20
15.5063809981407
30
0
0
SPLINE
5
150
100
AcDbEntity
8
1
62
256
6
ByLayer
370
18
48
1
60
0
100
AcDbSpline
70
4
71
3
72
28
73
24
40
0
40
0
40
0
40
0
40
0.249999999999943
40
0.249999999999943
40
0.375000000000015
40
0.375000000000015
40
0.500000000000087
40
0.500000000000087
40
0.625000000000159
40
0.625000000000159
40
0.687500000000192
40
0.687500000000192
40
0.750000000000225
40
0.750000000000225
40
0.812500000000258
40
0.812500000000258
40
0.843750000000215
40
0.843750000000215
40
0.875000000000172
40
0.875000000000172
40
0.937500000000086
40
0.937500000000086
40
1
40
1
40
1
40
1
41
1
10
244.886375612131
20
15.325110628126
30
0
41
1
10
244.919309777507
20
15.3261890202575
30
0
41
1
10
244.952375777104
20
15.3297280296532
30
0
41
1
10
245.00143203827
20
15.3390960832211
30
0
41
1
10
245.017706504919
20
15.3429071507534
30
0
41
1
10
245.049807847875
20
15.352075430028
30
0
41
1
10
245.06569713234
20
15.3574493205135
30
0
41
1
10
245.096560608287
20
15.3700296674378
30
0
41
1
10
245.111685415032
20
15.3773007611857
30
0
41
1
10
245.132861753091
20
15.3898382910118
30
0
41
1
10
245.13968061979
20
15.3942943601069
30
0
41
1
10
245.15271544282
20
15.4038918022893
30
0
41
1
10
245.158983467023
20
15.4090851725878
30
0
41
1
10
245.170349465105
20
15.4200280520891
30
0
41
1
10
245.175472300351
20
15.4257814726849
30
0
41
1
10
245.182094104811
20
15.4349317353597
30
0
41
1
10
245.184127700596
20
15.4380831158244
30
0
41
1
10
245.187691046204
20
15.4444070709171
30
0
41
1
10
245.189235617237
20
15.4475972867955
30
0
41
1
10
245.193125685834
20
15.4572529959908
30
0
41
1
10
245.194716514219
20
15.4638949625311
30
0
41
1
10
245.195667850351
20
15.4766208882592
30
0
41
1
10
245.195087442365
20
15.4827789355355
30
0
41
1
10
245.193543649352
20
15.4887485604832
30
0
0
SPLINE
5
151
100
AcDbEntity
8
1
62
256
6
ByLayer
370
18
48
1
60
0
100
AcDbSpline
70
4
71
3
72
28
73
24
40
0
40
0
40
0
40
0
40
0.250000000000058
40
0.250000000000058
40
0.375000000000086
40
0.375000000000086
40
0.500000000000115
40
0.500000000000115
40
0.625000000000144
40
0.625000000000144
40
0.687500000000066
40
0.687500000000066
40
0.749999999999989
40
0.749999999999989
40
0.812499999999911
40
0.812499999999911
40
0.843749999999872
40
0.843749999999872
40
0.874999999999833
40
0.874999999999833
40
0.937499999999917
40
0.937499999999917
40
1
40
1
40
1
40
1
41
1
10
245.985765793244
20
15.9944233999111
30
0
41
1
10
245.969298710557
20
15.9654261311545
30
0
41
1
10
245.950708595499
20
15.9375167086164
30
0
41
1
10
245.919697497968
20
15.8981394607442
30
0
41
1
10
245.908823872392
20
15.8854226702254
30
0
41
1
10
245.886008901855
20
15.8611576965646
30
0
41
1
10
245.874024009056
20
15.8495616857662
30
0
41
1
10
245.848984584835
20
15.8281081421704
30
0
41
1
10
245.835804946527
20
15.8181473860282
30
0
41
1
10
245.81543173539
20
15.8053893980152
30
0
41
1
10
245.808530280916
20
15.8014924852914
30
0
41
1
10
245.794462149642
20
15.7945895495547
30
0
41
1
10
245.787228190828
20
15.7915628631049
30
0
41
1
10
245.772877576597
20
15.7868493747731
30
0
41
1
10
245.765745726002
20
15.7851420977118
30
0
41
1
10
245.755145922629
20
15.7838077824168
30
0
41
1
10
245.751615566566
20
15.7835718086033
30
0
41
1
10
245.74478365511
20
15.7835670930943
30
0
41
1
10
245.741460663263
20
15.783793918851
30
0
41
1
10
245.73178683081
20
15.785191875372
30
0
41
1
10
245.725663036121
20
15.7871371511089
30
0
41
1
10
245.714957932272
20
15.7927665934527
30
0
41
1
10
245.710288070268
20
15.7964349661345
30
0
41
1
10
245.706242461104
20
15.8008814762392
30
0
0
SPLINE
5
152
100
AcDbEntity
8
1
62
256
6
ByLayer
370
18
48
1
60
0
100
AcDbSpline
70
4
71
3
72
8
73
4
40
0
40
0
40
0
40
0
40
1
40
1
40
1
40
1
41
1
10
245.706242461104
20
15.8008814762393
30
0
41
1
10
245.701147568114
20
15.8031999662672
30
0
41
1
10
245.696051436736
20
15.8055192780393
30
0
41
1
10
245.6909540032
20
15.8078394541508
30
0
0
SPLINE
5
153
100
AcDbEntity
8
1
62
256
6
ByLayer
370
18
48
1
60
0
100
AcDbSpline
70
4
71
3
72
11
73
7
40
0
40
0
40
0
40
0
40
0.0683681948785755
40
0.524831835748012
40
0.981295476617448
40
1
40
1
40
1
40
1
41
1
10
249.284252303087
20
-14.0317604472607
30
0
41
1
10
249.292461126842
20
-14.0545471169378
30
0
41
1
10
249.355580613479
20
-14.2297895199219
30
0
41
1
10
249.472353823171
20
-14.5536148691553
30
0
41
1
10
249.582828045759
20
-14.859945333556
30
0
41
1
10
249.640164334888
20
-15.0191489138268
30
0
41
1
10
249.642418217079
20
-15.0254235838063
30
0
0
SPLINE
5
154
100
AcDbEntity
8
1
62
256
6
ByLayer
370
18
48
1
60
0
100
AcDbSpline
70
4
71
3
72
17
73
13
40
0
40
0
40
0
40
0
40
0.0295634678907551
40
0.0735446958500382
40
0.161507151768604
40
0.337432063605736
40
0.513356975442868
40
0.68928188728
40
0.865206799117132
40
0.953169255035698
40
0.997150482994981
40
1
40
1
40
1
40
1
41
1
10
249.642418217079
20
-15.0254235838063
30
0
41
1
10
249.647039779199
20
-15.0382897296975
30
0
41
1
10
249.658504319862
20
-15.0703780557873
30
0
41
1
10
249.682960106921
20
-15.1416632844154
30
0
41
1
10
249.726974394452
20
-15.2783045510611
30
0
41
1
10
249.78212582433
20
-15.475571671785
30
0
41
1
10
249.835837972566
20
-15.7148407720179
30
0
41
1
10
249.877009882006
20
-15.9565516457899
30
0
41
1
10
249.900615245205
20
-16.1587041548835
30
0
41
1
10
249.911701865802
20
-16.3009000019273
30
0
41
1
10
249.915152241468
20
-16.3628929390508
30
0
41
1
10
249.916272860408
20
-16.3843245506613
30
0
41
1
10
249.91634077869
20
-16.3856282103235
30
0
0
SPLINE
5
155
100
AcDbEntity
8
1
62
256
6
ByLayer
370
13
48
1
60
0
100
AcDbSpline
70
4
71
3
72
11
73
7
40
0
40
0
40
0
40
0
40
0.249255887038201
40
0.499007732287038
40
0.749255712187864
40
1
40
1
40
1
40
1
41
1
10
249.49093737216
20
-14.947424902274
30
0
41
1
10
249.503623375263
20
-14.9538788844455
30
0
41
1
10
249.529020623511
20
-14.9667996906333
30
0
41
1
10
249.566930225105
20
-14.9862594747766
30
0
41
1
10
249.604766373962
20
-15.005797190771
30
0
41
1
10
249.629867511736
20
-15.0188742309189
30
0
41
1
10
249.642430513842
20
-15.0254192283767
30
0
0
SPLINE
5
156
100
AcDbEntity
8
1
62
256
6
ByLayer
370
18
48
1
60
0
100
AcDbSpline
70
4
71
3
72
8
73
4
40
0
40
0
40
0
40
0
40
1
40
1
40
1
40
1
41
1
10
249.490937372161
20
-14.9474249022765
30
0
41
1
10
249.42291414409
20
-14.77109393678
30
0
41
1
10
249.354620414961
20
-14.5948580363629
30
0
41
1
10
249.285863518918
20
-14.4187900531681
30
0
0
SPLINE
5
157
100
AcDbEntity
8
1
62
256
6
ByLayer
370
18
48
1
60
0
100
AcDbSpline
70
4
71
3
72
32
73
28
40
0
40
0
40
0
40
0
40
0.0201722500279436
40
0.030957120221128
40
0.106451211573419
40
0.192730173118894
40
0.365288096209843
40
0.451567057755318
40
0.494706538528056
40
0.537846019300793
40
0.543238454397386
40
0.548630889493978
40
0.55402332459057
40
0.556719542138866
40
0.559415759687162
40
0.564808194783754
40
0.570200629880346
40
0.580985500073531
40
0.624124980846268
40
0.710403942391743
40
0.796682903937218
40
0.882961865482693
40
0.969240827028168
40
0.980025697221353
40
0.990810567414537
40
0.996203002511129
40
1
40
1
40
1
40
1
41
1
10
249.91634077869
20
-16.3856282103235
30
0
41
1
10
249.91732115367
20
-16.4044460493869
30
0
41
1
10
249.918739924241
20
-16.433199082789
30
0
41
1
10
249.923680053539
20
-16.5314381979352
30
0
41
1
10
249.931710343282
20
-16.6907000397886
30
0
41
1
10
249.947335198901
20
-16.9992999860812
30
0
41
1
10
249.963545238746
20
-17.3178532843258
30
0
41
1
10
249.977742849314
20
-17.5965863342025
30
0
41
1
10
249.985810130877
20
-17.7558616727254
30
0
41
1
10
249.990185148471
20
-17.840477323301
30
0
41
1
10
249.992707838592
20
-17.8902504720639
30
0
41
1
10
249.993445805513
20
-17.9051825680239
30
0
41
1
10
249.994101039829
20
-17.9176270274774
30
0
41
1
10
249.9946008048
20
-17.9275807282062
30
0
41
1
10
249.994902497332
20
-17.9375381401138
30
0
41
1
10
249.995053481841
20
-17.9499901426461
30
0
41
1
10
249.995307187595
20
-17.9699129757841
30
0
41
1
10
249.996166088345
20
-18.0246953525578
30
0
41
1
10
249.998060268622
20
-18.1541705971854
30
0
41
1
10
249.999734637012
20
-18.3533318644384
30
0
41
1
10
250.000218058847
20
-18.5922719633365
30
0
41
1
10
249.999124040854
20
-18.8311585332466
30
0
41
1
10
249.997195194351
20
-19.0003318613119
30
0
41
1
10
249.995681080144
20
-19.0998329913627
30
0
41
1
10
249.995260391952
20
-19.1247723330336
30
0
41
1
10
249.995011124063
20
-19.1430197931997
30
0
41
1
10
249.994861919497
20
-19.1516994372385
30
0
41
1
10
249.994781401294
20
-19.1553968888333
30
0
0
SPLINE
5
158
100
AcDbEntity
8
1
62
256
6
ByLayer
370
13
48
1
60
0
100
AcDbSpline
70
4
71
3
72
9
73
5
40
0
40
0
40
0
40
0
40
0.253089698189948
40
1
40
1
40
1
40
1
41
1
10
249.916357481279
20
-16.3856278898722
30
0
41
1
10
249.91076957525
20
-16.3793783036341
30
0
41
1
10
249.888697325619
20
-16.3546924147083
30
0
41
1
10
249.866646005396
20
-16.3300299335031
30
0
41
1
10
249.850175571522
20
-16.3116091876354
30
0
0
SPLINE
5
159
100
AcDbEntity
8
1
62
256
6
ByLayer
370
18
48
1
60
0
100
AcDbSpline
70
4
71
3
72
18
73
14
40
0
40
0
40
0
40
0
40
0.125
40
0.25
40
0.3125
40
0.34375
40
0.359375
40
0.375
40
0.4375
40
0.5
40
0.625
40
0.75
40
1
40
1
40
1
40
1
41
1
10
249.279376859332
20
-15.1253669558853
30
0
41
1
10
249.281206449088
20
-15.1196742778192
30
0
41
1
10
249.288892465693
20
-15.1071980417877
30
0
41
1
10
249.308288136457
20
-15.0891798480866
30
0
41
1
10
249.326889770169
20
-15.0754486088711
30
0
41
1
10
249.337368133972
20
-15.0683359389965
30
0
41
1
10
249.343753076309
20
-15.0641914255216
30
0
41
1
10
249.353622839238
20
-15.0579163703497
30
0
41
1
10
249.368106866994
20
-15.0485670850184
30
0
41
1
10
249.392348324541
20
-15.0322509569973
30
0
41
1
10
249.419878743208
20
-15.0124320476882
30
0
41
1
10
249.457928710019
20
-14.9820326594966
30
0
41
1
10
249.47962047109
20
-14.9607995667123
30
0
41
1
10
249.490937372161
20
-14.9474249022765
30
0
0
SPLINE
5
15A
100
AcDbEntity
8
1
62
256
6
ByLayer
370
18
48
1
60
0
100
AcDbSpline
70
4
71
3
72
28
73
24
40
0
40
0
40
0
40
0
40
0.03125
40
0.0625
40
0.09375
40
0.125
40
0.15625
40
0.1875
40
0.21875
40
0.25
40
0.3125
40
0.375
40
0.4375
40
0.5
40
0.5625
40
0.625
40
0.6875
40
0.75
40
0.8125
40
0.875
40
0.9375
40
0.96875
40
1
40
1
40
1
40
1
41
1
10
249.490937372161
20
-14.9474249022753
30
0
41
1
10
249.496266770607
20
-14.9612398593141
30
0
41
1
10
249.506908724621
20
-14.9888758257861
30
0
41
1
10
249.522799431312
20
-15.0303553444277
30
0
41
1
10
249.538596217972
20
-15.0718678437529
30
0
41
1
10
249.554277388901
20
-15.1134207355119
30
0
41
1
10
249.569821248398
20
-15.1550214314548
30
0
41
1
10
249.585205468049
20
-15.1966765740656
30
0
41
1
10
249.60040771944
20
-15.2383928058286
30
0
41
1
10
249.620404992395
20
-15.2941047570276
30
0
41
1
10
249.644835020865
20
-15.3639306313271
30
0
41
1
10
249.673056564409
20
-15.4480621783414
30
0
41
1
10
249.699995627068
20
-15.5325772245843
30
0
41
1
10
249.725452288855
20
-15.6175024235001
30
0
41
1
10
249.749226629782
20
-15.7028644285334
30
0
41
1
10
249.77110922461
20
-15.7886720798102
30
0
41
1
10
249.790887512483
20
-15.874923439426
30
0
41
1
10
249.808345843344
20
-15.961601114375
30
0
41
1
10
249.823268189795
20
-16.0486706786321
30
0
41
1
10
249.835441471388
20
-16.1360789946964
30
0
41
1
10
249.843123435998
20
-16.209140697386
30
0
41
1
10
249.84769472037
20
-16.2676761998899
30
0
41
1
10
249.849440961188
20
-16.296963220757
30
0
41
1
10
249.850175571522
20
-16.3116091876354
30
0
0
SPLINE
5
15B
100
AcDbEntity
8
1
62
256
6
ByLayer
370
18
48
1
60
0
100
AcDbSpline
70
4
71
3
72
21
73
17
40
0
40
0
40
0
40
0
40
0.0039822658528485
40
0.0174419649629451
40
0.0309016640730418
40
0.0847404605134284
40
0.138579256953815
40
0.246256849834588
40
0.353934442715361
40
0.461612035596134
40
0.569289628476907
40
0.676967221357681
40
0.784644814238454
40
0.892322407119227
40
0.946161203559613
40
1
40
1
40
1
40
1
41
1
10
249.994781401294
20
-19.1553968888333
30
0
41
1
10
249.994747568833
20
-19.1569504988487
30
0
41
1
10
249.994584795126
20
-19.1638410791065
30
0
41
1
10
249.994150479916
20
-19.1768732208447
30
0
41
1
10
249.992334112957
20
-19.2114085822491
30
0
41
1
10
249.986929567401
20
-19.2618102914448
30
0
41
1
10
249.97000534434
20
-19.3505945457315
30
0
41
1
10
249.935889159073
20
-19.4565562295721
30
0
41
1
10
249.874631319498
20
-19.5761783107699
30
0
41
1
10
249.795235367171
20
-19.683359225632
30
0
41
1
10
249.699072173396
20
-19.7764751236075
30
0
41
1
10
249.588846344678
20
-19.8524508801089
30
0
41
1
10
249.467171549788
20
-19.9092773716124
30
0
41
1
10
249.35871824425
20
-19.939070518255
30
0
41
1
10
249.269916247304
20
-19.9517942206573
30
0
41
1
10
249.224747847267
20
-19.9543566109612
30
0
41
1
10
249.202918998571
20
-19.9546509770445
30
0
0
SPLINE
5
15C
100
AcDbEntity
8
1
62
256
6
ByLayer
370
18
48
1
60
0
100
AcDbSpline
70
4
71
3
72
8
73
4
40
0
40
0
40
0
40
0
40
1
40
1
40
1
40
1
41
1
10
249.202918998571
20
-19.9546509770445
30
0
41
1
10
249.20259511873
20
-19.9546553446243
30
0
41
1
10
249.202272092049
20
-19.9546596999636
30
0
41
1
10
249.201949893205
20
-19.9546640434049
30
0
0
SPLINE
5
15D
100
AcDbEntity
8
1
62
256
6
ByLayer
370
13
48
1
60
0
100
AcDbSpline
70
4
71
3
72
8
73
4
40
0
40
0
40
0
40
0
40
1
40
1
40
1
40
1
41
1
10
249.994763879326
20
-19.1553959497256
30
0
41
1
10
249.972704045019
20
-19.129123523673
30
0
41
1
10
249.95064416581
20
-19.1028511345776
30
0
41
1
10
249.928584246399
20
-19.0765787880356
30
0
0
SPLINE
5
15E
100
AcDbEntity
8
1
62
256
6
ByLayer
370
18
48
1
60
0
100
AcDbSpline
70
4
71
3
72
19
73
15
40
0
40
0
40
0
40
0
40
0.125
40
0.25
40
0.3125
40
0.34375
40
0.359375
40
0.375
40
0.4375
40
0.46875
40
0.5
40
0.625
40
0.75
40
1
40
1
40
1
40
1
41
1
10
249.590721698526
20
-16.2760380865282
30
0
41
1
10
249.594929362119
20
-16.277861559553
30
0
41
1
10
249.607141422941
20
-16.2813527002805
30
0
41
1
10
249.631571775133
20
-16.2852596963983
30
0
41
1
10
249.653310748657
20
-16.2877192593855
30
0
41
1
10
249.665299152227
20
-16.2888769118614
30
0
41
1
10
249.672463571221
20
-16.2895173484934
30
0
41
1
10
249.683521208456
20
-16.2904566889839
30
0
41
1
10
249.697320453454
20
-16.2914897325048
30
0
41
1
10
249.71431282912
20
-16.2925776122717
30
0
41
1
10
249.738558587829
20
-16.2943037123021
30
0
41
1
10
249.771357789847
20
-16.2971538733903
30
0
41
1
10
249.818712530987
20
-16.302924941701
30
0
41
1
10
249.841232707132
20
-16.3079840329802
30
0
41
1
10
249.850175571522
20
-16.3116091876354
30
0
0
SPLINE
5
15F
100
AcDbEntity
8
1
62
256
6
ByLayer
370
18
48
1
60
0
100
AcDbSpline
70
4
71
3
72
32
73
28
40
0
40
0
40
0
40
0
40
0.250000000000117
40
0.375000000000178
40
0.500000000000238
40
0.531250000000252
40
0.546875000000258
40
0.546875000000258
40
0.554687500000262
40
0.554687500000262
40
0.55566406250026
40
0.55566406250026
40
0.556640625000258
40
0.556640625000258
40
0.558593750000259
40
0.558593750000259
40
0.560546875000259
40
0.56250000000026
40
0.56250000000026
40
0.566406250000257
40
0.566406250000257
40
0.570312500000255
40
0.578125000000251
40
0.593750000000241
40
0.625000000000224
40
0.750000000000149
40
1
40
1
40
1
40
1
41
1
10
249.850175571522
20
-16.3116091876354
30
0
41
1
10
249.861755968936
20
-16.5424842286605
30
0
41
1
10
249.879235208681
20
-16.8887931599682
30
0
41
1
10
249.902712067052
20
-17.3505297140217
30
0
41
1
10
249.915986898963
20
-17.6095280927717
30
0
41
1
10
249.924085254237
20
-17.7695150182226
30
0
41
1
10
249.926323589736
20
-17.8116356815109
30
0
41
1
10
249.927414669612
20
-17.8342132209106
30
0
41
1
10
249.927765643262
20
-17.8419971432306
30
0
41
1
10
249.928203011898
20
-17.8488135877127
30
0
41
1
10
249.928251543998
20
-17.8495180317548
30
0
41
1
10
249.928340884904
20
-17.8511282418032
30
0
41
1
10
249.928382897137
20
-17.8520257951773
30
0
41
1
10
249.928491153861
20
-17.8542517684099
30
0
41
1
10
249.928536849986
20
-17.8552622480204
30
0
41
1
10
249.928613498595
20
-17.8579960628949
30
0
41
1
10
249.928677557831
20
-17.8614181920678
30
0
41
1
10
249.928732913528
20
-17.8653542876845
30
0
41
1
10
249.928816290362
20
-17.8713553995515
30
0
41
1
10
249.928872444564
20
-17.8753358461321
30
0
41
1
10
249.928985581148
20
-17.8830562176404
30
0
41
1
10
249.929156444349
20
-17.8943881818731
30
0
41
1
10
249.929558057017
20
-17.9195423011122
30
0
41
1
10
249.930331598507
20
-17.968326181305
30
0
41
1
10
249.932422084517
20
-18.1267265605665
30
0
41
1
10
249.935108537264
20
-18.5010529422394
30
0
41
1
10
249.932556034678
20
-18.8464143171289
30
0
41
1
10
249.928584246399
20
-19.0765787880356
30
0
0
SPLINE
5
160
100
AcDbEntity
8
1
62
256
6
ByLayer
370
18
48
1
60
0
100
AcDbSpline
70
4
71
3
72
17
73
13
40
0
40
0
40
0
40
0
40
0.125
40
0.25
40
0.3125
40
0.375
40
0.4375
40
0.46875
40
0.5
40
0.625
40
0.75
40
1
40
1
40
1
40
1
41
1
10
249.73041286905
20
-18.9401206602049
30
0
41
1
10
249.734637865982
20
-18.9462819551005
30
0
41
1
10
249.746053796185
20
-18.9583233428062
30
0
41
1
10
249.767498293521
20
-18.9725138224164
30
0
41
1
10
249.788748542402
20
-18.9832675057366
30
0
41
1
10
249.807034435234
20
-18.9909505451519
30
0
41
1
10
249.821273390404
20
-18.997517569323
30
0
41
1
10
249.832118370232
20
-19.0028574161697
30
0
41
1
10
249.847849062323
20
-19.0109499064942
30
0
41
1
10
249.869467459255
20
-19.0233856892256
30
0
41
1
10
249.902040405004
20
-19.0462920140685
30
0
41
1
10
249.919799333261
20
-19.0642880973423
30
0
41
1
10
249.928584246399
20
-19.0765787880356
30
0
0
SPLINE
5
161
100
AcDbEntity
8
1
62
256
6
ByLayer
370
13
48
1
60
0
100
AcDbSpline
70
4
71
3
72
26
73
22
40
0
40
0
40
0
40
0
40
0.00390625
40
0.0078125
40
0.015625
40
0.03125
40
0.0625
40
0.125
40
0.1875
40
0.25
40
0.3125
40
0.375
40
0.4375
40
0.5
40
0.625
40
0.6875
40
0.75
40
0.8125
40
0.875
40
0.9375
40
1
40
1
40
1
40
1
41
1
10
249.928584246399
20
-19.0765787880356
30
0
41
1
10
249.928556366387
20
-19.0781942512488
30
0
41
1
10
249.9284917548
20
-19.0814247428899
30
0
41
1
10
249.928327125069
20
-19.087883789825
30
0
41
1
10
249.927946080039
20
-19.0991815213851
30
0
41
1
10
249.926812211659
20
-19.1217504408805
30
0
41
1
10
249.923057311032
20
-19.1667489748157
30
0
41
1
10
249.91344383864
20
-19.2304452628131
30
0
41
1
10
249.895107821075
20
-19.3053352614645
30
0
41
1
10
249.870106092348
20
-19.3780762271862
30
0
41
1
10
249.838572791991
20
-19.4480646739935
30
0
41
1
10
249.800741600958
20
-19.5147133227038
30
0
41
1
10
249.756846200199
20
-19.5774348941342
30
0
41
1
10
249.690664129174
20
-19.6550577001542
30
0
41
1
10
249.61364586756
20
-19.7225167930723
30
0
41
1
10
249.52753293835
20
-19.7775694183105
30
0
41
1
10
249.458984912594
20
-19.812174087447
30
0
41
1
10
249.387071090315
20
-19.8396249566496
30
0
41
1
10
249.31250707753
20
-19.85958704829
30
0
41
1
10
249.236054131839
20
-19.8718429875606
30
0
41
1
10
249.184355130969
20
-19.8748370309071
30
0
41
1
10
249.158453495722
20
-19.8750581012013
30
0
0
SPLINE
5
162
100
AcDbEntity
8
1
62
256
6
ByLayer
370
18
48
1
60
0
100
AcDbSpline
70
4
71
3
72
17
73
13
40
0
40
0
40
0
40
0
40
0.0600950229142419
40
0.184038916465191
40
0.43192670356709
40
0.679814490668989
40
0.927702277770887
40
0.989674224546362
40
0.993547471219829
40
0.997420717893296
40
0.99935734123003
40
1
40
1
40
1
40
1
41
1
10
248.710039753083
20
-19.9606215575945
30
0
41
1
10
248.555697238019
20
-19.962269382693
30
0
41
1
10
248.083017176691
20
-19.9666518806288
30
0
41
1
10
246.973474063611
20
-19.9723522922349
30
0
41
1
10
245.381087104086
20
-19.9672335797047
30
0
41
1
10
243.46971468741
20
-19.9401034593244
30
0
41
1
10
242.03322452542
20
-19.9041346230989
30
0
41
1
10
241.230941525311
20
-19.8786693439942
30
0
41
1
10
241.049911718488
20
-19.8726790555057
30
0
41
1
10
241.02517635643
20
-19.8718544212782
30
0
41
1
10
241.009123376572
20
-19.8713149633934
30
0
41
1
10
241.00185084977
20
-19.8710681240318
30
0
41
1
10
241.000000033228
20
-19.871001593541
30
0
0
SPLINE
5
163
100
AcDbEntity
8
1
62
256
6
ByLayer
370
18
48
1
60
0
100
AcDbSpline
70
4
71
3
72
11
73
7
40
0
40
0
40
0
40
0
40
0.05896874494033
40
0.484373627158124
40
0.970550635407032
40
1
40
1
40
1
40
1
41
1
10
249.201949893205
20
-19.9546640434049
30
0
41
1
10
249.191414315614
20
-19.9548060695586
30
0
41
1
10
249.11214494895
20
-19.9558681861349
30
0
41
1
10
248.953296028606
20
-19.957895509183
30
0
41
1
10
248.799262241994
20
-19.9596652777341
30
0
41
1
10
248.714860271244
20
-19.960570091731
30
0
41
1
10
248.710039753083
20
-19.9606215575945
30
0
0
SPLINE
5
164
100
AcDbEntity
8
1
62
256
6
ByLayer
370
13
48
1
60
0
100
AcDbSpline
70
4
71
3
72
8
73
4
40
0
40
0
40
0
40
0
40
1
40
1
40
1
40
1
41
1
10
249.158453495722
20
-19.8750581012013
30
0
41
1
10
249.172952183141
20
-19.9017696624424
30
0
41
1
10
249.187450999234
20
-19.9283050837397
30
0
41
1
10
249.201949898055
20
-19.954663986989
30
0
0
SPLINE
5
165
100
AcDbEntity
8
1
62
256
6
ByLayer
370
18
48
1
60
0
100
AcDbSpline
70
4
71
3
72
11
73
7
40
0
40
0
40
0
40
0
40
0.014922081385219
40
0.076728439522482
40
0.571179304620586
40
1
40
1
40
1
40
1
41
1
10
240.445198015954
20
-19.4649240904972
30
0
41
1
10
240.444291294769
20
-19.4624229358686
30
0
41
1
10
240.439787248168
20
-19.4498454540859
30
0
41
1
10
240.409013112203
20
-19.3646892640142
30
0
41
1
10
240.354151596857
20
-19.2123256894154
30
0
41
1
10
240.303171056437
20
-19.0708721121931
30
0
41
1
10
240.279554192974
20
-19.0053599086628
30
0
0
SPLINE
5
166
100
AcDbEntity
8
1
62
256
6
ByLayer
370
18
48
1
60
0
100
AcDbSpline
70
4
71
3
72
20
73
16
40
0
40
0
40
0
40
0
40
0.016626855503679
40
0.0415115835804788
40
0.0663963116572786
40
0.165935223964478
40
0.265474136271677
40
0.315243592425276
40
0.464551960886075
40
0.663629785500473
40
0.862707610114872
40
0.912477066268471
40
0.962246522422071
40
0.987131250498871
40
1
40
1
40
1
40
1
41
1
10
241.000000033228
20
-19.871001593541
30
0
41
1
10
240.996273497256
20
-19.8708676373862
30
0
41
1
10
240.986577097464
20
-19.8704823086307
30
0
41
1
10
240.97066755806
20
-19.8694112766514
30
0
41
1
10
240.934505039635
20
-19.865862172783
30
0
41
1
10
240.881415180928
20
-19.8565811088271
30
0
41
1
10
240.823874166772
20
-19.8391883827058
30
0
41
1
10
240.75624243604
20
-19.812040063124
30
0
41
1
10
240.670903353885
20
-19.7653656987216
30
0
41
1
10
240.568339201649
20
-19.6781007021814
30
0
41
1
10
240.502981983227
20
-19.5879311723524
30
0
41
1
10
240.469480238428
20
-19.523625723111
30
0
41
1
10
240.457081745903
20
-19.4958507623292
30
0
41
1
10
240.449121515744
20
-19.4756466240756
30
0
41
1
10
240.446169086909
20
-19.4676027514299
30
0
41
1
10
240.445198015954
20
-19.4649240904972
30
0
0
SPLINE
5
167
100
AcDbEntity
8
1
62
256
6
ByLayer
370
13
48
1
60
0
100
AcDbSpline
70
4
71
3
72
9
73
5
40
0
40
0
40
0
40
0
40
0.501219718031189
40
1
40
1
40
1
40
1
41
1
10
241.228614534916
20
-19.7616222902243
30
0
41
1
10
241.190415297206
20
-19.7798255739791
30
0
41
1
10
241.11420273745
20
-19.8161435461175
30
0
41
1
10
241.038005850049
20
-19.8527519661037
30
0
41
1
10
241.000000345066
20
-19.8710115241468
30
0
0
SPLINE
5
168
100
AcDbEntity
8
1
62
256
6
ByLayer
370
13
48
1
60
0
100
AcDbSpline
70
4
71
3
72
9
73
5
40
0
40
0
40
0
40
0
40
0.251786661021098
40
1
40
1
40
1
40
1
41
1
10
240.445202091768
20
-19.4649230140298
30
0
41
1
10
240.470892027001
20
-19.4548590727495
30
0
41
1
10
240.57298853525
20
-19.4148434462054
30
0
41
1
10
240.675330059926
20
-19.3746538386198
30
0
41
1
10
240.75199838964
20
-19.3445029717254
30
0
0
SPLINE
5
169
100
AcDbEntity
8
1
62
256
6
ByLayer
370
18
48
1
60
0
100
AcDbSpline
70
4
71
3
72
8
73
4
40
0
40
0
40
0
40
0
40
1
40
1
40
1
40
1
41
1
10
240.622540803592
20
-19.0180038970564
30
0
41
1
10
240.665461184925
20
-19.1269219344003
30
0
41
1
10
240.708598458529
20
-19.2357607276454
30
0
41
1
10
240.75199838964
20
-19.344502971725
30
0
0
SPLINE
5
16A
100
AcDbEntity
8
1
62
256
6
ByLayer
370
18
48
1
60
0
100
AcDbSpline
70
4
71
3
72
16
73
12
40
0
40
0
40
0
40
0
40
0.25
40
0.5
40
0.625
40
0.6875
40
0.75
40
0.78125
40
0.8125
40
0.875
40
1
40
1
40
1
40
1
41
1
10
249.158453495713
20
-19.8750581012016
30
0
41
1
10
249.152709061122
20
-19.8648891696187
30
0
41
1
10
249.141148163251
20
-19.8400778380868
30
0
41
1
10
249.126624339622
20
-19.7981411051058
30
0
41
1
10
249.116475237756
20
-19.7632383299696
30
0
41
1
10
249.110689122804
20
-19.7417187565008
30
0
41
1
10
249.1070800742
20
-19.7276190665535
30
0
41
1
10
249.104198973011
20
-19.715886486014
30
0
41
1
10
249.101316243429
20
-19.7042853067029
30
0
41
1
10
249.09624914323
20
-19.6857334854297
30
0
41
1
10
249.091890367956
20
-19.6725016092944
30
0
41
1
10
249.088991284849
20
-19.6649492721614
30
0
0
SPLINE
5
16B
100
AcDbEntity
8
1
62
256
6
ByLayer
370
18
48
1
60
0
100
AcDbSpline
70
4
71
3
72
47
73
43
40
0
40
0
40
0
40
0
40
0.0248207090807095
40
0.0496506043499459
40
0.0744896876533781
40
0.0993379606766036
40
0.124195424944882
40
0.149062081822936
40
0.173937932514773
40
0.198822978063438
40
0.223717219350835
40
0.248620657097556
40
0.273533291862632
40
0.298455124043427
40
0.323386153875324
40
0.34832638143169
40
0.373275806623566
40
0.398234429199584
40
0.423202248745721
40
0.448179264685185
40
0.473165476278219
40
0.498160882621917
40
0.523165482804098
40
0.548179276888424
40
0.573202265356141
40
0.598234448633267
40
0.6232758270885
40
0.648326401033139
40
0.673386170721075
40
0.698455136348685
40
0.723533298054839
40
0.74862065592081
40
0.773717209970268
40
0.798822960169181
40
0.823937906425847
40
0.849062048590788
40
0.874195386456771
40
0.899337919758722
40
0.92448964817377
40
0.949650571321106
40
0.974820688762054
40
1
40
1
40
1
40
1
41
1
10
249.158453495713
20
-19.8750581012019
30
0
41
1
10
249.092883776266
20
-19.8755958378379
30
0
41
1
10
248.961720069902
20
-19.8766715101272
30
0
41
1
10
248.764926419859
20
-19.877997052964
30
0
41
1
10
248.568051741217
20
-19.8791123431883
30
0
41
1
10
248.371095428726
20
-19.8799967586263
30
0
41
1
10
248.174057967232
20
-19.8806559615272
30
0
41
1
10
247.976939550131
20
-19.8810885683315
30
0
41
1
10
247.77974044976
20
-19.8812950854345
30
0
41
1
10
247.582460918096
20
-19.8812755135253
30
0
41
1
10
247.385101213376
20
-19.8810299898558
30
0
41
1
10
247.187661592963
20
-19.880558616048
30
0
41
1
10
246.990142315257
20
-19.8798615042566
30
0
41
1
10
246.792543639184
20
-19.8789387647906
30
0
41
1
10
246.594865824335
20
-19.8777905094306
30
0
41
1
10
246.397109130924
20
-19.8764168505344
30
0
41
1
10
246.199273819805
20
-19.8748179012858
30
0
41
1
10
246.001360152462
20
-19.8729937755846
30
0
41
1
10
245.803368391019
20
-19.8709445882285
30
0
41
1
10
245.605298798223
20
-19.868670454284
30
0
41
1
10
245.407151637499
20
-19.8661714914124
30
0
41
1
10
245.208927172337
20
-19.863447811176
30
0
41
1
10
245.01062566405
20
-19.8604995514234
30
0
41
1
10
244.812247364167
20
-19.8573266287092
30
0
41
1
10
244.613792519683
20
-19.8539289127552
30
0
41
1
10
244.415261377223
20
-19.8503062856389
30
0
41
1
10
244.216654183923
20
-19.8464586263999
30
0
41
1
10
244.017971187537
20
-19.8423858151693
30
0
41
1
10
243.819212636411
20
-19.8380877320639
30
0
41
1
10
243.620378779489
20
-19.8335642574652
30
0
41
1
10
243.421469866315
20
-19.8288152720004
30
0
41
1
10
243.22248614703
20
-19.8238406563291
30
0
41
1
10
243.023427872371
20
-19.8186402920036
30
0
41
1
10
242.824295293686
20
-19.8132140582305
30
0
41
1
10
242.625088662885
20
-19.8075618439587
30
0
41
1
10
242.42580823262
20
-19.8016835027316
30
0
41
1
10
242.22645425561
20
-19.7955790212662
30
0
41
1
10
242.027026987173
20
-19.7892478899531
30
0
41
1
10
241.82752667576
20
-19.7826914534618
30
0
41
1
10
241.627953598327
20
-19.7759041333437
30
0
41
1
10
241.428307928224
20
-19.768906203676
30
0
41
1
10
241.295187101966
20
-19.7640505569216
30
0
41
1
10
241.228614534916
20
-19.7616222902243
30
0
0
SPLINE
5
16C
100
AcDbEntity
8
1
62
256
6
ByLayer
370
18
48
1
60
0
100
AcDbSpline
70
4
71
3
72
16
73
12
40
0
40
0
40
0
40
0
40
0.25
40
0.375
40
0.5
40
0.5625
40
0.625
40
0.75
40
0.8125
40
0.875
40
1
40
1
40
1
40
1
41
1
10
241.228614534916
20
-19.7616222902244
30
0
41
1
10
241.260398592944
20
-19.7479583152268
30
0
41
1
10
241.308049351958
20
-19.7257208285906
30
0
41
1
10
241.37144215107
20
-19.6926130146255
30
0
41
1
10
241.410984373948
20
-19.6704828692669
30
0
41
1
10
241.442559606932
20
-19.6519178969693
30
0
41
1
10
241.474092877674
20
-19.6327902952918
30
0
41
1
10
241.505558807014
20
-19.6128356614852
30
0
41
1
10
241.536949361685
20
-19.5920963067946
30
0
41
1
10
241.568257937568
20
-19.5705004404819
30
0
41
1
10
241.59203895727
20
-19.5575524832136
30
0
41
1
10
241.607922359248
20
-19.5502807701206
30
0
0
SPLINE
5
16D
100
AcDbEntity
8
1
62
256
6
ByLayer
370
18
48
1
60
0
100
AcDbSpline
70
4
71
3
72
18
73
14
40
0
40
0
40
0
40
0
40
0.25
40
0.375
40
0.5
40
0.5625
40
0.625
40
0.640625
40
0.65625
40
0.6875
40
0.75
40
0.875
40
1
40
1
40
1
40
1
41
1
10
240.75199838964
20
-19.344502971725
30
0
41
1
10
240.788357080905
20
-19.3187859755254
30
0
41
1
10
240.843593075449
20
-19.2801304384967
30
0
41
1
10
240.918527425711
20
-19.2284556077664
30
0
41
1
10
240.96595708118
20
-19.1961014215127
30
0
41
1
10
241.004230296263
20
-19.1701853745628
30
0
41
1
10
241.024774132762
20
-19.15570629692
30
0
41
1
10
241.038109400607
20
-19.1460979537501
30
0
41
1
10
241.046902297604
20
-19.1397048072554
30
0
41
1
10
241.062031575338
20
-19.1285509202071
30
0
41
1
10
241.09123353955
20
-19.1063918499245
30
0
41
1
10
241.129797952196
20
-19.0752307692484
30
0
41
1
10
241.157143709866
20
-19.05096419816
30
0
41
1
10
241.169899599986
20
-19.0390304345154
30
0
0
SPLINE
5
16E
100
AcDbEntity
8
1
62
256
6
ByLayer
370
18
48
1
60
0
100
AcDbSpline
70
4
71
3
72
18
73
14
40
0
40
0
40
0
40
0
40
0.125
40
0.25
40
0.375
40
0.5
40
0.625
40
0.6875
40
0.75
40
0.8125
40
0.875
40
0.9375
40
1
40
1
40
1
40
1
41
1
10
240.75199838964
20
-19.344502971725
30
0
41
1
10
240.76231821376
20
-19.3703601748275
30
0
41
1
10
240.785153967777
20
-19.4212857311894
30
0
41
1
10
240.826282631496
20
-19.4943559079845
30
0
41
1
10
240.874605438329
20
-19.5631088318368
30
0
41
1
10
240.930641142041
20
-19.625917882494
30
0
41
1
10
240.984099612646
20
-19.671442475379
30
0
41
1
10
241.030877823399
20
-19.7022651930992
30
0
41
1
10
241.067807841925
20
-19.7221570978405
30
0
41
1
10
241.106424864239
20
-19.7383972137781
30
0
41
1
10
241.146360772999
20
-19.750669617507
30
0
41
1
10
241.187247450864
20
-19.7586583856223
30
0
41
1
10
241.21482466996
20
-19.7611148296415
30
0
41
1
10
241.228614534916
20
-19.7616222902244
30
0
0
SPLINE
5
16F
100
AcDbEntity
8
1
62
256
6
ByLayer
370
18
48
1
60
0
100
AcDbSpline
70
4
71
3
72
11
73
7
40
0
40
0
40
0
40
0
40
0.25
40
0.5
40
0.75
40
1
40
1
40
1
40
1
41
1
10
249.279376859332
20
-15.125366955885
30
0
41
1
10
249.313279853227
20
-15.219416580256
30
0
41
1
10
249.383072918836
20
-15.4068436930884
30
0
41
1
10
249.480890438677
20
-15.6903264547816
30
0
41
1
10
249.55815732783
20
-15.9797456761511
30
0
41
1
10
249.585533859039
20
-16.1770996015768
30
0
41
1
10
249.590721698526
20
-16.2760380865282
30
0
0
SPLINE
5
170
100
AcDbEntity
8
1
62
256
6
ByLayer
370
18
48
1
60
0
100
AcDbSpline
70
4
71
3
72
23
73
19
40
0
40
0
40
0
40
0
40
0.25
40
0.375
40
0.4375
40
0.5
40
0.515625
40
0.53125
40
0.546875
40
0.5546875
40
0.5625
40
0.5703125
40
0.578125
40
0.59375
40
0.625
40
0.75
40
0.875
40
1
40
1
40
1
40
1
41
1
10
249.590721698526
20
-16.2760380865282
30
0
41
1
10
249.602362629404
20
-16.4980449676679
30
0
41
1
10
249.619824025719
20
-16.8310552893775
30
0
41
1
10
249.640195654754
20
-17.219567331372
30
0
41
1
10
249.651836585631
20
-17.4415742125117
30
0
41
1
10
249.658384609249
20
-17.5664530831528
30
0
41
1
10
249.662749958328
20
-17.6497056635802
30
0
41
1
10
249.664932632867
20
-17.6913319537939
30
0
41
1
10
249.666751528317
20
-17.726020528972
30
0
41
1
10
249.668206644676
20
-17.7537713891145
30
0
41
1
10
249.669297981946
20
-17.7745845342213
30
0
41
1
10
249.670389319216
20
-17.7953976793282
30
0
41
1
10
249.671844435575
20
-17.8231485394706
30
0
41
1
10
249.674390889205
20
-17.8717125447199
30
0
41
1
10
249.682394029183
20
-18.0243422755035
30
0
41
1
10
249.695490076419
20
-18.2741000167857
30
0
41
1
10
249.712951472735
20
-18.6071103384953
30
0
41
1
10
249.724592403612
20
-18.829117219635
30
0
41
1
10
249.73041286905
20
-18.9401206602049
30
0
0
SPLINE
5
171
100
AcDbEntity
8
1
62
256
6
ByLayer
370
13
48
1
60
0
100
AcDbSpline
70
4
71
3
72
8
73
4
40
0
40
0
40
0
40
0
40
1
40
1
40
1
40
1
41
1
10
249.284235553528
20
-16.143216342206
30
0
41
1
10
249.386397601861
20
-16.18749025698
30
0
41
1
10
249.488559650194
20
-16.2317641717541
30
0
41
1
10
249.590721698526
20
-16.2760380865282
30
0
0
SPLINE
5
172
100
AcDbEntity
8
1
62
256
6
ByLayer
370
13
48
1
60
0
100
AcDbSpline
70
4
71
3
72
15
73
11
40
0
40
0
40
0
40
0
40
0.125
40
0.25
40
0.375
40
0.5
40
0.625
40
0.75
40
0.875
40
1
40
1
40
1
40
1
41
1
10
249.088991284858
20
-19.6649492721526
30
0
41
1
10
249.134796413539
20
-19.6656513650687
30
0
41
1
10
249.22626271399
20
-19.6570830888592
30
0
41
1
10
249.356083896434
20
-19.6137069696393
30
0
41
1
10
249.472132207657
20
-19.5425435836052
30
0
41
1
10
249.569861414004
20
-19.4483114610489
30
0
41
1
10
249.646417264142
20
-19.3361644994648
30
0
41
1
10
249.700013181302
20
-19.2110051106218
30
0
41
1
10
249.729526158915
20
-19.0774623318186
30
0
41
1
10
249.73281048943
20
-18.985846232173
30
0
41
1
10
249.73041286905
20
-18.9401206602048
30
0
0
SPLINE
5
173
100
AcDbEntity
8
1
62
256
6
ByLayer
370
13
48
1
60
0
100
AcDbSpline
70
4
71
3
72
8
73
4
40
0
40
0
40
0
40
0
40
1
40
1
40
1
40
1
41
1
10
249.73041286905
20
-18.9401206602048
30
0
41
1
10
249.596681522992
20
-18.7451008120969
30
0
41
1
10
249.462950176935
20
-18.550080963989
30
0
41
1
10
249.329218830877
20
-18.3550611158811
30
0
0
SPLINE
5
174
100
AcDbEntity
8
1
62
256
6
ByLayer
370
13
48
1
60
0
100
AcDbSpline
70
4
71
3
72
8
73
4
40
0
40
0
40
0
40
0
40
1
40
1
40
1
40
1
41
1
10
249.329218830877
20
-18.3550611158811
30
0
41
1
10
249.325789822004
20
-18.3500606069552
30
0
41
1
10
249.322360813131
20
-18.3450600980294
30
0
41
1
10
249.318931804257
20
-18.3400595891035
30
0
0
SPLINE
5
175
100
AcDbEntity
8
1
62
256
6
ByLayer
370
13
48
1
60
0
100
AcDbSpline
70
4
71
3
72
8
73
4
40
0
40
0
40
0
40
0
40
1
40
1
40
1
40
1
41
1
10
248.790302651365
20
-18.8868421345482
30
0
41
1
10
248.792791723311
20
-18.893326360695
30
0
41
1
10
248.795280795257
20
-18.8998105868417
30
0
41
1
10
248.797769867203
20
-18.9062948129885
30
0
0
SPLINE
5
176
100
AcDbEntity
8
1
62
256
6
ByLayer
370
18
48
1
60
0
100
AcDbSpline
70
4
71
3
72
8
73
4
40
0
40
0
40
0
40
0
40
1
40
1
40
1
40
1
41
1
10
249.088991284859
20
-19.6649492721694
30
0
41
1
10
246.595301642991
20
-19.6267264381518
30
0
41
1
10
244.101612001087
20
-19.588503604105
30
0
41
1
10
241.607922359248
20
-19.5502807701094
30
0
0
SPLINE
5
177
100
AcDbEntity
8
1
62
256
6
ByLayer
370
13
48
1
60
0
100
AcDbSpline
70
4
71
3
72
8
73
4
40
0
40
0
40
0
40
0
40
1
40
1
40
1
40
1
41
1
10
248.797769867202
20
-18.906294812988
30
0
41
1
10
248.894843673088
20
-19.1591796327075
30
0
41
1
10
248.991917478973
20
-19.4120644524235
30
0
41
1
10
249.088991284858
20
-19.6649492721526
30
0
0
SPLINE
5
178
100
AcDbEntity
8
1
62
256
6
ByLayer
370
13
48
1
60
0
100
AcDbSpline
70
4
71
3
72
12
73
8
40
0
40
0
40
0
40
0
40
0.130933762590391
40
0.130933762590391
40
0.846851358087277
40
0.846851358087277
40
1
40
1
40
1
40
1
41
1
10
246.407984434105
20
-18.8503263820289
30
0
41
1
10
246.219362267145
20
-18.8713188441566
30
0
41
1
10
246.030740100186
20
-18.8923113062844
30
0
41
1
10
244.810772575422
20
-19.0280860271126
30
0
41
1
10
243.779427217624
20
-19.1428682858203
30
0
41
1
10
242.52745710933
20
-19.2822046931625
30
0
41
1
10
242.306832358825
20
-19.3067588417826
30
0
41
1
10
242.086207608322
20
-19.3313129904032
30
0
0
SPLINE
5
179
100
AcDbEntity
8
1
62
256
6
ByLayer
370
13
48
1
60
0
100
AcDbSpline
70
4
71
3
72
8
73
4
40
0
40
0
40
0
40
0
40
1
40
1
40
1
40
1
41
1
10
241.169899599986
20
-19.0390304345154
30
0
41
1
10
241.162767247981
20
-19.0192447179787
30
0
41
1
10
241.155634895975
20
-18.999459001442
30
0
41
1
10
241.14850254397
20
-18.9796732849053
30
0
0
SPLINE
5
17A
100
AcDbEntity
8
1
62
256
6
ByLayer
370
13
48
1
60
0
100
AcDbSpline
70
4
71
3
72
10
73
6
40
0
40
0
40
0
40
0
40
0.525210305152619
40
0.525210305152619
40
1
40
1
40
1
40
1
41
1
10
246.101011817127
20
-18.8350796075052
30
0
41
1
10
245.417909587129
20
-18.9111045939836
30
0
41
1
10
244.734807357132
20
-18.9871295804645
30
0
41
1
10
243.434181258801
20
-19.1318810937922
30
0
41
1
10
242.816657390467
20
-19.2006076206383
30
0
41
1
10
242.199133522136
20
-19.2693341474893
30
0
0
SPLINE
5
17B
100
AcDbEntity
8
1
62
256
6
ByLayer
370
18
48
1
60
0
100
AcDbSpline
70
4
71
3
72
8
73
4
40
0
40
0
40
0
40
0
40
1
40
1
40
1
40
1
41
1
10
243.253773224981
20
-18.5929660633188
30
0
41
1
10
243.240013234614
20
-18.6017907050572
30
0
41
1
10
243.226253244247
20
-18.6106153467956
30
0
41
1
10
243.212493253879
20
-18.6194399885341
30
0
0
SPLINE
5
17C
100
AcDbEntity
8
1
62
256
6
ByLayer
370
18
48
1
60
0
100
AcDbSpline
70
4
71
3
72
8
73
4
40
0
40
0
40
0
40
0
40
1
40
1
40
1
40
1
41
1
10
241.169899517609
20
-19.0390302428793
30
0
41
1
10
241.222309149641
20
-18.9899984621272
30
0
41
1
10
241.274718781673
20
-18.9409666813751
30
0
41
1
10
241.327128413705
20
-18.8919349006231
30
0
0
SPLINE
5
17D
100
AcDbEntity
8
1
62
256
6
ByLayer
370
18
48
1
60
0
100
AcDbSpline
70
4
71
3
72
8
73
4
40
0
40
0
40
0
40
0
40
1
40
1
40
1
40
1
41
1
10
241.423401774399
20
-18.801866450783
30
0
41
1
10
241.437828060583
20
-18.7883699526429
30
0
41
1
10
241.452254346767
20
-18.7748734545028
30
0
41
1
10
241.466680632951
20
-18.7613769563627
30
0
0
SPLINE
5
17E
100
AcDbEntity
8
1
62
256
6
ByLayer
370
18
48
1
60
0
100
AcDbSpline
70
4
71
3
72
8
73
4
40
0
40
0
40
0
40
0
40
1
40
1
40
1
40
1
41
1
10
241.687184759613
20
-18.5550845331153
30
0
41
1
10
241.728692524143
20
-18.5162519840003
30
0
41
1
10
241.770200288674
20
-18.4774194348853
30
0
41
1
10
241.811708053205
20
-18.4385868857703
30
0
0
SPLINE
5
17F
100
AcDbEntity
8
1
62
256
6
ByLayer
370
18
48
1
60
0
100
AcDbSpline
70
4
71
3
72
18
73
14
40
0
40
0
40
0
40
0
40
0.125
40
0.25
40
0.375
40
0.5
40
0.625
40
0.6875
40
0.75
40
0.8125
40
0.875
40
0.9375
40
1
40
1
40
1
40
1
41
1
10
241.169896046975
20
-19.0390312057503
30
0
41
1
10
241.179995197017
20
-19.06704661519
30
0
41
1
10
241.200735346078
20
-19.1229166921346
30
0
41
1
10
241.234846955414
20
-19.2056073681352
30
0
41
1
10
241.273376824618
20
-19.2865100846221
30
0
41
1
10
241.318331102481
20
-19.3642636941157
30
0
41
1
10
241.363336244671
20
-19.4243728946787
30
0
41
1
10
241.405509833364
20
-19.4671884036858
30
0
41
1
10
241.440429291464
20
-19.4955936934249
30
0
41
1
10
241.478790479436
20
-19.5191898725633
30
0
41
1
10
241.520145515317
20
-19.5367590380053
30
0
41
1
10
241.563590907601
20
-19.5474987235385
30
0
41
1
10
241.593160780576
20
-19.5500545244649
30
0
41
1
10
241.607922359248
20
-19.5502807701318
30
0
0
SPLINE
5
180
100
AcDbEntity
8
1
62
256
6
ByLayer
370
18
48
1
60
0
100
AcDbSpline
70
4
71
3
72
15
73
11
40
0
40
0
40
0
40
0
40
0.1055473179579
40
0.2110946359158
40
0.4221892718316
40
0.633283907747401
40
0.844378543663201
40
0.897152202642151
40
0.949925861621101
40
1
40
1
40
1
40
1
41
1
10
241.607922359248
20
-19.5502807701318
30
0
41
1
10
241.624749570766
20
-19.5425769637022
30
0
41
1
10
241.658404011107
20
-19.5271700550295
30
0
41
1
10
241.725712934985
20
-19.4963579956534
30
0
41
1
10
241.809849122038
20
-19.4578442324208
30
0
41
1
10
241.910812441908
20
-19.4116234614643
30
0
41
1
10
241.986535430848
20
-19.3769652992877
30
0
41
1
10
242.037015441008
20
-19.3538135661357
30
0
41
1
10
242.061825945845
20
-19.3424576315089
30
0
41
1
10
242.078225711975
20
-19.3350213106076
30
0
41
1
10
242.086207826623
20
-19.3313201057141
30
0
0
SPLINE
5
181
100
AcDbEntity
8
1
62
256
6
ByLayer
370
18
48
1
60
0
100
AcDbSpline
70
4
71
3
72
13
73
9
40
0
40
0
40
0
40
0
40
0.0113848368122009
40
0.233982789263882
40
0.456580741715564
40
0.679178694167246
40
0.901776646618928
40
1
40
1
40
1
40
1
41
1
10
242.086207258534
20
-19.331319933932
30
0
41
1
10
242.086637514812
20
-19.3311204293918
30
0
41
1
10
242.095480051488
20
-19.3270153684009
30
0
41
1
10
242.112728376454
20
-19.3187993641781
30
0
41
1
10
242.137915371952
20
-19.3056713371502
30
0
41
1
10
242.163048705374
20
-19.2915683415999
30
0
41
1
10
242.18344623253
20
-19.2792943753208
30
0
41
1
10
242.195457179104
20
-19.2716832088491
30
0
41
1
10
242.199133142394
20
-19.2693376522593
30
0
0
SPLINE
5
182
100
AcDbEntity
8
1
62
256
6
ByLayer
370
18
48
1
60
0
100
AcDbSpline
70
4
71
3
72
8
73
4
40
0
40
0
40
0
40
0
40
1
40
1
40
1
40
1
41
1
10
243.21249325388
20
-18.6194399885341
30
0
41
1
10
242.874706640896
20
-18.8360713788297
30
0
41
1
10
242.536920027911
20
-19.0527027691253
30
0
41
1
10
242.199133414927
20
-19.2693341594209
30
0
0
SPLINE
5
183
100
AcDbEntity
8
1
62
256
6
ByLayer
370
18
48
1
60
0
100
AcDbSpline
70
4
71
3
72
16
73
12
40
0
40
0
40
0
40
0
40
0.362795473026669
40
0.362795473026669
40
0.725590946053339
40
0.725590946053339
40
0.816289814309999
40
0.816289814309999
40
0.90698868256666
40
0.90698868256666
40
1
40
1
40
1
40
1
41
1
10
243.25377322498
20
-18.5929660633195
30
0
41
1
10
243.205002667054
20
-18.5888745678566
30
0
41
1
10
243.157013386217
20
-18.581311226761
30
0
41
1
10
243.062511493587
20
-18.5596225103672
30
0
41
1
10
243.015999159535
20
-18.5454959008412
30
0
41
1
10
242.958817667992
20
-18.5235763554913
30
0
41
1
10
242.947429666932
20
-18.5189778227028
30
0
41
1
10
242.924751478663
20
-18.5093460911266
30
0
41
1
10
242.913456491989
20
-18.5043094628647
30
0
41
1
10
242.890866200583
20
-18.4937517262211
30
0
41
1
10
242.879553320658
20
-18.4882117321009
30
0
41
1
10
242.868363467472
20
-18.4824792758443
30
0
0
SPLINE
5
184
100
AcDbEntity
8
1
62
256
6
ByLayer
370
18
48
1
60
0
100
AcDbSpline
70
4
71
3
72
8
73
4
40
0
40
0
40
0
40
0
40
1
40
1
40
1
40
1
41
1
10
246.40798443411
20
-18.8503263820284
30
0
41
1
10
246.305617152232
20
-18.848757314427
30
0
41
1
10
246.203256301416
20
-18.8437739173277
30
0
41
1
10
246.101011817117
20
-18.8350796075018
30
0
0
SPLINE
5
185
100
AcDbEntity
8
1
62
256
6
ByLayer
370
18
48
1
60
0
100
AcDbSpline
70
4
71
3
72
8
73
4
40
0
40
0
40
0
40
0
40
1
40
1
40
1
40
1
41
1
10
248.790302651362
20
-18.8868421345427
30
0
41
1
10
247.996196578946
20
-18.8746702170391
30
0
41
1
10
247.202090506526
20
-18.862498299532
30
0
41
1
10
246.407984434107
20
-18.8503263820257
30
0
0
SPLINE
5
186
100
AcDbEntity
8
1
62
256
6
ByLayer
370
18
48
1
60
0
100
AcDbSpline
70
4
71
3
72
15
73
11
40
0
40
0
40
0
40
0
40
0.125
40
0.25
40
0.375
40
0.5
40
0.625
40
0.75
40
0.875
40
1
40
1
40
1
40
1
41
1
10
248.790302650118
20
-18.8868421312999
30
0
41
1
10
248.826289930951
20
-18.8873937396956
30
0
41
1
10
248.898136773022
20
-18.8812810811209
30
0
41
1
10
249.001236464465
20
-18.8508619195769
30
0
41
1
10
249.095555809815
20
-18.8003878972571
30
0
41
1
10
249.177305252458
20
-18.7318384037895
30
0
41
1
10
249.24317463496
20
-18.6479300776327
30
0
41
1
10
249.290486794187
20
-18.5520220735375
30
0
41
1
10
249.317315178785
20
-18.4479750062977
30
0
41
1
10
249.320815517887
20
-18.3759843570319
30
0
41
1
10
249.318931802539
20
-18.3400595865983
30
0
0
SPLINE
5
187
100
AcDbEntity
8
1
62
256
6
ByLayer
370
18
48
1
60
0
100
AcDbSpline
70
4
71
3
72
8
73
4
40
0
40
0
40
0
40
0
40
1
40
1
40
1
40
1
41
1
10
249.284231743331
20
-17.6782867134915
30
0
41
1
10
249.295798430305
20
-17.8988776720276
30
0
41
1
10
249.30736511728
20
-18.1194686305649
30
0
41
1
10
249.318931804254
20
-18.3400595891036
30
0
0
SPLINE
5
188
100
AcDbEntity
8
1
62
256
6
ByLayer
370
13
48
1
60
0
100
AcDbSpline
70
4
71
3
72
11
73
7
40
0
40
0
40
0
40
0
40
0.173269768353514
40
0.448846512235676
40
0.724423256117838
40
1
40
1
40
1
40
1
41
1
10
240.366312034062
20
13.3344230074212
30
0
41
1
10
240.381282889787
20
13.3284815282936
30
0
41
1
10
240.420593261444
20
13.3143326700554
30
0
41
1
10
240.485930057975
20
13.2968408657504
30
0
41
1
10
240.562383003666
20
13.2845849264798
30
0
41
1
10
240.614082004536
20
13.2815908831332
30
0
41
1
10
240.639983639783
20
13.281369812839
30
0
0
SPLINE
5
189
100
AcDbEntity
8
1
62
256
6
ByLayer
370
13
48
1
60
0
100
AcDbSpline
70
4
71
3
72
8
73
4
40
0
40
0
40
0
40
0
40
1
40
1
40
1
40
1
41
1
10
248.144032034468
20
13.3253297457175
30
0
41
1
10
248.157612969395
20
13.3260369045365
30
0
41
1
10
248.171193904323
20
13.3267440633556
30
0
41
1
10
248.184774839251
20
13.3274512221747
30
0
0
SPLINE
5
18A
100
AcDbEntity
8
1
62
256
6
ByLayer
370
13
48
1
60
0
100
AcDbSpline
70
4
71
3
72
8
73
4
40
0
40
0
40
0
40
0
40
1
40
1
40
1
40
1
41
1
10
241.009154533295
20
13.2588862570761
30
0
41
1
10
241.172717195191
20
13.235357417039
30
0
41
1
10
241.336279857088
20
13.2118285770019
30
0
41
1
10
241.499842518984
20
13.1882997369648
30
0
0
SPLINE
5
18B
100
AcDbEntity
8
1
62
256
6
ByLayer
370
18
48
1
60
0
100
AcDbSpline
70
4
71
3
72
8
73
4
40
0
40
0
40
0
40
0
40
1
40
1
40
1
40
1
41
1
10
248.157690521269
20
13.3229886291068
30
0
41
1
10
248.166754869048
20
13.3234583886812
30
0
41
1
10
248.175766198363
20
13.3249452138237
30
0
41
1
10
248.184774806676
20
13.3274512204784
30
0
0
SPLINE
5
18C
100
AcDbEntity
8
1
62
256
6
ByLayer
370
18
48
1
60
0
100
AcDbSpline
70
4
71
3
72
9
73
5
40
0
40
0
40
0
40
0
40
0.522979901826403
40
1
40
1
40
1
40
1
41
1
10
240.639983639792
20
13.2813698128397
30
0
41
1
10
240.663359753987
20
13.2729698438089
30
0
41
1
10
240.708107805621
20
13.2612047316566
30
0
41
1
10
240.752635090838
20
13.2577151289209
30
0
41
1
10
240.773761109128
20
13.2579300495787
30
0
0
SPLINE
5
18D
100
AcDbEntity
8
1
62
256
6
ByLayer
370
18
48
1
60
0
100
AcDbSpline
70
4
71
3
72
8
73
4
40
0
40
0
40
0
40
0
40
1
40
1
40
1
40
1
41
1
10
240.917823663847
20
13.2720243987081
30
0
41
1
10
241.192207433581
20
13.2762301046274
30
0
41
1
10
241.466591203316
20
13.280435810547
30
0
41
1
10
241.740974973051
20
13.2846415164669
30
0
0
SPLINE
5
18E
100
AcDbEntity
8
1
62
256
6
ByLayer
370
18
48
1
60
0
100
AcDbSpline
70
4
71
3
72
8
73
4
40
0
40
0
40
0
40
0
40
1
40
1
40
1
40
1
41
1
10
248.036762126817
20
13.3811422290537
30
0
41
1
10
248.15747228103
20
13.3829924529586
30
0
41
1
10
248.278182435244
20
13.3848426768633
30
0
41
1
10
248.398892589457
20
13.386692900768
30
0
0
SPLINE
5
18F
100
AcDbEntity
8
1
62
256
6
ByLayer
370
18
48
1
60
0
100
AcDbSpline
70
4
71
3
72
10
73
6
40
0
40
0
40
0
40
0
40
0.533123058988399
40
0.799684588482598
40
1
40
1
40
1
40
1
41
1
10
248.569822600589
20
13.3948056238159
30
0
41
1
10
248.555620002128
20
13.3899535877098
30
0
41
1
10
248.534275238652
20
13.3844867700688
30
0
41
1
10
248.507544810852
20
13.3810743774342
30
0
41
1
10
248.495059567897
20
13.3804196173431
30
0
41
1
10
248.48970244499
20
13.3803121523726
30
0
0
SPLINE
5
190
100
AcDbEntity
8
1
62
256
6
ByLayer
370
18
48
1
60
0
100
AcDbSpline
70
4
71
3
72
20
73
16
40
0
40
0
40
0
40
0
40
0.0013471400125728
40
0.0169510909498763
40
0.0325550418871799
40
0.063762943761787
40
0.126178747511001
40
0.25101035500943
40
0.375841962507858
40
0.500673570006286
40
0.625505177504715
40
0.750336785003143
40
0.875168392501572
40
0.937584196250786
40
1
40
1
40
1
40
1
41
1
10
241.013137097391
20
15.3212417037073
30
0
41
1
10
241.013152549238
20
15.3216595906266
30
0
41
1
10
241.013367165269
20
15.3272120257299
30
0
41
1
10
241.014322201428
20
15.3457588209252
30
0
41
1
10
241.01554368225
20
15.3759424029341
30
0
41
1
10
241.018180014773
20
15.43182199357
30
0
41
1
10
241.022996291072
20
15.5416176524412
30
0
41
1
10
241.030130891413
20
15.6994031665596
30
0
41
1
10
241.038620743989
20
15.8884966116525
30
0
41
1
10
241.047064504113
20
16.0774885100564
30
0
41
1
10
241.055487747171
20
16.2665264869315
30
0
41
1
10
241.063891239722
20
16.4555936024594
30
0
41
1
10
241.070878330224
20
16.6131596977612
30
0
41
1
10
241.076458893932
20
16.7392102035106
30
0
41
1
10
241.079246203434
20
16.8022332545697
30
0
41
1
10
241.08040830687
20
16.8285256234072
30
0
0
SPLINE
5
191
100
AcDbEntity
8
1
62
256
6
ByLayer
370
18
48
1
60
0
100
AcDbSpline
70
4
71
3
72
8
73
4
40
0
40
0
40
0
40
0
40
1
40
1
40
1
40
1
41
1
10
241.08040830687
20
16.8285256234072
30
0
41
1
10
241.080485438528
20
16.8302707124802
30
0
41
1
10
241.080562986141
20
16.832010059865
30
0
41
1
10
241.080640962586
20
16.8337438545788
30
0
0
SPLINE
5
192
100
AcDbEntity
8
1
62
256
6
ByLayer
370
18
48
1
60
0
100
AcDbSpline
70
4
71
3
72
18
73
14
40
0
40
0
40
0
40
0
40
0.121162915242484
40
0.246484790770078
40
0.497128541825265
40
0.622450417352859
40
0.747772292880453
40
0.873094168408047
40
0.935755106171844
40
0.967085575053743
40
0.982750809494692
40
0.998416043935641
40
1
40
1
40
1
40
1
41
1
10
241.080640962586
20
16.8337438545788
30
0
41
1
10
241.08291264895
20
16.8842544648179
30
0
41
1
10
241.08827441561
20
16.9774222701723
30
0
41
1
10
241.104783702311
20
17.1650037929736
30
0
41
1
10
241.131648476776
20
17.3530935963972
30
0
41
1
10
241.171959660076
20
17.5396315183143
30
0
41
1
10
241.209732593206
20
17.6777457004026
30
0
41
1
10
241.247880407827
20
17.7899192396916
30
0
41
1
10
241.279460867476
20
17.8688704560234
30
0
41
1
10
241.29508413618
20
17.9053410990532
30
0
41
1
10
241.306342450611
20
17.930412733532
30
0
41
1
10
241.311059066503
20
17.9407117901234
30
0
41
1
10
241.312808613017
20
17.9445141035513
30
0
41
1
10
241.312963747417
20
17.9448510678647
30
0
0
SPLINE
5
193
100
AcDbEntity
8
1
62
256
6
ByLayer
370
18
48
1
60
0
100
AcDbSpline
70
4
71
3
72
18
73
14
40
0
40
0
40
0
40
0
40
0.0140665284166216
40
0.0610130043380796
40
0.12360830556669
40
0.186203606795301
40
0.248798908023911
40
0.499180112938354
40
0.749561317852796
40
0.874751920310018
40
0.937347221538628
40
0.999942522767239
40
1
40
1
40
1
40
1
41
1
10
241.312963747417
20
17.9448510678647
30
0
41
1
10
241.314342883322
20
17.9478466612437
30
0
41
1
10
241.318431683423
20
17.956659912858
30
0
41
1
10
241.325278822887
20
17.9714148603658
30
0
41
1
10
241.332728977938
20
17.9873862539338
30
0
41
1
10
241.34265644082
20
18.0086598221157
30
0
41
1
10
241.364011913481
20
18.0543446292271
30
0
41
1
10
241.393799066631
20
18.1175276474225
30
0
41
1
10
241.428381534133
20
18.190076850625
30
0
41
1
10
241.452409355902
20
18.2400079346343
30
0
41
1
10
241.466532892107
20
18.2692232994077
30
0
41
1
10
241.473446527
20
18.2835013431828
30
0
41
1
10
241.476814907328
20
18.2904069563052
30
0
41
1
10
241.476818954821
20
18.2904152541354
30
0
0
SPLINE
5
194
100
AcDbEntity
8
1
62
256
6
ByLayer
370
18
48
1
60
0
100
AcDbSpline
70
4
71
3
72
24
73
20
40
0
40
0
40
0
40
0
40
0.0624500259146175
40
0.124960610188407
40
0.249981778735987
40
0.265609424804434
40
0.281237070872881
40
0.300771628458441
40
0.312492363009776
40
0.343747655146671
40
0.375002947283566
40
0.500024115831145
40
0.750066452926304
40
0.875087621473883
40
0.937598205747673
40
0.968853497884568
40
0.984481143953015
40
0.992294966987239
40
1
40
1
40
1
40
1
41
1
10
241.476819070011
20
18.2904154902902
30
0
41
1
10
241.480181569966
20
18.2973089948605
30
0
41
1
10
241.486731665881
20
18.3106334241033
30
0
41
1
10
241.499827814833
20
18.3364609387144
30
0
41
1
10
241.511137495978
20
18.3578219912703
30
0
41
1
10
241.520063518905
20
18.3740626182623
30
0
41
1
10
241.522981157283
20
18.3793271892018
30
0
41
1
10
241.525692036825
20
18.384172800193
30
0
41
1
10
241.529328012948
20
18.3906172738957
30
0
41
1
10
241.533681302633
20
18.3982436430533
30
0
41
1
10
241.544814798589
20
18.417415425566
30
0
41
1
10
241.569699623789
20
18.4584532528459
30
0
41
1
10
241.60289942116
20
18.5076308445325
30
0
41
1
10
241.635027832581
20
18.5485441854028
30
0
41
1
10
241.652876637454
20
18.5674191199315
30
0
41
1
10
241.662323929847
20
18.576316343962
30
0
41
1
10
241.667345102171
20
18.580436589768
30
0
41
1
10
241.670366655881
20
18.5826316377197
30
0
41
1
10
241.671871641205
20
18.58368028181
30
0
41
1
10
241.672728682212
20
18.5841607687569
30
0
0
SPLINE
5
195
100
AcDbEntity
8
1
62
256
6
ByLayer
370
18
48
1
60
0
100
AcDbSpline
70
4
71
3
72
30
73
26
40
0
40
0
40
0
40
0
40
0.0001094202677647
40
0.0079685106253016
40
0.0158276009828384
40
0.0315457816979121
40
0.0629821431280595
40
0.125854865988354
40
0.251600311708944
40
0.377345757429533
40
0.40878211885968
40
0.416641209217217
40
0.424500299574754
40
0.432359389932291
40
0.440218480289828
40
0.471654841719975
40
0.503091203150122
40
0.518809383865196
40
0.628836648870712
40
0.754582094591301
40
0.817454817451596
40
0.880327540311891
40
0.943200263172185
40
0.974636624602333
40
1
40
1
40
1
40
1
41
1
10
241.672728682212
20
18.5841607687569
30
0
41
1
10
241.67274078307
20
18.584167552918
30
0
41
1
10
241.673623620217
20
18.5846610251491
30
0
41
1
10
241.675611064627
20
18.58555599571
30
0
41
1
10
241.679434457908
20
18.5873650381605
30
0
41
1
10
241.686200291424
20
18.5904702751137
30
0
41
1
10
241.699757180006
20
18.5965339761063
30
0
41
1
10
241.727137474211
20
18.6080218564214
30
0
41
1
10
241.766868458334
20
18.622684165382
30
0
41
1
10
241.803234649235
20
18.6338866327053
30
0
41
1
10
241.824616961373
20
18.6397442656823
30
0
41
1
10
241.830737295662
20
18.6413703954455
30
0
41
1
10
241.833799635866
20
18.6421740087683
30
0
41
1
10
241.836864101739
20
18.642968214905
30
0
41
1
10
241.842997190044
20
18.6445379015522
30
0
41
1
10
241.852212054165
20
18.646822543221
30
0
41
1
10
241.862475343109
20
18.6492391546476
30
0
41
1
10
241.883034956318
20
18.6538931083558
30
0
41
1
10
241.916054817502
20
18.6605811788279
30
0
41
1
10
241.955286354628
20
18.6669382352494
30
0
41
1
10
241.989469447952
20
18.6713346297453
30
0
41
1
10
242.014556602921
20
18.6740958500524
30
0
41
1
10
242.03281784577
20
18.6758247017948
30
0
41
1
10
242.050268000138
20
18.6771333943723
30
0
41
1
10
242.048059267316
20
18.67704321022
30
0
41
1
10
242.06431085612
20
18.6780563218962
30
0
0
SPLINE
5
196
100
AcDbEntity
8
1
62
256
6
ByLayer
370
18
48
1
60
0
100
AcDbSpline
70
4
71
3
72
25
73
21
40
0
40
0
40
0
40
0
40
0.0059772068261424
40
0.0214474905650151
40
0.0369177743038878
40
0.0678583417816332
40
0.129739476737124
40
0.253501746648106
40
0.485556002731197
40
0.501026286470069
40
0.531966853947815
40
0.56290742142556
40
0.624788556381051
40
0.748550826292033
40
0.872313096203014
40
0.934194231158505
40
0.965134798636251
40
0.980605082375123
40
0.996075366113996
40
1
40
1
40
1
40
1
41
1
10
242.06431085612
20
18.6780563218962
30
0
41
1
10
242.068202123361
20
18.6782989005343
30
0
41
1
10
242.085710930629
20
18.6793860222694
30
0
41
1
10
242.143631993084
20
18.6829593350846
30
0
41
1
10
242.296038605169
20
18.6922721278082
30
0
41
1
10
242.501197708251
20
18.7044481040946
30
0
41
1
10
242.954796722942
20
18.7303478234568
30
0
41
1
10
243.802882110343
20
18.7742748635018
30
0
41
1
10
244.564204092749
20
18.8066086148077
30
0
41
1
10
245.135347573594
20
18.8272791824206
30
0
41
1
10
245.293993455071
20
18.8328342923251
30
0
41
1
10
245.547769953163
20
18.8413259838931
30
0
41
1
10
245.991608513775
20
18.8551505024936
30
0
41
1
10
246.624200332587
20
18.8719675791659
30
0
41
1
10
247.252998593043
20
18.8849486020928
30
0
41
1
10
247.705588715603
20
18.8922160580372
30
0
41
1
10
247.912489327893
20
18.895134391273
30
0
41
1
10
248.062248298823
20
18.8970341639414
30
0
41
1
10
248.11954805255
20
18.8977347335049
30
0
41
1
10
248.139576225701
20
18.897965371543
30
0
41
1
10
248.143208686536
20
18.8980062790828
30
0
0
SPLINE
5
197
100
AcDbEntity
8
1
62
256
6
ByLayer
370
18
48
1
60
0
100
AcDbSpline
70
4
71
3
72
33
73
29
40
0
40
0
40
0
40
0
40
0.0273823410709047
40
0.0587425444385185
40
0.0901027478061324
40
0.121462951173746
40
0.184183357908974
40
0.246903764644201
40
0.309624171379429
40
0.372344578114657
40
0.403704781482271
40
0.435064984849884
40
0.497785391585112
40
0.529145594952726
40
0.56050579832034
40
0.591866001687954
40
0.623226205055567
40
0.685946611790795
40
0.717306815158409
40
0.748667018526023
40
0.76434712020983
40
0.81138742526125
40
0.874107831996478
40
0.936828238731706
40
0.968188442099319
40
0.983868543783126
40
0.999548645466933
40
1
40
1
40
1
40
1
41
1
10
248.143208686536
20
18.8980062790828
30
0
41
1
10
248.168213393611
20
18.8982878735982
30
0
41
1
10
248.17912866361
20
18.898306146432
30
0
41
1
10
248.204420840536
20
18.8981352605101
30
0
41
1
10
248.235379409701
20
18.89765940306
30
0
41
1
10
248.27775935251
20
18.8965463331777
30
0
41
1
10
248.328825215457
20
18.8941660193271
30
0
41
1
10
248.390326214164
20
18.8896190510541
30
0
41
1
10
248.451546730691
20
18.8832416854215
30
0
41
1
10
248.502211932035
20
18.87583470941
30
0
41
1
10
248.542715721129
20
18.8681219407106
30
0
41
1
10
248.582578737679
20
18.8576364307281
30
0
41
1
10
248.620183485716
20
18.8409490555183
30
0
41
1
10
248.652513524019
20
18.8157585910862
30
0
41
1
10
248.673396290378
20
18.7936064374727
30
0
41
1
10
248.691715464763
20
18.7690187475358
30
0
41
1
10
248.713082774111
20
18.7342614229562
30
0
41
1
10
248.730459927796
20
18.6970167047281
30
0
41
1
10
248.743083260818
20
18.6582250191069
30
0
41
1
10
248.749554717908
20
18.6335800189787
30
0
41
1
10
248.756461394939
20
18.6038223255425
30
0
41
1
10
248.764174423507
20
18.5638033000557
30
0
41
1
10
248.771406799815
20
18.5078418159247
30
0
41
1
10
248.774967712712
20
18.4559268380401
30
0
41
1
10
248.776009439676
20
18.4212628748444
30
0
41
1
10
248.776162109814
20
18.3985718482291
30
0
41
1
10
248.776118766778
20
18.3887569845293
30
0
41
1
10
248.776086825967
20
18.3844949656146
30
0
41
1
10
248.77608592483
20
18.3843762599456
30
0
0
SPLINE
5
198
100
AcDbEntity
8
1
62
256
6
ByLayer
370
18
48
1
60
0
100
AcDbSpline
70
4
71
3
72
22
73
18
40
0
40
0
40
0
40
0
40
0.0112892879508373
40
0.0621620442639601
40
0.124774667418573
40
0.249999913727798
40
0.500450406346249
40
0.7509008989647
40
0.813513522119312
40
0.829166677907966
40
0.844819833696619
40
0.860472989485272
40
0.876126145273925
40
0.938738768428538
40
0.970045080005844
40
0.985698235794497
40
1
40
1
40
1
40
1
41
1
10
248.77608592483
20
18.3843762599456
30
0
41
1
10
248.776063346778
20
18.3814020804931
30
0
41
1
10
248.775913308041
20
18.3669080957842
30
0
41
1
10
248.775671225301
20
18.3441534628335
30
0
41
1
10
248.775261540323
20
18.3105047069045
30
0
41
1
10
248.77426736477
20
18.227393947492
30
0
41
1
10
248.772695871581
20
18.1196903909527
30
0
41
1
10
248.771111439538
20
18.019428147773
30
0
41
1
10
248.769995165663
20
17.9613641811519
30
0
41
1
10
248.769669245538
20
17.9447668323321
30
0
41
1
10
248.769505225085
20
17.9364647385405
30
0
41
1
10
248.769340480796
20
17.9281573347997
30
0
41
1
10
248.76901021766
20
17.911528126285
30
0
41
1
10
248.768624614778
20
17.892074351694
30
0
41
1
10
248.768309303696
20
17.8730034532201
30
0
41
1
10
248.768065301568
20
17.8616755674209
30
0
41
1
10
248.768098834691
20
17.8578965678459
30
0
41
1
10
248.767935239055
20
17.85347406434
30
0
0
SPLINE
5
199
100
AcDbEntity
8
1
62
256
6
ByLayer
370
18
48
1
60
0
100
AcDbSpline
70
4
71
3
72
21
73
17
40
0
40
0
40
0
40
0
40
0.0013467736322102
40
0.0169464397395066
40
0.0325461058468031
40
0.063745438061396
40
0.126144102490582
40
0.250941431348953
40
0.375738760207325
40
0.500536089065696
40
0.625333417924068
40
0.750130746782439
40
0.874928075640811
40
0.937326740069996
40
0.999725404499182
40
1
40
1
40
1
40
1
41
1
10
248.767935239055
20
17.85347406434
30
0
41
1
10
248.767919780699
20
17.8530561764538
30
0
41
1
10
248.767705089919
20
17.8475037412067
30
0
41
1
10
248.766750123631
20
17.8289569464727
30
0
41
1
10
248.765528631884
20
17.7987733648741
30
0
41
1
10
248.762892305426
20
17.7428937740102
30
0
41
1
10
248.758076025077
20
17.6330981152911
30
0
41
1
10
248.750941426653
20
17.4753126011003
30
0
41
1
10
248.742462840994
20
17.286477543601
30
0
41
1
10
248.734015091274
20
17.0973929142399
30
0
41
1
10
248.725546080984
20
16.9073015816258
30
0
41
1
10
248.717159436561
20
16.7186285788991
30
0
41
1
10
248.710325559793
20
16.5646038791501
30
0
41
1
10
248.704410035376
20
16.4307995222495
30
0
41
1
10
248.701663717432
20
16.3680808660933
30
0
41
1
10
248.700435594538
20
16.3410901003909
30
0
41
1
10
248.700430216471
20
16.3409719284553
30
0
0
SPLINE
5
19A
100
AcDbEntity
8
1
62
256
6
ByLayer
370
18
48
1
60
0
100
AcDbSpline
70
4
71
3
72
20
73
16
40
0
40
0
40
0
40
0
40
0.0153299547324672
40
0.0309345924798075
40
0.0621438679744881
40
0.124562418963849
40
0.249399520942572
40
0.499073724900017
40
0.748747928857462
40
0.873585030836185
40
0.936003581825546
40
0.967212857320227
40
0.982817495067567
40
0.998422132814908
40
1
40
1
40
1
40
1
41
1
10
248.700430216471
20
16.3409719284553
30
0
41
1
10
248.700130068603
20
16.3343767976135
30
0
41
1
10
248.699542049116
20
16.3216021240956
30
0
41
1
10
248.698385138665
20
16.2977333816905
30
0
41
1
10
248.696288520522
20
16.2595496024243
30
0
41
1
10
248.690812551791
20
16.1743125180058
30
0
41
1
10
248.676303378606
20
16.0102890462437
30
0
41
1
10
248.642748748857
20
15.7744994704268
30
0
41
1
10
248.586598849035
20
15.5418394802531
30
0
41
1
10
248.533191911731
20
15.3847965320975
30
0
41
1
10
248.501611449365
20
15.3058453099177
30
0
41
1
10
248.485988189947
20
15.2693746869286
30
0
41
1
10
248.474729865014
20
15.2443030297969
30
0
41
1
10
248.470013249329
20
15.2340039735225
30
0
41
1
10
248.468263713175
20
15.2302016824893
30
0
41
1
10
248.468108576516
20
15.2298647132666
30
0
0
SPLINE
5
19B
100
AcDbEntity
8
1
62
256
6
ByLayer
370
18
48
1
60
0
100
AcDbSpline
70
4
71
3
72
18
73
14
40
0
40
0
40
0
40
0
40
0.0140664867819769
40
0.0610129516796412
40
0.12360823820986
40
0.186203524740079
40
0.248798811270298
40
0.499179957391175
40
0.749561103512051
40
0.87475167657249
40
0.937346963102709
40
0.999942249632928
40
1
40
1
40
1
40
1
41
1
10
248.468108576516
20
15.2298647132666
30
0
41
1
10
248.46672945771
20
15.2268691569746
30
0
41
1
10
248.462640732849
20
15.2180560678076
30
0
41
1
10
248.455793706369
20
15.2033013633354
30
0
41
1
10
248.448343671883
20
15.1873302270932
30
0
41
1
10
248.438416368073
20
15.1660569977994
30
0
41
1
10
248.417061226933
20
15.1203728948788
30
0
41
1
10
248.387274464797
20
15.0571906948129
30
0
41
1
10
248.352692302576
20
14.9846421052466
30
0
41
1
10
248.328664404124
20
14.9347108416328
30
0
41
1
10
248.314540965085
20
14.9054956513419
30
0
41
1
10
248.307627243494
20
14.8912174183397
30
0
41
1
10
248.304258759128
20
14.8843115884858
30
0
41
1
10
248.304254679833
20
14.8843032254529
30
0
0
SPLINE
5
19C
100
AcDbEntity
8
1
62
256
6
ByLayer
370
18
48
1
60
0
100
AcDbSpline
70
4
71
3
72
24
73
20
40
0
40
0
40
0
40
0
40
0.0624488107757195
40
0.124958142841049
40
0.249976806971707
40
0.265604139988039
40
0.281231473004371
40
0.300765639274787
40
0.312486139037036
40
0.343740805069701
40
0.374995471102365
40
0.500014135233023
40
0.75005146349434
40
0.875070127624998
40
0.937579459690327
40
0.968834125722992
40
0.984461458739324
40
0.99227512524749
40
1
40
1
40
1
40
1
41
1
10
248.30425463059
20
14.8843031244984
30
0
41
1
10
248.300892038052
20
14.8774094264014
30
0
41
1
10
248.294341649855
20
14.8640843944373
30
0
41
1
10
248.281244898926
20
14.8382556468252
30
0
41
1
10
248.269935050349
20
14.8168942478279
30
0
41
1
10
248.261008942488
20
14.8006534453266
30
0
41
1
10
248.258091279496
20
14.7953888235448
30
0
41
1
10
248.255380380149
20
14.7905431716718
30
0
41
1
10
248.251744380803
20
14.7840986500563
30
0
41
1
10
248.247391068465
20
14.7764722342107
30
0
41
1
10
248.236257530733
20
14.757300365756
30
0
41
1
10
248.211372684379
20
14.7162624958126
30
0
41
1
10
248.178172896471
20
14.6670849232339
30
0
41
1
10
248.146044485046
20
14.6261715823746
30
0
41
1
10
248.128195680171
20
14.607296647853
30
0
41
1
10
248.118748387776
20
14.5983994238253
30
0
41
1
10
248.11372721544
20
14.5942791780428
30
0
41
1
10
248.11070372184
20
14.5920827208603
30
0
41
1
10
248.109196797955
20
14.5910327836983
30
0
41
1
10
248.108336960449
20
14.5905512589562
30
0
0
SPLINE
5
19D
100
AcDbEntity
8
1
62
256
6
ByLayer
370
18
48
1
60
0
100
AcDbSpline
70
4
71
3
72
30
73
26
40
0
40
0
40
0
40
0
40
8.93097324701E-05
40
0.0079485581578208
40
0.0158078065831715
40
0.031526303433873
40
0.0629632971352759
40
0.125837284538082
40
0.251585259343693
40
0.377333234149305
40
0.408770227850708
40
0.416629476276059
40
0.424488724701409
40
0.43234797312676
40
0.440207221552111
40
0.471644215253514
40
0.503081208954916
40
0.518799705805618
40
0.628829183760528
40
0.75457715856614
40
0.817451145968946
40
0.880325133371751
40
0.943199120774557
40
0.97463611447596
40
1
40
1
40
1
40
1
41
1
10
248.108336960449
20
14.5905512589562
30
0
41
1
10
248.10832707725
20
14.5905457241833
30
0
41
1
10
248.107446171901
20
14.5900536054564
30
0
41
1
10
248.105461252964
20
14.5891597721416
30
0
41
1
10
248.101637859686
20
14.5873507296887
30
0
41
1
10
248.094872026175
20
14.5842454927287
30
0
41
1
10
248.081315137603
20
14.5781817917255
30
0
41
1
10
248.053934843415
20
14.5666939113926
30
0
41
1
10
248.014203859311
20
14.552031602418
30
0
41
1
10
247.977837668423
20
14.5408291350907
30
0
41
1
10
247.956455356291
20
14.534971502113
30
0
41
1
10
247.950335022004
20
14.5333453723496
30
0
41
1
10
247.947272681801
20
14.5325417590269
30
0
41
1
10
247.944208215928
20
14.5317475528901
30
0
41
1
10
247.938075127625
20
14.5301778662429
30
0
41
1
10
247.928860263507
20
14.527893224574
30
0
41
1
10
247.918596974565
20
14.5254766131476
30
0
41
1
10
247.898037361361
20
14.5208226594397
30
0
41
1
10
247.865017500186
20
14.514134588968
30
0
41
1
10
247.82578596307
20
14.507777532547
30
0
41
1
10
247.791602869756
20
14.5033811380515
30
0
41
1
10
247.766515714793
20
14.5006199177446
30
0
41
1
10
247.748254471949
20
14.4988910660025
30
0
41
1
10
247.730804317585
20
14.4975823734251
30
0
41
1
10
247.73301305041
20
14.4976725575776
30
0
41
1
10
247.716761461608
20
14.4966594459014
30
0
0
SPLINE
5
19E
100
AcDbEntity
8
1
62
256
6
ByLayer
370
18
48
1
60
0
100
AcDbSpline
70
4
71
3
72
25
73
21
40
0
40
0
40
0
40
0
40
0.0059772068266418
40
0.0214474905654962
40
0.0369177743043505
40
0.0678583417820592
40
0.129739476737477
40
0.253501746648311
40
0.485556002731127
40
0.501026286469981
40
0.53196685394769
40
0.562907421425399
40
0.624788556380816
40
0.748550826291651
40
0.872313096202486
40
0.934194231157903
40
0.965134798635612
40
0.980605082374466
40
0.99607536611332
40
1
40
1
40
1
40
1
41
1
10
247.716761461608
20
14.4966594459014
30
0
41
1
10
247.712870194367
20
14.4964168672634
30
0
41
1
10
247.6953613871
20
14.4953297455281
30
0
41
1
10
247.637440324645
20
14.4917564327126
30
0
41
1
10
247.485033712559
20
14.4824436399879
30
0
41
1
10
247.279874609477
20
14.4702676637001
30
0
41
1
10
246.826275594784
20
14.4443679443349
30
0
41
1
10
245.978190207382
20
14.4004409042843
30
0
41
1
10
245.216868224973
20
14.3681071529734
30
0
41
1
10
244.645724744127
20
14.3474365853568
30
0
41
1
10
244.487078862649
20
14.3418814754513
30
0
41
1
10
244.233302364556
20
14.3333897838817
30
0
41
1
10
243.789463803943
20
14.3195652652783
30
0
41
1
10
243.156871985129
20
14.3027481886021
30
0
41
1
10
242.528073724674
20
14.2897671656712
30
0
41
1
10
242.075483602114
20
14.2824997097241
30
0
41
1
10
241.868582989826
20
14.2795813764871
30
0
41
1
10
241.718824018895
20
14.2776816038177
30
0
41
1
10
241.661524265169
20
14.2769810342539
30
0
41
1
10
241.641496092019
20
14.2767503962157
30
0
41
1
10
241.637863631184
20
14.2767094886759
30
0
0
SPLINE
5
19F
100
AcDbEntity
8
1
62
256
6
ByLayer
370
18
48
1
60
0
100
AcDbSpline
70
4
71
3
72
33
73
29
40
0
40
0
40
0
40
0
40
0.0273823484113893
40
0.0587425601866231
40
0.090102771961857
40
0.121462983737091
40
0.184183407287558
40
0.246903830838026
40
0.309624254388494
40
0.372344677938961
40
0.403704889714195
40
0.435065101489429
40
0.497785525039897
40
0.529145736815131
40
0.560505948590365
40
0.591866160365598
40
0.623226372140832
40
0.6859467956913
40
0.717307007466534
40
0.748667219241768
40
0.764347325129385
40
0.811387642792235
40
0.874108066342703
40
0.936828489893171
40
0.968188701668404
40
0.983868807556021
40
0.999548913443638
40
1
40
1
40
1
40
1
41
1
10
241.637863631184
20
14.2767094886759
30
0
41
1
10
241.612858924113
20
14.2764278941604
30
0
41
1
10
241.60194365412
20
14.2764096213266
30
0
41
1
10
241.576651477201
20
14.2765805072485
30
0
41
1
10
241.545692908044
20
14.2770563646986
30
0
41
1
10
241.503312965245
20
14.2781694345809
30
0
41
1
10
241.452247102308
20
14.2805497484317
30
0
41
1
10
241.390746103614
20
14.2850967167051
30
0
41
1
10
241.329525587099
20
14.2914740823382
30
0
41
1
10
241.278860385764
20
14.2988810583508
30
0
41
1
10
241.238356596678
20
14.3065938270526
30
0
41
1
10
241.198493580137
20
14.3170793370381
30
0
41
1
10
241.16088883211
20
14.333766712251
30
0
41
1
10
241.128558793813
20
14.3589571766776
30
0
41
1
10
241.107676027456
20
14.3811093302837
30
0
41
1
10
241.08935685307
20
14.4056970202129
30
0
41
1
10
241.067989543721
20
14.4404543447816
30
0
41
1
10
241.050612390033
20
14.4776990629975
30
0
41
1
10
241.037989057006
20
14.5164907486109
30
0
41
1
10
241.031517597626
20
14.541135758488
30
0
41
1
10
241.024610929097
20
14.5708934156369
30
0
41
1
10
241.016897923222
20
14.61091234429
30
0
41
1
10
241.009665543079
20
14.6668738447605
30
0
41
1
10
241.006104473412
20
14.7187894914321
30
0
41
1
10
241.005063092115
20
14.7534519798129
30
0
41
1
10
241.004909878779
20
14.7761453236922
30
0
41
1
10
241.004953430441
20
14.7859591683865
30
0
41
1
10
241.004985591577
20
14.7902208810697
30
0
41
1
10
241.004986498434
20
14.790339510133
30
0
0
SPLINE
5
1A0
100
AcDbEntity
8
1
62
256
6
ByLayer
370
18
48
1
60
0
100
AcDbSpline
70
4
71
3
72
22
73
18
40
0
40
0
40
0
40
0
40
0.0112895525261269
40
0.0621622950429642
40
0.124774901217533
40
0.250000113566671
40
0.500450538264947
40
0.750900962963223
40
0.813513569137792
40
0.829166720681434
40
0.844819872225076
40
0.860473023768719
40
0.876126175312361
40
0.93873878148693
40
0.970045084574214
40
0.985698236117857
40
1
40
1
40
1
40
1
41
1
10
241.004986498434
20
14.790339510133
30
0
41
1
10
241.005009233863
20
14.7933136072571
30
0
41
1
10
241.005160429968
20
14.807807332179
30
0
41
1
10
241.005402640437
20
14.8305621982879
30
0
41
1
10
241.005809686849
20
14.8642111246154
30
0
41
1
10
241.006805623935
20
14.9473217614124
30
0
41
1
10
241.008365697862
20
15.0550252087543
30
0
41
1
10
241.009988218423
20
15.1552879962169
30
0
41
1
10
241.011052075892
20
15.2133511961947
30
0
41
1
10
241.011368070443
20
15.2299483963509
30
0
41
1
10
241.011528657298
20
15.238250437277
30
0
41
1
10
241.011692016255
20
15.2465578170093
30
0
41
1
10
241.012024643425
20
15.2631870500028
30
0
41
1
10
241.012431008502
20
15.2826411077115
30
0
41
1
10
241.012762679533
20
15.3017122749046
30
0
41
1
10
241.01300737239
20
15.3130401984416
30
0
41
1
10
241.012973570167
20
15.3168191977011
30
0
41
1
10
241.013137097391
20
15.3212417037073
30
0
0
SPLINE
5
1A1
100
AcDbEntity
8
1
62
256
6
ByLayer
370
13
48
1
60
0
100
AcDbSpline
70
4
71
3
72
8
73
4
40
0
40
0
40
0
40
0
40
1
40
1
40
1
40
1
41
1
10
240.639983639783
20
13.281369812839
30
0
41
1
10
240.579179082184
20
13.3034255341526
30
0
41
1
10
240.518373986121
20
13.3256578269816
30
0
41
1
10
240.457568544287
20
13.348066914885
30
0
0
SPLINE
5
1A2
100
AcDbEntity
8
1
62
256
6
ByLayer
370
18
48
1
60
0
100
AcDbSpline
70
4
71
3
72
47
73
43
40
0
40
0
40
0
40
0
40
0.0248207090807193
40
0.0496506043499446
40
0.0744896876533832
40
0.0993379606766173
40
0.124195424944905
40
0.149062081822956
40
0.17393793251479
40
0.198822978063446
40
0.223717219350846
40
0.248620657097567
40
0.273533291862649
40
0.298455124043436
40
0.323386153875345
40
0.348326381431703
40
0.373275806623581
40
0.398234429199598
40
0.423202248745742
40
0.448179264685204
40
0.473165476278225
40
0.498160882621934
40
0.52316548280411
40
0.548179276888436
40
0.57320226535616
40
0.598234448633285
40
0.62327582708851
40
0.648326401033161
40
0.673386170721081
40
0.698455136348692
40
0.723533298054849
40
0.748620655920822
40
0.773717209970273
40
0.798822960169188
40
0.823937906425842
40
0.849062048590791
40
0.874195386456774
40
0.89933791975873
40
0.924489648173775
40
0.949650571321104
40
0.97482068876205
40
1
40
1
40
1
40
1
41
1
10
240.639983639792
20
13.2813698128394
30
0
41
1
10
240.705553357428
20
13.2808320781105
30
0
41
1
10
240.836717060169
20
13.2797564096361
30
0
41
1
10
241.033510682859
20
13.2784308956073
30
0
41
1
10
241.230385320541
20
13.2773156485187
30
0
41
1
10
241.427341578666
20
13.2764312903369
30
0
41
1
10
241.624378974747
20
13.2757721563267
30
0
41
1
10
241.821497317154
20
13.2753396281863
30
0
41
1
10
242.018696335465
20
13.2751331975056
30
0
41
1
10
242.215975779563
20
13.2751528616357
30
0
41
1
10
242.413335393073
20
13.2753984813635
30
0
41
1
10
242.610774920482
20
13.2758699531195
30
0
41
1
10
242.808294105228
20
13.2765671628113
30
0
41
1
10
243.005892690217
20
13.2774899982025
30
0
41
1
10
243.203570417679
20
13.2786383455956
30
0
41
1
10
243.401327029208
20
13.2800120907257
30
0
41
1
10
243.599162265754
20
13.2816111185119
30
0
41
1
10
243.797075867622
20
13.2834353131678
30
0
41
1
10
243.995067574474
20
13.2854845580168
30
0
41
1
10
244.19313712533
20
13.2877587361306
30
0
41
1
10
244.391284258551
20
13.2902577279676
30
0
41
1
10
244.589508712323
20
13.2929814201997
30
0
41
1
10
244.787810227372
20
13.2959296728303
30
0
41
1
10
244.986188550981
20
13.2991025705574
30
0
41
1
10
245.184643434265
20
13.3025002456487
30
0
41
1
10
245.383174628868
20
13.3061228178504
30
0
41
1
10
245.581781885857
20
13.3099704100151
30
0
41
1
10
245.780464955675
20
13.3140431439106
30
0
41
1
10
245.979223588151
20
13.3183411413418
30
0
41
1
10
246.178057532498
20
13.3228645238673
30
0
41
1
10
246.376966537313
20
13.3276134128203
30
0
41
1
10
246.575950350574
20
13.3325879295207
30
0
41
1
10
246.775008719645
20
13.3377881944158
30
0
41
1
10
246.97414139126
20
13.3432143303183
30
0
41
1
10
247.173348111576
20
13.3488664503176
30
0
41
1
10
247.372628625981
20
13.3547447029317
30
0
41
1
10
247.571982679793
20
13.3608491035132
30
0
41
1
10
247.771410015665
20
13.3671801638058
30
0
41
1
10
247.970910383265
20
13.3737365411248
30
0
41
1
10
248.170483503125
20
13.3805238165598
30
0
41
1
10
248.370129201629
20
13.387521716317
30
0
41
1
10
248.503250031655
20
13.3923773591031
30
0
41
1
10
248.569822600589
20
13.394805623816
30
0
0
SPLINE
5
1A3
100
AcDbEntity
8
1
62
256
6
ByLayer
370
13
48
1
60
0
100
AcDbSpline
70
4
71
3
72
9
73
5
40
0
40
0
40
0
40
0
40
0.501219718031038
40
1
40
1
40
1
40
1
41
1
10
248.569822600589
20
13.394805623816
30
0
41
1
10
248.584809904314
20
13.4010481163485
30
0
41
1
10
248.614711568567
20
13.4135027192061
30
0
41
1
10
248.644606997742
20
13.4256569352964
30
0
41
1
10
248.659518248336
20
13.4317192186251
30
0
0
SPLINE
5
1A4
100
AcDbEntity
8
1
62
256
6
ByLayer
370
18
48
1
60
0
100
AcDbSpline
70
4
71
3
72
11
73
7
40
0
40
0
40
0
40
0
40
0.10294095177679
40
0.40196063451786
40
0.70098031725893
40
1
40
1
40
1
40
1
41
1
10
248.705233172359
20
13.4238328367067
30
0
41
1
10
248.700780654191
20
13.4220422790197
30
0
41
1
10
248.683283099731
20
13.4153482042172
30
0
41
1
10
248.652076362506
20
13.4057582965333
30
0
41
1
10
248.611189684641
20
13.397769528418
30
0
41
1
10
248.583612465546
20
13.3953130843989
30
0
41
1
10
248.569822600589
20
13.3948056238159
30
0
0
SPLINE
5
1A5
100
AcDbEntity
8
1
62
256
6
ByLayer
370
18
48
1
60
0
100
AcDbSpline
70
4
71
3
72
21
73
17
40
0
40
0
40
0
40
0
40
0.0039822658528485
40
0.0174419649629451
40
0.0309016640730418
40
0.0847404605134284
40
0.138579256953815
40
0.246256849834588
40
0.353934442715361
40
0.461612035596134
40
0.569289628476907
40
0.676967221357681
40
0.784644814238454
40
0.892322407119227
40
0.946161203559613
40
1
40
1
40
1
40
1
41
1
10
249.994781401294
20
19.1553968888315
30
0
41
1
10
249.994747568834
20
19.1569504988469
30
0
41
1
10
249.994584795126
20
19.1638410791046
30
0
41
1
10
249.994150479916
20
19.1768732208428
30
0
41
1
10
249.992334112957
20
19.2114085822473
30
0
41
1
10
249.986929567401
20
19.2618102914429
30
0
41
1
10
249.97000534434
20
19.3505945457296
30
0
41
1
10
249.935889159073
20
19.4565562295702
30
0
41
1
10
249.874631319499
20
19.576178310768
30
0
41
1
10
249.795235367172
20
19.6833592256301
30
0
41
1
10
249.699072173396
20
19.7764751236056
30
0
41
1
10
249.588846344678
20
19.8524508801071
30
0
41
1
10
249.467171549789
20
19.9092773716105
30
0
41
1
10
249.358718244251
20
19.9390705182531
30
0
41
1
10
249.269916247305
20
19.9517942206554
30
0
41
1
10
249.224747847267
20
19.9543566109594
30
0
41
1
10
249.202918998571
20
19.9546509770426
30
0
0
SPLINE
5
1A6
100
AcDbEntity
8
1
62
256
6
ByLayer
370
18
48
1
60
0
100
AcDbSpline
70
4
71
3
72
8
73
4
40
0
40
0
40
0
40
0
40
1
40
1
40
1
40
1
41
1
10
249.202918998571
20
19.9546509770426
30
0
41
1
10
249.202595118731
20
19.9546553446225
30
0
41
1
10
249.202272092049
20
19.9546596999618
30
0
41
1
10
249.201949893205
20
19.954664043403
30
0
0
SPLINE
5
1A7
100
AcDbEntity
8
1
62
256
6
ByLayer
370
18
48
1
60
0
100
AcDbSpline
70
4
71
3
72
11
73
7
40
0
40
0
40
0
40
0
40
0.0589687449402298
40
0.484373627158025
40
0.970550635406934
40
1
40
1
40
1
40
1
41
1
10
249.201949893205
20
19.954664043403
30
0
41
1
10
249.191414315614
20
19.9548060695567
30
0
41
1
10
249.11214494895
20
19.955868186133
30
0
41
1
10
248.953296028606
20
19.9578955091812
30
0
41
1
10
248.799262241994
20
19.9596652777322
30
0
41
1
10
248.714860271244
20
19.9605700917291
30
0
41
1
10
248.710039753083
20
19.9606215575926
30
0
0
SPLINE
5
1A8
100
AcDbEntity
8
1
62
256
6
ByLayer
370
18
48
1
60
0
100
AcDbSpline
70
4
71
3
72
17
73
13
40
0
40
0
40
0
40
0
40
0.0600950229142386
40
0.184038916465188
40
0.431926703567088
40
0.679814490668987
40
0.927702277770887
40
0.989674224546362
40
0.993547471219829
40
0.997420717893296
40
0.99935734123003
40
1
40
1
40
1
40
1
41
1
10
248.710039753083
20
19.9606215575926
30
0
41
1
10
248.555697238019
20
19.9622693826912
30
0
41
1
10
248.083017176691
20
19.966651880627
30
0
41
1
10
246.973474063612
20
19.972352292233
30
0
41
1
10
245.381087104086
20
19.9672335797029
30
0
41
1
10
243.46971468741
20
19.9401034593225
30
0
41
1
10
242.03322452542
20
19.904134623097
30
0
41
1
10
241.230941525311
20
19.8786693439924
30
0
41
1
10
241.049911718488
20
19.8726790555039
30
0
41
1
10
241.025176356431
20
19.8718544212764
30
0
41
1
10
241.009123376572
20
19.8713149633916
30
0
41
1
10
241.00185084977
20
19.87106812403
30
0
41
1
10
241.000000033229
20
19.8710015935392
30
0
0
SPLINE
5
1A9
100
AcDbEntity
8
1
62
256
6
ByLayer
370
18
48
1
60
0
100
AcDbSpline
70
4
71
3
72
20
73
16
40
0
40
0
40
0
40
0
40
0.0166268555036789
40
0.0415115835804785
40
0.0663963116572782
40
0.165935223964477
40
0.265474136271675
40
0.315243592425275
40
0.464551960886072
40
0.66362978550047
40
0.862707610114867
40
0.912477066268466
40
0.962246522422065
40
0.987131250498865
40
1
40
1
40
1
40
1
41
1
10
241.000000033229
20
19.8710015935392
30
0
41
1
10
240.996273497257
20
19.8708676373844
30
0
41
1
10
240.986577097465
20
19.8704823086289
30
0
41
1
10
240.97066755806
20
19.8694112766496
30
0
41
1
10
240.934505039636
20
19.8658621727812
30
0
41
1
10
240.881415180929
20
19.8565811088253
30
0
41
1
10
240.823874166773
20
19.839188382704
30
0
41
1
10
240.75624243604
20
19.8120400631222
30
0
41
1
10
240.670903353885
20
19.7653656987199
30
0
41
1
10
240.568339201649
20
19.6781007021796
30
0
41
1
10
240.502981983227
20
19.5879311723506
30
0
41
1
10
240.469480238428
20
19.5236257231091
30
0
41
1
10
240.457081745903
20
19.4958507623274
30
0
41
1
10
240.449121515744
20
19.4756466240738
30
0
41
1
10
240.446169086909
20
19.4676027514281
30
0
41
1
10
240.445198015954
20
19.4649240904954
30
0
0
SPLINE
5
1AA
100
AcDbEntity
8
1
62
256
6
ByLayer
370
18
48
1
60
0
100
AcDbSpline
70
4
71
3
72
13
73
9
40
0
40
0
40
0
40
0
40
0.0057624935460983
40
0.0296303931158725
40
0.220573589674066
40
0.602459982790453
40
0.984346375906839
40
1
40
1
40
1
40
1
41
1
10
240.445198015954
20
19.4649240904954
30
0
41
1
10
240.444291294769
20
19.4624229358668
30
0
41
1
10
240.439787248168
20
19.4498454540841
30
0
41
1
10
240.409013112203
20
19.3646892640124
30
0
41
1
10
240.322959247799
20
19.1256970614471
30
0
41
1
10
240.187160905623
20
18.749118677772
30
0
41
1
10
240.076687813943
20
18.4427848751026
30
0
41
1
10
240.019352620368
20
18.2835795232973
30
0
41
1
10
240.017098083944
20
18.2773028340551
30
0
0
SPLINE
5
1AB
100
AcDbEntity
8
1
62
256
6
ByLayer
370
18
48
1
60
0
100
AcDbSpline
70
4
71
3
72
17
73
13
40
0
40
0
40
0
40
0
40
0.029558868104139
40
0.0735401813589723
40
0.161502807868639
40
0.337428060887972
40
0.513353313907306
40
0.689278566926639
40
0.865203819945972
40
0.953166446455639
40
0.997147759710472
40
1
40
1
40
1
40
1
41
1
10
240.017098083944
20
18.2773028340551
30
0
41
1
10
240.012477401105
20
18.2644387303957
30
0
41
1
10
240.001013967525
20
18.2323524884509
30
0
41
1
10
239.976559418917
20
18.1610694996394
30
0
41
1
10
239.932545668973
20
18.024428831043
30
0
41
1
10
239.877393832704
20
17.8271626321389
30
0
41
1
10
239.823681184772
20
17.5878938719659
30
0
41
1
10
239.782509241496
20
17.3461828715899
30
0
41
1
10
239.75890372296
20
17.1440303352942
30
0
41
1
10
239.747816977133
20
17.0018345515398
30
0
41
1
10
239.744366498414
20
16.9398402967729
30
0
41
1
10
239.743245805417
20
16.9184074345669
30
0
41
1
10
239.743177822035
20
16.9171025315261
30
0
0
SPLINE
5
1AC
100
AcDbEntity
8
1
62
256
6
ByLayer
370
18
48
1
60
0
100
AcDbSpline
70
4
71
3
72
32
73
28
40
0
40
0
40
0
40
0
40
0.0201709153615379
40
0.0309557845938311
40
0.106449869219883
40
0.192728823078228
40
0.365286730794919
40
0.451565684653264
40
0.494705161582437
40
0.537844638511609
40
0.543237073127756
40
0.548629507743903
40
0.554021942360049
40
0.556718159668122
40
0.559414376976196
40
0.564806811592342
40
0.570199246208489
40
0.580984115440782
40
0.624123592369955
40
0.7104025462283
40
0.796681500086645
40
0.88296045394499
40
0.969239407803336
40
0.980024277035629
40
0.990809146267922
40
0.996201580884068
40
1
40
1
40
1
40
1
41
1
10
239.743177822035
20
16.9171025315261
30
0
41
1
10
239.742197507187
20
16.898285935823
30
0
41
1
10
239.740778775755
20
16.8695341450726
30
0
41
1
10
239.735838587743
20
16.7712963904006
30
0
41
1
10
239.72780786194
20
16.6120350120651
30
0
41
1
10
239.712181734768
20
16.303436409376
30
0
41
1
10
239.695970522151
20
15.9848843462854
30
0
41
1
10
239.681773484309
20
15.7061506794343
30
0
41
1
10
239.673709311377
20
15.5468720911818
30
0
41
1
10
239.669332011784
20
15.4622588982665
30
0
41
1
10
239.666810902789
20
15.4124839871571
30
0
41
1
10
239.666073724088
20
15.3975510551113
30
0
41
1
10
239.665416012483
20
15.3851093360047
30
0
41
1
10
239.664918390147
20
15.3751532416
30
0
41
1
10
239.664617826301
20
15.3651945140351
30
0
41
1
10
239.66446531317
20
15.3527441185589
30
0
41
1
10
239.664209481389
20
15.3328235739116
30
0
41
1
10
239.6633492985
20
15.2780425076561
30
0
41
1
10
239.661460949219
20
15.1485611433863
30
0
41
1
10
239.659783603754
20
14.9494029704229
30
0
41
1
10
239.659299662215
20
14.7104633896908
30
0
41
1
10
239.660394393012
20
14.4715760472749
30
0
41
1
10
239.662323328081
20
14.3024026066781
30
0
41
1
10
239.663837451099
20
14.2029014559873
30
0
41
1
10
239.664258109309
20
14.1779620424172
30
0
41
1
10
239.664507478487
20
14.1597134727169
30
0
41
1
10
239.664656697292
20
14.1510326532298
30
0
41
1
10
239.664737225365
20
14.1473338274079
30
0
0
SPLINE
5
1AD
100
AcDbEntity
8
1
62
256
6
ByLayer
370
18
48
1
60
0
100
AcDbSpline
70
4
71
3
72
25
73
21
40
0
40
0
40
0
40
0
40
0.0039779528290586
40
0.0174350682297062
40
0.0308921836303539
40
0.0847206452329445
40
0.138549106835535
40
0.246206030040716
40
0.353862953245897
40
0.461519876451079
40
0.56917679965626
40
0.676833722861441
40
0.784490646066622
40
0.892147569271803
40
0.945976030874394
40
0.972890261675689
40
0.986347377076337
40
0.989711655926499
40
0.999804492476985
40
1
40
1
40
1
40
1
41
1
10
239.664737225365
20
14.1473338274079
30
0
41
1
10
239.66477101916
20
14.1457816064674
30
0
41
1
10
239.664933691143
20
14.1388925108893
30
0
41
1
10
239.665367584813
20
14.1258621793245
30
0
41
1
10
239.667182124467
20
14.0913283805132
30
0
41
1
10
239.672581191453
20
14.0409322179757
30
0
41
1
10
239.689494058034
20
13.9521593350391
30
0
41
1
10
239.723602420907
20
13.8462051104031
30
0
41
1
10
239.784870224059
20
13.7265716290233
30
0
41
1
10
239.864290668759
20
13.6193639189331
30
0
41
1
10
239.960479809797
20
13.5262196946426
30
0
41
1
10
240.07071890701
20
13.4502290180009
30
0
41
1
10
240.192409558182
20
13.3934120503255
30
0
41
1
10
240.300818130893
20
13.363603755456
30
0
41
1
10
240.378625351276
20
13.3525274352589
30
0
41
1
10
240.417640458209
20
13.3494473812987
30
0
41
1
10
240.436464180523
20
13.3486247817192
30
0
41
1
10
240.44777099184
20
13.3482766193311
30
0
41
1
10
240.453375355396
20
13.3481536557262
30
0
41
1
10
240.457490694242
20
13.3480737644973
30
0
41
1
10
240.457568858482
20
13.3480722509184
30
0
0
SPLINE
5
1AE
100
AcDbEntity
8
1
62
256
6
ByLayer
370
18
48
1
60
0
100
AcDbSpline
70
4
71
3
72
14
73
10
40
0
40
0
40
0
40
0
40
0.0223178177199961
40
0.0602489413238522
40
0.120938739090022
40
0.242318334622361
40
0.48507752568704
40
0.970595907816398
40
1
40
1
40
1
40
1
41
1
10
240.457568858482
20
13.3480722509184
30
0
41
1
10
240.46152582746
20
13.3479956278381
30
0
41
1
10
240.47193963842
20
13.3478204599071
30
0
41
1
10
240.49178122949
20
13.3475789542803
30
0
41
1
10
240.526696586431
20
13.3471558841934
30
0
41
1
10
240.597125508266
20
13.3462053103832
30
0
41
1
10
240.735868991267
20
13.344490866162
30
0
41
1
10
240.860202839084
20
13.3430656402114
30
0
41
1
10
240.944655575046
20
13.3421613841645
30
0
41
1
10
240.9494780165
20
13.3421099571838
30
0
0
SPLINE
5
1AF
100
AcDbEntity
8
1
62
256
6
ByLayer
370
18
48
1
60
0
100
AcDbSpline
70
4
71
3
72
17
73
13
40
0
40
0
40
0
40
0
40
0.0600953370059835
40
0.184039170570551
40
0.431926837699685
40
0.67981450482882
40
0.927702171957954
40
0.989674088740238
40
0.993547333539131
40
0.997420578338023
40
0.99935720073747
40
1
40
1
40
1
40
1
41
1
10
240.9494780165
20
13.3421099571838
30
0
41
1
10
241.10391122951
20
13.340463066508
30
0
41
1
10
241.576413264107
20
13.3360777696811
30
0
41
1
10
242.686099973982
20
13.3303791998297
30
0
41
1
10
244.27841925284
20
13.335496995616
30
0
41
1
10
246.189790018378
20
13.3626270844239
30
0
41
1
10
247.626292982166
20
13.3985960349967
30
0
41
1
10
248.428576285579
20
13.4240613908438
30
0
41
1
10
248.609605618195
20
13.4300516385146
30
0
41
1
10
248.634341020664
20
13.4308762759792
30
0
41
1
10
248.650394488405
20
13.4314157571679
30
0
41
1
10
248.65766735426
20
13.4316625995983
30
0
41
1
10
248.659518562835
20
13.4317291431455
30
0
0
SPLINE
5
1B0
100
AcDbEntity
8
1
62
256
6
ByLayer
370
18
48
1
60
0
100
AcDbSpline
70
4
71
3
72
20
73
16
40
0
40
0
40
0
40
0
40
0.0166250397104645
40
0.0415097580126921
40
0.0663944763149197
40
0.16593334952383
40
0.265472222732741
40
0.315241659337196
40
0.464549969150561
40
0.663627715568382
40
0.862705461986203
40
0.912474898590658
40
0.962244335195113
40
0.987129053497341
40
1
40
1
40
1
40
1
41
1
10
248.659518562835
20
13.4317291431455
30
0
41
1
10
248.663244666186
20
13.4318630816642
30
0
41
1
10
248.672940456806
20
13.4322483801604
30
0
41
1
10
248.688849519462
20
13.4333193401051
30
0
41
1
10
248.725012272557
20
13.4368683406889
30
0
41
1
10
248.778102215708
20
13.4461492128981
30
0
41
1
10
248.83564325311
20
13.4635416843044
30
0
41
1
10
248.90327519731
20
13.4906896926308
30
0
41
1
10
248.988614569264
20
13.5373636627507
30
0
41
1
10
249.091179303267
20
13.6246280651782
30
0
41
1
10
249.156536375429
20
13.7147976512699
30
0
41
1
10
249.190038815098
20
13.7791026912826
30
0
41
1
10
249.202437693308
20
13.8068772034104
30
0
41
1
10
249.210398426839
20
13.8270812801879
30
0
41
1
10
249.213351081887
20
13.8351256662002
30
0
41
1
10
249.214322325648
20
13.8378048076342
30
0
0
SPLINE
5
1B1
100
AcDbEntity
8
1
62
256
6
ByLayer
370
18
48
1
60
0
100
AcDbSpline
70
4
71
3
72
13
73
9
40
0
40
0
40
0
40
0
40
0.0057614727139804
40
0.0296295181346281
40
0.220573881499809
40
0.602462608230171
40
0.984351334960533
40
1
40
1
40
1
40
1
41
1
10
249.214322325648
20
13.8378048076341
30
0
41
1
10
249.215228886863
20
13.8403055245627
30
0
41
1
10
249.219732808132
20
13.8528827964138
30
0
41
1
10
249.2505049918
20
13.9380396232075
30
0
41
1
10
249.336556997133
20
14.1770348750563
30
0
41
1
10
249.472353823172
20
14.5536148691534
30
0
41
1
10
249.582828045759
20
14.8599453335541
30
0
41
1
10
249.640164334888
20
15.0191489138249
30
0
41
1
10
249.642418217079
20
15.0254235838045
30
0
0
SPLINE
5
1B2
100
AcDbEntity
8
1
62
256
6
ByLayer
370
18
48
1
60
0
100
AcDbSpline
70
4
71
3
72
17
73
13
40
0
40
0
40
0
40
0
40
0.0295634678907551
40
0.0735446958500382
40
0.161507151768604
40
0.337432063605736
40
0.513356975442868
40
0.68928188728
40
0.865206799117132
40
0.953169255035698
40
0.997150482994981
40
1
40
1
40
1
40
1
41
1
10
249.642418217079
20
15.0254235838045
30
0
41
1
10
249.647039779199
20
15.0382897296956
30
0
41
1
10
249.658504319863
20
15.0703780557855
30
0
41
1
10
249.682960106921
20
15.1416632844136
30
0
41
1
10
249.726974394452
20
15.2783045510593
30
0
41
1
10
249.78212582433
20
15.4755716717831
30
0
41
1
10
249.835837972566
20
15.7148407720161
30
0
41
1
10
249.877009882006
20
15.956551645788
30
0
41
1
10
249.900615245205
20
16.1587041548817
30
0
41
1
10
249.911701865802
20
16.3009000019255
30
0
41
1
10
249.915152241468
20
16.3628929390489
30
0
41
1
10
249.916272860408
20
16.3843245506594
30
0
41
1
10
249.916340778691
20
16.3856282103216
30
0
0
SPLINE
5
1B3
100
AcDbEntity
8
1
62
256
6
ByLayer
370
18
48
1
60
0
100
AcDbSpline
70
4
71
3
72
32
73
28
40
0
40
0
40
0
40
0
40
0.0201722500279436
40
0.030957120221128
40
0.106451211573419
40
0.192730173118894
40
0.365288096209843
40
0.451567057755318
40
0.494706538528056
40
0.537846019300793
40
0.543238454397386
40
0.548630889493978
40
0.55402332459057
40
0.556719542138866
40
0.559415759687162
40
0.564808194783754
40
0.570200629880346
40
0.580985500073531
40
0.624124980846268
40
0.710403942391743
40
0.796682903937218
40
0.882961865482693
40
0.969240827028168
40
0.980025697221353
40
0.990810567414537
40
0.996203002511129
40
1
40
1
40
1
40
1
41
1
10
249.916340778691
20
16.3856282103216
30
0
41
1
10
249.91732115367
20
16.404446049385
30
0
41
1
10
249.918739924241
20
16.4331990827872
30
0
41
1
10
249.923680053539
20
16.5314381979333
30
0
41
1
10
249.931710343282
20
16.6907000397868
30
0
41
1
10
249.947335198901
20
16.9992999860794
30
0
41
1
10
249.963545238746
20
17.3178532843239
30
0
41
1
10
249.977742849314
20
17.5965863342006
30
0
41
1
10
249.985810130877
20
17.7558616727235
30
0
41
1
10
249.990185148471
20
17.8404773232991
30
0
41
1
10
249.992707838592
20
17.8902504720621
30
0
41
1
10
249.993445805513
20
17.905182568022
30
0
41
1
10
249.994101039829
20
17.9176270274756
30
0
41
1
10
249.9946008048
20
17.9275807282043
30
0
41
1
10
249.994902497332
20
17.9375381401119
30
0
41
1
10
249.995053481841
20
17.9499901426442
30
0
41
1
10
249.995307187596
20
17.9699129757822
30
0
41
1
10
249.996166088345
20
18.0246953525559
30
0
41
1
10
249.998060268622
20
18.1541705971836
30
0
41
1
10
249.999734637012
20
18.3533318644366
30
0
41
1
10
250.000218058847
20
18.5922719633347
30
0
41
1
10
249.999124040854
20
18.8311585332447
30
0
41
1
10
249.997195194351
20
19.0003318613101
30
0
41
1
10
249.995681080144
20
19.0998329913608
30
0
41
1
10
249.995260391952
20
19.1247723330317
30
0
41
1
10
249.995011124063
20
19.1430197931979
30
0
41
1
10
249.994861919498
20
19.1516994372367
30
0
41
1
10
249.994781401294
20
19.1553968888315
30
0
0
SPLINE
5
1B4
100
AcDbEntity
8
1
62
256
6
ByLayer
370
18
48
1
60
0
100
AcDbSpline
70
2053
71
3
72
165
73
161
40
0
40
0
40
0
40
0
40
0.001953125
40
0.00390625
40
0.0078125
40
0.01171875
40
0.015625
40
0.01953125
40
0.0234375
40
0.02734375
40
0.03125
40
0.033203125
40
0.03515625
40
0.03564453125
40
0.0361328125
40
0.03662109375
40
0.037109375
40
0.0380859375
40
0.0390625
40
0.046875
40
0.0546875
40
0.0625
40
0.0703125
40
0.07421875
40
0.0751953125
40
0.07568359375
40
0.076171875
40
0.076416015625
40
0.07666015625
40
0.0771484375
40
0.07763671875
40
0.078125
40
0.08203125
40
0.0859375
40
0.09375
40
0.109375
40
0.1171875
40
0.1240234375
40
0.125
40
0.126953125
40
0.12890625
40
0.1328125
40
0.140625
40
0.1484375
40
0.15625
40
0.1640625
40
0.16796875
40
0.169921875
40
0.171875
40
0.1875
40
0.203125
40
0.2109375
40
0.2119140625
40
0.21240234375
40
0.212890625
40
0.2138671875
40
0.21484375
40
0.21875
40
0.22265625
40
0.2255859375
40
0.2265625
40
0.228515625
40
0.23046875
40
0.23095703125
40
0.2314453125
40
0.23193359375
40
0.232421875
40
0.2333984375
40
0.234375
40
0.25
40
0.3125
40
0.375
40
0.4375
40
0.46875
40
0.484375
40
0.4921875
40
0.49609375
40
0.498046875
40
0.4990234375
40
0.4996337890625
40
0.5
40
0.5003662109375
40
0.50048828125
40
0.5009765625
40
0.501953125
40
0.50390625
40
0.5078125
40
0.51171875
40
0.515625
40
0.51953125
40
0.5234375
40
0.52734375
40
0.53125
40
0.533203125
40
0.53515625
40
0.53564453125
40
0.5361328125
40
0.53662109375
40
0.537109375
40
0.5380859375
40
0.5390625
40
0.546875
40
0.5546875
40
0.5625
40
0.5703125
40
0.57421875
40
0.5751953125
40
0.57568359375
40
0.576171875
40
0.576416015625
40
0.57666015625
40
0.5771484375
40
0.57763671875
40
0.578125
40
0.58203125
40
0.5859375
40
0.59375
40
0.609375
40
0.6171875
40
0.6240234375
40
0.625
40
0.626953125
40
0.62890625
40
0.6328125
40
0.640625
40
0.6484375
40
0.65625
40
0.6640625
40
0.66796875
40
0.669921875
40
0.671875
40
0.6875
40
0.703125
40
0.7109375
40
0.7119140625
40
0.71240234375
40
0.712890625
40
0.7138671875
40
0.71484375
40
0.71875
40
0.72265625
40
0.7255859375
40
0.7265625
40
0.728515625
40
0.73046875
40
0.73095703125
40
0.7314453125
40
0.73193359375
40
0.732421875
40
0.7333984375
40
0.734375
40
0.75
40
0.8125
40
0.875
40
0.9375
40
0.96875
40
0.984375
40
0.9921875
40
0.9990234375
40
1
40
1
40
1
40
1
41
1
10
249.191953552289
20
19.7580666929849
30
0
41
1
10
249.210090155779
20
19.757822106391
30
0
41
1
10
249.244557946994
20
19.75583851526
30
0
41
1
10
249.312719443174
20
19.7459710912186
30
0
41
1
10
249.395582889474
20
19.7228949734867
30
0
41
1
10
249.488439107701
20
19.6790442620212
30
0
41
1
10
249.572543439264
20
19.6206193154805
30
0
41
1
10
249.645723914831
20
19.5492052689766
30
0
41
1
10
249.70639219902
20
19.4668210548497
30
0
41
1
10
249.752959956445
20
19.3754856054401
30
0
41
1
10
249.779094935138
20
19.2940521266033
30
0
41
1
10
249.791921227716
20
19.2260064513846
30
0
41
1
10
249.795999646602
20
19.1875602773496
30
0
41
1
10
249.797341874175
20
19.1625868030629
30
0
41
1
10
249.797789892599
20
19.1494949071917
30
0
41
1
10
249.798067063968
20
19.1350612321845
30
0
41
1
10
249.798342074337
20
19.1149980939476
30
0
41
1
10
249.798758386978
20
19.0902052256397
30
0
41
1
10
249.800589840596
20
18.9917117601039
30
0
41
1
10
249.803286191498
20
18.8229753633217
30
0
41
1
10
249.805247650558
20
18.5853294518232
30
0
41
1
10
249.804272475636
20
18.3475027851667
30
0
41
1
10
249.800730992068
20
18.1493221244037
30
0
41
1
10
249.797248185832
20
18.0205099565727
30
0
41
1
10
249.795579703782
20
17.9660135387056
30
0
41
1
10
249.79495207101
20
17.9461967756966
30
0
41
1
10
249.794551162037
20
17.9338113478654
30
0
41
1
10
249.794225296676
20
17.9239030354057
30
0
41
1
10
249.79389602083
20
17.9139947429414
30
0
41
1
10
249.793478059433
20
17.9016094150874
30
0
41
1
10
249.792966409039
20
17.8867470827763
30
0
41
1
10
249.791227551409
20
17.8372061812894
30
0
41
1
10
249.788018608123
20
17.7529882454841
30
0
41
1
10
249.781265687737
20
17.5944616744941
30
0
41
1
10
249.767928579117
20
17.3170330170591
30
0
41
1
10
249.750817433402
20
16.9999069113832
30
0
41
1
10
249.734934910423
20
16.6926459533067
30
0
41
1
10
249.726877286235
20
16.5338897168558
30
0
41
1
10
249.721955289086
20
16.4350797234133
30
0
41
1
10
249.719517474656
20
16.3857646699032
30
0
41
1
10
249.715174888178
20
16.3076951352732
30
0
41
1
10
249.704578296794
20
16.171892810994
30
0
41
1
10
249.681938796604
20
15.9779610152478
30
0
41
1
10
249.642539878699
20
15.7466964818792
30
0
41
1
10
249.591071620517
20
15.5174530879267
30
0
41
1
10
249.538258769634
20
15.328574140721
30
0
41
1
10
249.496126767936
20
15.1977927494645
30
0
41
1
10
249.470635315032
20
15.1234938768072
30
0
41
1
10
249.403494196788
20
14.9370496197105
30
0
41
1
10
249.287117374527
20
14.6144209669848
30
0
41
1
10
249.150330370109
20
14.2347805583117
30
0
41
1
10
249.06671020969
20
14.0030352625441
30
0
41
1
10
249.03330759248
20
13.9102199529425
30
0
41
1
10
249.027277892907
20
13.8936079292454
30
0
41
1
10
249.021382379442
20
13.8784510163118
30
0
41
1
10
249.013142085641
20
13.8600504476525
30
0
41
1
10
248.990761345232
20
13.816972746967
30
0
41
1
10
248.947624812425
20
13.7574624505668
30
0
41
1
10
248.879290429674
20
13.6989774006912
30
0
41
1
10
248.822233404798
20
13.6677125984246
30
0
41
1
10
248.777248783739
20
13.649592646536
30
0
41
1
10
248.738592135495
20
13.6379269978293
30
0
41
1
10
248.702665795466
20
13.6316627103827
30
0
41
1
10
248.679244122515
20
13.6293284929885
30
0
41
1
10
248.667260123126
20
13.6285140826673
30
0
41
1
10
248.653740790415
20
13.6280059536614
30
0
41
1
10
248.634165429446
20
13.6274131618932
30
0
41
1
10
248.609196499722
20
13.6265609916846
30
0
41
1
10
248.430177672146
20
13.6206284334886
30
0
41
1
10
247.624591884643
20
13.5950732192483
30
0
41
1
10
246.192475752867
20
13.5592210907315
30
0
41
1
10
244.283242392657
20
13.5321205651208
30
0
41
1
10
242.692568221903
20
13.5270106627772
30
0
41
1
10
241.579611945353
20
13.5327222199267
30
0
41
1
10
241.022945506478
20
13.5379159866929
30
0
41
1
10
240.74506294913
20
13.5410970293112
30
0
41
1
10
240.60551336775
20
13.5428269870879
30
0
41
1
10
240.536690566608
20
13.5437488683323
30
0
41
1
10
240.4996454405
20
13.5442107442216
30
0
41
1
10
240.479861370639
20
13.5444793738283
30
0
41
1
10
240.46682045396
20
13.5446639830975
30
0
41
1
10
240.45887281885
20
13.544838321608
30
0
41
1
10
240.449998854175
20
13.5451257348154
30
0
41
1
10
240.435962494169
20
13.5457720163043
30
0
41
1
10
240.406870961486
20
13.5480934370744
30
0
41
1
10
240.346512916193
20
13.5567410261754
30
0
41
1
10
240.264028361777
20
13.5797964618206
30
0
41
1
10
240.171218416827
20
13.6236374077549
30
0
41
1
10
240.086994646978
20
13.6820707565101
30
0
41
1
10
240.013771706986
20
13.753514487747
30
0
41
1
10
239.953100199113
20
13.8359293768171
30
0
41
1
10
239.906530725624
20
13.927276199072
30
0
41
1
10
239.880402146693
20
14.0087034702578
30
0
41
1
10
239.867588713637
20
14.0767361497088
30
0
41
1
10
239.863516288215
20
14.1151762338817
30
0
41
1
10
239.862176129396
20
14.1401475203079
30
0
41
1
10
239.86172869806
20
14.1532388770433
30
0
41
1
10
239.861451604575
20
14.1676727480945
30
0
41
1
10
239.861176410975
20
14.1877364751258
30
0
41
1
10
239.860760065768
20
14.2125294692373
30
0
41
1
10
239.858928965805
20
14.3110219597429
30
0
41
1
10
239.856232603976
20
14.4797589775605
30
0
41
1
10
239.854271442988
20
14.7174044397675
30
0
41
1
10
239.855246445871
20
14.9552313393706
30
0
41
1
10
239.858787453239
20
15.1534125443723
30
0
41
1
10
239.862269877254
20
15.2822251401847
30
0
41
1
10
239.863938192676
20
15.3367217437039
30
0
41
1
10
239.864565764533
20
15.3565385744909
30
0
41
1
10
239.864966635347
20
15.3689240447468
30
0
41
1
10
239.865292470154
20
15.3788323911553
30
0
41
1
10
239.865621715436
20
15.3887407175647
30
0
41
1
10
239.866039638629
20
15.4011260878252
30
0
41
1
10
239.866551243234
20
15.4159884709264
30
0
41
1
10
239.868289948593
20
15.4655295411941
30
0
41
1
10
239.871498637158
20
15.5497477584765
30
0
41
1
10
239.878251132565
20
15.7082747980863
30
0
41
1
10
239.891587747237
20
15.9857040020823
30
0
41
1
10
239.908699387128
20
16.3028295914415
30
0
41
1
10
239.924583199206
20
16.6100891826829
30
0
41
1
10
239.93264133025
20
16.7688448935596
30
0
41
1
10
239.937563470876
20
16.8676547191869
30
0
41
1
10
239.940001321322
20
16.9169697216122
30
0
41
1
10
239.944343940956
20
16.9950391991372
30
0
41
1
10
239.954940650126
20
17.1308415668952
30
0
41
1
10
239.977580208693
20
17.3247734226258
30
0
41
1
10
240.01697935097
20
17.5560378698704
30
0
41
1
10
240.068447896957
20
17.7852808191315
30
0
41
1
10
240.121260964797
20
17.9741589299034
30
0
41
1
10
240.163392569388
20
18.1049398234957
30
0
41
1
10
240.188883499527
20
18.1792384282477
30
0
41
1
10
240.256022548229
20
18.3656827923417
30
0
41
1
10
240.372397119695
20
18.688312077372
30
0
41
1
10
240.509185741591
20
19.0679506634345
30
0
41
1
10
240.592808385128
20
19.2996939891747
30
0
41
1
10
240.626212246388
20
19.3925076434202
30
0
41
1
10
240.632242161573
20
19.4091197498256
30
0
41
1
10
240.638137739392
20
19.424276767822
30
0
41
1
10
240.646377909215
20
19.4426774106857
30
0
41
1
10
240.668758187214
20
19.4857555957622
30
0
41
1
10
240.711893759415
20
19.5452668951932
30
0
41
1
10
240.780227776949
20
19.6037523592843
30
0
41
1
10
240.837284735427
20
19.6350172934286
30
0
41
1
10
240.882269253436
20
19.6531374185433
30
0
41
1
10
240.920925753642
20
19.6648032886589
30
0
41
1
10
240.956851917704
20
19.671067799555
30
0
41
1
10
240.980273578969
20
19.6734021499809
30
0
41
1
10
240.992257557193
20
19.6742166100851
30
0
41
1
10
241.005776713834
20
19.674724749917
30
0
41
1
10
241.025351948023
20
19.6753175374617
30
0
41
1
10
241.050320919963
20
19.6761697093364
30
0
41
1
10
241.229339747322
20
19.6821022689709
30
0
41
1
10
242.034924728944
20
19.7076575281176
30
0
41
1
10
243.467054566503
20
19.7435089898671
30
0
41
1
10
245.376286041021
20
19.7706096093599
30
0
41
1
10
246.966891004044
20
19.775722903741
30
0
41
1
10
248.079991577498
20
19.770004289227
30
0
41
1
10
248.636440113111
20
19.7648216615884
30
0
41
1
10
248.944455297822
20
19.7612827239627
30
0
41
1
10
249.103413460477
20
19.7592540035938
30
0
41
1
10
249.182885250544
20
19.7581889862819
30
0
41
1
10
249.191953552289
20
19.7580666929849
30
0
0
SPLINE
5
1B5
100
AcDbEntity
8
1
62
256
6
ByLayer
370
18
48
1
60
0
100
AcDbSpline
70
4
71
2
72
6
73
3
40
0
40
0
40
0
40
1
40
1
40
1
41
1
10
240.179133456181
20
13.4024510879829
30
0
41
1
10
240.274806395575
20
13.3674900585921
30
0
41
1
10
240.370379336592
20
13.3328225790598
30
0
0
SPLINE
5
1B6
100
AcDbEntity
8
1
62
256
6
ByLayer
370
18
48
1
60
0
100
AcDbSpline
70
4
71
2
72
6
73
3
40
0
40
0
40
0
40
1
40
1
40
1
41
1
10
248.699378492006
20
13.4215210968993
30
0
41
1
10
248.759205086067
20
13.4411487733589
30
0
41
1
10
248.820891783477
20
13.4595300619172
30
0
0
SPLINE
5
1B7
100
AcDbEntity
8
1
62
256
6
ByLayer
370
18
48
1
60
0
100
AcDbSpline
70
4
71
1
72
4
73
2
40
0
40
0
40
1
40
1
41
1
10
240.798811774983
20
13.286502160421
30
0
41
1
10
240.86255196722
20
13.2772861795914
30
0
0
SPLINE
5
1B8
100
AcDbEntity
8
1
62
256
6
ByLayer
370
18
48
1
60
0
100
AcDbSpline
70
4
71
1
72
4
73
2
40
0
40
0
40
1
40
1
41
1
10
240.990342130432
20
13.258809428062
30
0
41
1
10
241.489328379844
20
13.1866626781466
30
0
0
SPLINE
5
1B9
100
AcDbEntity
8
1
62
256
6
ByLayer
370
18
48
1
60
0
100
AcDbSpline
70
4
71
2
72
6
73
3
40
0
40
0
40
0
40
1
40
1
40
1
41
1
10
240.370344445856
20
13.3328406289881
30
0
41
1
10
240.565443772581
20
13.2593314920242
30
0
41
1
10
240.768187515566
20
13.2579124276916
30
0
0
SPLINE
5
1BA
100
AcDbEntity
8
1
62
256
6
ByLayer
370
18
48
1
60
0
100
AcDbSpline
70
4
71
3
72
21
73
17
40
0
40
0
40
0
40
0
40
0.129503449939384
40
0.233968684029626
40
0.312687417254156
40
0.365306796714039
40
0.411413744536453
40
0.464970729373958
40
0.525964544109584
40
0.593227556904073
40
0.657188535788883
40
0.715671477629532
40
0.768640606930471
40
0.824113687335916
40
0.90120918693549
40
1
40
1
40
1
40
1
41
1
10
240.771457259358
20
13.2579140645076
30
0
41
1
10
241.101240779246
20
13.2589104155124
30
0
41
1
10
241.697416034812
20
13.2613979625366
30
0
41
1
10
242.494888324665
20
13.2660565455425
30
0
41
1
10
243.097035196092
20
13.2709806056755
30
0
41
1
10
243.551529936874
20
13.2755501429415
30
0
41
1
10
243.942993054044
20
13.2801029992619
30
0
41
1
10
244.356231589299
20
13.285594636305
30
0
41
1
10
244.824334412683
20
13.2927382379435
30
0
41
1
10
245.319482235067
20
13.3014016530454
30
0
41
1
10
245.808608130608
20
13.3110900293085
30
0
41
1
10
246.261431530036
20
13.3210213730024
30
0
41
1
10
246.692678708689
20
13.3312801627849
30
0
41
1
10
247.173601401635
20
13.3435195694741
30
0
41
1
10
247.775919113037
20
13.3599844957938
30
0
41
1
10
248.234095222561
20
13.3729034552148
30
0
41
1
10
248.491755887752
20
13.3803644751893
30
0
0
SPLINE
5
1BB
100
AcDbEntity
8
1
62
256
6
ByLayer
370
18
48
1
60
0
100
AcDbSpline
70
4
71
2
72
6
73
3
40
0
40
0
40
0
40
1
40
1
40
1
41
1
10
248.497460553887
20
13.3805889797579
30
0
41
1
10
248.594180038895
20
13.3868138602019
30
0
41
1
10
248.688897778541
20
13.4176533566317
30
0
0
LINE
5
79
100
AcDbEntity
8
4
62
256
6
ByLayer
370
18
48
0.05
60
0
100
AcDbLine
10
61
20
0
30
0
11
255
21
0
31
0
39
0
210
0
220
0
230
1
0
LINE
5
7B
100
AcDbEntity
8
81
62
256
6
ByLayer
370
18
48
1
60
0
100
AcDbLine
10
250
20
20
30
0
11
255
21
20
31
0
39
0
210
0
220
0
230
1
0
LINE
5
7C
100
AcDbEntity
8
SK4
62
256
6
ByLayer
370
18
48
0.05
60
0
100
AcDbLine
10
-5
20
0
30
0
11
255
21
0
31
0
39
0
210
0
220
0
230
1
0
LINE
5
7E
100
AcDbEntity
8
80
62
256
6
ByLayer
370
18
48
1
60
0
100
AcDbLine
10
0
20
0
30
0
11
-5
21
0
31
0
39
0
210
0
220
0
230
1
0
LINE
5
7F
100
AcDbEntity
8
1
62
256
6
ByLayer
370
18
48
1
60
0
100
AcDbLine
10
61
20
-15.996
30
0
11
61
21
15.996
31
0
39
0
210
0
220
0
230
1
0
LINE
5
80
100
AcDbEntity
8
1
62
256
6
ByLayer
370
18
48
1
60
0
100
AcDbLine
10
249.284017
20
14.036954
30
0
11
249.284017
21
13.151638
31
0
39
0
210
0
220
0
230
1
0
LINE
5
81
100
AcDbEntity
8
1
62
256
6
ByLayer
370
13
48
1
60
0
100
AcDbLine
10
249.279719
20
13.148551
30
0
11
249.279719
21
14.026724
31
0
39
0
210
0
220
0
230
1
0
LINE
5
82
100
AcDbEntity
8
1
62
256
6
ByLayer
370
13
48
1
60
0
100
AcDbLine
10
249.155756
20
13.73451
30
0
11
249.155756
21
13.17908
31
0
39
0
210
0
220
0
230
1
0
LINE
5
83
100
AcDbEntity
8
1
62
256
6
ByLayer
370
13
48
1
60
0
100
AcDbLine
10
248.409417
20
13.394577
30
0
11
248.409417
21
13.169029
31
0
39
0
210
0
220
0
230
1
0
LINE
5
84
100
AcDbEntity
8
1
62
256
6
ByLayer
370
13
48
1
60
0
100
AcDbLine
10
249.093635
20
13.182274
30
0
11
249.093635
21
13.65644
31
0
39
0
210
0
220
0
230
1
0
LINE
5
85
100
AcDbEntity
8
1
62
256
6
ByLayer
370
18
48
1
60
0
100
AcDbLine
10
241.369769
20
13.167986
30
0
11
241.979949
21
13.263289
31
0
39
0
210
0
220
0
230
1
0
LINE
5
86
100
AcDbEntity
8
1
62
256
6
ByLayer
370
13
48
1
60
0
100
AcDbLine
10
220.413343
20
-15.696
30
0
11
220.413343
21
15.696
31
0
39
0
210
0
220
0
230
1
0
LINE
5
87
100
AcDbEntity
8
1
62
256
6
ByLayer
370
13
48
1
60
0
100
AcDbLine
10
217.6245
20
-15.696
30
0
11
217.6245
21
15.696
31
0
39
0
210
0
220
0
230
1
0
LINE
5
88
100
AcDbEntity
8
1
62
256
6
ByLayer
370
18
48
1
60
0
100
AcDbLine
10
217
20
-15.996
30
0
11
217
21
15.996
31
0
39
0
210
0
220
0
230
1
0
LINE
5
89
100
AcDbEntity
8
1
62
256
6
ByLayer
370
13
48
1
60
0
100
AcDbLine
10
220.584647
20
15.714556
30
0
11
220.584647
21
-15.714556
31
0
39
0
210
0
220
0
230
1
0
LINE
5
8A
100
AcDbEntity
8
1
62
256
6
ByLayer
370
13
48
1
60
0
100
AcDbLine
10
234.288383
20
-18.323032
30
0
11
234.288383
21
13.369767
31
0
39
0
210
0
220
0
230
1
0
LINE
5
8B
100
AcDbEntity
8
1
62
256
6
ByLayer
370
13
48
1
60
0
100
AcDbLine
10
234.716642
20
13.287905
30
0
11
234.716642
21
-18.390409
31
0
39
0
210
0
220
0
230
1
0
LINE
5
8C
100
AcDbEntity
8
1
62
256
6
ByLayer
370
13
48
1
60
0
100
AcDbLine
10
237.817333
20
-18.540902
30
0
11
237.817333
21
12.946103
31
0
39
0
210
0
220
0
230
1
0
LINE
5
8D
100
AcDbEntity
8
1
62
256
6
ByLayer
370
13
48
1
60
0
100
AcDbLine
10
238.179645
20
12.936251
30
0
11
238.179645
21
-18.588668
31
0
39
0
210
0
220
0
230
1
0
LINE
5
8E
100
AcDbEntity
8
1
62
256
6
ByLayer
370
13
48
1
60
0
100
AcDbLine
10
240.139147
20
-18.997665
30
0
11
240.139147
21
12.964646
31
0
39
0
210
0
220
0
230
1
0
LINE
5
8F
100
AcDbEntity
8
1
62
256
6
ByLayer
370
13
48
1
60
0
100
AcDbLine
10
240.472311
20
12.975253
30
0
11
240.472311
21
-19.015938
31
0
39
0
210
0
220
0
230
1
0
LINE
5
90
100
AcDbEntity
8
1
62
256
6
ByLayer
370
13
48
1
60
0
100
AcDbLine
10
248.740489
20
-18.854525
30
0
11
248.740489
21
13.161202
31
0
39
0
210
0
220
0
230
1
0
LINE
5
91
100
AcDbEntity
8
1
62
256
6
ByLayer
370
13
48
1
60
0
100
AcDbLine
10
246.298702
20
-18.782828
30
0
11
246.298702
21
13.110739
31
0
39
0
210
0
220
0
230
1
0
LINE
5
92
100
AcDbEntity
8
1
62
256
6
ByLayer
370
13
48
1
60
0
100
AcDbLine
10
246.32465
20
13.1113
30
0
11
246.32465
21
-18.783899
31
0
39
0
210
0
220
0
230
1
0
LINE
5
93
100
AcDbEntity
8
1
62
256
6
ByLayer
370
18
48
1
60
0
100
AcDbLine
10
244.348722
20
17.094526
30
0
11
244.331506
21
17.103514
31
0
39
0
210
0
220
0
230
1
0
LINE
5
94
100
AcDbEntity
8
1
62
256
6
ByLayer
370
18
48
1
60
0
100
AcDbLine
10
244.844205
20
17.415647
30
0
11
244.843888
21
17.395985
31
0
39
0
210
0
220
0
230
1
0
LINE
5
95
100
AcDbEntity
8
1
62
256
6
ByLayer
370
13
48
1
60
0
100
AcDbLine
10
244.112067
20
17.34376
30
0
11
244.348722
21
17.094526
31
0
39
0
210
0
220
0
230
1
0
LINE
5
96
100
AcDbEntity
8
1
62
256
6
ByLayer
370
13
48
1
60
0
100
AcDbLine
10
244.607233
20
17.645219
30
0
11
244.843888
21
17.395985
31
0
39
0
210
0
220
0
230
1
0
LINE
5
97
100
AcDbEntity
8
1
62
256
6
ByLayer
370
18
48
1
60
0
100
AcDbLine
10
244.092924
20
17.354779
30
0
11
244.331506
21
17.103514
31
0
39
0
210
0
220
0
230
1
0
LINE
5
98
100
AcDbEntity
8
1
62
256
6
ByLayer
370
18
48
1
60
0
100
AcDbLine
10
244.054444
20
16.005836
30
0
11
244.037546
21
15.995182
31
0
39
0
210
0
220
0
230
1
0
LINE
5
99
100
AcDbEntity
8
1
62
256
6
ByLayer
370
13
48
1
60
0
100
AcDbLine
10
243.81779
20
16.25507
30
0
11
244.054444
21
16.005836
31
0
39
0
210
0
220
0
230
1
0
LINE
5
9A
100
AcDbEntity
8
1
62
256
6
ByLayer
370
18
48
1
60
0
100
AcDbLine
10
244.605623
20
17.666912
30
0
11
244.844205
21
17.415647
31
0
39
0
210
0
220
0
230
1
0
LINE
5
9B
100
AcDbEntity
8
1
62
256
6
ByLayer
370
13
48
1
60
0
100
AcDbLine
10
245.690954
20
17.395459
30
0
11
245.927609
21
17.146225
31
0
39
0
210
0
220
0
230
1
0
LINE
5
9C
100
AcDbEntity
8
1
62
256
6
ByLayer
370
18
48
1
60
0
100
AcDbLine
10
245.944825
20
17.156341
30
0
11
245.927609
21
17.146225
31
0
39
0
210
0
220
0
230
1
0
LINE
5
9D
100
AcDbEntity
8
1
62
256
6
ByLayer
370
18
48
1
60
0
100
AcDbLine
10
243.798963
20
16.246446
30
0
11
244.037546
21
15.995182
31
0
39
0
210
0
220
0
230
1
0
LINE
5
9E
100
AcDbEntity
8
1
62
256
6
ByLayer
370
13
48
1
60
0
100
AcDbLine
10
244.607233
20
15.487109
30
0
11
244.75008
21
15.336669
31
0
39
0
210
0
220
0
230
1
0
LINE
5
9F
100
AcDbEntity
8
1
62
256
6
ByLayer
370
18
48
1
60
0
100
AcDbLine
10
245.706242
20
17.407605
30
0
11
245.944825
21
17.156341
31
0
39
0
210
0
220
0
230
1
0
LINE
5
A0
100
AcDbEntity
8
1
62
256
6
ByLayer
370
13
48
1
60
0
100
AcDbLine
10
245.985232
20
16.32604
30
0
11
246.056439
21
16.251048
31
0
39
0
210
0
220
0
230
1
0
LINE
5
A1
100
AcDbEntity
8
1
62
256
6
ByLayer
370
18
48
1
60
0
100
AcDbLine
10
244.605623
20
15.469498
30
0
11
244.727169
21
15.34149
31
0
39
0
210
0
220
0
230
1
0
LINE
5
A2
100
AcDbEntity
8
1
62
256
6
ByLayer
370
18
48
1
60
0
100
AcDbLine
10
246.000203
20
16.318523
30
0
11
246.053206
21
16.262703
31
0
39
0
210
0
220
0
230
1
0
LINE
5
A3
100
AcDbEntity
8
1
62
256
6
ByLayer
370
18
48
1
60
0
100
AcDbLine
10
244.144603
20
-18.668717
30
0
11
246.101012
21
-18.83508
31
0
39
0
210
0
220
0
230
1
0
LINE
5
A4
100
AcDbEntity
8
SK1
62
256
6
ByLayer
370
18
48
1
60
0
100
AcDbLine
10
61
20
-15.996
30
0
11
61
21
15.996
31
0
39
0
210
0
220
0
230
1
0
LINE
5
A6
100
AcDbEntity
8
SK1
62
256
6
ByLayer
370
18
48
1
60
0
100
AcDbLine
10
1.5
20
15.996
30
0
11
1.5
21
-15.996
31
0
39
0
210
0
220
0
230
1
0
LINE
5
A7
100
AcDbEntity
8
SK1
62
256
6
ByLayer
370
18
48
1
60
0
100
AcDbLine
10
0
20
14.496
30
0
11
0
21
-14.496
31
0
39
0
210
0
220
0
230
1
0
LINE
5
A8
100
AcDbEntity
8
1
62
256
6
ByLayer
370
18
48
1
60
0
100
AcDbLine
10
61
20
-15.996
30
0
11
217
21
-15.996
31
0
39
0
210
0
220
0
230
1
0
LINE
5
A9
100
AcDbEntity
8
1
62
256
6
ByLayer
370
18
48
1
60
0
100
AcDbLine
10
217
20
15.996
30
0
11
61
21
15.996
31
0
39
0
210
0
220
0
230
1
0
LINE
5
AA
100
AcDbEntity
8
1
62
256
6
ByLayer
370
18
48
1
60
0
100
AcDbLine
10
249.284233
20
13.152795
30
0
11
249.284233
21
14.046734
31
0
39
0
210
0
220
0
230
1
0
LINE
5
AB
100
AcDbEntity
8
1
62
256
6
ByLayer
370
18
48
1
60
0
100
AcDbLine
10
220.413343
20
15.696
30
0
11
217.6245
21
15.696
31
0
39
0
210
0
220
0
230
1
0
LINE
5
AC
100
AcDbEntity
8
1
62
256
6
ByLayer
370
18
48
1
60
0
100
AcDbLine
10
217.6245
20
-15.696
30
0
11
220.413343
21
-15.696
31
0
39
0
210
0
220
0
230
1
0
LINE
5
AD
100
AcDbEntity
8
1
62
256
6
ByLayer
370
18
48
1
60
0
100
AcDbLine
10
220.584647
20
-15.714556
30
0
11
227.883109
21
-17.314483
31
0
39
0
210
0
220
0
230
1
0
LINE
5
AE
100
AcDbEntity
8
1
62
256
6
ByLayer
370
18
48
1
60
0
100
AcDbLine
10
227.883109
20
17.314483
30
0
11
220.584647
21
15.714556
31
0
39
0
210
0
220
0
230
1
0
LINE
5
AF
100
AcDbEntity
8
1
62
256
6
ByLayer
370
18
48
1
60
0
100
AcDbLine
10
249.284233
20
-18.352034
30
0
11
249.284233
21
13.14392
31
0
39
0
210
0
220
0
230
1
0
LINE
5
B0
100
AcDbEntity
8
1
62
256
6
ByLayer
370
18
48
1
60
0
100
AcDbLine
10
244.081755
20
16.554506
30
0
11
243.848308
21
16.800362
31
0
39
0
210
0
220
0
230
1
0
LINE
5
B1
100
AcDbEntity
8
1
62
256
6
ByLayer
370
18
48
1
60
0
100
AcDbLine
10
245.273659
20
17.523085
30
0
11
245.499694
21
17.285035
31
0
39
0
210
0
220
0
230
1
0
LINE
5
B2
100
AcDbEntity
8
1
62
256
6
ByLayer
370
18
48
1
60
0
100
AcDbLine
10
244.776637
20
15.368097
30
0
11
244.550686
21
15.606058
31
0
39
0
210
0
220
0
230
1
0
LINE
5
B3
100
AcDbEntity
8
1
62
256
6
ByLayer
370
18
48
1
60
0
100
AcDbLine
10
245.961129
20
16.344482
30
0
11
246.05632
21
16.24423
31
0
39
0
210
0
220
0
230
1
0
LINE
5
B4
100
AcDbEntity
8
1
62
256
6
ByLayer
370
18
48
1
60
0
100
AcDbLine
10
246.802215
20
17.241377
30
0
11
246.652131
21
17.530187
31
0
39
0
210
0
220
0
230
1
0
LINE
5
B5
100
AcDbEntity
8
1
62
256
6
ByLayer
370
18
48
1
60
0
100
AcDbLine
10
243.857817
20
14.87691
30
0
11
244.138474
21
14.712082
31
0
39
0
210
0
220
0
230
1
0
LINE
5
B6
100
AcDbEntity
8
SK1
62
256
6
ByLayer
370
18
48
1
60
0
100
AcDbLine
10
1.5
20
-15.996
30
0
11
61
21
-15.996
31
0
39
0
210
0
220
0
230
1
0
LINE
5
B7
100
AcDbEntity
8
SK1
62
256
6
ByLayer
370
18
48
1
60
0
100
AcDbLine
10
61
20
15.996
30
0
11
1.5
21
15.996
31
0
39
0
210
0
220
0
230
1
0
LINE
5
B8
100
AcDbEntity
8
SK1
62
256
6
ByLayer
370
18
48
1
60
0
100
AcDbLine
10
0
20
-14.496
30
0
11
1.5
21
-15.996
31
0
39
0
210
0
220
0
230
1
0
LINE
5
B9
100
AcDbEntity
8
SK1
62
256
6
ByLayer
370
18
48
1
60
0
100
AcDbLine
10
1.5
20
15.996
30
0
11
0
21
14.496
31
0
39
0
210
0
220
0
230
1
0
LINE
5
BA
100
AcDbEntity
8
SK2
62
256
6
ByLayer
370
18
48
1
60
0
100
AcDbLine
10
250
20
42.25
30
0
11
0
21
42.25
31
0
39
0
210
0
220
0
230
1
0
LINE
5
BC
100
AcDbEntity
8
SK2
62
256
6
ByLayer
370
18
48
1
60
0
100
AcDbLine
10
0
20
16.0835
30
0
11
0
21
44.25
31
0
39
0
210
0
220
0
230
1
0
LINE
5
BD
100
AcDbEntity
8
SK2
62
256
6
ByLayer
370
18
48
1
60
0
100
AcDbLine
10
250
20
21.5875
30
0
11
250
21
44.25
31
0
39
0
210
0
220
0
230
1
0
LINE
5
BE
100
AcDbEntity
8
1
62
256
6
ByLayer
370
18
48
1
60
1
100
AcDbLine
10
0
20
42.25
30
0
11
3.499998
21
42.710784
31
0
39
0
210
0
220
0
230
1
0
LINE
5
BF
100
AcDbEntity
8
1
62
256
6
ByLayer
370
18
48
1
60
1
100
AcDbLine
10
3.499998
20
42.710784
30
0
11
3.500002
21
41.789216
31
0
39
0
210
0
220
0
230
1
0
LINE
5
C0
100
AcDbEntity
8
1
62
256
6
ByLayer
370
18
48
1
60
1
100
AcDbLine
10
3.500002
20
41.789216
30
0
11
0
21
42.25
31
0
39
0
210
0
220
0
230
1
0
LINE
5
C1
100
AcDbEntity
8
1
62
256
6
ByLayer
370
18
48
1
60
1
100
AcDbLine
10
250
20
42.25
30
0
11
246.500002
21
41.789216
31
0
39
0
210
0
220
0
230
1
0
LINE
5
C2
100
AcDbEntity
8
1
62
256
6
ByLayer
370
18
48
1
60
1
100
AcDbLine
10
246.500002
20
41.789216
30
0
11
246.499998
21
42.710784
31
0
39
0
210
0
220
0
230
1
0
LINE
5
C3
100
AcDbEntity
8
1
62
256
6
ByLayer
370
18
48
1
60
1
100
AcDbLine
10
246.499998
20
42.710784
30
0
11
250
21
42.25
31
0
39
0
210
0
220
0
230
1
0
LINE
5
C4
100
AcDbEntity
8
2
62
256
6
ByLayer
370
13
48
1
60
0
100
AcDbLine
10
260.684968
20
20
30
0
11
260.684968
21
-20
31
0
39
0
210
0
220
0
230
1
0
LINE
5
C6
100
AcDbEntity
8
2
62
256
6
ByLayer
370
13
48
1
60
0
100
AcDbLine
10
251.5875
20
-20
30
0
11
262.684968
21
-20
31
0
39
0
210
0
220
0
230
1
0
LINE
5
C7
100
AcDbEntity
8
2
62
256
6
ByLayer
370
13
48
1
60
0
100
AcDbLine
10
251.5875
20
20
30
0
11
262.684968
21
20
31
0
39
0
210
0
220
0
230
1
0
LINE
5
C8
100
AcDbEntity
8
1
62
256
6
ByLayer
370
18
48
1
60
1
100
AcDbLine
10
260.684968
20
-20
30
0
11
260.224184
21
-16.500002
31
0
39
0
210
0
220
0
230
1
0
LINE
5
C9
100
AcDbEntity
8
1
62
256
6
ByLayer
370
18
48
1
60
1
100
AcDbLine
10
260.224184
20
-16.500002
30
0
11
261.145752
21
-16.499998
31
0
39
0
210
0
220
0
230
1
0
LINE
5
CA
100
AcDbEntity
8
1
62
256
6
ByLayer
370
18
48
1
60
1
100
AcDbLine
10
261.145752
20
-16.499998
30
0
11
260.684968
21
-20
31
0
39
0
210
0
220
0
230
1
0
LINE
5
CB
100
AcDbEntity
8
1
62
256
6
ByLayer
370
18
48
1
60
1
100
AcDbLine
10
260.684968
20
20
30
0
11
261.145752
21
16.500002
31
0
39
0
210
0
220
0
230
1
0
LINE
5
CC
100
AcDbEntity
8
1
62
256
6
ByLayer
370
18
48
1
60
1
100
AcDbLine
10
261.145752
20
16.500002
30
0
11
260.224184
21
16.499998
31
0
39
0
210
0
220
0
230
1
0
LINE
5
CD
100
AcDbEntity
8
1
62
256
6
ByLayer
370
18
48
1
60
1
100
AcDbLine
10
260.224184
20
16.499998
30
0
11
260.684968
21
20
31
0
39
0
210
0
220
0
230
1
0
LINE
5
CE
100
AcDbEntity
8
SK2
62
256
6
ByLayer
370
18
48
1
60
0
100
AcDbLine
10
-16.6
20
15.996
30
0
11
-16.6
21
-15.996
31
0
39
0
210
0
220
0
230
1
0
LINE
5
CF
100
AcDbEntity
8
SK2
62
256
6
ByLayer
370
18
48
1
60
0
100
AcDbLine
10
-0.0875
20
-15.996
30
0
11
-18.6
21
-15.996
31
0
39
0
210
0
220
0
230
1
0
LINE
5
D0
100
AcDbEntity
8
SK2
62
256
6
ByLayer
370
18
48
1
60
0
100
AcDbLine
10
-0.0875
20
15.996
30
0
11
-18.6
21
15.996
31
0
39
0
210
0
220
0
230
1
0
LINE
5
D1
100
AcDbEntity
8
1
62
256
6
ByLayer
370
18
48
1
60
1
100
AcDbLine
10
-16.6
20
-15.996
30
0
11
-17.060784
21
-12.496002
31
0
39
0
210
0
220
0
230
1
0
LINE
5
D2
100
AcDbEntity
8
1
62
256
6
ByLayer
370
18
48
1
60
1
100
AcDbLine
10
-17.060784
20
-12.496002
30
0
11
-16.139216
21
-12.495998
31
0
39
0
210
0
220
0
230
1
0
LINE
5
D3
100
AcDbEntity
8
1
62
256
6
ByLayer
370
18
48
1
60
1
100
AcDbLine
10
-16.139216
20
-12.495998
30
0
11
-16.6
21
-15.996
31
0
39
0
210
0
220
0
230
1
0
LINE
5
D4
100
AcDbEntity
8
1
62
256
6
ByLayer
370
18
48
1
60
1
100
AcDbLine
10
-16.6
20
15.996
30
0
11
-16.139216
21
12.496002
31
0
39
0
210
0
220
0
230
1
0
LINE
5
D5
100
AcDbEntity
8
1
62
256
6
ByLayer
370
18
48
1
60
1
100
AcDbLine
10
-16.139216
20
12.496002
30
0
11
-17.060784
21
12.495998
31
0
39
0
210
0
220
0
230
1
0
LINE
5
D6
100
AcDbEntity
8
1
62
256
6
ByLayer
370
18
48
1
60
1
100
AcDbLine
10
-17.060784
20
12.495998
30
0
11
-16.6
21
15.996
31
0
39
0
210
0
220
0
230
1
0
LINE
5
1BF
100
AcDbEntity
8
1
62
256
6
ByLayer
370
18
48
1
60
1
100
AcDbLine
10
0
20
42.25
30
0
11
3.499998
21
42.710784
31
0
39
0
210
0
220
0
230
1
0
LINE
5
1C0
100
AcDbEntity
8
1
62
256
6
ByLayer
370
18
48
1
60
1
100
AcDbLine
10
3.499998
20
42.710784
30
0
11
3.500002
21
41.789216
31
0
39
0
210
0
220
0
230
1
0
LINE
5
1C1
100
AcDbEntity
8
1
62
256
6
ByLayer
370
18
48
1
60
1
100
AcDbLine
10
3.500002
20
41.789216
30
0
11
0
21
42.25
31
0
39
0
210
0
220
0
230
1
0
LINE
5
1C3
100
AcDbEntity
8
1
62
256
6
ByLayer
370
18
48
1
60
1
100
AcDbLine
10
250
20
42.25
30
0
11
246.500002
21
41.789216
31
0
39
0
210
0
220
0
230
1
0
LINE
5
1C4
100
AcDbEntity
8
1
62
256
6
ByLayer
370
18
48
1
60
1
100
AcDbLine
10
246.500002
20
41.789216
30
0
11
246.499998
21
42.710784
31
0
39
0
210
0
220
0
230
1
0
LINE
5
1C5
100
AcDbEntity
8
1
62
256
6
ByLayer
370
18
48
1
60
1
100
AcDbLine
10
246.499998
20
42.710784
30
0
11
250
21
42.25
31
0
39
0
210
0
220
0
230
1
0
LINE
5
1C9
100
AcDbEntity
8
1
62
256
6
ByLayer
370
18
48
1
60
1
100
AcDbLine
10
260.684968
20
-20
30
0
11
260.224184
21
-16.500002
31
0
39
0
210
0
220
0
230
1
0
LINE
5
1CA
100
AcDbEntity
8
1
62
256
6
ByLayer
370
18
48
1
60
1
100
AcDbLine
10
260.224184
20
-16.500002
30
0
11
261.145752
21
-16.499998
31
0
39
0
210
0
220
0
230
1
0
LINE
5
1CB
100
AcDbEntity
8
1
62
256
6
ByLayer
370
18
48
1
60
1
100
AcDbLine
10
261.145752
20
-16.499998
30
0
11
260.684968
21
-20
31
0
39
0
210
0
220
0
230
1
0
LINE
5
1CD
100
AcDbEntity
8
1
62
256
6
ByLayer
370
18
48
1
60
1
100
AcDbLine
10
260.684968
20
20
30
0
11
261.145752
21
16.500002
31
0
39
0
210
0
220
0
230
1
0
LINE
5
1CE
100
AcDbEntity
8
1
62
256
6
ByLayer
370
18
48
1
60
1
100
AcDbLine
10
261.145752
20
16.500002
30
0
11
260.224184
21
16.499998
31
0
39
0
210
0
220
0
230
1
0
LINE
5
1CF
100
AcDbEntity
8
1
62
256
6
ByLayer
370
18
48
1
60
1
100
AcDbLine
10
260.224184
20
16.499998
30
0
11
260.684968
21
20
31
0
39
0
210
0
220
0
230
1
0
LINE
5
1D3
100
AcDbEntity
8
1
62
256
6
ByLayer
370
18
48
1
60
1
100
AcDbLine
10
-16.6
20
-15.996
30
0
11
-17.060784
21
-12.496002
31
0
39
0
210
0
220
0
230
1
0
LINE
5
1D4
100
AcDbEntity
8
1
62
256
6
ByLayer
370
18
48
1
60
1
100
AcDbLine
10
-17.060784
20
-12.496002
30
0
11
-16.139216
21
-12.495998
31
0
39
0
210
0
220
0
230
1
0
LINE
5
1D5
100
AcDbEntity
8
1
62
256
6
ByLayer
370
18
48
1
60
1
100
AcDbLine
10
-16.139216
20
-12.495998
30
0
11
-16.6
21
-15.996
31
0
39
0
210
0
220
0
230
1
0
LINE
5
1D7
100
AcDbEntity
8
1
62
256
6
ByLayer
370
18
48
1
60
1
100
AcDbLine
10
-16.6
20
15.996
30
0
11
-16.139216
21
12.496002
31
0
39
0
210
0
220
0
230
1
0
LINE
5
1D8
100
AcDbEntity
8
1
62
256
6
ByLayer
370
18
48
1
60
1
100
AcDbLine
10
-16.139216
20
12.496002
30
0
11
-17.060784
21
12.495998
31
0
39
0
210
0
220
0
230
1
0
LINE
5
1D9
100
AcDbEntity
8
1
62
256
6
ByLayer
370
18
48
1
60
1
100
AcDbLine
10
-17.060784
20
12.495998
30
0
11
-16.6
21
15.996
31
0
39
0
210
0
220
0
230
1
0
MTEXT
5
1BC
100
AcDbEntity
8
SK2
62
256
6
ByLayer
370
18
48
1
60
0
100
AcDbMText
10
121.787301
20
43.282634
30
0
210
0
220
0
230
1
1
\W0.7138;250
40
3.5
41
0
44
1.084337
50
0
71
7
72
5
7
iso_b_vert
0
MTEXT
5
1C7
100
AcDbEntity
8
2
62
256
6
ByLayer
370
18
48
1
60
0
100
AcDbMText
10
259.120335
20
-4.714889
30
0
210
0
220
0
230
1
1
%%c
40
3.5
41
0
44
1.084337
50
90
71
7
72
5
7
iso_b_vert
0
MTEXT
5
1C8
100
AcDbEntity
8
2
62
256
6
ByLayer
370
18
48
1
60
0
100
AcDbMText
10
259.120335
20
2.257767
30
0
210
0
220
0
230
1
1
\W0.7361;40
40
3.5
41
0
44
1.084337
50
90
71
7
72
5
7
iso_b_vert
0
MTEXT
5
1D1
100
AcDbEntity
8
SK2
62
256
6
ByLayer
370
18
48
1
60
0
100
AcDbMText
10
-18.164634
20
-4.530622
30
0
210
0
220
0
230
1
1
%%c
40
3.5
41
0
44
1.084337
50
90
71
7
72
5
7
iso_b_vert
0
MTEXT
5
1D2
100
AcDbEntity
8
SK2
62
256
6
ByLayer
370
18
48
1
60
0
100
AcDbMText
10
-18.164634
20
2.442034
30
0
210
0
220
0
230
1
1
\W0.6740;32
40
3.5
41
0
44
1.084337
50
90
71
7
72
5
7
iso_b_vert
0
MTEXT
5
1DB
100
AcDbEntity
8
SK6
62
256
6
ByLayer
370
18
48
1
60
0
100
AcDbMText
10
103.373154
20
-46.217366
30
0
210
0
220
0
230
1
1
\W0.7788;MS20-R040A32L-10L
40
3.5
41
0
44
1.084337
50
0
71
7
72
5
7
iso_b_vert
0
HATCH
5
1C2
100
AcDbEntity
8
SK2
62
256
6
ByLayer
370
13
48
1
60
0
100
AcDbHatch
10
0
20
0
30
0
210
0
220
0
230
1
2
ANSI31
70
0
71
0
91
1
92
5
93
3
72
1
10
-5.68E-14
20
42.2499999999991
11
3.49999830744675
21
42.7107837415518
72
1
10
3.49999830744675
20
42.7107837415518
11
3.50000169255314
21
41.7892162584463
72
1
10
3.50000169255314
20
41.7892162584463
11
-5.68E-14
21
42.2499999999991
97
0
75
0
76
1
52
0
41
0.0062
77
0
78
1
53
45
43
0
44
0
45
-0.0139193969876572
46
0.0139193969876572
79
0
47
0
98
1
10
0
20
0
0
HATCH
5
1C6
100
AcDbEntity
8
SK2
62
256
6
ByLayer
370
13
48
1
60
0
100
AcDbHatch
10
0
20
0
30
0
210
0
220
0
230
1
2
ANSI31
70
0
71
0
91
1
92
5
93
3
72
1
10
250
20
42.2499999999991
11
246.500001692553
21
41.7892162584463
72
1
10
246.500001692553
20
41.7892162584463
11
246.499998307447
21
42.7107837415518
72
1
10
246.499998307447
20
42.7107837415518
11
250
21
42.2499999999991
97
0
75
0
76
1
52
0
41
0.0062
77
0
78
1
53
45
43
0
44
0
45
-0.0139193969876572
46
0.0139193969876572
79
0
47
0
98
1
10
0
20
0
0
HATCH
5
1CC
100
AcDbEntity
8
2
62
256
6
ByLayer
370
13
48
1
60
0
100
AcDbHatch
10
0
20
0
30
0
210
0
220
0
230
1
2
ANSI31
70
0
71
0
91
1
92
5
93
3
72
1
10
260.684968174773
20
-20.0000000000009
11
260.224184433221
21
-16.5000016925541
72
1
10
260.224184433221
20
-16.5000016925541
11
261.145751916326
21
-16.4999983074478
72
1
10
261.145751916326
20
-16.4999983074478
11
260.684968174773
21
-20.0000000000009
97
0
75
0
76
1
52
0
41
0.0062
77
0
78
1
53
45
43
0
44
0
45
-0.0139193969876572
46
0.0139193969876572
79
0
47
0
98
1
10
0
20
0
0
HATCH
5
1D0
100
AcDbEntity
8
2
62
256
6
ByLayer
370
13
48
1
60
0
100
AcDbHatch
10
0
20
0
30
0
210
0
220
0
230
1
2
ANSI31
70
0
71
0
91
1
92
5
93
3
72
1
10
260.684968174773
20
19.9999999999991
11
261.145751916326
21
16.5000016925522
72
1
10
261.145751916326
20
16.5000016925522
11
260.224184433221
21
16.4999983074459
72
1
10
260.224184433221
20
16.4999983074459
11
260.684968174773
21
19.9999999999991
97
0
75
0
76
1
52
0
41
0.0062
77
0
78
1
53
45
43
0
44
0
45
-0.0139193969876572
46
0.0139193969876572
79
0
47
0
98
1
10
0
20
0
0
HATCH
5
1D6
100
AcDbEntity
8
SK2
62
256
6
ByLayer
370
13
48
1
60
0
100
AcDbHatch
10
0
20
0
30
0
210
0
220
0
230
1
2
ANSI31
70
0
71
0
91
1
92
5
93
3
72
1
10
-16.6000000000001
20
-15.9960000000008
11
-17.0607837415529
21
-12.496001692554
72
1
10
-17.0607837415529
20
-12.496001692554
11
-16.1392162584473
21
-12.4959983074476
72
1
10
-16.1392162584473
20
-12.4959983074476
11
-16.6000000000001
21
-15.9960000000008
97
0
75
0
76
1
52
0
41
0.0062
77
0
78
1
53
45
43
0
44
0
45
-0.0139193969876572
46
0.0139193969876572
79
0
47
0
98
1
10
0
20
0
0
HATCH
5
1DA
100
AcDbEntity
8
SK2
62
256
6
ByLayer
370
13
48
1
60
0
100
AcDbHatch
10
0
20
0
30
0
210
0
220
0
230
1
2
ANSI31
70
0
71
0
91
1
92
5
93
3
72
1
10
-16.6000000000001
20
15.9959999999992
11
-16.1392162584473
21
12.4960016925524
72
1
10
-16.1392162584473
20
12.4960016925524
11
-17.0607837415529
21
12.495998307446
72
1
10
-17.0607837415529
20
12.495998307446
11
-16.6000000000001
21
15.9959999999992
97
0
75
0
76
1
52
0
41
0.0062
77
0
78
1
53
45
43
0
44
0
45
-0.0139193969876572
46
0.0139193969876572
79
0
47
0
98
1
10
0
20
0
0
DIMENSION
5
1DE
100
AcDbEntity
8
2
62
256
6
ByLayer
370
18
48
1
60
0
100
AcDbDimension
2
_U0
10
241
20
32.25
30
0
11
245.5
21
32.25
31
0
70
32
71
1
72
1
41
1
210
0
220
0
230
1
3
Standard
100
AcDbAlignedDimension
13
250
23
20
33
0
14
241
24
20
34
0
50
0
100
AcDbRotatedDimension
1001
ACAD
1000
DSTYLE
1002
{
1070
   371
1070
    13
1070
   372
1070
    13
1070
   170
1070
     0
1070
   144
1040
1.0
1070
   277
1070
     2
1070
   284
1070
     8
1070
   278
1070
    46
1070
   146
1040
1.0
1070
   345
1005
16
1070
   347
1005
16
1070
   346
1005
16
1070
   344
1005
0
1070
   343
1005
0
1070
   172
1070
     1
1070
    76
1070
     0
1070
    75
1070
     0
1070
   282
1070
     0
1070
   281
1070
     0
1070
    71
1070
     0
1070
    74
1070
     0
1070
   279
1070
     0
1070
   173
1070
     1
1070
   340
1005
1BD
1070
   271
1070
     2
1070
   272
1070
     2
1070
    77
1070
     1
1070
    73
1070
     1
1070
   171
1070
     3
1070
   274
1070
     4
1070
   177
1070
     2
1070
   176
1070
     2
1070
   178
1070
     2
1070
    78
1070
     8
1070
    48
1040
-0.1
1070
    41
1040
3.5
1070
   147
1040
1.75
1070
    42
1040
1.5875
1070
    44
1040
2.0
1070
   140
1040
3.5
1002
}
1001
ACAD_DSTYLE_DIM_LINETYPE
1070
   380
1005
16
1001
ACAD_DSTYLE_DIM_EXT1_LINETYPE
1070
   381
1005
16
1001
ACAD_DSTYLE_DIM_EXT2_LINETYPE
1070
   382
1005
16
0
DIMENSION
5
1F8
100
AcDbEntity
8
SK2
62
256
6
ByLayer
370
18
48
1
60
0
100
AcDbDimension
2
_U1
10
61
20
-35.75
30
0
11
155.5
21
-35.75
31
0
70
32
71
1
72
1
41
1
210
0
220
0
230
1
3
Standard
100
AcDbAlignedDimension
13
250
23
-20
33
0
14
61
24
-15.996
34
0
50
0
100
AcDbRotatedDimension
1001
ACAD
1000
DSTYLE
1002
{
1070
   371
1070
    13
1070
   372
1070
    13
1070
   170
1070
     0
1070
   144
1040
1.0
1070
   277
1070
     2
1070
   284
1070
     8
1070
   278
1070
    46
1070
   146
1040
1.0
1070
   345
1005
16
1070
   347
1005
16
1070
   346
1005
16
1070
   344
1005
0
1070
   343
1005
0
1070
   172
1070
     1
1070
    76
1070
     0
1070
    75
1070
     0
1070
   282
1070
     0
1070
   281
1070
     0
1070
    71
1070
     0
1070
    74
1070
     0
1070
   279
1070
     0
1070
   173
1070
     1
1070
   340
1005
1BD
1070
   271
1070
     2
1070
   272
1070
     2
1070
    77
1070
     1
1070
    73
1070
     1
1070
   171
1070
     3
1070
   274
1070
     4
1070
   177
1070
     2
1070
   176
1070
     2
1070
   178
1070
     2
1070
    78
1070
     8
1070
    48
1040
-0.1
1070
    41
1040
3.5
1070
   147
1040
1.75
1070
    42
1040
1.5875
1070
    44
1040
2.0
1070
   140
1040
3.5
1002
}
1001
ACAD_DSTYLE_DIM_LINETYPE
1070
   380
1005
16
1001
ACAD_DSTYLE_DIM_EXT1_LINETYPE
1070
   381
1005
16
1001
ACAD_DSTYLE_DIM_EXT2_LINETYPE
1070
   382
1005
16
0
ENDSEC
0
SECTION
2
OBJECTS
0
DICTIONARY
5
281
330
0
100
AcDbDictionary
280
0
281
1
3
ACAD_GROUP
350
282
3
ACAD_MLINESTYLE
350
283
0
DICTIONARY
5
282
330
0
100
AcDbDictionary
280
0
281
1
0
DICTIONARY
5
283
330
0
100
AcDbDictionary
280
0
281
1
3
Standard
350
18
0
MLINESTYLE
5
18
330
283
100
AcDbMlineStyle
2
Standard
70
0
3

62
256
51
90
52
90
71
2
49
-0.5
62
256
6
ByLayer
49
0.5
62
256
6
ByLayer
0
RASTERVARIABLES
5
26f
330

100
AcDbRasterVariables
90
0
70
1
71
1
72
1
0
ENDSEC
0
EOF
