0
SECTION
2
HEADER
9
$ACADVER
1
AC1015
9
$DWGCODEPAGE
3
ANSI_1252
9
$HANDSEED
5
2e5
9
$ANGBASE
50
0
9
$ANGDIR
70
0
9
$ATTMODE
70
1
9
$AUNITS
70
0
9
$AUPREC
70
0
9
$CECOLOR
62
256
9
$CELTSCALE
40
1
9
$CELTYPE
6
ByLayer
9
$CELWEIGHT
370
18
9
$CLAYER
8
0
9
$CMLJUST
70
0
9
$CMLSCALE
40
1
9
$CMLSTYLE
2
Standard
9
$DIMSTYLE
2
Standard
9
$TEXTSIZE
40
0.2
9
$TEXTSTYLE
7
Standard
9
$LUNITS
70
2
9
$LUPREC
70
4
9
$EXTNAMES
290
1
9
$INSUNITS
70
4
9
$LTSCALE
40
1
9
$LWDISPLAY
290
1
9
$PDMODE
70
0
9
$PDSIZE
40
0
9
$PLINEGEN
70
0
0
ENDSEC
0
SECTION
2
CLASSES
0
CLASS
1
RASTERVARIABLES
2
AcDbRasterVariables
3
ISM
90
0
280
0
281
0
0
ENDSEC
0
SECTION
2
TABLES
0
TABLE
2
VPORT
5
2db
100
AcDbSymbolTable
0
VPORT
5
1
100
AcDbSymbolTableRecord
100
AcDbViewportTableRecord
2
*Active
70
0
10
0
20
0
11
1
21
1
12
-1
22
1
13
0
23
0
14
0.5
24
0.5
15
10
25
10
16
0
26
0
36
1
17
0
27
0
37
0
0
ENDTAB
0
TABLE
2
LTYPE
5
2dc
100
AcDbSymbolTable
0
LTYPE
5
14
100
AcDbSymbolTableRecord
100
AcDbLinetypeTableRecord
70
0
2
ByBlock
3

72
65
73
0
40
0
0
LTYPE
5
15
100
AcDbSymbolTableRecord
100
AcDbLinetypeTableRecord
70
0
2
ByLayer
3

72
65
73
0
40
0
0
LTYPE
5
16
100
AcDbSymbolTableRecord
100
AcDbLinetypeTableRecord
70
0
2
Continuous
3
Solid line
72
65
73
0
40
0
0
LTYPE
5
6E
100
AcDbSymbolTableRecord
100
AcDbLinetypeTableRecord
70
0
2
CENTER
3
____ _ ____ _ ____ _ ____
72
65
73
4
40
47.5
49
22
74
0
49
-8.5
74
0
49
8.5
74
0
49
-8.5
74
0
0
LTYPE
5
6F
100
AcDbSymbolTableRecord
100
AcDbLinetypeTableRecord
70
0
2
DASHED
3
__ __ __ __ __ __ __ __ __
72
65
73
2
40
25.72
49
12.86
74
0
49
-12.86
74
0
0
ENDTAB
0
TABLE
2
LAYER
5
2dd
100
AcDbSymbolTable
0
LAYER
5
10
100
AcDbSymbolTableRecord
100
AcDbLayerTableRecord
2
0
70
0
62
7
6
Continuous
290
1
370
-3
390
0
0
LAYER
5
71
100
AcDbSymbolTableRecord
100
AcDbLayerTableRecord
2
80
70
0
62
-6
6
Continuous
290
1
370
-3
390
0
0
LAYER
5
73
100
AcDbSymbolTableRecord
100
AcDbLayerTableRecord
2
81
70
0
62
-3
6
Continuous
290
1
370
-3
390
0
0
LAYER
5
75
100
AcDbSymbolTableRecord
100
AcDbLayerTableRecord
2
1
70
0
62
4
6
Continuous
290
1
370
-3
390
0
0
LAYER
5
7D
100
AcDbSymbolTableRecord
100
AcDbLayerTableRecord
2
4
70
0
62
-2
6
CENTER
290
1
370
-3
390
0
0
LAYER
5
C1
100
AcDbSymbolTableRecord
100
AcDbLayerTableRecord
2
2
70
0
62
7
6
Continuous
290
1
370
-3
390
0
0
LAYER
5
221
100
AcDbSymbolTableRecord
100
AcDbLayerTableRecord
2
Defpoints
70
0
62
7
6
Continuous
290
0
370
-3
390
0
0
LAYER
5
2c7
100
AcDbSymbolTableRecord
100
AcDbLayerTableRecord
2
SK4
70
0
62
2
6
CENTER
290
1
370
-3
390
0
0
LAYER
5
2c8
100
AcDbSymbolTableRecord
100
AcDbLayerTableRecord
2
SK1
70
0
62
4
6
Continuous
290
1
370
-3
390
0
0
LAYER
5
2c9
100
AcDbSymbolTableRecord
100
AcDbLayerTableRecord
2
SK2
70
0
62
7
6
Continuous
290
1
370
-3
390
0
0
LAYER
5
2ca
100
AcDbSymbolTableRecord
100
AcDbLayerTableRecord
2
SK6
70
0
62
5
6
Continuous
290
1
370
-3
390
0
0
ENDTAB
0
TABLE
2
STYLE
5
2de
100
AcDbSymbolTable
0
STYLE
5
11
100
AcDbSymbolTableRecord
100
AcDbTextStyleTableRecord
2
Standard
3
txt
70
0
71
0
40
0
41
1
42
0
50
0
0
STYLE
5
1ED
100
AcDbSymbolTableRecord
100
AcDbTextStyleTableRecord
2
iso_b_vert
3
simplex.shx
70
0
71
0
40
0
41
1
42
0
50
0
0
STYLE
5
1EE
100
AcDbSymbolTableRecord
100
AcDbTextStyleTableRecord
2
DWGDirectTextStyle
3
simplex
70
0
71
0
40
0
41
1
42
0
50
0
0
ENDTAB
0
TABLE
2
DIMSTYLE
5
2df
100
AcDbSymbolTable
100
AcDbDimStyleTable
0
DIMSTYLE
105
27
100
AcDbSymbolTableRecord
100
AcDbDimStyleTableRecord
2
Standard
70
0
3
<>
41
0.18
42
0.0625
44
0.18
140
0.18
147
0.09
73
0
74
0
77
1
271
2
275
0
278
52
280
0
340
11
0
ENDTAB
0
TABLE
2
VIEW
5
2e0
100
AcDbSymbolTable
0
ENDTAB
0
TABLE
2
UCS
5
2e1
100
AcDbSymbolTable
0
ENDTAB
0
TABLE
2
APPID
5
2e2
100
AcDbSymbolTable
0
APPID
5
12
100
AcDbSymbolTableRecord
100
AcDbRegAppTableRecord
2
ACAD
70
0
0
APPID
5
21D
100
AcDbSymbolTableRecord
100
AcDbRegAppTableRecord
2
ACAD_DSTYLE_DIMBREAK
70
0
0
APPID
5
286
100
AcDbSymbolTableRecord
100
AcDbRegAppTableRecord
2
ACAD_DSTYLE_DIM_LINETYPE
70
0
0
APPID
5
287
100
AcDbSymbolTableRecord
100
AcDbRegAppTableRecord
2
ACAD_DSTYLE_DIM_EXT1_LINETYPE
70
0
0
APPID
5
288
100
AcDbSymbolTableRecord
100
AcDbRegAppTableRecord
2
ACAD_DSTYLE_DIM_EXT2_LINETYPE
70
0
0
APPID
5
2C3
100
AcDbSymbolTableRecord
100
AcDbRegAppTableRecord
2
ACAD_MLEADERVER
70
0
0
ENDTAB
0
TABLE
2
BLOCK_RECORD
5
2e3
100
AcDbSymbolTable
0
BLOCK_RECORD
5
1F
100
AcDbSymbolTableRecord
100
AcDbBlockTableRecord
2
*Model_Space
340
0
70
0
0
BLOCK_RECORD
5
1B
100
AcDbSymbolTableRecord
100
AcDbBlockTableRecord
2
*Paper_Space
340
0
70
0
0
BLOCK_RECORD
5
23
100
AcDbSymbolTableRecord
100
AcDbBlockTableRecord
2
*Paper_Space0
340
0
70
0
0
BLOCK_RECORD
5
222
100
AcDbSymbolTableRecord
100
AcDbBlockTableRecord
2
*D1
340
0
70
0
0
BLOCK_RECORD
5
22E
100
AcDbSymbolTableRecord
100
AcDbBlockTableRecord
2
_U0
340
0
70
0
0
BLOCK_RECORD
5
23A
100
AcDbSymbolTableRecord
100
AcDbBlockTableRecord
2
*D3
340
0
70
0
0
BLOCK_RECORD
5
247
100
AcDbSymbolTableRecord
100
AcDbBlockTableRecord
2
_U1
340
0
70
0
0
BLOCK_RECORD
5
253
100
AcDbSymbolTableRecord
100
AcDbBlockTableRecord
2
*D5
340
0
70
0
0
BLOCK_RECORD
5
25F
100
AcDbSymbolTableRecord
100
AcDbBlockTableRecord
2
_U2
340
0
70
0
0
ENDTAB
0
ENDSEC
0
SECTION
2
BLOCKS
0
BLOCK
5
20
100
AcDbEntity
8
0
100
AcDbBlockBegin
2
*Model_Space
70
0
10
0
20
0
30
0
3
*Model_Space
0
ENDBLK
5
21
100
AcDbEntity
8
0
100
AcDbBlockEnd
0
BLOCK
5
1C
100
AcDbEntity
8
0
100
AcDbBlockBegin
2
*Paper_Space
70
0
10
0
20
0
30
0
3
*Paper_Space
0
ENDBLK
5
1D
100
AcDbEntity
8
0
100
AcDbBlockEnd
0
BLOCK
5
24
100
AcDbEntity
8
0
100
AcDbBlockBegin
2
*Paper_Space0
70
0
10
0
20
0
30
0
3
*Paper_Space0
0
ENDBLK
5
25
100
AcDbEntity
8
0
100
AcDbBlockEnd
0
BLOCK
5
223
100
AcDbEntity
8
0
100
AcDbBlockBegin
2
*D1
70
1
10
0
20
0
30
0
3
*D1
0
LINE
5
225
100
AcDbEntity
8
0
62
256
6
ByLayer
370
-2
48
1
60
0
100
AcDbLine
10
76
20
-9.6375
30
0
11
76
21
-49.169225
31
0
39
0
210
0
220
0
230
1
0
LINE
5
226
100
AcDbEntity
8
0
62
256
6
ByLayer
370
-2
48
1
60
0
100
AcDbLine
10
0
20
-1.5875
30
0
11
0
21
-49.169225
31
0
39
0
210
0
220
0
230
1
0
LINE
5
227
100
AcDbEntity
8
0
62
256
6
ByLayer
370
-2
48
1
60
0
100
AcDbLine
10
72.5
20
-47.169225
30
0
11
3.5
21
-47.169225
31
0
39
0
210
0
220
0
230
1
0
SOLID
5
228
100
AcDbEntity
8
0
62
256
6
ByLayer
370
-1
48
1
60
0
100
AcDbTrace
10
72.5
20
-47.752558
30
0
11
72.5
21
-46.585892
31
0
12
76
22
-47.169225
32
0
13
76
23
-47.169225
33
0
39
0
210
0
220
0
230
1
0
SOLID
5
229
100
AcDbEntity
8
0
62
256
6
ByLayer
370
-1
48
1
60
0
100
AcDbTrace
10
3.5
20
-46.585892
30
0
11
3.5
21
-47.752558
31
0
12
0
22
-47.169225
32
0
13
0
23
-47.169225
33
0
39
0
210
0
220
0
230
1
0
MTEXT
5
22A
100
AcDbEntity
8
0
62
256
6
ByLayer
370
18
48
1
60
0
100
AcDbMText
10
38
20
-40.169225
30
0
210
0
220
0
230
1
1
\A1;76
40
3.5
41
0
44
1
50
0
71
5
72
5
7
iso_b_vert
0
POINT
5
22B
100
AcDbEntity
8
Defpoints
62
0
6
ByLayer
370
-1
48
1
60
0
100
AcDbPoint
10
76
20
-8.05
30
0
39
0
210
0
220
0
230
1
50
360
0
POINT
5
22C
100
AcDbEntity
8
Defpoints
62
0
6
ByLayer
370
-1
48
1
60
0
100
AcDbPoint
10
0
20
0
30
0
39
0
210
0
220
0
230
1
50
360
0
POINT
5
22D
100
AcDbEntity
8
Defpoints
62
0
6
ByLayer
370
-1
48
1
60
0
100
AcDbPoint
10
0
20
-47.169225
30
0
39
0
210
0
220
0
230
1
50
360
0
ENDBLK
5
224
100
AcDbEntity
8
0
100
AcDbBlockEnd
0
BLOCK
5
235
100
AcDbEntity
8
0
100
AcDbBlockBegin
2
_U0
70
0
10
0
20
0
30
0
3
_U0
0
MTEXT
5
22F
100
AcDbEntity
8
SK2
62
256
6
ByLayer
370
18
48
1
60
0
100
AcDbMText
10
36.095034
20
-46.136591
30
0
210
0
220
0
230
1
1
\W0.6740;76
40
3.5
41
0
44
1.084337
50
0
71
7
72
5
7
iso_b_vert
0
LINE
5
230
100
AcDbEntity
8
SK2
62
256
6
ByLayer
370
13
48
1
60
0
100
AcDbLine
10
76
20
-9.6375
30
0
11
76
21
-49.169225
31
0
39
0
210
0
220
0
230
1
0
LINE
5
231
100
AcDbEntity
8
SK2
62
256
6
ByLayer
370
13
48
1
60
0
100
AcDbLine
10
0
20
-1.5875
30
0
11
0
21
-49.169225
31
0
39
0
210
0
220
0
230
1
0
LINE
5
232
100
AcDbEntity
8
SK2
62
256
6
ByLayer
370
13
48
1
60
0
100
AcDbLine
10
76
20
-47.169225
30
0
11
0
21
-47.169225
31
0
39
0
210
0
220
0
230
1
0
SOLID
5
233
100
AcDbEntity
8
SK2
62
256
6
ByLayer
370
18
48
1
60
0
100
AcDbTrace
10
76
20
-47.169225
30
0
11
72.500002
21
-47.630009
31
0
12
72.499998
22
-46.708441
32
0
13
72.499998
23
-46.708441
33
0
39
0
210
0
220
0
230
1
0
SOLID
5
234
100
AcDbEntity
8
SK2
62
256
6
ByLayer
370
18
48
1
60
0
100
AcDbTrace
10
0
20
-47.169225
30
0
11
3.499998
21
-46.708441
31
0
12
3.500002
22
-47.630009
32
0
13
3.500002
23
-47.630009
33
0
39
0
210
0
220
0
230
1
0
ENDBLK
5
236
100
AcDbEntity
8
0
100
AcDbBlockEnd
0
BLOCK
5
23B
100
AcDbEntity
8
0
100
AcDbBlockBegin
2
*D3
70
1
10
0
20
0
30
0
3
*D3
0
LINE
5
23D
100
AcDbEntity
8
0
62
256
6
ByLayer
370
-2
48
1
60
0
100
AcDbLine
10
76
20
-9.6375
30
0
11
76
21
-27.669225
31
0
39
0
210
0
220
0
230
1
0
LINE
5
23E
100
AcDbEntity
8
0
62
256
6
ByLayer
370
-2
48
1
60
0
100
AcDbLine
10
26
20
-9.6375
30
0
11
26
21
-27.669225
31
0
39
0
210
0
220
0
230
1
0
LINE
5
23F
100
AcDbEntity
8
0
62
256
6
ByLayer
370
-2
48
1
60
0
100
AcDbLine
10
76
20
-25.669225
30
0
11
100.924595
21
-25.669225
31
0
39
0
210
0
220
0
230
1
0
LINE
5
240
100
AcDbEntity
8
0
62
256
6
ByLayer
370
-2
48
1
60
0
100
AcDbLine
10
72.5
20
-25.669225
30
0
11
29.5
21
-25.669225
31
0
39
0
210
0
220
0
230
1
0
SOLID
5
241
100
AcDbEntity
8
0
62
256
6
ByLayer
370
-1
48
1
60
0
100
AcDbTrace
10
72.5
20
-26.252558
30
0
11
72.5
21
-25.085892
31
0
12
76
22
-25.669225
32
0
13
76
23
-25.669225
33
0
39
0
210
0
220
0
230
1
0
SOLID
5
242
100
AcDbEntity
8
0
62
256
6
ByLayer
370
-1
48
1
60
0
100
AcDbTrace
10
29.5
20
-25.085892
30
0
11
29.5
21
-26.252558
31
0
12
26
22
-25.669225
32
0
13
26
23
-25.669225
33
0
39
0
210
0
220
0
230
1
0
MTEXT
5
243
100
AcDbEntity
8
0
62
256
6
ByLayer
370
18
48
1
60
0
100
AcDbMText
10
92.841262
20
-18.669225
30
0
210
0
220
0
230
1
1
\A1;50
40
3.5
41
0
44
1
50
0
71
5
72
5
7
iso_b_vert
0
POINT
5
244
100
AcDbEntity
8
Defpoints
62
0
6
ByLayer
370
-1
48
1
60
0
100
AcDbPoint
10
76
20
-8.05
30
0
39
0
210
0
220
0
230
1
50
360
0
POINT
5
245
100
AcDbEntity
8
Defpoints
62
0
6
ByLayer
370
-1
48
1
60
0
100
AcDbPoint
10
26
20
-8.05
30
0
39
0
210
0
220
0
230
1
50
360
0
POINT
5
246
100
AcDbEntity
8
Defpoints
62
0
6
ByLayer
370
-1
48
1
60
0
100
AcDbPoint
10
26
20
-25.669225
30
0
39
0
210
0
220
0
230
1
50
360
0
ENDBLK
5
23C
100
AcDbEntity
8
0
100
AcDbBlockEnd
0
BLOCK
5
24E
100
AcDbEntity
8
0
100
AcDbBlockBegin
2
_U1
70
0
10
0
20
0
30
0
3
_U1
0
MTEXT
5
248
100
AcDbEntity
8
2
62
256
6
ByLayer
370
18
48
1
60
0
100
AcDbMText
10
90.936296
20
-24.636591
30
0
210
0
220
0
230
1
1
\W0.6740;50
40
3.5
41
0
44
1.084337
50
0
71
7
72
5
7
iso_b_vert
0
LINE
5
249
100
AcDbEntity
8
2
62
256
6
ByLayer
370
13
48
1
60
0
100
AcDbLine
10
76
20
-9.6375
30
0
11
76
21
-27.669225
31
0
39
0
210
0
220
0
230
1
0
LINE
5
24A
100
AcDbEntity
8
2
62
256
6
ByLayer
370
13
48
1
60
0
100
AcDbLine
10
26
20
-9.6375
30
0
11
26
21
-27.669225
31
0
39
0
210
0
220
0
230
1
0
LINE
5
24B
100
AcDbEntity
8
2
62
256
6
ByLayer
370
13
48
1
60
0
100
AcDbLine
10
26
20
-25.669225
30
0
11
94.931728
21
-25.669225
31
0
39
0
210
0
220
0
230
1
0
SOLID
5
24C
100
AcDbEntity
8
2
62
256
6
ByLayer
370
18
48
1
60
0
100
AcDbTrace
10
76
20
-25.669225
30
0
11
72.500002
21
-26.130009
31
0
12
72.499998
22
-25.208441
32
0
13
72.499998
23
-25.208441
33
0
39
0
210
0
220
0
230
1
0
SOLID
5
24D
100
AcDbEntity
8
2
62
256
6
ByLayer
370
18
48
1
60
0
100
AcDbTrace
10
26
20
-25.669225
30
0
11
29.499998
21
-25.208441
31
0
12
29.500002
22
-26.130009
32
0
13
29.500002
23
-26.130009
33
0
39
0
210
0
220
0
230
1
0
ENDBLK
5
24F
100
AcDbEntity
8
0
100
AcDbBlockEnd
0
BLOCK
5
254
100
AcDbEntity
8
0
100
AcDbBlockBegin
2
*D5
70
1
10
0
20
0
30
0
3
*D5
0
LINE
5
256
100
AcDbEntity
8
0
62
256
6
ByLayer
370
-2
48
1
60
0
100
AcDbLine
10
76
20
-9.6375
30
0
11
76
21
-42.169225
31
0
39
0
210
0
220
0
230
1
0
LINE
5
257
100
AcDbEntity
8
0
62
256
6
ByLayer
370
-2
48
1
60
0
100
AcDbLine
10
3.997679
20
-9.1875
30
0
11
3.997679
21
-42.169225
31
0
39
0
210
0
220
0
230
1
0
LINE
5
258
100
AcDbEntity
8
0
62
256
6
ByLayer
370
-2
48
1
60
0
100
AcDbLine
10
72.5
20
-40.169225
30
0
11
7.497679
21
-40.169225
31
0
39
0
210
0
220
0
230
1
0
SOLID
5
259
100
AcDbEntity
8
0
62
256
6
ByLayer
370
-1
48
1
60
0
100
AcDbTrace
10
72.5
20
-40.752558
30
0
11
72.5
21
-39.585892
31
0
12
76
22
-40.169225
32
0
13
76
23
-40.169225
33
0
39
0
210
0
220
0
230
1
0
SOLID
5
25A
100
AcDbEntity
8
0
62
256
6
ByLayer
370
-1
48
1
60
0
100
AcDbTrace
10
7.497679
20
-39.585892
30
0
11
7.497679
21
-40.752558
31
0
12
3.997679
22
-40.169225
32
0
13
3.997679
23
-40.169225
33
0
39
0
210
0
220
0
230
1
0
MTEXT
5
25B
100
AcDbEntity
8
0
62
256
6
ByLayer
370
18
48
1
60
0
100
AcDbMText
10
39.998839
20
-33.169225
30
0
210
0
220
0
230
1
1
\A1;72
40
3.5
41
0
44
1
50
0
71
5
72
5
7
iso_b_vert
0
POINT
5
25C
100
AcDbEntity
8
Defpoints
62
0
6
ByLayer
370
-1
48
1
60
0
100
AcDbPoint
10
76
20
-8.05
30
0
39
0
210
0
220
0
230
1
50
360
0
POINT
5
25D
100
AcDbEntity
8
Defpoints
62
0
6
ByLayer
370
-1
48
1
60
0
100
AcDbPoint
10
3.997679
20
-7.6
30
0
39
0
210
0
220
0
230
1
50
360
0
POINT
5
25E
100
AcDbEntity
8
Defpoints
62
0
6
ByLayer
370
-1
48
1
60
0
100
AcDbPoint
10
3.997679
20
-40.169225
30
0
39
0
210
0
220
0
230
1
50
360
0
ENDBLK
5
255
100
AcDbEntity
8
0
100
AcDbBlockEnd
0
BLOCK
5
266
100
AcDbEntity
8
0
100
AcDbBlockBegin
2
_U2
70
0
10
0
20
0
30
0
3
_U2
0
MTEXT
5
260
100
AcDbEntity
8
SK2
62
256
6
ByLayer
370
18
48
1
60
0
100
AcDbMText
10
38.093873
20
-39.136591
30
0
210
0
220
0
230
1
1
\W0.6740;72
40
3.5
41
0
44
1.084337
50
0
71
7
72
5
7
iso_b_vert
0
LINE
5
261
100
AcDbEntity
8
SK2
62
256
6
ByLayer
370
13
48
1
60
0
100
AcDbLine
10
76
20
-9.6375
30
0
11
76
21
-42.169225
31
0
39
0
210
0
220
0
230
1
0
LINE
5
262
100
AcDbEntity
8
SK2
62
256
6
ByLayer
370
13
48
1
60
0
100
AcDbLine
10
3.997679
20
-9.1875
30
0
11
3.997679
21
-42.169225
31
0
39
0
210
0
220
0
230
1
0
LINE
5
263
100
AcDbEntity
8
SK2
62
256
6
ByLayer
370
13
48
1
60
0
100
AcDbLine
10
76
20
-40.169225
30
0
11
3.997679
21
-40.169225
31
0
39
0
210
0
220
0
230
1
0
SOLID
5
264
100
AcDbEntity
8
SK2
62
256
6
ByLayer
370
18
48
1
60
0
100
AcDbTrace
10
76
20
-40.169225
30
0
11
72.500002
21
-40.630009
31
0
12
72.499998
22
-39.708441
32
0
13
72.499998
23
-39.708441
33
0
39
0
210
0
220
0
230
1
0
SOLID
5
265
100
AcDbEntity
8
SK2
62
256
6
ByLayer
370
18
48
1
60
0
100
AcDbTrace
10
3.997679
20
-40.169225
30
0
11
7.497677
21
-39.708441
31
0
12
7.497681
22
-40.630009
32
0
13
7.497681
23
-40.630009
33
0
39
0
210
0
220
0
230
1
0
ENDBLK
5
267
100
AcDbEntity
8
0
100
AcDbBlockEnd
0
ENDSEC
0
SECTION
2
ENTITIES
0
ARC
5
D7
100
AcDbEntity
8
1
62
256
6
ByLayer
370
18
48
1
60
0
100
AcDbCircle
39
0
10
3.997679
20
8.6
30
0
40
1
210
0
220
0
230
1
100
AcDbArc
50
240
51
270
0
ARC
5
D8
100
AcDbEntity
8
1
62
256
6
ByLayer
370
18
48
1
60
0
100
AcDbCircle
39
0
10
3.997679
20
-8.6
30
0
40
1
210
0
220
0
230
1
100
AcDbArc
50
90
51
120
0
ELLIPSE
5
D9
100
AcDbEntity
8
1
62
256
6
ByLayer
370
18
48
1
60
0
100
AcDbEllipse
10
74.992278
20
1.562625
30
0
11
0.961472884507901
21
0.918782092872892
31
0
210
0
220
0
230
1
40
0.538426
41
-2.4256065530094
42
-2.29785865147879
0
ELLIPSE
5
DA
100
AcDbEntity
8
1
62
256
6
ByLayer
370
13
48
1
60
0
100
AcDbEllipse
10
32.77386
20
56.26363
30
0
11
33.4833708964627
21
-65.0576547228682
31
0
210
0
220
0
230
1
40
0.536783
41
-1.03482467016661
42
-0.940636622389517
0
ELLIPSE
5
DB
100
AcDbEntity
8
1
62
256
6
ByLayer
370
18
48
1
60
0
100
AcDbEllipse
10
74.98945
20
-0.451462
30
0
11
0.384883497777138
21
-1.46048534846589
31
0
210
0
220
0
230
1
40
0.692834
41
3.06644687474841
42
-3.05795838687857
0
ELLIPSE
5
DC
100
AcDbEntity
8
1
62
256
6
ByLayer
370
13
48
1
60
0
100
AcDbEllipse
10
32.77386
20
53.385657
30
0
11
35.3308609241965
21
-64.0731209711617
31
0
210
0
220
0
230
1
40
0.51584
41
-1.00690488693977
42
-0.982443486752744
0
ELLIPSE
5
DD
100
AcDbEntity
8
1
62
256
6
ByLayer
370
13
48
1
60
0
100
AcDbEllipse
10
32.77386
20
-33.511302
30
0
11
47.0465959170671
21
-56.0379547917858
31
0
210
0
220
0
230
1
40
0.201331
41
1.9745397012176
42
2.07661213264235
0
ELLIPSE
5
DE
100
AcDbEntity
8
1
62
256
6
ByLayer
370
13
48
1
60
0
100
AcDbEllipse
10
32.77386
20
-40.649688
30
0
11
45.9470952934569
21
-56.9429451181094
31
0
210
0
220
0
230
1
40
0.266063
41
2.05302999058779
42
2.08140489743948
0
POINT
5
70
100
AcDbEntity
8
80
62
256
6
ByLayer
370
18
48
1
60
0
100
AcDbPoint
10
0
20
0
30
0
39
0
210
0
220
0
230
1
50
360
0
POINT
5
72
100
AcDbEntity
8
81
62
256
6
ByLayer
370
18
48
1
60
0
100
AcDbPoint
10
76
20
0
30
0
39
0
210
0
220
0
230
1
50
360
0
POINT
5
74
100
AcDbEntity
8
1
62
256
6
ByLayer
370
18
48
1
60
1
100
AcDbPoint
10
76
20
-8.05
30
0
39
0
210
0
220
0
230
1
50
360
0
POINT
5
76
100
AcDbEntity
8
1
62
256
6
ByLayer
370
18
48
1
60
1
100
AcDbPoint
10
0
20
0
30
0
39
0
210
0
220
0
230
1
50
360
0
POINT
5
77
100
AcDbEntity
8
1
62
256
6
ByLayer
370
18
48
1
60
1
100
AcDbPoint
10
76
20
-8.05
30
0
39
0
210
0
220
0
230
1
50
360
0
POINT
5
78
100
AcDbEntity
8
1
62
256
6
ByLayer
370
18
48
1
60
1
100
AcDbPoint
10
26
20
-8.05
30
0
39
0
210
0
220
0
230
1
50
360
0
POINT
5
79
100
AcDbEntity
8
1
62
256
6
ByLayer
370
18
48
1
60
1
100
AcDbPoint
10
76
20
-8.05
30
0
39
0
210
0
220
0
230
1
50
360
0
POINT
5
7A
100
AcDbEntity
8
1
62
256
6
ByLayer
370
18
48
1
60
1
100
AcDbPoint
10
3.997679
20
-7.6
30
0
39
0
210
0
220
0
230
1
50
360
0
SPLINE
5
DF
100
AcDbEntity
8
1
62
256
6
ByLayer
370
18
48
1
60
0
100
AcDbSpline
70
4
71
5
72
12
73
6
40
0
40
0
40
0
40
0
40
0
40
0
40
1
40
1
40
1
40
1
40
1
40
1
41
1
10
26
20
-7.97460420967965
30
0
41
1
10
26.9134892804046
20
-7.90899068453624
30
0
41
1
10
27.8279796805535
20
-7.73829648783251
30
0
41
1
10
28.741651282439
20
-7.46306149708414
30
0
41
1
10
29.6553603997083
20
-7.09026628393821
30
0
41
1
10
30.569225301432
20
-6.62976582284315
30
0
0
SPLINE
5
E0
100
AcDbEntity
8
1
62
256
6
ByLayer
370
18
48
1
60
0
100
AcDbSpline
70
4
71
5
72
20
73
14
40
0
40
0
40
0
40
0
40
0
40
0
40
0.06542845224179
40
0.0976544063310298
40
0.199756490795963
40
0.399582052375719
40
0.503602494895401
40
0.601003244712734
40
0.800636044042601
40
0.906633538605098
40
1
40
1
40
1
40
1
40
1
40
1
41
1
10
30.5692253013453
20
1.80395371867465
30
0
41
1
10
30.9624614051896
20
2.14888878968748
30
0
41
1
10
31.5493412233365
20
2.6570347096762
30
0
41
1
10
32.7498017776712
20
3.67032898829737
30
0
41
1
10
35.1513000713169
20
5.54962617690296
30
0
41
1
10
38.1777759674779
20
7.36756809559589
30
0
41
1
10
41.3965662722973
20
8.3492294766975
30
0
41
1
10
45.6213042822239
20
7.95137504906961
30
0
41
1
10
49.8695843631839
20
5.69258847055602
30
0
41
1
10
53.4778979448079
20
2.76011112988453
30
0
41
1
10
56.4612886776525
20
-0.0222849644707708
30
0
41
1
10
58.8590611578423
20
-2.15585646108195
30
0
41
1
10
60.0572857738776
20
-3.15722021039093
30
0
41
1
10
60.6183781724048
20
-3.60813504974908
30
0
0
SPLINE
5
E1
100
AcDbEntity
8
1
62
256
6
ByLayer
370
18
48
1
60
0
100
AcDbSpline
70
4
71
5
72
15
73
9
40
0
40
0
40
0
40
0
40
0
40
0
40
0.207677728481682
40
0.248044078082727
40
0.33
40
1
40
1
40
1
40
1
40
1
40
1
41
1
10
33.5724886793262
20
7.63399317041331
30
0
41
1
10
34.1720165291513
20
7.47256325296999
30
0
41
1
10
34.8878620041947
20
7.22772859542769
30
0
41
1
10
35.8405908907997
20
6.82292158469104
30
0
41
1
10
38.726792852272
20
5.29621445284738
30
0
41
1
10
41.6137245997541
20
2.9818633995142
30
0
41
1
10
43.9003172013208
20
0.850637582156196
30
0
41
1
10
46.0710680537517
20
-1.16629276096981
30
0
41
1
10
48.0049817824739
20
-2.79764803429629
30
0
0
SPLINE
5
E2
100
AcDbEntity
8
1
62
256
6
ByLayer
370
18
48
1
60
0
100
AcDbSpline
70
4
71
5
72
12
73
6
40
0
40
0
40
0
40
0
40
0
40
0
40
1
40
1
40
1
40
1
40
1
40
1
41
1
10
26
20
-2.26321140733307
30
0
41
1
10
26.9134892803901
20
-1.47359627889014
30
0
41
1
10
27.8279796805136
20
-0.655287031762924
30
0
41
1
10
28.7416512823924
20
0.176805521054007
30
0
41
1
10
29.6553603996363
20
1.00233856579547
30
0
41
1
10
30.5692253013453
20
1.80395371867465
30
0
0
SPLINE
5
E3
100
AcDbEntity
8
1
62
256
6
ByLayer
370
18
48
1
60
0
100
AcDbSpline
70
4
71
5
72
12
73
6
40
0
40
0
40
0
40
0
40
0
40
0
40
1
40
1
40
1
40
1
40
1
40
1
41
1
10
26
20
6.34116553455999
30
0
41
1
10
26.9134892804026
20
5.83920354957829
30
0
41
1
10
27.8279796805468
20
5.25434264773637
30
0
41
1
10
28.7416512824328
20
4.59562151773414
30
0
41
1
10
29.6553603996969
20
3.8793028907572
30
0
41
1
10
30.5692253014188
20
3.1217181525243
30
0
0
SPLINE
5
E4
100
AcDbEntity
8
1
62
256
6
ByLayer
370
18
48
1
60
0
100
AcDbSpline
70
4
71
5
72
12
73
6
40
0
40
0
40
0
40
0
40
0
40
0
40
1
40
1
40
1
40
1
40
1
40
1
41
1
10
26
20
-2.67921255376896
30
0
41
1
10
26.9134892803371
20
-3.45487468460124
30
0
41
1
10
27.8279796804077
20
-4.1940659578928
30
0
41
1
10
28.7416512822345
20
-4.88169886010797
30
0
41
1
10
29.6553603994246
20
-5.50112075835372
30
0
41
1
10
30.5692253010811
20
-6.04057658337709
30
0
0
SPLINE
5
E5
100
AcDbEntity
8
1
62
256
6
ByLayer
370
18
48
1
60
0
100
AcDbSpline
70
4
71
3
72
12
73
8
40
0
40
0
40
0
40
0
40
0.11730693498398
40
0.363058204396595
40
0.607991257551769
40
0.852130228892609
40
1
40
1
40
1
40
1
41
1
10
48.0049817824739
20
-2.79764803429629
30
0
41
1
10
48.24571547408
20
-3.0007192539149
30
0
41
1
10
48.9907915408073
20
-3.61970259543685
30
0
41
1
10
50.2397675744873
20
-4.59717640988617
30
0
41
1
10
51.7551163894265
20
-5.64979138331952
30
0
41
1
10
53.0728817779234
20
-6.42255768354005
30
0
41
1
10
53.8856459638467
20
-6.81730513174446
30
0
41
1
10
54.1924068123132
20
-6.95386800572686
30
0
0
SPLINE
5
E6
100
AcDbEntity
8
1
62
256
6
ByLayer
370
18
48
1
60
0
100
AcDbSpline
70
4
71
5
72
13
73
7
40
0
40
0
40
0
40
0
40
0
40
0
40
0.485850048538317
40
1
40
1
40
1
40
1
40
1
40
1
41
1
10
26.0000000000001
20
6.82597202302375
30
0
41
1
10
26.7355554597743
20
7.17161446263043
30
0
41
1
10
28.2506798071568
20
7.76210875752827
30
0
41
1
10
29.7646460275294
20
8.08423166511039
30
0
41
1
10
31.2793886993606
20
8.10848942841429
30
0
41
1
10
32.7937937768156
20
7.84366592183343
30
0
41
1
10
33.5724886793262
20
7.63399317041331
30
0
0
SPLINE
5
E7
100
AcDbEntity
8
1
62
256
6
ByLayer
370
18
48
1
60
0
100
AcDbSpline
70
4
71
5
72
16
73
10
40
0
40
0
40
0
40
0
40
0
40
0
40
0.110603994497371
40
0.165080588802046
40
0.33
40
0.682656947371747
40
1
40
1
40
1
40
1
40
1
40
1
41
1
10
30.569225301432
20
-6.62976582284315
30
0
41
1
10
30.961613264792
20
-6.43204026422637
30
0
41
1
10
31.547189707819
20
-6.11285418072754
30
0
41
1
10
32.7178348290601
20
-5.40632504128084
30
0
41
1
10
35.1394958990423
20
-3.68766596735966
30
0
41
1
10
38.6869378031455
20
-0.573797119524187
30
0
41
1
10
41.8418822266623
20
2.45594059364242
30
0
41
1
10
44.8038108446755
20
4.87410944421157
30
0
41
1
10
47.1804987165549
20
6.28370817682881
30
0
41
1
10
48.3062540599976
20
6.81469011412037
30
0
0
SPLINE
5
E8
100
AcDbEntity
8
1
62
256
6
ByLayer
370
18
48
1
60
0
100
AcDbSpline
70
4
71
1
72
4
73
2
40
0
40
0
40
1
40
1
41
1
10
75.8080006160316
20
1.20386514919096
30
0
41
1
10
75.8042143219325
20
1.17880725610084
30
0
0
SPLINE
5
E9
100
AcDbEntity
8
1
62
256
6
ByLayer
370
18
48
1
60
0
100
AcDbSpline
70
4
71
1
72
4
73
2
40
0
40
0
40
1
40
1
41
1
10
75.8080006160316
20
1.20386514919096
30
0
41
1
10
75.9720433277641
20
2.44812918705486
30
0
0
SPLINE
5
EA
100
AcDbEntity
8
1
62
256
6
ByLayer
370
18
48
1
60
0
100
AcDbSpline
70
4
71
3
72
10
73
6
40
0
40
0
40
0
40
0
40
0.958603297063575
40
0.958603297063575
40
1
40
1
40
1
40
1
41
1
10
75.972944461713
20
-6.20106855635802
30
0
41
1
10
75.9737974610819
20
-6.23901810913114
30
0
41
1
10
75.968250959833
20
-6.27667983457388
30
0
41
1
10
75.9557826590039
20
-6.31566741318179
30
0
41
1
10
75.9552541814173
20
-6.31728088337661
30
0
41
1
10
75.9547136650995
20
-6.31889309634255
30
0
0
SPLINE
5
EB
100
AcDbEntity
8
1
62
256
6
ByLayer
370
18
48
1
60
0
100
AcDbSpline
70
4
71
3
72
8
73
4
40
0
40
0
40
0
40
0
40
1
40
1
40
1
40
1
41
1
10
75.972944461713
20
2.45410273185709
30
0
41
1
10
75.9734541860239
20
2.46379210446543
30
0
41
1
10
75.9716787358794
20
2.4732011992873
30
0
41
1
10
75.9676167984578
20
2.48232985530447
30
0
0
SPLINE
5
EC
100
AcDbEntity
8
1
62
256
6
ByLayer
370
13
48
1
60
0
100
AcDbSpline
70
4
71
1
72
4
73
2
40
0
40
0
40
1
40
1
41
1
10
75.8080006160325
20
-6.81548801997727
30
0
41
1
10
75.9720433277652
20
-6.18723082490024
30
0
0
SPLINE
5
ED
100
AcDbEntity
8
1
62
256
6
ByLayer
370
18
48
1
60
0
100
AcDbSpline
70
4
71
3
72
26
73
22
40
0
40
0
40
0
40
0
40
0.249999999999998
40
0.249999999999998
40
0.499999999999997
40
0.499999999999997
40
0.624999999999995
40
0.624999999999995
40
0.749999999999994
40
0.749999999999994
40
0.812499999999995
40
0.812499999999995
40
0.874999999999996
40
0.874999999999996
40
0.906249999999997
40
0.906249999999997
40
0.937499999999998
40
0.937499999999998
40
0.968749999999999
40
0.968749999999999
40
1
40
1
40
1
40
1
41
1
10
75.6917177911865
20
-7.24715069659732
30
0
41
1
10
75.7033011113335
20
-7.21770837838363
30
0
41
1
10
75.7148011039794
20
-7.1875472785419
30
0
41
1
10
75.7374505238037
20
-7.12526191651168
30
0
41
1
10
75.7486312642448
20
-7.09310380284845
30
0
41
1
10
75.7648463979663
20
-7.0424819197311
30
0
41
1
10
75.7701691036798
20
-7.02516428517779
30
0
41
1
10
75.7804689555586
20
-6.98948082718169
30
0
41
1
10
75.7854413621199
20
-6.97117012721887
30
0
41
1
10
75.7924305242453
20
-6.94246388955011
30
0
41
1
10
75.7946874626116
20
-6.93265295174768
30
0
41
1
10
75.7989343350256
20
-6.91255162672928
30
0
41
1
10
75.8009108222217
20
-6.9023373958135
30
0
41
1
10
75.8035403016143
20
-6.88664288233065
30
0
41
1
10
75.8043609810076
20
-6.88133648611699
30
0
41
1
10
75.8058269673239
20
-6.87079093244867
30
0
41
1
10
75.8064766952036
20
-6.86552802664605
30
0
41
1
10
75.8075741502411
20
-6.85502616206324
30
0
41
1
10
75.8080221378728
20
-6.84978717240409
30
0
41
1
10
75.8086660192349
20
-6.83933907861422
30
0
41
1
10
75.8088530412782
20
-6.83423222689333
30
0
41
1
10
75.8088916222152
20
-6.82936453911461
30
0
0
SPLINE
5
EE
100
AcDbEntity
8
1
62
256
6
ByLayer
370
18
48
1
60
0
100
AcDbSpline
70
4
71
1
72
4
73
2
40
0
40
0
40
1
40
1
41
1
10
75.808891622215
20
-6.82936453911501
30
0
41
1
10
75.8080006160325
20
-6.81548801997727
30
0
0
SPLINE
5
EF
100
AcDbEntity
8
1
62
256
6
ByLayer
370
18
48
1
60
0
100
AcDbSpline
70
4
71
1
72
4
73
2
40
0
40
0
40
1
40
1
41
1
10
75.8080006160325
20
-6.81548801997727
30
0
41
1
10
75.8042143219324
20
-6.75652032304606
30
0
0
SPLINE
5
F0
100
AcDbEntity
8
1
62
256
6
ByLayer
370
18
48
1
60
0
100
AcDbSpline
70
4
71
3
72
24
73
20
40
0
40
0
40
0
40
0
40
0.25000000000005
40
0.25000000000005
40
0.312500000000047
40
0.312500000000047
40
0.375000000000044
40
0.375000000000044
40
0.500000000000038
40
0.500000000000038
40
0.562500000000052
40
0.562500000000052
40
0.625000000000066
40
0.625000000000066
40
0.750000000000044
40
0.750000000000044
40
0.875000000000022
40
0.875000000000022
40
1
40
1
40
1
40
1
41
1
10
75.9729444617129
20
7.48678772650254
30
0
41
1
10
75.9737974610825
20
7.53333345724076
30
0
41
1
10
75.9682509598339
20
7.57912337037067
30
0
41
1
10
75.95331076698
20
7.63541508147824
30
0
41
1
10
75.9499094658194
20
7.64662739023549
30
0
41
1
10
75.9423937644202
20
7.66860094290115
30
0
41
1
10
75.938268786299
20
7.67940778712781
30
0
41
1
10
75.9248124152959
20
7.71129829900079
30
0
41
1
10
75.9144030157254
20
7.73185362688668
30
0
41
1
10
75.896629697166
20
7.76162836799335
30
0
41
1
10
75.8903449427741
20
7.77137668847485
30
0
41
1
10
75.8770345711024
20
7.79051022656938
30
0
41
1
10
75.8700365264059
20
7.79984975814651
30
0
41
1
10
75.84824706504
20
7.82690852580114
30
0
41
1
10
75.8325819696302
20
7.84379239220831
30
0
41
1
10
75.7990174877236
20
7.87529341361665
30
0
41
1
10
75.7811212996063
20
7.88991381340659
30
0
41
1
10
75.74301705341
20
7.9168091970098
30
0
41
1
10
75.7232436587045
20
7.92876994167682
30
0
41
1
10
75.7027944592951
20
7.93928787335577
30
0
0
SPLINE
5
F1
100
AcDbEntity
8
1
62
256
6
ByLayer
370
18
48
1
60
0
100
AcDbSpline
70
4
71
3
72
10
73
6
40
0
40
0
40
0
40
0
40
0.886526676408508
40
0.886526676408508
40
1
40
1
40
1
40
1
41
1
10
75.2284014781895
20
-1.137E-13
30
0
41
1
10
75.2034791395367
20
0.0115184293902928
30
0
41
1
10
75.1788589954951
20
0.0233618420445509
30
0
41
1
10
75.1514111866064
20
0.0370086989416052
30
0
41
1
10
75.1483045350049
20
0.0385598180783404
30
0
41
1
10
75.1452059157496
20
0.0401132520636622
30
0
0
SPLINE
5
F2
100
AcDbEntity
8
1
62
256
6
ByLayer
370
18
48
1
60
0
100
AcDbSpline
70
4
71
3
72
10
73
6
40
0
40
0
40
0
40
0
40
0.5
40
0.5
40
1
40
1
40
1
40
1
41
1
10
75.691717791187
20
-7.24715069659788
30
0
41
1
10
75.6265144506237
20
-7.308964253684
30
0
41
1
10
75.5617521450846
20
-7.36201357464245
30
0
41
1
10
75.4331248649742
20
-7.45028047972593
30
0
41
1
10
75.3692598011876
20
-7.48549983673473
30
0
41
1
10
75.3058606677033
20
-7.51146023932247
30
0
0
SPLINE
5
F3
100
AcDbEntity
8
1
62
256
6
ByLayer
370
18
48
1
60
0
100
AcDbSpline
70
4
71
3
72
14
73
10
40
0
40
0
40
0
40
0
40
0.25
40
0.25
40
0.5
40
0.5
40
0.75
40
0.75
40
1
40
1
40
1
40
1
41
1
10
26.0000000000001
20
-7.97412752454866
30
0
41
1
10
26.0020640991597
20
-7.96410098539528
30
0
41
1
10
26.0041481213219
20
-7.94462972994873
30
0
41
1
10
26.00825519916
20
-7.88701076703819
30
0
41
1
10
26.0103501059676
20
-7.84884464447293
30
0
41
1
10
26.0145469750667
20
-7.7536743145032
30
0
41
1
10
26.0166136682647
20
-7.69699505564614
30
0
41
1
10
26.0208890684735
20
-7.56562784678894
30
0
41
1
10
26.0230233988322
20
-7.4909471870744
30
0
41
1
10
26.0251899127085
20
-7.40717335859003
30
0
0
SPLINE
5
F4
100
AcDbEntity
8
1
62
256
6
ByLayer
370
18
48
1
60
0
100
AcDbSpline
70
4
71
3
72
28
73
24
40
0
40
0
40
0
40
0
40
0.0697179782043683
40
0.0697179782043683
40
0.104576967306552
40
0.104576967306552
40
0.139435956408737
40
0.278871912817473
40
0.41830786922621
40
0.41830786922621
40
0.488025847430578
40
0.488025847430578
40
0.557743825634947
40
0.557743825634947
40
0.697179782043704
40
0.697179782043704
40
0.766897760248073
40
0.766897760248073
40
0.836615738452442
40
0.836615738452442
40
0.976051694861181
40
0.976051694861181
40
1
40
1
40
1
40
1
41
1
10
75.2284014781894
20
-8.53E-14
30
0
41
1
10
75.2022678303777
20
0.0113311267998881
30
0
41
1
10
75.1764539955055
20
0.0235503102908581
30
0
41
1
10
75.138187199276
20
0.0432587699750115
30
0
41
1
10
75.1254871324848
20
0.0500700759373558
30
0
41
1
10
75.1003907006883
20
0.0640721913993048
30
0
41
1
10
75.0383499589718
20
0.100053751806172
30
0
41
1
10
74.9327211185796
20
0.173487577484167
30
0
41
1
10
74.8462908624698
20
0.250674613063836
30
0
41
1
10
74.7839424581302
20
0.312958303088095
30
0
41
1
10
74.7635043753338
20
0.33453313903729
30
0
41
1
10
74.7239004884455
20
0.378590947185728
30
0
41
1
10
74.7047024935113
20
0.401096852761157
30
0
41
1
10
74.6487807278089
20
0.469946968678727
30
0
41
1
10
74.6137202609499
20
0.517617529729591
30
0
41
1
10
74.5640709370256
20
0.591498148051642
30
0
41
1
10
74.5480136583345
20
0.616522347630138
30
0
41
1
10
74.5168457381875
20
0.667336737876781
30
0
41
1
10
74.5017028886686
20
0.693184976383463
30
0
41
1
10
74.457885474733
20
0.771453277051847
30
0
41
1
10
74.4310451725836
20
0.824145143200212
30
0
41
1
10
74.4021076225795
20
0.886457315306643
30
0
41
1
10
74.3979293808953
20
0.895605211735159
30
0
41
1
10
74.3938142297955
20
0.904767701160097
30
0
0
SPLINE
5
F5
100
AcDbEntity
8
1
62
256
6
ByLayer
370
18
48
1
60
0
100
AcDbSpline
70
4
71
3
72
16
73
12
40
0
40
0
40
0
40
0
40
0.201141352342648
40
0.201141352342648
40
0.267712906314094
40
0.267712906314094
40
0.33428446028554
40
0.467427568228432
40
0.467427568228432
40
0.733713784114216
40
1
40
1
40
1
40
1
41
1
10
71.7538415150001
20
-7.91002970785166
30
0
41
1
10
71.7539554789794
20
-7.90588508043666
30
0
41
1
10
71.7540658609
20
-7.89732405633563
30
0
41
1
10
71.7542136354809
20
-7.88005525349564
30
0
41
1
10
71.754250366648
20
-7.87527521588223
30
0
41
1
10
71.7543235798038
20
-7.86476645484518
30
0
41
1
10
71.7544330853052
20
-7.84757503149021
30
0
41
1
10
71.75454070405
20
-7.82612289952621
30
0
41
1
10
71.7547497011212
20
-7.7775785117708
30
0
41
1
10
71.7550095948067
20
-7.69782826530823
30
0
41
1
10
71.7552975529169
20
-7.58806142594656
30
0
41
1
10
71.7554331379145
20
-7.52555368419365
30
0
0
SPLINE
5
F6
100
AcDbEntity
8
1
62
256
6
ByLayer
370
13
48
1
60
0
100
AcDbSpline
70
4
71
3
72
13
73
9
40
0
40
0
40
0
40
0
40
0.118019232151619
40
0.32137849721499
40
0.52473776227836
40
0.72809702734173
40
0.9314562924051
40
1
40
1
40
1
40
1
41
1
10
71.5588629159284
20
-7.68804529473144
30
0
41
1
10
71.5696030705535
20
-7.69274821238224
30
0
41
1
10
71.5980140948485
20
-7.70696457586291
30
0
41
1
10
71.6420557439104
20
-7.73686252458089
30
0
41
1
10
71.6873704558348
20
-7.78147733782225
30
0
41
1
10
71.7239003959268
20
-7.83412652278346
30
0
41
1
10
71.7439531901092
20
-7.87936730257729
30
0
41
1
10
71.7519353166583
20
-7.90594463482785
30
0
41
1
10
71.7537295135301
20
-7.91266686593093
30
0
0
SPLINE
5
F7
100
AcDbEntity
8
1
62
256
6
ByLayer
370
18
48
1
60
0
100
AcDbSpline
70
4
71
3
72
8
73
4
40
0
40
0
40
0
40
0
40
1
40
1
40
1
40
1
41
1
10
58.953630508996
20
-7.96304602728972
30
0
41
1
10
58.9535447735374
20
-7.97668576606853
30
0
41
1
10
58.9534581839703
20
-7.9885485715763
30
0
41
1
10
58.9533704130556
20
-7.99863462235217
30
0
0
SPLINE
5
F8
100
AcDbEntity
8
1
62
256
6
ByLayer
370
18
48
1
60
0
100
AcDbSpline
70
4
71
3
72
8
73
4
40
0
40
0
40
0
40
0
40
1
40
1
40
1
40
1
41
1
10
25.9999018488972
20
-7.97459740156148
30
0
41
1
10
25.9999345659922
20
-7.97444316688529
30
0
41
1
10
25.9999672830265
20
-7.97428654111067
30
0
41
1
10
26.0000000000001
20
-7.97412752454861
30
0
0
SPLINE
5
F9
100
AcDbEntity
8
1
62
256
6
ByLayer
370
13
48
1
60
0
100
AcDbSpline
70
4
71
3
72
10
73
6
40
0
40
0
40
0
40
0
40
0.317232178729168
40
0.660586550655038
40
1
40
1
40
1
40
1
41
1
10
26.0000000003914
20
-7.39695468509956
30
0
41
1
10
26.0000000003828
20
-7.50485733046241
30
0
41
1
10
26.0000000003581
20
-7.69964205766073
30
0
41
1
10
26.0000000006008
20
-7.89662963015661
30
0
41
1
10
26.0000000000069
20
-7.96023676545062
30
0
41
1
10
26.0000000000001
20
-7.97412752454861
30
0
0
SPLINE
5
FA
100
AcDbEntity
8
1
62
256
6
ByLayer
370
18
48
1
60
0
100
AcDbSpline
70
4
71
3
72
16
73
12
40
0
40
0
40
0
40
0
40
0.25
40
0.25
40
0.312500000000001
40
0.312500000000001
40
0.375000000000001
40
0.5
40
0.5
40
0.75
40
1
40
1
40
1
40
1
41
1
10
58.953630508996
20
-7.96304602728972
30
0
41
1
10
58.9538089550982
20
-7.93465686065434
30
0
41
1
10
58.9539790291175
20
-7.89864547270983
30
0
41
1
10
58.954193375273
20
-7.84411157011522
30
0
41
1
10
58.9542362475145
20
-7.83272484749438
30
0
41
1
10
58.9543217527748
20
-7.8090428720744
30
0
41
1
10
58.9544497195145
20
-7.77214297932127
30
0
41
1
10
58.9545758644088
20
-7.7311355600331
30
0
41
1
10
58.9548219872581
20
-7.64368335370034
30
0
41
1
10
58.955131567176
20
-7.51259610781077
30
0
41
1
10
58.9554695712619
20
-7.35257138364847
30
0
41
1
10
58.9556302292561
20
-7.2652087692891
30
0
0
SPLINE
5
FB
100
AcDbEntity
8
1
62
256
6
ByLayer
370
13
48
1
60
0
100
AcDbSpline
70
4
71
3
72
13
73
9
40
0
40
0
40
0
40
0
40
0.117721220485998
40
0.321121111606217
40
0.524521002726437
40
0.727920893846656
40
0.931320784966875
40
1
40
1
40
1
40
1
41
1
10
58.7588401840906
20
-7.74747433148605
30
0
41
1
10
58.7695494528903
20
-7.75197849545853
30
0
41
1
10
58.7979307389828
20
-7.76561317405333
30
0
41
1
10
58.8419456598895
20
-7.79429003394506
30
0
41
1
10
58.8872607567274
20
-7.83710810750173
30
0
41
1
10
58.9237911512013
20
-7.88763630711395
30
0
41
1
10
58.9438494747213
20
-7.93106521998982
30
0
41
1
10
58.9518338421015
20
-7.95658317946192
30
0
41
1
10
58.9536305089953
20
-7.96304602728725
30
0
0
SPLINE
5
FC
100
AcDbEntity
8
1
62
256
6
ByLayer
370
18
48
1
60
0
100
AcDbSpline
70
4
71
3
72
10
73
6
40
0
40
0
40
0
40
0
40
0.675276864549785
40
0.675276864549785
40
1
40
1
40
1
40
1
41
1
10
21.1401918025855
20
-7.24797578392224
30
0
41
1
10
21.2673501402749
20
-7.1885972192031
30
0
41
1
10
21.3950045768436
20
-7.12587236336074
30
0
41
1
10
21.5850406446159
20
-7.02837106904317
30
0
41
1
10
21.6469052317653
20
-6.99598748159622
30
0
41
1
10
21.7089553627476
20
-6.96289374960008
30
0
0
SPLINE
5
FD
100
AcDbEntity
8
1
62
256
6
ByLayer
370
18
48
1
60
0
100
AcDbSpline
70
4
71
3
72
8
73
4
40
0
40
0
40
0
40
0
40
1
40
1
40
1
40
1
41
1
10
46.1536515267273
20
-7.70851038126173
30
0
41
1
10
46.1535789958336
20
-7.74444523863949
30
0
41
1
10
46.1535055907249
20
-7.77870152357062
30
0
41
1
10
46.1534309815373
20
-7.81127940832946
30
0
0
SPLINE
5
FE
100
AcDbEntity
8
1
62
256
6
ByLayer
370
18
48
1
60
0
100
AcDbSpline
70
4
71
3
72
8
73
4
40
0
40
0
40
0
40
0
40
1
40
1
40
1
40
1
41
1
10
24.2902264673087
20
3.40563453532224
30
0
41
1
10
24.350990947661
20
3.36586950068289
30
0
41
1
10
24.4118579020603
20
3.3264398406117
30
0
41
1
10
24.4727928512711
20
3.28732315703593
30
0
0
SPLINE
5
FF
100
AcDbEntity
8
1
62
256
6
ByLayer
370
18
48
1
60
0
100
AcDbSpline
70
4
71
3
72
8
73
4
40
0
40
0
40
0
40
0
40
1
40
1
40
1
40
1
41
1
10
24.4727959750834
20
3.28731887508229
30
0
41
1
10
24.4809375631924
20
3.27621001095085
30
0
41
1
10
24.4890828387382
20
3.26512454922675
30
0
41
1
10
24.4972320394318
20
3.25406266386716
30
0
0
SPLINE
5
100
100
AcDbEntity
8
1
62
256
6
ByLayer
370
18
48
1
60
0
100
AcDbSpline
70
4
71
3
72
18
73
14
40
0
40
0
40
0
40
0
40
0.0625000000000326
40
0.0625000000000326
40
0.125000000000065
40
0.125000000000065
40
0.250000000000078
40
0.250000000000078
40
0.500000000000052
40
0.500000000000052
40
0.750000000000026
40
0.750000000000026
40
1
40
1
40
1
40
1
41
1
10
23.7229709338977
20
3.73641267956418
30
0
41
1
10
23.7361964062991
20
3.73082222094959
30
0
41
1
10
23.7492634821197
20
3.72492268872116
30
0
41
1
10
23.7750653458203
20
3.71278074457075
30
0
41
1
10
23.7877662857928
20
3.7065522365632
30
0
41
1
10
23.8254505434969
20
3.68753940574911
30
0
41
1
10
23.8500234098762
20
3.67443427253127
30
0
41
1
10
23.9227798864823
20
3.63437993283657
30
0
41
1
10
23.9700166347854
20
3.60670400202
30
0
41
1
10
24.0632593555357
20
3.550450298399
30
0
41
1
10
24.1092294557382
20
3.52184379404218
30
0
41
1
10
24.2003629848559
20
3.46406825901002
30
0
41
1
10
24.2454750927537
20
3.43492039360311
30
0
41
1
10
24.2902264673243
20
3.405634535324
30
0
0
SPLINE
5
101
100
AcDbEntity
8
1
62
256
6
ByLayer
370
18
48
1
60
0
100
AcDbSpline
70
4
71
3
72
16
73
12
40
0
40
0
40
0
40
0
40
0.249999999999999
40
0.249999999999999
40
0.312499999999999
40
0.312499999999999
40
0.375
40
0.5
40
0.5
40
0.75
40
1
40
1
40
1
40
1
41
1
10
46.1536515267273
20
-7.70851038126173
30
0
41
1
10
46.1538024357903
20
-7.633743680056
30
0
41
1
10
46.1539449515443
20
-7.55189417992642
30
0
41
1
10
46.1541248421317
20
-7.4407362952486
30
0
41
1
10
46.1541608211123
20
-7.41805583573918
30
0
41
1
10
46.1542325654934
20
-7.37189688326794
30
0
41
1
10
46.1543399201059
20
-7.30143198487858
30
0
41
1
10
46.1544455418828
20
-7.22730840083238
30
0
41
1
10
46.1546507393156
20
-7.07421802891307
30
0
41
1
10
46.1549060767169
20
-6.85719600051803
30
0
41
1
10
46.1551904973385
20
-6.61439853601271
30
0
41
1
10
46.1553245419502
20
-6.4864527179285
30
0
0
SPLINE
5
102
100
AcDbEntity
8
1
62
256
6
ByLayer
370
13
48
1
60
0
100
AcDbSpline
70
4
71
3
72
13
73
9
40
0
40
0
40
0
40
0
40
0.117958087172437
40
0.321321621168948
40
0.52468515516546
40
0.728048689161971
40
0.931412223158482
40
1
40
1
40
1
40
1
41
1
10
45.9587975155116
20
-7.51842617549846
30
0
41
1
10
45.9695315798395
20
-7.52240415688826
30
0
41
1
10
45.9979367861059
20
-7.53443252527114
30
0
41
1
10
46.0419732864024
20
-7.55972962655699
30
0
41
1
10
46.0872882833857
20
-7.59748366141153
30
0
41
1
10
46.1238185598718
20
-7.64203672176245
30
0
41
1
10
46.1438734418101
20
-7.68032414737579
30
0
41
1
10
46.1518564423494
20
-7.70281827158001
30
0
41
1
10
46.1536515267266
20
-7.70851038125954
30
0
0
SPLINE
5
103
100
AcDbEntity
8
1
62
256
6
ByLayer
370
18
48
1
60
0
100
AcDbSpline
70
4
71
3
72
11
73
7
40
0
40
0
40
0
40
0
40
0.0408890372742931
40
0.376654649961381
40
0.712420262648468
40
1
40
1
40
1
40
1
41
1
10
24.933044405826
20
7.03913757470883
30
0
41
1
10
24.933044405826
20
7.03728891289634
30
0
41
1
10
24.933044405826
20
7.01790729074037
30
0
41
1
10
24.933044405826
20
6.94026550999376
30
0
41
1
10
24.9330444057807
20
6.73878366731216
30
0
41
1
10
24.933044405915
20
6.55099585865497
30
0
41
1
10
24.9330444058679
20
6.45298123533493
30
0
0
SPLINE
5
104
100
AcDbEntity
8
1
62
256
6
ByLayer
370
13
48
1
60
0
100
AcDbSpline
70
4
71
3
72
10
73
6
40
0
40
0
40
0
40
0
40
0.31723217872928
40
0.660586550655263
40
1
40
1
40
1
40
1
41
1
10
26.0000000003915
20
7.30182484623248
30
0
41
1
10
26.0000000003829
20
7.24723564975167
30
0
41
1
10
26.0000000003581
20
7.10188318456443
30
0
41
1
10
26.0000000006009
20
6.78459672356936
30
0
41
1
10
26.0000000000069
20
6.50226110453744
30
0
41
1
10
26.0000000000001
20
6.34659406711006
30
0
0
SPLINE
5
105
100
AcDbEntity
8
1
62
256
6
ByLayer
370
18
48
1
60
0
100
AcDbSpline
70
4
71
3
72
33
73
29
40
0
40
0
40
0
40
0
40
0.0498714528019025
40
0.098830693258829
40
0.146877583787974
40
0.194012000682248
40
0.240233833501975
40
0.285542984469351
40
0.329939367870375
40
0.373422909461531
40
0.415993545884479
40
0.457651224088382
40
0.498395900761235
40
0.538227541769981
40
0.577146121611239
40
0.615151622871566
40
0.652244035699427
40
0.688423357288099
40
0.723689591370486
40
0.75804274772566
40
0.791482841697829
40
0.824009893728488
40
0.855623928900218
40
0.886324976494442
40
0.916113069561827
40
0.944988244506028
40
0.97295054068075
40
1
40
1
40
1
40
1
41
1
10
24.8881230604498
20
-3.41116885981901
30
0
41
1
10
24.8795672942231
20
-3.3974092546284
30
0
41
1
10
24.8626122576231
20
-3.37014172493843
30
0
41
1
10
24.8374539779697
20
-3.32976635008168
30
0
41
1
10
24.812789713948
20
-3.29025021030682
30
0
41
1
10
24.788619021597
20
-3.25159918333523
30
0
41
1
10
24.7649379688064
20
-3.2138059487304
30
0
41
1
10
24.7417438190538
20
-3.17686648116634
30
0
41
1
10
24.7190338007258
20
-3.1407757737116
30
0
41
1
10
24.6968054162788
20
-3.10552896794533
30
0
41
1
10
24.6750563507994
20
-3.07112107667683
30
0
41
1
10
24.6537844848231
20
-3.03754707210354
30
0
41
1
10
24.6329878801574
20
-3.0048018784496
30
0
41
1
10
24.6126647728324
20
-2.97288038886941
30
0
41
1
10
24.5928135643319
20
-2.94177747551086
30
0
41
1
10
24.5734328134149
20
-2.91148800082476
30
0
41
1
10
24.5545212279439
20
-2.88200682799672
30
0
41
1
10
24.5360776568714
20
-2.85332883117536
30
0
41
1
10
24.5181010823911
20
-2.82544890491079
30
0
41
1
10
24.5005906121488
20
-2.79836197447014
30
0
41
1
10
24.4835454719429
20
-2.77206300120099
30
0
41
1
10
24.4669649974073
20
-2.74654700384505
30
0
41
1
10
24.4508486300984
20
-2.72180902098731
30
0
41
1
10
24.4351958986183
20
-2.69784428230665
30
0
41
1
10
24.420006453999
20
-2.67464763233801
30
0
41
1
10
24.4052799123515
20
-2.65221561902291
30
0
41
1
10
24.3910163849227
20
-2.63053908821496
30
0
41
1
10
24.3816599195777
20
-2.61636418983366
30
0
41
1
10
24.3770593150987
20
-2.60939434613979
30
0
0
SPLINE
5
106
100
AcDbEntity
8
1
62
256
6
ByLayer
370
18
48
1
60
0
100
AcDbSpline
70
4
71
3
72
10
73
6
40
0
40
0
40
0
40
0
40
0.5
40
0.5
40
1
40
1
40
1
40
1
41
1
10
24.5008060694896
20
3.25467969341167
30
0
41
1
10
24.5341269215606
20
3.23254950187717
30
0
41
1
10
24.5680209572734
20
3.21105133503818
30
0
41
1
10
24.6374758372445
20
3.16996798306067
30
0
41
1
10
24.6730192286877
20
3.15035882146745
30
0
41
1
10
24.7099067694839
20
3.13236665729883
30
0
0
SPLINE
5
107
100
AcDbEntity
8
1
62
256
6
ByLayer
370
18
48
1
60
0
100
AcDbSpline
70
4
71
3
72
25
73
21
40
0
40
0
40
0
40
0
40
0.0659411433710762
40
0.130661111435068
40
0.194159718087867
40
0.256436796241791
40
0.317492196979676
40
0.377325788716034
40
0.43593745636512
40
0.493327100518964
40
0.549494636634124
40
0.604439994231164
40
0.658163116105942
40
0.710663957553789
40
0.761942485607688
40
0.811998678292085
40
0.860832523890766
40
0.908444020231962
40
0.954833173989369
40
1
40
1
40
1
40
1
41
1
10
24.8881230604498
20
2.66498231727474
30
0
41
1
10
24.8794627063917
20
2.67743593762049
30
0
41
1
10
24.8623023808527
20
2.7021125475878
30
0
41
1
10
24.8368429312868
20
2.73900089733147
30
0
41
1
10
24.8118896806487
20
2.7753454342662
30
0
41
1
10
24.787442136502
20
2.81115096010083
30
0
41
1
10
24.7634962402095
20
2.8464028471283
30
0
41
1
10
24.7400491625779
20
2.88109192488457
30
0
41
1
10
24.7170980438055
20
2.91520799966059
30
0
41
1
10
24.6946403094609
20
2.94874153685453
30
0
41
1
10
24.6726735766153
20
2.98168321925345
30
0
41
1
10
24.6511956665942
20
3.01402405869561
30
0
41
1
10
24.6302045901625
20
3.04575535748205
30
0
41
1
10
24.6096985399178
20
3.07686873044378
30
0
41
1
10
24.589675881227
20
3.10735603159736
30
0
41
1
10
24.5701351427216
20
3.13720959113715
30
0
41
1
10
24.5510750105924
20
3.16642134270256
30
0
41
1
10
24.5324943094492
20
3.19498593864708
30
0
41
1
10
24.5143920322449
20
3.2228895360397
30
0
41
1
10
24.5024831517802
20
3.24130909929187
30
0
41
1
10
24.4966082069291
20
3.25039592475875
30
0
0
SPLINE
5
108
100
AcDbEntity
8
1
62
256
6
ByLayer
370
18
48
1
60
0
100
AcDbSpline
70
4
71
3
72
14
73
10
40
0
40
0
40
0
40
0
40
0.500000000000002
40
0.500000000000002
40
0.625000000000013
40
0.625000000000013
40
0.750000000000025
40
0.750000000000025
40
1
40
1
40
1
40
1
41
1
10
71.71889487398
20
1.28078725089597
30
0
41
1
10
71.7743304081794
20
1.35232489383517
30
0
41
1
10
71.8349653209534
20
1.42414773577173
30
0
41
1
10
71.9185471348701
20
1.51313378689531
30
0
41
1
10
71.9356573204872
20
1.53088922249464
30
0
41
1
10
71.9707176277757
20
1.56627733341009
30
0
41
1
10
71.9887205143707
20
1.58395942361497
30
0
41
1
10
72.0436012009976
20
1.63629925825197
30
0
41
1
10
72.0813483046363
20
1.67026872967253
30
0
41
1
10
72.1203856679799
20
1.70314513124478
30
0
0
SPLINE
5
109
100
AcDbEntity
8
1
62
256
6
ByLayer
370
18
48
1
60
0
100
AcDbSpline
70
4
71
3
72
53
73
49
40
0
40
0
40
0
40
0
40
0.032932658239303
40
0.032932658239303
40
0.065865316478606
40
0.065865316478606
40
0.131730632957212
40
0.197595949435818
40
0.197595949435818
40
0.230528607675115
40
0.230528607675115
40
0.263461265914413
40
0.263461265914413
40
0.329326582393008
40
0.329326582393008
40
0.362259240632301
40
0.362259240632301
40
0.395191898871594
40
0.395191898871594
40
0.461057215350181
40
0.461057215350181
40
0.526922531828767
40
0.526922531828767
40
0.559855190068058
40
0.559855190068058
40
0.592787848307348
40
0.592787848307348
40
0.658653164785933
40
0.658653164785933
40
0.724518481264518
40
0.724518481264518
40
0.75745113950381
40
0.75745113950381
40
0.773917468623457
40
0.773917468623457
40
0.790383797743103
40
0.790383797743103
40
0.856249114221686
40
0.856249114221686
40
0.889181772460979
40
0.889181772460979
40
0.905648101580625
40
0.905648101580625
40
0.922114430700272
40
0.922114430700272
40
0.987979747178858
40
0.987979747178858
40
1
40
1
40
1
40
1
41
1
10
75.2284014781894
20
-5.4E-13
30
0
41
1
10
75.2034791395366
20
-0.0140562534274693
30
0
41
1
10
75.178858995495
20
-0.028832117154451
30
0
41
1
10
75.1301925659174
20
-0.0597732856754476
30
0
41
1
10
75.1063441406192
20
-0.0758141688582157
30
0
41
1
10
75.0363817689175
20
-0.12531994755733
30
0
41
1
10
74.9471024645184
20
-0.195136577352201
30
0
41
1
10
74.8648577287893
20
-0.27100902374741
30
0
41
1
10
74.805555301529
20
-0.32973415399357
30
0
41
1
10
74.7861486306162
20
-0.349657877453581
30
0
41
1
10
74.7486175236994
20
-0.389494310723762
30
0
41
1
10
74.7304283718618
20
-0.409468072226048
30
0
41
1
10
74.6774777822669
20
-0.469466451794403
30
0
41
1
10
74.6443247414996
20
-0.509560388590529
30
0
41
1
10
74.5975258999977
20
-0.56963814056013
30
0
41
1
10
74.5824168796648
20
-0.589655542389863
30
0
41
1
10
74.5531572019258
20
-0.629661718548249
30
0
41
1
10
74.5389776496998
20
-0.649692983054138
30
0
41
1
10
74.4980680396513
20
-0.709453983094875
30
0
41
1
10
74.4731639224602
20
-0.748529796997616
30
0
41
1
10
74.4277966739249
20
-0.825453338847893
30
0
41
1
10
74.4073344271465
20
-0.863301680610363
30
0
41
1
10
74.3800144848323
20
-0.919445484622344
30
0
41
1
10
74.371472710134
20
-0.938055908658811
30
0
41
1
10
74.3555592336821
20
-0.975124911320876
30
0
41
1
10
74.3481910815493
20
-0.993584394758699
30
0
41
1
10
74.3281218769194
20
-1.04826770781759
30
0
41
1
10
74.3173561887358
20
-1.08398917371181
30
0
41
1
10
74.3014209274752
20
-1.15452957903886
30
0
41
1
10
74.2962461135414
20
-1.18934571099152
30
0
41
1
10
74.2933190816664
20
-1.24133013985167
30
0
41
1
10
74.2931534627971
20
-1.25861871994482
30
0
41
1
10
74.2942505134068
20
-1.28455542255784
30
0
41
1
10
74.2948408528613
20
-1.29320170834751
30
0
41
1
10
74.2964983634898
20
-1.31050749385758
30
0
41
1
10
74.2975681600934
20
-1.31918049604238
30
0
41
1
10
74.3041399717216
20
-1.3623216710082
30
0
41
1
10
74.3132780756858
20
-1.39627207914904
30
0
41
1
10
74.3339540363008
20
-1.44681974315932
30
0
41
1
10
74.3420140663809
20
-1.46360632598152
30
0
41
1
10
74.3560837194312
20
-1.48876031886877
30
0
41
1
10
74.3611179696533
20
-1.49716157048115
30
0
41
1
10
74.3718240851773
20
-1.51385860420447
30
0
41
1
10
74.3774872920712
20
-1.52214393927937
30
0
41
1
10
74.4073985589658
20
-1.56327804770058
30
0
41
1
10
74.4363924222498
20
-1.59524746194228
30
0
41
1
10
74.4776805860458
20
-1.63229784940035
30
0
41
1
10
74.4842664141938
20
-1.63800656776144
30
0
41
1
10
74.4910250529996
20
-1.64366947901146
30
0
0
SPLINE
5
10A
100
AcDbEntity
8
1
62
256
6
ByLayer
370
18
48
1
60
0
100
AcDbSpline
70
4
71
3
72
48
73
44
40
0
40
0
40
0
40
0
40
0.0625000000000075
40
0.0625000000000075
40
0.0781250000000052
40
0.0781250000000052
40
0.0937500000000029
40
0.0937500000000029
40
0.124999999999998
40
0.124999999999998
40
0.187499999999989
40
0.187499999999989
40
0.24999999999998
40
0.24999999999998
40
0.312499999999971
40
0.312499999999971
40
0.343749999999967
40
0.343749999999967
40
0.374999999999963
40
0.374999999999963
40
0.437499999999955
40
0.437499999999955
40
0.499999999999947
40
0.499999999999947
40
0.562499999999939
40
0.562499999999939
40
0.624999999999931
40
0.624999999999931
40
0.687499999999923
40
0.687499999999923
40
0.718749999999924
40
0.734374999999924
40
0.734374999999924
40
0.749999999999924
40
0.749999999999924
40
0.812499999999951
40
0.874999999999979
40
0.874999999999979
40
0.906249999999987
40
0.906249999999987
40
0.937499999999996
40
0.937499999999996
40
1
40
1
40
1
40
1
41
1
10
74.5213832967258
20
0.981642971731901
30
0
41
1
10
74.4771236522433
20
0.964063409115482
30
0
41
1
10
74.4388857335339
20
0.94143914321549
30
0
41
1
10
74.3978477024426
20
0.908095163772259
30
0
41
1
10
74.3899801420624
20
0.901171075628724
30
0
41
1
10
74.3749136067627
20
0.886836011700638
30
0
41
1
10
74.3677148779769
20
0.879420375956443
30
0
41
1
10
74.3473618305615
20
0.856787062870552
30
0
41
1
10
74.3353399458137
20
0.841088979959125
30
0
41
1
10
74.303353506726
20
0.792536487454157
30
0
41
1
10
74.2874363597009
20
0.758238420595291
30
0
41
1
10
74.2645396428935
20
0.687174297140757
30
0
41
1
10
74.2578387902012
20
0.651314369785098
30
0
41
1
10
74.2518008379531
20
0.579769529692129
30
0
41
1
10
74.2524834855511
20
0.544070731376394
30
0
41
1
10
74.2582088856917
20
0.491095314549909
30
0
41
1
10
74.2609067402235
20
0.473531604113333
30
0
41
1
10
74.267797571408
20
0.43866726687304
30
0
41
1
10
74.271967537973
20
0.42148647991192
30
0
41
1
10
74.2864556680995
20
0.370863530549542
30
0
41
1
10
74.2987477614006
20
0.338293299026901
30
0
41
1
10
74.3280505755801
20
0.275906184726779
30
0
41
1
10
74.3450640335577
20
0.246088453479928
30
0
41
1
10
74.3836620301685
20
0.189704635328241
30
0
41
1
10
74.4052457077669
20
0.16313757453716
30
0
41
1
10
74.4531982063379
20
0.113883791405243
30
0
41
1
10
74.4791567334505
20
0.091628245348204
30
0
41
1
10
74.5350716019756
20
0.0522111841491437
30
0
41
1
10
74.5650301366909
20
0.0350490777933032
30
0
41
1
10
74.6132340980064
20
0.0133756212628668
30
0
41
1
10
74.638156211029
20
0.0035560175738851
30
0
41
1
10
74.6643928041749
20
-0.0046970781397988
30
0
41
1
10
74.6821879520523
20
-0.0098471957337551
30
0
41
1
10
74.6912491629753
20
-0.0122483875313435
30
0
41
1
10
74.7370089763754
20
-0.0232909427514869
30
0
41
1
10
74.8135530866979
20
-0.0349276929671873
30
0
41
1
10
74.897414226198
20
-0.0357925023483858
30
0
41
1
10
74.9634360190789
20
-0.032998578717951
30
0
41
1
10
74.9859656299815
20
-0.0314947206934448
30
0
41
1
10
75.0321501824287
20
-0.0274568311504595
30
0
41
1
10
75.0558680216515
20
-0.0249130923748737
30
0
41
1
10
75.1279130640098
20
-0.0160528733298406
30
0
41
1
10
75.1773601243888
20
-0.0084983206726008
30
0
41
1
10
75.2284014781893
20
-3.411E-13
30
0
0
SPLINE
5
10B
100
AcDbEntity
8
1
62
256
6
ByLayer
370
13
48
1
60
0
100
AcDbSpline
70
4
71
3
72
8
73
4
40
0
40
0
40
0
40
0
40
1
40
1
40
1
40
1
41
1
10
75.4467508722967
20
-6.4127601220992
30
0
41
1
10
75.4382430124602
20
-6.37021680785185
30
0
41
1
10
75.4296953388121
20
-6.32747440575719
30
0
41
1
10
75.4211101481893
20
-6.28454440108408
30
0
0
SPLINE
5
10C
100
AcDbEntity
8
1
62
256
6
ByLayer
370
18
48
1
60
0
100
AcDbSpline
70
4
71
3
72
24
73
20
40
0
40
0
40
0
40
0
40
0.24999999999988
40
0.24999999999988
40
0.312499999999856
40
0.312499999999856
40
0.374999999999832
40
0.374999999999832
40
0.499999999999809
40
0.499999999999809
40
0.562499999999817
40
0.562499999999817
40
0.624999999999824
40
0.624999999999824
40
0.749999999999883
40
0.749999999999883
40
0.874999999999941
40
0.874999999999941
40
1
40
1
40
1
40
1
41
1
10
75.9729444617129
20
-6.14539828980335
30
0
41
1
10
75.9737974610824
20
-6.18416308572731
30
0
41
1
10
75.9682509598337
20
-6.22199411455944
30
0
41
1
10
75.9533107669797
20
-6.26811456959183
30
0
41
1
10
75.9499094658191
20
-6.27728066928498
30
0
41
1
10
75.9423937644199
20
-6.29520361956642
30
0
41
1
10
75.9382687862987
20
-6.30399790368617
30
0
41
1
10
75.9248124152957
20
-6.32988826628502
30
0
41
1
10
75.9144030157251
20
-6.3464934170145
30
0
41
1
10
75.8966296971656
20
-6.37041782766568
30
0
41
1
10
75.890344942774
20
-6.37822854265232
30
0
41
1
10
75.8770345711023
20
-6.39351258125851
30
0
41
1
10
75.8700365264057
20
-6.4009492098877
30
0
41
1
10
75.8482470650397
20
-6.42242265881808
30
0
41
1
10
75.83258196963
20
-6.43572285193318
30
0
41
1
10
75.7990174877235
20
-6.46033095534176
30
0
41
1
10
75.781121299606
20
-6.47164171758084
30
0
41
1
10
75.7430170534098
20
-6.49220178335443
30
0
41
1
10
75.7232436587044
20
-6.50121036591833
30
0
41
1
10
75.702794459295
20
-6.50898638261828
30
0
0
SPLINE
5
10D
100
AcDbEntity
8
1
62
256
6
ByLayer
370
13
48
1
60
0
100
AcDbSpline
70
4
71
1
72
4
73
2
40
0
40
0
40
1
40
1
41
1
10
75.8080006160316
20
-5.31091326592482
30
0
41
1
10
75.9720433277641
20
-6.13120424030913
30
0
0
SPLINE
5
10E
100
AcDbEntity
8
1
62
256
6
ByLayer
370
18
48
1
60
0
100
AcDbSpline
70
4
71
3
72
11
73
7
40
0
40
0
40
0
40
0
40
0.0408890372742957
40
0.376654649961383
40
0.71242026264847
40
1
40
1
40
1
40
1
41
1
10
24.9330444058259
20
-6.56162521831558
30
0
41
1
10
24.9330444058259
20
-6.57965420400737
30
0
41
1
10
24.9330444058259
20
-6.74369168962929
30
0
41
1
10
24.9330444058259
20
-7.0181218905883
30
0
41
1
10
24.9330444057806
20
-7.29653491300246
30
0
41
1
10
24.933044405915
20
-7.420273370188
30
0
41
1
10
24.9330444058679
20
-7.46484736759203
30
0
0
SPLINE
5
10F
100
AcDbEntity
8
1
62
256
6
ByLayer
370
18
48
1
60
0
100
AcDbSpline
70
4
71
3
72
27
73
23
40
0
40
0
40
0
40
0
40
0.249999999999978
40
0.249999999999978
40
0.374999999999969
40
0.374999999999969
40
0.49999999999996
40
0.49999999999996
40
0.624999999999952
40
0.624999999999952
40
0.749999999999943
40
0.749999999999943
40
0.812499999999948
40
0.812499999999948
40
0.874999999999952
40
0.874999999999952
40
0.906249999999964
40
0.906249999999964
40
0.937499999999976
40
0.968749999999988
40
0.968749999999988
40
1
40
1
40
1
40
1
41
1
10
75.6917177911877
20
-5.25732089971729
30
0
41
1
10
75.7032754312378
20
-5.27345774062644
30
0
41
1
10
75.7147808323747
20
-5.28878006286214
30
0
41
1
10
75.7317711470976
20
-5.30967715882244
30
0
41
1
10
75.7373911609083
20
-5.31629398459643
30
0
41
1
10
75.7485169517151
20
-5.32860985496407
30
0
41
1
10
75.7540229293272
20
-5.33431115675862
30
0
41
1
10
75.7648350975345
20
-5.34439644956126
30
0
41
1
10
75.7701569053128
20
-5.34880099417003
30
0
41
1
10
75.780462366299
20
-5.35559289727655
30
0
41
1
10
75.7854359838218
20
-5.35800355167493
30
0
41
1
10
75.7924238943965
20
-5.35902023292005
30
0
41
1
10
75.7946773072608
20
-5.35891746612236
30
0
41
1
10
75.7989289992695
20
-5.35741120803206
30
0
41
1
10
75.8009064139174
20
-5.3560228053561
30
0
41
1
10
75.8035353711124
20
-5.35249716466038
30
0
41
1
10
75.8043573568983
20
-5.35106899918102
30
0
41
1
10
75.8058258332848
20
-5.34766238449709
30
0
41
1
10
75.8071262673002
20
-5.34370148062564
30
0
41
1
10
75.8080211114708
20
-5.33840273520951
30
0
41
1
10
75.8086644204558
20
-5.33227429884906
30
0
41
1
10
75.8088529844516
20
-5.32882000947379
30
0
41
1
10
75.8088916222151
20
-5.3250566718001
30
0
0
SPLINE
5
110
100
AcDbEntity
8
1
62
256
6
ByLayer
370
18
48
1
60
0
100
AcDbSpline
70
4
71
1
72
4
73
2
40
0
40
0
40
1
40
1
41
1
10
75.8088916222151
20
-5.3250566717885
30
0
41
1
10
75.8080006160316
20
-5.31091326592482
30
0
0
SPLINE
5
111
100
AcDbEntity
8
1
62
256
6
ByLayer
370
18
48
1
60
0
100
AcDbSpline
70
4
71
1
72
4
73
2
40
0
40
0
40
1
40
1
41
1
10
75.8080006160316
20
-5.31091326592482
30
0
41
1
10
75.8042143219325
20
-5.25081144490696
30
0
0
SPLINE
5
112
100
AcDbEntity
8
1
62
256
6
ByLayer
370
18
48
1
60
0
100
AcDbSpline
70
4
71
3
72
14
73
10
40
0
40
0
40
0
40
0
40
0.25
40
0.25
40
0.5
40
0.5
40
0.75
40
0.75
40
1
40
1
40
1
40
1
41
1
10
26.0000000000002
20
6.34659406710881
30
0
41
1
10
26.00206409916
20
6.46069076109208
30
0
41
1
10
26.0041481213223
20
6.56620385751077
30
0
41
1
10
26.0082551991604
20
6.76025692695396
30
0
41
1
10
26.010350105967
20
6.8488076342162
30
0
41
1
10
26.0145469750675
20
7.00867596320833
30
0
41
1
10
26.0166136682659
20
7.07946434929909
30
0
41
1
10
26.0208890684747
20
7.20292897638365
30
0
41
1
10
26.023023398833
20
7.25561295041081
30
0
41
1
10
26.0251899127086
20
7.29915173162718
30
0
0
SPLINE
5
113
100
AcDbEntity
8
1
62
256
6
ByLayer
370
18
48
1
60
0
100
AcDbSpline
70
4
71
3
72
8
73
4
40
0
40
0
40
0
40
0
40
1
40
1
40
1
40
1
41
1
10
25.9999018488972
20
6.34115934100959
30
0
41
1
10
25.9999345659922
20
6.34297298297565
30
0
41
1
10
25.9999672830265
20
6.3447845587792
30
0
41
1
10
26.0000000000001
20
6.34659406711006
30
0
0
SPLINE
5
114
100
AcDbEntity
8
1
62
256
6
ByLayer
370
18
48
1
60
0
100
AcDbSpline
70
4
71
3
72
16
73
12
40
0
40
0
40
0
40
0
40
0.25
40
0.25
40
0.375
40
0.375
40
0.500000000000001
40
0.500000000000001
40
0.75
40
0.75
40
1
40
1
40
1
40
1
41
1
10
29.1783454984537
20
6.02406878071699
30
0
41
1
10
29.1780808635418
20
5.90501627241423
30
0
41
1
10
29.1778163810858
20
5.77811963336907
30
0
41
1
10
29.1773857272666
20
5.57613065166302
30
0
41
1
10
29.1772591479457
20
5.50685574739896
30
0
41
1
10
29.1770339850021
20
5.36440388207802
30
0
41
1
10
29.176926920343
20
5.2911949963563
30
0
41
1
10
29.1765634125684
20
5.06587905129751
30
0
41
1
10
29.1762384379304
20
4.90893334706809
30
0
41
1
10
29.1756844492103
20
4.5816960660579
30
0
41
1
10
29.1754496144563
20
4.41140485566029
30
0
41
1
10
29.1751725560832
20
4.23437341859403
30
0
0
SPLINE
5
115
100
AcDbEntity
8
1
62
256
6
ByLayer
370
13
48
1
60
0
100
AcDbSpline
70
4
71
3
72
13
73
9
40
0
40
0
40
0
40
0
40
0.117822715117575
40
0.32122875756939
40
0.524634800021205
40
0.72804084247302
40
0.931446884924835
40
1
40
1
40
1
40
1
41
1
10
29.9604301902329
20
3.53434731027662
30
0
41
1
10
29.9711490666833
20
3.53792695953138
30
0
41
1
10
29.9995400236324
20
3.54875855991679
30
0
41
1
10
30.0435643776511
20
3.57154007465155
30
0
41
1
10
30.0888812885318
20
3.60555045189494
30
0
41
1
10
30.1254138235972
20
3.64568591542695
30
0
41
1
10
30.1454685793407
20
3.68017361450239
30
0
41
1
10
30.1534519107849
20
3.70043377144748
30
0
41
1
10
30.1552463129743
20
3.70555784280026
30
0
0
SPLINE
5
116
100
AcDbEntity
8
1
62
256
6
ByLayer
370
18
48
1
60
0
100
AcDbSpline
70
4
71
3
72
51
73
47
40
0
40
0
40
0
40
0
40
0.0263515939474559
40
0.0263515939474559
40
0.104084891880367
40
0.104084891880367
40
0.142951540846823
40
0.162384865330052
40
0.162384865330052
40
0.181818189813279
40
0.181818189813279
40
0.259551487746192
40
0.259551487746192
40
0.298418136712648
40
0.317851461195875
40
0.317851461195875
40
0.337284785679103
40
0.337284785679103
40
0.415018083612019
40
0.415018083612019
40
0.453884732578478
40
0.453884732578478
40
0.492751381544937
40
0.492751381544937
40
0.570484679477856
40
0.570484679477856
40
0.648217977410775
40
0.648217977410775
40
0.725951275343694
40
0.725951275343694
40
0.803684573276613
40
0.803684573276613
40
0.813401235518228
40
0.813401235518228
40
0.823117897759843
40
0.823117897759843
40
0.842551222243074
40
0.881417871209535
40
0.959151169142458
40
0.959151169142458
40
0.968867831384072
40
0.968867831384072
40
0.978584493625686
40
0.978584493625686
40
0.998017818108913
40
1
40
1
40
1
40
1
41
1
10
42.0497868098168
20
4.68413855497667
30
0
41
1
10
42.2155359000126
20
4.65212251229511
30
0
41
1
10
42.3812564711489
20
4.61766682807001
30
0
41
1
10
43.0359581916295
20
4.47209654577941
30
0
41
1
10
43.525188949738
20
4.34250340407667
30
0
41
1
10
44.2618402873014
20
4.11842589606087
30
0
41
1
10
44.6308680472347
20
3.99896652070601
30
0
41
1
10
45.0014084116867
20
3.86869940107613
30
0
41
1
10
45.2488238781009
20
3.77949059442463
30
0
41
1
10
45.3728273886287
20
3.73366480377939
30
0
41
1
10
45.9921827996379
20
3.49939826375069
30
0
41
1
10
46.4861384968683
20
3.29536775428718
30
0
41
1
10
47.227252750881
20
2.96783561402842
30
0
41
1
10
47.5978542663019
20
2.79869730054327
30
0
41
1
10
47.9689851578495
20
2.62214806814905
30
0
41
1
10
48.2165752310507
20
2.50287451783251
30
0
41
1
10
48.3405107288588
20
2.44242310042472
30
0
41
1
10
48.9600811689909
20
2.13674126051106
30
0
41
1
10
49.4541314706248
20
1.88187767000252
30
0
41
1
10
50.1952740326859
20
1.48828327129613
30
0
41
1
10
50.4423321670492
20
1.35520116445684
30
0
41
1
10
50.9368808841696
20
1.08596470793037
30
0
41
1
10
51.1844051828777
20
0.949791373036987
30
0
41
1
10
51.9280442366664
20
0.537832150992926
30
0
41
1
10
52.420460594118
20
0.261270963677788
30
0
41
1
10
53.4019022422212
20
-0.289780686580372
30
0
41
1
10
53.8909234865221
20
-0.564278664848189
30
0
41
1
10
54.8687341842277
20
-1.10555018444796
30
0
41
1
10
55.3575197358102
20
-1.37233071859455
30
0
41
1
10
56.3380098166357
20
-1.89254119054255
30
0
41
1
10
56.8297103330532
20
-2.14597805983124
30
0
41
1
10
57.386349045855
20
-2.42031916433487
30
0
41
1
10
57.4482461809965
20
-2.45065165670064
30
0
41
1
10
57.5721438325911
20
-2.51100520260738
30
0
41
1
10
57.6341310013169
20
-2.54101956975924
30
0
41
1
10
57.819945234726
20
-2.63042905495098
30
0
41
1
10
58.1912844962318
20
-2.80686005068574
30
0
41
1
10
59.0562654917907
20
-3.20106055381188
30
0
41
1
10
59.7969948880829
20
-3.50644486731895
30
0
41
1
10
60.3540524933126
20
-3.71669804306018
30
0
41
1
10
60.4159687960896
20
-3.73979858330128
30
0
41
1
10
60.5398499371107
20
-3.78546895671306
30
0
41
1
10
60.601840990756
20
-3.80804815226321
30
0
41
1
10
60.7876715064639
20
-3.87489572603704
30
0
41
1
10
60.9239677424853
20
-3.92269370594397
30
0
41
1
10
61.0600457544554
20
-3.96902305436791
30
0
41
1
10
61.072639055452
20
-3.97329861786571
30
0
0
SPLINE
5
117
100
AcDbEntity
8
1
62
256
6
ByLayer
370
18
48
1
60
0
100
AcDbSpline
70
4
71
3
72
35
73
31
40
0
40
0
40
0
40
0
40
0.107573149052204
40
0.107573149052204
40
0.161359723578305
40
0.188253010841355
40
0.188253010841355
40
0.215146298104404
40
0.215146298104404
40
0.322719447156601
40
0.322719447156601
40
0.430292596208799
40
0.430292596208799
40
0.537865745260996
40
0.537865745260996
40
0.591652319787096
40
0.591652319787096
40
0.618545607050146
40
0.618545607050146
40
0.645438894313196
40
0.7530120433654
40
0.7530120433654
40
0.806798617891501
40
0.806798617891501
40
0.833691905154553
40
0.833691905154553
40
0.860585192417604
40
0.968158341469806
40
0.968158341469806
40
1
40
1
40
1
40
1
41
1
10
24.7038598983848
20
3.14555061548077
30
0
41
1
10
25.2017678758
20
2.92966054210089
30
0
41
1
10
25.69813541138
20
2.69962527692093
30
0
41
1
10
26.4428756578628
20
2.3372133956338
30
0
41
1
10
26.8152922803128
20
2.15166696800421
30
0
41
1
10
27.1882464031899
20
1.9603354028832
30
0
41
1
10
27.4370543357938
20
1.83157698825144
30
0
41
1
10
27.5615791436927
20
1.76657651695953
30
0
41
1
10
28.1828574087433
20
1.43978101907993
30
0
41
1
10
28.6770595983127
20
1.17185837202757
30
0
41
1
10
29.6631204821207
20
0.629011950010892
30
0
41
1
10
30.1549750932759
20
0.35408083861563
30
0
41
1
10
31.139541159939
20
-0.196981605216678
30
0
41
1
10
31.6322485994959
20
-0.47312024168869
30
0
41
1
10
32.3743768982214
20
-0.883830364456657
30
0
41
1
10
32.6222648128959
20
-1.02014959585131
30
0
41
1
10
32.9951777950199
20
-1.22318332494476
30
0
41
1
10
33.1197249959394
20
-1.29065337455
30
0
41
1
10
33.3684653662663
20
-1.42460296246421
30
0
41
1
10
33.9898539296703
20
-1.75723343495127
30
0
41
1
10
34.6095873604322
20
-2.07756551711867
30
0
41
1
10
35.354164528178
20
-2.44608979497107
30
0
41
1
10
35.6025061879006
20
-2.5662861101309
30
0
41
1
10
35.9755552195387
20
-2.74210331064873
30
0
41
1
10
36.100065014728
20
-2.79999481269968
30
0
41
1
10
36.3488770630443
20
-2.91399977669167
30
0
41
1
10
36.9704233803655
20
-3.19459032781276
30
0
41
1
10
37.5902088170064
20
-3.45220913650564
30
0
41
1
10
38.2334906401037
20
-3.69747415041945
30
0
41
1
10
38.380459484601
20
-3.75201562727696
30
0
41
1
10
38.5275179724141
20
-3.8050257910059
30
0
0
SPLINE
5
118
100
AcDbEntity
8
1
62
256
6
ByLayer
370
18
48
1
60
0
100
AcDbSpline
70
4
71
3
72
25
73
21
40
0
40
0
40
0
40
0
40
0.219575097642943
40
0.219575097642943
40
0.329362646464414
40
0.384256420875151
40
0.384256420875151
40
0.439150195285887
40
0.439150195285887
40
0.65872529292881
40
0.65872529292881
40
0.713619067339541
40
0.713619067339541
40
0.741065954544898
40
0.741065954544898
40
0.768512841750256
40
0.87830039057167
40
0.87830039057167
40
0.988087939393085
40
1
40
1
40
1
40
1
41
1
10
75.7408375394465
20
7.23355897767797
30
0
41
1
10
75.7290360777079
20
7.07919105353542
30
0
41
1
10
75.7049705558115
20
6.92797194120513
30
0
41
1
10
75.6439385515905
20
6.70754503488183
30
0
41
1
10
75.6071830471318
20
6.5989335812566
30
0
41
1
10
75.5597942021737
20
6.49305225026256
30
0
41
1
10
75.5256940915833
20
6.42310851196899
30
0
41
1
10
75.5076063296325
20
6.38890435512485
30
0
41
1
10
75.4121887855939
20
6.22179890684285
30
0
41
1
10
75.3198057551532
20
6.10048109056871
30
0
41
1
10
75.1866994430898
20
5.96241669687319
30
0
41
1
10
75.1591980276438
20
5.93548201945572
30
0
41
1
10
75.1166730647433
20
5.89606078911956
30
0
41
1
10
75.1022632641299
20
5.88306447057931
30
0
41
1
10
75.0731856570197
20
5.85752977934877
30
0
41
1
10
74.9998045325392
20
5.79479720255921
30
0
41
1
10
74.9231645369156
20
5.73730149326056
30
0
41
1
10
74.7970452636422
20
5.65092512530711
30
0
41
1
10
74.7252045912389
20
5.60616687190543
30
0
41
1
10
74.651532773899
20
5.56435119063008
30
0
41
1
10
74.6443044174918
20
5.56028603143187
30
0
0
SPLINE
5
119
100
AcDbEntity
8
1
62
256
6
ByLayer
370
18
48
1
60
0
100
AcDbSpline
70
4
71
3
72
174
73
170
40
0
40
0
40
0
40
0
40
0.0096837135364743
40
0.0191255337688176
40
0.0283254467394078
40
0.0372834418536154
40
0.0459995116446133
40
0.0544736515436669
40
0.0627058596557805
40
0.0706961365411271
40
0.0784444850025738
40
0.0859509098792353
40
0.0932154178464019
40
0.100238017221894
40
0.107018717778869
40
0.113557530565425
40
0.119854467730585
40
0.125909542357235
40
0.131722768301741
40
0.137294160040066
40
0.142623732520955
40
0.147711501025611
40
0.152557481034068
40
0.157161688098307
40
0.161524137721844
40
0.165644845246006
40
0.16952382574257
40
0.173161093912999
40
0.176556663993971
40
0.179710549669309
40
0.18262276398828
40
0.185293319290046
40
0.187722227134701
40
0.189909498240434
40
0.191855142427616
40
0.193559168569791
40
0.19502158455309
40
0.196242397246698
40
0.197221612492264
40
0.19795923513765
40
0.198455269228612
40
0.198709719224255
40
0.201150939713186
40
0.203590397367565
40
0.206028092651456
40
0.208464026034351
40
0.210898197991131
40
0.213330609001981
40
0.215761259552548
40
0.218190150133693
40
0.220617281241654
40
0.223042653377932
40
0.225466267049336
40
0.227888122767928
40
0.230308221050984
40
0.232726562421042
40
0.235143147405804
40
0.2375579765382
40
0.239971050356321
40
0.242382369403372
40
0.244791934227754
40
0.24719974538295
40
0.249605803427542
40
0.252010108925193
40
0.25441266244465
40
0.256813464559684
40
0.259212515849086
40
0.261609816896683
40
0.264005368291273
40
0.266399170626642
40
0.268791224501523
40
0.271181530519587
40
0.273570089289422
40
0.275956901424519
40
0.278341967543281
40
0.280725288268914
40
0.283106864229537
40
0.285486696058056
40
0.287864784392218
40
0.290241129874546
40
0.292615733152368
40
0.294988594877721
40
0.297359715707427
40
0.299729096303019
40
0.302096737330733
40
0.304462639461485
40
0.306826803370896
40
0.309189229739191
40
0.311549919251279
40
0.313908872596646
40
0.316266090469403
40
0.318621573568242
40
0.320975322596412
40
0.32332733826173
40
0.325677621276494
40
0.328026172357583
40
0.330372992226331
40
0.33271808160856
40
0.33506144123455
40
0.337403071839031
40
0.339742974161153
40
0.34208114894449
40
0.344417596937013
40
0.346752318891031
40
0.349085315563285
40
0.351416587714777
40
0.353746136110892
40
0.356073961521289
40
0.358400064719966
40
0.360724446485154
40
0.363047107599345
40
0.365368048849319
40
0.367687271026029
40
0.370004774924646
40
0.372320561344592
40
0.374634631089391
40
0.376946984966774
40
0.37925762378861
40
0.381566548370889
40
0.383873759533721
40
0.386179258101313
40
0.388483044901939
40
0.390785120767978
40
0.393085486535809
40
0.395384143045895
40
0.397681091142657
40
0.399976331674618
40
0.402269865494154
40
0.404561693457748
40
0.40685181642573
40
0.409140235262462
40
0.411426950836174
40
0.413711964019035
40
0.415995275687087
40
0.418276886720284
40
0.420556798002443
40
0.422835010421215
40
0.425111524868088
40
0.427386342238393
40
0.429659463431263
40
0.431930889349625
40
0.43420062090018
40
0.436468658993402
40
0.4387350045435
40
0.44099965846845
40
0.443262621689954
40
0.445523895133377
40
0.447783479727803
40
0.450041376406017
40
0.452297586104458
40
0.45455210976322
40
0.456804948326049
40
0.459056102740276
40
0.461305573956912
40
0.463553362930521
40
0.465799470619275
40
0.501096165643506
40
0.537351754937034
40
0.574568481119819
40
0.612748423410305
40
0.651893520609848
40
0.692005591189279
40
0.733086350846461
40
0.77513742785555
40
0.818160376487245
40
0.862156688744269
40
0.907127804625533
40
0.953075121106435
40
1
40
1
40
1
40
1
41
1
10
24.7059668863931
20
3.13798288477352
30
0
41
1
10
24.6973978540218
20
3.15022242716245
30
0
41
1
10
24.6804738385223
20
3.17439577557809
30
0
41
1
10
24.6554291084248
20
3.21041069221849
30
0
41
1
10
24.6310374158877
20
3.24564872639891
30
0
41
1
10
24.6072974982468
20
3.28011133708179
30
0
41
1
10
24.5842064143742
20
3.31378140721304
30
0
41
1
10
24.5617620294739
20
3.34664726398043
30
0
41
1
10
24.5399623525333
20
3.37869648245766
30
0
41
1
10
24.518805684474
20
3.4099174675745
30
0
41
1
10
24.4982905583075
20
3.4402990353455
30
0
41
1
10
24.4784157332273
20
3.46983050759209
30
0
41
1
10
24.4591801753988
20
3.49850167459942
30
0
41
1
10
24.4405830427147
20
3.52630279135573
30
0
41
1
10
24.4226236691134
20
3.55322456501881
30
0
41
1
10
24.4053015496019
20
3.57925814451264
30
0
41
1
10
24.3886163257092
20
3.60439510953566
30
0
41
1
10
24.3725677714507
20
3.6286274597355
30
0
41
1
10
24.3571557797942
20
3.65194760391648
30
0
41
1
10
24.3423803496411
20
3.67434834936955
30
0
41
1
10
24.3282415733244
20
3.69582289135195
30
0
41
1
10
24.3147396246302
20
3.71636480275993
30
0
41
1
10
24.3018747473469
20
3.73596802402759
30
0
41
1
10
24.2896472443426
20
3.7546268532862
30
0
41
1
10
24.2780574671762
20
3.77233593681541
30
0
41
1
10
24.2671058062405
20
3.78909025981454
30
0
41
1
10
24.2567926814432
20
3.80488513752329
30
0
41
1
10
24.2471185334197
20
3.81971620671334
30
0
41
1
10
24.2380838153019
20
3.83357941758715
30
0
41
1
10
24.2296889849775
20
3.8464710260703
30
0
41
1
10
24.2219344980772
20
3.85838758664627
30
0
41
1
10
24.214820800948
20
3.86932594534451
30
0
41
1
10
24.2083483261119
20
3.87928323428019
30
0
41
1
10
24.2025174822334
20
3.88825686334437
30
0
41
1
10
24.1973286644277
20
3.89624452336881
30
0
41
1
10
24.192782204053
20
3.90324415598027
30
0
41
1
10
24.1888785086814
20
3.90925402905671
30
0
41
1
10
24.1856176425501
20
3.91427250242316
30
0
41
1
10
24.1830005255361
20
3.91829869058708
30
0
41
1
10
24.1810257812307
20
3.92133071527104
30
0
41
1
10
24.1796975621005
20
3.92337004186859
30
0
41
1
10
24.1768231828127
20
3.9277304751439
30
0
41
1
10
24.1721081936044
20
3.93469874365496
30
0
41
1
10
24.165441099916
20
3.94466768705462
30
0
41
1
10
24.1587547321882
20
3.95462452251755
30
0
41
1
10
24.1520695905244
20
3.96458064383523
30
0
41
1
10
24.1453801739467
20
3.97453289057549
30
0
41
1
10
24.1386879415246
20
3.98448199868344
30
0
41
1
10
24.1319924900345
20
3.99442766201494
30
0
41
1
10
24.1252939153301
20
4.00436985415837
30
0
41
1
10
24.1185921802951
20
4.01430847463575
30
0
41
1
10
24.1118872840107
20
4.02424344359875
30
0
41
1
10
24.1051792164703
20
4.03417467648032
30
0
41
1
10
24.0984679706956
20
4.04410209077778
30
0
41
1
10
24.0917535394869
20
4.05402560423539
30
0
41
1
10
24.0850359162885
20
4.06394513532882
30
0
41
1
10
24.0783150949499
20
4.07386060313365
30
0
41
1
10
24.0715910697853
20
4.08377192735838
30
0
41
1
10
24.0648638355514
20
4.09367902833373
30
0
41
1
10
24.058133387448
20
4.10358182701333
30
0
41
1
10
24.051399721112
20
4.11348024497136
30
0
41
1
10
24.0446628326134
20
4.1233742044011
30
0
41
1
10
24.0379227184509
20
4.13326362811304
30
0
41
1
10
24.0311793755475
20
4.14314843953315
30
0
41
1
10
24.024432801246
20
4.153028562701
30
0
41
1
10
24.0176829933049
20
4.16290392226799
30
0
41
1
10
24.0109299498932
20
4.1727744434954
30
0
41
1
10
24.0041736695873
20
4.18264005225245
30
0
41
1
10
23.9974141513657
20
4.19250067501457
30
0
41
1
10
23.990651394605
20
4.20235623886111
30
0
41
1
10
23.9838853990754
20
4.21220667147355
30
0
41
1
10
23.9771161649368
20
4.22205190113346
30
0
41
1
10
23.9703436927341
20
4.2318918567203
30
0
41
1
10
23.9635679833928
20
4.24172646770958
30
0
41
1
10
23.9567890382153
20
4.25155566417047
30
0
41
1
10
23.9500068588762
20
4.26137937676396
30
0
41
1
10
23.943221447418
20
4.27119753674032
30
0
41
1
10
23.9364328062471
20
4.28101007593739
30
0
41
1
10
23.9296409381296
20
4.29081692677798
30
0
41
1
10
23.9228458461868
20
4.3006180222678
30
0
41
1
10
23.9160475338913
20
4.31041329599316
30
0
41
1
10
23.9092460050626
20
4.32020268211878
30
0
41
1
10
23.9024412638632
20
4.32998611538528
30
0
41
1
10
23.8956333147944
20
4.33976353110708
30
0
41
1
10
23.8888221626914
20
4.34953486516994
30
0
41
1
10
23.8820078127208
20
4.35930005402867
30
0
41
1
10
23.8751902703747
20
4.36905903470449
30
0
41
1
10
23.8683695414679
20
4.37881174478306
30
0
41
1
10
23.8615456321331
20
4.38855812241158
30
0
41
1
10
23.8547185488173
20
4.39829810629675
30
0
41
1
10
23.8478882982775
20
4.408031635702
30
0
41
1
10
23.8410548875766
20
4.41775865044511
30
0
41
1
10
23.8342183240797
20
4.42747909089582
30
0
41
1
10
23.8273786154497
20
4.43719289797301
30
0
41
1
10
23.8205357696436
20
4.44690001314262
30
0
41
1
10
23.8136897949087
20
4.45660037841458
30
0
41
1
10
23.8068406997779
20
4.46629393634063
30
0
41
1
10
23.7999884930668
20
4.47598063001161
30
0
41
1
10
23.7931331838691
20
4.48566040305471
30
0
41
1
10
23.7862747815527
20
4.49533319963103
30
0
41
1
10
23.7794132957561
20
4.50499896443296
30
0
41
1
10
23.7725487363845
20
4.51465764268141
30
0
41
1
10
23.7656811136056
20
4.5243091801232
30
0
41
1
10
23.7588104378464
20
4.53395352302849
30
0
41
1
10
23.7519367197888
20
4.54359061818778
30
0
41
1
10
23.7450599703659
20
4.55322041290975
30
0
41
1
10
23.7381802007587
20
4.56284285501789
30
0
41
1
10
23.7312974223916
20
4.57245789284841
30
0
41
1
10
23.7244116469293
20
4.58206547524691
30
0
41
1
10
23.7175228862728
20
4.59166555156622
30
0
41
1
10
23.7106311525554
20
4.60125807166324
30
0
41
1
10
23.7037364581398
20
4.61084298589623
30
0
41
1
10
23.6968388156134
20
4.62042024512209
30
0
41
1
10
23.6899382377857
20
4.62998980069372
30
0
41
1
10
23.6830347376836
20
4.63955160445684
30
0
41
1
10
23.6761283285488
20
4.64910560874779
30
0
41
1
10
23.6692190238334
20
4.65865176638997
30
0
41
1
10
23.6623068371968
20
4.66819003069159
30
0
41
1
10
23.6553917825021
20
4.67772035544269
30
0
41
1
10
23.6484738738119
20
4.68724269491219
30
0
41
1
10
23.6415531253859
20
4.69675700384508
30
0
41
1
10
23.6346295516765
20
4.70626323745978
30
0
41
1
10
23.6277031673256
20
4.71576135144488
30
0
41
1
10
23.6207739871612
20
4.72525130195683
30
0
41
1
10
23.6138420261937
20
4.7347330456164
30
0
41
1
10
23.6069072996129
20
4.74420653950654
30
0
41
1
10
23.5999698227842
20
4.75367174116869
30
0
41
1
10
23.5930296112451
20
4.76312860860082
30
0
41
1
10
23.5860866807025
20
4.77257710025356
30
0
41
1
10
23.5791410470284
20
4.78201717502827
30
0
41
1
10
23.5721927262574
20
4.79144879227329
30
0
41
1
10
23.5652417345829
20
4.80087191178171
30
0
41
1
10
23.5582880883537
20
4.81028649378797
30
0
41
1
10
23.5513318040713
20
4.81969249896528
30
0
41
1
10
23.5443728983861
20
4.82908988842266
30
0
41
1
10
23.5374113880941
20
4.83847862370178
30
0
41
1
10
23.5304472901343
20
4.84785866677441
30
0
41
1
10
23.5234806215847
20
4.85722998003928
30
0
41
1
10
23.51651139966
20
4.86659252631918
30
0
41
1
10
23.5095396417071
20
4.87594626885809
30
0
41
1
10
23.5025653652035
20
4.88529117131827
30
0
41
1
10
23.4955885877532
20
4.89462719777737
30
0
41
1
10
23.4886093270837
20
4.90395431272532
30
0
41
1
10
23.4816276010432
20
4.91327248106168
30
0
41
1
10
23.4746434275973
20
4.92258166809256
30
0
41
1
10
23.4676568248258
20
4.93188183952776
30
0
41
1
10
23.46066781092
20
4.94117296147763
30
0
41
1
10
23.4536764041805
20
4.95045500045123
30
0
41
1
10
23.4466826230087
20
4.95972792334894
30
0
41
1
10
23.4396864859248
20
4.96899169747658
30
0
41
1
10
23.4326880114885
20
4.97824629047938
30
0
41
1
10
23.4256872185774
20
4.98749167057363
30
0
41
1
10
23.418684125339
20
4.99672780566942
30
0
41
1
10
23.4116787530804
20
5.00595466662799
30
0
41
1
10
23.4046711117565
20
5.0151722151036
30
0
41
1
10
23.3632770819529
20
5.06954791265898
30
0
41
1
10
23.2858114888751
20
5.1701621765215
30
0
41
1
10
23.1698837275935
20
5.31779775991899
30
0
41
1
10
23.0492199665416
20
5.46867487107758
30
0
41
1
10
22.9238610461201
20
5.62277640661691
30
0
41
1
10
22.7938505767532
20
5.78009366019418
30
0
41
1
10
22.659234495799
20
5.94062524696341
30
0
41
1
10
22.5200604221758
20
6.10437673283164
30
0
41
1
10
22.3763776509051
20
6.27136035431079
30
0
41
1
10
22.228234954819
20
6.44159358564494
30
0
41
1
10
22.0756870135868
20
6.61510239109094
30
0
41
1
10
21.9187677301877
20
6.79190636499678
30
0
41
1
10
21.7575914281329
20
6.97207379390142
30
0
41
1
10
21.6483225505933
20
7.09308784037435
30
0
41
1
10
21.5931130357895
20
7.15423175381656
30
0
0
SPLINE
5
11A
100
AcDbEntity
8
1
62
256
6
ByLayer
370
18
48
1
60
0
100
AcDbSpline
70
4
71
3
72
13
73
9
40
0
40
0
40
0
40
0
40
0.528541302826868
40
0.528541302826868
40
0.792811954240297
40
0.924947279947017
40
0.924947279947017
40
1
40
1
40
1
40
1
41
1
10
24.7937264019668
20
-2.85019802312561
30
0
41
1
10
25.2895316532158
20
-3.07867025101891
30
0
41
1
10
25.7838002690976
20
-3.2931140381132
30
0
41
1
10
26.5253779594977
20
-3.590520580169
30
0
41
1
10
26.8962097433941
20
-3.73316053189959
30
0
41
1
10
27.267569865717
20
-3.86610803773482
30
0
41
1
10
27.4618000831567
20
-3.93385434935485
30
0
41
1
10
27.5322031170398
20
-3.95804191173926
30
0
41
1
10
27.6025769836713
20
-3.98184531019987
30
0
0
SPLINE
5
11B
100
AcDbEntity
8
1
62
256
6
ByLayer
370
18
48
1
60
0
100
AcDbSpline
70
4
71
3
72
22
73
18
40
0
40
0
40
0
40
0
40
0.23032519375789
40
0.23032519375789
40
0.278429869148022
40
0.278429869148022
40
0.326534544538153
40
0.326534544538153
40
0.422743895318417
40
0.615162596878944
40
0.615162596878944
40
0.663267272269076
40
0.663267272269076
40
0.711371947659208
40
0.711371947659208
40
0.807581298439472
40
1
40
1
40
1
40
1
41
1
10
64.4219606274082
20
4.67596161800506
30
0
41
1
10
65.0076540990067
20
4.56136491340342
30
0
41
1
10
65.5945046647645
20
4.41607536252408
30
0
41
1
10
66.3086238336553
20
4.20500312491185
30
0
41
1
10
66.4321738296955
20
4.16725855987337
30
0
41
1
10
66.6796675555145
20
4.08924278188195
30
0
41
1
10
66.8036911465305
20
4.048943378063
30
0
41
1
10
67.1752477145013
20
3.92470379955054
30
0
41
1
10
67.917244670961
20
3.66258297803506
30
0
41
1
10
68.6577529238479
20
3.3618784210461
30
0
41
1
10
69.2760704603876
20
3.0924666469935
30
0
41
1
10
69.3997953842456
20
3.03764322504105
30
0
41
1
10
69.6474198906152
20
2.92618053898823
30
0
41
1
10
69.7713882019071
20
2.86950917180448
30
0
41
1
10
70.143070881508
20
2.69713408372235
30
0
41
1
10
70.8852618179454
20
2.34308867816748
30
0
41
1
10
71.6257926303943
20
1.96416093988103
30
0
41
1
10
72.1203856679799
20
1.70314513124473
30
0
0
SPLINE
5
11C
100
AcDbEntity
8
1
62
256
6
ByLayer
370
18
48
1
60
0
100
AcDbSpline
70
4
71
3
72
16
73
12
40
0
40
0
40
0
40
0
40
0.250000000000025
40
0.250000000000025
40
0.375000000000021
40
0.375000000000021
40
0.500000000000017
40
0.500000000000017
40
0.750000000000008
40
0.750000000000008
40
1
40
1
40
1
40
1
41
1
10
72.1203856679797
20
1.70314513124481
30
0
41
1
10
72.1966853846415
20
1.74418059919279
30
0
41
1
10
72.2760024355194
20
1.78422161340274
30
0
41
1
10
72.4007488925878
20
1.83987276269016
30
0
41
1
10
72.4434814477933
20
1.85774385199102
30
0
41
1
10
72.5292755232727
20
1.89077113078966
30
0
41
1
10
72.5725097811501
20
1.90601522196354
30
0
41
1
10
72.7033986254778
20
1.9473864377288
30
0
41
1
10
72.7922317380154
20
1.96917863606453
30
0
41
1
10
72.9740835242133
20
1.99785327520777
30
0
41
1
10
73.0648598471818
20
2.00436440762147
30
0
41
1
10
73.1558117150948
20
2.00216925142263
30
0
0
SPLINE
5
11D
100
AcDbEntity
8
1
62
256
6
ByLayer
370
18
48
1
60
0
100
AcDbSpline
70
4
71
3
72
8
73
4
40
0
40
0
40
0
40
0
40
1
40
1
40
1
40
1
41
1
10
24.8830706242876
20
2.66386399479518
30
0
41
1
10
24.8887177473542
20
2.65523793036667
30
0
41
1
10
24.894360571678
20
2.64662576618395
30
0
41
1
10
24.8999991827853
20
2.63802772931723
30
0
0
SPLINE
5
11E
100
AcDbEntity
8
1
62
256
6
ByLayer
370
18
48
1
60
0
100
AcDbSpline
70
4
71
3
72
22
73
18
40
0
40
0
40
0
40
0
40
0.125
40
0.125
40
0.25
40
0.25
40
0.375
40
0.375
40
0.5
40
0.5
40
0.625
40
0.625
40
0.75
40
0.75
40
0.875
40
0.875
40
1
40
1
40
1
40
1
41
1
10
18.5197313487047
20
7.24684381468279
30
0
41
1
10
18.7134501605074
20
7.06983725558746
30
0
41
1
10
18.9091370190934
20
6.89516207718069
30
0
41
1
10
19.3051362393277
20
6.55141054512541
30
0
41
1
10
19.5054497323425
20
6.38233452018358
30
0
41
1
10
19.9114626518153
20
6.05091063799767
30
0
41
1
10
20.1171641935459
20
5.88856443269674
30
0
41
1
10
20.5347360846555
20
5.57189611408881
30
0
41
1
10
20.7466096602659
20
5.4175774489008
30
0
41
1
10
21.1772511051616
20
5.11835190557397
30
0
41
1
10
21.3960231730315
20
4.97345047754041
30
0
41
1
10
21.8410174548281
20
4.69440580196877
30
0
41
1
10
22.0672443430673
20
4.5602697172267
30
0
41
1
10
22.5273990823712
20
4.30386991267369
30
0
41
1
10
22.7613312449787
20
4.18161416840263
30
0
41
1
10
23.2367039611592
20
3.94962582269801
30
0
41
1
10
23.4781473964523
20
3.83990054078237
30
0
41
1
10
23.7229709338697
20
3.7364126795174
30
0
0
SPLINE
5
11F
100
AcDbEntity
8
1
62
256
6
ByLayer
370
18
48
1
60
0
100
AcDbSpline
70
4
71
3
72
33
73
29
40
0
40
0
40
0
40
0
40
0.125000000000034
40
0.125000000000034
40
0.187500000000053
40
0.218750000000063
40
0.218750000000063
40
0.250000000000072
40
0.250000000000072
40
0.3750000000001
40
0.3750000000001
40
0.406250000000107
40
0.406250000000107
40
0.421875000000106
40
0.421875000000106
40
0.437500000000105
40
0.500000000000094
40
0.500000000000094
40
0.562500000000082
40
0.62500000000007
40
0.62500000000007
40
0.687500000000059
40
0.687500000000059
40
0.750000000000047
40
0.750000000000047
40
0.875000000000023
40
0.875000000000023
40
1
40
1
40
1
40
1
41
1
10
75.7408375394465
20
2.48484656308202
30
0
41
1
10
75.7290360777078
20
2.43631716567597
30
0
41
1
10
75.7049705558115
20
2.38981823624269
30
0
41
1
10
75.6439385515903
20
2.32419793034796
30
0
41
1
10
75.6071830471318
20
2.29242080475993
30
0
41
1
10
75.5597942021736
20
2.26240416118674
30
0
41
1
10
75.5256940915832
20
2.24280822116884
30
0
41
1
10
75.5076063296324
20
2.23334283520305
30
0
41
1
10
75.4121887855937
20
2.18768599195425
30
0
41
1
10
75.3198057551532
20
2.156462403956
30
0
41
1
10
75.1866994430898
20
2.12325628248578
30
0
41
1
10
75.1591980276438
20
2.11690582228709
30
0
41
1
10
75.1166730647432
20
2.1078006226073
30
0
41
1
10
75.1022632641298
20
2.10483131096598
30
0
41
1
10
75.0731856570196
20
2.09906103708437
30
0
41
1
10
74.9998045325392
20
2.08504667022873
30
0
41
1
10
74.9231645369156
20
2.07298313845771
30
0
41
1
10
74.7970452636422
20
2.05577384264288
30
0
41
1
10
74.6674275702758
20
2.04065878141361
30
0
41
1
10
74.5318489949661
20
2.02911204096736
30
0
41
1
10
74.3936765731851
20
2.01911803656941
30
0
41
1
10
74.3231344520434
20
2.01489354950414
30
0
41
1
10
74.1813086502618
20
2.0078896117688
30
0
41
1
10
74.1098612037006
20
2.0050952309297
30
0
41
1
10
73.8941333494799
20
1.99854611973126
30
0
41
1
10
73.7484794903825
20
1.99660945254124
30
0
41
1
10
73.4542461700693
20
1.99660879200493
30
0
41
1
10
73.3056608236302
20
1.99855258903804
30
0
41
1
10
73.1558117150948
20
2.00216925142263
30
0
0
SPLINE
5
120
100
AcDbEntity
8
1
62
256
6
ByLayer
370
18
48
1
60
0
100
AcDbSpline
70
4
71
3
72
27
73
23
40
0
40
0
40
0
40
0
40
0.249999999999999
40
0.249999999999999
40
0.374999999999999
40
0.374999999999999
40
0.499999999999999
40
0.499999999999999
40
0.624999999999999
40
0.624999999999999
40
0.749999999999998
40
0.749999999999998
40
0.812499999999998
40
0.812499999999998
40
0.874999999999997
40
0.874999999999997
40
0.906249999999998
40
0.906249999999998
40
0.937499999999998
40
0.968749999999999
40
0.968749999999999
40
1
40
1
40
1
40
1
41
1
10
75.6917177911841
20
4.18821370119088
30
0
41
1
10
75.7033000114832
20
4.1475727842392
30
0
41
1
10
75.714799072425
20
4.10672921789654
30
0
41
1
10
75.7317868806801
20
4.04524097163156
30
0
41
1
10
75.7374055469457
20
4.02470740654692
30
0
41
1
10
75.7485273710255
20
3.9835417340681
30
0
41
1
10
75.754033466114
20
3.96290002369312
30
0
41
1
10
75.7648439166672
20
3.92163430662305
30
0
41
1
10
75.7701604596303
20
3.90096857537642
30
0
41
1
10
75.7804703886097
20
3.85973659475474
30
0
41
1
10
75.7854436023985
20
3.83926961974814
30
0
41
1
10
75.7924258385285
20
3.80896072330683
30
0
41
1
10
75.7946723916662
20
3.79892405311085
30
0
41
1
10
75.7989261523507
20
3.77904694940915
30
0
41
1
10
75.8009059921891
20
3.76933654635366
30
0
41
1
10
75.803532622841
20
3.75533915310405
30
0
41
1
10
75.8043547164542
20
3.75074233277525
30
0
41
1
10
75.8058266483883
20
3.74194020864581
30
0
41
1
10
75.807127817255
20
3.73352754118088
30
0
41
1
10
75.808020809706
20
3.72604579530173
30
0
41
1
10
75.808662544522
20
3.71913708879134
30
0
41
1
10
75.8088529080758
20
3.71598563911309
30
0
41
1
10
75.8088916222154
20
3.71330600747393
30
0
0
SPLINE
5
121
100
AcDbEntity
8
1
62
256
6
ByLayer
370
13
48
1
60
0
100
AcDbSpline
70
4
71
3
72
8
73
4
40
0
40
0
40
0
40
0
40
1
40
1
40
1
40
1
41
1
10
75.4467508722968
20
2.9377880616384
30
0
41
1
10
75.4382430124602
20
2.99828612020315
30
0
41
1
10
75.4296953388122
20
3.05906728854575
30
0
41
1
10
75.4211101481893
20
3.12011523421819
30
0
0
SPLINE
5
122
100
AcDbEntity
8
1
62
256
6
ByLayer
370
18
48
1
60
0
100
AcDbSpline
70
4
71
3
72
24
73
20
40
0
40
0
40
0
40
0
40
0.249999999999998
40
0.249999999999998
40
0.3125
40
0.3125
40
0.375000000000001
40
0.375000000000001
40
0.500000000000004
40
0.500000000000004
40
0.562500000000004
40
0.562500000000004
40
0.625000000000003
40
0.625000000000003
40
0.750000000000002
40
0.750000000000002
40
0.875000000000001
40
0.875000000000001
40
1
40
1
40
1
40
1
41
1
10
75.9729444617129
20
2.5467519642439
30
0
41
1
10
75.9737974610822
20
2.56160989975118
30
0
41
1
10
75.9682509598336
20
2.57675793846332
30
0
41
1
10
75.9533107669795
20
2.59605596448753
30
0
41
1
10
75.949909465819
20
2.5999351938907
30
0
41
1
10
75.9423937644197
20
2.60760831882277
30
0
41
1
10
75.9382687862986
20
2.61141772025661
30
0
41
1
10
75.9248124152954
20
2.62276591709028
30
0
41
1
10
75.9144030157249
20
2.63022495877885
30
0
41
1
10
75.8966296971654
20
2.64125377671388
30
0
41
1
10
75.8903449427737
20
2.64490339233669
30
0
41
1
10
75.8770345711019
20
2.65214781263765
30
0
41
1
10
75.8700365264054
20
2.65572566973842
30
0
41
1
10
75.8482470650397
20
2.66621757098872
30
0
41
1
10
75.8325819696299
20
2.67293638298176
30
0
41
1
10
75.7990174877232
20
2.68583291183961
30
0
41
1
10
75.781121299606
20
2.69201140328016
30
0
41
1
10
75.7430170534097
20
2.70380850317176
30
0
41
1
10
75.7232436587044
20
2.70929015401475
30
0
41
1
10
75.702794459295
20
2.71436527775143
30
0
0
SPLINE
5
123
100
AcDbEntity
8
1
62
256
6
ByLayer
370
18
48
1
60
0
100
AcDbSpline
70
4
71
1
72
4
73
2
40
0
40
0
40
1
40
1
41
1
10
75.8088916222147
20
3.7133060074739
30
0
41
1
10
75.8080006160316
20
3.7078534479549
30
0
0
SPLINE
5
124
100
AcDbEntity
8
1
62
256
6
ByLayer
370
18
48
1
60
0
100
AcDbSpline
70
4
71
3
72
8
73
4
40
0
40
0
40
0
40
0
40
1
40
1
40
1
40
1
41
1
10
24.6660261434591
20
-2.78567104768732
30
0
41
1
10
24.7092559602771
20
-2.80994433845604
30
0
41
1
10
24.7532022734246
20
-2.83313607265956
30
0
41
1
10
24.7981377722149
20
-2.85491304822605
30
0
0
SPLINE
5
125
100
AcDbEntity
8
1
62
256
6
ByLayer
370
18
48
1
60
0
100
AcDbSpline
70
4
71
3
72
180
73
176
40
0
40
0
40
0
40
0
40
0.0095630685781401
40
0.0189186031113714
40
0.0280665815319174
40
0.0370069849779166
40
0.0457397976135881
40
0.0542650064520689
40
0.0625826011811792
40
0.0706925739923886
40
0.0785949194132663
40
0.0862896341435075
40
0.0937767168945488
40
0.101056168233436
40
0.108127990430505
40
0.114992187311302
40
0.12164876411276
40
0.128097727343676
40
0.134339084649721
40
0.140372844682729
40
0.146199016974591
40
0.151817611815652
40
0.157228640137681
40
0.162432113401309
40
0.167428043488037
40
0.172216442596862
40
0.176797323145342
40
0.181170697675259
40
0.185336578762607
40
0.189294978932219
40
0.193045910576734
40
0.196589385879866
40
0.199925416744281
40
0.20305401472353
40
0.205975190958422
40
0.208688956117687
40
0.211195320342826
40
0.213494293197276
40
0.215585883619932
40
0.21747009988297
40
0.219146949554439
40
0.220616439465872
40
0.22187857568622
40
0.222933363504643
40
0.223780807429375
40
0.224420911226556
40
0.22485367810228
40
0.225079111797441
40
0.227439994981682
40
0.229799173343905
40
0.232156647332895
40
0.234512417402699
40
0.236866484012567
40
0.239218847626882
40
0.241569508715309
40
0.243918467752558
40
0.246265725218533
40
0.248611281598237
40
0.250955137381793
40
0.253297293064418
40
0.255637749146358
40
0.257976506132963
40
0.260313564534567
40
0.262648924866557
40
0.26498258764932
40
0.267314553408186
40
0.269644822673507
40
0.27197339598055
40
0.274300273869519
40
0.276625456885522
40
0.278948945578598
40
0.281270740503626
40
0.283590842220359
40
0.2859092512934
40
0.28822596829218
40
0.290540993790942
40
0.292854328368715
40
0.295165972609301
40
0.297475927101267
40
0.299784192437906
40
0.302090769217279
40
0.304395658042073
40
0.306698859519751
40
0.309000374262375
40
0.311300202886712
40
0.313598346014146
40
0.315894804270692
40
0.318189578286935
40
0.320482668698083
40
0.322774076143894
40
0.325063801268682
40
0.327351844721283
40
0.329638207155086
40
0.331922889227932
40
0.334205891602186
40
0.336487214944646
40
0.338766859926579
40
0.341044827223688
40
0.343321117516078
40
0.34559573148827
40
0.347868669829122
40
0.350139933231926
40
0.352409522394272
40
0.354677438018097
40
0.35694368080965
40
0.359208251479484
40
0.361471150742421
40
0.363732379317565
40
0.365991937928276
40
0.368249827302102
40
0.370506048170879
40
0.372760601270572
40
0.375013487341375
40
0.377264707127618
40
0.379514261377825
40
0.38176215084462
40
0.384008376284746
40
0.386252938459084
40
0.388495838132565
40
0.390737076074188
40
0.39297665305707
40
0.395214569858289
40
0.397450827259
40
0.399685426044346
40
0.401918367003472
40
0.404149650929495
40
0.406379278619496
40
0.408607250874496
40
0.410833568499482
40
0.413058232303307
40
0.415281243098777
40
0.417502601702521
40
0.41972230893514
40
0.42194036562096
40
0.424156772588277
40
0.426371530669113
40
0.428584640699377
40
0.430796103518735
40
0.43300591997065
40
0.435214090902334
40
0.437420617164784
40
0.439625499612731
40
0.441828739104618
40
0.444030336502591
40
0.446230292672518
40
0.448428608483944
40
0.45062528481008
40
0.45282032252779
40
0.455013722517584
40
0.45720548566359
40
0.459395612853571
40
0.461584104978896
40
0.463770962934479
40
0.465956187618829
40
0.468139779934036
40
0.470321740785719
40
0.472502071083037
40
0.474680771738676
40
0.476857843668795
40
0.479033287793108
40
0.481207105034763
40
0.4833792963204
40
0.517514424269676
40
0.552576890558982
40
0.588568864006651
40
0.625492355406827
40
0.663349239757498
40
0.702141275686054
40
0.741870122429035
40
0.782537354676268
40
0.82414447554948
40
0.866692927951579
40
0.910184104493032
40
0.954619356176648
40
1
40
1
40
1
40
1
41
1
10
24.7964494189461
20
-2.85203665727991
30
0
41
1
10
24.7876733472136
20
-2.83709178414051
30
0
41
1
10
24.7703116586898
20
-2.8075263657642
30
0
41
1
10
24.7445862100849
20
-2.76380230264249
30
0
41
1
10
24.7194505752218
20
-2.7211469715684
30
0
41
1
10
24.6949037319897
20
-2.67956490742713
30
0
41
1
10
24.670941951533
20
-2.6390484505439
30
0
41
1
10
24.6475625669444
20
-2.59959293481421
30
0
41
1
10
24.6247629796454
20
-2.56119278071876
30
0
41
1
10
24.6025408988135
20
-2.52384253063806
30
0
41
1
10
24.5808942621111
20
-2.48753660489336
30
0
41
1
10
24.5598212390527
20
-2.45226938751816
30
0
41
1
10
24.5393202133302
20
-2.41803522600753
30
0
41
1
10
24.5193897708849
20
-2.38482845238656
30
0
41
1
10
24.5000286868382
20
-2.35264339791993
30
0
41
1
10
24.4812359130735
20
-2.32147440860766
30
0
41
1
10
24.4630105660248
20
-2.29131585964075
30
0
41
1
10
24.4453519148007
20
-2.26216216930001
30
0
41
1
10
24.4282593696245
20
-2.23400781219121
30
0
41
1
10
24.4117324706056
20
-2.20684733185942
30
0
41
1
10
24.3957708768511
20
-2.18067535279056
30
0
41
1
10
24.3803743559206
20
-2.1554865918157
30
0
41
1
10
24.3655427736341
20
-2.13127586893393
30
0
41
1
10
24.3512760842349
20
-2.10803811756895
30
0
41
1
10
24.3375743209146
20
-2.08576839427545
30
0
41
1
10
24.3244375866998
20
-2.06446188791145
30
0
41
1
10
24.311866045707
20
-2.04411392829215
30
0
41
1
10
24.2998599147658
20
-2.02471999434226
30
0
41
1
10
24.2884194554133
20
-2.00627572176131
30
0
41
1
10
24.2775449662589
20
-1.98877691021903
30
0
41
1
10
24.2672367757236
20
-1.97221953009489
30
0
41
1
10
24.2574952351528
20
-1.95659972877732
30
0
41
1
10
24.2483207123042
20
-1.94191383653669
30
0
41
1
10
24.2397135852094
20
-1.92815837198682
30
0
41
1
10
24.231674236427
20
-1.91533004714284
30
0
41
1
10
24.224203047633
20
-1.90342577210535
30
0
41
1
10
24.2173003947555
20
-1.89244265931939
30
0
41
1
10
24.2109666429979
20
-1.88237802761952
30
0
41
1
10
24.2052021439827
20
-1.8732294053969
30
0
41
1
10
24.2000072278762
20
-1.86499453505198
30
0
41
1
10
24.1953822136532
20
-1.85767137176279
30
0
41
1
10
24.1913273649641
20
-1.85125809843296
30
0
41
1
10
24.1878430167232
20
-1.84575308900034
30
0
41
1
10
24.1849291985284
20
-1.84115502314424
30
0
41
1
10
24.1825867155971
20
-1.83746256164343
30
0
41
1
10
24.1808143025364
20
-1.83467520460809
30
0
41
1
10
24.1796157191209
20
-1.83279115273382
30
0
41
1
10
24.1768029266394
20
-1.82841818527692
30
0
41
1
10
24.1721084785756
20
-1.82128468506787
30
0
41
1
10
24.1654410236409
20
-1.81106863925081
30
0
41
1
10
24.1587547526039
20
-1.80087545833294
30
0
41
1
10
24.15206958506
20
-1.79069899682884
30
0
41
1
10
24.1453801754093
20
-1.78054083701244
30
0
41
1
10
24.1386879411331
20
-1.77040049239571
30
0
41
1
10
24.1319924901393
20
-1.76027802986096
30
0
41
1
10
24.125293915302
20
-1.75017336783156
30
0
41
1
10
24.1185921803026
20
-1.74008646412989
30
0
41
1
10
24.1118872840086
20
-1.73001726570285
30
0
41
1
10
24.1051792164709
20
-1.71996572208505
30
0
41
1
10
24.0984679706954
20
-1.70993178180277
30
0
41
1
10
24.091753539487
20
-1.69991539334325
30
0
41
1
10
24.0850359162884
20
-1.68991650490244
30
0
41
1
10
24.0783150949499
20
-1.6799350644593
30
0
41
1
10
24.0715910697853
20
-1.66997101976293
30
0
41
1
10
24.0648638355514
20
-1.66002431834281
30
0
41
1
10
24.058133387448
20
-1.65009490751288
30
0
41
1
10
24.0513997211119
20
-1.64018273437725
30
0
41
1
10
24.0446628326133
20
-1.63028774583532
30
0
41
1
10
24.0379227184509
20
-1.62040988858715
30
0
41
1
10
24.0311793755475
20
-1.6105491091385
30
0
41
1
10
24.0244328012461
20
-1.60070535380626
30
0
41
1
10
24.0176829933048
20
-1.59087856872333
30
0
41
1
10
24.0109299498932
20
-1.58106869984391
30
0
41
1
10
24.0041736695873
20
-1.57127569294838
30
0
41
1
10
23.9974141513657
20
-1.56149949364848
30
0
41
1
10
23.9906513946049
20
-1.5517400473922
30
0
41
1
10
23.9838853990754
20
-1.54199729946885
30
0
41
1
10
23.9771161649368
20
-1.53227119501372
30
0
41
1
10
23.9703436927341
20
-1.52256167901325
30
0
41
1
10
23.9635679833928
20
-1.51286869630962
30
0
41
1
10
23.9567890382153
20
-1.50319219160579
30
0
41
1
10
23.9500068588762
20
-1.49353210946981
30
0
41
1
10
23.943221447418
20
-1.48388839434028
30
0
41
1
10
23.9364328062471
20
-1.47426099053021
30
0
41
1
10
23.9296409381296
20
-1.46464984223223
30
0
41
1
10
23.9228458461868
20
-1.45505489352294
30
0
41
1
10
23.9160475338912
20
-1.44547608836763
30
0
41
1
10
23.9092460050626
20
-1.43591337062466
30
0
41
1
10
23.9024412638633
20
-1.42636668405012
30
0
41
1
10
23.8956333147943
20
-1.41683597230204
30
0
41
1
10
23.8888221626914
20
-1.40732117894518
30
0
41
1
10
23.8820078127208
20
-1.39782224745503
30
0
41
1
10
23.8751902703747
20
-1.38833912122234
30
0
41
1
10
23.8683695414679
20
-1.37887174355748
30
0
41
1
10
23.8615456321331
20
-1.36942005769467
30
0
41
1
10
23.8547185488173
20
-1.35998400679608
30
0
41
1
10
23.8478882982775
20
-1.3505635339562
30
0
41
1
10
23.8410548875766
20
-1.34115858220599
30
0
41
1
10
23.8342183240796
20
-1.3317690945168
30
0
41
1
10
23.8273786154496
20
-1.32239501380477
30
0
41
1
10
23.8205357696436
20
-1.31303628293466
30
0
41
1
10
23.8136897949086
20
-1.30369284472397
30
0
41
1
10
23.8068406997779
20
-1.29436464194674
30
0
41
1
10
23.7999884930668
20
-1.28505161733784
30
0
41
1
10
23.7931331838691
20
-1.27575371359651
30
0
41
1
10
23.7862747815527
20
-1.26647087339052
30
0
41
1
10
23.7794132957561
20
-1.25720303935972
30
0
41
1
10
23.7725487363845
20
-1.24795015412016
30
0
41
1
10
23.7656811136056
20
-1.23871216026754
30
0
41
1
10
23.7588104378464
20
-1.22948900038125
30
0
41
1
10
23.7519367197888
20
-1.22028061702775
30
0
41
1
10
23.7450599703659
20
-1.21108695276447
30
0
41
1
10
23.7381802007586
20
-1.20190795014344
30
0
41
1
10
23.7312974223916
20
-1.19274355171453
30
0
41
1
10
23.7244116469293
20
-1.18359370002952
30
0
41
1
10
23.7175228862728
20
-1.17445833764515
30
0
41
1
10
23.7106311525555
20
-1.16533740712706
30
0
41
1
10
23.7037364581398
20
-1.15623085105275
30
0
41
1
10
23.6968388156134
20
-1.1471386120154
30
0
41
1
10
23.6899382377857
20
-1.138060632627
30
0
41
1
10
23.6830347376836
20
-1.12899685552193
30
0
41
1
10
23.6761283285488
20
-1.11994722335993
30
0
41
1
10
23.6692190238334
20
-1.11091167882984
30
0
41
1
10
23.6623068371969
20
-1.10189016465233
30
0
41
1
10
23.655391782502
20
-1.09288262358359
30
0
41
1
10
23.6484738738119
20
-1.08388899841825
30
0
41
1
10
23.6415531253859
20
-1.07490923199251
30
0
41
1
10
23.6346295516765
20
-1.06594326718741
30
0
41
1
10
23.6277031673256
20
-1.05699104693184
30
0
41
1
10
23.6207739871612
20
-1.04805251420544
30
0
41
1
10
23.6138420261937
20
-1.03912761204194
30
0
41
1
10
23.6069072996129
20
-1.03021628353179
30
0
41
1
10
23.5999698227842
20
-1.02131847182548
30
0
41
1
10
23.5930296112451
20
-1.01243412013605
30
0
41
1
10
23.5860866807025
20
-1.0035631717424
30
0
41
1
10
23.5791410470284
20
-0.994705569991766
30
0
41
1
10
23.5721927262574
20
-0.985861258302918
30
0
41
1
10
23.5652417345828
20
-0.977030180168498
30
0
41
1
10
23.5582880883536
20
-0.968212279158365
30
0
41
1
10
23.5513318040713
20
-0.959407498921763
30
0
41
1
10
23.544372898386
20
-0.950615783190443
30
0
41
1
10
23.5374113880941
20
-0.941837075780967
30
0
41
1
10
23.5304472901343
20
-0.933071320597804
30
0
41
1
10
23.5234806215848
20
-0.924318461635494
30
0
41
1
10
23.5165113996599
20
-0.915578442981513
30
0
41
1
10
23.5095396417071
20
-0.906851208818722
30
0
41
1
10
23.5025653652035
20
-0.898136703427895
30
0
41
1
10
23.4955885877532
20
-0.889434871190161
30
0
41
1
10
23.4886093270837
20
-0.88074565658971
30
0
41
1
10
23.4816276010432
20
-0.872069004215803
30
0
41
1
10
23.4746434275972
20
-0.86340485876562
30
0
41
1
10
23.4676568248258
20
-0.854753165046304
30
0
41
1
10
23.46066781092
20
-0.846113867977522
30
0
41
1
10
23.4536764041804
20
-0.837486912593761
30
0
41
1
10
23.4466826230087
20
-0.82887224404621
30
0
41
1
10
23.4396864859247
20
-0.82026980760665
30
0
41
1
10
23.4326880114885
20
-0.811679548663705
30
0
41
1
10
23.4256872185773
20
-0.803101412747452
30
0
41
1
10
23.418684125339
20
-0.794535345447827
30
0
41
1
10
23.4116787530804
20
-0.78598129272936
30
0
41
1
10
23.4046711117565
20
-0.777439199767741
30
0
41
1
10
23.363277081953
20
-0.72706746254309
30
0
41
1
10
23.285811488875
20
-0.634145142534834
30
0
41
1
10
23.1698837275935
20
-0.498440777915135
30
0
41
1
10
23.0492199665416
20
-0.360307680659702
30
0
41
1
10
22.9238610461201
20
-0.219690396354309
30
0
41
1
10
22.7938505767532
20
-0.0765348110407729
30
0
41
1
10
22.659234495799
20
0.0692111175116281
30
0
41
1
10
22.5200604221758
20
0.217597021076898
30
0
41
1
10
22.3763776509051
20
0.368670115016897
30
0
41
1
10
22.2282349548189
20
0.522473673461207
30
0
41
1
10
22.0756870135868
20
0.679051698732735
30
0
41
1
10
21.9187677301876
20
0.838429836246235
30
0
41
1
10
21.7575914281329
20
1.00068808945875
30
0
41
1
10
21.6483225505933
20
1.10953584066573
30
0
41
1
10
21.5931130357895
20
1.16453257593867
30
0
0
SPLINE
5
126
100
AcDbEntity
8
1
62
256
6
ByLayer
370
18
48
1
60
0
100
AcDbSpline
70
4
71
3
72
12
73
8
40
0
40
0
40
0
40
0
40
0.249985132333335
40
0.249985132333335
40
0.49997029492348
40
0.49997029492348
40
1
40
1
40
1
40
1
41
1
10
75.3945815743872
20
3.14663577594976
30
0
41
1
10
75.3968151000923
20
3.14444489665024
30
0
41
1
10
75.3990430302934
20
3.14224930189135
30
0
41
1
10
75.4034874788071
20
3.13784863034394
30
0
41
1
10
75.4057040094943
20
3.13564354130082
30
0
41
1
10
75.4123366682276
20
3.12901345341498
30
0
41
1
10
75.4167354503868
20
3.12457403846236
30
0
41
1
10
75.4211101481902
20
3.12011523421163
30
0
0
SPLINE
5
127
100
AcDbEntity
8
1
62
256
6
ByLayer
370
18
48
1
60
0
100
AcDbSpline
70
4
71
3
72
40
73
36
40
0
40
0
40
0
40
0
40
0.0156250000000007
40
0.0156250000000007
40
0.0312500000000013
40
0.0312500000000013
40
0.0390625000000016
40
0.0390625000000016
40
0.046875000000002
40
0.046875000000002
40
0.0546875000000023
40
0.0546875000000023
40
0.0625000000000026
40
0.0625000000000026
40
0.0781250000000028
40
0.0781250000000028
40
0.0937500000000031
40
0.0937500000000031
40
0.125000000000003
40
0.125000000000003
40
0.156250000000004
40
0.156250000000004
40
0.187500000000004
40
0.187500000000004
40
0.250000000000004
40
0.250000000000004
40
0.375000000000003
40
0.375000000000003
40
0.500000000000003
40
0.500000000000003
40
0.625000000000002
40
0.625000000000002
40
0.750000000000002
40
0.750000000000002
40
1
40
1
40
1
40
1
41
1
10
75.4211101481902
20
3.12011523421168
30
0
41
1
10
75.4262655193278
20
3.11486074766776
30
0
41
1
10
75.4316737922042
20
3.10982266389954
30
0
41
1
10
75.4434082099262
20
3.10053800898214
30
0
41
1
10
75.4497049270765
20
3.09629272540644
30
0
41
1
10
75.4601259689629
20
3.09146905466684
30
0
41
1
10
75.4638029762268
20
3.09012117242605
30
0
41
1
10
75.4713021800223
20
3.08832504514217
30
0
41
1
10
75.47522743498
20
3.0878693969363
30
0
41
1
10
75.4828361859567
20
3.08808054742181
30
0
41
1
10
75.4866102483232
20
3.0887444515773
30
0
41
1
10
75.4936888321818
20
3.09101173999545
30
0
41
1
10
75.4970058892735
20
3.09260180856288
30
0
41
1
10
75.506192654844
20
3.098212381731
30
0
41
1
10
75.5113006471809
20
3.102978283673
30
0
41
1
10
75.5203878562563
20
3.11325545402519
30
0
41
1
10
75.5242939561171
20
3.11871430514552
30
0
41
1
10
75.5350140239799
20
3.13558374979672
30
0
41
1
10
75.5408534865941
20
3.14751769829272
30
0
41
1
10
75.5513415523993
20
3.17174828082338
30
0
41
1
10
75.5559265301663
20
3.18401207556357
30
0
41
1
10
75.5643797694905
20
3.20867998657425
30
0
41
1
10
75.5682355129512
20
3.2210873548093
30
0
41
1
10
75.5790841362725
20
3.25842679684882
30
0
41
1
10
75.5853734666388
20
3.28347227404069
30
0
41
1
10
75.6027169835571
20
3.35872414226145
30
0
41
1
10
75.6122690694089
20
3.40907991108722
30
0
41
1
10
75.629369926125
20
3.50922586153732
30
0
41
1
10
75.6368603216695
20
3.55907107465367
30
0
41
1
10
75.650360392041
20
3.65820019437501
30
0
41
1
10
75.6563584163323
20
3.70748601368228
30
0
41
1
10
75.6670318670318
20
3.80546622738555
30
0
41
1
10
75.6717027171561
20
3.8541849092835
30
0
41
1
10
75.6837423712774
20
3.99925666949838
30
0
41
1
10
75.6891615726637
20
4.09447462579953
30
0
41
1
10
75.6917177911873
20
4.1882137012031
30
0
0
SPLINE
5
128
100
AcDbEntity
8
1
62
256
6
ByLayer
370
18
48
1
60
0
100
AcDbSpline
70
4
71
3
72
10
73
6
40
0
40
0
40
0
40
0
40
0.5
40
0.5
40
1
40
1
40
1
40
1
41
1
10
75.6917177911871
20
4.18821370120327
30
0
41
1
10
75.6265144506237
20
4.36177335141196
30
0
41
1
10
75.5617521450846
20
4.52972311181205
30
0
41
1
10
75.4331248649742
20
4.85420873672049
30
0
41
1
10
75.3692598011876
20
5.01074573603202
30
0
41
1
10
75.3058606677033
20
5.16135618187226
30
0
0
SPLINE
5
129
100
AcDbEntity
8
1
62
256
6
ByLayer
370
18
48
1
60
0
100
AcDbSpline
70
4
71
3
72
24
73
20
40
0
40
0
40
0
40
0
40
0.125000000000004
40
0.125000000000004
40
0.250000000000008
40
0.250000000000008
40
0.375000000000012
40
0.375000000000012
40
0.437500000000011
40
0.437500000000011
40
0.50000000000001
40
0.50000000000001
40
0.625000000000007
40
0.625000000000007
40
0.750000000000005
40
0.750000000000005
40
0.875000000000002
40
0.875000000000002
40
1
40
1
40
1
40
1
41
1
10
21.1401918025855
20
4.5199233808637
30
0
41
1
10
21.2673501402749
20
4.39385074040393
30
0
41
1
10
21.3950045768437
20
4.26648791766306
30
0
41
1
10
21.651658496837
20
4.00961898921378
30
0
41
1
10
21.7806578295166
20
3.88010819168474
30
0
41
1
10
22.0405419812514
20
3.61937386720916
30
0
41
1
10
22.1714276503692
20
3.48814494406091
30
0
41
1
10
22.3697123982008
20
3.29046020442038
30
0
41
1
10
22.4361347496649
20
3.22442644058933
30
0
41
1
10
22.569742089239
20
3.09217270431611
30
0
41
1
10
22.6368319578637
20
3.02604743067536
30
0
41
1
10
22.8387916431694
20
2.82815885032383
30
0
41
1
10
22.9744786511521
20
2.69674746577999
30
0
41
1
10
23.2488380430416
20
2.43596992248482
30
0
41
1
10
23.3875099486635
20
2.30660340685432
30
0
41
1
10
23.6688691641652
20
2.05109759462278
30
0
41
1
10
23.8115554604662
20
1.92495701104929
30
0
41
1
10
24.1021346372427
20
1.67727589318972
30
0
41
1
10
24.2500255514195
20
1.55573335450762
30
0
41
1
10
24.4012147347295
20
1.43729794830756
30
0
0
SPLINE
5
12A
100
AcDbEntity
8
1
62
256
6
ByLayer
370
18
48
1
60
0
100
AcDbSpline
70
4
71
3
72
18
73
14
40
0
40
0
40
0
40
0
40
0.124999999999991
40
0.124999999999991
40
0.249999999999982
40
0.249999999999982
40
0.374999999999973
40
0.374999999999973
40
0.499999999999964
40
0.499999999999964
40
0.749999999999982
40
0.749999999999982
40
1
40
1
40
1
40
1
41
1
10
23.5370461451848
20
-2.15570451430122
30
0
41
1
10
23.5744980159336
20
-2.16709804635502
30
0
41
1
10
23.6111046489518
20
-2.18044071336692
30
0
41
1
10
23.6833719935759
20
-2.20933494566449
30
0
41
1
10
23.7190169482614
20
-2.2249222077653
30
0
41
1
10
23.7896574572371
20
-2.25763179343792
30
0
41
1
10
23.8246811314795
20
-2.27478119873604
30
0
41
1
10
23.8939878046035
20
-2.31009359885874
30
0
41
1
10
23.9282963541791
20
-2.32827125419823
30
0
41
1
10
24.0304304608129
20
-2.38401475977955
30
0
41
1
10
24.097476612732
20
-2.42277348212522
30
0
41
1
10
24.2301929505778
20
-2.50244637701002
30
0
41
1
10
24.2958531339578
20
-2.54337508448194
30
0
41
1
10
24.3610028955595
20
-2.58512151436602
30
0
0
SPLINE
5
12B
100
AcDbEntity
8
1
62
256
6
ByLayer
370
18
48
1
60
0
100
AcDbSpline
70
4
71
3
72
8
73
4
40
0
40
0
40
0
40
0
40
1
40
1
40
1
40
1
41
1
10
24.3609998158747
20
-2.5851167308395
30
0
41
1
10
24.3666964531224
20
-2.59396785190913
30
0
41
1
10
24.3723937165153
20
-2.60282087420555
30
0
41
1
10
24.3780916065085
20
-2.61167579198062
30
0
0
SPLINE
5
12C
100
AcDbEntity
8
1
62
256
6
ByLayer
370
18
48
1
60
0
100
AcDbSpline
70
4
71
3
72
8
73
4
40
0
40
0
40
0
40
0
40
1
40
1
40
1
40
1
41
1
10
24.3803664623148
20
-2.6114299970435
30
0
41
1
10
24.4731251235646
20
-2.67253609648415
30
0
41
1
10
24.5682085326303
20
-2.73074702800142
30
0
41
1
10
24.6660261434709
20
-2.78567104769388
30
0
0
SPLINE
5
12D
100
AcDbEntity
8
1
62
256
6
ByLayer
370
18
48
1
60
0
100
AcDbSpline
70
4
71
3
72
24
73
20
40
0
40
0
40
0
40
0
40
0.124999999999996
40
0.124999999999996
40
0.249999999999993
40
0.249999999999993
40
0.374999999999989
40
0.374999999999989
40
0.43749999999999
40
0.43749999999999
40
0.499999999999992
40
0.499999999999992
40
0.624999999999993
40
0.624999999999993
40
0.749999999999995
40
0.749999999999995
40
0.874999999999998
40
0.874999999999998
40
1
40
1
40
1
40
1
41
1
10
21.1401918025855
20
-4.73182168065486
30
0
41
1
10
21.2673501402749
20
-4.83448444741279
30
0
41
1
10
21.3950045768437
20
-4.93369734861861
30
0
41
1
10
21.6516584968369
20
-5.12528769389888
30
0
41
1
10
21.7806578295165
20
-5.21765673702618
30
0
41
1
10
22.0405419812514
20
-5.39521377365188
30
0
41
1
10
22.1714276503691
20
-5.48038993505693
30
0
41
1
10
22.3697123982007
20
-5.60244270559878
30
0
41
1
10
22.4361347496649
20
-5.64217464922757
30
0
41
1
10
22.569742089239
20
-5.71967547810988
30
0
41
1
10
22.6368319578636
20
-5.75738773488962
30
0
41
1
10
22.8387916431693
20
-5.8671688263523
30
0
41
1
10
22.9744786511521
20
-5.93595760538142
30
0
41
1
10
23.2488380430416
20
-6.06441621620405
30
0
41
1
10
23.3875099486634
20
-6.12408733633907
30
0
41
1
10
23.6688691641651
20
-6.2339785118823
30
0
41
1
10
23.8115554604661
20
-6.28419816238528
30
0
41
1
10
24.1021346372426
20
-6.37483723555329
30
0
41
1
10
24.2500255514194
20
-6.41525878100052
30
0
41
1
10
24.4012147347294
20
-6.45061282842599
30
0
0
SPLINE
5
12E
100
AcDbEntity
8
1
62
256
6
ByLayer
370
18
48
1
60
0
100
AcDbSpline
70
4
71
3
72
8
73
4
40
0
40
0
40
0
40
0
40
1
40
1
40
1
40
1
41
1
10
24.8830706242875
20
-3.41382307749916
30
0
41
1
10
24.8887177473541
20
-3.42350667422198
30
0
41
1
10
24.894360571678
20
-3.43320616858966
30
0
41
1
10
24.8999991827853
20
-3.44292165460075
30
0
0
SPLINE
5
12F
100
AcDbEntity
8
1
62
256
6
ByLayer
370
18
48
1
60
0
100
AcDbSpline
70
4
71
3
72
22
73
18
40
0
40
0
40
0
40
0
40
0.125
40
0.125
40
0.25
40
0.25
40
0.375
40
0.375
40
0.5
40
0.5
40
0.625
40
0.625
40
0.75
40
0.75
40
0.875
40
0.875
40
1
40
1
40
1
40
1
41
1
10
18.5486200984689
20
-0.149927915891539
30
0
41
1
10
18.7349010184673
20
-0.253986121927028
30
0
41
1
10
18.923050224791
20
-0.355591086632444
30
0
41
1
10
19.3037021965959
20
-0.553365414717007
30
0
41
1
10
19.4962058976716
20
-0.649531319322733
30
0
41
1
10
19.8862451515123
20
-0.83606627693797
30
0
41
1
10
20.0837824242902
20
-0.926431150866563
30
0
41
1
10
20.4845886131009
20
-1.10129133699317
30
0
41
1
10
20.6878601407084
20
-1.18578225720378
30
0
41
1
10
21.1007914281332
20
-1.34924128566141
30
0
41
1
10
21.3104546076322
20
-1.42820565583978
30
0
41
1
10
21.7366915502926
20
-1.58150345323858
30
0
41
1
10
21.9532691947009
20
-1.65583490184119
30
0
41
1
10
22.393612036335
20
-1.80139402822709
30
0
41
1
10
22.6173809659759
20
-1.87262257339657
30
0
41
1
10
23.0720211418693
20
-2.01415910341805
30
0
41
1
10
23.3028951686064
20
-2.08447157977091
30
0
41
1
10
23.5370461451849
20
-2.15570451430122
30
0
0
SPLINE
5
130
100
AcDbEntity
8
1
62
256
6
ByLayer
370
18
48
1
60
0
100
AcDbSpline
70
4
71
3
72
31
73
27
40
0
40
0
40
0
40
0
40
0.12499999999999
40
0.12499999999999
40
0.249999999999979
40
0.249999999999979
40
0.312499999999974
40
0.343749999999973
40
0.343749999999973
40
0.374999999999972
40
0.374999999999972
40
0.499999999999978
40
0.499999999999978
40
0.624999999999983
40
0.624999999999983
40
0.749999999999989
40
0.749999999999989
40
0.812499999999992
40
0.812499999999992
40
0.874999999999994
40
0.874999999999994
40
0.906249999999996
40
0.906249999999996
40
0.937499999999997
40
0.937499999999997
40
1
40
1
40
1
40
1
41
1
10
23.7349232500336
20
-0.611595062830247
30
0
41
1
10
23.6077855203003
20
-0.39392621771799
30
0
41
1
10
23.4824084855663
20
-0.175443428853839
30
0
41
1
10
23.2350721862824
20
0.263087505278094
30
0
41
1
10
23.1130913834643
20
0.483123613719329
30
0
41
1
10
22.9327486822435
20
0.814379214307337
30
0
41
1
10
22.843230883887
20
0.980305265325882
30
0
41
1
10
22.7546725243809
20
1.14666432206258
30
0
41
1
10
22.6958519302958
20
1.25766907471544
30
0
41
1
10
22.6665252107213
20
1.31326974774726
30
0
41
1
10
22.5207491509296
20
1.59094992371999
30
0
41
1
10
22.4075157766282
20
1.8108576000563
30
0
41
1
10
22.187544794551
20
2.24607991420763
30
0
41
1
10
22.0808347255917
20
2.46140730099125
30
0
41
1
10
21.8740170197865
20
2.88734696525907
30
0
41
1
10
21.7738676693805
20
3.09794249601526
30
0
41
1
10
21.6286099909104
20
3.41004072799669
30
0
41
1
10
21.5810216321854
20
3.51344074947093
30
0
41
1
10
21.4875616384179
20
3.71893246273632
30
0
41
1
10
21.441673725393
20
3.82101800662878
30
0
41
1
10
21.3742920398949
20
3.97316724672382
30
0
41
1
10
21.3520759759077
20
4.02372137736839
30
0
41
1
10
21.3081507319121
20
4.12449945262617
30
0
41
1
10
21.2864366261076
20
4.17473646337692
30
0
41
1
10
21.2222817570393
20
4.32435177222843
30
0
41
1
10
21.1807685880358
20
4.42283116153106
30
0
41
1
10
21.1401918025856
20
4.51992338086367
30
0
0
SPLINE
5
131
100
AcDbEntity
8
1
62
256
6
ByLayer
370
18
48
1
60
0
100
AcDbSpline
70
4
71
3
72
43
73
39
40
0
40
0
40
0
40
0
40
0.0312500000000001
40
0.0312500000000001
40
0.0625000000000001
40
0.0625000000000001
40
0.125
40
0.125
40
0.25
40
0.25
40
0.375
40
0.375
40
0.437500000000002
40
0.437500000000002
40
0.500000000000004
40
0.500000000000004
40
0.562500000000006
40
0.562500000000006
40
0.625000000000009
40
0.625000000000009
40
0.687500000000011
40
0.687500000000011
40
0.750000000000013
40
0.750000000000013
40
0.765625000000013
40
0.765625000000013
40
0.781250000000013
40
0.812500000000012
40
0.812500000000012
40
0.875000000000012
40
0.875000000000012
40
0.890625000000011
40
0.890625000000011
40
0.90625000000001
40
0.90625000000001
40
0.937500000000007
40
0.937500000000007
40
1
40
1
40
1
40
1
41
1
10
21.1401918025847
20
4.51992338086316
30
0
41
1
10
21.1027781597352
20
4.55536913950726
30
0
41
1
10
21.0654078562539
20
4.59067784775354
30
0
41
1
10
20.9907563872028
20
4.66101755091447
30
0
41
1
10
20.9534545268283
20
4.69606791850802
30
0
41
1
10
20.841841870813
20
4.80065529618784
30
0
41
1
10
20.7679065750453
20
4.86955035060612
30
0
41
1
10
20.5476119512414
20
5.07375040686571
30
0
41
1
10
20.4027415487345
20
5.20656707194811
30
0
41
1
10
20.1179569730177
20
5.46568400268407
30
0
41
1
10
19.9780315777176
20
5.59198504246325
30
0
41
1
10
19.773210667459
20
5.77670924917837
30
0
41
1
10
19.7057890155261
20
5.83749673465817
30
0
41
1
10
19.5729959674604
20
5.95753200404656
30
0
41
1
10
19.5075395764275
20
6.01685694109602
30
0
41
1
10
19.3799039523947
20
6.13330610473721
30
0
41
1
10
19.3176512579952
20
6.19049490915293
30
0
41
1
10
19.1968745819565
20
6.30282985139468
30
0
41
1
10
19.1383479963511
20
6.3579759501535
30
0
41
1
10
19.0258210587366
20
6.46625058902163
30
0
41
1
10
18.971816115108
20
6.51937901103901
30
0
41
1
10
18.8694355955223
20
6.62364178095856
30
0
41
1
10
18.8210512725546
20
6.67477582369597
30
0
41
1
10
18.7650881417149
20
6.73746437469512
30
0
41
1
10
18.7541144385897
20
6.74995085766977
30
0
41
1
10
18.7327266736451
20
6.7747172574758
30
0
41
1
10
18.7014660081955
20
6.81157762809545
30
0
41
1
10
18.6727974864613
20
6.84756825381322
30
0
41
1
10
18.6193305340412
20
6.91838218480171
30
0
41
1
10
18.5888031583217
20
6.96403581350106
30
0
41
1
10
18.5589282895692
20
7.01912104197049
30
0
41
1
10
18.5533708965226
20
7.03003893775883
30
0
41
1
10
18.5431540386597
20
7.05167526945712
30
0
41
1
10
18.5384878758877
20
7.06241166259071
30
0
41
1
10
18.5260005652735
20
7.09416738411551
30
0
41
1
10
18.5196866593832
20
7.11471946552717
30
0
41
1
10
18.5074020163824
20
7.17452256129968
30
0
41
1
10
18.5080229707421
20
7.21192144201186
30
0
41
1
10
18.5197313487232
20
7.24684381466989
30
0
0
SPLINE
5
132
100
AcDbEntity
8
1
62
256
6
ByLayer
370
18
48
1
60
0
100
AcDbSpline
70
4
71
3
72
34
73
30
40
0
40
0
40
0
40
0
40
0.124999999999993
40
0.124999999999993
40
0.18749999999999
40
0.18749999999999
40
0.218749999999989
40
0.218749999999989
40
0.249999999999989
40
0.249999999999989
40
0.374999999999988
40
0.374999999999988
40
0.406249999999989
40
0.406249999999989
40
0.43749999999999
40
0.499999999999984
40
0.562499999999977
40
0.562499999999977
40
0.593749999999974
40
0.593749999999974
40
0.624999999999971
40
0.624999999999971
40
0.749999999999972
40
0.749999999999972
40
0.812499999999979
40
0.812499999999979
40
0.874999999999986
40
0.874999999999986
40
1
40
1
40
1
40
1
41
1
10
18.5197313487213
20
7.24684381466986
30
0
41
1
10
18.5100941900802
20
7.27812132712629
30
0
41
1
10
18.5073315032218
20
7.30744175335769
30
0
41
1
10
18.5159398623997
20
7.34845883262548
30
0
41
1
10
18.5209438978573
20
7.3616370602553
30
0
41
1
10
18.5320720738254
20
7.38065774686791
30
0
41
1
10
18.5363758246996
20
7.38685007948152
30
0
41
1
10
18.546142432423
20
7.39886293843711
30
0
41
1
10
18.5516125751772
20
7.40469643285306
30
0
41
1
10
18.5819499722836
20
7.43302390906248
30
0
41
1
10
18.6157492583848
20
7.45299895763807
30
0
41
1
10
18.6710045219762
20
7.47499189095132
30
0
41
1
10
18.6827341134321
20
7.47925022035204
30
0
41
1
10
18.7074126188275
20
7.4874390780943
30
0
41
1
10
18.7460961175414
20
7.49918113548225
30
0
41
1
10
18.8186870284773
20
7.51624385614065
30
0
41
1
10
18.8850647974373
20
7.52758790559159
30
0
41
1
10
18.9378638194575
20
7.53535073962786
30
0
41
1
10
18.9559664505255
20
7.53781397328947
30
0
41
1
10
18.9931651354539
20
7.54250967790267
30
0
41
1
10
19.0123058836982
20
7.54474647881472
30
0
41
1
10
19.1095464652838
20
7.55530079172911
30
0
41
1
10
19.1926680057103
20
7.56182646401496
30
0
41
1
10
19.3239899311078
20
7.56977212021923
30
0
41
1
10
19.3688780801706
20
7.57210812536943
30
0
41
1
10
19.4607298413271
20
7.57627622177316
30
0
41
1
10
19.5077373950487
20
7.57810958463037
30
0
41
1
10
19.6514250120761
20
7.58299048309431
30
0
41
1
10
19.7490596990548
20
7.58537751033012
30
0
41
1
10
19.8482031144449
20
7.58725312080227
30
0
0
SPLINE
5
133
100
AcDbEntity
8
1
62
256
6
ByLayer
370
18
48
1
60
0
100
AcDbSpline
70
4
71
3
72
70
73
66
40
0
40
0
40
0
40
0
40
0.03125
40
0.03125
40
0.0625
40
0.0625
40
0.124999999999997
40
0.124999999999997
40
0.187499999999993
40
0.187499999999993
40
0.24999999999999
40
0.24999999999999
40
0.312499999999986
40
0.312499999999986
40
0.343749999999985
40
0.343749999999985
40
0.374999999999983
40
0.374999999999983
40
0.43749999999998
40
0.43749999999998
40
0.499999999999976
40
0.499999999999976
40
0.531249999999976
40
0.531249999999976
40
0.546874999999976
40
0.546874999999976
40
0.562499999999977
40
0.562499999999977
40
0.593749999999981
40
0.593749999999981
40
0.624999999999984
40
0.624999999999984
40
0.640624999999986
40
0.640624999999986
40
0.656249999999988
40
0.656249999999988
40
0.687499999999991
40
0.687499999999991
40
0.718749999999993
40
0.718749999999993
40
0.734374999999994
40
0.734374999999994
40
0.742187499999995
40
0.742187499999995
40
0.749999999999996
40
0.781250000000001
40
0.781250000000001
40
0.796875000000004
40
0.804687500000006
40
0.804687500000006
40
0.812500000000007
40
0.812500000000007
40
0.843750000000006
40
0.843750000000006
40
0.875000000000005
40
0.875000000000005
40
0.906250000000004
40
0.906250000000004
40
0.937500000000002
40
0.937500000000002
40
0.953125000000002
40
0.953125000000002
40
0.968750000000001
40
0.968750000000001
40
1
40
1
40
1
40
1
41
1
10
21.1401918025736
20
-7.24797578392617
30
0
41
1
10
21.0885815558868
20
-7.26627192131724
30
0
41
1
10
21.0370536484233
20
-7.28393676703422
30
0
41
1
10
20.9341698745337
20
-7.31797630139255
30
0
41
1
10
20.882824316683
20
-7.33434619255894
30
0
41
1
10
20.7296126992446
20
-7.38131855066027
30
0
41
1
10
20.6283871195811
20
-7.40984606831532
30
0
41
1
10
20.4279840219684
20
-7.46121593442828
30
0
41
1
10
20.3288054892277
20
-7.48405923141183
30
0
41
1
10
20.1328656828118
20
-7.52388941004097
30
0
41
1
10
20.0361025857331
20
-7.54087761392299
30
0
41
1
10
19.8455570566825
20
-7.56873077932892
30
0
41
1
10
19.7517712921951
20
-7.57959780122693
30
0
41
1
10
19.613951883636
20
-7.59099732004233
30
0
41
1
10
19.5684663656621
20
-7.59398012773622
30
0
41
1
10
19.4787006947067
20
-7.59823283003044
30
0
41
1
10
19.4345160233262
20
-7.59949903148876
30
0
41
1
10
19.3043079909029
20
-7.60063757469126
30
0
41
1
10
19.2206072429965
20
-7.59785946101618
30
0
41
1
10
19.0612151579612
20
-7.58461243138356
30
0
41
1
10
18.985504764483
20
-7.57415041998738
30
0
41
1
10
18.8800020590094
20
-7.55194387320662
30
0
41
1
10
18.8461873107017
20
-7.54345254230941
30
0
41
1
10
18.7978724257648
20
-7.52894257183141
30
0
41
1
10
18.7821696826854
20
-7.52381003948278
30
0
41
1
10
18.7516464108077
20
-7.51292455793478
30
0
41
1
10
18.7368468794523
20
-7.50717784677448
30
0
41
1
10
18.6941126782855
20
-7.48906071760311
30
0
41
1
10
18.6677714432469
20
-7.47579207589354
30
0
41
1
10
18.6201143564043
20
-7.44672377474757
30
0
41
1
10
18.5987953050754
20
-7.43092470792027
30
0
41
1
10
18.5713054420314
20
-7.40517873947212
30
0
41
1
10
18.5628923902128
20
-7.39625508119104
30
0
41
1
10
18.5477193206345
20
-7.3776929736818
30
0
41
1
10
18.5409488470006
20
-7.36803623020938
30
0
41
1
10
18.5234606229199
20
-7.33806738936974
30
0
41
1
10
18.51561117387
20
-7.31687609049914
30
0
41
1
10
18.5086583146264
20
-7.27206648525848
30
0
41
1
10
18.5095495838315
20
-7.2484482072349
30
0
41
1
10
18.5185636508764
20
-7.21119145969064
30
0
41
1
10
18.5228512201864
20
-7.1984675805237
30
0
41
1
10
18.5313859855792
20
-7.17892245734663
30
0
41
1
10
18.5345882057443
20
-7.17232075711851
30
0
41
1
10
18.5416693769002
20
-7.15906685608925
30
0
41
1
10
18.5610830807518
20
-7.12575661766562
30
0
41
1
10
18.5891306746831
20
-7.09164081432726
30
0
41
1
10
18.6315604374566
20
-7.05022567734909
30
0
41
1
10
18.6549708667737
20
-7.02939935804693
30
0
41
1
10
18.6817913168483
20
-7.00845430799703
30
0
41
1
10
18.7004445382325
20
-6.99447149963541
30
0
41
1
10
18.7101442875003
20
-6.98748168008785
30
0
41
1
10
18.7601350702176
20
-6.95281298133102
30
0
41
1
10
18.8051993841916
20
-6.92574241380996
30
0
41
1
10
18.9048080391708
20
-6.87326236432193
30
0
41
1
10
18.9593695868686
20
-6.84784554725843
30
0
41
1
10
19.0774958949336
20
-6.79901253729872
30
0
41
1
10
19.1396879982399
20
-6.77615654281718
30
0
41
1
10
19.2694374776037
20
-6.7334293964006
30
0
41
1
10
19.3369991246635
20
-6.71355887676859
30
0
41
1
10
19.4419212124502
20
-6.68593291169631
30
0
41
1
10
19.4774937151877
20
-6.67708793992307
30
0
41
1
10
19.5497797188891
20
-6.66011946919602
30
0
41
1
10
19.5865712560637
20
-6.65198152710323
30
0
41
1
10
19.6974807587233
20
-6.62886466168166
30
0
41
1
10
19.7724140889748
20
-6.61510439048541
30
0
41
1
10
19.8482031144458
20
-6.60284092027106
30
0
0
SPLINE
5
134
100
AcDbEntity
8
1
62
256
6
ByLayer
370
18
48
1
60
0
100
AcDbSpline
70
4
71
3
72
30
73
26
40
0
40
0
40
0
40
0
40
0.0624999999999945
40
0.0624999999999945
40
0.0937499999999916
40
0.0937499999999916
40
0.124999999999989
40
0.124999999999989
40
0.249999999999949
40
0.249999999999949
40
0.312499999999943
40
0.312499999999943
40
0.343749999999941
40
0.343749999999941
40
0.374999999999938
40
0.374999999999938
40
0.499999999999955
40
0.499999999999955
40
0.624999999999972
40
0.624999999999972
40
0.687499999999981
40
0.687499999999981
40
0.74999999999999
40
0.74999999999999
40
1
40
1
40
1
40
1
41
1
10
19.8482031144458
20
-6.60284092027104
30
0
41
1
10
19.8768081770257
20
-6.59821231697725
30
0
41
1
10
19.9060011709833
20
-6.59446748659877
30
0
41
1
10
19.9505646454556
20
-6.59003063164533
30
0
41
1
10
19.9655909685606
20
-6.58874644073131
30
0
41
1
10
19.9956293579284
20
-6.58657281044751
30
0
41
1
10
20.0106455020601
20
-6.58568145945486
30
0
41
1
10
20.085712267188
20
-6.58212199805547
30
0
41
1
10
20.1457216785398
20
-6.58210774757657
30
0
41
1
10
20.2356847204046
20
-6.58537834024244
30
0
41
1
10
20.2656637595759
20
-6.58702466345815
30
0
41
1
10
20.3106203862835
20
-6.59025665125964
30
0
41
1
10
20.3255978077703
20
-6.59146138233996
30
0
41
1
10
20.355344769256
20
-6.59409543736604
30
0
41
1
10
20.3701407429903
20
-6.59552655695754
30
0
41
1
10
20.4437545647327
20
-6.60321733561835
30
0
41
1
10
20.5014837862203
20
-6.61106921183537
30
0
41
1
10
20.6149879560896
20
-6.6295224158502
30
0
41
1
10
20.6707593207118
20
-6.6401289890365
30
0
41
1
10
20.7530938135985
20
-6.65779904040184
30
0
41
1
10
20.7803172184928
20
-6.66398377198556
30
0
41
1
10
20.8343360681271
20
-6.67690395379742
30
0
41
1
10
20.8610539044669
20
-6.68362201102511
30
0
41
1
10
20.9924828578152
20
-6.71818485064739
30
0
41
1
10
21.0915837909963
20
-6.74908642485639
30
0
41
1
10
21.1855062431579
20
-6.78217819251884
30
0
0
SPLINE
5
135
100
AcDbEntity
8
1
62
256
6
ByLayer
370
18
48
1
60
0
100
AcDbSpline
70
4
71
3
72
31
73
27
40
0
40
0
40
0
40
0
40
0.124999999999997
40
0.124999999999997
40
0.249999999999994
40
0.249999999999994
40
0.312499999999993
40
0.34374999999999
40
0.34374999999999
40
0.374999999999988
40
0.374999999999988
40
0.499999999999988
40
0.499999999999988
40
0.624999999999988
40
0.624999999999988
40
0.749999999999988
40
0.749999999999988
40
0.81249999999999
40
0.81249999999999
40
0.874999999999992
40
0.874999999999992
40
0.906249999999994
40
0.906249999999994
40
0.937499999999996
40
0.937499999999996
40
1
40
1
40
1
40
1
41
1
10
23.7349232500336
20
-7.47552017929777
30
0
41
1
10
23.6077855203003
20
-7.4361580023018
30
0
41
1
10
23.4824084855662
20
-7.38754358198727
30
0
41
1
10
23.2350721862823
20
-7.27160094888572
30
0
41
1
10
23.1130913834643
20
-7.20427873843556
30
0
41
1
10
22.9327486822435
20
-7.08877799928729
30
0
41
1
10
22.843230883887
20
-7.02739351501606
30
0
41
1
10
22.7546725243809
20
-6.96042475514386
30
0
41
1
10
22.6958519302958
20
-6.91451794825269
30
0
41
1
10
22.6665252107213
20
-6.89091275395771
30
0
41
1
10
22.5207491509296
20
-6.76993297683356
30
0
41
1
10
22.4075157766281
20
-6.66425639200253
30
0
41
1
10
22.1875447945509
20
-6.43518458972858
30
0
41
1
10
22.0808347255917
20
-6.31178474528483
30
0
41
1
10
21.8740170197864
20
-6.04687341350137
30
0
41
1
10
21.7738676693805
20
-5.9053745449196
30
0
41
1
10
21.6286099909103
20
-5.67895932489898
30
0
41
1
10
21.5810216321853
20
-5.60112225741469
30
0
41
1
10
21.4875616384179
20
-5.44055871580014
30
0
41
1
10
21.441673725393
20
-5.35783801304444
30
0
41
1
10
21.3742920398949
20
-5.22990260510883
30
0
41
1
10
21.3520759759077
20
-5.18661373139918
30
0
41
1
10
21.308150731912
20
-5.0987150894025
30
0
41
1
10
21.2864366261075
20
-5.05409162731613
30
0
41
1
10
21.2222817570393
20
-4.91872970277012
30
0
41
1
10
21.1807685880357
20
-4.82633008343308
30
0
41
1
10
21.1401918025855
20
-4.73182168065492
30
0
0
SPLINE
5
136
100
AcDbEntity
8
1
62
256
6
ByLayer
370
18
48
1
60
0
100
AcDbSpline
70
4
71
3
72
48
73
44
40
0
40
0
40
0
40
0
40
0.0312499999999972
40
0.0312499999999972
40
0.0624999999999944
40
0.0624999999999944
40
0.124999999999993
40
0.124999999999993
40
0.24999999999999
40
0.24999999999999
40
0.374999999999987
40
0.374999999999987
40
0.437499999999988
40
0.437499999999988
40
0.468749999999989
40
0.468749999999989
40
0.499999999999989
40
0.499999999999989
40
0.56249999999999
40
0.56249999999999
40
0.624999999999991
40
0.624999999999991
40
0.687499999999992
40
0.687499999999992
40
0.718749999999993
40
0.718749999999993
40
0.749999999999993
40
0.749999999999993
40
0.812499999999995
40
0.812499999999995
40
0.843749999999995
40
0.843749999999995
40
0.859374999999996
40
0.859374999999996
40
0.874999999999996
40
0.874999999999996
40
0.937499999999998
40
0.937499999999998
40
0.968749999999999
40
0.968749999999999
40
0.984374999999999
40
0.984374999999999
40
1
40
1
40
1
40
1
41
1
10
21.1401918025847
20
-4.73182168065574
30
0
41
1
10
21.1015212637922
20
-4.69616010744809
30
0
41
1
10
21.0628970197099
20
-4.66014862490272
30
0
41
1
10
20.9857438699938
20
-4.58741325504894
30
0
41
1
10
20.9471903386075
20
-4.55066552819409
30
0
41
1
10
20.8318775832618
20
-4.43952200141888
30
0
41
1
10
20.7555085492383
20
-4.36427161005849
30
0
41
1
10
20.5280243253857
20
-4.134950430586
30
0
41
1
10
20.3785060935629
20
-3.97733436258105
30
0
41
1
10
20.0848574595632
20
-3.65155692409724
30
0
41
1
10
19.9407129996426
20
-3.4834109142773
30
0
41
1
10
19.7301004547671
20
-3.22176679793381
30
0
41
1
10
19.6608390921216
20
-3.13297249863072
30
0
41
1
10
19.5586665462748
20
-2.99711160945594
30
0
41
1
10
19.5248719903832
20
-2.95134403984983
30
0
41
1
10
19.4581204335217
20
-2.8591328398021
30
0
41
1
10
19.4251474011486
20
-2.81266923574003
30
0
41
1
10
19.3275445663371
20
-2.67213762831079
30
0
41
1
10
19.2642241973792
20
-2.57693324926575
30
0
41
1
10
19.1417967416848
20
-2.38304368515969
30
0
41
1
10
19.0826860287873
20
-2.28436079540231
30
0
41
1
10
18.96965040759
20
-2.08290178319197
30
0
41
1
10
18.9157188291986
20
-1.98012985765217
30
0
41
1
10
18.8397454096209
20
-1.82224742056147
30
0
41
1
10
18.8152453442275
20
-1.76899678942033
30
0
41
1
10
18.7681279573521
20
-1.66110104997369
30
0
41
1
10
18.7454827785423
20
-1.60637489761197
30
0
41
1
10
18.6812757784494
20
-1.44110131663172
30
0
41
1
10
18.6432583360879
20
-1.32915752613459
30
0
41
1
10
18.5953775128902
20
-1.1579934873956
30
0
41
1
10
18.5809489873404
20
-1.10039507845897
30
0
41
1
10
18.5619432577115
20
-1.01307708496924
30
0
41
1
10
18.5560483180783
20
-0.983817445769716
30
0
41
1
10
18.545206918974
20
-0.924969943993688
30
0
41
1
10
18.5402544553455
20
-0.895340992071709
30
0
41
1
10
18.5181270113219
20
-0.746801418951179
30
0
41
1
10
18.5089188681462
20
-0.627694257293058
30
0
41
1
10
18.5108855530935
20
-0.448595434181584
30
0
41
1
10
18.5141825937773
20
-0.388822694600634
30
0
41
1
10
18.523618835531
20
-0.299049356477099
30
0
41
1
10
18.5275139656401
20
-0.269105860435928
30
0
41
1
10
18.5369100214038
20
-0.20917984541066
30
0
41
1
10
18.5423793652739
20
-0.179411416296546
30
0
41
1
10
18.5486200984688
20
-0.149927915891482
30
0
0
SPLINE
5
137
100
AcDbEntity
8
1
62
256
6
ByLayer
370
18
48
1
60
0
100
AcDbSpline
70
4
71
3
72
36
73
32
40
0
40
0
40
0
40
0
40
0.124999999999987
40
0.124999999999987
40
0.156249999999983
40
0.156249999999983
40
0.18749999999998
40
0.249999999999974
40
0.249999999999974
40
0.312499999999968
40
0.312499999999968
40
0.343749999999967
40
0.343749999999967
40
0.374999999999966
40
0.374999999999966
40
0.499999999999956
40
0.499999999999956
40
0.531249999999956
40
0.531249999999956
40
0.562499999999955
40
0.562499999999955
40
0.624999999999955
40
0.687499999999954
40
0.687499999999954
40
0.718749999999954
40
0.718749999999954
40
0.749999999999953
40
0.749999999999953
40
0.874999999999977
40
0.874999999999977
40
1
40
1
40
1
40
1
41
1
10
18.5486200984689
20
-0.14992791589151
30
0
41
1
10
18.5287914867432
20
-0.0388894808073132
30
0
41
1
10
18.5157079688814
20
0.0735144080999248
30
0
41
1
10
18.5104844396555
20
0.216253784361641
30
0
41
1
10
18.5100030715491
20
0.244985999993275
30
0
41
1
10
18.5102505343471
20
0.302248330311073
30
0
41
1
10
18.5124270374107
20
0.387857198711373
30
0
41
1
10
18.5202153883898
20
0.472586736707399
30
0
41
1
10
18.5360059716838
20
0.584723062947631
30
0
41
1
10
18.546603386601
20
0.640373157025834
30
0
41
1
10
18.566936160567
20
0.72317054091863
30
0
41
1
10
18.5744540010919
20
0.750656599142786
30
0
41
1
10
18.5910454304326
20
0.805392587448438
30
0
41
1
10
18.6000869329356
20
0.832522056429752
30
0
41
1
10
18.6486891654135
20
0.965940110193714
30
0
41
1
10
18.6987080747295
20
1.06657873020393
30
0
41
1
10
18.7751160051204
20
1.18489577802637
30
0
41
1
10
18.7910936928434
20
1.2081840890784
30
0
41
1
10
18.8244482655512
20
1.25400966327442
30
0
41
1
10
18.8418802253825
20
1.2766126106732
30
0
41
1
10
18.8958398251141
20
1.34274909318887
30
0
41
1
10
18.9720390878694
20
1.42633860607634
30
0
41
1
10
19.0560654998969
20
1.50153449562791
30
0
41
1
10
19.121826173824
20
1.55501189501641
30
0
41
1
10
19.1442037838218
20
1.57235045623196
30
0
41
1
10
19.189847630355
20
1.60608404813607
30
0
41
1
10
19.2131660451754
20
1.62251344534968
30
0
41
1
10
19.3312355685303
20
1.70191291896401
30
0
41
1
10
19.4299375885241
20
1.75649881000987
30
0
41
1
10
19.6341685948531
20
1.85147899773332
30
0
41
1
10
19.7397121009773
20
1.89184116347184
30
0
41
1
10
19.8482031144467
20
1.92613600797549
30
0
0
SPLINE
5
138
100
AcDbEntity
8
1
62
256
6
ByLayer
370
18
48
1
60
0
100
AcDbSpline
70
4
71
3
72
40
73
36
40
0
40
0
40
0
40
0
40
0.250000000000045
40
0.250000000000045
40
0.375000000000068
40
0.375000000000068
40
0.406250000000079
40
0.406250000000079
40
0.421875000000084
40
0.421875000000084
40
0.437500000000089
40
0.437500000000089
40
0.500000000000089
40
0.500000000000089
40
0.562500000000088
40
0.562500000000088
40
0.625000000000088
40
0.625000000000088
40
0.656250000000078
40
0.656250000000078
40
0.687500000000068
40
0.687500000000068
40
0.750000000000065
40
0.750000000000065
40
0.781250000000056
40
0.781250000000056
40
0.812500000000047
40
0.812500000000047
40
0.875000000000044
40
0.875000000000044
40
0.906250000000036
40
0.906250000000036
40
0.937500000000028
40
0.937500000000028
40
1
40
1
40
1
40
1
41
1
10
70.7768450133061
20
-7.31672900639799
30
0
41
1
10
70.8641581470254
20
-7.28593761882618
30
0
41
1
10
70.9522119181574
20
-7.25286808592364
30
0
41
1
10
71.0854617342752
20
-7.19979868081526
30
0
41
1
10
71.1300688669832
20
-7.18150391944437
30
0
41
1
10
71.1861264707672
20
-7.15804845555866
30
0
41
1
10
71.1973463582334
20
-7.15329706873166
30
0
41
1
10
71.2141980104464
20
-7.1461203239775
30
0
41
1
10
71.2198315851347
20
-7.14378045296311
30
0
41
1
10
71.2312022097598
20
-7.13955641990089
30
0
41
1
10
71.2369409540002
20
-7.13768115408809
30
0
41
1
10
71.2658821737049
20
-7.12942689468477
30
0
41
1
10
71.2897802311768
20
-7.12619413089035
30
0
41
1
10
71.3387880406863
20
-7.12574482480764
30
0
41
1
10
71.3628981210727
20
-7.12854719855437
30
0
41
1
10
71.4102623445728
20
-7.13896668189196
30
0
41
1
10
71.433542818904
20
-7.14661221365162
30
0
41
1
10
71.4678867549139
20
-7.16140142955379
30
0
41
1
10
71.4792194738208
20
-7.16689135941147
30
0
41
1
10
71.5013745640177
20
-7.17878589564714
30
0
41
1
10
71.5122412864705
20
-7.18520259485209
30
0
41
1
10
71.5442382750524
20
-7.20579719220967
30
0
41
1
10
71.5647567440568
20
-7.22133735243952
30
0
41
1
10
71.5942810554621
20
-7.24749107541598
30
0
41
1
10
71.6039445286069
20
-7.25669402667302
30
0
41
1
10
71.6225947421401
20
-7.27578621605491
30
0
41
1
10
71.6316103544813
20
-7.28569990178823
30
0
41
1
10
71.6577044992639
20
-7.31658736046515
30
0
41
1
10
71.6738537357379
20
-7.33867784760517
30
0
41
1
10
71.6959993018985
20
-7.37439254129089
30
0
41
1
10
71.7030314668972
20
-7.38673158816854
30
0
41
1
10
71.7163215840804
20
-7.41238776094573
30
0
41
1
10
71.7226003548109
20
-7.4257717352971
30
0
41
1
10
71.7396965435659
20
-7.46674194169353
30
0
41
1
10
71.7489535225762
20
-7.49531216836112
30
0
41
1
10
71.7554331379145
20
-7.52555368419365
30
0
0
SPLINE
5
139
100
AcDbEntity
8
1
62
256
6
ByLayer
370
18
48
1
60
0
100
AcDbSpline
70
4
71
3
72
12
73
8
40
0
40
0
40
0
40
0
40
0.25
40
0.25
40
0.5
40
0.5
40
1
40
1
40
1
40
1
41
1
10
75.3058606677031
20
-7.51146023932256
30
0
41
1
10
75.008842046944
20
-7.56457688666015
30
0
41
1
10
74.7130777618513
20
-7.60425356565523
30
0
41
1
10
74.1225151208628
20
-7.65757772889876
30
0
41
1
10
73.8277221084708
20
-7.67119914154603
30
0
41
1
10
72.942747194755
20
-7.67394173916938
30
0
41
1
10
72.3519839266942
20
-7.62519113549538
30
0
41
1
10
71.7554331379145
20
-7.52555368419365
30
0
0
SPLINE
5
13A
100
AcDbEntity
8
1
62
256
6
ByLayer
370
18
48
1
60
0
100
AcDbSpline
70
4
71
3
72
18
73
14
40
0
40
0
40
0
40
0
40
0.122245368880205
40
0.122245368880205
40
0.268537807400173
40
0.268537807400173
40
0.341684026660157
40
0.341684026660157
40
0.41483024592014
40
0.41483024592014
40
0.70741512296007
40
0.70741512296007
40
1
40
1
40
1
40
1
41
1
10
75.2327761922957
20
-6.29496284741523
30
0
41
1
10
75.2390057551497
20
-6.33767048629642
30
0
41
1
10
75.2449336920415
20
-6.38116958630133
30
0
41
1
10
75.2572286087474
20
-6.4786323267285
30
0
41
1
10
75.2634586371515
20
-6.53295532519851
30
0
41
1
10
75.2720259837355
20
-6.6164804833397
30
0
41
1
10
75.274755173526
20
-6.64469998397698
30
0
41
1
10
75.2799194255341
20
-6.70164923147311
30
0
41
1
10
75.282354374311
20
-6.73037205908273
30
0
41
1
10
75.29376392619
20
-6.87527663869147
30
0
41
1
10
75.3004655803553
20
-6.99529155642074
30
0
41
1
10
75.3079468641231
20
-7.24530846252568
30
0
41
1
10
75.3087045878448
20
-7.37534739360245
30
0
41
1
10
75.3058606677037
20
-7.51146023932063
30
0
0
SPLINE
5
13B
100
AcDbEntity
8
1
62
256
6
ByLayer
370
18
48
1
60
0
100
AcDbSpline
70
4
71
3
72
16
73
12
40
0
40
0
40
0
40
0
40
0.135689806609801
40
0.135689806609801
40
0.271379613219603
40
0.271379613219603
40
0.542759226439214
40
0.542759226439214
40
0.814138839658825
40
0.814138839658825
40
1
40
1
40
1
40
1
41
1
10
71.5661614829964
20
-6.08524359223429
30
0
41
1
10
71.7192764330381
20
-6.096033407216
30
0
41
1
10
71.8723614848064
20
-6.10625991302965
30
0
41
1
10
72.1782935391743
20
-6.12488160754609
30
0
41
1
10
72.3311032531271
20
-6.13327895038117
30
0
41
1
10
72.7889449370528
20
-6.15503783753331
30
0
41
1
10
73.0933837390209
20
-6.16493287046811
30
0
41
1
10
73.7003062233746
20
-6.17329709368829
30
0
41
1
10
74.0027946027234
20
-6.17179373332559
30
0
41
1
10
74.5106179759751
20
-6.15855567303944
30
0
41
1
10
74.7165310539036
20
-6.15019933276812
30
0
41
1
10
74.9219074786758
20
-6.13870675746827
30
0
0
SPLINE
5
13C
100
AcDbEntity
8
1
62
256
6
ByLayer
370
18
48
1
60
0
100
AcDbSpline
70
4
71
3
72
58
73
54
40
0
40
0
40
0
40
0
40
0.0312499999999902
40
0.0312499999999902
40
0.0624999999999805
40
0.0624999999999805
40
0.0781249999999817
40
0.0781249999999817
40
0.0937499999999829
40
0.0937499999999829
40
0.124999999999985
40
0.124999999999985
40
0.140624999999987
40
0.140624999999987
40
0.156249999999988
40
0.156249999999988
40
0.187499999999991
40
0.187499999999991
40
0.203124999999992
40
0.203124999999992
40
0.218749999999993
40
0.218749999999993
40
0.249999999999996
40
0.249999999999996
40
0.281249999999998
40
0.281249999999998
40
0.296874999999999
40
0.296874999999999
40
0.3125
40
0.3125
40
0.375000000000001
40
0.375000000000001
40
0.406250000000002
40
0.406250000000002
40
0.437500000000002
40
0.437500000000002
40
0.500000000000004
40
0.500000000000004
40
0.562500000000005
40
0.562500000000005
40
0.625000000000006
40
0.625000000000006
40
0.687500000000007
40
0.687500000000007
40
0.718750000000008
40
0.718750000000008
40
0.750000000000008
40
0.750000000000008
40
0.875000000000004
40
0.875000000000004
40
0.937500000000002
40
0.937500000000002
40
1
40
1
40
1
40
1
41
1
10
71.5661614829952
20
-6.08524359223674
30
0
41
1
10
71.5429066234332
20
-6.0836048519829
30
0
41
1
10
71.519977068656
20
-6.08091975076013
30
0
41
1
10
71.4748932776783
20
-6.07295358710857
30
0
41
1
10
71.4527380788206
20
-6.06767529748072
30
0
41
1
10
71.4202246218509
20
-6.05728958541044
30
0
41
1
10
71.4095072479875
20
-6.05341452972826
30
0
41
1
10
71.3883452801222
20
-6.04472373334798
30
0
41
1
10
71.3779075911148
20
-6.03990481754295
30
0
41
1
10
71.34754796833
20
-6.02412361310209
30
0
41
1
10
71.3284149060942
20
-6.01177551337096
30
0
41
1
10
71.3016143769098
20
-5.99014483826903
30
0
41
1
10
71.2929977912282
20
-5.98241627542973
30
0
41
1
10
71.2764434059146
20
-5.96585910086347
30
0
41
1
10
71.2685483460179
20
-5.95706315329568
30
0
41
1
10
71.2463795687036
20
-5.9295795871337
30
0
41
1
10
71.233462150944
20
-5.90964128679599
30
0
41
1
10
71.2166994277095
20
-5.87753217493429
30
0
41
1
10
71.2115474736568
20
-5.86646231123956
30
0
41
1
10
71.2020862595588
20
-5.84362643452081
30
0
41
1
10
71.1978124431717
20
-5.83193954324057
30
0
41
1
10
71.1863440773855
20
-5.79647567854587
30
0
41
1
10
71.1804390473669
20
-5.77216442900817
30
0
41
1
10
71.1714859074146
20
-5.72251667119946
30
0
41
1
10
71.168440436499
20
-5.69717898618188
30
0
41
1
10
71.1656935236294
20
-5.65857078411611
30
0
41
1
10
71.1650848355731
20
-5.64560853631767
30
0
41
1
10
71.1644335665021
20
-5.61974270716328
30
0
41
1
10
71.164388490762
20
-5.60680798468067
30
0
41
1
10
71.1654315648173
20
-5.54214120926397
30
0
41
1
10
71.170258237367
20
-5.49043607595013
30
0
41
1
10
71.1819065606159
20
-5.41312877382109
30
0
41
1
10
71.1865371226343
20
-5.38740018372019
30
0
41
1
10
71.1971461716109
20
-5.33604767000313
30
0
41
1
10
71.203136593888
20
-5.31038056224673
30
0
41
1
10
71.2228997453101
20
-5.23386746014125
30
0
41
1
10
71.2383660815789
20
-5.18378573574739
30
0
41
1
10
71.2731782267754
20
-5.08535894949117
30
0
41
1
10
71.2925312274518
20
-5.0370153455932
30
0
41
1
10
71.3348012028128
20
-4.94204144529647
30
0
41
1
10
71.3577195122605
20
-4.89541306087011
30
0
41
1
10
71.4070366855032
20
-4.80389750818063
30
0
41
1
10
71.4334378996161
20
-4.75900975166135
30
0
41
1
10
71.4757096138912
20
-4.6930318625576
30
0
41
1
10
71.4902637909351
20
-4.67124361094122
30
0
41
1
10
71.5200335197311
20
-4.62848040704191
30
0
41
1
10
71.535275210886
20
-4.6074625372782
30
0
41
1
10
71.6132587151253
20
-4.50418189616528
30
0
41
1
10
71.6812787218447
20
-4.42728607038416
30
0
41
1
10
71.7921804734111
20
-4.32094408310525
30
0
41
1
10
71.8306358883975
20
-4.28702790117481
30
0
41
1
10
71.9107434101948
20
-4.22227093142467
30
0
41
1
10
71.9523935928064
20
-4.19141949209774
30
0
41
1
10
71.9957718973893
20
-4.16216975117555
30
0
0
SPLINE
5
13D
100
AcDbEntity
8
1
62
256
6
ByLayer
370
18
48
1
60
0
100
AcDbSpline
70
4
71
5
72
41
73
35
40
0
40
0
40
0
40
0
40
0
40
0
40
0.024160004372812
40
0.0651782126852908
40
0.0925236848936097
40
0.119869157101929
40
0.160887365414407
40
0.201905573726886
40
0.229251045935205
40
0.270269254247684
40
0.311287462560162
40
0.338632934768481
40
0.3659784069768
40
0.406996615289279
40
0.448014823601757
40
0.475360295810076
40
0.516378504122555
40
0.543723976330874
40
0.584742184643352
40
0.612087656851672
40
0.65310586516415
40
0.694124073476629
40
0.721469545684948
40
0.762487753997427
40
0.789833226205745
40
0.830851434518224
40
0.858196906726543
40
0.899215115039022
40
0.9402333233515
40
0.967578795559819
40
0.994924267768138
40
1
40
1
40
1
40
1
40
1
40
1
41
1
10
54.2745153855641
20
4.27006475239827
30
0
41
1
10
54.3601445125276
20
4.24462228448377
30
0
41
1
10
54.5911524777233
20
4.17464679446553
30
0
41
1
10
54.9190796684071
20
4.07024195409457
30
0
41
1
10
55.3439260845789
20
3.92591594285872
30
0
41
1
10
55.9141513389831
20
3.71715196380171
30
0
41
1
10
56.5441263046558
20
3.46855483254001
30
0
41
1
10
57.1256416575845
20
3.22349172446411
30
0
41
1
10
57.7556166232573
20
2.94242659672531
30
0
41
1
10
58.4340512016742
20
2.62294366002095
30
0
41
1
10
59.0640261673469
20
2.31230016022545
30
0
41
1
10
59.6455415202756
20
2.01523597453905
30
0
41
1
10
60.2755164859484
20
1.68384062638842
30
0
41
1
10
60.9054914516212
20
1.34431030496358
30
0
41
1
10
61.4870068045499
20
1.0247445511938
30
0
41
1
10
62.1169817702227
20
0.673595423037256
30
0
41
1
10
62.7469567358954
20
0.318914826714121
30
0
41
1
10
63.3769317015683
20
-0.0372188981653494
30
0
41
1
10
63.9584470544969
20
-0.365873019224722
30
0
41
1
10
64.5884220201697
20
-0.720059180609553
30
0
41
1
10
65.2183969858424
20
-1.07085309820934
30
0
41
1
10
65.8483719515152
20
-1.41600370402281
30
0
41
1
10
66.478346917188
20
-1.75431034246168
30
0
41
1
10
67.1083218828608
20
-2.08324833543494
30
0
41
1
10
67.7382968485337
20
-2.40203962452191
30
0
41
1
10
68.3198122014623
20
-2.68566579549963
30
0
41
1
10
68.9497871671351
20
-2.97987552131693
30
0
41
1
10
69.5797621328078
20
-3.25975702075965
30
0
41
1
10
70.2097370984806
20
-3.5223521050938
30
0
41
1
10
70.7912524514093
20
-3.74903257493605
30
0
41
1
10
71.2938382494231
20
-3.93039948019896
30
0
41
1
10
71.6510452092048
20
-4.05127456459508
30
0
41
1
10
71.8628733307543
20
-4.12004774158839
30
0
41
1
10
71.9777822268156
20
-4.15648639280641
30
0
41
1
10
71.9957718973889
20
-4.16216975117541
30
0
0
SPLINE
5
13E
100
AcDbEntity
8
1
62
256
6
ByLayer
370
18
48
1
60
0
100
AcDbSpline
70
4
71
3
72
33
73
29
40
0
40
0
40
0
40
0
40
0.0353143627749176
40
0.0353143627749176
40
0.104220479719566
40
0.104220479719566
40
0.138673538191893
40
0.138673538191893
40
0.173126596664219
40
0.173126596664219
40
0.310938830553517
40
0.310938830553517
40
0.448751064442815
40
0.448751064442815
40
0.48320412291514
40
0.48320412291514
40
0.517657181387466
40
0.586563298332113
40
0.586563298332113
40
0.724375532221407
40
0.724375532221407
40
0.862187766110702
40
0.862187766110702
40
0.931093883055351
40
0.931093883055351
40
0.965546941527676
40
0.965546941527676
40
1
40
1
40
1
40
1
41
1
10
65.7718506063414
20
-6.9393070429883
30
0
41
1
10
65.6913450897709
20
-6.96895456352789
30
0
41
1
10
65.6108287848718
20
-6.997750710867
30
0
41
1
10
65.3731387239929
20
-7.08019793251944
30
0
41
1
10
65.2158991657765
20
-7.13142975140903
30
0
41
1
10
64.9797605273511
20
-7.20332883203861
30
0
41
1
10
64.9009799615309
20
-7.22647749500524
30
0
41
1
10
64.7433956329313
20
-7.27108417816288
30
0
41
1
10
64.6646584225827
20
-7.2925223259154
30
0
41
1
10
64.2711926211971
20
-7.39534989961166
30
0
41
1
10
63.9571304479814
20
-7.46361122385321
30
0
41
1
10
63.3288919622871
20
-7.57184249697556
30
0
41
1
10
63.0147159772775
20
-7.61183419025622
30
0
41
1
10
62.6209654571484
20
-7.64381846952776
30
0
41
1
10
62.5421320711416
20
-7.64931480445094
30
0
41
1
10
62.3847852796253
20
-7.65847254424637
30
0
41
1
10
62.1490915034268
20
-7.6694694622567
30
0
41
1
10
61.914260142963
20
-7.6723161372318
30
0
41
1
10
61.4454417090995
20
-7.66735609007341
30
0
41
1
10
61.1340241437918
20
-7.64979319129063
30
0
41
1
10
60.5118914454681
20
-7.58752797750199
30
0
41
1
10
60.2011783773486
20
-7.54302041944902
30
0
41
1
10
59.7347111520098
20
-7.45494774958655
30
0
41
1
10
59.5791510126393
20
-7.42205529355948
30
0
41
1
10
59.3455593845229
20
-7.3673094140363
30
0
41
1
10
59.2676534701466
20
-7.34815932475866
30
0
41
1
10
59.1117316036733
20
-7.30803576114252
30
0
41
1
10
59.0337158319347
20
-7.28704245829022
30
0
41
1
10
58.9556302292563
20
-7.26520876928876
30
0
0
SPLINE
5
13F
100
AcDbEntity
8
1
62
256
6
ByLayer
370
18
48
1
60
0
100
AcDbSpline
70
4
71
3
72
10
73
6
40
0
40
0
40
0
40
0
40
0.139044032580932
40
0.139044032580932
40
1
40
1
40
1
40
1
41
1
10
74.665360906406
20
-1.75553649590503
30
0
41
1
10
74.6863320319943
20
-1.74243743810285
30
0
41
1
10
74.707302524145
20
-1.72931274377336
30
0
41
1
10
74.8581169888246
20
-1.63473579499308
30
0
41
1
10
74.9876075654067
20
-1.55253173663934
30
0
41
1
10
75.116745169512
20
-1.46955254553933
30
0
0
SPLINE
5
140
100
AcDbEntity
8
1
62
256
6
ByLayer
370
18
48
1
60
0
100
AcDbSpline
70
4
71
5
72
43
73
37
40
0
40
0
40
0
40
0
40
0
40
0
40
0.020067152746137
40
0.0575588382213329
40
0.0950505236965289
40
0.120044980679993
40
0.145039437663457
40
0.182531123138653
40
0.220022808613849
40
0.245017265597313
40
0.282508951072509
40
0.307503408055973
40
0.344995093531169
40
0.369989550514633
40
0.407481235989829
40
0.444972921465024
40
0.469967378448489
40
0.507459063923685
40
0.532453520907148
40
0.569945206382344
40
0.594939663365809
40
0.632431348841004
40
0.669923034316201
40
0.694917491299664
40
0.719911948283128
40
0.757403633758324
40
0.79489531923352
40
0.819889776216984
40
0.85738146169218
40
0.894873147167376
40
0.91986760415084
40
0.944862061134304
40
0.9823537466095
40
1
40
1
40
1
40
1
40
1
40
1
41
1
10
42.440991053991
20
4.32932334778187
30
0
41
1
10
42.5188040228102
20
4.30706456696009
30
0
41
1
10
42.7419958298616
20
4.24202888674114
30
0
41
1
10
43.1105664751453
20
4.1290404234712
30
0
41
1
10
43.576056345917
20
3.97497987265288
30
0
41
1
10
44.1384654421767
20
3.77233851071901
30
0
41
1
10
44.7684404078495
20
3.52724129009823
30
0
41
1
10
45.3984153735222
20
3.26510325625159
30
0
41
1
10
45.979930726451
20
3.00844235239023
30
0
41
1
10
46.6099056921237
20
2.71585234342245
30
0
41
1
10
47.2398806577965
20
2.40887032473168
30
0
41
1
10
47.8698556234693
20
2.09032563016893
30
0
41
1
10
48.4513709763979
20
1.78688666966227
30
0
41
1
10
49.0813459420707
20
1.44960898414604
30
0
41
1
10
49.7113209077434
20
1.1052422459947
30
0
41
1
10
50.3412958734163
20
0.754954366386386
30
0
41
1
10
50.971270839089
20
0.401017567516931
30
0
41
1
10
51.6012458047618
20
0.0449981581704719
30
0
41
1
10
52.2312207704345
20
-0.311150603385045
30
0
41
1
10
52.8127361233633
20
-0.638596596646977
30
0
41
1
10
53.442711089036
20
-0.990156595881615
30
0
41
1
10
54.0726860547087
20
-1.3370183863677
30
0
41
1
10
54.7026610203816
20
-1.6768217338265
30
0
41
1
10
55.2841763733102
20
-1.98300521340227
30
0
41
1
10
55.914151338983
20
-2.30495978835597
30
0
41
1
10
56.5441263046558
20
-2.6157786382764
30
0
41
1
10
57.1256416575845
20
-2.89116038465866
30
0
41
1
10
57.7556166232572
20
-3.17551677176664
30
0
41
1
10
58.4340512016742
20
-3.46353213752522
30
0
41
1
10
59.0640261673469
20
-3.71260385357721
30
0
41
1
10
59.6455415202756
20
-3.92595240513111
30
0
41
1
10
60.2755164859484
20
-4.13799949569591
30
0
41
1
10
60.8285382332176
20
-4.30659494630333
30
0
41
1
10
61.2361811422547
20
-4.4195299140822
30
0
41
1
10
61.5469048258037
20
-4.49880749970825
30
0
41
1
10
61.7607092838645
20
-4.55007151768655
30
0
41
1
10
61.8291349036932
20
-4.56613944233663
30
0
0
SPLINE
5
141
100
AcDbEntity
8
1
62
256
6
ByLayer
370
18
48
1
60
0
100
AcDbSpline
70
4
71
3
72
34
73
30
40
0
40
0
40
0
40
0
40
0.067134368940741
40
0.067134368940741
40
0.134268737881482
40
0.134268737881482
40
0.201403106822223
40
0.201403106822223
40
0.268537475762964
40
0.268537475762964
40
0.302104660233333
40
0.302104660233333
40
0.335671844703702
40
0.335671844703702
40
0.402806213644443
40
0.402806213644443
40
0.537074951525924
40
0.537074951525924
40
0.671343689407406
40
0.671343689407406
40
0.805612427288888
40
0.805612427288888
40
0.87274679622963
40
0.87274679622963
40
0.939881165170373
40
0.939881165170373
40
0.973448349640744
40
0.973448349640744
40
1
40
1
40
1
40
1
41
1
10
41.9777977883884
20
4.74461300222302
30
0
41
1
10
41.8203885155307
20
4.85134386838729
30
0
41
1
10
41.663189224585
20
4.95570599331305
30
0
41
1
10
41.3490041463637
20
5.15968634989784
30
0
41
1
10
41.1920246427421
20
5.2592860893881
30
0
41
1
10
40.8781360090611
20
5.45342741052306
30
0
41
1
10
40.7212262202326
20
5.54797098158423
30
0
41
1
10
40.4072935425918
20
5.73174838833449
30
0
41
1
10
40.2502703430711
20
5.82097653347086
30
0
41
1
10
40.0144964805915
20
5.9507288257619
30
0
41
1
10
39.9358655115648
20
5.99329542835755
30
0
41
1
10
39.7784981084702
20
6.07706107031825
30
0
41
1
10
39.6997347244993
20
6.11827507467586
30
0
41
1
10
39.4639058850809
20
6.23955943374699
30
0
41
1
10
39.3070851116238
20
6.31741561166967
30
0
41
1
10
38.8375943266233
20
6.54176982932975
30
0
41
1
10
38.5259298672798
20
6.67893911190853
30
0
41
1
10
37.9039042340924
20
6.92705130123289
30
0
41
1
10
37.5935225412838
20
7.03793720027602
30
0
41
1
10
36.9723448715572
20
7.23465812481396
30
0
41
1
10
36.6615942349789
20
7.32038743477179
30
0
41
1
10
36.1942081383719
20
7.42841594447904
30
0
41
1
10
36.0381990381792
20
7.46099428399245
30
0
41
1
10
35.7255534923991
20
7.51919695098627
30
0
41
1
10
35.5689159034276
20
7.5447940861724
30
0
41
1
10
35.3333436035188
20
7.5780732485434
30
0
41
1
10
35.2547171689739
20
7.58831428549607
30
0
41
1
10
35.113693687694
20
7.60512458281721
30
0
41
1
10
35.0514323185973
20
7.61200140867231
30
0
41
1
10
34.989202164262
20
7.61832286680155
30
0
0
SPLINE
5
142
100
AcDbEntity
8
1
62
256
6
ByLayer
370
18
48
1
60
0
100
AcDbSpline
70
4
71
3
72
40
73
36
40
0
40
0
40
0
40
0
40
0.249999999999722
40
0.249999999999722
40
0.374999999999593
40
0.374999999999593
40
0.406249999999566
40
0.406249999999566
40
0.421874999999563
40
0.421874999999563
40
0.43749999999956
40
0.43749999999956
40
0.49999999999959
40
0.49999999999959
40
0.56249999999962
40
0.56249999999962
40
0.62499999999965
40
0.62499999999965
40
0.656249999999675
40
0.656249999999675
40
0.6874999999997
40
0.6874999999997
40
0.749999999999769
40
0.749999999999769
40
0.781249999999794
40
0.781249999999794
40
0.812499999999819
40
0.812499999999819
40
0.874999999999885
40
0.874999999999885
40
0.906249999999911
40
0.906249999999911
40
0.937499999999938
40
0.937499999999938
40
1
40
1
40
1
40
1
41
1
10
57.9779048758846
20
-6.950830359317
30
0
41
1
10
58.065143704753
20
-6.93055703848881
30
0
41
1
10
58.1531224858442
20
-6.90781166208401
30
0
41
1
10
58.2862582683973
20
-6.86988373699279
30
0
41
1
10
58.3308272402682
20
-6.85657854183353
30
0
41
1
10
58.3868369872292
20
-6.83928686647204
30
0
41
1
10
58.398045986055
20
-6.83575779747554
30
0
41
1
10
58.4148848012431
20
-6.83042595936701
30
0
41
1
10
58.4205152372532
20
-6.82870654496097
30
0
41
1
10
58.4318804682536
20
-6.82573297101897
30
0
41
1
10
58.4376167174133
20
-6.82448666757313
30
0
41
1
10
58.4665434790965
20
-6.81938117302806
30
0
41
1
10
58.4904273487373
20
-6.8186954838489
30
0
41
1
10
58.5394050697643
20
-6.82342165761034
30
0
41
1
10
58.5634819117303
20
-6.82874211932921
30
0
41
1
10
58.6107996460029
20
-6.84409032725017
30
0
41
1
10
58.6340574561306
20
-6.8541482529009
30
0
41
1
10
58.6683681327096
20
-6.87249119207226
30
0
41
1
10
58.6796886223611
20
-6.87915217257009
30
0
41
1
10
58.7018204620141
20
-6.8933345396652
30
0
41
1
10
58.7126758779093
20
-6.90087261844559
30
0
41
1
10
58.7446396159839
20
-6.92476726694591
30
0
41
1
10
58.7651366091259
20
-6.94242173093721
30
0
41
1
10
58.7946303100735
20
-6.97160744714347
30
0
41
1
10
58.8042838717925
20
-6.98180107707754
30
0
41
1
10
58.8229149784997
20
-7.00280042049394
30
0
41
1
10
58.831921336312
20
-7.0136334465077
30
0
41
1
10
58.8579886357621
20
-7.04717023887457
30
0
41
1
10
58.8741213007867
20
-7.07088490963469
30
0
41
1
10
58.8962443057243
20
-7.10878110281308
30
0
41
1
10
58.9032693595809
20
-7.12180437454569
30
0
41
1
10
58.9165462577373
20
-7.14873005981721
30
0
41
1
10
58.9228193201987
20
-7.16270188274302
30
0
41
1
10
58.9399016438712
20
-7.20522421059727
30
0
41
1
10
58.9491520055964
20
-7.23456335365719
30
0
41
1
10
58.9556302292561
20
-7.2652087692891
30
0
0
SPLINE
5
143
100
AcDbEntity
8
1
62
256
6
ByLayer
370
18
48
1
60
0
100
AcDbSpline
70
4
71
3
72
16
73
12
40
0
40
0
40
0
40
0
40
0.25
40
0.25
40
0.5
40
0.5
40
0.75
40
0.75
40
0.875
40
0.875
40
1
40
1
40
1
40
1
41
1
10
29.1783454984538
20
6.02406878071699
30
0
41
1
10
28.9160817593107
20
6.1641382615029
30
0
41
1
10
28.6542559566338
20
6.29617227096071
30
0
41
1
10
28.1306351132856
20
6.54377307724215
30
0
41
1
10
27.868849403388
20
6.65934923830764
30
0
41
1
10
27.3445131085823
20
6.87255354093304
30
0
41
1
10
27.0819366203986
20
6.97038501979625
30
0
41
1
10
26.6867836483188
20
7.10385182472567
30
0
41
1
10
26.5548523804882
20
7.14611586195983
30
0
41
1
10
26.2904517766374
20
7.22608938587695
30
0
41
1
10
26.1579369991233
20
7.2638093484245
30
0
41
1
10
26.0251899127089
20
7.29915173162709
30
0
0
SPLINE
5
144
100
AcDbEntity
8
1
62
256
6
ByLayer
370
18
48
1
60
0
100
AcDbSpline
70
4
71
3
72
40
73
36
40
0
40
0
40
0
40
0
40
0.250000000000012
40
0.250000000000012
40
0.375000000000028
40
0.375000000000028
40
0.406250000000042
40
0.406250000000042
40
0.421875000000038
40
0.421875000000038
40
0.437500000000034
40
0.437500000000034
40
0.50000000000004
40
0.50000000000004
40
0.562500000000045
40
0.562500000000045
40
0.625000000000051
40
0.625000000000051
40
0.656250000000053
40
0.656250000000053
40
0.687500000000056
40
0.687500000000056
40
0.750000000000043
40
0.750000000000043
40
0.781250000000045
40
0.781250000000045
40
0.812500000000047
40
0.812500000000047
40
0.875000000000035
40
0.875000000000035
40
0.906250000000029
40
0.906250000000029
40
0.937500000000024
40
0.937500000000024
40
1
40
1
40
1
40
1
41
1
10
29.1783454984538
20
6.02406878071696
30
0
41
1
10
29.2656792473034
20
5.94210721323972
30
0
41
1
10
29.3537539830151
20
5.86023682805347
30
0
41
1
10
29.4870356424743
20
5.73788190308807
30
0
41
1
10
29.5316534795766
20
5.69716023305602
30
0
41
1
10
29.5877246682068
20
5.64643425081851
30
0
41
1
10
29.5989468316568
20
5.63628376984906
30
0
41
1
10
29.615803114692
20
5.62107190891214
30
0
41
1
10
29.6214386577228
20
5.6160297243147
30
0
41
1
10
29.6328136766715
20
5.60614713773074
30
0
41
1
10
29.6385547611652
20
5.60131015412173
30
0
41
1
10
29.6675071816248
20
5.57761142766887
30
0
41
1
10
29.6914139886154
20
5.56011719576208
30
0
41
1
10
29.7404398184838
20
5.52762607274553
30
0
41
1
10
29.7645479305365
20
5.51330237363996
30
0
41
1
10
29.8119189838229
20
5.48771942377769
30
0
41
1
10
29.8352028173695
20
5.47646356346357
30
0
41
1
10
29.8695516422608
20
5.46164395481426
30
0
41
1
10
29.8808839320937
20
5.45706554290644
30
0
41
1
10
29.9030389514371
20
5.44870368406234
30
0
41
1
10
29.913905686208
20
5.44489766426074
30
0
41
1
10
29.9459025866888
20
5.43455455226101
30
0
41
1
10
29.9664205390758
20
5.42910650375001
30
0
41
1
10
29.9959439982932
20
5.42322981697063
30
0
41
1
10
30.0056062089348
20
5.42163924284912
30
0
41
1
10
30.0242521664273
20
5.41926960327532
30
0
41
1
10
30.0332655710297
20
5.41848403933869
30
0
41
1
10
30.0593525998756
20
5.41738489983666
30
0
41
1
10
30.0754968900974
20
5.41829449668563
30
0
41
1
10
30.097632947653
20
5.422551803896
30
0
41
1
10
30.1046616972639
20
5.42445793297861
30
0
41
1
10
30.1179439622496
20
5.42938114764229
30
0
41
1
10
30.1242171145663
20
5.43242064781228
30
0
41
1
10
30.1412927377455
20
5.44329048688542
30
0
41
1
10
30.1505341513255
20
5.4528352416973
30
0
41
1
10
30.1569938500905
20
5.46550545230821
30
0
0
SPLINE
5
145
100
AcDbEntity
8
1
62
256
6
ByLayer
370
18
48
1
60
0
100
AcDbSpline
70
4
71
3
72
40
73
36
40
0
40
0
40
0
40
0
40
0.249999999999952
40
0.249999999999952
40
0.374999999999929
40
0.374999999999929
40
0.406249999999935
40
0.406249999999935
40
0.421874999999937
40
0.421874999999937
40
0.43749999999994
40
0.43749999999994
40
0.49999999999995
40
0.49999999999995
40
0.562499999999959
40
0.562499999999959
40
0.624999999999969
40
0.624999999999969
40
0.656249999999974
40
0.656249999999974
40
0.687499999999979
40
0.687499999999979
40
0.749999999999968
40
0.749999999999968
40
0.781249999999972
40
0.781249999999972
40
0.812499999999976
40
0.812499999999976
40
0.874999999999985
40
0.874999999999985
40
0.906249999999989
40
0.906249999999989
40
0.937499999999993
40
0.937499999999993
40
1
40
1
40
1
40
1
41
1
10
45.1769860558187
20
-5.99726375341376
30
0
41
1
10
45.2642780939136
20
-5.99665507448498
30
0
41
1
10
45.3523104272045
20
-5.99332410432106
30
0
41
1
10
45.485527358592
20
-5.98405131212371
30
0
41
1
10
45.5301234507786
20
-5.98022053418345
30
0
41
1
10
45.5861671696488
20
-5.97466461890272
30
0
41
1
10
45.5973838320119
20
-5.97348222195461
30
0
41
1
10
45.6142318226943
20
-5.97165085165622
30
0
41
1
10
45.6198645707795
20
-5.97109201467597
30
0
41
1
10
45.6312338417965
20
-5.97042538225941
30
0
41
1
10
45.6369719800621
20
-5.97032612075478
30
0
41
1
10
45.6659094478271
20
-5.97093644154134
30
0
41
1
10
45.6898035139404
20
-5.97475396596997
30
0
41
1
10
45.7388025510316
20
-5.98838707006266
30
0
41
1
10
45.7629016783943
20
-5.9979314232246
30
0
41
1
10
45.8102511929278
20
-6.02135341280547
30
0
41
1
10
45.8335245248752
20
-6.03526384765709
30
0
41
1
10
45.8678580250926
20
-6.05914157128834
30
0
41
1
10
45.8791867616977
20
-6.06760315355737
30
0
41
1
10
45.9013344113272
20
-6.08525704902914
30
0
41
1
10
45.9121975518097
20
-6.09447350026903
30
0
41
1
10
45.9441841046973
20
-6.12323832514912
30
0
41
1
10
45.9646959682176
20
-6.14391731392539
30
0
41
1
10
45.9942110620608
20
-6.17728521132747
30
0
41
1
10
46.0038715068898
20
-6.18881874026445
30
0
41
1
10
46.0225158881821
20
-6.21234096782879
30
0
41
1
10
46.0315287320939
20
-6.22436126242297
30
0
41
1
10
46.0576150133832
20
-6.26122522678645
30
0
41
1
10
46.0737596162244
20
-6.28685168785211
30
0
41
1
10
46.0958992424118
20
-6.32707083458502
30
0
41
1
10
46.1029296017245
20
-6.34077669839107
30
0
41
1
10
46.1162165234069
20
-6.36885741024471
30
0
41
1
10
46.1224940217981
20
-6.38330136550837
30
0
41
1
10
46.1395875525255
20
-6.42683540081265
30
0
41
1
10
46.1488438186597
20
-6.45633894491618
30
0
41
1
10
46.1553245419502
20
-6.48645271792853
30
0
0
SPLINE
5
146
100
AcDbEntity
8
1
62
256
6
ByLayer
370
18
48
1
60
0
100
AcDbSpline
70
4
71
3
72
44
73
40
40
0
40
0
40
0
40
0
40
0.0517361432868753
40
0.0517361432868753
40
0.10751637015235
40
0.10751637015235
40
0.135406483585087
40
0.135406483585087
40
0.163296597017824
40
0.163296597017824
40
0.219076823883299
40
0.219076823883299
40
0.274857050748773
40
0.274857050748773
40
0.330637277614248
40
0.330637277614248
40
0.386417504479723
40
0.386417504479723
40
0.414307617912461
40
0.414307617912461
40
0.4421977313452
40
0.4421977313452
40
0.49797795821068
40
0.49797795821068
40
0.55375818507616
40
0.55375818507616
40
0.66531863880712
40
0.66531863880712
40
0.7210988656726
40
0.7210988656726
40
0.77687909253808
40
0.77687909253808
40
0.88843954626904
40
0.88843954626904
40
0.944219773134519
40
0.944219773134519
40
0.97210988656726
40
0.97210988656726
40
1
40
1
40
1
40
1
41
1
10
54.5849219013337
20
-7.10771689084314
30
0
41
1
10
54.4401492500277
20
-7.15460493689514
30
0
41
1
10
54.2951801743919
20
-7.1987738918298
30
0
41
1
10
53.9933572450229
20
-7.28496878497589
30
0
41
1
10
53.8364628072146
20
-7.32651367120755
30
0
41
1
10
53.6005203849634
20
-7.38376976895361
30
0
41
1
10
53.5217725137216
20
-7.40201305090406
30
0
41
1
10
53.3640497619439
20
-7.43677331997762
30
0
41
1
10
53.2851395002488
20
-7.45327480982465
30
0
41
1
10
53.0487044812461
20
-7.50000197715045
30
0
41
1
10
52.8912908732075
20
-7.52747193267942
30
0
41
1
10
52.576674456516
20
-7.57501586819603
30
0
41
1
10
52.4194523759174
20
-7.59523928104224
30
0
41
1
10
52.1049837499049
20
-7.62872215329119
30
0
41
1
10
51.9477364343325
20
-7.64200472918134
30
0
41
1
10
51.6330518920756
20
-7.66146899980379
30
0
41
1
10
51.4756154787075
20
-7.66763922976719
30
0
41
1
10
51.2391816392412
20
-7.67140589433967
30
0
41
1
10
51.1602733139752
20
-7.67174654515236
30
0
41
1
10
51.0025854244416
20
-7.67057557891673
30
0
41
1
10
50.9238585706328
20
-7.66906570173748
30
0
41
1
10
50.6879941285394
20
-7.66176227559475
30
0
41
1
10
50.531178955554
20
-7.65315093809579
30
0
41
1
10
50.2180988412582
20
-7.62912796487481
30
0
41
1
10
50.0618435779384
20
-7.61367824847815
30
0
41
1
10
49.5936893293675
20
-7.55701473103889
30
0
41
1
10
49.2823999529131
20
-7.50555002491231
30
0
41
1
10
48.8156840998283
20
-7.40744323235887
30
0
41
1
10
48.660149632386
20
-7.37122305236741
30
0
41
1
10
48.3489567891197
20
-7.29181437361726
30
0
41
1
10
48.1932876922658
20
-7.24876308572516
30
0
41
1
10
47.7257937046819
20
-7.10976841195344
30
0
41
1
10
47.4134959275651
20
-7.00391885692781
30
0
41
1
10
46.9430050205034
20
-6.8249606456412
30
0
41
1
10
46.7858325334785
20
-6.76192807133921
30
0
41
1
10
46.549402711146
20
-6.6622074572258
30
0
41
1
10
46.4704743248572
20
-6.62809421148927
30
0
41
1
10
46.3128344579292
20
-6.55839101071001
30
0
41
1
10
46.2340623316192
20
-6.52278723056898
30
0
41
1
10
46.1553245419502
20
-6.4864527179285
30
0
0
SPLINE
5
147
100
AcDbEntity
8
1
62
256
6
ByLayer
370
18
48
1
60
0
100
AcDbSpline
70
4
71
5
72
41
73
35
40
0
40
0
40
0
40
0
40
0
40
0
40
0.0250943499366806
40
0.0524420931876373
40
0.0934637080640723
40
0.120811451315029
40
0.161833066191464
40
0.202854681067899
40
0.230202424318856
40
0.271224039195291
40
0.298571782446247
40
0.339593397322682
40
0.366941140573639
40
0.407962755450074
40
0.448984370326509
40
0.476332113577466
40
0.503679856828422
40
0.544701471704857
40
0.585723086581292
40
0.613070829832249
40
0.654092444708684
40
0.695114059585119
40
0.722461802836076
40
0.749809546087032
40
0.790831160963467
40
0.831852775839902
40
0.859200519090859
40
0.900222133967294
40
0.927569877218251
40
0.968591492094686
40
0.995939235345642
40
1
40
1
40
1
40
1
40
1
40
1
41
1
10
31.9665726754594
20
4.26344130311051
30
0
41
1
10
32.0555059719905
20
4.23691015076744
30
0
41
1
10
32.2413584940096
20
4.18034960255466
30
0
41
1
10
32.5725898542609
20
4.07543307705654
30
0
41
1
10
33.0007404400002
20
3.93055884796598
30
0
41
1
10
33.5742698639719
20
3.72117901648448
30
0
41
1
10
34.2042448296446
20
3.47315201400019
30
0
41
1
10
34.8342197953174
20
3.20663227259121
30
0
41
1
10
35.4641947609902
20
2.92461392276689
30
0
41
1
10
36.0941697266629
20
2.62709276094233
30
0
41
1
10
36.7241446923357
20
2.31695222801986
30
0
41
1
10
37.3056600452644
20
2.02026189148344
30
0
41
1
10
37.9356350109372
20
1.68916584042347
30
0
41
1
10
38.5656099766099
20
1.34982454568131
30
0
41
1
10
39.1955849422827
20
1.00326291106629
30
0
41
1
10
39.7771002952114
20
0.678883800490183
30
0
41
1
10
40.4070752608842
20
0.324367743882988
30
0
41
1
10
41.0370502265569
20
-0.0317153986790117
30
0
41
1
10
41.6185655794856
20
-0.360429113510321
30
0
41
1
10
42.2485405451584
20
-0.71479357659544
30
0
41
1
10
42.9269751235752
20
-1.09227407396716
30
0
41
1
10
43.556950089248
20
-1.4370344825355
30
0
41
1
10
44.1384654421767
20
-1.74886352290812
30
0
41
1
10
44.7684404078494
20
-2.07806220450831
30
0
41
1
10
45.3984153735222
20
-2.39722134898474
30
0
41
1
10
45.979930726451
20
-2.68128074331139
30
0
41
1
10
46.6099056921237
20
-2.97605232623644
30
0
41
1
10
47.2398806577964
20
-3.25496889040994
30
0
41
1
10
47.8698556234692
20
-3.5180898825358
30
0
41
1
10
48.4513709763979
20
-3.74533666613132
30
0
41
1
10
48.9503582790656
20
-3.92595134516509
30
0
41
1
10
49.3039667435011
20
-4.04610250689751
30
0
41
1
10
49.5606559824485
20
-4.12904172889091
30
0
41
1
10
49.6719663831637
20
-4.16419101025025
30
0
41
1
10
49.6863575583907
20
-4.16872174357977
30
0
0
SPLINE
5
148
100
AcDbEntity
8
1
62
256
6
ByLayer
370
18
48
1
60
0
100
AcDbSpline
70
4
71
3
72
8
73
4
40
0
40
0
40
0
40
0
40
1
40
1
40
1
40
1
41
1
10
24.398672243878
20
7.16227354827078
30
0
41
1
10
24.5763943653652
20
7.12472619783256
30
0
41
1
10
24.7544857423101
20
7.08365743850882
30
0
41
1
10
24.9330444058259
20
7.03913757470883
30
0
0
SPLINE
5
149
100
AcDbEntity
8
1
62
256
6
ByLayer
370
18
48
1
60
0
100
AcDbSpline
70
4
71
3
72
21
73
17
40
0
40
0
40
0
40
0
40
0.250000000000013
40
0.250000000000013
40
0.312500000000021
40
0.312500000000021
40
0.375000000000028
40
0.375000000000028
40
0.500000000000027
40
0.625000000000025
40
0.625000000000025
40
0.687500000000024
40
0.687500000000024
40
0.750000000000023
40
0.750000000000023
40
1
40
1
40
1
40
1
41
1
10
24.933044405826
20
7.03913757470883
30
0
41
1
10
25.0088798890793
20
7.09139081904488
30
0
41
1
10
25.0887708514185
20
7.13655151729876
30
0
41
1
10
25.1933468790768
20
7.18378870664694
30
0
41
1
10
25.2144988965625
20
7.19277466191841
30
0
41
1
10
25.2572727647449
20
7.20981121767861
30
0
41
1
10
25.2788964897817
20
7.21786123340181
30
0
41
1
10
25.3442381213878
20
7.24051374491012
30
0
41
1
10
25.4327610951286
20
7.26678761054853
30
0
41
1
10
25.5240056288493
20
7.28516415256885
30
0
41
1
10
25.5934576586636
20
7.29594081621894
30
0
41
1
10
25.6167989710989
20
7.29903354022954
30
0
41
1
10
25.6636795332176
20
7.30419049698492
30
0
41
1
10
25.6872266411529
20
7.30625697884793
30
0
41
1
10
25.8054977167838
20
7.31403367026962
30
0
41
1
10
25.9018050676601
20
7.31211434661367
30
0
41
1
10
26.0000000003915
20
7.30182484623248
30
0
0
SPLINE
5
14A
100
AcDbEntity
8
1
62
256
6
ByLayer
370
18
48
1
60
0
100
AcDbSpline
70
4
71
3
72
8
73
4
40
0
40
0
40
0
40
0
40
1
40
1
40
1
40
1
41
1
10
26.0000000003916
20
7.3018248462314
30
0
41
1
10
26.0083974314001
20
7.30094490907822
30
0
41
1
10
26.0167940633271
20
7.300053870287
30
0
41
1
10
26.0251899127086
20
7.29915173162718
30
0
0
SPLINE
5
14B
100
AcDbEntity
8
1
62
256
6
ByLayer
370
18
48
1
60
0
100
AcDbSpline
70
4
71
3
72
24
73
20
40
0
40
0
40
0
40
0
40
0.124999999999999
40
0.124999999999999
40
0.187499999999998
40
0.187499999999998
40
0.249999999999997
40
0.249999999999997
40
0.374999999999998
40
0.374999999999998
40
0.499999999999999
40
0.499999999999999
40
0.562499999999999
40
0.562499999999999
40
0.624999999999999
40
0.624999999999999
40
0.749999999999999
40
0.749999999999999
40
1
40
1
40
1
40
1
41
1
10
75.1167451695138
20
-2.04192047028391
30
0
41
1
10
75.1309837989033
20
-2.13873378938285
30
0
41
1
10
75.1447758873755
20
-2.23523444855036
30
0
41
1
10
75.1646821300802
20
-2.37943797195842
30
0
41
1
10
75.1711878399334
20
-2.42742483006654
30
0
41
1
10
75.18387662201
20
-2.52291495309021
30
0
41
1
10
75.1900644221726
20
-2.57045166763825
30
0
41
1
10
75.2081161231989
20
-2.71238098599883
30
0
41
1
10
75.2194725868264
20
-2.80609843548939
30
0
41
1
10
75.2405198780336
20
-2.99131717590225
30
0
41
1
10
75.2502098656055
20
-3.08281734918037
30
0
41
1
10
75.2633286512068
20
-3.21818333530513
30
0
41
1
10
75.2674649430336
20
-3.26299048130787
30
0
41
1
10
75.2752273612523
20
-3.35192598907298
30
0
41
1
10
75.2788514073048
20
-3.39604347004209
30
0
41
1
10
75.288825479576
20
-3.52633594241954
30
0
41
1
10
75.2943099614499
20
-3.61077486868143
30
0
41
1
10
75.3067982316413
20
-3.85584499910263
30
0
41
1
10
75.3098189976744
20
-4.00819243756763
30
0
41
1
10
75.3058606677036
20
-4.14602496953208
30
0
0
SPLINE
5
14C
100
AcDbEntity
8
1
62
256
6
ByLayer
370
18
48
1
60
0
100
AcDbSpline
70
4
71
3
72
17
73
13
40
0
40
0
40
0
40
0
40
0.250000000000002
40
0.250000000000002
40
0.374999999999999
40
0.437499999999997
40
0.437499999999997
40
0.499999999999995
40
0.499999999999995
40
0.749999999999998
40
0.749999999999998
40
1
40
1
40
1
40
1
41
1
10
71.9980779915708
20
-0.0555729070375435
30
0
41
1
10
72.2586037139146
20
-0.221442586121214
30
0
41
1
10
72.5194023391886
20
-0.387502997437167
30
0
41
1
10
72.9109924407402
20
-0.636867698120938
30
0
41
1
10
73.106885755145
20
-0.761618725050141
30
0
41
1
10
73.3029250020346
20
-0.886471744391315
30
0
41
1
10
73.4336502038171
20
-0.969729714422215
30
0
41
1
10
73.499045940185
20
-1.01138080793129
30
0
41
1
10
73.8254992299152
20
-1.2193066412089
30
0
41
1
10
74.0854304831272
20
-1.38487896486501
30
0
41
1
10
74.6028885881194
20
-1.71452333844414
30
0
41
1
10
74.86041497253
20
-1.8785950967426
30
0
41
1
10
75.1167451695121
20
-2.04192047028386
30
0
0
SPLINE
5
14D
100
AcDbEntity
8
1
62
256
6
ByLayer
370
18
48
1
60
0
100
AcDbSpline
70
4
71
3
72
39
73
35
40
0
40
0
40
0
40
0
40
0.125000000000027
40
0.125000000000027
40
0.156250000000029
40
0.156250000000029
40
0.187500000000031
40
0.187500000000031
40
0.25000000000002
40
0.312500000000009
40
0.312500000000009
40
0.343750000000009
40
0.343750000000009
40
0.37500000000001
40
0.37500000000001
40
0.437500000000011
40
0.437500000000011
40
0.468750000000011
40
0.468750000000011
40
0.500000000000011
40
0.500000000000011
40
0.562500000000011
40
0.562500000000011
40
0.625000000000011
40
0.625000000000011
40
0.687500000000011
40
0.687500000000011
40
0.750000000000011
40
0.750000000000011
40
0.87500000000001
40
0.87500000000001
40
0.937500000000005
40
0.937500000000005
40
1
40
1
40
1
40
1
41
1
10
71.9980779915708
20
-0.0555729070375719
30
0
41
1
10
71.9334339835357
20
-0.0144158160178733
30
0
41
1
10
71.8718155410205
20
0.0299754866474302
30
0
41
1
10
71.7997503557733
20
0.090726305001084
30
0
41
1
10
71.7855885452523
20
0.103143315364406
30
0
41
1
10
71.7578125867202
20
0.128559427209297
30
0
41
1
10
71.744170518797
20
0.14159023528606
30
0
41
1
10
71.7046945036063
20
0.181072913006545
30
0
41
1
10
71.655574542608
20
0.235053970132412
30
0
41
1
10
71.6139618068034
20
0.291973391768806
30
0
41
1
10
71.5857970319877
20
0.335909893399702
30
0
41
1
10
71.5769167940733
20
0.350763731036153
30
0
41
1
10
71.5602184133605
20
0.380919359423757
30
0
41
1
10
71.5525147548436
20
0.396014690119472
30
0
41
1
10
71.5312770167156
20
0.441366638236417
30
0
41
1
10
71.5196098673832
20
0.471694039793732
30
0
41
1
10
71.5056340091978
20
0.517431561189795
30
0
41
1
10
71.5015637319628
20
0.532718581717774
30
0
41
1
10
71.4945747175875
20
0.563394208180938
30
0
41
1
10
71.4916499184087
20
0.578825142561101
30
0
41
1
10
71.4846187451212
20
0.624999892912598
30
0
41
1
10
71.4822688979575
20
0.655386483135175
30
0
41
1
10
71.4816639876503
20
0.715642611679129
30
0
41
1
10
71.4834113138868
20
0.745511284307497
30
0
41
1
10
71.4906316154191
20
0.804944254876688
30
0
41
1
10
71.4961058696364
20
0.834507997580175
30
0
41
1
10
71.5105613219619
20
0.893503658533859
30
0
41
1
10
71.5194352640881
20
0.922502182331101
30
0
41
1
10
71.5504566703187
20
1.00836164968896
30
0
41
1
10
71.5769529097176
20
1.06412086472378
30
0
41
1
10
71.6243798086216
20
1.14655488037198
30
0
41
1
10
71.6414960438763
20
1.1738024462677
30
0
41
1
10
71.6783591767584
20
1.22782179879778
30
0
41
1
10
71.6980662892205
20
1.25452657149304
30
0
41
1
10
71.7188948739799
20
1.28078725089603
30
0
0
SPLINE
5
14E
100
AcDbEntity
8
1
62
256
6
ByLayer
370
18
48
1
60
0
100
AcDbSpline
70
4
71
5
72
15
73
9
40
0
40
0
40
0
40
0
40
0
40
0
40
0.555844852753118
40
0.694806065941397
40
0.903247885723816
40
1
40
1
40
1
40
1
40
1
40
1
41
1
10
24.8999991827853
20
-3.44292165460075
30
0
41
1
10
25.2876760847378
20
-3.60234066614711
30
0
41
1
10
25.7722722121783
20
-3.79137264579165
30
0
41
1
10
26.4022471778512
20
-4.01918627948649
30
0
41
1
10
27.0997024120451
20
-4.24352815157704
30
0
41
1
10
27.7971576462392
20
-4.43454465137401
30
0
41
1
10
28.1069359784807
20
-4.51259811919022
30
0
41
1
10
28.3197950852342
20
-4.56296507795139
30
0
41
1
10
28.3872753537555
20
-4.57860219931305
30
0
0
SPLINE
5
14F
100
AcDbEntity
8
1
62
256
6
ByLayer
370
18
48
1
60
0
100
AcDbSpline
70
4
71
5
72
23
73
17
40
0
40
0
40
0
40
0
40
0
40
0
40
0.0150210546000632
40
0.123544657321543
40
0.232068260043022
40
0.304417328524008
40
0.412940931245488
40
0.485289999726475
40
0.593813602447954
40
0.66616267092894
40
0.77468627365042
40
0.883209876371899
40
0.955558944852886
40
1
40
1
40
1
40
1
40
1
40
1
41
1
10
65.0208663075451
20
4.25619953072058
30
0
41
1
10
65.040988598107
20
4.25017021908295
30
0
41
1
10
65.206489726901
20
4.20035609985536
30
0
41
1
10
65.5173696939272
20
4.10332511536001
30
0
41
1
10
65.9251688864415
20
3.96768746900125
30
0
41
1
10
66.478346917188
20
3.76942659535723
30
0
41
1
10
67.1083218828608
20
3.52364161339676
30
0
41
1
10
67.7382968485337
20
3.26089273250736
30
0
41
1
10
68.3198122014623
20
3.00374843437467
30
0
41
1
10
68.9497871671351
20
2.71073155241285
30
0
41
1
10
69.5797621328079
20
2.40454186851201
30
0
41
1
10
70.2097370984807
20
2.08553085342629
30
0
41
1
10
70.7538667173008
20
1.80128437747885
30
0
41
1
10
71.2010771106328
20
1.56213527324408
30
0
41
1
10
71.5029086657327
20
1.39859818202154
30
0
41
1
10
71.6593613826004
20
1.31331220626984
30
0
41
1
10
71.71889487398
20
1.28078725089597
30
0
0
SPLINE
5
150
100
AcDbEntity
8
1
62
256
6
ByLayer
370
18
48
1
60
0
100
AcDbSpline
70
4
71
3
72
84
73
80
40
0
40
0
40
0
40
0
40
0.0104517529914453
40
0.0209079366776932
40
0.0313691086942833
40
0.0418358258005458
40
0.052308643802512
40
0.0627881174771121
40
0.0732748004967025
40
0.083769245354786
40
0.094272003292405
40
0.104783624225618
40
0.11530465667401
40
0.12583564769007
40
0.136377142789962
40
0.146929685885044
40
0.157493819215084
40
0.168070083282118
40
0.178659016786039
40
0.189261156561257
40
0.199877037514689
40
0.210507192565176
40
0.221152152584242
40
0.231812446338277
40
0.242488600432168
40
0.25318113925431
40
0.263890584923251
40
0.274617457235666
40
0.285362273615954
40
0.296125549067307
40
0.306907796124239
40
0.31770952480691
40
0.328531242576693
40
0.339584770861983
40
0.350789495160024
40
0.36214603790062
40
0.373654996376006
40
0.385316943929451
40
0.397132431078369
40
0.409101986575575
40
0.421226118412319
40
0.433505314766436
40
0.445940044898808
40
0.45853076000099
40
0.471277893997099
40
0.484181864302406
40
0.497243072541194
40
0.510461905226321
40
0.523838734402641
40
0.537373918256338
40
0.551067801692312
40
0.564920716881252
40
0.578932983778324
40
0.593104910614947
40
0.607436794365358
40
0.621928921189314
40
0.636581566852305
40
0.65139499712456
40
0.666369468160133
40
0.681505226857021
40
0.696802511199676
40
0.712261550584496
40
0.72788256612972
40
0.743665770970222
40
0.759611370538291
40
0.775719562831096
40
0.791990538665482
40
0.808424481921161
40
0.825021569772411
40
0.84178197290947
40
0.85870585574982
40
0.87579337664013
40
0.893044688049304
40
0.910459936753215
40
0.928039264011394
40
0.945782805736524
40
0.963690692656707
40
0.981763050471222
40
1
40
1
40
1
40
1
41
1
10
24.4010980995313
20
-6.45004402637963
30
0
41
1
10
24.3989262424472
20
-6.43937326431703
30
0
41
1
10
24.3945816075877
20
-6.41802721665493
30
0
41
1
10
24.3884008115643
20
-6.38593252626242
30
0
41
1
10
24.3824668007953
20
-6.35377511965334
30
0
41
1
10
24.3768055235618
20
-6.32155027487912
30
0
41
1
10
24.3714123431838
20
-6.28925970996872
30
0
41
1
10
24.3662908200025
20
-6.25690346488568
30
0
41
1
10
24.3614423107586
20
-6.22448207948494
30
0
41
1
10
24.3568687568271
20
-6.1919960104853
30
0
41
1
10
24.3525719354119
20
-6.15944578889398
30
0
41
1
10
24.3485536593698
20
-6.12683197884365
30
0
41
1
10
24.3448157225689
20
-6.09415518969939
30
0
41
1
10
24.3413599134894
20
-6.06141607387934
30
0
41
1
10
24.3381880104965
20
-6.02861532851185
30
0
41
1
10
24.3353017820137
20
-5.99575369606524
30
0
41
1
10
24.3327029853597
20
-5.96283196525656
30
0
41
1
10
24.3303933659285
20
-5.92985097188665
30
0
41
1
10
24.3283746562548
20
-5.89681159969751
30
0
41
1
10
24.3266485750931
20
-5.86371478122419
30
0
41
1
10
24.3252168264736
20
-5.8305614986495
30
0
41
1
10
24.3240810987463
20
-5.79735278465819
30
0
41
1
10
24.3232430635994
20
-5.76408972329091
30
0
41
1
10
24.3227043751084
20
-5.7307734507994
30
0
41
1
10
24.3224666685925
20
-5.69740515649355
30
0
41
1
10
24.3225315601216
20
-5.66398608361592
30
0
41
1
10
24.3229006435195
20
-5.63051753010555
30
0
41
1
10
24.3235754966594
20
-5.59700084976956
30
0
41
1
10
24.3245576529248
20
-5.56343745191779
30
0
41
1
10
24.3258487029295
20
-5.52982880673687
30
0
41
1
10
24.3274499087782
20
-5.49617642917514
30
0
41
1
10
24.3293636422993
20
-5.46248194322169
30
0
41
1
10
24.3316024757297
20
-5.42852726606094
30
0
41
1
10
24.3341979265665
20
-5.3941800523111
30
0
41
1
10
24.3371797984047
20
-5.35930859748512
30
0
41
1
10
24.3405437387684
20
-5.32399970144473
30
0
41
1
10
24.3442961572237
20
-5.2882562150117
30
0
41
1
10
24.3484422497236
20
-5.25208114404404
30
0
41
1
10
24.3529875201068
20
-5.21547773456342
30
0
41
1
10
24.3579373543162
20
-5.17844946027407
30
0
41
1
10
24.3632971266333
20
-5.14100003687818
30
0
41
1
10
24.3690721602243
20
-5.10313342917416
30
0
41
1
10
24.3752677272067
20
-5.06485386022473
30
0
41
1
10
24.3818890376281
20
-5.02616582004836
30
0
41
1
10
24.3889412311799
20
-4.98707407452028
30
0
41
1
10
24.396429367869
20
-4.94758367428489
30
0
41
1
10
24.4043584186785
20
-4.90769996372384
30
0
41
1
10
24.4127332559334
20
-4.86742858995572
30
0
41
1
10
24.421558643449
20
-4.82677551186265
30
0
41
1
10
24.4308392264406
20
-4.78574700913259
30
0
41
1
10
24.4405795212001
20
-4.74434969130712
30
0
41
1
10
24.450783904538
20
-4.70259050682438
30
0
41
1
10
24.4614566029943
20
-4.66047675204547
30
0
41
1
10
24.4726016818157
20
-4.61801608025297
30
0
41
1
10
24.4842230337048
20
-4.57521651060881
30
0
41
1
10
24.4963243673405
20
-4.53208643705941
30
0
41
1
10
24.508909195672
20
-4.4886346371737
30
0
41
1
10
24.5219808239929
20
-4.44487028090208
30
0
41
1
10
24.5355423377933
20
-4.40080293923941
30
0
41
1
10
24.5495965903994
20
-4.35644259277967
30
0
41
1
10
24.564146190399
20
-4.31179964014478
30
0
41
1
10
24.5791934888648
20
-4.26688490627328
30
0
41
1
10
24.5947405663742
20
-4.22170965055088
30
0
41
1
10
24.6107892198361
20
-4.17628557476633
30
0
41
1
10
24.6273409491303
20
-4.13062483087711
30
0
41
1
10
24.6443969435609
20
-4.08474002855561
30
0
41
1
10
24.6619580681594
20
-4.03864424253993
30
0
41
1
10
24.680024849741
20
-3.99235101960801
30
0
41
1
10
24.6985974631088
20
-3.94587438576616
30
0
41
1
10
24.7176757159776
20
-3.899228851321
30
0
41
1
10
24.7372590380491
20
-3.85242942256025
30
0
41
1
10
24.7573464537445
20
-3.80549158690175
30
0
41
1
10
24.777936616226
20
-3.75843139688999
30
0
41
1
10
24.7990276088732
20
-3.7112651782528
30
0
41
1
10
24.8206176265739
20
-3.6640106592163
30
0
41
1
10
24.8427023265746
20
-3.6166827185009
30
0
41
1
10
24.8652847830324
20
-3.56930949682626
30
0
41
1
10
24.8883377483146
20
-3.52187144977077
30
0
41
1
10
24.9040057700073
20
-3.49045427107831
30
0
41
1
10
24.9118752927753
20
-3.47467447399393
30
0
0
SPLINE
5
151
100
AcDbEntity
8
1
62
256
6
ByLayer
370
18
48
1
60
0
100
AcDbSpline
70
4
71
3
72
8
73
4
40
0
40
0
40
0
40
0
40
1
40
1
40
1
40
1
41
1
10
24.398672243878
20
-6.44999817995819
30
0
41
1
10
24.5763943653651
20
-6.49103186110159
30
0
41
1
10
24.7544857423101
20
-6.5282413396869
30
0
41
1
10
24.9330444058259
20
-6.56162521831558
30
0
0
SPLINE
5
152
100
AcDbEntity
8
1
62
256
6
ByLayer
370
18
48
1
60
0
100
AcDbSpline
70
4
71
3
72
21
73
17
40
0
40
0
40
0
40
0
40
0.250000000000005
40
0.250000000000005
40
0.312500000000006
40
0.312500000000006
40
0.375000000000007
40
0.375000000000007
40
0.50000000000001
40
0.625000000000013
40
0.625000000000013
40
0.687500000000014
40
0.687500000000014
40
0.750000000000015
40
0.750000000000015
40
1
40
1
40
1
40
1
41
1
10
24.9330444058259
20
-6.56162521831558
30
0
41
1
10
25.0088798890793
20
-6.6577294155482
30
0
41
1
10
25.0887708514185
20
-6.74773378147441
30
0
41
1
10
25.1933468790768
20
-6.85257138189934
30
0
41
1
10
25.2144988965625
20
-6.87315448182653
30
0
41
1
10
25.2572727647449
20
-6.9135461974046
30
0
41
1
10
25.2788964897817
20
-6.93335514799111
30
0
41
1
10
25.3442381213878
20
-6.99141028703988
30
0
41
1
10
25.4327610951286
20
-7.06530503098944
30
0
41
1
10
25.5240056288492
20
-7.13218959191539
30
0
41
1
10
25.5934576586635
20
-7.17969378795459
30
0
41
1
10
25.6167989710988
20
-7.19509750963346
30
0
41
1
10
25.6636795332175
20
-7.22491701251474
30
0
41
1
10
25.6872266411529
20
-7.23933926077777
30
0
41
1
10
25.8054977167838
20
-7.30901574252161
30
0
41
1
10
25.9018050676601
20
-7.35701027021275
30
0
41
1
10
26.0000000003915
20
-7.39695468509956
30
0
0
SPLINE
5
153
100
AcDbEntity
8
1
62
256
6
ByLayer
370
18
48
1
60
0
100
AcDbSpline
70
4
71
3
72
8
73
4
40
0
40
0
40
0
40
0
40
1
40
1
40
1
40
1
41
1
10
26.0000000003915
20
-7.39695468509817
30
0
41
1
10
26.0083974314
20
-7.40037065024887
30
0
41
1
10
26.016794063327
20
-7.40377687751206
30
0
41
1
10
26.0251899127086
20
-7.40717335859
30
0
0
SPLINE
5
154
100
AcDbEntity
8
1
62
256
6
ByLayer
370
18
48
1
60
0
100
AcDbSpline
70
4
71
3
72
32
73
28
40
0
40
0
40
0
40
0
40
0.0464612289733235
40
0.0464612289733235
40
0.141815106075991
40
0.141815106075991
40
0.237168983178659
40
0.237168983178659
40
0.284845921729993
40
0.284845921729993
40
0.332522860281326
40
0.332522860281326
40
0.427876737383994
40
0.427876737383994
40
0.523230614486662
40
0.523230614486662
40
0.618584491589329
40
0.618584491589329
40
0.713938368691997
40
0.713938368691997
40
0.809292245794665
40
0.809292245794665
40
0.904646122897332
40
0.904646122897332
40
0.952323061448666
40
0.952323061448666
40
1
40
1
40
1
40
1
41
1
10
32.273917328188
20
-6.94045414662762
30
0
41
1
10
32.1766508937384
20
-6.97632217478588
30
0
41
1
10
32.0794281878478
20
-7.01090656117282
30
0
41
1
10
31.7827477050054
20
-7.11242412841671
30
0
41
1
10
31.5833686125788
20
-7.17505436603406
30
0
41
1
10
31.184350449066
20
-7.2892519618766
30
0
41
1
10
30.9846861031222
20
-7.34118111802937
30
0
41
1
10
30.6847111753182
20
-7.41101762063147
30
0
41
1
10
30.58456772119
20
-7.43296014655206
30
0
41
1
10
30.3847487032596
20
-7.47395674673939
30
0
41
1
10
30.2850088803819
20
-7.49303133836395
30
0
41
1
10
29.9862452282924
20
-7.54590545365318
30
0
41
1
10
29.7876938120265
20
-7.57527338793028
30
0
41
1
10
29.3914528844137
20
-7.62211841594237
30
0
41
1
10
29.1937379664734
20
-7.63972987348447
30
0
41
1
10
28.79868335262
20
-7.66377563885567
30
0
41
1
10
28.601346267809
20
-7.67020884773007
30
0
41
1
10
28.2066999541889
20
-7.67190345657312
30
0
41
1
10
28.0093920424176
20
-7.66717835283183
30
0
41
1
10
27.6144687931859
20
-7.64611149112397
30
0
41
1
10
27.4168539634243
20
-7.62967358313142
30
0
41
1
10
27.0208975863712
20
-7.58553517623207
30
0
41
1
10
26.8225597942582
20
-7.55781277574289
30
0
41
1
10
26.5242325949046
20
-7.50773942583351
30
0
41
1
10
26.4246534847461
20
-7.48963247712661
30
0
41
1
10
26.2251735253154
20
-7.45055740603726
30
0
41
1
10
26.1252394133729
20
-7.42958217381056
30
0
41
1
10
26.0251899127089
20
-7.40717335859006
30
0
0
SPLINE
5
155
100
AcDbEntity
8
1
62
256
6
ByLayer
370
18
48
1
60
0
100
AcDbSpline
70
4
71
3
72
25
73
21
40
0
40
0
40
0
40
0
40
0.195331584701673
40
0.195331584701673
40
0.292997377052509
40
0.292997377052509
40
0.390663169403345
40
0.488328961754182
40
0.488328961754182
40
0.585994754105018
40
0.585994754105018
40
0.610411202192727
40
0.610411202192727
40
0.634827650280436
40
0.683660546455854
40
0.78132633880669
40
0.78132633880669
40
0.976657923508363
40
0.976657923508363
40
1
40
1
40
1
40
1
41
1
10
75.3058606677031
20
5.16135618187278
30
0
41
1
10
74.8905665587542
20
5.42745375444431
30
0
41
1
10
74.477708022875
20
5.67451295338546
30
0
41
1
10
73.8589987718827
20
6.01567094170366
30
0
41
1
10
73.652864991167
20
6.12448021512836
30
0
41
1
10
73.2403437393731
20
6.33214643567564
30
0
41
1
10
72.8275700091752
20
6.52987454236441
30
0
41
1
10
72.4134429514907
20
6.70713628486067
30
0
41
1
10
71.9982114840038
20
6.87382717947736
30
0
41
1
10
71.7900449284615
20
6.95192876578244
30
0
41
1
10
71.5288708659578
20
7.04264038660452
30
0
41
1
10
71.4766291504855
20
7.06041876847539
30
0
41
1
10
71.3722879733179
20
7.09519210849783
30
0
41
1
10
71.2159159016543
20
7.14620268791535
30
0
41
1
10
70.8519467642483
20
7.2571981323168
30
0
41
1
10
70.541249295464
20
7.33863099619816
30
0
41
1
10
69.920890546819
20
7.4832516425825
30
0
41
1
10
69.5086965590069
20
7.55538685843112
30
0
41
1
10
69.0468852868297
20
7.60861473532302
30
0
41
1
10
68.9975852162092
20
7.61394551636428
30
0
41
1
10
68.9482776379239
20
7.61892440230363
30
0
0
SPLINE
5
156
100
AcDbEntity
8
1
62
256
6
ByLayer
370
18
48
1
60
0
100
AcDbSpline
70
4
71
5
72
33
73
27
40
0
40
0
40
0
40
0
40
0
40
0
40
0.134912996363867
40
0.168641245454834
40
0.219233619091284
40
0.269825992727734
40
0.303554241818701
40
0.337282490909667
40
0.387874864546118
40
0.438467238182568
40
0.472195487273534
40
0.522787860909985
40
0.556516110000951
40
0.607108483637401
40
0.640836732728368
40
0.691429106364818
40
0.742021480001268
40
0.775749729092235
40
0.826342102728685
40
0.860070351819652
40
0.910662725456102
40
0.944390974547069
40
0.994983348183519
40
1
40
1
40
1
40
1
40
1
40
1
41
1
10
24.8999991827853
20
2.63802772931723
30
0
41
1
10
25.2876760847378
20
2.45166005084638
30
0
41
1
10
25.7722722121783
20
2.21085298073805
30
0
41
1
10
26.4022471778512
20
1.8865528016909
30
0
41
1
10
27.177600981756
20
1.47261901784603
30
0
41
1
10
28.0498740111491
20
0.992514902897597
30
0
41
1
10
28.6313893640778
20
0.668017380687559
30
0
41
1
10
29.2613643297506
20
0.313425603694157
30
0
41
1
10
29.8913392954233
20
-0.0426803958362711
30
0
41
1
10
30.4728546483521
20
-0.371366299386153
30
0
41
1
10
31.1028296140249
20
-0.725647770873877
30
0
41
1
10
31.7328045796976
20
-1.07602471648119
30
0
41
1
10
32.3627795453704
20
-1.42111611839365
30
0
41
1
10
32.9442948982991
20
-1.73340122946706
30
0
41
1
10
33.5742698639718
20
-2.06325138580993
30
0
41
1
10
34.2042448296446
20
-2.38321195557765
30
0
41
1
10
34.8342197953174
20
-2.6905501805293
30
0
41
1
10
35.4641947609901
20
-2.98488417555393
30
0
41
1
10
36.0941697266629
20
-3.26331627920152
30
0
41
1
10
36.7241446923357
20
-3.52591260004965
30
0
41
1
10
37.3056600452643
20
-3.75264005422469
30
0
41
1
10
37.9356350109372
20
-3.98006959795364
30
0
41
1
10
38.4346466512401
20
-4.14502809439114
30
0
41
1
10
38.836739066055
20
-4.26724460327785
30
0
41
1
10
39.0934526426377
20
-4.34077695868402
30
0
41
1
10
39.2532469937322
20
-4.38477623124169
30
0
41
1
10
39.2676625065946
20
-4.38873109227765
30
0
0
SPLINE
5
157
100
AcDbEntity
8
1
62
256
6
ByLayer
370
18
48
1
60
0
100
AcDbSpline
70
4
71
3
72
84
73
80
40
0
40
0
40
0
40
0
40
0.0104517529914536
40
0.0209079366776897
40
0.0313691086942961
40
0.0418358258005293
40
0.052308643802525
40
0.0627881174771096
40
0.0732748004966986
40
0.0837692453547851
40
0.0942720032924033
40
0.104783624225617
40
0.115304656674006
40
0.125835647690086
40
0.136377142789962
40
0.146929685885068
40
0.157493819215085
40
0.168070083282115
40
0.178659016786043
40
0.189261156561254
40
0.199877037514685
40
0.210507192565173
40
0.221152152584238
40
0.231812446338289
40
0.242488600432167
40
0.253181139254311
40
0.263890584923248
40
0.274617457235678
40
0.285362273615951
40
0.296125549067296
40
0.306907796124238
40
0.317709524806926
40
0.328531242576693
40
0.339584770861984
40
0.350789495160026
40
0.362146037900621
40
0.373654996376005
40
0.385316943929454
40
0.397132431078368
40
0.409101986575575
40
0.421226118412318
40
0.433505314766439
40
0.445940044898808
40
0.458530760000992
40
0.471277893997104
40
0.484181864302407
40
0.497243072541195
40
0.510461905226323
40
0.523838734402641
40
0.537373918256341
40
0.551067801692314
40
0.564920716881256
40
0.578932983778327
40
0.593104910614948
40
0.60743679436536
40
0.621928921189314
40
0.636581566852305
40
0.651394997124561
40
0.666369468160137
40
0.68150522685702
40
0.696802511199673
40
0.712261550584497
40
0.727882566129722
40
0.74366577097022
40
0.759611370538294
40
0.775719562831095
40
0.791990538665485
40
0.808424481921162
40
0.825021569772413
40
0.841781972909472
40
0.858705855749823
40
0.875793376640132
40
0.893044688049308
40
0.910459936753213
40
0.928039264011399
40
0.945782805736523
40
0.963690692656709
40
0.981763050471223
40
1
40
1
40
1
40
1
41
1
10
24.4010980995314
20
1.43745866568292
30
0
41
1
10
24.3989262424472
20
1.44047870105942
30
0
41
1
10
24.3945816075877
20
1.44652005206217
30
0
41
1
10
24.3884008115644
20
1.45556250421092
30
0
41
1
10
24.3824668007952
20
1.46459650504394
30
0
41
1
10
24.3768055235618
20
1.47362326834329
30
0
41
1
10
24.3714123431837
20
1.48264622969276
30
0
41
1
10
24.3662908200025
20
1.49166826510535
30
0
41
1
10
24.3614423107586
20
1.50069243659192
30
0
41
1
10
24.3568687568271
20
1.50972179192098
30
0
41
1
10
24.3525719354119
20
1.51875941800995
30
0
41
1
10
24.3485536593698
20
1.52780842627143
30
0
41
1
10
24.3448157225689
20
1.5368719561923
30
0
41
1
10
24.3413599134894
20
1.54595317400054
30
0
41
1
10
24.3381880104966
20
1.55505527263043
30
0
41
1
10
24.3353017820135
20
1.56418147131802
30
0
41
1
10
24.3327029853598
20
1.57333501527441
30
0
41
1
10
24.3303933659285
20
1.58251917531697
30
0
41
1
10
24.3283746562548
20
1.59173724748888
30
0
41
1
10
24.3266485750932
20
1.60099255265985
30
0
41
1
10
24.3252168264736
20
1.61028843610902
30
0
41
1
10
24.3240810987463
20
1.61962826708762
30
0
41
1
10
24.3232430635995
20
1.62901543836989
30
0
41
1
10
24.3227043751083
20
1.63845336575744
30
0
41
1
10
24.3224666685925
20
1.64794548766722
30
0
41
1
10
24.3225315601216
20
1.65749526431404
30
0
41
1
10
24.3229006435195
20
1.66710617831555
30
0
41
1
10
24.3235754966594
20
1.67678172987957
30
0
41
1
10
24.3245576529247
20
1.68652545216261
30
0
41
1
10
24.3258487029296
20
1.69634085106048
30
0
41
1
10
24.3274499087783
20
1.70623162765173
30
0
41
1
10
24.3293636422993
20
1.71620084286667
30
0
41
1
10
24.3316024757297
20
1.72631947596045
30
0
41
1
10
24.3341979265665
20
1.73662582938661
30
0
41
1
10
24.3371797984047
20
1.74716424576914
30
0
41
1
10
24.3405437387684
20
1.75792253061334
30
0
41
1
10
24.3442961572238
20
1.76891144471819
30
0
41
1
10
24.3484422497236
20
1.78014263777178
30
0
41
1
10
24.3529875201069
20
1.79162775566346
30
0
41
1
10
24.3579373543162
20
1.80337868065632
30
0
41
1
10
24.3632971266333
20
1.8154074615762
30
0
41
1
10
24.3690721602243
20
1.82772632839769
30
0
41
1
10
24.3752677272067
20
1.84034768343474
30
0
41
1
10
24.3818890376282
20
1.85328409857519
30
0
41
1
10
24.3889412311799
20
1.86654831050683
30
0
41
1
10
24.396429367869
20
1.88015321612022
30
0
41
1
10
24.4043584186785
20
1.89411186747989
30
0
41
1
10
24.4127332559334
20
1.90843746651791
30
0
41
1
10
24.421558643449
20
1.92314335939494
30
0
41
1
10
24.4308392264407
20
1.93824303053205
30
0
41
1
10
24.4405795212001
20
1.9537500962993
30
0
41
1
10
24.4507839045381
20
1.96967829835384
30
0
41
1
10
24.4614566029943
20
1.98604149661648
30
0
41
1
10
24.4726016818157
20
2.00285366187777
30
0
41
1
10
24.4842230337049
20
2.0201288680251
30
0
41
1
10
24.4963243673405
20
2.03788128388038
30
0
41
1
10
24.508909195672
20
2.05612516464009
30
0
41
1
10
24.5219808239929
20
2.07487484290877
30
0
41
1
10
24.5355423377933
20
2.09414471931723
30
0
41
1
10
24.5495965903994
20
2.11394925271645
30
0
41
1
10
24.564146190399
20
2.13430294994109
30
0
41
1
10
24.5791934888648
20
2.15522035513104
30
0
41
1
10
24.5947405663743
20
2.17671603860751
30
0
41
1
10
24.6107892198362
20
2.19880458529298
30
0
41
1
10
24.6273409491303
20
2.22150058267198
30
0
41
1
10
24.6443969435609
20
2.24481860827382
30
0
41
1
10
24.6619580681594
20
2.26877321672018
30
0
41
1
10
24.6800248497411
20
2.29337892614077
30
0
41
1
10
24.6985974631088
20
2.31865020468331
30
0
41
1
10
24.7176757159777
20
2.34460145433198
30
0
41
1
10
24.7372590380492
20
2.37124700257442
30
0
41
1
10
24.7573464537445
20
2.39860106197295
30
0
41
1
10
24.7779366162261
20
2.42667780887842
30
0
41
1
10
24.7990276088732
20
2.45549100868334
30
0
41
1
10
24.8206176265739
20
2.48505535519558
30
0
41
1
10
24.8427023265746
20
2.51538131974294
30
0
41
1
10
24.8652847830324
20
2.54649456023108
30
0
41
1
10
24.8883377483146
20
2.57836239175381
30
0
41
1
10
24.9040057700074
20
2.60013664548288
30
0
41
1
10
24.9118752927753
20
2.61107312418045
30
0
0
SPLINE
5
158
100
AcDbEntity
8
1
62
256
6
ByLayer
370
18
48
1
60
0
100
AcDbSpline
70
4
71
3
72
8
73
4
40
0
40
0
40
0
40
0
40
1
40
1
40
1
40
1
41
1
10
24.398672243878
20
1.43932429679629
30
0
41
1
10
24.5763943653652
20
1.30107988077873
30
0
41
1
10
24.7544857423101
20
1.16326806866931
30
0
41
1
10
24.9330444058259
20
1.02601598659214
30
0
0
SPLINE
5
159
100
AcDbEntity
8
1
62
256
6
ByLayer
370
18
48
1
60
0
100
AcDbSpline
70
4
71
3
72
11
73
7
40
0
40
0
40
0
40
0
40
0.040889037274296
40
0.376654649961383
40
0.712420262648469
40
1
40
1
40
1
40
1
41
1
10
24.9330444058259
20
1.02601598659214
30
0
41
1
10
24.9330444058259
20
0.991254881904553
30
0
41
1
10
24.933044405826
20
0.670436655924078
30
0
41
1
10
24.933044405826
20
0.0535237824220758
30
0
41
1
10
24.9330444057807
20
-0.789976233235478
30
0
41
1
10
24.933044405915
20
-1.33909471545846
30
0
41
1
10
24.9330444058679
20
-1.59076093454144
30
0
0
SPLINE
5
15A
100
AcDbEntity
8
1
62
256
6
ByLayer
370
18
48
1
60
0
100
AcDbSpline
70
4
71
3
72
21
73
17
40
0
40
0
40
0
40
0
40
0.250000000000012
40
0.250000000000012
40
0.31250000000002
40
0.31250000000002
40
0.375000000000027
40
0.375000000000027
40
0.500000000000026
40
0.625000000000025
40
0.625000000000025
40
0.687500000000024
40
0.687500000000024
40
0.750000000000023
40
0.750000000000023
40
1
40
1
40
1
40
1
41
1
10
24.9330444058259
20
1.02601598659211
30
0
41
1
10
25.0088798890793
20
0.95086939925892
30
0
41
1
10
25.0887708514186
20
0.873795683947151
30
0
41
1
10
25.1933468790768
20
0.77450265056649
30
0
41
1
10
25.2144988965625
20
0.754496877310743
30
0
41
1
10
25.2572727647449
20
0.714178880080823
30
0
41
1
10
25.2788964897817
20
0.693865034146313
30
0
41
1
10
25.3442381213878
20
0.632662897946744
30
0
41
1
10
25.4327610951286
20
0.55022394390565
30
0
41
1
10
25.5240056288493
20
0.466020245631341
30
0
41
1
10
25.5934576586636
20
0.402180316396993
30
0
41
1
10
25.6167989710989
20
0.38076711034185
30
0
41
1
10
25.6636795332175
20
0.337841808793797
30
0
41
1
10
25.6872266411529
20
0.316322409272971
30
0
41
1
10
25.8054977167838
20
0.208444418291151
30
0
41
1
10
25.9018050676601
20
0.121231733298515
30
0
41
1
10
26.0000000003914
20
0.0332316320494783
30
0
0
SPLINE
5
15B
100
AcDbEntity
8
1
62
256
6
ByLayer
370
18
48
1
60
0
100
AcDbSpline
70
4
71
3
72
40
73
36
40
0
40
0
40
0
40
0
40
0.250000000000147
40
0.250000000000147
40
0.375000000000221
40
0.375000000000221
40
0.406250000000244
40
0.406250000000244
40
0.421875000000244
40
0.421875000000244
40
0.437500000000245
40
0.437500000000245
40
0.500000000000226
40
0.500000000000226
40
0.562500000000208
40
0.562500000000208
40
0.62500000000019
40
0.62500000000019
40
0.65625000000017
40
0.65625000000017
40
0.68750000000015
40
0.68750000000015
40
0.75000000000011
40
0.75000000000011
40
0.781250000000091
40
0.781250000000091
40
0.812500000000071
40
0.812500000000071
40
0.875000000000048
40
0.875000000000048
40
0.906250000000036
40
0.906250000000036
40
0.937500000000025
40
0.937500000000025
40
1
40
1
40
1
40
1
41
1
10
41.9777977883884
20
4.74461300222302
30
0
41
1
10
42.0650591184371
20
4.66065323532695
30
0
41
1
10
42.153060709004
20
4.57744192372709
30
0
41
1
10
42.2862313078573
20
4.45411530681395
30
0
41
1
10
42.3308119736616
20
4.41324925450681
30
0
41
1
10
42.3868364876715
20
4.3625319083547
30
0
41
1
10
42.3980483980862
20
4.35239928636742
30
0
41
1
10
42.4148917276028
20
4.33723072159933
30
0
41
1
10
42.4205237228193
20
4.33219201543992
30
0
41
1
10
42.4318921773959
20
4.32221372944588
30
0
41
1
10
42.4376300774267
20
4.31727546054211
30
0
41
1
10
42.4665651205185
20
4.29281582406827
30
0
41
1
10
42.4904558660636
20
4.27394924213459
30
0
41
1
10
42.5394478350876
20
4.23733582514805
30
0
41
1
10
42.563529066112
20
4.22035197959721
30
0
41
1
10
42.6108577042829
20
4.18847765864462
30
0
41
1
10
42.6341207699358
20
4.17358683297564
30
0
41
1
10
42.6684390285287
20
4.15264407008067
30
0
41
1
10
42.6797613169804
20
4.14591341060219
30
0
41
1
10
42.7018968245699
20
4.13309194514918
30
0
41
1
10
42.7127540086888
20
4.12697221425901
30
0
41
1
10
42.7447227588319
20
4.10944776008509
30
0
41
1
10
42.7652225653303
20
4.0988885811341
30
0
41
1
10
42.7947199733296
20
4.08483991605615
30
0
41
1
10
42.8043743288794
20
4.08043606023935
30
0
41
1
10
42.8230060278609
20
4.0723515496617
30
0
41
1
10
42.8320125120924
20
4.06865663953468
30
0
41
1
10
42.858079544673
20
4.05866892552405
30
0
41
1
10
42.8742114274654
20
4.05344292915674
30
0
41
1
10
42.8963312951463
20
4.04814258010344
30
0
41
1
10
42.9033550324785
20
4.04680325084439
30
0
41
1
10
42.9166284190571
20
4.04510255254317
30
0
41
1
10
42.9228987323505
20
4.04474797723358
30
0
41
1
10
42.9399700998343
20
4.0454331755214
30
0
41
1
10
42.9492111389895
20
4.04813074854627
30
0
41
1
10
42.955676359828
20
4.05388298448693
30
0
0
SPLINE
5
15C
100
AcDbEntity
8
1
62
256
6
ByLayer
370
18
48
1
60
0
100
AcDbSpline
70
4
71
3
72
16
73
12
40
0
40
0
40
0
40
0
40
0.25
40
0.25
40
0.375
40
0.375
40
0.5
40
0.5
40
0.75
40
0.75
40
1
40
1
40
1
40
1
41
1
10
41.9777977883884
20
4.74461300222302
30
0
41
1
10
41.9774411170901
20
4.58350927200155
30
0
41
1
10
41.9770878404198
20
4.41612958191209
30
0
41
1
10
41.9765291415234
20
4.15574363968292
30
0
41
1
10
41.9763606818524
20
4.06739192314868
30
0
41
1
10
41.9760531215856
20
3.88756642836697
30
0
41
1
10
41.9759055344629
20
3.79605284924296
30
0
41
1
10
41.9754226331523
20
3.5170503308612
30
0
41
1
10
41.9750214556386
20
3.32614347825435
30
0
41
1
10
41.9743208704686
20
2.93460961629535
30
0
41
1
10
41.9740155613734
20
2.73398288179837
30
0
41
1
10
41.9736705084061
20
2.52844711909952
30
0
0
SPLINE
5
15D
100
AcDbEntity
8
1
62
256
6
ByLayer
370
13
48
1
60
0
100
AcDbSpline
70
4
71
3
72
13
73
9
40
0
40
0
40
0
40
0
40
0.11778707347997
40
0.321196725767912
40
0.524606378055855
40
0.728016030343798
40
0.931425682631741
40
1
40
1
40
1
40
1
41
1
10
42.7588429787328
20
1.82289955735698
30
0
41
1
10
42.7695580359221
20
1.82561903545724
30
0
41
1
10
42.7979449112627
20
1.83384958747806
30
0
41
1
10
42.8419648830413
20
1.85116206231251
30
0
41
1
10
42.8872799786039
20
1.87701142549616
30
0
41
1
10
42.923810371551
20
1.90751763278774
30
0
41
1
10
42.943864129762
20
1.93373319513958
30
0
41
1
10
42.9518467100474
20
1.94913465236672
30
0
41
1
10
42.9536412346937
20
1.95303076139433
30
0
0
SPLINE
5
15E
100
AcDbEntity
8
1
62
256
6
ByLayer
370
13
48
1
60
0
100
AcDbSpline
70
4
71
3
72
10
73
6
40
0
40
0
40
0
40
0
40
0.317232178728979
40
0.660586550654641
40
1
40
1
40
1
40
1
41
1
10
26.0000000003914
20
0.0332316320494499
30
0
41
1
10
26.0000000003829
20
-0.252004310891579
30
0
41
1
10
26.0000000003581
20
-0.849925067906156
30
0
41
1
10
26.0000000006008
20
-1.75662008921535
30
0
41
1
10
26.0000000000069
20
-2.36841840917921
30
0
41
1
10
26.0000000000001
20
-2.66875257216367
30
0
0
SPLINE
5
15F
100
AcDbEntity
8
1
62
256
6
ByLayer
370
18
48
1
60
0
100
AcDbSpline
70
4
71
3
72
8
73
4
40
0
40
0
40
0
40
0
40
1
40
1
40
1
40
1
41
1
10
26.0000000003916
20
0.0332316320499615
30
0
41
1
10
26.0083974314001
20
0.0257060423028861
30
0
41
1
10
26.016794063327
20
0.0181777680666926
30
0
41
1
10
26.0251899127086
20
0.0106468269692925
30
0
0
SPLINE
5
160
100
AcDbEntity
8
1
62
256
6
ByLayer
370
18
48
1
60
0
100
AcDbSpline
70
4
71
3
72
32
73
28
40
0
40
0
40
0
40
0
40
0.0624999999999974
40
0.0624999999999974
40
0.124999999999995
40
0.124999999999995
40
0.187499999999992
40
0.187499999999992
40
0.24999999999999
40
0.24999999999999
40
0.28124999999999
40
0.28124999999999
40
0.312499999999991
40
0.312499999999991
40
0.374999999999992
40
0.374999999999992
40
0.499999999999994
40
0.499999999999994
40
0.624999999999997
40
0.624999999999997
40
0.749999999999999
40
0.749999999999999
40
0.875000000000001
40
0.875000000000001
40
0.937500000000001
40
0.937500000000001
40
1
40
1
40
1
40
1
41
1
10
32.3762734456552
20
-5.02041896992344
30
0
41
1
10
32.2432523739333
20
-4.93370696044875
30
0
41
1
10
32.1103265477576
20
-4.84534570067166
30
0
41
1
10
31.8445646459666
20
-4.66530285967823
30
0
41
1
10
31.7117280946835
20
-4.57361895090378
30
0
41
1
10
31.4460089888516
20
-4.38708842362277
30
0
41
1
10
31.3131265378538
20
-4.29222604613949
30
0
41
1
10
31.0471606898106
20
-4.09982454135289
30
0
41
1
10
30.9140837796173
20
-4.00224452644915
30
0
41
1
10
30.7142562916663
20
-3.85379889360843
30
0
41
1
10
30.6475740727964
20
-3.80394392903278
30
0
41
1
10
30.5143192951555
20
-3.70369565857959
30
0
41
1
10
30.4477704586265
20
-3.65332062518445
30
0
41
1
10
30.2483412450598
20
-3.50146159020096
30
0
41
1
10
30.115677921469
20
-3.3992450692939
30
0
41
1
10
29.7184388108834
20
-3.08972761476991
30
0
41
1
10
29.454637270776
20
-2.87948288689864
30
0
41
1
10
28.9279243024698
20
-2.45285164732749
30
0
41
1
10
28.6650170339134
20
-2.2364690308051
30
0
41
1
10
28.1392429078299
20
-1.79858919285198
30
0
41
1
10
27.8763854337652
20
-1.5770830363447
30
0
41
1
10
27.3499071282329
20
-1.12956604782553
30
0
41
1
10
27.086260429858
20
-0.903649223836851
30
0
41
1
10
26.6894939438893
20
-0.562410020520645
30
0
41
1
10
26.5570235314312
20
-0.448264395999502
30
0
41
1
10
26.2915406773313
20
-0.21929123092201
30
0
41
1
10
26.1584825929074
20
-0.104423472051707
30
0
41
1
10
26.0251899127089
20
0.0106468269690367
30
0
0
SPLINE
5
161
100
AcDbEntity
8
1
62
256
6
ByLayer
370
18
48
1
60
0
100
AcDbSpline
70
4
71
3
72
14
73
10
40
0
40
0
40
0
40
0
40
0.25
40
0.25
40
0.5
40
0.5
40
0.75
40
0.75
40
1
40
1
40
1
40
1
41
1
10
26.0000000000001
20
-2.66875257216174
30
0
41
1
10
26.0020640991597
20
-2.44889181834336
30
0
41
1
10
26.0041481213219
20
-2.22776170928444
30
0
41
1
10
26.00825519916
20
-1.78299050117869
30
0
41
1
10
26.0103501059676
20
-1.55929820801793
30
0
41
1
10
26.0145469750667
20
-1.10958143331916
30
0
41
1
10
26.0166136682647
20
-0.885062989114914
30
0
41
1
10
26.0208890684735
20
-0.436701237104813
30
0
41
1
10
26.0230233988322
20
-0.212856945045161
30
0
41
1
10
26.0251899127086
20
0.0106468269692641
30
0
0
SPLINE
5
162
100
AcDbEntity
8
1
62
256
6
ByLayer
370
18
48
1
60
0
100
AcDbSpline
70
4
71
3
72
42
73
38
40
0
40
0
40
0
40
0
40
0.0574085746413783
40
0.0574085746413783
40
0.114817149282757
40
0.114817149282757
40
0.143521436603446
40
0.143521436603446
40
0.172225723924135
40
0.172225723924135
40
0.229634298565513
40
0.229634298565513
40
0.287042873206891
40
0.287042873206891
40
0.34445144784827
40
0.34445144784827
40
0.401860022489648
40
0.401860022489648
40
0.430564309810337
40
0.430564309810337
40
0.459268597131026
40
0.459268597131026
40
0.516677171772407
40
0.516677171772407
40
0.574085746413789
40
0.574085746413789
40
0.688902895696554
40
0.688902895696554
40
0.746311470337938
40
0.746311470337938
40
0.803720044979322
40
0.803720044979322
40
0.918537194262091
40
0.918537194262091
40
0.975945768903475
40
0.975945768903475
40
1
40
1
40
1
40
1
41
1
10
54.7774501258246
20
3.91252695523565
30
0
41
1
10
54.6220733369079
20
4.02784757188414
30
0
41
1
10
54.466507022408
20
4.1415141667228
30
0
41
1
10
54.1548173434128
20
4.3654278258303
30
0
41
1
10
53.9986957413076
20
4.47569072764634
30
0
41
1
10
53.7639681244338
20
4.63829986982648
30
0
41
1
10
53.6856344014595
20
4.69203790172432
30
0
41
1
10
53.5287597748542
20
4.79854385415382
30
0
41
1
10
53.4501846144227
20
4.85133480616622
30
0
41
1
10
53.214336536385
20
5.00803988963315
30
0
41
1
10
53.0573413342425
20
5.11002178152097
30
0
41
1
10
52.7436409717607
20
5.30875768170242
30
0
41
1
10
52.5869329419963
20
5.40550763894288
30
0
41
1
10
52.2735455676237
20
5.59398351674548
30
0
41
1
10
52.1168725301561
20
5.68568716530498
30
0
41
1
10
51.8033927680181
20
5.86390397704105
30
0
41
1
10
51.6465891469053
20
5.95039932258183
30
0
41
1
10
51.4111583619443
20
6.07601213926213
30
0
41
1
10
51.3326436294569
20
6.11719543678052
30
0
41
1
10
51.1755148740914
20
6.19815312360362
30
0
41
1
10
51.0968531570307
20
6.2379503637263
30
0
41
1
10
50.8613248712439
20
6.3548596449767
30
0
41
1
10
50.7047683725036
20
6.42953136464109
30
0
41
1
10
50.3923247700978
20
6.57250524768287
30
0
41
1
10
50.2364202123729
20
6.6408908330645
30
0
41
1
10
49.7693984165488
20
6.83667806495183
30
0
41
1
10
49.4589817839663
20
6.95470570190915
30
0
41
1
10
48.9937640411594
20
7.11211876891556
30
0
41
1
10
48.8387604800841
20
7.16130009045352
30
0
41
1
10
48.5287112017915
20
7.25287877026778
30
0
41
1
10
48.3736637711361
20
7.29526248162975
30
0
41
1
10
47.9081235036102
20
7.41279652002891
30
0
41
1
10
47.5972614233623
20
7.47815507336435
30
0
41
1
10
47.1291635508328
20
7.55566696288949
30
0
41
1
10
46.9728291801843
20
7.57807585045245
30
0
41
1
10
46.7504210167444
20
7.60480746983234
30
0
41
1
10
46.6846780223003
20
7.6120739513118
30
0
41
1
10
46.6188564969186
20
7.6187038838454
30
0
0
SPLINE
5
163
100
AcDbEntity
8
1
62
256
6
ByLayer
370
18
48
1
60
0
100
AcDbSpline
70
4
71
3
72
8
73
4
40
0
40
0
40
0
40
0
40
1
40
1
40
1
40
1
41
1
10
68.5537571407812
20
-0.955494269796219
30
0
41
1
10
68.5536786674657
20
-1.05329395058263
30
0
41
1
10
68.5535991669269
20
-1.15106243722667
30
0
41
1
10
68.5535183033413
20
-1.24879973304033
30
0
0
SPLINE
5
164
100
AcDbEntity
8
1
62
256
6
ByLayer
370
18
48
1
60
0
100
AcDbSpline
70
4
71
3
72
12
73
8
40
0
40
0
40
0
40
0
40
0.249985132332952
40
0.249985132332952
40
0.499970294923142
40
0.499970294923142
40
1
40
1
40
1
40
1
41
1
10
75.3945815743871
20
-6.26606636895988
30
0
41
1
10
75.3968151000923
20
-6.26759255788787
30
0
41
1
10
75.3990430302933
20
-6.26912210410157
30
0
41
1
10
75.403487478807
20
-6.27218794898408
30
0
41
1
10
75.4057040094943
20
-6.27372425619041
30
0
41
1
10
75.4123366682276
20
-6.27834372639944
30
0
41
1
10
75.4167354503868
20
-6.28143715610858
30
0
41
1
10
75.4211101481902
20
-6.28454440108868
30
0
0
SPLINE
5
165
100
AcDbEntity
8
1
62
256
6
ByLayer
370
18
48
1
60
0
100
AcDbSpline
70
4
71
3
72
40
73
36
40
0
40
0
40
0
40
0
40
0.0156250000000215
40
0.0156250000000215
40
0.0312500000000429
40
0.0312500000000429
40
0.0390625000000539
40
0.0390625000000539
40
0.0468750000000648
40
0.0468750000000648
40
0.0546875000000757
40
0.0546875000000757
40
0.0625000000000867
40
0.0625000000000867
40
0.0781250000000864
40
0.0781250000000864
40
0.0937500000000861
40
0.0937500000000861
40
0.125000000000086
40
0.125000000000086
40
0.156250000000085
40
0.156250000000085
40
0.187500000000085
40
0.187500000000085
40
0.250000000000076
40
0.250000000000076
40
0.375000000000063
40
0.375000000000063
40
0.50000000000005
40
0.50000000000005
40
0.625000000000037
40
0.625000000000037
40
0.750000000000024
40
0.750000000000024
40
1
40
1
40
1
40
1
41
1
10
75.4211101481902
20
-6.28454440108871
30
0
41
1
10
75.4262655193278
20
-6.28820613998062
30
0
41
1
10
75.4316737922042
20
-6.29165305439764
30
0
41
1
10
75.4434082099264
20
-6.29777927642394
30
0
41
1
10
75.4497049270766
20
-6.30046094099188
30
0
41
1
10
75.4601259689628
20
-6.30310580120855
30
0
41
1
10
75.4638029762268
20
-6.30375075761907
30
0
41
1
10
75.4713021800223
20
-6.30429229631906
30
0
41
1
10
75.47522743498
20
-6.3041823468327
30
0
41
1
10
75.4828361859566
20
-6.30308093502322
30
0
41
1
10
75.4866102483231
20
-6.30208074144443
30
0
41
1
10
75.4936888321816
20
-6.29937380565428
30
0
41
1
10
75.4970058892733
20
-6.29767627974292
30
0
41
1
10
75.5061926548439
20
-6.29199026453099
30
0
41
1
10
75.5113006471809
20
-6.28748494439122
30
0
41
1
10
75.5203878562563
20
-6.27798721468702
30
0
41
1
10
75.524293956117
20
-6.27304687421807
30
0
41
1
10
75.5350140239799
20
-6.25791567189711
30
0
41
1
10
75.5408534865941
20
-6.24738632046521
30
0
41
1
10
75.5513415523993
20
-6.22608547883431
30
0
41
1
10
75.5559265301663
20
-6.2153498193361
30
0
41
1
10
75.5643797694905
20
-6.19375958454859
30
0
41
1
10
75.5682355129512
20
-6.18290392428077
30
0
41
1
10
75.5790841362725
20
-6.15018879527705
30
0
41
1
10
75.5853734666387
20
-6.12818245583915
30
0
41
1
10
75.6027169835571
20
-6.06168386164381
30
0
41
1
10
75.6122690694089
20
-6.01667793722368
30
0
41
1
10
75.629369926125
20
-5.92584320130956
30
0
41
1
10
75.6368603216695
20
-5.87997683850924
30
0
41
1
10
75.6503603920409
20
-5.78734650743885
30
0
41
1
10
75.6563584163323
20
-5.74058251556573
30
0
41
1
10
75.6670318670317
20
-5.6461526214016
30
0
41
1
10
75.6717027171561
20
-5.59846337912725
30
0
41
1
10
75.6837423712774
20
-5.45421477736875
30
0
41
1
10
75.6891615726637
20
-5.35652689715448
30
0
41
1
10
75.6917177911873
20
-5.25732089971487
30
0
0
SPLINE
5
166
100
AcDbEntity
8
1
62
256
6
ByLayer
370
18
48
1
60
0
100
AcDbSpline
70
4
71
3
72
10
73
6
40
0
40
0
40
0
40
0
40
0.5
40
0.5
40
1
40
1
40
1
40
1
41
1
10
75.691717791187
20
-5.2573208997149
30
0
41
1
10
75.6265144506236
20
-5.08323592452854
30
0
41
1
10
75.5617521450846
20
-4.90365860551304
30
0
41
1
10
75.4331248649742
20
-4.53332923093538
30
0
41
1
10
75.3692598011876
20
-4.34257828639838
30
0
41
1
10
75.3058606677033
20
-4.14602496953387
30
0
0
SPLINE
5
167
100
AcDbEntity
8
1
62
256
6
ByLayer
370
18
48
1
60
0
100
AcDbSpline
70
4
71
3
72
22
73
18
40
0
40
0
40
0
40
0
40
0.125000000000004
40
0.125000000000004
40
0.250000000000009
40
0.250000000000009
40
0.500000000000018
40
0.500000000000018
40
0.531250000000019
40
0.531250000000019
40
0.56250000000002
40
0.56250000000002
40
0.625000000000018
40
0.625000000000018
40
0.750000000000012
40
0.750000000000012
40
1
40
1
40
1
40
1
41
1
10
75.3058606677031
20
-4.14602496953322
30
0
41
1
10
75.0236374283404
20
-3.94174757880012
30
0
41
1
10
74.7425475846923
20
-3.73150233762507
30
0
41
1
10
74.1813058661153
20
-3.30081839787016
30
0
41
1
10
73.9011586312553
20
-3.08036605593247
30
0
41
1
10
73.0603582222827
20
-2.40595592298047
30
0
41
1
10
72.4993459359102
20
-1.9390580408429
30
0
41
1
10
71.8628381469645
20
-1.39957074210005
30
0
41
1
10
71.7920404859648
20
-1.33943150966917
30
0
41
1
10
71.6502784613117
20
-1.21876925634379
30
0
41
1
10
71.5792601798268
20
-1.15819945936684
30
0
41
1
10
71.3663297525777
20
-0.976272349577187
30
0
41
1
10
71.2247348931533
20
-0.854866328629782
30
0
41
1
10
70.8008021141324
20
-0.490536593687665
30
0
41
1
10
70.5193127982442
20
-0.247503577086519
30
0
41
1
10
69.6765688294825
20
0.480127012117947
30
0
41
1
10
69.117045187354
20
0.963272371868783
30
0
41
1
10
68.5555463434447
20
1.43948018732843
30
0
0
SPLINE
5
168
100
AcDbEntity
8
1
62
256
6
ByLayer
370
18
48
1
60
0
100
AcDbSpline
70
4
71
3
72
8
73
4
40
0
40
0
40
0
40
0
40
1
40
1
40
1
40
1
41
1
10
55.7536682019474
20
0.922593172252732
30
0
41
1
10
55.753591822142
20
0.827617348993783
30
0
41
1
10
55.7535145540714
20
0.732252504935019
30
0
41
1
10
55.7534360638675
20
0.636498680973773
30
0
0
SPLINE
5
169
100
AcDbEntity
8
1
62
256
6
ByLayer
370
18
48
1
60
0
100
AcDbSpline
70
4
71
3
72
16
73
12
40
0
40
0
40
0
40
0
40
0.25
40
0.25
40
0.375
40
0.375
40
0.5
40
0.5
40
0.75
40
0.75
40
1
40
1
40
1
40
1
41
1
10
70.7768450133061
20
-7.31672900639799
30
0
41
1
10
70.7765619384749
20
-7.41008073570282
30
0
41
1
10
70.7762829386316
20
-7.4942599462162
30
0
41
1
10
70.7758355231173
20
-7.60691336361694
30
0
41
1
10
70.775704209892
20
-7.64218993354737
30
0
41
1
10
70.7754711353712
20
-7.70818050421141
30
0
41
1
10
70.7753608882184
20
-7.73890756297288
30
0
41
1
10
70.7749899702981
20
-7.82411775435048
30
0
41
1
10
70.7746629452017
20
-7.87133906040867
30
0
41
1
10
70.7741097426925
20
-7.94678850928241
30
0
41
1
10
70.7738777233056
20
-7.97501718326396
30
0
41
1
10
70.7736054742305
20
-7.99365372217193
30
0
0
SPLINE
5
16A
100
AcDbEntity
8
1
62
256
6
ByLayer
370
18
48
1
60
0
100
AcDbSpline
70
4
71
3
72
62
73
58
40
0
40
0
40
0
40
0
40
0.0625000000000008
40
0.0625000000000008
40
0.125000000000002
40
0.125000000000002
40
0.187500000000002
40
0.187500000000002
40
0.218750000000003
40
0.218750000000003
40
0.234375000000003
40
0.234375000000003
40
0.250000000000003
40
0.250000000000003
40
0.375000000000008
40
0.375000000000008
40
0.390625000000009
40
0.390625000000009
40
0.406250000000009
40
0.406250000000009
40
0.437500000000009
40
0.437500000000009
40
0.500000000000009
40
0.500000000000009
40
0.531250000000009
40
0.531250000000009
40
0.546875000000009
40
0.546875000000009
40
0.562500000000008
40
0.625000000000005
40
0.625000000000005
40
0.656250000000003
40
0.656250000000003
40
0.687500000000001
40
0.687500000000001
40
0.749999999999998
40
0.749999999999998
40
0.781249999999997
40
0.781249999999997
40
0.796874999999997
40
0.796874999999997
40
0.812499999999996
40
0.812499999999996
40
0.843749999999996
40
0.843749999999996
40
0.851562499999997
40
0.851562499999997
40
0.859374999999998
40
0.874999999999999
40
0.874999999999999
40
0.906249999999999
40
0.906249999999999
40
0.937499999999999
40
0.937499999999999
40
0.96875
40
0.96875
40
1
40
1
40
1
40
1
41
1
10
70.7768450133061
20
-7.31672900639799
30
0
41
1
10
70.4639802385523
20
-7.23558748627309
30
0
41
1
10
70.1522573066122
20
-7.14112893493132
30
0
41
1
10
69.5296006014981
20
-6.92660313569229
30
0
41
1
10
69.2186706780619
20
-6.80652759517574
30
0
41
1
10
68.5961500065443
20
-6.54143603731626
30
0
41
1
10
68.2845584229611
20
-6.39644242330692
30
0
41
1
10
67.8155551484367
20
-6.1607302360662
30
0
41
1
10
67.6589510642705
20
-6.07911961020884
30
0
41
1
10
67.4234955365433
20
-5.95219204697906
30
0
41
1
10
67.3449187488648
20
-5.90913181620613
30
0
41
1
10
67.1875575535686
20
-5.82152207959791
30
0
41
1
10
67.1087176325596
20
-5.77694041481308
30
0
41
1
10
66.3996999368126
20
-5.369971602578
30
0
41
1
10
65.7727722258215
20
-4.96727615825128
30
0
41
1
10
65.0644840848248
20
-4.47375319879993
30
0
41
1
10
64.9857431741382
20
-4.41835852527961
30
0
41
1
10
64.8281531220114
20
-4.30647568100869
30
0
41
1
10
64.7493262891565
20
-4.25000195807175
30
0
41
1
10
64.5130950221475
20
-4.07927701927483
30
0
41
1
10
64.35580050591
20
-3.96361956062378
30
0
41
1
10
63.884217267676
20
-3.61139158573172
30
0
41
1
10
63.5702238364114
20
-3.36958783598459
30
0
41
1
10
63.0986748901265
20
-2.9976151716873
30
0
41
1
10
62.941399114356
20
-2.87207784723699
30
0
41
1
10
62.7052017654266
20
-2.68159045833522
30
0
41
1
10
62.6263735641708
20
-2.61769156728064
30
0
41
1
10
62.4688334733584
20
-2.48938145858551
30
0
41
1
10
62.0755507268252
20
-2.16754956750265
30
0
41
1
10
61.6847726285997
20
-1.84083165317088
30
0
41
1
10
61.2170431929734
20
-1.44553007526179
30
0
41
1
10
61.0613366405177
20
-1.31321884941212
30
0
41
1
10
60.7501322396545
20
-1.04775497539393
30
0
41
1
10
60.5946310440103
20
-0.914609404326256
30
0
41
1
10
60.1282020936629
20
-0.514183404573544
30
0
41
1
10
59.8173780460584
20
-0.245864765040949
30
0
41
1
10
59.3502593068697
20
0.157508630313572
30
0
41
1
10
59.1944037563201
20
0.292114870835547
30
0
41
1
10
58.9602368575741
20
0.494064190884899
30
0
41
1
10
58.8821159610604
20
0.561382592399298
30
0
41
1
10
58.725719954204
20
0.695977482345938
30
0
41
1
10
58.6474457001226
20
0.763256795319023
30
0
41
1
10
58.4123650443685
20
0.965018452426108
30
0
41
1
10
58.2553010738193
20
1.09942424324765
30
0
41
1
10
58.0584258010436
20
1.26718228878562
30
0
41
1
10
58.0190044965133
20
1.30073743497672
30
0
41
1
10
57.9402264745963
20
1.36771529559695
30
0
41
1
10
57.822144978494
20
1.46799319247833
30
0
41
1
10
57.704309263081
20
1.56768902465169
30
0
41
1
10
57.4689360524004
20
1.76626083814992
30
0
41
1
10
57.312419399084
20
1.89754877199934
30
0
41
1
10
57.0000088824215
20
2.15769302530623
30
0
41
1
10
56.8441317237203
20
2.28651559270276
30
0
41
1
10
56.5326836101644
20
2.54170207928715
30
0
41
1
10
56.3771153431592
20
2.66807787803023
30
0
41
1
10
56.0661745882423
20
2.91813531940707
30
0
41
1
10
55.9107979316165
20
3.04182388196358
30
0
41
1
10
55.7554348101407
20
3.16405643963947
30
0
0
SPLINE
5
16B
100
AcDbEntity
8
1
62
256
6
ByLayer
370
18
48
1
60
0
100
AcDbSpline
70
4
71
3
72
16
73
12
40
0
40
0
40
0
40
0
40
0.249999999999997
40
0.249999999999997
40
0.312499999999997
40
0.312499999999997
40
0.374999999999997
40
0.499999999999997
40
0.499999999999997
40
0.749999999999999
40
1
40
1
40
1
40
1
41
1
10
30.155246312975
20
3.70555784280222
30
0
41
1
10
30.1554058308244
20
3.87273289425207
30
0
41
1
10
30.155556278462
20
4.03522739525502
30
0
41
1
10
30.1557453352319
20
4.23249973737961
30
0
41
1
10
30.1557831101746
20
4.27167061470445
30
0
41
1
10
30.1558583665729
20
4.34927829428787
30
0
41
1
10
30.1559708718514
20
4.46464206116565
30
0
41
1
10
30.1560813052794
20
4.57688026973739
30
0
41
1
10
30.1562957145605
20
4.7972192045911
30
0
41
1
10
30.1565622680773
20
5.07998285662822
30
0
41
1
10
30.1568557206266
20
5.34072668897807
30
0
41
1
10
30.1569938500905
20
5.46550545230821
30
0
0
SPLINE
5
16C
100
AcDbEntity
8
1
62
256
6
ByLayer
370
18
48
1
60
0
100
AcDbSpline
70
4
71
3
72
8
73
4
40
0
40
0
40
0
40
0
40
1
40
1
40
1
40
1
41
1
10
30.155246312975
20
3.70555784280222
30
0
41
1
10
30.1551696616399
20
3.62522707770015
30
0
41
1
10
30.1550919836906
20
3.54390483004826
30
0
41
1
10
30.1550129385774
20
3.46159120460996
30
0
0
SPLINE
5
16D
100
AcDbEntity
8
1
62
256
6
ByLayer
370
18
48
1
60
0
100
AcDbSpline
70
4
71
3
72
16
73
12
40
0
40
0
40
0
40
0
40
0.250000000000001
40
0.250000000000001
40
0.375000000000001
40
0.375000000000001
40
0.500000000000001
40
0.500000000000001
40
0.750000000000001
40
0.750000000000001
40
1
40
1
40
1
40
1
41
1
10
45.1769860558186
20
-5.99726375341376
30
0
41
1
10
45.1767094017917
20
-6.15905128274005
30
0
41
1
10
45.1764336954919
20
-6.31344882961162
30
0
41
1
10
45.1759875287433
20
-6.53407523053335
30
0
41
1
10
45.1758560242774
20
-6.60578474873546
30
0
41
1
10
45.1756213694117
20
-6.7455276743072
30
0
41
1
10
45.1755097236686
20
-6.81359044301814
30
0
41
1
10
45.1751329308498
20
-7.01204283010242
30
0
41
1
10
45.1747997716672
20
-7.13598444742632
30
0
41
1
10
45.1742308933337
20
-7.36730231365124
30
0
41
1
10
45.173989247942
20
-7.47467904003088
30
0
41
1
10
45.1737059346229
20
-7.57368946249878
30
0
0
SPLINE
5
16E
100
AcDbEntity
8
1
62
256
6
ByLayer
370
18
48
1
60
0
100
AcDbSpline
70
4
71
3
72
69
73
65
40
0
40
0
40
0
40
0
40
0.031249999999997
40
0.031249999999997
40
0.0468749999999955
40
0.0468749999999955
40
0.0624999999999941
40
0.0624999999999941
40
0.0937499999999912
40
0.0937499999999912
40
0.124999999999988
40
0.124999999999988
40
0.187499999999983
40
0.187499999999983
40
0.203124999999982
40
0.203124999999982
40
0.218749999999981
40
0.218749999999981
40
0.249999999999982
40
0.249999999999982
40
0.312499999999982
40
0.312499999999982
40
0.343749999999982
40
0.343749999999982
40
0.359374999999982
40
0.359374999999982
40
0.374999999999981
40
0.374999999999981
40
0.437499999999982
40
0.437499999999982
40
0.468749999999983
40
0.468749999999983
40
0.499999999999984
40
0.499999999999984
40
0.531249999999984
40
0.531249999999984
40
0.562499999999985
40
0.562499999999985
40
0.624999999999987
40
0.624999999999987
40
0.656249999999988
40
0.656249999999988
40
0.671874999999988
40
0.671874999999988
40
0.687499999999988
40
0.687499999999988
40
0.749999999999988
40
0.749999999999988
40
0.781249999999988
40
0.781249999999988
40
0.812499999999989
40
0.812499999999989
40
0.82812499999999
40
0.82812499999999
40
0.843749999999991
40
0.874999999999992
40
0.874999999999992
40
0.906249999999994
40
0.906249999999994
40
0.937499999999996
40
0.937499999999996
40
0.968749999999998
40
0.968749999999998
40
1
40
1
40
1
40
1
41
1
10
45.1769860558187
20
-5.99726375341376
30
0
41
1
10
45.0203746150573
20
-5.91303347661028
30
0
41
1
10
44.8637198204607
20
-5.82598434191189
30
0
41
1
10
44.6285361859632
20
-5.69115932831903
30
0
41
1
10
44.5501077101576
20
-5.64551109904986
30
0
41
1
10
44.3931574380569
20
-5.55282331455345
30
0
41
1
10
44.3146055576301
20
-5.50576542033411
30
0
41
1
10
44.078985794469
20
-5.36266340922833
30
0
41
1
10
43.9221256685201
20
-5.2648075039115
30
0
41
1
10
43.6086148929691
20
-5.06461596219509
30
0
41
1
10
43.4519680562274
20
-4.96226973740724
30
0
41
1
10
42.9821189957989
20
-4.648540591028
30
0
41
1
10
42.6690201230491
20
-4.43041386243544
30
0
41
1
10
42.2768793083999
20
-4.14707068915476
30
0
41
1
10
42.1984119393785
20
-4.08987287912822
30
0
41
1
10
42.0413737608262
20
-3.97444301630623
30
0
41
1
10
41.9627836520278
20
-3.91619554842993
30
0
41
1
10
41.7272584161974
20
-3.74030820382217
30
0
41
1
10
41.5704258843118
20
-3.62143893918091
30
0
41
1
10
41.1002073078691
20
-3.26034083982796
30
0
41
1
10
40.7871349995778
20
-3.01351733193226
30
0
41
1
10
40.3170945032937
20
-2.63485465544326
30
0
41
1
10
40.1603378573111
20
-2.50724076477579
30
0
41
1
10
39.9249361614614
20
-2.3139048511654
30
0
41
1
10
39.8464244738183
20
-2.24913974702585
30
0
41
1
10
39.6892862555306
20
-2.11901734294983
30
0
41
1
10
39.6107960607394
20
-2.0537735908645
30
0
41
1
10
39.2188998373376
20
-1.72693413857809
30
0
41
1
10
38.9069102100822
20
-1.46327400004569
30
0
41
1
10
38.4403545142238
20
-1.06548059805533
30
0
41
1
10
38.2850715015347
20
-0.932501787162238
30
0
41
1
10
37.9747835623172
20
-0.666008261560535
30
0
41
1
10
37.8197791079924
20
-0.532492688785794
30
0
41
1
10
37.5098377517849
20
-0.265177646173782
30
0
41
1
10
37.3548950865603
20
-0.131386584563359
30
0
41
1
10
37.0448863019392
20
0.136247675638231
30
0
41
1
10
36.8898253601363
20
0.270098194564014
30
0
41
1
10
36.4242339446752
20
0.671480968776848
30
0
41
1
10
36.1132999148966
20
0.938852096651601
30
0
41
1
10
35.644930337032
20
1.33824031203434
30
0
41
1
10
35.4884761274709
20
1.47108800162394
30
0
41
1
10
35.2531589939612
20
1.66976691505153
30
0
41
1
10
35.1745586977305
20
1.73594144496479
30
0
41
1
10
35.0174429722549
20
1.8677994929908
30
0
41
1
10
34.9389356878477
20
1.93347647478842
30
0
41
1
10
34.5466057945885
20
2.26052909581756
30
0
41
1
10
34.2334167026351
20
2.51790998754782
30
0
41
1
10
33.7635583279085
20
2.8961521547653
30
0
41
1
10
33.6069290541634
20
3.02089614174432
30
0
41
1
10
33.2933984727139
20
3.26773584440963
30
0
41
1
10
33.1365055897086
20
3.38981853475474
30
0
41
1
10
32.9008518239096
20
3.57075871176508
30
0
41
1
10
32.8222415867998
20
3.63071239014678
30
0
41
1
10
32.6651913370193
20
3.74963711700957
30
0
41
1
10
32.4297603531904
20
3.92663479054448
30
0
41
1
10
32.1946740654823
20
4.0993456012788
30
0
41
1
10
31.8813738726336
20
4.32548790127393
30
0
41
1
10
31.7247989173687
20
4.43647602842023
30
0
41
1
10
31.4115806677341
20
4.654123301364
30
0
41
1
10
31.2549334725961
20
4.76078411898141
30
0
41
1
10
30.9413313215715
20
4.97001470649374
30
0
41
1
10
30.7843790142814
20
5.07253199197964
30
0
41
1
10
30.4700591621433
20
5.27306066108451
30
0
41
1
10
30.313341728203
20
5.3706674393155
30
0
41
1
10
30.1569938500905
20
5.46550545230821
30
0
0
SPLINE
5
16F
100
AcDbEntity
8
1
62
256
6
ByLayer
370
18
48
1
60
0
100
AcDbSpline
70
4
71
3
72
16
73
12
40
0
40
0
40
0
40
0
40
0.249999999999999
40
0.249999999999999
40
0.374999999999999
40
0.374999999999999
40
0.499999999999999
40
0.499999999999999
40
0.75
40
0.75
40
1
40
1
40
1
40
1
41
1
10
57.9779048758846
20
-6.95083035931697
30
0
41
1
10
57.9775478768424
20
-7.07058727791471
30
0
41
1
10
57.9771947147178
20
-7.18168281506388
30
0
41
1
10
57.9766368310142
20
-7.33546868292882
30
0
41
1
10
57.976468801163
20
-7.38458268749599
30
0
41
1
10
57.9761623104413
20
-7.47850205436359
30
0
41
1
10
57.9760153442797
20
-7.5233266487588
30
0
41
1
10
57.9755344707561
20
-7.65117367555956
30
0
41
1
10
57.9751348657954
20
-7.72712078544305
30
0
41
1
10
57.9744382114819
20
-7.86061787329396
30
0
41
1
10
57.9741351590785
20
-7.91816840127058
30
0
41
1
10
57.9737926130408
20
-7.96642756882625
30
0
0
SPLINE
5
170
100
AcDbEntity
8
1
62
256
6
ByLayer
370
18
48
1
60
0
100
AcDbSpline
70
4
71
3
72
62
73
58
40
0
40
0
40
0
40
0
40
0.0624999999999978
40
0.0624999999999978
40
0.0937499999999966
40
0.0937499999999966
40
0.124999999999995
40
0.124999999999995
40
0.187499999999993
40
0.187499999999993
40
0.218749999999992
40
0.218749999999992
40
0.249999999999991
40
0.249999999999991
40
0.28124999999999
40
0.28124999999999
40
0.29687499999999
40
0.29687499999999
40
0.31249999999999
40
0.31249999999999
40
0.34374999999999
40
0.34374999999999
40
0.374999999999991
40
0.374999999999991
40
0.437499999999992
40
0.437499999999992
40
0.453124999999993
40
0.453124999999993
40
0.468749999999994
40
0.468749999999994
40
0.499999999999996
40
0.499999999999996
40
0.562499999999998
40
0.562499999999998
40
0.625
40
0.625
40
0.656250000000001
40
0.656250000000001
40
0.687500000000002
40
0.687500000000002
40
0.750000000000004
40
0.750000000000004
40
0.765625000000004
40
0.765625000000004
40
0.781250000000004
40
0.781250000000004
40
0.812500000000005
40
0.812500000000005
40
0.875000000000005
40
0.875000000000005
40
0.906250000000005
40
0.906250000000005
40
0.921875000000005
40
0.921875000000005
40
0.937500000000004
40
0.937500000000004
40
1
40
1
40
1
40
1
41
1
10
57.9779048758846
20
-6.95083035931697
30
0
41
1
10
57.6628811062436
20
-6.83613412283705
30
0
41
1
10
57.3496923387885
20
-6.70903886734018
30
0
41
1
10
56.8816520794124
20
-6.49985806395085
30
0
41
1
10
56.7259253923735
20
-6.42702628247557
30
0
41
1
10
56.4147060448799
20
-6.27622894670722
30
0
41
1
10
56.2592425258872
20
-6.19811471711719
30
0
41
1
10
55.7930787990734
20
-5.95556035702543
30
0
41
1
10
55.4826070459531
20
-5.78296675082154
30
0
41
1
10
55.0163305196869
20
-5.50761928635995
30
0
41
1
10
54.8608091382491
20
-5.41303542823809
30
0
41
1
10
54.5493516573014
20
-5.21886375791291
30
0
41
1
10
54.393418720495
20
-5.11923600800466
30
0
41
1
10
54.0809666666615
20
-4.91522227892355
30
0
41
1
10
53.9244503706967
20
-4.81081780128702
30
0
41
1
10
53.689105414129
20
-4.65051722874924
30
0
41
1
10
53.6105616910621
20
-4.59646817682693
30
0
41
1
10
53.453258000864
20
-4.48713530205922
30
0
41
1
10
53.3744449483574
20
-4.43181339747235
30
0
41
1
10
53.138266154087
20
-4.26443361115278
30
0
41
1
10
52.9810372187138
20
-4.15087678047948
30
0
41
1
10
52.6668388167138
20
-3.91994688183428
30
0
41
1
10
52.50985520842
20
-3.80263229379361
30
0
41
1
10
52.0389090614987
20
-3.44576593378088
30
0
41
1
10
51.7249662225361
20
-3.20129469074374
30
0
41
1
10
51.3317130048829
20
-2.88800096414178
30
0
41
1
10
51.2530204726014
20
-2.82495712069559
30
0
41
1
10
51.0955274617095
20
-2.69811388098898
30
0
41
1
10
51.0167904184475
20
-2.63436502381262
30
0
41
1
10
50.781048906512
20
-2.44255856142985
30
0
41
1
10
50.6243383588296
20
-2.31376969911284
30
0
41
1
10
50.1551185258747
20
-1.92524122267164
30
0
41
1
10
49.8435103403903
20
-1.66336578281778
30
0
41
1
10
49.2213863489897
20
-1.13540077671286
30
0
41
1
10
48.9108783409724
20
-0.869301543587596
30
0
41
1
10
48.4449012897193
20
-0.468101185141961
30
0
41
1
10
48.2895289543921
20
-0.334046912693253
30
0
41
1
10
47.9784899688746
20
-0.0655676447972837
30
0
41
1
10
47.8228280667294
20
0.0688682912109186
30
0
41
1
10
47.3551561296421
20
0.472479042180652
30
0
41
1
10
47.0424699375357
20
0.741962198515154
30
0
41
1
10
46.6495109423989
20
1.07829619196298
30
0
41
1
10
46.5707607910099
20
1.14558087082602
30
0
41
1
10
46.4132832758176
20
1.27984341900174
30
0
41
1
10
46.3346008809945
20
1.34678248378697
30
0
41
1
10
46.0986699462775
20
1.54699692101076
30
0
41
1
10
45.941540260659
20
1.67966880400533
30
0
41
1
10
45.4703557522848
20
2.07497616015832
30
0
41
1
10
45.1565091207236
20
2.3349203984273
30
0
41
1
10
44.6850944029132
20
2.71807136177415
30
0
41
1
10
44.5278486833062
20
2.84465068562318
30
0
41
1
10
44.2916660929693
20
3.03264514855093
30
0
41
1
10
44.2128745281179
20
3.09500598916736
30
0
41
1
10
44.0554654971418
20
3.21883994149411
30
0
41
1
10
43.976809826241
20
3.28034458840787
30
0
41
1
10
43.5836997128894
20
3.58580016139624
30
0
41
1
10
43.2697494414682
20
3.82359848079014
30
0
41
1
10
42.955676359828
20
4.05388298448693
30
0
0
SPLINE
5
171
100
AcDbEntity
8
1
62
256
6
ByLayer
370
18
48
1
60
0
100
AcDbSpline
70
4
71
3
72
16
73
12
40
0
40
0
40
0
40
0
40
0.25
40
0.25
40
0.3125
40
0.3125
40
0.374999999999999
40
0.499999999999999
40
0.499999999999999
40
0.75
40
1
40
1
40
1
40
1
41
1
10
42.9536412346944
20
1.95303076139584
30
0
41
1
10
42.9538235996227
20
2.14266078744527
30
0
41
1
10
42.953997296217
20
2.3291862248991
30
0
41
1
10
42.9542158654621
20
2.55846554622249
30
0
41
1
10
42.9542595670804
20
2.60413808766603
30
0
41
1
10
42.954346698504
20
2.69492117774575
30
0
41
1
10
42.9544770567594
20
2.83031462494702
30
0
41
1
10
42.9546054579201
20
2.96337770397818
30
0
41
1
10
42.9548559386018
20
3.22641901892135
30
0
41
1
10
42.9551709368026
20
3.56892323900357
30
0
41
1
10
42.9555135338825
20
3.89500983257531
30
0
41
1
10
42.955676359828
20
4.05388298448696
30
0
0
SPLINE
5
172
100
AcDbEntity
8
1
62
256
6
ByLayer
370
18
48
1
60
0
100
AcDbSpline
70
4
71
3
72
8
73
4
40
0
40
0
40
0
40
0
40
1
40
1
40
1
40
1
41
1
10
42.9536412346944
20
1.95303076139584
30
0
41
1
10
42.9535536192231
20
1.86192484391225
30
0
41
1
10
42.9534650828291
20
1.77020409990394
30
0
41
1
10
42.9533752910589
20
1.67786859355459
30
0
0
SPLINE
5
173
100
AcDbEntity
8
1
62
256
6
ByLayer
370
18
48
1
60
0
100
AcDbSpline
70
4
71
3
72
47
73
43
40
0
40
0
40
0
40
0
40
0.0458116703423604
40
0.0458116703423604
40
0.0916233406847208
40
0.0916233406847208
40
0.183246681369442
40
0.183246681369442
40
0.229058351711801
40
0.229058351711801
40
0.251964186882981
40
0.251964186882981
40
0.27487002205416
40
0.27487002205416
40
0.366493362738881
40
0.366493362738881
40
0.458116703423601
40
0.458116703423601
40
0.481022538594782
40
0.481022538594782
40
0.503928373765963
40
0.503928373765963
40
0.549740044108322
40
0.549740044108322
40
0.641363384793038
40
0.641363384793038
40
0.687175055135395
40
0.687175055135395
40
0.732986725477751
40
0.732986725477751
40
0.824610066162467
40
0.824610066162467
40
0.847515901333647
40
0.847515901333647
40
0.870421736504826
40
0.870421736504826
40
0.916233406847188
40
0.916233406847188
40
0.939139242018369
40
0.939139242018369
40
0.96204507718955
40
1
40
1
40
1
40
1
41
1
10
67.5767833392561
20
2.25914281606569
30
0
41
1
10
67.4200266105038
20
2.38848097476958
30
0
41
1
10
67.2628927467151
20
2.51707186131279
30
0
41
1
10
66.9478374108797
20
2.77240081455645
30
0
41
1
10
66.7905308949591
20
2.89864103725128
30
0
41
1
10
66.3189946539117
20
3.27281343181707
30
0
41
1
10
66.0051486147416
20
3.51620571677586
30
0
41
1
10
65.5340405842713
20
3.87100690647034
30
0
41
1
10
65.3769481064074
20
3.9875551662613
30
0
41
1
10
65.141080257141
20
4.15965897938926
30
0
41
1
10
65.06241936453
20
4.21657454768896
30
0
41
1
10
64.9049971471482
20
4.32947945709782
30
0
41
1
10
64.826201173473
20
4.38549361620707
30
0
41
1
10
64.4325705801774
20
4.66271291414174
30
0
41
1
10
64.1184998630841
20
4.87554911576743
30
0
41
1
10
63.4905141248711
20
5.28200502830487
30
0
41
1
10
63.1765951228935
20
5.47565125287218
30
0
41
1
10
62.7833325617682
20
5.70485691358704
30
0
41
1
10
62.7046368094467
20
5.7500546573855
30
0
41
1
10
62.5471344732541
20
5.83913891518603
30
0
41
1
10
62.4684190776102
20
5.88297313764099
30
0
41
1
10
62.2326955845259
20
6.01214195774338
30
0
41
1
10
62.0759654242393
20
6.09522209856709
30
0
41
1
10
61.6067221071403
20
6.33534252370549
30
0
41
1
10
61.2951544741993
20
6.48324576706028
30
0
41
1
10
60.8285308773158
20
6.68682007462118
30
0
41
1
10
60.6731071508865
20
6.7516668352942
30
0
41
1
10
60.362329937934
20
6.87525901739622
30
0
41
1
10
60.2069816414888
20
6.93397319132509
30
0
41
1
10
59.7408224050034
20
7.10038505635467
30
0
41
1
10
59.4299003109523
20
7.19841619499388
30
0
41
1
10
59.0400810876277
20
7.30347370700574
30
0
41
1
10
58.9620576168544
20
7.32360798814418
30
0
41
1
10
58.8058632239265
20
7.36232505260867
30
0
41
1
10
58.7276927298835
20
7.38092407428405
30
0
41
1
10
58.4929343133622
20
7.43433097268678
30
0
41
1
10
58.3361000726898
20
7.46671400300733
30
0
41
1
10
58.1002204621887
20
7.51020423925561
30
0
41
1
10
58.0214125080474
20
7.52386612125358
30
0
41
1
10
57.8640272530197
20
7.54938038986629
30
0
41
1
10
57.655239277482
20
7.58088087201784
30
0
41
1
10
57.4471781238448
20
7.60594845658901
30
0
41
1
10
57.3176582503149
20
7.61904075050504
30
0
0
SPLINE
5
174
100
AcDbEntity
8
1
62
256
6
ByLayer
370
18
48
1
60
0
100
AcDbSpline
70
4
71
3
72
16
73
12
40
0
40
0
40
0
40
0
40
0.25
40
0.25
40
0.3125
40
0.3125
40
0.375
40
0.5
40
0.5
40
0.75
40
1
40
1
40
1
40
1
41
1
10
55.7536682019474
20
0.922593172252732
30
0
41
1
10
55.753827159505
20
1.12025176553573
30
0
41
1
10
55.7539776440055
20
1.31576445945223
30
0
41
1
10
55.7541674382561
20
1.55747519912774
30
0
41
1
10
55.7542053954762
20
1.60569461778403
30
0
41
1
10
55.7542810837485
20
1.70168141096079
30
0
41
1
10
55.7543943380436
20
1.84504867604997
30
0
41
1
10
55.7545058153478
20
1.98658752181788
30
0
41
1
10
55.7547226819205
20
2.26724483140572
30
0
41
1
10
55.754993480717
20
2.63500706586027
30
0
41
1
10
55.7552931445956
20
2.98988793422203
30
0
41
1
10
55.7554348101407
20
3.16405643963947
30
0
0
SPLINE
5
175
100
AcDbEntity
8
1
62
256
6
ByLayer
370
18
48
1
60
0
100
AcDbSpline
70
4
71
3
72
40
73
36
40
0
40
0
40
0
40
0
40
0.249999999999812
40
0.249999999999812
40
0.374999999999719
40
0.374999999999719
40
0.406249999999701
40
0.406249999999701
40
0.421874999999702
40
0.421874999999702
40
0.437499999999704
40
0.437499999999704
40
0.499999999999732
40
0.499999999999732
40
0.562499999999761
40
0.562499999999761
40
0.62499999999979
40
0.62499999999979
40
0.656249999999815
40
0.656249999999815
40
0.687499999999839
40
0.687499999999839
40
0.749999999999889
40
0.749999999999889
40
0.781249999999905
40
0.781249999999905
40
0.812499999999921
40
0.812499999999921
40
0.874999999999953
40
0.874999999999953
40
0.906249999999962
40
0.906249999999962
40
0.937499999999971
40
0.937499999999971
40
1
40
1
40
1
40
1
41
1
10
54.7774501258246
20
3.91252695523562
30
0
41
1
10
54.8647195319096
20
3.82944307962984
30
0
41
1
10
54.9527290853345
20
3.74745713938157
30
0
41
1
10
55.0859114098831
20
3.62651475009017
30
0
41
1
10
55.1304959500146
20
3.58653806062728
30
0
41
1
10
55.1865252456774
20
3.53702940683323
30
0
41
1
10
55.1977382287482
20
3.52714835926929
30
0
41
1
10
55.2145828439234
20
3.51236279325752
30
0
41
1
10
55.2202151611571
20
3.50744427802786
30
0
41
1
10
55.2315841361102
20
3.49764577976487
30
0
41
1
10
55.2373222577167
20
3.49276609365992
30
0
41
1
10
55.2662584799098
20
3.4684527904507
30
0
41
1
10
55.2901500853292
20
3.4492606864288
30
0
41
1
10
55.3391433170648
20
3.41119895403852
30
0
41
1
10
55.3632271270228
20
3.39311997694477
30
0
41
1
10
55.410559115902
20
3.35846829910085
30
0
41
1
10
55.4338239026653
20
3.34189043040803
30
0
41
1
10
55.4681448137796
20
3.31800870167149
30
0
41
1
10
55.4794680433411
20
3.3102301889077
30
0
41
1
10
55.5016055230837
20
3.29521107559805
30
0
41
1
10
55.5124637342038
20
3.28793866100079
30
0
41
1
10
55.5444357177782
20
3.26680177903157
30
0
41
1
10
55.5649379473105
20
3.25362624442437
30
0
41
1
10
55.5944391824257
20
3.23532776977805
30
0
41
1
10
55.6040947610341
20
3.22945083131478
30
0
41
1
10
55.62272896737
20
3.21835356536178
30
0
41
1
10
55.6317367843746
20
3.21311491805412
30
0
41
1
10
55.6578080553522
20
3.19838002050224
30
0
41
1
10
55.6739429930589
20
3.18983768273654
30
0
41
1
10
55.696067917132
20
3.17930483001277
30
0
41
1
10
55.7030933983288
20
3.17617794224435
30
0
41
1
10
55.7163704342246
20
3.17080492364934
30
0
41
1
10
55.7226426565836
20
3.16855648495735
30
0
41
1
10
55.7397199061223
20
3.16351716019133
30
0
41
1
10
55.7489652139302
20
3.16231389312608
30
0
41
1
10
55.7554348101407
20
3.16405643963947
30
0
0
SPLINE
5
176
100
AcDbEntity
8
1
62
256
6
ByLayer
370
18
48
1
60
0
100
AcDbSpline
70
4
71
3
72
16
73
12
40
0
40
0
40
0
40
0
40
0.25
40
0.25
40
0.375
40
0.375
40
0.5
40
0.5
40
0.75
40
0.75
40
1
40
1
40
1
40
1
41
1
10
54.7774501258246
20
3.91252695523565
30
0
41
1
10
54.7771177935942
20
3.73170695220964
30
0
41
1
10
54.7767884942824
20
3.54563910088885
30
0
41
1
10
54.7762653343242
20
3.2587470707119
30
0
41
1
10
54.7761086487082
20
3.16181495042684
30
0
41
1
10
54.7758245661375
20
2.96534006693582
30
0
41
1
10
54.7756886896844
20
2.86575399999734
30
0
41
1
10
54.7752408288654
20
2.56332828855852
30
0
41
1
10
54.7748627288565
20
2.35794860886239
30
0
41
1
10
54.7742079425826
20
1.93973325452151
30
0
41
1
10
54.7739254130263
20
1.72689778672131
30
0
41
1
10
54.7736030971936
20
1.51029676480843
30
0
0
SPLINE
5
177
100
AcDbEntity
8
1
62
256
6
ByLayer
370
13
48
1
60
0
100
AcDbSpline
70
4
71
3
72
13
73
9
40
0
40
0
40
0
40
0
40
0.117866001326446
40
0.321264696883245
40
0.524663392440044
40
0.728062087996843
40
0.931460783553641
40
1
40
1
40
1
40
1
41
1
10
55.5588580106708
20
0.818625633613749
30
0
41
1
10
55.5695810823051
20
0.820800102493223
30
0
41
1
10
55.5979753141706
20
0.82737837345914
30
0
41
1
10
55.6420012610657
20
0.841213731459959
30
0
41
1
10
55.687314594272
20
0.861866373840769
30
0
41
1
10
55.7238429073731
20
0.886238277428987
30
0
41
1
10
55.7438935534516
20
0.907180010087643
30
0
41
1
10
55.75187456505
20
0.919482175957512
30
0
41
1
10
55.7536682019468
20
0.922593172251538
30
0
0
SPLINE
5
178
100
AcDbEntity
8
1
62
256
6
ByLayer
370
18
48
1
60
0
100
AcDbSpline
70
4
71
3
72
16
73
12
40
0
40
0
40
0
40
0
40
0.25
40
0.25
40
0.3125
40
0.3125
40
0.374999999999999
40
0.5
40
0.5
40
0.75
40
1
40
1
40
1
40
1
41
1
10
68.5537571407812
20
-0.955494269796219
30
0
41
1
10
68.5539203411092
20
-0.752101080420317
30
0
41
1
10
68.5540744753085
20
-0.549049597540119
30
0
41
1
10
68.5542680895053
20
-0.295662036101618
30
0
41
1
10
68.5543067737876
20
-0.244993639268074
30
0
41
1
10
68.5543838398515
20
-0.143892788247911
30
0
41
1
10
68.5544990473481
20
0.0074726232729461
30
0
41
1
10
68.5546121433693
20
0.157985263202477
30
0
41
1
10
68.554831824849
20
0.457881665823379
30
0
41
1
10
68.5551052728629
20
0.854736385882831
30
0
41
1
10
68.5554051222385
20
1.24558300367028
30
0
41
1
10
68.5555463434447
20
1.43948018732843
30
0
0
SPLINE
5
179
100
AcDbEntity
8
1
62
256
6
ByLayer
370
18
48
1
60
0
100
AcDbSpline
70
4
71
3
72
40
73
36
40
0
40
0
40
0
40
0
40
0.249999999999876
40
0.249999999999876
40
0.374999999999814
40
0.374999999999814
40
0.406249999999803
40
0.406249999999803
40
0.421874999999809
40
0.421874999999809
40
0.437499999999814
40
0.437499999999814
40
0.499999999999834
40
0.499999999999834
40
0.562499999999855
40
0.562499999999855
40
0.624999999999875
40
0.624999999999875
40
0.656249999999886
40
0.656249999999886
40
0.687499999999896
40
0.687499999999896
40
0.749999999999917
40
0.749999999999917
40
0.781249999999928
40
0.781249999999928
40
0.812499999999939
40
0.812499999999939
40
0.874999999999963
40
0.874999999999963
40
0.906249999999975
40
0.906249999999975
40
0.937499999999987
40
0.937499999999987
40
1
40
1
40
1
40
1
41
1
10
67.5767833392562
20
2.25914281606586
30
0
41
1
10
67.6641345549348
20
2.1811372487453
30
0
41
1
10
67.7522271089131
20
2.10480935045166
30
0
41
1
10
67.8855359990122
20
1.99324681641485
30
0
41
1
10
67.9301629880875
20
1.95655211124119
30
0
41
1
10
67.9862457203253
20
1.91130054774021
30
0
41
1
10
67.9974702456183
20
1.9022867470797
30
0
41
1
10
68.0143299530336
20
1.88881311432672
30
0
41
1
10
68.0199666022654
20
1.88431893557001
30
0
41
1
10
68.0313438392263
20
1.87525990321612
30
0
41
1
10
68.0370860422378
20
1.87069335042213
30
0
41
1
10
68.0660441783829
20
1.84767902687713
30
0
41
1
10
68.0899558357813
20
1.82872307522609
30
0
41
1
10
68.1389917728506
20
1.78969455087557
30
0
41
1
10
68.163103171028
20
1.77042646850958
30
0
41
1
10
68.2104826025457
20
1.73228683753391
30
0
41
1
10
68.2337706307021
20
1.7134003623905
30
0
41
1
10
68.2681257009125
20
1.68528448726988
30
0
41
1
10
68.2794590942647
20
1.67596601756358
30
0
41
1
10
68.3016166452164
20
1.65766191550142
30
0
41
1
10
68.3124846452519
20
1.64864079382653
30
0
41
1
10
68.3444852652642
20
1.62195345746108
30
0
41
1
10
68.3650055243639
20
1.6046677013853
30
0
41
1
10
68.3945322377643
20
1.57956119202095
30
0
41
1
10
68.4041948289388
20
1.57130565283771
30
0
41
1
10
68.422840497625
20
1.55530624005931
30
0
41
1
10
68.4318537224765
20
1.54753679007047
30
0
41
1
10
68.4579399729808
20
1.52496144050767
30
0
41
1
10
68.4740835820338
20
1.51086761231463
30
0
41
1
10
68.4962174820704
20
1.49145284924396
30
0
41
1
10
68.5032453574213
20
1.4852719097685
30
0
41
1
10
68.5165252853529
20
1.47358127232548
30
0
41
1
10
68.5227960604031
20
1.4680548772684
30
0
41
1
10
68.5398621809429
20
1.45303776177985
30
0
41
1
10
68.5490964604197
20
1.44494256529444
30
0
41
1
10
68.5555463434447
20
1.43948018732843
30
0
0
SPLINE
5
17A
100
AcDbEntity
8
1
62
256
6
ByLayer
370
18
48
1
60
0
100
AcDbSpline
70
4
71
3
72
16
73
12
40
0
40
0
40
0
40
0
40
0.249999999999999
40
0.249999999999999
40
0.374999999999999
40
0.374999999999999
40
0.499999999999999
40
0.499999999999999
40
0.75
40
0.75
40
1
40
1
40
1
40
1
41
1
10
67.5767833392561
20
2.25914281606586
30
0
41
1
10
67.5764925684263
20
2.05094726204803
30
0
41
1
10
67.5762078108556
20
1.83956515325542
30
0
41
1
10
67.5757546338582
20
1.5177619475694
30
0
41
1
10
67.5756218632188
20
1.40970399257924
30
0
41
1
10
67.5753868670593
20
1.1920029702579
30
0
41
1
10
67.5752761645125
20
1.08231227994102
30
0
41
1
10
67.5749054559174
20
0.751148428375302
30
0
41
1
10
67.5745806700118
20
0.52881243732989
30
0
41
1
10
67.5740360342856
20
0.0810488920415935
30
0
41
1
10
67.5738104007393
20
-0.144378570834846
30
0
41
1
10
67.5735467564936
20
-0.371367274052886
30
0
0
SPLINE
5
17B
100
AcDbEntity
8
1
62
256
6
ByLayer
370
13
48
1
60
0
100
AcDbSpline
70
4
71
3
72
13
73
9
40
0
40
0
40
0
40
0
40
0.117994415173771
40
0.321278263480698
40
0.524562111787626
40
0.727845960094554
40
0.931129808401482
40
1
40
1
40
1
40
1
41
1
10
68.3588577401622
20
-1.00829537698689
30
0
41
1
10
68.3695997186279
20
-1.00719025874628
30
0
41
1
10
68.3980125036846
20
-1.00384989521396
30
0
41
1
10
68.4420557439104
20
-0.996824931931201
30
0
41
1
10
68.4873704558349
20
-0.986342403349852
30
0
41
1
10
68.5239003959269
20
-0.973972149031994
30
0
41
1
10
68.5439680435337
20
-0.963334672189035
30
0
41
1
10
68.5519559798166
20
-0.957081865883453
30
0
41
1
10
68.5537571407805
20
-0.955494269796816
30
0
0
SPLINE
5
17C
100
AcDbEntity
8
1
62
256
6
ByLayer
370
18
48
1
60
0
100
AcDbSpline
70
4
71
3
72
17
73
13
40
0
40
0
40
0
40
0
40
0.250000000000028
40
0.250000000000028
40
0.500000000000056
40
0.500000000000056
40
0.625000000000042
40
0.625000000000042
40
0.750000000000028
40
0.875000000000014
40
0.875000000000014
40
1
40
1
40
1
40
1
41
1
10
39.5588640348832
20
7.3147826406657
30
0
41
1
10
39.5808345513905
20
7.33336511602053
30
0
41
1
10
39.6016496226224
20
7.35363983676916
30
0
41
1
10
39.6409381872995
20
7.39750467015961
30
0
41
1
10
39.6593846607648
20
7.42113753760003
30
0
41
1
10
39.6849235802289
20
7.45954801047682
30
0
41
1
10
39.6931002994158
20
7.47290812553683
30
0
41
1
10
39.7083368198873
20
7.50021849149889
30
0
41
1
10
39.7225356095208
20
7.52820788238219
30
0
41
1
10
39.7344327333707
20
7.55770285329456
30
0
41
1
10
39.7450236430318
20
7.58805303099908
30
0
41
1
10
39.7496641679784
20
7.60370958235617
30
0
41
1
10
39.7534413832917
20
7.61953553815849
30
0
0
SPLINE
5
17D
100
AcDbEntity
8
1
62
256
6
ByLayer
370
18
48
1
60
0
100
AcDbSpline
70
4
71
3
72
30
73
26
40
0
40
0
40
0
40
0
40
0.0624999999999725
40
0.0624999999999725
40
0.124999999999945
40
0.124999999999945
40
0.187499999999918
40
0.187499999999918
40
0.218749999999918
40
0.218749999999918
40
0.249999999999918
40
0.249999999999918
40
0.312499999999919
40
0.312499999999919
40
0.37499999999992
40
0.37499999999992
40
0.406249999999907
40
0.406249999999907
40
0.437499999999893
40
0.437499999999893
40
0.499999999999894
40
0.499999999999894
40
0.749999999999947
40
0.749999999999947
40
1
40
1
40
1
40
1
41
1
10
39.5588640348831
20
7.3147826406657
30
0
41
1
10
39.5434047830594
20
7.30170733740994
30
0
41
1
10
39.5276412408307
20
7.28970912751751
30
0
41
1
10
39.4955939113219
20
7.26763982714024
30
0
41
1
10
39.479307898254
20
7.25757681671342
30
0
41
1
10
39.4462189566704
20
7.23947745735444
30
0
41
1
10
39.4294195111755
20
7.23142651767898
30
0
41
1
10
39.4038318885424
20
7.22095224756671
30
0
41
1
10
39.3952139167246
20
7.21772304449581
30
0
41
1
10
39.3779625391737
20
7.21186703677247
30
0
41
1
10
39.3693474570521
20
7.20924444329174
30
0
41
1
10
39.3435390816663
20
7.20231329172125
30
0
41
1
10
39.3263830263958
20
7.19894530264239
30
0
41
1
10
39.2921961776808
20
7.19492778000011
30
0
41
1
10
39.2751595954958
20
7.19428436653089
30
0
41
1
10
39.2497397626182
20
7.19572643515184
30
0
41
1
10
39.2413727899818
20
7.19659932129571
30
0
41
1
10
39.2248857649245
20
7.19925992681505
30
0
41
1
10
39.2167849716359
20
7.20112061858035
30
0
41
1
10
39.1926011130403
20
7.20712943231641
30
0
41
1
10
39.1764763282726
20
7.2110975972638
30
0
41
1
10
39.0958490203735
20
7.23077855249048
30
0
41
1
10
39.0313931290929
20
7.24622862028158
30
0
41
1
10
38.9024759313202
20
7.27617455427998
30
0
41
1
10
38.8380303741183
20
7.29073019728028
30
0
41
1
10
38.773598971534
20
7.30487595671474
30
0
0
SPLINE
5
17E
100
AcDbEntity
8
1
62
256
6
ByLayer
370
18
48
1
60
0
100
AcDbSpline
70
4
71
3
72
10
73
6
40
0
40
0
40
0
40
0
40
0.650194764069986
40
0.650194764069986
40
1
40
1
40
1
40
1
41
1
10
38.773598971534
20
7.30487595671474
30
0
41
1
10
38.5745465078218
20
7.23181303724596
30
0
41
1
10
38.3756996103053
20
7.15332722291049
30
0
41
1
10
38.0698799739655
20
7.02445546553548
30
0
41
1
10
37.962903522369
20
6.97784969096099
30
0
41
1
10
37.8558975109991
20
6.92971699024994
30
0
0
SPLINE
5
17F
100
AcDbEntity
8
1
62
256
6
ByLayer
370
18
48
1
60
0
100
AcDbSpline
70
4
71
5
72
40
73
34
40
0
40
0
40
0
40
0
40
0
40
0
40
0.016988446566344
40
0.0452999124002059
40
0.0877671111509985
40
0.130234309901791
40
0.158545775735653
40
0.186857241569515
40
0.229324440320308
40
0.2717916390711
40
0.300103104904962
40
0.342570303655755
40
0.370881769489617
40
0.41334896824041
40
0.441660434074272
40
0.484127632825064
40
0.526594831575857
40
0.554906297409719
40
0.597373496160512
40
0.625684961994374
40
0.668152160745166
40
0.696463626579028
40
0.738930825329821
40
0.781398024080614
40
0.809709489914476
40
0.838020955748337
40
0.88048815449913
40
0.922955353249923
40
0.951266819083785
40
0.993734017834577
40
1
40
1
40
1
40
1
40
1
40
1
41
1
10
38.7477891201367
20
6.5795807176136
30
0
41
1
10
38.805946019999
20
6.59932881881693
30
0
41
1
10
38.9610221453495
20
6.65104777241447
30
0
41
1
10
39.2614771089321
20
6.74637297560329
30
0
41
1
10
39.7073109107469
20
6.87361730312941
30
0
41
1
10
40.2500639380499
20
7.00229703027463
30
0
41
1
10
40.8315792909786
20
7.10892601832882
30
0
41
1
10
41.4615542566514
20
7.19004094994287
30
0
41
1
10
42.0915292223241
20
7.23641934532083
30
0
41
1
10
42.6730445752529
20
7.24696608339522
30
0
41
1
10
43.3030195409256
20
7.22336497374653
30
0
41
1
10
43.9329945065984
20
7.16138219455883
30
0
41
1
10
44.5629694722711
20
7.06481408510399
30
0
41
1
10
45.1444848251998
20
6.94413605552725
30
0
41
1
10
45.7744597908726
20
6.77988283737272
30
0
41
1
10
46.4044347565453
20
6.58282345384509
30
0
41
1
10
47.0344097222182
20
6.35075127564741
30
0
41
1
10
47.6643846878908
20
6.08798402591404
30
0
41
1
10
48.2943596535637
20
5.7929012118725
30
0
41
1
10
48.9243346192364
20
5.46990262436373
30
0
41
1
10
49.5058499721652
20
5.14727504488332
30
0
41
1
10
50.1358249378379
20
4.77297890711739
30
0
41
1
10
50.7657999035106
20
4.37552351732239
30
0
41
1
10
51.3957748691835
20
3.95475910532522
30
0
41
1
10
51.9772902221121
20
3.54871700707344
30
0
41
1
10
52.6072651877849
20
3.09191270462574
30
0
41
1
10
53.2372401534577
20
2.62017074898617
30
0
41
1
10
53.8187555063864
20
2.17281067623938
30
0
41
1
10
54.4487304720591
20
1.67766875754904
30
0
41
1
10
55.0032366783539
20
1.23405555110418
30
0
41
1
10
55.4123640464164
20
0.903706709789105
30
0
41
1
10
55.6761125762468
20
0.689871494334511
30
0
41
1
10
55.842941880589
20
0.554364510986659
30
0
41
1
10
55.864392346699
20
0.536937473173026
30
0
0
SPLINE
5
180
100
AcDbEntity
8
1
62
256
6
ByLayer
370
18
48
1
60
0
100
AcDbSpline
70
4
71
3
72
30
73
26
40
0
40
0
40
0
40
0
40
0.0625000000000109
40
0.0625000000000109
40
0.125000000000022
40
0.125000000000022
40
0.187500000000033
40
0.187500000000033
40
0.218750000000038
40
0.218750000000038
40
0.250000000000044
40
0.250000000000044
40
0.312500000000055
40
0.312500000000055
40
0.375000000000065
40
0.375000000000065
40
0.406250000000071
40
0.406250000000071
40
0.437500000000077
40
0.437500000000077
40
0.500000000000062
40
0.500000000000062
40
0.750000000000031
40
0.750000000000031
40
1
40
1
40
1
40
1
41
1
10
71.5588629159349
20
-7.68804529473465
30
0
41
1
10
71.5434024079508
20
-7.68108455893758
30
0
41
1
10
71.52763783298
20
-7.6752857053896
30
0
41
1
10
71.4955887913023
20
-7.66578145434482
30
0
41
1
10
71.4793020828968
20
-7.66208488706161
30
0
41
1
10
71.4462120873885
20
-7.65691150065183
30
0
41
1
10
71.429412290439
20
-7.65541851460924
30
0
41
1
10
71.403824378556
20
-7.65494596528222
30
0
41
1
10
71.395206358289
20
-7.65508755193059
30
0
41
1
10
71.3779549273335
20
-7.65598660699831
30
0
41
1
10
71.3693398685943
20
-7.65674109835084
30
0
41
1
10
71.3435317167067
20
-7.65994214702704
30
0
41
1
10
71.3263760153891
20
-7.6633303263076
30
0
41
1
10
71.2921903033979
20
-7.67283735619577
30
0
41
1
10
71.2751544615286
20
-7.67896491628969
30
0
41
1
10
71.2497362485481
20
-7.69056982799208
30
0
41
1
10
71.2413698615525
20
-7.69479783601679
30
0
41
1
10
71.2248841471448
20
-7.70409253844386
30
0
41
1
10
71.2167840284148
20
-7.70922572038904
30
0
41
1
10
71.1926009709491
20
-7.72501357371115
30
0
41
1
10
71.176476220974
20
-7.7355061800487
30
0
41
1
10
71.0958504058658
20
-7.78784550411805
30
0
41
1
10
71.0313956392145
20
-7.82950418769062
30
0
41
1
10
70.9024806430421
20
-7.91206257290128
30
0
41
1
10
70.8380361563168
20
-7.95301684617471
30
0
41
1
10
70.773605791675
20
-7.99365259253543
30
0
0
SPLINE
5
181
100
AcDbEntity
8
1
62
256
6
ByLayer
370
18
48
1
60
0
100
AcDbSpline
70
4
71
3
72
23
73
19
40
0
40
0
40
0
40
0
40
0.249999999999989
40
0.249999999999989
40
0.281249999999988
40
0.281249999999988
40
0.312499999999988
40
0.37499999999999
40
0.37499999999999
40
0.437499999999992
40
0.437499999999992
40
0.499999999999994
40
0.499999999999994
40
0.624999999999995
40
0.624999999999995
40
0.749999999999995
40
0.749999999999995
40
1
40
1
40
1
40
1
41
1
10
55.7534360638674
20
0.636498680973858
30
0
41
1
10
56.2478845760437
20
0.192709678084526
30
0
41
1
10
56.7413410705519
20
-0.253171898385432
30
0
41
1
10
57.2988767337137
20
-0.753245704485352
30
0
41
1
10
57.3608703619782
20
-0.808798726258402
30
0
41
1
10
57.4847997177395
20
-0.919726881351693
30
0
41
1
10
57.6706507448196
20
-1.08589172731095
30
0
41
1
10
57.8564263929679
20
-1.25131755756758
30
0
41
1
10
58.1041564563442
20
-1.4711226693523
30
0
41
1
10
58.228036149191
20
-1.58064367314424
30
0
41
1
10
58.4759217317825
20
-1.79881485803426
30
0
41
1
10
58.5998531520174
20
-1.90739908048616
30
0
41
1
10
58.9714730056312
20
-2.23123689616219
30
0
41
1
10
59.219105369721
20
-2.44467649522781
30
0
41
1
10
59.7149331919388
20
-2.86578100271612
30
0
41
1
10
59.9623360118821
20
-3.07278589670071
30
0
41
1
10
60.7038520387971
20
-3.6818659758049
30
0
41
1
10
61.197391638669
20
-4.07220738085951
30
0
41
1
10
61.6932260851987
20
-4.44354237869408
30
0
0
SPLINE
5
182
100
AcDbEntity
8
1
62
256
6
ByLayer
370
18
48
1
60
0
100
AcDbSpline
70
4
71
3
72
17
73
13
40
0
40
0
40
0
40
0
40
0.249999999999991
40
0.249999999999991
40
0.499999999999981
40
0.499999999999981
40
0.624999999999986
40
0.624999999999986
40
0.749999999999991
40
0.874999999999995
40
0.874999999999995
40
1
40
1
40
1
40
1
41
1
10
55.5588580106997
20
0.818625633619604
30
0
41
1
10
55.580827293651
20
0.799581851857084
30
0
41
1
10
55.6016413938857
20
0.781381611418311
30
0
41
1
10
55.6409285656676
20
0.746516202310886
30
0
41
1
10
55.6593746201553
20
0.729875627519846
30
0
41
1
10
55.6849133991552
20
0.706226358504154
30
0
41
1
10
55.6930901673773
20
0.698541510492277
30
0
41
1
10
55.7083269970871
20
0.68395371525952
30
0
41
1
10
55.722525714137
20
0.670077290898149
30
0
41
1
10
55.7344244102574
20
0.657774845772991
30
0
41
1
10
55.7450165910733
20
0.646369649545761
30
0
41
1
10
55.7496579140585
20
0.641111679228203
30
0
41
1
10
55.7534360638675
20
0.636498680973801
30
0
0
SPLINE
5
183
100
AcDbEntity
8
1
62
256
6
ByLayer
370
18
48
1
60
0
100
AcDbSpline
70
4
71
3
72
30
73
26
40
0
40
0
40
0
40
0
40
0.062499999999955
40
0.062499999999955
40
0.12499999999991
40
0.12499999999991
40
0.187499999999865
40
0.187499999999865
40
0.218749999999857
40
0.218749999999857
40
0.249999999999849
40
0.249999999999849
40
0.312499999999861
40
0.312499999999861
40
0.374999999999874
40
0.374999999999874
40
0.40624999999988
40
0.40624999999988
40
0.437499999999886
40
0.437499999999886
40
0.499999999999899
40
0.499999999999899
40
0.749999999999949
40
0.749999999999949
40
1
40
1
40
1
40
1
41
1
10
55.5588580106997
20
0.818625633619604
30
0
41
1
10
55.5433982518843
20
0.832026720657012
30
0
41
1
10
55.5276342659613
20
0.84561401953485
30
0
41
1
10
55.4955861669031
20
0.873153442938474
30
0
41
1
10
55.4792998257061
20
0.887107041327454
30
0
41
1
10
55.4462103528204
20
0.915437435740841
30
0
41
1
10
55.4294107047955
20
0.929810871563063
30
0
41
1
10
55.4038228762293
20
0.951731990675057
30
0
41
1
10
55.3952048395631
20
0.959119879554635
30
0
41
1
10
55.3779534799204
20
0.973925097440343
30
0
41
1
10
55.3693384257242
20
0.981326710682879
30
0
41
1
10
55.3435301912382
20
1.00353346413834
30
0
41
1
10
55.3263743063024
20
1.01834076862278
30
0
41
1
10
55.2921879550462
20
1.04798180227311
30
0
41
1
10
55.2751516567824
20
1.06282100767785
30
0
41
1
10
55.2497325151939
20
1.08509347051225
30
0
41
1
10
55.2413657876986
20
1.09244618643868
30
0
41
1
10
55.2248792899628
20
1.10698392910945
30
0
41
1
10
55.2167787714757
20
1.11415514916484
30
0
41
1
10
55.1925955533989
20
1.13559408138533
30
0
41
1
10
55.1764711172274
20
1.14990165938903
30
0
41
1
10
55.0958457458127
20
1.22150859240574
30
0
41
1
10
55.0313913720557
20
1.27897403139266
30
0
41
1
10
54.9024771553181
20
1.39433269830886
30
0
41
1
10
54.8380330616165
20
1.45221458469078
30
0
41
1
10
54.7736030971936
20
1.5102967648084
30
0
0
SPLINE
5
184
100
AcDbEntity
8
1
62
256
6
ByLayer
370
18
48
1
60
0
100
AcDbSpline
70
4
71
3
72
17
73
13
40
0
40
0
40
0
40
0
40
0.249999999999972
40
0.249999999999972
40
0.499999999999944
40
0.499999999999944
40
0.624999999999958
40
0.624999999999958
40
0.749999999999972
40
0.874999999999986
40
0.874999999999986
40
1
40
1
40
1
40
1
41
1
10
29.9604301902617
20
3.53434731028622
30
0
41
1
10
29.982398152181
20
3.52183617472554
30
0
41
1
10
30.0032112133336
20
3.51080780358544
30
0
41
1
10
30.0424968757607
20
3.49153647310374
30
0
41
1
10
30.0609424651662
20
3.48333431673655
30
0
41
1
10
30.0864811749545
20
3.473458274976
30
0
41
1
10
30.0946581245261
20
3.47057334062813
30
0
41
1
10
30.1098957439539
20
3.46581659637951
30
0
41
1
10
30.1240955236536
20
3.4620342201336
30
0
41
1
10
30.1359959404261
20
3.46040822308976
30
0
41
1
10
30.1465902939105
20
3.4600105710297
30
0
41
1
10
30.1512330674967
20
3.46044164105791
30
0
41
1
10
30.1550129385774
20
3.46159120460993
30
0
0
SPLINE
5
185
100
AcDbEntity
8
1
62
256
6
ByLayer
370
18
48
1
60
0
100
AcDbSpline
70
4
71
3
72
30
73
26
40
0
40
0
40
0
40
0
40
0.0624999999999656
40
0.0624999999999656
40
0.124999999999931
40
0.124999999999931
40
0.187499999999897
40
0.187499999999897
40
0.218749999999894
40
0.218749999999894
40
0.249999999999891
40
0.249999999999891
40
0.312499999999856
40
0.312499999999856
40
0.374999999999821
40
0.374999999999821
40
0.406249999999818
40
0.406249999999818
40
0.437499999999815
40
0.437499999999815
40
0.499999999999835
40
0.499999999999835
40
0.749999999999917
40
0.749999999999917
40
1
40
1
40
1
40
1
41
1
10
29.9604301902617
20
3.53434731028622
30
0
41
1
10
29.9449700306031
20
3.54315213951841
30
0
41
1
10
29.9292056648928
20
3.55254421553028
30
0
41
1
10
29.897156845668
20
3.57241125807235
30
0
41
1
10
29.8808701688392
20
3.58289070096024
30
0
41
1
10
29.8477800646726
20
3.60502862169753
30
0
41
1
10
29.8309801183857
20
3.61667829612173
30
0
41
1
10
29.8053918727501
20
3.63511174483585
30
0
41
1
10
29.7967737133457
20
3.64143531484305
30
0
41
1
10
29.7795220122503
20
3.65433498193266
30
0
41
1
10
29.7709067913243
20
3.66089659983598
30
0
41
1
10
29.7450980689072
20
3.68092932597165
30
0
41
1
10
29.7279418751064
20
3.69475001672731
30
0
41
1
10
29.6937549453796
20
3.72342230371169
30
0
41
1
10
29.6767183740275
20
3.73828173233127
30
0
41
1
10
29.651298868468
20
3.76147383228357
30
0
41
1
10
29.6429320393373
20
3.76927669288884
30
0
41
1
10
29.6264453799568
20
3.78504966649538
30
0
41
1
10
29.6183448187182
20
3.79303267729455
30
0
41
1
10
29.5941617487846
20
3.81706317395196
30
0
41
1
10
29.5780375054181
20
3.83308475213107
30
0
41
1
10
29.4974128261795
20
3.9132039505698
30
0
41
1
10
29.4329589825473
20
3.97737347224356
30
0
41
1
10
29.3040457427221
20
4.10579531579486
30
0
41
1
10
29.2396021016005
20
4.17005817382451
30
0
41
1
10
29.1751725560832
20
4.234373418594
30
0
0
SPLINE
5
186
100
AcDbEntity
8
1
62
256
6
ByLayer
370
18
48
1
60
0
100
AcDbSpline
70
4
71
3
72
18
73
14
40
0
40
0
40
0
40
0
40
0.249999999999994
40
0.249999999999994
40
0.374999999999995
40
0.374999999999995
40
0.437499999999995
40
0.437499999999995
40
0.499999999999996
40
0.499999999999996
40
0.749999999999998
40
0.749999999999998
40
1
40
1
40
1
40
1
41
1
10
25.9999551182271
20
6.34117763619565
30
0
41
1
10
26.2642820655527
20
6.19606503499611
30
0
41
1
10
26.5283869835538
20
6.04269243275726
30
0
41
1
10
26.9249217738665
20
5.80067533964112
30
0
41
1
10
27.0571635571317
20
5.71800591905625
30
0
41
1
10
27.2557145920015
20
5.59104863825837
30
0
41
1
10
27.3219293698592
20
5.54823936254317
30
0
41
1
10
27.454432556604
20
5.46166576693568
30
0
41
1
10
27.520731333669
20
5.41789491089554
30
0
41
1
10
27.8519658320696
20
5.19697110193729
30
0
41
1
10
28.1164962069778
20
5.01333947015002
30
0
41
1
10
28.6455779926207
20
4.63329291034927
30
0
41
1
10
28.9101260772808
20
4.43686655594718
30
0
41
1
10
29.1751725560832
20
4.234373418594
30
0
0
SPLINE
5
187
100
AcDbEntity
8
1
62
256
6
ByLayer
370
18
48
1
60
0
100
AcDbSpline
70
4
71
3
72
8
73
4
40
0
40
0
40
0
40
0
40
1
40
1
40
1
40
1
41
1
10
24.9330444058681
20
6.45298123533749
30
0
41
1
10
24.531709789397
20
6.65845136441038
30
0
41
1
10
24.1328114624434
20
6.84620092573579
30
0
41
1
10
23.7349232500336
20
7.01559421018021
30
0
0
SPLINE
5
188
100
AcDbEntity
8
1
62
256
6
ByLayer
370
18
48
1
60
0
100
AcDbSpline
70
4
71
3
72
8
73
4
40
0
40
0
40
0
40
0
40
1
40
1
40
1
40
1
41
1
10
21.5931130315869
20
7.15423175846257
30
0
41
1
10
21.4570788035415
20
7.28750065897333
30
0
41
1
10
21.3211991608776
20
7.42140055263775
30
0
41
1
10
21.1854793483002
20
7.55592623511811
30
0
0
SPLINE
5
189
100
AcDbEntity
8
1
62
256
6
ByLayer
370
18
48
1
60
0
100
AcDbSpline
70
4
71
5
72
29
73
23
40
0
40
0
40
0
40
0
40
0
40
0
40
0.162096856970115
40
0.202621071212643
40
0.263407392576436
40
0.324193713940229
40
0.364717928182758
40
0.405242142425286
40
0.466028463789079
40
0.526814785152872
40
0.567338999395401
40
0.628125320759194
40
0.668649535001722
40
0.729435856365515
40
0.769960070608044
40
0.830746391971837
40
0.89153271333563
40
0.932056927578158
40
0.992843248941951
40
1
40
1
40
1
40
1
40
1
40
1
41
1
10
21.5931130315872
20
7.15423175846246
30
0
41
1
10
21.9807899335397
20
7.10623127262687
30
0
41
1
10
22.4653860609802
20
7.02494866831475
30
0
41
1
10
23.095361026653
20
6.88508359084747
30
0
41
1
10
23.8707148305579
20
6.65955143232461
30
0
41
1
10
24.742987859951
20
6.33545427476727
30
0
41
1
10
25.3245032128797
20
6.09112383481403
30
0
41
1
10
25.9544781785525
20
5.79713817096624
30
0
41
1
10
26.5844531442252
20
5.4751453637586
30
0
41
1
10
27.1659684971539
20
5.15334637117607
30
0
41
1
10
27.7959434628267
20
4.77982314018013
30
0
41
1
10
28.4259184284995
20
4.38095104313911
30
0
41
1
10
29.0558933941722
20
3.96101076859924
30
0
41
1
10
29.6374087471009
20
3.55560759314594
30
0
41
1
10
30.2673837127737
20
3.09935031226496
30
0
41
1
10
30.8973586784464
20
2.62800174314012
30
0
41
1
10
31.5273336441193
20
2.14262163154496
30
0
41
1
10
32.157308609792
20
1.64688559167257
30
0
41
1
10
32.7074807033106
20
1.20636381053504
30
0
41
1
10
33.1122739585971
20
0.879350820004532
30
0
41
1
10
33.3716883756514
20
0.668965928044798
30
0
41
1
10
33.5341835672175
20
0.536954072986362
30
0
41
1
10
33.5512999205515
20
0.523046240904137
30
0
0
SPLINE
5
18A
100
AcDbEntity
8
1
62
256
6
ByLayer
370
18
48
1
60
0
100
AcDbSpline
70
4
71
5
72
17
73
11
40
0
40
0
40
0
40
0
40
0
40
0
40
0.137186060710188
40
0.362744969593797
40
0.588303878477405
40
0.73867648439981
40
0.964235393283419
40
1
40
1
40
1
40
1
40
1
40
1
41
1
10
72.5182018441479
20
6.66983574180733
30
0
41
1
10
72.6066219833763
20
6.69781854980127
30
0
41
1
10
72.840420960837
20
6.76962689651589
30
0
41
1
10
73.2195987765297
20
6.87665821782377
30
0
41
1
10
73.6956958177106
20
6.99151615766905
30
0
41
1
10
74.3171716971236
20
7.10870258882824
30
0
41
1
10
74.873278696955
20
7.18020243722054
30
0
41
1
10
75.2840068585541
20
7.21380384773622
30
0
41
1
10
75.549356181921
20
7.22745928105809
30
0
41
1
10
75.7177862797998
20
7.23287820803282
30
0
41
1
10
75.7408375394464
20
7.23355897767794
30
0
0
SPLINE
5
18B
100
AcDbEntity
8
1
62
256
6
ByLayer
370
18
48
1
60
0
100
AcDbSpline
70
4
71
3
72
12
73
8
40
0
40
0
40
0
40
0
40
0.249999999999997
40
0.249999999999997
40
0.499999999999998
40
0.499999999999998
40
1
40
1
40
1
40
1
41
1
10
75.702794459295
20
7.9392878733558
30
0
41
1
10
75.7120754308095
20
7.88099408833844
30
0
41
1
10
75.7200922452736
20
7.82253456743271
30
0
41
1
10
75.7332430710279
20
7.70523757895324
30
0
41
1
10
75.7383808810072
20
7.64633532083485
30
0
41
1
10
75.7487948112093
20
7.46948917799918
30
0
41
1
10
75.7491273730279
20
7.35155079140162
30
0
41
1
10
75.7408375394466
20
7.23355897767797
30
0
0
SPLINE
5
18C
100
AcDbEntity
8
1
62
256
6
ByLayer
370
18
48
1
60
0
100
AcDbSpline
70
4
71
3
72
12
73
8
40
0
40
0
40
0
40
0
40
0.499999999999999
40
0.499999999999999
40
0.75
40
0.75
40
1
40
1
40
1
40
1
41
1
10
75.4467508722968
20
7.97052024802693
30
0
41
1
10
75.4896017358204
20
7.97479069495131
30
0
41
1
10
75.5323170560976
20
7.97466892121781
30
0
41
1
10
75.5963013025324
20
7.96730217861636
30
0
41
1
10
75.6176139072068
20
7.96363632418075
30
0
41
1
10
75.6602187991228
20
7.95361098659953
30
0
41
1
10
75.6815111901413
20
7.94725425767641
30
0
41
1
10
75.7027944592951
20
7.93928787335577
30
0
0
SPLINE
5
18D
100
AcDbEntity
8
1
62
256
6
ByLayer
370
18
48
1
60
0
100
AcDbSpline
70
4
71
3
72
12
73
8
40
0
40
0
40
0
40
0
40
0.267050034813816
40
0.267050034813816
40
0.534100069634843
40
0.534100069634843
40
1
40
1
40
1
40
1
41
1
10
75.420955275381
20
7.96795028495313
30
0
41
1
10
75.4232519000891
20
7.96817902406491
30
0
41
1
10
75.4255484225412
20
7.96840777118786
30
0
41
1
10
75.4301412614541
20
7.96886528165382
30
0
41
1
10
75.4324375779204
20
7.96909404499766
30
0
41
1
10
75.4387398015551
20
7.96972193520784
30
0
41
1
10
75.4427454967531
20
7.97012107885587
30
0
41
1
10
75.4467508722968
20
7.97052024802693
30
0
0
SPLINE
5
18E
100
AcDbEntity
8
1
62
256
6
ByLayer
370
18
48
1
60
0
100
AcDbSpline
70
4
71
3
72
8
73
4
40
0
40
0
40
0
40
0
40
1
40
1
40
1
40
1
41
1
10
75.4209552753811
20
7.96795028495313
30
0
41
1
10
75.4211455515357
20
7.97294917042956
30
0
41
1
10
75.4213370568887
20
7.97794667851667
30
0
41
1
10
75.4215297867605
20
7.98294281445806
30
0
0
SPLINE
5
18F
100
AcDbEntity
8
1
62
256
6
ByLayer
370
18
48
1
60
0
100
AcDbSpline
70
4
71
3
72
47
73
43
40
0
40
0
40
0
40
0
40
0.0178028534328638
40
0.0359747845105555
40
0.0545157936112505
40
0.0734258811301824
40
0.0927050474796078
40
0.112353293089056
40
0.132370618405001
40
0.152757023891106
40
0.173512510028144
40
0.194637077313895
40
0.216130726263395
40
0.237993457408662
40
0.260225271298932
40
0.282826168500487
40
0.305796149596686
40
0.329135215188122
40
0.352843365892417
40
0.37692060234441
40
0.401366925195985
40
0.426182335116219
40
0.451366832791315
40
0.476920418924617
40
0.502843094236596
40
0.529134859464859
40
0.55579571536415
40
0.582825662706274
40
0.610224702280264
40
0.637992834892162
40
0.666130061365223
40
0.69463638253978
40
0.723511799273244
40
0.752756312440287
40
0.782369922932645
40
0.812352631659269
40
0.842704439546191
40
0.873425347536683
40
0.904515356591141
40
0.935974467687204
40
0.967802681819536
40
1
40
1
40
1
40
1
41
1
10
75.4212357213727
20
7.98292560623247
30
0
41
1
10
75.4125230360205
20
7.98240898950561
30
0
41
1
10
75.3949170393619
20
7.98136504587637
30
0
41
1
10
75.3682370849684
20
7.97969323502298
30
0
41
1
10
75.3410152381691
20
7.97791874150039
30
0
41
1
10
75.3132514973736
20
7.97603057670179
30
0
41
1
10
75.2849458630208
20
7.97402600196946
30
0
41
1
10
75.2560983349888
20
7.97189989147773
30
0
41
1
10
75.226708913311
20
7.96964766855524
30
0
41
1
10
75.1967775979779
20
7.96726449604378
30
0
41
1
10
75.1663043889915
20
7.96474549989588
30
0
41
1
10
75.1352892863511
20
7.96208570796077
30
0
41
1
10
75.1037322900565
20
7.95928006726515
30
0
41
1
10
75.0716334001077
20
7.95632343970127
30
0
41
1
10
75.0389926165041
20
7.95321060368221
30
0
41
1
10
75.0058099392456
20
7.94993625418036
30
0
41
1
10
74.9720853683325
20
7.94649500323649
30
0
41
1
10
74.9378189037641
20
7.94288138036569
30
0
41
1
10
74.9030105455407
20
7.93908983301947
30
0
41
1
10
74.8676602936618
20
7.93511472706055
30
0
41
1
10
74.8317681481274
20
7.93095034726358
30
0
41
1
10
74.7953341089376
20
7.92659089783888
30
0
41
1
10
74.758358176092
20
7.92203050298085
30
0
41
1
10
74.7208403495907
20
7.91726320744184
30
0
41
1
10
74.6827806294336
20
7.91228297713133
30
0
41
1
10
74.6441790156207
20
7.90708369974166
30
0
41
1
10
74.6050355081518
20
7.90165918540151
30
0
41
1
10
74.565350107027
20
7.89600316735635
30
0
41
1
10
74.5251228122461
20
7.89010930268219
30
0
41
1
10
74.4843536238093
20
7.8839711730127
30
0
41
1
10
74.4430425417162
20
7.87758228535927
30
0
41
1
10
74.4011895659671
20
7.87093607272467
30
0
41
1
10
74.3587946965617
20
7.86402589565398
30
0
41
1
10
74.3158579335006
20
7.85684504037391
30
0
41
1
10
74.2723792767825
20
7.84938673006926
30
0
41
1
10
74.2283587264104
20
7.84164408636235
30
0
41
1
10
74.183796282374
20
7.83361028029137
30
0
41
1
10
74.1386919447122
20
7.82527796313386
30
0
41
1
10
74.0930457132778
20
7.81664143426363
30
0
41
1
10
74.046857588629
20
7.80768840968554
30
0
41
1
10
74.0001275686467
20
7.79843129516325
30
0
41
1
10
73.9687936029095
20
7.79203956150766
30
0
41
1
10
73.9530363006544
20
7.78882527066466
30
0
0
SPLINE
5
190
100
AcDbEntity
8
1
62
256
6
ByLayer
370
18
48
1
60
0
100
AcDbSpline
70
4
71
3
72
22
73
18
40
0
40
0
40
0
40
0
40
0.037180025278339
40
0.0773216345592867
40
0.120424819693356
40
0.166489570503487
40
0.215515874787327
40
0.267503718318479
40
0.322453084847119
40
0.380363956101259
40
0.441236311789
40
0.505070129600753
40
0.571865385208369
40
0.641622052261015
40
0.744654920735588
40
0.886653015052876
40
1
40
1
40
1
40
1
41
1
10
73.9530363006544
20
7.78882527066466
30
0
41
1
10
73.9235566805549
20
7.78269356116834
30
0
41
1
10
73.8622492340102
20
7.76994171935687
30
0
41
1
10
73.766766289027
20
7.74898772746417
30
0
41
1
10
73.6642390911793
20
7.72555427035704
30
0
41
1
10
73.5546676898124
20
7.69934965678945
30
0
41
1
10
73.4380520705507
20
7.67017615433247
30
0
41
1
10
73.314392238039
20
7.63779166038341
30
0
41
1
10
73.1836881905111
20
7.60195121298329
30
0
41
1
10
73.0459399310747
20
7.56239533902746
30
0
41
1
10
72.9011474491473
20
7.51885421790868
30
0
41
1
10
72.7493107872544
20
7.47104687961487
30
0
41
1
10
72.5904297758067
20
7.41868363993919
30
0
41
1
10
72.4004692653085
20
7.35317162219707
30
0
41
1
10
72.1508782703914
20
7.26232997726635
30
0
41
1
10
71.8667187697693
20
7.15129948528812
30
0
41
1
10
71.6642525847311
20
7.06663131311012
30
0
41
1
10
71.5743773774357
20
7.02796914746924
30
0
0
SPLINE
5
191
100
AcDbEntity
8
1
62
256
6
ByLayer
370
18
48
1
60
0
100
AcDbSpline
70
4
71
3
72
14
73
10
40
0
40
0
40
0
40
0
40
0.307715981399622
40
0.307715981399622
40
0.615431962799244
40
0.615431962799244
40
0.923147944198866
40
0.923147944198866
40
1
40
1
40
1
40
1
41
1
10
46.1534309815374
20
-7.81127940832943
30
0
41
1
10
46.4677887992788
20
-7.87237378059527
30
0
41
1
10
46.7804117519273
20
-7.91849017280944
30
0
41
1
10
47.4037937657383
20
-7.9812084879579
30
0
41
1
10
47.7145495087641
20
-7.9978484346953
30
0
41
1
10
48.3357264375304
20
-8.00179972252189
30
0
41
1
10
48.6461513095447
20
-7.98906192946163
30
0
41
1
10
49.0348470616465
20
-7.95482559692641
30
0
41
1
10
49.1125609001869
20
-7.94706929483502
30
0
41
1
10
49.1903237520561
20
-7.9383964829052
30
0
0
SPLINE
5
192
100
AcDbEntity
8
1
62
256
6
ByLayer
370
18
48
1
60
0
100
AcDbSpline
70
4
71
3
72
17
73
13
40
0
40
0
40
0
40
0
40
0.249999999999972
40
0.249999999999972
40
0.499999999999943
40
0.499999999999943
40
0.624999999999957
40
0.624999999999957
40
0.749999999999972
40
0.874999999999986
40
0.874999999999986
40
1
40
1
40
1
40
1
41
1
10
45.9587975155116
20
-7.51842617549846
30
0
41
1
10
45.9807736994465
20
-7.53553084270018
30
0
41
1
10
46.0015943113936
20
-7.5544375498049
30
0
41
1
10
46.0408938213033
20
-7.59577009801939
30
0
41
1
10
46.0593456925369
20
-7.61824178456755
30
0
41
1
10
46.0848924190298
20
-7.65508704684407
30
0
41
1
10
46.0930716126556
20
-7.66795389851546
30
0
41
1
10
46.1083126912225
20
-7.69436198631695
30
0
41
1
10
46.1225152285249
20
-7.72152888038639
30
0
41
1
10
46.1344167139435
20
-7.75037627889006
30
0
41
1
10
46.1450109655752
20
-7.78017949371201
30
0
41
1
10
46.1496528052495
20
-7.79561284842853
30
0
41
1
10
46.1534309815373
20
-7.81127940832943
30
0
0
SPLINE
5
193
100
AcDbEntity
8
1
62
256
6
ByLayer
370
18
48
1
60
0
100
AcDbSpline
70
4
71
3
72
30
73
26
40
0
40
0
40
0
40
0
40
0.062500000000015
40
0.062500000000015
40
0.12500000000003
40
0.12500000000003
40
0.187500000000045
40
0.187500000000045
40
0.218750000000053
40
0.218750000000053
40
0.250000000000062
40
0.250000000000062
40
0.31250000000005
40
0.31250000000005
40
0.375000000000039
40
0.375000000000039
40
0.406250000000033
40
0.406250000000033
40
0.437500000000027
40
0.437500000000027
40
0.500000000000042
40
0.500000000000042
40
0.750000000000021
40
0.750000000000021
40
1
40
1
40
1
40
1
41
1
10
45.9587975155116
20
-7.51842617549846
30
0
41
1
10
45.9433402960758
20
-7.50639539731165
30
0
41
1
10
45.927579112987
20
-7.49547740790223
30
0
41
1
10
45.8955370408475
20
-7.47563551917267
30
0
41
1
10
45.8792539203248
20
-7.46672000971731
30
0
41
1
10
45.8461713032055
20
-7.45098983166795
30
0
41
1
10
45.8293752886747
20
-7.44415999717299
30
0
41
1
10
45.803793232876
20
-7.43557847096301
30
0
41
1
10
45.7951772719048
20
-7.43299224824494
30
0
41
1
10
45.7779293902781
20
-7.42843496832242
30
0
41
1
10
45.7693160954657
20
-7.42646679656784
30
0
41
1
10
45.7435131980097
20
-7.42151486764809
30
0
41
1
10
45.7263609498741
20
-7.41948773110286
30
0
41
1
10
45.6921820275844
20
-7.41820002601386
30
0
41
1
10
45.6751504554291
20
-7.41894604806132
30
0
41
1
10
45.6497356907861
20
-7.42251411789755
30
0
41
1
10
45.6413703730473
20
-7.42409548600082
30
0
41
1
10
45.6248865515616
20
-7.42817242539229
30
0
41
1
10
45.616787328414
20
-7.43074098883119
30
0
41
1
10
45.5926089825476
20
-7.43887666476999
30
0
41
1
10
45.5764882158467
20
-7.44426481693509
30
0
41
1
10
45.4958800382711
20
-7.47104597907412
30
0
41
1
10
45.4314394254368
20
-7.49218837305898
30
0
41
1
10
45.3025526497753
20
-7.533543135055
30
0
41
1
10
45.2381222406977
20
-7.55381524410922
30
0
41
1
10
45.1737059346229
20
-7.57368946249878
30
0
0
SPLINE
5
194
100
AcDbEntity
8
1
62
256
6
ByLayer
370
18
48
1
60
0
100
AcDbSpline
70
4
71
3
72
53
73
49
40
0
40
0
40
0
40
0
40
0.125000000000004
40
0.125000000000004
40
0.187500000000006
40
0.187500000000006
40
0.218750000000007
40
0.218750000000007
40
0.234375000000007
40
0.234375000000007
40
0.250000000000007
40
0.250000000000007
40
0.312500000000005
40
0.312500000000005
40
0.375000000000003
40
0.375000000000003
40
0.406250000000002
40
0.406250000000002
40
0.437500000000002
40
0.437500000000002
40
0.5
40
0.5
40
0.531249999999998
40
0.531249999999998
40
0.546874999999998
40
0.546874999999998
40
0.562499999999998
40
0.562499999999998
40
0.624999999999999
40
0.624999999999999
40
0.6875
40
0.6875
40
0.750000000000001
40
0.750000000000001
40
0.812500000000002
40
0.812500000000002
40
0.828125000000002
40
0.828125000000002
40
0.843750000000002
40
0.843750000000002
40
0.875000000000002
40
0.906250000000002
40
0.906250000000002
40
0.921875000000002
40
0.921875000000002
40
0.937500000000002
40
0.937500000000002
40
1
40
1
40
1
40
1
41
1
10
45.1737059346229
20
-7.57368946249881
30
0
41
1
10
44.5492033236681
20
-7.39259269217473
30
0
41
1
10
43.9293899879589
20
-7.15687370265803
30
0
41
1
10
42.9974989488718
20
-6.72700984380768
30
0
41
1
10
42.6865130337724
20
-6.57097326811657
30
0
41
1
10
42.2183408296401
20
-6.31823170355025
30
0
41
1
10
42.0620010407283
20
-6.23088300791193
30
0
41
1
10
41.8269162973253
20
-6.09520170115354
30
0
41
1
10
41.7484585202836
20
-6.04919180039056
30
0
41
1
10
41.5913250147587
20
-5.95563442474787
30
0
41
1
10
41.5125911898034
20
-5.90805406163452
30
0
41
1
10
41.1191780595083
20
-5.6668811333156
30
0
41
1
10
40.8053021597962
20
-5.46348937038584
30
0
41
1
10
40.1776935638595
20
-5.03712597909845
30
0
41
1
10
39.8639579668859
20
-4.81420866686881
30
0
41
1
10
39.3922781560873
20
-4.46599512499023
30
0
41
1
10
39.2347454891504
20
-4.3475589041397
30
0
41
1
10
38.9202841435173
20
-4.10718267150844
30
0
41
1
10
38.7632449010785
20
-3.9851587263297
30
0
41
1
10
38.2924058123494
20
-3.61388396838049
30
0
41
1
10
37.9788826284238
20
-3.35944944442235
30
0
41
1
10
37.5079776832019
20
-2.96854701408691
30
0
41
1
10
37.3509073444017
20
-2.83668114099794
30
0
41
1
10
37.1149925646305
20
-2.63675038182399
30
0
41
1
10
37.0362467671788
20
-2.56970017693661
30
0
41
1
10
36.8789262098508
20
-2.4351584172191
30
0
41
1
10
36.8003797404629
20
-2.36769144380526
30
0
41
1
10
36.4081536504886
20
-2.02944727250642
30
0
41
1
10
36.0959875218139
20
-1.75594917170952
30
0
41
1
10
35.4732871334221
20
-1.20496859784851
30
0
41
1
10
35.1627664524805
20
-0.927463516422847
30
0
41
1
10
34.5418191407417
20
-0.370208156649795
30
0
41
1
10
34.2314025949646
20
-0.0904424197545097
30
0
41
1
10
33.6091601115381
20
0.469673673825497
30
0
41
1
10
33.2973353326383
20
0.750023601426847
30
0
41
1
10
32.9056828319483
20
1.0997352277262
30
0
41
1
10
32.8272585690872
20
1.16964080828541
30
0
41
1
10
32.670197174843
20
1.30935033884626
30
0
41
1
10
32.591525998724
20
1.37918443474933
30
0
41
1
10
32.3553888566623
20
1.58828446195938
30
0
41
1
10
32.0407509025473
20
1.86553481336665
30
0
41
1
10
31.7261515028425
20
2.13924728524381
30
0
41
1
10
31.490064542765
20
2.3430484619052
30
0
41
1
10
31.4113246074605
20
2.41075215798375
30
0
41
1
10
31.2539945363063
20
2.54544464949657
30
0
41
1
10
31.1753821042934
20
2.6124533645567
30
0
41
1
10
30.7825167142085
20
2.94575499450468
30
0
41
1
10
30.4688489344533
20
3.20683118993384
30
0
41
1
10
30.1550129385774
20
3.46159120460996
30
0
0
SPLINE
5
195
100
AcDbEntity
8
1
62
256
6
ByLayer
370
18
48
1
60
0
100
AcDbSpline
70
4
71
3
72
17
73
13
40
0
40
0
40
0
40
0
40
0.250000000000001
40
0.250000000000001
40
0.500000000000001
40
0.500000000000001
40
0.625000000000001
40
0.625000000000001
40
0.750000000000001
40
0.875
40
0.875
40
1
40
1
40
1
40
1
41
1
10
68.3588577401622
20
-1.00829537698689
30
0
41
1
10
68.3808389843633
20
-1.03024521221275
30
0
41
1
10
68.4016640861107
20
-1.05182797329505
30
0
41
1
10
68.4409715699432
20
-1.09438244783294
30
0
41
1
10
68.459426911658
20
-1.11534187300677
30
0
41
1
10
68.4849778912636
20
-1.14628983444629
30
0
41
1
10
68.4931582531217
20
-1.15655759957159
30
0
41
1
10
68.5084011043917
20
-1.17651704682797
30
0
41
1
10
68.5226049948078
20
-1.19598700167074
30
0
41
1
10
68.5345068990948
20
-1.21437422567706
30
0
41
1
10
68.5451009659908
20
-1.23214358994616
30
0
41
1
10
68.5497423266769
20
-1.2407355535145
30
0
41
1
10
68.553519686042
20
-1.24877604670783
30
0
0
SPLINE
5
196
100
AcDbEntity
8
1
62
256
6
ByLayer
370
18
48
1
60
0
100
AcDbSpline
70
4
71
3
72
30
73
26
40
0
40
0
40
0
40
0
40
0.0624999999999993
40
0.0624999999999993
40
0.124999999999999
40
0.124999999999999
40
0.187499999999998
40
0.187499999999998
40
0.218750000000012
40
0.218750000000012
40
0.250000000000026
40
0.250000000000026
40
0.312500000000054
40
0.312500000000054
40
0.375000000000082
40
0.375000000000082
40
0.406250000000082
40
0.406250000000082
40
0.437500000000083
40
0.437500000000083
40
0.500000000000056
40
0.500000000000056
40
0.750000000000028
40
0.750000000000028
40
1
40
1
40
1
40
1
41
1
10
68.3588577401622
20
-1.00829537698689
30
0
41
1
10
68.3433965030151
20
-0.992856232382593
30
0
41
1
10
68.3276311372996
20
-0.97750539462541
30
0
41
1
10
68.295580395086
20
-0.946932682109122
30
0
41
1
10
68.2792927740815
20
-0.931711404197841
30
0
41
1
10
68.2462008214354
20
-0.901368213657577
30
0
41
1
10
68.2293999826232
20
-0.886245870570747
30
0
41
1
10
68.2038103942244
20
-0.863616678341231
30
0
41
1
10
68.1951917770877
20
-0.856062531909714
30
0
41
1
10
68.1779392657434
20
-0.841072156994017
30
0
41
1
10
68.1693236607445
20
-0.833651371568266
30
0
41
1
10
68.1435138535398
20
-0.811612652155361
30
0
41
1
10
68.1263570264895
20
-0.797219070548664
30
0
41
1
10
68.0921690223902
20
-0.769061852179078
30
0
41
1
10
68.0751316976754
20
-0.755294439247251
30
0
41
1
10
68.0497121958567
20
-0.735210882666223
30
0
41
1
10
68.0413454014014
20
-0.728676314986501
30
0
41
1
10
68.0248589416986
20
-0.715981331322922
30
0
41
1
10
68.0167584639073
20
-0.709851025496022
30
0
41
1
10
67.9925737383215
20
-0.6916285804582
30
0
41
1
10
67.9764476332645
20
-0.679456380976347
30
0
41
1
10
67.8958157065613
20
-0.618496561478992
30
0
41
1
10
67.8313560447
20
-0.569492667112996
30
0
41
1
10
67.7024312987328
20
-0.470862899555669
30
0
41
1
10
67.6379819540736
20
-0.421261792220434
30
0
41
1
10
67.573546743674
20
-0.371378311311588
30
0
0
SPLINE
5
197
100
AcDbEntity
8
1
62
256
6
ByLayer
370
18
48
1
60
0
100
AcDbSpline
70
4
71
3
72
17
73
13
40
0
40
0
40
0
40
0
40
0.25
40
0.25
40
0.5
40
0.5
40
0.625
40
0.625
40
0.75
40
0.875
40
0.875
40
1
40
1
40
1
40
1
41
1
10
52.3587503793407
20
7.70936116829313
30
0
41
1
10
52.3807212922038
20
7.72386333878782
30
0
41
1
10
52.4015367779005
20
7.74030670112336
30
0
41
1
10
52.4408260935333
20
7.77696844874993
30
0
41
1
10
52.4592729081358
20
7.79723665938479
30
0
41
1
10
52.4848121929879
20
7.83099646253146
30
0
41
1
10
52.4929889065713
20
7.84286910217565
30
0
41
1
10
52.5082251911672
20
7.86740851695308
30
0
41
1
10
52.5224230587257
20
7.89281707969562
30
0
41
1
10
52.5343202563365
20
7.92015022084789
30
0
41
1
10
52.54491047758
20
7.94857827495605
30
0
41
1
10
52.5495504357302
20
7.96339358589532
30
0
41
1
10
52.5533269874154
20
7.97853786234998
30
0
0
SPLINE
5
198
100
AcDbEntity
8
1
62
256
6
ByLayer
370
18
48
1
60
0
100
AcDbSpline
70
4
71
3
72
30
73
26
40
0
40
0
40
0
40
0
40
0.0625000000000002
40
0.0625000000000002
40
0.125
40
0.125
40
0.187500000000001
40
0.187500000000001
40
0.21875
40
0.21875
40
0.25
40
0.25
40
0.3125
40
0.3125
40
0.375
40
0.375
40
0.40625
40
0.40625
40
0.4375
40
0.4375
40
0.5
40
0.5
40
0.75
40
0.75
40
1
40
1
40
1
40
1
41
1
10
52.3587503793407
20
7.70936116829313
30
0
41
1
10
52.3432933972556
20
7.69915859769063
30
0
41
1
10
52.3275322606255
20
7.69010682073778
30
0
41
1
10
52.2954899900883
20
7.67406979967944
30
0
41
1
10
52.279206636213
20
7.66709318474577
30
0
41
1
10
52.2461232792622
20
7.65532264111658
30
0
41
1
10
52.229326753656
20
7.65051294088175
30
0
41
1
10
52.2037437354346
20
7.64503010805709
30
0
41
1
10
52.1951273612332
20
7.64349116687873
30
0
41
1
10
52.177879058206
20
7.64103884769281
30
0
41
1
10
52.1692655250326
20
7.64012601403178
30
0
41
1
10
52.1434618275384
20
7.6383495572131
30
0
41
1
10
52.1263089325207
20
7.63845209108925
30
0
41
1
10
52.0921284767611
20
7.64145425766466
30
0
41
1
10
52.0750956056621
20
7.64436128434195
30
0
41
1
10
52.0496799290815
20
7.65119650899771
30
0
41
1
10
52.0413143069628
20
7.65386028637516
30
0
41
1
10
52.0248298565264
20
7.6600863256904
30
0
41
1
10
52.0167303343765
20
7.66372036023651
30
0
41
1
10
51.992551649724
20
7.67504765438582
30
0
41
1
10
51.9764308785413
20
7.68256616389928
30
0
41
1
10
51.8958220884232
20
7.72000555396764
30
0
41
1
10
51.8313810061077
20
7.74969805524339
30
0
41
1
10
51.7024932877326
20
7.80820632615041
30
0
41
1
10
51.6380624106365
20
7.83708077685625
30
0
41
1
10
51.5736456433537
20
7.8655826771861
30
0
0
SPLINE
5
199
100
AcDbEntity
8
1
62
256
6
ByLayer
370
18
48
1
60
0
100
AcDbSpline
70
4
71
3
72
18
73
14
40
0
40
0
40
0
40
0
40
0.363834869054111
40
0.363834869054111
40
0.40931422768587
40
0.40931422768587
40
0.454793586317631
40
0.454793586317631
40
0.545752303581151
40
0.545752303581151
40
0.727669738108193
40
0.727669738108193
40
1
40
1
40
1
40
1
41
1
10
51.5736456433537
20
7.8655826771861
30
0
41
1
10
51.262001823174
20
7.81436644342855
30
0
41
1
10
50.9493546614989
20
7.74848802408695
30
0
41
1
10
50.5955887581737
20
7.65764030893715
30
0
41
1
10
50.5562531066317
20
7.64731488260122
30
0
41
1
10
50.4775219350868
20
7.62620118017469
30
0
41
1
10
50.4381276085002
20
7.61541229596358
30
0
41
1
10
50.3200911272436
20
7.58240937235175
30
0
41
1
10
50.2415155574599
20
7.55953756910654
30
0
41
1
10
50.0060925636715
20
7.48836176367308
30
0
41
1
10
49.8495479666916
20
7.43750112952466
30
0
41
1
10
49.4594060232019
20
7.30223629303654
30
0
41
1
10
49.2261803436154
20
7.21373308398537
30
0
41
1
10
48.9933050843171
20
7.11803927855684
30
0
0
SPLINE
5
19A
100
AcDbEntity
8
1
62
256
6
ByLayer
370
18
48
1
60
0
100
AcDbSpline
70
4
71
3
72
8
73
4
40
0
40
0
40
0
40
0
40
1
40
1
40
1
40
1
41
1
10
26.4621419812414
20
-7.93070085393924
30
0
41
1
10
26.3080494360385
20
-7.94891137903983
30
0
41
1
10
26.154018572488
20
-7.96353865846245
30
0
41
1
10
25.999955118226
20
-7.9745896374337
30
0
0
SPLINE
5
19B
100
AcDbEntity
8
1
62
256
6
ByLayer
370
18
48
1
60
0
100
AcDbSpline
70
4
71
3
72
8
73
4
40
0
40
0
40
0
40
0
40
1
40
1
40
1
40
1
41
1
10
24.9330444058681
20
-7.46484736759481
30
0
41
1
10
24.5317097893969
20
-7.49060490781307
30
0
41
1
10
24.1328114624433
20
-7.49405567337041
30
0
41
1
10
23.7349232500336
20
-7.47552017929777
30
0
0
SPLINE
5
19C
100
AcDbEntity
8
1
62
256
6
ByLayer
370
18
48
1
60
0
100
AcDbSpline
70
4
71
3
72
14
73
10
40
0
40
0
40
0
40
0
40
0.5
40
0.5
40
0.75
40
0.75
40
0.875
40
0.875
40
1
40
1
40
1
40
1
41
1
10
21.1854245628529
20
-6.78214942051696
30
0
41
1
10
21.6111989132779
20
-6.94650173371937
30
0
41
1
10
22.0353397337952
20
-7.0868866219736
30
0
41
1
10
22.6718748724572
20
-7.26062406420084
30
0
41
1
10
22.8841063129105
20
-7.31239149778114
30
0
41
1
10
23.2028792503216
20
-7.38066544560692
30
0
41
1
10
23.3092078962948
20
-7.40186020786433
30
0
41
1
10
23.5220656635541
20
-7.44109228179707
30
0
41
1
10
23.6285020194067
20
-7.45911196357304
30
0
41
1
10
23.7349232500336
20
-7.47552017929775
30
0
0
SPLINE
5
19D
100
AcDbEntity
8
1
62
256
6
ByLayer
370
18
48
1
60
0
100
AcDbSpline
70
4
71
5
72
39
73
33
40
0
40
0
40
0
40
0
40
0
40
0
40
0.0105003253911225
40
0.0397830067791424
40
0.083707028861172
40
0.127631050943201
40
0.156913732331221
40
0.186196413719241
40
0.23012043580127
40
0.2740444578833
40
0.30332713927132
40
0.347251161353349
40
0.391175183435379
40
0.420457864823398
40
0.449740546211418
40
0.493664568293448
40
0.537588590375477
40
0.566871271763497
40
0.610795293845526
40
0.640077975233546
40
0.684001997315576
40
0.713284678703595
40
0.757208700785625
40
0.801132722867654
40
0.830415404255674
40
0.874339426337704
40
0.903622107725723
40
0.947546129807753
40
0.976828811195773
40
1
40
1
40
1
40
1
40
1
40
1
41
1
10
50.0105157295516
20
6.75737801791922
30
0
41
1
10
50.0452694937577
20
6.76752627236971
30
0
41
1
10
50.1769424834519
20
6.80548572839564
30
0
41
1
10
50.4539943113782
20
6.8814426920307
30
0
41
1
10
50.8764249775367
20
6.98458712113376
30
0
41
1
10
51.3957748691835
20
7.08723495025271
30
0
41
1
10
51.9772902221121
20
7.17054984528474
30
0
41
1
10
52.6072651877849
20
7.22612266941741
30
0
41
1
10
53.2372401534577
20
7.24678463924303
30
0
41
1
10
53.8187555063864
20
7.23353511560668
30
0
41
1
10
54.4487304720591
20
7.18421963858015
30
0
41
1
10
55.127165050476
20
7.09000436251497
30
0
41
1
10
55.7571400161488
20
6.96482541389065
30
0
41
1
10
56.3386553690775
20
6.81820200932808
30
0
41
1
10
56.9686303347503
20
6.62650069684665
30
0
41
1
10
57.598605300423
20
6.4027854246113
30
0
41
1
10
58.1801206533518
20
6.1676104942851
30
0
41
1
10
58.8100956190245
20
5.88302775736284
30
0
41
1
10
59.4400705846973
20
5.56722157425278
30
0
41
1
10
60.0700455503701
20
5.22459512832009
30
0
41
1
10
60.6515609032988
20
4.88493936215667
30
0
41
1
10
61.2815358689716
20
4.49346807529801
30
0
41
1
10
61.9115108346443
20
4.0801840957825
30
0
41
1
10
62.5414858003171
20
3.64515857489926
30
0
41
1
10
63.1714607659899
20
3.19251491740428
30
0
41
1
10
63.8014357316627
20
2.72296815378979
30
0
41
1
10
64.4314106973355
20
2.24038134064583
30
0
41
1
10
65.0129260502642
20
1.78481202331014
30
0
41
1
10
65.5742137088793
20
1.3375149978018
30
0
41
1
10
65.9901225292624
20
1.00248908975684
30
0
41
1
10
66.3091121241573
20
0.744117322802708
30
0
41
1
10
66.4827228808199
20
0.60319024201678
30
0
41
1
10
66.5594144119944
20
0.540886158635402
30
0
0
SPLINE
5
19E
100
AcDbEntity
8
1
62
256
6
ByLayer
370
18
48
1
60
0
100
AcDbSpline
70
4
71
3
72
12
73
8
40
0
40
0
40
0
40
0
40
0.267050034813873
40
0.267050034813873
40
0.534100069635491
40
0.534100069635491
40
1
40
1
40
1
40
1
41
1
10
75.4209552753809
20
-6.39794732031658
30
0
41
1
10
75.423251900089
20
-6.39926564942084
30
0
41
1
10
75.4255484225412
20
-6.40058404660417
30
0
41
1
10
75.430141261454
20
-6.40322097814064
30
0
41
1
10
75.4324375779204
20
-6.40453951249722
30
0
41
1
10
75.4387398015551
20
-6.40815857344745
30
0
41
1
10
75.4427454967531
20
-6.41045924126385
30
0
41
1
10
75.4467508722968
20
-6.41276012209923
30
0
0
SPLINE
5
19F
100
AcDbEntity
8
1
62
256
6
ByLayer
370
18
48
1
60
0
100
AcDbSpline
70
4
71
3
72
8
73
4
40
0
40
0
40
0
40
0
40
1
40
1
40
1
40
1
41
1
10
75.4209552753809
20
-6.39794732031655
30
0
41
1
10
75.4211455515356
20
-6.40248556241005
30
0
41
1
10
75.4213370568886
20
-6.40702809194931
30
0
41
1
10
75.4215297867605
20
-6.41157489261266
30
0
0
SPLINE
5
1A0
100
AcDbEntity
8
1
62
256
6
ByLayer
370
18
48
1
60
0
100
AcDbSpline
70
4
71
3
72
47
73
43
40
0
40
0
40
0
40
0
40
0.0178028534329612
40
0.0359747845107766
40
0.0545157936115627
40
0.0734258811305415
40
0.0927050474800842
40
0.112353293089597
40
0.132370618405617
40
0.152757023891782
40
0.173512510028869
40
0.19463707731471
40
0.216130726264251
40
0.237993457409578
40
0.260225271299877
40
0.28282616850144
40
0.305796149597673
40
0.329135215189143
40
0.352843365893463
40
0.376920602345469
40
0.401366925197049
40
0.426182335117289
40
0.4513668327924
40
0.476920418925671
40
0.502843094237644
40
0.52913485946589
40
0.555795715365145
40
0.582825662707239
40
0.610224702281208
40
0.63799283489307
40
0.666130061366089
40
0.694636382540537
40
0.723511799273978
40
0.752756312440959
40
0.782369922933263
40
0.812352631659803
40
0.842704439546645
40
0.873425347537071
40
0.904515356591454
40
0.935974467687394
40
0.967802681819641
40
1
40
1
40
1
40
1
41
1
10
75.4212357213727
20
-6.41141656117921
30
0
41
1
10
75.4125230360207
20
-6.40672002344874
30
0
41
1
10
75.3949170393624
20
-6.39722958229916
30
0
41
1
10
75.3682370849696
20
-6.38277584730463
30
0
41
1
10
75.3410152381708
20
-6.36797359854216
30
0
41
1
10
75.3132514973761
20
-6.35281415346037
30
0
41
1
10
75.284945863024
20
-6.3372954702503
30
0
41
1
10
75.2560983349927
20
-6.32141360653003
30
0
41
1
10
75.2267089133157
20
-6.30516507811438
30
0
41
1
10
75.1967775979832
20
-6.28854620962505
30
0
41
1
10
75.1663043889976
20
-6.27155331485162
30
0
41
1
10
75.135289286358
20
-6.25418264840977
30
0
41
1
10
75.1037322900643
20
-6.23643042044915
30
0
41
1
10
75.0716334001162
20
-6.21829279403499
30
0
41
1
10
75.0389926165135
20
-6.19976588733556
30
0
41
1
10
75.005809939256
20
-6.18084577452547
30
0
41
1
10
74.9720853683438
20
-6.16152848708012
30
0
41
1
10
74.9378189037763
20
-6.14181001500179
30
0
41
1
10
74.9030105455539
20
-6.12168630810334
30
0
41
1
10
74.867660293676
20
-6.1011532773168
30
0
41
1
10
74.8317681481426
20
-6.08020679603484
30
0
41
1
10
74.7953341089538
20
-6.05884270148505
30
0
41
1
10
74.7583581761093
20
-6.03705679613645
30
0
41
1
10
74.720840349609
20
-6.01484484913956
30
0
41
1
10
74.6827806294531
20
-5.99220259779972
30
0
41
1
10
74.6441790156413
20
-5.96912574908424
30
0
41
1
10
74.6050355081735
20
-5.94560998116455
30
0
41
1
10
74.5653501070499
20
-5.92165094499194
30
0
41
1
10
74.5251228122702
20
-5.89724426591275
30
0
41
1
10
74.4843536238345
20
-5.87238554530632
30
0
41
1
10
74.4430425417428
20
-5.84707036230532
30
0
41
1
10
74.401189565995
20
-5.821294275382
30
0
41
1
10
74.358794696591
20
-5.79505282461705
30
0
41
1
10
74.315857933531
20
-5.76834153155465
30
0
41
1
10
74.2723792768143
20
-5.74115590841589
30
0
41
1
10
74.2283587264436
20
-5.71349143191051
30
0
41
1
10
74.1837962824086
20
-5.68534365182964
30
0
41
1
10
74.1386919447481
20
-5.65670778749632
30
0
41
1
10
74.0930457133152
20
-5.62758027073713
30
0
41
1
10
74.0468575886679
20
-5.59795289313581
30
0
41
1
10
74.000127568687
20
-5.56783504795288
30
0
41
1
10
73.9687936029508
20
-5.54750837827052
30
0
41
1
10
73.9530363006962
20
-5.53728645230331
30
0
0
SPLINE
5
1A1
100
AcDbEntity
8
1
62
256
6
ByLayer
370
18
48
1
60
0
100
AcDbSpline
70
4
71
3
72
45
73
41
40
0
40
0
40
0
40
0
40
0.0092833478785997
40
0.0185667062638993
40
0.0278500749957539
40
0.0371334539139781
40
0.0464168428584122
40
0.0557002416688391
40
0.0649836501850807
40
0.0742670682469307
40
0.0835504956941923
40
0.0928339323666819
40
0.102117378104225
40
0.111400832746689
40
0.120684296133927
40
0.129967768105824
40
0.139251248502272
40
0.14853473716318
40
0.160288569875081
40
0.187822313202943
40
0.231135689450509
40
0.290228265229642
40
0.371418850451326
40
0.432789942307514
40
0.5296745649222
40
0.609395148507138
40
0.671950785946738
40
0.71734073851604
40
0.748071240879151
40
0.777497127278467
40
0.805618386105431
40
0.832435006642556
40
0.857946979061604
40
0.882154294423216
40
0.905056944677866
40
0.926654922666901
40
0.946948222123025
40
0.965936837670637
40
0.983620764826349
40
1
40
1
40
1
40
1
41
1
10
68.5535253483174
20
-1.24878108257087
30
0
41
1
10
68.5702335665913
20
-1.26363704927607
30
0
41
1
10
68.6036500220491
20
-1.2933489995001
30
0
41
1
10
68.6537747721375
20
-1.3378650177502
30
0
41
1
10
68.7038996076097
20
-1.38234126629681
30
0
41
1
10
68.7540245311909
20
-1.4267726979981
30
0
41
1
10
68.8041495421509
20
-1.4711588652446
30
0
41
1
10
68.8542746406857
20
-1.51549808981139
30
0
41
1
10
68.9043998267416
20
-1.55978902511032
30
0
41
1
10
68.9545251003383
20
-1.60403023760759
30
0
41
1
10
69.0046504614501
20
-1.64822031917359
30
0
41
1
10
69.0547759101607
20
-1.69235785653828
30
0
41
1
10
69.1049014461606
20
-1.73644144139178
30
0
41
1
10
69.1550270706052
20
-1.78046966080009
30
0
41
1
10
69.2051527791822
20
-1.82444112571261
30
0
41
1
10
69.2552785879855
20
-1.86835436679056
30
0
41
1
10
69.3054044369523
20
-1.91220822285712
30
0
41
1
10
69.3599767358195
20
-1.95988475631742
30
0
41
1
10
69.4473951943198
20
-2.03613997877869
30
0
41
1
10
69.596061574502
20
-2.16541984410992
30
0
41
1
10
69.8299307441587
20
-2.36758020996791
30
0
41
1
10
70.1603741377816
20
-2.65051027114154
30
0
41
1
10
70.5233357659799
20
-2.95672686317005
30
0
41
1
10
70.9542955900926
20
-3.31402853916518
30
0
41
1
10
71.3826475530488
20
-3.66160167723888
30
0
41
1
10
71.8131067646588
20
-4.00131092678856
30
0
41
1
10
72.1508782764944
20
-4.26126527856383
30
0
41
1
10
72.4004692644474
20
-4.44942111634785
30
0
41
1
10
72.5904297760683
20
-4.5904250526184
30
0
41
1
10
72.7493107872759
20
-4.70685513645208
30
0
41
1
10
72.9011474492296
20
-4.8167153108696
30
0
41
1
10
73.0459399311415
20
-4.92016631681375
30
0
41
1
10
73.1836881905807
20
-5.01736944085914
30
0
41
1
10
73.3143922381059
20
-5.10848426837646
30
0
41
1
10
73.4380520706153
20
-5.19366858301078
30
0
41
1
10
73.5546676898739
20
-5.27307480718031
30
0
41
1
10
73.6642390912368
20
-5.3468577120847
30
0
41
1
10
73.7667662890799
20
-5.41514433894855
30
0
41
1
10
73.8622492340577
20
-5.47813189516501
30
0
41
1
10
73.9235566805987
20
-5.518078277218
30
0
41
1
10
73.9530363006962
20
-5.53728645230331
30
0
0
SPLINE
5
1A2
100
AcDbEntity
8
1
62
256
6
ByLayer
370
18
48
1
60
0
100
AcDbSpline
70
4
71
3
72
12
73
8
40
0
40
0
40
0
40
0
40
0.373639527023356
40
0.373639527023356
40
0.747279054046711
40
0.747279054046711
40
1
40
1
40
1
40
1
41
1
10
58.9533704130556
20
-7.99863462235214
30
0
41
1
10
59.0676589473707
20
-7.99672189886124
30
0
41
1
10
59.1819493839924
20
-7.9928143758118
30
0
41
1
10
59.4106120653077
20
-7.98100359482746
30
0
41
1
10
59.5250367097223
20
-7.97309790539995
30
0
41
1
10
59.7166175988966
20
-7.95654665570794
30
0
41
1
10
59.7938678662208
20
-7.9489690353831
30
0
41
1
10
59.8710819207076
20
-7.94049678775025
30
0
0
SPLINE
5
1A3
100
AcDbEntity
8
1
62
256
6
ByLayer
370
18
48
1
60
0
100
AcDbSpline
70
4
71
3
72
17
73
13
40
0
40
0
40
0
40
0
40
0.249999999999972
40
0.249999999999972
40
0.499999999999944
40
0.499999999999944
40
0.624999999999958
40
0.624999999999958
40
0.749999999999972
40
0.874999999999986
40
0.874999999999986
40
1
40
1
40
1
40
1
41
1
10
58.7588401841049
20
-7.74747433149204
30
0
41
1
10
58.7808076640407
20
-7.76015927162246
30
0
41
1
10
58.8016196043777
20
-7.77485326956426
30
0
41
1
10
58.8409015277585
20
-7.80813877849695
30
0
41
1
10
58.8593444978315
20
-7.82678211656003
30
0
41
1
10
58.8848778309367
20
-7.85820850540944
30
0
41
1
10
58.893052484816
20
-7.86931848140392
30
0
41
1
10
58.9082846426227
20
-7.89240029567122
30
0
41
1
10
58.9224783786432
20
-7.91641224214845
30
0
41
1
10
58.9343715217893
20
-7.94248361540915
30
0
41
1
10
58.9449577476232
20
-7.96972678105979
30
0
41
1
10
58.9495957188914
20
-7.98398746139222
30
0
41
1
10
58.9533704130556
20
-7.99863462235209
30
0
0
SPLINE
5
1A4
100
AcDbEntity
8
1
62
256
6
ByLayer
370
18
48
1
60
0
100
AcDbSpline
70
4
71
3
72
30
73
26
40
0
40
0
40
0
40
0
40
0.0624999999999818
40
0.0624999999999818
40
0.124999999999964
40
0.124999999999964
40
0.187499999999945
40
0.187499999999945
40
0.218749999999936
40
0.218749999999936
40
0.249999999999927
40
0.249999999999927
40
0.312499999999909
40
0.312499999999909
40
0.374999999999891
40
0.374999999999891
40
0.406249999999881
40
0.406249999999881
40
0.437499999999872
40
0.437499999999872
40
0.49999999999988
40
0.49999999999988
40
0.74999999999994
40
0.74999999999994
40
1
40
1
40
1
40
1
41
1
10
58.7588401841049
20
-7.74747433149201
30
0
41
1
10
58.7433850761302
20
-7.73854990684509
30
0
41
1
10
58.7276256751232
20
-7.73078789322551
30
0
41
1
10
58.695586641046
20
-7.7173539956043
30
0
41
1
10
58.6793047951162
20
-7.71169079758559
30
0
41
1
10
58.646224215408
20
-7.70257545759776
30
0
41
1
10
58.6294289565568
20
-7.69910733117368
30
0
41
1
10
58.6038476550449
20
-7.69566166749681
30
0
41
1
10
58.5952317883797
20
-7.69480781904647
30
0
41
1
10
58.5779847075323
20
-7.69372543970786
30
0
41
1
10
58.5693717530363
20
-7.69349598387629
30
0
41
1
10
58.5435696924242
20
-7.69376521251982
30
0
41
1
10
58.5264177560822
20
-7.69522561156754
30
0
41
1
10
58.4922389378089
20
-7.7009325473997
30
0
41
1
10
58.4752064108435
20
-7.70518698311505
30
0
41
1
10
58.4497920199915
20
-7.714032537132
30
0
41
1
10
58.4414268152399
20
-7.71735797697792
30
0
41
1
10
58.4249431567049
20
-7.72488748162525
30
0
41
1
10
58.4168440274856
20
-7.72916176886065
30
0
41
1
10
58.3926669917983
20
-7.74240251991381
30
0
41
1
10
58.3765475158227
20
-7.75119887130097
30
0
41
1
10
58.2959446956903
20
-7.79503284143436
30
0
41
1
10
58.2315084390111
20
-7.82985900182899
30
0
41
1
10
58.1026304355761
20
-7.89867844162674
30
0
41
1
10
58.038204450713
20
-7.93272908844543
30
0
41
1
10
57.9737926130408
20
-7.96642756882628
30
0
0
SPLINE
5
1A5
100
AcDbEntity
8
1
62
256
6
ByLayer
370
18
48
1
60
0
100
AcDbSpline
70
4
71
3
72
17
73
13
40
0
40
0
40
0
40
0
40
0.25
40
0.25
40
0.499999999999999
40
0.499999999999999
40
0.624999999999999
40
0.624999999999999
40
0.75
40
0.875
40
0.875
40
1
40
1
40
1
40
1
41
1
10
42.7588429787471
20
1.82289955736061
30
0
41
1
10
42.780808327875
20
1.80594330965818
30
0
41
1
10
42.8016184710134
20
1.79007734424323
30
0
41
1
10
42.8408976378365
20
1.76036139039633
30
0
41
1
10
42.8593396471252
20
1.7465422980157
30
0
41
1
10
42.884872392095
20
1.72755338593984
30
0
41
1
10
42.8930471043284
20
1.72150144130529
30
0
41
1
10
42.9082799027057
20
1.71027622281619
30
0
41
1
10
42.9224746916496
20
1.69986960610677
30
0
41
1
10
42.9343697958457
20
1.69127434179575
30
0
41
1
10
42.9449586325827
20
1.68371129794778
30
0
41
1
10
42.9495984209028
20
1.68044902425595
30
0
41
1
10
42.9533752910589
20
1.67786859355456
30
0
0
SPLINE
5
1A6
100
AcDbEntity
8
1
62
256
6
ByLayer
370
18
48
1
60
0
100
AcDbSpline
70
4
71
3
72
30
73
26
40
0
40
0
40
0
40
0
40
0.0624999999999982
40
0.0624999999999982
40
0.124999999999996
40
0.124999999999996
40
0.187499999999994
40
0.187499999999994
40
0.218749999999994
40
0.218749999999994
40
0.249999999999993
40
0.249999999999993
40
0.312499999999991
40
0.312499999999991
40
0.37499999999999
40
0.37499999999999
40
0.406249999999989
40
0.406249999999989
40
0.437499999999989
40
0.437499999999989
40
0.49999999999999
40
0.49999999999999
40
0.749999999999995
40
0.749999999999995
40
1
40
1
40
1
40
1
41
1
10
42.7588429787472
20
1.82289955736059
30
0
41
1
10
42.7433851716505
20
1.8348322794194
30
0
41
1
10
42.7276230319904
20
1.84710063537673
30
0
41
1
10
42.6955784480824
20
1.87227019756469
30
0
41
1
10
42.6792937825693
20
1.88517399030323
30
0
41
1
10
42.6462074804466
20
1.91168750517812
30
0
41
1
10
42.629409324875
20
1.92529182998874
30
0
41
1
10
42.6038235954499
20
1.94628337053828
30
0
41
1
10
42.5952061915986
20
1.95339859431377
30
0
41
1
10
42.5779564039563
20
1.96774009751186
30
0
41
1
10
42.5693421114673
20
1.9749510254704
30
0
41
1
10
42.5435360870546
20
1.99671209712463
30
0
41
1
10
42.5263815751688
20
2.0113913162661
30
0
41
1
10
42.4921977551197
20
2.04114342822825
30
0
41
1
10
42.4751622018255
20
2.05622311297438
30
0
41
1
10
42.4497452412905
20
2.07918014772309
30
0
41
1
10
42.4413792406128
20
2.08681234062715
30
0
41
1
10
42.4248941769502
20
2.10202865071048
30
0
41
1
10
42.4167943863434
20
2.1096084829714
30
0
41
1
10
42.3926138459493
20
2.13232891086327
30
0
41
1
10
42.3764913929817
20
2.14748598075963
30
0
41
1
10
42.2958754087027
20
2.22332055283186
30
0
41
1
10
42.2314285725282
20
2.28413229052654
30
0
41
1
10
42.10252944264
20
2.4060642787762
30
0
41
1
10
42.03809290283
20
2.46718099265308
30
0
41
1
10
41.9736705084061
20
2.52844711909955
30
0
0
SPLINE
5
1A7
100
AcDbEntity
8
1
62
256
6
ByLayer
370
18
48
1
60
0
100
AcDbSpline
70
4
71
3
72
8
73
4
40
0
40
0
40
0
40
0
40
1
40
1
40
1
40
1
41
1
10
29.2466321717374
20
7.86614820229153
30
0
41
1
10
29.2466055302247
20
7.86614383798235
30
0
41
1
10
29.2465788887158
20
7.86613947356651
30
0
41
1
10
29.2465522472108
20
7.86613510904402
30
0
0
SPLINE
5
1A8
100
AcDbEntity
8
1
62
256
6
ByLayer
370
18
48
1
60
0
100
AcDbSpline
70
4
71
3
72
14
73
10
40
0
40
0
40
0
40
0
40
0.5
40
0.5
40
0.750000000000001
40
0.750000000000001
40
0.875
40
0.875
40
1
40
1
40
1
40
1
41
1
10
29.2465565025786
20
7.86613321598168
30
0
41
1
10
28.8639811388475
20
7.8034509977694
30
0
41
1
10
28.4827995073377
20
7.71894571815935
30
0
41
1
10
27.9109184550185
20
7.56085162569909
30
0
41
1
10
27.7202787118575
20
7.5028916554449
30
0
41
1
10
27.4340343896544
20
7.40811239653559
30
0
41
1
10
27.3385711599977
20
7.37523332563501
30
0
41
1
10
27.1475049849053
20
7.30689584832646
30
0
41
1
10
27.0518509978663
20
7.27140335393219
30
0
41
1
10
26.9562501512925
20
7.23466156639094
30
0
0
SPLINE
5
1A9
100
AcDbEntity
8
1
62
256
6
ByLayer
370
18
48
1
60
0
100
AcDbSpline
70
4
71
3
72
15
73
11
40
0
40
0
40
0
40
0
40
0.20934845394096
40
0.20934845394096
40
0.40701134045572
40
0.40701134045572
40
0.60467422697048
40
0.80233711348524
40
0.80233711348524
40
1
40
1
40
1
40
1
41
1
10
26.8510845164208
20
7.01730038696294
30
0
41
1
10
26.8608581750068
20
7.03048736427294
30
0
41
1
10
26.8702666193631
20
7.04413545057122
30
0
41
1
10
26.8877840467348
20
7.07163890018754
30
0
41
1
10
26.8959551455108
20
7.08550363236674
30
0
41
1
10
26.9111810073217
20
7.11369435298812
30
0
41
1
10
26.9253688639064
20
7.14244148080408
30
0
41
1
10
26.9372572846609
20
7.17242095555699
30
0
41
1
10
26.9478395606243
20
7.20310078550835
30
0
41
1
10
26.9524761775232
20
7.21884325986929
30
0
41
1
10
26.9562501512925
20
7.23466156639091
30
0
0
SPLINE
5
1AA
100
AcDbEntity
8
1
62
256
6
ByLayer
370
18
48
1
60
0
100
AcDbSpline
70
4
71
5
72
39
73
33
40
0
40
0
40
0
40
0
40
0
40
0
40
0.0141326693243828
40
0.0433555907492075
40
0.0871899728864445
40
0.116412894311269
40
0.160247276448506
40
0.189470197873331
40
0.233304580010568
40
0.277138962147805
40
0.306361883572629
40
0.350196265709866
40
0.379419187134691
40
0.423253569271928
40
0.452476490696753
40
0.49631087283399
40
0.540145254971227
40
0.569368176396051
40
0.598591097820876
40
0.642425479958113
40
0.68625986209535
40
0.715482783520174
40
0.759317165657412
40
0.803151547794648
40
0.832374469219473
40
0.861597390644298
40
0.905431772781535
40
0.949266154918772
40
0.978489076343596
40
1
40
1
40
1
40
1
40
1
40
1
41
1
10
27.6585042980145
20
6.75098555713291
30
0
41
1
10
27.7053759760746
20
6.76475980912139
30
0
41
1
10
27.8491668796227
20
6.80629539589916
30
0
41
1
10
28.1383366214031
20
6.88536530496364
30
0
41
1
10
28.5244255886716
20
6.97884101690943
30
0
41
1
10
29.0558933941723
20
7.08488786751101
30
0
41
1
10
29.6374087471009
20
7.16934397067294
30
0
41
1
10
30.2673837127738
20
7.22617632333896
30
0
41
1
10
30.8973586784465
20
7.24810038023793
30
0
41
1
10
31.5273336441193
20
7.23150582880854
30
0
41
1
10
32.157308609792
20
7.17995925693222
30
0
41
1
10
32.7872835754648
20
7.09026549435151
30
0
41
1
10
33.4172585411376
20
6.966336860865
30
0
41
1
10
33.9987738940662
20
6.82083602124257
30
0
41
1
10
34.6287488597391
20
6.63029380965207
30
0
41
1
10
35.2587238254118
20
6.40766185542378
30
0
41
1
10
35.8886987910846
20
6.15094454414856
30
0
41
1
10
36.4702141440133
20
5.88653224587452
30
0
41
1
10
37.100189109686
20
5.57179038359649
30
0
41
1
10
37.7301640753588
20
5.23013007950613
30
0
41
1
10
38.3116794282875
20
4.89126060365626
30
0
41
1
10
38.9416543939603
20
4.50051108791288
30
0
41
1
10
39.6200889723771
20
4.05400611010046
30
0
41
1
10
40.2500639380499
20
3.61779175001064
30
0
41
1
10
40.8315792909785
20
3.19899154319393
30
0
41
1
10
41.4615542566514
20
2.73006229962985
30
0
41
1
10
42.0915292223241
20
2.24794357512874
30
0
41
1
10
42.6730445752528
20
1.79266088787657
30
0
41
1
10
43.228982716382
20
1.34975704411204
30
0
41
1
10
43.6880016320232
20
0.979806056254603
30
0
41
1
10
44.0016417094321
20
0.725692472297169
30
0
41
1
10
44.1699029486089
20
0.589084519529592
30
0
41
1
10
44.2412449622976
20
0.531120553436836
30
0
0
SPLINE
5
1AB
100
AcDbEntity
8
1
62
256
6
ByLayer
370
18
48
1
60
0
100
AcDbSpline
70
4
71
3
72
17
73
13
40
0
40
0
40
0
40
0
40
0.249999999999972
40
0.249999999999972
40
0.499999999999944
40
0.499999999999944
40
0.624999999999958
40
0.624999999999958
40
0.749999999999972
40
0.874999999999986
40
0.874999999999986
40
1
40
1
40
1
40
1
41
1
10
65.1588593579647
20
7.74369768912578
30
0
41
1
10
65.1808334264403
20
7.75555994768428
30
0
41
1
10
65.2016521283612
20
7.76945602971253
30
0
41
1
10
65.2409484799094
20
7.80118860285128
30
0
41
1
10
65.2593990968097
20
7.81907771897463
30
0
41
1
10
65.2849446907311
20
7.84940880407407
30
0
41
1
10
65.2931237487425
20
7.86015871320902
30
0
41
1
10
65.3083650791698
20
7.88254809599874
30
0
41
1
10
65.3225682735209
20
7.90589168133312
30
0
41
1
10
65.3344713378383
20
7.93134809918178
30
0
41
1
10
65.3450678563687
20
7.95800664944412
30
0
41
1
10
65.3497114035655
20
7.9719901891857
30
0
41
1
10
65.3534916986538
20
7.98638464917212
30
0
0
SPLINE
5
1AC
100
AcDbEntity
8
1
62
256
6
ByLayer
370
18
48
1
60
0
100
AcDbSpline
70
4
71
3
72
30
73
26
40
0
40
0
40
0
40
0
40
0.0625000000000274
40
0.0625000000000274
40
0.125000000000055
40
0.125000000000055
40
0.187500000000082
40
0.187500000000082
40
0.218750000000082
40
0.218750000000082
40
0.250000000000081
40
0.250000000000081
40
0.31250000000008
40
0.31250000000008
40
0.375000000000078
40
0.375000000000078
40
0.406250000000077
40
0.406250000000077
40
0.437500000000077
40
0.437500000000077
40
0.500000000000075
40
0.500000000000075
40
0.750000000000037
40
0.750000000000037
40
1
40
1
40
1
40
1
41
1
10
65.1588593579647
20
7.74369768912578
30
0
41
1
10
65.1433989871877
20
7.73535171913969
30
0
41
1
10
65.1276345407806
20
7.72817010732643
30
0
41
1
10
65.0955857321491
20
7.71590206516802
30
0
41
1
10
65.0792991273134
20
7.71082448100421
30
0
41
1
10
65.046209308031
20
7.70288748422473
30
0
41
1
10
65.0294095844301
20
7.70001194080581
30
0
41
1
10
65.0038217543679
20
7.69746204531921
30
0
41
1
10
64.9952037621138
20
7.69690872607853
30
0
41
1
10
64.9779523307886
20
7.6964258325867
30
0
41
1
10
64.969337267658
20
7.69649472150402
30
0
41
1
10
64.9435290902699
20
7.69765501514021
30
0
41
1
10
64.9263733554448
20
7.69970413995188
30
0
41
1
10
64.8921875435116
20
7.70657786948073
30
0
41
1
10
64.8751516233901
20
7.71141082564534
30
0
41
1
10
64.8497333026269
20
7.72111436770982
30
0
41
1
10
64.8413668789076
20
7.72472156678438
30
0
41
1
10
64.8248810923312
20
7.73280503673024
30
0
41
1
10
64.8167809351176
20
7.73735023783973
30
0
41
1
10
64.7925976875915
20
7.75138759911479
30
0
41
1
10
64.7764727811747
20
7.76071109685779
30
0
41
1
10
64.6958462623095
20
7.80719656601133
30
0
41
1
10
64.6313909246732
20
7.84415144306143
30
0
41
1
10
64.502474777155
20
7.91724859792174
30
0
41
1
10
64.4380297092754
20
7.95344746111348
30
0
41
1
10
64.3735987562967
20
7.98930332026436
30
0
0
SPLINE
5
1AD
100
AcDbEntity
8
1
62
256
6
ByLayer
370
18
48
1
60
0
100
AcDbSpline
70
4
71
3
72
57
73
53
40
0
40
0
40
0
40
0
40
0.0386731954086657
40
0.0755407367189748
40
0.110602617407944
40
0.143858831287386
40
0.175309372503775
40
0.204954235538451
40
0.232793415207693
40
0.258826906662773
40
0.283054705390053
40
0.305476807210816
40
0.326093208281254
40
0.344903905092515
40
0.361908894470618
40
0.377108173576554
40
0.390501739906294
40
0.402089591290832
40
0.411871725896267
40
0.419848142223886
40
0.426018839110597
40
0.445089603525563
40
0.464123356532373
40
0.483120097614182
40
0.50207982625716
40
0.521002541950336
40
0.53988824418577
40
0.55873693245838
40
0.577548606266058
40
0.596323265109539
40
0.615060908492505
40
0.633761535921461
40
0.652425146905889
40
0.671051740958136
40
0.689641317593454
40
0.708193876330025
40
0.726709416688909
40
0.745187938194155
40
0.763629440372666
40
0.782033922754229
40
0.800401384871571
40
0.818731826260308
40
0.837025246458953
40
0.855281645008937
40
0.87350102145463
40
0.891683375343333
40
0.909828706225313
40
0.927937013653743
40
0.946008297184809
40
0.964042556377653
40
0.982039790794373
40
1
40
1
40
1
40
1
41
1
10
64.3736000849366
20
7.98928685152399
30
0
41
1
10
64.3390464928923
20
7.98757400754218
30
0
41
1
10
64.2715526183435
20
7.98422829237944
30
0
41
1
10
64.1727319359304
20
7.97803998323027
30
0
41
1
10
64.0787512967116
20
7.97130823681243
30
0
41
1
10
63.9896107117411
20
7.96408186481972
30
0
41
1
10
63.9053101782721
20
7.95651450291618
30
0
41
1
10
63.8258496969776
20
7.94872475240689
30
0
41
1
10
63.7512292676854
20
7.94083081666335
30
0
41
1
10
63.6814488904294
20
7.93294196126647
30
0
41
1
10
63.6165085651913
20
7.92516062006405
30
0
41
1
10
63.5564082919607
20
7.91758189727247
30
0
41
1
10
63.5011480707241
20
7.91029370916573
30
0
41
1
10
63.4507279014511
20
7.90337677449463
30
0
41
1
10
63.4051477841366
20
7.89690464311155
30
0
41
1
10
63.3644077186497
20
7.89094371854591
30
0
41
1
10
63.328507705179
20
7.88555327684784
30
0
41
1
10
63.2974477428083
20
7.88078550298425
30
0
41
1
10
63.2712278336762
20
7.87668547060915
30
0
41
1
10
63.2498479707506
20
7.87329128327039
30
0
41
1
10
63.220169146884
20
7.86852266320426
30
0
41
1
10
63.1806110893278
20
7.86203229173299
30
0
41
1
10
63.129593532344
20
7.85340218715862
30
0
41
1
10
63.0786752307005
20
7.84453011319334
30
0
41
1
10
63.0278561804635
20
7.83541800208357
30
0
41
1
10
62.9771363826841
20
7.82606761925831
30
0
41
1
10
62.9265158370815
20
7.81648077726308
30
0
41
1
10
62.8759945437307
20
7.80665927840766
30
0
41
1
10
62.8255725026117
20
7.79660492989416
30
0
41
1
10
62.7752497137298
20
7.78631953958052
30
0
41
1
10
62.7250261770835
20
7.77580491691847
30
0
41
1
10
62.6749018926734
20
7.7650628725107
30
0
41
1
10
62.6248768604992
20
7.75409521803942
30
0
41
1
10
62.574951080561
20
7.74290376609761
30
0
41
1
10
62.5251245528588
20
7.73149033004853
30
0
41
1
10
62.4753972773926
20
7.71985672387962
30
0
41
1
10
62.4257692541626
20
7.70800476206034
30
0
41
1
10
62.3762404831685
20
7.69593625939979
30
0
41
1
10
62.3268109644106
20
7.68365303091122
30
0
41
1
10
62.277480697889
20
7.67115689165433
30
0
41
1
10
62.2282496836036
20
7.65844965666065
30
0
41
1
10
62.1791179215544
20
7.64553314055831
30
0
41
1
10
62.1300854117416
20
7.63240915832148
30
0
41
1
10
62.0811521541652
20
7.61907952184455
30
0
41
1
10
62.0323181488248
20
7.60554605205809
30
0
41
1
10
61.9835833957221
20
7.59181053322718
30
0
41
1
10
61.9349478948516
20
7.57787488237662
30
0
41
1
10
61.8864116462337
20
7.56374051831259
30
0
41
1
10
61.8379746497931
20
7.54941070865931
30
0
41
1
10
61.7896369058105
20
7.53488183686576
30
0
41
1
10
61.7413984132412
20
7.52017589345363
30
0
41
1
10
61.7092725082447
20
7.51019474673171
30
0
41
1
10
61.6932260956934
20
7.50520931214075
30
0
0
SPLINE
5
1AE
100
AcDbEntity
8
1
62
256
6
ByLayer
370
18
48
1
60
0
100
AcDbSpline
70
4
71
3
72
10
73
6
40
0
40
0
40
0
40
0
40
0.47977617356608
40
0.47977617356608
40
1
40
1
40
1
40
1
41
1
10
60.2066603852547
20
6.93884488524949
30
0
41
1
10
60.4442917062423
20
7.04530974838539
30
0
41
1
10
60.6817395448145
20
7.14427642804333
30
0
41
1
10
61.1769728540526
20
7.33459119593181
30
0
41
1
10
61.4347859114796
20
7.4245727040547
30
0
41
1
10
61.6932260956934
20
7.50520931214072
30
0
0
SPLINE
5
1AF
100
AcDbEntity
8
1
62
256
6
ByLayer
370
18
48
1
60
0
100
AcDbSpline
70
4
71
3
72
8
73
4
40
0
40
0
40
0
40
0
40
1
40
1
40
1
40
1
41
1
10
24.9330444058681
20
-1.59076093454169
30
0
41
1
10
24.531709789397
20
-1.27133464198931
30
0
41
1
10
24.1328114624433
20
-0.944383642077668
30
0
41
1
10
23.7349232500336
20
-0.611595062830219
30
0
0
SPLINE
5
1B0
100
AcDbEntity
8
1
62
256
6
ByLayer
370
18
48
1
60
0
100
AcDbSpline
70
4
71
3
72
8
73
4
40
0
40
0
40
0
40
0
40
1
40
1
40
1
40
1
41
1
10
21.5931130315868
20
1.16453258011606
30
0
41
1
10
21.4570787916392
20
1.29593218638294
30
0
41
1
10
21.3211991371
20
1.42688784824728
30
0
41
1
10
21.1854793126757
20
1.55739454425361
30
0
0
SPLINE
5
1B1
100
AcDbEntity
8
1
62
256
6
ByLayer
370
18
48
1
60
0
100
AcDbSpline
70
4
71
5
72
12
73
6
40
0
40
0
40
0
40
0
40
0
40
0
40
1
40
1
40
1
40
1
40
1
40
1
41
1
10
21.5931130315872
20
1.1645325801166
30
0
41
1
10
21.8433769895191
20
0.963304437509493
30
0
41
1
10
22.093640947451
20
0.760921374537105
30
0
41
1
10
22.3439049053829
20
0.557715997575741
30
0
41
1
10
22.5941688633149
20
0.354024745014613
30
0
41
1
10
22.8444328212468
20
0.150184547205413
30
0
0
SPLINE
5
1B2
100
AcDbEntity
8
1
62
256
6
ByLayer
370
18
48
1
60
0
100
AcDbSpline
70
4
71
5
72
36
73
30
40
0
40
0
40
0
40
0
40
0
40
0
40
0.0162342534031636
40
0.0493155313187588
40
0.0989374481921513
40
0.148559365065544
40
0.181640642981139
40
0.231262559854531
40
0.264343837770126
40
0.313965754643519
40
0.347047032559114
40
0.396668949432506
40
0.446290866305899
40
0.479372144221494
40
0.512453422137089
40
0.562075339010482
40
0.611697255883874
40
0.644778533799469
40
0.694400450672862
40
0.744022367546254
40
0.77710364546185
40
0.810184923377444
40
0.859806840250837
40
0.90942875712423
40
0.942510035039825
40
0.992131951913217
40
1
40
1
40
1
40
1
40
1
40
1
41
1
10
61.0921855533587
20
6.58439647671662
30
0
41
1
10
61.1397475390301
20
6.60049056695308
30
0
41
1
10
61.2842287501896
20
6.64866385783333
30
0
41
1
10
61.5740887995813
20
6.74092557037562
30
0
41
1
10
62.0093276872051
20
6.86609603775216
30
0
41
1
10
62.5414858003172
20
6.99407467770396
30
0
41
1
10
63.1714607659899
20
7.11177283565905
30
0
41
1
10
63.8014357316627
20
7.19166300435612
30
0
41
1
10
64.4314106973355
20
7.23678644828397
30
0
41
1
10
65.0129260502642
20
7.24616580983724
30
0
41
1
10
65.642901015937
20
7.22131397458779
30
0
41
1
10
66.2728759816097
20
7.16155713233087
30
0
41
1
10
66.9028509472825
20
7.06373046513104
30
0
41
1
10
67.4843663002112
20
6.94191405455621
30
0
41
1
10
68.114341265884
20
6.77647601791932
30
0
41
1
10
68.7443162315568
20
6.57829946050458
30
0
41
1
10
69.3258315844855
20
6.36592736787307
30
0
41
1
10
69.9558065501583
20
6.10508918083522
30
0
41
1
10
70.6342411285751
20
5.78928696717023
30
0
41
1
10
71.2642160942479
20
5.46523352815493
30
0
41
1
10
71.8457314471766
20
5.14172410798238
30
0
41
1
10
72.4757064128493
20
4.7665902070782
30
0
41
1
10
73.1056813785221
20
4.36842794866604
30
0
41
1
10
73.6871967314509
20
3.98122143483636
30
0
41
1
10
74.3171716971236
20
3.54250528455236
30
0
41
1
10
74.8732786969549
20
3.138666395662
30
0
41
1
10
75.284006858554
20
2.83222590187202
30
0
41
1
10
75.5493561819209
20
2.63120914607291
30
0
41
1
10
75.7177862797997
20
2.50248464196443
30
0
41
1
10
75.7408375394463
20
2.48484656308213
30
0
0
SPLINE
5
1B3
100
AcDbEntity
8
1
62
256
6
ByLayer
370
18
48
1
60
0
100
AcDbSpline
70
4
71
3
72
12
73
8
40
0
40
0
40
0
40
0
40
0.249999999999999
40
0.249999999999999
40
0.499999999999999
40
0.499999999999999
40
1
40
1
40
1
40
1
41
1
10
75.702794459295
20
2.71436527775143
30
0
41
1
10
75.7120754308094
20
2.69489603416608
30
0
41
1
10
75.7200922452736
20
2.67547882730335
30
0
41
1
10
75.7332430710279
20
2.63676307892013
30
0
41
1
10
75.7383808810071
20
2.61744344060497
30
0
41
1
10
75.7487948112092
20
2.55985584837174
30
0
41
1
10
75.7491273730279
20
2.52200102613148
30
0
41
1
10
75.7408375394465
20
2.48484656308202
30
0
0
SPLINE
5
1B4
100
AcDbEntity
8
1
62
256
6
ByLayer
370
18
48
1
60
0
100
AcDbSpline
70
4
71
3
72
12
73
8
40
0
40
0
40
0
40
0
40
0.267050034814132
40
0.267050034814132
40
0.534100069636621
40
0.534100069636621
40
1
40
1
40
1
40
1
41
1
10
75.420955275381
20
2.95909651954952
30
0
41
1
10
75.4232519000891
20
2.95720010669021
30
0
41
1
10
75.4255484225412
20
2.95530358915818
30
0
41
1
10
75.4301412614541
20
2.95151034333279
30
0
41
1
10
75.4324375779205
20
2.94961361503485
30
0
41
1
10
75.4387398015552
20
2.94440753183628
30
0
41
1
10
75.4427454967531
20
2.94109796009295
30
0
41
1
10
75.4467508722968
20
2.93778806163832
30
0
0
SPLINE
5
1B5
100
AcDbEntity
8
1
62
256
6
ByLayer
370
18
48
1
60
0
100
AcDbSpline
70
4
71
3
72
8
73
4
40
0
40
0
40
0
40
0
40
1
40
1
40
1
40
1
41
1
10
75.3945815743872
20
3.14663577594976
30
0
41
1
10
75.4035181419502
20
3.08578575268462
30
0
41
1
10
75.4124560972792
20
3.02449777656759
30
0
41
1
10
75.4213954386425
20
2.96277239411256
30
0
0
SPLINE
5
1B6
100
AcDbEntity
8
1
62
256
6
ByLayer
370
18
48
1
60
0
100
AcDbSpline
70
4
71
3
72
8
73
4
40
0
40
0
40
0
40
0
40
1
40
1
40
1
40
1
41
1
10
75.4209552753811
20
2.95909651954946
30
0
41
1
10
75.4211455515357
20
2.96003737732107
30
0
41
1
10
75.4213370568887
20
2.96096830547179
30
0
41
1
10
75.4215297867606
20
2.96188934180228
30
0
0
SPLINE
5
1B7
100
AcDbEntity
8
1
62
256
6
ByLayer
370
18
48
1
60
0
100
AcDbSpline
70
4
71
3
72
8
73
4
40
0
40
0
40
0
40
0
40
1
40
1
40
1
40
1
41
1
10
75.3945815743871
20
-6.26606636895988
30
0
41
1
10
75.40341493021
20
-6.3102373167483
30
0
41
1
10
75.4122070391362
20
-6.35420201058824
30
0
41
1
10
75.4209552753809
20
-6.39794732031655
30
0
0
SPLINE
5
1B8
100
AcDbEntity
8
1
62
256
6
ByLayer
370
18
48
1
60
0
100
AcDbSpline
70
4
71
3
72
8
73
4
40
0
40
0
40
0
40
0
40
1
40
1
40
1
40
1
41
1
10
33.3533928179186
20
-7.21192560745837
30
0
41
1
10
33.3533184193346
20
-7.26388827308699
30
0
41
1
10
33.353243097933
20
-7.31431638427722
30
0
41
1
10
33.3531665314638
20
-7.36321010022618
30
0
0
SPLINE
5
1B9
100
AcDbEntity
8
1
62
256
6
ByLayer
370
18
48
1
60
0
100
AcDbSpline
70
4
71
3
72
16
73
12
40
0
40
0
40
0
40
0
40
0.25
40
0.25
40
0.3125
40
0.3125
40
0.375000000000001
40
0.500000000000001
40
0.500000000000001
40
0.75
40
1
40
1
40
1
40
1
41
1
10
33.3533928179186
20
-7.21192560745837
30
0
41
1
10
33.3535476661399
20
-7.10377404014167
30
0
41
1
10
33.3536939008618
20
-6.98923602966778
30
0
41
1
10
33.3538781064438
20
-6.83808719151415
30
0
41
1
10
33.3539149319241
20
-6.80745023058532
30
0
41
1
10
33.3539883312263
20
-6.7454956268754
30
0
41
1
10
33.3540981123393
20
-6.65150246075552
30
0
41
1
10
33.3542059858903
20
-6.55434344250114
30
0
41
1
10
33.3544154317626
20
-6.35583458545875
30
0
41
1
10
33.3546757452592
20
-6.07999242575661
30
0
41
1
10
33.3549637525892
20
-5.78184668181487
30
0
41
1
10
33.355099157331
20
-5.62710855306119
30
0
0
SPLINE
5
1BA
100
AcDbEntity
8
1
62
256
6
ByLayer
370
13
48
1
60
0
100
AcDbSpline
70
4
71
3
72
13
73
9
40
0
40
0
40
0
40
0
40
0.117732608542032
40
0.321166150620657
40
0.524599692699282
40
0.728033234777906
40
0.931466776856531
40
1
40
1
40
1
40
1
41
1
10
33.1586035557697
20
-7.04914231841298
30
0
41
1
10
33.1693123290679
20
-7.05254362509208
30
0
41
1
10
33.1976937180867
20
-7.06284044125385
30
0
41
1
10
33.2417097560141
20
-7.08449807365727
30
0
41
1
10
33.2870275338781
20
-7.11683739046208
30
0
41
1
10
33.3235610920742
20
-7.1550010446791
30
0
41
1
10
33.343615496888
20
-7.18779252516879
30
0
41
1
10
33.3515988630038
20
-7.20705532801441
30
0
41
1
10
33.3533928179179
20
-7.21192560745652
30
0
0
SPLINE
5
1BB
100
AcDbEntity
8
1
62
256
6
ByLayer
370
18
48
1
60
0
100
AcDbSpline
70
4
71
3
72
40
73
36
40
0
40
0
40
0
40
0
40
0.250000000000012
40
0.250000000000012
40
0.375000000000007
40
0.375000000000007
40
0.406250000000006
40
0.406250000000006
40
0.421874999999994
40
0.421874999999994
40
0.437499999999982
40
0.437499999999982
40
0.499999999999979
40
0.499999999999979
40
0.562499999999976
40
0.562499999999976
40
0.624999999999973
40
0.624999999999973
40
0.656249999999972
40
0.656249999999972
40
0.687499999999971
40
0.687499999999971
40
0.749999999999968
40
0.749999999999968
40
0.781249999999976
40
0.781249999999976
40
0.812499999999984
40
0.812499999999984
40
0.874999999999999
40
0.874999999999999
40
0.90625
40
0.90625
40
0.9375
40
0.9375
40
1
40
1
40
1
40
1
41
1
10
32.3762734456552
20
-5.02041896992344
30
0
41
1
10
32.4635944213857
20
-5.03519988059813
30
0
41
1
10
32.5516561218836
20
-5.04716844851984
30
0
41
1
10
32.6849178200355
20
-5.0606460752511
30
0
41
1
10
32.7295288758531
20
-5.06436697777562
30
0
41
1
10
32.785591288244
20
-5.06819620656992
30
0
41
1
10
32.7968128955394
20
-5.0688953767596
30
0
41
1
10
32.813665104845
20
-5.06986769898936
30
0
41
1
10
32.8192981545428
20
-5.07023434511035
30
0
41
1
10
32.8306671314081
20
-5.07138789537368
30
0
41
1
10
32.8364048846289
20
-5.07218387239746
30
0
41
1
10
32.8653423876073
20
-5.07721569374266
30
0
41
1
10
32.8892389808948
20
-5.08438995766798
30
0
41
1
10
32.9382448337423
20
-5.1044272170748
30
0
41
1
10
32.9623656910152
20
-5.1168969336295
30
0
41
1
10
33.0097401368314
20
-5.14570530432243
30
0
41
1
10
33.033025833222
20
-5.16208063179678
30
0
41
1
10
33.0673778103799
20
-5.18934938225479
30
0
41
1
10
33.0787140804118
20
-5.19888812881936
30
0
41
1
10
33.1008759084789
20
-5.21856697084968
30
0
41
1
10
33.1117459711789
20
-5.22873615545285
30
0
41
1
10
33.1437531513594
20
-5.26018736465903
30
0
41
1
10
33.164278923189
20
-5.28242547638101
30
0
41
1
10
33.1938143045567
20
-5.31776468223612
30
0
41
1
10
33.20348145393
20
-5.32989731462894
30
0
41
1
10
33.2221394773261
20
-5.35447789607986
30
0
41
1
10
33.2311591880242
20
-5.36695945807585
30
0
41
1
10
33.2572663490855
20
-5.40499295448149
30
0
41
1
10
33.2734248394442
20
-5.43111945493038
30
0
41
1
10
33.2955862704964
20
-5.471594028905
30
0
41
1
10
33.3026239684614
20
-5.48530179321841
30
0
41
1
10
33.3159259649908
20
-5.51319603552733
30
0
41
1
10
33.3222110287575
20
-5.52744857841591
30
0
41
1
10
33.3393275708838
20
-5.5700856044335
30
0
41
1
10
33.3486006214018
20
-5.59857517033157
30
0
41
1
10
33.355099157331
20
-5.62710855306119
30
0
0
SPLINE
5
1BC
100
AcDbEntity
8
1
62
256
6
ByLayer
370
18
48
1
60
0
100
AcDbSpline
70
4
71
3
72
45
73
41
40
0
40
0
40
0
40
0
40
0.0884437739227248
40
0.0884437739227248
40
0.134021585226587
40
0.134021585226587
40
0.179599396530449
40
0.179599396530449
40
0.270755019138173
40
0.270755019138173
40
0.361910641745896
40
0.361910641745896
40
0.384699547397828
40
0.384699547397828
40
0.40748845304976
40
0.40748845304976
40
0.453066264353623
40
0.453066264353623
40
0.544221886961349
40
0.544221886961349
40
0.589799698265213
40
0.589799698265213
40
0.635377509569077
40
0.635377509569077
40
0.726533132176808
40
0.726533132176808
40
0.772110943480674
40
0.772110943480674
40
0.817688754784539
40
0.817688754784539
40
0.840477660436472
40
0.840477660436472
40
0.863266566088404
40
0.863266566088404
40
0.90884437739227
40
0.954422188696135
40
0.954422188696135
40
0.977211094348068
40
0.977211094348068
40
1
40
1
40
1
40
1
41
1
10
43.6526550476664
20
-7.02974716402326
30
0
41
1
10
43.3482608194687
20
-7.13495658941295
30
0
41
1
10
43.0442157506926
20
-7.22796171308906
30
0
41
1
10
42.5830758794592
20
-7.34918788761877
30
0
41
1
10
42.4261777507447
20
-7.38695139920492
30
0
41
1
10
42.1120305127289
20
-7.45549096823228
30
0
41
1
10
41.9546565695475
20
-7.48626140887148
30
0
41
1
10
41.4833332774553
20
-7.5680309388799
30
0
41
1
10
41.1697714803553
20
-7.60883793875939
30
0
41
1
10
40.5426680899806
20
-7.66169839790015
30
0
41
1
10
40.2291295475844
20
-7.67360296689975
30
0
41
1
10
39.8362255402644
20
-7.67019481853663
30
0
41
1
10
39.7575392591235
20
-7.66860584613971
30
0
41
1
10
39.6003742961806
20
-7.66367658406469
30
0
41
1
10
39.5218968477777
20
-7.66033797380652
30
0
41
1
10
39.2867362673847
20
-7.64777033452427
30
0
41
1
10
39.1303289477586
20
-7.63597595846181
30
0
41
1
10
38.6620105189857
20
-7.59011084878892
30
0
41
1
10
38.3510173179769
20
-7.5454809985583
30
0
41
1
10
37.8852691130119
20
-7.45749509907586
30
0
41
1
10
37.7301409239098
20
-7.42465887076136
30
0
41
1
10
37.4199067860408
20
-7.35235506740321
30
0
41
1
10
37.2647972179523
20
-7.3129368927199
30
0
41
1
10
36.7992446247382
20
-7.18496920357629
30
0
41
1
10
36.4886047603195
20
-7.08651857825535
30
0
41
1
10
36.021166622597
20
-6.91843438242827
30
0
41
1
10
35.8651037549825
20
-6.85902648768754
30
0
41
1
10
35.5522780065541
20
-6.73351733127635
30
0
41
1
10
35.3955141645941
20
-6.66744377342476
30
0
41
1
10
35.1597053846566
20
-6.56357863841473
30
0
41
1
10
35.0810061533632
20
-6.52816569933472
30
0
41
1
10
34.9238112417851
20
-6.45593364442186
30
0
41
1
10
34.845260866787
20
-6.41909031148444
30
0
41
1
10
34.6097221650525
20
-6.3063702843653
30
0
41
1
10
34.2959724996033
20
-6.15022678669058
30
0
41
1
10
33.9824695823831
20
-5.98246187920159
30
0
41
1
10
33.7472911003375
20
-5.852313911663
30
0
41
1
10
33.6688911596125
20
-5.80819120106477
30
0
41
1
10
33.5120400613967
20
-5.71861833576904
30
0
41
1
10
33.4335875251251
20
-5.67318981633719
30
0
41
1
10
33.355099157331
20
-5.62710855306119
30
0
0
SPLINE
5
1BD
100
AcDbEntity
8
1
62
256
6
ByLayer
370
18
48
1
60
0
100
AcDbSpline
70
4
71
3
72
16
73
12
40
0
40
0
40
0
40
0
40
0.25
40
0.25
40
0.375000000000001
40
0.375000000000001
40
0.500000000000001
40
0.500000000000001
40
0.75
40
0.75
40
1
40
1
40
1
40
1
41
1
10
32.3762734456552
20
-5.02041896992344
30
0
41
1
10
32.3760489171672
20
-5.20880199988395
30
0
41
1
10
32.3758238641348
20
-5.39107501936445
30
0
41
1
10
32.3754517512062
20
-5.65541470738674
30
0
41
1
10
32.3753446552145
20
-5.74201273841175
30
0
41
1
10
32.375158492254
20
-5.91216939957044
30
0
41
1
10
32.3750709301416
20
-5.99576424398589
30
0
41
1
10
32.3747659374863
20
-6.24173078431269
30
0
41
1
10
32.3744797685326
20
-6.3983943177621
30
0
41
1
10
32.3740044571263
20
-6.697228297664
30
0
41
1
10
32.3738093954765
20
-6.83939916931843
30
0
41
1
10
32.37357309366
20
-6.97425028255918
30
0
0
SPLINE
5
1BE
100
AcDbEntity
8
1
62
256
6
ByLayer
370
18
48
1
60
0
100
AcDbSpline
70
4
71
3
72
8
73
4
40
0
40
0
40
0
40
0
40
1
40
1
40
1
40
1
41
1
10
75.3945815743871
20
-6.26606636895988
30
0
41
1
10
75.4035181419501
20
-6.31496975359082
30
0
41
1
10
75.4124560972792
20
-6.36321071368181
30
0
41
1
10
75.4213954386424
20
-6.41079007586126
30
0
0
SPLINE
5
1BF
100
AcDbEntity
8
1
62
256
6
ByLayer
370
18
48
1
60
0
100
AcDbSpline
70
4
71
3
72
58
73
54
40
0
40
0
40
0
40
0
40
0.0098672983221207
40
0.0205824551951641
40
0.0321454693361092
40
0.0445563392855045
40
0.0578150634075332
40
0.0719216398897528
40
0.107063558134338
40
0.132821702995855
40
0.149195816741572
40
0.156185734227576
40
0.240226013545591
40
0.32426483977911
40
0.465472276567831
40
0.56891522456895
40
0.634576740862197
40
0.662446036013526
40
0.729467866972591
40
0.779827000318281
40
0.813521577996375
40
0.830550362055197
40
0.836180397237745
40
0.841799505981514
40
0.847407688133934
40
0.853004943543305
40
0.858591272058791
40
0.864166673530421
40
0.869731147809106
40
0.875284694746595
40
0.880827314195511
40
0.886359006009322
40
0.891879770042343
40
0.897389606149766
40
0.902888514187625
40
0.90837649401281
40
0.913853545483086
40
0.919319668457065
40
0.924774862794219
40
0.930219128354903
40
0.935652465000288
40
0.941074872592433
40
0.946486350994241
40
0.951886900069467
40
0.957276519682747
40
0.96265520969956
40
0.968022969986262
40
0.973379800410083
40
0.978725700839119
40
0.984060671142343
40
0.989384711189603
40
0.994697820851627
40
1
40
1
40
1
40
1
41
1
10
70.7736057918369
20
-7.99365259252957
30
0
41
1
10
70.7437428623638
20
-7.99465200741224
30
0
41
1
10
70.6814509980853
20
-7.99673671300968
30
0
41
1
10
70.5841642582675
20
-7.9988341324586
30
0
41
1
10
70.4791795294236
20
-8.00009219404993
30
0
41
1
10
70.3664968754072
20
-8.00017768080832
30
0
41
1
10
70.2461160564685
20
-7.99885298637267
30
0
41
1
10
70.0569418709404
20
-7.99438634013416
30
0
41
1
10
69.8299296839689
20
-7.98388551729417
30
0
41
1
10
69.5960618279074
20
-7.9665315607752
30
0
41
1
10
69.4473949936077
20
-7.95263068457948
30
0
41
1
10
69.1223433058436
20
-7.91877953457893
30
0
41
1
10
68.592364560027
20
-7.84160594081007
30
0
41
1
10
67.656303234905
20
-7.63421765931798
30
0
41
1
10
66.6609650239459
20
-7.31471280022674
30
0
41
1
10
65.7216745182322
20
-6.9171655538488
30
0
41
1
10
65.1254819333621
20
-6.62506813248694
30
0
41
1
10
64.6395820522594
20
-6.36986068894475
30
0
41
1
10
64.1999163160727
20
-6.12360632474062
30
0
41
1
10
63.7426742562307
20
-5.84864992825183
30
0
41
1
10
63.4367440349163
20
-5.65608315999225
30
0
41
1
10
63.2661923133792
20
-5.54592953665181
30
0
41
1
10
63.1806110892762
20
-5.49003350987826
30
0
41
1
10
63.1295935205607
20
-5.45653097515785
30
0
41
1
10
63.0786752219142
20
-5.42291375227376
30
0
41
1
10
63.0278561707453
20
-5.38918410670775
30
0
41
1
10
62.9771363730898
20
-5.35534415334274
30
0
41
1
10
62.926515827335
20
-5.32139603571764
30
0
41
1
10
62.8759945339119
20
-5.28734187802942
30
0
41
1
10
62.8255724927054
20
-5.25318379785057
30
0
41
1
10
62.7752497037461
20
-5.21892390262744
30
0
41
1
10
62.7250261670259
20
-5.18456429051235
30
0
41
1
10
62.6749018825469
20
-5.15010705004045
30
0
41
1
10
62.6248768503086
20
-5.1155542601177
30
0
41
1
10
62.5749510703112
20
-5.08090798992797
30
0
41
1
10
62.5251245425546
20
-5.04617029886381
30
0
41
1
10
62.4753972670388
20
-5.01134323645383
30
0
41
1
10
62.4257692437639
20
-4.97642884229282
30
0
41
1
10
62.37624047273
20
-4.94142914597285
30
0
41
1
10
62.3268109539369
20
-4.90634616701948
30
0
41
1
10
62.2774806873849
20
-4.87118191481471
30
0
41
1
10
62.2282496730739
20
-4.83593838857101
30
0
41
1
10
62.179117911004
20
-4.80061757712707
30
0
41
1
10
62.1300854011753
20
-4.76522145941087
30
0
41
1
10
62.0811521435877
20
-4.72975200243158
30
0
41
1
10
62.0323181382411
20
-4.69421116847187
30
0
41
1
10
61.9835833851369
20
-4.65860088805724
30
0
41
1
10
61.9349478842698
20
-4.62292316026586
30
0
41
1
10
61.88641163566
20
-4.58717967925574
30
0
41
1
10
61.8379746392322
20
-4.55137322357189
30
0
41
1
10
61.7896368952675
20
-4.51550248684143
30
0
41
1
10
61.7413984027207
20
-4.47958131037262
30
0
41
1
10
61.7092724977409
20
-4.45554710661807
30
0
41
1
10
61.6932260851987
20
-4.44354237869487
30
0
0
SPLINE
5
1C0
100
AcDbEntity
8
1
62
256
6
ByLayer
370
18
48
1
60
0
100
AcDbSpline
70
4
71
3
72
47
73
43
40
0
40
0
40
0
40
0
40
0.0625000000000027
40
0.0625000000000027
40
0.125000000000005
40
0.125000000000005
40
0.187500000000008
40
0.187500000000008
40
0.25000000000001
40
0.25000000000001
40
0.281250000000012
40
0.281250000000012
40
0.289062500000012
40
0.296875000000012
40
0.296875000000012
40
0.312500000000011
40
0.312500000000011
40
0.375000000000011
40
0.375000000000011
40
0.500000000000011
40
0.500000000000011
40
0.562500000000011
40
0.562500000000011
40
0.578125000000011
40
0.578125000000011
40
0.593750000000011
40
0.593750000000011
40
0.62500000000001
40
0.62500000000001
40
0.750000000000006
40
0.750000000000006
40
0.812500000000003
40
0.812500000000003
40
0.875000000000001
40
0.875000000000001
40
0.890625000000001
40
0.890625000000001
40
0.906250000000001
40
0.906250000000001
40
0.937500000000001
40
0.937500000000001
40
1
40
1
40
1
40
1
41
1
10
54.7736030971937
20
1.5102967648084
30
0
41
1
10
54.459161958827
20
1.78833097399541
30
0
41
1
10
54.1463962616016
20
2.06203157683606
30
0
41
1
10
53.5225158727507
20
2.59940266327476
30
0
41
1
10
53.2114221696035
20
2.8630561920163
30
0
41
1
10
52.5894011022431
20
3.3787631133377
30
0
41
1
10
52.2784776452578
20
3.63080510296769
30
0
41
1
10
51.6552614244513
20
4.12167237394141
30
0
41
1
10
51.3429711430876
20
4.36051113540489
30
0
41
1
10
50.8723269264741
20
4.70752838577371
30
0
41
1
10
50.7150762700823
20
4.82132185858421
30
0
41
1
10
50.5179223920624
20
4.9610763570526
30
0
41
1
10
50.4389614914354
20
5.01675847813013
30
0
41
1
10
50.3601188770385
20
5.0717617702139
30
0
41
1
10
50.2419382945438
20
5.15375506650051
30
0
41
1
10
50.1632623722048
20
5.20773576361549
30
0
41
1
10
49.7703682052991
20
5.47422030130616
30
0
41
1
10
49.457597999245
20
5.67648922381267
30
0
41
1
10
48.5215249880274
20
6.24944975276622
30
0
41
1
10
47.9004939493837
20
6.58624624368849
30
0
41
1
10
46.9642353708248
20
7.01752870097675
30
0
41
1
10
46.6513658642853
20
7.1489470115923
30
0
41
1
10
46.2583016133837
20
7.29693302136849
30
0
41
1
10
46.1795899240493
20
7.32572070052609
30
0
41
1
10
46.0219414503763
20
7.38162179408522
30
0
41
1
10
45.9429449343382
20
7.40875589364498
30
0
41
1
10
45.7064693322814
20
7.48734153884476
30
0
41
1
10
45.5492653218579
20
7.53606979209468
30
0
41
1
10
44.7649498666564
20
7.76154325473013
30
0
41
1
10
44.1429401922799
20
7.88386253284557
30
0
41
1
10
43.2087888143569
20
7.9797520411984
30
0
41
1
10
42.8972187784241
20
7.99713942185002
30
0
41
1
10
42.2721646081423
20
8.00221781592214
30
0
41
1
10
41.958683004777
20
7.98996511574626
30
0
41
1
10
41.5646150194674
20
7.95555692410824
30
0
41
1
10
41.4856381252876
20
7.94772425821725
30
0
41
1
10
41.3278521475318
20
7.93020581681495
30
0
41
1
10
41.2490113200391
20
7.92051782265773
30
0
41
1
10
41.0126088854782
20
7.88867466721973
30
0
41
1
10
40.8551676290635
20
7.86373783665476
30
0
41
1
10
40.3830268575301
20
7.7778948578856
30
0
41
1
10
40.0685085677459
20
7.70600448993915
30
0
41
1
10
39.7534413832917
20
7.61953553815852
30
0
0
SPLINE
5
1C1
100
AcDbEntity
8
1
62
256
6
ByLayer
370
18
48
1
60
0
100
AcDbSpline
70
4
71
3
72
95
73
91
40
0
40
0
40
0
40
0
40
0.0169180067162574
40
0.0335327804614708
40
0.0498443214483841
40
0.065852629884967
40
0.0815577059744766
40
0.0969595499153862
40
0.112058161901464
40
0.12685354212175
40
0.14134569076055
40
0.155534607997354
40
0.169420294006801
40
0.183002748958624
40
0.196281973017782
40
0.209257966344436
40
0.221930729094078
40
0.234300261417507
40
0.246366563460871
40
0.258129635365626
40
0.269589477268492
40
0.280746089301435
40
0.291599471591566
40
0.302149624261209
40
0.312396547427835
40
0.322340241204138
40
0.331980705698011
40
0.341317941012601
40
0.350351947246278
40
0.35908272449266
40
0.367510272840626
40
0.375634592374292
40
0.383455683173026
40
0.390973545311424
40
0.398188178859329
40
0.405099583881821
40
0.411707760439212
40
0.418012708587049
40
0.424014428376138
40
0.429712919852505
40
0.435108183057425
40
0.440200218027417
40
0.444989024794233
40
0.449474603384875
40
0.453656953821575
40
0.457536076121816
40
0.461111970298326
40
0.464384636359076
40
0.467354074307295
40
0.470020284141479
40
0.472383265855396
40
0.474443019438131
40
0.47619954487411
40
0.477652842143224
40
0.478802911221058
40
0.582287352315655
40
0.660043908404945
40
0.71206971057739
40
0.738362847385068
40
0.747055851352149
40
0.755731984451846
40
0.764391246448588
40
0.773033637108137
40
0.781659156197605
40
0.79026780348543
40
0.798859578741397
40
0.807434481736631
40
0.815992512243544
40
0.8245336700359
40
0.833057954888764
40
0.841565366578534
40
0.850055904882912
40
0.858529569580955
40
0.866986360453029
40
0.875426277280825
40
0.88384931984738
40
0.892255487937043
40
0.900644781335491
40
0.909017199829716
40
0.917372743208041
40
0.925711411260102
40
0.934033203776884
40
0.942338120550682
40
0.950626161375155
40
0.95889732604529
40
0.967151614357418
40
0.975389026109239
40
0.983609561099796
40
0.991813219129476
40
1
40
1
40
1
40
1
41
1
10
67.5735463637499
20
-0.371378950596551
30
0
41
1
10
67.5403858298192
20
-0.341548000823678
30
0
41
1
10
67.4746591208203
20
-0.282420781732981
30
0
41
1
10
67.3769605665063
20
-0.194485453612828
30
0
41
1
10
67.2810450679144
20
-0.108135484094305
30
0
41
1
10
67.1869126230066
20
-0.0233778348929548
30
0
41
1
10
67.0945632323136
20
0.0597765069358616
30
0
41
1
10
67.0039968956975
20
0.141318956643971
30
0
41
1
10
66.915213613194
20
0.221241594835561
30
0
41
1
10
66.8282133847939
20
0.299537558325682
30
0
41
1
10
66.7429962105001
20
0.376200877920496
30
0
41
1
10
66.6595620903119
20
0.451226461092176
30
0
41
1
10
66.5779110242299
20
0.524610037980665
30
0
41
1
10
66.4980430122536
20
0.596348117971786
30
0
41
1
10
66.4199580543831
20
0.666437944604212
30
0
41
1
10
66.3436561506184
20
0.734877452017145
30
0
41
1
10
66.2691373009592
20
0.801665222128747
30
0
41
1
10
66.1964015054059
20
0.866800442781312
30
0
41
1
10
66.1254487639585
20
0.9302828668107
30
0
41
1
10
66.0562790766174
20
0.992112772071522
30
0
41
1
10
65.9888924433826
20
1.0522909224253
30
0
41
1
10
65.9232888642546
20
1.11081852970369
30
0
41
1
10
65.8594683392337
20
1.16769721665608
30
0
41
1
10
65.7974308683199
20
1.22292898088935
30
0
41
1
10
65.7371764515134
20
1.27651615981043
30
0
41
1
10
65.6787050888144
20
1.32846139657235
30
0
41
1
10
65.6220167802233
20
1.37876760703276
30
0
41
1
10
65.5671115257403
20
1.42743794772412
30
0
41
1
10
65.5139893253656
20
1.47447578484079
30
0
41
1
10
65.4626501791
20
1.51988466424271
30
0
41
1
10
65.4130940869436
20
1.56366828247619
30
0
41
1
10
65.3653210488973
20
1.60583045881273
30
0
41
1
10
65.3193310649615
20
1.64637510830357
30
0
41
1
10
65.2751241351373
20
1.68530621584972
30
0
41
1
10
65.2327002594254
20
1.7226278112839
30
0
41
1
10
65.1920594378268
20
1.75834394546345
30
0
41
1
10
65.1532016703429
20
1.79245866737031
30
0
41
1
10
65.1161269569753
20
1.82497600221527
30
0
41
1
10
65.0808352977255
20
1.85589993054248
30
0
41
1
10
65.0473266925961
20
1.88523436833145
30
0
41
1
10
65.0156011415897
20
1.9129831480906
30
0
41
1
10
64.9856586447098
20
1.93915000094023
30
0
41
1
10
64.9574992019605
20
1.96373853967924
30
0
41
1
10
64.9311228133474
20
1.98675224283184
30
0
41
1
10
64.9065294788777
20
2.00819443967046
30
0
41
1
10
64.8837191985609
20
2.02806829620721
30
0
41
1
10
64.862691972409
20
2.04637680216075
30
0
41
1
10
64.843447800442
20
2.06312275885824
30
0
41
1
10
64.8259866826765
20
2.07830876818156
30
0
41
1
10
64.8103086191759
20
2.09193722218862
30
0
41
1
10
64.796413609911
20
2.10401029455727
30
0
41
1
10
64.7843016552335
20
2.11452993022741
30
0
41
1
10
64.7739727545131
20
2.12349784429134
30
0
41
1
10
64.7654269102845
20
2.13091549712377
30
0
41
1
10
64.5574829032467
20
2.31136594809647
30
0
41
1
10
64.1999144695029
20
2.61868413334571
30
0
41
1
10
63.7426745393507
20
3.00346121824097
30
0
41
1
10
63.4367440035387
20
3.25640903422317
30
0
41
1
10
63.2661923152899
20
3.39578411297828
30
0
41
1
10
63.1806110899844
20
3.46533753010573
30
0
41
1
10
63.1295935215585
20
3.50668609839181
30
0
41
1
10
63.0786752228177
20
3.54783879127544
30
0
41
1
10
63.0278561716588
20
3.58879498724326
30
0
41
1
10
62.9771363739871
20
3.62955400621172
30
0
41
1
10
62.926515828225
20
3.67011520682087
30
0
41
1
10
62.8759945347938
20
3.71047796030575
30
0
41
1
10
62.8255724935811
20
3.75064165734085
30
0
41
1
10
62.7752497046168
20
3.79060570607453
30
0
41
1
10
62.7250261678931
20
3.83036953251491
30
0
41
1
10
62.6749018834119
20
3.86993258028784
30
0
41
1
10
62.6248768511728
20
3.90929431056148
30
0
41
1
10
62.5749510711759
20
3.94845420192661
30
0
41
1
10
62.5251245434211
20
3.98741175028724
30
0
41
1
10
62.4753972679086
20
4.02616646874921
30
0
41
1
10
62.4257692446382
20
4.06471788750821
30
0
41
1
10
62.3762404736102
20
4.10306555373705
30
0
41
1
10
62.3268109548244
20
4.14120903147574
30
0
41
1
10
62.2774806882811
20
4.17914790150684
30
0
41
1
10
62.2282496739801
20
4.21688176128052
30
0
41
1
10
62.1791179119215
20
4.25441022465341
30
0
41
1
10
62.1300854021055
20
4.29173292231863
30
0
41
1
10
62.081152144532
20
4.3288494996641
30
0
41
1
10
62.0323181392008
20
4.36575962419698
30
0
41
1
10
61.9835833861134
20
4.40246295737646
30
0
41
1
10
61.9349478852644
20
4.4389592588692
30
0
41
1
10
61.8864116366742
20
4.4752479981052
30
0
41
1
10
61.8379746402672
20
4.5113297989887
30
0
41
1
10
61.7896368963246
20
4.54720106414828
30
0
41
1
10
61.7413984038015
20
4.5828739753178
30
0
41
1
10
61.7092724988378
20
4.60651705724624
30
0
41
1
10
61.6932260863039
20
4.61832642562439
30
0
0
SPLINE
5
1C2
100
AcDbEntity
8
1
62
256
6
ByLayer
370
18
48
1
60
0
100
AcDbSpline
70
4
71
3
72
36
73
32
40
0
40
0
40
0
40
0
40
0.124999999999985
40
0.124999999999985
40
0.24999999999997
40
0.24999999999997
40
0.281249999999967
40
0.281249999999967
40
0.312499999999964
40
0.312499999999964
40
0.37499999999996
40
0.37499999999996
40
0.499999999999955
40
0.499999999999955
40
0.531249999999956
40
0.531249999999956
40
0.562499999999956
40
0.62499999999996
40
0.62499999999996
40
0.656249999999962
40
0.656249999999962
40
0.687499999999964
40
0.687499999999964
40
0.74999999999997
40
0.74999999999997
40
0.781249999999975
40
0.781249999999975
40
0.812499999999979
40
0.874999999999985
40
0.874999999999985
40
1
40
1
40
1
40
1
41
1
10
52.5533269874154
20
7.97853786235001
30
0
41
1
10
52.9300614859573
20
8.00334119781164
30
0
41
1
10
53.3065022307266
20
8.00662588863293
30
0
41
1
10
54.0615043788245
20
7.96994043183329
30
0
41
1
10
54.4400410670973
20
7.93006951604622
30
0
41
1
10
54.9163395197439
20
7.85244397663928
30
0
41
1
10
55.0117527530666
20
7.83554674217299
30
0
41
1
10
55.2029400525046
20
7.79895429176142
30
0
41
1
10
55.2984977439974
20
7.77930481440137
30
0
41
1
10
55.5849053425507
20
7.71638233925145
30
0
41
1
10
55.7755873233458
20
7.66912026496075
30
0
41
1
10
56.3473931138074
20
7.51166512244271
30
0
41
1
10
56.7282689710472
20
7.38583685844145
30
0
41
1
10
57.205753047339
20
7.20283050096123
30
0
41
1
10
57.3013592094414
20
7.16492784923554
30
0
41
1
10
57.4925471622047
20
7.08665920404485
30
0
41
1
10
57.779220850836
20
6.96559532297732
30
0
41
1
10
58.0657666905218
20
6.83369173245524
30
0
41
1
10
58.3524933399523
20
6.69469309202248
30
0
41
1
10
58.4481199960021
20
6.64716654697179
30
0
41
1
10
58.6392692682555
20
6.54987449581782
30
0
41
1
10
58.7348127916949
20
6.50009912379136
30
0
41
1
10
59.0214172170796
20
6.34742862240313
30
0
41
1
10
59.2124527358078
20
6.24118029134186
30
0
41
1
10
59.4992277287463
20
6.07526380984297
30
0
41
1
10
59.5948398006112
20
6.01887850101997
30
0
41
1
10
59.7858424528408
20
5.90417346396791
30
0
41
1
10
60.0721385553183
20
5.72914281419946
30
0
41
1
10
60.3580112633309
20
5.54539190397506
30
0
41
1
10
60.9297145544766
20
5.16674584529162
30
0
41
1
10
61.3107852670727
20
4.89947228830417
30
0
41
1
10
61.6932260863039
20
4.61832642562391
30
0
0
SPLINE
5
1C3
100
AcDbEntity
8
1
62
256
6
ByLayer
370
18
48
1
60
0
100
AcDbSpline
70
4
71
3
72
12
73
8
40
0
40
0
40
0
40
0
40
0.499999999999956
40
0.499999999999956
40
0.749999999999978
40
0.749999999999978
40
1
40
1
40
1
40
1
41
1
10
75.4467508722968
20
-6.41276012209923
30
0
41
1
10
75.4896017358204
20
-6.4373757242036
30
0
41
1
10
75.5323170560974
20
-6.45804855181242
30
0
41
1
10
75.5963013025323
20
-6.48252630347818
30
0
41
1
10
75.6176139072066
20
-6.48958554833362
30
0
41
1
10
75.6602187991227
20
-6.50124705439026
30
0
41
1
10
75.6815111901411
20
-6.50585177632172
30
0
41
1
10
75.702794459295
20
-6.5089863826183
30
0
0
SPLINE
5
1C4
100
AcDbEntity
8
1
62
256
6
ByLayer
370
18
48
1
60
0
100
AcDbSpline
70
4
71
3
72
55
73
51
40
0
40
0
40
0
40
0
40
0.0312500000000038
40
0.0312500000000038
40
0.0468750000000047
40
0.0468750000000047
40
0.0625000000000057
40
0.0625000000000057
40
0.125000000000008
40
0.125000000000008
40
0.187500000000009
40
0.187500000000009
40
0.20312500000001
40
0.20312500000001
40
0.21875000000001
40
0.21875000000001
40
0.250000000000012
40
0.250000000000012
40
0.312500000000012
40
0.312500000000012
40
0.343750000000012
40
0.343750000000012
40
0.375000000000012
40
0.375000000000012
40
0.390625000000012
40
0.390625000000012
40
0.406250000000012
40
0.406250000000012
40
0.437500000000013
40
0.437500000000013
40
0.500000000000012
40
0.500000000000012
40
0.562500000000011
40
0.562500000000011
40
0.62500000000001
40
0.62500000000001
40
0.687500000000008
40
0.687500000000008
40
0.718750000000008
40
0.734375000000007
40
0.734375000000007
40
0.750000000000006
40
0.750000000000006
40
0.812500000000005
40
0.812500000000005
40
0.843750000000004
40
0.843750000000004
40
0.875000000000004
40
0.875000000000004
40
1
40
1
40
1
40
1
41
1
10
41.9736705084061
20
2.5284471190995
30
0
41
1
10
41.8411720991771
20
2.64163521131374
30
0
41
1
10
41.7084091273686
20
2.75420018975805
30
0
41
1
10
41.5087749670047
20
2.92201430086277
30
0
41
1
10
41.4421518840308
20
2.97777736114833
30
0
41
1
10
41.3090608154151
20
3.08866421315403
30
0
41
1
10
41.2425512677798
20
3.14382303764023
30
0
41
1
10
40.9101470028053
20
3.4181572656268
30
0
41
1
10
40.6446836702041
20
3.63295112059731
30
0
41
1
10
40.1137224968489
20
4.05227369406384
30
0
41
1
10
39.8482231597819
20
4.25682899053913
30
0
41
1
10
39.5157328238653
20
4.50543995794976
30
0
41
1
10
39.4492034719231
20
4.55481098651302
30
0
41
1
10
39.316066892406
20
4.65284038411622
30
0
41
1
10
39.2494529468878
20
4.70150247978421
30
0
41
1
10
39.0498078802096
20
4.84614948607029
30
0
41
1
10
38.9168634017468
20
4.94087617742122
30
0
41
1
10
38.5183101234161
20
5.21979488823391
30
0
41
1
10
38.25298058567
20
5.39872825877052
30
0
41
1
10
37.854827397144
20
5.65606665008394
30
0
41
1
10
37.7220828893056
20
5.74001019593737
30
0
41
1
10
37.456426145408
20
5.90404668228595
30
0
41
1
10
37.3235123569834
20
5.98414826163605
30
0
41
1
10
37.1239199344894
20
6.10140057030415
30
0
41
1
10
37.0573238668777
20
6.14001502995859
30
0
41
1
10
36.9241728361421
20
6.21618133820718
30
0
41
1
10
36.8576799828038
20
6.25369810961368
30
0
41
1
10
36.6584269558882
20
6.36454078239046
30
0
41
1
10
36.5258919236618
20
6.43616021720422
30
0
41
1
10
36.1290025323505
20
6.64415563697565
30
0
41
1
10
35.8653619646107
20
6.77367655100986
30
0
41
1
10
35.3390393750881
20
7.0141430406058
30
0
41
1
10
35.07636544913
20
7.12502364718159
30
0
41
1
10
34.5510362969511
20
7.32795753135383
30
0
41
1
10
34.2883900917938
20
7.41995279261556
30
0
41
1
10
33.7622122243884
20
7.58447033067068
30
0
41
1
10
33.4986811184763
20
7.65701215604693
30
0
41
1
10
33.1020078236576
20
7.75070767357846
30
0
41
1
10
32.9033261277277
20
7.79377772548156
30
0
41
1
10
32.7039894925192
20
7.83111750523125
30
0
41
1
10
32.5709373856321
20
7.85472609776468
30
0
41
1
10
32.5043113027685
20
7.86589099032201
30
0
41
1
10
32.1714155545316
20
7.91837323559395
30
0
41
1
10
31.9053619347904
20
7.94971788696847
30
0
41
1
10
31.5059553878813
20
7.98069730245933
30
0
41
1
10
31.372711552742
20
7.98833588898432
30
0
41
1
10
31.1066357548344
20
7.99816001697332
30
0
41
1
10
30.9737331494868
20
8.00036648899484
30
0
41
1
10
30.3095841744974
20
7.99800777784611
30
0
41
1
10
29.7794295081289
20
7.95343632851362
30
0
41
1
10
29.2466364248053
20
7.86614631034104
30
0
0
SPLINE
5
1C5
100
AcDbEntity
8
1
62
256
6
ByLayer
370
18
48
1
60
0
100
AcDbSpline
70
4
71
3
72
20
73
16
40
0
40
0
40
0
40
0
40
0.0965670499507132
40
0.0965670499507132
40
0.196948488845079
40
0.196948488845079
40
0.247139208292261
40
0.247139208292261
40
0.297329927739444
40
0.297329927739444
40
0.397711366633809
40
0.397711366633809
40
0.598474244422539
40
0.598474244422539
40
1
40
1
40
1
40
1
41
1
10
38.0242144519664
20
-7.93854276091307
30
0
41
1
10
37.873089726249
20
-7.9553904351063
30
0
41
1
10
37.7219374168754
20
-7.96881660806284
30
0
41
1
10
37.4134328565314
20
-7.98903559531198
30
0
41
1
10
37.2560687268717
20
-7.9955788526425
30
0
41
1
10
37.0196833213243
20
-7.99979511596814
30
0
41
1
10
36.9408313211578
20
-8.00026011370508
30
0
41
1
10
36.7834639884916
20
-7.9993076496059
30
0
41
1
10
36.7048894712194
20
-7.99789117680984
30
0
41
1
10
36.4694545185535
20
-7.99084399890799
30
0
41
1
10
36.3128824138645
20
-7.98241653766834
30
0
41
1
10
35.8440178077154
20
-7.94610489767501
30
0
41
1
10
35.5325735970848
20
-7.90722098863037
30
0
41
1
10
34.5993306570563
20
-7.74725430687354
30
0
41
1
10
33.9786005314119
20
-7.58343820933214
30
0
41
1
10
33.353166531464
20
-7.36321010022607
30
0
0
SPLINE
5
1C6
100
AcDbEntity
8
1
62
256
6
ByLayer
370
18
48
1
60
0
100
AcDbSpline
70
4
71
3
72
17
73
13
40
0
40
0
40
0
40
0
40
0.250000000000031
40
0.250000000000031
40
0.500000000000062
40
0.500000000000062
40
0.625000000000046
40
0.625000000000046
40
0.750000000000031
40
0.875000000000015
40
0.875000000000015
40
1
40
1
40
1
40
1
41
1
10
33.1586035557982
20
-7.04914231842201
30
0
41
1
10
33.180572017526
20
-7.06904242304952
30
0
41
1
10
33.2013852189644
20
-7.09051126980074
30
0
41
1
10
33.2406702722565
20
-7.13653370371614
30
0
41
1
10
33.2591151139267
20
-7.16112660736724
30
0
41
1
10
33.2846518952191
20
-7.20077660320112
30
0
41
1
10
33.2928279670571
20
-7.21451680256058
30
0
41
1
10
33.3080634084971
20
-7.24249828000757
30
0
41
1
10
33.322260660533
20
-7.2710744324236
30
0
41
1
10
33.3341578519106
20
-7.30096773489959
30
0
41
1
10
33.3447484992229
20
-7.33160972576133
30
0
41
1
10
33.3493890623266
20
-7.34735783425782
30
0
41
1
10
33.3531665314638
20
-7.36321010022616
30
0
0
SPLINE
5
1C7
100
AcDbEntity
8
1
62
256
6
ByLayer
370
18
48
1
60
0
100
AcDbSpline
70
4
71
3
72
30
73
26
40
0
40
0
40
0
40
0
40
0.0624999999999664
40
0.0624999999999664
40
0.124999999999933
40
0.124999999999933
40
0.187499999999899
40
0.187499999999899
40
0.218749999999896
40
0.218749999999896
40
0.249999999999894
40
0.249999999999894
40
0.312499999999889
40
0.312499999999889
40
0.374999999999884
40
0.374999999999884
40
0.406249999999882
40
0.406249999999882
40
0.437499999999879
40
0.437499999999879
40
0.499999999999874
40
0.499999999999874
40
0.749999999999937
40
0.749999999999937
40
1
40
1
40
1
40
1
41
1
10
33.1586035557982
20
-7.04914231842201
30
0
41
1
10
33.1431485335669
20
-7.03514240510907
30
0
41
1
10
33.12738934227
20
-7.02217383158245
30
0
41
1
10
33.0953509316555
20
-6.99807888638003
30
0
41
1
10
33.0790695038423
20
-6.98696018008067
30
0
41
1
10
33.0459899658312
20
-6.96665629276674
30
0
41
1
10
33.029195326486
20
-6.95745726375947
30
0
41
1
10
33.0036151191706
20
-6.94518459934133
30
0
41
1
10
32.9949997296013
20
-6.94134143540057
30
0
41
1
10
32.9777529491965
20
-6.93423866791798
30
0
41
1
10
32.9691401529226
20
-6.93098477225004
30
0
41
1
10
32.9433385905513
20
-6.92213486360922
30
0
41
1
10
32.9261870179503
20
-6.91745445514692
30
0
41
1
10
32.8920089977164
20
-6.91073794104594
30
0
41
1
10
32.8749776064424
20
-6.90870715802845
30
0
41
1
10
32.8495628487856
20
-6.90800313991318
30
0
41
1
10
32.8411975024584
20
-6.90815694704489
30
0
41
1
10
32.8247134982135
20
-6.90937051247346
30
0
41
1
10
32.8166141987515
20
-6.91050301301343
30
0
41
1
10
32.7924375145623
20
-6.91433329842883
30
0
41
1
10
32.7763186243278
20
-6.91685288548936
30
0
41
1
10
32.6957177689225
20
-6.92927739400378
30
0
41
1
10
32.6312830688663
20
-6.93891355758171
30
0
41
1
10
32.5024080640003
20
-6.95721630333733
30
0
41
1
10
32.4379835283921
20
-6.96594224784297
30
0
41
1
10
32.37357309366
20
-6.97425028255915
30
0
0
SPLINE
5
1C8
100
AcDbEntity
8
1
62
256
6
ByLayer
370
18
48
1
60
0
100
AcDbSpline
70
4
71
3
72
14
73
10
40
0
40
0
40
0
40
0
40
0.249999999999991
40
0.249999999999991
40
0.37499999999999
40
0.37499999999999
40
0.499999999999989
40
0.499999999999989
40
1
40
1
40
1
40
1
41
1
10
32.37357309366
20
-6.97425028255915
30
0
41
1
10
32.1126413254332
20
-6.85917643273893
30
0
41
1
10
31.851926011107
20
-6.73517977200203
30
0
41
1
10
31.4604976939003
20
-6.53622902709012
30
0
41
1
10
31.3299523353755
20
-6.46772136792856
30
0
41
1
10
31.069270770665
20
-6.32675787267249
30
0
41
1
10
30.9390537535981
20
-6.25426938608231
30
0
41
1
10
30.2882948205922
20
-5.88209023992761
30
0
41
1
10
29.7687323260092
20
-5.55329787344962
30
0
41
1
10
29.2466364248024
20
-5.19592948195998
30
0
0
SPLINE
5
1C9
100
AcDbEntity
8
1
62
256
6
ByLayer
370
18
48
1
60
0
100
AcDbSpline
70
4
71
3
72
8
73
4
40
0
40
0
40
0
40
0
40
1
40
1
40
1
40
1
41
1
10
29.2466321717345
20
-5.19593375522311
30
0
41
1
10
29.246605530222
20
-5.19591552077384
30
0
41
1
10
29.2465788887135
20
-5.19589728625624
30
0
41
1
10
29.2465522472087
20
-5.19587905167026
30
0
0
SPLINE
5
1CA
100
AcDbEntity
8
1
62
256
6
ByLayer
370
18
48
1
60
0
100
AcDbSpline
70
4
71
3
72
16
73
12
40
0
40
0
40
0
40
0
40
0.250000000000002
40
0.250000000000002
40
0.500000000000003
40
0.500000000000003
40
0.625000000000004
40
0.625000000000004
40
0.750000000000005
40
0.750000000000005
40
1
40
1
40
1
40
1
41
1
10
29.2465565025765
20
-5.19587477594044
30
0
41
1
10
28.975436997567
20
-5.01029527614566
30
0
41
1
10
28.7050212905344
20
-4.81785850044486
30
0
41
1
10
28.1645346656003
20
-4.42048851848389
30
0
41
1
10
27.8944665472463
20
-4.21556564217391
30
0
41
1
10
27.4888854370632
20
-3.89940628083082
30
0
41
1
10
27.353609795957
20
-3.79257568556159
30
0
41
1
10
27.0827695332385
20
-3.57614169825484
30
0
41
1
10
26.9471538942709
20
-3.46646834682719
30
0
41
1
10
26.5409032789941
20
-3.13440019409469
30
0
41
1
10
26.2704794418023
20
-2.90867431897269
30
0
41
1
10
25.999955118226
20
-2.67916564506271
30
0
0
SPLINE
5
1CB
100
AcDbEntity
8
1
62
256
6
ByLayer
370
18
48
1
60
0
100
AcDbSpline
70
4
71
3
72
12
73
8
40
0
40
0
40
0
40
0
40
0.5
40
0.5
40
0.75
40
0.75
40
1
40
1
40
1
40
1
41
1
10
75.4467508722968
20
2.93778806163829
30
0
41
1
10
75.4896017358204
20
2.90237764745584
30
0
41
1
10
75.5323170560976
20
2.86606249093899
30
0
41
1
10
75.5963013025323
20
2.81025405598257
30
0
41
1
10
75.6176139072067
20
2.79142565104769
30
0
41
1
10
75.6602187991227
20
2.7532820688283
30
0
41
1
10
75.6815111901412
20
2.733967479238
30
0
41
1
10
75.702794459295
20
2.71436527775143
30
0
0
SPLINE
5
1CC
100
AcDbEntity
8
1
62
256
6
ByLayer
370
18
48
1
60
0
100
AcDbSpline
70
4
71
3
72
47
73
43
40
0
40
0
40
0
40
0
40
0.0178028534328634
40
0.035974784510562
40
0.0545157936112345
40
0.0734258811301296
40
0.0927050474795768
40
0.112353293088997
40
0.132370618404946
40
0.152757023891048
40
0.173512510028041
40
0.194637077313821
40
0.216130726263299
40
0.237993457408578
40
0.26022527129884
40
0.282826168500369
40
0.305796149596574
40
0.329135215187982
40
0.352843365892295
40
0.376920602344273
40
0.40136692519585
40
0.426182335116093
40
0.451366832791202
40
0.47692041892449
40
0.502843094236462
40
0.529134859464729
40
0.555795715364036
40
0.582825662706168
40
0.610224702280148
40
0.637992834892073
40
0.666130061365134
40
0.69463638253967
40
0.723511799273128
40
0.752756312440197
40
0.782369922932572
40
0.812352631659184
40
0.842704439546133
40
0.873425347536621
40
0.904515356591112
40
0.93597446768717
40
0.967802681819528
40
1
40
1
40
1
40
1
41
1
10
75.4212357213728
20
2.96213530337204
30
0
41
1
10
75.4125230360206
20
2.96942023728022
30
0
41
1
10
75.394917039362
20
2.98414113179913
30
0
41
1
10
75.3682370849687
20
3.00641546909722
30
0
41
1
10
75.3410152381695
20
3.02911627683361
30
0
41
1
10
75.3132514973742
20
3.05223922813872
30
0
41
1
10
75.2849458630214
20
3.07578303139641
30
0
41
1
10
75.2560983349896
20
3.09974548011905
30
0
41
1
10
75.2267089133119
20
3.12412454164277
30
0
41
1
10
75.1967775979789
20
3.14891805519042
30
0
41
1
10
75.1663043889927
20
3.17412381347666
30
0
41
1
10
75.1352892863524
20
3.19973953855811
30
0
41
1
10
75.103732290058
20
3.22576288679929
30
0
41
1
10
75.0716334001091
20
3.25219144579646
30
0
41
1
10
75.0389926165058
20
3.27902273349417
30
0
41
1
10
75.0058099392475
20
3.30625419667604
30
0
41
1
10
74.9720853683345
20
3.33388320960685
30
0
41
1
10
74.9378189037663
20
3.36190707261221
30
0
41
1
10
74.9030105455429
20
3.39032301065546
30
0
41
1
10
74.8676602936642
20
3.41912817189586
30
0
41
1
10
74.83176814813
20
3.44831962623294
30
0
41
1
10
74.7953341089402
20
3.47789436383633
30
0
41
1
10
74.7583581760949
20
3.50784929366222
30
0
41
1
10
74.7208403495937
20
3.5381812419561
30
0
41
1
10
74.6827806294368
20
3.56888695074306
30
0
41
1
10
74.644179015624
20
3.5999630763055
30
0
41
1
10
74.6050355081551
20
3.6314061876493
30
0
41
1
10
74.5653501070306
20
3.66321276495879
30
0
41
1
10
74.5251228122498
20
3.6953791980427
30
0
41
1
10
74.4843536238131
20
3.72790178476259
30
0
41
1
10
74.4430425417202
20
3.76077672948426
30
0
41
1
10
74.4011895659713
20
3.79400014139495
30
0
41
1
10
74.3587946965662
20
3.82756803329343
30
0
41
1
10
74.315857933505
20
3.86147631854155
30
0
41
1
10
74.2723792767872
20
3.89572081497624
30
0
41
1
10
74.2283587264152
20
3.93029722232174
30
0
41
1
10
74.183796282379
20
3.96520120032642
30
0
41
1
10
74.1386919447173
20
4.0004280640033
30
0
41
1
10
74.0930457132832
20
4.0359739339986
30
0
41
1
10
74.0468575886345
20
4.07183135810973
30
0
41
1
10
74.0001275686524
20
4.10800593550559
30
0
41
1
10
73.9687936029153
20
4.13216481909282
30
0
41
1
10
73.9530363006602
20
4.1443138982749
30
0
0
SPLINE
5
1CD
100
AcDbEntity
8
1
62
256
6
ByLayer
370
18
48
1
60
0
100
AcDbSpline
70
4
71
3
72
62
73
58
40
0
40
0
40
0
40
0
40
0.0058194300918413
40
0.0118700440705108
40
0.0181518419996312
40
0.0246648239467321
40
0.031408989983251
40
0.0383843401845252
40
0.0455908746298114
40
0.053028593402274
40
0.0606974965890259
40
0.0685975842811225
40
0.0767288565735871
40
0.0850913135654169
40
0.0936849553595527
40
0.102509782062843
40
0.111565793786013
40
0.12085299064362
40
0.130371372754056
40
0.140120940239565
40
0.150101693226282
40
0.160313631844297
40
0.170756756227696
40
0.181431066514574
40
0.192336562846987
40
0.203473245370888
40
0.214841114236104
40
0.226440169596345
40
0.238270411609234
40
0.250331840436285
40
0.262624456242944
40
0.275148259198625
40
0.287903249476753
40
0.3322722851237
40
0.376641748711309
40
0.421011595874733
40
0.46538178225556
40
0.490049675440054
40
0.554345377996611
40
0.605323682385146
40
0.643857635529048
40
0.704689981567366
40
0.754745294807113
40
0.794023005684546
40
0.822522650365778
40
0.841817854353651
40
0.860293910290992
40
0.877950810888962
40
0.894788549418222
40
0.910807119707773
40
0.926006516144726
40
0.940386733674916
40
0.953947767803527
40
0.966689614595434
40
0.978612270675377
40
0.989715733228299
40
1
40
1
40
1
40
1
41
1
10
65.3534879337643
20
7.98638484675894
30
0
41
1
10
65.3701691117281
20
7.98548484561238
30
0
41
1
10
65.4041941475915
20
7.98364908968708
30
0
41
1
10
65.456225711266
20
7.98050274108451
30
0
41
1
10
65.5102453073083
20
7.97696666526826
30
0
41
1
10
65.5662529349353
20
7.9729834860654
30
0
41
1
10
65.6242485943681
20
7.96852667876962
30
0
41
1
10
65.6842322855434
20
7.96355951062603
30
0
41
1
10
65.7462040084788
20
7.95804666919116
30
0
41
1
10
65.8101637631686
20
7.9519509898636
30
0
41
1
10
65.8761115496143
20
7.94523439119774
30
0
41
1
10
65.944047367815
20
7.93785762572983
30
0
41
1
10
66.0139712177708
20
7.92978036544432
30
0
41
1
10
66.0858830994811
20
7.92096119470747
30
0
41
1
10
66.1597830129458
20
7.9113576307202
30
0
41
1
10
66.2356709581643
20
7.90092613790534
30
0
41
1
10
66.3135469351365
20
7.88962214570947
30
0
41
1
10
66.3934109438621
20
7.87740006727068
30
0
41
1
10
66.4752629843411
20
7.86421331976365
30
0
41
1
10
66.5591030565736
20
7.85001434629288
30
0
41
1
10
66.6449311605598
20
7.83475463946925
30
0
41
1
10
66.7327472962998
20
7.81838476673292
30
0
41
1
10
66.8225514637927
20
7.80085439750926
30
0
41
1
10
66.9143436630428
20
7.78211233227336
30
0
41
1
10
67.0081238940307
20
7.76210653361434
30
0
41
1
10
67.1038921568306
20
7.74078415921761
30
0
41
1
10
67.2016484511556
20
7.71809159740459
30
0
41
1
10
67.3013927781098
20
7.69397450330811
30
0
41
1
10
67.403125133448
20
7.66837784348331
30
0
41
1
10
67.5068455334839
20
7.6412459193721
30
0
41
1
10
67.6125539155611
20
7.61252248358966
30
0
41
1
10
67.7202505201977
20
7.5821505116746
30
0
41
1
10
67.9198912256023
20
7.5237653229907
30
0
41
1
10
68.2108314499775
20
7.43183801811674
30
0
41
1
10
68.5923920452865
20
7.29755473219043
30
0
41
1
10
68.9739572885914
20
7.1498057325561
30
0
41
1
10
69.2990569378978
20
7.01265570893545
30
0
41
1
10
69.6812493648543
20
6.84143863823178
30
0
41
1
10
70.0824333664806
20
6.6483102001923
30
0
41
1
10
70.5233340168363
20
6.41771347158002
30
0
41
1
10
70.9542962845645
20
6.17886213189175
30
0
41
1
10
71.3826473749004
20
5.92704619952309
30
0
41
1
10
71.8131067990293
20
5.65864292568449
30
0
41
1
10
72.1508782712015
20
5.438772816138
30
0
41
1
10
72.4004692660652
20
5.27132144955272
30
0
41
1
10
72.590429776807
20
5.14128493524373
30
0
41
1
10
72.7493107880492
20
5.03084007058723
30
0
41
1
10
72.9011474497726
20
4.92378771452238
30
0
41
1
10
73.0459399315475
20
4.8203609377729
30
0
41
1
10
73.1836881908534
20
4.72077640424945
30
0
41
1
10
73.3143922382714
20
4.62523397470167
30
0
41
1
10
73.4380520706941
20
4.53391830466731
30
0
41
1
10
73.5546676898879
20
4.44699767578072
30
0
41
1
10
73.6642390912077
20
4.36463119709049
30
0
41
1
10
73.7667662890293
20
4.28694770893028
30
0
41
1
10
73.8622492340072
20
4.21412016388928
30
0
41
1
10
73.9235566805554
20
4.16698080741858
30
0
41
1
10
73.9530363006602
20
4.1443138982749
30
0
0
SPLINE
5
1CE
100
AcDbEntity
8
1
62
256
6
ByLayer
370
18
48
1
60
0
100
AcDbSpline
70
4
71
1
72
4
73
2
40
0
40
0
40
1
40
1
41
1
10
75.9720433277652
20
-6.18723082490024
30
0
41
1
10
75.9729444617141
20
-6.20106855635788
30
0
0
SPLINE
5
1CF
100
AcDbEntity
8
1
62
256
6
ByLayer
370
18
48
1
60
0
100
AcDbSpline
70
4
71
1
72
4
73
2
40
0
40
0
40
1
40
1
41
1
10
75.9720433277641
20
2.44812918705486
30
0
41
1
10
75.9729444617141
20
2.45410273185718
30
0
0
SPLINE
5
1D0
100
AcDbEntity
8
1
62
256
6
ByLayer
370
18
48
1
60
0
100
AcDbSpline
70
4
71
1
72
4
73
2
40
0
40
0
40
1
40
1
41
1
10
75.9720433277645
20
7.4697783492505
30
0
41
1
10
75.9729444617138
20
7.48678772650251
30
0
0
SPLINE
5
1D1
100
AcDbEntity
8
1
62
256
6
ByLayer
370
18
48
1
60
0
100
AcDbSpline
70
4
71
1
72
4
73
2
40
0
40
0
40
1
40
1
41
1
10
75.9720433277641
20
-6.1312042403091
30
0
41
1
10
75.9729444617138
20
-6.14539828980335
30
0
0
SPLINE
5
1D2
100
AcDbEntity
8
1
62
256
6
ByLayer
370
18
48
1
60
0
100
AcDbSpline
70
4
71
1
72
4
73
2
40
0
40
0
40
1
40
1
41
1
10
75.9720433277644
20
2.54137142165999
30
0
41
1
10
75.9729444617138
20
2.54675196424381
30
0
0
SPLINE
5
1D3
100
AcDbEntity
8
1
62
256
6
ByLayer
370
18
48
1
60
0
100
AcDbSpline
70
4
71
3
72
32
73
28
40
0
40
0
40
0
40
0
40
0.0624999999999736
40
0.0624999999999736
40
0.0937499999999604
40
0.0937499999999604
40
0.124999999999947
40
0.124999999999947
40
0.249999999999951
40
0.249999999999951
40
0.312499999999953
40
0.312499999999953
40
0.343749999999954
40
0.343749999999954
40
0.374999999999955
40
0.374999999999955
40
0.499999999999959
40
0.499999999999959
40
0.624999999999964
40
0.624999999999964
40
0.749999999999968
40
0.749999999999968
40
0.81249999999997
40
0.81249999999997
40
0.874999999999972
40
0.874999999999972
40
1
40
1
40
1
40
1
41
1
10
19.8482031144447
20
7.58725312080244
30
0
41
1
10
19.8768219034337
20
7.58779453548053
30
0
41
1
10
19.9059491538545
20
7.58821302880747
30
0
41
1
10
19.9502991420074
20
7.58870063430993
30
0
41
1
10
19.9651928388807
20
7.58883954872326
30
0
41
1
10
19.9951887580888
20
7.58907489882336
30
0
41
1
10
20.0103208467794
20
7.58917139893731
30
0
41
1
10
20.0857350897123
20
7.58955333937806
30
0
41
1
10
20.1457761733964
20
7.58955238772322
30
0
41
1
10
20.2355082364689
20
7.58920665160576
30
0
41
1
10
20.2653630736089
20
7.58903207487575
30
0
41
1
10
20.310068889121
20
7.5886829101741
30
0
41
1
10
20.324958058556
20
7.58855190715994
30
0
41
1
10
20.3547117830736
20
7.58826026732044
30
0
41
1
10
20.369600310829
20
7.58809932531938
30
0
41
1
10
20.4435992157163
20
7.58722329584742
30
0
41
1
10
20.5014686241025
20
7.5862970028542
30
0
41
1
10
20.6150043277269
20
7.58394641308948
30
0
41
1
10
20.6706660461729
20
7.58252134273241
30
0
41
1
10
20.7800249292845
20
7.57907576024337
30
0
41
1
10
20.8337202029813
20
7.57705505347508
30
0
41
1
10
20.9128851085744
20
7.57347869085058
30
0
41
1
10
20.9389830514875
20
7.57219766441705
30
0
41
1
10
20.99029932676
20
7.569460469544
30
0
41
1
10
21.0155680976994
20
7.56800207162314
30
0
41
1
10
21.0902610537626
20
7.56333710385761
30
0
41
1
10
21.1385751858674
20
7.55984123524775
30
0
41
1
10
21.1855062353041
20
7.55589955420589
30
0
0
SPLINE
5
1D4
100
AcDbEntity
8
1
62
256
6
ByLayer
370
18
48
1
60
0
100
AcDbSpline
70
4
71
3
72
20
73
16
40
0
40
0
40
0
40
0
40
0.222673679941959
40
0.222673679941959
40
0.445347359883919
40
0.445347359883919
40
0.556684199854899
40
0.556684199854899
40
0.612352619840388
40
0.612352619840388
40
0.668021039825878
40
0.668021039825878
40
0.890694719767832
40
0.890694719767832
40
1
40
1
40
1
40
1
41
1
10
23.7349232500336
20
7.01559421018021
30
0
41
1
10
23.6077855202999
20
7.09957094278204
30
0
41
1
10
23.4824084855654
20
7.17489680330703
30
0
41
1
10
23.2350721862807
20
7.30800543811441
30
0
41
1
10
23.1130913834622
20
7.3657873353481
30
0
41
1
10
22.9327486822408
20
7.4388436696164
30
0
41
1
10
22.8730701500029
20
7.46092244604304
30
0
41
1
10
22.7841920398074
20
7.49053797957438
30
0
41
1
10
22.7546725243777
20
7.49982583781636
30
0
41
1
10
22.6958519302924
20
7.51721594487591
30
0
41
1
10
22.6665252107177
20
7.52532466589815
30
0
41
1
10
22.5207491509256
20
7.56277770496803
30
0
41
1
10
22.4075157766239
20
7.58272323234115
30
0
41
1
10
22.2435409909247
20
7.597524197323
30
0
41
1
10
22.190340941163
20
7.59998420846608
30
0
41
1
10
22.1379331872498
20
7.60000369201691
30
0
0
SPLINE
5
1D5
100
AcDbEntity
8
1
62
256
6
ByLayer
370
18
48
1
60
0
100
AcDbSpline
70
4
71
3
72
28
73
24
40
0
40
0
40
0
40
0
40
0.0624999999999448
40
0.0624999999999448
40
0.12499999999989
40
0.12499999999989
40
0.187499999999834
40
0.187499999999834
40
0.218749999999821
40
0.218749999999821
40
0.249999999999808
40
0.249999999999808
40
0.374999999999841
40
0.374999999999841
40
0.499999999999874
40
0.499999999999874
40
0.562499999999877
40
0.562499999999877
40
0.624999999999879
40
0.624999999999879
40
0.749999999999911
40
0.749999999999911
40
1
40
1
40
1
40
1
41
1
10
19.8482031144482
20
1.9261360079764
30
0
41
1
10
19.8769459612943
20
1.93522184312209
30
0
41
1
10
19.9065996238793
20
1.94259734216757
30
0
41
1
10
19.9658942975156
20
1.95402119648313
30
0
41
1
10
19.9956784605656
20
1.95812972016054
30
0
41
1
10
20.0554796169577
20
1.9636217898877
30
0
41
1
10
20.0854968512926
20
1.96500246860396
30
0
41
1
10
20.1306777324888
20
1.9652598324389
30
0
41
1
10
20.1457639526264
20
1.96504229479186
30
0
41
1
10
20.1759858024018
20
1.96402911347769
30
0
41
1
10
20.1911492285259
20
1.96323127938368
30
0
41
1
10
20.2667290960538
20
1.95788176528779
30
0
41
1
10
20.3261451671044
20
1.94934476751268
30
0
41
1
10
20.4433191813625
20
1.9255142502887
30
0
41
1
10
20.5010716755091
20
1.91019843500592
30
0
41
1
10
20.5866154180955
20
1.8827796389852
30
0
41
1
10
20.6149479939817
20
1.87289437216924
30
0
41
1
10
20.6712658339892
20
1.85169601058502
30
0
41
1
10
20.6991733666903
20
1.84040869601216
30
0
41
1
10
20.7816126251745
20
1.80484923919832
30
0
41
1
10
20.8351087346833
20
1.77879784098116
30
0
41
1
10
20.991690716154
20
1.69432883834312
30
0
41
1
10
21.0909093081082
20
1.62965965341641
30
0
41
1
10
21.1855061645154
20
1.5573687032095
30
0
0
SPLINE
5
1D6
100
AcDbEntity
8
1
62
256
6
ByLayer
370
18
48
1
60
0
100
AcDbSpline
70
4
71
3
72
8
73
4
40
0
40
0
40
0
40
0
40
1
40
1
40
1
40
1
41
1
10
25.9999018488972
20
-2.67921164969332
30
0
41
1
10
25.9999345659922
20
-2.67572580056026
30
0
41
1
10
25.9999672830265
20
-2.67223944042812
30
0
41
1
10
26.0000000000001
20
-2.6687525721637
30
0
0
SPLINE
5
1D7
100
AcDbEntity
8
1
62
256
6
ByLayer
370
18
48
1
60
0
100
AcDbSpline
70
4
71
3
72
21
73
17
40
0
40
0
40
0
40
0
40
0.24999999999999
40
0.24999999999999
40
0.312499999999993
40
0.312499999999993
40
0.374999999999995
40
0.374999999999995
40
0.499999999999999
40
0.625000000000003
40
0.625000000000003
40
0.687499999999997
40
0.687499999999997
40
0.74999999999999
40
0.74999999999999
40
1
40
1
40
1
40
1
41
1
10
25.9999026959048
20
6.34120641536677
30
0
41
1
10
25.9053473054966
20
6.38093024526947
30
0
41
1
10
25.8123266048912
20
6.41369424831731
30
0
41
1
10
25.6973070012886
20
6.44573043309302
30
0
41
1
10
25.674366223271
20
6.45168887713584
30
0
41
1
10
25.6285954497575
20
6.46269035342075
30
0
41
1
10
25.6057684635866
20
6.46773165251554
30
0
41
1
10
25.5376693694542
20
6.48140586363863
30
0
41
1
10
25.4477277512783
20
6.49581818576712
30
0
41
1
10
25.359254956982
20
6.50230739435767
30
0
41
1
10
25.2933660606107
20
6.50401708270905
30
0
41
1
10
25.2714599324293
20
6.50405876615079
30
0
41
1
10
25.227950818037
20
6.50305172584768
30
0
41
1
10
25.206335840551
20
6.50200438701037
30
0
41
1
10
25.0989246686507
20
6.49397559626391
30
0
41
1
10
25.0151091528354
20
6.4787275081805
30
0
41
1
10
24.933044405868
20
6.4529812353349
30
0
0
SPLINE
5
1D8
100
AcDbEntity
8
1
62
256
6
ByLayer
370
18
48
1
60
0
100
AcDbSpline
70
4
71
3
72
14
73
10
40
0
40
0
40
0
40
0
40
0.499999999999995
40
0.499999999999995
40
0.749999999999997
40
0.749999999999997
40
0.874999999999999
40
0.874999999999999
40
1
40
1
40
1
40
1
41
1
10
21.185424562853
20
7.55590641190685
30
0
41
1
10
21.6111989132779
20
7.51673171746521
30
0
41
1
10
22.0353397337952
20
7.45171171568103
30
0
41
1
10
22.6718748724573
20
7.31637599780129
30
0
41
1
10
22.8841063129106
20
7.26495728499887
30
0
41
1
10
23.2028792503216
20
7.17843878718952
30
0
41
1
10
23.3092078962949
20
7.14803387718587
30
0
41
1
10
23.5220656635543
20
7.08410084641054
30
0
41
1
10
23.6285020194067
20
7.05060010796183
30
0
41
1
10
23.7349232500336
20
7.01559421018021
30
0
0
SPLINE
5
1D9
100
AcDbEntity
8
1
62
256
6
ByLayer
370
18
48
1
60
0
100
AcDbSpline
70
4
71
3
72
21
73
17
40
0
40
0
40
0
40
0
40
0.250000000000027
40
0.250000000000027
40
0.312500000000029
40
0.312500000000029
40
0.37500000000003
40
0.37500000000003
40
0.500000000000035
40
0.62500000000004
40
0.62500000000004
40
0.687500000000033
40
0.687500000000033
40
0.750000000000027
40
0.750000000000027
40
1
40
1
40
1
40
1
41
1
10
25.9999026959026
20
-7.97459339755065
30
0
41
1
10
25.9053473054945
20
-7.96408384339989
30
0
41
1
10
25.8123266048894
20
-7.94548703938642
30
0
41
1
10
25.697307001287
20
-7.91229678127638
30
0
41
1
10
25.6743662232695
20
-7.90515838000402
30
0
41
1
10
25.628595449756
20
-7.88987163577949
30
0
41
1
10
25.6057684635852
20
-7.88172312360823
30
0
41
1
10
25.5376693694529
20
-7.85583833469903
30
0
41
1
10
25.4477277512772
20
-7.81744155656332
30
0
41
1
10
25.3592549569811
20
-7.77114984353989
30
0
41
1
10
25.29336606061
20
-7.73334715436849
30
0
41
1
10
25.2714599324286
20
-7.72021774662653
30
0
41
1
10
25.2279508180364
20
-7.69300214778653
30
0
41
1
10
25.2063358405504
20
-7.67891020591514
30
0
41
1
10
25.0989246686503
20
-7.60598981238044
30
0
41
1
10
25.0151091528352
20
-7.53986857164119
30
0
41
1
10
24.9330444058679
20
-7.46484736759206
30
0
0
SPLINE
5
1DA
100
AcDbEntity
8
1
62
256
6
ByLayer
370
18
48
1
60
0
100
AcDbSpline
70
4
71
3
72
53
73
49
40
0
40
0
40
0
40
0
40
0.0625000000000054
40
0.0625000000000054
40
0.125000000000011
40
0.125000000000011
40
0.187500000000016
40
0.187500000000016
40
0.203125000000017
40
0.203125000000017
40
0.218750000000018
40
0.218750000000018
40
0.250000000000018
40
0.250000000000018
40
0.312500000000019
40
0.312500000000019
40
0.37500000000002
40
0.37500000000002
40
0.437500000000021
40
0.437500000000021
40
0.500000000000022
40
0.500000000000022
40
0.515625000000021
40
0.515625000000021
40
0.531250000000021
40
0.562500000000018
40
0.562500000000018
40
0.625000000000015
40
0.625000000000015
40
0.687500000000011
40
0.687500000000011
40
0.750000000000008
40
0.750000000000008
40
0.781250000000006
40
0.781250000000006
40
0.796875000000005
40
0.796875000000005
40
0.812500000000004
40
0.812500000000004
40
0.875000000000002
40
0.875000000000002
40
0.9375
40
0.9375
40
0.953125
40
0.953125
40
0.96875
40
0.96875
40
1
40
1
40
1
40
1
41
1
10
42.9533752910589
20
1.67786859355465
30
0
41
1
10
43.2650938293241
20
1.40343827120034
30
0
41
1
10
43.5761616899978
20
1.12648889019616
30
0
41
1
10
44.1985202813061
20
0.569265582794685
30
0
41
1
10
44.5098205738466
20
0.288988628081683
30
0
41
1
10
45.1341890249263
20
-0.273189675293054
30
0
41
1
10
45.4472548176411
20
-0.555094909780308
30
0
41
1
10
45.8406908194857
20
-0.907412180764197
30
0
41
1
10
45.9195129747229
20
-0.977898360128705
30
0
41
1
10
46.0772730616673
20
-1.11872338930172
30
0
41
1
10
46.1560348760289
20
-1.18890411479865
30
0
41
1
10
46.3920062514726
20
-1.39871832432695
30
0
41
1
10
46.5489028151668
20
-1.53763707225664
30
0
41
1
10
47.018642723942
20
-1.95120556437215
30
0
41
1
10
47.330540084681
20
-2.22267894461385
30
0
41
1
10
47.9533698436885
20
-2.75565989970991
30
0
41
1
10
48.2643029518212
20
-3.0171433157297
30
0
41
1
10
48.8867367444559
20
-3.52853143073943
30
0
41
1
10
49.1982391508492
20
-3.77842401336531
30
0
41
1
10
49.82334597525
20
-4.26498417971391
30
0
41
1
10
50.1369412176463
20
-4.50166867163432
30
0
41
1
10
50.5312961634477
20
-4.78799288653303
30
0
41
1
10
50.6101419578327
20
-4.84468111778298
30
0
41
1
10
50.7675224393365
20
-4.95668753054287
30
0
41
1
10
51.0032602613529
20
-5.12272645366639
30
0
41
1
10
51.2381176512258
20
-5.28281063064236
30
0
41
1
10
51.706961583328
20
-5.59490552077625
30
0
41
1
10
52.0183645633171
20
-5.79221395516575
30
0
41
1
10
52.6404000268567
20
-6.16443773426363
30
0
41
1
10
52.9510392653847
20
-6.33925722504452
30
0
41
1
10
53.5730716883356
20
-6.66547378668815
30
0
41
1
10
53.8844664943075
20
-6.81683596866748
30
0
41
1
10
54.3532666806668
20
-7.02540531373856
30
0
41
1
10
54.5098141083809
20
-7.09186524967055
30
0
41
1
10
54.7452387905291
20
-7.18666890018849
30
0
41
1
10
54.8238121632158
20
-7.21746747009288
30
0
41
1
10
54.9811759254235
20
-7.27746126259265
30
0
41
1
10
55.0599919014336
20
-7.30665585210835
30
0
41
1
10
55.4544414391869
20
-7.44840893482615
30
0
41
1
10
55.7690866990087
20
-7.54759906733875
30
0
41
1
10
56.3981397938311
20
-7.71732019853431
30
0
41
1
10
56.7125420334525
20
-7.78785742363442
30
0
41
1
10
57.1064028446233
20
-7.85759894973219
30
0
41
1
10
57.1852181093484
20
-7.87062521229919
30
0
41
1
10
57.3429592227816
20
-7.89482983173471
30
0
41
1
10
57.4218706478523
20
-7.90600519301032
30
0
41
1
10
57.6584649580245
20
-7.93671208503588
30
0
41
1
10
57.8161176598504
20
-7.95344408166628
30
0
41
1
10
57.9737926130408
20
-7.96642756882625
30
0
0
SPLINE
5
1DB
100
AcDbEntity
8
1
62
256
6
ByLayer
370
18
48
1
60
0
100
AcDbSpline
70
4
71
3
72
21
73
17
40
0
40
0
40
0
40
0
40
0.250000000000013
40
0.250000000000013
40
0.312500000000012
40
0.312500000000012
40
0.375000000000011
40
0.375000000000011
40
0.500000000000009
40
0.625000000000006
40
0.625000000000006
40
0.687500000000005
40
0.687500000000005
40
0.750000000000004
40
0.750000000000004
40
1
40
1
40
1
40
1
41
1
10
25.9999026959026
20
-2.67912117072339
30
0
41
1
10
25.9053473054945
20
-2.59031840399001
30
0
41
1
10
25.8123266048894
20
-2.49973692674737
30
0
41
1
10
25.697307001287
20
-2.38496294713019
30
0
41
1
10
25.6743662232695
20
-2.36193037468323
30
0
41
1
10
25.628595449756
20
-2.3157251522135
30
0
41
1
10
25.6057684635852
20
-2.2925552804619
30
0
41
1
10
25.5376693694529
20
-2.22310346299932
30
0
41
1
10
25.4477277512771
20
-2.13049397860939
30
0
41
1
10
25.3592549569811
20
-2.03815001084786
30
0
41
1
10
25.29336606061
20
-1.96910625234759
30
0
41
1
10
25.2714599324286
20
-1.94610556547863
30
0
41
1
10
25.2279508180365
20
-1.9003672970417
30
0
41
1
10
25.2063358405505
20
-1.87761721723547
30
0
41
1
10
25.0989246686503
20
-1.76452176291429
30
0
41
1
10
25.0151091528352
20
-1.67610262345988
30
0
41
1
10
24.9330444058679
20
-1.59076093454155
30
0
0
SPLINE
5
1DC
100
AcDbEntity
8
1
62
256
6
ByLayer
370
18
48
1
60
0
100
AcDbSpline
70
4
71
3
72
14
73
10
40
0
40
0
40
0
40
0
40
0.5
40
0.5
40
0.75
40
0.75
40
0.875
40
0.875
40
1
40
1
40
1
40
1
41
1
10
21.185424562853
20
1.55743104860386
30
0
41
1
10
21.6111989132779
20
1.20095974365572
30
0
41
1
10
22.0353397337952
20
0.840503645045715
30
0
41
1
10
22.6718748724572
20
0.2971008173987
30
0
41
1
10
22.8841063129105
20
0.115511890916309
30
0
41
1
10
23.2028792503216
20
-0.157150964500602
30
0
41
1
10
23.3092078962949
20
-0.248085145473141
30
0
41
1
10
23.5220656635542
20
-0.429978984825993
30
0
41
1
10
23.6285020194067
20
-0.520859294645533
30
0
41
1
10
23.7349232500336
20
-0.611595062830247
30
0
0
SPLINE
5
1DD
100
AcDbEntity
8
1
62
256
6
ByLayer
370
18
48
1
60
0
100
AcDbSpline
70
4
71
3
72
9
73
5
40
0
40
0
40
0
40
0
40
0.138144023810641
40
1
40
1
40
1
40
1
41
1
10
71.7198519346639
20
-7.83124873547499
30
0
41
1
10
71.7219121073061
20
-7.83490557575792
30
0
41
1
10
71.7363357019748
20
-7.86159834702241
30
0
41
1
10
71.747442027355
20
-7.88932913496194
30
0
41
1
10
71.7541956718043
20
-7.91488307476658
30
0
0
SPLINE
5
1DE
100
AcDbEntity
8
1
62
256
6
ByLayer
370
18
48
1
60
0
100
AcDbSpline
70
4
71
2
72
6
73
3
40
0
40
0
40
0
40
1
40
1
40
1
41
1
10
75.7720158349874
20
-7.0186229447998
30
0
41
1
10
75.8640267895535
20
-6.66623579134736
30
0
41
1
10
75.9560377441196
20
-6.31384863789495
30
0
0
SPLINE
5
1DF
100
AcDbEntity
8
1
62
256
6
ByLayer
370
18
48
1
60
0
100
AcDbSpline
70
4
71
3
72
14
73
10
40
0
40
0
40
0
40
0
40
0.203688191083946
40
0.364464090965422
40
0.482115316876641
40
0.575475970841101
40
0.679420375981281
40
0.807548930013264
40
1
40
1
40
1
40
1
41
1
10
71.7305344653888
20
-7.91243708214037
30
0
41
1
10
71.9191918058813
20
-7.89291594543838
30
0
41
1
10
72.2588740546909
20
-7.85745177764795
30
0
41
1
10
72.712112501528
20
-7.80897296151755
30
0
41
1
10
73.0660434446368
20
-7.77124520513794
30
0
41
1
10
73.3653820072628
20
-7.73969410388816
30
0
41
1
10
73.6746629139088
20
-7.70740524115877
30
0
41
1
10
74.0785368599579
20
-7.66580659176259
30
0
41
1
10
74.3827861322611
20
-7.63492353756195
30
0
41
1
10
74.5652893002853
20
-7.61657627845022
30
0
0
SPLINE
5
1E0
100
AcDbEntity
8
1
62
256
6
ByLayer
370
18
48
1
60
0
100
AcDbSpline
70
4
71
3
72
14
73
10
40
0
40
0
40
0
40
0
40
0.208602168183621
40
0.361869123180445
40
0.460399817870944
40
0.539187014057304
40
0.644416656048746
40
0.789890703140311
40
1
40
1
40
1
40
1
41
1
10
26.4427863158952
20
-7.93284377410075
30
0
41
1
10
26.650300970329
20
-7.91008734376177
30
0
41
1
10
27.0098823228802
20
-7.87091339570736
30
0
41
1
10
27.4675835921974
20
-7.82146558060043
30
0
41
1
10
27.7944934755754
20
-7.7866178424816
30
0
41
1
10
28.0737497176142
20
-7.75679105586607
30
0
41
1
10
28.4014741175164
20
-7.72197417358103
30
0
41
1
10
28.8596388373173
20
-7.67399500328554
30
0
41
1
10
29.2132729376974
20
-7.63803333643529
30
0
41
1
10
29.4222340943462
20
-7.6171262644595
30
0
0
SPLINE
5
1E1
100
AcDbEntity
8
1
62
256
6
ByLayer
370
18
48
1
60
0
100
AcDbSpline
70
4
71
3
72
15
73
11
40
0
40
0
40
0
40
0
40
0.165543539146545
40
0.281626662958983
40
0.377347760162845
40
0.496994249070372
40
0.61711198205593
40
0.712538122162388
40
0.829424362468726
40
1
40
1
40
1
40
1
41
1
10
59.8526116306094
20
-7.94253451791883
30
0
41
1
10
60.0214330380851
20
-7.92399533398955
30
0
41
1
10
60.3088670488323
20
-7.89254106100231
30
0
41
1
10
60.6953236492468
20
-7.85037516297038
30
0
41
1
10
61.0338390177783
20
-7.81380986347142
30
0
41
1
10
61.3773414521638
20
-7.77698717289695
30
0
41
1
10
61.7203753438043
20
-7.74067605743804
30
0
41
1
10
62.0604205530065
20
-7.70502873213391
30
0
41
1
10
62.4526612298257
20
-7.66445223862038
30
0
41
1
10
62.7455655650343
20
-7.63470803095345
30
0
41
1
10
62.9190355390369
20
-7.61728819235611
30
0
0
SPLINE
5
1E2
100
AcDbEntity
8
1
62
256
6
ByLayer
370
18
48
1
60
0
100
AcDbSpline
70
4
71
1
72
4
73
2
40
0
40
0
40
1
40
1
41
1
10
24.3985070530751
20
7.16230835488369
30
0
41
1
10
22.5453940117673
20
7.55452539852257
30
0
0
SPLINE
5
1E3
100
AcDbEntity
8
1
62
256
6
ByLayer
370
18
48
1
60
0
100
AcDbSpline
70
4
71
3
72
16
73
12
40
0
40
0
40
0
40
0
40
0.150465528162681
40
0.26537374890596
40
0.344697724659766
40
0.414062056886038
40
0.476853449401892
40
0.539025781517261
40
0.638511386236193
40
0.792106887177839
40
1
40
1
40
1
40
1
41
1
10
49.170156840167
20
-7.94062226365241
30
0
41
1
10
49.3231469511244
20
-7.92383222736763
30
0
41
1
10
49.5929961047345
20
-7.89431068494912
30
0
41
1
10
49.9434825205325
20
-7.85612711471643
30
0
41
1
10
50.2116343092686
20
-7.82710281243254
30
0
41
1
10
50.4257736428799
20
-7.80408077074677
30
0
41
1
10
50.6230593380547
20
-7.78299780281745
30
0
41
1
10
50.8512863410793
20
-7.75876632368849
30
0
41
1
10
51.1718548881101
20
-7.7248485858764
30
0
41
1
10
51.6405594676067
20
-7.6755740959029
30
0
41
1
10
52.008150043713
20
-7.63787879202556
30
0
41
1
10
52.2195570898013
20
-7.61645493944573
30
0
0
SPLINE
5
1E4
100
AcDbEntity
8
1
62
256
6
ByLayer
370
18
48
1
60
0
100
AcDbSpline
70
4
71
3
72
15
73
11
40
0
40
0
40
0
40
0
40
0.183122821455984
40
0.302304631089213
40
0.372263194307739
40
0.442379429827154
40
0.517801616719154
40
0.629073683616793
40
0.789845598846703
40
1
40
1
40
1
40
1
41
1
10
38.0050798663643
20
-7.94065730627193
30
0
41
1
10
38.1911881946024
20
-7.9202750679639
30
0
41
1
10
38.4983896289839
20
-7.88672241184898
30
0
41
1
10
38.8765938677092
20
-7.84558712828888
30
0
41
1
10
39.1399868535733
20
-7.81703537941539
30
0
41
1
10
39.3589587843962
20
-7.79341174370649
30
0
41
1
10
39.6199544734071
20
-7.76550651669965
30
0
41
1
10
39.9731138008688
20
-7.72821648422294
30
0
41
1
10
40.4631949977588
20
-7.67718668623769
30
0
41
1
10
40.8401452487594
20
-7.63847752624847
30
0
41
1
10
41.053701864559
20
-7.61674152690912
30
0
0
SPLINE
5
1E5
100
AcDbEntity
8
1
62
256
6
ByLayer
370
18
48
1
60
0
100
AcDbSpline
70
4
71
2
72
6
73
3
40
0
40
0
40
0
40
1
40
1
40
1
41
1
10
75.9651022999289
20
2.57190537422284
30
0
41
1
10
75.8767975001574
20
3.1998269726968
30
0
41
1
10
75.7884927003858
20
3.82774857117073
30
0
0
SPLINE
5
1E6
100
AcDbEntity
8
1
62
256
6
ByLayer
370
18
48
1
60
0
100
AcDbSpline
70
4
71
3
72
15
73
11
40
0
40
0
40
0
40
0
40
0.192804381583623
40
0.336232757995337
40
0.431933562822078
40
0.509529728291543
40
0.587169535096878
40
0.680073504525942
40
0.817598451833068
40
1
40
1
40
1
40
1
41
1
10
68.9679851259165
20
7.61693669518078
30
0
41
1
10
68.771176481514
20
7.63677395806616
30
0
41
1
10
68.4281256456401
20
7.67176913809109
30
0
41
1
10
67.9873723094572
20
7.71768438559783
30
0
41
1
10
67.664898943971
20
7.75174596398563
30
0
41
1
10
67.4100780889071
20
7.77885915945322
30
0
41
1
10
67.157822455188
20
7.80584254274754
30
0
41
1
10
66.8439987036558
20
7.83963916754766
30
0
41
1
10
66.4229161686619
20
7.88540506607814
30
0
41
1
10
66.0967446675046
20
7.92105114143448
30
0
41
1
10
65.9107599427372
20
7.94146512008345
30
0
0
SPLINE
5
1E7
100
AcDbEntity
8
1
62
256
6
ByLayer
370
18
48
1
60
0
100
AcDbSpline
70
4
71
3
72
15
73
11
40
0
40
0
40
0
40
0
40
0.176220751972446
40
0.292341891488248
40
0.362755427399667
40
0.436043606373231
40
0.517090094231025
40
0.632133603592151
40
0.793095418839178
40
1
40
1
40
1
40
1
41
1
10
35.006425889991
20
7.61657674454193
30
0
41
1
10
34.8273872417652
20
7.63479185367837
30
0
41
1
10
34.5303115440816
20
7.66526136734225
30
0
41
1
10
34.1616162543333
20
7.70365095655572
30
0
41
1
10
33.897419363461
20
7.73131104412906
30
0
41
1
10
33.6688354786894
20
7.75530404024289
30
0
41
1
10
33.3948298973414
20
7.78434804613988
30
0
41
1
10
33.0317995428787
20
7.82340028237297
30
0
41
1
10
32.5408720155564
20
7.87676132802847
30
0
41
1
10
32.1668442153313
20
7.9176173359642
30
0
41
1
10
31.9564690190886
20
7.94069527719023
30
0
0
SPLINE
5
1E8
100
AcDbEntity
8
1
62
256
6
ByLayer
370
18
48
1
60
0
100
AcDbSpline
70
4
71
3
72
8
73
4
40
0
40
0
40
0
40
0
40
1
40
1
40
1
40
1
41
1
10
35.3947797711876
20
1.55068288476346
30
0
41
1
10
35.4369238506232
20
1.51482203975564
30
0
41
1
10
35.4786129234331
20
1.47905747249027
30
0
41
1
10
35.5198774948328
20
1.44335931727332
30
0
0
SPLINE
5
1E9
100
AcDbEntity
8
1
62
256
6
ByLayer
370
18
48
1
60
0
100
AcDbSpline
70
4
71
1
72
4
73
2
40
0
40
0
40
1
40
1
41
1
10
35.5198774948328
20
1.44335931727332
30
0
41
1
10
35.5834605375555
20
1.39019885344513
30
0
0
SPLINE
5
1EA
100
AcDbEntity
8
1
62
256
6
ByLayer
370
18
48
1
60
0
100
AcDbSpline
70
4
71
3
72
14
73
10
40
0
40
0
40
0
40
0
40
0.161477946540373
40
0.280297092883894
40
0.382354769147718
40
0.505502123870872
40
0.663085928389632
40
0.799329259402447
40
1
40
1
40
1
40
1
41
1
10
46.6356479603705
20
7.61701624067237
30
0
41
1
10
46.4730182492974
20
7.63323154247414
30
0
41
1
10
46.1898697035302
20
7.66188279589238
30
0
41
1
10
45.7998213629202
20
7.70237438169272
30
0
41
1
10
45.4504314615982
20
7.73929554317291
30
0
41
1
10
45.0605413245002
20
7.7808427440128
30
0
41
1
10
44.6362836409738
20
7.82651945744743
30
0
41
1
10
44.1329499255354
20
7.88089567255381
30
0
41
1
10
43.7917099354053
20
7.91819996600927
30
0
41
1
10
43.5888747270303
20
7.94050023678818
30
0
0
SPLINE
5
1EB
100
AcDbEntity
8
1
62
256
6
ByLayer
370
18
48
1
60
0
100
AcDbSpline
70
4
71
3
72
15
73
11
40
0
40
0
40
0
40
0
40
0.193256256432618
40
0.317386995619799
40
0.387842363024195
40
0.457074983549227
40
0.530463825140977
40
0.638473659522825
40
0.795023504892884
40
1
40
1
40
1
40
1
41
1
10
57.3348920100797
20
7.61730213839991
30
0
41
1
10
57.1385484488441
20
7.63687164117641
30
0
41
1
10
56.8162266177563
20
7.66953104854011
30
0
41
1
10
56.4223325022418
20
7.71044510400733
30
0
41
1
10
56.1548234325994
20
7.73875291416937
30
0
41
1
10
55.9385997610243
20
7.7617875793967
30
0
41
1
10
55.6841521035036
20
7.78905752658949
30
0
41
1
10
55.3411730803972
20
7.82600709765651
30
0
41
1
10
54.8646424258385
20
7.87751009749624
30
0
41
1
10
54.4976776927998
20
7.91756649434538
30
0
41
1
10
54.2896053635503
20
7.94038440896307
30
0
0
LINE
5
7B
100
AcDbEntity
8
80
62
256
6
ByLayer
370
18
48
1
60
0
100
AcDbLine
10
0
20
0
30
0
11
-5
21
0
31
0
39
0
210
0
220
0
230
1
0
LINE
5
7C
100
AcDbEntity
8
4
62
256
6
ByLayer
370
18
48
0.05
60
0
100
AcDbLine
10
0
20
0
30
0
11
76
21
0
31
0
39
0
210
0
220
0
230
1
0
LINE
5
7E
100
AcDbEntity
8
81
62
256
6
ByLayer
370
18
48
1
60
0
100
AcDbLine
10
76
20
0
30
0
11
81
21
0
31
0
39
0
210
0
220
0
230
1
0
LINE
5
7F
100
AcDbEntity
8
SK4
62
256
6
ByLayer
370
18
48
0.05
60
0
100
AcDbLine
10
-48
20
0
30
0
11
76
21
0
31
0
39
0
210
0
220
0
230
1
0
LINE
5
81
100
AcDbEntity
8
1
62
256
6
ByLayer
370
18
48
1
60
0
100
AcDbLine
10
0
20
8
30
0
11
0
21
0
31
0
39
0
210
0
220
0
230
1
0
LINE
5
82
100
AcDbEntity
8
1
62
256
6
ByLayer
370
18
48
1
60
0
100
AcDbLine
10
0
20
0
30
0
11
0
21
-8
31
0
39
0
210
0
220
0
230
1
0
LINE
5
83
100
AcDbEntity
8
1
62
256
6
ByLayer
370
18
48
1
60
0
100
AcDbLine
10
75.804214
20
1.178807
30
0
11
75.622651
21
-0.02279
31
0
39
0
210
0
220
0
230
1
0
LINE
5
84
100
AcDbEntity
8
1
62
256
6
ByLayer
370
18
48
1
60
0
100
AcDbLine
10
75.738061
20
0.897081
30
0
11
75.972043
21
2.448129
31
0
39
0
210
0
220
0
230
1
0
LINE
5
85
100
AcDbEntity
8
1
62
256
6
ByLayer
370
18
48
1
60
0
100
AcDbLine
10
75.116745
20
-1.469553
30
0
11
75.622651
21
-0.02279
31
0
39
0
210
0
220
0
230
1
0
LINE
5
86
100
AcDbEntity
8
1
62
256
6
ByLayer
370
18
48
1
60
0
100
AcDbLine
10
75.622651
20
-0.02279
30
0
11
75.738061
21
0.897081
31
0
39
0
210
0
220
0
230
1
0
LINE
5
87
100
AcDbEntity
8
1
62
256
6
ByLayer
370
18
48
1
60
0
100
AcDbLine
10
74.722811
20
0.565155
30
0
11
75.738061
21
0.897081
31
0
39
0
210
0
220
0
230
1
0
LINE
5
88
100
AcDbEntity
8
1
62
256
6
ByLayer
370
18
48
1
60
0
100
AcDbLine
10
75.970063
20
-6.156818
30
0
11
75.972043
21
-6.187231
31
0
39
0
210
0
220
0
230
1
0
LINE
5
89
100
AcDbEntity
8
1
62
256
6
ByLayer
370
18
48
1
60
0
100
AcDbLine
10
75.804214
20
-6.75652
30
0
11
75.785408
21
-6.463625
31
0
39
0
210
0
220
0
230
1
0
LINE
5
8A
100
AcDbEntity
8
1
62
256
6
ByLayer
370
18
48
1
60
0
100
AcDbLine
10
75.780663
20
3.857368
30
0
11
75.972043
21
7.469778
31
0
39
0
210
0
220
0
230
1
0
LINE
5
8B
100
AcDbEntity
8
1
62
256
6
ByLayer
370
13
48
1
60
0
100
AcDbLine
10
74.520545
20
0.670531
30
0
11
74.722811
21
0.565155
31
0
39
0
210
0
220
0
230
1
0
LINE
5
8C
100
AcDbEntity
8
1
62
256
6
ByLayer
370
13
48
1
60
0
100
AcDbLine
10
72.620884
20
-4.61091
30
0
11
71.566161
21
-6.085244
31
0
39
0
210
0
220
0
230
1
0
LINE
5
8D
100
AcDbEntity
8
1
62
256
6
ByLayer
370
18
48
1
60
0
100
AcDbLine
10
75.622651
20
-2.368758
30
0
11
75.738061
21
-2.445679
31
0
39
0
210
0
220
0
230
1
0
LINE
5
8E
100
AcDbEntity
8
1
62
256
6
ByLayer
370
18
48
1
60
0
100
AcDbLine
10
75.738061
20
-2.445679
30
0
11
75.972043
21
-6.131204
31
0
39
0
210
0
220
0
230
1
0
LINE
5
8F
100
AcDbEntity
8
1
62
256
6
ByLayer
370
18
48
1
60
0
100
AcDbLine
10
75.804214
20
-5.250811
30
0
11
75.622651
21
-2.368758
31
0
39
0
210
0
220
0
230
1
0
LINE
5
90
100
AcDbEntity
8
1
62
256
6
ByLayer
370
18
48
1
60
0
100
AcDbLine
10
75.116745
20
-2.04192
30
0
11
75.622651
21
-2.368758
31
0
39
0
210
0
220
0
230
1
0
LINE
5
91
100
AcDbEntity
8
1
62
256
6
ByLayer
370
13
48
1
60
0
100
AcDbLine
10
73.155812
20
2.002169
30
0
11
74.681619
21
1.024922
31
0
39
0
210
0
220
0
230
1
0
LINE
5
92
100
AcDbEntity
8
1
62
256
6
ByLayer
370
18
48
1
60
0
100
AcDbLine
10
75.744878
20
1.184999
30
0
11
74.681619
21
1.024922
31
0
39
0
210
0
220
0
230
1
0
LINE
5
93
100
AcDbEntity
8
1
62
256
6
ByLayer
370
18
48
1
60
0
100
AcDbLine
10
75.744878
20
1.184999
30
0
11
75.972043
21
2.541371
31
0
39
0
210
0
220
0
230
1
0
LINE
5
94
100
AcDbEntity
8
1
62
256
6
ByLayer
370
13
48
1
60
0
100
AcDbLine
10
3.997679
20
-7.6
30
0
11
3.997679
21
0
31
0
39
0
210
0
220
0
230
1
0
LINE
5
95
100
AcDbEntity
8
1
62
256
6
ByLayer
370
13
48
1
60
0
100
AcDbLine
10
3.997679
20
0
30
0
11
3.997679
21
7.6
31
0
39
0
210
0
220
0
230
1
0
LINE
5
96
100
AcDbEntity
8
1
62
256
6
ByLayer
370
13
48
1
60
0
100
AcDbLine
10
3.497679
20
7.733975
30
0
11
3.497679
21
0
31
0
39
0
210
0
220
0
230
1
0
LINE
5
97
100
AcDbEntity
8
1
62
256
6
ByLayer
370
13
48
1
60
0
100
AcDbLine
10
3.497679
20
0
30
0
11
3.497679
21
-7.733975
31
0
39
0
210
0
220
0
230
1
0
LINE
5
98
100
AcDbEntity
8
1
62
256
6
ByLayer
370
18
48
1
60
0
100
AcDbLine
10
3.036909
20
8
30
0
11
3.036909
21
0
31
0
39
0
210
0
220
0
230
1
0
LINE
5
99
100
AcDbEntity
8
1
62
256
6
ByLayer
370
18
48
1
60
0
100
AcDbLine
10
3.036909
20
0
30
0
11
3.036909
21
-8
31
0
39
0
210
0
220
0
230
1
0
LINE
5
9A
100
AcDbEntity
8
SK1
62
256
6
ByLayer
370
18
48
1
60
0
100
AcDbLine
10
0
20
8
30
0
11
0
21
0
31
0
39
0
210
0
220
0
230
1
0
LINE
5
9C
100
AcDbEntity
8
SK1
62
256
6
ByLayer
370
18
48
1
60
0
100
AcDbLine
10
0
20
0
30
0
11
0
21
-8
31
0
39
0
210
0
220
0
230
1
0
LINE
5
9D
100
AcDbEntity
8
SK1
62
256
6
ByLayer
370
18
48
1
60
0
100
AcDbLine
10
-29
20
6.2
30
0
11
-30.8
21
8
31
0
39
0
210
0
220
0
230
1
0
LINE
5
9E
100
AcDbEntity
8
SK1
62
256
6
ByLayer
370
18
48
1
60
0
100
AcDbLine
10
-19
20
6.2
30
0
11
-17.2
21
8
31
0
39
0
210
0
220
0
230
1
0
LINE
5
9F
100
AcDbEntity
8
SK1
62
256
6
ByLayer
370
18
48
1
60
0
100
AcDbLine
10
-29
20
6.2
30
0
11
-19
21
6.2
31
0
39
0
210
0
220
0
230
1
0
LINE
5
A0
100
AcDbEntity
8
SK1
62
256
6
ByLayer
370
18
48
1
60
0
100
AcDbLine
10
-47.2
20
8
30
0
11
-47.2
21
-8
31
0
39
0
210
0
220
0
230
1
0
LINE
5
A1
100
AcDbEntity
8
SK1
62
256
6
ByLayer
370
18
48
1
60
0
100
AcDbLine
10
-48
20
-7.2
30
0
11
-48
21
7.2
31
0
39
0
210
0
220
0
230
1
0
LINE
5
A2
100
AcDbEntity
8
1
62
256
6
ByLayer
370
18
48
1
60
0
100
AcDbLine
10
3.036909
20
8
30
0
11
0
21
8
31
0
39
0
210
0
220
0
230
1
0
LINE
5
A3
100
AcDbEntity
8
1
62
256
6
ByLayer
370
18
48
1
60
0
100
AcDbLine
10
0
20
-8
30
0
11
3.036909
21
-8
31
0
39
0
210
0
220
0
230
1
0
LINE
5
A4
100
AcDbEntity
8
1
62
256
6
ByLayer
370
18
48
1
60
0
100
AcDbLine
10
22.140539
20
7.6
30
0
11
3.997679
21
7.6
31
0
39
0
210
0
220
0
230
1
0
LINE
5
A5
100
AcDbEntity
8
1
62
256
6
ByLayer
370
18
48
1
60
0
100
AcDbLine
10
3.997679
20
-7.6
30
0
11
19.372123
21
-7.6
31
0
39
0
210
0
220
0
230
1
0
LINE
5
A6
100
AcDbEntity
8
1
62
256
6
ByLayer
370
18
48
1
60
0
100
AcDbLine
10
3.497679
20
7.733975
30
0
11
3.036909
21
8
31
0
39
0
210
0
220
0
230
1
0
LINE
5
A7
100
AcDbEntity
8
1
62
256
6
ByLayer
370
18
48
1
60
0
100
AcDbLine
10
3.036909
20
-8
30
0
11
3.497679
21
-7.733975
31
0
39
0
210
0
220
0
230
1
0
LINE
5
A8
100
AcDbEntity
8
SK1
62
256
6
ByLayer
370
18
48
1
60
0
100
AcDbLine
10
0
20
8
30
0
11
-17.2
21
8
31
0
39
0
210
0
220
0
230
1
0
LINE
5
A9
100
AcDbEntity
8
SK1
62
256
6
ByLayer
370
18
48
1
60
0
100
AcDbLine
10
-30.8
20
8
30
0
11
-47.2
21
8
31
0
39
0
210
0
220
0
230
1
0
LINE
5
AA
100
AcDbEntity
8
SK1
62
256
6
ByLayer
370
18
48
1
60
0
100
AcDbLine
10
-47.2
20
-8
30
0
11
0
21
-8
31
0
39
0
210
0
220
0
230
1
0
LINE
5
AB
100
AcDbEntity
8
SK1
62
256
6
ByLayer
370
18
48
1
60
0
100
AcDbLine
10
-48
20
-7.2
30
0
11
-47.2
21
-8
31
0
39
0
210
0
220
0
230
1
0
LINE
5
AC
100
AcDbEntity
8
SK1
62
256
6
ByLayer
370
18
48
1
60
0
100
AcDbLine
10
-47.2
20
8
30
0
11
-48
21
7.2
31
0
39
0
210
0
220
0
230
1
0
LINE
5
AD
100
AcDbEntity
8
SK2
62
256
6
ByLayer
370
18
48
1
60
0
100
AcDbLine
10
-55.45
20
8
30
0
11
-55.45
21
-26.056066
31
0
39
0
210
0
220
0
230
1
0
LINE
5
AF
100
AcDbEntity
8
SK2
62
256
6
ByLayer
370
18
48
1
60
0
100
AcDbLine
10
-48.7875
20
8
30
0
11
-57.45
21
8
31
0
39
0
210
0
220
0
230
1
0
LINE
5
B0
100
AcDbEntity
8
SK2
62
256
6
ByLayer
370
18
48
1
60
0
100
AcDbLine
10
-48.7875
20
-8
30
0
11
-57.45
21
-8
31
0
39
0
210
0
220
0
230
1
0
LINE
5
B1
100
AcDbEntity
8
1
62
256
6
ByLayer
370
18
48
1
60
1
100
AcDbLine
10
-55.45
20
8
30
0
11
-54.989216
21
4.500002
31
0
39
0
210
0
220
0
230
1
0
LINE
5
B2
100
AcDbEntity
8
1
62
256
6
ByLayer
370
18
48
1
60
1
100
AcDbLine
10
-54.989216
20
4.500002
30
0
11
-55.910784
21
4.499998
31
0
39
0
210
0
220
0
230
1
0
LINE
5
B3
100
AcDbEntity
8
1
62
256
6
ByLayer
370
18
48
1
60
1
100
AcDbLine
10
-55.910784
20
4.499998
30
0
11
-55.45
21
8
31
0
39
0
210
0
220
0
230
1
0
LINE
5
B4
100
AcDbEntity
8
1
62
256
6
ByLayer
370
18
48
1
60
1
100
AcDbLine
10
-55.45
20
-8
30
0
11
-55.910784
21
-4.500002
31
0
39
0
210
0
220
0
230
1
0
LINE
5
B5
100
AcDbEntity
8
1
62
256
6
ByLayer
370
18
48
1
60
1
100
AcDbLine
10
-55.910784
20
-4.500002
30
0
11
-54.989216
21
-4.499998
31
0
39
0
210
0
220
0
230
1
0
LINE
5
B6
100
AcDbEntity
8
1
62
256
6
ByLayer
370
18
48
1
60
1
100
AcDbLine
10
-54.989216
20
-4.499998
30
0
11
-55.45
21
-8
31
0
39
0
210
0
220
0
230
1
0
LINE
5
B7
100
AcDbEntity
8
SK2
62
256
6
ByLayer
370
13
48
1
60
0
100
AcDbLine
10
15.968455
20
-7.6
30
0
11
15.968455
21
33.689532
31
0
39
0
210
0
220
0
230
1
0
LINE
5
B8
100
AcDbEntity
8
SK2
62
256
6
ByLayer
370
13
48
1
60
0
100
AcDbLine
10
23.45173
20
7.6
30
0
11
13.968455
21
7.6
31
0
39
0
210
0
220
0
230
1
0
LINE
5
B9
100
AcDbEntity
8
SK2
62
256
6
ByLayer
370
13
48
1
60
0
100
AcDbLine
10
23.45173
20
-7.6
30
0
11
13.968455
21
-7.6
31
0
39
0
210
0
220
0
230
1
0
LINE
5
BA
100
AcDbEntity
8
1
62
256
6
ByLayer
370
18
48
1
60
1
100
AcDbLine
10
15.968455
20
7.6
30
0
11
16.429238
21
4.100002
31
0
39
0
210
0
220
0
230
1
0
LINE
5
BB
100
AcDbEntity
8
1
62
256
6
ByLayer
370
18
48
1
60
1
100
AcDbLine
10
16.429238
20
4.100002
30
0
11
15.507671
21
4.099998
31
0
39
0
210
0
220
0
230
1
0
LINE
5
BC
100
AcDbEntity
8
1
62
256
6
ByLayer
370
18
48
1
60
1
100
AcDbLine
10
15.507671
20
4.099998
30
0
11
15.968455
21
7.6
31
0
39
0
210
0
220
0
230
1
0
LINE
5
BD
100
AcDbEntity
8
1
62
256
6
ByLayer
370
18
48
1
60
1
100
AcDbLine
10
15.968455
20
-7.6
30
0
11
15.507671
21
-4.100002
31
0
39
0
210
0
220
0
230
1
0
LINE
5
BE
100
AcDbEntity
8
1
62
256
6
ByLayer
370
18
48
1
60
1
100
AcDbLine
10
15.507671
20
-4.100002
30
0
11
16.429238
21
-4.099998
31
0
39
0
210
0
220
0
230
1
0
LINE
5
BF
100
AcDbEntity
8
1
62
256
6
ByLayer
370
18
48
1
60
1
100
AcDbLine
10
16.429238
20
-4.099998
30
0
11
15.968455
21
-7.6
31
0
39
0
210
0
220
0
230
1
0
LINE
5
C0
100
AcDbEntity
8
2
62
256
6
ByLayer
370
13
48
1
60
0
100
AcDbLine
10
88
20
-8
30
0
11
88
21
26.056066
31
0
39
0
210
0
220
0
230
1
0
LINE
5
C2
100
AcDbEntity
8
2
62
256
6
ByLayer
370
13
48
1
60
0
100
AcDbLine
10
27.5875
20
8
30
0
11
90
21
8
31
0
39
0
210
0
220
0
230
1
0
LINE
5
C3
100
AcDbEntity
8
2
62
256
6
ByLayer
370
13
48
1
60
0
100
AcDbLine
10
27.5875
20
-8
30
0
11
90
21
-8
31
0
39
0
210
0
220
0
230
1
0
LINE
5
C4
100
AcDbEntity
8
1
62
256
6
ByLayer
370
18
48
1
60
1
100
AcDbLine
10
88
20
8
30
0
11
88.460784
21
4.500002
31
0
39
0
210
0
220
0
230
1
0
LINE
5
C5
100
AcDbEntity
8
1
62
256
6
ByLayer
370
18
48
1
60
1
100
AcDbLine
10
88.460784
20
4.500002
30
0
11
87.539216
21
4.499998
31
0
39
0
210
0
220
0
230
1
0
LINE
5
C6
100
AcDbEntity
8
1
62
256
6
ByLayer
370
18
48
1
60
1
100
AcDbLine
10
87.539216
20
4.499998
30
0
11
88
21
8
31
0
39
0
210
0
220
0
230
1
0
LINE
5
C7
100
AcDbEntity
8
1
62
256
6
ByLayer
370
18
48
1
60
1
100
AcDbLine
10
88
20
-8
30
0
11
87.539216
21
-4.500002
31
0
39
0
210
0
220
0
230
1
0
LINE
5
C8
100
AcDbEntity
8
1
62
256
6
ByLayer
370
18
48
1
60
1
100
AcDbLine
10
87.539216
20
-4.500002
30
0
11
88.460784
21
-4.499998
31
0
39
0
210
0
220
0
230
1
0
LINE
5
C9
100
AcDbEntity
8
1
62
256
6
ByLayer
370
18
48
1
60
1
100
AcDbLine
10
88.460784
20
-4.499998
30
0
11
88
21
-8
31
0
39
0
210
0
220
0
230
1
0
LINE
5
CA
100
AcDbEntity
8
SK2
62
256
6
ByLayer
370
18
48
1
60
0
100
AcDbLine
10
76
20
-57.169225
30
0
11
-48
21
-57.169225
31
0
39
0
210
0
220
0
230
1
0
LINE
5
CB
100
AcDbEntity
8
SK2
62
256
6
ByLayer
370
18
48
1
60
0
100
AcDbLine
10
-48
20
-8.7875
30
0
11
-48
21
-59.169225
31
0
39
0
210
0
220
0
230
1
0
LINE
5
CC
100
AcDbEntity
8
SK2
62
256
6
ByLayer
370
18
48
1
60
0
100
AcDbLine
10
76
20
-9.5875
30
0
11
76
21
-59.169225
31
0
39
0
210
0
220
0
230
1
0
LINE
5
CD
100
AcDbEntity
8
1
62
256
6
ByLayer
370
18
48
1
60
1
100
AcDbLine
10
-48
20
-57.169225
30
0
11
-44.500002
21
-56.708441
31
0
39
0
210
0
220
0
230
1
0
LINE
5
CE
100
AcDbEntity
8
1
62
256
6
ByLayer
370
18
48
1
60
1
100
AcDbLine
10
-44.500002
20
-56.708441
30
0
11
-44.499998
21
-57.630009
31
0
39
0
210
0
220
0
230
1
0
LINE
5
CF
100
AcDbEntity
8
1
62
256
6
ByLayer
370
18
48
1
60
1
100
AcDbLine
10
-44.499998
20
-57.630009
30
0
11
-48
21
-57.169225
31
0
39
0
210
0
220
0
230
1
0
LINE
5
D0
100
AcDbEntity
8
1
62
256
6
ByLayer
370
18
48
1
60
1
100
AcDbLine
10
76
20
-57.169225
30
0
11
72.500002
21
-57.630009
31
0
39
0
210
0
220
0
230
1
0
LINE
5
D1
100
AcDbEntity
8
1
62
256
6
ByLayer
370
18
48
1
60
1
100
AcDbLine
10
72.500002
20
-57.630009
30
0
11
72.499998
21
-56.708441
31
0
39
0
210
0
220
0
230
1
0
LINE
5
D2
100
AcDbEntity
8
1
62
256
6
ByLayer
370
18
48
1
60
1
100
AcDbLine
10
72.499998
20
-56.708441
30
0
11
76
21
-57.169225
31
0
39
0
210
0
220
0
230
1
0
LINE
5
D3
100
AcDbEntity
8
SK2
62
256
6
ByLayer
370
13
48
1
60
0
100
AcDbLine
10
75.864505
20
-7.842252
30
0
11
89.552914
21
-20.694991
31
0
39
0
210
0
220
0
230
1
0
LINE
5
D4
100
AcDbEntity
8
1
62
256
6
ByLayer
370
18
48
1
60
1
100
AcDbLine
10
75.864505
20
-7.842252
30
0
11
78.731444
21
-9.902098
31
0
39
0
210
0
220
0
230
1
0
LINE
5
D5
100
AcDbEntity
8
1
62
256
6
ByLayer
370
18
48
1
60
1
100
AcDbLine
10
78.731444
20
-9.902098
30
0
11
78.10063
21
-10.573932
31
0
39
0
210
0
220
0
230
1
0
LINE
5
D6
100
AcDbEntity
8
1
62
256
6
ByLayer
370
18
48
1
60
1
100
AcDbLine
10
78.10063
20
-10.573932
30
0
11
75.864505
21
-7.842252
31
0
39
0
210
0
220
0
230
1
0
LINE
5
1F0
100
AcDbEntity
8
1
62
256
6
ByLayer
370
18
48
1
60
1
100
AcDbLine
10
-55.45
20
8
30
0
11
-54.989216
21
4.500002
31
0
39
0
210
0
220
0
230
1
0
LINE
5
1F1
100
AcDbEntity
8
1
62
256
6
ByLayer
370
18
48
1
60
1
100
AcDbLine
10
-54.989216
20
4.500002
30
0
11
-55.910784
21
4.499998
31
0
39
0
210
0
220
0
230
1
0
LINE
5
1F2
100
AcDbEntity
8
1
62
256
6
ByLayer
370
18
48
1
60
1
100
AcDbLine
10
-55.910784
20
4.499998
30
0
11
-55.45
21
8
31
0
39
0
210
0
220
0
230
1
0
LINE
5
1F4
100
AcDbEntity
8
1
62
256
6
ByLayer
370
18
48
1
60
1
100
AcDbLine
10
-55.45
20
-8
30
0
11
-55.910784
21
-4.500002
31
0
39
0
210
0
220
0
230
1
0
LINE
5
1F5
100
AcDbEntity
8
1
62
256
6
ByLayer
370
18
48
1
60
1
100
AcDbLine
10
-55.910784
20
-4.500002
30
0
11
-54.989216
21
-4.499998
31
0
39
0
210
0
220
0
230
1
0
LINE
5
1F6
100
AcDbEntity
8
1
62
256
6
ByLayer
370
18
48
1
60
1
100
AcDbLine
10
-54.989216
20
-4.499998
30
0
11
-55.45
21
-8
31
0
39
0
210
0
220
0
230
1
0
LINE
5
1FA
100
AcDbEntity
8
1
62
256
6
ByLayer
370
18
48
1
60
1
100
AcDbLine
10
15.968455
20
7.6
30
0
11
16.429238
21
4.100002
31
0
39
0
210
0
220
0
230
1
0
LINE
5
1FB
100
AcDbEntity
8
1
62
256
6
ByLayer
370
18
48
1
60
1
100
AcDbLine
10
16.429238
20
4.100002
30
0
11
15.507671
21
4.099998
31
0
39
0
210
0
220
0
230
1
0
LINE
5
1FC
100
AcDbEntity
8
1
62
256
6
ByLayer
370
18
48
1
60
1
100
AcDbLine
10
15.507671
20
4.099998
30
0
11
15.968455
21
7.6
31
0
39
0
210
0
220
0
230
1
0
LINE
5
1FE
100
AcDbEntity
8
1
62
256
6
ByLayer
370
18
48
1
60
1
100
AcDbLine
10
15.968455
20
-7.6
30
0
11
15.507671
21
-4.100002
31
0
39
0
210
0
220
0
230
1
0
LINE
5
1FF
100
AcDbEntity
8
1
62
256
6
ByLayer
370
18
48
1
60
1
100
AcDbLine
10
15.507671
20
-4.100002
30
0
11
16.429238
21
-4.099998
31
0
39
0
210
0
220
0
230
1
0
LINE
5
200
100
AcDbEntity
8
1
62
256
6
ByLayer
370
18
48
1
60
1
100
AcDbLine
10
16.429238
20
-4.099998
30
0
11
15.968455
21
-7.6
31
0
39
0
210
0
220
0
230
1
0
LINE
5
204
100
AcDbEntity
8
1
62
256
6
ByLayer
370
18
48
1
60
1
100
AcDbLine
10
88
20
8
30
0
11
88.460784
21
4.500002
31
0
39
0
210
0
220
0
230
1
0
LINE
5
205
100
AcDbEntity
8
1
62
256
6
ByLayer
370
18
48
1
60
1
100
AcDbLine
10
88.460784
20
4.500002
30
0
11
87.539216
21
4.499998
31
0
39
0
210
0
220
0
230
1
0
LINE
5
206
100
AcDbEntity
8
1
62
256
6
ByLayer
370
18
48
1
60
1
100
AcDbLine
10
87.539216
20
4.499998
30
0
11
88
21
8
31
0
39
0
210
0
220
0
230
1
0
LINE
5
208
100
AcDbEntity
8
1
62
256
6
ByLayer
370
18
48
1
60
1
100
AcDbLine
10
88
20
-8
30
0
11
87.539216
21
-4.500002
31
0
39
0
210
0
220
0
230
1
0
LINE
5
209
100
AcDbEntity
8
1
62
256
6
ByLayer
370
18
48
1
60
1
100
AcDbLine
10
87.539216
20
-4.500002
30
0
11
88.460784
21
-4.499998
31
0
39
0
210
0
220
0
230
1
0
LINE
5
20A
100
AcDbEntity
8
1
62
256
6
ByLayer
370
18
48
1
60
1
100
AcDbLine
10
88.460784
20
-4.499998
30
0
11
88
21
-8
31
0
39
0
210
0
220
0
230
1
0
LINE
5
20D
100
AcDbEntity
8
1
62
256
6
ByLayer
370
18
48
1
60
1
100
AcDbLine
10
-48
20
-57.169225
30
0
11
-44.500002
21
-56.708441
31
0
39
0
210
0
220
0
230
1
0
LINE
5
20E
100
AcDbEntity
8
1
62
256
6
ByLayer
370
18
48
1
60
1
100
AcDbLine
10
-44.500002
20
-56.708441
30
0
11
-44.499998
21
-57.630009
31
0
39
0
210
0
220
0
230
1
0
LINE
5
20F
100
AcDbEntity
8
1
62
256
6
ByLayer
370
18
48
1
60
1
100
AcDbLine
10
-44.499998
20
-57.630009
30
0
11
-48
21
-57.169225
31
0
39
0
210
0
220
0
230
1
0
LINE
5
211
100
AcDbEntity
8
1
62
256
6
ByLayer
370
18
48
1
60
1
100
AcDbLine
10
76
20
-57.169225
30
0
11
72.500002
21
-57.630009
31
0
39
0
210
0
220
0
230
1
0
LINE
5
212
100
AcDbEntity
8
1
62
256
6
ByLayer
370
18
48
1
60
1
100
AcDbLine
10
72.500002
20
-57.630009
30
0
11
72.499998
21
-56.708441
31
0
39
0
210
0
220
0
230
1
0
LINE
5
213
100
AcDbEntity
8
1
62
256
6
ByLayer
370
18
48
1
60
1
100
AcDbLine
10
72.499998
20
-56.708441
30
0
11
76
21
-57.169225
31
0
39
0
210
0
220
0
230
1
0
LINE
5
217
100
AcDbEntity
8
1
62
256
6
ByLayer
370
18
48
1
60
1
100
AcDbLine
10
75.864505
20
-7.842252
30
0
11
78.731444
21
-9.902098
31
0
39
0
210
0
220
0
230
1
0
LINE
5
218
100
AcDbEntity
8
1
62
256
6
ByLayer
370
18
48
1
60
1
100
AcDbLine
10
78.731444
20
-9.902098
30
0
11
78.10063
21
-10.573932
31
0
39
0
210
0
220
0
230
1
0
LINE
5
219
100
AcDbEntity
8
1
62
256
6
ByLayer
370
18
48
1
60
1
100
AcDbLine
10
78.10063
20
-10.573932
30
0
11
75.864505
21
-7.842252
31
0
39
0
210
0
220
0
230
1
0
MTEXT
5
1EC
100
AcDbEntity
8
SK2
62
256
6
ByLayer
370
18
48
1
60
0
100
AcDbMText
10
-57.014634
20
-24.121222
30
0
210
0
220
0
230
1
1
%%c
40
3.5
41
0
44
1.084337
50
90
71
7
72
5
7
iso_b_vert
0
MTEXT
5
1EF
100
AcDbEntity
8
SK2
62
256
6
ByLayer
370
18
48
1
60
0
100
AcDbMText
10
-57.014634
20
-17.148566
30
0
210
0
220
0
230
1
1
\W0.5321;16
40
3.5
41
0
44
1.084337
50
90
71
7
72
5
7
iso_b_vert
0
MTEXT
5
1F8
100
AcDbEntity
8
SK2
62
256
6
ByLayer
370
18
48
1
60
0
100
AcDbMText
10
14.403821
20
19.534844
30
0
210
0
220
0
230
1
1
%%c
40
3.5
41
0
44
1.084337
50
90
71
7
72
5
7
iso_b_vert
0
MTEXT
5
1F9
100
AcDbEntity
8
SK2
62
256
6
ByLayer
370
18
48
1
60
0
100
AcDbMText
10
14.403821
20
26.5075
30
0
210
0
220
0
230
1
1
\W0.6563;15.2
40
3.5
41
0
44
1.084337
50
90
71
7
72
5
7
iso_b_vert
0
MTEXT
5
202
100
AcDbEntity
8
2
62
256
6
ByLayer
370
18
48
1
60
0
100
AcDbMText
10
86.435366
20
15.934844
30
0
210
0
220
0
230
1
1
%%c
40
3.5
41
0
44
1.084337
50
90
71
7
72
5
7
iso_b_vert
0
MTEXT
5
203
100
AcDbEntity
8
2
62
256
6
ByLayer
370
18
48
1
60
0
100
AcDbMText
10
86.435366
20
22.9075
30
0
210
0
220
0
230
1
1
\W0.5321;16
40
3.5
41
0
44
1.084337
50
90
71
7
72
5
7
iso_b_vert
0
MTEXT
5
20C
100
AcDbEntity
8
SK2
62
256
6
ByLayer
370
18
48
1
60
0
100
AcDbMText
10
11.040467
20
-56.136591
30
0
210
0
220
0
230
1
1
\W0.6506;124
40
3.5
41
0
44
1.084337
50
0
71
7
72
5
7
iso_b_vert
0
MTEXT
5
215
100
AcDbEntity
8
SK2
62
256
6
ByLayer
370
18
48
1
60
0
100
AcDbMText
10
83.570102
20
-13.54531
30
0
210
0
220
0
230
1
1
\W0.6380;R
40
3.5
41
0
44
1.084337
50
316.803408708219
71
7
72
5
7
iso_b_vert
0
MTEXT
5
216
100
AcDbEntity
8
SK2
62
256
6
ByLayer
370
18
48
1
60
0
100
AcDbMText
10
86.255773
20
-16.067021
30
0
210
0
220
0
230
1
1
\W0.7121;0.5
40
3.5
41
0
44
1.084337
50
316.803408708219
71
7
72
5
7
iso_b_vert
0
MTEXT
5
21B
100
AcDbEntity
8
SK6
62
256
6
ByLayer
370
18
48
1
60
0
100
AcDbMText
10
-9.665484
20
-62.114271
30
0
210
0
220
0
230
1
1
\W0.7248;2F366-1600-050-TD   1745
40
3
41
0
44
1.084337
50
0
71
7
72
5
7
iso_b_vert
0
HATCH
5
1F3
100
AcDbEntity
8
SK2
62
256
6
ByLayer
370
13
48
1
60
0
100
AcDbHatch
10
0
20
0
30
0
210
0
220
0
230
1
2
ANSI31
70
0
71
0
91
1
92
5
93
3
72
1
10
-55.45
20
8
11
-54.9892162584472
21
4.50000169255318
72
1
10
-54.9892162584472
20
4.50000169255318
11
-55.9107837415528
21
4.49999830744682
72
1
10
-55.9107837415528
20
4.49999830744682
11
-55.45
21
8
97
0
75
0
76
1
52
0
41
0.0062
77
0
78
1
53
45
43
0
44
0
45
-0.0139193969876572
46
0.0139193969876572
79
0
47
0
98
1
10
0
20
0
0
HATCH
5
1F7
100
AcDbEntity
8
SK2
62
256
6
ByLayer
370
13
48
1
60
0
100
AcDbHatch
10
0
20
0
30
0
210
0
220
0
230
1
2
ANSI31
70
0
71
0
91
1
92
5
93
3
72
1
10
-55.45
20
-8
11
-55.9107837415528
21
-4.50000169255318
72
1
10
-55.9107837415528
20
-4.50000169255318
11
-54.9892162584472
21
-4.49999830744682
72
1
10
-54.9892162584472
20
-4.49999830744682
11
-55.45
21
-8
97
0
75
0
76
1
52
0
41
0.0062
77
0
78
1
53
45
43
0
44
0
45
-0.0139193969876572
46
0.0139193969876572
79
0
47
0
98
1
10
0
20
0
0
HATCH
5
1FD
100
AcDbEntity
8
SK2
62
256
6
ByLayer
370
13
48
1
60
0
100
AcDbHatch
10
0
20
0
30
0
210
0
220
0
230
1
2
ANSI31
70
0
71
0
91
1
92
5
93
3
72
1
10
15.9684547033511
20
7.59999999999991
11
16.4292384449039
21
4.10000169255309
72
1
10
16.4292384449039
20
4.10000169255309
11
15.5076709617983
21
4.09999830744673
72
1
10
15.5076709617983
20
4.09999830744673
11
15.9684547033511
21
7.59999999999991
97
0
75
0
76
1
52
0
41
0.0062
77
0
78
1
53
45
43
0
44
0
45
-0.0139193969876572
46
0.0139193969876572
79
0
47
0
98
1
10
0
20
0
0
HATCH
5
201
100
AcDbEntity
8
SK2
62
256
6
ByLayer
370
13
48
1
60
0
100
AcDbHatch
10
0
20
0
30
0
210
0
220
0
230
1
2
ANSI31
70
0
71
0
91
1
92
5
93
3
72
1
10
15.9684547033511
20
-7.60000000000008
11
15.5076709617983
21
-4.10000169255326
72
1
10
15.5076709617983
20
-4.10000169255326
11
16.4292384449039
21
-4.0999983074469
72
1
10
16.4292384449039
20
-4.0999983074469
11
15.9684547033511
21
-7.60000000000008
97
0
75
0
76
1
52
0
41
0.0062
77
0
78
1
53
45
43
0
44
0
45
-0.0139193969876572
46
0.0139193969876572
79
0
47
0
98
1
10
0
20
0
0
HATCH
5
207
100
AcDbEntity
8
2
62
256
6
ByLayer
370
13
48
1
60
0
100
AcDbHatch
10
0
20
0
30
0
210
0
220
0
230
1
2
ANSI31
70
0
71
0
91
1
92
5
93
3
72
1
10
88
20
7.99999999999991
11
88.4607837415528
21
4.5000016925531
72
1
10
88.4607837415528
20
4.5000016925531
11
87.5392162584472
21
4.49999830744673
72
1
10
87.5392162584472
20
4.49999830744673
11
88
21
7.99999999999991
97
0
75
0
76
1
52
0
41
0.0062
77
0
78
1
53
45
43
0
44
0
45
-0.0139193969876572
46
0.0139193969876572
79
0
47
0
98
1
10
0
20
0
0
HATCH
5
20B
100
AcDbEntity
8
2
62
256
6
ByLayer
370
13
48
1
60
0
100
AcDbHatch
10
0
20
0
30
0
210
0
220
0
230
1
2
ANSI31
70
0
71
0
91
1
92
5
93
3
72
1
10
88
20
-8.00000000000011
11
87.5392162584472
21
-4.5000016925533
72
1
10
87.5392162584472
20
-4.5000016925533
11
88.4607837415528
21
-4.49999830744693
72
1
10
88.4607837415528
20
-4.49999830744693
11
88
21
-8.00000000000011
97
0
75
0
76
1
52
0
41
0.0062
77
0
78
1
53
45
43
0
44
0
45
-0.0139193969876572
46
0.0139193969876572
79
0
47
0
98
1
10
0
20
0
0
HATCH
5
210
100
AcDbEntity
8
SK2
62
256
6
ByLayer
370
13
48
1
60
0
100
AcDbHatch
10
0
20
0
30
0
210
0
220
0
230
1
2
ANSI31
70
0
71
0
91
1
92
5
93
3
72
1
10
-48
20
-57.1692250112681
11
-44.5000016925532
21
-56.7084412697153
72
1
10
-44.5000016925532
20
-56.7084412697153
11
-44.4999983074468
21
-57.6300087528209
72
1
10
-44.4999983074468
20
-57.6300087528209
11
-48
21
-57.1692250112681
97
0
75
0
76
1
52
0
41
0.0062
77
0
78
1
53
45
43
0
44
0
45
-0.0139193969876572
46
0.0139193969876572
79
0
47
0
98
1
10
0
20
0
0
HATCH
5
214
100
AcDbEntity
8
SK2
62
256
6
ByLayer
370
13
48
1
60
0
100
AcDbHatch
10
0
20
0
30
0
210
0
220
0
230
1
2
ANSI31
70
0
71
0
91
1
92
5
93
3
72
1
10
76
20
-57.1692250112681
11
72.5000016925532
21
-57.6300087528209
72
1
10
72.5000016925532
20
-57.6300087528209
11
72.4999983074468
21
-56.7084412697153
72
1
10
72.4999983074468
20
-56.7084412697153
11
76
21
-57.1692250112681
97
0
75
0
76
1
52
0
41
0.0062
77
0
78
1
53
45
43
0
44
0
45
-0.0139193969876572
46
0.0139193969876572
79
0
47
0
98
1
10
0
20
0
0
HATCH
5
21A
100
AcDbEntity
8
SK2
62
256
6
ByLayer
370
13
48
1
60
0
100
AcDbHatch
10
0
20
0
30
0
210
0
220
0
230
1
2
ANSI31
70
0
71
0
91
1
92
5
93
3
72
1
10
75.8645046760083
20
-7.84225186802743
11
78.7314443667854
21
-9.90209812880926
72
1
10
78.7314443667854
20
-9.90209812880926
11
78.1006304493478
21
-10.5739317596256
72
1
10
78.1006304493478
20
-10.5739317596256
11
75.8645046760083
21
-7.84225186802743
97
0
75
0
76
1
52
0
41
0.0062
77
0
78
1
53
45
43
0
44
0
45
-0.0139193969876572
46
0.0139193969876572
79
0
47
0
98
1
10
0
20
0
0
DIMENSION
5
21E
100
AcDbEntity
8
SK2
62
256
6
ByLayer
370
18
48
1
60
0
100
AcDbDimension
2
_U0
10
0
20
-47.169225
30
0
11
38
21
-47.169225
31
0
70
32
71
1
72
1
41
1
210
0
220
0
230
1
3
Standard
100
AcDbAlignedDimension
13
76
23
-8.05
33
0
14
0
24
0
34
0
50
0
100
AcDbRotatedDimension
1001
ACAD
1000
DSTYLE
1002
{
1070
   371
1070
    13
1070
   372
1070
    13
1070
   170
1070
     0
1070
   144
1040
1.0
1070
   277
1070
     2
1070
   284
1070
     8
1070
   278
1070
    46
1070
   146
1040
1.0
1070
   345
1005
16
1070
   347
1005
16
1070
   346
1005
16
1070
   344
1005
0
1070
   343
1005
0
1070
   172
1070
     1
1070
    76
1070
     0
1070
    75
1070
     0
1070
   282
1070
     0
1070
   281
1070
     0
1070
    71
1070
     0
1070
    74
1070
     0
1070
   279
1070
     0
1070
   173
1070
     1
1070
   340
1005
1ED
1070
   271
1070
     2
1070
   272
1070
     2
1070
    77
1070
     1
1070
    73
1070
     1
1070
   171
1070
     3
1070
   274
1070
     4
1070
   177
1070
     2
1070
   176
1070
     2
1070
   178
1070
     2
1070
    78
1070
     8
1070
    48
1040
-0.1
1070
    41
1040
3.5
1070
   147
1040
1.75
1070
    42
1040
1.5875
1070
    44
1040
2.0
1070
   140
1040
3.5
1002
}
1001
ACAD_DSTYLE_DIM_LINETYPE
1070
   380
1005
16
1001
ACAD_DSTYLE_DIM_EXT1_LINETYPE
1070
   381
1005
16
1001
ACAD_DSTYLE_DIM_EXT2_LINETYPE
1070
   382
1005
16
0
DIMENSION
5
237
100
AcDbEntity
8
2
62
256
6
ByLayer
370
18
48
1
60
0
100
AcDbDimension
2
_U1
10
26
20
-25.669225
30
0
11
92.841262
21
-25.669225
31
0
70
32
71
1
72
1
41
1
210
0
220
0
230
1
3
Standard
100
AcDbAlignedDimension
13
76
23
-8.05
33
0
14
26
24
-8.05
34
0
50
0
100
AcDbRotatedDimension
1001
ACAD
1000
DSTYLE
1002
{
1070
   371
1070
    13
1070
   372
1070
    13
1070
   170
1070
     0
1070
   144
1040
1.0
1070
   277
1070
     2
1070
   284
1070
     8
1070
   278
1070
    46
1070
   146
1040
1.0
1070
   345
1005
16
1070
   347
1005
16
1070
   346
1005
16
1070
   344
1005
0
1070
   343
1005
0
1070
   172
1070
     1
1070
    76
1070
     0
1070
    75
1070
     0
1070
   282
1070
     0
1070
   281
1070
     0
1070
    71
1070
     0
1070
    74
1070
     0
1070
   279
1070
     0
1070
   173
1070
     1
1070
   340
1005
1ED
1070
   271
1070
     2
1070
   272
1070
     2
1070
    77
1070
     1
1070
    73
1070
     1
1070
   171
1070
     3
1070
   274
1070
     4
1070
   177
1070
     2
1070
   176
1070
     2
1070
   178
1070
     2
1070
    78
1070
     8
1070
    48
1040
-0.1
1070
    41
1040
3.5
1070
   147
1040
1.75
1070
    42
1040
1.5875
1070
    44
1040
2.0
1070
   140
1040
3.5
1002
}
1001
ACAD_DSTYLE_DIM_LINETYPE
1070
   380
1005
16
1001
ACAD_DSTYLE_DIM_EXT1_LINETYPE
1070
   381
1005
16
1001
ACAD_DSTYLE_DIM_EXT2_LINETYPE
1070
   382
1005
16
0
DIMENSION
5
250
100
AcDbEntity
8
SK2
62
256
6
ByLayer
370
18
48
1
60
0
100
AcDbDimension
2
_U2
10
3.997679
20
-40.169225
30
0
11
39.998839
21
-40.169225
31
0
70
32
71
1
72
1
41
1
210
0
220
0
230
1
3
Standard
100
AcDbAlignedDimension
13
76
23
-8.05
33
0
14
3.997679
24
-7.6
34
0
50
0
100
AcDbRotatedDimension
1001
ACAD
1000
DSTYLE
1002
{
1070
   371
1070
    13
1070
   372
1070
    13
1070
   170
1070
     0
1070
   144
1040
1.0
1070
   277
1070
     2
1070
   284
1070
     8
1070
   278
1070
    46
1070
   146
1040
1.0
1070
   345
1005
16
1070
   347
1005
16
1070
   346
1005
16
1070
   344
1005
0
1070
   343
1005
0
1070
   172
1070
     1
1070
    76
1070
     0
1070
    75
1070
     0
1070
   282
1070
     0
1070
   281
1070
     0
1070
    71
1070
     0
1070
    74
1070
     0
1070
   279
1070
     0
1070
   173
1070
     1
1070
   340
1005
1ED
1070
   271
1070
     2
1070
   272
1070
     2
1070
    77
1070
     1
1070
    73
1070
     1
1070
   171
1070
     3
1070
   274
1070
     4
1070
   177
1070
     2
1070
   176
1070
     2
1070
   178
1070
     2
1070
    78
1070
     8
1070
    48
1040
-0.1
1070
    41
1040
3.5
1070
   147
1040
1.75
1070
    42
1040
1.5875
1070
    44
1040
2.0
1070
   140
1040
3.5
1002
}
1001
ACAD_DSTYLE_DIM_LINETYPE
1070
   380
1005
16
1001
ACAD_DSTYLE_DIM_EXT1_LINETYPE
1070
   381
1005
16
1001
ACAD_DSTYLE_DIM_EXT2_LINETYPE
1070
   382
1005
16
0
ENDSEC
0
SECTION
2
OBJECTS
0
DICTIONARY
5
2d8
330
0
100
AcDbDictionary
280
0
281
1
3
ACAD_GROUP
350
2d9
3
ACAD_MLINESTYLE
350
2da
0
DICTIONARY
5
2d9
330
0
100
AcDbDictionary
280
0
281
1
0
DICTIONARY
5
2da
330
0
100
AcDbDictionary
280
0
281
1
3
Standard
350
18
0
MLINESTYLE
5
18
330
2da
100
AcDbMlineStyle
2
Standard
70
0
3

62
256
51
90
52
90
71
2
49
-0.5
62
256
6
ByLayer
49
0.5
62
256
6
ByLayer
0
RASTERVARIABLES
5
2c6
330

100
AcDbRasterVariables
90
0
70
1
71
1
72
1
0
ENDSEC
0
EOF
