0
SECTION
2
HEADER
9
$ACADVER
1
AC1015
9
$DWGCODEPAGE
3
ANSI_1252
9
$HANDSEED
5
29f
9
$ANGBASE
50
0
9
$ANGDIR
70
0
9
$ATTMODE
70
1
9
$AUNITS
70
0
9
$AUPREC
70
0
9
$CECOLOR
62
256
9
$CELTSCALE
40
1
9
$CELTYPE
6
ByLayer
9
$CELWEIGHT
370
18
9
$CLAYER
8
0
9
$CMLJUST
70
0
9
$CMLSCALE
40
1
9
$CMLSTYLE
2
Standard
9
$DIMSTYLE
2
Standard
9
$TEXTSIZE
40
0.2
9
$TEXTSTYLE
7
Standard
9
$LUNITS
70
2
9
$LUPREC
70
4
9
$EXTNAMES
290
1
9
$INSUNITS
70
4
9
$LTSCALE
40
1
9
$LWDISPLAY
290
1
9
$PDMODE
70
0
9
$PDSIZE
40
0
9
$PLINEGEN
70
0
0
ENDSEC
0
SECTION
2
CLASSES
0
CLASS
1
RASTERVARIABLES
2
AcDbRasterVariables
3
ISM
90
0
280
0
281
0
0
ENDSEC
0
SECTION
2
TABLES
0
TABLE
2
VPORT
5
295
100
AcDbSymbolTable
0
VPORT
5
1
100
AcDbSymbolTableRecord
100
AcDbViewportTableRecord
2
*Active
70
0
10
0
20
0
11
1
21
1
12
-1
22
1
13
0
23
0
14
0.5
24
0.5
15
10
25
10
16
0
26
0
36
1
17
0
27
0
37
0
0
ENDTAB
0
TABLE
2
LTYPE
5
296
100
AcDbSymbolTable
0
LTYPE
5
14
100
AcDbSymbolTableRecord
100
AcDbLinetypeTableRecord
70
0
2
ByBlock
3

72
65
73
0
40
0
0
LTYPE
5
15
100
AcDbSymbolTableRecord
100
AcDbLinetypeTableRecord
70
0
2
ByLayer
3

72
65
73
0
40
0
0
LTYPE
5
16
100
AcDbSymbolTableRecord
100
AcDbLinetypeTableRecord
70
0
2
Continuous
3
Solid line
72
65
73
0
40
0
0
LTYPE
5
6E
100
AcDbSymbolTableRecord
100
AcDbLinetypeTableRecord
70
0
2
CENTER
3
____ _ ____ _ ____ _ ____
72
65
73
4
40
47.5
49
22
74
0
49
-8.5
74
0
49
8.5
74
0
49
-8.5
74
0
0
LTYPE
5
6F
100
AcDbSymbolTableRecord
100
AcDbLinetypeTableRecord
70
0
2
DASHED
3
__ __ __ __ __ __ __ __ __
72
65
73
2
40
25.72
49
12.86
74
0
49
-12.86
74
0
0
ENDTAB
0
TABLE
2
LAYER
5
297
100
AcDbSymbolTable
0
LAYER
5
10
100
AcDbSymbolTableRecord
100
AcDbLayerTableRecord
2
0
70
0
62
7
6
Continuous
290
1
370
-3
390
0
0
LAYER
5
71
100
AcDbSymbolTableRecord
100
AcDbLayerTableRecord
2
80
70
0
62
-6
6
Continuous
290
1
370
-3
390
0
0
LAYER
5
73
100
AcDbSymbolTableRecord
100
AcDbLayerTableRecord
2
1
70
0
62
4
6
Continuous
290
1
370
-3
390
0
0
LAYER
5
75
100
AcDbSymbolTableRecord
100
AcDbLayerTableRecord
2
81
70
0
62
-3
6
Continuous
290
1
370
-3
390
0
0
LAYER
5
7A
100
AcDbSymbolTableRecord
100
AcDbLayerTableRecord
2
4
70
0
62
-2
6
CENTER
290
1
370
-3
390
0
0
LAYER
5
C9
100
AcDbSymbolTableRecord
100
AcDbLayerTableRecord
2
2
70
0
62
7
6
Continuous
290
1
370
-3
390
0
0
LAYER
5
1F2
100
AcDbSymbolTableRecord
100
AcDbLayerTableRecord
2
Defpoints
70
0
62
7
6
Continuous
290
0
370
-3
390
0
0
LAYER
5
281
100
AcDbSymbolTableRecord
100
AcDbLayerTableRecord
2
SK4
70
0
62
2
6
CENTER
290
1
370
-3
390
0
0
LAYER
5
282
100
AcDbSymbolTableRecord
100
AcDbLayerTableRecord
2
SK1
70
0
62
4
6
Continuous
290
1
370
-3
390
0
0
LAYER
5
283
100
AcDbSymbolTableRecord
100
AcDbLayerTableRecord
2
SK2
70
0
62
7
6
Continuous
290
1
370
-3
390
0
0
LAYER
5
284
100
AcDbSymbolTableRecord
100
AcDbLayerTableRecord
2
SK6
70
0
62
5
6
Continuous
290
1
370
-3
390
0
0
ENDTAB
0
TABLE
2
STYLE
5
298
100
AcDbSymbolTable
0
STYLE
5
11
100
AcDbSymbolTableRecord
100
AcDbTextStyleTableRecord
2
Standard
3
txt
70
0
71
0
40
0
41
1
42
0
50
0
0
STYLE
5
1CE
100
AcDbSymbolTableRecord
100
AcDbTextStyleTableRecord
2
iso_b_vert
3
simplex.shx
70
0
71
0
40
0
41
1
42
0
50
0
0
STYLE
5
1CF
100
AcDbSymbolTableRecord
100
AcDbTextStyleTableRecord
2
DWGDirectTextStyle
3
simplex
70
0
71
0
40
0
41
1
42
0
50
0
0
ENDTAB
0
TABLE
2
DIMSTYLE
5
299
100
AcDbSymbolTable
100
AcDbDimStyleTable
0
DIMSTYLE
105
27
100
AcDbSymbolTableRecord
100
AcDbDimStyleTableRecord
2
Standard
70
0
3
<>
41
0.18
42
0.0625
44
0.18
140
0.18
147
0.09
73
0
74
0
77
1
271
2
275
0
278
52
280
0
340
11
0
ENDTAB
0
TABLE
2
VIEW
5
29a
100
AcDbSymbolTable
0
ENDTAB
0
TABLE
2
UCS
5
29b
100
AcDbSymbolTable
0
ENDTAB
0
TABLE
2
APPID
5
29c
100
AcDbSymbolTable
0
APPID
5
12
100
AcDbSymbolTableRecord
100
AcDbRegAppTableRecord
2
ACAD
70
0
0
APPID
5
1EE
100
AcDbSymbolTableRecord
100
AcDbRegAppTableRecord
2
ACAD_DSTYLE_DIMBREAK
70
0
0
APPID
5
240
100
AcDbSymbolTableRecord
100
AcDbRegAppTableRecord
2
ACAD_DSTYLE_DIM_LINETYPE
70
0
0
APPID
5
241
100
AcDbSymbolTableRecord
100
AcDbRegAppTableRecord
2
ACAD_DSTYLE_DIM_EXT1_LINETYPE
70
0
0
APPID
5
242
100
AcDbSymbolTableRecord
100
AcDbRegAppTableRecord
2
ACAD_DSTYLE_DIM_EXT2_LINETYPE
70
0
0
APPID
5
27D
100
AcDbSymbolTableRecord
100
AcDbRegAppTableRecord
2
ACAD_MLEADERVER
70
0
0
ENDTAB
0
TABLE
2
BLOCK_RECORD
5
29d
100
AcDbSymbolTable
0
BLOCK_RECORD
5
1F
100
AcDbSymbolTableRecord
100
AcDbBlockTableRecord
2
*Model_Space
340
0
70
0
0
BLOCK_RECORD
5
1B
100
AcDbSymbolTableRecord
100
AcDbBlockTableRecord
2
*Paper_Space
340
0
70
0
0
BLOCK_RECORD
5
23
100
AcDbSymbolTableRecord
100
AcDbBlockTableRecord
2
*Paper_Space0
340
0
70
0
0
BLOCK_RECORD
5
1F3
100
AcDbSymbolTableRecord
100
AcDbBlockTableRecord
2
*D1
340
0
70
0
0
BLOCK_RECORD
5
200
100
AcDbSymbolTableRecord
100
AcDbBlockTableRecord
2
_U0
340
0
70
0
0
BLOCK_RECORD
5
20C
100
AcDbSymbolTableRecord
100
AcDbBlockTableRecord
2
*D3
340
0
70
0
0
BLOCK_RECORD
5
218
100
AcDbSymbolTableRecord
100
AcDbBlockTableRecord
2
_U1
340
0
70
0
0
ENDTAB
0
ENDSEC
0
SECTION
2
BLOCKS
0
BLOCK
5
20
100
AcDbEntity
8
0
100
AcDbBlockBegin
2
*Model_Space
70
0
10
0
20
0
30
0
3
*Model_Space
0
ENDBLK
5
21
100
AcDbEntity
8
0
100
AcDbBlockEnd
0
BLOCK
5
1C
100
AcDbEntity
8
0
100
AcDbBlockBegin
2
*Paper_Space
70
0
10
0
20
0
30
0
3
*Paper_Space
0
ENDBLK
5
1D
100
AcDbEntity
8
0
100
AcDbBlockEnd
0
BLOCK
5
24
100
AcDbEntity
8
0
100
AcDbBlockBegin
2
*Paper_Space0
70
0
10
0
20
0
30
0
3
*Paper_Space0
0
ENDBLK
5
25
100
AcDbEntity
8
0
100
AcDbBlockEnd
0
BLOCK
5
1F4
100
AcDbEntity
8
0
100
AcDbBlockBegin
2
*D1
70
1
10
0
20
0
30
0
3
*D1
0
LINE
5
1F6
100
AcDbEntity
8
0
62
256
6
ByLayer
370
-2
48
1
60
0
100
AcDbLine
10
210
20
16.5875
30
0
11
210
21
29.25
31
0
39
0
210
0
220
0
230
1
0
LINE
5
1F7
100
AcDbEntity
8
0
62
256
6
ByLayer
370
-2
48
1
60
0
100
AcDbLine
10
201
20
16.5875
30
0
11
201
21
29.25
31
0
39
0
210
0
220
0
230
1
0
LINE
5
1F8
100
AcDbEntity
8
0
62
256
6
ByLayer
370
-2
48
1
60
0
100
AcDbLine
10
213.5
20
27.25
30
0
11
217
21
27.25
31
0
39
0
210
0
220
0
230
1
0
LINE
5
1F9
100
AcDbEntity
8
0
62
256
6
ByLayer
370
-2
48
1
60
0
100
AcDbLine
10
197.5
20
27.25
30
0
11
194
21
27.25
31
0
39
0
210
0
220
0
230
1
0
SOLID
5
1FA
100
AcDbEntity
8
0
62
256
6
ByLayer
370
-1
48
1
60
0
100
AcDbTrace
10
213.5
20
27.833333
30
0
11
213.5
21
26.666667
31
0
12
210
22
27.25
32
0
13
210
23
27.25
33
0
39
0
210
0
220
0
230
1
0
SOLID
5
1FB
100
AcDbEntity
8
0
62
256
6
ByLayer
370
-1
48
1
60
0
100
AcDbTrace
10
197.5
20
26.666667
30
0
11
197.5
21
27.833333
31
0
12
201
22
27.25
32
0
13
201
23
27.25
33
0
39
0
210
0
220
0
230
1
0
MTEXT
5
1FC
100
AcDbEntity
8
0
62
256
6
ByLayer
370
18
48
1
60
0
100
AcDbMText
10
205.5
20
34.25
30
0
210
0
220
0
230
1
1
\A1;9
40
3.5
41
0
44
1
50
0
71
5
72
5
7
iso_b_vert
0
POINT
5
1FD
100
AcDbEntity
8
Defpoints
62
0
6
ByLayer
370
-1
48
1
60
0
100
AcDbPoint
10
210
20
15
30
0
39
0
210
0
220
0
230
1
50
360
0
POINT
5
1FE
100
AcDbEntity
8
Defpoints
62
0
6
ByLayer
370
-1
48
1
60
0
100
AcDbPoint
10
201
20
15
30
0
39
0
210
0
220
0
230
1
50
360
0
POINT
5
1FF
100
AcDbEntity
8
Defpoints
62
0
6
ByLayer
370
-1
48
1
60
0
100
AcDbPoint
10
201
20
27.25
30
0
39
0
210
0
220
0
230
1
50
360
0
ENDBLK
5
1F5
100
AcDbEntity
8
0
100
AcDbBlockEnd
0
BLOCK
5
207
100
AcDbEntity
8
0
100
AcDbBlockBegin
2
_U0
70
0
10
0
20
0
30
0
3
_U0
0
MTEXT
5
201
100
AcDbEntity
8
2
62
256
6
ByLayer
370
18
48
1
60
0
100
AcDbMText
10
204.902767
20
28.282634
30
0
210
0
220
0
230
1
1
\W0.5742;9
40
3.5
41
0
44
1.084337
50
0
71
7
72
5
7
iso_b_vert
0
LINE
5
202
100
AcDbEntity
8
2
62
256
6
ByLayer
370
13
48
1
60
0
100
AcDbLine
10
210
20
16.5875
30
0
11
210
21
29.25
31
0
39
0
210
0
220
0
230
1
0
LINE
5
203
100
AcDbEntity
8
2
62
256
6
ByLayer
370
13
48
1
60
0
100
AcDbLine
10
201
20
16.5875
30
0
11
201
21
29.25
31
0
39
0
210
0
220
0
230
1
0
LINE
5
204
100
AcDbEntity
8
2
62
256
6
ByLayer
370
13
48
1
60
0
100
AcDbLine
10
210
20
27.25
30
0
11
201
21
27.25
31
0
39
0
210
0
220
0
230
1
0
SOLID
5
205
100
AcDbEntity
8
2
62
256
6
ByLayer
370
18
48
1
60
0
100
AcDbTrace
10
210
20
27.25
30
0
11
206.500002
21
26.789216
31
0
12
206.499998
22
27.710784
32
0
13
206.499998
23
27.710784
33
0
39
0
210
0
220
0
230
1
0
SOLID
5
206
100
AcDbEntity
8
2
62
256
6
ByLayer
370
18
48
1
60
0
100
AcDbTrace
10
201
20
27.25
30
0
11
204.499998
21
27.710784
31
0
12
204.500002
22
26.789216
32
0
13
204.500002
23
26.789216
33
0
39
0
210
0
220
0
230
1
0
ENDBLK
5
208
100
AcDbEntity
8
0
100
AcDbBlockEnd
0
BLOCK
5
20D
100
AcDbEntity
8
0
100
AcDbBlockBegin
2
*D3
70
1
10
0
20
0
30
0
3
*D3
0
LINE
5
20F
100
AcDbEntity
8
0
62
256
6
ByLayer
370
-2
48
1
60
0
100
AcDbLine
10
210
20
-16.5875
30
0
11
210
21
-32.75
31
0
39
0
210
0
220
0
230
1
0
LINE
5
210
100
AcDbEntity
8
0
62
256
6
ByLayer
370
-2
48
1
60
0
100
AcDbLine
10
57
20
-14.08425
30
0
11
57
21
-32.75
31
0
39
0
210
0
220
0
230
1
0
LINE
5
211
100
AcDbEntity
8
0
62
256
6
ByLayer
370
-2
48
1
60
0
100
AcDbLine
10
206.5
20
-30.75
30
0
11
60.5
21
-30.75
31
0
39
0
210
0
220
0
230
1
0
SOLID
5
212
100
AcDbEntity
8
0
62
256
6
ByLayer
370
-1
48
1
60
0
100
AcDbTrace
10
206.5
20
-31.333333
30
0
11
206.5
21
-30.166667
31
0
12
210
22
-30.75
32
0
13
210
23
-30.75
33
0
39
0
210
0
220
0
230
1
0
SOLID
5
213
100
AcDbEntity
8
0
62
256
6
ByLayer
370
-1
48
1
60
0
100
AcDbTrace
10
60.5
20
-30.166667
30
0
11
60.5
21
-31.333333
31
0
12
57
22
-30.75
32
0
13
57
23
-30.75
33
0
39
0
210
0
220
0
230
1
0
MTEXT
5
214
100
AcDbEntity
8
0
62
256
6
ByLayer
370
18
48
1
60
0
100
AcDbMText
10
133.5
20
-23.75
30
0
210
0
220
0
230
1
1
\A1;153
40
3.5
41
0
44
1
50
0
71
5
72
5
7
iso_b_vert
0
POINT
5
215
100
AcDbEntity
8
Defpoints
62
0
6
ByLayer
370
-1
48
1
60
0
100
AcDbPoint
10
210
20
-15
30
0
39
0
210
0
220
0
230
1
50
360
0
POINT
5
216
100
AcDbEntity
8
Defpoints
62
0
6
ByLayer
370
-1
48
1
60
0
100
AcDbPoint
10
57
20
-12.49675
30
0
39
0
210
0
220
0
230
1
50
360
0
POINT
5
217
100
AcDbEntity
8
Defpoints
62
0
6
ByLayer
370
-1
48
1
60
0
100
AcDbPoint
10
57
20
-30.75
30
0
39
0
210
0
220
0
230
1
50
360
0
ENDBLK
5
20E
100
AcDbEntity
8
0
100
AcDbBlockEnd
0
BLOCK
5
220
100
AcDbEntity
8
0
100
AcDbBlockBegin
2
_U1
70
0
10
0
20
0
30
0
3
_U1
0
MTEXT
5
219
100
AcDbEntity
8
SK2
62
256
6
ByLayer
370
18
48
1
60
0
100
AcDbMText
10
122.454201
20
-29.717366
30
0
210
0
220
0
230
1
1
\W0.7298;OHX =
40
3.5
41
0
44
1.084337
50
0
71
7
72
5
7
iso_b_vert
0
MTEXT
5
21A
100
AcDbEntity
8
SK2
62
256
6
ByLayer
370
18
48
1
60
0
100
AcDbMText
10
138.995267
20
-29.717366
30
0
210
0
220
0
230
1
1
\W0.6217;153
40
3.5
41
0
44
1.084337
50
0
71
7
72
5
7
iso_b_vert
0
LINE
5
21B
100
AcDbEntity
8
SK2
62
256
6
ByLayer
370
13
48
1
60
0
100
AcDbLine
10
210
20
-16.5875
30
0
11
210
21
-32.75
31
0
39
0
210
0
220
0
230
1
0
LINE
5
21C
100
AcDbEntity
8
SK2
62
256
6
ByLayer
370
13
48
1
60
0
100
AcDbLine
10
57
20
-14.08425
30
0
11
57
21
-32.75
31
0
39
0
210
0
220
0
230
1
0
LINE
5
21D
100
AcDbEntity
8
SK2
62
256
6
ByLayer
370
13
48
1
60
0
100
AcDbLine
10
210
20
-30.75
30
0
11
57
21
-30.75
31
0
39
0
210
0
220
0
230
1
0
SOLID
5
21E
100
AcDbEntity
8
SK2
62
256
6
ByLayer
370
18
48
1
60
0
100
AcDbTrace
10
210
20
-30.75
30
0
11
206.500002
21
-31.210784
31
0
12
206.499998
22
-30.289216
32
0
13
206.499998
23
-30.289216
33
0
39
0
210
0
220
0
230
1
0
SOLID
5
21F
100
AcDbEntity
8
SK2
62
256
6
ByLayer
370
18
48
1
60
0
100
AcDbTrace
10
57
20
-30.75
30
0
11
60.499998
21
-30.289216
31
0
12
60.500002
22
-31.210784
32
0
13
60.500002
23
-31.210784
33
0
39
0
210
0
220
0
230
1
0
ENDBLK
5
221
100
AcDbEntity
8
0
100
AcDbBlockEnd
0
ENDSEC
0
SECTION
2
ENTITIES
0
ARC
5
DB
100
AcDbEntity
8
1
62
256
6
ByLayer
370
18
48
1
60
0
100
AcDbCircle
39
0
10
180.450979
20
12.99675
30
0
40
0.8
210
0
220
0
230
1
100
AcDbArc
50
270
51
277.013042
0
ARC
5
DC
100
AcDbEntity
8
1
62
256
6
ByLayer
370
18
48
1
60
0
100
AcDbCircle
39
0
10
180.450979
20
-12.99675
30
0
40
0.8
210
0
220
0
230
1
100
AcDbArc
50
82.986958
51
90
0
ARC
5
DD
100
AcDbEntity
8
1
62
256
6
ByLayer
370
18
48
1
60
0
100
AcDbCircle
39
0
10
177.6245
20
12.99675
30
0
40
0.799999999999999
210
0
220
0
230
1
100
AcDbArc
50
218.682187
51
270
0
ARC
5
DE
100
AcDbEntity
8
1
62
256
6
ByLayer
370
18
48
1
60
0
100
AcDbCircle
39
0
10
177.6245
20
-12.99675
30
0
40
0.799999999999999
210
0
220
0
230
1
100
AcDbArc
50
90
51
141.317813
0
ELLIPSE
5
DF
100
AcDbEntity
8
1
62
256
6
ByLayer
370
13
48
1
60
0
100
AcDbEllipse
10
199.632677
20
11.557172
30
0
11
0.925171455506061
21
-0.379549440675123
31
0
210
0
220
0
230
1
40
0.118622
41
-2.16619149932976
42
-1.43037241486974
0
ELLIPSE
5
E0
100
AcDbEntity
8
1
62
256
6
ByLayer
370
13
48
1
60
0
100
AcDbEllipse
10
199.49743
20
11.041222
30
0
11
0.992537991728893
21
-0.121935782175607
31
0
210
0
220
0
230
1
40
0.176664
41
-2.20449702368648
42
-1.35306874916681
0
ELLIPSE
5
E1
100
AcDbEntity
8
1
62
256
6
ByLayer
370
13
48
1
60
0
100
AcDbEllipse
10
201.704852
20
9.144672
30
0
11
0.223841248671338
21
1.22979473709772
31
0
210
0
220
0
230
1
40
0.857149
41
2.55776614138487
42
2.73602542934635
0
ELLIPSE
5
E2
100
AcDbEntity
8
1
62
256
6
ByLayer
370
13
48
1
60
0
100
AcDbEllipse
10
199.402237
20
10.266366
30
0
11
0.992537991728893
21
-0.121935782175607
31
0
210
0
220
0
230
1
40
0.176664
41
-2.21212706491499
42
-1.27924463745461
0
ELLIPSE
5
E3
100
AcDbEntity
8
1
62
256
6
ByLayer
370
18
48
1
60
0
100
AcDbEllipse
10
86.921731
20
5.934859
30
0
11
124.575571043476
21
2.31423791491306
31
0
210
0
220
0
230
1
40
0.001876
41
0.232704314771131
42
0.405975842152995
0
ELLIPSE
5
E4
100
AcDbEntity
8
1
62
256
6
ByLayer
370
18
48
1
60
0
100
AcDbEllipse
10
203.781181
20
9.018146
30
0
11
3.85680225584135
21
1.07420386016994
31
0
210
0
220
0
230
1
40
0.06039
41
-2.46906474144802
42
-2.26293546793184
0
ELLIPSE
5
E5
100
AcDbEntity
8
1
62
256
6
ByLayer
370
18
48
1
60
0
100
AcDbEllipse
10
209.076247
20
8.955784
30
0
11
1.32578023699375
21
-2.45427596336044
31
0
210
0
220
0
230
1
40
0.403447
41
-1.54747208949706
42
-1.50732439403808
0
ELLIPSE
5
E6
100
AcDbEntity
8
1
62
256
6
ByLayer
370
18
48
1
60
0
100
AcDbEllipse
10
209.371436
20
8.61241
30
0
11
1.21623278442485
21
0.426229588594507
31
0
210
0
220
0
230
1
40
0.744225
41
2.95261206070398
42
3.08224619880901
0
ELLIPSE
5
E7
100
AcDbEntity
8
1
62
256
6
ByLayer
370
18
48
1
60
0
100
AcDbEllipse
10
202.216455
20
-14.711466
30
0
11
3.20621568658342
21
1.94065033088977
31
0
210
0
220
0
230
1
40
0.325398
41
1.67706422679835
42
1.71152037860466
0
ELLIPSE
5
E8
100
AcDbEntity
8
1
62
256
6
ByLayer
370
18
48
1
60
0
100
AcDbEllipse
10
199.377749
20
-16.74569
30
0
11
13.3927924079082
21
10.0827080166091
31
0
210
0
220
0
230
1
40
0.070773
41
1.34370594103285
42
1.3564751478422
0
ELLIPSE
5
E9
100
AcDbEntity
8
1
62
256
6
ByLayer
370
18
48
1
60
0
100
AcDbEllipse
10
206.027569
20
-9.943509
30
0
11
-0.97275070697038
21
0.862412930149088
31
0
210
0
220
0
230
1
40
0.965134
41
-2.4338218284217
42
0.349433243864459
0
ELLIPSE
5
EA
100
AcDbEntity
8
1
62
256
6
ByLayer
370
18
48
1
60
0
100
AcDbEllipse
10
206.027569
20
-9.943509
30
0
11
-0.97275070697038
21
0.862412930149088
31
0
210
0
220
0
230
1
40
0.965134
41
0.678073126893727
42
0.707770825168167
0
ELLIPSE
5
EB
100
AcDbEntity
8
1
62
256
6
ByLayer
370
13
48
1
60
0
100
AcDbEllipse
10
206.231004
20
-9.714046
30
0
11
-1.75
21
6.43155504981979E-15
31
0
210
0
220
0
230
1
40
0.198886
41
2.23359161020569
42
2.96705972839036
0
ELLIPSE
5
EC
100
AcDbEntity
8
1
62
256
6
ByLayer
370
13
48
1
60
0
100
AcDbEllipse
10
206.231004
20
-9.714046
30
0
11
1.30947210553713
21
-1.16094048289308
31
0
210
0
220
0
230
1
40
0.965134
41
0.707770825168121
42
2.93285288534605
0
ELLIPSE
5
ED
100
AcDbEntity
8
1
62
256
6
ByLayer
370
18
48
1
60
0
100
AcDbEllipse
10
203.306192
20
0.012657
30
0
11
0.51696331637056
21
14.3013852682791
31
0
210
0
220
0
230
1
40
0.172587
41
-2.43856766183477
42
-2.26920462244536
0
ELLIPSE
5
EE
100
AcDbEntity
8
1
62
256
6
ByLayer
370
18
48
1
60
0
100
AcDbEllipse
10
206.839411
20
-0.010775
30
0
11
0.51929539777046
21
14.3659799112319
31
0
210
0
220
0
230
1
40
0.172587
41
-2.47935303389452
42
-2.26350259826746
0
ELLIPSE
5
EF
100
AcDbEntity
8
1
62
256
6
ByLayer
370
18
48
1
60
0
100
AcDbEllipse
10
205.962994
20
-10.36939
30
0
11
-0.785683263322298
21
0.696564289735862
31
0
210
0
220
0
230
1
40
0.965134
41
-2.43382177021131
42
0
0
ELLIPSE
5
F0
100
AcDbEntity
8
1
62
256
6
ByLayer
370
18
48
1
60
0
100
AcDbEllipse
10
205.962994
20
-10.36939
30
0
11
-0.785683263322298
21
0.696564289735862
31
0
210
0
220
0
230
1
40
0.965134
41
0
42
1.39872452306141
0
ELLIPSE
5
F1
100
AcDbEntity
8
1
62
256
6
ByLayer
370
18
48
1
60
0
100
AcDbEllipse
10
205.962994
20
-10.36939
30
0
11
-0.785683263322298
21
0.696564289735862
31
0
210
0
220
0
230
1
40
0.965134
41
-3.0722520028634
42
-2.43382177021131
0
ELLIPSE
5
F2
100
AcDbEntity
8
1
62
256
6
ByLayer
370
18
48
1
60
0
100
AcDbEllipse
10
205.138165
20
11.299749
30
0
11
0.744079463854952
21
0.659679552107936
31
0
210
0
220
0
230
1
40
0.965134
41
-0.139158716008578
42
0.339426726028468
0
ELLIPSE
5
F3
100
AcDbEntity
8
1
62
256
6
ByLayer
370
18
48
1
60
0
100
AcDbEllipse
10
205.138165
20
11.299749
30
0
11
0.744079463854952
21
0.659679552107936
31
0
210
0
220
0
230
1
40
0.965134
41
0.339426726028497
42
1.38662427722509
0
ELLIPSE
5
F4
100
AcDbEntity
8
1
62
256
6
ByLayer
370
18
48
1
60
0
100
AcDbEllipse
10
205.138165
20
11.299749
30
0
11
0.744079463854952
21
0.659679552107936
31
0
210
0
220
0
230
1
40
0.965134
41
1.38662427722506
42
2.43382182842167
0
ELLIPSE
5
F5
100
AcDbEntity
8
1
62
256
6
ByLayer
370
18
48
1
60
0
100
AcDbEllipse
10
205.138165
20
11.299749
30
0
11
-0.744079463854953
21
-0.659679552107935
31
0
210
0
220
0
230
1
40
0.965134
41
-0.707770825168119
42
-0.0879115777084691
0
ELLIPSE
5
F6
100
AcDbEntity
8
1
62
256
6
ByLayer
370
18
48
1
60
0
100
AcDbEllipse
10
205.138165
20
11.299749
30
0
11
0.744079463854952
21
0.659679552107936
31
0
210
0
220
0
230
1
40
0.965134
41
-2.71433260783637
42
-2.37909821234697
0
ELLIPSE
5
F7
100
AcDbEntity
8
1
62
256
6
ByLayer
370
18
48
1
60
0
100
AcDbEllipse
10
204.575988
20
12.249022
30
0
11
0.25733825708502
21
0.158167326430732
31
0
210
0
220
0
230
1
40
0.471181
41
-2.86542201613573
42
-1.57853735558173
0
ELLIPSE
5
F8
100
AcDbEntity
8
1
62
256
6
ByLayer
370
18
48
1
60
0
100
AcDbEllipse
10
204.575988
20
12.249022
30
0
11
0.257338257082457
21
0.158167326428575
31
0
210
0
220
0
230
1
40
0.471181
41
-1.57853735557852
42
-0.291652695013861
0
ELLIPSE
5
F9
100
AcDbEntity
8
1
62
256
6
ByLayer
370
18
48
1
60
0
100
AcDbEllipse
10
204.164403
20
11.82507
30
0
11
0.150599088832126
21
0.260929412386139
31
0
210
0
220
0
230
1
40
0.47365
41
-0.147261369082011
42
2.53947695474477
0
ELLIPSE
5
FA
100
AcDbEntity
8
1
62
256
6
ByLayer
370
18
48
1
60
0
100
AcDbEllipse
10
205.138165
20
12.418689
30
0
11
0.297732679544507
21
0.0136413564917173
31
0
210
0
220
0
230
1
40
0.483959
41
1.07663861437184
42
-3.00288972017818
0
ELLIPSE
5
FB
100
AcDbEntity
8
1
62
256
6
ByLayer
370
18
48
1
60
0
100
AcDbEllipse
10
204.01381
20
11.260319
30
0
11
0.00327343890065834
21
0.296398151651179
31
0
210
0
220
0
230
1
40
0.489292
41
-2.83511330822254
42
-1.5482286476652
0
ELLIPSE
5
FC
100
AcDbEntity
8
1
62
256
6
ByLayer
370
18
48
1
60
0
100
AcDbEllipse
10
204.01381
20
11.260319
30
0
11
0.00327343889878337
21
0.296398151645788
31
0
210
0
220
0
230
1
40
0.489292
41
-1.54822864767927
42
-0.437223264702403
0
ELLIPSE
5
FD
100
AcDbEntity
8
1
62
256
6
ByLayer
370
18
48
1
60
0
100
AcDbEllipse
10
205.700343
20
12.288452
30
0
11
0.258958620792361
21
-0.137220453984238
31
0
210
0
220
0
230
1
40
0.500535
41
-2.2491529910862
42
-1.58568368803255
0
ELLIPSE
5
FE
100
AcDbEntity
8
1
62
256
6
ByLayer
370
18
48
1
60
0
100
AcDbEllipse
10
205.700343
20
12.288452
30
0
11
0.258958620788449
21
-0.137220453985112
31
0
210
0
220
0
230
1
40
0.500535
41
-1.58568368801379
42
-0.298799027455781
0
ELLIPSE
5
FF
100
AcDbEntity
8
1
62
256
6
ByLayer
370
18
48
1
60
0
100
AcDbEllipse
10
204.164403
20
10.706129
30
0
11
0.147814611645358
21
-0.252083128555357
31
0
210
0
220
0
230
1
40
0.50343
41
2.98933874576672
42
-1.92723382093952
0
ELLIPSE
5
100
100
AcDbEntity
8
1
62
256
6
ByLayer
370
18
48
1
60
0
100
AcDbEllipse
10
206.111928
20
11.893368
30
0
11
0.14781461164535
21
-0.252083128555363
31
0
210
0
220
0
230
1
40
0.50343
41
2.70343165418389
42
-2.97210043781798
0
ELLIPSE
5
101
100
AcDbEntity
8
1
62
256
6
ByLayer
370
18
48
1
60
0
100
AcDbEllipse
10
204.886376
20
11.583753
30
0
11
0.964557152938683
21
0.855148759699049
31
0
210
0
220
0
230
1
40
0.965134
41
2.95742060402001
42
-2.278567151963
0
ELLIPSE
5
102
100
AcDbEntity
8
1
62
256
6
ByLayer
370
18
48
1
60
0
100
AcDbEllipse
10
204.886376
20
11.583753
30
0
11
0.964557152938683
21
0.855148759699049
31
0
210
0
220
0
230
1
40
0.965134
41
1.91022305282342
42
2.95742060402001
0
ELLIPSE
5
103
100
AcDbEntity
8
1
62
256
6
ByLayer
370
18
48
1
60
0
100
AcDbEllipse
10
204.886376
20
11.583753
30
0
11
0.964557152938683
21
0.855148759699049
31
0
210
0
220
0
230
1
40
0.965134
41
0.863025501626794
42
1.91022305282342
0
ELLIPSE
5
104
100
AcDbEntity
8
1
62
256
6
ByLayer
370
18
48
1
60
0
100
AcDbEllipse
10
204.886376
20
11.583753
30
0
11
0.964557152938683
21
0.855148759699049
31
0
210
0
220
0
230
1
40
0.965134
41
-0.184172049569799
42
0.863025501626794
0
ELLIPSE
5
105
100
AcDbEntity
8
1
62
256
6
ByLayer
370
18
48
1
60
0
100
AcDbEllipse
10
204.886376
20
11.583753
30
0
11
0.964557152938683
21
0.855148759699049
31
0
210
0
220
0
230
1
40
0.965134
41
-1.23136960076644
42
-0.184172049569799
0
ELLIPSE
5
106
100
AcDbEntity
8
1
62
256
6
ByLayer
370
18
48
1
60
0
100
AcDbEllipse
10
204.886376
20
11.583753
30
0
11
0.964557152938683
21
0.855148759699049
31
0
210
0
220
0
230
1
40
0.965134
41
-2.278567151963
42
-1.23136960076644
0
ELLIPSE
5
107
100
AcDbEntity
8
1
62
256
6
ByLayer
370
13
48
1
60
0
100
AcDbEllipse
10
204.886376
20
11.583753
30
0
11
1.12240466188901
21
0.99509184247979
31
0
210
0
220
0
230
1
40
0.965134
41
0
42
6.28318530717959
0
ELLIPSE
5
108
100
AcDbEntity
8
1
62
256
6
ByLayer
370
18
48
1
60
0
100
AcDbEllipse
10
204.897404
20
11.571314
30
0
11
1.49653954918534
21
1.32678912330639
31
0
210
0
220
0
230
1
40
0.965134
41
0
42
6.28318530717959
0
ELLIPSE
5
109
100
AcDbEntity
8
1
62
256
6
ByLayer
370
18
48
1
60
0
100
AcDbEllipse
10
205.129483
20
11.309542
30
0
11
1.42660879875552
21
1.26479052186251
31
0
210
0
220
0
230
1
40
0.965134
41
-0.977064410660909
42
-0.707770834923002
0
ELLIPSE
5
10A
100
AcDbEntity
8
1
62
256
6
ByLayer
370
18
48
1
60
0
100
AcDbEllipse
10
205.129483
20
11.309542
30
0
11
1.42660879875552
21
1.26479052186251
31
0
210
0
220
0
230
1
40
0.965134
41
-2.88086944979017
42
-2.17381499925493
0
ELLIPSE
5
10B
100
AcDbEntity
8
1
62
256
6
ByLayer
370
18
48
1
60
0
100
AcDbEllipse
10
205.129483
20
11.309542
30
0
11
1.42660879875552
21
1.26479052186251
31
0
210
0
220
0
230
1
40
0.965134
41
-0.707770834923002
42
-0.260683127489756
0
ELLIPSE
5
10C
100
AcDbEntity
8
1
62
256
6
ByLayer
370
13
48
1
60
0
100
AcDbEllipse
10
205.113546
20
11.327518
30
0
11
1.48907024741656
21
1.32016705417971
31
0
210
0
220
0
230
1
40
0.965134
41
-0.67370421347974
42
0
0
ELLIPSE
5
10D
100
AcDbEntity
8
1
62
256
6
ByLayer
370
13
48
1
60
0
100
AcDbEllipse
10
205.113546
20
11.327518
30
0
11
1.48907024741656
21
1.32016705417971
31
0
210
0
220
0
230
1
40
0.965134
41
0
42
0.0551453730497778
0
ELLIPSE
5
10E
100
AcDbEntity
8
1
62
256
6
ByLayer
370
13
48
1
60
0
100
AcDbEllipse
10
205.113546
20
11.327518
30
0
11
1.48907024741656
21
1.32016705417971
31
0
210
0
220
0
230
1
40
0.965134
41
3.08648756816932
42
-2.46794625197739
0
ELLIPSE
5
10F
100
AcDbEntity
8
1
62
256
6
ByLayer
370
13
48
1
60
0
100
AcDbEllipse
10
205.063876
20
11.383542
30
0
11
1.58566234763437
21
1.40580284511893
31
0
210
0
220
0
230
1
40
0.965134
41
0.0639811489714527
42
0.5310966326447
0
ELLIPSE
5
110
100
AcDbEntity
8
1
62
256
6
ByLayer
370
18
48
1
60
0
100
AcDbEllipse
10
205.063876
20
11.383542
30
0
11
1.58566234763437
21
1.40580284511893
31
0
210
0
220
0
230
1
40
0.965134
41
-0.33981175581883
42
0
0
ELLIPSE
5
111
100
AcDbEntity
8
1
62
256
6
ByLayer
370
18
48
1
60
0
100
AcDbEllipse
10
205.063876
20
11.383542
30
0
11
1.58566234763437
21
1.40580284511893
31
0
210
0
220
0
230
1
40
0.965134
41
0
42
0.0639811052231791
0
ELLIPSE
5
112
100
AcDbEntity
8
1
62
256
6
ByLayer
370
18
48
1
60
0
100
AcDbEllipse
10
205.063876
20
11.383542
30
0
11
1.58566234763437
21
1.40580284511893
31
0
210
0
220
0
230
1
40
0.965134
41
3.12624840503094
42
-2.80174070185637
0
ELLIPSE
5
113
100
AcDbEntity
8
1
62
256
6
ByLayer
370
13
48
1
60
0
100
AcDbEllipse
10
205.063876
20
11.383542
30
0
11
1.58566234763437
21
1.40580284511893
31
0
210
0
220
0
230
1
40
0.965134
41
2.61043820066085
42
3.12624840503094
0
ELLIPSE
5
114
100
AcDbEntity
8
1
62
256
6
ByLayer
370
18
48
1
60
0
100
AcDbEllipse
10
204.890536
20
11.57906
30
0
11
-1.66416918711545
21
-1.47540476161045
31
0
210
0
220
0
230
1
40
0.965134
41
0
42
6.28318530717959
0
POINT
5
70
100
AcDbEntity
8
80
62
256
6
ByLayer
370
18
48
1
60
0
100
AcDbPoint
10
0
20
0
30
0
39
0
210
0
220
0
230
1
50
360
0
POINT
5
72
100
AcDbEntity
8
1
62
256
6
ByLayer
370
18
48
1
60
0
100
AcDbPoint
10
57
20
0
30
0
39
0
210
0
220
0
230
1
50
360
0
POINT
5
74
100
AcDbEntity
8
81
62
256
6
ByLayer
370
18
48
1
60
0
100
AcDbPoint
10
210
20
15
30
0
39
0
210
0
220
0
230
1
50
360
0
POINT
5
76
100
AcDbEntity
8
1
62
256
6
ByLayer
370
18
48
1
60
1
100
AcDbPoint
10
201
20
15
30
0
39
0
210
0
220
0
230
1
50
360
0
POINT
5
77
100
AcDbEntity
8
1
62
256
6
ByLayer
370
18
48
1
60
1
100
AcDbPoint
10
210
20
-15
30
0
39
0
210
0
220
0
230
1
50
360
0
POINT
5
78
100
AcDbEntity
8
1
62
256
6
ByLayer
370
18
48
1
60
1
100
AcDbPoint
10
57
20
-12.49675
30
0
39
0
210
0
220
0
230
1
50
360
0
SPLINE
5
115
100
AcDbEntity
8
1
62
256
6
ByLayer
370
18
48
1
60
0
100
AcDbSpline
70
4
71
3
72
10
73
6
40
0
40
0
40
0
40
0
40
0.448542768970802
40
0.448542768970802
40
1
40
1
40
1
40
1
41
1
10
200.262679671869
20
13.9500186015022
30
0
41
1
10
200.228274633195
20
13.950796364416
30
0
41
1
10
200.194548184134
20
13.9518764527767
30
0
41
1
10
200.120900889667
20
13.9549407206843
30
0
41
1
10
200.081333466549
20
13.9570753667135
30
0
41
1
10
200.04289070657
20
13.9596542767664
30
0
0
SPLINE
5
116
100
AcDbEntity
8
1
62
256
6
ByLayer
370
18
48
1
60
0
100
AcDbSpline
70
4
71
3
72
8
73
4
40
0
40
0
40
0
40
0
40
1
40
1
40
1
40
1
41
1
10
199.97724312708
20
13.965714229169
30
0
41
1
10
199.998483724431
20
13.9632077812537
30
0
41
1
10
200.020370975662
20
13.9611649997335
30
0
41
1
10
200.04289070657
20
13.9596542767662
30
0
0
SPLINE
5
117
100
AcDbEntity
8
1
62
256
6
ByLayer
370
18
48
1
60
0
100
AcDbSpline
70
4
71
3
72
10
73
6
40
0
40
0
40
0
40
0
40
0.123155803745318
40
0.123155803745318
40
1
40
1
40
1
40
1
41
1
10
201.191484296397
20
8.1150158957297
30
0
41
1
10
201.187670054068
20
8.11834264085334
30
0
41
1
10
201.183873010269
20
8.12170301512936
30
0
41
1
10
201.153201679883
20
8.14924432460992
30
0
41
1
10
201.12735325948
20
8.17491566879278
30
0
41
1
10
201.102542912015
20
8.20206833681638
30
0
0
SPLINE
5
118
100
AcDbEntity
8
1
62
256
6
ByLayer
370
18
48
1
60
0
100
AcDbSpline
70
4
71
3
72
8
73
4
40
0
40
0
40
0
40
0
40
1
40
1
40
1
40
1
41
1
10
208.342997771317
20
8.17201838237884
30
0
41
1
10
208.342997771318
20
8.22342655027319
30
0
41
1
10
208.342997771318
20
8.27524733441157
30
0
41
1
10
208.342997771318
20
8.32746838241792
30
0
0
SPLINE
5
119
100
AcDbEntity
8
1
62
256
6
ByLayer
370
18
48
1
60
0
100
AcDbSpline
70
4
71
3
72
48
73
44
40
0
40
0
40
0
40
0
40
0.0625000000000111
40
0.0625000000000111
40
0.125000000000022
40
0.125000000000022
40
0.250000000000046
40
0.250000000000046
40
0.281250000000055
40
0.281250000000055
40
0.312500000000064
40
0.312500000000064
40
0.375000000000075
40
0.375000000000075
40
0.437500000000086
40
0.437500000000086
40
0.4687500000001
40
0.4687500000001
40
0.500000000000113
40
0.500000000000113
40
0.562500000000138
40
0.562500000000138
40
0.578125000000132
40
0.578125000000132
40
0.593750000000126
40
0.593750000000126
40
0.625000000000115
40
0.625000000000115
40
0.656250000000104
40
0.656250000000104
40
0.671875000000115
40
0.671875000000115
40
0.687500000000127
40
0.687500000000127
40
0.750000000000102
40
0.750000000000102
40
0.812500000000076
40
0.812500000000076
40
0.875000000000051
40
0.875000000000051
40
0.937500000000025
40
0.937500000000025
40
1
40
1
40
1
40
1
41
1
10
199.70044771482
20
8.9915175723176
30
0
41
1
10
199.692235102473
20
8.95160292909588
30
0
41
1
10
199.685631009874
20
8.91215147295256
30
0
41
1
10
199.675545633665
20
8.83413790268341
30
0
41
1
10
199.672120874103
20
8.79600024456789
30
0
41
1
10
199.666479424067
20
8.68428446796227
30
0
41
1
10
199.668791544695
20
8.61326277782487
30
0
41
1
10
199.679697624973
20
8.5286433421229
30
0
41
1
10
199.682287070225
20
8.51195170489717
30
0
41
1
10
199.688242215068
20
8.47935639048069
30
0
41
1
10
199.691613449851
20
8.46340513780578
30
0
41
1
10
199.702932862914
20
8.41655924240334
30
0
41
1
10
199.712075715309
20
8.3866713133821
30
0
41
1
10
199.73390878121
20
8.32945544572792
30
0
41
1
10
199.746588671837
20
8.30212928895878
30
0
41
1
10
199.768877804765
20
8.26298067168435
30
0
41
1
10
199.776869476181
20
8.25022829031016
30
0
41
1
10
199.793903161566
20
8.22562477423764
30
0
41
1
10
199.802965276196
20
8.21373371250655
30
0
41
1
10
199.832041163096
20
8.17923465754649
30
0
41
1
10
199.853880633132
20
8.15780111669952
30
0
41
1
10
199.885804289003
20
8.13277009533218
30
0
41
1
10
199.892447175674
20
8.12783704208934
30
0
41
1
10
199.906143763963
20
8.11822773456407
30
0
41
1
10
199.913191737036
20
8.11355357974298
30
0
41
1
10
199.934978788032
20
8.09991215686753
30
0
41
1
10
199.950361190936
20
8.09132502529471
30
0
41
1
10
199.983086385272
20
8.07512678236208
30
0
41
1
10
200.000431259959
20
8.06751516834032
30
0
41
1
10
200.028081159057
20
8.05682684109354
30
0
41
1
10
200.03757822103
20
8.05338560593171
30
0
41
1
10
200.056736666794
20
8.04687508329405
30
0
41
1
10
200.066443747734
20
8.04378724086106
30
0
41
1
10
200.115576232083
20
8.02913459417482
30
0
41
1
10
200.156807587616
20
8.01989757781027
30
0
41
1
10
200.241907103739
20
8.00562069033015
30
0
41
1
10
200.28422386281
20
8.00082009214827
30
0
41
1
10
200.368629433194
20
7.99480020406307
30
0
41
1
10
200.410714823392
20
7.99360310125911
30
0
41
1
10
200.494761185779
20
7.99439793757694
30
0
41
1
10
200.536720698391
20
7.99639665062548
30
0
41
1
10
200.62056530156
20
8.00342014972668
30
0
41
1
10
200.662449766563
20
8.0084471785124
30
0
41
1
10
200.704309056546
20
8.0149685344218
30
0
0
SPLINE
5
11A
100
AcDbEntity
8
1
62
256
6
ByLayer
370
18
48
1
60
0
100
AcDbSpline
70
4
71
3
72
8
73
4
40
0
40
0
40
0
40
0
40
1
40
1
40
1
40
1
41
1
10
199.724834760641
20
9.13010776351987
30
0
41
1
10
199.717859208058
20
9.08340414607682
30
0
41
1
10
199.709838781434
20
9.03715969659518
30
0
41
1
10
199.70044771482
20
8.99151757231758
30
0
0
SPLINE
5
11B
100
AcDbEntity
8
1
62
256
6
ByLayer
370
18
48
1
60
0
100
AcDbSpline
70
4
71
3
72
8
73
4
40
0
40
0
40
0
40
0
40
1
40
1
40
1
40
1
41
1
10
200.80461226702
20
8.03275287677448
30
0
41
1
10
200.771451770995
20
8.02617058633757
30
0
41
1
10
200.738046740102
20
8.02022460642206
30
0
41
1
10
200.704309056546
20
8.01496853442183
30
0
0
SPLINE
5
11C
100
AcDbEntity
8
1
62
256
6
ByLayer
370
18
48
1
60
0
100
AcDbSpline
70
4
71
3
72
12
73
8
40
0
40
0
40
0
40
0
40
0.493918647606355
40
0.493918647606355
40
0.987837295212711
40
0.987837295212711
40
1
40
1
40
1
40
1
41
1
10
208.172164008941
20
8.26630603322175
30
0
41
1
10
208.176804785784
20
8.25014805018699
30
0
41
1
10
208.181784080605
20
8.23405015119533
30
0
41
1
10
208.192426031888
20
8.20197632171076
30
0
41
1
10
208.198099607086
20
8.18597510885994
30
0
41
1
10
208.204211050568
20
8.16978706761387
30
0
41
1
10
208.204358109156
20
8.16939812251661
30
0
41
1
10
208.204505349315
20
8.16900928110286
30
0
0
SPLINE
5
11D
100
AcDbEntity
8
1
62
256
6
ByLayer
370
18
48
1
60
0
100
AcDbSpline
70
4
71
3
72
13
73
9
40
0
40
0
40
0
40
0
40
0.198435922765703
40
0.198435922765703
40
0.396871845531407
40
0.396871845531407
40
0.793743691062854
40
1
40
1
40
1
40
1
41
1
10
208.138530008872
20
8.24061677138056
30
0
41
1
10
208.14096883445
20
8.23314794671361
30
0
41
1
10
208.143370048829
20
8.22602966742357
30
0
41
1
10
208.148005727076
20
8.21262298583818
30
0
41
1
10
208.150246377552
20
8.20631534942856
30
0
41
1
10
208.156674910053
20
8.18855758155206
30
0
41
1
10
208.162592980241
20
8.17292168300997
30
0
41
1
10
208.167235173815
20
8.1608412849738
30
0
41
1
10
208.168650841177
20
8.15713346438028
30
0
0
SPLINE
5
11E
100
AcDbEntity
8
1
62
256
6
ByLayer
370
18
48
1
60
0
100
AcDbSpline
70
4
71
3
72
10
73
6
40
0
40
0
40
0
40
0
40
0.5
40
0.5
40
1
40
1
40
1
40
1
41
1
10
201.1415090685
20
-13.9506788136797
30
0
41
1
10
201.132075069718
20
-13.9560103044185
30
0
41
1
10
201.122621560301
20
-13.9615820372888
30
0
41
1
10
201.103676310864
20
-13.9732081344621
30
0
41
1
10
201.094165384094
20
-13.979276030808
30
0
41
1
10
201.084725427092
20
-13.9855259148008
30
0
0
SPLINE
5
11F
100
AcDbEntity
8
1
62
256
6
ByLayer
370
18
48
1
60
0
100
AcDbSpline
70
4
71
3
72
13
73
9
40
0
40
0
40
0
40
0
40
0.499999999999995
40
0.499999999999995
40
0.624999999999994
40
0.624999999999994
40
0.749999999999993
40
1
40
1
40
1
40
1
41
1
10
201.697790436444
20
-13.5521235921289
30
0
41
1
10
201.649106911159
20
-13.580114594655
30
0
41
1
10
201.603890659566
20
-13.6107790640591
30
0
41
1
10
201.551410446313
20
-13.653163407607
30
0
41
1
10
201.54111918519
20
-13.6618436112195
30
0
41
1
10
201.521087693304
20
-13.6794889931666
30
0
41
1
10
201.491803205249
20
-13.7064352227213
30
0
41
1
10
201.464693651027
20
-13.7348685836021
30
0
41
1
10
201.447495761171
20
-13.7545415305092
30
0
0
SPLINE
5
120
100
AcDbEntity
8
1
62
256
6
ByLayer
370
18
48
1
60
0
100
AcDbSpline
70
4
71
3
72
8
73
4
40
0
40
0
40
0
40
0
40
1
40
1
40
1
40
1
41
1
10
201.697790436441
20
-13.5521235921246
30
0
41
1
10
201.676090812369
20
-13.4500269003336
30
0
41
1
10
201.65295866712
20
-13.3478793609347
30
0
41
1
10
201.628429314488
20
-13.2456822273976
30
0
0
SPLINE
5
121
100
AcDbEntity
8
1
62
256
6
ByLayer
370
18
48
1
60
0
100
AcDbSpline
70
4
71
3
72
8
73
4
40
0
40
0
40
0
40
0
40
1
40
1
40
1
40
1
41
1
10
206.288372384586
20
-13.7156275392191
30
0
41
1
10
206.303949504839
20
-13.7167122271834
30
0
41
1
10
206.319485338662
20
-13.7175227876155
30
0
41
1
10
206.334980668141
20
-13.7180629755079
30
0
0
SPLINE
5
122
100
AcDbEntity
8
1
62
256
6
ByLayer
370
18
48
1
60
0
100
AcDbSpline
70
4
71
3
72
8
73
4
40
0
40
0
40
0
40
0
40
1
40
1
40
1
40
1
41
1
10
206.288372384586
20
-12.3135028770267
30
0
41
1
10
206.303924633661
20
-12.3136316503162
30
0
41
1
10
206.319460708035
20
-12.3132689207923
30
0
41
1
10
206.334980668141
20
-12.312417256497
30
0
0
SPLINE
5
123
100
AcDbEntity
8
1
62
256
6
ByLayer
370
18
48
1
60
0
100
AcDbSpline
70
4
71
3
72
75
73
71
40
0
40
0
40
0
40
0
40
0.0624999999999711
40
0.0624999999999711
40
0.0781249999999634
40
0.0781249999999634
40
0.0937499999999557
40
0.0937499999999557
40
0.12499999999994
40
0.12499999999994
40
0.156249999999925
40
0.156249999999925
40
0.187499999999909
40
0.187499999999909
40
0.249999999999879
40
0.249999999999879
40
0.265624999999874
40
0.265624999999874
40
0.281249999999869
40
0.281249999999869
40
0.312499999999873
40
0.312499999999873
40
0.37499999999988
40
0.37499999999988
40
0.390624999999873
40
0.390624999999873
40
0.406249999999867
40
0.406249999999867
40
0.43749999999987
40
0.468749999999873
40
0.468749999999873
40
0.484374999999865
40
0.484374999999865
40
0.499999999999858
40
0.499999999999858
40
0.562499999999884
40
0.562499999999884
40
0.578124999999877
40
0.578124999999877
40
0.593749999999869
40
0.593749999999869
40
0.624999999999873
40
0.624999999999873
40
0.640624999999875
40
0.640624999999875
40
0.656249999999877
40
0.656249999999877
40
0.687499999999881
40
0.687499999999881
40
0.718749999999885
40
0.718749999999885
40
0.734374999999895
40
0.734374999999895
40
0.749999999999905
40
0.749999999999905
40
0.812499999999958
40
0.812499999999958
40
0.843749999999979
40
0.843749999999979
40
0.859374999999984
40
0.859374999999984
40
0.87499999999999
40
0.87499999999999
40
0.906249999999992
40
0.906249999999992
40
0.937499999999995
40
0.937499999999995
40
0.968749999999997
40
0.968749999999997
40
1
40
1
40
1
40
1
41
1
10
204.747318498493
20
-9.89861151642756
30
0
41
1
10
204.747318498493
20
-9.98698011397983
30
0
41
1
10
204.754615849615
20
-10.0749241604463
30
0
41
1
10
204.772142351756
20
-10.1843038606938
30
0
41
1
10
204.776075203567
20
-10.206151445472
30
0
41
1
10
204.784805655408
20
-10.2497863547973
30
0
41
1
10
204.78961784777
20
-10.2716245718878
30
0
41
1
10
204.805170786011
20
-10.336226466024
30
0
41
1
10
204.817062669048
20
-10.378323148686
30
0
41
1
10
204.843836306588
20
-10.4608069114325
30
0
41
1
10
204.858719127839
20
-10.5011930234908
30
0
41
1
10
204.891564831949
20
-10.5803843776823
30
0
41
1
10
204.909582706465
20
-10.6192665887793
30
0
41
1
10
204.967597273154
20
-10.7318775113476
30
0
41
1
10
205.011725200791
20
-10.8022371140289
30
0
41
1
10
205.074568690965
20
-10.8846147176707
30
0
41
1
10
205.087525494469
20
-10.9008074484266
30
0
41
1
10
205.114254114479
20
-10.9326188838595
30
0
41
1
10
205.128042736874
20
-10.9482518695857
30
0
41
1
10
205.170269923235
20
-10.9938239892374
30
0
41
1
10
205.199689603816
20
-11.0225929732965
30
0
41
1
10
205.291949442411
20
-11.1040591061357
30
0
41
1
10
205.358738504848
20
-11.1519821705828
30
0
41
1
10
205.450112182891
20
-11.2029640440091
30
0
41
1
10
205.468785411467
20
-11.2127089480601
30
0
41
1
10
205.506980454275
20
-11.2312480987952
30
0
41
1
10
205.526473480082
20
-11.2400224255905
30
0
41
1
10
205.585437044336
20
-11.2645104174913
30
0
41
1
10
205.665861351422
20
-11.2925358535888
30
0
41
1
10
205.750027871759
20
-11.3111341125179
30
0
41
1
10
205.814641756744
20
-11.3213668474778
30
0
41
1
10
205.836507243932
20
-11.3241637323437
30
0
41
1
10
205.880338146973
20
-11.3284321566686
30
0
41
1
10
205.902263437457
20
-11.3299054941222
30
0
41
1
10
206.011938509651
20
-11.3340389754063
30
0
41
1
10
206.099836265452
20
-11.3270948596142
30
0
41
1
10
206.209875821742
20
-11.3057472313361
30
0
41
1
10
206.231836312952
20
-11.3008447250791
30
0
41
1
10
206.275202838512
20
-11.289914920515
30
0
41
1
10
206.296676836888
20
-11.2838750559716
30
0
41
1
10
206.360493176504
20
-11.2640908961682
30
0
41
1
10
206.40223152815
20
-11.2486866423121
30
0
41
1
10
206.463685383609
20
-11.2224070465417
30
0
41
1
10
206.4839772906
20
-11.2131171158467
30
0
41
1
10
206.524179961247
20
-11.193488364587
30
0
41
1
10
206.544131734329
20
-11.1831248512626
30
0
41
1
10
206.602872597442
20
-11.1507773793003
30
0
41
1
10
206.640692608276
20
-11.1274824859387
30
0
41
1
10
206.713852792407
20
-11.077650238626
30
0
41
1
10
206.749192306496
20
-11.0511122031336
30
0
41
1
10
206.800418607157
20
-11.0089348797729
30
0
41
1
10
206.817196184134
20
-10.9944797517277
30
0
41
1
10
206.850160482491
20
-10.9647761746169
30
0
41
1
10
206.866360404546
20
-10.9495117570157
30
0
41
1
10
206.945232951407
20
-10.871851523859
30
0
41
1
10
207.002150619082
20
-10.8050409730803
30
0
41
1
10
207.078686778482
20
-10.6976473748919
30
0
41
1
10
207.102710411596
20
-10.6606404303365
30
0
41
1
10
207.136414706605
20
-10.6031576247773
30
0
41
1
10
207.147274338124
20
-10.5836345465755
30
0
41
1
10
207.167992831545
20
-10.5442635112987
30
0
41
1
10
207.177875621255
20
-10.5243778966087
30
0
41
1
10
207.206075084395
20
-10.4641046953188
30
0
41
1
10
207.222949424198
20
-10.4231036502027
30
0
41
1
10
207.252597460508
20
-10.3393140746386
30
0
41
1
10
207.265373478519
20
-10.2965265460286
30
0
41
1
10
207.286340189081
20
-10.2089111228492
30
0
41
1
10
207.294325043778
20
-10.1648893055232
30
0
41
1
10
207.305057943003
20
-10.0767762109804
30
0
41
1
10
207.307818656324
20
-10.032632729686
30
0
41
1
10
207.307818656324
20
-9.98840579071788
30
0
0
SPLINE
5
124
100
AcDbEntity
8
1
62
256
6
ByLayer
370
18
48
1
60
0
100
AcDbSpline
70
4
71
3
72
8
73
4
40
0
40
0
40
0
40
0
40
1
40
1
40
1
40
1
41
1
10
199.97724312708
20
13.9657142291692
30
0
41
1
10
199.678391156725
20
13.2028121767239
30
0
41
1
10
199.378086826604
20
12.4406749998001
30
0
41
1
10
199.076531517156
20
11.6791752278739
30
0
0
SPLINE
5
125
100
AcDbEntity
8
1
62
256
6
ByLayer
370
18
48
1
60
0
100
AcDbSpline
70
4
71
3
72
8
73
4
40
0
40
0
40
0
40
0
40
1
40
1
40
1
40
1
41
1
10
199.97724312708
20
13.965714229169
30
0
41
1
10
199.970518436932
20
13.9653526487638
30
0
41
1
10
199.963793978083
20
13.9650235811878
30
0
41
1
10
199.957069751291
20
13.9647270101427
30
0
0
SPLINE
5
126
100
AcDbEntity
8
1
62
256
6
ByLayer
370
18
48
1
60
0
100
AcDbSpline
70
4
71
3
72
12
73
8
40
0
40
0
40
0
40
0
40
0.5
40
0.5
40
0.75
40
0.75
40
1
40
1
40
1
40
1
41
1
10
196.622553719346
20
13.77748949999
30
0
41
1
10
197.178279899823
20
13.8137661074699
30
0
41
1
10
197.733091996568
20
13.8482259285673
30
0
41
1
10
198.565985577191
20
13.8954799594638
30
0
41
1
10
198.843715031415
20
13.9105133428243
30
0
41
1
10
199.399713522426
20
13.9389748892039
30
0
41
1
10
199.677944619713
20
13.9524162367936
30
0
41
1
10
199.957069751291
20
13.9647270101427
30
0
0
SPLINE
5
127
100
AcDbEntity
8
1
62
256
6
ByLayer
370
18
48
1
60
0
100
AcDbSpline
70
4
71
3
72
8
73
4
40
0
40
0
40
0
40
0
40
1
40
1
40
1
40
1
41
1
10
196.378363180362
20
13.7469794190588
30
0
41
1
10
196.459525507649
20
13.7619957159931
30
0
41
1
10
196.540920178656
20
13.7721606383729
30
0
41
1
10
196.622553719346
20
13.77748949999
30
0
0
SPLINE
5
128
100
AcDbEntity
8
1
62
256
6
ByLayer
370
18
48
1
60
0
100
AcDbSpline
70
4
71
3
72
46
73
42
40
0
40
0
40
0
40
0
40
0.0716460601637794
40
0.143292120327559
40
0.143292120327559
40
0.161203635368503
40
0.161203635368503
40
0.179115150409448
40
0.179115150409448
40
0.21493818049134
40
0.21493818049134
40
0.286584240655127
40
0.286584240655127
40
0.322407270737024
40
0.322407270737024
40
0.340318785777973
40
0.340318785777973
40
0.358230300818922
40
0.358230300818922
40
0.394053330900822
40
0.394053330900822
40
0.429876360982722
40
0.429876360982722
40
0.573168481310312
40
0.573168481310312
40
0.608991511392203
40
0.626903026433148
40
0.626903026433148
40
0.644814541474093
40
0.644814541474093
40
0.716460601637859
40
0.716460601637859
40
0.788106661801625
40
0.788106661801625
40
0.823929691883517
40
0.823929691883517
40
0.85975272196541
40
0.85975272196541
40
0.931398782129217
40
0.931398782129217
40
1
40
1
40
1
40
1
41
1
10
198.791177563779
20
10.1988110586669
30
0
41
1
10
198.781676116537
20
10.1258852562214
30
0
41
1
10
198.77047695748
20
9.98038408926294
30
0
41
1
10
198.774604652439
20
9.83555746103565
30
0
41
1
10
198.782053162661
20
9.74525055291301
30
0
41
1
10
198.783786960042
20
9.72719968581441
30
0
41
1
10
198.787747429192
20
9.69111906710717
30
0
41
1
10
198.78997546961
20
9.67308511934129
30
0
41
1
10
198.797364093351
20
9.61929764250462
30
0
41
1
10
198.803237973566
20
9.58376379658014
30
0
41
1
10
198.823655797164
20
9.47811739835313
30
0
41
1
10
198.840988116762
20
9.40895731107051
30
0
41
1
10
198.872521504147
20
9.3071009348549
30
0
41
1
10
198.883957087605
20
9.27346344463228
30
0
41
1
10
198.902509273329
20
9.22348244845614
30
0
41
1
10
198.908926784429
20
9.20690137339363
30
0
41
1
10
198.922230554268
20
9.17389873632342
30
0
41
1
10
198.9291494465
20
9.15747853979855
30
0
41
1
10
198.95016796234
20
9.108440603095
30
0
41
1
10
198.964623630479
20
9.07603629516603
30
0
41
1
10
198.994346007453
20
9.01189419922096
30
0
41
1
10
199.009552261574
20
8.98032361024681
30
0
41
1
10
199.087564360137
20
8.8250123517513
30
0
41
1
10
199.156131453477
20
8.70883171829306
30
0
41
1
10
199.25416128889
20
8.57493830407239
30
0
41
1
10
199.284502819319
20
8.53562474809925
30
0
41
1
10
199.316408366963
20
8.4976414155405
30
0
41
1
10
199.338046531342
20
8.47262075791164
30
0
41
1
10
199.34905470034
20
8.4602565587505
30
0
41
1
10
199.404744418284
20
8.39954336058668
30
0
41
1
10
199.45160646297
20
8.35423763077662
30
0
41
1
10
199.550607746775
20
8.27011186022392
30
0
41
1
10
199.602740406761
20
8.23128910084998
30
0
41
1
10
199.68545464467
20
8.17794973172693
30
0
41
1
10
199.713780033427
20
8.16098664967083
30
0
41
1
10
199.772049532541
20
8.12871464003692
30
0
41
1
10
199.802050870646
20
8.11338834645889
30
0
41
1
10
199.893238956481
20
8.0705582400997
30
0
41
1
10
199.956015609494
20
8.04594548202357
30
0
41
1
10
200.082958174473
20
8.00507159080328
30
0
41
1
10
200.146949438979
20
7.9884971529095
30
0
41
1
10
200.212944200868
20
7.97532587510003
30
0
0
SPLINE
5
129
100
AcDbEntity
8
1
62
256
6
ByLayer
370
18
48
1
60
0
100
AcDbSpline
70
4
71
3
72
10
73
6
40
0
40
0
40
0
40
0
40
0.614983740124757
40
0.614983740124757
40
1
40
1
40
1
40
1
41
1
10
198.892358203189
20
10.9721223630367
30
0
41
1
10
198.871525946365
20
10.8136208131883
30
0
41
1
10
198.850753454615
20
10.6551040890994
30
0
41
1
10
198.817061399242
20
10.3973248157067
30
0
41
1
10
198.804109982495
20
10.2980703597341
30
0
41
1
10
198.791177563779
20
10.1988110586667
30
0
0
SPLINE
5
12A
100
AcDbEntity
8
1
62
256
6
ByLayer
370
18
48
1
60
0
100
AcDbSpline
70
4
71
3
72
12
73
8
40
0
40
0
40
0
40
0
40
0.499999999999989
40
0.499999999999989
40
0.749999999999995
40
0.749999999999995
40
1
40
1
40
1
40
1
41
1
10
199.076531517157
20
11.6791752278745
30
0
41
1
10
199.031282256738
20
11.5649099491363
30
0
41
1
10
198.993262384115
20
11.4487237333452
30
0
41
1
10
198.947070089768
20
11.2715550837542
30
0
41
1
10
198.933478398782
20
11.211961277721
30
0
41
1
10
198.910093448204
20
11.0924125064956
30
0
41
1
10
198.900279595867
20
11.0323920221096
30
0
41
1
10
198.892358203189
20
10.9721223630366
30
0
0
SPLINE
5
12B
100
AcDbEntity
8
1
62
256
6
ByLayer
370
18
48
1
60
0
100
AcDbSpline
70
4
71
3
72
74
73
70
40
0
40
0
40
0
40
0
40
0.0774593417863833
40
0.0774593417863833
40
0.154918683572767
40
0.154918683572767
40
0.309837367145533
40
0.309837367145533
40
0.348567038038722
40
0.348567038038722
40
0.353408246900373
40
0.353408246900373
40
0.358249455762024
40
0.367931873485326
40
0.367931873485326
40
0.38729670893193
40
0.38729670893193
40
0.426026379825132
40
0.426026379825132
40
0.445391215271736
40
0.445391215271736
40
0.455073632995039
40
0.455073632995039
40
0.464756050718341
40
0.50348572161155
40
0.50348572161155
40
0.542215392504758
40
0.542215392504758
40
0.561580227951363
40
0.561580227951363
40
0.571262645674665
40
0.571262645674665
40
0.580945063397967
40
0.580945063397967
40
0.619674734291183
40
0.619674734291183
40
0.658404405184398
40
0.658404405184398
40
0.697134076077613
40
0.697134076077613
40
0.706816493800914
40
0.706816493800914
40
0.716498911524216
40
0.735863746970823
40
0.735863746970823
40
0.774593417864038
40
0.774593417864038
40
0.784275835587342
40
0.784275835587342
40
0.789117044448995
40
0.789117044448995
40
0.793958253310649
40
0.813323088757263
40
0.813323088757263
40
0.832687924203878
40
0.832687924203878
40
0.842370341927184
40
0.842370341927184
40
0.847211550788837
40
0.847211550788837
40
0.85205275965049
40
0.85205275965049
40
0.890782430543711
40
0.890782430543711
40
0.910147265990321
40
0.910147265990321
40
0.929512101436932
40
0.929512101436932
40
1
40
1
40
1
40
1
41
1
10
196.378363180362
20
-13.7469794190603
30
0
41
1
10
196.085395935012
20
-13.6927759074654
30
0
41
1
10
195.792182901357
20
-13.6381504557692
30
0
41
1
10
195.205213248499
20
-13.5282477883877
30
0
41
1
10
194.911456955769
20
-13.4729698524518
30
0
41
1
10
194.029331970123
20
-13.3063314422365
30
0
41
1
10
193.439957956521
20
-13.194164409245
30
0
41
1
10
192.702604364695
20
-13.053011719332
30
0
41
1
10
192.555104114462
20
-13.0247206640604
30
0
41
1
10
192.389112723831
20
-12.9928630208088
30
0
41
1
10
192.370658281177
20
-12.9893395376449
30
0
41
1
10
192.333698130112
20
-12.9823735763805
30
0
41
1
10
192.278195676928
20
-12.9720221571167
30
0
41
1
10
192.222517194044
20
-12.9619479597095
30
0
41
1
10
192.110930122189
20
-12.9421665472016
30
0
41
1
10
192.03622750015
20
-12.9294757278599
30
0
41
1
10
191.811175576861
20
-12.8929435335556
30
0
41
1
10
191.659885108935
20
-12.8706406471554
30
0
41
1
10
191.431011355261
20
-12.8404314843276
30
0
41
1
10
191.354395545533
20
-12.8309044731716
30
0
41
1
10
191.238971058022
20
-12.8174538752628
30
0
41
1
10
191.200365834456
20
-12.8131050216993
30
0
41
1
10
191.123214612816
20
-12.8047153946811
30
0
41
1
10
190.93075479107
20
-12.7845378028791
30
0
41
1
10
190.740369424542
20
-12.7683165794521
30
0
41
1
10
190.438417481358
20
-12.7472678607661
30
0
41
1
10
190.288770021274
20
-12.7391901048236
30
0
41
1
10
190.066407093411
20
-12.730686968381
30
0
41
1
10
189.992637223996
20
-12.7284527994304
30
0
41
1
10
189.882531809864
20
-12.7259944398008
30
0
41
1
10
189.845921695622
20
-12.7253239139554
30
0
41
1
10
189.772890271358
20
-12.7242808712303
30
0
41
1
10
189.736432201604
20
-12.723908524347
30
0
41
1
10
189.555705408159
20
-12.7227972884984
30
0
41
1
10
189.415344818471
20
-12.724281557864
30
0
41
1
10
189.143272517755
20
-12.7314867943484
30
0
41
1
10
189.011581835177
20
-12.7372234116365
30
0
41
1
10
188.757522729956
20
-12.7525074665892
30
0
41
1
10
188.635164687178
20
-12.7620666306574
30
0
41
1
10
188.488867178257
20
-12.776173834827
30
0
41
1
10
188.459982048772
20
-12.7790996958729
30
0
41
1
10
188.403345208591
20
-12.785111625192
30
0
41
1
10
188.319929456688
20
-12.7943844869717
30
0
41
1
10
188.241197864897
20
-12.8043732401844
30
0
41
1
10
188.09013302957
20
-12.8251504291013
30
0
41
1
10
187.997910459442
20
-12.8400656205391
30
0
41
1
10
187.894405770133
20
-12.8596001887815
30
0
41
1
10
187.874295226929
20
-12.8635513526954
30
0
41
1
10
187.84504537515
20
-12.8695360888539
30
0
41
1
10
187.835438407528
20
-12.8715428117696
30
0
41
1
10
187.816616927751
20
-12.8755567234659
30
0
41
1
10
187.770507784652
20
-12.8855996086626
30
0
41
1
10
187.729117515818
20
-12.895663513283
30
0
41
1
10
187.6689376784
20
-12.9116944301408
30
0
41
1
10
187.641864271697
20
-12.9196732725359
30
0
41
1
10
187.605843118797
20
-12.9315213552644
30
0
41
1
10
187.594602016779
20
-12.9354508467308
30
0
41
1
10
187.578899152842
20
-12.9413071028957
30
0
41
1
10
187.573883982737
20
-12.9432571425001
30
0
41
1
10
187.563802268132
20
-12.9470696566129
30
0
41
1
10
187.558771950956
20
-12.9489383533887
30
0
41
1
10
187.513889377505
20
-12.9654669829389
30
0
41
1
10
187.475888205638
20
-12.9779524180963
30
0
41
1
10
187.421781230203
20
-12.9932742417169
30
0
41
1
10
187.404233498995
20
-12.9978130080688
30
0
41
1
10
187.370231519879
20
-13.0057199814486
30
0
41
1
10
187.353763198036
20
-13.0090923876845
30
0
41
1
10
187.279842090333
20
-13.022040834087
30
0
41
1
10
187.228945757899
20
-13.0244962372961
30
0
41
1
10
187.185506757228
20
-13.0191719859396
30
0
0
SPLINE
5
12C
100
AcDbEntity
8
1
62
256
6
ByLayer
370
18
48
1
60
0
100
AcDbSpline
70
4
71
3
72
129
73
125
40
0
40
0
40
0
40
0
40
0.0312499999999695
40
0.0312499999999695
40
0.062499999999939
40
0.062499999999939
40
0.124999999999878
40
0.124999999999878
40
0.140624999999861
40
0.140624999999861
40
0.14257812499986
40
0.14257812499986
40
0.144531249999858
40
0.148437499999856
40
0.148437499999856
40
0.156249999999854
40
0.156249999999854
40
0.171874999999848
40
0.171874999999848
40
0.179687499999843
40
0.179687499999843
40
0.183593749999842
40
0.183593749999842
40
0.187499999999841
40
0.20312499999984
40
0.20312499999984
40
0.218749999999839
40
0.218749999999839
40
0.226562499999837
40
0.226562499999837
40
0.230468749999836
40
0.230468749999836
40
0.234374999999835
40
0.234374999999835
40
0.249999999999829
40
0.249999999999829
40
0.265624999999823
40
0.265624999999823
40
0.281249999999817
40
0.281249999999817
40
0.285156249999815
40
0.285156249999815
40
0.289062499999813
40
0.296874999999809
40
0.296874999999809
40
0.312499999999802
40
0.312499999999802
40
0.316406249999802
40
0.316406249999802
40
0.318359374999802
40
0.318359374999802
40
0.320312499999803
40
0.328124999999806
40
0.328124999999806
40
0.335937499999809
40
0.335937499999809
40
0.33984374999981
40
0.33984374999981
40
0.341796874999811
40
0.341796874999811
40
0.343749999999811
40
0.343749999999811
40
0.359374999999814
40
0.359374999999814
40
0.367187499999816
40
0.367187499999816
40
0.374999999999818
40
0.374999999999818
40
0.406249999999824
40
0.406249999999824
40
0.43749999999983
40
0.43749999999983
40
0.453124999999833
40
0.453124999999833
40
0.460937499999834
40
0.460937499999834
40
0.468749999999836
40
0.468749999999836
40
0.499999999999841
40
0.499999999999841
40
0.531249999999847
40
0.531249999999847
40
0.562499999999852
40
0.562499999999852
40
0.566406249999853
40
0.566406249999853
40
0.570312499999854
40
0.570312499999854
40
0.578124999999856
40
0.59374999999986
40
0.59374999999986
40
0.62499999999987
40
0.62499999999987
40
0.656249999999879
40
0.656249999999879
40
0.671874999999884
40
0.671874999999884
40
0.687499999999889
40
0.687499999999889
40
0.7187499999999
40
0.7187499999999
40
0.749999999999911
40
0.749999999999911
40
0.765624999999916
40
0.765624999999916
40
0.77343749999992
40
0.77343749999992
40
0.781249999999923
40
0.781249999999923
40
0.812499999999936
40
0.812499999999936
40
0.843749999999949
40
0.843749999999949
40
0.874999999999962
40
0.874999999999962
40
0.906249999999975
40
0.906249999999975
40
0.92187499999998
40
0.92187499999998
40
0.937499999999985
40
0.937499999999985
40
0.968749999999992
40
0.968749999999992
40
1
40
1
40
1
40
1
41
1
10
196.378363180362
20
13.7469794190588
30
0
41
1
10
196.085395935013
20
13.6927759074639
30
0
41
1
10
195.792182901357
20
13.6381504557677
30
0
41
1
10
195.205213248499
20
13.5282477883863
30
0
41
1
10
194.911456955769
20
13.4729698524504
30
0
41
1
10
194.029331970123
20
13.3063314422352
30
0
41
1
10
193.439957956522
20
13.1941644092437
30
0
41
1
10
192.702604364695
20
13.0530117193307
30
0
41
1
10
192.555104114463
20
13.024720664059
30
0
41
1
10
192.389112723832
20
12.9928630208074
30
0
41
1
10
192.370658281178
20
12.9893395376436
30
0
41
1
10
192.333698130113
20
12.9823735763792
30
0
41
1
10
192.278195676928
20
12.9720221571154
30
0
41
1
10
192.222517194045
20
12.9619479597081
30
0
41
1
10
192.11093012219
20
12.9421665472003
30
0
41
1
10
192.03622750015
20
12.9294757278586
30
0
41
1
10
191.811175576862
20
12.8929435335543
30
0
41
1
10
191.659885108935
20
12.8706406471541
30
0
41
1
10
191.431011355262
20
12.8404314843263
30
0
41
1
10
191.354395545534
20
12.8309044731703
30
0
41
1
10
191.238971058023
20
12.8174538752615
30
0
41
1
10
191.200365834457
20
12.813105021698
30
0
41
1
10
191.123214612817
20
12.8047153946798
30
0
41
1
10
190.930754791071
20
12.7845378028778
30
0
41
1
10
190.740369424543
20
12.7683165794507
30
0
41
1
10
190.438417481359
20
12.7472678607647
30
0
41
1
10
190.288770021275
20
12.7391901048222
30
0
41
1
10
190.066407093412
20
12.7306869683796
30
0
41
1
10
189.992637223997
20
12.728452799429
30
0
41
1
10
189.882531809865
20
12.7259944397994
30
0
41
1
10
189.845921695623
20
12.725323913954
30
0
41
1
10
189.772890271359
20
12.7242808712289
30
0
41
1
10
189.736432201606
20
12.7239085243456
30
0
41
1
10
189.55570540816
20
12.722797288497
30
0
41
1
10
189.415344818472
20
12.7242815578625
30
0
41
1
10
189.143272517756
20
12.7314867943469
30
0
41
1
10
189.011581835178
20
12.737223411635
30
0
41
1
10
188.757522729957
20
12.7525074665877
30
0
41
1
10
188.635164687179
20
12.762066630656
30
0
41
1
10
188.488867178257
20
12.7761738348255
30
0
41
1
10
188.459982048773
20
12.7790996958714
30
0
41
1
10
188.403345208591
20
12.7851116251905
30
0
41
1
10
188.319929456688
20
12.7943844869702
30
0
41
1
10
188.241197864898
20
12.8043732401829
30
0
41
1
10
188.09013302957
20
12.8251504290998
30
0
41
1
10
187.997910459442
20
12.8400656205376
30
0
41
1
10
187.894405770133
20
12.85960018878
30
0
41
1
10
187.87429522693
20
12.8635513526939
30
0
41
1
10
187.845045375151
20
12.8695360888524
30
0
41
1
10
187.835438407529
20
12.871542811768
30
0
41
1
10
187.816616927752
20
12.8755567234644
30
0
41
1
10
187.770507784652
20
12.885599608661
30
0
41
1
10
187.729117515818
20
12.8956635132815
30
0
41
1
10
187.6689376784
20
12.9116944301393
30
0
41
1
10
187.641864271698
20
12.9196732725344
30
0
41
1
10
187.605843118798
20
12.9315213552629
30
0
41
1
10
187.594602016779
20
12.9354508467293
30
0
41
1
10
187.578899152842
20
12.9413071028942
30
0
41
1
10
187.573883982737
20
12.9432571424986
30
0
41
1
10
187.563802268132
20
12.9470696566113
30
0
41
1
10
187.558771950957
20
12.9489383533872
30
0
41
1
10
187.513889377506
20
12.9654669829374
30
0
41
1
10
187.475888205639
20
12.9779524180948
30
0
41
1
10
187.421781230203
20
12.9932742417155
30
0
41
1
10
187.404233498995
20
12.9978130080674
30
0
41
1
10
187.370231519879
20
13.0057199814472
30
0
41
1
10
187.353763198036
20
13.009092387683
30
0
41
1
10
187.274106741142
20
13.0230454708384
30
0
41
1
10
187.218947575521
20
13.0249065861307
30
0
41
1
10
187.126726911428
20
13.0098211479244
30
0
41
1
10
187.089662960046
20
12.9928758789793
30
0
41
1
10
187.048915969107
20
12.9530475574496
30
0
41
1
10
187.03781445441
20
12.9373680105647
30
0
41
1
10
187.025103743343
20
12.9101885486282
30
0
41
1
10
187.02152422159
20
12.9005185814517
30
0
41
1
10
187.015722490448
20
12.8799476460948
30
0
41
1
10
187.013499459622
20
12.8690325431458
30
0
41
1
10
187.005918037098
20
12.8116078091653
30
0
41
1
10
187.011081285647
20
12.7564834737501
30
0
41
1
10
187.04528752679
20
12.6287994591295
30
0
41
1
10
187.074329719877
20
12.5562376327573
30
0
41
1
10
187.158372436576
20
12.3945126196815
30
0
41
1
10
187.213369418722
20
12.3053469958961
30
0
41
1
10
187.291417584701
20
12.1961511584478
30
0
41
1
10
187.30031478679
20
12.1838949029527
30
0
41
1
10
187.318565936369
20
12.1591372400478
30
0
41
1
10
187.327925551009
20
12.1466285987125
30
0
41
1
10
187.356611343244
20
12.1088519806396
30
0
41
1
10
187.416476455165
20
12.0322044485453
30
0
41
1
10
187.483833084246
20
11.9524463356723
30
0
41
1
10
187.628593569999
20
11.789227029269
30
0
41
1
10
187.73848956968
20
11.6754792457998
30
0
41
1
10
187.985608474607
20
11.4404003581849
30
0
41
1
10
188.12283292347
20
11.3190667341991
30
0
41
1
10
188.349757136962
20
11.1330549428299
30
0
41
1
10
188.428942491015
20
11.0703612157382
30
0
41
1
10
188.594351288213
20
10.9440033520185
30
0
41
1
10
188.679918338065
20
10.8808399626192
30
0
41
1
10
188.944956721107
20
10.691807715831
30
0
41
1
10
189.132753932421
20
10.5664026023238
30
0
41
1
10
189.52946258083
20
10.3188037458718
30
0
41
1
10
189.738380451415
20
10.196610195387
30
0
41
1
10
190.066970351423
20
10.0170556328896
30
0
41
1
10
190.179037333992
20
9.95782516583711
30
0
41
1
10
190.350876872126
20
9.87006462908565
30
0
41
1
10
190.40882994568
20
9.84096805485112
30
0
41
1
10
190.525486210993
20
9.78339797470889
30
0
41
1
10
190.584236026336
20
9.75489980270947
30
0
41
1
10
190.880038973015
20
9.6138698684228
30
0
41
1
10
191.12324218741
20
9.50572625729831
30
0
41
1
10
191.621570114414
20
9.29938510035305
30
0
41
1
10
191.876696948111
20
9.20118577817496
30
0
41
1
10
192.397931965634
20
9.01520977690825
30
0
41
1
10
192.664036749834
20
8.92742448611244
30
0
41
1
10
193.206614956381
20
8.76286974870351
30
0
41
1
10
193.483090172197
20
8.6861014537175
30
0
41
1
10
193.905181330424
20
8.57955545808906
30
0
41
1
10
194.047231731028
20
8.54544839035341
30
0
41
1
10
194.332490206901
20
8.48041672856897
30
0
41
1
10
194.475822540476
20
8.44945771935687
30
0
41
1
10
194.907833744675
20
8.36120492531708
30
0
41
1
10
195.198516259714
20
8.30851493025051
30
0
41
1
10
195.784787075862
20
8.21513623949969
30
0
41
1
10
196.080378174562
20
8.17445164022863
30
0
41
1
10
196.378363180362
20
8.13996021736227
30
0
0
SPLINE
5
12D
100
AcDbEntity
8
1
62
256
6
ByLayer
370
18
48
1
60
0
100
AcDbSpline
70
4
71
3
72
12
73
8
40
0
40
0
40
0
40
0
40
0.5
40
0.5
40
0.75
40
0.75
40
1
40
1
40
1
40
1
41
1
10
196.622553719346
20
-13.7774894999915
30
0
41
1
10
197.178279899823
20
-13.8137661074714
30
0
41
1
10
197.733091996568
20
-13.8482259285688
30
0
41
1
10
198.565985577191
20
-13.8954799594653
30
0
41
1
10
198.843715031415
20
-13.9105133428258
30
0
41
1
10
199.399713522426
20
-13.9389748892053
30
0
41
1
10
199.677944619713
20
-13.9524162367951
30
0
41
1
10
199.95706975129
20
-13.9647270101442
30
0
0
SPLINE
5
12E
100
AcDbEntity
8
1
62
256
6
ByLayer
370
18
48
1
60
0
100
AcDbSpline
70
4
71
3
72
24
73
20
40
0
40
0
40
0
40
0
40
0.0625
40
0.0625
40
0.125
40
0.125
40
0.25
40
0.25
40
0.375
40
0.375
40
0.5
40
0.5
40
0.625
40
0.625
40
0.75
40
0.75
40
0.875
40
0.875
40
1
40
1
40
1
40
1
41
1
10
199.957069751291
20
7.97565554342413
30
0
41
1
10
199.887432626634
20
7.97499301602028
30
0
41
1
10
199.817793560107
20
7.97455327849681
30
0
41
1
10
199.678513895647
20
7.97384953021466
30
0
41
1
10
199.608872322272
20
7.97358567734793
30
0
41
1
10
199.399954796404
20
7.97311425094705
30
0
41
1
10
199.260685658081
20
7.97328410062423
30
0
41
1
10
198.982176045261
20
7.97512996987118
30
0
41
1
10
198.842935605618
20
7.97680787696083
30
0
41
1
10
198.564495744297
20
7.98231734539317
30
0
41
1
10
198.425293039998
20
7.98614156779658
30
0
41
1
10
198.146947559316
20
7.99626449209543
30
0
41
1
10
198.007909064851
20
8.00257873681954
30
0
41
1
10
197.730110530405
20
8.01779729268407
30
0
41
1
10
197.591339880179
20
8.02660249300337
30
0
41
1
10
197.314053987883
20
8.04657651199059
30
0
41
1
10
197.175546232944
20
8.05781525228323
30
0
41
1
10
196.898830699004
20
8.08305581680926
30
0
41
1
10
196.760620777053
20
8.09703757504181
30
0
41
1
10
196.622553719346
20
8.11232441502068
30
0
0
SPLINE
5
12F
100
AcDbEntity
8
1
62
256
6
ByLayer
370
18
48
1
60
0
100
AcDbSpline
70
4
71
3
72
8
73
4
40
0
40
0
40
0
40
0
40
1
40
1
40
1
40
1
41
1
10
196.378363180362
20
-13.7469794190602
30
0
41
1
10
196.459525507649
20
-13.7619957159946
30
0
41
1
10
196.540920178656
20
-13.7721606383743
30
0
41
1
10
196.622553719346
20
-13.7774894999915
30
0
0
SPLINE
5
130
100
AcDbEntity
8
1
62
256
6
ByLayer
370
18
48
1
60
0
100
AcDbSpline
70
4
71
3
72
8
73
4
40
0
40
0
40
0
40
0
40
1
40
1
40
1
40
1
41
1
10
196.622553719346
20
8.11232441502068
30
0
41
1
10
196.540194031856
20
8.1214433126367
30
0
41
1
10
196.458808582011
20
8.13064875432917
30
0
41
1
10
196.378363180362
20
8.13996021736227
30
0
0
SPLINE
5
131
100
AcDbEntity
8
1
62
256
6
ByLayer
370
18
48
1
60
0
100
AcDbSpline
70
4
71
3
72
8
73
4
40
0
40
0
40
0
40
0
40
1
40
1
40
1
40
1
41
1
10
199.977243127077
20
-13.9657142291704
30
0
41
1
10
199.97051843693
20
-13.9653526487653
30
0
41
1
10
199.963793978082
20
-13.9650235811893
30
0
41
1
10
199.95706975129
20
-13.9647270101442
30
0
0
SPLINE
5
132
100
AcDbEntity
8
1
62
256
6
ByLayer
370
18
48
1
60
0
100
AcDbSpline
70
4
71
3
72
8
73
4
40
0
40
0
40
0
40
0
40
1
40
1
40
1
40
1
41
1
10
199.977243127078
20
-13.9657142291706
30
0
41
1
10
199.99848372443
20
-13.9632077812553
30
0
41
1
10
200.020370975661
20
-13.9611649997351
30
0
41
1
10
200.04289070657
20
-13.9596542767677
30
0
0
SPLINE
5
133
100
AcDbEntity
8
1
62
256
6
ByLayer
370
18
48
1
60
0
100
AcDbSpline
70
4
71
3
72
8
73
4
40
0
40
0
40
0
40
0
40
1
40
1
40
1
40
1
41
1
10
199.957069751291
20
7.97565554342413
30
0
41
1
10
199.98568972728
20
7.97592783379343
30
0
41
1
10
200.014296712773
20
7.9762876805741
30
0
41
1
10
200.04289070657
20
7.97673591454836
30
0
0
SPLINE
5
134
100
AcDbEntity
8
1
62
256
6
ByLayer
370
18
48
1
60
0
100
AcDbSpline
70
4
71
3
72
25
73
21
40
0
40
0
40
0
40
0
40
0.124999999999952
40
0.249999999999905
40
0.249999999999905
40
0.312499999999881
40
0.312499999999881
40
0.374999999999857
40
0.374999999999857
40
0.499999999999886
40
0.499999999999886
40
0.624999999999915
40
0.624999999999915
40
0.687499999999929
40
0.687499999999929
40
0.749999999999943
40
0.749999999999943
40
0.874999999999972
40
0.874999999999972
40
1
40
1
40
1
40
1
41
1
10
201.084725427093
20
-13.9855259148007
30
0
41
1
10
201.042315569484
20
-13.9809428909001
30
0
41
1
10
200.956116570547
20
-13.9725527930714
30
0
41
1
10
200.867220144622
20
-13.9657561424542
30
0
41
1
10
200.799511256658
20
-13.9612900798425
30
0
41
1
10
200.776799048516
20
-13.9599097059454
30
0
41
1
10
200.731576431921
20
-13.9573944543779
30
0
41
1
10
200.70899928648
20
-13.9562550282878
30
0
41
1
10
200.641368877891
20
-13.9531876751726
30
0
41
1
10
200.596416246615
20
-13.9516098682207
30
0
41
1
10
200.506781569991
20
-13.9493889172658
30
0
41
1
10
200.462099466717
20
-13.9487456761221
30
0
41
1
10
200.395290750163
20
-13.9485023979152
30
0
41
1
10
200.373112581366
20
-13.9485428528913
30
0
41
1
10
200.329405437774
20
-13.9488610973939
30
0
41
1
10
200.30780900333
20
-13.9491385221081
30
0
41
1
10
200.243787602826
20
-13.9503162260872
30
0
41
1
10
200.202127555826
20
-13.9515610952949
30
0
41
1
10
200.120900889667
20
-13.9549407206858
30
0
41
1
10
200.081333466549
20
-13.9570753667151
30
0
41
1
10
200.04289070657
20
-13.9596542767679
30
0
0
SPLINE
5
135
100
AcDbEntity
8
1
62
256
6
ByLayer
370
18
48
1
60
0
100
AcDbSpline
70
4
71
3
72
16
73
12
40
0
40
0
40
0
40
0
40
0.250000000000004
40
0.250000000000004
40
0.500000000000009
40
0.500000000000009
40
0.750000000000013
40
0.750000000000013
40
0.875000000000007
40
0.875000000000007
40
1
40
1
40
1
40
1
41
1
10
201.447495761171
20
-13.7545415305094
30
0
41
1
10
201.410918978652
20
-13.776647263313
30
0
41
1
10
201.375466856473
20
-13.7980249160727
30
0
41
1
10
201.307341248086
20
-13.8393421086868
30
0
41
1
10
201.274663687445
20
-13.8592814252551
30
0
41
1
10
201.212846632241
20
-13.8977495987688
30
0
41
1
10
201.18369841133
20
-13.9162779373346
30
0
41
1
10
201.143508727931
20
-13.9430483718658
30
0
41
1
10
201.130692438474
20
-13.9518106935646
30
0
41
1
10
201.106534088586
20
-13.9689541626855
30
0
41
1
10
201.095193025303
20
-13.9773333666877
30
0
41
1
10
201.084725427092
20
-13.9855259148008
30
0
0
SPLINE
5
136
100
AcDbEntity
8
1
62
256
6
ByLayer
370
18
48
1
60
0
100
AcDbSpline
70
4
71
3
72
69
73
65
40
0
40
0
40
0
40
0
40
0.0156249999999988
40
0.0156249999999988
40
0.0312499999999976
40
0.0312499999999976
40
0.0624999999999948
40
0.0624999999999948
40
0.124999999999989
40
0.124999999999989
40
0.140624999999985
40
0.140624999999985
40
0.156249999999981
40
0.187499999999973
40
0.218749999999964
40
0.218749999999964
40
0.234374999999958
40
0.234374999999958
40
0.249999999999952
40
0.249999999999952
40
0.312499999999926
40
0.312499999999926
40
0.343749999999913
40
0.343749999999913
40
0.359374999999907
40
0.359374999999907
40
0.374999999999901
40
0.374999999999901
40
0.437499999999906
40
0.437499999999906
40
0.453124999999911
40
0.453124999999911
40
0.468749999999916
40
0.468749999999916
40
0.499999999999925
40
0.531249999999934
40
0.531249999999934
40
0.546874999999939
40
0.546874999999939
40
0.562499999999943
40
0.562499999999943
40
0.624999999999982
40
0.624999999999982
40
0.656250000000001
40
0.656250000000001
40
0.671874999999999
40
0.671874999999999
40
0.687499999999997
40
0.687499999999997
40
0.749999999999989
40
0.749999999999989
40
0.765624999999981
40
0.765624999999981
40
0.781249999999973
40
0.781249999999973
40
0.812499999999957
40
0.812499999999957
40
0.874999999999948
40
0.874999999999948
40
0.906249999999956
40
0.906249999999956
40
0.937499999999963
40
0.937499999999963
40
1
40
1
40
1
40
1
41
1
10
201.447495761171
20
-13.7545415305094
30
0
41
1
10
201.434942979396
20
-13.7508523884781
30
0
41
1
10
201.422642402674
20
-13.7470741184349
30
0
41
1
10
201.398559764301
20
-13.7393300516169
30
0
41
1
10
201.386778501699
20
-13.7353630935563
30
0
41
1
10
201.352626917135
20
-13.7233097675567
30
0
41
1
10
201.331303578659
20
-13.7150267855358
30
0
41
1
10
201.271600784295
20
-13.6893984624165
30
0
41
1
10
201.23744822181
20
-13.6712805005845
30
0
41
1
10
201.202180262125
20
-13.6471304987413
30
0
41
1
10
201.195483601089
20
-13.6422105089325
30
0
41
1
10
201.182957127626
20
-13.6322888094839
30
0
41
1
10
201.165481671757
20
-13.6173015344548
30
0
41
1
10
201.142809665679
20
-13.5917877516571
30
0
41
1
10
201.131490505949
20
-13.5707788858425
30
0
41
1
10
201.125607618719
20
-13.5547862070799
30
0
41
1
10
201.124081840756
20
-13.5494159569777
30
0
41
1
10
201.12191883016
20
-13.538594494423
30
0
41
1
10
201.121281571532
20
-13.5331278743508
30
0
41
1
10
201.120382067224
20
-13.5057861094751
30
0
41
1
10
201.12686945282
20
-13.484031142719
30
0
41
1
10
201.147129962205
20
-13.4516194024839
30
0
41
1
10
201.155651273803
20
-13.4408533502111
30
0
41
1
10
201.171169313433
20
-13.4247769895854
30
0
41
1
10
201.176814964968
20
-13.4194181013307
30
0
41
1
10
201.188903616515
20
-13.4088451463915
30
0
41
1
10
201.195355567362
20
-13.4036195279619
30
0
41
1
10
201.229615971406
20
-13.3777982434116
30
0
41
1
10
201.263369121793
20
-13.3581114405295
30
0
41
1
10
201.313485187076
20
-13.3348716713989
30
0
41
1
10
201.323908198018
20
-13.330292889707
30
0
41
1
10
201.34556827671
20
-13.3212806833016
30
0
41
1
10
201.356755742399
20
-13.3168688238999
30
0
41
1
10
201.391181353105
20
-13.3039913835266
30
0
41
1
10
201.43953188372
20
-13.2877111830961
30
0
41
1
10
201.492633327208
20
-13.2732280915321
30
0
41
1
10
201.534235799903
20
-13.2630641624349
30
0
41
1
10
201.548399829234
20
-13.2597927634406
30
0
41
1
10
201.57732608271
20
-13.253489462021
30
0
41
1
10
201.592128041468
20
-13.2504501078695
30
0
41
1
10
201.667119805244
20
-13.235973376178
30
0
41
1
10
201.729964942977
20
-13.2267118861864
30
0
41
1
10
201.828243473724
20
-13.2162488610423
30
0
41
1
10
201.861676237376
20
-13.2133359725747
30
0
41
1
10
201.912842259865
20
-13.2098508179577
30
0
41
1
10
201.930095760963
20
-13.2088359129169
30
0
41
1
10
201.964613312849
20
-13.2071212130614
30
0
41
1
10
201.981912914223
20
-13.2064184742924
30
0
41
1
10
202.068609873575
20
-13.2036631708714
30
0
41
1
10
202.138598967649
20
-13.2038704383373
30
0
41
1
10
202.226846304295
20
-13.2070716279187
30
0
41
1
10
202.244534133732
20
-13.207859912321
30
0
41
1
10
202.279987052706
20
-13.2097345209351
30
0
41
1
10
202.297787181104
20
-13.2108237215005
30
0
41
1
10
202.350853179177
20
-13.2145095860636
30
0
41
1
10
202.38589140885
20
-13.2175269588057
30
0
41
1
10
202.490027165203
20
-13.2281857225899
30
0
41
1
10
202.558153585564
20
-13.2374231606473
30
0
41
1
10
202.658400388442
20
-13.2543894318342
30
0
41
1
10
202.691604496295
20
-13.2605927547149
30
0
41
1
10
202.756304231148
20
-13.2738358400857
30
0
41
1
10
202.78790181134
20
-13.2808887380133
30
0
41
1
10
202.880468464896
20
-13.3032885621337
30
0
41
1
10
202.939232315345
20
-13.3198669020323
30
0
41
1
10
202.994891572036
20
-13.3380662961817
30
0
0
SPLINE
5
137
100
AcDbEntity
8
1
62
256
6
ByLayer
370
18
48
1
60
0
100
AcDbSpline
70
4
71
3
72
16
73
12
40
0
40
0
40
0
40
0
40
0.249999999999986
40
0.249999999999986
40
0.374999999999979
40
0.374999999999979
40
0.499999999999972
40
0.499999999999972
40
0.749999999999986
40
0.749999999999986
40
1
40
1
40
1
40
1
41
1
10
202.994891572036
20
8.05388009416413
30
0
41
1
10
202.748890692857
20
8.04768495111159
30
0
41
1
10
202.502889816052
20
8.04148842306887
30
0
41
1
10
202.133888499341
20
8.0321950724344
30
0
41
1
10
202.010888017226
20
8.02911013254803
30
0
41
1
10
201.764887287338
20
8.02287195449722
30
0
41
1
10
201.641887659944
20
8.01953814477659
30
0
41
1
10
201.272891513453
20
8.00874341623742
30
0
41
1
10
201.0268963564
20
8.00089145379687
30
0
41
1
10
200.534900328836
20
7.98684829597002
30
0
41
1
10
200.288899661812
20
7.98059230384777
30
0
41
1
10
200.04289070657
20
7.97673591454836
30
0
0
SPLINE
5
138
100
AcDbEntity
8
1
62
256
6
ByLayer
370
18
48
1
60
0
100
AcDbSpline
70
4
71
3
72
8
73
4
40
0
40
0
40
0
40
0
40
1
40
1
40
1
40
1
41
1
10
202.994891572036
20
-13.3380662961817
30
0
41
1
10
203.006896628414
20
-13.3419916945036
30
0
41
1
10
203.018685862841
20
-13.3458930840365
30
0
41
1
10
203.030258112073
20
-13.3497801671758
30
0
0
SPLINE
5
139
100
AcDbEntity
8
1
62
256
6
ByLayer
370
18
48
1
60
0
100
AcDbSpline
70
4
71
3
72
8
73
4
40
0
40
0
40
0
40
0
40
1
40
1
40
1
40
1
41
1
10
203.030258112072
20
8.0547449081098
30
0
41
1
10
203.018466095593
20
8.05446516859493
30
0
41
1
10
203.006677248736
20
8.05417689779088
30
0
41
1
10
202.994891572036
20
8.05388009416413
30
0
0
SPLINE
5
13A
100
AcDbEntity
8
1
62
256
6
ByLayer
370
18
48
1
60
0
100
AcDbSpline
70
4
71
3
72
29
73
25
40
0
40
0
40
0
40
0
40
0.125000000000015
40
0.125000000000015
40
0.18750000000002
40
0.18750000000002
40
0.250000000000025
40
0.250000000000025
40
0.375000000000035
40
0.375000000000035
40
0.437500000000015
40
0.437500000000015
40
0.499999999999995
40
0.562499999999975
40
0.562499999999975
40
0.624999999999955
40
0.624999999999955
40
0.749999999999911
40
0.749999999999911
40
0.812499999999934
40
0.812499999999934
40
0.874999999999956
40
0.874999999999956
40
1
40
1
40
1
40
1
41
1
10
209.284253680935
20
-13.2903435944614
30
0
41
1
10
209.285254641007
20
-13.3240425471628
30
0
41
1
10
209.282808015325
20
-13.3572766488929
30
0
41
1
10
209.274074643047
20
-13.4064203336681
30
0
41
1
10
209.270308432875
20
-13.4227013158302
30
0
41
1
10
209.261044276794
20
-13.4549367951572
30
0
41
1
10
209.255613599175
20
-13.4706647554595
30
0
41
1
10
209.237016361077
20
-13.5167144708877
30
0
41
1
10
209.221564786604
20
-13.545912211167
30
0
41
1
10
209.193779783694
20
-13.5874038494175
30
0
41
1
10
209.183709238877
20
-13.6008765392773
30
0
41
1
10
209.162436934294
20
-13.6264796119253
30
0
41
1
10
209.139948469218
20
-13.6508849908832
30
0
41
1
10
209.115087153569
20
-13.6729384280614
30
0
41
1
10
209.089036878292
20
-13.6938059351519
30
0
41
1
10
209.075389335278
20
-13.7036648413176
30
0
41
1
10
209.032788175086
20
-13.7312846399745
30
0
41
1
10
209.002864251696
20
-13.7466859145378
30
0
41
1
10
208.955809901743
20
-13.7654459073838
30
0
41
1
10
208.939761146681
20
-13.7709706374112
30
0
41
1
10
208.906925179218
20
-13.7805337196965
30
0
41
1
10
208.890078718109
20
-13.7845770745205
30
0
41
1
10
208.839332737091
20
-13.7942295507227
30
0
41
1
10
208.804982388626
20
-13.797476856748
30
0
41
1
10
208.770120229578
20
-13.7975334548216
30
0
0
SPLINE
5
13B
100
AcDbEntity
8
1
62
256
6
ByLayer
370
18
48
1
60
0
100
AcDbSpline
70
4
71
3
72
32
73
28
40
0
40
0
40
0
40
0
40
0.124999999999982
40
0.124999999999982
40
0.249999999999964
40
0.249999999999964
40
0.28124999999996
40
0.28124999999996
40
0.312499999999955
40
0.312499999999955
40
0.374999999999946
40
0.374999999999946
40
0.499999999999932
40
0.499999999999932
40
0.562499999999949
40
0.562499999999949
40
0.624999999999967
40
0.624999999999967
40
0.750000000000001
40
0.750000000000001
40
0.781249999999971
40
0.781249999999971
40
0.81249999999994
40
0.87499999999996
40
0.93749999999998
40
0.93749999999998
40
1
40
1
40
1
40
1
41
1
10
209.284253680935
20
8.14533123672669
30
0
41
1
10
209.285203282152
20
8.14819875170338
30
0
41
1
10
209.283044905199
20
8.15095994954166
30
0
41
1
10
209.27274894467
20
8.15627781092473
30
0
41
1
10
209.264612257976
20
8.15883450512783
30
0
41
1
10
209.250469407369
20
8.1618945023352
30
0
41
1
10
209.247440619906
20
8.16249965291556
30
0
41
1
10
209.240969650036
20
8.16369581308143
30
0
41
1
10
209.237519427445
20
8.16428794171659
30
0
41
1
10
209.226638814167
20
8.16602494383082
30
0
41
1
10
209.21865662742
20
8.16713548788439
30
0
41
1
10
209.192520501645
20
8.17032447316942
30
0
41
1
10
209.172199586687
20
8.17226173914233
30
0
41
1
10
209.136989086352
20
8.17485954687345
30
0
41
1
10
209.124458981288
20
8.1756738030673
30
0
41
1
10
209.097666822178
20
8.17718948402111
30
0
41
1
10
209.083610861562
20
8.17787889502492
30
0
41
1
10
209.039588014307
20
8.17973106123836
30
0
41
1
10
209.007727262114
20
8.18068419297182
30
0
41
1
10
208.964367059673
20
8.18147937907409
30
0
41
1
10
208.955513352584
20
8.18161820933884
30
0
41
1
10
208.937684248997
20
8.18185116565809
30
0
41
1
10
208.910669074266
20
8.1821352424578
30
0
41
1
10
208.864293066373
20
8.18228357197259
30
0
41
1
10
208.825721111531
20
8.18204811512592
30
0
41
1
10
208.78637062991
20
8.18162525896872
30
0
41
1
10
208.766303339809
20
8.18131889393877
30
0
41
1
10
208.746229970826
20
8.18092037014841
30
0
0
SPLINE
5
13C
100
AcDbEntity
8
1
62
256
6
ByLayer
370
18
48
1
60
0
100
AcDbSpline
70
4
71
3
72
8
73
4
40
0
40
0
40
0
40
0
40
1
40
1
40
1
40
1
41
1
10
208.746229970826
20
-13.7971851717223
30
0
41
1
10
208.754239495453
20
-13.797431523009
30
0
41
1
10
208.762202564519
20
-13.7975463090051
30
0
41
1
10
208.770120229578
20
-13.7975334548216
30
0
0
SPLINE
5
13D
100
AcDbEntity
8
1
62
256
6
ByLayer
370
18
48
1
60
0
100
AcDbSpline
70
4
71
3
72
30
73
26
40
0
40
0
40
0
40
0
40
0.12500000000001
40
0.12500000000001
40
0.25000000000002
40
0.25000000000002
40
0.312500000000021
40
0.312500000000021
40
0.375000000000023
40
0.375000000000023
40
0.500000000000027
40
0.500000000000027
40
0.625000000000031
40
0.625000000000031
40
0.687500000000033
40
0.687500000000033
40
0.750000000000034
40
0.750000000000034
40
0.875000000000039
40
0.875000000000039
40
0.906250000000023
40
0.906250000000023
40
0.937500000000008
40
0.937500000000008
40
1
40
1
40
1
40
1
41
1
10
204.864124293221
20
-9.25145801321094
30
0
41
1
10
204.880574528505
20
-9.16107224645648
30
0
41
1
10
204.901435108382
20
-9.07035908138243
30
0
41
1
10
204.952647277004
20
-8.88844349063717
30
0
41
1
10
204.982994097915
20
-8.79724017427529
30
0
41
1
10
205.036478379653
20
-8.6602455377637
30
0
41
1
10
205.055657835585
20
-8.61450549728832
30
0
41
1
10
205.096796980305
20
-8.52318967540404
30
0
41
1
10
205.11863286331
20
-8.47788406122052
30
0
41
1
10
205.188081675435
20
-8.34312906985554
30
0
41
1
10
205.239616278805
20
-8.25483228275687
30
0
41
1
10
205.354312563996
20
-8.08206399636785
30
0
41
1
10
205.417460074318
20
-7.99758542204933
30
0
41
1
10
205.522344768731
20
-7.87457185620465
30
0
41
1
10
205.559113065761
20
-7.83409410625998
30
0
41
1
10
205.635361370195
20
-7.75561228153856
30
0
41
1
10
205.674926306582
20
-7.71749495695533
30
0
41
1
10
205.798192293418
20
-7.6068029508765
30
0
41
1
10
205.886416278485
20
-7.53784496995044
30
0
41
1
10
206.005639255281
20
-7.4591513849619
30
0
41
1
10
206.029934810139
20
-7.4437912779963
30
0
41
1
10
206.079480670296
20
-7.41388110708422
30
0
41
1
10
206.104743623996
20
-7.3993269223495
30
0
41
1
10
206.181507135665
20
-7.3572582405767
30
0
41
1
10
206.234143680672
20
-7.33122919676558
30
0
41
1
10
206.288372384586
20
-7.30743095727422
30
0
0
SPLINE
5
13E
100
AcDbEntity
8
1
62
256
6
ByLayer
370
18
48
1
60
0
100
AcDbSpline
70
4
71
3
72
12
73
8
40
0
40
0
40
0
40
0
40
0.0799398973540453
40
0.0799398973540453
40
0.399699486779851
40
0.399699486779851
40
1
40
1
40
1
40
1
41
1
10
206.288372384586
20
8.13201869906467
30
0
41
1
10
206.201554586644
20
8.12995975086963
30
0
41
1
10
206.114736790408
20
8.12790080880231
30
0
41
1
10
205.68064781804
20
8.11760610928741
30
0
41
1
10
205.333376668356
20
8.10937038376008
30
0
41
1
10
204.334156282421
20
8.08567270588068
30
0
41
1
10
203.682207116044
20
8.07021095655213
30
0
41
1
10
203.030258112072
20
8.0547449081098
30
0
0
SPLINE
5
13F
100
AcDbEntity
8
1
62
256
6
ByLayer
370
18
48
1
60
0
100
AcDbSpline
70
4
71
3
72
15
73
11
40
0
40
0
40
0
40
0
40
0.25
40
0.5
40
0.5
40
0.75
40
0.75
40
0.875
40
0.875
40
1
40
1
40
1
40
1
41
1
10
203.030258112072
20
-13.3497801671756
30
0
41
1
10
203.065112293577
20
-13.3614875801892
30
0
41
1
10
203.130571391609
20
-13.3858021240973
30
0
41
1
10
203.187728691095
20
-13.4117446788108
30
0
41
1
10
203.240642353067
20
-13.4384566190417
30
0
41
1
10
203.264978808961
20
-13.4521971630118
30
0
41
1
10
203.298075059242
20
-13.4733816531859
30
0
41
1
10
203.308564564176
20
-13.480560642157
30
0
41
1
10
203.328148752777
20
-13.4949670495982
30
0
41
1
10
203.337258207381
20
-13.5022008134775
30
0
41
1
10
203.345677166266
20
-13.5094625560779
30
0
0
SPLINE
5
140
100
AcDbEntity
8
1
62
256
6
ByLayer
370
18
48
1
60
0
100
AcDbSpline
70
4
71
3
72
8
73
4
40
0
40
0
40
0
40
0
40
1
40
1
40
1
40
1
41
1
10
203.345677166262
20
-13.5094625560764
30
0
41
1
10
204.327412317165
20
-13.5782516881812
30
0
41
1
10
205.308207095526
20
-13.6473752901041
30
0
41
1
10
206.288372384586
20
-13.715627539219
30
0
0
SPLINE
5
141
100
AcDbEntity
8
1
62
256
6
ByLayer
370
18
48
1
60
0
100
AcDbSpline
70
4
71
3
72
48
73
44
40
0
40
0
40
0
40
0
40
0.0625000000000264
40
0.0625000000000264
40
0.0937500000000397
40
0.0937500000000397
40
0.125000000000053
40
0.125000000000053
40
0.187500000000078
40
0.250000000000103
40
0.250000000000103
40
0.312500000000128
40
0.312500000000128
40
0.343750000000144
40
0.343750000000144
40
0.359375000000153
40
0.359375000000153
40
0.375000000000161
40
0.437500000000174
40
0.500000000000187
40
0.500000000000187
40
0.562500000000199
40
0.562500000000199
40
0.578125000000189
40
0.578125000000189
40
0.593750000000179
40
0.625000000000159
40
0.625000000000159
40
0.68750000000014
40
0.68750000000014
40
0.750000000000121
40
0.750000000000121
40
0.781250000000112
40
0.781250000000112
40
0.812500000000102
40
0.812500000000102
40
0.87500000000006
40
0.87500000000006
40
0.937500000000018
40
0.937500000000018
40
0.968750000000009
40
0.968750000000009
40
1
40
1
40
1
40
1
41
1
10
204.507590353139
20
-10.9554102874898
30
0
41
1
10
204.497128615741
20
-10.9987165874283
30
0
41
1
10
204.489718598828
20
-11.0419878314824
30
0
41
1
10
204.483265539579
20
-11.1068302018306
30
0
41
1
10
204.481893103216
20
-11.1284337381421
30
0
41
1
10
204.480739499544
20
-11.1716196295289
30
0
41
1
10
204.480959537518
20
-11.193226380384
30
0
41
1
10
204.484071706725
20
-11.2578608485191
30
0
41
1
10
204.494684136158
20
-11.3425464460541
30
0
41
1
10
204.518052310037
20
-11.4243535802072
30
0
41
1
10
204.547915126445
20
-11.5047537111052
30
0
41
1
10
204.566092831694
20
-11.5442502999041
30
0
41
1
10
204.598477848084
20
-11.6024481211422
30
0
41
1
10
204.610127688418
20
-11.6216727166716
30
0
41
1
10
204.628933785066
20
-11.650246970972
30
0
41
1
10
204.635434453108
20
-11.6597411903083
30
0
41
1
10
204.64881018565
20
-11.6785328236355
30
0
41
1
10
204.683213885116
20
-11.7250649504902
30
0
41
1
10
204.753740394493
20
-11.8048745497111
30
0
41
1
10
204.828664983362
20
-11.8704431610088
30
0
41
1
10
204.909912967747
20
-11.9333709617369
30
0
41
1
10
204.953696618425
20
-11.9635149460835
30
0
41
1
10
205.012655887788
20
-11.9995223713259
30
0
41
1
10
205.024660199237
20
-12.0066391512301
30
0
41
1
10
205.048923829069
20
-12.0206043337208
30
0
41
1
10
205.085764962602
20
-12.0411886226689
30
0
41
1
10
205.123932899548
20
-12.060701498098
30
0
41
1
10
205.202025719187
20
-12.0983362154153
30
0
41
1
10
205.256424690573
20
-12.1215758059205
30
0
41
1
10
205.369962559485
20
-12.1644450137695
30
0
41
1
10
205.429100227707
20
-12.1840752995774
30
0
41
1
10
205.521553099499
20
-12.2107675882416
30
0
41
1
10
205.55303988683
20
-12.219210484707
30
0
41
1
10
205.616360560958
20
-12.234933713601
30
0
41
1
10
205.648303999201
20
-12.242247859946
30
0
41
1
10
205.744971774167
20
-12.2625896462938
30
0
41
1
10
205.810530667421
20
-12.2740230354734
30
0
41
1
10
205.943883250077
20
-12.2926991730326
30
0
41
1
10
206.011676472512
20
-12.2999427325954
30
0
41
1
10
206.115121654015
20
-12.307552872335
30
0
41
1
10
206.149766729552
20
-12.3095336053941
30
0
41
1
10
206.219015750384
20
-12.3123628094589
30
0
41
1
10
206.25367605262
20
-12.3132155899095
30
0
41
1
10
206.288372384586
20
-12.3135028770267
30
0
0
SPLINE
5
142
100
AcDbEntity
8
1
62
256
6
ByLayer
370
18
48
1
60
0
100
AcDbSpline
70
4
71
3
72
58
73
54
40
0
40
0
40
0
40
0
40
0.0624999999999712
40
0.0624999999999712
40
0.0937499999999568
40
0.0937499999999568
40
0.10937499999995
40
0.10937499999995
40
0.124999999999943
40
0.124999999999943
40
0.187499999999914
40
0.187499999999914
40
0.218749999999899
40
0.218749999999899
40
0.234374999999892
40
0.234374999999892
40
0.249999999999885
40
0.249999999999885
40
0.312499999999875
40
0.312499999999875
40
0.34374999999988
40
0.34374999999988
40
0.359374999999873
40
0.359374999999873
40
0.374999999999867
40
0.374999999999867
40
0.43749999999984
40
0.43749999999984
40
0.453124999999834
40
0.453124999999834
40
0.468749999999827
40
0.468749999999827
40
0.499999999999826
40
0.499999999999826
40
0.562499999999825
40
0.562499999999825
40
0.593749999999829
40
0.593749999999829
40
0.609374999999834
40
0.609374999999834
40
0.62499999999984
40
0.62499999999984
40
0.687499999999867
40
0.687499999999867
40
0.749999999999893
40
0.749999999999893
40
0.81249999999992
40
0.81249999999992
40
0.843749999999933
40
0.843749999999933
40
0.874999999999947
40
0.874999999999947
40
1
40
1
40
1
40
1
41
1
10
206.334980668141
20
-7.28788255124624
30
0
41
1
10
206.411800140566
20
-7.25716128822435
30
0
41
1
10
206.490321501401
20
-7.23164732177943
30
0
41
1
10
206.6108365648
20
-7.20181898462701
30
0
41
1
10
206.651465361432
20
-7.19328800852458
30
0
41
1
10
206.713134862768
20
-7.18274178841517
30
0
41
1
10
206.73381256014
20
-7.179601855931
30
0
41
1
10
206.775419128966
20
-7.17410100929195
30
0
41
1
10
206.796402658576
20
-7.17173564021354
30
0
41
1
10
206.901182721246
20
-7.16200553657777
30
0
41
1
10
206.984462610181
20
-7.16086457229764
30
0
41
1
10
207.108551367227
20
-7.16930026658812
30
0
41
1
10
207.149775179053
20
-7.17380975269771
30
0
41
1
10
207.211394490898
20
-7.18320669611686
30
0
41
1
10
207.231898149923
20
-7.18677827073347
30
0
41
1
10
207.27283137914
20
-7.19482053626083
30
0
41
1
10
207.293290152561
20
-7.19930097061192
30
0
41
1
10
207.394221345462
20
-7.22370378291569
30
0
41
1
10
207.471523586798
20
-7.2497463984262
30
0
41
1
10
207.582559194067
20
-7.298006067616
30
0
41
1
10
207.618747636411
20
-7.31563198309999
30
0
41
1
10
207.671794582562
20
-7.34436159430456
30
0
41
1
10
207.689311193812
20
-7.35434575284216
30
0
41
1
10
207.723638946918
20
-7.37490039073896
30
0
41
1
10
207.740469377749
20
-7.3854786819748
30
0
41
1
10
207.823011264233
20
-7.43981473963146
30
0
41
1
10
207.883919073521
20
-7.48788161647937
30
0
41
1
10
207.954251286732
20
-7.55302896546374
30
0
41
1
10
207.968026015062
20
-7.56631306078683
30
0
41
1
10
207.995001379377
20
-7.59337861108449
30
0
41
1
10
208.008227321884
20
-7.60718859008878
30
0
41
1
10
208.046793785419
20
-7.64905921297796
30
0
41
1
10
208.071067406737
20
-7.67759206784015
30
0
41
1
10
208.139943152547
20
-7.76484697790698
30
0
41
1
10
208.180618718637
20
-7.82521623025025
30
0
41
1
10
208.234777676844
20
-7.91849248159528
30
0
41
1
10
208.251682965573
20
-7.95004091022562
30
0
41
1
10
208.275406876008
20
-7.99799491246122
30
0
41
1
10
208.283042289355
20
-8.01408491389381
30
0
41
1
10
208.297780200087
20
-8.04646788951831
30
0
41
1
10
208.304887364995
20
-8.0627741759952
30
0
41
1
10
208.338920710975
20
-8.1443018669261
30
0
41
1
10
208.361540008292
20
-8.20987572623685
30
0
41
1
10
208.398963347051
20
-8.34145847120644
30
0
41
1
10
208.413759504154
20
-8.40746874123079
30
0
41
1
10
208.436457191605
20
-8.5397393473728
30
0
41
1
10
208.444354672207
20
-8.60600040459718
30
0
41
1
10
208.451508745473
20
-8.7054773798202
30
0
41
1
10
208.453110379492
20
-8.73871675589089
30
0
41
1
10
208.454800982265
20
-8.80483663560094
30
0
41
1
10
208.454893787222
20
-8.83770677188312
30
0
41
1
10
208.451845926382
20
-9.00114124411743
30
0
41
1
10
208.438285546516
20
-9.12897045953434
30
0
41
1
10
208.415710214446
20
-9.25417321522113
30
0
0
SPLINE
5
143
100
AcDbEntity
8
1
62
256
6
ByLayer
370
18
48
1
60
0
100
AcDbSpline
70
4
71
3
72
38
73
34
40
0
40
0
40
0
40
0
40
0.125000000000114
40
0.125000000000114
40
0.187500000000155
40
0.187500000000155
40
0.218750000000159
40
0.218750000000159
40
0.250000000000164
40
0.250000000000164
40
0.375000000000121
40
0.375000000000121
40
0.437500000000114
40
0.437500000000114
40
0.46875000000011
40
0.46875000000011
40
0.500000000000107
40
0.500000000000107
40
0.625000000000071
40
0.625000000000071
40
0.687500000000053
40
0.687500000000053
40
0.718750000000052
40
0.718750000000052
40
0.750000000000051
40
0.750000000000051
40
0.875000000000029
40
0.875000000000029
40
0.937500000000018
40
0.937500000000018
40
0.968750000000009
40
0.968750000000009
40
1
40
1
40
1
40
1
41
1
10
206.334980668141
20
-12.312417256497
30
0
41
1
10
206.437477248101
20
-12.3067927138473
30
0
41
1
10
206.537664821045
20
-12.2963749839744
30
0
41
1
10
206.684661536092
20
-12.2738168920209
30
0
41
1
10
206.733109493701
20
-12.265133781896
30
0
41
1
10
206.804947604455
20
-12.2503224230867
30
0
41
1
10
206.828754472006
20
-12.245087025131
30
0
41
1
10
206.876086183672
20
-12.2340066430276
30
0
41
1
10
206.899645025765
20
-12.2281511119974
30
0
41
1
10
207.015576555885
20
-12.197623227882
30
0
41
1
10
207.103260006003
20
-12.1690471299902
30
0
41
1
10
207.227575354867
20
-12.1199564728216
30
0
41
1
10
207.26780516392
20
-12.1025489337942
30
0
41
1
10
207.326326001415
20
-12.0748177772489
30
0
41
1
10
207.345551974974
20
-12.0652915226422
30
0
41
1
10
207.383286316135
20
-12.0457380003872
30
0
41
1
10
207.401714067144
20
-12.0357536635794
30
0
41
1
10
207.49171234548
20
-11.9848018395496
30
0
41
1
10
207.556903907587
20
-11.9407627376711
30
0
41
1
10
207.64501485823
20
-11.8696968742444
30
0
41
1
10
207.672764077599
20
-11.8451700284028
30
0
41
1
10
207.711953002449
20
-11.807078497389
30
0
41
1
10
207.724630048217
20
-11.7941405689168
30
0
41
1
10
207.748982344045
20
-11.7680240497019
30
0
41
1
10
207.760677203079
20
-11.7548286001609
30
0
41
1
10
207.816805656851
20
-11.6881671679624
30
0
41
1
10
207.854244642575
20
-11.6326570346106
30
0
41
1
10
207.899816747883
20
-11.5460486442023
30
0
41
1
10
207.913234594554
20
-11.5166203344547
30
0
41
1
10
207.930706710543
20
-11.4716157836565
30
0
41
1
10
207.936092877881
20
-11.4564536320027
30
0
41
1
10
207.945942355306
20
-11.4259405059365
30
0
41
1
10
207.950407503347
20
-11.4105884014455
30
0
41
1
10
207.954417488681
20
-11.3951401161017
30
0
0
SPLINE
5
144
100
AcDbEntity
8
1
62
256
6
ByLayer
370
18
48
1
60
0
100
AcDbSpline
70
4
71
3
72
8
73
4
40
0
40
0
40
0
40
0
40
1
40
1
40
1
40
1
41
1
10
206.334980668141
20
-13.7180629755079
30
0
41
1
10
207.139157249122
20
-13.7460976457615
30
0
41
1
10
207.942955500694
20
-13.7724786243914
30
0
41
1
10
208.746229970826
20
-13.7971851717215
30
0
0
SPLINE
5
145
100
AcDbEntity
8
1
62
256
6
ByLayer
370
18
48
1
60
0
100
AcDbSpline
70
4
71
3
72
12
73
8
40
0
40
0
40
0
40
0
40
0.15869254128941
40
0.15869254128941
40
0.793462711878572
40
0.793462711878572
40
1
40
1
40
1
40
1
41
1
10
208.746229970826
20
8.18092037014841
30
0
41
1
10
208.618681626438
20
8.1783881071436
30
0
41
1
10
208.491133160603
20
8.17585574572357
30
0
41
1
10
207.853390228597
20
8.16319338090997
30
0
41
1
10
207.343193958024
20
8.15306169841793
30
0
41
1
10
206.666990979425
20
8.13963002505852
30
0
41
1
10
206.500985920285
20
8.13633233624964
30
0
41
1
10
206.334980668141
20
8.13303434983612
30
0
0
SPLINE
5
146
100
AcDbEntity
8
1
62
256
6
ByLayer
370
18
48
1
60
0
100
AcDbSpline
70
4
71
3
72
8
73
4
40
0
40
0
40
0
40
0
40
1
40
1
40
1
40
1
41
1
10
206.288372384586
20
-7.30743095727419
30
0
41
1
10
206.303687436039
20
-7.3007099546316
30
0
41
1
10
206.319216741057
20
-7.29418678290668
30
0
41
1
10
206.334980668141
20
-7.28788255124624
30
0
0
SPLINE
5
147
100
AcDbEntity
8
1
62
256
6
ByLayer
370
18
48
1
60
0
100
AcDbSpline
70
4
71
3
72
8
73
4
40
0
40
0
40
0
40
0
40
1
40
1
40
1
40
1
41
1
10
206.334980668141
20
8.13303434983612
30
0
41
1
10
206.319449199285
20
8.13272578988031
30
0
41
1
10
206.303913107717
20
8.13238725879089
30
0
41
1
10
206.288372384586
20
8.13201869906467
30
0
0
SPLINE
5
148
100
AcDbEntity
8
1
62
256
6
ByLayer
370
18
48
1
60
0
100
AcDbSpline
70
4
71
3
72
38
73
34
40
0
40
0
40
0
40
0
40
0.0625000000000092
40
0.0625000000000092
40
0.0937500000000139
40
0.0937500000000139
40
0.125000000000019
40
0.125000000000019
40
0.187500000000028
40
0.187500000000028
40
0.250000000000038
40
0.250000000000038
40
0.312500000000048
40
0.312500000000048
40
0.375000000000058
40
0.375000000000058
40
0.437500000000068
40
0.437500000000068
40
0.500000000000078
40
0.500000000000078
40
0.625000000000097
40
0.625000000000097
40
0.750000000000117
40
0.750000000000117
40
0.812500000000089
40
0.812500000000089
40
0.875000000000062
40
0.875000000000062
40
0.906250000000044
40
0.906250000000044
40
0.937500000000027
40
0.937500000000027
40
1
40
1
40
1
40
1
41
1
10
204.112067462594
20
12.3307185089397
30
0
41
1
10
204.123814527156
20
12.323909459406
30
0
41
1
10
204.136384371959
20
12.3191615518414
30
0
41
1
10
204.156073737534
20
12.3140934391076
30
0
41
1
10
204.162781035531
20
12.3127610085113
30
0
41
1
10
204.176250777993
20
12.3107393555702
30
0
41
1
10
204.183039830468
20
12.3100431249913
30
0
41
1
10
204.20355214425
20
12.3087733007767
30
0
41
1
10
204.217273002348
20
12.3090179862582
30
0
41
1
10
204.244730055762
20
12.3112207818509
30
0
41
1
10
204.258424068884
20
12.3131836092056
30
0
41
1
10
204.285547096557
20
12.3185276878727
30
0
41
1
10
204.299048370944
20
12.3219273267003
30
0
41
1
10
204.325637023991
20
12.3299492084408
30
0
41
1
10
204.338739098914
20
12.3345715011398
30
0
41
1
10
204.364588499097
20
12.3449550870656
30
0
41
1
10
204.377324312821
20
12.3507163727205
30
0
41
1
10
204.402200504744
20
12.3632227330319
30
0
41
1
10
204.414373944202
20
12.3699807047021
30
0
41
1
10
204.450102464827
20
12.3917628623366
30
0
41
1
10
204.47255644722
20
12.4080800920987
30
0
41
1
10
204.514355328205
20
12.444322569908
30
0
41
1
10
204.533570152209
20
12.4641412320854
30
0
41
1
10
204.55877741869
20
12.4963111665354
30
0
41
1
10
204.566596445232
20
12.5074809523914
30
0
41
1
10
204.580635893006
20
12.5305494604568
30
0
41
1
10
204.586906137494
20
12.542520263271
30
0
41
1
10
204.594752388961
20
12.561055885441
30
0
41
1
10
204.597102269729
20
12.567319033424
30
0
41
1
10
204.601189195467
20
12.5800449065505
30
0
41
1
10
204.602929956013
20
12.5865312970675
30
0
41
1
10
204.606988174086
20
12.6060516169028
30
0
41
1
10
204.608220605245
20
12.6192027491768
30
0
41
1
10
204.607232773226
20
12.6325781896396
30
0
0
SPLINE
5
149
100
AcDbEntity
8
1
62
256
6
ByLayer
370
18
48
1
60
0
100
AcDbSpline
70
4
71
3
72
8
73
4
40
0
40
0
40
0
40
0
40
1
40
1
40
1
40
1
41
1
10
204.607232773226
20
12.6325781896396
30
0
41
1
10
204.60669639795
20
12.6398408167186
30
0
41
1
10
204.606159657635
20
12.6471027481189
30
0
41
1
10
204.605622570651
20
12.6543640167739
30
0
0
SPLINE
5
14A
100
AcDbEntity
8
1
62
256
6
ByLayer
370
18
48
1
60
0
100
AcDbSpline
70
4
71
3
72
28
73
24
40
0
40
0
40
0
40
0
40
0.24999999999981
40
0.24999999999981
40
0.374999999999649
40
0.374999999999649
40
0.499999999999488
40
0.499999999999488
40
0.624999999999327
40
0.624999999999327
40
0.687499999999339
40
0.687499999999339
40
0.749999999999351
40
0.749999999999351
40
0.812499999999363
40
0.812499999999363
40
0.843749999999471
40
0.843749999999471
40
0.874999999999578
40
0.874999999999578
40
0.937499999999789
40
0.937499999999789
40
1
40
1
40
1
40
1
41
1
10
203.786985431018
20
12.1768471006311
30
0
41
1
10
203.803452513705
20
12.2058078211182
30
0
41
1
10
203.822311227274
20
12.233396451499
30
0
41
1
10
203.854233480059
20
12.2717536257407
30
0
41
1
10
203.865497986124
20
12.2840379323875
30
0
41
1
10
203.889321474944
20
12.3071968836105
30
0
41
1
10
203.901925293979
20
12.3181179333068
30
0
41
1
10
203.92852339575
20
12.3378796614777
30
0
41
1
10
203.942650043531
20
12.3468156969437
30
0
41
1
10
203.964800036961
20
12.3576561962086
30
0
41
1
10
203.972354063728
20
12.3608495313134
30
0
41
1
10
203.987889777647
20
12.3661715683826
30
0
41
1
10
203.995947371049
20
12.3683116588765
30
0
41
1
10
204.012118323775
20
12.3710669038674
30
0
41
1
10
204.020246605206
20
12.371702813431
30
0
41
1
10
204.0325146947
20
12.371244154022
30
0
41
1
10
204.036633183886
20
12.3708481559438
30
0
41
1
10
204.044675777621
20
12.3695521614708
30
0
41
1
10
204.048624421604
20
12.3686532617456
30
0
41
1
10
204.060240813618
20
12.365168884965
30
0
41
1
10
204.067768809412
20
12.3617157794205
30
0
41
1
10
204.081305208064
20
12.3530466247434
30
0
41
1
10
204.087415136445
20
12.3478324277998
30
0
41
1
10
204.092923758899
20
12.341815669207
30
0
0
SPLINE
5
14B
100
AcDbEntity
8
1
62
256
6
ByLayer
370
18
48
1
60
0
100
AcDbSpline
70
4
71
3
72
8
73
4
40
0
40
0
40
0
40
0
40
1
40
1
40
1
40
1
41
1
10
204.092923758899
20
12.341815669207
30
0
41
1
10
204.099304405336
20
12.3381167159096
30
0
41
1
10
204.105685630321
20
12.3344176638925
30
0
41
1
10
204.112067462594
20
12.3307185089397
30
0
0
SPLINE
5
14C
100
AcDbEntity
8
1
62
256
6
ByLayer
370
18
48
1
60
0
100
AcDbSpline
70
4
71
3
72
30
73
26
40
0
40
0
40
0
40
0
40
0.250000000000149
40
0.250000000000149
40
0.375000000000125
40
0.375000000000125
40
0.500000000000101
40
0.500000000000101
40
0.625000000000077
40
0.625000000000077
40
0.687500000000066
40
0.687500000000066
40
0.750000000000054
40
0.750000000000054
40
0.781250000000053
40
0.781250000000053
40
0.812500000000052
40
0.812500000000052
40
0.875000000000039
40
0.875000000000039
40
0.906250000000032
40
0.906250000000032
40
0.937500000000026
40
0.937500000000026
40
1
40
1
40
1
40
1
41
1
10
204.886375612131
20
12.8470506910476
30
0
41
1
10
204.85345708629
20
12.8458962700531
30
0
41
1
10
204.820698820855
20
12.8420025489745
30
0
41
1
10
204.772546263387
20
12.8315530337672
30
0
41
1
10
204.756691928101
20
12.8272977330724
30
0
41
1
10
204.725592511861
20
12.8169831111073
30
0
41
1
10
204.710349589515
20
12.8109284312222
30
0
41
1
10
204.680988591974
20
12.796592369268
30
0
41
1
10
204.666935818122
20
12.7883519285773
30
0
41
1
10
204.647556902453
20
12.773910380582
30
0
41
1
10
204.641370088282
20
12.7687392907002
30
0
41
1
10
204.629711285616
20
12.7574729176566
30
0
41
1
10
204.624298121469
20
12.7514231033363
30
0
41
1
10
204.617138636668
20
12.7417592443573
30
0
41
1
10
204.61490496897
20
12.7384316409236
30
0
41
1
10
204.61078771961
20
12.7315344126734
30
0
41
1
10
204.608896980405
20
12.7279452239834
30
0
41
1
10
204.60393948966
20
12.7169980322636
30
0
41
1
10
204.601545352329
20
12.7094186986956
30
0
41
1
10
204.599561342385
20
12.6975617334506
30
0
41
1
10
204.59917792565
20
12.6935473189223
30
0
41
1
10
204.598985612939
20
12.6856024186839
30
0
41
1
10
204.599171067275
20
12.6816427008257
30
0
41
1
10
204.600554714641
20
12.6698019109301
30
0
41
1
10
204.602614374899
20
12.6619094025152
30
0
41
1
10
204.605622570651
20
12.6543640167739
30
0
0
SPLINE
5
14D
100
AcDbEntity
8
1
62
256
6
ByLayer
370
18
48
1
60
0
100
AcDbSpline
70
4
71
3
72
38
73
34
40
0
40
0
40
0
40
0
40
0.0624999999999087
40
0.0624999999999087
40
0.0937499999999072
40
0.0937499999999072
40
0.124999999999906
40
0.124999999999906
40
0.187499999999908
40
0.187499999999908
40
0.249999999999911
40
0.249999999999911
40
0.312499999999914
40
0.312499999999914
40
0.374999999999916
40
0.374999999999916
40
0.437499999999919
40
0.437499999999919
40
0.499999999999921
40
0.499999999999921
40
0.624999999999934
40
0.624999999999934
40
0.749999999999947
40
0.749999999999947
40
0.812499999999957
40
0.812499999999957
40
0.874999999999967
40
0.874999999999967
40
0.906249999999975
40
0.906249999999975
40
0.937499999999983
40
0.937499999999983
40
1
40
1
40
1
40
1
41
1
10
203.817789502923
20
11.2441813299626
30
0
41
1
10
203.82934177665
20
11.2493936276724
30
0
41
1
10
203.839576669073
20
11.2563972262767
30
0
41
1
10
203.853628731945
20
11.2687132117109
30
0
41
1
10
203.858086316361
20
11.2731325075732
30
0
41
1
10
203.866492512145
20
11.2823820793813
30
0
41
1
10
203.870460243737
20
11.2872289009601
30
0
41
1
10
203.881754556744
20
11.3023553421492
30
0
41
1
10
203.888399176626
20
11.3131067210168
30
0
41
1
10
203.900278785933
20
11.3356364253359
30
0
41
1
10
203.905488777176
20
11.3473848056439
30
0
41
1
10
203.914610492911
20
11.3715377095679
30
0
41
1
10
203.918543078329
20
11.3840090162768
30
0
41
1
10
203.925202788945
20
11.409391313409
30
0
41
1
10
203.92793716556
20
11.4223135762832
30
0
41
1
10
203.932302714076
20
11.448604210466
30
0
41
1
10
203.933928175917
20
11.461963759147
30
0
41
1
10
203.936085665561
20
11.4888552184845
30
0
41
1
10
203.936623580279
20
11.5024204879835
30
0
41
1
10
203.936622320278
20
11.5434767579071
30
0
41
1
10
203.93449074969
20
11.5709586430031
30
0
41
1
10
203.925749777012
20
11.6258223308577
30
0
41
1
10
203.919162837762
20
11.653038181731
30
0
41
1
10
203.905465967506
20
11.6925352715842
30
0
41
1
10
203.900241274698
20
11.7055183989017
30
0
41
1
10
203.888382487733
20
11.7306558984255
30
0
41
1
10
203.881714395825
20
11.7428936615882
30
0
41
1
10
203.870438054214
20
11.7603401421124
30
0
41
1
10
203.86647384599
20
11.7659921216815
30
0
41
1
10
203.858066450194
20
11.7769175378782
30
0
41
1
10
203.85360563447
20
11.7822081318075
30
0
41
1
10
203.839573828728
20
11.7971652682011
30
0
41
1
10
203.829347906355
20
11.806015326742
30
0
41
1
10
203.817789502923
20
11.8131707503499
30
0
0
SPLINE
5
14E
100
AcDbEntity
8
1
62
256
6
ByLayer
370
18
48
1
60
0
100
AcDbSpline
70
4
71
3
72
8
73
4
40
0
40
0
40
0
40
0
40
1
40
1
40
1
40
1
41
1
10
203.817789502923
20
11.8131707503499
30
0
41
1
10
203.811513494742
20
11.8170560185324
30
0
41
1
10
203.805238076246
20
11.8209411528214
30
0
41
1
10
203.798963219548
20
11.8248261589328
30
0
0
SPLINE
5
14F
100
AcDbEntity
8
1
62
256
6
ByLayer
370
18
48
1
60
0
100
AcDbSpline
70
4
71
3
72
30
73
26
40
0
40
0
40
0
40
0
40
0.250000000000198
40
0.250000000000198
40
0.375000000000268
40
0.375000000000268
40
0.500000000000339
40
0.500000000000339
40
0.625000000000409
40
0.625000000000409
40
0.68750000000043
40
0.68750000000043
40
0.750000000000451
40
0.750000000000451
40
0.781250000000455
40
0.781250000000455
40
0.81250000000046
40
0.81250000000046
40
0.875000000000469
40
0.875000000000469
40
0.906250000000397
40
0.906250000000397
40
0.937500000000325
40
0.937500000000325
40
1
40
1
40
1
40
1
41
1
10
203.786985431018
20
12.1768471006311
30
0
41
1
10
203.770526168097
20
12.1479001327981
30
0
41
1
10
203.756467204979
20
12.1176096335198
30
0
41
1
10
203.739781893893
20
12.070488122775
30
0
41
1
10
203.734974229728
20
12.0545249691775
30
0
41
1
10
203.727193649972
20
12.0221107048966
30
0
41
1
10
203.72421810505
20
12.0056643911067
30
0
41
1
10
203.720717995446
20
11.9724585275537
30
0
41
1
10
203.720193851179
20
11.9557785592394
30
0
41
1
10
203.722027573744
20
11.9309834968988
30
0
41
1
10
203.723078549435
20
11.9227408237054
30
0
41
1
10
203.726320119367
20
11.9063131549566
30
0
41
1
10
203.728503783571
20
11.8982043509879
30
0
41
1
10
203.732767159471
20
11.8864954051439
30
0
41
1
10
203.734355886913
20
11.8826572657805
30
0
41
1
10
203.737915602641
20
11.8751292526356
30
0
41
1
10
203.739899038888
20
11.8714217911125
30
0
41
1
10
203.746369139761
20
11.8607869944984
30
0
41
1
10
203.751388170264
20
11.8542873956711
30
0
41
1
10
203.760152622867
20
11.8455776203317
30
0
41
1
10
203.763269413934
20
11.8428674144724
30
0
41
1
10
203.769731126787
20
11.8379718116208
30
0
41
1
10
203.773097263864
20
11.8357643149522
30
0
41
1
10
203.783592005094
20
11.8298475123165
30
0
41
1
10
203.791175700475
20
11.8268422706461
30
0
41
1
10
203.798963219548
20
11.8248261589327
30
0
0
SPLINE
5
150
100
AcDbEntity
8
1
62
256
6
ByLayer
370
18
48
1
60
0
100
AcDbSpline
70
4
71
3
72
8
73
4
40
0
40
0
40
0
40
0
40
1
40
1
40
1
40
1
41
1
10
203.798963219548
20
11.2356891708037
30
0
41
1
10
203.805238076246
20
11.2385189394044
30
0
41
1
10
203.811513494742
20
11.2413496429858
30
0
41
1
10
203.817789502923
20
11.2441813299626
30
0
0
SPLINE
5
151
100
AcDbEntity
8
1
62
256
6
ByLayer
370
18
48
1
60
0
100
AcDbSpline
70
4
71
3
72
28
73
24
40
0
40
0
40
0
40
0
40
0.250000000000052
40
0.250000000000052
40
0.375000000000084
40
0.375000000000084
40
0.500000000000115
40
0.500000000000115
40
0.625000000000147
40
0.625000000000147
40
0.687500000000171
40
0.687500000000171
40
0.750000000000195
40
0.750000000000195
40
0.812500000000218
40
0.812500000000218
40
0.84375000000023
40
0.84375000000023
40
0.875000000000242
40
0.875000000000242
40
0.937500000000121
40
0.937500000000121
40
1
40
1
40
1
40
1
41
1
10
203.786985431018
20
10.913549029261
30
0
41
1
10
203.77051834833
20
10.9413547802902
30
0
41
1
10
203.756445361556
20
10.9703838207352
30
0
41
1
10
203.739766930803
20
11.0152713765999
30
0
41
1
10
203.734952410462
20
11.0304730353671
30
0
41
1
10
203.727178815468
20
11.0611658530934
30
0
41
1
10
203.724202813157
20
11.0767165456608
30
0
41
1
10
203.720716777756
20
11.1078066420166
30
0
41
1
10
203.720192123529
20
11.1234997271575
30
0
41
1
10
203.722054170046
20
11.1464039018344
30
0
41
1
10
203.72311561626
20
11.153944592474
30
0
41
1
10
203.726350298471
20
11.1687764876731
30
0
41
1
10
203.728551684965
20
11.1761322362784
30
0
41
1
10
203.734266808857
20
11.1900494731818
30
0
41
1
10
203.737770470458
20
11.1966337812096
30
0
41
1
10
203.744250898553
20
11.2057855141884
30
0
41
1
10
203.746629858516
20
11.2087236799562
30
0
41
1
10
203.751714447783
20
11.2141705159836
30
0
41
1
10
203.754431346801
20
11.2166986087192
30
0
41
1
10
203.763128949998
20
11.2236670877188
30
0
41
1
10
203.76976821796
20
11.2275157680625
30
0
41
1
10
203.783768927881
20
11.2330574959514
30
0
41
1
10
203.791179297436
20
11.2348295398139
30
0
41
1
10
203.798963219548
20
11.2356891708038
30
0
0
SPLINE
5
152
100
AcDbEntity
8
1
62
256
6
ByLayer
370
18
48
1
60
0
100
AcDbSpline
70
4
71
3
72
38
73
34
40
0
40
0
40
0
40
0
40
0.062500000000121
40
0.062500000000121
40
0.0937500000001636
40
0.0937500000001636
40
0.125000000000206
40
0.125000000000206
40
0.187500000000229
40
0.187500000000229
40
0.250000000000252
40
0.250000000000252
40
0.312500000000274
40
0.312500000000274
40
0.375000000000297
40
0.375000000000297
40
0.43750000000032
40
0.43750000000032
40
0.500000000000342
40
0.500000000000342
40
0.625000000000281
40
0.625000000000281
40
0.750000000000221
40
0.750000000000221
40
0.812500000000191
40
0.812500000000191
40
0.875000000000161
40
0.875000000000161
40
0.906250000000145
40
0.906250000000145
40
0.93750000000013
40
0.93750000000013
40
1
40
1
40
1
40
1
41
1
10
205.195788692568
20
12.6532182788405
30
0
41
1
10
205.197165582386
20
12.6398635939566
30
0
41
1
10
205.200604847964
20
12.6268664879057
30
0
41
1
10
205.207812239513
20
12.6077114225098
30
0
41
1
10
205.210570272489
20
12.60138634188
30
0
41
1
10
205.216608425811
20
12.5890158185612
30
0
41
1
10
205.219898171691
20
12.5829444107489
30
0
41
1
10
205.230469246671
20
12.5650219577814
30
0
41
1
10
205.23836877259
20
12.5535866446262
30
0
41
1
10
205.255449567198
20
12.5315640455746
30
0
41
1
10
205.264610751203
20
12.521014693849
30
0
41
1
10
205.283816598226
20
12.5008472243575
30
0
41
1
10
205.293915535449
20
12.4911774678507
30
0
41
1
10
205.314752478256
20
12.4727928818139
30
0
41
1
10
205.325498908747
20
12.4640657241673
30
0
41
1
10
205.347591397622
20
12.4474721691885
30
0
41
1
10
205.358930892122
20
12.4396154468611
30
0
41
1
10
205.381954394059
20
12.4248865518742
30
0
41
1
10
205.393666413603
20
12.417992972436
30
0
41
1
10
205.429396015441
20
12.398719061809
30
0
41
1
10
205.453676362796
20
12.3878986603444
30
0
41
1
10
205.502997564133
20
12.3706520179463
30
0
41
1
10
205.527888393607
20
12.3642823086017
30
0
41
1
10
205.564983928122
20
12.3589951493866
30
0
41
1
10
205.577348665839
20
12.3579476589935
30
0
41
1
10
205.601746295496
20
12.3575712611904
30
0
41
1
10
205.613858520187
20
12.3582361059173
30
0
41
1
10
205.631630296224
20
12.3608488891799
30
0
41
1
10
205.637476393749
20
12.3619879242506
30
0
41
1
10
205.648996021261
20
12.3648877783096
30
0
41
1
10
205.654688950974
20
12.3666572980876
30
0
41
1
10
205.671211220653
20
12.3729888153412
30
0
41
1
10
205.681566157998
20
12.3785344771809
30
0
41
1
10
205.6909540032
20
12.386088539153
30
0
0
SPLINE
5
153
100
AcDbEntity
8
1
62
256
6
ByLayer
370
18
48
1
60
0
100
AcDbSpline
70
4
71
3
72
8
73
4
40
0
40
0
40
0
40
0
40
1
40
1
40
1
40
1
41
1
10
205.6909540032
20
12.386088539153
30
0
41
1
10
205.696051436736
20
12.390190260901
30
0
41
1
10
205.701147568114
20
12.3942918127509
30
0
41
1
10
205.706242461104
20
12.3983932021629
30
0
0
SPLINE
5
154
100
AcDbEntity
8
1
62
256
6
ByLayer
370
18
48
1
60
0
100
AcDbSpline
70
4
71
3
72
28
73
24
40
0
40
0
40
0
40
0
40
0.249999999999772
40
0.249999999999772
40
0.374999999999761
40
0.374999999999761
40
0.49999999999975
40
0.49999999999975
40
0.624999999999739
40
0.624999999999739
40
0.687499999999733
40
0.687499999999733
40
0.749999999999728
40
0.749999999999728
40
0.812499999999722
40
0.812499999999722
40
0.843749999999768
40
0.843749999999768
40
0.874999999999815
40
0.874999999999815
40
0.937499999999907
40
0.937499999999907
40
1
40
1
40
1
40
1
41
1
10
204.886375612131
20
12.8470506910476
30
0
41
1
10
204.919309777506
20
12.8482056605055
30
0
41
1
10
204.952375777104
20
12.8466137688355
30
0
41
1
10
205.00143203827
20
12.8395695226315
30
0
41
1
10
205.017706504919
20
12.8364317254913
30
0
41
1
10
205.049807847875
20
12.8283290845417
30
0
41
1
10
205.06569713234
20
12.8233503856018
30
0
41
1
10
205.096560608287
20
12.8111429694368
30
0
41
1
10
205.111685415032
20
12.8038518344635
30
0
41
1
10
205.132861753091
20
12.7907861064549
30
0
41
1
10
205.13968061979
20
12.7860707194724
30
0
41
1
10
205.15271544282
20
12.7757331881911
30
0
41
1
10
205.158983467022
20
12.7700530245627
30
0
41
1
10
205.170349465104
20
12.7578644156452
30
0
41
1
10
205.175472300351
20
12.7513540596981
30
0
41
1
10
205.182094104811
20
12.7408028033416
30
0
41
1
10
205.184127700596
20
12.7371369498309
30
0
41
1
10
205.187691046204
20
12.7297113303775
30
0
41
1
10
205.189235617237
20
12.7259314886398
30
0
41
1
10
205.193125685834
20
12.7143830867935
30
0
41
1
10
205.194716514218
20
12.7062893730655
30
0
41
1
10
205.195667850351
20
12.6904817240755
30
0
41
1
10
205.195087442365
20
12.6826833284781
30
0
41
1
10
205.193543649352
20
12.674981842725
30
0
0
SPLINE
5
155
100
AcDbEntity
8
1
62
256
6
ByLayer
370
18
48
1
60
0
100
AcDbSpline
70
4
71
3
72
8
73
4
40
0
40
0
40
0
40
0
40
1
40
1
40
1
40
1
41
1
10
205.193543649352
20
12.674981842725
30
0
41
1
10
205.194292315815
20
12.6677279939585
30
0
41
1
10
205.195040669108
20
12.6604734836215
30
0
41
1
10
205.195788692568
20
12.6532182788405
30
0
0
SPLINE
5
156
100
AcDbEntity
8
1
62
256
6
ByLayer
370
18
48
1
60
0
100
AcDbSpline
70
4
71
3
72
30
73
26
40
0
40
0
40
0
40
0
40
0.250000000000085
40
0.250000000000085
40
0.375000000000191
40
0.375000000000191
40
0.500000000000297
40
0.500000000000297
40
0.625000000000404
40
0.625000000000404
40
0.687500000000457
40
0.687500000000457
40
0.75000000000051
40
0.75000000000051
40
0.781250000000447
40
0.781250000000447
40
0.812500000000384
40
0.812500000000384
40
0.875000000000259
40
0.875000000000259
40
0.906250000000194
40
0.906250000000194
40
0.937500000000129
40
0.937500000000129
40
1
40
1
40
1
40
1
41
1
10
205.985765793244
20
12.2539562100939
30
0
41
1
10
205.969306530324
20
12.2817487569324
30
0
41
1
10
205.950741198584
20
12.307994424256
30
0
41
1
10
205.919729316105
20
12.3441527962807
30
0
41
1
10
205.90887758392
20
12.3556407696101
30
0
41
1
10
205.886062718082
20
12.3771719628841
30
0
41
1
10
205.874103855555
20
12.3872156102587
30
0
41
1
10
205.849023181725
20
12.4052053765541
30
0
41
1
10
205.835963505456
20
12.4131159526121
30
0
41
1
10
205.815635845639
20
12.4224712637172
30
0
41
1
10
205.808724084041
20
12.4251751064585
30
0
41
1
10
205.794561477242
20
12.4295042460377
30
0
41
1
10
205.787373590235
20
12.4311019740698
30
0
41
1
10
205.77663103401
20
12.4323797177786
30
0
41
1
10
205.773047120229
20
12.4326212608606
30
0
41
1
10
205.765874624454
20
12.4326830342492
30
0
41
1
10
205.762267960767
20
12.4324995696543
30
0
41
1
10
205.751673569442
20
12.4312473739661
30
0
41
1
10
205.744859446972
20
12.429491951534
30
0
41
1
10
205.735090383193
20
12.4252400578253
30
0
41
1
10
205.731928692499
20
12.4235540219082
30
0
41
1
10
205.725958777804
20
12.4197330879793
30
0
41
1
10
205.723126084453
20
12.4175883553667
30
0
41
1
10
205.715076872559
20
12.4104666281384
30
0
41
1
10
205.71028993975
20
12.4047479536395
30
0
41
1
10
205.706242461104
20
12.3983932021629
30
0
0
SPLINE
5
157
100
AcDbEntity
8
1
62
256
6
ByLayer
370
18
48
1
60
0
100
AcDbSpline
70
4
71
3
72
8
73
4
40
0
40
0
40
0
40
0
40
1
40
1
40
1
40
1
41
1
10
204.112067462594
20
10.7472736605737
30
0
41
1
10
204.105685630321
20
10.7446206645287
30
0
41
1
10
204.099304405336
20
10.7419686221558
30
0
41
1
10
204.092923758899
20
10.7393174864806
30
0
0
SPLINE
5
158
100
AcDbEntity
8
1
62
256
6
ByLayer
370
18
48
1
60
0
100
AcDbSpline
70
4
71
3
72
30
73
26
40
0
40
0
40
0
40
0
40
0.249999999999897
40
0.249999999999897
40
0.374999999999912
40
0.374999999999912
40
0.499999999999927
40
0.499999999999927
40
0.624999999999941
40
0.624999999999941
40
0.687499999999952
40
0.687499999999952
40
0.749999999999962
40
0.749999999999962
40
0.781249999999967
40
0.781249999999967
40
0.812499999999972
40
0.812499999999972
40
0.874999999999983
40
0.874999999999983
40
0.906249999999987
40
0.906249999999987
40
0.937499999999991
40
0.937499999999991
40
1
40
1
40
1
40
1
41
1
10
203.786985431018
20
10.913549029261
30
0
41
1
10
203.803444693938
20
10.8857564824225
30
0
41
1
10
203.822277966832
20
10.8592085933465
30
0
41
1
10
203.854200577117
20
10.8220229742963
30
0
41
1
10
203.865442187173
20
10.8100952418205
30
0
41
1
10
203.889264994305
20
10.7874271504627
30
0
41
1
10
203.901840886625
20
10.7766875300277
30
0
41
1
10
203.928481988669
20
10.7569376931255
30
0
41
1
10
203.94247957157
20
10.7479692139364
30
0
41
1
10
203.964577188223
20
10.7366174963508
30
0
41
1
10
203.972141006346
20
10.7331781724689
30
0
41
1
10
203.987779144744
20
10.7271847206377
30
0
41
1
10
203.995784914439
20
10.7246644693731
30
0
41
1
10
204.007888079616
20
10.7218520393519
30
0
41
1
10
204.011948956114
20
10.7210725105743
30
0
41
1
10
204.020130390514
20
10.7198727141736
30
0
41
1
10
204.024272077733
20
10.7194527039124
30
0
41
1
10
204.036532869643
20
10.718825298436
30
0
41
1
10
204.044545082842
20
10.719229345485
30
0
41
1
10
204.056272944157
20
10.7212718315875
30
0
41
1
10
204.060111669066
20
10.7221942130083
30
0
41
1
10
204.0674498055
20
10.724471873853
30
0
41
1
10
204.070978477633
20
10.7258315836197
30
0
41
1
10
204.081151453464
20
10.7305578309112
30
0
41
1
10
204.087412590902
20
10.7346136899012
30
0
41
1
10
204.092923758899
20
10.7393174864806
30
0
0
SPLINE
5
159
100
AcDbEntity
8
1
62
256
6
ByLayer
370
18
48
1
60
0
100
AcDbSpline
70
4
71
3
72
8
73
4
40
0
40
0
40
0
40
0
40
1
40
1
40
1
40
1
41
1
10
204.607232773226
20
10.4801439208863
30
0
41
1
10
204.60669639795
20
10.4743374418082
30
0
41
1
10
204.606159657635
20
10.4685324409482
30
0
41
1
10
204.605622570651
20
10.4627288459185
30
0
0
SPLINE
5
15A
100
AcDbEntity
8
1
62
256
6
ByLayer
370
18
48
1
60
0
100
AcDbSpline
70
4
71
3
72
38
73
34
40
0
40
0
40
0
40
0
40
0.0312499999999498
40
0.0312499999999498
40
0.0624999999998996
40
0.0624999999998996
40
0.124999999999915
40
0.124999999999915
40
0.156249999999924
40
0.156249999999924
40
0.187499999999931
40
0.187499999999931
40
0.249999999999949
40
0.249999999999949
40
0.312499999999966
40
0.312499999999966
40
0.374999999999983
40
0.374999999999983
40
0.500000000000018
40
0.500000000000018
40
0.625000000000052
40
0.625000000000052
40
0.750000000000086
40
0.750000000000086
40
0.812500000000066
40
0.812500000000066
40
0.875000000000046
40
0.875000000000046
40
0.906250000000033
40
0.906250000000033
40
0.93750000000002
40
0.93750000000002
40
1
40
1
40
1
40
1
41
1
10
204.112067462594
20
10.7472736605737
30
0
41
1
10
204.117966916275
20
10.7497261266709
30
0
41
1
10
204.124109324121
20
10.7517206507222
30
0
41
1
10
204.136791319341
20
10.7549694673068
30
0
41
1
10
204.143331510429
20
10.7562179055036
30
0
41
1
10
204.163073437583
20
10.7589818931365
30
0
41
1
10
204.176532515074
20
10.7595720494774
30
0
41
1
10
204.197063747564
20
10.7591099091672
30
0
41
1
10
204.203972144424
20
10.758724096756
30
0
41
1
10
204.217699256483
20
10.7575634364823
30
0
41
1
10
204.224544123819
20
10.7567883871749
30
0
41
1
10
204.245031801007
20
10.7539536243247
30
0
41
1
10
204.258628174348
20
10.7513888141559
30
0
41
1
10
204.285727352148
20
10.7451398921957
30
0
41
1
10
204.299286039371
20
10.7414321155466
30
0
41
1
10
204.325807883237
20
10.7331733806128
30
0
41
1
10
204.338825491481
20
10.7286131258721
30
0
41
1
10
204.377215932424
20
10.713785006924
30
0
41
1
10
204.401936783307
20
10.7023908327026
30
0
41
1
10
204.449662606959
20
10.6766952887561
30
0
41
1
10
204.472266236927
20
10.6625918592957
30
0
41
1
10
204.514145623097
20
10.6320949560916
30
0
41
1
10
204.533354189459
20
10.6157730833148
30
0
41
1
10
204.558656238562
20
10.5895129434128
30
0
41
1
10
204.566480398877
20
10.5804767950686
30
0
41
1
10
204.580580497651
20
10.5618245804263
30
0
41
1
10
204.586863698926
20
10.5522018999376
30
0
41
1
10
204.594724744492
20
10.5373447810921
30
0
41
1
10
204.597079140728
20
10.5323303125264
30
0
41
1
10
204.60117414478
20
10.52214864809
30
0
41
1
10
204.602918537254
20
10.516962407131
30
0
41
1
10
204.606985734293
20
10.5013575190815
30
0
41
1
10
204.608221630124
20
10.4908486963385
30
0
41
1
10
204.607232773226
20
10.4801439208863
30
0
0
SPLINE
5
15B
100
AcDbEntity
8
1
62
256
6
ByLayer
370
18
48
1
60
0
100
AcDbSpline
70
4
71
3
72
24
73
20
40
0
40
0
40
0
40
0
40
0.250000000000146
40
0.250000000000146
40
0.375000000000119
40
0.375000000000119
40
0.500000000000092
40
0.500000000000092
40
0.625000000000065
40
0.625000000000065
40
0.750000000000039
40
0.750000000000039
40
0.812500000000029
40
0.812500000000029
40
0.875000000000019
40
0.875000000000019
40
0.93750000000001
40
0.93750000000001
40
1
40
1
40
1
40
1
41
1
10
204.886375612131
20
10.3204545483073
30
0
41
1
10
204.853445426247
20
10.3192997184063
30
0
41
1
10
204.820675647269
20
10.3205854928155
30
0
41
1
10
204.772506682294
20
10.3266035898143
30
0
41
1
10
204.756647248011
20
10.3292956688195
30
0
41
1
10
204.725538052639
20
10.3362626653644
30
0
41
1
10
204.710290870467
20
10.3405341815525
30
0
41
1
10
204.68092251828
20
10.3510054224151
30
0
41
1
10
204.666754330817
20
10.3572223536747
30
0
41
1
10
204.640789883612
20
10.372039774203
30
0
41
1
10
204.629057513661
20
10.3805324192427
30
0
41
1
10
204.614622314615
20
10.3958530517678
30
0
41
1
10
204.610496957882
20
10.4012545447643
30
0
41
1
10
204.603928576253
20
10.4127540352532
30
0
41
1
10
204.601496966373
20
10.4189189622524
30
0
41
1
10
204.598909348867
20
10.4313361467213
30
0
41
1
10
204.598700266888
20
10.4376997352605
30
0
41
1
10
204.600577671624
20
10.4504722696491
30
0
41
1
10
204.602616865941
20
10.4566797694968
30
0
41
1
10
204.605622570651
20
10.4627288459185
30
0
0
SPLINE
5
15C
100
AcDbEntity
8
1
62
256
6
ByLayer
370
18
48
1
60
0
100
AcDbSpline
70
4
71
3
72
38
73
34
40
0
40
0
40
0
40
0
40
0.0624999999999357
40
0.0624999999999357
40
0.0937499999999362
40
0.0937499999999362
40
0.124999999999937
40
0.124999999999937
40
0.187499999999937
40
0.187499999999937
40
0.249999999999938
40
0.249999999999938
40
0.312499999999939
40
0.312499999999939
40
0.37499999999994
40
0.37499999999994
40
0.437499999999941
40
0.437499999999941
40
0.499999999999942
40
0.499999999999942
40
0.624999999999943
40
0.624999999999943
40
0.749999999999945
40
0.749999999999945
40
0.812499999999942
40
0.812499999999942
40
0.87499999999994
40
0.87499999999994
40
0.906249999999938
40
0.906249999999938
40
0.937499999999937
40
0.937499999999937
40
1
40
1
40
1
40
1
41
1
10
205.985231962871
20
11.8891808697641
30
0
41
1
10
205.97604388711
20
11.8813018967736
30
0
41
1
10
205.968017621083
20
11.8718070984052
30
0
41
1
10
205.957105735904
20
11.8559491785151
30
0
41
1
10
205.953664790278
20
11.8503831743107
30
0
41
1
10
205.94720780778
20
11.8389350053633
30
0
41
1
10
205.944176926184
20
11.8330314724752
30
0
41
1
10
205.935588761586
20
11.8148526561586
30
0
41
1
10
205.930590717112
20
11.8022440377527
30
0
41
1
10
205.921717808805
20
11.7763229527834
30
0
41
1
10
205.917862141815
20
11.7630469749306
30
0
41
1
10
205.91114949625
20
11.7361767825373
30
0
41
1
10
205.90827740734
20
11.7225092985776
30
0
41
1
10
205.903433697474
20
11.6950786601552
30
0
41
1
10
205.901456785226
20
11.6813020223382
30
0
41
1
10
205.898308511124
20
11.6536383747118
30
0
41
1
10
205.897141334519
20
11.6397619074283
30
0
41
1
10
205.895593444189
20
11.6121828561691
30
0
41
1
10
205.895208519081
20
11.5984450234512
30
0
41
1
10
205.895209421506
20
11.5573891568519
30
0
41
1
10
205.896730580843
20
11.5305957794945
30
0
41
1
10
205.903034248867
20
11.4784812269342
30
0
41
1
10
205.907799320558
20
11.4533203347635
30
0
41
1
10
205.917878986371
20
11.4179032372865
30
0
41
1
10
205.921745715912
20
11.4064518121059
30
0
41
1
10
205.930603292713
20
11.3846994998926
30
0
41
1
10
205.935619161211
20
11.3743253468808
30
0
41
1
10
205.94419386874
20
11.3599261495904
30
0
41
1
10
205.947222094031
20
11.3553299033348
30
0
41
1
10
205.953680101782
20
11.3466032813965
30
0
41
1
10
205.957123624392
20
11.3424601338477
30
0
41
1
10
205.968019921862
20
11.3310396650779
30
0
41
1
10
205.976039011862
20
11.3246787827501
30
0
41
1
10
205.985231962871
20
11.3201914493768
30
0
0
SPLINE
5
15D
100
AcDbEntity
8
1
62
256
6
ByLayer
370
18
48
1
60
0
100
AcDbSpline
70
4
71
3
72
8
73
4
40
0
40
0
40
0
40
0
40
1
40
1
40
1
40
1
41
1
10
205.985231962871
20
11.3201914493768
30
0
41
1
10
205.990223572315
20
11.3177549068972
30
0
41
1
10
205.995213897204
20
11.3153192820853
30
0
41
1
10
206.000203000454
20
11.3128845297107
30
0
0
SPLINE
5
15E
100
AcDbEntity
8
1
62
256
6
ByLayer
370
18
48
1
60
0
100
AcDbSpline
70
4
71
3
72
28
73
24
40
0
40
0
40
0
40
0
40
0.250000000000059
40
0.250000000000059
40
0.375000000000088
40
0.375000000000088
40
0.500000000000118
40
0.500000000000118
40
0.625000000000147
40
0.625000000000147
40
0.687500000000162
40
0.687500000000162
40
0.750000000000177
40
0.750000000000177
40
0.812500000000192
40
0.812500000000192
40
0.84375000000016
40
0.84375000000016
40
0.875000000000128
40
0.875000000000128
40
0.937500000000064
40
0.937500000000064
40
1
40
1
40
1
40
1
41
1
10
205.985765793244
20
12.2539562100939
30
0
41
1
10
206.002232875932
20
12.2261504590647
30
0
41
1
10
206.016574461216
20
12.1968184554082
30
0
41
1
10
206.034164047224
20
12.1509031703815
30
0
41
1
10
206.039369448052
20
12.1352606215748
30
0
41
1
10
206.04815156133
20
12.1034302549558
30
0
41
1
10
206.051746489878
20
12.0871814502509
30
0
41
1
10
206.056791202829
20
12.0543332579348
30
0
41
1
10
206.058262866529
20
12.037572002197
30
0
41
1
10
206.058177602305
20
12.012663722327
30
0
41
1
10
206.057768728383
20
12.0043869687922
30
0
41
1
10
206.056001628818
20
11.9878997272901
30
0
41
1
10
206.054623876912
20
11.9796149676509
30
0
41
1
10
206.050729091515
20
11.9636444967374
30
0
41
1
10
206.048221860749
20
11.9559362737436
30
0
41
1
10
206.043409718775
20
11.9449028128275
30
0
41
1
10
206.041618891936
20
11.9413012677305
30
0
41
1
10
206.037744984948
20
11.9344888537972
30
0
41
1
10
206.035653738066
20
11.9312550625076
30
0
41
1
10
206.02889869443
20
11.9220954913757
30
0
41
1
10
206.023663627573
20
11.9166629553524
30
0
41
1
10
206.012494212454
20
11.9079276946155
30
0
41
1
10
206.006523909276
20
11.9045313411705
30
0
41
1
10
206.000203000454
20
11.9020215178397
30
0
0
SPLINE
5
15F
100
AcDbEntity
8
1
62
256
6
ByLayer
370
18
48
1
60
0
100
AcDbSpline
70
4
71
3
72
8
73
4
40
0
40
0
40
0
40
0
40
1
40
1
40
1
40
1
41
1
10
206.000203000454
20
11.9020215178397
30
0
41
1
10
205.995213897204
20
11.8977414955023
30
0
41
1
10
205.990223572315
20
11.8934612824439
30
0
41
1
10
205.985231962871
20
11.8891808697641
30
0
0
SPLINE
5
160
100
AcDbEntity
8
1
62
256
6
ByLayer
370
18
48
1
60
0
100
AcDbSpline
70
4
71
3
72
30
73
26
40
0
40
0
40
0
40
0
40
0.249999999999905
40
0.249999999999905
40
0.374999999999901
40
0.374999999999901
40
0.499999999999896
40
0.499999999999896
40
0.624999999999891
40
0.624999999999891
40
0.687499999999895
40
0.687499999999895
40
0.749999999999899
40
0.749999999999899
40
0.781249999999895
40
0.781249999999895
40
0.812499999999892
40
0.812499999999892
40
0.874999999999973
40
0.874999999999973
40
0.906250000000014
40
0.906250000000014
40
0.937500000000055
40
0.937500000000055
40
1
40
1
40
1
40
1
41
1
10
205.985765793244
20
10.9906581387237
30
0
41
1
10
206.002225056165
20
11.0196051065567
30
0
41
1
10
206.016551960437
20
11.0495933840827
30
0
41
1
10
206.034147999329
20
11.0956876478019
30
0
41
1
10
206.039345541365
20
11.111211042253
30
0
41
1
10
206.048134062416
20
11.1424884084502
30
0
41
1
10
206.05172663713
20
11.1582387491797
30
0
41
1
10
206.056787174949
20
11.1896845421259
30
0
41
1
10
206.058249225847
20
11.2053066073091
30
0
41
1
10
206.058185460117
20
11.2281052631692
30
0
41
1
10
206.057786540952
20
11.235612455222
30
0
41
1
10
206.056020502618
20
11.2503758117189
30
0
41
1
10
206.054654721104
20
11.257562092455
30
0
41
1
10
206.051751954155
20
11.2677363519866
30
0
41
1
10
206.05064018943
20
11.2710365056545
30
0
41
1
10
206.048089412327
20
11.2774264957871
30
0
41
1
10
206.046640999612
20
11.2805304824541
30
0
41
1
10
206.041837299325
20
11.2892856779036
30
0
41
1
10
206.038016359551
20
11.2944339013479
30
0
41
1
10
206.031210704483
20
11.3009342690811
30
0
41
1
10
206.028770947632
20
11.3028808204441
30
0
41
1
10
206.023677456516
20
11.3062331502116
30
0
41
1
10
206.021007298221
20
11.3076556240343
30
0
41
1
10
206.012636320929
20
11.3111769467331
30
0
41
1
10
206.006526830177
20
11.3125193728946
30
0
41
1
10
206.000203000454
20
11.3128845297107
30
0
0
SPLINE
5
161
100
AcDbEntity
8
1
62
256
6
ByLayer
370
18
48
1
60
0
100
AcDbSpline
70
4
71
3
72
42
73
38
40
0
40
0
40
0
40
0
40
0.062499999999953
40
0.062499999999953
40
0.0937499999999294
40
0.0937499999999294
40
0.124999999999906
40
0.124999999999906
40
0.187499999999921
40
0.187499999999921
40
0.249999999999937
40
0.249999999999937
40
0.312499999999952
40
0.312499999999952
40
0.374999999999968
40
0.374999999999968
40
0.437499999999983
40
0.437499999999983
40
0.499999999999999
40
0.499999999999999
40
0.562500000000014
40
0.562500000000014
40
0.62500000000003
40
0.62500000000003
40
0.750000000000061
40
0.750000000000061
40
0.781250000000039
40
0.781250000000039
40
0.812500000000017
40
0.812500000000017
40
0.875000000000082
40
0.875000000000082
40
0.906250000000062
40
0.906250000000062
40
0.937500000000042
40
0.937500000000042
40
1
40
1
40
1
40
1
41
1
10
205.195788692568
20
10.5007840100872
30
0
41
1
10
205.197167090009
20
10.5114973997256
30
0
41
1
10
205.200612266698
20
10.5221787236831
30
0
41
1
10
205.207832212969
20
10.538204780127
30
0
41
1
10
205.210594938278
20
10.5435464824263
30
0
41
1
10
205.216643280844
20
10.5540844085913
30
0
41
1
10
205.219938564034
20
10.5593023429753
30
0
41
1
10
205.230527399999
20
10.5748348746588
30
0
41
1
10
205.238439267024
20
10.5849184277014
30
0
41
1
10
205.255547438805
20
10.6046610995881
30
0
41
1
10
205.264722318241
20
10.6142860482489
30
0
41
1
10
205.283957438294
20
10.6330151333109
30
0
41
1
10
205.294071655611
20
10.6421676043851
30
0
41
1
10
205.31493864819
20
10.6599151477398
30
0
41
1
10
205.325700594998
20
10.6685215143705
30
0
41
1
10
205.347825212062
20
10.6852609440305
30
0
41
1
10
205.359179934372
20
10.6933846388927
30
0
41
1
10
205.38223482337
20
10.7090278562493
30
0
41
1
10
205.393964407328
20
10.7165696027767
30
0
41
1
10
205.417814159486
20
10.731094097909
30
0
41
1
10
205.42985049771
20
10.7380259015239
30
0
41
1
10
205.454150841387
20
10.7512212153243
30
0
41
1
10
205.466461169497
20
10.7575061700635
30
0
41
1
10
205.503363666665
20
10.775090541617
30
0
41
1
10
205.52790611322
20
10.785168147246
30
0
41
1
10
205.558641882169
20
10.7951991763364
30
0
41
1
10
205.564792331138
20
10.7970737493555
30
0
41
1
10
205.577105256057
20
10.8005294122946
30
0
41
1
10
205.58328623315
20
10.8021142532869
30
0
41
1
10
205.601637089725
20
10.8063177452078
30
0
41
1
10
205.613660222083
20
10.8084108505788
30
0
41
1
10
205.631346715877
20
10.8101973849083
30
0
41
1
10
205.637183771909
20
10.810565467014
30
0
41
1
10
205.648727378574
20
10.8107587732624
30
0
41
1
10
205.654461321573
20
10.810580167689
30
0
41
1
10
205.671091388106
20
10.8090677200869
30
0
41
1
10
205.681511717109
20
10.8068122977249
30
0
41
1
10
205.6909540032
20
10.8026436907871
30
0
0
SPLINE
5
162
100
AcDbEntity
8
1
62
256
6
ByLayer
370
18
48
1
60
0
100
AcDbSpline
70
4
71
3
72
8
73
4
40
0
40
0
40
0
40
0
40
1
40
1
40
1
40
1
41
1
10
205.193543649352
20
10.4833466718695
30
0
41
1
10
205.194292315815
20
10.4891576867878
30
0
41
1
10
205.195040669108
20
10.4949701087111
30
0
41
1
10
205.195788692568
20
10.5007840100872
30
0
0
SPLINE
5
163
100
AcDbEntity
8
1
62
256
6
ByLayer
370
18
48
1
60
0
100
AcDbSpline
70
4
71
3
72
28
73
24
40
0
40
0
40
0
40
0
40
0.249999999999926
40
0.249999999999926
40
0.374999999999991
40
0.374999999999991
40
0.500000000000057
40
0.500000000000057
40
0.625000000000122
40
0.625000000000122
40
0.687500000000155
40
0.687500000000155
40
0.750000000000188
40
0.750000000000188
40
0.812500000000221
40
0.812500000000221
40
0.843750000000187
40
0.843750000000187
40
0.875000000000154
40
0.875000000000154
40
0.937500000000077
40
0.937500000000077
40
1
40
1
40
1
40
1
41
1
10
204.886375612131
20
10.3204545483073
30
0
41
1
10
204.919309777506
20
10.3216095177652
30
0
41
1
10
204.952375777104
20
10.3252082122468
30
0
41
1
10
205.00143203827
20
10.3346334876089
30
0
41
1
10
205.017706504918
20
10.3384581466473
30
0
41
1
10
205.049807847875
20
10.347639397295
30
0
41
1
10
205.06569713234
20
10.3530127227542
30
0
41
1
10
205.096560608287
20
10.3655720863869
30
0
41
1
10
205.111685415032
20
10.3728226648621
30
0
41
1
10
205.132861753091
20
10.3853072451917
30
0
41
1
10
205.139680619789
20
10.3897419463718
30
0
41
1
10
205.15271544282
20
10.3992869020179
30
0
41
1
10
205.158983467022
20
10.4044487976834
30
0
41
1
10
205.170349465104
20
10.4153175242834
30
0
41
1
10
205.175472300351
20
10.4210283271906
30
0
41
1
10
205.182094104811
20
10.4301037910312
30
0
41
1
10
205.184127700596
20
10.4332282724413
30
0
41
1
10
205.187691046204
20
10.439495782724
30
0
41
1
10
205.189235617236
20
10.4426563181267
30
0
41
1
10
205.193125685834
20
10.4522183460657
30
0
41
1
10
205.194716514218
20
10.4587905377722
30
0
41
1
10
205.195667850351
20
10.4713720880163
30
0
41
1
10
205.195087442365
20
10.4774549635923
30
0
41
1
10
205.193543649352
20
10.4833466718695
30
0
0
SPLINE
5
164
100
AcDbEntity
8
1
62
256
6
ByLayer
370
18
48
1
60
0
100
AcDbSpline
70
4
71
3
72
28
73
24
40
0
40
0
40
0
40
0
40
0.249999999999798
40
0.249999999999798
40
0.374999999999692
40
0.374999999999692
40
0.499999999999585
40
0.499999999999585
40
0.624999999999479
40
0.624999999999479
40
0.687499999999512
40
0.687499999999512
40
0.749999999999544
40
0.749999999999544
40
0.812499999999576
40
0.812499999999576
40
0.843749999999593
40
0.843749999999593
40
0.87499999999961
40
0.87499999999961
40
0.937499999999805
40
0.937499999999805
40
1
40
1
40
1
40
1
41
1
10
205.985765793244
20
10.9906581387237
30
0
41
1
10
205.969298710557
20
10.9616974182366
30
0
41
1
10
205.950708595499
20
10.9338058246444
30
0
41
1
10
205.919697497968
20
10.8944209212407
30
0
41
1
10
205.908823872391
20
10.8816957245543
30
0
41
1
10
205.886008901855
20
10.8573992244386
30
0
41
1
10
205.874024009056
20
10.8457800626049
30
0
41
1
10
205.848984584834
20
10.8242602384738
30
0
41
1
10
205.835804946527
20
10.8142560324108
30
0
41
1
10
205.81543173539
20
10.8014114279528
30
0
41
1
10
205.808530280915
20
10.7974820299528
30
0
41
1
10
205.794462149642
20
10.7905046465807
30
0
41
1
10
205.787228190827
20
10.7874355450528
30
0
41
1
10
205.772877576597
20
10.7826270660518
30
0
41
1
10
205.765745726002
20
10.7808672415222
30
0
41
1
10
205.755145922629
20
10.7794441729939
30
0
41
1
10
205.751615566566
20
10.7791767917429
30
0
41
1
10
205.74478365511
20
10.7791072083101
30
0
41
1
10
205.741460663263
20
10.7793004094812
30
0
41
1
10
205.73178683081
20
10.7805936941295
30
0
41
1
10
205.725663036121
20
10.7824629439944
30
0
41
1
10
205.714957932271
20
10.7879385658235
30
0
41
1
10
205.710288070268
20
10.7915284531846
30
0
41
1
10
205.706242461104
20
10.7958950194364
30
0
0
SPLINE
5
165
100
AcDbEntity
8
1
62
256
6
ByLayer
370
18
48
1
60
0
100
AcDbSpline
70
4
71
3
72
8
73
4
40
0
40
0
40
0
40
0
40
1
40
1
40
1
40
1
41
1
10
205.706242461104
20
10.7958950194364
30
0
41
1
10
205.701147568114
20
10.7981437189971
30
0
41
1
10
205.696051436736
20
10.8003932615372
30
0
41
1
10
205.6909540032
20
10.8026436907871
30
0
0
SPLINE
5
166
100
AcDbEntity
8
1
62
256
6
ByLayer
370
18
48
1
60
0
100
AcDbSpline
70
4
71
3
72
11
73
7
40
0
40
0
40
0
40
0
40
0.0677414576283647
40
0.524512175570026
40
0.981282893511687
40
1
40
1
40
1
40
1
41
1
10
209.284494464096
20
-9.04630843173211
30
0
41
1
10
209.292622830367
20
-9.06883211056604
30
0
41
1
10
209.355660613952
20
-9.24353923130653
30
0
41
1
10
209.472353823171
20
-9.56657317135532
30
0
41
1
10
209.582828045759
20
-9.87236438922758
30
0
41
1
10
209.640164334888
20
-10.0312875086118
30
0
41
1
10
209.642418217079
20
-10.0375511106059
30
0
0
SPLINE
5
167
100
AcDbEntity
8
1
62
256
6
ByLayer
370
18
48
1
60
0
100
AcDbSpline
70
4
71
3
72
17
73
13
40
0
40
0
40
0
40
0
40
0.0295634678907698
40
0.0735446958500522
40
0.161507151768617
40
0.337432063605747
40
0.513356975442877
40
0.689281887280007
40
0.865206799117136
40
0.953169255035701
40
0.997150482994984
40
1
40
1
40
1
40
1
41
1
10
209.642418217079
20
-10.0375511106059
30
0
41
1
10
209.647039779199
20
-10.0503945617073
30
0
41
1
10
209.658504319862
20
-10.0824261381932
30
0
41
1
10
209.682960106921
20
-10.1535828603481
30
0
41
1
10
209.726974394452
20
-10.2899709154176
30
0
41
1
10
209.78212582433
20
-10.4868522790944
30
0
41
1
10
209.835837972566
20
-10.7256216937369
30
0
41
1
10
209.877009882006
20
-10.9667962043529
30
0
41
1
10
209.900615245205
20
-11.1684740263875
30
0
41
1
10
209.911701865802
20
-11.3103226703001
30
0
41
1
10
209.915152241468
20
-11.3721609024031
30
0
41
1
10
209.916272860408
20
-11.3935388569979
30
0
41
1
10
209.91634077869
20
-11.394839252171
30
0
0
SPLINE
5
168
100
AcDbEntity
8
1
62
256
6
ByLayer
370
13
48
1
60
0
100
AcDbSpline
70
4
71
3
72
11
73
7
40
0
40
0
40
0
40
0
40
0.249255887038241
40
0.499007732287039
40
0.749255712187903
40
1
40
1
40
1
40
1
41
1
10
209.49093737216
20
-9.9538378789737
30
0
41
1
10
209.503623375263
20
-9.96076625094452
30
0
41
1
10
209.529020623511
20
-9.97463678065068
30
0
41
1
10
209.566930225105
20
-9.99552349319654
30
0
41
1
10
209.604766373962
20
-10.016491583116
30
0
41
1
10
209.629867511736
20
-10.0305237548003
30
0
41
1
10
209.642430513842
20
-10.0375467911269
30
0
0
SPLINE
5
169
100
AcDbEntity
8
1
62
256
6
ByLayer
370
18
48
1
60
0
100
AcDbSpline
70
4
71
3
72
8
73
4
40
0
40
0
40
0
40
0
40
1
40
1
40
1
40
1
41
1
10
209.490937372161
20
-9.95383787897615
30
0
41
1
10
209.422991877569
20
-9.77800775273829
30
0
41
1
10
209.354776499796
20
-9.60227157424734
30
0
41
1
10
209.286099232739
20
-9.42670129227244
30
0
0
SPLINE
5
16A
100
AcDbEntity
8
1
62
256
6
ByLayer
370
18
48
1
60
0
100
AcDbSpline
70
4
71
3
72
32
73
28
40
0
40
0
40
0
40
0
40
0.0201722500279448
40
0.0309571202211292
40
0.10645121157342
40
0.192730173118894
40
0.365288096209844
40
0.451567057755319
40
0.494706538528056
40
0.537846019300793
40
0.543238454397386
40
0.548630889493978
40
0.55402332459057
40
0.556719542138866
40
0.559415759687162
40
0.564808194783754
40
0.570200629880346
40
0.580985500073531
40
0.624124980846268
40
0.710403942391743
40
0.796682903937218
40
0.882961865482692
40
0.969240827028167
40
0.980025697221351
40
0.990810567414536
40
0.996203002511128
40
1
40
1
40
1
40
1
41
1
10
209.91634077869
20
-11.394839252171
30
0
41
1
10
209.91732115367
20
-11.4136099695566
30
0
41
1
10
209.918739924241
20
-11.4422908119337
30
0
41
1
10
209.923680053539
20
-11.5402835019983
30
0
41
1
10
209.931710343282
20
-11.699145909597
30
0
41
1
10
209.947335198901
20
-12.0069720493754
30
0
41
1
10
209.963545238746
20
-12.3247267734326
30
0
41
1
10
209.977742849314
20
-12.6027610426164
30
0
41
1
10
209.985810130877
20
-12.7616368597043
30
0
41
1
10
209.990185148471
20
-12.846040636977
30
0
41
1
10
209.992707838592
20
-12.8956889119419
30
0
41
1
10
209.993445805513
20
-12.9105834882754
30
0
41
1
10
209.994101039829
20
-12.9229969062339
30
0
41
1
10
209.9946008048
20
-12.9329255455868
30
0
41
1
10
209.994902497331
20
-12.9428574496899
30
0
41
1
10
209.995053481841
20
-12.9552771319445
30
0
41
1
10
209.995307187595
20
-12.9751482721462
30
0
41
1
10
209.996166088345
20
-13.0297887070573
30
0
41
1
10
209.998060268622
20
-13.1589278023671
30
0
41
1
10
209.999734637012
20
-13.3575694849055
30
0
41
1
10
210.000218058847
20
-13.5958824221835
30
0
41
1
10
209.999124040854
20
-13.8341381186106
30
0
41
1
10
209.997195194351
20
-14.0028619119603
30
0
41
1
10
209.995681080144
20
-14.1020977295953
30
0
41
1
10
209.995260391952
20
-14.1269704742941
30
0
41
1
10
209.995011124063
20
-14.1451693442774
30
0
41
1
10
209.994861919497
20
-14.1538258035202
30
0
41
1
10
209.994781401294
20
-14.1575133386779
30
0
0
SPLINE
5
16B
100
AcDbEntity
8
1
62
256
6
ByLayer
370
13
48
1
60
0
100
AcDbSpline
70
4
71
3
72
9
73
5
40
0
40
0
40
0
40
0
40
0.253089698189955
40
1
40
1
40
1
40
1
41
1
10
209.916357481279
20
-11.3948389728687
30
0
41
1
10
209.91076957525
20
-11.3881233767844
30
0
41
1
10
209.888697325619
20
-11.3615967472295
30
0
41
1
10
209.866646005396
20
-11.3350952708274
30
0
41
1
10
209.850175571522
20
-11.3153009541947
30
0
0
SPLINE
5
16C
100
AcDbEntity
8
1
62
256
6
ByLayer
370
18
48
1
60
0
100
AcDbSpline
70
4
71
3
72
18
73
14
40
0
40
0
40
0
40
0
40
0.125
40
0.25
40
0.3125
40
0.34375
40
0.359375
40
0.375
40
0.4375
40
0.5
40
0.625
40
0.75
40
1
40
1
40
1
40
1
41
1
10
209.279376859332
20
-10.12247028977
30
0
41
1
10
209.281206449088
20
-10.1171893710377
30
0
41
1
10
209.288892465693
20
-10.1055307522472
30
0
41
1
10
209.308288136457
20
-10.0885019947435
30
0
41
1
10
209.326889770169
20
-10.075436643649
30
0
41
1
10
209.337368133972
20
-10.0686494544154
30
0
41
1
10
209.343753076309
20
-10.0646881545798
30
0
41
1
10
209.353622839238
20
-10.0586858236866
30
0
41
1
10
209.368106866994
20
-10.0497479733219
30
0
41
1
10
209.392348324541
20
-10.034173762912
30
0
41
1
10
209.419878743208
20
-10.0153002300962
30
0
41
1
10
209.457928710019
20
-9.9864472913064
30
0
41
1
10
209.47962047109
20
-9.96640704060141
30
0
41
1
10
209.490937372161
20
-9.95383787897615
30
0
0
SPLINE
5
16D
100
AcDbEntity
8
1
62
256
6
ByLayer
370
18
48
1
60
0
100
AcDbSpline
70
4
71
3
72
28
73
24
40
0
40
0
40
0
40
0
40
0.03125
40
0.0625
40
0.09375
40
0.125
40
0.15625
40
0.1875
40
0.21875
40
0.25
40
0.3125
40
0.375
40
0.4375
40
0.5
40
0.5625
40
0.625
40
0.6875
40
0.75
40
0.8125
40
0.875
40
0.9375
40
0.96875
40
1
40
1
40
1
40
1
41
1
10
209.490937372161
20
-9.95383787897495
30
0
41
1
10
209.496266770606
20
-9.96762935708713
30
0
41
1
10
209.506908724621
20
-9.99521830917701
30
0
41
1
10
209.522799431312
20
-10.0366270648536
30
0
41
1
10
209.538596217972
20
-10.078068488017
30
0
41
1
10
209.554277388901
20
-10.1195499186123
30
0
41
1
10
209.569821248398
20
-10.1610786965844
30
0
41
1
10
209.585205468049
20
-10.2026613931098
30
0
41
1
10
209.60040771944
20
-10.2443045793648
30
0
41
1
10
209.620404992395
20
-10.2999182422459
30
0
41
1
10
209.644835020865
20
-10.369619401053
30
0
41
1
10
209.673056564409
20
-10.4535977549467
30
0
41
1
10
209.699995627068
20
-10.5379555071619
30
0
41
1
10
209.725452288855
20
-10.6227187589905
30
0
41
1
10
209.749226629782
20
-10.7079136117245
30
0
41
1
10
209.77110922461
20
-10.7935483772617
30
0
41
1
10
209.790887512483
20
-10.8796206102519
30
0
41
1
10
209.808345843344
20
-10.9661124434375
30
0
41
1
10
209.823268189795
20
-11.0529890204238
30
0
41
1
10
209.835441471388
20
-11.1401968296519
30
0
41
1
10
209.843123435998
20
-11.2130849233842
30
0
41
1
10
209.84769472037
20
-11.2714775161632
30
0
41
1
10
209.849440961188
20
-11.300691730851
30
0
41
1
10
209.850175571522
20
-11.3153009541947
30
0
0
SPLINE
5
16E
100
AcDbEntity
8
1
62
256
6
ByLayer
370
18
48
1
60
0
100
AcDbSpline
70
4
71
3
72
21
73
17
40
0
40
0
40
0
40
0
40
0.0039822658528455
40
0.0174419649629421
40
0.0309016640730388
40
0.0847404605134256
40
0.138579256953812
40
0.246256849834586
40
0.353934442715359
40
0.461612035596133
40
0.569289628476906
40
0.67696722135768
40
0.784644814238453
40
0.892322407119227
40
0.946161203559613
40
1
40
1
40
1
40
1
41
1
10
209.994781401294
20
-14.1575133386779
30
0
41
1
10
209.994747568833
20
-14.159062781965
30
0
41
1
10
209.994584795126
20
-14.1659348519837
30
0
41
1
10
209.994150479916
20
-14.1789316877073
30
0
41
1
10
209.992334112957
20
-14.2133719161427
30
0
41
1
10
209.986929567401
20
-14.2636282598351
30
0
41
1
10
209.97000534434
20
-14.3521386632322
30
0
41
1
10
209.935889159073
20
-14.4577397261608
30
0
41
1
10
209.874631319498
20
-14.5768991000363
30
0
41
1
10
209.795235367171
20
-14.6836057153456
30
0
41
1
10
209.699072173396
20
-14.7762438085896
30
0
41
1
10
209.588846344678
20
-14.8517534428245
30
0
41
1
10
209.467171549788
20
-14.9081374361428
30
0
41
1
10
209.35871824425
20
-14.937591500032
30
0
41
1
10
209.269916247304
20
-14.9500685483738
30
0
41
1
10
209.224747847267
20
-14.9525154040936
30
0
41
1
10
209.202918998571
20
-14.9527562252421
30
0
0
SPLINE
5
16F
100
AcDbEntity
8
1
62
256
6
ByLayer
370
18
48
1
60
0
100
AcDbSpline
70
4
71
3
72
8
73
4
40
0
40
0
40
0
40
0
40
1
40
1
40
1
40
1
41
1
10
209.202918998571
20
-14.9527562252421
30
0
41
1
10
209.20259511873
20
-14.952759798363
30
0
41
1
10
209.202272092049
20
-14.9527633613439
30
0
41
1
10
209.201949893205
20
-14.9527669144651
30
0
0
SPLINE
5
170
100
AcDbEntity
8
1
62
256
6
ByLayer
370
13
48
1
60
0
100
AcDbSpline
70
4
71
3
72
8
73
4
40
0
40
0
40
0
40
0
40
1
40
1
40
1
40
1
41
1
10
209.994763879326
20
-14.1575123608137
30
0
41
1
10
209.972704045019
20
-14.1294043678229
30
0
41
1
10
209.95064416581
20
-14.1012964144926
30
0
41
1
10
209.928584246399
20
-14.0731885068099
30
0
0
SPLINE
5
171
100
AcDbEntity
8
1
62
256
6
ByLayer
370
18
48
1
60
0
100
AcDbSpline
70
4
71
3
72
19
73
15
40
0
40
0
40
0
40
0
40
0.125
40
0.25
40
0.3125
40
0.34375
40
0.359375
40
0.375
40
0.4375
40
0.46875
40
0.5
40
0.625
40
0.75
40
1
40
1
40
1
40
1
41
1
10
209.590721698526
20
-11.2708662074832
30
0
41
1
10
209.594929362119
20
-11.2730856962326
30
0
41
1
10
209.607141422941
20
-11.2773617071524
30
0
41
1
10
209.631571775133
20
-11.2822161490925
30
0
41
1
10
209.653310748657
20
-11.285312971979
30
0
41
1
10
209.665299152227
20
-11.2867818394367
30
0
41
1
10
209.672463571221
20
-11.2875978622214
30
0
41
1
10
209.683521208456
20
-11.2887982647523
30
0
41
1
10
209.697320453454
20
-11.2901289290774
30
0
41
1
10
209.714312829119
20
-11.2915460210815
30
0
41
1
10
209.738558587829
20
-11.2937770419796
30
0
41
1
10
209.771357789847
20
-11.2974144945939
30
0
41
1
10
209.818712530987
20
-11.304657369605
30
0
41
1
10
209.841232707132
20
-11.3108847920542
30
0
41
1
10
209.850175571522
20
-11.3153009541947
30
0
0
SPLINE
5
172
100
AcDbEntity
8
1
62
256
6
ByLayer
370
18
48
1
60
0
100
AcDbSpline
70
4
71
3
72
32
73
28
40
0
40
0
40
0
40
0
40
0.24999999999977
40
0.374999999999655
40
0.49999999999954
40
0.531249999999511
40
0.546874999999497
40
0.546874999999497
40
0.554687499999489
40
0.554687499999489
40
0.555664062499489
40
0.555664062499489
40
0.556640624999489
40
0.556640624999489
40
0.55859374999949
40
0.55859374999949
40
0.560546874999491
40
0.562499999999492
40
0.562499999999492
40
0.566406249999497
40
0.566406249999497
40
0.570312499999501
40
0.57812499999951
40
0.593749999999529
40
0.624999999999565
40
0.74999999999971
40
1
40
1
40
1
40
1
41
1
10
209.850175571522
20
-11.3153009541947
30
0
41
1
10
209.861755968936
20
-11.5455967983694
30
0
41
1
10
209.879235208681
20
-11.8910372060471
30
0
41
1
10
209.902712067058
20
-12.3516161629304
30
0
41
1
10
209.915986898963
20
-12.6099653493035
30
0
41
1
10
209.924085254237
20
-12.7695513116005
30
0
41
1
10
209.926323589736
20
-12.8115664067065
30
0
41
1
10
209.927414669612
20
-12.834087367774
30
0
41
1
10
209.927765643261
20
-12.8418517839073
30
0
41
1
10
209.928203011898
20
-12.8486511389168
30
0
41
1
10
209.928251543998
20
-12.8493538174432
30
0
41
1
10
209.928340884903
20
-12.8509599855601
30
0
41
1
10
209.928382897137
20
-12.8518552831261
30
0
41
1
10
209.928491153861
20
-12.8540756349574
30
0
41
1
10
209.928536849986
20
-12.8550835179778
30
0
41
1
10
209.928613498595
20
-12.8578102758697
30
0
41
1
10
209.928677557831
20
-12.8612235481576
30
0
41
1
10
209.928732913528
20
-12.8651494456482
30
0
41
1
10
209.928816290362
20
-12.8711350145673
30
0
41
1
10
209.928872444564
20
-12.8751051536848
30
0
41
1
10
209.928985581148
20
-12.8828055284477
30
0
41
1
10
209.929156444349
20
-12.8941081381988
30
0
41
1
10
209.929558057017
20
-12.9191970735028
30
0
41
1
10
209.930331598507
20
-12.9678544284618
30
0
41
1
10
209.932422084517
20
-13.1258432998901
30
0
41
1
10
209.935108537263
20
-13.4991917970067
30
0
41
1
10
209.932556034678
20
-13.8436388462866
30
0
41
1
10
209.928584246399
20
-14.0731885068099
30
0
0
SPLINE
5
173
100
AcDbEntity
8
1
62
256
6
ByLayer
370
18
48
1
60
0
100
AcDbSpline
70
4
71
3
72
17
73
13
40
0
40
0
40
0
40
0
40
0.125
40
0.25
40
0.3125
40
0.375
40
0.4375
40
0.46875
40
0.5
40
0.625
40
0.75
40
1
40
1
40
1
40
1
41
1
10
209.73041286905
20
-13.9282798073217
30
0
41
1
10
209.734637865982
20
-13.9348057899781
30
0
41
1
10
209.746053796185
20
-13.9475711912166
30
0
41
1
10
209.767498293521
20
-13.9626434454042
30
0
41
1
10
209.788748542402
20
-13.9740832027928
30
0
41
1
10
209.807034435234
20
-13.9822674973633
30
0
41
1
10
209.821273390404
20
-13.9892579983055
30
0
41
1
10
209.832118370231
20
-13.9949395683435
30
0
41
1
10
209.847849062323
20
-14.0035474198117
30
0
41
1
10
209.869467459255
20
-14.0167660352813
30
0
41
1
10
209.902040405004
20
-14.0410884273519
30
0
41
1
10
209.919799333261
20
-14.060169054321
30
0
41
1
10
209.928584246399
20
-14.0731885068099
30
0
0
SPLINE
5
174
100
AcDbEntity
8
1
62
256
6
ByLayer
370
13
48
1
60
0
100
AcDbSpline
70
4
71
3
72
26
73
22
40
0
40
0
40
0
40
0
40
0.00390625
40
0.0078125
40
0.015625
40
0.03125
40
0.0625
40
0.125
40
0.1875
40
0.25
40
0.3125
40
0.375
40
0.4375
40
0.5
40
0.625
40
0.6875
40
0.75
40
0.8125
40
0.875
40
0.9375
40
1
40
1
40
1
40
1
41
1
10
209.928584246399
20
-14.0731885068099
30
0
41
1
10
209.928556366387
20
-14.0747996545713
30
0
41
1
10
209.9284917548
20
-14.0780214951087
30
0
41
1
10
209.928327125069
20
-14.0844631595534
30
0
41
1
10
209.927946080039
20
-14.0957302623725
30
0
41
1
10
209.926812211659
20
-14.1182370977301
30
0
41
1
10
209.923057311032
20
-14.1631082437686
30
0
41
1
10
209.91344383864
20
-14.2266138472949
30
0
41
1
10
209.895107821075
20
-14.3012626926623
30
0
41
1
10
209.870106092348
20
-14.3737520836307
30
0
41
1
10
209.838572791991
20
-14.4434804446651
30
0
41
1
10
209.800741600958
20
-14.5098626044343
30
0
41
1
10
209.756846200199
20
-14.5723133916067
30
0
41
1
10
209.690664129174
20
-14.6495724880006
30
0
41
1
10
209.61364586756
20
-14.7166684700793
30
0
41
1
10
209.52753293835
20
-14.7713686803789
30
0
41
1
10
209.458984912594
20
-14.8057170608425
30
0
41
1
10
209.387071090315
20
-14.8329223380578
30
0
41
1
10
209.31250707753
20
-14.8526521408158
30
0
41
1
10
209.236054131839
20
-14.8646915015437
30
0
41
1
10
209.184355130969
20
-14.8675530110682
30
0
41
1
10
209.158453495722
20
-14.8677110441427
30
0
0
SPLINE
5
175
100
AcDbEntity
8
1
62
256
6
ByLayer
370
18
48
1
60
0
100
AcDbSpline
70
4
71
3
72
17
73
13
40
0
40
0
40
0
40
0
40
0.060095022914241
40
0.18403891646519
40
0.431926703567088
40
0.679814490668987
40
0.927702277770885
40
0.98967422454636
40
0.993547471219827
40
0.997420717893294
40
0.999357341230027
40
1
40
1
40
1
40
1
41
1
10
208.710039753083
20
-14.9575226804134
30
0
41
1
10
208.555697238019
20
-14.9587942523296
30
0
41
1
10
208.083017176691
20
-14.9620249293882
30
0
41
1
10
206.973474063611
20
-14.9650353452922
30
0
41
1
10
205.381087104086
20
-14.9560902230957
30
0
41
1
10
203.46971468741
20
-14.9244226054701
30
0
41
1
10
202.03322452542
20
-14.8850846288051
30
0
41
1
10
201.230941525311
20
-14.8577517923104
30
0
41
1
10
201.049911718488
20
-14.8513407446738
30
0
41
1
10
201.02517635643
20
-14.8504586353417
30
0
41
1
10
201.009123376572
20
-14.8498818879913
30
0
41
1
10
201.00185084977
20
-14.8496181617181
30
0
41
1
10
201.000000033228
20
-14.8495473433633
30
0
0
SPLINE
5
176
100
AcDbEntity
8
1
62
256
6
ByLayer
370
18
48
1
60
0
100
AcDbSpline
70
4
71
3
72
11
73
7
40
0
40
0
40
0
40
0
40
0.0589687449404659
40
0.484373627158195
40
0.970550635407029
40
1
40
1
40
1
40
1
41
1
10
209.201949893205
20
-14.9527669144651
30
0
41
1
10
209.191414315614
20
-14.9528830979491
30
0
41
1
10
209.11214494895
20
-14.9537508435641
30
0
41
1
10
208.953296028606
20
-14.9553897204488
30
0
41
1
10
208.799262241994
20
-14.9567839080194
30
0
41
1
10
208.714860271244
20
-14.9574829659153
30
0
41
1
10
208.710039753083
20
-14.9575226804134
30
0
0
SPLINE
5
177
100
AcDbEntity
8
1
62
256
6
ByLayer
370
13
48
1
60
0
100
AcDbSpline
70
4
71
3
72
8
73
4
40
0
40
0
40
0
40
0
40
1
40
1
40
1
40
1
41
1
10
209.158453495722
20
-14.8677110441427
30
0
41
1
10
209.172952183141
20
-14.8962387700854
30
0
41
1
10
209.187450999234
20
-14.924590835979
30
0
41
1
10
209.201949898055
20
-14.9527668587353
30
0
0
SPLINE
5
178
100
AcDbEntity
8
1
62
256
6
ByLayer
370
18
48
1
60
0
100
AcDbSpline
70
4
71
3
72
11
73
7
40
0
40
0
40
0
40
0
40
0.0139527581530495
40
0.0717442381182135
40
0.534076077839525
40
1
40
1
40
1
40
1
41
1
10
200.445198015954
20
-14.443199864797
30
0
41
1
10
200.444291294768
20
-14.4407031011873
30
0
41
1
10
200.439787248168
20
-14.428147836139
30
0
41
1
10
200.409013112203
20
-14.3431414410409
30
0
41
1
10
200.350282534134
20
-14.1803199278328
30
0
41
1
10
200.295501453819
20
-14.0285995194639
30
0
41
1
10
200.268080623808
20
-13.9526750411151
30
0
0
SPLINE
5
179
100
AcDbEntity
8
1
62
256
6
ByLayer
370
18
48
1
60
0
100
AcDbSpline
70
4
71
3
72
20
73
16
40
0
40
0
40
0
40
0
40
0.0166268555036353
40
0.0415115835804375
40
0.0663963116572397
40
0.165935223964448
40
0.265474136271657
40
0.315243592425262
40
0.464551960886074
40
0.663629785500492
40
0.862707610114909
40
0.912477066268514
40
0.962246522422118
40
0.98713125049892
40
1
40
1
40
1
40
1
41
1
10
201.000000033228
20
-14.8495473433633
30
0
41
1
10
200.996273497256
20
-14.8494047537869
30
0
41
1
10
200.986577097464
20
-14.8489970576778
30
0
41
1
10
200.97066755806
20
-14.8478904798264
30
0
41
1
10
200.934505039635
20
-14.8442635107052
30
0
41
1
10
200.881415180928
20
-14.8348788369056
30
0
41
1
10
200.823874166772
20
-14.817393097562
30
0
41
1
10
200.756242436039
20
-14.7901530864925
30
0
41
1
10
200.670903353885
20
-14.7433956798689
30
0
41
1
10
200.568339201649
20
-14.6561128416269
30
0
41
1
10
200.502981983226
20
-14.5660228516556
30
0
41
1
10
200.469480238427
20
-14.501805706999
30
0
41
1
10
200.457081745903
20
-14.4740738769866
30
0
41
1
10
200.449121515744
20
-14.4539036627652
30
0
41
1
10
200.446169086909
20
-14.4458738230813
30
0
41
1
10
200.445198015954
20
-14.443199864797
30
0
0
SPLINE
5
17A
100
AcDbEntity
8
1
62
256
6
ByLayer
370
13
48
1
60
0
100
AcDbSpline
70
4
71
3
72
9
73
5
40
0
40
0
40
0
40
0
40
0.501219718031207
40
1
40
1
40
1
40
1
41
1
10
201.228614534916
20
-14.7354525464844
30
0
41
1
10
201.190415297206
20
-14.7544439350866
30
0
41
1
10
201.11420273745
20
-14.7923342812141
30
0
41
1
10
201.038005850049
20
-14.8305139718505
30
0
41
1
10
201.000000345066
20
-14.8495572487116
30
0
0
SPLINE
5
17B
100
AcDbEntity
8
1
62
256
6
ByLayer
370
13
48
1
60
0
100
AcDbSpline
70
4
71
3
72
9
73
5
40
0
40
0
40
0
40
0
40
0.251786661021026
40
1
40
1
40
1
40
1
41
1
10
200.445202091768
20
-14.4431988319149
30
0
41
1
10
200.470892027001
20
-14.4327569064165
30
0
41
1
10
200.57298853525
20
-14.3912404563804
30
0
41
1
10
200.675330059926
20
-14.3495517904713
30
0
41
1
10
200.75199838964
20
-14.3182808867363
30
0
0
SPLINE
5
17C
100
AcDbEntity
8
1
62
256
6
ByLayer
370
18
48
1
60
0
100
AcDbSpline
70
4
71
3
72
8
73
4
40
0
40
0
40
0
40
0
40
1
40
1
40
1
40
1
41
1
10
200.60814417736
20
-13.9558322478441
30
0
41
1
10
200.655812806988
20
-14.0767510085807
30
0
41
1
10
200.703743242054
20
-14.1975750790846
30
0
41
1
10
200.75199838964
20
-14.3182808867359
30
0
0
SPLINE
5
17D
100
AcDbEntity
8
1
62
256
6
ByLayer
370
18
48
1
60
0
100
AcDbSpline
70
4
71
3
72
16
73
12
40
0
40
0
40
0
40
0
40
0.25
40
0.5
40
0.625
40
0.6875
40
0.75
40
0.78125
40
0.8125
40
0.875
40
1
40
1
40
1
40
1
41
1
10
209.158453495713
20
-14.8677110441431
30
0
41
1
10
209.152709061122
20
-14.8568500348806
30
0
41
1
10
209.141148163251
20
-14.8306669217234
30
0
41
1
10
209.126624339622
20
-14.7870589877363
30
0
41
1
10
209.116475237756
20
-14.7510155096255
30
0
41
1
10
209.110689122804
20
-14.7288534614048
30
0
41
1
10
209.1070800742
20
-14.7143563117239
30
0
41
1
10
209.104198973011
20
-14.7023087489615
30
0
41
1
10
209.101316243429
20
-14.6903917407782
30
0
41
1
10
209.09624914323
20
-14.6712758599972
30
0
41
1
10
209.091890367956
20
-14.6575455661507
30
0
41
1
10
209.088991284849
20
-14.6496556773046
30
0
0
SPLINE
5
17E
100
AcDbEntity
8
1
62
256
6
ByLayer
370
18
48
1
60
0
100
AcDbSpline
70
4
71
3
72
47
73
43
40
0
40
0
40
0
40
0
40
0.0248207090807029
40
0.0496506043499293
40
0.0744896876533651
40
0.0993379606765942
40
0.124195424944873
40
0.14906208182293
40
0.173937932514768
40
0.198822978063433
40
0.22371721935083
40
0.248620657097544
40
0.273533291862631
40
0.298455124043426
40
0.323386153875319
40
0.348326381431682
40
0.373275806623562
40
0.398234429199577
40
0.423202248745718
40
0.448179264685182
40
0.473165476278216
40
0.498160882621921
40
0.523165482804098
40
0.548179276888425
40
0.573202265356138
40
0.598234448633265
40
0.623275827088501
40
0.648326401033141
40
0.673386170721069
40
0.698455136348684
40
0.723533298054837
40
0.748620655920809
40
0.773717209970267
40
0.798822960169176
40
0.823937906425842
40
0.849062048590787
40
0.87419538645677
40
0.899337919758725
40
0.92448964817377
40
0.949650571321106
40
0.974820688762051
40
1
40
1
40
1
40
1
41
1
10
209.158453495713
20
-14.8677110441434
30
0
41
1
10
209.092883776266
20
-14.86808926038
30
0
41
1
10
208.961720069902
20
-14.8688458328319
30
0
41
1
10
208.764926419859
20
-14.8696933681003
30
0
41
1
10
208.568051741217
20
-14.8703310088251
30
0
41
1
10
208.371095428726
20
-14.8707381855958
30
0
41
1
10
208.174057967232
20
-14.8709205468459
30
0
41
1
10
207.976939550131
20
-14.8708767130503
30
0
41
1
10
207.77974044976
20
-14.8706071898528
30
0
41
1
10
207.582460918096
20
-14.8701119784736
30
0
41
1
10
207.385101213376
20
-14.8693912163519
30
0
41
1
10
207.187661592963
20
-14.8684450053894
30
0
41
1
10
206.990142315256
20
-14.8672734579951
30
0
41
1
10
206.792543639184
20
-14.8658766847392
30
0
41
1
10
206.594865824335
20
-14.8642547976615
30
0
41
1
10
206.397109130924
20
-14.8624079093794
30
0
41
1
10
206.199273819805
20
-14.860336133336
30
0
41
1
10
206.001360152462
20
-14.8580395836904
30
0
41
1
10
205.803368391019
20
-14.8555183754991
30
0
41
1
10
205.605298798223
20
-14.8527726240891
30
0
41
1
10
205.407151637499
20
-14.849802447376
30
0
41
1
10
205.208927172337
20
-14.8466079571967
30
0
41
1
10
205.01062566405
20
-14.8431892915864
30
0
41
1
10
204.812247364167
20
-14.8395463679728
30
0
41
1
10
204.613792519683
20
-14.8356790570915
30
0
41
1
10
204.415261377223
20
-14.831587241994
30
0
41
1
10
204.216654183923
20
-14.827270802706
30
0
41
1
10
204.017971187537
20
-14.8227296203428
30
0
41
1
10
203.819212636411
20
-14.8179635760087
30
0
41
1
10
203.620378779489
20
-14.8129725510736
30
0
41
1
10
203.421469866315
20
-14.8077564271545
30
0
41
1
10
203.222486147029
20
-14.8023150859035
30
0
41
1
10
203.023427872371
20
-14.7966484098646
30
0
41
1
10
202.824295293686
20
-14.790756279245
30
0
41
1
10
202.625088662885
20
-14.7846385839704
30
0
41
1
10
202.42580823262
20
-14.7782951786567
30
0
41
1
10
202.22645425561
20
-14.7717260507438
30
0
41
1
10
202.027026987173
20
-14.7649306926593
30
0
41
1
10
201.82752667576
20
-14.7579104462108
30
0
41
1
10
201.627953598327
20
-14.7506597483877
30
0
41
1
10
201.428307928225
20
-14.7431988203805
30
0
41
1
10
201.295187101966
20
-14.7380349520903
30
0
41
1
10
201.228614534916
20
-14.7354525464844
30
0
0
SPLINE
5
17F
100
AcDbEntity
8
1
62
256
6
ByLayer
370
18
48
1
60
0
100
AcDbSpline
70
4
71
3
72
16
73
12
40
0
40
0
40
0
40
0
40
0.25
40
0.375
40
0.5
40
0.5625
40
0.625
40
0.75
40
0.8125
40
0.875
40
1
40
1
40
1
40
1
41
1
10
201.228614534916
20
-14.7354525464845
30
0
41
1
10
201.260398592944
20
-14.7211981841335
30
0
41
1
10
201.308049351958
20
-14.6980822817542
30
0
41
1
10
201.37144215107
20
-14.6638193185926
30
0
41
1
10
201.410984373948
20
-14.6409742802732
30
0
41
1
10
201.442559606931
20
-14.6218418660029
30
0
41
1
10
201.474092877674
20
-14.6021498201548
30
0
41
1
10
201.505558807014
20
-14.5816352631879
30
0
41
1
10
201.536949361685
20
-14.5603405071149
30
0
41
1
10
201.568257937568
20
-14.5381941689805
30
0
41
1
10
201.59203895727
20
-14.5248148889045
30
0
41
1
10
201.607922359248
20
-14.5172498364536
30
0
0
SPLINE
5
180
100
AcDbEntity
8
1
62
256
6
ByLayer
370
18
48
1
60
0
100
AcDbSpline
70
4
71
3
72
18
73
14
40
0
40
0
40
0
40
0
40
0.25
40
0.375
40
0.5
40
0.5625
40
0.625
40
0.640625
40
0.65625
40
0.6875
40
0.75
40
0.875
40
1
40
1
40
1
40
1
41
1
10
200.75199838964
20
-14.3182808867359
30
0
41
1
10
200.788357080905
20
-14.2920371244506
30
0
41
1
10
200.843593075449
20
-14.2526008260879
30
0
41
1
10
200.918527425711
20
-14.1999029142647
30
0
41
1
10
200.96595708118
20
-14.1669178282587
30
0
41
1
10
201.004230296263
20
-14.1405017331681
30
0
41
1
10
201.024774132762
20
-14.1257274603388
30
0
41
1
10
201.038109400607
20
-14.1159176121611
30
0
41
1
10
201.046902297604
20
-14.1093888798848
30
0
41
1
10
201.062031575338
20
-14.097994455644
30
0
41
1
10
201.09123353955
20
-14.0753413973864
30
0
41
1
10
201.129797952196
20
-14.0434384933938
30
0
41
1
10
201.157143709866
20
-14.0185435784766
30
0
41
1
10
201.169899599986
20
-14.006287757497
30
0
0
SPLINE
5
181
100
AcDbEntity
8
1
62
256
6
ByLayer
370
18
48
1
60
0
100
AcDbSpline
70
4
71
3
72
18
73
14
40
0
40
0
40
0
40
0
40
0.125
40
0.25
40
0.375
40
0.5
40
0.625
40
0.6875
40
0.75
40
0.8125
40
0.875
40
0.9375
40
1
40
1
40
1
40
1
41
1
10
200.75199838964
20
-14.3182808867359
30
0
41
1
10
200.76231821376
20
-14.344094976374
30
0
41
1
10
200.785153967776
20
-14.3949416756723
30
0
41
1
10
200.826282631496
20
-14.4679188702856
30
0
41
1
10
200.874605438329
20
-14.5366075121778
30
0
41
1
10
200.930641142041
20
-14.5993865095183
30
0
41
1
10
200.984099612645
20
-14.6449202880662
30
0
41
1
10
201.030877823399
20
-14.6757747454344
30
0
41
1
10
201.067807841925
20
-14.695703388205
30
0
41
1
10
201.106424864239
20
-14.7119939131991
30
0
41
1
10
201.146360772999
20
-14.7243303401732
30
0
41
1
10
201.187247450864
20
-14.7323966888836
30
0
41
1
10
201.21482466996
20
-14.7349131692805
30
0
41
1
10
201.228614534916
20
-14.7354525464845
30
0
0
SPLINE
5
182
100
AcDbEntity
8
1
62
256
6
ByLayer
370
18
48
1
60
0
100
AcDbSpline
70
4
71
3
72
11
73
7
40
0
40
0
40
0
40
0
40
0.25
40
0.5
40
0.75
40
1
40
1
40
1
40
1
41
1
10
209.279376859332
20
-10.1224702897698
30
0
41
1
10
209.313279853227
20
-10.2163543387118
30
0
41
1
10
209.383072918835
20
-10.4034568596029
30
0
41
1
10
209.480890438677
20
-10.6864300038781
30
0
41
1
10
209.55815732783
20
-10.9752744434249
30
0
41
1
10
209.585533859039
20
-11.1721753943473
30
0
41
1
10
209.590721698526
20
-11.2708662074832
30
0
0
SPLINE
5
183
100
AcDbEntity
8
1
62
256
6
ByLayer
370
18
48
1
60
0
100
AcDbSpline
70
4
71
3
72
23
73
19
40
0
40
0
40
0
40
0
40
0.25
40
0.375
40
0.4375
40
0.5
40
0.515625
40
0.53125
40
0.546875
40
0.5546875
40
0.5625
40
0.5703125
40
0.578125
40
0.59375
40
0.625
40
0.75
40
0.875
40
1
40
1
40
1
40
1
41
1
10
209.590721698526
20
-11.2708662074832
30
0
41
1
10
209.602362629403
20
-11.4923173408031
30
0
41
1
10
209.619824025719
20
-11.8244940407829
30
0
41
1
10
209.640195654754
20
-12.2120335240927
30
0
41
1
10
209.65183658563
20
-12.4334846574126
30
0
41
1
10
209.658384609249
20
-12.558050919905
30
0
41
1
10
209.662749958328
20
-12.6410950948999
30
0
41
1
10
209.664932632867
20
-12.6826171823974
30
0
41
1
10
209.666751528317
20
-12.7172189219787
30
0
41
1
10
209.668206644676
20
-12.7449003136436
30
0
41
1
10
209.669297981946
20
-12.7656613573924
30
0
41
1
10
209.670389319216
20
-12.7864224011411
30
0
41
1
10
209.671844435575
20
-12.8141037928061
30
0
41
1
10
209.674390889205
20
-12.8625462282198
30
0
41
1
10
209.682394029183
20
-13.0147938823772
30
0
41
1
10
209.695490076419
20
-13.2639264073621
30
0
41
1
10
209.712951472735
20
-13.5961031073419
30
0
41
1
10
209.724592403612
20
-13.8175542406618
30
0
41
1
10
209.73041286905
20
-13.9282798073217
30
0
0
SPLINE
5
184
100
AcDbEntity
8
1
62
256
6
ByLayer
370
13
48
1
60
0
100
AcDbSpline
70
4
71
3
72
8
73
4
40
0
40
0
40
0
40
0
40
1
40
1
40
1
40
1
41
1
10
209.284472059662
20
-11.1093234384365
30
0
41
1
10
209.386555272617
20
-11.1631710281187
30
0
41
1
10
209.488638485572
20
-11.217018617801
30
0
41
1
10
209.590721698526
20
-11.2708662074832
30
0
0
SPLINE
5
185
100
AcDbEntity
8
1
62
256
6
ByLayer
370
13
48
1
60
0
100
AcDbSpline
70
4
71
3
72
15
73
11
40
0
40
0
40
0
40
0
40
0.125
40
0.25
40
0.375
40
0.5
40
0.625
40
0.75
40
0.875
40
1
40
1
40
1
40
1
41
1
10
209.088991284858
20
-14.6496556772959
30
0
41
1
10
209.134796413539
20
-14.6504663724845
30
0
41
1
10
209.22626271399
20
-14.6421411785434
30
0
41
1
10
209.356083896434
20
-14.5991921607004
30
0
41
1
10
209.472132207657
20
-14.5284957388135
30
0
41
1
10
209.569861414004
20
-14.4347470725311
30
0
41
1
10
209.646417264142
20
-14.3230796236356
30
0
41
1
10
209.700013181302
20
-14.1983786039755
30
0
41
1
10
209.729526158915
20
-14.0652581698765
30
0
41
1
10
209.73281048943
20
-13.9738909148786
30
0
41
1
10
209.73041286905
20
-13.9282798073217
30
0
0
SPLINE
5
186
100
AcDbEntity
8
1
62
256
6
ByLayer
370
13
48
1
60
0
100
AcDbSpline
70
4
71
3
72
8
73
4
40
0
40
0
40
0
40
0
40
1
40
1
40
1
40
1
41
1
10
209.73041286905
20
-13.9282798073217
30
0
41
1
10
209.596681522992
20
-13.7217167117477
30
0
41
1
10
209.462950176935
20
-13.5151536161738
30
0
41
1
10
209.329218830877
20
-13.3085905205998
30
0
0
SPLINE
5
187
100
AcDbEntity
8
1
62
256
6
ByLayer
370
13
48
1
60
0
100
AcDbSpline
70
4
71
3
72
8
73
4
40
0
40
0
40
0
40
0
40
1
40
1
40
1
40
1
41
1
10
209.329218830877
20
-13.3085905205998
30
0
41
1
10
209.325789822004
20
-13.3032940309696
30
0
41
1
10
209.32236081313
20
-13.2979975413396
30
0
41
1
10
209.318931804257
20
-13.2927010517095
30
0
0
SPLINE
5
188
100
AcDbEntity
8
1
62
256
6
ByLayer
370
13
48
1
60
0
100
AcDbSpline
70
4
71
3
72
8
73
4
40
0
40
0
40
0
40
0
40
1
40
1
40
1
40
1
41
1
10
208.790302651365
20
-13.8367710406788
30
0
41
1
10
208.792791723311
20
-13.8435450793173
30
0
41
1
10
208.795280795257
20
-13.8503191179559
30
0
41
1
10
208.797769867203
20
-13.8570931565944
30
0
0
SPLINE
5
189
100
AcDbEntity
8
1
62
256
6
ByLayer
370
18
48
1
60
0
100
AcDbSpline
70
4
71
3
72
8
73
4
40
0
40
0
40
0
40
0
40
1
40
1
40
1
40
1
41
1
10
209.088991284859
20
-14.6496556773126
30
0
41
1
10
206.595301642991
20
-14.6055203970249
30
0
41
1
10
204.101612001087
20
-14.561385116708
30
0
41
1
10
201.607922359248
20
-14.5172498364424
30
0
0
SPLINE
5
18A
100
AcDbEntity
8
1
62
256
6
ByLayer
370
13
48
1
60
0
100
AcDbSpline
70
4
71
3
72
8
73
4
40
0
40
0
40
0
40
0
40
1
40
1
40
1
40
1
41
1
10
208.797769867202
20
-13.8570931565939
30
0
41
1
10
208.894843673088
20
-14.1212806634925
30
0
41
1
10
208.991917478973
20
-14.3854681703877
30
0
41
1
10
209.088991284858
20
-14.6496556772959
30
0
0
SPLINE
5
18B
100
AcDbEntity
8
1
62
256
6
ByLayer
370
13
48
1
60
0
100
AcDbSpline
70
4
71
3
72
12
73
8
40
0
40
0
40
0
40
0
40
0.130933762590391
40
0.130933762590391
40
0.846851358087277
40
0.846851358087277
40
1
40
1
40
1
40
1
41
1
10
206.407984434105
20
-13.7946068994343
30
0
41
1
10
206.219362267145
20
-13.8162040763197
30
0
41
1
10
206.030740100185
20
-13.8378012532051
30
0
41
1
10
204.810772575422
20
-13.9774871387602
30
0
41
1
10
203.779427217624
20
-14.0955758474373
30
0
41
1
10
202.52745710933
20
-14.238926018448
30
0
41
1
10
202.306832358825
20
-14.2641874807667
30
0
41
1
10
202.086207608321
20
-14.2894489430861
30
0
0
SPLINE
5
18C
100
AcDbEntity
8
1
62
256
6
ByLayer
370
13
48
1
60
0
100
AcDbSpline
70
4
71
3
72
8
73
4
40
0
40
0
40
0
40
0
40
1
40
1
40
1
40
1
41
1
10
201.169899599986
20
-14.006287757497
30
0
41
1
10
201.162670414652
20
-13.986268723433
30
0
41
1
10
201.155441229318
20
-13.9662496893691
30
0
41
1
10
201.148212043984
20
-13.9462306553051
30
0
0
SPLINE
5
18D
100
AcDbEntity
8
1
62
256
6
ByLayer
370
13
48
1
60
0
100
AcDbSpline
70
4
71
3
72
10
73
6
40
0
40
0
40
0
40
0
40
0.525210305152619
40
0.525210305152619
40
1
40
1
40
1
40
1
41
1
10
206.101011817127
20
-13.7786600255393
30
0
41
1
10
205.417909587129
20
-13.8568750091222
30
0
41
1
10
204.734807357132
20
-13.9350899927076
30
0
41
1
10
203.434181258801
20
-14.0840112587671
30
0
41
1
10
202.816657390467
20
-14.1547175412404
30
0
41
1
10
202.199133522136
20
-14.2254238237188
30
0
0
SPLINE
5
18E
100
AcDbEntity
8
1
62
256
6
ByLayer
370
18
48
1
60
0
100
AcDbSpline
70
4
71
3
72
8
73
4
40
0
40
0
40
0
40
0
40
1
40
1
40
1
40
1
41
1
10
203.253773224981
20
-13.5303177093999
30
0
41
1
10
203.240013234614
20
-13.5393868280835
30
0
41
1
10
203.226253244246
20
-13.5484559467672
30
0
41
1
10
203.212493253879
20
-13.5575250654508
30
0
0
SPLINE
5
18F
100
AcDbEntity
8
1
62
256
6
ByLayer
370
18
48
1
60
0
100
AcDbSpline
70
4
71
3
72
8
73
4
40
0
40
0
40
0
40
0
40
1
40
1
40
1
40
1
41
1
10
201.169899517609
20
-14.0062875664655
30
0
41
1
10
201.277421569969
20
-13.9029807258121
30
0
41
1
10
201.384943622329
20
-13.799673885159
30
0
41
1
10
201.492465674689
20
-13.6963670445059
30
0
0
SPLINE
5
190
100
AcDbEntity
8
1
62
256
6
ByLayer
370
18
48
1
60
0
100
AcDbSpline
70
4
71
3
72
8
73
4
40
0
40
0
40
0
40
0
40
1
40
1
40
1
40
1
41
1
10
201.68734937502
20
-13.5091234146259
30
0
41
1
10
201.791231313457
20
-13.4093139836745
30
0
41
1
10
201.895113251893
20
-13.3095045527231
30
0
41
1
10
201.998995190329
20
-13.2096951217719
30
0
0
SPLINE
5
191
100
AcDbEntity
8
1
62
256
6
ByLayer
370
18
48
1
60
0
100
AcDbSpline
70
4
71
3
72
18
73
14
40
0
40
0
40
0
40
0
40
0.125
40
0.25
40
0.375
40
0.5
40
0.625
40
0.6875
40
0.75
40
0.8125
40
0.875
40
0.9375
40
1
40
1
40
1
40
1
41
1
10
201.169896046974
20
-14.0062884980918
30
0
41
1
10
201.179995197017
20
-14.0342545873059
30
0
41
1
10
201.200735346078
20
-14.0900277530515
30
0
41
1
10
201.234846955414
20
-14.1725832300785
30
0
41
1
10
201.273376824618
20
-14.2533661030579
30
0
41
1
10
201.318331102481
20
-14.3310236413237
30
0
41
1
10
201.363336244671
20
-14.3910832928492
30
0
41
1
10
201.405509833364
20
-14.4338879024279
30
0
41
1
10
201.440429291464
20
-14.462302695573
30
0
41
1
10
201.478790479436
20
-14.4859293237044
30
0
41
1
10
201.520145515317
20
-14.5035520065128
30
0
41
1
10
201.563590907601
20
-14.5143682094892
30
0
41
1
10
201.593160780576
20
-14.5169885911759
30
0
41
1
10
201.607922359248
20
-14.5172498364648
30
0
0
SPLINE
5
192
100
AcDbEntity
8
1
62
256
6
ByLayer
370
18
48
1
60
0
100
AcDbSpline
70
4
71
3
72
15
73
11
40
0
40
0
40
0
40
0
40
0.105547317957897
40
0.211094635915795
40
0.422189271831589
40
0.633283907747384
40
0.844378543663179
40
0.897152202642127
40
0.949925861621076
40
1
40
1
40
1
40
1
41
1
10
201.607922359248
20
-14.5172498364648
30
0
41
1
10
201.624749570766
20
-14.5092352601241
30
0
41
1
10
201.658404011107
20
-14.4932068085888
30
0
41
1
10
201.725712934985
20
-14.4611516558986
30
0
41
1
10
201.809849122038
20
-14.4210840203636
30
0
41
1
10
201.910812441908
20
-14.3729986210147
30
0
41
1
10
201.986535430848
20
-14.3369419491228
30
0
41
1
10
202.037015441008
20
-14.312858093091
30
0
41
1
10
202.061825945845
20
-14.301043940152
30
0
41
1
10
202.078225711975
20
-14.2933044692525
30
0
41
1
10
202.086207826623
20
-14.2894560272774
30
0
0
SPLINE
5
193
100
AcDbEntity
8
1
62
256
6
ByLayer
370
18
48
1
60
0
100
AcDbSpline
70
4
71
3
72
13
73
9
40
0
40
0
40
0
40
0
40
0.0113848368123513
40
0.233982789264021
40
0.456580741715691
40
0.67917869416736
40
0.90177664661903
40
1
40
1
40
1
40
1
41
1
10
202.086207258534
20
-14.2894558505171
30
0
41
1
10
202.086637514812
20
-14.2892484095221
30
0
41
1
10
202.095480051488
20
-14.2849802588425
30
0
41
1
10
202.112728376454
20
-14.2764469275986
30
0
41
1
10
202.137915371952
20
-14.2628598404883
30
0
41
1
10
202.163048705373
20
-14.2483025944745
30
0
41
1
10
202.18344623253
20
-14.2356631355432
30
0
41
1
10
202.195457179104
20
-14.2278382171411
30
0
41
1
10
202.199133142394
20
-14.2254273032416
30
0
0
SPLINE
5
194
100
AcDbEntity
8
1
62
256
6
ByLayer
370
18
48
1
60
0
100
AcDbSpline
70
4
71
3
72
8
73
4
40
0
40
0
40
0
40
0
40
1
40
1
40
1
40
1
41
1
10
203.21249325388
20
-13.5575250654508
30
0
41
1
10
202.874706640895
20
-13.7801579889653
30
0
41
1
10
202.536920027911
20
-14.0027909124797
30
0
41
1
10
202.199133414927
20
-14.2254238359942
30
0
0
SPLINE
5
195
100
AcDbEntity
8
1
62
256
6
ByLayer
370
18
48
1
60
0
100
AcDbSpline
70
4
71
3
72
22
73
18
40
0
40
0
40
0
40
0
40
0.211690503684202
40
0.211690503684202
40
0.423381007368404
40
0.423381007368404
40
0.476303633289456
40
0.476303633289456
40
0.529226259210507
40
0.529226259210507
40
0.6350715110525
40
0.6350715110525
40
0.846762014736591
40
0.846762014736591
40
0.952607266578634
40
0.952607266578634
40
1
40
1
40
1
40
1
41
1
10
203.25377322498
20
-13.5303177094006
30
0
41
1
10
203.205002667054
20
-13.5261193744111
30
0
41
1
10
203.157013386217
20
-13.5184602076624
30
0
41
1
10
203.062511493587
20
-13.4966006569635
30
0
41
1
10
203.015999159535
20
-13.482399042701
30
0
41
1
10
202.958817667992
20
-13.4603992596687
30
0
41
1
10
202.947429666932
20
-13.4557853602031
30
0
41
1
10
202.924751478663
20
-13.4461242741809
30
0
41
1
10
202.913456491989
20
-13.4410736555958
30
0
41
1
10
202.879997587305
20
-13.4253968368779
30
0
41
1
10
202.858164980264
20
-13.4142082398651
30
0
41
1
10
202.794055624143
20
-13.3784794042612
30
0
41
1
10
202.753157470114
20
-13.3517914971796
30
0
41
1
10
202.694619161041
20
-13.3073837081765
30
0
41
1
10
202.675577209758
20
-13.2918476391226
30
0
41
1
10
202.648703025961
20
-13.2682742219406
30
0
41
1
10
202.640485144495
20
-13.260828905197
30
0
41
1
10
202.632389327987
20
-13.2532565552309
30
0
0
SPLINE
5
196
100
AcDbEntity
8
1
62
256
6
ByLayer
370
18
48
1
60
0
100
AcDbSpline
70
4
71
3
72
8
73
4
40
0
40
0
40
0
40
0
40
1
40
1
40
1
40
1
41
1
10
206.40798443411
20
-13.7946068994338
30
0
41
1
10
206.305617152232
20
-13.7927951227783
30
0
41
1
10
206.203256301416
20
-13.787578010883
30
0
41
1
10
206.101011817117
20
-13.7786600255358
30
0
0
SPLINE
5
197
100
AcDbEntity
8
1
62
256
6
ByLayer
370
18
48
1
60
0
100
AcDbSpline
70
4
71
3
72
8
73
4
40
0
40
0
40
0
40
0
40
1
40
1
40
1
40
1
41
1
10
208.790302651362
20
-13.8367710406733
30
0
41
1
10
207.996196578946
20
-13.8227163269279
30
0
41
1
10
207.202090506526
20
-13.808661613179
30
0
41
1
10
206.407984434107
20
-13.7946068994309
30
0
0
SPLINE
5
198
100
AcDbEntity
8
1
62
256
6
ByLayer
370
18
48
1
60
0
100
AcDbSpline
70
4
71
3
72
15
73
11
40
0
40
0
40
0
40
0
40
0.125
40
0.25
40
0.375
40
0.5
40
0.625
40
0.75
40
0.875
40
1
40
1
40
1
40
1
41
1
10
208.790302650118
20
-13.8367710372853
30
0
41
1
10
208.826289930951
20
-13.8374079702762
30
0
41
1
10
208.898136773022
20
-13.831484628659
30
0
41
1
10
209.001236464465
20
-13.8013940625693
30
0
41
1
10
209.095555809815
20
-13.7512802026192
30
0
41
1
10
209.177305252458
20
-13.6831080955594
30
0
41
1
10
209.24317463496
20
-13.5995792541698
30
0
41
1
10
209.290486794187
20
-13.504037544202
30
0
41
1
10
209.317315178785
20
-13.4003287826764
30
0
41
1
10
209.320815517887
20
-13.3285358893362
30
0
41
1
10
209.318931802539
20
-13.292701049056
30
0
0
SPLINE
5
199
100
AcDbEntity
8
1
62
256
6
ByLayer
370
18
48
1
60
0
100
AcDbSpline
70
4
71
3
72
8
73
4
40
0
40
0
40
0
40
0
40
1
40
1
40
1
40
1
41
1
10
209.28446952425
20
-12.6371082091151
30
0
41
1
10
209.295956950918
20
-12.8556391566454
30
0
41
1
10
209.307444377586
20
-13.0741701041767
30
0
41
1
10
209.318931804254
20
-13.2927010517095
30
0
0
SPLINE
5
19A
100
AcDbEntity
8
1
62
256
6
ByLayer
370
13
48
1
60
0
100
AcDbSpline
70
4
71
3
72
11
73
7
40
0
40
0
40
0
40
0
40
0.207031698728063
40
0.471354465818709
40
0.735677232909354
40
1
40
1
40
1
40
1
41
1
10
200.355313351528
20
8.32750408763096
30
0
41
1
10
200.373835633236
20
8.31987499664703
30
0
41
1
10
200.416753211294
20
8.3041852586482
30
0
41
1
10
200.485930057975
20
8.2858809119605
30
0
41
1
10
200.562383003666
20
8.27384155123266
30
0
41
1
10
200.614082004536
20
8.27098004170813
30
0
41
1
10
200.639983639783
20
8.27082200863356
30
0
0
SPLINE
5
19B
100
AcDbEntity
8
1
62
256
6
ByLayer
370
13
48
1
60
0
100
AcDbSpline
70
4
71
3
72
8
73
4
40
0
40
0
40
0
40
0
40
1
40
1
40
1
40
1
41
1
10
208.145470566792
20
8.31367244818074
30
0
41
1
10
208.158571990945
20
8.31447529384656
30
0
41
1
10
208.171673415098
20
8.3152781395124
30
0
41
1
10
208.184774839251
20
8.31608098517822
30
0
0
SPLINE
5
19C
100
AcDbEntity
8
1
62
256
6
ByLayer
370
13
48
1
60
0
100
AcDbSpline
70
4
71
3
72
8
73
4
40
0
40
0
40
0
40
0
40
1
40
1
40
1
40
1
41
1
10
200.917823663847
20
8.25383954379231
30
0
41
1
10
201.092504649198
20
8.22395035493511
30
0
41
1
10
201.267185634548
20
8.19406116607786
30
0
41
1
10
201.441866619898
20
8.16417197722058
30
0
0
SPLINE
5
19D
100
AcDbEntity
8
1
62
256
6
ByLayer
370
18
48
1
60
0
100
AcDbSpline
70
4
71
3
72
8
73
4
40
0
40
0
40
0
40
0
40
1
40
1
40
1
40
1
41
1
10
208.152638019365
20
8.30981554904238
30
0
41
1
10
208.163409986466
20
8.31047421562536
30
0
41
1
10
208.174094308916
20
8.31256206709071
30
0
41
1
10
208.184774806676
20
8.31608098318205
30
0
0
SPLINE
5
19E
100
AcDbEntity
8
1
62
256
6
ByLayer
370
18
48
1
60
0
100
AcDbSpline
70
4
71
3
72
10
73
6
40
0
40
0
40
0
40
0
40
0.485229165411979
40
0.970458330823959
40
1
40
1
40
1
40
1
41
1
10
200.639983639791
20
8.2708220086343
30
0
41
1
10
200.663359753987
20
8.26179552757588
30
0
41
1
10
200.710164417287
20
8.2482257607162
30
0
41
1
10
200.758144981025
20
8.24355940460262
30
0
41
1
10
200.782680865754
20
8.24369859340203
30
0
41
1
10
200.784088373331
20
8.24371496172125
30
0
0
SPLINE
5
19F
100
AcDbEntity
8
1
62
256
6
ByLayer
370
18
48
1
60
0
100
AcDbSpline
70
4
71
3
72
10
73
6
40
0
40
0
40
0
40
0
40
0.505322039353434
40
0.757983059030151
40
1
40
1
40
1
40
1
41
1
10
208.569822600589
20
8.40308050629176
30
0
41
1
10
208.555620002128
20
8.39750402355045
30
0
41
1
10
208.534275238652
20
8.39094832099087
30
0
41
1
10
208.506074197876
20
8.38590927961388
30
0
41
1
10
208.492116988658
20
8.38458874792119
30
0
41
1
10
208.485288410237
20
8.38422481025037
30
0
0
SPLINE
5
1A0
100
AcDbEntity
8
1
62
256
6
ByLayer
370
18
48
1
60
0
100
AcDbSpline
70
4
71
3
72
20
73
16
40
0
40
0
40
0
40
0
40
0.0013471400125716
40
0.0169510909498752
40
0.0325550418871788
40
0.0637629437617859
40
0.126178747511
40
0.251010355009429
40
0.375841962507857
40
0.500673570006286
40
0.625505177504714
40
0.750336785003143
40
0.875168392501571
40
0.937584196250786
40
1
40
1
40
1
40
1
41
1
10
201.013137097391
20
10.3069236674312
30
0
41
1
10
201.013152549238
20
10.307340492681
30
0
41
1
10
201.013367165269
20
10.312878843899
30
0
41
1
10
201.014322201428
20
10.3313791689565
30
0
41
1
10
201.01554368225
20
10.3614863217374
30
0
41
1
10
201.018180014773
20
10.4172253212752
30
0
41
1
10
201.022996291071
20
10.5267438609991
30
0
41
1
10
201.030130891413
20
10.6841316459095
30
0
41
1
10
201.038620743989
20
10.8727482983959
30
0
41
1
10
201.047064504113
20
11.0612635600919
30
0
41
1
10
201.055487747171
20
11.2498247296131
30
0
41
1
10
201.063891239722
20
11.4384149135366
30
0
41
1
10
201.070878330224
20
11.5955835009555
30
0
41
1
10
201.076458893932
20
11.7213159846689
30
0
41
1
10
201.079246203434
20
11.784180023333
30
0
41
1
10
201.08040830687
20
11.8104060525919
30
0
0
SPLINE
5
1A1
100
AcDbEntity
8
1
62
256
6
ByLayer
370
18
48
1
60
0
100
AcDbSpline
70
4
71
3
72
8
73
4
40
0
40
0
40
0
40
0
40
1
40
1
40
1
40
1
41
1
10
201.08040830687
20
11.8104060525919
30
0
41
1
10
201.080485438528
20
11.8121467385442
30
0
41
1
10
201.080562986141
20
11.8138816989103
30
0
41
1
10
201.080640962586
20
11.8156111222415
30
0
0
SPLINE
5
1A2
100
AcDbEntity
8
1
62
256
6
ByLayer
370
18
48
1
60
0
100
AcDbSpline
70
4
71
3
72
18
73
14
40
0
40
0
40
0
40
0
40
0.12116291524248
40
0.246484790770073
40
0.497128541825258
40
0.62245041735285
40
0.747772292880442
40
0.873094168408035
40
0.935755106171831
40
0.967085575053729
40
0.982750809494678
40
0.998416043935627
40
1
40
1
40
1
40
1
41
1
10
201.080640962586
20
11.8156111222415
30
0
41
1
10
201.082912648949
20
11.8659943810689
30
0
41
1
10
201.08827441561
20
11.9589301092994
30
0
41
1
10
201.104783702311
20
12.1460581524655
30
0
41
1
10
201.131648476776
20
12.3337181095039
30
0
41
1
10
201.171959660076
20
12.5198626889964
30
0
41
1
10
201.209732593206
20
12.6577047494168
30
0
41
1
10
201.247880407827
20
12.7696752877608
30
0
41
1
10
201.279460867476
20
12.8484950330795
30
0
41
1
10
201.29508413618
20
12.8849074402491
30
0
41
1
10
201.30634245061
20
12.9099402900483
30
0
41
1
10
201.311059066503
20
12.9202236359829
30
0
41
1
10
201.312808613017
20
12.9240201689994
30
0
41
1
10
201.312963747417
20
12.9243566212601
30
0
0
SPLINE
5
1A3
100
AcDbEntity
8
1
62
256
6
ByLayer
370
18
48
1
60
0
100
AcDbSpline
70
4
71
3
72
18
73
14
40
0
40
0
40
0
40
0
40
0.014066526953571
40
0.0610129979922037
40
0.123608292710381
40
0.186203587428558
40
0.248798882146735
40
0.499180061019442
40
0.74956123989215
40
0.874751829328504
40
0.937347124046681
40
0.999942418764857
40
1
40
1
40
1
40
1
41
1
10
201.312963747417
20
12.9243566212601
30
0
41
1
10
201.314342883322
20
12.92734766252
30
0
41
1
10
201.318431683423
20
12.9361475969034
30
0
41
1
10
201.325278822887
20
12.9508802532522
30
0
41
1
10
201.332728977938
20
12.9668276107757
30
0
41
1
10
201.34265644082
20
12.9880691731075
30
0
41
1
10
201.364011913481
20
13.0336853355301
30
0
41
1
10
201.393799066631
20
13.0967740246043
30
0
41
1
10
201.428381534133
20
13.1692158309889
30
0
41
1
10
201.452409355902
20
13.219073547523
30
0
41
1
10
201.466532892107
20
13.2482461395681
30
0
41
1
10
201.473446532741
20
13.2625033184884
30
0
41
1
10
201.476814915935
20
13.2693988995993
30
0
41
1
10
201.476818978639
20
13.2694072165058
30
0
0
SPLINE
5
1A4
100
AcDbEntity
8
1
62
256
6
ByLayer
370
18
48
1
60
0
100
AcDbSpline
70
4
71
3
72
24
73
20
40
0
40
0
40
0
40
0
40
0.0624500259146523
40
0.124960610188438
40
0.249981778736008
40
0.265609424804455
40
0.281237070872901
40
0.300771628458459
40
0.312492363009794
40
0.343747655146686
40
0.375002947283579
40
0.50002411583115
40
0.750066452926291
40
0.875087621473862
40
0.937598205747647
40
0.968853497884539
40
0.984481143952986
40
0.992294966987209
40
1
40
1
40
1
40
1
41
1
10
201.476819070011
20
13.2694074035597
30
0
41
1
10
201.480181569966
20
13.2762908880011
30
0
41
1
10
201.486731665881
20
13.2895960717036
30
0
41
1
10
201.499827814833
20
13.3153872453947
30
0
41
1
10
201.511137495978
20
13.3367193949437
30
0
41
1
10
201.520063518905
20
13.3529388365986
30
0
41
1
10
201.522981157283
20
13.3581965983764
30
0
41
1
10
201.525692036825
20
13.3630360034041
30
0
41
1
10
201.529328012948
20
13.3694722972312
30
0
41
1
10
201.533681302633
20
13.3770891080896
30
0
41
1
10
201.544814798589
20
13.3962373199453
30
0
41
1
10
201.569699623789
20
13.4372272330458
30
0
41
1
10
201.60289942116
20
13.4863555548556
30
0
41
1
10
201.635027832581
20
13.5272387751619
30
0
41
1
10
201.652876637453
20
13.5461071120932
30
0
41
1
10
201.662323929847
20
13.555003718846
30
0
41
1
10
201.667345102171
20
13.5591252369426
30
0
41
1
10
201.670366655881
20
13.5613217983049
30
0
41
1
10
201.671871641204
20
13.5623713136763
30
0
41
1
10
201.672728682212
20
13.5628526036324
30
0
0
SPLINE
5
1A5
100
AcDbEntity
8
1
62
256
6
ByLayer
370
18
48
1
60
0
100
AcDbSpline
70
4
71
3
72
30
73
26
40
0
40
0
40
0
40
0
40
0.0001094202677344
40
0.0079685106252715
40
0.0158276009828086
40
0.0315457816978828
40
0.0629821431280313
40
0.125854865988328
40
0.251600311708922
40
0.377345757429516
40
0.408782118859665
40
0.416641209217202
40
0.424500299574739
40
0.432359389932276
40
0.440218480289813
40
0.471654841719962
40
0.50309120315011
40
0.518809383865184
40
0.628836648870704
40
0.754582094591298
40
0.817454817451595
40
0.880327540311892
40
0.943200263172189
40
0.974636624602337
40
1
40
1
40
1
40
1
41
1
10
201.672728682212
20
13.5628526036324
30
0
41
1
10
201.67274078307
20
13.5628593991315
30
0
41
1
10
201.673623620216
20
13.5633537024256
30
0
41
1
10
201.675611064627
20
13.5642511117265
30
0
41
1
10
201.679434457908
20
13.5660646161288
30
0
41
1
10
201.686200291424
20
13.5691780014189
30
0
41
1
10
201.699757180006
20
13.5752584458737
30
0
41
1
10
201.727137474211
20
13.5867821375245
30
0
41
1
10
201.766868458334
20
13.6015016908057
30
0
41
1
10
201.803234649234
20
13.6127623874561
30
0
41
1
10
201.824616961373
20
13.6186561750156
30
0
41
1
10
201.830737295662
20
13.6202927862885
30
0
41
1
10
201.833799635866
20
13.621101670461
30
0
41
1
10
201.836864101739
20
13.6219011773113
30
0
41
1
10
201.842997190044
20
13.6234815246515
30
0
41
1
10
201.852212054165
20
13.6257823778747
30
0
41
1
10
201.862475343109
20
13.6282173818479
30
0
41
1
10
201.883034956318
20
13.632908671735
30
0
41
1
10
201.916054817502
20
13.6396587742526
30
0
41
1
10
201.955286354628
20
13.6460937112307
30
0
41
1
10
201.989469447952
20
13.65056096912
30
0
41
1
10
202.014556602921
20
13.653375420107
30
0
41
1
10
202.03281784577
20
13.6551437582508
30
0
41
1
10
202.050268000138
20
13.656491086379
30
0
41
1
10
202.048059267316
20
13.6563958135325
30
0
41
1
10
202.06431085612
20
13.6574454479897
30
0
0
SPLINE
5
1A6
100
AcDbEntity
8
1
62
256
6
ByLayer
370
18
48
1
60
0
100
AcDbSpline
70
4
71
3
72
25
73
21
40
0
40
0
40
0
40
0
40
0.0059772068261475
40
0.02144749056502
40
0.0369177743038924
40
0.0678583417816372
40
0.129739476737127
40
0.253501746648106
40
0.485556002731192
40
0.501026286470065
40
0.53196685394781
40
0.562907421425555
40
0.624788556381044
40
0.748550826292024
40
0.872313096203003
40
0.934194231158493
40
0.965134798636237
40
0.98060508237511
40
0.996075366113982
40
1
40
1
40
1
40
1
41
1
10
202.06431085612
20
13.6574454479897
30
0
41
1
10
202.068202123361
20
13.6576967716127
30
0
41
1
10
202.085710930629
20
13.6588232529972
30
0
41
1
10
202.143631993084
20
13.6625268323647
30
0
41
1
10
202.296038605169
20
13.6721826286597
30
0
41
1
10
202.501197708251
20
13.6848212796881
30
0
41
1
10
202.954796722942
20
13.7117466400961
30
0
41
1
10
203.802882110342
20
13.7576031278765
30
0
41
1
10
204.564204092749
20
13.7916876039964
30
0
41
1
10
205.135347573593
20
13.8136809954693
30
0
41
1
10
205.293993455071
20
13.8196040351914
30
0
41
1
10
205.547769953163
20
13.8286853198818
30
0
41
1
10
205.991608513775
20
13.8435436988959
30
0
41
1
10
206.624200332587
20
13.8618419016569
30
0
41
1
10
207.252998593043
20
13.876304991145
30
0
41
1
10
207.705588715603
20
13.8846446531695
30
0
41
1
10
207.912489327893
20
13.8880542054625
30
0
41
1
10
208.062248298823
20
13.8903100917331
30
0
41
1
10
208.11954805255
20
13.8911469842327
30
0
41
1
10
208.139576225701
20
13.8914253091117
30
0
41
1
10
208.143208686536
20
13.8914748679238
30
0
0
SPLINE
5
1A7
100
AcDbEntity
8
1
62
256
6
ByLayer
370
18
48
1
60
0
100
AcDbSpline
70
4
71
3
72
33
73
29
40
0
40
0
40
0
40
0
40
0.0273823410708907
40
0.0587425444385049
40
0.0901027478061191
40
0.121462951173733
40
0.184183357908962
40
0.24690376464419
40
0.309624171379418
40
0.372344578114647
40
0.403704781482261
40
0.435064984849875
40
0.497785391585103
40
0.529145594952717
40
0.560505798320331
40
0.591866001687946
40
0.62322620505556
40
0.685946611790788
40
0.717306815158402
40
0.748667018526016
40
0.764347120209823
40
0.811387425261245
40
0.874107831996473
40
0.936828238731701
40
0.968188442099316
40
0.983868543783123
40
0.99954864546693
40
1
40
1
40
1
40
1
41
1
10
208.143208686536
20
13.8914748679238
30
0
41
1
10
208.168213393611
20
13.8918160150512
30
0
41
1
10
208.17912866361
20
13.8918605595079
30
0
41
1
10
208.204420840536
20
13.8917511092653
30
0
41
1
10
208.235379409701
20
13.891351152694
30
0
41
1
10
208.27775935251
20
13.8903431994133
30
0
41
1
10
208.328825215457
20
13.888092278777
30
0
41
1
10
208.390326214164
20
13.8837055633674
30
0
41
1
10
208.451546730691
20
13.8774925877231
30
0
41
1
10
208.502211932035
20
13.8702272575663
30
0
41
1
10
208.542715721129
20
13.8626324369524
30
0
41
1
10
208.582578737679
20
13.8522706215289
30
0
41
1
10
208.620183485716
20
13.8357178047864
30
0
41
1
10
208.652513524019
20
13.8106715408609
30
0
41
1
10
208.673396290378
20
13.7886279953527
30
0
41
1
10
208.691715464763
20
13.7641491367989
30
0
41
1
10
208.713082774111
20
13.7295347368345
30
0
41
1
10
208.730459927796
20
13.6924298630382
30
0
41
1
10
208.743083260818
20
13.6537706271985
30
0
41
1
10
208.749554717908
20
13.6292060411049
30
0
41
1
10
208.756461394939
20
13.5995432561188
30
0
41
1
10
208.764174423507
20
13.5596480679057
30
0
41
1
10
208.771406799815
20
13.5038511863628
30
0
41
1
10
208.774967712712
20
13.4520813169703
30
0
41
1
10
208.776009439676
20
13.4175110223848
30
0
41
1
10
208.776162109814
20
13.3948800350806
30
0
41
1
10
208.776118766778
20
13.3850908772709
30
0
41
1
10
208.776086825966
20
13.38083998928
30
0
41
1
10
208.776085924829
20
13.3807215936016
30
0
0
SPLINE
5
1A8
100
AcDbEntity
8
1
62
256
6
ByLayer
370
18
48
1
60
0
100
AcDbSpline
70
4
71
3
72
22
73
18
40
0
40
0
40
0
40
0
40
0.0112892879508339
40
0.0621620442639572
40
0.124774667418571
40
0.249999913727797
40
0.500450406346251
40
0.750900898964704
40
0.813513522119317
40
0.829166677907971
40
0.844819833696624
40
0.860472989485277
40
0.876126145273931
40
0.938738768428544
40
0.970045080005851
40
0.985698235794504
40
1
40
1
40
1
40
1
41
1
10
208.776085924829
20
13.3807215936016
30
0
41
1
10
208.776063346778
20
13.3777551809842
30
0
41
1
10
208.775913308041
20
13.3632989496992
30
0
41
1
10
208.775671225301
20
13.3406035714706
30
0
41
1
10
208.775261540323
20
13.3070423146873
30
0
41
1
10
208.77426736477
20
13.2241477165702
30
0
41
1
10
208.772695871581
20
13.1167236015742
30
0
41
1
10
208.771111439537
20
13.0167212001237
30
0
41
1
10
208.769995165663
20
12.9588072341845
30
0
41
1
10
208.769669245538
20
12.942252745962
30
0
41
1
10
208.769505225084
20
12.9339720889043
30
0
41
1
10
208.769340480796
20
12.9256861341158
30
0
41
1
10
208.76901021766
20
12.9090998595086
30
0
41
1
10
208.768624614778
20
12.8896963132206
30
0
41
1
10
208.768309303696
20
12.8706748056832
30
0
41
1
10
208.768065301568
20
12.8593761207642
30
0
41
1
10
208.768098834691
20
12.8556071397799
30
0
41
1
10
208.767935239055
20
12.851195871773
30
0
0
SPLINE
5
1A9
100
AcDbEntity
8
1
62
256
6
ByLayer
370
18
48
1
60
0
100
AcDbSpline
70
4
71
3
72
21
73
17
40
0
40
0
40
0
40
0
40
0.0013467736322208
40
0.016946439739517
40
0.0325461058468133
40
0.0637454380614057
40
0.12614410249059
40
0.25094143134896
40
0.37573876020733
40
0.5005360890657
40
0.625333417924069
40
0.750130746782439
40
0.874928075640809
40
0.937326740069994
40
0.999725404499179
40
1
40
1
40
1
40
1
41
1
10
208.767935239055
20
12.851195871773
30
0
41
1
10
208.767919780698
20
12.850779045543
30
0
41
1
10
208.767705089919
20
12.8452406940014
30
0
41
1
10
208.766750123631
20
12.8267403695725
30
0
41
1
10
208.765528631884
20
12.7966332171745
30
0
41
1
10
208.762892305426
20
12.7408942174238
30
0
41
1
10
208.758076025077
20
12.6313756778419
30
0
41
1
10
208.750941426653
20
12.4739878928639
30
0
41
1
10
208.742462840994
20
12.2856289756501
30
0
41
1
10
208.734015091274
20
12.097021217234
30
0
41
1
10
208.725546080984
20
11.9074093516535
30
0
41
1
10
208.717159436561
20
11.7192122847478
30
0
41
1
10
208.710325559793
20
11.5655761494217
30
0
41
1
10
208.704410035376
20
11.4321093973798
30
0
41
1
10
208.701663717432
20
11.3695490519852
30
0
41
1
10
208.700435594538
20
11.342626303263
30
0
41
1
10
208.700430216471
20
11.3425084291192
30
0
0
SPLINE
5
1AA
100
AcDbEntity
8
1
62
256
6
ByLayer
370
18
48
1
60
0
100
AcDbSpline
70
4
71
3
72
20
73
16
40
0
40
0
40
0
40
0
40
0.0153299547324674
40
0.0309345924798088
40
0.0621438679744917
40
0.124562418963858
40
0.249399520942589
40
0.499073724900052
40
0.748747928857515
40
0.873585030836247
40
0.936003581825613
40
0.967212857320296
40
0.982817495067637
40
0.998422132814979
40
1
40
1
40
1
40
1
41
1
10
208.700430216471
20
11.3425084291192
30
0
41
1
10
208.700130068603
20
11.3359299179263
30
0
41
1
10
208.699542049116
20
11.3231874204247
30
0
41
1
10
208.698385138665
20
11.2993786566465
30
0
41
1
10
208.696288520522
20
11.2612902347415
30
0
41
1
10
208.690812551791
20
11.176264096452
30
0
41
1
10
208.676303378606
20
11.0126369759225
30
0
41
1
10
208.642748748857
20
10.777386552766
30
0
41
1
10
208.586598849035
20
10.5452030019775
30
0
41
1
10
208.533191911731
20
10.3884442551346
30
0
41
1
10
208.501611449365
20
10.3096245039766
30
0
41
1
10
208.485988189947
20
10.2732121168175
30
0
41
1
10
208.474729865014
20
10.2481792443996
30
0
41
1
10
208.470013249329
20
10.2378958987817
30
0
41
1
10
208.468263713174
20
10.234099388126
30
0
41
1
10
208.468108576516
20
10.2337629309634
30
0
0
SPLINE
5
1AB
100
AcDbEntity
8
1
62
256
6
ByLayer
370
18
48
1
60
0
100
AcDbSpline
70
4
71
3
72
18
73
14
40
0
40
0
40
0
40
0
40
0.0140664854311667
40
0.0610129458204012
40
0.12360822633938
40
0.18620350685836
40
0.248798787377339
40
0.499179909453257
40
0.749561031529174
40
0.874751592567133
40
0.937346873086112
40
0.999942153605092
40
1
40
1
40
1
40
1
41
1
10
208.468108576516
20
10.2337629309635
30
0
41
1
10
208.46672945771
20
10.2307719267342
30
0
41
1
10
208.462640732849
20
10.2219721545525
30
0
41
1
10
208.455793706369
20
10.2072397408724
30
0
41
1
10
208.448343671883
20
10.1912926402889
30
0
41
1
10
208.438416368073
20
10.1700514163374
30
0
41
1
10
208.417061226933
20
10.1244359570532
30
0
41
1
10
208.387274464797
20
10.0613480848998
30
0
41
1
10
208.352692302576
20
9.98890689127396
30
0
41
1
10
208.328664404124
20
9.93904899542272
30
0
41
1
10
208.314540965085
20
9.90987657763563
30
0
41
1
10
208.307627238193
20
9.89561921068452
30
0
41
1
10
208.304258751378
20
9.88872341400838
30
0
41
1
10
208.304254657569
20
9.88871503342068
30
0
0
SPLINE
5
1AC
100
AcDbEntity
8
1
62
256
6
ByLayer
370
18
48
1
60
0
100
AcDbSpline
70
4
71
3
72
24
73
20
40
0
40
0
40
0
40
0
40
0.0624488107757505
40
0.124958142841077
40
0.24997680697173
40
0.265604139988061
40
0.281231473004393
40
0.300765639274807
40
0.312486139037056
40
0.343740805069719
40
0.374995471102383
40
0.500014135233035
40
0.750051463494341
40
0.875070127624994
40
0.93757945969032
40
0.968834125722983
40
0.984461458739315
40
0.992275125247481
40
1
40
1
40
1
40
1
41
1
10
208.30425463059
20
9.88871497818889
30
0
41
1
10
208.300892038052
20
9.88183130050646
30
0
41
1
10
208.294341649855
20
9.86852551496293
30
0
41
1
10
208.281244898926
20
9.84273311006169
30
0
41
1
10
208.269935050349
20
9.82140061457861
30
0
41
1
10
208.261008942488
20
9.80518099767116
30
0
41
1
10
208.258091279495
20
9.79992318512546
30
0
41
1
10
208.255380380149
20
9.7950837392757
30
0
41
1
10
208.251744380803
20
9.78864739760573
30
0
41
1
10
208.247391068465
20
9.7810305401276
30
0
41
1
10
208.236257530733
20
9.76188224245507
30
0
41
1
10
208.211372684379
20
9.72089228675222
30
0
41
1
10
208.178172896471
20
9.67176398402302
30
0
41
1
10
208.146044485046
20
9.63088076372756
30
0
41
1
10
208.128195680171
20
9.61201242680343
30
0
41
1
10
208.118748387776
20
9.60311582005335
30
0
41
1
10
208.11372721544
20
9.5989943019803
30
0
41
1
10
208.11070372184
20
9.59679633041543
30
0
41
1
10
208.109196797955
20
9.59574552069833
30
0
41
1
10
208.108336960449
20
9.59526318893302
30
0
0
SPLINE
5
1AD
100
AcDbEntity
8
1
62
256
6
ByLayer
370
18
48
1
60
0
100
AcDbSpline
70
4
71
3
72
30
73
26
40
0
40
0
40
0
40
0
40
8.93097324683E-05
40
0.0079485581578189
40
0.0158078065831696
40
0.0315263034338709
40
0.0629632971352734
40
0.125837284538078
40
0.251585259343689
40
0.377333234149299
40
0.408770227850702
40
0.416629476276052
40
0.424488724701403
40
0.432347973126753
40
0.440207221552104
40
0.471644215253507
40
0.503081208954909
40
0.518799705805611
40
0.62882918376052
40
0.75457715856613
40
0.817451145968935
40
0.88032513337174
40
0.943199120774545
40
0.974636114475948
40
1
40
1
40
1
40
1
41
1
10
208.108336960449
20
9.59526318893299
30
0
41
1
10
208.108327077249
20
9.59525764488399
30
0
41
1
10
208.107446171901
20
9.5947646961929
30
0
41
1
10
208.105461252964
20
9.59386842723697
30
0
41
1
10
208.101637859685
20
9.5920549228322
30
0
41
1
10
208.094872026175
20
9.58894153753542
30
0
41
1
10
208.081315137603
20
9.58286109307016
30
0
41
1
10
208.053934843415
20
9.57133740140151
30
0
41
1
10
208.014203859311
20
9.55661784810647
30
0
41
1
10
207.977837668423
20
9.54535715145207
30
0
41
1
10
207.956455356291
20
9.53946336389188
30
0
41
1
10
207.950335022003
20
9.5378267526188
30
0
41
1
10
207.9472726818
20
9.53701786844633
30
0
41
1
10
207.944208215928
20
9.53621836159599
30
0
41
1
10
207.938075127625
20
9.53463801425571
30
0
41
1
10
207.928860263506
20
9.53233716103253
30
0
41
1
10
207.918596974565
20
9.52990215705958
30
0
41
1
10
207.898037361361
20
9.52521086717269
30
0
41
1
10
207.865017500186
20
9.51846076465554
30
0
41
1
10
207.82578596307
20
9.51202582767795
30
0
41
1
10
207.791602869756
20
9.50755856978904
30
0
41
1
10
207.766515714793
20
9.50474411880234
30
0
41
1
10
207.748254471949
20
9.50297578065877
30
0
41
1
10
207.730804317585
20
9.50162845253075
30
0
41
1
10
207.73301305041
20
9.50172372537739
30
0
41
1
10
207.716761461608
20
9.50067409092026
30
0
0
SPLINE
5
1AE
100
AcDbEntity
8
1
62
256
6
ByLayer
370
18
48
1
60
0
100
AcDbSpline
70
4
71
3
72
25
73
21
40
0
40
0
40
0
40
0
40
0.0059772068266296
40
0.021447490565484
40
0.0369177743043385
40
0.0678583417820475
40
0.129739476737465
40
0.253501746648301
40
0.485556002731119
40
0.501026286469973
40
0.531966853947682
40
0.562907421425391
40
0.624788556380809
40
0.748550826291645
40
0.872313096202481
40
0.934194231157899
40
0.965134798635608
40
0.980605082374463
40
0.996075366113317
40
1
40
1
40
1
40
1
41
1
10
207.716761461608
20
9.50067409092026
30
0
41
1
10
207.712870194367
20
9.50042276729721
30
0
41
1
10
207.6953613871
20
9.49929628591266
30
0
41
1
10
207.637440324644
20
9.4955927065447
30
0
41
1
10
207.485033712558
20
9.48593691024863
30
0
41
1
10
207.279874609477
20
9.47329825921889
30
0
41
1
10
206.826275594784
20
9.44637289880788
30
0
41
1
10
205.978190207382
20
9.40051641102193
30
0
41
1
10
205.216868224973
20
9.36643193489704
30
0
41
1
10
204.645724744127
20
9.34443854342044
30
0
41
1
10
204.487078862649
20
9.33851550369729
30
0
41
1
10
204.233302364556
20
9.32943421900529
30
0
41
1
10
203.789463803942
20
9.31457583998835
30
0
41
1
10
203.156871985129
20
9.29627763722343
30
0
41
1
10
202.528073724674
20
9.28181454773147
30
0
41
1
10
202.075483602114
20
9.27347488570416
30
0
41
1
10
201.868582989826
20
9.27006533340995
30
0
41
1
10
201.718824018895
20
9.26780944713855
30
0
41
1
10
201.661524265169
20
9.26697255463861
30
0
41
1
10
201.641496092019
20
9.26669422975945
30
0
41
1
10
201.637863631183
20
9.26664467094733
30
0
0
SPLINE
5
1AF
100
AcDbEntity
8
1
62
256
6
ByLayer
370
18
48
1
60
0
100
AcDbSpline
70
4
71
3
72
33
73
29
40
0
40
0
40
0
40
0
40
0.0273823484113738
40
0.0587425601866082
40
0.0901027719618426
40
0.121462983737077
40
0.184183407287546
40
0.246903830838015
40
0.309624254388484
40
0.372344677938952
40
0.403704889714187
40
0.435065101489421
40
0.49778552503989
40
0.529145736815124
40
0.560505948590359
40
0.591866160365593
40
0.623226372140828
40
0.685946795691296
40
0.717307007466531
40
0.748667219241765
40
0.764347325129382
40
0.811387642792234
40
0.874108066342703
40
0.936828489893172
40
0.968188701668406
40
0.983868807556023
40
0.999548913443641
40
1
40
1
40
1
40
1
41
1
10
201.637863631183
20
9.26664467094733
30
0
41
1
10
201.612858924112
20
9.26630352381986
30
0
41
1
10
201.60194365412
20
9.26625897936316
30
0
41
1
10
201.576651477201
20
9.26636842960576
30
0
41
1
10
201.545692908044
20
9.26676838617706
30
0
41
1
10
201.503312965245
20
9.26777633945781
30
0
41
1
10
201.452247102308
20
9.27002726009428
30
0
41
1
10
201.390746103613
20
9.27441397550436
30
0
41
1
10
201.329525587098
20
9.28062695114923
30
0
41
1
10
201.278860385764
20
9.28789228130722
30
0
41
1
10
201.238356596678
20
9.29548710192344
30
0
41
1
10
201.198493580137
20
9.30584891734998
30
0
41
1
10
201.16088883211
20
9.32240173409545
30
0
41
1
10
201.128558793813
20
9.34744799801555
30
0
41
1
10
201.107676027456
20
9.36949154351635
30
0
41
1
10
201.08935685307
20
9.39397040206245
30
0
41
1
10
201.06798954372
20
9.42858480201596
30
0
41
1
10
201.050612390032
20
9.46568967580012
30
0
41
1
10
201.037989057006
20
9.50434891163198
30
0
41
1
10
201.031517597626
20
9.52891350744343
30
0
41
1
10
201.024610929097
20
9.55857625625811
30
0
41
1
10
201.016897923222
20
9.59847134794697
30
0
41
1
10
201.009665543079
20
9.65426824577696
30
0
41
1
10
201.006104473412
20
9.7060387818199
30
0
41
1
10
201.005063092115
20
9.74060760630221
30
0
41
1
10
201.004909878779
20
9.76324090346688
30
0
41
1
10
201.004953430441
20
9.77302904545382
30
0
41
1
10
201.004985591577
20
9.77727962854974
30
0
41
1
10
201.004986498434
20
9.77739794783781
30
0
0
SPLINE
5
1B0
100
AcDbEntity
8
1
62
256
6
ByLayer
370
18
48
1
60
0
100
AcDbSpline
70
4
71
3
72
22
73
18
40
0
40
0
40
0
40
0
40
0.0112895525261297
40
0.0621622950429668
40
0.124774901217536
40
0.250000113566673
40
0.500450538264948
40
0.750900962963223
40
0.813513569137792
40
0.829166720681434
40
0.844819872225076
40
0.860473023768718
40
0.87612617531236
40
0.938738781486929
40
0.970045084574213
40
0.985698236117856
40
1
40
1
40
1
40
1
41
1
10
201.004986498434
20
9.77739794783781
30
0
41
1
10
201.005009233863
20
9.78036427872277
30
0
41
1
10
201.005160429968
20
9.7948202536947
30
0
41
1
10
201.005402640437
20
9.81751586477634
30
0
41
1
10
201.005809686849
20
9.85107728514777
30
0
41
1
10
201.006805623935
20
9.93397176521927
30
0
41
1
10
201.008365697862
20
10.0413957437701
30
0
41
1
10
201.009988218423
20
10.1413987799139
30
0
41
1
10
201.011052075891
20
10.1993118548357
30
0
41
1
10
201.011368070443
20
10.2158661708522
30
0
41
1
10
201.011528657298
20
10.2241467669042
30
0
41
1
10
201.011692016255
20
10.232432694407
30
0
41
1
10
201.012024643424
20
10.249018999129
30
0
41
1
10
201.012431008502
20
10.2684228778533
30
0
41
1
10
201.012762679533
20
10.2874446928516
30
0
41
1
10
201.01300737239
20
10.2987434170747
30
0
41
1
10
201.012973570167
20
10.3025123970955
30
0
41
1
10
201.013137097391
20
10.3069236674312
30
0
0
SPLINE
5
1B1
100
AcDbEntity
8
1
62
256
6
ByLayer
370
13
48
1
60
0
100
AcDbSpline
70
4
71
3
72
8
73
4
40
0
40
0
40
0
40
0
40
1
40
1
40
1
40
1
41
1
10
200.639983639783
20
8.27082200863356
30
0
41
1
10
200.579179082184
20
8.29452456169096
30
0
41
1
10
200.518373986121
20
8.31840323701533
30
0
41
1
10
200.457568544286
20
8.34245825217496
30
0
0
SPLINE
5
1B2
100
AcDbEntity
8
1
62
256
6
ByLayer
370
18
48
1
60
0
100
AcDbSpline
70
4
71
3
72
47
73
43
40
0
40
0
40
0
40
0
40
0.0248207090807162
40
0.0496506043499451
40
0.0744896876533772
40
0.0993379606766115
40
0.124195424944896
40
0.149062081822951
40
0.173937932514782
40
0.198822978063441
40
0.223717219350842
40
0.248620657097563
40
0.273533291862649
40
0.298455124043432
40
0.323386153875342
40
0.3483263814317
40
0.373275806623575
40
0.398234429199592
40
0.423202248745732
40
0.448179264685199
40
0.47316547627823
40
0.498160882621936
40
0.523165482804112
40
0.548179276888435
40
0.573202265356152
40
0.598234448633278
40
0.623275827088509
40
0.648326401033157
40
0.673386170721082
40
0.698455136348696
40
0.723533298054856
40
0.748620655920826
40
0.773717209970274
40
0.798822960169193
40
0.82393790642585
40
0.849062048590796
40
0.874195386456776
40
0.899337919758739
40
0.924489648173782
40
0.949650571321107
40
0.974820688762053
40
1
40
1
40
1
40
1
41
1
10
200.639983639791
20
8.27082200863399
30
0
41
1
10
200.705553357428
20
8.27044379443984
30
0
41
1
10
200.836717060169
20
8.26968722607384
30
0
41
1
10
201.033510682859
20
8.26883972165899
30
0
41
1
10
201.230385320541
20
8.26820212713304
30
0
41
1
10
201.427341578666
20
8.26779501168443
30
0
41
1
10
201.624378974747
20
8.26761272421686
30
0
41
1
10
201.821497317154
20
8.26765664226235
30
0
41
1
10
202.018696335465
20
8.26792625801917
30
0
41
1
10
202.215975779562
20
8.26842156816795
30
0
41
1
10
202.413335393073
20
8.26914243316898
30
0
41
1
10
202.610774920482
20
8.27008874903512
30
0
41
1
10
202.808294105228
20
8.27126040128169
30
0
41
1
10
203.005892690217
20
8.27265727727456
30
0
41
1
10
203.203570417679
20
8.27427926292066
30
0
41
1
10
203.401327029208
20
8.27612624356021
30
0
41
1
10
203.599162265754
20
8.27819810371821
30
0
41
1
10
203.797075867622
20
8.28049472721503
30
0
41
1
10
203.995067574474
20
8.28301599698179
30
0
41
1
10
204.19313712533
20
8.2857617956976
30
0
41
1
10
204.391284258551
20
8.2887320034331
30
0
41
1
10
204.589508712323
20
8.29192650645976
30
0
41
1
10
204.787810227372
20
8.29534516444238
30
0
41
1
10
204.986188550981
20
8.29898806129449
30
0
41
1
10
205.184643434265
20
8.30285532841145
30
0
41
1
10
205.383174628868
20
8.30694708469471
30
0
41
1
10
205.581781885857
20
8.3112634521456
30
0
41
1
10
205.780464955674
20
8.31580455168196
30
0
41
1
10
205.979223588151
20
8.32057050425809
30
0
41
1
10
206.178057532498
20
8.3255614305819
30
0
41
1
10
206.376966537313
20
8.33077745113573
30
0
41
1
10
206.575950350574
20
8.33621868638795
30
0
41
1
10
206.775008719645
20
8.34188525593569
30
0
41
1
10
206.97414139126
20
8.34777728173484
30
0
41
1
10
207.173348111576
20
8.35389487604263
30
0
41
1
10
207.372628625981
20
8.36023818645091
30
0
41
1
10
207.571982679793
20
8.36680722773613
30
0
41
1
10
207.771410015665
20
8.37360250975709
30
0
41
1
10
207.970910383265
20
8.38062269283134
30
0
41
1
10
208.170483503125
20
8.38787334279849
30
0
41
1
10
208.370129201628
20
8.39533423877111
30
0
41
1
10
208.503250031655
20
8.40049810281138
30
0
41
1
10
208.569822600589
20
8.40308050629187
30
0
0
SPLINE
5
1B3
100
AcDbEntity
8
1
62
256
6
ByLayer
370
13
48
1
60
0
100
AcDbSpline
70
4
71
3
72
9
73
5
40
0
40
0
40
0
40
0
40
0.501219718031045
40
1
40
1
40
1
40
1
41
1
10
208.569822600589
20
8.40308050629187
30
0
41
1
10
208.584809904314
20
8.41027080444704
30
0
41
1
10
208.614711568567
20
8.42461640558065
30
0
41
1
10
208.644606997742
20
8.43866201751655
30
0
41
1
10
208.659518248336
20
8.44566769179838
30
0
0
SPLINE
5
1B4
100
AcDbEntity
8
1
62
256
6
ByLayer
370
18
48
1
60
0
100
AcDbSpline
70
4
71
3
72
11
73
7
40
0
40
0
40
0
40
0
40
0.15677183394118
40
0.43784788929412
40
0.71892394464706
40
1
40
1
40
1
40
1
41
1
10
208.713483345214
20
8.43578748756488
30
0
41
1
10
208.706328528551
20
8.43272545438501
30
0
41
1
10
208.686125131528
20
8.42472056897941
30
0
41
1
10
208.652076362506
20
8.41420271260307
30
0
41
1
10
208.611189684641
20
8.40613636389264
30
0
41
1
10
208.583612465545
20
8.40361988349576
30
0
41
1
10
208.569822600589
20
8.40308050629176
30
0
0
SPLINE
5
1B5
100
AcDbEntity
8
1
62
256
6
ByLayer
370
18
48
1
60
0
100
AcDbSpline
70
4
71
3
72
21
73
17
40
0
40
0
40
0
40
0
40
0.0039822658528455
40
0.0174419649629421
40
0.0309016640730388
40
0.0847404605134256
40
0.138579256953812
40
0.246256849834586
40
0.353934442715359
40
0.461612035596133
40
0.569289628476906
40
0.67696722135768
40
0.784644814238453
40
0.892322407119227
40
0.946161203559613
40
1
40
1
40
1
40
1
41
1
10
209.994781401294
20
14.1575133386764
30
0
41
1
10
209.994747568833
20
14.1590627819635
30
0
41
1
10
209.994584795126
20
14.1659348519821
30
0
41
1
10
209.994150479916
20
14.1789316877058
30
0
41
1
10
209.992334112957
20
14.2133719161411
30
0
41
1
10
209.986929567401
20
14.2636282598336
30
0
41
1
10
209.97000534434
20
14.3521386632306
30
0
41
1
10
209.935889159073
20
14.4577397261593
30
0
41
1
10
209.874631319499
20
14.5768991000347
30
0
41
1
10
209.795235367172
20
14.683605715344
30
0
41
1
10
209.699072173396
20
14.776243808588
30
0
41
1
10
209.588846344678
20
14.8517534428229
30
0
41
1
10
209.467171549789
20
14.9081374361412
30
0
41
1
10
209.358718244251
20
14.9375915000304
30
0
41
1
10
209.269916247304
20
14.9500685483723
30
0
41
1
10
209.224747847267
20
14.952515404092
30
0
41
1
10
209.202918998571
20
14.9527562252406
30
0
0
SPLINE
5
1B6
100
AcDbEntity
8
1
62
256
6
ByLayer
370
18
48
1
60
0
100
AcDbSpline
70
4
71
3
72
8
73
4
40
0
40
0
40
0
40
0
40
1
40
1
40
1
40
1
41
1
10
209.202918998571
20
14.9527562252406
30
0
41
1
10
209.202595118731
20
14.9527597983615
30
0
41
1
10
209.202272092049
20
14.9527633613423
30
0
41
1
10
209.201949893205
20
14.9527669144635
30
0
0
SPLINE
5
1B7
100
AcDbEntity
8
1
62
256
6
ByLayer
370
18
48
1
60
0
100
AcDbSpline
70
4
71
3
72
11
73
7
40
0
40
0
40
0
40
0
40
0.058968744940378
40
0.484373627158171
40
0.970550635407078
40
1
40
1
40
1
40
1
41
1
10
209.201949893205
20
14.9527669144635
30
0
41
1
10
209.191414315614
20
14.9528830979475
30
0
41
1
10
209.11214494895
20
14.9537508435626
30
0
41
1
10
208.953296028606
20
14.9553897204472
30
0
41
1
10
208.799262241994
20
14.9567839080178
30
0
41
1
10
208.714860271244
20
14.9574829659137
30
0
41
1
10
208.710039753083
20
14.9575226804118
30
0
0
SPLINE
5
1B8
100
AcDbEntity
8
1
62
256
6
ByLayer
370
18
48
1
60
0
100
AcDbSpline
70
4
71
3
72
17
73
13
40
0
40
0
40
0
40
0
40
0.060095022914243
40
0.184038916465192
40
0.43192670356709
40
0.679814490668987
40
0.927702277770885
40
0.989674224546359
40
0.993547471219827
40
0.997420717893294
40
0.999357341230027
40
1
40
1
40
1
40
1
41
1
10
208.710039753083
20
14.9575226804118
30
0
41
1
10
208.555697238019
20
14.9587942523281
30
0
41
1
10
208.083017176691
20
14.9620249293866
30
0
41
1
10
206.973474063611
20
14.9650353452906
30
0
41
1
10
205.381087104086
20
14.9560902230942
30
0
41
1
10
203.46971468741
20
14.9244226054686
30
0
41
1
10
202.03322452542
20
14.8850846288036
30
0
41
1
10
201.230941525311
20
14.8577517923089
30
0
41
1
10
201.049911718488
20
14.8513407446723
30
0
41
1
10
201.025176356431
20
14.8504586353402
30
0
41
1
10
201.009123376572
20
14.8498818879898
30
0
41
1
10
201.00185084977
20
14.8496181617166
30
0
41
1
10
201.000000033229
20
14.8495473433618
30
0
0
SPLINE
5
1B9
100
AcDbEntity
8
1
62
256
6
ByLayer
370
18
48
1
60
0
100
AcDbSpline
70
4
71
3
72
20
73
16
40
0
40
0
40
0
40
0
40
0.0166268555036351
40
0.041511583580437
40
0.0663963116572389
40
0.165935223964446
40
0.265474136271654
40
0.315243592425258
40
0.464551960886069
40
0.663629785500484
40
0.862707610114899
40
0.912477066268503
40
0.962246522422107
40
0.987131250498909
40
1
40
1
40
1
40
1
41
1
10
201.000000033229
20
14.8495473433618
30
0
41
1
10
200.996273497256
20
14.8494047537854
30
0
41
1
10
200.986577097465
20
14.8489970576763
30
0
41
1
10
200.97066755806
20
14.8478904798249
30
0
41
1
10
200.934505039635
20
14.8442635107037
30
0
41
1
10
200.881415180929
20
14.834878836904
30
0
41
1
10
200.823874166773
20
14.8173930975604
30
0
41
1
10
200.75624243604
20
14.790153086491
30
0
41
1
10
200.670903353885
20
14.7433956798674
30
0
41
1
10
200.568339201649
20
14.6561128416253
30
0
41
1
10
200.502981983227
20
14.5660228516541
30
0
41
1
10
200.469480238427
20
14.5018057069975
30
0
41
1
10
200.457081745903
20
14.4740738769851
30
0
41
1
10
200.449121515744
20
14.4539036627637
30
0
41
1
10
200.446169086909
20
14.4458738230798
30
0
41
1
10
200.445198015954
20
14.4431998647955
30
0
0
SPLINE
5
1BA
100
AcDbEntity
8
1
62
256
6
ByLayer
370
18
48
1
60
0
100
AcDbSpline
70
4
71
3
72
13
73
9
40
0
40
0
40
0
40
0
40
0.0057624935460916
40
0.029630393115866
40
0.220573589674061
40
0.602459982790452
40
0.984346375906842
40
1
40
1
40
1
40
1
41
1
10
200.445198015954
20
14.4431998647955
30
0
41
1
10
200.444291294769
20
14.4407031011858
30
0
41
1
10
200.439787248168
20
14.4281478361375
30
0
41
1
10
200.409013112203
20
14.3431414410394
30
0
41
1
10
200.322959247799
20
14.1045703102881
30
0
41
1
10
200.187160905623
20
13.7286548370055
30
0
41
1
10
200.076687813943
20
13.4228601630606
30
0
41
1
10
200.019352620368
20
13.263935174569
30
0
41
1
10
200.017098083943
20
13.2576695529563
30
0
0
SPLINE
5
1BB
100
AcDbEntity
8
1
62
256
6
ByLayer
370
18
48
1
60
0
100
AcDbSpline
70
4
71
3
72
17
73
13
40
0
40
0
40
0
40
0
40
0.0295588681041414
40
0.0735401813589746
40
0.161502807868641
40
0.337428060887974
40
0.513353313907307
40
0.68927856692664
40
0.865203819945973
40
0.953166446455639
40
0.997147759710472
40
1
40
1
40
1
40
1
41
1
10
200.017098083943
20
13.2576695529563
30
0
41
1
10
200.012477401105
20
13.2448281324548
30
0
41
1
10
200.001013967525
20
13.2127986168726
30
0
41
1
10
199.976559418917
20
13.1416441008512
30
0
41
1
10
199.932545668973
20
13.0052566178144
30
0
41
1
10
199.877393832704
20
12.8083762052972
30
0
41
1
10
199.823681184772
20
12.5696071526627
30
0
41
1
10
199.782509241496
20
12.3284325028314
30
0
41
1
10
199.75890372296
20
12.1267546527173
30
0
41
1
10
199.747816977133
20
11.98490607189
30
0
41
1
10
199.744366498414
20
11.9230665246098
30
0
41
1
10
199.743245805417
20
11.9016873227972
30
0
41
1
10
199.743177822035
20
11.9003856873767
30
0
0
SPLINE
5
1BC
100
AcDbEntity
8
1
62
256
6
ByLayer
370
18
48
1
60
0
100
AcDbSpline
70
4
71
3
72
32
73
28
40
0
40
0
40
0
40
0
40
0.0201709153615368
40
0.03095578459383
40
0.106449869219882
40
0.192728823078228
40
0.365286730794919
40
0.451565684653265
40
0.494705161582438
40
0.53784463851161
40
0.543237073127757
40
0.548629507743904
40
0.55402194236005
40
0.556718159668124
40
0.559414376976197
40
0.564806811592343
40
0.57019924620849
40
0.580984115440783
40
0.624123592369956
40
0.710402546228302
40
0.796681500086647
40
0.882960453944993
40
0.969239407803338
40
0.980024277035632
40
0.990809146267925
40
0.996201580884071
40
1
40
1
40
1
40
1
41
1
10
199.743177822035
20
11.9003856873767
30
0
41
1
10
199.742197507187
20
11.8816162104914
30
0
41
1
10
199.740778775755
20
11.8529366086587
30
0
41
1
10
199.735838587743
20
11.7549452851074
30
0
41
1
10
199.72780786194
20
11.5960833738355
30
0
41
1
10
199.712181734768
20
11.2882586730862
30
0
41
1
10
199.69597052215
20
10.9705052718923
30
0
41
1
10
199.681773484309
20
10.6924703418745
30
0
41
1
10
199.673709311377
20
10.5335910443753
30
0
41
1
10
199.669332011784
20
10.4491898994713
30
0
41
1
10
199.666810902789
20
10.3995397366778
30
0
41
1
10
199.666073724088
20
10.3846442648667
30
0
41
1
10
199.665416012483
20
10.3722337823043
30
0
41
1
10
199.664918390147
20
10.3623025788237
30
0
41
1
10
199.664617826301
20
10.3523692651976
30
0
41
1
10
199.66446531317
20
10.3399513041076
30
0
41
1
10
199.664209481389
20
10.3200826150762
30
0
41
1
10
199.6633492985
20
10.2654435836139
30
0
41
1
10
199.661460949219
20
10.1362979342427
30
0
41
1
10
199.659783603754
20
9.93765956564849
30
0
41
1
10
199.659299662215
20
9.69934718332397
30
0
41
1
10
199.660394393012
20
9.4610906595565
30
0
41
1
10
199.662323328081
20
9.29236674568511
30
0
41
1
10
199.663837451099
20
9.19313090594486
30
0
41
1
10
199.664258109309
20
9.16825809157476
30
0
41
1
10
199.664507478487
20
9.15005810859827
30
0
41
1
10
199.664656697292
20
9.14140047715637
30
0
41
1
10
199.664737225365
20
9.1377115734071
30
0
0
SPLINE
5
1BD
100
AcDbEntity
8
1
62
256
6
ByLayer
370
18
48
1
60
0
100
AcDbSpline
70
4
71
3
72
25
73
21
40
0
40
0
40
0
40
0
40
0.0039779528290631
40
0.0174350682297105
40
0.030892183630358
40
0.0847206452329476
40
0.138549106835537
40
0.246206030040717
40
0.353862953245896
40
0.461519876451076
40
0.569176799656255
40
0.676833722861434
40
0.784490646066614
40
0.892147569271793
40
0.945976030874383
40
0.972890261675677
40
0.986347377076325
40
0.989711655926487
40
0.999804492476972
40
1
40
1
40
1
40
1
41
1
10
199.664737225365
20
9.13771157340707
30
0
41
1
10
199.664771019159
20
9.13616351628761
30
0
41
1
10
199.664933691142
20
9.12929293197888
30
0
41
1
10
199.665367584813
20
9.11629792504453
30
0
41
1
10
199.667182124467
20
9.08185938131908
30
0
41
1
10
199.672581191453
20
9.03160897449311
30
0
41
1
10
199.689494058034
20
8.94311075768249
30
0
41
1
10
199.723602420907
20
8.83751770080221
30
0
41
1
10
199.784870224059
20
8.71834613123647
30
0
41
1
10
199.864290668759
20
8.61161085433079
30
0
41
1
10
199.960479809797
20
8.51894245201524
30
0
41
1
10
200.070718907009
20
8.44341688387058
30
0
41
1
10
200.192409558182
20
8.38704308779725
30
0
41
1
10
200.300818130893
20
8.35757536932002
30
0
41
1
10
200.378625351276
20
8.3467165922724
30
0
41
1
10
200.417640458209
20
8.34373890025992
30
0
41
1
10
200.436464180523
20
8.34296384091243
30
0
41
1
10
200.44777099184
20
8.34264382449953
30
0
41
1
10
200.453375355396
20
8.34253467266942
30
0
41
1
10
200.457490694242
20
8.34246489481589
30
0
41
1
10
200.457568858482
20
8.34246357331369
30
0
0
SPLINE
5
1BE
100
AcDbEntity
8
1
62
256
6
ByLayer
370
18
48
1
60
0
100
AcDbSpline
70
4
71
3
72
14
73
10
40
0
40
0
40
0
40
0
40
0.0223178177201622
40
0.060248941324019
40
0.12093873909019
40
0.242318334622532
40
0.485077525687216
40
0.970595907816583
40
1
40
1
40
1
40
1
41
1
10
200.457568858482
20
8.34246357331369
30
0
41
1
10
200.46152582746
20
8.34239667388235
30
0
41
1
10
200.47193963842
20
8.34224702313347
30
0
41
1
10
200.49178122949
20
8.34205388619702
30
0
41
1
10
200.526696586431
20
8.34171596811061
30
0
41
1
10
200.597125508266
20
8.34093756295758
30
0
41
1
10
200.735868991267
20
8.33956226118596
30
0
41
1
10
200.860202839084
20
8.33844088413869
30
0
41
1
10
200.944655575046
20
8.33774275139618
30
0
41
1
10
200.949478016499
20
8.33770309367199
30
0
0
SPLINE
5
1BF
100
AcDbEntity
8
1
62
256
6
ByLayer
370
18
48
1
60
0
100
AcDbSpline
70
4
71
3
72
17
73
13
40
0
40
0
40
0
40
0
40
0.060095337005987
40
0.184039170570553
40
0.431926837699686
40
0.679814504828819
40
0.927702171957951
40
0.989674088740234
40
0.993547333539127
40
0.99742057833802
40
0.999357200737466
40
1
40
1
40
1
40
1
41
1
10
200.949478016499
20
8.33770309367199
30
0
41
1
10
201.10391122951
20
8.33643310007548
30
0
41
1
10
201.576413264107
20
8.33319828835423
30
0
41
1
10
202.686099973982
20
8.33019075820033
30
0
41
1
10
204.27841925284
20
8.33913446583821
30
0
41
1
10
206.189790018378
20
8.37080203955244
30
0
41
1
10
207.626292982165
20
8.41014022839309
30
0
41
1
10
208.428576285579
20
8.43747313822834
30
0
41
1
10
208.609605618195
20
8.44388414398267
30
0
41
1
10
208.634341020664
20
8.44476625663643
30
0
41
1
10
208.650394488405
20
8.44534302839577
30
0
41
1
10
208.65766735426
20
8.4456067585522
30
0
41
1
10
208.659518562835
20
8.44567759087346
30
0
0
SPLINE
5
1C0
100
AcDbEntity
8
1
62
256
6
ByLayer
370
18
48
1
60
0
100
AcDbSpline
70
4
71
3
72
20
73
16
40
0
40
0
40
0
40
0
40
0.0166250397104367
40
0.041509758012665
40
0.0663944763148933
40
0.165933349523807
40
0.26547222273272
40
0.315241659337176
40
0.464549969150546
40
0.663627715568373
40
0.862705461986199
40
0.912474898590656
40
0.962244335195112
40
0.987129053497341
40
1
40
1
40
1
40
1
41
1
10
208.659518562835
20
8.44567759087346
30
0
41
1
10
208.663244666185
20
8.44582016181499
30
0
41
1
10
208.672940456806
20
8.44622782624816
30
0
41
1
10
208.688849519462
20
8.4473343307456
30
0
41
1
10
208.725012272557
20
8.45096119584645
30
0
41
1
10
208.778102215708
20
8.46034567369747
30
0
41
1
10
208.83564325311
20
8.47783115037328
30
0
41
1
10
208.90327519731
20
8.50507084014325
30
0
41
1
10
208.988614569264
20
8.55182783953211
30
0
41
1
10
209.091179303267
20
8.63911005712691
30
0
41
1
10
209.156536375429
20
8.72920012821623
30
0
41
1
10
209.190038815098
20
8.79341682772596
30
0
41
1
10
209.202437693308
20
8.82114818391631
30
0
41
1
10
209.210398426839
20
8.84131831195424
30
0
41
1
10
209.213351081887
20
8.84934866197446
30
0
41
1
10
209.214322325648
20
8.85202309995202
30
0
0
SPLINE
5
1C1
100
AcDbEntity
8
1
62
256
6
ByLayer
370
18
48
1
60
0
100
AcDbSpline
70
4
71
3
72
13
73
9
40
0
40
0
40
0
40
0
40
0.0057614727139832
40
0.0296295181346312
40
0.220573881499815
40
0.602462608230182
40
0.984351334960549
40
1
40
1
40
1
40
1
41
1
10
209.214322325648
20
8.85202309995196
30
0
41
1
10
209.215228886863
20
8.8545194266633
30
0
41
1
10
209.219732808132
20
8.86707448579139
30
0
41
1
10
209.2505049918
20
8.95208163586301
30
0
41
1
10
209.336556997133
20
9.19065597741499
30
0
41
1
10
209.472353823171
20
9.56657317135375
30
0
41
1
10
209.582828045759
20
9.87236438922602
30
0
41
1
10
209.640164334888
20
10.0312875086102
30
0
41
1
10
209.642418217079
20
10.0375511106043
30
0
0
SPLINE
5
1C2
100
AcDbEntity
8
1
62
256
6
ByLayer
370
18
48
1
60
0
100
AcDbSpline
70
4
71
3
72
17
73
13
40
0
40
0
40
0
40
0
40
0.0295634678907698
40
0.0735446958500522
40
0.161507151768617
40
0.337432063605747
40
0.513356975442877
40
0.689281887280007
40
0.865206799117136
40
0.953169255035701
40
0.997150482994984
40
1
40
1
40
1
40
1
41
1
10
209.642418217079
20
10.0375511106043
30
0
41
1
10
209.647039779199
20
10.0503945617057
30
0
41
1
10
209.658504319862
20
10.0824261381916
30
0
41
1
10
209.682960106921
20
10.1535828603466
30
0
41
1
10
209.726974394452
20
10.2899709154161
30
0
41
1
10
209.78212582433
20
10.4868522790929
30
0
41
1
10
209.835837972566
20
10.7256216937353
30
0
41
1
10
209.877009882006
20
10.9667962043513
30
0
41
1
10
209.900615245205
20
11.1684740263859
30
0
41
1
10
209.911701865802
20
11.3103226702985
30
0
41
1
10
209.915152241468
20
11.3721609024015
30
0
41
1
10
209.916272860408
20
11.3935388569963
30
0
41
1
10
209.91634077869
20
11.3948392521695
30
0
0
SPLINE
5
1C3
100
AcDbEntity
8
1
62
256
6
ByLayer
370
18
48
1
60
0
100
AcDbSpline
70
4
71
3
72
32
73
28
40
0
40
0
40
0
40
0
40
0.0201722500279448
40
0.0309571202211292
40
0.10645121157342
40
0.192730173118894
40
0.365288096209844
40
0.451567057755319
40
0.494706538528056
40
0.537846019300793
40
0.543238454397386
40
0.548630889493978
40
0.55402332459057
40
0.556719542138866
40
0.559415759687162
40
0.564808194783754
40
0.570200629880346
40
0.580985500073531
40
0.624124980846268
40
0.710403942391743
40
0.796682903937218
40
0.882961865482692
40
0.969240827028167
40
0.980025697221351
40
0.990810567414536
40
0.996203002511128
40
1
40
1
40
1
40
1
41
1
10
209.91634077869
20
11.3948392521695
30
0
41
1
10
209.91732115367
20
11.4136099695551
30
0
41
1
10
209.918739924241
20
11.4422908119322
30
0
41
1
10
209.923680053539
20
11.5402835019967
30
0
41
1
10
209.931710343282
20
11.6991459095954
30
0
41
1
10
209.947335198901
20
12.0069720493739
30
0
41
1
10
209.963545238746
20
12.324726773431
30
0
41
1
10
209.977742849314
20
12.6027610426148
30
0
41
1
10
209.985810130877
20
12.7616368597027
30
0
41
1
10
209.990185148471
20
12.8460406369754
30
0
41
1
10
209.992707838592
20
12.8956889119403
30
0
41
1
10
209.993445805513
20
12.9105834882738
30
0
41
1
10
209.994101039829
20
12.9229969062323
30
0
41
1
10
209.9946008048
20
12.9329255455853
30
0
41
1
10
209.994902497332
20
12.9428574496884
30
0
41
1
10
209.995053481841
20
12.9552771319429
30
0
41
1
10
209.995307187595
20
12.9751482721447
30
0
41
1
10
209.996166088345
20
13.0297887070557
30
0
41
1
10
209.998060268622
20
13.1589278023656
30
0
41
1
10
209.999734637012
20
13.357569484904
30
0
41
1
10
210.000218058847
20
13.5958824221819
30
0
41
1
10
209.999124040854
20
13.8341381186091
30
0
41
1
10
209.997195194351
20
14.0028619119587
30
0
41
1
10
209.995681080144
20
14.1020977295937
30
0
41
1
10
209.995260391952
20
14.1269704742925
30
0
41
1
10
209.995011124063
20
14.1451693442758
30
0
41
1
10
209.994861919497
20
14.1538258035186
30
0
41
1
10
209.994781401294
20
14.1575133386764
30
0
0
SPLINE
5
1C4
100
AcDbEntity
8
1
62
256
6
ByLayer
370
18
48
1
60
0
100
AcDbSpline
70
2053
71
3
72
165
73
161
40
0
40
0
40
0
40
0
40
0.001953125
40
0.00390625
40
0.0078125
40
0.01171875
40
0.015625
40
0.01953125
40
0.0234375
40
0.02734375
40
0.03125
40
0.033203125
40
0.03515625
40
0.03564453125
40
0.0361328125
40
0.03662109375
40
0.037109375
40
0.0380859375
40
0.0390625
40
0.046875
40
0.0546875
40
0.0625
40
0.0703125
40
0.07421875
40
0.0751953125
40
0.07568359375
40
0.076171875
40
0.076416015625
40
0.07666015625
40
0.0771484375
40
0.07763671875
40
0.078125
40
0.08203125
40
0.0859375
40
0.09375
40
0.109375
40
0.1171875
40
0.1240234375
40
0.125
40
0.126953125
40
0.12890625
40
0.1328125
40
0.140625
40
0.1484375
40
0.15625
40
0.1640625
40
0.16796875
40
0.169921875
40
0.171875
40
0.1875
40
0.203125
40
0.2109375
40
0.2119140625
40
0.21240234375
40
0.212890625
40
0.2138671875
40
0.21484375
40
0.21875
40
0.22265625
40
0.2255859375
40
0.2265625
40
0.228515625
40
0.23046875
40
0.23095703125
40
0.2314453125
40
0.23193359375
40
0.232421875
40
0.2333984375
40
0.234375
40
0.25
40
0.3125
40
0.375
40
0.4375
40
0.46875
40
0.484375
40
0.4921875
40
0.49609375
40
0.498046875
40
0.4990234375
40
0.4996337890625
40
0.5
40
0.5003662109375
40
0.50048828125
40
0.5009765625
40
0.501953125
40
0.50390625
40
0.5078125
40
0.51171875
40
0.515625
40
0.51953125
40
0.5234375
40
0.52734375
40
0.53125
40
0.533203125
40
0.53515625
40
0.53564453125
40
0.5361328125
40
0.53662109375
40
0.537109375
40
0.5380859375
40
0.5390625
40
0.546875
40
0.5546875
40
0.5625
40
0.5703125
40
0.57421875
40
0.5751953125
40
0.57568359375
40
0.576171875
40
0.576416015625
40
0.57666015625
40
0.5771484375
40
0.57763671875
40
0.578125
40
0.58203125
40
0.5859375
40
0.59375
40
0.609375
40
0.6171875
40
0.6240234375
40
0.625
40
0.626953125
40
0.62890625
40
0.6328125
40
0.640625
40
0.6484375
40
0.65625
40
0.6640625
40
0.66796875
40
0.669921875
40
0.671875
40
0.6875
40
0.703125
40
0.7109375
40
0.7119140625
40
0.71240234375
40
0.712890625
40
0.7138671875
40
0.71484375
40
0.71875
40
0.72265625
40
0.7255859375
40
0.7265625
40
0.728515625
40
0.73046875
40
0.73095703125
40
0.7314453125
40
0.73193359375
40
0.732421875
40
0.7333984375
40
0.734375
40
0.75
40
0.8125
40
0.875
40
0.9375
40
0.96875
40
0.984375
40
0.9921875
40
0.9990234375
40
1
40
1
40
1
40
1
41
1
10
209.191953552289
20
14.7566624505033
30
0
41
1
10
209.210090155779
20
14.7564623519789
30
0
41
1
10
209.244557946994
20
14.7545670923565
30
0
41
1
10
209.312719443174
20
14.7448894297439
30
0
41
1
10
209.395582889474
20
14.7220726373906
30
0
41
1
10
209.488439107701
20
14.6785607191544
30
0
41
1
10
209.572543439264
20
14.620492630261
30
0
41
1
10
209.645723914831
20
14.5494439674659
30
0
41
1
10
209.706392199019
20
14.4674238139013
30
0
41
1
10
209.752959956445
20
14.3764412526995
30
0
41
1
10
209.779094935138
20
14.2952847010587
30
0
41
1
10
209.791921227716
20
14.2274483935854
30
0
41
1
10
209.795999646602
20
14.1891129249334
30
0
41
1
10
209.797341874175
20
14.1642082843953
30
0
41
1
10
209.797789892599
20
14.1511518758474
30
0
41
1
10
209.798067063968
20
14.1367568230293
30
0
41
1
10
209.798342074337
20
14.1167471151003
30
0
41
1
10
209.798758386978
20
14.0920204502223
30
0
41
1
10
209.800589840596
20
13.9937903985845
30
0
41
1
10
209.803286191498
20
13.825504233925
30
0
41
1
10
209.805247650558
20
13.5884879856629
30
0
41
1
10
209.804272475636
20
13.3512843954076
30
0
41
1
10
209.800730992068
20
13.1536163766826
30
0
41
1
10
209.797248185831
20
13.0251345678287
30
0
41
1
10
209.795579703782
20
12.9707774444989
30
0
41
1
10
209.79495207101
20
12.9510112833289
30
0
41
1
10
209.794551162037
20
12.9386574606906
30
0
41
1
10
209.794225296676
20
12.9287744199176
30
0
41
1
10
209.79389602083
20
12.9188913908639
30
0
41
1
10
209.793478059433
20
12.9065376268212
30
0
41
1
10
209.792966409039
20
12.8917131465732
30
0
41
1
10
209.791227551409
20
12.8422983376369
30
0
41
1
10
209.788018608123
20
12.7582941449851
30
0
41
1
10
209.781265687737
20
12.6001681901123
30
0
41
1
10
209.767928579116
20
12.323436955387
30
0
41
1
10
209.750817433402
20
12.0071035252197
30
0
41
1
10
209.734934910423
20
11.7006122303044
30
0
41
1
10
209.726877286235
20
11.5422540294112
30
0
41
1
10
209.721955289086
20
11.4436920055377
30
0
41
1
10
209.719517474656
20
11.3945007577607
30
0
41
1
10
209.715174888178
20
11.3166260540098
30
0
41
1
10
209.704578296794
20
11.1811553015722
30
0
41
1
10
209.681938796604
20
10.9876789071382
30
0
41
1
10
209.642539878699
20
10.7569275330287
30
0
41
1
10
209.591071620517
20
10.5281628752761
30
0
41
1
10
209.538258769634
20
10.3396532717344
30
0
41
1
10
209.496126767936
20
10.2091142177719
30
0
41
1
10
209.470635315032
20
10.134949278293
30
0
41
1
10
209.403494196788
20
9.94883348706114
30
0
41
1
10
209.287117374527
20
9.62677271203825
30
0
41
1
10
209.150330370109
20
9.24780075883231
30
0
41
1
10
209.06671020969
20
9.0164631649279
30
0
41
1
10
209.03330759248
20
8.92381133901549
30
0
41
1
10
209.027277892907
20
8.9072284550559
30
0
41
1
10
209.021382379442
20
8.89209718309041
30
0
41
1
10
209.013142085641
20
8.8737251362592
30
0
41
1
10
208.990761345232
20
8.83070676727559
30
0
41
1
10
208.947624812425
20
8.77124898638897
30
0
41
1
10
208.879290429673
20
8.71275297303106
30
0
41
1
10
208.822233404798
20
8.68143280866482
30
0
41
1
10
208.777248783739
20
8.66325203980892
30
0
41
1
10
208.738592135495
20
8.65152386193247
30
0
41
1
10
208.702665795466
20
8.64518942517401
30
0
41
1
10
208.679244122514
20
8.64280487278461
30
0
41
1
10
208.667260123126
20
8.6419637082823
30
0
41
1
10
208.653740790415
20
8.64142431685161
30
0
41
1
10
208.634165429446
20
8.64078588234148
30
0
41
1
10
208.609196499722
20
8.63987574628911
30
0
41
1
10
208.430177672146
20
8.63352712617416
30
0
41
1
10
207.624591884643
20
8.60609663107559
30
0
41
1
10
206.192475752867
20
8.56688553479225
30
0
41
1
10
204.283242392657
20
8.53525260032308
30
0
41
1
10
202.692568221903
20
8.52632073276047
30
0
41
1
10
201.579611945353
20
8.52933332960924
30
0
41
1
10
201.022945506478
20
8.53317161772421
30
0
41
1
10
200.74506294913
20
8.53567357268059
30
0
41
1
10
200.60551336775
20
8.53706240811076
30
0
41
1
10
200.536690566608
20
8.53781606193749
30
0
41
1
10
200.4996454405
20
8.5381875585098
30
0
41
1
10
200.479861370639
20
8.538407879777
30
0
41
1
10
200.46682045396
20
8.53856063418928
30
0
41
1
10
200.45887281885
20
8.53871538871476
30
0
41
1
10
200.449998854175
20
8.53898067754619
30
0
41
1
10
200.435962494169
20
8.53959143209804
30
0
41
1
10
200.406870961486
20
8.5418365149313
30
0
41
1
10
200.346512916193
20
8.55031530261559
30
0
41
1
10
200.264028361777
20
8.57311015712017
30
0
41
1
10
200.171218416827
20
8.61661161005415
30
0
41
1
10
200.086994646978
20
8.67468859305151
30
0
41
1
10
200.013771706986
20
8.74576900864722
30
0
41
1
10
199.953100199113
20
8.82782200630732
30
0
41
1
10
199.906530725624
20
8.91881673549796
30
0
41
1
10
199.880402146693
20
8.99996663269408
30
0
41
1
10
199.867588713637
20
9.06778900649621
30
0
41
1
10
199.863516288215
20
9.10611795227493
30
0
41
1
10
199.862176129396
20
9.13102026343813
30
0
41
1
10
199.86172869806
20
9.14407609354285
30
0
41
1
10
199.861451604575
20
9.15847133656499
30
0
41
1
10
199.861176410975
20
9.17848164455538
30
0
41
1
10
199.860760065768
20
9.20320843710297
30
0
41
1
10
199.858928965805
20
9.3014374910081
30
0
41
1
10
199.856232603976
20
9.46972427504753
30
0
41
1
10
199.854271442988
20
9.706740055897
30
0
41
1
10
199.855246445871
20
9.94394389574074
30
0
41
1
10
199.858787453239
20
10.1416124974648
30
0
41
1
10
199.862269877254
20
10.2700947647626
30
0
41
1
10
199.863938192676
20
10.3244520869559
30
0
41
1
10
199.864565764533
20
10.3442183207269
30
0
41
1
10
199.864966635346
20
10.3565721888085
30
0
41
1
10
199.865292470153
20
10.3664552659458
30
0
41
1
10
199.865621715436
20
10.37633833136
30
0
41
1
10
199.866039638629
20
10.3886921408263
30
0
41
1
10
199.866551243234
20
10.4035166754778
30
0
41
1
10
199.868289948593
20
10.4529316652025
30
0
41
1
10
199.871498637158
20
10.5369361593522
30
0
41
1
10
199.878251132565
20
10.695062616167
30
0
41
1
10
199.891587747237
20
10.9717944363004
30
0
41
1
10
199.908699387128
20
11.2881273134248
30
0
41
1
10
199.924583199206
20
11.5946171444377
30
0
41
1
10
199.932641330251
20
11.7529747809194
30
0
41
1
10
199.937563470876
20
11.8515366270327
30
0
41
1
10
199.940001321322
20
11.9007278217224
30
0
41
1
10
199.944343940956
20
11.9786024696847
30
0
41
1
10
199.954940650126
20
12.1140732660635
30
0
41
1
10
199.977580208693
20
12.3075497279017
30
0
41
1
10
200.01697935097
20
12.5383010132948
30
0
41
1
10
200.068447896957
20
12.7670652137306
30
0
41
1
10
200.121260964797
20
12.9555739631761
30
0
41
1
10
200.163392569388
20
13.0861125392184
30
0
41
1
10
200.188883499527
20
13.1602772388136
30
0
41
1
10
200.256022548229
20
13.346393259769
30
0
41
1
10
200.372397119695
20
13.6684547976645
30
0
41
1
10
200.509185741591
20
14.0474248085216
30
0
41
1
10
200.592808385128
20
14.2787602557967
30
0
41
1
10
200.626212246388
20
14.371410328965
30
0
41
1
10
200.632242161572
20
14.3879932837459
30
0
41
1
10
200.638137739392
20
14.4031246568615
30
0
41
1
10
200.646377909214
20
14.4214967832017
30
0
41
1
10
200.668758187214
20
14.4645156641617
30
0
41
1
10
200.711893759415
20
14.5239745096002
30
0
41
1
10
200.780227776949
20
14.5824709538688
30
0
41
1
10
200.837284735427
20
14.6137912493051
30
0
41
1
10
200.882269253436
20
14.6319721957259
30
0
41
1
10
200.920925753642
20
14.6437006039035
30
0
41
1
10
200.956851917704
20
14.6500352738733
30
0
41
1
10
200.980273578969
20
14.6524199641567
30
0
41
1
10
200.992257557193
20
14.6532611798679
30
0
41
1
10
201.005776713834
20
14.6538005818923
30
0
41
1
10
201.025351948022
20
14.6544390116494
30
0
41
1
10
201.050320919963
20
14.6553491495475
30
0
41
1
10
201.229339747322
20
14.6616977711164
30
0
41
1
10
202.034924728944
20
14.6891283130082
30
0
41
1
10
203.467054566503
20
14.7283387099642
30
0
41
1
10
205.37628604102
20
14.7599717417808
30
0
41
1
10
206.966891004044
20
14.7689071629287
30
0
41
1
10
208.079991577497
20
14.7658871686654
30
0
41
1
10
208.636440113111
20
14.7620605583346
30
0
41
1
10
208.944455297822
20
14.759272654888
30
0
41
1
10
209.103413460477
20
14.7576326478009
30
0
41
1
10
209.182885250544
20
14.7567624997655
30
0
41
1
10
209.191953552289
20
14.7566624505033
30
0
0
SPLINE
5
1C5
100
AcDbEntity
8
1
62
256
6
ByLayer
370
18
48
1
60
0
100
AcDbSpline
70
4
71
2
72
6
73
3
40
0
40
0
40
0
40
1
40
1
40
1
41
1
10
200.167467140887
20
8.40065711658679
30
0
41
1
10
200.263476680447
20
8.36311185395164
30
0
41
1
10
200.359375674684
20
8.32584483058744
30
0
0
SPLINE
5
1C6
100
AcDbEntity
8
1
62
256
6
ByLayer
370
18
48
1
60
0
100
AcDbSpline
70
4
71
2
72
6
73
3
40
0
40
0
40
0
40
1
40
1
40
1
41
1
10
208.707461728697
20
8.43325834987618
30
0
41
1
10
208.769494808545
20
8.45636255828217
30
0
41
1
10
208.833758210869
20
8.47805918946648
30
0
0
SPLINE
5
1C7
100
AcDbEntity
8
1
62
256
6
ByLayer
370
18
48
1
60
0
100
AcDbSpline
70
4
71
1
72
4
73
2
40
0
40
0
40
1
40
1
41
1
10
200.734950990053
20
8.27815468836286
30
0
41
1
10
200.828878931262
20
8.2620711910663
30
0
0
SPLINE
5
1C8
100
AcDbEntity
8
1
62
256
6
ByLayer
370
18
48
1
60
0
100
AcDbSpline
70
4
71
1
72
4
73
2
40
0
40
0
40
1
40
1
41
1
10
200.929929727251
20
8.24476803097158
30
0
41
1
10
201.419914326882
20
8.16086684159032
30
0
0
SPLINE
5
1C9
100
AcDbEntity
8
1
62
256
6
ByLayer
370
18
48
1
60
0
100
AcDbSpline
70
4
71
2
72
6
73
3
40
0
40
0
40
0
40
1
40
1
40
1
41
1
10
200.35933684726
20
8.32586328973744
30
0
41
1
10
200.395087764286
20
8.31175659107629
30
0
41
1
10
200.431087765227
20
8.30007128949839
30
0
0
SPLINE
5
1CA
100
AcDbEntity
8
1
62
256
6
ByLayer
370
18
48
1
60
0
100
AcDbSpline
70
4
71
2
72
6
73
3
40
0
40
0
40
0
40
1
40
1
40
1
41
1
10
200.493308123737
20
8.28173264716901
30
0
41
1
10
200.634300745228
20
8.24436125051901
30
0
41
1
10
200.779068834497
20
8.24369196964969
30
0
0
SPLINE
5
1CB
100
AcDbEntity
8
1
62
256
6
ByLayer
370
18
48
1
60
0
100
AcDbSpline
70
4
71
3
72
18
73
14
40
0
40
0
40
0
40
0
40
0.118002953733954
40
0.21016624277854
40
0.276366309435896
40
0.337954490428315
40
0.448839191421878
40
0.575105132679143
40
0.660948681090392
40
0.738525833417185
40
0.807798955548363
40
0.889867413358131
40
1
40
1
40
1
40
1
41
1
10
200.782305654032
20
8.24369871249982
30
0
41
1
10
201.081856157862
20
8.245615975796
30
0
41
1
10
201.615689563512
20
8.24952014986158
30
0
41
1
10
202.318168220234
20
8.25557046848618
30
0
41
1
10
202.878078408936
20
8.26138775104232
30
0
41
1
10
203.487427975732
20
8.26870536735703
30
0
41
1
10
204.252082369151
20
8.27977570973798
30
0
41
1
10
205.080327793146
20
8.29490757557429
30
0
41
1
10
205.82483431457
20
8.31114510100286
30
0
41
1
10
206.424309544625
20
8.32581069085219
30
0
41
1
10
207.01536428166
20
8.34150953728732
30
0
41
1
10
207.693562443207
20
8.36088199701302
30
0
41
1
10
208.192647923509
20
8.37542887215969
30
0
41
1
10
208.479040506468
20
8.38396709654862
30
0
0
SPLINE
5
1CC
100
AcDbEntity
8
1
62
256
6
ByLayer
370
18
48
1
60
0
100
AcDbSpline
70
4
71
2
72
6
73
3
40
0
40
0
40
0
40
1
40
1
40
1
41
1
10
208.485282574443
20
8.38422449929305
30
0
41
1
10
208.591444894938
20
8.39162930969883
30
0
41
1
10
208.695180134788
20
8.42844924814418
30
0
0
LINE
5
79
100
AcDbEntity
8
4
62
256
6
ByLayer
370
18
48
0.05
60
0
100
AcDbLine
10
57
20
0
30
0
11
215
21
0
31
0
39
0
210
0
220
0
230
1
0
LINE
5
7B
100
AcDbEntity
8
81
62
256
6
ByLayer
370
18
48
1
60
0
100
AcDbLine
10
210
20
15
30
0
11
215
21
15
31
0
39
0
210
0
220
0
230
1
0
LINE
5
7C
100
AcDbEntity
8
SK4
62
256
6
ByLayer
370
18
48
0.05
60
0
100
AcDbLine
10
-5
20
0
30
0
11
215
21
0
31
0
39
0
210
0
220
0
230
1
0
LINE
5
7E
100
AcDbEntity
8
80
62
256
6
ByLayer
370
18
48
1
60
0
100
AcDbLine
10
0
20
0
30
0
11
-5
21
0
31
0
39
0
210
0
220
0
230
1
0
LINE
5
7F
100
AcDbEntity
8
1
62
256
6
ByLayer
370
18
48
1
60
0
100
AcDbLine
10
57
20
-12.49675
30
0
11
57
21
12.49675
31
0
39
0
210
0
220
0
230
1
0
LINE
5
80
100
AcDbEntity
8
1
62
256
6
ByLayer
370
18
48
1
60
0
100
AcDbLine
10
209.284254
20
9.062713
30
0
11
209.284254
21
8.16397
31
0
39
0
210
0
220
0
230
1
0
LINE
5
81
100
AcDbEntity
8
1
62
256
6
ByLayer
370
13
48
1
60
0
100
AcDbLine
10
209.279927
20
8.148101
30
0
11
209.279927
21
9.052227
31
0
39
0
210
0
220
0
230
1
0
LINE
5
82
100
AcDbEntity
8
1
62
256
6
ByLayer
370
13
48
1
60
0
100
AcDbLine
10
209.155783
20
8.756547
30
0
11
209.155783
21
8.191681
31
0
39
0
210
0
220
0
230
1
0
LINE
5
83
100
AcDbEntity
8
1
62
256
6
ByLayer
370
13
48
1
60
0
100
AcDbLine
10
208.409417
20
8.41676
30
0
11
208.409417
21
8.189645
31
0
39
0
210
0
220
0
230
1
0
LINE
5
84
100
AcDbEntity
8
1
62
256
6
ByLayer
370
13
48
1
60
0
100
AcDbLine
10
209.09369
20
8.182498
30
0
11
209.09369
21
8.681331
31
0
39
0
210
0
220
0
230
1
0
LINE
5
85
100
AcDbEntity
8
1
62
256
6
ByLayer
370
18
48
1
60
0
100
AcDbLine
10
201.369769
20
8.153288
30
0
11
202.053085
21
8.25648
31
0
39
0
210
0
220
0
230
1
0
LINE
5
86
100
AcDbEntity
8
1
62
256
6
ByLayer
370
13
48
1
60
0
100
AcDbLine
10
207.954417
20
-9.774484
30
0
11
207.954417
21
-11.39514
31
0
39
0
210
0
220
0
230
1
0
LINE
5
87
100
AcDbEntity
8
1
62
256
6
ByLayer
370
13
48
1
60
0
100
AcDbLine
10
180.450979
20
-12.19675
30
0
11
180.450979
21
12.19675
31
0
39
0
210
0
220
0
230
1
0
LINE
5
88
100
AcDbEntity
8
1
62
256
6
ByLayer
370
13
48
1
60
0
100
AcDbLine
10
177.6245
20
-12.19675
30
0
11
177.6245
21
12.19675
31
0
39
0
210
0
220
0
230
1
0
LINE
5
89
100
AcDbEntity
8
1
62
256
6
ByLayer
370
18
48
1
60
0
100
AcDbLine
10
177
20
-12.49675
30
0
11
177
21
12.49675
31
0
39
0
210
0
220
0
230
1
0
LINE
5
8A
100
AcDbEntity
8
1
62
256
6
ByLayer
370
13
48
1
60
0
100
AcDbLine
10
207.954417
20
-9.774484
30
0
11
208.41571
21
-9.254173
31
0
39
0
210
0
220
0
230
1
0
LINE
5
8B
100
AcDbEntity
8
1
62
256
6
ByLayer
370
13
48
1
60
0
100
AcDbLine
10
180.548655
20
12.202735
30
0
11
180.548655
21
-12.202735
31
0
39
0
210
0
220
0
230
1
0
LINE
5
8C
100
AcDbEntity
8
1
62
256
6
ByLayer
370
13
48
1
60
0
100
AcDbLine
10
196.378363
20
-13.746979
30
0
11
196.378363
21
8.13996
31
0
39
0
210
0
220
0
230
1
0
LINE
5
8D
100
AcDbEntity
8
1
62
256
6
ByLayer
370
13
48
1
60
0
100
AcDbLine
10
196.622554
20
8.112324
30
0
11
196.622554
21
-13.777489
31
0
39
0
210
0
220
0
230
1
0
LINE
5
8E
100
AcDbEntity
8
1
62
256
6
ByLayer
370
13
48
1
60
0
100
AcDbLine
10
199.95707
20
-13.964727
30
0
11
199.95707
21
7.975656
31
0
39
0
210
0
220
0
230
1
0
LINE
5
8F
100
AcDbEntity
8
1
62
256
6
ByLayer
370
13
48
1
60
0
100
AcDbLine
10
200.042891
20
7.976736
30
0
11
200.042891
21
-13.959654
31
0
39
0
210
0
220
0
230
1
0
LINE
5
90
100
AcDbEntity
8
1
62
256
6
ByLayer
370
13
48
1
60
0
100
AcDbLine
10
202.994892
20
-13.338066
30
0
11
202.994892
21
8.05388
31
0
39
0
210
0
220
0
230
1
0
LINE
5
91
100
AcDbEntity
8
1
62
256
6
ByLayer
370
13
48
1
60
0
100
AcDbLine
10
203.030258
20
8.054745
30
0
11
203.030258
21
-13.34978
31
0
39
0
210
0
220
0
230
1
0
LINE
5
92
100
AcDbEntity
8
1
62
256
6
ByLayer
370
13
48
1
60
0
100
AcDbLine
10
206.288372
20
-13.715628
30
0
11
206.288372
21
-12.313503
31
0
39
0
210
0
220
0
230
1
0
LINE
5
93
100
AcDbEntity
8
1
62
256
6
ByLayer
370
13
48
1
60
0
100
AcDbLine
10
206.334981
20
-12.312417
30
0
11
206.334981
21
-13.718063
31
0
39
0
210
0
220
0
230
1
0
LINE
5
94
100
AcDbEntity
8
1
62
256
6
ByLayer
370
13
48
1
60
0
100
AcDbLine
10
208.74623
20
-13.797185
30
0
11
208.74623
21
8.18092
31
0
39
0
210
0
220
0
230
1
0
LINE
5
95
100
AcDbEntity
8
1
62
256
6
ByLayer
370
13
48
1
60
0
100
AcDbLine
10
206.288372
20
-7.307431
30
0
11
206.288372
21
8.132019
31
0
39
0
210
0
220
0
230
1
0
LINE
5
96
100
AcDbEntity
8
1
62
256
6
ByLayer
370
13
48
1
60
0
100
AcDbLine
10
206.334981
20
8.133034
30
0
11
206.334981
21
-7.287883
31
0
39
0
210
0
220
0
230
1
0
LINE
5
97
100
AcDbEntity
8
1
62
256
6
ByLayer
370
18
48
1
60
0
100
AcDbLine
10
204.348722
20
12.063786
30
0
11
204.331506
21
12.072709
31
0
39
0
210
0
220
0
230
1
0
LINE
5
98
100
AcDbEntity
8
1
62
256
6
ByLayer
370
18
48
1
60
0
100
AcDbLine
10
204.844205
20
12.385257
30
0
11
204.843888
21
12.365646
31
0
39
0
210
0
220
0
230
1
0
LINE
5
99
100
AcDbEntity
8
1
62
256
6
ByLayer
370
13
48
1
60
0
100
AcDbLine
10
204.112067
20
12.330719
30
0
11
204.348722
21
12.063786
31
0
39
0
210
0
220
0
230
1
0
LINE
5
9A
100
AcDbEntity
8
1
62
256
6
ByLayer
370
13
48
1
60
0
100
AcDbLine
10
204.607233
20
12.632578
30
0
11
204.843888
21
12.365646
31
0
39
0
210
0
220
0
230
1
0
LINE
5
9B
100
AcDbEntity
8
1
62
256
6
ByLayer
370
18
48
1
60
0
100
AcDbLine
10
204.092924
20
12.341816
30
0
11
204.331506
21
12.072709
31
0
39
0
210
0
220
0
230
1
0
LINE
5
9C
100
AcDbEntity
8
1
62
256
6
ByLayer
370
18
48
1
60
0
100
AcDbLine
10
204.605623
20
12.654364
30
0
11
204.844205
21
12.385257
31
0
39
0
210
0
220
0
230
1
0
LINE
5
9D
100
AcDbEntity
8
1
62
256
6
ByLayer
370
18
48
1
60
0
100
AcDbLine
10
204.054444
20
10.977249
30
0
11
204.037546
21
10.966582
31
0
39
0
210
0
220
0
230
1
0
LINE
5
9E
100
AcDbEntity
8
1
62
256
6
ByLayer
370
13
48
1
60
0
100
AcDbLine
10
203.81779
20
11.244181
30
0
11
204.054444
21
10.977249
31
0
39
0
210
0
220
0
230
1
0
LINE
5
9F
100
AcDbEntity
8
1
62
256
6
ByLayer
370
13
48
1
60
0
100
AcDbLine
10
205.690954
20
12.386089
30
0
11
205.927609
21
12.119156
31
0
39
0
210
0
220
0
230
1
0
LINE
5
A0
100
AcDbEntity
8
1
62
256
6
ByLayer
370
18
48
1
60
0
100
AcDbLine
10
205.944825
20
12.129286
30
0
11
205.927609
21
12.119156
31
0
39
0
210
0
220
0
230
1
0
LINE
5
A1
100
AcDbEntity
8
1
62
256
6
ByLayer
370
18
48
1
60
0
100
AcDbLine
10
203.798963
20
11.235689
30
0
11
204.037546
21
10.966582
31
0
39
0
210
0
220
0
230
1
0
LINE
5
A2
100
AcDbEntity
8
1
62
256
6
ByLayer
370
13
48
1
60
0
100
AcDbLine
10
204.607233
20
10.480144
30
0
11
204.736679
21
10.334136
31
0
39
0
210
0
220
0
230
1
0
LINE
5
A3
100
AcDbEntity
8
1
62
256
6
ByLayer
370
18
48
1
60
0
100
AcDbLine
10
205.706242
20
12.398393
30
0
11
205.944825
21
12.129286
31
0
39
0
210
0
220
0
230
1
0
LINE
5
A4
100
AcDbEntity
8
1
62
256
6
ByLayer
370
13
48
1
60
0
100
AcDbLine
10
205.985232
20
11.320191
30
0
11
206.056328
21
11.239999
31
0
39
0
210
0
220
0
230
1
0
LINE
5
A5
100
AcDbEntity
8
1
62
256
6
ByLayer
370
18
48
1
60
0
100
AcDbLine
10
204.605623
20
10.462729
30
0
11
204.714099
21
10.340374
31
0
39
0
210
0
220
0
230
1
0
LINE
5
A6
100
AcDbEntity
8
1
62
256
6
ByLayer
370
18
48
1
60
0
100
AcDbLine
10
206.000203
20
11.312885
30
0
11
206.05523
21
11.250818
31
0
39
0
210
0
220
0
230
1
0
LINE
5
A7
100
AcDbEntity
8
1
62
256
6
ByLayer
370
18
48
1
60
0
100
AcDbLine
10
203.253773
20
-13.530318
30
0
11
206.101012
21
-13.77866
31
0
39
0
210
0
220
0
230
1
0
LINE
5
A8
100
AcDbEntity
8
SK1
62
256
6
ByLayer
370
18
48
1
60
0
100
AcDbLine
10
0
20
11.49675
30
0
11
0
21
-11.49675
31
0
39
0
210
0
220
0
230
1
0
LINE
5
AA
100
AcDbEntity
8
SK1
62
256
6
ByLayer
370
18
48
1
60
0
100
AcDbLine
10
57
20
-12.49675
30
0
11
57
21
12.49675
31
0
39
0
210
0
220
0
230
1
0
LINE
5
AB
100
AcDbEntity
8
SK1
62
256
6
ByLayer
370
18
48
1
60
0
100
AcDbLine
10
1
20
12.49675
30
0
11
1
21
-12.49675
31
0
39
0
210
0
220
0
230
1
0
LINE
5
AC
100
AcDbEntity
8
1
62
256
6
ByLayer
370
18
48
1
60
0
100
AcDbLine
10
57
20
-12.49675
30
0
11
177
21
-12.49675
31
0
39
0
210
0
220
0
230
1
0
LINE
5
AD
100
AcDbEntity
8
1
62
256
6
ByLayer
370
18
48
1
60
0
100
AcDbLine
10
177
20
12.49675
30
0
11
57
21
12.49675
31
0
39
0
210
0
220
0
230
1
0
LINE
5
AE
100
AcDbEntity
8
1
62
256
6
ByLayer
370
18
48
1
60
0
100
AcDbLine
10
209.28447
20
8.164931
30
0
11
209.28447
21
9.059625
31
0
39
0
210
0
220
0
230
1
0
LINE
5
AF
100
AcDbEntity
8
1
62
256
6
ByLayer
370
18
48
1
60
0
100
AcDbLine
10
180.450979
20
12.19675
30
0
11
177.6245
21
12.19675
31
0
39
0
210
0
220
0
230
1
0
LINE
5
B0
100
AcDbEntity
8
1
62
256
6
ByLayer
370
18
48
1
60
0
100
AcDbLine
10
177.6245
20
-12.19675
30
0
11
180.450979
21
-12.19675
31
0
39
0
210
0
220
0
230
1
0
LINE
5
B1
100
AcDbEntity
8
1
62
256
6
ByLayer
370
18
48
1
60
0
100
AcDbLine
10
180.548655
20
-12.202735
30
0
11
187.19483
21
-13.020319
31
0
39
0
210
0
220
0
230
1
0
LINE
5
B2
100
AcDbEntity
8
1
62
256
6
ByLayer
370
18
48
1
60
0
100
AcDbLine
10
187.19483
20
13.020319
30
0
11
180.548655
21
12.202735
31
0
39
0
210
0
220
0
230
1
0
LINE
5
B3
100
AcDbEntity
8
1
62
256
6
ByLayer
370
18
48
1
60
0
100
AcDbLine
10
209.28447
20
-13.304986
30
0
11
209.28447
21
8.161363
31
0
39
0
210
0
220
0
230
1
0
LINE
5
B4
100
AcDbEntity
8
1
62
256
6
ByLayer
370
18
48
1
60
0
100
AcDbLine
10
204.085576
20
11.520386
30
0
11
203.852646
21
11.783117
31
0
39
0
210
0
220
0
230
1
0
LINE
5
B5
100
AcDbEntity
8
1
62
256
6
ByLayer
370
18
48
1
60
0
100
AcDbLine
10
205.263552
20
12.522534
30
0
11
205.490251
21
12.266831
31
0
39
0
210
0
220
0
230
1
0
LINE
5
B6
100
AcDbEntity
8
1
62
256
6
ByLayer
370
18
48
1
60
0
100
AcDbLine
10
204.78608
20
10.332666
30
0
11
204.55943
21
10.588314
31
0
39
0
210
0
220
0
230
1
0
LINE
5
B7
100
AcDbEntity
8
1
62
256
6
ByLayer
370
18
48
1
60
0
100
AcDbLine
10
205.957824
20
11.341843
30
0
11
206.056172
21
11.230913
31
0
39
0
210
0
220
0
230
1
0
LINE
5
B8
100
AcDbEntity
8
1
62
256
6
ByLayer
370
18
48
1
60
0
100
AcDbLine
10
206.822589
20
12.176573
30
0
11
206.673504
21
12.480845
31
0
39
0
210
0
220
0
230
1
0
LINE
5
B9
100
AcDbEntity
8
1
62
256
6
ByLayer
370
18
48
1
60
0
100
AcDbLine
10
203.78162
20
9.916984
30
0
11
204.065838
21
9.732516
31
0
39
0
210
0
220
0
230
1
0
LINE
5
BA
100
AcDbEntity
8
SK1
62
256
6
ByLayer
370
18
48
1
60
0
100
AcDbLine
10
0
20
-11.49675
30
0
11
1
21
-12.49675
31
0
39
0
210
0
220
0
230
1
0
LINE
5
BB
100
AcDbEntity
8
SK1
62
256
6
ByLayer
370
18
48
1
60
0
100
AcDbLine
10
1
20
12.49675
30
0
11
0
21
11.49675
31
0
39
0
210
0
220
0
230
1
0
LINE
5
BC
100
AcDbEntity
8
SK1
62
256
6
ByLayer
370
18
48
1
60
0
100
AcDbLine
10
1
20
-12.49675
30
0
11
57
21
-12.49675
31
0
39
0
210
0
220
0
230
1
0
LINE
5
BD
100
AcDbEntity
8
SK1
62
256
6
ByLayer
370
18
48
1
60
0
100
AcDbLine
10
57
20
12.49675
30
0
11
1
21
12.49675
31
0
39
0
210
0
220
0
230
1
0
LINE
5
BE
100
AcDbEntity
8
SK2
62
256
6
ByLayer
370
18
48
1
60
0
100
AcDbLine
10
210
20
37.25
30
0
11
0
21
37.25
31
0
39
0
210
0
220
0
230
1
0
LINE
5
C0
100
AcDbEntity
8
SK2
62
256
6
ByLayer
370
18
48
1
60
0
100
AcDbLine
10
0
20
13.08425
30
0
11
0
21
39.25
31
0
39
0
210
0
220
0
230
1
0
LINE
5
C1
100
AcDbEntity
8
SK2
62
256
6
ByLayer
370
18
48
1
60
0
100
AcDbLine
10
210
20
16.5875
30
0
11
210
21
39.25
31
0
39
0
210
0
220
0
230
1
0
LINE
5
C2
100
AcDbEntity
8
1
62
256
6
ByLayer
370
18
48
1
60
1
100
AcDbLine
10
0
20
37.25
30
0
11
3.499998
21
37.710784
31
0
39
0
210
0
220
0
230
1
0
LINE
5
C3
100
AcDbEntity
8
1
62
256
6
ByLayer
370
18
48
1
60
1
100
AcDbLine
10
3.499998
20
37.710784
30
0
11
3.500002
21
36.789216
31
0
39
0
210
0
220
0
230
1
0
LINE
5
C4
100
AcDbEntity
8
1
62
256
6
ByLayer
370
18
48
1
60
1
100
AcDbLine
10
3.500002
20
36.789216
30
0
11
0
21
37.25
31
0
39
0
210
0
220
0
230
1
0
LINE
5
C5
100
AcDbEntity
8
1
62
256
6
ByLayer
370
18
48
1
60
1
100
AcDbLine
10
210
20
37.25
30
0
11
206.500002
21
36.789216
31
0
39
0
210
0
220
0
230
1
0
LINE
5
C6
100
AcDbEntity
8
1
62
256
6
ByLayer
370
18
48
1
60
1
100
AcDbLine
10
206.500002
20
36.789216
30
0
11
206.499998
21
37.710784
31
0
39
0
210
0
220
0
230
1
0
LINE
5
C7
100
AcDbEntity
8
1
62
256
6
ByLayer
370
18
48
1
60
1
100
AcDbLine
10
206.499998
20
37.710784
30
0
11
210
21
37.25
31
0
39
0
210
0
220
0
230
1
0
LINE
5
C8
100
AcDbEntity
8
2
62
256
6
ByLayer
370
13
48
1
60
0
100
AcDbLine
10
220.294054
20
15
30
0
11
220.294054
21
-15
31
0
39
0
210
0
220
0
230
1
0
LINE
5
CA
100
AcDbEntity
8
2
62
256
6
ByLayer
370
13
48
1
60
0
100
AcDbLine
10
211.5875
20
-15
30
0
11
222.294054
21
-15
31
0
39
0
210
0
220
0
230
1
0
LINE
5
CB
100
AcDbEntity
8
2
62
256
6
ByLayer
370
13
48
1
60
0
100
AcDbLine
10
211.5875
20
15
30
0
11
222.294054
21
15
31
0
39
0
210
0
220
0
230
1
0
LINE
5
CC
100
AcDbEntity
8
1
62
256
6
ByLayer
370
18
48
1
60
1
100
AcDbLine
10
220.294054
20
-15
30
0
11
219.833271
21
-11.500002
31
0
39
0
210
0
220
0
230
1
0
LINE
5
CD
100
AcDbEntity
8
1
62
256
6
ByLayer
370
18
48
1
60
1
100
AcDbLine
10
219.833271
20
-11.500002
30
0
11
220.754838
21
-11.499998
31
0
39
0
210
0
220
0
230
1
0
LINE
5
CE
100
AcDbEntity
8
1
62
256
6
ByLayer
370
18
48
1
60
1
100
AcDbLine
10
220.754838
20
-11.499998
30
0
11
220.294054
21
-15
31
0
39
0
210
0
220
0
230
1
0
LINE
5
CF
100
AcDbEntity
8
1
62
256
6
ByLayer
370
18
48
1
60
1
100
AcDbLine
10
220.294054
20
15
30
0
11
220.754838
21
11.500002
31
0
39
0
210
0
220
0
230
1
0
LINE
5
D0
100
AcDbEntity
8
1
62
256
6
ByLayer
370
18
48
1
60
1
100
AcDbLine
10
220.754838
20
11.500002
30
0
11
219.833271
21
11.499998
31
0
39
0
210
0
220
0
230
1
0
LINE
5
D1
100
AcDbEntity
8
1
62
256
6
ByLayer
370
18
48
1
60
1
100
AcDbLine
10
219.833271
20
11.499998
30
0
11
220.294054
21
15
31
0
39
0
210
0
220
0
230
1
0
LINE
5
D2
100
AcDbEntity
8
SK2
62
256
6
ByLayer
370
18
48
1
60
0
100
AcDbLine
10
-16.6
20
12.49675
30
0
11
-16.6
21
-12.49675
31
0
39
0
210
0
220
0
230
1
0
LINE
5
D3
100
AcDbEntity
8
SK2
62
256
6
ByLayer
370
18
48
1
60
0
100
AcDbLine
10
-0.5875
20
-12.49675
30
0
11
-18.6
21
-12.49675
31
0
39
0
210
0
220
0
230
1
0
LINE
5
D4
100
AcDbEntity
8
SK2
62
256
6
ByLayer
370
18
48
1
60
0
100
AcDbLine
10
-0.5875
20
12.49675
30
0
11
-18.6
21
12.49675
31
0
39
0
210
0
220
0
230
1
0
LINE
5
D5
100
AcDbEntity
8
1
62
256
6
ByLayer
370
18
48
1
60
1
100
AcDbLine
10
-16.6
20
-12.49675
30
0
11
-17.060784
21
-8.996752
31
0
39
0
210
0
220
0
230
1
0
LINE
5
D6
100
AcDbEntity
8
1
62
256
6
ByLayer
370
18
48
1
60
1
100
AcDbLine
10
-17.060784
20
-8.996752
30
0
11
-16.139216
21
-8.996748
31
0
39
0
210
0
220
0
230
1
0
LINE
5
D7
100
AcDbEntity
8
1
62
256
6
ByLayer
370
18
48
1
60
1
100
AcDbLine
10
-16.139216
20
-8.996748
30
0
11
-16.6
21
-12.49675
31
0
39
0
210
0
220
0
230
1
0
LINE
5
D8
100
AcDbEntity
8
1
62
256
6
ByLayer
370
18
48
1
60
1
100
AcDbLine
10
-16.6
20
12.49675
30
0
11
-16.139216
21
8.996752
31
0
39
0
210
0
220
0
230
1
0
LINE
5
D9
100
AcDbEntity
8
1
62
256
6
ByLayer
370
18
48
1
60
1
100
AcDbLine
10
-16.139216
20
8.996752
30
0
11
-17.060784
21
8.996748
31
0
39
0
210
0
220
0
230
1
0
LINE
5
DA
100
AcDbEntity
8
1
62
256
6
ByLayer
370
18
48
1
60
1
100
AcDbLine
10
-17.060784
20
8.996748
30
0
11
-16.6
21
12.49675
31
0
39
0
210
0
220
0
230
1
0
LINE
5
1D0
100
AcDbEntity
8
1
62
256
6
ByLayer
370
18
48
1
60
1
100
AcDbLine
10
0
20
37.25
30
0
11
3.499998
21
37.710784
31
0
39
0
210
0
220
0
230
1
0
LINE
5
1D1
100
AcDbEntity
8
1
62
256
6
ByLayer
370
18
48
1
60
1
100
AcDbLine
10
3.499998
20
37.710784
30
0
11
3.500002
21
36.789216
31
0
39
0
210
0
220
0
230
1
0
LINE
5
1D2
100
AcDbEntity
8
1
62
256
6
ByLayer
370
18
48
1
60
1
100
AcDbLine
10
3.500002
20
36.789216
30
0
11
0
21
37.25
31
0
39
0
210
0
220
0
230
1
0
LINE
5
1D4
100
AcDbEntity
8
1
62
256
6
ByLayer
370
18
48
1
60
1
100
AcDbLine
10
210
20
37.25
30
0
11
206.500002
21
36.789216
31
0
39
0
210
0
220
0
230
1
0
LINE
5
1D5
100
AcDbEntity
8
1
62
256
6
ByLayer
370
18
48
1
60
1
100
AcDbLine
10
206.500002
20
36.789216
30
0
11
206.499998
21
37.710784
31
0
39
0
210
0
220
0
230
1
0
LINE
5
1D6
100
AcDbEntity
8
1
62
256
6
ByLayer
370
18
48
1
60
1
100
AcDbLine
10
206.499998
20
37.710784
30
0
11
210
21
37.25
31
0
39
0
210
0
220
0
230
1
0
LINE
5
1DA
100
AcDbEntity
8
1
62
256
6
ByLayer
370
18
48
1
60
1
100
AcDbLine
10
220.294054
20
-15
30
0
11
219.833271
21
-11.500002
31
0
39
0
210
0
220
0
230
1
0
LINE
5
1DB
100
AcDbEntity
8
1
62
256
6
ByLayer
370
18
48
1
60
1
100
AcDbLine
10
219.833271
20
-11.500002
30
0
11
220.754838
21
-11.499998
31
0
39
0
210
0
220
0
230
1
0
LINE
5
1DC
100
AcDbEntity
8
1
62
256
6
ByLayer
370
18
48
1
60
1
100
AcDbLine
10
220.754838
20
-11.499998
30
0
11
220.294054
21
-15
31
0
39
0
210
0
220
0
230
1
0
LINE
5
1DE
100
AcDbEntity
8
1
62
256
6
ByLayer
370
18
48
1
60
1
100
AcDbLine
10
220.294054
20
15
30
0
11
220.754838
21
11.500002
31
0
39
0
210
0
220
0
230
1
0
LINE
5
1DF
100
AcDbEntity
8
1
62
256
6
ByLayer
370
18
48
1
60
1
100
AcDbLine
10
220.754838
20
11.500002
30
0
11
219.833271
21
11.499998
31
0
39
0
210
0
220
0
230
1
0
LINE
5
1E0
100
AcDbEntity
8
1
62
256
6
ByLayer
370
18
48
1
60
1
100
AcDbLine
10
219.833271
20
11.499998
30
0
11
220.294054
21
15
31
0
39
0
210
0
220
0
230
1
0
LINE
5
1E4
100
AcDbEntity
8
1
62
256
6
ByLayer
370
18
48
1
60
1
100
AcDbLine
10
-16.6
20
-12.49675
30
0
11
-17.060784
21
-8.996752
31
0
39
0
210
0
220
0
230
1
0
LINE
5
1E5
100
AcDbEntity
8
1
62
256
6
ByLayer
370
18
48
1
60
1
100
AcDbLine
10
-17.060784
20
-8.996752
30
0
11
-16.139216
21
-8.996748
31
0
39
0
210
0
220
0
230
1
0
LINE
5
1E6
100
AcDbEntity
8
1
62
256
6
ByLayer
370
18
48
1
60
1
100
AcDbLine
10
-16.139216
20
-8.996748
30
0
11
-16.6
21
-12.49675
31
0
39
0
210
0
220
0
230
1
0
LINE
5
1E8
100
AcDbEntity
8
1
62
256
6
ByLayer
370
18
48
1
60
1
100
AcDbLine
10
-16.6
20
12.49675
30
0
11
-16.139216
21
8.996752
31
0
39
0
210
0
220
0
230
1
0
LINE
5
1E9
100
AcDbEntity
8
1
62
256
6
ByLayer
370
18
48
1
60
1
100
AcDbLine
10
-16.139216
20
8.996752
30
0
11
-17.060784
21
8.996748
31
0
39
0
210
0
220
0
230
1
0
LINE
5
1EA
100
AcDbEntity
8
1
62
256
6
ByLayer
370
18
48
1
60
1
100
AcDbLine
10
-17.060784
20
8.996748
30
0
11
-16.6
21
12.49675
31
0
39
0
210
0
220
0
230
1
0
MTEXT
5
1CD
100
AcDbEntity
8
SK2
62
256
6
ByLayer
370
18
48
1
60
0
100
AcDbMText
10
102.224734
20
38.282634
30
0
210
0
220
0
230
1
1
\W0.6217;210
40
3.5
41
0
44
1.084337
50
0
71
7
72
5
7
iso_b_vert
0
MTEXT
5
1D8
100
AcDbEntity
8
2
62
256
6
ByLayer
370
18
48
1
60
0
100
AcDbMText
10
218.729421
20
-4.530622
30
0
210
0
220
0
230
1
1
%%c
40
3.5
41
0
44
1.084337
50
90
71
7
72
5
7
iso_b_vert
0
MTEXT
5
1D9
100
AcDbEntity
8
2
62
256
6
ByLayer
370
18
48
1
60
0
100
AcDbMText
10
218.729421
20
2.442034
30
0
210
0
220
0
230
1
1
\W0.6740;30
40
3.5
41
0
44
1.084337
50
90
71
7
72
5
7
iso_b_vert
0
MTEXT
5
1E2
100
AcDbEntity
8
SK2
62
256
6
ByLayer
370
18
48
1
60
0
100
AcDbMText
10
-18.164634
20
-4.530622
30
0
210
0
220
0
230
1
1
%%c
40
3.5
41
0
44
1.084337
50
90
71
7
72
5
7
iso_b_vert
0
MTEXT
5
1E3
100
AcDbEntity
8
SK2
62
256
6
ByLayer
370
18
48
1
60
0
100
AcDbMText
10
-18.164634
20
2.442034
30
0
210
0
220
0
230
1
1
\W0.6740;25
40
3.5
41
0
44
1.084337
50
90
71
7
72
5
7
iso_b_vert
0
MTEXT
5
1EC
100
AcDbEntity
8
SK6
62
256
6
ByLayer
370
18
48
1
60
0
100
AcDbMText
10
83.361964
20
-41.217366
30
0
210
0
220
0
230
1
1
\W0.7722;MS20-R030A25L-10L
40
3.5
41
0
44
1.084337
50
0
71
7
72
5
7
iso_b_vert
0
HATCH
5
1D3
100
AcDbEntity
8
SK2
62
256
6
ByLayer
370
13
48
1
60
0
100
AcDbHatch
10
0
20
0
30
0
210
0
220
0
230
1
2
ANSI31
70
0
71
0
91
1
92
5
93
3
72
1
10
-4.26E-14
20
37.2499999999992
11
3.49999830744676
21
37.710783741552
72
1
10
3.49999830744676
20
37.710783741552
11
3.50000169255316
21
36.7892162584465
72
1
10
3.50000169255316
20
36.7892162584465
11
-4.26E-14
21
37.2499999999992
97
0
75
0
76
1
52
0
41
0.0062
77
0
78
1
53
45
43
0
44
0
45
-0.0139193969876572
46
0.0139193969876572
79
0
47
0
98
1
10
0
20
0
0
HATCH
5
1D7
100
AcDbEntity
8
SK2
62
256
6
ByLayer
370
13
48
1
60
0
100
AcDbHatch
10
0
20
0
30
0
210
0
220
0
230
1
2
ANSI31
70
0
71
0
91
1
92
5
93
3
72
1
10
210
20
37.2499999999992
11
206.500001692553
21
36.7892162584465
72
1
10
206.500001692553
20
36.7892162584465
11
206.499998307447
21
37.710783741552
72
1
10
206.499998307447
20
37.710783741552
11
210
21
37.2499999999992
97
0
75
0
76
1
52
0
41
0.0062
77
0
78
1
53
45
43
0
44
0
45
-0.0139193969876572
46
0.0139193969876572
79
0
47
0
98
1
10
0
20
0
0
HATCH
5
1DD
100
AcDbEntity
8
2
62
256
6
ByLayer
370
13
48
1
60
0
100
AcDbHatch
10
0
20
0
30
0
210
0
220
0
230
1
2
ANSI31
70
0
71
0
91
1
92
5
93
3
72
1
10
220.294054433711
20
-15.0000000000008
11
219.833270692158
21
-11.5000016925539
72
1
10
219.833270692158
20
-11.5000016925539
11
220.754838175263
21
-11.4999983074476
72
1
10
220.754838175263
20
-11.4999983074476
11
220.294054433711
21
-15.0000000000008
97
0
75
0
76
1
52
0
41
0.0062
77
0
78
1
53
45
43
0
44
0
45
-0.0139193969876572
46
0.0139193969876572
79
0
47
0
98
1
10
0
20
0
0
HATCH
5
1E1
100
AcDbEntity
8
2
62
256
6
ByLayer
370
13
48
1
60
0
100
AcDbHatch
10
0
20
0
30
0
210
0
220
0
230
1
2
ANSI31
70
0
71
0
91
1
92
5
93
3
72
1
10
220.294054433711
20
14.9999999999992
11
220.754838175263
21
11.5000016925524
72
1
10
220.754838175263
20
11.5000016925524
11
219.833270692158
21
11.4999983074461
72
1
10
219.833270692158
20
11.4999983074461
11
220.294054433711
21
14.9999999999992
97
0
75
0
76
1
52
0
41
0.0062
77
0
78
1
53
45
43
0
44
0
45
-0.0139193969876572
46
0.0139193969876572
79
0
47
0
98
1
10
0
20
0
0
HATCH
5
1E7
100
AcDbEntity
8
SK2
62
256
6
ByLayer
370
13
48
1
60
0
100
AcDbHatch
10
0
20
0
30
0
210
0
220
0
230
1
2
ANSI31
70
0
71
0
91
1
92
5
93
3
72
1
10
-16.6000000000001
20
-12.4967500000007
11
-17.0607837415529
21
-8.99675169255383
72
1
10
-17.0607837415529
20
-8.99675169255383
11
-16.1392162584473
21
-8.99674830744746
72
1
10
-16.1392162584473
20
-8.99674830744746
11
-16.6000000000001
21
-12.4967500000007
97
0
75
0
76
1
52
0
41
0.0062
77
0
78
1
53
45
43
0
44
0
45
-0.0139193969876572
46
0.0139193969876572
79
0
47
0
98
1
10
0
20
0
0
HATCH
5
1EB
100
AcDbEntity
8
SK2
62
256
6
ByLayer
370
13
48
1
60
0
100
AcDbHatch
10
0
20
0
30
0
210
0
220
0
230
1
2
ANSI31
70
0
71
0
91
1
92
5
93
3
72
1
10
-16.6000000000001
20
12.4967499999993
11
-16.1392162584473
21
8.99675169255252
72
1
10
-16.1392162584473
20
8.99675169255252
11
-17.0607837415529
21
8.99674830744615
72
1
10
-17.0607837415529
20
8.99674830744615
11
-16.6000000000001
21
12.4967499999993
97
0
75
0
76
1
52
0
41
0.0062
77
0
78
1
53
45
43
0
44
0
45
-0.0139193969876572
46
0.0139193969876572
79
0
47
0
98
1
10
0
20
0
0
DIMENSION
5
1EF
100
AcDbEntity
8
2
62
256
6
ByLayer
370
18
48
1
60
0
100
AcDbDimension
2
_U0
10
201
20
27.25
30
0
11
205.5
21
27.25
31
0
70
32
71
1
72
1
41
1
210
0
220
0
230
1
3
Standard
100
AcDbAlignedDimension
13
210
23
15
33
0
14
201
24
15
34
0
50
0
100
AcDbRotatedDimension
1001
ACAD
1000
DSTYLE
1002
{
1070
   371
1070
    13
1070
   372
1070
    13
1070
   170
1070
     0
1070
   144
1040
1.0
1070
   277
1070
     2
1070
   284
1070
     8
1070
   278
1070
    46
1070
   146
1040
1.0
1070
   345
1005
16
1070
   347
1005
16
1070
   346
1005
16
1070
   344
1005
0
1070
   343
1005
0
1070
   172
1070
     1
1070
    76
1070
     0
1070
    75
1070
     0
1070
   282
1070
     0
1070
   281
1070
     0
1070
    71
1070
     0
1070
    74
1070
     0
1070
   279
1070
     0
1070
   173
1070
     1
1070
   340
1005
1CE
1070
   271
1070
     2
1070
   272
1070
     2
1070
    77
1070
     1
1070
    73
1070
     1
1070
   171
1070
     3
1070
   274
1070
     4
1070
   177
1070
     2
1070
   176
1070
     2
1070
   178
1070
     2
1070
    78
1070
     8
1070
    48
1040
-0.1
1070
    41
1040
3.5
1070
   147
1040
1.75
1070
    42
1040
1.5875
1070
    44
1040
2.0
1070
   140
1040
3.5
1002
}
1001
ACAD_DSTYLE_DIM_LINETYPE
1070
   380
1005
16
1001
ACAD_DSTYLE_DIM_EXT1_LINETYPE
1070
   381
1005
16
1001
ACAD_DSTYLE_DIM_EXT2_LINETYPE
1070
   382
1005
16
0
DIMENSION
5
209
100
AcDbEntity
8
SK2
62
256
6
ByLayer
370
18
48
1
60
0
100
AcDbDimension
2
_U1
10
57
20
-30.75
30
0
11
133.5
21
-30.75
31
0
70
32
71
1
72
1
41
1
210
0
220
0
230
1
3
Standard
100
AcDbAlignedDimension
13
210
23
-15
33
0
14
57
24
-12.49675
34
0
50
0
100
AcDbRotatedDimension
1001
ACAD
1000
DSTYLE
1002
{
1070
   371
1070
    13
1070
   372
1070
    13
1070
   170
1070
     0
1070
   144
1040
1.0
1070
   277
1070
     2
1070
   284
1070
     8
1070
   278
1070
    46
1070
   146
1040
1.0
1070
   345
1005
16
1070
   347
1005
16
1070
   346
1005
16
1070
   344
1005
0
1070
   343
1005
0
1070
   172
1070
     1
1070
    76
1070
     0
1070
    75
1070
     0
1070
   282
1070
     0
1070
   281
1070
     0
1070
    71
1070
     0
1070
    74
1070
     0
1070
   279
1070
     0
1070
   173
1070
     1
1070
   340
1005
1CE
1070
   271
1070
     2
1070
   272
1070
     2
1070
    77
1070
     1
1070
    73
1070
     1
1070
   171
1070
     3
1070
   274
1070
     4
1070
   177
1070
     2
1070
   176
1070
     2
1070
   178
1070
     2
1070
    78
1070
     8
1070
    48
1040
-0.1
1070
    41
1040
3.5
1070
   147
1040
1.75
1070
    42
1040
1.5875
1070
    44
1040
2.0
1070
   140
1040
3.5
1002
}
1001
ACAD_DSTYLE_DIM_LINETYPE
1070
   380
1005
16
1001
ACAD_DSTYLE_DIM_EXT1_LINETYPE
1070
   381
1005
16
1001
ACAD_DSTYLE_DIM_EXT2_LINETYPE
1070
   382
1005
16
0
ENDSEC
0
SECTION
2
OBJECTS
0
DICTIONARY
5
292
330
0
100
AcDbDictionary
280
0
281
1
3
ACAD_GROUP
350
293
3
ACAD_MLINESTYLE
350
294
0
DICTIONARY
5
293
330
0
100
AcDbDictionary
280
0
281
1
0
DICTIONARY
5
294
330
0
100
AcDbDictionary
280
0
281
1
3
Standard
350
18
0
MLINESTYLE
5
18
330
294
100
AcDbMlineStyle
2
Standard
70
0
3

62
256
51
90
52
90
71
2
49
-0.5
62
256
6
ByLayer
49
0.5
62
256
6
ByLayer
0
RASTERVARIABLES
5
280
330

100
AcDbRasterVariables
90
0
70
1
71
1
72
1
0
ENDSEC
0
EOF
