0
SECTION
2
HEADER
9
$ACADVER
1
AC1015
9
$DWGCODEPAGE
3
ANSI_1252
9
$HANDSEED
5
2af
9
$ANGBASE
50
0
9
$ANGDIR
70
0
9
$ATTMODE
70
1
9
$AUNITS
70
0
9
$AUPREC
70
0
9
$CECOLOR
62
256
9
$CELTSCALE
40
1
9
$CELTYPE
6
ByLayer
9
$CELWEIGHT
370
18
9
$CLAYER
8
0
9
$CMLJUST
70
0
9
$CMLSCALE
40
1
9
$CMLSTYLE
2
Standard
9
$DIMSTYLE
2
Standard
9
$TEXTSIZE
40
0.2
9
$TEXTSTYLE
7
Standard
9
$LUNITS
70
2
9
$LUPREC
70
4
9
$EXTNAMES
290
1
9
$INSUNITS
70
4
9
$LTSCALE
40
1
9
$LWDISPLAY
290
1
9
$PDMODE
70
0
9
$PDSIZE
40
0
9
$PLINEGEN
70
0
0
ENDSEC
0
SECTION
2
CLASSES
0
CLASS
1
RASTERVARIABLES
2
AcDbRasterVariables
3
ISM
90
0
280
0
281
0
0
ENDSEC
0
SECTION
2
TABLES
0
TABLE
2
VPORT
5
2a5
100
AcDbSymbolTable
0
VPORT
5
1
100
AcDbSymbolTableRecord
100
AcDbViewportTableRecord
2
*Active
70
0
10
0
20
0
11
1
21
1
12
-1
22
1
13
0
23
0
14
0.5
24
0.5
15
10
25
10
16
0
26
0
36
1
17
0
27
0
37
0
0
ENDTAB
0
TABLE
2
LTYPE
5
2a6
100
AcDbSymbolTable
0
LTYPE
5
14
100
AcDbSymbolTableRecord
100
AcDbLinetypeTableRecord
70
0
2
ByBlock
3

72
65
73
0
40
0
0
LTYPE
5
15
100
AcDbSymbolTableRecord
100
AcDbLinetypeTableRecord
70
0
2
ByLayer
3

72
65
73
0
40
0
0
LTYPE
5
16
100
AcDbSymbolTableRecord
100
AcDbLinetypeTableRecord
70
0
2
Continuous
3
Solid line
72
65
73
0
40
0
0
LTYPE
5
6E
100
AcDbSymbolTableRecord
100
AcDbLinetypeTableRecord
70
0
2
CENTER
3
____ _ ____ _ ____ _ ____
72
65
73
4
40
47.5
49
22
74
0
49
-8.5
74
0
49
8.5
74
0
49
-8.5
74
0
0
LTYPE
5
6F
100
AcDbSymbolTableRecord
100
AcDbLinetypeTableRecord
70
0
2
DASHED
3
__ __ __ __ __ __ __ __ __
72
65
73
2
40
25.72
49
12.86
74
0
49
-12.86
74
0
0
ENDTAB
0
TABLE
2
LAYER
5
2a7
100
AcDbSymbolTable
0
LAYER
5
10
100
AcDbSymbolTableRecord
100
AcDbLayerTableRecord
2
0
70
0
62
7
6
Continuous
290
1
370
-3
390
0
0
LAYER
5
71
100
AcDbSymbolTableRecord
100
AcDbLayerTableRecord
2
80
70
0
62
-6
6
Continuous
290
1
370
-3
390
0
0
LAYER
5
73
100
AcDbSymbolTableRecord
100
AcDbLayerTableRecord
2
1
70
0
62
4
6
Continuous
290
1
370
-3
390
0
0
LAYER
5
75
100
AcDbSymbolTableRecord
100
AcDbLayerTableRecord
2
81
70
0
62
-3
6
Continuous
290
1
370
-3
390
0
0
LAYER
5
7C
100
AcDbSymbolTableRecord
100
AcDbLayerTableRecord
2
4
70
0
62
-2
6
CENTER
290
1
370
-3
390
0
0
LAYER
5
C7
100
AcDbSymbolTableRecord
100
AcDbLayerTableRecord
2
2
70
0
62
7
6
Continuous
290
1
370
-3
390
0
0
LAYER
5
1EA
100
AcDbSymbolTableRecord
100
AcDbLayerTableRecord
2
Defpoints
70
0
62
7
6
Continuous
290
0
370
-3
390
0
0
LAYER
5
291
100
AcDbSymbolTableRecord
100
AcDbLayerTableRecord
2
SK4
70
0
62
2
6
CENTER
290
1
370
-3
390
0
0
LAYER
5
292
100
AcDbSymbolTableRecord
100
AcDbLayerTableRecord
2
SK1
70
0
62
4
6
Continuous
290
1
370
-3
390
0
0
LAYER
5
293
100
AcDbSymbolTableRecord
100
AcDbLayerTableRecord
2
SK2
70
0
62
7
6
Continuous
290
1
370
-3
390
0
0
LAYER
5
294
100
AcDbSymbolTableRecord
100
AcDbLayerTableRecord
2
SK6
70
0
62
5
6
Continuous
290
1
370
-3
390
0
0
ENDTAB
0
TABLE
2
STYLE
5
2a8
100
AcDbSymbolTable
0
STYLE
5
11
100
AcDbSymbolTableRecord
100
AcDbTextStyleTableRecord
2
Standard
3
txt
70
0
71
0
40
0
41
1
42
0
50
0
0
STYLE
5
1C6
100
AcDbSymbolTableRecord
100
AcDbTextStyleTableRecord
2
iso_b_vert
3
simplex.shx
70
0
71
0
40
0
41
1
42
0
50
0
0
STYLE
5
1C7
100
AcDbSymbolTableRecord
100
AcDbTextStyleTableRecord
2
DWGDirectTextStyle
3
simplex
70
0
71
0
40
0
41
1
42
0
50
0
0
ENDTAB
0
TABLE
2
DIMSTYLE
5
2a9
100
AcDbSymbolTable
100
AcDbDimStyleTable
0
DIMSTYLE
105
27
100
AcDbSymbolTableRecord
100
AcDbDimStyleTableRecord
2
Standard
70
0
3
<>
41
0.18
42
0.0625
44
0.18
140
0.18
147
0.09
73
0
74
0
77
1
271
2
275
0
278
52
280
0
340
11
0
ENDTAB
0
TABLE
2
VIEW
5
2aa
100
AcDbSymbolTable
0
ENDTAB
0
TABLE
2
UCS
5
2ab
100
AcDbSymbolTable
0
ENDTAB
0
TABLE
2
APPID
5
2ac
100
AcDbSymbolTable
0
APPID
5
12
100
AcDbSymbolTableRecord
100
AcDbRegAppTableRecord
2
ACAD
70
0
0
APPID
5
1E6
100
AcDbSymbolTableRecord
100
AcDbRegAppTableRecord
2
ACAD_DSTYLE_DIMBREAK
70
0
0
APPID
5
250
100
AcDbSymbolTableRecord
100
AcDbRegAppTableRecord
2
ACAD_DSTYLE_DIM_LINETYPE
70
0
0
APPID
5
251
100
AcDbSymbolTableRecord
100
AcDbRegAppTableRecord
2
ACAD_DSTYLE_DIM_EXT1_LINETYPE
70
0
0
APPID
5
252
100
AcDbSymbolTableRecord
100
AcDbRegAppTableRecord
2
ACAD_DSTYLE_DIM_EXT2_LINETYPE
70
0
0
APPID
5
28D
100
AcDbSymbolTableRecord
100
AcDbRegAppTableRecord
2
ACAD_MLEADERVER
70
0
0
ENDTAB
0
TABLE
2
BLOCK_RECORD
5
2ad
100
AcDbSymbolTable
0
BLOCK_RECORD
5
1F
100
AcDbSymbolTableRecord
100
AcDbBlockTableRecord
2
*Model_Space
340
0
70
0
0
BLOCK_RECORD
5
1B
100
AcDbSymbolTableRecord
100
AcDbBlockTableRecord
2
*Paper_Space
340
0
70
0
0
BLOCK_RECORD
5
23
100
AcDbSymbolTableRecord
100
AcDbBlockTableRecord
2
*Paper_Space0
340
0
70
0
0
BLOCK_RECORD
5
1EB
100
AcDbSymbolTableRecord
100
AcDbBlockTableRecord
2
*D1
340
0
70
0
0
BLOCK_RECORD
5
1F8
100
AcDbSymbolTableRecord
100
AcDbBlockTableRecord
2
_U0
340
0
70
0
0
BLOCK_RECORD
5
204
100
AcDbSymbolTableRecord
100
AcDbBlockTableRecord
2
*D3
340
0
70
0
0
BLOCK_RECORD
5
210
100
AcDbSymbolTableRecord
100
AcDbBlockTableRecord
2
_U1
340
0
70
0
0
BLOCK_RECORD
5
21C
100
AcDbSymbolTableRecord
100
AcDbBlockTableRecord
2
*D5
340
0
70
0
0
BLOCK_RECORD
5
228
100
AcDbSymbolTableRecord
100
AcDbBlockTableRecord
2
_U2
340
0
70
0
0
ENDTAB
0
ENDSEC
0
SECTION
2
BLOCKS
0
BLOCK
5
20
100
AcDbEntity
8
0
100
AcDbBlockBegin
2
*Model_Space
70
0
10
0
20
0
30
0
3
*Model_Space
0
ENDBLK
5
21
100
AcDbEntity
8
0
100
AcDbBlockEnd
0
BLOCK
5
1C
100
AcDbEntity
8
0
100
AcDbBlockBegin
2
*Paper_Space
70
0
10
0
20
0
30
0
3
*Paper_Space
0
ENDBLK
5
1D
100
AcDbEntity
8
0
100
AcDbBlockEnd
0
BLOCK
5
24
100
AcDbEntity
8
0
100
AcDbBlockBegin
2
*Paper_Space0
70
0
10
0
20
0
30
0
3
*Paper_Space0
0
ENDBLK
5
25
100
AcDbEntity
8
0
100
AcDbBlockEnd
0
BLOCK
5
1EC
100
AcDbEntity
8
0
100
AcDbBlockBegin
2
*D1
70
1
10
0
20
0
30
0
3
*D1
0
LINE
5
1EE
100
AcDbEntity
8
0
62
256
6
ByLayer
370
-2
48
1
60
0
100
AcDbLine
10
210
20
14.0875
30
0
11
210
21
26.75
31
0
39
0
210
0
220
0
230
1
0
LINE
5
1EF
100
AcDbEntity
8
0
62
256
6
ByLayer
370
-2
48
1
60
0
100
AcDbLine
10
201
20
14.0875
30
0
11
201
21
26.75
31
0
39
0
210
0
220
0
230
1
0
LINE
5
1F0
100
AcDbEntity
8
0
62
256
6
ByLayer
370
-2
48
1
60
0
100
AcDbLine
10
213.5
20
24.75
30
0
11
217
21
24.75
31
0
39
0
210
0
220
0
230
1
0
LINE
5
1F1
100
AcDbEntity
8
0
62
256
6
ByLayer
370
-2
48
1
60
0
100
AcDbLine
10
197.5
20
24.75
30
0
11
194
21
24.75
31
0
39
0
210
0
220
0
230
1
0
SOLID
5
1F2
100
AcDbEntity
8
0
62
256
6
ByLayer
370
-1
48
1
60
0
100
AcDbTrace
10
213.5
20
25.333333
30
0
11
213.5
21
24.166667
31
0
12
210
22
24.75
32
0
13
210
23
24.75
33
0
39
0
210
0
220
0
230
1
0
SOLID
5
1F3
100
AcDbEntity
8
0
62
256
6
ByLayer
370
-1
48
1
60
0
100
AcDbTrace
10
197.5
20
24.166667
30
0
11
197.5
21
25.333333
31
0
12
201
22
24.75
32
0
13
201
23
24.75
33
0
39
0
210
0
220
0
230
1
0
MTEXT
5
1F4
100
AcDbEntity
8
0
62
256
6
ByLayer
370
18
48
1
60
0
100
AcDbMText
10
205.5
20
31.75
30
0
210
0
220
0
230
1
1
\A1;9
40
3.5
41
0
44
1
50
0
71
5
72
5
7
iso_b_vert
0
POINT
5
1F5
100
AcDbEntity
8
Defpoints
62
0
6
ByLayer
370
-1
48
1
60
0
100
AcDbPoint
10
210
20
12.5
30
0
39
0
210
0
220
0
230
1
50
360
0
POINT
5
1F6
100
AcDbEntity
8
Defpoints
62
0
6
ByLayer
370
-1
48
1
60
0
100
AcDbPoint
10
201
20
12.5
30
0
39
0
210
0
220
0
230
1
50
360
0
POINT
5
1F7
100
AcDbEntity
8
Defpoints
62
0
6
ByLayer
370
-1
48
1
60
0
100
AcDbPoint
10
201
20
24.75
30
0
39
0
210
0
220
0
230
1
50
360
0
ENDBLK
5
1ED
100
AcDbEntity
8
0
100
AcDbBlockEnd
0
BLOCK
5
1FF
100
AcDbEntity
8
0
100
AcDbBlockBegin
2
_U0
70
0
10
0
20
0
30
0
3
_U0
0
MTEXT
5
1F9
100
AcDbEntity
8
2
62
256
6
ByLayer
370
18
48
1
60
0
100
AcDbMText
10
204.902767
20
25.782634
30
0
210
0
220
0
230
1
1
\W0.5742;9
40
3.5
41
0
44
1.084337
50
0
71
7
72
5
7
iso_b_vert
0
LINE
5
1FA
100
AcDbEntity
8
2
62
256
6
ByLayer
370
13
48
1
60
0
100
AcDbLine
10
210
20
14.0875
30
0
11
210
21
26.75
31
0
39
0
210
0
220
0
230
1
0
LINE
5
1FB
100
AcDbEntity
8
2
62
256
6
ByLayer
370
13
48
1
60
0
100
AcDbLine
10
201
20
14.0875
30
0
11
201
21
26.75
31
0
39
0
210
0
220
0
230
1
0
LINE
5
1FC
100
AcDbEntity
8
2
62
256
6
ByLayer
370
13
48
1
60
0
100
AcDbLine
10
210
20
24.75
30
0
11
201
21
24.75
31
0
39
0
210
0
220
0
230
1
0
SOLID
5
1FD
100
AcDbEntity
8
2
62
256
6
ByLayer
370
18
48
1
60
0
100
AcDbTrace
10
210
20
24.75
30
0
11
206.500002
21
24.289216
31
0
12
206.499998
22
25.210784
32
0
13
206.499998
23
25.210784
33
0
39
0
210
0
220
0
230
1
0
SOLID
5
1FE
100
AcDbEntity
8
2
62
256
6
ByLayer
370
18
48
1
60
0
100
AcDbTrace
10
201
20
24.75
30
0
11
204.499998
21
25.210784
31
0
12
204.500002
22
24.289216
32
0
13
204.500002
23
24.289216
33
0
39
0
210
0
220
0
230
1
0
ENDBLK
5
200
100
AcDbEntity
8
0
100
AcDbBlockEnd
0
BLOCK
5
205
100
AcDbEntity
8
0
100
AcDbBlockBegin
2
*D3
70
1
10
0
20
0
30
0
3
*D3
0
LINE
5
207
100
AcDbEntity
8
0
62
256
6
ByLayer
370
-2
48
1
60
0
100
AcDbLine
10
210
20
14.0875
30
0
11
210
21
36.75
31
0
39
0
210
0
220
0
230
1
0
LINE
5
208
100
AcDbEntity
8
0
62
256
6
ByLayer
370
-2
48
1
60
0
100
AcDbLine
10
160
20
14.0875
30
0
11
160
21
36.75
31
0
39
0
210
0
220
0
230
1
0
LINE
5
209
100
AcDbEntity
8
0
62
256
6
ByLayer
370
-2
48
1
60
0
100
AcDbLine
10
206.5
20
34.75
30
0
11
163.5
21
34.75
31
0
39
0
210
0
220
0
230
1
0
SOLID
5
20A
100
AcDbEntity
8
0
62
256
6
ByLayer
370
-1
48
1
60
0
100
AcDbTrace
10
206.5
20
34.166667
30
0
11
206.5
21
35.333333
31
0
12
210
22
34.75
32
0
13
210
23
34.75
33
0
39
0
210
0
220
0
230
1
0
SOLID
5
20B
100
AcDbEntity
8
0
62
256
6
ByLayer
370
-1
48
1
60
0
100
AcDbTrace
10
163.5
20
35.333333
30
0
11
163.5
21
34.166667
31
0
12
160
22
34.75
32
0
13
160
23
34.75
33
0
39
0
210
0
220
0
230
1
0
MTEXT
5
20C
100
AcDbEntity
8
0
62
256
6
ByLayer
370
18
48
1
60
0
100
AcDbMText
10
185
20
41.75
30
0
210
0
220
0
230
1
1
\A1;50
40
3.5
41
0
44
1
50
0
71
5
72
5
7
iso_b_vert
0
POINT
5
20D
100
AcDbEntity
8
Defpoints
62
0
6
ByLayer
370
-1
48
1
60
0
100
AcDbPoint
10
210
20
12.5
30
0
39
0
210
0
220
0
230
1
50
360
0
POINT
5
20E
100
AcDbEntity
8
Defpoints
62
0
6
ByLayer
370
-1
48
1
60
0
100
AcDbPoint
10
160
20
12.5
30
0
39
0
210
0
220
0
230
1
50
360
0
POINT
5
20F
100
AcDbEntity
8
Defpoints
62
0
6
ByLayer
370
-1
48
1
60
0
100
AcDbPoint
10
160
20
34.75
30
0
39
0
210
0
220
0
230
1
50
360
0
ENDBLK
5
206
100
AcDbEntity
8
0
100
AcDbBlockEnd
0
BLOCK
5
217
100
AcDbEntity
8
0
100
AcDbBlockBegin
2
_U1
70
0
10
0
20
0
30
0
3
_U1
0
MTEXT
5
211
100
AcDbEntity
8
2
62
256
6
ByLayer
370
18
48
1
60
0
100
AcDbMText
10
183.095034
20
35.782634
30
0
210
0
220
0
230
1
1
\W0.6740;50
40
3.5
41
0
44
1.084337
50
0
71
7
72
5
7
iso_b_vert
0
LINE
5
212
100
AcDbEntity
8
2
62
256
6
ByLayer
370
13
48
1
60
0
100
AcDbLine
10
210
20
14.0875
30
0
11
210
21
36.75
31
0
39
0
210
0
220
0
230
1
0
LINE
5
213
100
AcDbEntity
8
2
62
256
6
ByLayer
370
13
48
1
60
0
100
AcDbLine
10
160
20
14.0875
30
0
11
160
21
36.75
31
0
39
0
210
0
220
0
230
1
0
LINE
5
214
100
AcDbEntity
8
2
62
256
6
ByLayer
370
13
48
1
60
0
100
AcDbLine
10
210
20
34.75
30
0
11
160
21
34.75
31
0
39
0
210
0
220
0
230
1
0
SOLID
5
215
100
AcDbEntity
8
2
62
256
6
ByLayer
370
18
48
1
60
0
100
AcDbTrace
10
210
20
34.75
30
0
11
206.500002
21
34.289216
31
0
12
206.499998
22
35.210784
32
0
13
206.499998
23
35.210784
33
0
39
0
210
0
220
0
230
1
0
SOLID
5
216
100
AcDbEntity
8
2
62
256
6
ByLayer
370
18
48
1
60
0
100
AcDbTrace
10
160
20
34.75
30
0
11
163.499998
21
35.210784
31
0
12
163.500002
22
34.289216
32
0
13
163.500002
23
34.289216
33
0
39
0
210
0
220
0
230
1
0
ENDBLK
5
218
100
AcDbEntity
8
0
100
AcDbBlockEnd
0
BLOCK
5
21D
100
AcDbEntity
8
0
100
AcDbBlockBegin
2
*D5
70
1
10
0
20
0
30
0
3
*D5
0
LINE
5
21F
100
AcDbEntity
8
0
62
256
6
ByLayer
370
-2
48
1
60
0
100
AcDbLine
10
210
20
-14.0875
30
0
11
210
21
-30.25
31
0
39
0
210
0
220
0
230
1
0
LINE
5
220
100
AcDbEntity
8
0
62
256
6
ByLayer
370
-2
48
1
60
0
100
AcDbLine
10
57
20
-14.08425
30
0
11
57
21
-30.25
31
0
39
0
210
0
220
0
230
1
0
LINE
5
221
100
AcDbEntity
8
0
62
256
6
ByLayer
370
-2
48
1
60
0
100
AcDbLine
10
206.5
20
-28.25
30
0
11
60.5
21
-28.25
31
0
39
0
210
0
220
0
230
1
0
SOLID
5
222
100
AcDbEntity
8
0
62
256
6
ByLayer
370
-1
48
1
60
0
100
AcDbTrace
10
206.5
20
-28.833333
30
0
11
206.5
21
-27.666667
31
0
12
210
22
-28.25
32
0
13
210
23
-28.25
33
0
39
0
210
0
220
0
230
1
0
SOLID
5
223
100
AcDbEntity
8
0
62
256
6
ByLayer
370
-1
48
1
60
0
100
AcDbTrace
10
60.5
20
-27.666667
30
0
11
60.5
21
-28.833333
31
0
12
57
22
-28.25
32
0
13
57
23
-28.25
33
0
39
0
210
0
220
0
230
1
0
MTEXT
5
224
100
AcDbEntity
8
0
62
256
6
ByLayer
370
18
48
1
60
0
100
AcDbMText
10
133.5
20
-21.25
30
0
210
0
220
0
230
1
1
\A1;153
40
3.5
41
0
44
1
50
0
71
5
72
5
7
iso_b_vert
0
POINT
5
225
100
AcDbEntity
8
Defpoints
62
0
6
ByLayer
370
-1
48
1
60
0
100
AcDbPoint
10
210
20
-12.5
30
0
39
0
210
0
220
0
230
1
50
360
0
POINT
5
226
100
AcDbEntity
8
Defpoints
62
0
6
ByLayer
370
-1
48
1
60
0
100
AcDbPoint
10
57
20
-12.49675
30
0
39
0
210
0
220
0
230
1
50
360
0
POINT
5
227
100
AcDbEntity
8
Defpoints
62
0
6
ByLayer
370
-1
48
1
60
0
100
AcDbPoint
10
57
20
-28.25
30
0
39
0
210
0
220
0
230
1
50
360
0
ENDBLK
5
21E
100
AcDbEntity
8
0
100
AcDbBlockEnd
0
BLOCK
5
230
100
AcDbEntity
8
0
100
AcDbBlockBegin
2
_U2
70
0
10
0
20
0
30
0
3
_U2
0
MTEXT
5
229
100
AcDbEntity
8
SK2
62
256
6
ByLayer
370
18
48
1
60
0
100
AcDbMText
10
122.454201
20
-27.217366
30
0
210
0
220
0
230
1
1
\W0.7298;OHX =
40
3.5
41
0
44
1.084337
50
0
71
7
72
5
7
iso_b_vert
0
MTEXT
5
22A
100
AcDbEntity
8
SK2
62
256
6
ByLayer
370
18
48
1
60
0
100
AcDbMText
10
138.995267
20
-27.217366
30
0
210
0
220
0
230
1
1
\W0.6217;153
40
3.5
41
0
44
1.084337
50
0
71
7
72
5
7
iso_b_vert
0
LINE
5
22B
100
AcDbEntity
8
SK2
62
256
6
ByLayer
370
13
48
1
60
0
100
AcDbLine
10
210
20
-14.0875
30
0
11
210
21
-30.25
31
0
39
0
210
0
220
0
230
1
0
LINE
5
22C
100
AcDbEntity
8
SK2
62
256
6
ByLayer
370
13
48
1
60
0
100
AcDbLine
10
57
20
-14.08425
30
0
11
57
21
-30.25
31
0
39
0
210
0
220
0
230
1
0
LINE
5
22D
100
AcDbEntity
8
SK2
62
256
6
ByLayer
370
13
48
1
60
0
100
AcDbLine
10
210
20
-28.25
30
0
11
57
21
-28.25
31
0
39
0
210
0
220
0
230
1
0
SOLID
5
22E
100
AcDbEntity
8
SK2
62
256
6
ByLayer
370
18
48
1
60
0
100
AcDbTrace
10
210
20
-28.25
30
0
11
206.500002
21
-28.710784
31
0
12
206.499998
22
-27.789216
32
0
13
206.499998
23
-27.789216
33
0
39
0
210
0
220
0
230
1
0
SOLID
5
22F
100
AcDbEntity
8
SK2
62
256
6
ByLayer
370
18
48
1
60
0
100
AcDbTrace
10
57
20
-28.25
30
0
11
60.499998
21
-27.789216
31
0
12
60.500002
22
-28.710784
32
0
13
60.500002
23
-28.710784
33
0
39
0
210
0
220
0
230
1
0
ENDBLK
5
231
100
AcDbEntity
8
0
100
AcDbBlockEnd
0
ENDSEC
0
SECTION
2
ENTITIES
0
ARC
5
D9
100
AcDbEntity
8
1
62
256
6
ByLayer
370
18
48
1
60
0
100
AcDbCircle
39
0
10
159.553686
20
12.465
30
0
40
0.8
210
0
220
0
230
1
100
AcDbArc
50
199.591542
51
270
0
ARC
5
DA
100
AcDbEntity
8
1
62
256
6
ByLayer
370
18
48
1
60
0
100
AcDbCircle
39
0
10
159.553686
20
-12.465
30
0
40
0.8
210
0
220
0
230
1
100
AcDbArc
50
90
51
160.408458
0
ELLIPSE
5
DB
100
AcDbEntity
8
1
62
256
6
ByLayer
370
13
48
1
60
0
100
AcDbEllipse
10
199.632677
20
9.043615
30
0
11
0.924978051368292
21
-0.380020531664957
31
0
210
0
220
0
230
1
40
0.128507
41
-2.16207028456718
42
-1.4269037619554
0
ELLIPSE
5
DC
100
AcDbEntity
8
1
62
256
6
ByLayer
370
13
48
1
60
0
100
AcDbEllipse
10
199.49743
20
8.52856
30
0
11
0.99250831181997
21
-0.122177129481227
31
0
210
0
220
0
230
1
40
0.187174
41
-2.20316030721513
42
-1.35238076737935
0
ELLIPSE
5
DD
100
AcDbEntity
8
1
62
256
6
ByLayer
370
13
48
1
60
0
100
AcDbEllipse
10
201.704852
20
6.61602
30
0
11
0.245402716145465
21
1.22567430702794
31
0
210
0
220
0
230
1
40
0.856106
41
2.55474531618026
42
2.73214392175364
0
ELLIPSE
5
DE
100
AcDbEntity
8
1
62
256
6
ByLayer
370
13
48
1
60
0
100
AcDbEllipse
10
199.402237
20
7.755259
30
0
11
0.99250831181997
21
-0.122177129481227
31
0
210
0
220
0
230
1
40
0.187174
41
-2.21079071653997
42
-1.27816193376019
0
ELLIPSE
5
DF
100
AcDbEntity
8
1
62
256
6
ByLayer
370
18
48
1
60
0
100
AcDbEllipse
10
86.921731
20
3.215549
30
0
11
124.575570928817
21
2.5456705891093
31
0
210
0
220
0
230
1
40
0.001791
41
0.232702575250931
42
0.405974102711593
0
ELLIPSE
5
E0
100
AcDbEntity
8
1
62
256
6
ByLayer
370
18
48
1
60
0
100
AcDbEllipse
10
203.781181
20
6.518322
30
0
11
3.8567506560352
21
1.07906471190477
31
0
210
0
220
0
230
1
40
0.062897
41
-2.46984209305777
42
-2.26371281930773
0
ELLIPSE
5
E1
100
AcDbEntity
8
1
62
256
6
ByLayer
370
18
48
1
60
0
100
AcDbEllipse
10
209.076258
20
6.506766
30
0
11
1.29306248076866
21
-2.69064731858269
31
0
210
0
220
0
230
1
40
0.383756
41
-1.51511744845798
42
-1.47496998334842
0
ELLIPSE
5
E2
100
AcDbEntity
8
1
62
256
6
ByLayer
370
18
48
1
60
0
100
AcDbEllipse
10
209.371436
20
6.102268
30
0
11
1.22783047470358
21
0.375667103150874
31
0
210
0
220
0
230
1
40
0.715645
41
2.99218584149053
42
3.12181998128001
0
ELLIPSE
5
E3
100
AcDbEntity
8
1
62
256
6
ByLayer
370
18
48
1
60
0
100
AcDbEllipse
10
199.377754
20
-14.263556
30
0
11
13.3923159270166
21
10.3620649526613
31
0
210
0
220
0
230
1
40
0.069692
41
1.34306624336432
42
1.35755010977035
0
ELLIPSE
5
E4
100
AcDbEntity
8
1
62
256
6
ByLayer
370
18
48
1
60
0
100
AcDbEllipse
10
206.027569
20
-7.362524
30
0
11
-0.994462333284653
21
0.837284102128895
31
0
210
0
220
0
230
1
40
0.962969
41
-2.46032013202733
42
0.681272521562532
0
ELLIPSE
5
E5
100
AcDbEntity
8
1
62
256
6
ByLayer
370
13
48
1
60
0
100
AcDbEllipse
10
206.231004
20
-7.120899
30
0
11
-1.75
21
6.43155504981979E-15
31
0
210
0
220
0
230
1
40
0.209428
41
2.23359161020571
42
2.96705972839036
0
ELLIPSE
5
E6
100
AcDbEntity
8
1
62
256
6
ByLayer
370
13
48
1
60
0
100
AcDbEllipse
10
206.231004
20
-7.120899
30
0
11
-1.75
21
6.43155504981979E-15
31
0
210
0
220
0
230
1
40
0.209428
41
0.365436624707471
42
0.558935192985177
0
ELLIPSE
5
E7
100
AcDbEntity
8
1
62
256
6
ByLayer
370
13
48
1
60
0
100
AcDbEllipse
10
206.231004
20
-7.120899
30
0
11
1.33869929480635
21
-1.12711321440434
31
0
210
0
220
0
230
1
40
0.962969
41
0.681272521562503
42
3.02082615432275
0
ELLIPSE
5
E8
100
AcDbEntity
8
1
62
256
6
ByLayer
370
18
48
1
60
0
100
AcDbEllipse
10
206.773529
20
-0.012983
30
0
11
0.454622735181488
21
11.9453531108488
31
0
210
0
220
0
230
1
40
0.172177
41
-2.32890143335603
42
-2.17750653398326
0
ELLIPSE
5
E9
100
AcDbEntity
8
1
62
256
6
ByLayer
370
18
48
1
60
0
100
AcDbEllipse
10
203.236197
20
0.006805
30
0
11
0.453324782326814
21
11.9114779347826
31
0
210
0
220
0
230
1
40
0.172175
41
-2.27388235396368
42
-2.18058737683134
0
ELLIPSE
5
EA
100
AcDbEntity
8
1
62
256
6
ByLayer
370
18
48
1
60
0
100
AcDbEllipse
10
205.962994
20
-7.799067
30
0
11
-0.803219576883819
21
0.67626792864262
31
0
210
0
220
0
230
1
40
0.962969
41
-2.46032005234359
42
0
0
ELLIPSE
5
EB
100
AcDbEntity
8
1
62
256
6
ByLayer
370
18
48
1
60
0
100
AcDbEllipse
10
205.962994
20
-7.799067
30
0
11
-0.803219576883819
21
0.67626792864262
31
0
210
0
220
0
230
1
40
0.962969
41
0
42
1.35023542793285
0
ELLIPSE
5
EC
100
AcDbEntity
8
1
62
256
6
ByLayer
370
18
48
1
60
0
100
AcDbEllipse
10
205.962994
20
-7.799067
30
0
11
-0.803219576883819
21
0.67626792864262
31
0
210
0
220
0
230
1
40
0.962969
41
-3.08490782835072
42
-2.46032005234359
0
ELLIPSE
5
ED
100
AcDbEntity
8
1
62
256
6
ByLayer
370
18
48
1
60
0
100
AcDbEllipse
10
205.138165
20
8.778736
30
0
11
0.760687187860268
21
0.640457931659244
31
0
210
0
220
0
230
1
40
0.962969
41
-0.103513639042212
42
0.365925029634058
0
ELLIPSE
5
EE
100
AcDbEntity
8
1
62
256
6
ByLayer
370
18
48
1
60
0
100
AcDbEllipse
10
205.138165
20
8.778736
30
0
11
0.760687187860268
21
0.640457931659244
31
0
210
0
220
0
230
1
40
0.962969
41
0.365925029634054
42
1.4131225808307
0
ELLIPSE
5
EF
100
AcDbEntity
8
1
62
256
6
ByLayer
370
18
48
1
60
0
100
AcDbEllipse
10
205.138165
20
8.778736
30
0
11
0.760687187860268
21
0.640457931659244
31
0
210
0
220
0
230
1
40
0.962969
41
1.41312258083064
42
2.46032013202728
0
ELLIPSE
5
F0
100
AcDbEntity
8
1
62
256
6
ByLayer
370
18
48
1
60
0
100
AcDbEllipse
10
205.138165
20
8.778736
30
0
11
-0.760687187860269
21
-0.640457931659243
31
0
210
0
220
0
230
1
40
0.962969
41
-0.681272521562511
42
-0.0872989354136719
0
ELLIPSE
5
F1
100
AcDbEntity
8
1
62
256
6
ByLayer
370
18
48
1
60
0
100
AcDbEllipse
10
205.138165
20
8.778736
30
0
11
0.760687187860268
21
0.640457931659244
31
0
210
0
220
0
230
1
40
0.962969
41
-2.68174749738397
42
-2.50537604576911
0
ELLIPSE
5
F2
100
AcDbEntity
8
1
62
256
6
ByLayer
370
18
48
1
60
0
100
AcDbEllipse
10
204.575988
20
9.724791
30
0
11
0.257388999153038
21
0.158228677068089
31
0
210
0
220
0
230
1
40
0.469889
41
-2.86474034405639
42
-1.57785568350156
0
ELLIPSE
5
F3
100
AcDbEntity
8
1
62
256
6
ByLayer
370
18
48
1
60
0
100
AcDbEllipse
10
204.575988
20
9.724791
30
0
11
0.257388999155584
21
0.158228677066633
31
0
210
0
220
0
230
1
40
0.469889
41
-1.57785568348327
42
-0.290971022933626
0
ELLIPSE
5
F4
100
AcDbEntity
8
1
62
256
6
ByLayer
370
18
48
1
60
0
100
AcDbEllipse
10
204.164403
20
9.300992
30
0
11
0.150818676994432
21
0.260509275980042
31
0
210
0
220
0
230
1
40
0.473385
41
-0.145482681179543
42
2.50261930488069
0
ELLIPSE
5
F5
100
AcDbEntity
8
1
62
256
6
ByLayer
370
18
48
1
60
0
100
AcDbEllipse
10
205.138165
20
9.895167
30
0
11
0.297725340310996
21
0.0143435674428632
31
0
210
0
220
0
230
1
40
0.48279
41
1.12046629344164
42
-3.00397486094467
0
ELLIPSE
5
F6
100
AcDbEntity
8
1
62
256
6
ByLayer
370
18
48
1
60
0
100
AcDbEllipse
10
204.01381
20
8.737216
30
0
11
0.00345944003193861
21
0.29573766691355
31
0
210
0
220
0
230
1
40
0.49037
41
-2.83383074617787
42
-1.5469460856076
0
ELLIPSE
5
F7
100
AcDbEntity
8
1
62
256
6
ByLayer
370
18
48
1
60
0
100
AcDbEllipse
10
204.01381
20
8.737216
30
0
11
0.00345944002798739
21
0.295737666911751
31
0
210
0
220
0
230
1
40
0.49037
41
-1.54694608563639
42
-0.456453679947288
0
ELLIPSE
5
F8
100
AcDbEntity
8
1
62
256
6
ByLayer
370
18
48
1
60
0
100
AcDbEllipse
10
205.700343
20
9.766311
30
0
11
0.259093409364927
21
-0.136155657482661
31
0
210
0
220
0
230
1
40
0.500702
41
-2.28827984919885
42
-1.58765345920251
0
ELLIPSE
5
F9
100
AcDbEntity
8
1
62
256
6
ByLayer
370
18
48
1
60
0
100
AcDbEllipse
10
205.700343
20
9.766311
30
0
11
0.259093409364297
21
-0.136155657482828
31
0
210
0
220
0
230
1
40
0.500702
41
-1.58765345919943
42
-0.300768798638978
0
ELLIPSE
5
FA
100
AcDbEntity
8
1
62
256
6
ByLayer
370
18
48
1
60
0
100
AcDbEllipse
10
204.164403
20
8.184562
30
0
11
0.147901888777907
21
-0.251179957024282
31
0
210
0
220
0
230
1
40
0.504835
41
2.98865074096125
42
-1.99610659364106
0
ELLIPSE
5
FB
100
AcDbEntity
8
1
62
256
6
ByLayer
370
18
48
1
60
0
100
AcDbEllipse
10
206.111928
20
9.37291
30
0
11
0.147901888777926
21
-0.25117995702428
31
0
210
0
220
0
230
1
40
0.504835
41
2.67303658844539
42
-2.97278844262446
0
ELLIPSE
5
FC
100
AcDbEntity
8
1
62
256
6
ByLayer
370
18
48
1
60
0
100
AcDbEllipse
10
204.886376
20
9.077793
30
0
11
0.986085900554384
21
0.830231593730238
31
0
210
0
220
0
230
1
40
0.962969
41
2.98391890762562
42
-2.25206884835739
0
ELLIPSE
5
FD
100
AcDbEntity
8
1
62
256
6
ByLayer
370
18
48
1
60
0
100
AcDbEllipse
10
204.886376
20
9.077793
30
0
11
0.986085900554384
21
0.830231593730238
31
0
210
0
220
0
230
1
40
0.962969
41
1.936721356429
42
2.98391890762562
0
ELLIPSE
5
FE
100
AcDbEntity
8
1
62
256
6
ByLayer
370
18
48
1
60
0
100
AcDbEllipse
10
204.886376
20
9.077793
30
0
11
0.986085900554384
21
0.830231593730238
31
0
210
0
220
0
230
1
40
0.962969
41
0.889523805232406
42
1.936721356429
0
ELLIPSE
5
FF
100
AcDbEntity
8
1
62
256
6
ByLayer
370
18
48
1
60
0
100
AcDbEllipse
10
204.886376
20
9.077793
30
0
11
0.986085900554384
21
0.830231593730238
31
0
210
0
220
0
230
1
40
0.962969
41
-0.15767374596419
42
0.889523805232406
0
ELLIPSE
5
100
100
AcDbEntity
8
1
62
256
6
ByLayer
370
18
48
1
60
0
100
AcDbEllipse
10
204.886376
20
9.077793
30
0
11
0.986085900554384
21
0.830231593730238
31
0
210
0
220
0
230
1
40
0.962969
41
-1.20487129716079
42
-0.15767374596419
0
ELLIPSE
5
101
100
AcDbEntity
8
1
62
256
6
ByLayer
370
18
48
1
60
0
100
AcDbEllipse
10
204.886376
20
9.077793
30
0
11
0.986085900554384
21
0.830231593730238
31
0
210
0
220
0
230
1
40
0.962969
41
-2.25206884835739
42
-1.20487129716079
0
ELLIPSE
5
102
100
AcDbEntity
8
1
62
256
6
ByLayer
370
18
48
1
60
0
100
AcDbEllipse
10
205.129483
20
8.789048
30
0
11
1.45845045861069
21
1.22793729019774
31
0
210
0
220
0
230
1
40
0.962969
41
-0.913554106429255
42
-0.681272700400992
0
ELLIPSE
5
103
100
AcDbEntity
8
1
62
256
6
ByLayer
370
18
48
1
60
0
100
AcDbEllipse
10
205.129483
20
8.789048
30
0
11
1.45845045861069
21
1.22793729019774
31
0
210
0
220
0
230
1
40
0.962969
41
-2.88922321007187
42
-2.22821244585703
0
ELLIPSE
5
104
100
AcDbEntity
8
1
62
256
6
ByLayer
370
18
48
1
60
0
100
AcDbEllipse
10
205.129483
20
8.789048
30
0
11
1.45845045861069
21
1.22793729019774
31
0
210
0
220
0
230
1
40
0.962969
41
-0.681272700400992
42
-0.252347174612528
0
ELLIPSE
5
105
100
AcDbEntity
8
1
62
256
6
ByLayer
370
13
48
1
60
0
100
AcDbEllipse
10
204.886376
20
9.077793
30
0
11
1.14745653840547
21
0.966097040918007
31
0
210
0
220
0
230
1
40
0.962969
41
0
42
6.28318530717959
0
ELLIPSE
5
106
100
AcDbEntity
8
1
62
256
6
ByLayer
370
18
48
1
60
0
100
AcDbEllipse
10
204.897404
20
9.064694
30
0
11
1.5299420512073
21
1.28812938789068
31
0
210
0
220
0
230
1
40
0.962969
41
0
42
6.28318530717959
0
ELLIPSE
5
107
100
AcDbEntity
8
1
62
256
6
ByLayer
370
13
48
1
60
0
100
AcDbEllipse
10
205.113546
20
8.807977
30
0
11
1.52230603592428
21
1.28170027138611
31
0
210
0
220
0
230
1
40
0.962969
41
-0.641904605069787
42
0
0
ELLIPSE
5
108
100
AcDbEntity
8
1
62
256
6
ByLayer
370
13
48
1
60
0
100
AcDbEllipse
10
205.113546
20
8.807977
30
0
11
1.52230603592428
21
1.28170027138611
31
0
210
0
220
0
230
1
40
0.962969
41
0
42
0.0588673061294303
0
ELLIPSE
5
109
100
AcDbEntity
8
1
62
256
6
ByLayer
370
13
48
1
60
0
100
AcDbEllipse
10
205.113546
20
8.807977
30
0
11
1.52230603592428
21
1.28170027138611
31
0
210
0
220
0
230
1
40
0.962969
41
3.08274840255832
42
-2.49966530760246
0
ELLIPSE
5
10A
100
AcDbEntity
8
1
62
256
6
ByLayer
370
13
48
1
60
0
100
AcDbEllipse
10
205.063876
20
8.866971
30
0
11
1.62105405499141
21
1.36484082253051
31
0
210
0
220
0
230
1
40
0.962969
41
0.0610270405716364
42
0.517343157012217
0
ELLIPSE
5
10B
100
AcDbEntity
8
1
62
256
6
ByLayer
370
18
48
1
60
0
100
AcDbEllipse
10
205.063876
20
8.866971
30
0
11
1.62105405499141
21
1.36484082253051
31
0
210
0
220
0
230
1
40
0.962969
41
-0.324505346000308
42
0
0
ELLIPSE
5
10C
100
AcDbEntity
8
1
62
256
6
ByLayer
370
18
48
1
60
0
100
AcDbEllipse
10
205.063876
20
8.866971
30
0
11
1.62105405499141
21
1.36484082253051
31
0
210
0
220
0
230
1
40
0.962969
41
0
42
0.0610271418918048
0
ELLIPSE
5
10D
100
AcDbEntity
8
1
62
256
6
ByLayer
370
18
48
1
60
0
100
AcDbEllipse
10
205.063876
20
8.866971
30
0
11
1.62105405499141
21
1.36484082253051
31
0
210
0
220
0
230
1
40
0.962969
41
3.12064357701443
42
-2.81706466126108
0
ELLIPSE
5
10E
100
AcDbEntity
8
1
62
256
6
ByLayer
370
13
48
1
60
0
100
AcDbEllipse
10
205.063876
20
8.866971
30
0
11
1.62105405499141
21
1.36484082253051
31
0
210
0
220
0
230
1
40
0.962969
41
2.62427191770742
42
3.12064357701443
0
ELLIPSE
5
10F
100
AcDbEntity
8
1
62
256
6
ByLayer
370
18
48
1
60
0
100
AcDbEllipse
10
204.890536
20
9.072851
30
0
11
-1.70131315345283
21
-1.43241469128729
31
0
210
0
220
0
230
1
40
0.962969
41
0
42
6.28318530717959
0
POINT
5
70
100
AcDbEntity
8
80
62
256
6
ByLayer
370
18
48
1
60
0
100
AcDbPoint
10
0
20
0
30
0
39
0
210
0
220
0
230
1
50
360
0
POINT
5
72
100
AcDbEntity
8
1
62
256
6
ByLayer
370
18
48
1
60
0
100
AcDbPoint
10
57
20
0
30
0
39
0
210
0
220
0
230
1
50
360
0
POINT
5
74
100
AcDbEntity
8
81
62
256
6
ByLayer
370
18
48
1
60
0
100
AcDbPoint
10
210
20
12.5
30
0
39
0
210
0
220
0
230
1
50
360
0
POINT
5
76
100
AcDbEntity
8
1
62
256
6
ByLayer
370
18
48
1
60
1
100
AcDbPoint
10
201
20
12.5
30
0
39
0
210
0
220
0
230
1
50
360
0
POINT
5
77
100
AcDbEntity
8
1
62
256
6
ByLayer
370
18
48
1
60
1
100
AcDbPoint
10
160
20
12.5
30
0
39
0
210
0
220
0
230
1
50
360
0
POINT
5
78
100
AcDbEntity
8
1
62
256
6
ByLayer
370
18
48
1
60
1
100
AcDbPoint
10
210
20
-12.5
30
0
39
0
210
0
220
0
230
1
50
360
0
POINT
5
79
100
AcDbEntity
8
1
62
256
6
ByLayer
370
18
48
1
60
1
100
AcDbPoint
10
57
20
-12.49675
30
0
39
0
210
0
220
0
230
1
50
360
0
SPLINE
5
110
100
AcDbEntity
8
1
62
256
6
ByLayer
370
18
48
1
60
0
100
AcDbSpline
70
4
71
3
72
8
73
4
40
0
40
0
40
0
40
0
40
1
40
1
40
1
40
1
41
1
10
200.257431542946
20
11.4130908095356
30
0
41
1
10
200.196319796771
20
11.4129674062768
30
0
41
1
10
200.137256692069
20
11.4140394780245
30
0
41
1
10
200.080373946821
20
11.4162824534398
30
0
0
SPLINE
5
111
100
AcDbEntity
8
1
62
256
6
ByLayer
370
18
48
1
60
0
100
AcDbSpline
70
4
71
3
72
8
73
4
40
0
40
0
40
0
40
0
40
1
40
1
40
1
40
1
41
1
10
199.9714048156
20
11.4253866397642
30
0
41
1
10
200.006061429192
20
11.4209141902083
30
0
41
1
10
200.04240719404
20
11.4177795417509
30
0
41
1
10
200.08037394682
20
11.4162824534386
30
0
0
SPLINE
5
112
100
AcDbEntity
8
1
62
256
6
ByLayer
370
18
48
1
60
0
100
AcDbSpline
70
4
71
3
72
10
73
6
40
0
40
0
40
0
40
0
40
0.978610764611359
40
0.978610764611359
40
1
40
1
40
1
40
1
41
1
10
201.173234797875
20
5.59730021559059
30
0
41
1
10
201.144503480366
20
5.62330664826183
30
0
41
1
10
201.116980708851
20
5.65108214007989
30
0
41
1
10
201.090081826906
20
5.68122010894382
30
0
41
1
10
201.089507060931
20
5.68186555829982
30
0
41
1
10
201.088932874483
20
5.68251182896185
30
0
0
SPLINE
5
113
100
AcDbEntity
8
1
62
256
6
ByLayer
370
18
48
1
60
0
100
AcDbSpline
70
4
71
3
72
10
73
6
40
0
40
0
40
0
40
0
40
0.605865370726337
40
0.605865370726337
40
1
40
1
40
1
40
1
41
1
10
208.584367318109
20
5.92084021451123
30
0
41
1
10
208.572490506419
20
5.87417015093467
30
0
41
1
10
208.563454241506
20
5.82739527923175
30
0
41
1
10
208.553348252143
20
5.7500686900045
30
0
41
1
10
208.550597523284
20
5.71955996477016
30
0
41
1
10
208.5491613891
20
5.68901654941226
30
0
0
SPLINE
5
114
100
AcDbEntity
8
1
62
256
6
ByLayer
370
18
48
1
60
0
100
AcDbSpline
70
4
71
3
72
40
73
36
40
0
40
0
40
0
40
0
40
0.0837731438489717
40
0.0837731438489717
40
0.167546287697943
40
0.167546287697943
40
0.335092575395889
40
0.335092575395889
40
0.376979147320378
40
0.376979147320378
40
0.418865719244866
40
0.418865719244866
40
0.502638863093833
40
0.502638863093833
40
0.5864120069428
40
0.5864120069428
40
0.628298578867292
40
0.628298578867292
40
0.670185150791785
40
0.670185150791785
40
0.753958294640793
40
0.753958294640793
40
0.774901580603054
40
0.774901580603054
40
0.795844866565315
40
0.795844866565315
40
0.837731438489799
40
0.837731438489799
40
0.879618010414284
40
0.879618010414284
40
0.900561296376549
40
0.900561296376549
40
0.921504582338814
40
0.921504582338814
40
1
40
1
40
1
40
1
41
1
10
199.700447714818
20
6.47295449247213
30
0
41
1
10
199.692235102472
20
6.43319438003522
30
0
41
1
10
199.685631009872
20
6.39391686265623
30
0
41
1
10
199.675545633663
20
6.31628858636378
30
0
41
1
10
199.672120874101
20
6.27836022092524
30
0
41
1
10
199.666479424065
20
6.16731764828694
30
0
41
1
10
199.668791544694
20
6.09680542716598
30
0
41
1
10
199.679697624972
20
6.01289584915642
30
0
41
1
10
199.682287070223
20
5.99634971208067
30
0
41
1
10
199.688242215067
20
5.96404927240854
30
0
41
1
10
199.691613449849
20
5.94824778768492
30
0
41
1
10
199.702932862913
20
5.90185775478918
30
0
41
1
10
199.712075715308
20
5.87228250706031
30
0
41
1
10
199.733908781209
20
5.81570687631822
30
0
41
1
10
199.746588671836
20
5.78870833261166
30
0
41
1
10
199.768877804764
20
5.75005918357743
30
0
41
1
10
199.77686947618
20
5.7374747817974
30
0
41
1
10
199.793903161564
20
5.71320471353371
30
0
41
1
10
199.802965276196
20
5.70147962160652
30
0
41
1
10
199.832041163095
20
5.6674738621991
30
0
41
1
10
199.853880633131
20
5.6463635104011
30
0
41
1
10
199.885804289003
20
5.62171624684098
30
0
41
1
10
199.892447175673
20
5.61685912570192
30
0
41
1
10
199.906143763962
20
5.60739777009226
30
0
41
1
10
199.913191737036
20
5.6027955996924
30
0
41
1
10
199.934978788032
20
5.58936340882912
30
0
41
1
10
199.950361190936
20
5.58090679361041
30
0
41
1
10
199.983086385272
20
5.56494764662486
30
0
41
1
10
200.000431259959
20
5.55744457685313
30
0
41
1
10
200.028081159057
20
5.54690014316699
30
0
41
1
10
200.03757822103
20
5.54350371118255
30
0
41
1
10
200.056736666794
20
5.53707478931489
30
0
41
1
10
200.066443747734
20
5.5340240013285
30
0
41
1
10
200.113099946367
20
5.52026922458688
30
0
41
1
10
200.151620060815
20
5.51154417859385
30
0
41
1
10
200.191331263884
20
5.5046500627152
30
0
0
SPLINE
5
115
100
AcDbEntity
8
1
62
256
6
ByLayer
370
18
48
1
60
0
100
AcDbSpline
70
4
71
3
72
8
73
4
40
0
40
0
40
0
40
0
40
1
40
1
40
1
40
1
41
1
10
199.724034682361
20
6.60577446447837
30
0
41
1
10
199.717247264747
20
6.56100812289853
30
0
41
1
10
199.709481561015
20
6.51669048357312
30
0
41
1
10
199.700447714818
20
6.47295449247213
30
0
0
SPLINE
5
116
100
AcDbEntity
8
1
62
256
6
ByLayer
370
18
48
1
60
0
100
AcDbSpline
70
4
71
3
72
8
73
4
40
0
40
0
40
0
40
0
40
1
40
1
40
1
40
1
41
1
10
200.804612267019
20
5.52273207186818
30
0
41
1
10
200.771451770995
20
5.5162214809495
30
0
41
1
10
200.738046740102
20
5.51033883885714
30
0
41
1
10
200.704309056546
20
5.50513277111904
30
0
0
SPLINE
5
117
100
AcDbEntity
8
1
62
256
6
ByLayer
370
18
48
1
60
0
100
AcDbSpline
70
4
71
3
72
10
73
6
40
0
40
0
40
0
40
0
40
0.58737460370212
40
0.58737460370212
40
1
40
1
40
1
40
1
41
1
10
208.172164008941
20
5.75538260179118
30
0
41
1
10
208.176284404418
20
5.74103425017893
30
0
41
1
10
208.180671680446
20
5.72673186861658
30
0
41
1
10
208.188598994753
20
5.70246163101535
30
0
41
1
10
208.192008264168
20
5.6924556896742
30
0
41
1
10
208.195541663219
20
5.68249908703174
30
0
0
SPLINE
5
118
100
AcDbEntity
8
1
62
256
6
ByLayer
370
18
48
1
60
0
100
AcDbSpline
70
4
71
3
72
13
73
9
40
0
40
0
40
0
40
0
40
0.220269705640596
40
0.220269705640596
40
0.440539411281193
40
0.440539411281193
40
0.881078822562389
40
1
40
1
40
1
40
1
41
1
10
208.138530008872
20
5.74404744320711
30
0
41
1
10
208.140968848095
20
5.73674581803681
30
0
41
1
10
208.143370075629
20
5.72979722983911
30
0
41
1
10
208.148005778086
20
5.71673158292819
30
0
41
1
10
208.150246439687
20
5.71059570439627
30
0
41
1
10
208.156675001591
20
5.69335693437228
30
0
41
1
10
208.161620466525
20
5.68073645688574
30
0
41
1
10
208.16567495591
20
5.67060705973449
30
0
41
1
10
208.166493363325
20
5.66856754094653
30
0
0
SPLINE
5
119
100
AcDbEntity
8
1
62
256
6
ByLayer
370
18
48
1
60
0
100
AcDbSpline
70
4
71
3
72
10
73
6
40
0
40
0
40
0
40
0
40
0.5
40
0.5
40
1
40
1
40
1
40
1
41
1
10
201.1415090685
20
-11.4239291626259
30
0
41
1
10
201.127881347041
20
-11.4315336837841
30
0
41
1
10
201.114212948887
20
-11.4396432734076
30
0
41
1
10
201.086796929573
20
-11.4568801028518
30
0
41
1
10
201.07317370454
20
-11.4659299702577
30
0
41
1
10
201.059672951095
20
-11.475363493553
30
0
0
SPLINE
5
11A
100
AcDbEntity
8
1
62
256
6
ByLayer
370
18
48
1
60
0
100
AcDbSpline
70
4
71
3
72
13
73
9
40
0
40
0
40
0
40
0
40
0.500000000000063
40
0.500000000000063
40
0.625000000000081
40
0.625000000000081
40
0.7500000000001
40
1
40
1
40
1
40
1
41
1
10
201.697790436444
20
-11.0149105215075
30
0
41
1
10
201.649812795716
20
-11.0422412557877
30
0
41
1
10
201.605202706213
20
-11.0721328649804
30
0
41
1
10
201.553367789648
20
-11.1133927045678
30
0
41
1
10
201.543192712589
20
-11.1218458927151
30
0
41
1
10
201.523378878431
20
-11.1390278900745
30
0
41
1
10
201.494401629296
20
-11.1652614988413
30
0
41
1
10
201.467545876906
20
-11.1929290013399
30
0
41
1
10
201.450496936752
20
-11.2120665519691
30
0
0
SPLINE
5
11B
100
AcDbEntity
8
1
62
256
6
ByLayer
370
18
48
1
60
0
100
AcDbSpline
70
4
71
3
72
8
73
4
40
0
40
0
40
0
40
0
40
1
40
1
40
1
40
1
41
1
10
201.697790436441
20
-11.0149105215032
30
0
41
1
10
201.66942736241
20
-10.8813257005081
30
0
41
1
10
201.638616898117
20
-10.7476958905933
30
0
41
1
10
201.605437901904
20
-10.6140225413651
30
0
0
SPLINE
5
11C
100
AcDbEntity
8
1
62
256
6
ByLayer
370
18
48
1
60
0
100
AcDbSpline
70
4
71
3
72
8
73
4
40
0
40
0
40
0
40
0
40
1
40
1
40
1
40
1
41
1
10
206.289228271359
20
-11.1634767997003
30
0
41
1
10
206.304228344074
20
-11.1645206705461
30
0
41
1
10
206.319190598394
20
-11.165323954321
30
0
41
1
10
206.334115661023
20
-11.1658894282752
30
0
0
SPLINE
5
11D
100
AcDbEntity
8
1
62
256
6
ByLayer
370
18
48
1
60
0
100
AcDbSpline
70
4
71
3
72
8
73
4
40
0
40
0
40
0
40
0
40
1
40
1
40
1
40
1
41
1
10
206.289228271359
20
-9.4482632677832
30
0
41
1
10
206.304213538266
20
-9.44817544583441
30
0
41
1
10
206.319175951958
20
-9.44759104728942
30
0
41
1
10
206.334115661023
20
-9.4465135355035
30
0
0
SPLINE
5
11E
100
AcDbEntity
8
1
62
256
6
ByLayer
370
18
48
1
60
0
100
AcDbSpline
70
4
71
3
72
75
73
71
40
0
40
0
40
0
40
0
40
0.0625000000000396
40
0.0625000000000396
40
0.0781250000000488
40
0.0781250000000488
40
0.0937500000000579
40
0.0937500000000579
40
0.125000000000076
40
0.125000000000076
40
0.156250000000095
40
0.156250000000095
40
0.187500000000114
40
0.187500000000114
40
0.250000000000152
40
0.250000000000152
40
0.265625000000152
40
0.265625000000152
40
0.281250000000153
40
0.281250000000153
40
0.312500000000141
40
0.312500000000141
40
0.375000000000129
40
0.375000000000129
40
0.390625000000118
40
0.390625000000118
40
0.406250000000107
40
0.406250000000107
40
0.437500000000103
40
0.468750000000099
40
0.468750000000099
40
0.484375000000097
40
0.484375000000097
40
0.500000000000095
40
0.500000000000095
40
0.562500000000068
40
0.562500000000068
40
0.578125000000066
40
0.578125000000066
40
0.593750000000063
40
0.593750000000063
40
0.625000000000059
40
0.625000000000059
40
0.640625000000057
40
0.640625000000057
40
0.656250000000055
40
0.656250000000055
40
0.687500000000051
40
0.687500000000051
40
0.718750000000046
40
0.718750000000046
40
0.734375000000051
40
0.734375000000051
40
0.750000000000057
40
0.750000000000057
40
0.812500000000047
40
0.812500000000047
40
0.843750000000038
40
0.843750000000038
40
0.859375000000037
40
0.859375000000037
40
0.875000000000037
40
0.875000000000037
40
0.906250000000027
40
0.906250000000027
40
0.937500000000018
40
0.937500000000018
40
0.968750000000009
40
0.968750000000009
40
1
40
1
40
1
40
1
41
1
10
204.747318498492
20
-7.31524701905929
30
0
41
1
10
204.747318498492
20
-7.40341738404521
30
0
41
1
10
204.754615849615
20
-7.49129504435018
30
0
41
1
10
204.772142351756
20
-7.60072234653083
30
0
41
1
10
204.776075203567
20
-7.62258597021088
30
0
41
1
10
204.784805655408
20
-7.66626513290703
30
0
41
1
10
204.78961784777
20
-7.68813167291918
30
0
41
1
10
204.805170786011
20
-7.75283410075517
30
0
41
1
10
204.817062669048
20
-7.79501859600151
30
0
41
1
10
204.843836306588
20
-7.87770999405876
30
0
41
1
10
204.858719127839
20
-7.91821595627169
30
0
41
1
10
204.891564831949
20
-7.99767192587021
30
0
41
1
10
204.909582706465
20
-8.03669933123064
30
0
41
1
10
204.967597273153
20
-8.14976750968717
30
0
41
1
10
205.01172520079
20
-8.22046213370598
30
0
41
1
10
205.074568690965
20
-8.303274773693
30
0
41
1
10
205.087525494468
20
-8.31955536603186
30
0
41
1
10
205.114254114479
20
-8.35154383286297
30
0
41
1
10
205.128042736874
20
-8.36726608350727
30
0
41
1
10
205.170269923235
20
-8.41310474914877
30
0
41
1
10
205.199689603816
20
-8.44205058085547
30
0
41
1
10
205.291949442411
20
-8.52404040867947
30
0
41
1
10
205.358738504848
20
-8.57230349441269
30
0
41
1
10
205.450112182891
20
-8.62368635855199
30
0
41
1
10
205.468785411467
20
-8.6335102583505
30
0
41
1
10
205.506980454275
20
-8.65220465795923
30
0
41
1
10
205.526473480082
20
-8.66105509297736
30
0
41
1
10
205.585437044336
20
-8.68576367479727
30
0
41
1
10
205.665861714416
20
-8.71406401576479
30
0
41
1
10
205.750027871759
20
-8.7328987302995
30
0
41
1
10
205.814641756744
20
-8.74329199705005
30
0
41
1
10
205.836507243931
20
-8.74613984643065
30
0
41
1
10
205.880338146973
20
-8.75050363446059
30
0
41
1
10
205.902263437457
20
-8.75202131266008
30
0
41
1
10
206.011938509651
20
-8.7563601127643
30
0
41
1
10
206.099836265452
20
-8.74952801666345
30
0
41
1
10
206.209875821741
20
-8.7282580878076
30
0
41
1
10
206.231836312952
20
-8.72336793301173
30
0
41
1
10
206.275202838512
20
-8.71245651561392
30
0
41
1
10
206.296676836888
20
-8.70642273773814
30
0
41
1
10
206.360493176504
20
-8.68664807878292
30
0
41
1
10
206.40223152815
20
-8.67123849062352
30
0
41
1
10
206.463685383609
20
-8.64493536309897
30
0
41
1
10
206.4839772906
20
-8.63563499694374
30
0
41
1
10
206.524179961247
20
-8.61598049457101
30
0
41
1
10
206.544131734329
20
-8.6056016204416
30
0
41
1
10
206.602872597442
20
-8.57320172627669
30
0
41
1
10
206.640692608276
20
-8.54986339620444
30
0
41
1
10
206.713852792407
20
-8.49993093556918
30
0
41
1
10
206.749192306496
20
-8.47333610986445
30
0
41
1
10
206.800418607157
20
-8.43106618275775
30
0
41
1
10
206.817196184134
20
-8.4165789503738
30
0
41
1
10
206.850160482491
20
-8.38680914323874
30
0
41
1
10
206.866360404546
20
-8.37151056436304
30
0
41
1
10
206.945232951407
20
-8.29367715543893
30
0
41
1
10
207.002150619082
20
-8.22671910089881
30
0
41
1
10
207.078686778482
20
-8.11911885970565
30
0
41
1
10
207.102710411596
20
-8.08204552757257
30
0
41
1
10
207.136414706605
20
-8.02447154436911
30
0
41
1
10
207.147274338124
20
-8.00491945139828
30
0
41
1
10
207.167992831545
20
-7.9654946420859
30
0
41
1
10
207.177875621255
20
-7.9455842018497
30
0
41
1
10
207.206075084395
20
-7.88524404581167
30
0
41
1
10
207.222949424198
20
-7.84420834287201
30
0
41
1
10
207.252597460508
20
-7.76037760746291
30
0
41
1
10
207.265373478519
20
-7.71758356250336
30
0
41
1
10
207.28634018908
20
-7.62999322102814
30
0
41
1
10
207.294325043778
20
-7.58600294378766
30
0
41
1
10
207.305057943003
20
-7.49799656525383
30
0
41
1
10
207.307818656324
20
-7.45392829676504
30
0
41
1
10
207.307818656324
20
-7.40980056973257
30
0
0
SPLINE
5
11F
100
AcDbEntity
8
1
62
256
6
ByLayer
370
18
48
1
60
0
100
AcDbSpline
70
4
71
3
72
87
73
83
40
0
40
0
40
0
40
0
40
0.0254818195456221
40
0.0254818195456221
40
0.043528452517
40
0.0525517690026884
40
0.0525517690026884
40
0.0615750854883767
40
0.0615750854883767
40
0.0976683514311291
40
0.0976683514311291
40
0.115714984402505
40
0.124738300888193
40
0.129249959131038
40
0.129249959131038
40
0.133761617373883
40
0.133761617373883
40
0.142784933859572
40
0.142784933859572
40
0.151808250345262
40
0.151808250345262
40
0.169854883316641
40
0.169854883316641
40
0.205948149259399
40
0.205948149259399
40
0.210459807502244
40
0.210459807502244
40
0.214971465745088
40
0.214971465745088
40
0.223994782230778
40
0.223994782230778
40
0.242041415202157
40
0.242041415202157
40
0.260088048173536
40
0.260088048173536
40
0.278134681144915
40
0.278134681144915
40
0.296181314116294
40
0.296181314116294
40
0.314227947087672
40
0.314227947087672
40
0.35032121303043
40
0.35032121303043
40
0.368367846001806
40
0.368367846001806
40
0.377391162487494
40
0.377391162487494
40
0.386414478973182
40
0.386414478973182
40
0.42250774491594
40
0.42250774491594
40
0.458601010858698
40
0.458601010858698
40
0.467624327344387
40
0.467624327344387
40
0.476647643830077
40
0.476647643830077
40
0.494694276801461
40
0.494694276801461
40
0.503717593287152
40
0.503717593287152
40
0.508229251529996
40
0.508229251529996
40
0.512740909772839
40
0.512740909772839
40
0.530787542744213
40
0.530787542744213
40
0.566880808686966
40
0.566880808686966
40
0.639067340572472
40
0.639067340572472
40
0.711253872457977
40
0.711253872457977
40
0.783440404343483
40
0.783440404343483
40
0.855626936228988
40
0.855626936228988
40
0.927813468114494
40
0.927813468114494
40
0.963906734057247
40
0.963906734057247
40
1
40
1
40
1
40
1
41
1
10
186.203011390608
20
-11.6650003699916
30
0
41
1
10
186.228850770641
20
-11.6649825952059
30
0
41
1
10
186.25666999475
20
-11.6624763189599
30
0
41
1
10
186.307469468904
20
-11.6539811281127
30
0
41
1
10
186.340507133256
20
-11.6468410659948
30
0
41
1
10
186.375683272774
20
-11.6369239382551
30
0
41
1
10
186.399607067222
20
-11.6296957409065
30
0
41
1
10
186.411809260314
20
-11.625771725826
30
0
41
1
10
186.473860419275
20
-11.6046596127625
30
0
41
1
10
186.526919860316
20
-11.5829727342759
30
0
41
1
10
186.611430990422
20
-11.5435004383958
30
0
41
1
10
186.654915831465
20
-11.5220276202842
30
0
41
1
10
186.707753347322
20
-11.4939808217134
30
0
41
1
10
186.730846298565
20
-11.4813230735801
30
0
41
1
10
186.746340980525
20
-11.4727433146084
30
0
41
1
10
186.754146656281
20
-11.4683831183349
30
0
41
1
10
186.778507095806
20
-11.4551370283345
30
0
41
1
10
186.796152952754
20
-11.4460947147995
30
0
41
1
10
186.834062680257
20
-11.4276045784963
30
0
41
1
10
186.85438023181
20
-11.4181304202852
30
0
41
1
10
186.918651336338
20
-11.3894322106578
30
0
41
1
10
186.965981273842
20
-11.3698853122626
30
0
41
1
10
187.120239461355
20
-11.3104082776659
30
0
41
1
10
187.239411455436
20
-11.2696542054526
30
0
41
1
10
187.390219169585
20
-11.2237167299556
30
0
41
1
10
187.407209903662
20
-11.2186112361326
30
0
41
1
10
187.441657954924
20
-11.2084015991799
30
0
41
1
10
187.459136149452
20
-11.2032915516346
30
0
41
1
10
187.512078993939
20
-11.1880234170743
30
0
41
1
10
187.548051910843
20
-11.1779259995349
30
0
41
1
10
187.657907496607
20
-11.1479092559992
30
0
41
1
10
187.733721181869
20
-11.1282649581898
30
0
41
1
10
187.890158432465
20
-11.0898894513465
30
0
41
1
10
187.970787173325
20
-11.0711597916433
30
0
41
1
10
188.136598573187
20
-11.0347737401076
30
0
41
1
10
188.221782136515
20
-11.0171171401073
30
0
41
1
10
188.39658919712
20
-10.9830563151688
30
0
41
1
10
188.485274394914
20
-10.9668328982854
30
0
41
1
10
188.664960731732
20
-10.9360603684027
30
0
41
1
10
188.755972545857
20
-10.9215104526862
30
0
41
1
10
189.03234380347
20
-10.8804852576848
30
0
41
1
10
189.220998422672
20
-10.8566090086497
30
0
41
1
10
189.510238817647
20
-10.8264775539541
30
0
41
1
10
189.607698461919
20
-10.81738023241
30
0
41
1
10
189.755445653473
20
-10.8052157955798
30
0
41
1
10
189.805027967279
20
-10.8014033066236
30
0
41
1
10
189.904213950204
20
-10.7943204873282
30
0
41
1
10
189.953841764793
20
-10.7910477055839
30
0
41
1
10
190.202151146021
20
-10.7760188015192
30
0
41
1
10
190.401339696201
20
-10.7682506828973
30
0
41
1
10
190.800757483051
20
-10.7612143113958
30
0
41
1
10
191.000985431802
20
-10.7619345658065
30
0
41
1
10
191.251929183378
20
-10.7681955167551
30
0
41
1
10
191.30215093936
20
-10.7697154100462
30
0
41
1
10
191.402661149086
20
-10.7732922229035
30
0
41
1
10
191.452945084628
20
-10.7753499402784
30
0
41
1
10
191.603066586498
20
-10.7822889880861
30
0
41
1
10
191.70245126702
20
-10.7879467213562
30
0
41
1
10
191.850497905626
20
-10.7979152888321
30
0
41
1
10
191.899675514564
20
-10.8014842890701
30
0
41
1
10
191.973187731598
20
-10.8071960093201
30
0
41
1
10
191.997649100111
20
-10.8091601161576
30
0
41
1
10
192.046480918667
20
-10.8132155573542
30
0
41
1
10
192.070835774672
20
-10.8153298284252
30
0
41
1
10
192.192589315067
20
-10.8259116342892
30
0
41
1
10
192.289951619288
20
-10.8343740354301
30
0
41
1
10
192.581939955436
20
-10.8597114558717
30
0
41
1
10
192.776456303794
20
-10.8765531890468
30
0
41
1
10
193.359551539704
20
-10.9269087029969
30
0
41
1
10
193.747672288129
20
-10.9602601045002
30
0
41
1
10
194.522623620542
20
-11.0262801554851
30
0
41
1
10
194.909451548291
20
-11.0589496328825
30
0
41
1
10
195.681912494131
20
-11.1231198446786
30
0
41
1
10
196.067538697025
20
-11.1546241042998
30
0
41
1
10
196.837956097294
20
-11.2157211128477
30
0
41
1
10
197.222744206196
20
-11.2453095828544
30
0
41
1
10
197.992271042044
20
-11.3015748576029
30
0
41
1
10
198.377039414888
20
-11.3282268239558
30
0
41
1
10
198.954704031873
20
-11.3655485909648
30
0
41
1
10
199.147339926834
20
-11.377552657544
30
0
41
1
10
199.532944310888
20
-11.400586551846
30
0
41
1
10
199.725941842988
20
-11.4115915285987
30
0
41
1
10
199.919364327547
20
-11.4219545081937
30
0
0
SPLINE
5
120
100
AcDbEntity
8
1
62
256
6
ByLayer
370
18
48
1
60
0
100
AcDbSpline
70
4
71
3
72
8
73
4
40
0
40
0
40
0
40
0
40
1
40
1
40
1
40
1
41
1
10
199.9714048156
20
-11.4253866397657
30
0
41
1
10
199.954061806332
20
-11.4240281425085
30
0
41
1
10
199.936714972598
20
-11.4228841021907
30
0
41
1
10
199.919364327548
20
-11.4219545081933
30
0
0
SPLINE
5
121
100
AcDbEntity
8
1
62
256
6
ByLayer
370
18
48
1
60
0
100
AcDbSpline
70
4
71
3
72
8
73
4
40
0
40
0
40
0
40
0
40
1
40
1
40
1
40
1
41
1
10
199.9714048156
20
-11.4253866397657
30
0
41
1
10
200.006061429192
20
-11.4209141902098
30
0
41
1
10
200.04240719404
20
-11.4177795417525
30
0
41
1
10
200.08037394682
20
-11.4162824534401
30
0
0
SPLINE
5
122
100
AcDbEntity
8
1
62
256
6
ByLayer
370
18
48
1
60
0
100
AcDbSpline
70
4
71
3
72
29
73
25
40
0
40
0
40
0
40
0
40
0.125
40
0.125
40
0.18749999999999
40
0.18749999999999
40
0.249999999999979
40
0.249999999999979
40
0.374999999999957
40
0.374999999999957
40
0.437499999999943
40
0.437499999999943
40
0.49999999999993
40
0.562499999999917
40
0.562499999999917
40
0.624999999999903
40
0.624999999999903
40
0.749999999999877
40
0.749999999999877
40
0.812499999999908
40
0.812499999999908
40
0.874999999999938
40
0.874999999999938
40
1
40
1
40
1
40
1
41
1
10
209.284345931868
20
-10.7522681408897
30
0
41
1
10
209.28535011211
20
-10.7856826123571
30
0
41
1
10
209.282920307475
20
-10.8186547956227
30
0
41
1
10
209.274197824653
20
-10.8674371895733
30
0
41
1
10
209.27042623544
20
-10.8836251685216
30
0
41
1
10
209.261169540593
20
-10.9155862373323
30
0
41
1
10
209.255740634567
20
-10.9311820698821
30
0
41
1
10
209.237136622855
20
-10.9768474304771
30
0
41
1
10
209.22166487831
20
-11.0058050988708
30
0
41
1
10
209.193797658904
20
-11.0469480891816
30
0
41
1
10
209.183705487342
20
-11.0602852686172
30
0
41
1
10
209.162390055277
20
-11.0856105315256
30
0
41
1
10
209.139847959496
20
-11.1097409198454
30
0
41
1
10
209.114906917891
20
-11.131519371146
30
0
41
1
10
209.088760741384
20
-11.1521086998013
30
0
41
1
10
209.075029877939
20
-11.1618432781153
30
0
41
1
10
209.032352520347
20
-11.188955852298
30
0
41
1
10
209.002363643337
20
-11.2040226173991
30
0
41
1
10
208.955183461185
20
-11.2222670003797
30
0
41
1
10
208.939088010455
20
-11.2276175440352
30
0
41
1
10
208.906147535271
20
-11.2368238036108
30
0
41
1
10
208.889287418489
20
-11.2406722911775
30
0
41
1
10
208.838553200061
20
-11.2497404992248
30
0
41
1
10
208.804210349778
20
-11.2526051511864
30
0
41
1
10
208.769355790001
20
-11.252277480473
30
0
0
SPLINE
5
123
100
AcDbEntity
8
1
62
256
6
ByLayer
370
18
48
1
60
0
100
AcDbSpline
70
4
71
3
72
8
73
4
40
0
40
0
40
0
40
0
40
1
40
1
40
1
40
1
41
1
10
208.750744922802
20
-11.2518803113477
30
0
41
1
10
208.756974835193
20
-11.2520875535899
30
0
41
1
10
208.763178312871
20
-11.2522194054794
30
0
41
1
10
208.769355790001
20
-11.252277480473
30
0
0
SPLINE
5
124
100
AcDbEntity
8
1
62
256
6
ByLayer
370
18
48
1
60
0
100
AcDbSpline
70
4
71
3
72
21
73
17
40
0
40
0
40
0
40
0
40
0.249999999999879
40
0.249999999999879
40
0.312499999999868
40
0.312499999999868
40
0.374999999999858
40
0.374999999999858
40
0.499999999999919
40
0.62499999999998
40
0.62499999999998
40
0.68749999999997
40
0.68749999999997
40
0.749999999999961
40
0.749999999999961
40
1
40
1
40
1
40
1
41
1
10
201.059672951095
20
-11.475363493553
30
0
41
1
10
200.979797268874
20
-11.4633061654546
30
0
41
1
10
200.897848881587
20
-11.452775098632
30
0
41
1
10
200.792797911163
20
-11.4416709581498
30
0
41
1
10
200.77159938414
20
-11.4395489579051
30
0
41
1
10
200.729336753708
20
-11.4355566959768
30
0
41
1
10
200.708247927671
20
-11.4336831408874
30
0
41
1
10
200.645107047417
20
-11.428426229682
30
0
41
1
10
200.561253325445
20
-11.4223856558733
30
0
41
1
10
200.478068779821
20
-11.4182753324973
30
0
41
1
10
200.41594231175
20
-11.4159312917451
30
0
41
1
10
200.395277258503
20
-11.4152732451455
30
0
41
1
10
200.354038033678
20
-11.4142086590855
30
0
41
1
10
200.333490401368
20
-11.4138036111177
30
0
41
1
10
200.232101375339
20
-11.4124277662264
30
0
41
1
10
200.154391755621
20
-11.4133638157294
30
0
41
1
10
200.080373946821
20
-11.4162824534413
30
0
0
SPLINE
5
125
100
AcDbEntity
8
1
62
256
6
ByLayer
370
18
48
1
60
0
100
AcDbSpline
70
4
71
3
72
14
73
10
40
0
40
0
40
0
40
0
40
0.276038061656751
40
0.276038061656751
40
0.552076123313501
40
0.552076123313501
40
0.828114184970252
40
0.828114184970252
40
1
40
1
40
1
40
1
41
1
10
201.450496936757
20
-11.2120665519636
30
0
41
1
10
201.412123345238
20
-11.2372325838729
30
0
41
1
10
201.374823151701
20
-11.2615691754051
30
0
41
1
10
201.302812950819
20
-11.3086093852843
30
0
41
1
10
201.268100072384
20
-11.3313127641691
30
0
41
1
10
201.201893172076
20
-11.3751254863911
30
0
41
1
10
201.1703934059
20
-11.3962343067754
30
0
41
1
10
201.122652173197
20
-11.4292450306723
30
0
41
1
10
201.105132937507
20
-11.4416151854212
30
0
41
1
10
201.088599795514
20
-11.4537017274318
30
0
0
SPLINE
5
126
100
AcDbEntity
8
1
62
256
6
ByLayer
370
18
48
1
60
0
100
AcDbSpline
70
4
71
3
72
68
73
64
40
0
40
0
40
0
40
0
40
0.0156249999999928
40
0.0156249999999928
40
0.0312499999999855
40
0.0312499999999855
40
0.062499999999971
40
0.062499999999971
40
0.124999999999928
40
0.124999999999928
40
0.140624999999919
40
0.140624999999919
40
0.15624999999991
40
0.15624999999991
40
0.187499999999902
40
0.187499999999902
40
0.249999999999884
40
0.249999999999884
40
0.26562499999988
40
0.26562499999988
40
0.281249999999876
40
0.312499999999868
40
0.34374999999986
40
0.34374999999986
40
0.359374999999856
40
0.359374999999856
40
0.374999999999851
40
0.374999999999851
40
0.437499999999853
40
0.437499999999853
40
0.468749999999847
40
0.468749999999847
40
0.484374999999844
40
0.484374999999844
40
0.499999999999841
40
0.499999999999841
40
0.562499999999879
40
0.562499999999879
40
0.578124999999883
40
0.578124999999883
40
0.593749999999887
40
0.624999999999874
40
0.65624999999986
40
0.65624999999986
40
0.671874999999865
40
0.671874999999865
40
0.687499999999871
40
0.687499999999871
40
0.749999999999867
40
0.749999999999867
40
0.781249999999877
40
0.781249999999877
40
0.796874999999883
40
0.796874999999883
40
0.812499999999888
40
0.812499999999888
40
0.874999999999934
40
0.874999999999934
40
0.906249999999945
40
0.906249999999945
40
0.937499999999956
40
0.937499999999956
40
1
40
1
40
1
40
1
41
1
10
201.450496936753
20
-11.2120665519625
30
0
41
1
10
201.438334686509
20
-11.2073673520099
30
0
41
1
10
201.426410828529
20
-11.2025753423363
30
0
41
1
10
201.403053139419
20
-11.1927960488687
30
0
41
1
10
201.391617639962
20
-11.1878065340515
30
0
41
1
10
201.35842546648
20
-11.1726981344445
30
0
41
1
10
201.337651231917
20
-11.1623869594484
30
0
41
1
10
201.279339750506
20
-11.1306944952332
30
0
41
1
10
201.245778628125
20
-11.1085601934316
30
0
41
1
10
201.210802821688
20
-11.0794178183648
30
0
41
1
10
201.204159243456
20
-11.0735151490529
30
0
41
1
10
201.191595791357
20
-11.0615538709558
30
0
41
1
10
201.185701249126
20
-11.0555173491524
30
0
41
1
10
201.169293619207
20
-11.0373635219394
30
0
41
1
10
201.159999714765
20
-11.0251511916628
30
0
41
1
10
201.136992643555
20
-10.9881624473103
30
0
41
1
10
201.128106226543
20
-10.9630343391911
30
0
41
1
10
201.125544352088
20
-10.930966663176
30
0
41
1
10
201.125465876745
20
-10.9245052322574
30
0
41
1
10
201.126184244792
20
-10.9116593496699
30
0
41
1
10
201.128566888111
20
-10.8924642487081
30
0
41
1
10
201.138957233887
20
-10.8608400565837
30
0
41
1
10
201.15407497774
20
-10.8359556667792
30
0
41
1
10
201.168024273169
20
-10.8174670616385
30
0
41
1
10
201.17310998051
20
-10.811333419324
30
0
41
1
10
201.184173139468
20
-10.7991292366443
30
0
41
1
10
201.190164888979
20
-10.7930476825962
30
0
41
1
10
201.222025142538
20
-10.7631595018944
30
0
41
1
10
201.253745266679
20
-10.7406400849675
30
0
41
1
10
201.310456527549
20
-10.7091125397483
30
0
41
1
10
201.33089291444
20
-10.6989815502436
30
0
41
1
10
201.363918360815
20
-10.6844016480543
30
0
41
1
10
201.375276321205
20
-10.6796663477475
30
0
41
1
10
201.398534352175
20
-10.6705056147396
30
0
41
1
10
201.410455997379
20
-10.6660705726399
30
0
41
1
10
201.471499235416
20
-10.6446212589479
30
0
41
1
10
201.524888519393
20
-10.6297666542046
30
0
41
1
10
201.597259042268
20
-10.6142520123214
30
0
41
1
10
201.612057489569
20
-10.6112957024345
30
0
41
1
10
201.642007253356
20
-10.6057399143327
30
0
41
1
10
201.687423802071
20
-10.5979447421239
30
0
41
1
10
201.765502010221
20
-10.587597397468
30
0
41
1
10
201.830413783248
20
-10.582098639347
30
0
41
1
10
201.880004560376
20
-10.579022730612
30
0
41
1
10
201.896686209804
20
-10.5781723364513
30
0
41
1
10
201.930353126644
20
-10.5768249559192
30
0
41
1
10
201.947352221901
20
-10.5763286761706
30
0
41
1
10
202.032291049941
20
-10.5747498355741
30
0
41
1
10
202.10069046016
20
-10.5763249010458
30
0
41
1
10
202.203910007518
20
-10.582685335878
30
0
41
1
10
202.23842068654
20
-10.5854753291783
30
0
41
1
10
202.290342730222
20
-10.5906621113849
30
0
41
1
10
202.307700264406
20
-10.5925616703389
30
0
41
1
10
202.342180323616
20
-10.5966603726145
30
0
41
1
10
202.359334678123
20
-10.5988622267604
30
0
41
1
10
202.444688949657
20
-10.6106124989482
30
0
41
1
10
202.511645887563
20
-10.6223693285818
30
0
41
1
10
202.610179096077
20
-10.6433137782194
30
0
41
1
10
202.64270460566
20
-10.6508496516328
30
0
41
1
10
202.707110240678
20
-10.6670259298759
30
0
41
1
10
202.738764926805
20
-10.6756118235215
30
0
41
1
10
202.83161981445
20
-10.7026645175126
30
0
41
1
10
202.890944447422
20
-10.7224712239428
30
0
41
1
10
202.947635554694
20
-10.7439819853656
30
0
0
SPLINE
5
127
100
AcDbEntity
8
1
62
256
6
ByLayer
370
18
48
1
60
0
100
AcDbSpline
70
4
71
3
72
8
73
4
40
0
40
0
40
0
40
0
40
1
40
1
40
1
40
1
41
1
10
202.947635554694
20
-10.7439819853656
30
0
41
1
10
202.993709801572
20
-10.7614643063154
30
0
41
1
10
203.037099547799
20
-10.7786141802172
30
0
41
1
10
203.077707115747
20
-10.7958793134419
30
0
0
SPLINE
5
128
100
AcDbEntity
8
1
62
256
6
ByLayer
370
18
48
1
60
0
100
AcDbSpline
70
4
71
3
72
51
73
47
40
0
40
0
40
0
40
0
40
0.0625000000000139
40
0.0625000000000139
40
0.125000000000028
40
0.125000000000028
40
0.140625000000037
40
0.140625000000037
40
0.156250000000046
40
0.187500000000064
40
0.187500000000064
40
0.250000000000124
40
0.250000000000124
40
0.265625000000133
40
0.265625000000133
40
0.281250000000143
40
0.281250000000143
40
0.312500000000161
40
0.312500000000161
40
0.375000000000197
40
0.375000000000197
40
0.406250000000215
40
0.406250000000215
40
0.437500000000233
40
0.437500000000233
40
0.500000000000254
40
0.500000000000254
40
0.531250000000258
40
0.531250000000258
40
0.546875000000253
40
0.546875000000253
40
0.562500000000249
40
0.562500000000249
40
0.625000000000212
40
0.625000000000212
40
0.687500000000174
40
0.687500000000174
40
0.718750000000156
40
0.718750000000156
40
0.750000000000137
40
0.750000000000137
40
0.812500000000103
40
0.812500000000103
40
0.875000000000069
40
0.875000000000069
40
1
40
1
40
1
40
1
41
1
10
206.334115661023
20
-4.87983757057521
30
0
41
1
10
206.40725535857
20
-4.86314268941027
30
0
41
1
10
206.480783436584
20
-4.85137687951317
30
0
41
1
10
206.628632447556
20
-4.83791094570415
30
0
41
1
10
206.702953033621
20
-4.8362064275978
30
0
41
1
10
206.796385200422
20
-4.84082275376633
30
0
41
1
10
206.815140524912
20
-4.84208893190524
30
0
41
1
10
206.852468440608
20
-4.84529507542282
30
0
41
1
10
206.9081588288
20
-4.8511073148166
30
0
41
1
10
206.962955150892
20
-4.85989142404344
30
0
41
1
10
207.071367336112
20
-4.8813721352472
30
0
41
1
10
207.142073649524
20
-4.90089278787545
30
0
41
1
10
207.228451729196
20
-4.93187907306626
30
0
41
1
10
207.245626671448
20
-4.93840690925418
30
0
41
1
10
207.279772323967
20
-4.95213121598297
30
0
41
1
10
207.296762648876
20
-4.95933812890687
30
0
41
1
10
207.346971262228
20
-4.98176510359409
30
0
41
1
10
207.379573171348
20
-4.99784476380836
30
0
41
1
10
207.47486378912
20
-5.04931884464952
30
0
41
1
10
207.535046992593
20
-5.08793655314167
30
0
41
1
10
207.620488925148
20
-5.15196906396653
30
0
41
1
10
207.648202549782
20
-5.1743699434393
30
0
41
1
10
207.701841793061
20
-5.22103724389848
30
0
41
1
10
207.727547824097
20
-5.24510634420989
30
0
41
1
10
207.801516891474
20
-5.31936277505679
30
0
41
1
10
207.846642038134
20
-5.37159151450811
30
0
41
1
10
207.908559995143
20
-5.45357130569712
30
0
41
1
10
207.928234614888
20
-5.48150615698117
30
0
41
1
10
207.95633998668
20
-5.52428073422834
30
0
41
1
10
207.965485623165
20
-5.53870468394967
30
0
41
1
10
207.983210367372
20
-5.56766601305051
30
0
41
1
10
207.991799924125
20
-5.5822178697814
30
0
41
1
10
208.033433971417
20
-5.65531393691671
30
0
41
1
10
208.062553895867
20
-5.71486279324489
30
0
41
1
10
208.113409578862
20
-5.83571589181855
30
0
41
1
10
208.135140396148
20
-5.89702185833809
30
0
41
1
10
208.162685631223
20
-5.9900931984138
30
0
41
1
10
208.17102342972
20
-6.02130309489192
30
0
41
1
10
208.186071820423
20
-6.08406799009177
30
0
41
1
10
208.192787895155
20
-6.1156712885869
30
0
41
1
10
208.210422119299
20
-6.21006690024237
30
0
41
1
10
208.218910705844
20
-6.27271623780092
30
0
41
1
10
208.230132905468
20
-6.39742866327597
30
0
41
1
10
208.232863503845
20
-6.45949184397091
30
0
41
1
10
208.233240571093
20
-6.64477560505753
30
0
41
1
10
208.223126654043
20
-6.76708911639818
30
0
41
1
10
208.203966511665
20
-6.88814525214278
30
0
0
SPLINE
5
129
100
AcDbEntity
8
1
62
256
6
ByLayer
370
18
48
1
60
0
100
AcDbSpline
70
4
71
3
72
36
73
32
40
0
40
0
40
0
40
0
40
0.124999999999981
40
0.124999999999981
40
0.187499999999988
40
0.187499999999988
40
0.218749999999976
40
0.218749999999976
40
0.249999999999964
40
0.249999999999964
40
0.374999999999946
40
0.374999999999946
40
0.437499999999937
40
0.437499999999937
40
0.499999999999928
40
0.499999999999928
40
0.624999999999932
40
0.624999999999932
40
0.656249999999933
40
0.656249999999933
40
0.687499999999934
40
0.687499999999934
40
0.749999999999951
40
0.749999999999951
40
0.874999999999973
40
0.874999999999973
40
0.90624999999998
40
0.90624999999998
40
0.937499999999987
40
0.937499999999987
40
1
40
1
40
1
40
1
41
1
10
206.334115661023
20
-9.44651353550344
30
0
41
1
10
206.440174915523
20
-9.43886411634614
30
0
41
1
10
206.543537678024
20
-9.42487180877663
30
0
41
1
10
206.694782279753
20
-9.39479436298035
30
0
41
1
10
206.744559337742
20
-9.38324143380058
30
0
41
1
10
206.818261072989
20
-9.36357069128186
30
0
41
1
10
206.842667428768
20
-9.35662286172968
30
0
41
1
10
206.891154143986
20
-9.34192838211987
30
0
41
1
10
206.915053392871
20
-9.33423634017768
30
0
41
1
10
207.032763009772
20
-9.29411897117109
30
0
41
1
10
207.12137906557
20
-9.25672552335899
30
0
41
1
10
207.246452267024
20
-9.19274219962838
30
0
41
1
10
207.28682691983
20
-9.17009079281311
30
0
41
1
10
207.364936514023
20
-9.12205829720861
30
0
41
1
10
207.402149553032
20
-9.09699724007362
30
0
41
1
10
207.508480153605
20
-9.01881694029345
30
0
41
1
10
207.572367689143
20
-8.96268662096068
30
0
41
1
10
207.644001408417
20
-8.88745972987047
30
0
41
1
10
207.657914403956
20
-8.8721598572013
30
0
41
1
10
207.684916654141
20
-8.84104481027535
30
0
41
1
10
207.698003770766
20
-8.82522829082379
30
0
41
1
10
207.735746697243
20
-8.77737695899069
30
0
41
1
10
207.758996235567
20
-8.74481832573571
30
0
41
1
10
207.823328286614
20
-8.64519166330786
30
0
41
1
10
207.859021459979
20
-8.57617951944462
30
0
41
1
10
207.895216917454
20
-8.48663178127907
30
0
41
1
10
207.902032739912
20
-8.4685575677091
30
0
41
1
10
207.914823682199
20
-8.43207670506001
30
0
41
1
10
207.920800810621
20
-8.4136600862204
30
0
41
1
10
207.937411222386
20
-8.35813893155861
30
0
41
1
10
207.946752470376
20
-8.32069215880529
30
0
41
1
10
207.954417488681
20
-8.28281026477814
30
0
0
SPLINE
5
12A
100
AcDbEntity
8
1
62
256
6
ByLayer
370
18
48
1
60
0
100
AcDbSpline
70
4
71
3
72
8
73
4
40
0
40
0
40
0
40
0
40
1
40
1
40
1
40
1
41
1
10
206.334115661024
20
-11.165889428275
30
0
41
1
10
207.140129592208
20
-11.1964273158586
30
0
41
1
10
207.945726467386
20
-11.2251008288622
30
0
41
1
10
208.750744922802
20
-11.2518803113472
30
0
0
SPLINE
5
12B
100
AcDbEntity
8
1
62
256
6
ByLayer
370
18
48
1
60
0
100
AcDbSpline
70
4
71
3
72
36
73
32
40
0
40
0
40
0
40
0
40
0.125000000000037
40
0.125000000000037
40
0.250000000000075
40
0.250000000000075
40
0.28125000000008
40
0.28125000000008
40
0.312500000000085
40
0.312500000000085
40
0.375000000000085
40
0.375000000000085
40
0.500000000000087
40
0.500000000000087
40
0.562500000000088
40
0.562500000000088
40
0.593750000000089
40
0.593750000000089
40
0.62500000000009
40
0.62500000000009
40
0.750000000000113
40
0.750000000000113
40
0.812500000000114
40
0.812500000000114
40
0.843750000000103
40
0.843750000000103
40
0.875000000000092
40
0.875000000000092
40
0.937500000000046
40
0.937500000000046
40
1
40
1
40
1
40
1
41
1
10
204.657810873777
20
-6.87883646172088
30
0
41
1
10
204.673697643095
20
-6.77896305636224
30
0
41
1
10
204.69516736473
20
-6.67899404995711
30
0
41
1
10
204.750053310501
20
-6.47912092784418
30
0
41
1
10
204.783462144235
20
-6.3792150909768
30
0
41
1
10
204.833616759502
20
-6.25461526153083
30
0
41
1
10
204.844069482956
20
-6.22970983084986
30
0
41
1
10
204.865851331228
20
-6.17993598352865
30
0
41
1
10
204.877199912244
20
-6.15502807908902
30
0
41
1
10
204.91241456978
20
-6.08078949616095
30
0
41
1
10
204.937468190559
20
-6.03188297659548
30
0
41
1
10
205.017526743834
20
-5.88706486940657
30
0
41
1
10
205.077398881804
20
-5.79303840748912
30
0
41
1
10
205.178083225098
20
-5.65659490892523
30
0
41
1
10
205.213464142362
20
-5.6118833731997
30
0
41
1
10
205.269487217081
20
-5.54611685070014
30
0
41
1
10
205.288654204467
20
-5.52441184332355
30
0
41
1
10
205.328020171418
20
-5.48146582698871
30
0
41
1
10
205.348199602421
20
-5.4602500697986
30
0
41
1
10
205.450924328596
20
-5.3562611362259
30
0
41
1
10
205.539511928247
20
-5.27904121996622
30
0
41
1
10
205.683062194005
20
-5.17358444508443
30
0
41
1
10
205.732698880335
20
-5.14016945521496
30
0
41
1
10
205.810074519051
20
-5.0929401857145
30
0
41
1
10
205.836387141858
20
-5.07766217693003
30
0
41
1
10
205.889897934214
20
-5.04821307699123
30
0
41
1
10
205.916970965685
20
-5.03410906416877
30
0
41
1
10
205.999159386434
20
-4.99370275774109
30
0
41
1
10
206.055241369017
20
-4.96930093794043
30
0
41
1
10
206.170130597778
20
-4.92591520035737
30
0
41
1
10
206.228936603452
20
-4.90692878205672
30
0
41
1
10
206.289228271359
20
-4.89092150902752
30
0
0
SPLINE
5
12C
100
AcDbEntity
8
1
62
256
6
ByLayer
370
18
48
1
60
0
100
AcDbSpline
70
4
71
3
72
14
73
10
40
0
40
0
40
0
40
0
40
0.499999999999945
40
0.499999999999945
40
0.74999999999997
40
0.74999999999997
40
0.874999999999985
40
0.874999999999985
40
1
40
1
40
1
40
1
41
1
10
203.077707115747
20
-10.7958793134419
30
0
41
1
10
203.134655028289
20
-10.8200918764338
30
0
41
1
10
203.185383047282
20
-10.8457158674172
30
0
41
1
10
203.252216998138
20
-10.8859806159607
30
0
41
1
10
203.272939722717
20
-10.899710105825
30
0
41
1
10
203.301581394816
20
-10.920757521568
30
0
41
1
10
203.310720678156
20
-10.9278490447435
30
0
41
1
10
203.328153331306
20
-10.9421845126494
30
0
41
1
10
203.3364628806
20
-10.9494441850556
30
0
41
1
10
203.344280741792
20
-10.9567343659607
30
0
0
SPLINE
5
12D
100
AcDbEntity
8
1
62
256
6
ByLayer
370
18
48
1
60
0
100
AcDbSpline
70
4
71
3
72
8
73
4
40
0
40
0
40
0
40
0
40
1
40
1
40
1
40
1
41
1
10
203.344280741792
20
-10.9567343659607
30
0
41
1
10
204.326751035881
20
-11.0258445506685
30
0
41
1
10
205.308304539354
20
-11.0952132848952
30
0
41
1
10
206.289228271359
20
-11.1634767997002
30
0
0
SPLINE
5
12E
100
AcDbEntity
8
1
62
256
6
ByLayer
370
18
48
1
60
0
100
AcDbSpline
70
4
71
3
72
46
73
42
40
0
40
0
40
0
40
0
40
0.125000000000037
40
0.125000000000037
40
0.187500000000056
40
0.187500000000056
40
0.250000000000075
40
0.250000000000075
40
0.281250000000082
40
0.281250000000082
40
0.312500000000089
40
0.312500000000089
40
0.375000000000096
40
0.375000000000096
40
0.437500000000103
40
0.437500000000103
40
0.453125000000107
40
0.453125000000107
40
0.468750000000112
40
0.468750000000112
40
0.50000000000012
40
0.50000000000012
40
0.562500000000126
40
0.562500000000126
40
0.625000000000131
40
0.625000000000131
40
0.656250000000124
40
0.656250000000124
40
0.687500000000118
40
0.687500000000118
40
0.750000000000085
40
0.750000000000085
40
0.812500000000052
40
0.812500000000052
40
0.843750000000036
40
0.843750000000036
40
0.875000000000019
40
0.875000000000019
40
0.93750000000001
40
0.93750000000001
40
1
40
1
40
1
40
1
41
1
10
204.507590353139
20
-7.75439918376625
30
0
41
1
10
204.487613383659
20
-7.86237266908202
30
0
41
1
10
204.478824111505
20
-7.96862953531755
30
0
41
1
10
204.482771412665
20
-8.12546026335951
30
0
41
1
10
204.486962061391
20
-8.17731133130627
30
0
41
1
10
204.501407125817
20
-8.28016443728757
30
0
41
1
10
204.511659705357
20
-8.33116646740584
30
0
41
1
10
204.531978237138
20
-8.40703453306793
30
0
41
1
10
204.539545017798
20
-8.43209127471326
30
0
41
1
10
204.556216705084
20
-8.48152821225105
30
0
41
1
10
204.56533074055
20
-8.50594305451932
30
0
41
1
10
204.595036305045
20
-8.57828590507788
30
0
41
1
10
204.617985029137
20
-8.62531370175304
30
0
41
1
10
204.670466827601
20
-8.71698275281886
30
0
41
1
10
204.699997851922
20
-8.76162435099289
30
0
41
1
10
204.741349458579
20
-8.81591254523823
30
0
41
1
10
204.749842320335
20
-8.82669435187049
30
0
41
1
10
204.767284061388
20
-8.84810512693659
30
0
41
1
10
204.776248094278
20
-8.85875102773912
30
0
41
1
10
204.803693485129
20
-8.89028882763654
30
0
41
1
10
204.822738651998
20
-8.91079988487397
30
0
41
1
10
204.882119213615
20
-8.9708237943033
30
0
41
1
10
204.924693401204
20
-9.00883116035368
30
0
41
1
10
205.015961886344
20
-9.080915626787
30
0
41
1
10
205.064654431654
20
-9.11499343082761
30
0
41
1
10
205.142557081725
20
-9.16313116913517
30
0
41
1
10
205.169337144687
20
-9.17867952156067
30
0
41
1
10
205.22459517079
20
-9.20876089527894
30
0
41
1
10
205.253188506825
20
-9.22334505834905
30
0
41
1
10
205.340399572451
20
-9.26494948805743
30
0
41
1
10
205.400619524265
20
-9.28995790460667
30
0
41
1
10
205.525192083568
20
-9.3347300558554
30
0
41
1
10
205.589543962834
20
-9.35449435617883
30
0
41
1
10
205.689283903061
20
-9.38017845740799
30
0
41
1
10
205.723067337355
20
-9.38807744865994
30
0
41
1
10
205.791746453095
20
-9.40251905935705
30
0
41
1
10
205.826722998984
20
-9.40906936075118
30
0
41
1
10
205.931758473769
20
-9.42637019451246
30
0
41
1
10
206.002396227787
20
-9.43489601925194
30
0
41
1
10
206.14488795594
20
-9.44605452578134
30
0
41
1
10
206.216741745369
20
-9.44868807890026
30
0
41
1
10
206.289228271359
20
-9.44826326778318
30
0
0
SPLINE
5
12F
100
AcDbEntity
8
1
62
256
6
ByLayer
370
18
48
1
60
0
100
AcDbSpline
70
4
71
3
72
8
73
4
40
0
40
0
40
0
40
0
40
1
40
1
40
1
40
1
41
1
10
206.289228271359
20
-4.89092150902749
30
0
41
1
10
206.304080032813
20
-4.88697840695684
30
0
41
1
10
206.319040464565
20
-4.88327863776382
30
0
41
1
10
206.334115661023
20
-4.87983757057518
30
0
0
SPLINE
5
130
100
AcDbEntity
8
1
62
256
6
ByLayer
370
18
48
1
60
0
100
AcDbSpline
70
4
71
3
72
8
73
4
40
0
40
0
40
0
40
0
40
1
40
1
40
1
40
1
41
1
10
199.9714048156
20
11.4253866397642
30
0
41
1
10
199.67448070172
20
10.668448614268
30
0
41
1
10
199.376122981702
20
9.91228346921145
30
0
41
1
10
199.076531542766
20
9.15675921688199
30
0
0
SPLINE
5
131
100
AcDbEntity
8
1
62
256
6
ByLayer
370
18
48
1
60
0
100
AcDbSpline
70
4
71
3
72
8
73
4
40
0
40
0
40
0
40
0
40
1
40
1
40
1
40
1
41
1
10
199.9714048156
20
11.4253866397642
30
0
41
1
10
199.954061806332
20
11.424028142507
30
0
41
1
10
199.936714972598
20
11.4228841021892
30
0
41
1
10
199.919364327548
20
11.4219545081918
30
0
0
SPLINE
5
132
100
AcDbEntity
8
1
62
256
6
ByLayer
370
18
48
1
60
0
100
AcDbSpline
70
4
71
3
72
161
73
157
40
0
40
0
40
0
40
0
40
0.0156250000000063
40
0.0156250000000063
40
0.0312500000000126
40
0.0312500000000126
40
0.0468750000000189
40
0.0468750000000189
40
0.054687500000021
40
0.054687500000021
40
0.0625000000000231
40
0.0625000000000231
40
0.0781250000000293
40
0.0781250000000293
40
0.0859375000000325
40
0.0859375000000325
40
0.0937500000000356
40
0.0937500000000356
40
0.125000000000044
40
0.125000000000044
40
0.156250000000052
40
0.156250000000052
40
0.187500000000061
40
0.187500000000061
40
0.218750000000069
40
0.218750000000069
40
0.234375000000073
40
0.234375000000073
40
0.242187500000075
40
0.242187500000075
40
0.246093750000076
40
0.246093750000076
40
0.250000000000077
40
0.250000000000077
40
0.281250000000076
40
0.281250000000076
40
0.312500000000075
40
0.312500000000075
40
0.320312500000075
40
0.320312500000075
40
0.328125000000075
40
0.328125000000075
40
0.343750000000074
40
0.343750000000074
40
0.375000000000073
40
0.375000000000073
40
0.390625000000073
40
0.390625000000073
40
0.394531250000073
40
0.394531250000073
40
0.398437500000074
40
0.406250000000075
40
0.406250000000075
40
0.437500000000078
40
0.437500000000078
40
0.45312500000008
40
0.45312500000008
40
0.457031250000081
40
0.457031250000081
40
0.460937500000081
40
0.460937500000081
40
0.468750000000081
40
0.468750000000081
40
0.484375000000082
40
0.484375000000082
40
0.500000000000083
40
0.515625000000084
40
0.515625000000084
40
0.523437500000084
40
0.523437500000084
40
0.531250000000085
40
0.531250000000085
40
0.546875000000086
40
0.546875000000086
40
0.562500000000087
40
0.562500000000087
40
0.578125000000088
40
0.578125000000088
40
0.585937500000088
40
0.589843750000088
40
0.589843750000088
40
0.593750000000089
40
0.593750000000089
40
0.609375000000089
40
0.609375000000089
40
0.617187500000089
40
0.621093750000089
40
0.623046875000089
40
0.623046875000089
40
0.625000000000089
40
0.625000000000089
40
0.628906250000089
40
0.628906250000089
40
0.632812500000089
40
0.632812500000089
40
0.640625000000089
40
0.640625000000089
40
0.65625000000009
40
0.65625000000009
40
0.65820312500009
40
0.65820312500009
40
0.66015625000009
40
0.66015625000009
40
0.664062500000091
40
0.664062500000091
40
0.671875000000091
40
0.671875000000091
40
0.679687500000092
40
0.679687500000092
40
0.687500000000092
40
0.687500000000092
40
0.695312500000093
40
0.695312500000093
40
0.703125000000093
40
0.703125000000093
40
0.718750000000094
40
0.718750000000094
40
0.726562500000095
40
0.726562500000095
40
0.730468750000096
40
0.730468750000096
40
0.734375000000097
40
0.734375000000097
40
0.750000000000096
40
0.750000000000096
40
0.765625000000095
40
0.765625000000095
40
0.769531250000094
40
0.769531250000094
40
0.773437500000093
40
0.773437500000093
40
0.781250000000091
40
0.781250000000091
40
0.78515625000009
40
0.78515625000009
40
0.78710937500009
40
0.78710937500009
40
0.789062500000089
40
0.789062500000089
40
0.796875000000086
40
0.796875000000086
40
0.812500000000078
40
0.812500000000078
40
0.843750000000065
40
0.843750000000065
40
0.875000000000052
40
0.875000000000052
40
0.906250000000039
40
0.906250000000039
40
0.937500000000026
40
0.937500000000026
40
0.968750000000013
40
0.968750000000013
40
0.984375000000006
40
0.984375000000006
40
1
40
1
40
1
40
1
41
1
10
199.919364327548
20
5.48393851746977
30
0
41
1
10
199.718666032846
20
5.48314954611763
30
0
41
1
10
199.51797059249
20
5.48315247624902
30
0
41
1
10
199.116592049083
20
5.48658061669963
30
0
41
1
10
198.915968497934
20
5.4900556146529
30
0
41
1
10
198.515262141407
20
5.50204596021754
30
0
41
1
10
198.315139748862
20
5.51056768302837
30
0
41
1
10
198.015329249546
20
5.52741868766105
30
0
41
1
10
197.915449915637
20
5.53366238490867
30
0
41
1
10
197.715802581659
20
5.54735941307536
30
0
41
1
10
197.61603605949
20
5.55482894179701
30
0
41
1
10
197.316929934986
20
5.57933386804146
30
0
41
1
10
197.117787475768
20
5.5985063117827
30
0
41
1
10
196.819456691855
20
5.63137600931807
30
0
41
1
10
196.720076583578
20
5.64301404118888
30
0
41
1
10
196.521443284556
20
5.66764469118755
30
0
41
1
10
196.42213488676
20
5.68064511371182
30
0
41
1
10
195.926594580633
20
5.74893024892418
30
0
41
1
10
195.534180781766
20
5.81385516712726
30
0
41
1
10
194.757619208474
20
5.96411482526506
30
0
41
1
10
194.373519139928
20
6.04957771090312
30
0
41
1
10
193.614307564471
20
6.24167568883158
30
0
41
1
10
193.239184852259
20
6.34828585654671
30
0
41
1
10
192.498645787663
20
6.58298287637047
30
0
41
1
10
192.133212766321
20
6.71103567099556
30
0
41
1
10
191.593108443904
20
6.91958128605356
30
0
41
1
10
191.414419542862
20
6.99184804620322
30
0
41
1
10
191.148541409537
20
7.10445972242527
30
0
41
1
10
191.06027475969
20
7.14269886559347
30
0
41
1
10
190.928434120404
20
7.20112385843504
30
0
41
1
10
190.884602736744
20
7.22076704926758
30
0
41
1
10
190.797364888486
20
7.26030269687257
30
0
41
1
10
190.753931314419
20
7.28020712062008
30
0
41
1
10
190.364712452464
20
7.46056314646864
30
0
41
1
10
190.030681097907
20
7.62953942329219
30
0
41
1
10
189.388608824816
20
7.98317340289987
30
0
41
1
10
189.080554493501
20
8.16783801652414
30
0
41
1
10
188.713591946807
20
8.40720193534915
30
0
41
1
10
188.641107895496
20
8.45550041143747
30
0
41
1
10
188.498017466226
20
8.55291190282571
30
0
41
1
10
188.427326893987
20
8.60208801900498
30
0
41
1
10
188.219624619551
20
8.74972587988319
30
0
41
1
10
188.086546003842
20
8.84858398754918
30
0
41
1
10
187.703711275367
20
9.14552401636732
30
0
41
1
10
187.470324903435
20
9.34400476317461
30
0
41
1
10
187.154416363409
20
9.6383059896155
30
0
41
1
10
187.054814199509
20
9.73582853289838
30
0
41
1
10
186.9376637759
20
9.85650226841889
30
0
41
1
10
186.914597851154
20
9.88058022277463
30
0
41
1
10
186.869429977937
20
9.92836069388341
30
0
41
1
10
186.803035812542
20
9.9995583796331
30
0
41
1
10
186.740666457936
20
10.0692933994487
30
0
41
1
10
186.541514319232
20
10.2982993390705
30
0
41
1
10
186.410117925036
20
10.4704967874956
30
0
41
1
10
186.251867997583
20
10.70845378738
30
0
41
1
10
186.205603358067
20
10.7843803007053
30
0
41
1
10
186.155659473014
20
10.8746136534013
30
0
41
1
10
186.146065331118
20
10.8924264499723
30
0
41
1
10
186.127662021315
20
10.9275728528216
30
0
41
1
10
186.118847120213
20
10.9449181495334
30
0
41
1
10
186.093612322202
20
10.9961399827905
30
0
41
1
10
186.078467068763
20
11.0290665290947
30
0
41
1
10
186.037827369226
20
11.1241855659569
30
0
41
1
10
186.017120267686
20
11.1827194609986
30
0
41
1
10
185.987426216029
20
11.2900006064862
30
0
41
1
10
185.969455759878
20
11.387495407781
30
0
41
1
10
185.973312583041
20
11.4652269505602
30
0
41
1
10
185.983941860759
20
11.5159894326242
30
0
41
1
10
185.98877843078
20
11.5316595537498
30
0
41
1
10
186.000966355475
20
11.5604337862094
30
0
41
1
10
186.008288952927
20
11.5734743867769
30
0
41
1
10
186.033762827869
20
11.6086345928887
30
0
41
1
10
186.055412698511
20
11.6267961515663
30
0
41
1
10
186.107288350891
20
11.6528844320327
30
0
41
1
10
186.137515556004
20
11.660810564946
30
0
41
1
10
186.20601393869
20
11.666642190603
30
0
41
1
10
186.244286005293
20
11.6645472922438
30
0
41
1
10
186.307469468902
20
11.6539811281116
30
0
41
1
10
186.340507133254
20
11.6468410659939
30
0
41
1
10
186.375683272772
20
11.6369239382543
30
0
41
1
10
186.39960706722
20
11.6296957409057
30
0
41
1
10
186.411809260312
20
11.6257717258253
30
0
41
1
10
186.473860419273
20
11.6046596127619
30
0
41
1
10
186.526919860314
20
11.5829727342755
30
0
41
1
10
186.611430990419
20
11.5435004383956
30
0
41
1
10
186.654915831462
20
11.522027620284
30
0
41
1
10
186.707753347319
20
11.4939808217135
30
0
41
1
10
186.730846298562
20
11.4813230735802
30
0
41
1
10
186.746340980523
20
11.4727433146085
30
0
41
1
10
186.754146656278
20
11.468383118335
30
0
41
1
10
186.778507095804
20
11.4551370283347
30
0
41
1
10
186.796152952751
20
11.4460947147997
30
0
41
1
10
186.834062680254
20
11.4276045784965
30
0
41
1
10
186.854380231807
20
11.4181304202855
30
0
41
1
10
186.918651336334
20
11.389432210658
30
0
41
1
10
186.965981273838
20
11.3698853122629
30
0
41
1
10
187.12023946135
20
11.3104082776662
30
0
41
1
10
187.239411455431
20
11.2696542054529
30
0
41
1
10
187.390219169579
20
11.223716729956
30
0
41
1
10
187.407209903656
20
11.2186112361329
30
0
41
1
10
187.441657954918
20
11.2084015991802
30
0
41
1
10
187.459136149446
20
11.2032915516349
30
0
41
1
10
187.512078993933
20
11.1880234170747
30
0
41
1
10
187.548051910837
20
11.1779259995352
30
0
41
1
10
187.657907496601
20
11.1479092559995
30
0
41
1
10
187.733721181862
20
11.12826495819
30
0
41
1
10
187.890158432458
20
11.0898894513467
30
0
41
1
10
187.970787173318
20
11.0711597916435
30
0
41
1
10
188.13659857318
20
11.0347737401077
30
0
41
1
10
188.221782136507
20
11.0171171401074
30
0
41
1
10
188.396589197112
20
10.9830563151688
30
0
41
1
10
188.485274394906
20
10.9668328982853
30
0
41
1
10
188.664960731725
20
10.9360603684025
30
0
41
1
10
188.755972545849
20
10.9215104526859
30
0
41
1
10
189.032343803462
20
10.8804852576844
30
0
41
1
10
189.220998422664
20
10.8566090086492
30
0
41
1
10
189.510238817639
20
10.8264775539535
30
0
41
1
10
189.607698461911
20
10.8173802324093
30
0
41
1
10
189.755445653465
20
10.805215795579
30
0
41
1
10
189.805027967271
20
10.8014033066228
30
0
41
1
10
189.904213950196
20
10.7943204873273
30
0
41
1
10
189.953841764785
20
10.791047705583
30
0
41
1
10
190.202151146013
20
10.7760188015181
30
0
41
1
10
190.401339696193
20
10.7682506828961
30
0
41
1
10
190.800757483043
20
10.7612143113944
30
0
41
1
10
191.000985431795
20
10.761934565805
30
0
41
1
10
191.25192918337
20
10.7681955167534
30
0
41
1
10
191.302150939352
20
10.7697154100445
30
0
41
1
10
191.402661149077
20
10.7732922229017
30
0
41
1
10
191.45294508462
20
10.7753499402766
30
0
41
1
10
191.603066586491
20
10.7822889880843
30
0
41
1
10
191.702451267012
20
10.7879467213543
30
0
41
1
10
191.850497905618
20
10.7979152888302
30
0
41
1
10
191.899675514557
20
10.8014842890681
30
0
41
1
10
191.973187731591
20
10.8071960093181
30
0
41
1
10
191.997649100104
20
10.8091601161556
30
0
41
1
10
192.046480918659
20
10.8132155573521
30
0
41
1
10
192.070835774664
20
10.8153298284232
30
0
41
1
10
192.19258931506
20
10.8259116342871
30
0
41
1
10
192.28995161928
20
10.834374035428
30
0
41
1
10
192.58193995543
20
10.8597114558696
30
0
41
1
10
192.776456303787
20
10.8765531890448
30
0
41
1
10
193.359551539698
20
10.9269087029949
30
0
41
1
10
193.747672288123
20
10.9602601044983
30
0
41
1
10
194.522623620537
20
11.0262801554832
30
0
41
1
10
194.909451548287
20
11.0589496328806
30
0
41
1
10
195.681912494127
20
11.1231198446768
30
0
41
1
10
196.067538697022
20
11.1546241042981
30
0
41
1
10
196.837956097291
20
11.215721112846
30
0
41
1
10
197.222744206193
20
11.2453095828527
30
0
41
1
10
197.992271042042
20
11.3015748576013
30
0
41
1
10
198.377039414887
20
11.3282268239542
30
0
41
1
10
198.954704031873
20
11.3655485909632
30
0
41
1
10
199.147339926833
20
11.3775526575425
30
0
41
1
10
199.532944310888
20
11.4005865518444
30
0
41
1
10
199.725941842988
20
11.4115915285972
30
0
41
1
10
199.919364327548
20
11.4219545081922
30
0
0
SPLINE
5
133
100
AcDbEntity
8
1
62
256
6
ByLayer
370
18
48
1
60
0
100
AcDbSpline
70
4
71
3
72
8
73
4
40
0
40
0
40
0
40
0
40
1
40
1
40
1
40
1
41
1
10
199.919364327548
20
5.48393851746977
30
0
41
1
10
199.973131859554
20
5.48414988469884
30
0
41
1
10
200.026801582911
20
5.48459657722421
30
0
41
1
10
200.080373946821
20
5.48530186648034
30
0
0
SPLINE
5
134
100
AcDbEntity
8
1
62
256
6
ByLayer
370
18
48
1
60
0
100
AcDbSpline
70
4
71
3
72
20
73
16
40
0
40
0
40
0
40
0
40
0.250000000000029
40
0.250000000000029
40
0.375000000000043
40
0.375000000000043
40
0.500000000000058
40
0.500000000000058
40
0.750000000000058
40
0.750000000000058
40
0.875000000000043
40
0.875000000000043
40
0.937500000000022
40
0.937500000000022
40
1
40
1
40
1
40
1
41
1
10
202.947635554694
20
5.56832615766049
30
0
41
1
10
202.708691520395
20
5.56140247046932
30
0
41
1
10
202.469747598706
20
5.55448525836087
30
0
41
1
10
202.11133164053
20
5.54408868632629
30
0
41
1
10
201.991859587455
20
5.54061266065506
30
0
41
1
10
201.7529098717
20
5.53296594799207
30
0
41
1
10
201.633432997027
20
5.52889298586621
30
0
41
1
10
201.275001899855
20
5.51661530867864
30
0
41
1
10
201.03604526959
20
5.50832337406104
30
0
41
1
10
200.677638019575
20
5.49769780317098
30
0
41
1
10
200.558174088068
20
5.49449431455338
30
0
41
1
10
200.378988930672
20
5.49038991216807
30
0
41
1
10
200.319262225676
20
5.48913140984237
30
0
41
1
10
200.199814385202
20
5.48697675032446
30
0
41
1
10
200.140093365856
20
5.48608808275964
30
0
41
1
10
200.080373946821
20
5.48530186648031
30
0
0
SPLINE
5
135
100
AcDbEntity
8
1
62
256
6
ByLayer
370
18
48
1
60
0
100
AcDbSpline
70
4
71
3
72
8
73
4
40
0
40
0
40
0
40
0
40
1
40
1
40
1
40
1
41
1
10
203.077707115747
20
5.57171574625667
30
0
41
1
10
203.034284493634
20
5.57071043706893
30
0
41
1
10
202.990927300464
20
5.56958058741259
30
0
41
1
10
202.947635554695
20
5.56832615766066
30
0
0
SPLINE
5
136
100
AcDbEntity
8
1
62
256
6
ByLayer
370
18
48
1
60
0
100
AcDbSpline
70
4
71
3
72
12
73
8
40
0
40
0
40
0
40
0
40
0.132062012121782
40
0.132062012121782
40
0.660310060915794
40
0.660310060915794
40
1
40
1
40
1
40
1
41
1
10
206.289228271359
20
5.64603943567494
30
0
41
1
10
206.147854906707
20
5.64276830775086
30
0
41
1
10
206.006481547637
20
5.63949713799894
30
0
41
1
10
205.299614781724
20
5.62314100184725
30
0
41
1
10
204.734121463476
20
5.61005517308274
30
0
41
1
10
203.804987824004
20
5.58855135936895
30
0
41
1
10
203.441347431436
20
5.58013465171689
30
0
41
1
10
203.077707115747
20
5.57171574625707
30
0
0
SPLINE
5
137
100
AcDbEntity
8
1
62
256
6
ByLayer
370
18
48
1
60
0
100
AcDbSpline
70
4
71
3
72
8
73
4
40
0
40
0
40
0
40
0
40
1
40
1
40
1
40
1
41
1
10
206.334115661024
20
5.64698800502691
30
0
41
1
10
206.319159577165
20
5.64670196294611
30
0
41
1
10
206.304197117098
20
5.64638578811176
30
0
41
1
10
206.289228271359
20
5.64603943567536
30
0
0
SPLINE
5
138
100
AcDbEntity
8
1
62
256
6
ByLayer
370
18
48
1
60
0
100
AcDbSpline
70
4
71
3
72
12
73
8
40
0
40
0
40
0
40
0
40
0.148211789363734
40
0.148211789363734
40
0.741058951748206
40
0.741058951748206
40
1
40
1
40
1
40
1
41
1
10
208.750744922802
20
5.6931827608019
30
0
41
1
10
208.631354750799
20
5.69090164965141
30
0
41
1
10
208.511964456256
20
5.6886203965168
30
0
41
1
10
207.915012374567
20
5.67721337584572
30
0
41
1
10
207.437448764094
20
5.66808534044259
30
0
41
1
10
206.751294429489
20
5.6549661405324
30
0
41
1
10
206.542705221522
20
5.65097737767906
30
0
41
1
10
206.334115661024
20
5.6469880050274
30
0
0
SPLINE
5
139
100
AcDbEntity
8
1
62
256
6
ByLayer
370
18
48
1
60
0
100
AcDbSpline
70
4
71
3
72
32
73
28
40
0
40
0
40
0
40
0
40
0.124999999999898
40
0.124999999999898
40
0.187499999999854
40
0.187499999999854
40
0.249999999999809
40
0.249999999999809
40
0.374999999999692
40
0.374999999999692
40
0.437499999999612
40
0.437499999999612
40
0.468749999999597
40
0.468749999999597
40
0.499999999999582
40
0.499999999999582
40
0.624999999999646
40
0.624999999999646
40
0.687499999999678
40
0.687499999999678
40
0.749999999999711
40
0.749999999999711
40
0.874999999999856
40
0.874999999999856
40
0.937499999999928
40
0.937499999999928
40
1
40
1
40
1
40
1
41
1
10
209.284345931868
20
5.65382534820117
30
0
41
1
10
209.285323531043
20
5.65698587983803
30
0
41
1
10
209.28304391325
20
5.66004159324871
30
0
41
1
10
209.274845380726
20
5.66447137220879
30
0
41
1
10
209.271310790233
20
5.66592216508948
30
0
41
1
10
209.262591513863
20
5.66877065146394
30
0
41
1
10
209.257396149778
20
5.67016809484781
30
0
41
1
10
209.239592246008
20
5.67420205587374
30
0
41
1
10
209.224714104421
20
5.67670867664867
30
0
41
1
10
209.197775020429
20
5.68018799065464
30
0
41
1
10
209.188020180063
20
5.68130069898643
30
0
41
1
10
209.172161581641
20
5.68289530492436
30
0
41
1
10
209.166654116262
20
5.68341578435101
30
0
41
1
10
209.155326634258
20
5.68442124260196
30
0
41
1
10
209.149502521789
20
5.68490684382988
30
0
41
1
10
209.119585739292
20
5.68724981278717
30
0
41
1
10
209.093127647601
20
5.6888545509149
30
0
41
1
10
209.049487362233
20
5.69083946210466
30
0
41
1
10
209.034277351081
20
5.69143026415861
30
0
41
1
10
209.002438920722
20
5.69246038297402
30
0
41
1
10
208.986033210061
20
5.69289190943283
30
0
41
1
10
208.935766297303
20
5.69392807184727
30
0
41
1
10
208.900702909226
20
5.69428248456751
30
0
41
1
10
208.845648077589
20
5.69428104656384
30
0
41
1
10
208.826805616315
20
5.69418961944643
30
0
41
1
10
208.788982421672
20
5.69382343458645
30
0
41
1
10
208.769933537091
20
5.69354938530114
30
0
41
1
10
208.750744922802
20
5.69318276080196
30
0
0
SPLINE
5
13A
100
AcDbEntity
8
1
62
256
6
ByLayer
370
18
48
1
60
0
100
AcDbSpline
70
4
71
3
72
45
73
41
40
0
40
0
40
0
40
0
40
0.0717347357803188
40
0.143469471560638
40
0.215204207340956
40
0.215204207340956
40
0.233137891286036
40
0.233137891286036
40
0.251071575231115
40
0.28693894312128
40
0.322806311011445
40
0.322806311011445
40
0.340739994956532
40
0.340739994956532
40
0.35867367890162
40
0.35867367890162
40
0.394541046791795
40
0.394541046791795
40
0.430408414681969
40
0.430408414681969
40
0.466275782572144
40
0.466275782572144
40
0.502143150462319
40
0.573877886242667
40
0.573877886242667
40
0.645612622023016
40
0.645612622023016
40
0.681479989913199
40
0.681479989913199
40
0.717347357803381
40
0.717347357803381
40
0.860816829364074
40
0.860816829364074
40
0.896684197254264
40
0.896684197254264
40
0.914617881199359
40
0.914617881199359
40
0.932551565144454
40
0.932551565144454
40
1
40
1
40
1
40
1
41
1
10
198.791177343048
20
7.67921473694253
30
0
41
1
10
198.781669344805
20
7.60638971652403
30
0
41
1
10
198.770512159267
20
7.46146040008179
30
0
41
1
10
198.776607423491
20
7.24613790297812
30
0
41
1
10
198.795920678574
20
7.10395775586369
30
0
41
1
10
198.812933576507
20
7.01553354303957
30
0
41
1
10
198.816589797679
20
6.99784513836821
30
0
41
1
10
198.824373303838
20
6.96265363946034
30
0
41
1
10
198.836747619722
20
6.91016713868112
30
0
41
1
10
198.860830299423
20
6.82417638685089
30
0
41
1
10
198.883739313357
20
6.75694696511147
30
0
41
1
10
198.902281787598
20
6.70710781283429
30
0
41
1
10
198.908689701031
20
6.69059197990794
30
0
41
1
10
198.92195878813
20
6.65775471845959
30
0
41
1
10
198.928853586362
20
6.64143582964331
30
0
41
1
10
198.94979129152
20
6.59273905470835
30
0
41
1
10
198.964160540128
20
6.56062640344985
30
0
41
1
10
198.993677144427
20
6.49711336271019
30
0
41
1
10
199.00884458737
20
6.46571453720031
30
0
41
1
10
199.040117808593
20
6.40366080098798
30
0
41
1
10
199.05626000883
20
6.3729368760448
30
0
41
1
10
199.089384465766
20
6.31266665326334
30
0
41
1
10
199.140311797227
20
6.22405002159095
30
0
41
1
10
199.195398004634
20
6.14087492010495
30
0
41
1
10
199.273402203943
20
6.03500193877707
30
0
41
1
10
199.314684443992
20
5.98457948260082
30
0
41
1
10
199.380780810389
20
5.9128978941142
30
0
41
1
10
199.403509062001
20
5.88966303359996
30
0
41
1
10
199.450495354303
20
5.84454723759376
30
0
41
1
10
199.474781679172
20
5.82264205210885
30
0
41
1
10
199.600115848388
20
5.71686033974393
30
0
41
1
10
199.709757415645
20
5.64666918382957
30
0
41
1
10
199.861188248472
20
5.57619739699712
30
0
41
1
10
199.892196891276
20
5.56297330442655
30
0
41
1
10
199.939860021248
20
5.54445454329772
30
0
41
1
10
199.955971885083
20
5.53849035878383
30
0
41
1
10
199.988394170518
20
5.52707345938322
30
0
41
1
10
200.004705691431
20
5.52161881530327
30
0
41
1
10
200.082844014981
20
5.49683250976457
30
0
41
1
10
200.145991515121
20
5.48075150391097
30
0
41
1
10
200.210580542384
20
5.46800498989816
30
0
0
SPLINE
5
13B
100
AcDbEntity
8
1
62
256
6
ByLayer
370
18
48
1
60
0
100
AcDbSpline
70
4
71
3
72
8
73
4
40
0
40
0
40
0
40
0
40
1
40
1
40
1
40
1
41
1
10
198.892358270868
20
8.45092415629608
30
0
41
1
10
198.85848368331
20
8.19372621402749
30
0
41
1
10
198.824766714197
20
7.93648725394252
30
0
41
1
10
198.791177343048
20
7.67921473694267
30
0
0
SPLINE
5
13C
100
AcDbEntity
8
1
62
256
6
ByLayer
370
18
48
1
60
0
100
AcDbSpline
70
4
71
3
72
12
73
8
40
0
40
0
40
0
40
0
40
0.499999999999983
40
0.499999999999983
40
0.749999999999991
40
0.749999999999991
40
1
40
1
40
1
40
1
41
1
10
199.076531542766
20
9.15675921688245
30
0
41
1
10
199.031207821522
20
9.04245965369284
30
0
41
1
10
198.993219036198
20
8.92646460281583
30
0
41
1
10
198.947113407365
20
8.74994681752014
30
0
41
1
10
198.933563646451
20
8.69068529695488
30
0
41
1
10
198.910151243156
20
8.571304052833
30
0
41
1
10
198.900292852074
20
8.5111686671884
30
0
41
1
10
198.892358270867
20
8.45092415629608
30
0
0
SPLINE
5
13D
100
AcDbEntity
8
1
62
256
6
ByLayer
370
18
48
1
60
0
100
AcDbSpline
70
4
71
3
72
38
73
34
40
0
40
0
40
0
40
0
40
0.0624999999999015
40
0.0624999999999015
40
0.0937499999999111
40
0.0937499999999111
40
0.12499999999992
40
0.12499999999992
40
0.187499999999939
40
0.187499999999939
40
0.249999999999958
40
0.249999999999958
40
0.312499999999977
40
0.312499999999977
40
0.374999999999996
40
0.374999999999996
40
0.437500000000015
40
0.437500000000015
40
0.500000000000034
40
0.500000000000034
40
0.624999999999966
40
0.624999999999966
40
0.749999999999898
40
0.749999999999898
40
0.812499999999898
40
0.812499999999898
40
0.874999999999898
40
0.874999999999898
40
0.906249999999922
40
0.906249999999922
40
0.937499999999945
40
0.937499999999945
40
1
40
1
40
1
40
1
41
1
10
204.112067462595
20
9.82061050051601
30
0
41
1
10
204.123814527157
20
9.81376353332951
30
0
41
1
10
204.13638437196
20
9.80897967631111
30
0
41
1
10
204.156073737535
20
9.803860199323
30
0
41
1
10
204.162781035532
20
9.80251109248971
30
0
41
1
10
204.176250777995
20
9.80045745163847
30
0
41
1
10
204.183039830469
20
9.79974583930559
30
0
41
1
10
204.203552144251
20
9.79843166807365
30
0
41
1
10
204.217273002349
20
9.79864949055738
30
0
41
1
10
204.244730055763
20
9.80080394854497
30
0
41
1
10
204.258424068885
20
9.80274539535694
30
0
41
1
10
204.285547096558
20
9.80805264172503
30
0
41
1
10
204.299048370945
20
9.8114367428046
30
0
41
1
10
204.325637023992
20
9.81943380255956
30
0
41
1
10
204.338739098916
20
9.82404677641199
30
0
41
1
10
204.364588499099
20
9.83441804455353
30
0
41
1
10
204.377324312822
20
9.84017635797036
30
0
41
1
10
204.402200504746
20
9.85268327489513
30
0
41
1
10
204.414373944204
20
9.8594447567111
30
0
41
1
10
204.450102464828
20
9.88124728343266
30
0
41
1
10
204.472556447221
20
9.89759102161193
30
0
41
1
10
204.514355328207
20
9.93391147900434
30
0
41
1
10
204.53357015221
20
9.95378143798274
30
0
41
1
10
204.558777418691
20
9.98604424791304
30
0
41
1
10
204.566596445233
20
9.99724775083845
30
0
41
1
10
204.580635893007
20
10.0203881255703
30
0
41
1
10
204.586906137496
20
10.0323973011885
30
0
41
1
10
204.594752388962
20
10.0509933357255
30
0
41
1
10
204.59710226973
20
10.0572770553868
30
0
41
1
10
204.601189195468
20
10.0700449240794
30
0
41
1
10
204.602929956015
20
10.0765528174991
30
0
41
1
10
204.606988174088
20
10.0961379402294
30
0
41
1
10
204.608220605246
20
10.109332854315
30
0
41
1
10
204.607232773227
20
10.1227523676078
30
0
0
SPLINE
5
13E
100
AcDbEntity
8
1
62
256
6
ByLayer
370
18
48
1
60
0
100
AcDbSpline
70
4
71
3
72
8
73
4
40
0
40
0
40
0
40
0
40
1
40
1
40
1
40
1
41
1
10
204.607232773227
20
10.1227523676078
30
0
41
1
10
204.606696397951
20
10.1300389254523
30
0
41
1
10
204.606159657636
20
10.1373248107945
30
0
41
1
10
204.605622570652
20
10.1446100554041
30
0
0
SPLINE
5
13F
100
AcDbEntity
8
1
62
256
6
ByLayer
370
18
48
1
60
0
100
AcDbSpline
70
4
71
3
72
28
73
24
40
0
40
0
40
0
40
0
40
0.249999999999918
40
0.249999999999918
40
0.374999999999938
40
0.374999999999938
40
0.499999999999958
40
0.499999999999958
40
0.624999999999978
40
0.624999999999978
40
0.687500000000084
40
0.687500000000084
40
0.75000000000019
40
0.75000000000019
40
0.812500000000295
40
0.812500000000295
40
0.843750000000247
40
0.843750000000247
40
0.875000000000199
40
0.875000000000199
40
0.9375000000001
40
0.9375000000001
40
1
40
1
40
1
40
1
41
1
10
203.786985431019
20
9.66742689368238
30
0
41
1
10
203.803452513707
20
9.69635455141631
30
0
41
1
10
203.822311227275
20
9.72390920169053
30
0
41
1
10
203.85423348006
20
9.76221290621382
30
0
41
1
10
203.865497986125
20
9.77447892277246
30
0
41
1
10
203.889321474945
20
9.7975996792897
30
0
41
1
10
203.901925293981
20
9.80850076574418
30
0
41
1
10
203.928523395752
20
9.82821962147005
30
0
41
1
10
203.942650043532
20
9.83713255709608
30
0
41
1
10
203.964800036962
20
9.84793457198001
30
0
41
1
10
203.972354063729
20
9.85111441466503
30
0
41
1
10
203.987889777648
20
9.8564074652929
30
0
41
1
10
203.99594737105
20
9.85853190622157
30
0
41
1
10
204.012118323776
20
9.8612538210123
30
0
41
1
10
204.020246605207
20
9.86187204106471
30
0
41
1
10
204.032514694701
20
9.86138458437856
30
0
41
1
10
204.036633183887
20
9.86097855977101
30
0
41
1
10
204.044675777623
20
9.85966216060316
30
0
41
1
10
204.048624421606
20
9.8587528281108
30
0
41
1
10
204.060240813619
20
9.85523636774698
30
0
41
1
10
204.067768809414
20
9.85176048259268
30
0
41
1
10
204.081305208065
20
9.84304604392418
30
0
41
1
10
204.087415136446
20
9.83780911838713
30
0
41
1
10
204.0929237589
20
9.83176952939758
30
0
0
SPLINE
5
140
100
AcDbEntity
8
1
62
256
6
ByLayer
370
18
48
1
60
0
100
AcDbSpline
70
4
71
3
72
8
73
4
40
0
40
0
40
0
40
0
40
1
40
1
40
1
40
1
41
1
10
204.0929237589
20
9.83176952939758
30
0
41
1
10
204.099304405338
20
9.82804993029194
30
0
41
1
10
204.105685630323
20
9.8243302550066
30
0
41
1
10
204.112067462595
20
9.82061050051601
30
0
0
SPLINE
5
141
100
AcDbEntity
8
1
62
256
6
ByLayer
370
18
48
1
60
0
100
AcDbSpline
70
4
71
3
72
30
73
26
40
0
40
0
40
0
40
0
40
0.249999999999742
40
0.249999999999742
40
0.374999999999713
40
0.374999999999713
40
0.499999999999684
40
0.499999999999684
40
0.624999999999654
40
0.624999999999654
40
0.687499999999636
40
0.687499999999636
40
0.749999999999617
40
0.749999999999617
40
0.781249999999668
40
0.781249999999668
40
0.812499999999718
40
0.812499999999718
40
0.874999999999808
40
0.874999999999808
40
0.906249999999853
40
0.906249999999853
40
0.937499999999898
40
0.937499999999898
40
1
40
1
40
1
40
1
41
1
10
204.886375612132
20
10.3382570080937
30
0
41
1
10
204.853457086291
20
10.3370414004743
30
0
41
1
10
204.820698820856
20
10.3330843404726
30
0
41
1
10
204.772546263388
20
10.3225357179722
30
0
41
1
10
204.756691928103
20
10.3182467218379
30
0
41
1
10
204.725592511862
20
10.3078626056768
30
0
41
1
10
204.710349589516
20
10.3017721540111
30
0
41
1
10
204.680988591975
20
10.287361238097
30
0
41
1
10
204.666935818123
20
10.2790819263259
30
0
41
1
10
204.647556902454
20
10.2645783690769
30
0
41
1
10
204.641370088284
20
10.25938594534
30
0
41
1
10
204.629711285617
20
10.2480748557948
30
0
41
1
10
204.62429812147
20
10.2420018504537
30
0
41
1
10
204.617138636669
20
10.2323020890408
30
0
41
1
10
204.614904968971
20
10.2289623001297
30
0
41
1
10
204.610787719612
20
10.2220401547745
30
0
41
1
10
204.608896980406
20
10.2184381665702
30
0
41
1
10
204.603939489661
20
10.207452393713
30
0
41
1
10
204.60154535233
20
10.1998469349399
30
0
41
1
10
204.599561342386
20
10.1879497968547
30
0
41
1
10
204.599177925651
20
10.1839218948341
30
0
41
1
10
204.59898561294
20
10.1759504897326
30
0
41
1
10
204.599171067276
20
10.1719776552119
30
0
41
1
10
204.600554714643
20
10.1600978810734
30
0
41
1
10
204.6026143749
20
10.152179708494
30
0
41
1
10
204.605622570652
20
10.1446100554041
30
0
0
SPLINE
5
142
100
AcDbEntity
8
1
62
256
6
ByLayer
370
18
48
1
60
0
100
AcDbSpline
70
4
71
3
72
38
73
34
40
0
40
0
40
0
40
0
40
0.0625000000000737
40
0.0625000000000737
40
0.0937500000000663
40
0.0937500000000663
40
0.125000000000059
40
0.125000000000059
40
0.187500000000044
40
0.187500000000044
40
0.250000000000029
40
0.250000000000029
40
0.312500000000014
40
0.312500000000014
40
0.375
40
0.375
40
0.437499999999985
40
0.437499999999985
40
0.49999999999997
40
0.49999999999997
40
0.62499999999994
40
0.62499999999994
40
0.749999999999911
40
0.749999999999911
40
0.812499999999899
40
0.812499999999899
40
0.874999999999888
40
0.874999999999888
40
0.906249999999916
40
0.906249999999916
40
0.937499999999944
40
0.937499999999944
40
1
40
1
40
1
40
1
41
1
10
203.817789502924
20
8.73594055905863
30
0
41
1
10
203.829341776651
20
8.74108759488061
30
0
41
1
10
203.839576669074
20
8.74802435877209
30
0
41
1
10
203.853628731947
20
8.76023906143354
30
0
41
1
10
203.858086316363
20
8.76462441992754
30
0
41
1
10
203.866492512146
20
8.77380690958393
30
0
41
1
10
203.870460243739
20
8.77862044895463
30
0
41
1
10
203.881754556745
20
8.79364790332446
30
0
41
1
10
203.888399176627
20
8.80433514060121
30
0
41
1
10
203.900278785934
20
8.82674072933978
30
0
41
1
10
203.905488777178
20
8.83842934077106
30
0
41
1
10
203.914610492912
20
8.86246834386029
30
0
41
1
10
203.91854307833
20
8.87488522447617
30
0
41
1
10
203.925202788947
20
8.9001651456409
30
0
41
1
10
203.927937165561
20
8.91303938443298
30
0
41
1
10
203.932302714077
20
8.93924039463309
30
0
41
1
10
203.933928175918
20
8.95255840112742
30
0
41
1
10
203.936085665562
20
8.97937413259066
30
0
41
1
10
203.93662358028
20
8.99290509914817
30
0
41
1
10
203.936622320279
20
9.03386927877523
30
0
41
1
10
203.934490749691
20
9.06130499521845
30
0
41
1
10
203.925749777014
20
9.11610697489206
30
0
41
1
10
203.919162837763
20
9.1433075405705
30
0
41
1
10
203.905465967507
20
9.18280569650204
30
0
41
1
10
203.900241274699
20
9.19579320224489
30
0
41
1
10
203.888382487735
20
9.22094775199668
30
0
41
1
10
203.881714395826
20
9.23319822240239
30
0
41
1
10
203.870438054215
20
9.25067051043948
30
0
41
1
10
203.866473845991
20
9.25633219978684
30
0
41
1
10
203.858066450195
20
9.26727944394909
30
0
41
1
10
203.853605634472
20
9.27258220832834
30
0
41
1
10
203.839573828729
20
9.28757933639275
30
0
41
1
10
203.829347906357
20
9.29646062572706
30
0
41
1
10
203.817789502924
20
9.30365359579687
30
0
0
SPLINE
5
143
100
AcDbEntity
8
1
62
256
6
ByLayer
370
18
48
1
60
0
100
AcDbSpline
70
4
71
3
72
8
73
4
40
0
40
0
40
0
40
0
40
1
40
1
40
1
40
1
41
1
10
203.817789502924
20
9.30365359579685
30
0
41
1
10
203.811513494744
20
9.30755925104259
30
0
41
1
10
203.805238076247
20
9.31146479616061
30
0
41
1
10
203.79896321955
20
9.31537023567461
30
0
0
SPLINE
5
144
100
AcDbEntity
8
1
62
256
6
ByLayer
370
18
48
1
60
0
100
AcDbSpline
70
4
71
3
72
30
73
26
40
0
40
0
40
0
40
0
40
0.249999999999901
40
0.249999999999901
40
0.37499999999988
40
0.37499999999988
40
0.499999999999859
40
0.499999999999859
40
0.624999999999838
40
0.624999999999838
40
0.687499999999829
40
0.687499999999829
40
0.749999999999819
40
0.749999999999819
40
0.781249999999779
40
0.781249999999779
40
0.812499999999739
40
0.812499999999739
40
0.87499999999967
40
0.87499999999967
40
0.906249999999707
40
0.906249999999707
40
0.937499999999744
40
0.937499999999744
40
1
40
1
40
1
40
1
41
1
10
203.786985431019
20
9.66742689368238
30
0
41
1
10
203.770526168099
20
9.63851297290196
30
0
41
1
10
203.756467204981
20
9.60825457717161
30
0
41
1
10
203.739781893894
20
9.56117718803785
30
0
41
1
10
203.734974229729
20
9.54522800439867
30
0
41
1
10
203.727193649973
20
9.51283899873164
30
0
41
1
10
203.724218105051
20
9.49640399094849
30
0
41
1
10
203.720717995447
20
9.4632157058806
30
0
41
1
10
203.72019385118
20
9.44654200876431
30
0
41
1
10
203.722027573746
20
9.42174925997341
30
0
41
1
10
203.723078549436
20
9.41350616572149
30
0
41
1
10
203.726320119368
20
9.39707422647817
30
0
41
1
10
203.728503783572
20
9.3889615683882
30
0
41
1
10
203.732767159472
20
9.37724343836865
30
0
41
1
10
203.734355886914
20
9.37340166428541
30
0
41
1
10
203.737915602642
20
9.365865022376
30
0
41
1
10
203.739899038889
20
9.36215253247232
30
0
41
1
10
203.746369139762
20
9.35150059373134
30
0
41
1
10
203.751388170265
20
9.34498680984157
30
0
41
1
10
203.760152622868
20
9.33625062578511
30
0
41
1
10
203.763269413935
20
9.33353078806618
30
0
41
1
10
203.769731126788
20
9.32861473151897
30
0
41
1
10
203.773097263866
20
9.32639634977085
30
0
41
1
10
203.783592005096
20
9.32044492573954
30
0
41
1
10
203.791175700476
20
9.31741375881231
30
0
41
1
10
203.79896321955
20
9.31537023567458
30
0
0
SPLINE
5
145
100
AcDbEntity
8
1
62
256
6
ByLayer
370
18
48
1
60
0
100
AcDbSpline
70
4
71
3
72
8
73
4
40
0
40
0
40
0
40
0
40
1
40
1
40
1
40
1
41
1
10
203.79896321955
20
8.72755482715991
30
0
41
1
10
203.805238076247
20
8.73034909946162
30
0
41
1
10
203.811513494744
20
8.73314432693275
30
0
41
1
10
203.817789502924
20
8.73594055905866
30
0
0
SPLINE
5
146
100
AcDbEntity
8
1
62
256
6
ByLayer
370
18
48
1
60
0
100
AcDbSpline
70
4
71
3
72
28
73
24
40
0
40
0
40
0
40
0
40
0.249999999999983
40
0.249999999999983
40
0.374999999999975
40
0.374999999999975
40
0.499999999999966
40
0.499999999999966
40
0.624999999999957
40
0.624999999999957
40
0.687499999999967
40
0.687499999999967
40
0.749999999999977
40
0.749999999999977
40
0.812499999999986
40
0.812499999999986
40
0.843749999999991
40
0.843749999999991
40
0.874999999999996
40
0.874999999999996
40
0.937499999999998
40
0.937499999999998
40
1
40
1
40
1
40
1
41
1
10
203.786985431019
20
8.40696271156307
30
0
41
1
10
203.770518348331
20
8.4346741841446
30
0
41
1
10
203.756445361557
20
8.46360221148771
30
0
41
1
10
203.739766930804
20
8.50832748952479
30
0
41
1
10
203.734952410464
20
8.52347316239465
30
0
41
1
10
203.72717881547
20
8.5540496689766
30
0
41
1
10
203.724202813159
20
8.56953982856123
30
0
41
1
10
203.720716777757
20
8.60050335520936
30
0
41
1
10
203.72019212353
20
8.616129797382
30
0
41
1
10
203.722054170048
20
8.63892912005613
30
0
41
1
10
203.723115616261
20
8.64643398737445
30
0
41
1
10
203.726350298472
20
8.66119173118381
30
0
41
1
10
203.728551684966
20
8.66850878441414
30
0
41
1
10
203.734266808858
20
8.68234739491697
30
0
41
1
10
203.73777047046
20
8.68889170998045
30
0
41
1
10
203.744250898555
20
8.69798187419917
30
0
41
1
10
203.746629858518
20
8.70089916392561
30
0
41
1
10
203.751714447784
20
8.70630473859484
30
0
41
1
10
203.754431346803
20
8.70881232459374
30
0
41
1
10
203.76312895
20
8.71571961682099
30
0
41
1
10
203.769768217962
20
8.71952741602834
30
0
41
1
10
203.783768927883
20
8.72499288096583
30
0
41
1
10
203.791179297438
20
8.7267290438449
30
0
41
1
10
203.79896321955
20
8.72755482715991
30
0
0
SPLINE
5
147
100
AcDbEntity
8
1
62
256
6
ByLayer
370
18
48
1
60
0
100
AcDbSpline
70
4
71
3
72
38
73
34
40
0
40
0
40
0
40
0
40
0.0624999999999193
40
0.0624999999999193
40
0.0937499999999004
40
0.0937499999999004
40
0.124999999999881
40
0.124999999999881
40
0.1874999999999
40
0.1874999999999
40
0.249999999999918
40
0.249999999999918
40
0.312499999999936
40
0.312499999999936
40
0.374999999999955
40
0.374999999999955
40
0.437499999999973
40
0.437499999999973
40
0.499999999999991
40
0.499999999999991
40
0.625000000000024
40
0.625000000000024
40
0.750000000000057
40
0.750000000000057
40
0.812500000000018
40
0.812500000000018
40
0.874999999999979
40
0.874999999999979
40
0.90624999999996
40
0.90624999999996
40
0.93749999999994
40
0.93749999999994
40
1
40
1
40
1
40
1
41
1
10
205.195788692569
20
10.1444864228756
30
0
41
1
10
205.197165582387
20
10.1310884126613
30
0
41
1
10
205.200604847965
20
10.1180561725809
30
0
41
1
10
205.207812239515
20
10.0988571608933
30
0
41
1
10
205.21057027249
20
10.0925189524755
30
0
41
1
10
205.216608425812
20
10.0801252583723
30
0
41
1
10
205.219898171692
20
10.0740437471062
30
0
41
1
10
205.230469246672
20
10.056095042943
30
0
41
1
10
205.238368772592
20
10.0446477896732
30
0
41
1
10
205.255449567199
20
10.0226110936137
30
0
41
1
10
205.264610751204
20
10.0120596473572
30
0
41
1
10
205.283816598227
20
9.99189723553582
30
0
41
1
10
205.293915535451
20
9.9822346674791
30
0
41
1
10
205.314752478257
20
9.96387335232873
30
0
41
1
10
205.325498908748
20
9.95516225812611
30
0
41
1
10
205.347591397623
20
9.93860962311456
30
0
41
1
10
205.358930892123
20
9.93077777187517
30
0
41
1
10
205.38195439406
20
9.9161069395013
30
0
41
1
10
205.393666413605
20
9.90924660005223
30
0
41
1
10
205.429396015442
20
9.89008515949735
30
0
41
1
10
205.453676362797
20
9.87935568124732
30
0
41
1
10
205.502997564134
20
9.86232158145165
30
0
41
1
10
205.527888393608
20
9.85607291256639
30
0
41
1
10
205.564983928124
20
9.85098568663707
30
0
41
1
10
205.57734866584
20
9.85000812652854
30
0
41
1
10
205.601746295497
20
9.84977625601769
30
0
41
1
10
205.613858520189
20
9.85051615384086
30
0
41
1
10
205.631630296225
20
9.85324429801506
30
0
41
1
10
205.63747639375
20
9.85442217297569
30
0
41
1
10
205.648996021262
20
9.8574004648851
30
0
41
1
10
205.654688950976
20
9.85920972559401
30
0
41
1
10
205.671211220655
20
9.8656597793055
30
0
41
1
10
205.681566158
20
9.87128395782568
30
0
41
1
10
205.690954003201
20
9.8789152532292
30
0
0
SPLINE
5
148
100
AcDbEntity
8
1
62
256
6
ByLayer
370
18
48
1
60
0
100
AcDbSpline
70
4
71
3
72
8
73
4
40
0
40
0
40
0
40
0
40
1
40
1
40
1
40
1
41
1
10
205.690954003201
20
9.8789152532292
30
0
41
1
10
205.696051436737
20
9.88305891136139
30
0
41
1
10
205.701147568115
20
9.88720241977683
30
0
41
1
10
205.706242461105
20
9.89134578491715
30
0
0
SPLINE
5
149
100
AcDbEntity
8
1
62
256
6
ByLayer
370
18
48
1
60
0
100
AcDbSpline
70
4
71
3
72
28
73
24
40
0
40
0
40
0
40
0
40
0.250000000000098
40
0.250000000000098
40
0.375000000000045
40
0.375000000000045
40
0.499999999999993
40
0.499999999999993
40
0.62499999999994
40
0.62499999999994
40
0.687499999999917
40
0.687499999999917
40
0.749999999999894
40
0.749999999999894
40
0.812499999999871
40
0.812499999999871
40
0.843749999999914
40
0.843749999999914
40
0.874999999999957
40
0.874999999999957
40
0.937499999999979
40
0.937499999999979
40
1
40
1
40
1
40
1
41
1
10
204.886375612132
20
10.3382570080937
30
0
41
1
10
204.919309777508
20
10.3394731932461
30
0
41
1
10
204.952375777105
20
10.337940305743
30
0
41
1
10
205.001432038271
20
10.3309776317962
30
0
41
1
10
205.01770650492
20
10.3278658464376
30
0
41
1
10
205.049807847876
20
10.3198111757417
30
0
41
1
10
205.065697132341
20
10.3148545458721
30
0
41
1
10
205.096560608289
20
10.3026842356662
30
0
41
1
10
205.111685415033
20
10.2954083362305
30
0
41
1
10
205.132861753092
20
10.2823558650491
30
0
41
1
10
205.139680619791
20
10.2776433025644
30
0
41
1
10
205.152715442821
20
10.2673070678968
30
0
41
1
10
205.158983467024
20
10.2616253303553
30
0
41
1
10
205.170349465106
20
10.2494276048808
30
0
41
1
10
205.175472300352
20
10.2429097675146
30
0
41
1
10
205.182094104812
20
10.2323414149663
30
0
41
1
10
205.184127700597
20
10.2286688307512
30
0
41
1
10
205.187691046205
20
10.2212278787791
30
0
41
1
10
205.189235617238
20
10.2174394092925
30
0
41
1
10
205.193125685835
20
10.2058620444995
30
0
41
1
10
205.19471651422
20
10.1977444585364
30
0
41
1
10
205.195667850352
20
10.1818831566879
30
0
41
1
10
205.195087442366
20
10.1740548676499
30
0
41
1
10
205.193543649353
20
10.1663206674253
30
0
0
SPLINE
5
14A
100
AcDbEntity
8
1
62
256
6
ByLayer
370
18
48
1
60
0
100
AcDbSpline
70
4
71
3
72
8
73
4
40
0
40
0
40
0
40
0
40
1
40
1
40
1
40
1
41
1
10
205.193543649353
20
10.1663206674253
30
0
41
1
10
205.194292315816
20
10.1590432359732
30
0
41
1
10
205.195040669109
20
10.1517651650255
30
0
41
1
10
205.195788692569
20
10.1444864228756
30
0
0
SPLINE
5
14B
100
AcDbEntity
8
1
62
256
6
ByLayer
370
18
48
1
60
0
100
AcDbSpline
70
4
71
3
72
30
73
26
40
0
40
0
40
0
40
0
40
0.249999999999921
40
0.249999999999921
40
0.374999999999817
40
0.374999999999817
40
0.499999999999714
40
0.499999999999714
40
0.62499999999961
40
0.62499999999961
40
0.687499999999555
40
0.687499999999555
40
0.749999999999501
40
0.749999999999501
40
0.781249999999563
40
0.781249999999563
40
0.812499999999625
40
0.812499999999625
40
0.874999999999748
40
0.874999999999748
40
0.906249999999809
40
0.906249999999809
40
0.93749999999987
40
0.93749999999987
40
1
40
1
40
1
40
1
41
1
10
205.985765793245
20
9.74862294038567
30
0
41
1
10
205.969306530325
20
9.77632125354671
30
0
41
1
10
205.950741198585
20
9.8024634692201
30
0
41
1
10
205.919729316106
20
9.83845138926577
30
0
41
1
10
205.908877583921
20
9.84988004313973
30
0
41
1
10
205.886062718084
20
9.87128635466595
30
0
41
1
10
205.874103855556
20
9.88126448027012
30
0
41
1
10
205.849023181727
20
9.89911517048685
30
0
41
1
10
205.835963505457
20
9.9069525687741
30
0
41
1
10
205.81563584564
20
9.91619065030477
30
0
41
1
10
205.808724084042
20
9.91885408926277
30
0
41
1
10
205.794561477243
20
9.92309867689349
30
0
41
1
10
205.787373590237
20
9.92465262023666
30
0
41
1
10
205.776631034011
20
9.92586297496294
30
0
41
1
10
205.773047120231
20
9.92608171012762
30
0
41
1
10
205.765874624455
20
9.92609703642614
30
0
41
1
10
205.762267960768
20
9.92588980800949
30
0
41
1
10
205.751673569443
20
9.92456636199788
30
0
41
1
10
205.744859446974
20
9.92276318662201
30
0
41
1
10
205.735090383195
20
9.918438977276
30
0
41
1
10
205.7319286925
20
9.91672884811732
30
0
41
1
10
205.725958777805
20
9.91286096473883
30
0
41
1
10
205.723126084454
20
9.91069319665169
30
0
41
1
10
205.71507687256
20
9.90350362395887
30
0
41
1
10
205.710289939751
20
9.89774114427595
30
0
41
1
10
205.706242461105
20
9.89134578491718
30
0
0
SPLINE
5
14C
100
AcDbEntity
8
1
62
256
6
ByLayer
370
18
48
1
60
0
100
AcDbSpline
70
4
71
3
72
8
73
4
40
0
40
0
40
0
40
0
40
1
40
1
40
1
40
1
41
1
10
204.112067462595
20
8.24071770960728
30
0
41
1
10
204.105685630323
20
8.23809956254192
30
0
41
1
10
204.099304405338
20
8.23548239050893
30
0
41
1
10
204.0929237589
20
8.2328661454581
30
0
0
SPLINE
5
14D
100
AcDbEntity
8
1
62
256
6
ByLayer
370
18
48
1
60
0
100
AcDbSpline
70
4
71
3
72
30
73
26
40
0
40
0
40
0
40
0
40
0.249999999999709
40
0.249999999999709
40
0.374999999999625
40
0.374999999999625
40
0.49999999999954
40
0.49999999999954
40
0.624999999999456
40
0.624999999999456
40
0.687499999999414
40
0.687499999999414
40
0.749999999999372
40
0.749999999999372
40
0.78124999999945
40
0.78124999999945
40
0.812499999999529
40
0.812499999999529
40
0.874999999999686
40
0.874999999999686
40
0.906249999999764
40
0.906249999999764
40
0.937499999999843
40
0.937499999999843
40
1
40
1
40
1
40
1
41
1
10
203.786985431019
20
8.40696271156307
30
0
41
1
10
203.803444693939
20
8.37926439840203
30
0
41
1
10
203.822277966834
20
8.35280394261812
30
0
41
1
10
203.854200577118
20
8.31573432939709
30
0
41
1
10
203.865442187174
20
8.30384260826119
30
0
41
1
10
203.889264994307
20
8.28123914077571
30
0
41
1
10
203.901840886627
20
8.27052815414501
30
0
41
1
10
203.928481988671
20
8.25082410605418
30
0
41
1
10
203.942479571572
20
8.24187273365104
30
0
41
1
10
203.964577188224
20
8.23053243209785
30
0
41
1
10
203.972141006347
20
8.22709453002571
30
0
41
1
10
203.987779144745
20
8.22109741826031
30
0
41
1
10
203.99578491444
20
8.21857205610561
30
0
41
1
10
204.007888079618
20
8.21574567361859
30
0
41
1
10
204.011948956115
20
8.21496043843894
30
0
41
1
10
204.020130390515
20
8.21374677162927
30
0
41
1
10
204.024272077734
20
8.21331853981377
30
0
41
1
10
204.036532869645
20
8.21266276203454
30
0
41
1
10
204.044545082844
20
8.21304293642544
30
0
41
1
10
204.056272944158
20
8.21504063513694
30
0
41
1
10
204.060111669068
20
8.21594663458154
30
0
41
1
10
204.067449805501
20
8.21818944831148
30
0
41
1
10
204.070978477634
20
8.21953058576952
30
0
41
1
10
204.081151453466
20
8.22419771329103
30
0
41
1
10
204.087412590904
20
8.22820924491268
30
0
41
1
10
204.0929237589
20
8.23286614545808
30
0
0
SPLINE
5
14E
100
AcDbEntity
8
1
62
256
6
ByLayer
370
18
48
1
60
0
100
AcDbSpline
70
4
71
3
72
8
73
4
40
0
40
0
40
0
40
0
40
1
40
1
40
1
40
1
41
1
10
204.607232773227
20
7.97514653996089
30
0
41
1
10
204.606696397951
20
7.96939330887778
30
0
41
1
10
204.606159657636
20
7.96364157431256
30
0
41
1
10
204.605622570652
20
7.95789126294997
30
0
0
SPLINE
5
14F
100
AcDbEntity
8
1
62
256
6
ByLayer
370
18
48
1
60
0
100
AcDbSpline
70
4
71
3
72
38
73
34
40
0
40
0
40
0
40
0
40
0.031249999999996
40
0.031249999999996
40
0.062499999999992
40
0.062499999999992
40
0.124999999999984
40
0.124999999999984
40
0.156249999999981
40
0.156249999999981
40
0.187499999999977
40
0.187499999999977
40
0.24999999999997
40
0.24999999999997
40
0.312499999999964
40
0.312499999999964
40
0.374999999999957
40
0.374999999999957
40
0.499999999999944
40
0.499999999999944
40
0.624999999999931
40
0.624999999999931
40
0.749999999999918
40
0.749999999999918
40
0.812499999999914
40
0.812499999999914
40
0.87499999999991
40
0.87499999999991
40
0.906249999999934
40
0.906249999999934
40
0.937499999999958
40
0.937499999999958
40
1
40
1
40
1
40
1
41
1
10
204.112067462595
20
8.24071770960731
30
0
41
1
10
204.117966916276
20
8.24313796082757
30
0
41
1
10
204.124109324122
20
8.24510286275486
30
0
41
1
10
204.136791319343
20
8.24829673704267
30
0
41
1
10
204.143331510431
20
8.2495198963764
30
0
41
1
10
204.163073437584
20
8.25221499081329
30
0
41
1
10
204.176532515075
20
8.25276773751239
30
0
41
1
10
204.197063747565
20
8.25225952806827
30
0
41
1
10
204.203972144425
20
8.25186006869788
30
0
41
1
10
204.217699256485
20
8.25067563276835
30
0
41
1
10
204.22454412382
20
8.24989039247211
30
0
41
1
10
204.245031801008
20
8.24702973369992
30
0
41
1
10
204.258628174349
20
8.2444538627627
30
0
41
1
10
204.285727352149
20
8.23819422017235
30
0
41
1
10
204.299286039372
20
8.23448686640137
30
0
41
1
10
204.325807883239
20
8.22623993861077
30
0
41
1
10
204.338825491482
20
8.22169100828748
30
0
41
1
10
204.377215932426
20
8.20691242353186
30
0
41
1
10
204.401936783309
20
8.19557187040962
30
0
41
1
10
204.44966260696
20
8.17002591273501
30
0
41
1
10
204.472266236928
20
8.15601742529824
30
0
41
1
10
204.514145623098
20
8.12574816024983
30
0
41
1
10
204.53335418946
20
8.10955840587746
30
0
41
1
10
204.558656238563
20
8.08352255905399
30
0
41
1
10
204.566480398878
20
8.07456540023645
30
0
41
1
10
204.580580497652
20
8.05607901167585
30
0
41
1
10
204.586863698927
20
8.04654322961684
30
0
41
1
10
204.594724744493
20
8.03182152149742
30
0
41
1
10
204.59707914073
20
8.02685295439946
30
0
41
1
10
204.601174144782
20
8.01676473784272
30
0
41
1
10
204.602918537256
20
8.01162621924973
30
0
41
1
10
204.606985734295
20
7.99616503841634
30
0
41
1
10
204.608221630125
20
7.98575314786237
30
0
41
1
10
204.607232773227
20
7.97514653996089
30
0
0
SPLINE
5
150
100
AcDbEntity
8
1
62
256
6
ByLayer
370
18
48
1
60
0
100
AcDbSpline
70
4
71
3
72
24
73
20
40
0
40
0
40
0
40
0
40
0.249999999999852
40
0.249999999999852
40
0.374999999999876
40
0.374999999999876
40
0.499999999999901
40
0.499999999999901
40
0.624999999999926
40
0.624999999999926
40
0.749999999999951
40
0.749999999999951
40
0.812499999999963
40
0.812499999999963
40
0.874999999999975
40
0.874999999999975
40
0.937499999999988
40
0.937499999999988
40
1
40
1
40
1
40
1
41
1
10
204.886375612132
20
7.81732864385506
30
0
41
1
10
204.853445426248
20
7.81611260565637
30
0
41
1
10
204.82067564727
20
7.81732339420591
30
0
41
1
10
204.772506682295
20
7.82320538872642
30
0
41
1
10
204.756647248012
20
7.82584816801082
30
0
41
1
10
204.72553805264
20
7.83270685710926
30
0
41
1
10
204.710290870468
20
7.83691941198731
30
0
41
1
10
204.680922518281
20
7.84726008736328
30
0
41
1
10
204.666754330818
20
7.85340523373159
30
0
41
1
10
204.640789883613
20
7.86806263952118
30
0
41
1
10
204.629057513663
20
7.87646811032954
30
0
41
1
10
204.614622314616
20
7.89163801713983
30
0
41
1
10
204.610496957883
20
7.89698728665806
30
0
41
1
10
204.603928576254
20
7.90837716387168
30
0
41
1
10
204.601496966375
20
7.91448409121639
30
0
41
1
10
204.598909348868
20
7.92678560005101
30
0
41
1
10
204.598700266889
20
7.93309045295942
30
0
41
1
10
204.600577671626
20
7.94574591515365
30
0
41
1
10
204.602616865942
20
7.95189691549771
30
0
41
1
10
204.605622570652
20
7.95789126294997
30
0
0
SPLINE
5
151
100
AcDbEntity
8
1
62
256
6
ByLayer
370
18
48
1
60
0
100
AcDbSpline
70
4
71
3
72
38
73
34
40
0
40
0
40
0
40
0
40
0.062500000000081
40
0.062500000000081
40
0.093750000000086
40
0.093750000000086
40
0.125000000000091
40
0.125000000000091
40
0.187500000000101
40
0.187500000000101
40
0.250000000000111
40
0.250000000000111
40
0.312500000000121
40
0.312500000000121
40
0.375000000000131
40
0.375000000000131
40
0.437500000000141
40
0.437500000000141
40
0.500000000000151
40
0.500000000000151
40
0.625000000000171
40
0.625000000000171
40
0.750000000000192
40
0.750000000000192
40
0.812500000000187
40
0.812500000000187
40
0.875000000000182
40
0.875000000000182
40
0.906250000000154
40
0.906250000000154
40
0.937500000000126
40
0.937500000000126
40
1
40
1
40
1
40
1
41
1
10
205.985231962872
20
9.38369240377784
30
0
41
1
10
205.976043887111
20
9.37573735354425
30
0
41
1
10
205.968017621084
20
9.36617735131162
30
0
41
1
10
205.957105735906
20
9.35023298457415
30
0
41
1
10
205.953664790279
20
9.34464013989916
30
0
41
1
10
205.947207807781
20
9.33314252305169
30
0
41
1
10
205.944176926185
20
9.32721626455589
30
0
41
1
10
205.935588761587
20
9.3089746530633
30
0
41
1
10
205.930590717113
20
9.29633173883281
30
0
41
1
10
205.921717808807
20
9.27035501947719
30
0
41
1
10
205.917862141816
20
9.25705784477168
30
0
41
1
10
205.911149496252
20
9.23015753148184
30
0
41
1
10
205.908277407341
20
9.21648107382515
30
0
41
1
10
205.903433697476
20
9.18904424517922
30
0
41
1
10
205.901456785227
20
9.17527034786124
30
0
41
1
10
205.898308511125
20
9.14762355175515
30
0
41
1
10
205.89714133452
20
9.133761228937
30
0
41
1
10
205.895593444191
20
9.10622146180305
30
0
41
1
10
205.895208519082
20
9.09250878583038
30
0
41
1
10
205.895209421507
20
9.05154503090461
30
0
41
1
10
205.896730580844
20
9.0248343144892
30
0
41
1
10
205.903034248868
20
8.97292717978667
30
0
41
1
10
205.90779932056
20
8.94789048973777
30
0
41
1
10
205.917878986372
20
8.91268857395008
30
0
41
1
10
205.921745715913
20
8.90131395362505
30
0
41
1
10
205.930603292715
20
8.87972401289139
30
0
41
1
10
205.935619161212
20
8.86943592770714
30
0
41
1
10
205.944193868742
20
8.85517243501855
30
0
41
1
10
205.947222094033
20
8.85062243496478
30
0
41
1
10
205.953680101783
20
8.84199052556053
30
0
41
1
10
205.957123624393
20
8.83789602451816
30
0
41
1
10
205.968019921864
20
8.82662301454496
30
0
41
1
10
205.976039011863
20
8.82036283274854
30
0
41
1
10
205.985231962872
20
8.81597936703963
30
0
0
SPLINE
5
152
100
AcDbEntity
8
1
62
256
6
ByLayer
370
18
48
1
60
0
100
AcDbSpline
70
4
71
3
72
8
73
4
40
0
40
0
40
0
40
0
40
1
40
1
40
1
40
1
41
1
10
205.985231962872
20
8.81597936703963
30
0
41
1
10
205.990223572316
20
8.81359922286072
30
0
41
1
10
205.995213897205
20
8.81122001412515
30
0
41
1
10
206.000203000456
20
8.80884169470067
30
0
0
SPLINE
5
153
100
AcDbEntity
8
1
62
256
6
ByLayer
370
18
48
1
60
0
100
AcDbSpline
70
4
71
3
72
28
73
24
40
0
40
0
40
0
40
0
40
0.249999999999936
40
0.249999999999936
40
0.374999999999904
40
0.374999999999904
40
0.499999999999872
40
0.499999999999872
40
0.62499999999984
40
0.62499999999984
40
0.687499999999824
40
0.687499999999824
40
0.749999999999808
40
0.749999999999808
40
0.812499999999792
40
0.812499999999792
40
0.843749999999823
40
0.843749999999823
40
0.874999999999855
40
0.874999999999855
40
0.937499999999927
40
0.937499999999927
40
1
40
1
40
1
40
1
41
1
10
205.985765793245
20
9.74862294038567
30
0
41
1
10
206.002232875933
20
9.72091146780414
30
0
41
1
10
206.016574461217
20
9.69166441959257
30
0
41
1
10
206.034164047225
20
9.6458569406895
30
0
41
1
10
206.039369448054
20
9.63024700972494
30
0
41
1
10
206.048151561332
20
9.59847266188061
30
0
41
1
10
206.051746489879
20
9.58224738881702
30
0
41
1
10
206.056791202831
20
9.54943258360157
30
0
41
1
10
206.058262866531
20
9.53268135565096
30
0
41
1
10
206.058177602306
20
9.50777170619452
30
0
41
1
10
206.057768728385
20
9.49949176317327
30
0
41
1
10
206.056001628819
20
9.48299093639156
30
0
41
1
10
206.054623876913
20
9.47469563268169
30
0
41
1
10
206.050729091517
20
9.45869496265396
30
0
41
1
10
206.04822186075
20
9.4509671628802
30
0
41
1
10
206.043409718777
20
9.43989553537469
30
0
41
1
10
206.041618891937
20
9.43627970588594
30
0
41
1
10
206.037744984949
20
9.42943617494677
30
0
41
1
10
206.035653738067
20
9.42618548695708
30
0
41
1
10
206.028898694431
20
9.41697097032605
30
0
41
1
10
206.023663627574
20
9.41149536791579
30
0
41
1
10
206.012494212456
20
9.4026671064932
30
0
41
1
10
206.006523909278
20
9.3992205423705
30
0
41
1
10
206.000203000456
20
9.39665710321535
30
0
0
SPLINE
5
154
100
AcDbEntity
8
1
62
256
6
ByLayer
370
18
48
1
60
0
100
AcDbSpline
70
4
71
3
72
8
73
4
40
0
40
0
40
0
40
0
40
1
40
1
40
1
40
1
41
1
10
206.000203000456
20
9.39665710321535
30
0
41
1
10
205.995213897205
20
9.39233571082414
30
0
41
1
10
205.990223572316
20
9.38801414697059
30
0
41
1
10
205.985231962872
20
9.38369240377784
30
0
0
SPLINE
5
155
100
AcDbEntity
8
1
62
256
6
ByLayer
370
18
48
1
60
0
100
AcDbSpline
70
4
71
3
72
30
73
26
40
0
40
0
40
0
40
0
40
0.25000000000008
40
0.25000000000008
40
0.375000000000084
40
0.375000000000084
40
0.500000000000088
40
0.500000000000088
40
0.625000000000092
40
0.625000000000092
40
0.687500000000088
40
0.687500000000088
40
0.750000000000084
40
0.750000000000084
40
0.781250000000058
40
0.781250000000058
40
0.812500000000032
40
0.812500000000032
40
0.8749999999999
40
0.8749999999999
40
0.90624999999989
40
0.90624999999989
40
0.93749999999988
40
0.93749999999988
40
1
40
1
40
1
40
1
41
1
10
205.985765793245
20
8.48815875826634
30
0
41
1
10
206.002225056166
20
8.51707267904675
30
0
41
1
10
206.016551960438
20
8.54701283466662
30
0
41
1
10
206.03414799933
20
8.59300853062501
30
0
41
1
10
206.039345541366
20
8.60849464700226
30
0
41
1
10
206.048134062417
20
8.63968649671
30
0
41
1
10
206.051726637131
20
8.65538864346664
30
0
41
1
10
206.05678717495
20
8.6867235706604
30
0
41
1
10
206.058249225849
20
8.70228329366083
30
0
41
1
10
206.058185460118
20
8.72497382242921
30
0
41
1
10
206.057786540953
20
8.73244245356699
30
0
41
1
10
206.056020502619
20
8.74712186867563
30
0
41
1
10
206.054654721105
20
8.75426310795405
30
0
41
1
10
206.051751954156
20
8.76436521021287
30
0
41
1
10
206.050640189432
20
8.76764048428115
30
0
41
1
10
206.048089412328
20
8.77397878567939
30
0
41
1
10
206.046640999613
20
8.77705581535091
30
0
41
1
10
206.041837299326
20
8.78572853030104
30
0
41
1
10
206.038016359552
20
8.79081931320584
30
0
41
1
10
206.031210704485
20
8.79722898662783
30
0
41
1
10
206.028770947633
20
8.79914469463267
30
0
41
1
10
206.023677456517
20
8.80243568153134
30
0
41
1
10
206.021007298222
20
8.80382743265039
30
0
41
1
10
206.01263632093
20
8.80725641151039
30
0
41
1
10
206.006526830179
20
8.80853663037632
30
0
41
1
10
206.000203000456
20
8.80884169470067
30
0
0
SPLINE
5
156
100
AcDbEntity
8
1
62
256
6
ByLayer
370
18
48
1
60
0
100
AcDbSpline
70
4
71
3
72
42
73
38
40
0
40
0
40
0
40
0
40
0.0625000000000401
40
0.0625000000000401
40
0.0937500000000601
40
0.0937500000000601
40
0.12500000000008
40
0.12500000000008
40
0.187500000000114
40
0.187500000000114
40
0.250000000000148
40
0.250000000000148
40
0.312500000000183
40
0.312500000000183
40
0.375000000000217
40
0.375000000000217
40
0.437500000000251
40
0.437500000000251
40
0.500000000000285
40
0.500000000000285
40
0.562500000000319
40
0.562500000000319
40
0.625000000000354
40
0.625000000000354
40
0.750000000000422
40
0.750000000000422
40
0.78125000000041
40
0.78125000000041
40
0.812500000000398
40
0.812500000000398
40
0.875000000000266
40
0.875000000000266
40
0.906250000000199
40
0.906250000000199
40
0.937500000000133
40
0.937500000000133
40
1
40
1
40
1
40
1
41
1
10
205.195788692569
20
7.99688059522867
30
0
41
1
10
205.197167090011
20
8.0074965886663
30
0
41
1
10
205.200612266699
20
8.01808960098091
30
0
41
1
10
205.20783221297
20
8.03399271766887
30
0
41
1
10
205.21059493828
20
8.0392951010854
30
0
41
1
10
205.216643280845
20
8.04975843436219
30
0
41
1
10
205.219938564036
20
8.05494092719937
30
0
41
1
10
205.230527400001
20
8.07037212866152
30
0
41
1
10
205.238439267026
20
8.08039546467347
30
0
41
1
10
205.255547438806
20
8.10003035754914
30
0
41
1
10
205.264722318243
20
8.10960797350197
30
0
41
1
10
205.283957438295
20
8.1282549163929
30
0
41
1
10
205.294071655612
20
8.13737239186517
30
0
41
1
10
205.314938648191
20
8.15506225357311
30
0
41
1
10
205.325700594999
20
8.16364586128267
30
0
41
1
10
205.347825212064
20
8.1803515824507
30
0
41
1
10
205.359179934374
20
8.18846438434454
30
0
41
1
10
205.382234823371
20
8.20409772156654
30
0
41
1
10
205.393964407329
20
8.21164043489222
30
0
41
1
10
205.417814159487
20
8.22617873502367
30
0
41
1
10
205.429850497711
20
8.23312332676124
30
0
41
1
10
205.454150841388
20
8.24635593563974
30
0
41
1
10
205.466461169499
20
8.25266552192261
30
0
41
1
10
205.503363666667
20
8.27034085387842
30
0
41
1
10
205.527906113221
20
8.28050124877831
30
0
41
1
10
205.55864188217
20
8.29066552378518
30
0
41
1
10
205.56479233114
20
8.29256826195146
30
0
41
1
10
205.577105256058
20
8.29608348592598
30
0
41
1
10
205.583286233151
20
8.29769982755101
30
0
41
1
10
205.601637089726
20
8.30200190013363
30
0
41
1
10
205.613660222084
20
8.30416627436779
30
0
41
1
10
205.631346715878
20
8.30606931071517
30
0
41
1
10
205.63718377191
20
8.30647783862739
30
0
41
1
10
205.648727378575
20
8.30675571916282
30
0
41
1
10
205.654461321575
20
8.3066214791252
30
0
41
1
10
205.671091388108
20
8.30524588904589
30
0
41
1
10
205.681511717111
20
8.30308699283628
30
0
41
1
10
205.690954003201
20
8.29902246232047
30
0
0
SPLINE
5
157
100
AcDbEntity
8
1
62
256
6
ByLayer
370
18
48
1
60
0
100
AcDbSpline
70
4
71
3
72
8
73
4
40
0
40
0
40
0
40
0
40
1
40
1
40
1
40
1
41
1
10
205.193543649353
20
7.97960187497114
30
0
41
1
10
205.194292315816
20
7.98535999949121
30
0
41
1
10
205.195040669109
20
7.991119548451
30
0
41
1
10
205.195788692569
20
7.99688059522867
30
0
0
SPLINE
5
158
100
AcDbEntity
8
1
62
256
6
ByLayer
370
18
48
1
60
0
100
AcDbSpline
70
4
71
3
72
28
73
24
40
0
40
0
40
0
40
0
40
0.250000000000111
40
0.250000000000111
40
0.375000000000066
40
0.375000000000066
40
0.500000000000021
40
0.500000000000021
40
0.624999999999976
40
0.624999999999976
40
0.687499999999951
40
0.687499999999951
40
0.749999999999925
40
0.749999999999925
40
0.812499999999899
40
0.812499999999899
40
0.843749999999941
40
0.843749999999941
40
0.874999999999983
40
0.874999999999983
40
0.937499999999991
40
0.937499999999991
40
1
40
1
40
1
40
1
41
1
10
204.886375612132
20
7.81732864385506
30
0
41
1
10
204.919309777508
20
7.81854482900749
30
0
41
1
10
204.952375777105
20
7.82219088389064
30
0
41
1
10
205.001432038271
20
7.83166078630978
30
0
41
1
10
205.01770650492
20
7.83549583862285
30
0
41
1
10
205.049807847876
20
7.84468628749116
30
0
41
1
10
205.065697132341
20
7.8500584598759
30
0
41
1
10
205.096560608288
20
7.8625993714702
30
0
41
1
10
205.111685415033
20
7.86983256483214
30
0
41
1
10
205.132861753092
20
7.88227308634362
30
0
41
1
10
205.139680619791
20
7.88669008611623
30
0
41
1
10
205.152715442821
20
7.89619173705248
30
0
41
1
10
205.158983467023
20
7.90132773739111
30
0
41
1
10
205.170349465106
20
7.91213562414185
30
0
41
1
10
205.175472300352
20
7.91781153055553
30
0
41
1
10
205.182094104812
20
7.92682587062868
30
0
41
1
10
205.184127700597
20
7.92992838893778
30
0
41
1
10
205.187691046205
20
7.93614984963352
30
0
41
1
10
205.189235617238
20
7.93928618830904
30
0
41
1
10
205.193125685835
20
7.94877189739907
30
0
41
1
10
205.19471651422
20
7.95528731762619
30
0
41
1
10
205.195667850352
20
7.9677515310338
30
0
41
1
10
205.195087442366
20
7.97377337405331
30
0
41
1
10
205.193543649353
20
7.97960187497114
30
0
0
SPLINE
5
159
100
AcDbEntity
8
1
62
256
6
ByLayer
370
18
48
1
60
0
100
AcDbSpline
70
4
71
3
72
28
73
24
40
0
40
0
40
0
40
0
40
0.250000000000128
40
0.250000000000128
40
0.375000000000192
40
0.375000000000192
40
0.500000000000256
40
0.500000000000256
40
0.62500000000032
40
0.62500000000032
40
0.687500000000267
40
0.687500000000267
40
0.750000000000213
40
0.750000000000213
40
0.81250000000016
40
0.81250000000016
40
0.843750000000133
40
0.843750000000133
40
0.875000000000106
40
0.875000000000106
40
0.937500000000053
40
0.937500000000053
40
1
40
1
40
1
40
1
41
1
10
205.985765793245
20
8.48815875826634
30
0
41
1
10
205.969298710558
20
8.45923110053243
30
0
41
1
10
205.9507085955
20
8.43135742938975
30
0
41
1
10
205.919697497969
20
8.39197152400044
30
0
41
1
10
205.908823872393
20
8.3792412493471
30
0
41
1
10
205.886008901856
20
8.35492265156748
30
0
41
1
10
205.874024009057
20
8.34328645163404
30
0
41
1
10
205.848984584836
20
8.32171631734087
30
0
41
1
10
205.835804946528
20
8.31167859593691
30
0
41
1
10
205.815431735391
20
8.29876625427067
30
0
41
1
10
205.808530280917
20
8.29481133588268
30
0
41
1
10
205.794462149643
20
8.28777520228246
30
0
41
1
10
205.787228190829
20
8.28467251087426
30
0
41
1
10
205.772877576599
20
8.27978853655864
30
0
41
1
10
205.765745726003
20
8.27798683179594
30
0
41
1
10
205.75514592263
20
8.27649282519528
30
0
41
1
10
205.751615566567
20
8.27620031004054
30
0
41
1
10
205.744783655111
20
8.27607875293842
30
0
41
1
10
205.741460663264
20
8.27624498343999
30
0
41
1
10
205.731786830811
20
8.27745421940006
30
0
41
1
10
205.725663036122
20
8.27926230135145
30
0
41
1
10
205.714957932273
20
8.28461394353482
30
0
41
1
10
205.71028807027
20
8.28814046782827
30
0
41
1
10
205.706242461105
20
8.29244240097768
30
0
0
SPLINE
5
15A
100
AcDbEntity
8
1
62
256
6
ByLayer
370
18
48
1
60
0
100
AcDbSpline
70
4
71
3
72
8
73
4
40
0
40
0
40
0
40
0
40
1
40
1
40
1
40
1
41
1
10
205.706242461105
20
8.29244240097768
30
0
41
1
10
205.701147568115
20
8.29463487999382
30
0
41
1
10
205.696051436737
20
8.29682821889674
30
0
41
1
10
205.690954003201
20
8.29902246232049
30
0
0
SPLINE
5
15B
100
AcDbEntity
8
1
62
256
6
ByLayer
370
18
48
1
60
0
100
AcDbSpline
70
4
71
3
72
11
73
7
40
0
40
0
40
0
40
0
40
0.0674976233409421
40
0.524387810675977
40
0.981277998011013
40
1
40
1
40
1
40
1
41
1
10
209.284588591806
20
-6.55845974442823
30
0
41
1
10
209.292685682359
20
-6.58086214956208
30
0
41
1
10
209.355691709355
20
-6.75521155607618
30
0
41
1
10
209.472353823171
20
-7.07766102677107
30
0
41
1
10
209.582828045759
20
-7.38298026005262
30
0
41
1
10
209.640164334888
20
-7.54165791673404
30
0
41
1
10
209.642418217079
20
-7.54791183294736
30
0
0
SPLINE
5
15C
100
AcDbEntity
8
1
62
256
6
ByLayer
370
18
48
1
60
0
100
AcDbSpline
70
4
71
3
72
17
73
13
40
0
40
0
40
0
40
0
40
0.0295634678907696
40
0.0735446958500519
40
0.161507151768616
40
0.337432063605745
40
0.513356975442874
40
0.689281887280003
40
0.865206799117132
40
0.953169255035697
40
0.997150482994979
40
1
40
1
40
1
40
1
41
1
10
209.642418217079
20
-7.54791183294736
30
0
41
1
10
209.647039779199
20
-7.56073542345558
30
0
41
1
10
209.658504319862
20
-7.59271734837944
30
0
41
1
10
209.682960106921
20
-7.66376181667121
30
0
41
1
10
209.726974394452
20
-7.79992918252233
30
0
41
1
10
209.78212582433
20
-7.99647575613403
30
0
41
1
10
209.835837972566
20
-8.23481362352328
30
0
41
1
10
209.877009882006
20
-8.47552688140527
30
0
41
1
10
209.900615245205
20
-8.67679802307302
30
0
41
1
10
209.911701865802
20
-8.81834994478024
30
0
41
1
10
209.915152241468
20
-8.88005614292061
30
0
41
1
10
209.916272860408
20
-8.90138831268104
30
0
41
1
10
209.91634077869
20
-8.90268592233903
30
0
0
SPLINE
5
15D
100
AcDbEntity
8
1
62
256
6
ByLayer
370
13
48
1
60
0
100
AcDbSpline
70
4
71
3
72
11
73
7
40
0
40
0
40
0
40
0
40
0.249255887038246
40
0.499007732287009
40
0.74925571218788
40
1
40
1
40
1
40
1
41
1
10
209.49093737216
20
-7.45963008373374
30
0
41
1
10
209.503623375263
20
-7.46693771107249
30
0
41
1
10
209.529020623511
20
-7.48156750613987
30
0
41
1
10
209.566930225105
20
-7.50359498387508
30
0
41
1
10
209.604766373962
20
-7.52570658949165
30
0
41
1
10
209.629867511736
20
-7.54050233925534
30
0
41
1
10
209.642430513842
20
-7.54790754284079
30
0
0
SPLINE
5
15E
100
AcDbEntity
8
1
62
256
6
ByLayer
370
18
48
1
60
0
100
AcDbSpline
70
4
71
3
72
8
73
4
40
0
40
0
40
0
40
0
40
1
40
1
40
1
40
1
41
1
10
209.490937372161
20
-7.45963008373616
30
0
41
1
10
209.423023847461
20
-7.28414535880808
30
0
41
1
10
209.354840693492
20
-7.10875376030981
30
0
41
1
10
209.286196175054
20
-6.93352660285922
30
0
0
SPLINE
5
15F
100
AcDbEntity
8
1
62
256
6
ByLayer
370
18
48
1
60
0
100
AcDbSpline
70
4
71
3
72
32
73
28
40
0
40
0
40
0
40
0
40
0.0201722500279424
40
0.0309571202211268
40
0.106451211573417
40
0.192730173118892
40
0.365288096209842
40
0.451567057755317
40
0.494706538528055
40
0.537846019300792
40
0.543238454397384
40
0.548630889493977
40
0.554023324590569
40
0.556719542138865
40
0.559415759687161
40
0.564808194783753
40
0.570200629880345
40
0.58098550007353
40
0.624124980846267
40
0.710403942391742
40
0.796682903937217
40
0.882961865482692
40
0.969240827028167
40
0.980025697221351
40
0.990810567414536
40
0.996203002511128
40
1
40
1
40
1
40
1
41
1
10
209.91634077869
20
-8.90268592233903
30
0
41
1
10
209.91732115367
20
-8.9214164318571
30
0
41
1
10
209.918739924241
20
-8.95003568517978
30
0
41
1
10
209.923680053539
20
-9.0478181283797
30
0
41
1
10
209.931710343282
20
-9.20633974036238
30
0
41
1
10
209.947335198901
20
-9.51350566271205
30
0
41
1
10
209.963545238746
20
-9.83057902749815
30
0
41
1
10
209.977742849314
20
-10.1080170848033
30
0
41
1
10
209.985810130877
20
-10.2665520346646
30
0
41
1
10
209.990185148471
20
-10.3507750245681
30
0
41
1
10
209.992707838592
20
-10.4003167598676
30
0
41
1
10
209.993445805513
20
-10.4151793282214
30
0
41
1
10
209.994101039829
20
-10.4275662528924
30
0
41
1
10
209.9946008048
20
-10.4374735150336
30
0
41
1
10
209.994902497332
20
-10.4473836837482
30
0
41
1
10
209.995053481841
20
-10.4597758471301
30
0
41
1
10
209.995307187595
20
-10.4796029728145
30
0
41
1
10
209.996166088345
20
-10.5341225397413
30
0
41
1
10
209.998060268622
20
-10.6629754273432
30
0
41
1
10
209.999734637012
20
-10.8611748458937
30
0
41
1
10
210.000218058847
20
-11.0989541408676
30
0
41
1
10
209.999124040854
20
-11.3366732279022
30
0
41
1
10
209.997195194351
20
-11.5050147917991
30
0
41
1
10
209.995681080144
20
-11.6040250649516
30
0
41
1
10
209.995260391952
20
-11.6288411997553
30
0
41
1
10
209.995011124063
20
-11.6469987595923
30
0
41
1
10
209.994861919497
20
-11.6556355112426
30
0
41
1
10
209.994781401294
20
-11.6593146191558
30
0
0
SPLINE
5
160
100
AcDbEntity
8
1
62
256
6
ByLayer
370
13
48
1
60
0
100
AcDbSpline
70
4
71
3
72
9
73
5
40
0
40
0
40
0
40
0
40
0.253089698189947
40
1
40
1
40
1
40
1
41
1
10
209.916357481279
20
-8.90268567604841
30
0
41
1
10
209.91076957525
20
-8.89559751224817
30
0
41
1
10
209.888697325619
20
-8.86759923882741
30
0
41
1
10
209.866646005396
20
-8.83962751400557
30
0
41
1
10
209.850175571522
20
-8.81873504863933
30
0
0
SPLINE
5
161
100
AcDbEntity
8
1
62
256
6
ByLayer
370
18
48
1
60
0
100
AcDbSpline
70
4
71
3
72
18
73
14
40
0
40
0
40
0
40
0
40
0.125
40
0.25
40
0.3125
40
0.34375
40
0.359375
40
0.375
40
0.4375
40
0.5
40
0.625
40
0.75
40
1
40
1
40
1
40
1
41
1
10
209.279376859332
20
-7.62078011639639
30
0
41
1
10
209.281206449088
20
-7.61582985449635
30
0
41
1
10
209.288892465693
20
-7.60482796312613
30
0
41
1
10
209.308288136457
20
-7.58859432222224
30
0
41
1
10
209.326889770169
20
-7.57606429181686
30
0
41
1
10
209.337368133972
20
-7.56953881519127
30
0
41
1
10
209.343753076309
20
-7.56572485220121
30
0
41
1
10
209.353622839238
20
-7.55994185464502
30
0
41
1
10
209.368106866994
20
-7.55133487776976
30
0
41
1
10
209.392348324541
20
-7.53635724221965
30
0
41
1
10
209.419878743208
20
-7.51824375862006
30
0
41
1
10
209.457928710019
20
-7.49063384705997
30
0
41
1
10
209.47962047109
20
-7.47155210732706
30
0
41
1
10
209.490937372161
20
-7.45963008373616
30
0
0
SPLINE
5
162
100
AcDbEntity
8
1
62
256
6
ByLayer
370
18
48
1
60
0
100
AcDbSpline
70
4
71
3
72
28
73
24
40
0
40
0
40
0
40
0
40
0.03125
40
0.0625
40
0.09375
40
0.125
40
0.15625
40
0.1875
40
0.21875
40
0.25
40
0.3125
40
0.375
40
0.4375
40
0.5
40
0.5625
40
0.625
40
0.6875
40
0.75
40
0.8125
40
0.875
40
0.9375
40
0.96875
40
1
40
1
40
1
40
1
41
1
10
209.490937372161
20
-7.45963008373499
30
0
41
1
10
209.496266770606
20
-7.4734009493234
30
0
41
1
10
209.506908724621
20
-7.50094863028423
30
0
41
1
10
209.522799431312
20
-7.54229528252409
30
0
41
1
10
209.538596217972
20
-7.58367434700907
30
0
41
1
10
209.554277388901
20
-7.62509310518567
30
0
41
1
10
209.569821248398
20
-7.66655883850049
30
0
41
1
10
209.585205468049
20
-7.70807806013008
30
0
41
1
10
209.60040771944
20
-7.74965728325094
30
0
41
1
10
209.620404992395
20
-7.80518493363587
30
0
41
1
10
209.644835020865
20
-7.87477706622806
30
0
41
1
10
209.673056564409
20
-7.9586217123084
30
0
41
1
10
209.699995627068
20
-8.04284242095071
30
0
41
1
10
209.725452288855
20
-8.12746484757071
30
0
41
1
10
209.749226629782
20
-8.21251464758424
30
0
41
1
10
209.77110922461
20
-8.29799970850354
30
0
41
1
10
209.790887512483
20
-8.38391717864897
30
0
41
1
10
209.808345843344
20
-8.47024881304358
30
0
41
1
10
209.823268189795
20
-8.5569594149533
30
0
41
1
10
209.835441471388
20
-8.64399518003742
30
0
41
1
10
209.843123435998
20
-8.71673465081327
30
0
41
1
10
209.84769472037
20
-8.77500511099595
30
0
41
1
10
209.849440961188
20
-8.80415717415556
30
0
41
1
10
209.850175571522
20
-8.81873504863933
30
0
0
SPLINE
5
163
100
AcDbEntity
8
1
62
256
6
ByLayer
370
18
48
1
60
0
100
AcDbSpline
70
4
71
3
72
21
73
17
40
0
40
0
40
0
40
0
40
0.0039822658528455
40
0.0174419649629421
40
0.0309016640730388
40
0.0847404605134256
40
0.138579256953812
40
0.246256849834586
40
0.353934442715359
40
0.461612035596133
40
0.569289628476906
40
0.67696722135768
40
0.784644814238453
40
0.892322407119227
40
0.946161203559613
40
1
40
1
40
1
40
1
41
1
10
209.994781401294
20
-11.6593146191558
30
0
41
1
10
209.994747568833
20
-11.6608605214495
30
0
41
1
10
209.994584795126
20
-11.6677168624435
30
0
41
1
10
209.994150479916
20
-11.6806837114182
30
0
41
1
10
209.992334112957
20
-11.7150432153826
30
0
41
1
10
209.986929567401
20
-11.7651765188735
30
0
41
1
10
209.97000534434
20
-11.8534559331723
30
0
41
1
10
209.935889159073
20
-11.9587542453837
30
0
41
1
10
209.874631319498
20
-12.0775272932966
30
0
41
1
10
209.795235367171
20
-12.1838399159784
30
0
41
1
10
209.699072173396
20
-12.2760830411677
30
0
41
1
10
209.588846344678
20
-12.3512093015218
30
0
41
1
10
209.467171549788
20
-12.4072313449841
30
0
41
1
10
209.35871824425
20
-12.4364098419588
30
0
41
1
10
209.269916247304
20
-12.4486876048421
30
0
41
1
10
209.224747847267
20
-12.4510415565612
30
0
41
1
10
209.202918998571
20
-12.4512394374085
30
0
0
SPLINE
5
164
100
AcDbEntity
8
1
62
256
6
ByLayer
370
18
48
1
60
0
100
AcDbSpline
70
4
71
3
72
8
73
4
40
0
40
0
40
0
40
0
40
1
40
1
40
1
40
1
41
1
10
209.202918998571
20
-12.4512394374085
30
0
41
1
10
209.20259511873
20
-12.4512423734138
30
0
41
1
10
209.202272092049
20
-12.4512453009638
30
0
41
1
10
209.201949893205
20
-12.4512482202888
30
0
0
SPLINE
5
165
100
AcDbEntity
8
1
62
256
6
ByLayer
370
13
48
1
60
0
100
AcDbSpline
70
4
71
3
72
8
73
4
40
0
40
0
40
0
40
0
40
1
40
1
40
1
40
1
41
1
10
209.994763879325
20
-11.659313610361
30
0
41
1
10
209.972704045019
20
-11.6297383256
30
0
41
1
10
209.95064416581
20
-11.6001630826607
30
0
41
1
10
209.928584246399
20
-11.5705878878427
30
0
0
SPLINE
5
166
100
AcDbEntity
8
1
62
256
6
ByLayer
370
18
48
1
60
0
100
AcDbSpline
70
4
71
3
72
19
73
15
40
0
40
0
40
0
40
0
40
0.125
40
0.25
40
0.3125
40
0.34375
40
0.359375
40
0.375
40
0.4375
40
0.46875
40
0.5
40
0.625
40
0.75
40
1
40
1
40
1
40
1
41
1
10
209.590721698526
20
-8.76720309751028
30
0
41
1
10
209.594929362119
20
-8.76973964925284
30
0
41
1
10
209.607141422941
20
-8.77464406863319
30
0
41
1
10
209.631571775133
20
-8.7802571257034
30
0
41
1
10
209.653310748657
20
-8.783864221339
30
0
41
1
10
209.665299152227
20
-8.78558229345904
30
0
41
1
10
209.672463571221
20
-8.78653891809691
30
0
41
1
10
209.683521208456
20
-8.78794836957877
30
0
41
1
10
209.697320453454
20
-8.78951736271
30
0
41
1
10
209.714312829119
20
-8.79119808845405
30
0
41
1
10
209.738558587829
20
-8.79383344336736
30
0
41
1
10
209.771357789847
20
-8.79810132802973
30
0
41
1
10
209.818712530987
20
-8.80652271017138
30
0
41
1
10
209.841232707132
20
-8.81368557810538
30
0
41
1
10
209.850175571522
20
-8.81873504863933
30
0
0
SPLINE
5
167
100
AcDbEntity
8
1
62
256
6
ByLayer
370
18
48
1
60
0
100
AcDbSpline
70
4
71
3
72
32
73
28
40
0
40
0
40
0
40
0
40
0.250000000000299
40
0.375000000000447
40
0.500000000000596
40
0.531250000000633
40
0.546875000000653
40
0.546875000000653
40
0.554687500000663
40
0.554687500000663
40
0.555664062500663
40
0.555664062500663
40
0.556640625000663
40
0.556640625000663
40
0.55859375000066
40
0.55859375000066
40
0.560546875000658
40
0.562500000000656
40
0.562500000000656
40
0.566406250000649
40
0.566406250000649
40
0.570312500000642
40
0.57812500000063
40
0.593750000000607
40
0.62500000000056
40
0.750000000000374
40
1
40
1
40
1
40
1
41
1
10
209.850175571522
20
-8.81873504863933
30
0
41
1
10
209.861755968936
20
-9.04853673252467
30
0
41
1
10
209.879235208681
20
-9.39323611789234
30
0
41
1
10
209.902712067058
20
-9.85282739433546
30
0
41
1
10
209.915986898963
20
-10.1106226723655
30
0
41
1
10
209.924085254237
20
-10.2698665195458
30
0
41
1
10
209.926323589736
20
-10.3117915405887
30
0
41
1
10
209.927414669612
20
-10.3342642268242
30
0
41
1
10
209.927765643262
20
-10.3420119995217
30
0
41
1
10
209.928203011898
20
-10.3487967735325
30
0
41
1
10
209.928251543998
20
-10.3494979456631
30
0
41
1
10
209.928340884903
20
-10.3511006654014
30
0
41
1
10
209.928382897137
20
-10.3519940385665
30
0
41
1
10
209.928491153861
20
-10.3542095962467
30
0
41
1
10
209.928536849987
20
-10.3552152671033
30
0
41
1
10
209.928613498595
20
-10.3579360144252
30
0
41
1
10
209.928677557831
20
-10.3613417442977
30
0
41
1
10
209.928732913528
20
-10.3652589577438
30
0
41
1
10
209.928816290362
20
-10.3712312910489
30
0
41
1
10
209.928872444564
20
-10.3751926527375
30
0
41
1
10
209.928985581148
20
-10.3828759992956
30
0
41
1
10
209.929156444349
20
-10.3941536124359
30
0
41
1
10
209.929558057017
20
-10.4191870420248
30
0
41
1
10
209.930331598507
20
-10.4677366630619
30
0
41
1
10
209.932422084517
20
-10.6253751774027
30
0
41
1
10
209.935108537263
20
-10.9978913772904
30
0
41
1
10
209.932556034678
20
-11.3415608297204
30
0
41
1
10
209.928584246399
20
-11.5705878878427
30
0
0
SPLINE
5
168
100
AcDbEntity
8
1
62
256
6
ByLayer
370
18
48
1
60
0
100
AcDbSpline
70
4
71
3
72
17
73
13
40
0
40
0
40
0
40
0
40
0.125
40
0.25
40
0.3125
40
0.375
40
0.4375
40
0.46875
40
0.5
40
0.625
40
0.75
40
1
40
1
40
1
40
1
41
1
10
209.73041286905
20
-11.4189261003671
30
0
41
1
10
209.734637865982
20
-11.4257434797058
30
0
41
1
10
209.746053796185
20
-11.4390874147578
30
0
41
1
10
209.767498293521
20
-11.4548643259406
30
0
41
1
10
209.788748542401
20
-11.466852386635
30
0
41
1
10
209.807034435234
20
-11.4754373017895
30
0
41
1
10
209.821273390404
20
-11.4827662501983
30
0
41
1
10
209.832118370231
20
-11.488720924017
30
0
41
1
10
209.847849062323
20
-11.4977406448826
30
0
41
1
10
209.869467459255
20
-11.5115848706203
30
0
41
1
10
209.902040405004
20
-11.5370388763812
30
0
41
1
10
209.919799333261
20
-11.5569861295688
30
0
41
1
10
209.928584246399
20
-11.5705878878427
30
0
0
SPLINE
5
169
100
AcDbEntity
8
1
62
256
6
ByLayer
370
13
48
1
60
0
100
AcDbSpline
70
4
71
3
72
26
73
22
40
0
40
0
40
0
40
0
40
0.00390625
40
0.0078125
40
0.015625
40
0.03125
40
0.0625
40
0.125
40
0.1875
40
0.25
40
0.3125
40
0.375
40
0.4375
40
0.5
40
0.625
40
0.6875
40
0.75
40
0.8125
40
0.875
40
0.9375
40
1
40
1
40
1
40
1
41
1
10
209.928584246399
20
-11.5705878878427
30
0
41
1
10
209.928556366387
20
-11.5721953673875
30
0
41
1
10
209.9284917548
20
-11.5754098553633
30
0
41
1
10
209.928327125069
20
-11.5818367506121
30
0
41
1
10
209.927946080039
20
-11.5930778403041
30
0
41
1
10
209.926812211659
20
-11.6155319905232
30
0
41
1
10
209.923057311032
20
-11.6602952047748
30
0
41
1
10
209.91344383864
20
-11.7236397244453
30
0
41
1
10
209.895107821075
20
-11.7980855898773
30
0
41
1
10
209.870106092348
20
-11.8703639309659
30
0
41
1
10
209.838572791991
20
-11.9398747815401
30
0
41
1
10
209.800741600958
20
-12.0060347356851
30
0
41
1
10
209.756846200199
20
-12.0682603874862
30
0
41
1
10
209.690664129174
20
-12.1452179516742
30
0
41
1
10
209.61364586756
20
-12.2120142059091
30
0
41
1
10
209.52753293835
20
-12.2664248751513
30
0
41
1
10
209.458984912594
20
-12.3005633989365
30
0
41
1
10
209.387071090315
20
-12.3275683223297
30
0
41
1
10
209.31250707753
20
-12.3471094061262
30
0
41
1
10
209.236054131839
20
-12.3589736398372
30
0
41
1
10
209.184355130969
20
-12.361728568765
30
0
41
1
10
209.158453495722
20
-12.361836065564
30
0
0
SPLINE
5
16A
100
AcDbEntity
8
1
62
256
6
ByLayer
370
18
48
1
60
0
100
AcDbSpline
70
4
71
3
72
11
73
7
40
0
40
0
40
0
40
0
40
0.013374911400993
40
0.0687729850856136
40
0.511957574562579
40
1
40
1
40
1
40
1
41
1
10
200.445198015954
20
-11.9258588836139
30
0
41
1
10
200.444291294768
20
-11.9233659641961
30
0
41
1
10
200.439787248168
20
-11.9108301390872
30
0
41
1
10
200.409013112203
20
-11.8259548626343
30
0
41
1
10
200.347709246603
20
-11.6562618368017
30
0
41
1
10
200.290403204307
20
-11.4978008315944
30
0
41
1
10
200.260454571556
20
-11.415009021207
30
0
0
SPLINE
5
16B
100
AcDbEntity
8
1
62
256
6
ByLayer
370
18
48
1
60
0
100
AcDbSpline
70
4
71
3
72
17
73
13
40
0
40
0
40
0
40
0
40
0.0600950229142455
40
0.184038916465193
40
0.43192670356709
40
0.679814490668985
40
0.927702277770881
40
0.989674224546355
40
0.993547471219823
40
0.99742071789329
40
0.999357341230023
40
1
40
1
40
1
40
1
41
1
10
208.710039753083
20
-12.4550403301625
30
0
41
1
10
208.555697238019
20
-12.4560102210752
30
0
41
1
10
208.083017176691
20
-12.4583174507474
30
0
41
1
10
206.973474063611
20
-12.4591718119634
30
0
41
1
10
205.381087104086
20
-12.4471615133757
30
0
41
1
10
203.46971468741
20
-12.4118618415904
30
0
41
1
10
202.03322452542
20
-12.3698290880346
30
0
41
1
10
201.230941525311
20
-12.3410032227903
30
0
41
1
10
201.049911718488
20
-12.3342558299711
30
0
41
1
10
201.02517635643
20
-12.3333277771929
30
0
41
1
10
201.009123376572
20
-12.3327212226189
30
0
41
1
10
201.00185084977
20
-12.3324439981741
30
0
41
1
10
201.000000033228
20
-12.3323697529143
30
0
0
SPLINE
5
16C
100
AcDbEntity
8
1
62
256
6
ByLayer
370
18
48
1
60
0
100
AcDbSpline
70
4
71
3
72
11
73
7
40
0
40
0
40
0
40
0
40
0.0589687449403369
40
0.48437362715812
40
0.970550635407016
40
1
40
1
40
1
40
1
41
1
10
209.201949893205
20
-12.4512482202888
30
0
41
1
10
209.191414315614
20
-12.4513436792783
30
0
41
1
10
209.11214494895
20
-12.4520555501557
30
0
41
1
10
208.953296028606
20
-12.4533829271665
30
0
41
1
10
208.799262241994
20
-12.4544759564311
30
0
41
1
10
208.714860271244
20
-12.4550100379468
30
0
41
1
10
208.710039753083
20
-12.4550403301625
30
0
0
SPLINE
5
16D
100
AcDbEntity
8
1
62
256
6
ByLayer
370
13
48
1
60
0
100
AcDbSpline
70
4
71
3
72
8
73
4
40
0
40
0
40
0
40
0
40
1
40
1
40
1
40
1
41
1
10
209.158453495722
20
-12.361836065564
30
0
41
1
10
209.172952183141
20
-12.3918154803451
30
0
41
1
10
209.187450999234
20
-12.4216196425399
30
0
41
1
10
209.201949898055
20
-12.4512481651163
30
0
0
SPLINE
5
16E
100
AcDbEntity
8
1
62
256
6
ByLayer
370
18
48
1
60
0
100
AcDbSpline
70
4
71
3
72
20
73
16
40
0
40
0
40
0
40
0
40
0.0166268555036462
40
0.0415115835804478
40
0.0663963116572493
40
0.165935223964456
40
0.265474136271662
40
0.315243592425265
40
0.464551960886074
40
0.663629785500486
40
0.862707610114899
40
0.912477066268502
40
0.962246522422105
40
0.987131250498906
40
1
40
1
40
1
40
1
41
1
10
201.000000033228
20
-12.3323697529143
30
0
41
1
10
200.996273497256
20
-12.3322202634185
30
0
41
1
10
200.986577097464
20
-12.3317946960788
30
0
41
1
10
200.97066755806
20
-12.3306597773054
30
0
41
1
10
200.934505039635
20
-12.3269708825591
30
0
41
1
10
200.881415180928
20
-12.3175044027558
30
0
41
1
10
200.823874166772
20
-12.2999464049251
30
0
41
1
10
200.756242436039
20
-12.2726364657913
30
0
41
1
10
200.670903353885
20
-12.2258186059253
30
0
41
1
10
200.568339201649
20
-12.1385328452207
30
0
41
1
10
200.502981983226
20
-12.0485183365859
30
0
41
1
10
200.469480238427
20
-11.9843803250901
30
0
41
1
10
200.457081745903
20
-11.9566866726449
30
0
41
1
10
200.449121515744
20
-11.9365462725801
30
0
41
1
10
200.446169086909
20
-11.928528724885
30
0
41
1
10
200.445198015954
20
-11.9258588836139
30
0
0
SPLINE
5
16F
100
AcDbEntity
8
1
62
256
6
ByLayer
370
13
48
1
60
0
100
AcDbSpline
70
4
71
3
72
9
73
5
40
0
40
0
40
0
40
0
40
0.501219718031205
40
1
40
1
40
1
40
1
41
1
10
201.228614534916
20
-12.2145110046524
30
0
41
1
10
201.190415297206
20
-12.2341314760528
30
0
41
1
10
201.11420273745
20
-12.2732769260313
30
0
41
1
10
201.038005850049
20
-12.312710798635
30
0
41
1
10
201.000000345066
20
-12.3323796367314
30
0
0
SPLINE
5
170
100
AcDbEntity
8
1
62
256
6
ByLayer
370
13
48
1
60
0
100
AcDbSpline
70
4
71
3
72
9
73
5
40
0
40
0
40
0
40
0
40
0.251786661021028
40
1
40
1
40
1
40
1
41
1
10
200.445202091768
20
-11.9258578857941
30
0
41
1
10
200.470892027001
20
-11.9151144186765
30
0
41
1
10
200.57298853525
20
-11.8724006752677
30
0
41
1
10
200.675330059926
20
-11.8295161529703
30
0
41
1
10
200.75199838964
20
-11.7973517688409
30
0
0
SPLINE
5
171
100
AcDbEntity
8
1
62
256
6
ByLayer
370
18
48
1
60
0
100
AcDbSpline
70
4
71
3
72
8
73
4
40
0
40
0
40
0
40
0
40
1
40
1
40
1
40
1
41
1
10
200.606085837057
20
-11.430223449001
30
0
41
1
10
200.654433001898
20
-11.5527040454021
30
0
41
1
10
200.703048631784
20
-11.6750882929763
30
0
41
1
10
200.75199838964
20
-11.7973517688405
30
0
0
SPLINE
5
172
100
AcDbEntity
8
1
62
256
6
ByLayer
370
18
48
1
60
0
100
AcDbSpline
70
4
71
3
72
16
73
12
40
0
40
0
40
0
40
0
40
0.25
40
0.5
40
0.625
40
0.6875
40
0.75
40
0.78125
40
0.8125
40
0.875
40
1
40
1
40
1
40
1
41
1
10
209.158453495713
20
-12.3618360655643
30
0
41
1
10
209.152709061122
20
-12.3504218665001
30
0
41
1
10
209.141148163251
20
-12.3231428709848
30
0
41
1
10
209.126624339622
20
-12.2782013820064
30
0
41
1
10
209.116475237756
20
-12.2412484844211
30
0
41
1
10
209.110689122804
20
-12.2185744691548
30
0
41
1
10
209.1070800742
20
-12.2037606994027
30
0
41
1
10
209.104198973011
20
-12.1914622917292
30
0
41
1
10
209.101316243429
20
-12.179293743147
30
0
41
1
10
209.09624914323
20
-12.1597283373818
30
0
41
1
10
209.091890367956
20
-12.1456004195602
30
0
41
1
10
209.088991284849
20
-12.1374410576018
30
0
0
SPLINE
5
173
100
AcDbEntity
8
1
62
256
6
ByLayer
370
18
48
1
60
0
100
AcDbSpline
70
4
71
3
72
47
73
43
40
0
40
0
40
0
40
0
40
0.0248207090806996
40
0.0496506043499295
40
0.0744896876533653
40
0.0993379606765945
40
0.12419542494487
40
0.149062081822931
40
0.173937932514768
40
0.198822978063433
40
0.223717219350831
40
0.248620657097545
40
0.273533291862632
40
0.298455124043417
40
0.32338615387532
40
0.348326381431683
40
0.37327580662356
40
0.398234429199575
40
0.423202248745716
40
0.44817926468518
40
0.473165476278211
40
0.498160882621916
40
0.5231654828041
40
0.548179276888423
40
0.573202265356137
40
0.598234448633267
40
0.623275827088496
40
0.648326401033143
40
0.673386170721068
40
0.698455136348679
40
0.72353329805484
40
0.748620655920811
40
0.773717209970269
40
0.798822960169179
40
0.823937906425838
40
0.849062048590783
40
0.874195386456766
40
0.899337919758728
40
0.924489648173766
40
0.949650571321106
40
0.974820688762051
40
1
40
1
40
1
40
1
41
1
10
209.158453495713
20
-12.3618360655647
30
0
41
1
10
209.092883776265
20
-12.3620863988041
30
0
41
1
10
208.961720069902
20
-12.3625871579317
30
0
41
1
10
208.764926419859
20
-12.363051525285
30
0
41
1
10
208.568051741217
20
-12.3633063123923
30
0
41
1
10
208.371095428726
20
-12.3633309948065
30
0
41
1
10
208.174057967232
20
-12.3631312091538
30
0
41
1
10
207.976939550131
20
-12.3627055793216
30
0
41
1
10
207.77974044976
20
-12.3620546102856
30
0
41
1
10
207.582460918096
20
-12.3611783036916
30
0
41
1
10
207.385101213376
20
-12.3600767971111
30
0
41
1
10
207.187661592963
20
-12.3587501926563
30
0
41
1
10
206.990142315256
20
-12.3571986029256
30
0
41
1
10
206.792543639184
20
-12.355422138684
30
0
41
1
10
206.594865824335
20
-12.3534209121645
30
0
41
1
10
206.397109130924
20
-12.3511950361777
30
0
41
1
10
206.199273819805
20
-12.3487446243598
30
0
41
1
10
206.001360152462
20
-12.3460697910629
30
0
41
1
10
205.803368391019
20
-12.3431706515359
30
0
41
1
10
205.605298798223
20
-12.3400473212993
30
0
41
1
10
205.407151637499
20
-12.3366999184572
30
0
41
1
10
205.208927172337
20
-12.3331285550523
30
0
41
1
10
205.01062566405
20
-12.3293333692509
30
0
41
1
10
204.812247364167
20
-12.3253142791913
30
0
41
1
10
204.613792519683
20
-12.3210711564385
30
0
41
1
10
204.415261377223
20
-12.3166038848396
30
0
41
1
10
204.216654183923
20
-12.311912345226
30
0
41
1
10
204.017971187537
20
-12.3069964195179
30
0
41
1
10
203.819212636411
20
-12.3018559896256
30
0
41
1
10
203.620378779489
20
-12.2964909377268
30
0
41
1
10
203.421469866315
20
-12.2909011462475
30
0
41
1
10
203.22248614703
20
-12.28508649765
30
0
41
1
10
203.023427872371
20
-12.2790468752889
30
0
41
1
10
202.824295293686
20
-12.2727821601883
30
0
41
1
10
202.625088662885
20
-12.2662922430713
30
0
41
1
10
202.42580823262
20
-12.2595769794322
30
0
41
1
10
202.22645425561
20
-12.2526363572919
30
0
41
1
10
202.027026987173
20
-12.2454698707763
30
0
41
1
10
201.82752667576
20
-12.2380788592249
30
0
41
1
10
201.627953598327
20
-12.2304577727234
30
0
41
1
10
201.428307928225
20
-12.2226267874457
30
0
41
1
10
201.295187101966
20
-12.2172165948836
30
0
41
1
10
201.228614534916
20
-12.2145110046524
30
0
0
SPLINE
5
174
100
AcDbEntity
8
1
62
256
6
ByLayer
370
18
48
1
60
0
100
AcDbSpline
70
4
71
3
72
16
73
12
40
0
40
0
40
0
40
0
40
0.25
40
0.375
40
0.5
40
0.5625
40
0.625
40
0.75
40
0.8125
40
0.875
40
1
40
1
40
1
40
1
41
1
10
201.228614534916
20
-12.2145110046525
30
0
41
1
10
201.260398592944
20
-12.1997853855808
30
0
41
1
10
201.308049351958
20
-12.1759685661465
30
0
41
1
10
201.37144215107
20
-12.1407843747991
30
0
41
1
10
201.410984373948
20
-12.1173694251906
30
0
41
1
10
201.442559606931
20
-12.0977847775094
30
0
41
1
10
201.474092877674
20
-12.0776429735119
30
0
41
1
10
201.505558807014
20
-12.0566823885592
30
0
41
1
10
201.536949361685
20
-12.034945329765
30
0
41
1
10
201.568257937568
20
-12.0123607502589
30
0
41
1
10
201.59203895727
20
-11.9986375678181
30
0
41
1
10
201.607922359248
20
-11.9908384300549
30
0
0
SPLINE
5
175
100
AcDbEntity
8
1
62
256
6
ByLayer
370
18
48
1
60
0
100
AcDbSpline
70
4
71
3
72
18
73
14
40
0
40
0
40
0
40
0
40
0.25
40
0.375
40
0.5
40
0.5625
40
0.625
40
0.640625
40
0.65625
40
0.6875
40
0.75
40
0.875
40
1
40
1
40
1
40
1
41
1
10
200.75199838964
20
-11.7973517688405
30
0
41
1
10
200.788357080905
20
-11.7706892960777
30
0
41
1
10
200.843593075449
20
-11.7306324642357
30
0
41
1
10
200.918527425711
20
-11.6771215612365
30
0
41
1
10
200.96595708118
20
-11.6436351944803
30
0
41
1
10
201.004230296263
20
-11.6168218221376
30
0
41
1
10
201.024774132762
20
-11.6018129163521
30
0
41
1
10
201.038109400607
20
-11.5918428680442
30
0
41
1
10
201.046902297604
20
-11.585206333236
30
0
41
1
10
201.062031575338
20
-11.5736206364375
30
0
41
1
10
201.09123353955
20
-11.5505746668975
30
0
41
1
10
201.129797952196
20
-11.5180814511063
30
0
41
1
10
201.157143709866
20
-11.4926862493024
30
0
41
1
10
201.169899599986
20
-11.4801739408217
30
0
0
SPLINE
5
176
100
AcDbEntity
8
1
62
256
6
ByLayer
370
18
48
1
60
0
100
AcDbSpline
70
4
71
3
72
18
73
14
40
0
40
0
40
0
40
0
40
0.125
40
0.25
40
0.375
40
0.5
40
0.625
40
0.6875
40
0.75
40
0.8125
40
0.875
40
0.9375
40
1
40
1
40
1
40
1
41
1
10
200.75199838964
20
-11.7973517688405
30
0
41
1
10
200.76231821376
20
-11.8231279447102
30
0
41
1
10
200.785153967776
20
-11.8739048242544
30
0
41
1
10
200.826282631496
20
-11.9467979955936
30
0
41
1
10
200.874605438329
20
-12.0154261724098
30
0
41
1
10
200.930641142041
20
-12.0781729044136
30
0
41
1
10
200.984099612645
20
-12.1237081097798
30
0
41
1
10
201.030877823399
20
-12.1545839809854
30
0
41
1
10
201.067807841925
20
-12.174539467026
30
0
41
1
10
201.106424864239
20
-12.1908682648833
30
0
41
1
10
201.146360772999
20
-12.2032543899456
30
0
41
1
10
201.187247450864
20
-12.211381857601
30
0
41
1
10
201.21482466996
20
-12.2139461209521
30
0
41
1
10
201.228614534916
20
-12.2145110046525
30
0
0
SPLINE
5
177
100
AcDbEntity
8
1
62
256
6
ByLayer
370
18
48
1
60
0
100
AcDbSpline
70
4
71
3
72
11
73
7
40
0
40
0
40
0
40
0
40
0.25
40
0.5
40
0.75
40
1
40
1
40
1
40
1
41
1
10
209.279376859332
20
-7.62078011639611
30
0
41
1
10
209.313279853227
20
-7.71451924383572
30
0
41
1
10
209.383072918835
20
-7.90133726453524
30
0
41
1
10
209.480890438677
20
-8.18386514167076
30
0
41
1
10
209.55815732783
20
-8.4722113285695
30
0
41
1
10
209.585533859039
20
-8.66872362130866
30
0
41
1
10
209.590721698526
20
-8.76720309751028
30
0
0
SPLINE
5
178
100
AcDbEntity
8
1
62
256
6
ByLayer
370
18
48
1
60
0
100
AcDbSpline
70
4
71
3
72
23
73
19
40
0
40
0
40
0
40
0
40
0.25
40
0.375
40
0.4375
40
0.5
40
0.515625
40
0.53125
40
0.546875
40
0.5546875
40
0.5625
40
0.5703125
40
0.578125
40
0.59375
40
0.625
40
0.75
40
0.875
40
1
40
1
40
1
40
1
41
1
10
209.590721698526
20
-8.76720309751028
30
0
41
1
10
209.602362629403
20
-8.98818001441501
30
0
41
1
10
209.619824025719
20
-9.31964538977212
30
0
41
1
10
209.640195654754
20
-9.70635499435539
30
0
41
1
10
209.65183658563
20
-9.92733191126015
30
0
41
1
10
209.658384609249
20
-10.0516314270191
30
0
41
1
10
209.662749958328
20
-10.1344977708583
30
0
41
1
10
209.664932632867
20
-10.175930942778
30
0
41
1
10
209.666751528317
20
-10.2104585860444
30
0
41
1
10
209.668206644676
20
-10.2380807006574
30
0
41
1
10
209.669297981946
20
-10.2587972866173
30
0
41
1
10
209.670389319216
20
-10.2795138725771
30
0
41
1
10
209.671844435575
20
-10.3071359871902
30
0
41
1
10
209.674390889205
20
-10.3554746877631
30
0
41
1
10
209.682394029183
20
-10.5073963181351
30
0
41
1
10
209.695490076419
20
-10.7559953496529
30
0
41
1
10
209.712951472735
20
-11.08746072501
30
0
41
1
10
209.724592403612
20
-11.3084376419148
30
0
41
1
10
209.73041286905
20
-11.4189261003671
30
0
0
SPLINE
5
179
100
AcDbEntity
8
1
62
256
6
ByLayer
370
13
48
1
60
0
100
AcDbSpline
70
4
71
3
72
8
73
4
40
0
40
0
40
0
40
0
40
1
40
1
40
1
40
1
41
1
10
209.28456693869
20
-8.5826404839662
30
0
41
1
10
209.386618525302
20
-8.64416135514756
30
0
41
1
10
209.488670111914
20
-8.70568222632892
30
0
41
1
10
209.590721698526
20
-8.76720309751028
30
0
0
SPLINE
5
17A
100
AcDbEntity
8
1
62
256
6
ByLayer
370
13
48
1
60
0
100
AcDbSpline
70
4
71
3
72
15
73
11
40
0
40
0
40
0
40
0
40
0.125
40
0.25
40
0.375
40
0.5
40
0.625
40
0.75
40
0.875
40
1
40
1
40
1
40
1
41
1
10
209.088991284858
20
-12.1374410575932
30
0
41
1
10
209.134796413539
20
-12.1383386769431
30
0
41
1
10
209.22626271399
20
-12.1302093650652
30
0
41
1
10
209.356083896434
20
-12.0876082077246
30
0
41
1
10
209.472132207657
20
-12.0172952070842
30
0
41
1
10
209.569861414004
20
-11.9239461825284
30
0
41
1
10
209.646417264142
20
-11.8126775503982
30
0
41
1
10
209.700013181302
20
-11.6883601024973
30
0
41
1
10
209.729526158915
20
-11.5555954687497
30
0
41
1
10
209.73281048943
20
-11.464439536101
30
0
41
1
10
209.73041286905
20
-11.4189261003671
30
0
0
SPLINE
5
17B
100
AcDbEntity
8
1
62
256
6
ByLayer
370
13
48
1
60
0
100
AcDbSpline
70
4
71
3
72
8
73
4
40
0
40
0
40
0
40
0
40
1
40
1
40
1
40
1
41
1
10
209.73041286905
20
-11.4189261003671
30
0
41
1
10
209.596681522992
20
-11.203139596779
30
0
41
1
10
209.462950176935
20
-10.9873530931908
30
0
41
1
10
209.329218830877
20
-10.7715665896027
30
0
0
SPLINE
5
17C
100
AcDbEntity
8
1
62
256
6
ByLayer
370
13
48
1
60
0
100
AcDbSpline
70
4
71
3
72
8
73
4
40
0
40
0
40
0
40
0
40
1
40
1
40
1
40
1
41
1
10
209.329218830877
20
-10.7715665896026
30
0
41
1
10
209.325789822004
20
-10.7660336023311
30
0
41
1
10
209.32236081313
20
-10.7605006150596
30
0
41
1
10
209.318931804257
20
-10.7549676277881
30
0
0
SPLINE
5
17D
100
AcDbEntity
8
1
62
256
6
ByLayer
370
13
48
1
60
0
100
AcDbSpline
70
4
71
3
72
8
73
4
40
0
40
0
40
0
40
0
40
1
40
1
40
1
40
1
41
1
10
208.790302651365
20
-11.2967929686408
30
0
41
1
10
208.792791723311
20
-11.3037983693821
30
0
41
1
10
208.795280795257
20
-11.3108037701234
30
0
41
1
10
208.797769867203
20
-11.3178091708648
30
0
0
SPLINE
5
17E
100
AcDbEntity
8
1
62
256
6
ByLayer
370
18
48
1
60
0
100
AcDbSpline
70
4
71
3
72
8
73
4
40
0
40
0
40
0
40
0
40
1
40
1
40
1
40
1
41
1
10
209.088991284859
20
-12.1374410576098
30
0
41
1
10
206.595301642991
20
-12.0885735150902
30
0
41
1
10
204.101612001087
20
-12.0397059725413
30
0
41
1
10
201.607922359248
20
-11.9908384300437
30
0
0
SPLINE
5
17F
100
AcDbEntity
8
1
62
256
6
ByLayer
370
13
48
1
60
0
100
AcDbSpline
70
4
71
3
72
8
73
4
40
0
40
0
40
0
40
0
40
1
40
1
40
1
40
1
41
1
10
208.797769867202
20
-11.3178091708642
30
0
41
1
10
208.894843673088
20
-11.5910197997718
30
0
41
1
10
208.991917478973
20
-11.864230428676
30
0
41
1
10
209.088991284858
20
-12.1374410575932
30
0
0
SPLINE
5
180
100
AcDbEntity
8
1
62
256
6
ByLayer
370
13
48
1
60
0
100
AcDbSpline
70
4
71
3
72
12
73
8
40
0
40
0
40
0
40
0
40
0.130933762590391
40
0.130933762590391
40
0.846851358087277
40
0.846851358087277
40
1
40
1
40
1
40
1
41
1
10
206.407984434105
20
-11.2501079141541
30
0
41
1
10
206.219362267145
20
-11.2721868722494
30
0
41
1
10
206.030740100185
20
-11.2942658303448
30
0
41
1
10
204.810772575422
20
-11.4370677729345
30
0
41
1
10
203.779427217624
20
-11.5577907574363
30
0
41
1
10
202.52745710933
20
-11.7043387269003
30
0
41
1
10
202.306832358825
20
-11.7301637118473
30
0
41
1
10
202.086207608321
20
-11.755988696795
30
0
0
SPLINE
5
181
100
AcDbEntity
8
1
62
256
6
ByLayer
370
13
48
1
60
0
100
AcDbSpline
70
4
71
3
72
8
73
4
40
0
40
0
40
0
40
0
40
1
40
1
40
1
40
1
41
1
10
201.169899599986
20
-11.4801739408217
30
0
41
1
10
201.16259205423
20
-11.4599691481441
30
0
41
1
10
201.155284508475
20
-11.4397643554665
30
0
41
1
10
201.147976962719
20
-11.419559562789
30
0
0
SPLINE
5
182
100
AcDbEntity
8
1
62
256
6
ByLayer
370
13
48
1
60
0
100
AcDbSpline
70
4
71
3
72
10
73
6
40
0
40
0
40
0
40
0
40
0.525210305152619
40
0.525210305152619
40
1
40
1
40
1
40
1
41
1
10
206.101011817128
20
-11.2336020849924
30
0
41
1
10
205.417909587129
20
-11.3135618572404
30
0
41
1
10
204.734807357132
20
-11.3935216294908
30
0
41
1
10
203.434181258801
20
-11.5457649717705
30
0
41
1
10
202.816657390467
20
-11.6180485417987
30
0
41
1
10
202.199133522135
20
-11.6903321118322
30
0
0
SPLINE
5
183
100
AcDbEntity
8
1
62
256
6
ByLayer
370
18
48
1
60
0
100
AcDbSpline
70
4
71
3
72
8
73
4
40
0
40
0
40
0
40
0
40
1
40
1
40
1
40
1
41
1
10
203.253773224981
20
-10.9803006284634
30
0
41
1
10
203.240013234614
20
-10.9895644799232
30
0
41
1
10
203.226253244246
20
-10.9988283313831
30
0
41
1
10
203.21249325388
20
-11.0080921828429
30
0
0
SPLINE
5
184
100
AcDbEntity
8
1
62
256
6
ByLayer
370
18
48
1
60
0
100
AcDbSpline
70
4
71
3
72
8
73
4
40
0
40
0
40
0
40
0
40
1
40
1
40
1
40
1
41
1
10
201.169899517609
20
-11.4801737502996
30
0
41
1
10
201.278955510689
20
-11.3732002744168
30
0
41
1
10
201.388011503769
20
-11.2662267985341
30
0
41
1
10
201.497067496848
20
-11.1592533226516
30
0
0
SPLINE
5
185
100
AcDbEntity
8
1
62
256
6
ByLayer
370
18
48
1
60
0
100
AcDbSpline
70
4
71
3
72
8
73
4
40
0
40
0
40
0
40
0
40
1
40
1
40
1
40
1
41
1
10
201.687495505719
20
-10.9724616990177
30
0
41
1
10
201.819877143869
20
-10.8426080011506
30
0
41
1
10
201.952258782019
20
-10.7127543032838
30
0
41
1
10
202.084640420169
20
-10.582900605417
30
0
0
SPLINE
5
186
100
AcDbEntity
8
1
62
256
6
ByLayer
370
18
48
1
60
0
100
AcDbSpline
70
4
71
3
72
18
73
14
40
0
40
0
40
0
40
0
40
0.125
40
0.25
40
0.375
40
0.5
40
0.625
40
0.6875
40
0.75
40
0.8125
40
0.875
40
0.9375
40
1
40
1
40
1
40
1
41
1
10
201.169896046974
20
-11.4801746567661
30
0
41
1
10
201.179995197017
20
-11.5080975778835
30
0
41
1
10
201.200735346078
20
-11.5637858139171
30
0
41
1
10
201.234846955414
20
-11.6462221884078
30
0
41
1
10
201.273376824618
20
-11.7268984951654
30
0
41
1
10
201.318331102481
20
-11.8044689247407
30
0
41
1
10
201.363336244671
20
-11.8644810421864
30
0
41
1
10
201.405509833364
20
-11.9072713388207
30
0
41
1
10
201.440429291464
20
-11.9356900444584
30
0
41
1
10
201.478790479436
20
-11.9593379941174
30
0
41
1
10
201.520145515317
20
-11.9770012670581
30
0
41
1
10
201.563590907601
20
-11.987877378632
30
0
41
1
10
201.593160780576
20
-11.9905491714308
30
0
41
1
10
201.607922359248
20
-11.990838430066
30
0
0
SPLINE
5
187
100
AcDbEntity
8
1
62
256
6
ByLayer
370
18
48
1
60
0
100
AcDbSpline
70
4
71
3
72
15
73
11
40
0
40
0
40
0
40
0
40
0.105547317957893
40
0.211094635915786
40
0.422189271831572
40
0.633283907747357
40
0.844378543663143
40
0.89715220264209
40
0.949925861621036
40
1
40
1
40
1
40
1
41
1
10
201.607922359248
20
-11.990838430066
30
0
41
1
10
201.624749570766
20
-11.9825758588014
30
0
41
1
10
201.658404011107
20
-11.9660514148908
30
0
41
1
10
201.725712934985
20
-11.9330042711399
30
0
41
1
10
201.809849122038
20
-11.8916966420737
30
0
41
1
10
201.910812441908
20
-11.8421232657609
30
0
41
1
10
201.986535430848
20
-11.8049505793954
30
0
41
1
10
202.037015441008
20
-11.7801228935592
30
0
41
1
10
202.061825945845
20
-11.7679430812233
30
0
41
1
10
202.078225711975
20
-11.759961685861
30
0
41
1
10
202.086207826623
20
-11.7559957551249
30
0
0
SPLINE
5
188
100
AcDbEntity
8
1
62
256
6
ByLayer
370
18
48
1
60
0
100
AcDbSpline
70
4
71
3
72
13
73
9
40
0
40
0
40
0
40
0
40
0.0113848368124194
40
0.233982789264076
40
0.456580741715732
40
0.679178694167389
40
0.901776646619045
40
1
40
1
40
1
40
1
41
1
10
202.086207258534
20
-11.7559955743984
30
0
41
1
10
202.086637514812
20
-11.755781800459
30
0
41
1
10
202.095480051488
20
-11.7513835120286
30
0
41
1
10
202.112728376454
20
-11.7425969988444
30
0
41
1
10
202.137915371952
20
-11.7286438088331
30
0
41
1
10
202.163048705373
20
-11.7137244406048
30
0
41
1
10
202.18344623253
20
-11.7007937367251
30
0
41
1
10
202.195457179104
20
-11.6927985452777
30
0
41
1
10
202.199133142394
20
-11.6903355706694
30
0
0
SPLINE
5
189
100
AcDbEntity
8
1
62
256
6
ByLayer
370
18
48
1
60
0
100
AcDbSpline
70
4
71
3
72
8
73
4
40
0
40
0
40
0
40
0
40
1
40
1
40
1
40
1
41
1
10
203.21249325388
20
-11.008092182843
30
0
41
1
10
202.874706640896
20
-11.2355054966891
30
0
41
1
10
202.536920027911
20
-11.4629188105352
30
0
41
1
10
202.199133414927
20
-11.6903321243814
30
0
0
SPLINE
5
18A
100
AcDbEntity
8
1
62
256
6
ByLayer
370
18
48
1
60
0
100
AcDbSpline
70
4
71
3
72
24
73
20
40
0
40
0
40
0
40
0
40
0.191543271642151
40
0.191543271642151
40
0.383086543284302
40
0.383086543284302
40
0.430972361194842
40
0.430972361194842
40
0.478858179105381
40
0.478858179105381
40
0.57462981492646
40
0.57462981492646
40
0.76617308656852
40
0.76617308656852
40
0.861944722389548
40
0.861944722389548
40
0.957716358210576
40
0.957716358210576
40
1
40
1
40
1
40
1
41
1
10
203.25377322498
20
-10.9803006284641
30
0
41
1
10
203.205002667054
20
-10.9760172234095
30
0
41
1
10
203.157013386217
20
-10.9682822637395
30
0
41
1
10
203.062511493587
20
-10.9462886616574
30
0
41
1
10
203.015999159535
20
-10.9320287922308
30
0
41
1
10
202.958817667992
20
-10.90996757685
30
0
41
1
10
202.947429666932
20
-10.9053419644122
30
0
41
1
10
202.924751478663
20
-10.8956586139199
30
0
41
1
10
202.913456491989
20
-10.8905974422373
30
0
41
1
10
202.879997587305
20
-10.8748909672868
30
0
41
1
10
202.858164980264
20
-10.863685170615
30
0
41
1
10
202.794055624143
20
-10.8279122782857
30
0
41
1
10
202.753157470114
20
-10.8012050027749
30
0
41
1
10
202.69461916104
20
-10.7567834194138
30
0
41
1
10
202.675577209758
20
-10.7412453097634
30
0
41
1
10
202.638451888028
20
-10.7086809555756
30
0
41
1
10
202.620356303056
20
-10.6916300841255
30
0
41
1
10
202.595401149828
20
-10.6663862902586
30
0
41
1
10
202.587894229489
20
-10.6585523141644
30
0
41
1
10
202.580523431927
20
-10.6506162198414
30
0
0
SPLINE
5
18B
100
AcDbEntity
8
1
62
256
6
ByLayer
370
18
48
1
60
0
100
AcDbSpline
70
4
71
3
72
8
73
4
40
0
40
0
40
0
40
0
40
1
40
1
40
1
40
1
41
1
10
206.40798443411
20
-11.2501079141536
30
0
41
1
10
206.305617152232
20
-11.2481018756246
30
0
41
1
10
206.203256301416
20
-11.2426981533222
30
0
41
1
10
206.101011817117
20
-11.2336020849886
30
0
0
SPLINE
5
18C
100
AcDbEntity
8
1
62
256
6
ByLayer
370
18
48
1
60
0
100
AcDbSpline
70
4
71
3
72
8
73
4
40
0
40
0
40
0
40
0
40
1
40
1
40
1
40
1
41
1
10
208.790302651362
20
-11.2967929686353
30
0
41
1
10
207.996196578946
20
-11.2812312838091
30
0
41
1
10
207.202090506526
20
-11.2656695989795
30
0
41
1
10
206.407984434107
20
-11.2501079141506
30
0
0
SPLINE
5
18D
100
AcDbEntity
8
1
62
256
6
ByLayer
370
18
48
1
60
0
100
AcDbSpline
70
4
71
3
72
15
73
11
40
0
40
0
40
0
40
0
40
0.125
40
0.25
40
0.375
40
0.5
40
0.625
40
0.75
40
0.875
40
1
40
1
40
1
40
1
41
1
10
208.790302650118
20
-11.2967929651314
30
0
41
1
10
208.826289930951
20
-11.2974981910658
30
0
41
1
10
208.898136773022
20
-11.2917273329709
30
0
41
1
10
209.001236464465
20
-11.2619040126175
30
0
41
1
10
209.095555809815
20
-11.2120853045073
30
0
41
1
10
209.177305252458
20
-11.1442245054469
30
0
41
1
10
209.24317463496
20
-11.0610106549837
30
0
41
1
10
209.290486794187
20
-10.9657749310426
30
0
41
1
10
209.317315178785
20
-10.86235079105
30
0
41
1
10
209.320815517887
20
-10.7907257284144
30
0
41
1
10
209.318931802539
20
-10.7549676250162
30
0
0
SPLINE
5
18E
100
AcDbEntity
8
1
62
256
6
ByLayer
370
18
48
1
60
0
100
AcDbSpline
70
4
71
3
72
8
73
4
40
0
40
0
40
0
40
0
40
1
40
1
40
1
40
1
41
1
10
209.284564639371
20
-10.1025842214067
30
0
41
1
10
209.296020360999
20
-10.320045356866
30
0
41
1
10
209.307476082626
20
-10.5375064923264
30
0
41
1
10
209.318931804254
20
-10.7549676277882
30
0
0
SPLINE
5
18F
100
AcDbEntity
8
1
62
256
6
ByLayer
370
13
48
1
60
0
100
AcDbSpline
70
4
71
3
72
11
73
7
40
0
40
0
40
0
40
0
40
0.232786133890517
40
0.488524089260344
40
0.744262044630172
40
1
40
1
40
1
40
1
41
1
10
200.34632970203
20
5.82298845156106
30
0
41
1
10
200.367729774676
20
5.81390711297627
30
0
41
1
10
200.41359668776
20
5.79692497184814
30
0
41
1
10
200.485930057975
20
5.77796847533111
30
0
41
1
10
200.562383003666
20
5.76610424162018
30
0
41
1
10
200.614082004536
20
5.76334931269238
30
0
41
1
10
200.639983639783
20
5.76324181589334
30
0
0
SPLINE
5
190
100
AcDbEntity
8
1
62
256
6
ByLayer
370
13
48
1
60
0
100
AcDbSpline
70
4
71
3
72
8
73
4
40
0
40
0
40
0
40
0
40
1
40
1
40
1
40
1
41
1
10
208.146391183954
20
5.80520074029164
30
0
41
1
10
208.15918573572
20
5.80607910253411
30
0
41
1
10
208.171980287486
20
5.80695746477659
30
0
41
1
10
208.184774839251
20
5.80783582701906
30
0
0
SPLINE
5
191
100
AcDbEntity
8
1
62
256
6
ByLayer
370
13
48
1
60
0
100
AcDbSpline
70
4
71
3
72
8
73
4
40
0
40
0
40
0
40
0
40
1
40
1
40
1
40
1
41
1
10
200.917823663847
20
5.74014151634893
30
0
41
1
10
201.078829673622
20
5.70907923308832
30
0
41
1
10
201.239835683397
20
5.67801694982765
30
0
41
1
10
201.400841693172
20
5.64695466656696
30
0
0
SPLINE
5
192
100
AcDbEntity
8
1
62
256
6
ByLayer
370
18
48
1
60
0
100
AcDbSpline
70
4
71
3
72
8
73
4
40
0
40
0
40
0
40
0
40
1
40
1
40
1
40
1
41
1
10
208.184774814755
20
5.80783582533866
30
0
41
1
10
208.256147406322
20
5.83413859819754
30
0
41
1
10
208.327519997889
20
5.86044137105654
30
0
41
1
10
208.398892589457
20
5.88674414391568
30
0
0
SPLINE
5
193
100
AcDbEntity
8
1
62
256
6
ByLayer
370
18
48
1
60
0
100
AcDbSpline
70
4
71
3
72
8
73
4
40
0
40
0
40
0
40
0
40
1
40
1
40
1
40
1
41
1
10
208.148581491061
20
5.79990596291634
30
0
41
1
10
208.160730420775
20
5.80073909652407
30
0
41
1
10
208.172755035734
20
5.80338211770516
30
0
41
1
10
208.184774806676
20
5.80783582478276
30
0
0
SPLINE
5
194
100
AcDbEntity
8
1
62
256
6
ByLayer
370
18
48
1
60
0
100
AcDbSpline
70
4
71
3
72
10
73
6
40
0
40
0
40
0
40
0
40
0.456739457858535
40
0.913478915717071
40
1
40
1
40
1
40
1
41
1
10
200.639983639791
20
5.76324181589413
30
0
41
1
10
200.663359753987
20
5.75371444781854
30
0
41
1
10
200.710164417287
20
5.73913358105651
30
0
41
1
10
200.761137830024
20
5.7330571121411
30
0
41
1
10
200.788624639774
20
5.73294920360877
30
0
41
1
10
200.792996438814
20
5.7330133594802
30
0
0
SPLINE
5
195
100
AcDbEntity
8
1
62
256
6
ByLayer
370
18
48
1
60
0
100
AcDbSpline
70
4
71
3
72
12
73
8
40
0
40
0
40
0
40
0
40
0.41459281317213
40
0.621889219758195
40
0.829185626344261
40
0.932833829637293
40
1
40
1
40
1
40
1
41
1
10
208.569822600589
20
5.91056687680478
30
0
41
1
10
208.555620002128
20
5.90441057627578
30
0
41
1
10
208.534275238652
20
5.89698313628131
30
0
41
1
10
208.505774023778
20
5.89072575936706
30
0
41
1
10
208.487951926217
20
5.8883431971783
30
0
41
1
10
208.474948646724
20
5.88744618466936
30
0
41
1
10
208.469074813418
20
5.88724643702616
30
0
41
1
10
208.466765286128
20
5.88719933401893
30
0
0
SPLINE
5
196
100
AcDbEntity
8
1
62
256
6
ByLayer
370
18
48
1
60
0
100
AcDbSpline
70
4
71
3
72
20
73
16
40
0
40
0
40
0
40
0
40
0.0013471400125745
40
0.016951090949878
40
0.0325550418871816
40
0.0637629437617886
40
0.126178747511003
40
0.251010355009431
40
0.375841962507859
40
0.500673570006287
40
0.625505177504715
40
0.750336785003144
40
0.875168392501572
40
0.937584196250786
40
1
40
1
40
1
40
1
41
1
10
201.013137097391
20
7.79605679440922
30
0
41
1
10
201.013152549238
20
7.79647271455354
30
0
41
1
10
201.013367165269
20
7.80199905767992
30
0
41
1
10
201.014322201428
20
7.82045973222884
30
0
41
1
10
201.01554368225
20
7.85050171373229
30
0
41
1
10
201.018180014773
20
7.90612078456692
30
0
41
1
10
201.022996291071
20
8.01540297822871
30
0
41
1
10
201.030130891413
20
8.17245152606566
30
0
41
1
10
201.038620743989
20
8.36066151308646
30
0
41
1
10
201.047064504113
20
8.54877024746199
30
0
41
1
10
201.055487747171
20
8.73692474693044
30
0
41
1
10
201.063891239722
20
8.92510815745013
30
0
41
1
10
201.070878330224
20
9.08193771372441
30
0
41
1
10
201.076458893932
20
9.20739896022769
30
0
41
1
10
201.079246203434
20
9.27012737947049
30
0
41
1
10
201.080408306869
20
9.29629682873184
30
0
0
SPLINE
5
197
100
AcDbEntity
8
1
62
256
6
ByLayer
370
18
48
1
60
0
100
AcDbSpline
70
4
71
3
72
8
73
4
40
0
40
0
40
0
40
0
40
1
40
1
40
1
40
1
41
1
10
201.080408306869
20
9.29629682873184
30
0
41
1
10
201.080485438528
20
9.29803375933079
30
0
41
1
10
201.080562986141
20
9.29976497799336
30
0
41
1
10
201.080640962586
20
9.30149067287275
30
0
0
SPLINE
5
198
100
AcDbEntity
8
1
62
256
6
ByLayer
370
18
48
1
60
0
100
AcDbSpline
70
4
71
3
72
18
73
14
40
0
40
0
40
0
40
0
40
0.121162915242484
40
0.246484790770078
40
0.497128541825265
40
0.622450417352859
40
0.747772292880453
40
0.873094168408047
40
0.935755106171844
40
0.967085575053743
40
0.982750809494692
40
0.998416043935641
40
1
40
1
40
1
40
1
41
1
10
201.080640962586
20
9.30149067287275
30
0
41
1
10
201.082912648949
20
9.35176531078011
30
0
41
1
10
201.08827441561
20
9.44450294911775
30
0
41
1
10
201.104783702311
20
9.63124320296939
30
0
41
1
10
201.131648476776
20
9.81853424017734
30
0
41
1
10
201.171959660076
20
10.0043393502465
30
0
41
1
10
201.209732593206
20
10.1419453781109
30
0
41
1
10
201.247880407826
20
10.2537386464004
30
0
41
1
10
201.279460867476
20
10.3324427634938
30
0
41
1
10
201.29508413618
20
10.3688037571353
30
0
41
1
10
201.30634245061
20
10.3938022639087
30
0
41
1
10
201.311059066503
20
10.404071679722
30
0
41
1
10
201.312808613017
20
10.4078630857458
30
0
41
1
10
201.312963747417
20
10.408199083818
30
0
0
SPLINE
5
199
100
AcDbEntity
8
1
62
256
6
ByLayer
370
18
48
1
60
0
100
AcDbSpline
70
4
71
3
72
18
73
14
40
0
40
0
40
0
40
0
40
0.0140665155506261
40
0.0610129485323388
40
0.123608192507956
40
0.186203436483572
40
0.248798680459189
40
0.499179656361657
40
0.749560632264124
40
0.874751120215358
40
0.937346364190975
40
0.999941608166592
40
1
40
1
40
1
40
1
41
1
10
201.312963747417
20
10.408199083818
30
0
41
1
10
201.314342883322
20
10.4111860873692
30
0
41
1
10
201.318431683423
20
10.4199742029605
30
0
41
1
10
201.325278822887
20
10.4346870759585
30
0
41
1
10
201.332728977938
20
10.4506130935378
30
0
41
1
10
201.34265644082
20
10.4718262392483
30
0
41
1
10
201.364011913481
20
10.5173814474078
30
0
41
1
10
201.393799066631
20
10.5803863225491
30
0
41
1
10
201.428381534133
20
10.652732624082
30
0
41
1
10
201.452409355902
20
10.7025250489037
30
0
41
1
10
201.466532892107
20
10.7316595625339
30
0
41
1
10
201.473446577488
20
10.7458982457125
30
0
41
1
10
201.4768150008
20
10.7527849655806
30
0
41
1
10
201.476819152611
20
10.7527934538793
30
0
0
SPLINE
5
19A
100
AcDbEntity
8
1
62
256
6
ByLayer
370
18
48
1
60
0
100
AcDbSpline
70
4
71
3
72
24
73
20
40
0
40
0
40
0
40
0
40
0.062450025914622
40
0.124960610188407
40
0.249981778735978
40
0.265609424804424
40
0.28123707087287
40
0.300771628458428
40
0.312492363009763
40
0.343747655146656
40
0.375002947283548
40
0.500024115831119
40
0.750066452926259
40
0.87508762147383
40
0.937598205747615
40
0.968853497884508
40
0.984481143952954
40
0.992294966987177
40
1
40
1
40
1
40
1
41
1
10
201.476819070011
20
10.7527932850069
30
0
41
1
10
201.480181569966
20
10.7596678425941
30
0
41
1
10
201.486731665881
20
10.7729558696276
30
0
41
1
10
201.499827814833
20
10.7987145598017
30
0
41
1
10
201.511137495978
20
10.8200207674265
30
0
41
1
10
201.520063518905
20
10.8362211181283
30
0
41
1
10
201.522981157283
20
10.8414727380751
30
0
41
1
10
201.525692036825
20
10.8463065391751
30
0
41
1
10
201.529328012948
20
10.852735439139
30
0
41
1
10
201.533681302633
20
10.8603435976648
30
0
41
1
10
201.544814798589
20
10.8794704253665
30
0
41
1
10
201.569699623789
20
10.9204165997819
30
0
41
1
10
201.60289942116
20
10.9694990358559
30
0
41
1
10
201.635027832581
20
11.0103527905227
30
0
41
1
10
201.652876637453
20
11.0292133813524
30
0
41
1
10
201.662323929847
20
11.0381083339838
30
0
41
1
10
201.667345102171
20
11.042230334506
30
0
41
1
10
201.670366655881
20
11.0444278223905
30
0
41
1
10
201.671871641205
20
11.0454778991951
30
0
41
1
10
201.672728682212
20
11.0459597699283
30
0
0
SPLINE
5
19B
100
AcDbEntity
8
1
62
256
6
ByLayer
370
18
48
1
60
0
100
AcDbSpline
70
4
71
3
72
30
73
26
40
0
40
0
40
0
40
0
40
0.0001094202677022
40
0.0079685106252395
40
0.0158276009827768
40
0.0315457816978514
40
0.0629821431280005
40
0.125854865988299
40
0.251600311708895
40
0.377345757429492
40
0.408782118859641
40
0.416641209217179
40
0.424500299574716
40
0.432359389932253
40
0.44021848028979
40
0.471654841719939
40
0.503091203150089
40
0.518809383865163
40
0.628836648870685
40
0.754582094591282
40
0.81745481745158
40
0.880327540311878
40
0.943200263172177
40
0.974636624602326
40
1
40
1
40
1
40
1
41
1
10
201.672728682212
20
11.0459597699283
30
0
41
1
10
201.67274078307
20
11.0459665736276
30
0
41
1
10
201.673623620216
20
11.0464614784841
30
0
41
1
10
201.675611064627
20
11.0473607251448
30
0
41
1
10
201.679434457908
20
11.0491775688426
30
0
41
1
10
201.686200291424
20
11.0522970781516
30
0
41
1
10
201.699757180006
20
11.058390147754
30
0
41
1
10
201.727137474211
20
11.0699410354402
30
0
41
1
10
201.766868458334
20
11.0847045438486
30
0
41
1
10
201.803234649234
20
11.0960104357526
30
0
41
1
10
201.824616961373
20
11.1019324281346
30
0
41
1
10
201.830737295662
20
11.1035772256062
30
0
41
1
10
201.833799635866
20
11.1043902282227
30
0
41
1
10
201.836864101739
20
11.1051938786711
30
0
41
1
10
201.842997190044
20
11.1067825631334
30
0
41
1
10
201.852212054165
20
11.1090961078317
30
0
41
1
10
201.862475343109
20
11.1115455335624
30
0
41
1
10
201.883034956318
20
11.1162661318761
30
0
41
1
10
201.916054817502
20
11.1230650648512
30
0
41
1
10
201.955286354628
20
11.1295615737675
30
0
41
1
10
201.989469447952
20
11.1340850367413
30
0
41
1
10
202.014556602921
20
11.1369417780165
30
0
41
1
10
202.03281784577
20
11.1387415286312
30
0
41
1
10
202.050268000138
20
11.1401196422588
30
0
41
1
10
202.048059267316
20
11.140020303939
30
0
41
1
10
202.06431085612
20
11.1410990695977
30
0
0
SPLINE
5
19C
100
AcDbEntity
8
1
62
256
6
ByLayer
370
18
48
1
60
0
100
AcDbSpline
70
4
71
3
72
25
73
21
40
0
40
0
40
0
40
0
40
0.0059772068261372
40
0.02144749056501
40
0.0369177743038829
40
0.0678583417816286
40
0.12973947673712
40
0.253501746648103
40
0.485556002731196
40
0.501026286470068
40
0.531966853947814
40
0.56290742142556
40
0.624788556381051
40
0.748550826292034
40
0.872313096203017
40
0.934194231158508
40
0.965134798636254
40
0.980605082375127
40
0.996075366114
40
1
40
1
40
1
40
1
41
1
10
202.06431085612
20
11.1410990695977
30
0
41
1
10
202.068202123361
20
11.141357368372
30
0
41
1
10
202.085710930629
20
11.1425152443036
30
0
41
1
10
202.143631993084
20
11.1463227317616
30
0
41
1
10
202.296038605169
20
11.1562521399416
30
0
41
1
10
202.501197708251
20
11.1692599141302
30
0
41
1
10
202.954796722942
20
11.1970036759957
30
0
41
1
10
203.802882110342
20
11.2444003750318
30
0
41
1
10
204.564204092749
20
11.2798833747135
30
0
41
1
10
205.135347573593
20
11.3029339616443
30
0
41
1
10
205.293993455071
20
11.3091510746915
30
0
41
1
10
205.547769953163
20
11.3187036538213
30
0
41
1
10
205.991608513775
20
11.334388593628
30
0
41
1
10
206.624200332587
20
11.3538713309349
30
0
41
1
10
207.252998593043
20
11.369520208443
30
0
41
1
10
207.705588715603
20
11.3787180096066
30
0
41
1
10
207.912489327893
20
11.3825207622012
30
0
41
1
10
208.062248298823
20
11.3850617306467
30
0
41
1
10
208.11954805255
20
11.3860077582006
30
0
41
1
10
208.139576225701
20
11.3863242612646
30
0
41
1
10
208.143208686536
20
11.3863807464253
30
0
0
SPLINE
5
19D
100
AcDbEntity
8
1
62
256
6
ByLayer
370
18
48
1
60
0
100
AcDbSpline
70
4
71
3
72
33
73
29
40
0
40
0
40
0
40
0
40
0.027382341070908
40
0.0587425444385216
40
0.0901027478061351
40
0.121462951173749
40
0.184183357908976
40
0.246903764644203
40
0.30962417137943
40
0.372344578114657
40
0.403704781482271
40
0.435064984849884
40
0.497785391585111
40
0.529145594952725
40
0.560505798320338
40
0.591866001687952
40
0.623226205055565
40
0.685946611790792
40
0.717306815158406
40
0.74866701852602
40
0.764347120209826
40
0.811387425261247
40
0.874107831996474
40
0.936828238731701
40
0.968188442099314
40
0.983868543783121
40
0.999548645466928
40
1
40
1
40
1
40
1
41
1
10
208.143208686536
20
11.3863807464253
30
0
41
1
10
208.168213393611
20
11.3867695723373
30
0
41
1
10
208.17912866361
20
11.3868351640887
30
0
41
1
10
208.204420840536
20
11.3867749603752
30
0
41
1
10
208.235379409701
20
11.3864358800656
30
0
41
1
10
208.27775935251
20
11.3855122946761
30
0
41
1
10
208.328825215457
20
11.3833653582951
30
0
41
1
10
208.390326214164
20
11.3791076352633
30
0
41
1
10
208.451546730691
20
11.3730272053436
30
0
41
1
10
208.502211932035
20
11.3658763317589
30
0
41
1
10
208.542715721129
20
11.3583770201489
30
0
41
1
10
208.582578737679
20
11.34811567935
30
0
41
1
10
208.620183485716
20
11.3316728500115
30
0
41
1
10
208.652513524019
20
11.3067454071768
30
0
41
1
10
208.673396290378
20
11.284791769003
30
0
41
1
10
208.691715464763
20
11.2604033140945
30
0
41
1
10
208.713082774111
20
11.2259079597449
30
0
41
1
10
208.730459927796
20
11.1889199877924
30
0
41
1
10
208.743083260817
20
11.1503719305728
30
0
41
1
10
208.749554717908
20
11.1258749866923
30
0
41
1
10
208.756461394939
20
11.0962921236313
30
0
41
1
10
208.764174423507
20
11.056501373372
30
0
41
1
10
208.771406799815
20
11.0008436699896
30
0
41
1
10
208.774967712712
20
10.949196832091
30
0
41
1
10
208.776009439676
20
10.9147061054448
30
0
41
1
10
208.776162109814
20
10.8921261808113
30
0
41
1
10
208.776118766778
20
10.882358898525
30
0
41
1
10
208.776086825966
20
10.8781174844426
30
0
41
1
10
208.776085924829
20
10.877999352609
30
0
0
SPLINE
5
19E
100
AcDbEntity
8
1
62
256
6
ByLayer
370
18
48
1
60
0
100
AcDbSpline
70
4
71
3
72
22
73
18
40
0
40
0
40
0
40
0
40
0.0112892879508321
40
0.0621620442639553
40
0.124774667418569
40
0.249999913727795
40
0.500450406346248
40
0.750900898964701
40
0.813513522119314
40
0.829166677907968
40
0.844819833696621
40
0.860472989485274
40
0.876126145273927
40
0.938738768428541
40
0.970045080005847
40
0.985698235794501
40
1
40
1
40
1
40
1
41
1
10
208.776085924829
20
10.877999352609
30
0
41
1
10
208.776063346778
20
10.8750395506443
30
0
41
1
10
208.775913308041
20
10.860615457568
30
0
41
1
10
208.775671225301
20
10.8379705216615
30
0
41
1
10
208.775261540323
20
10.8044837573345
30
0
41
1
10
208.77426736477
20
10.7217731861391
30
0
41
1
10
208.772695871581
20
10.614587005329
30
0
41
1
10
208.771111439537
20
10.5148058642623
30
0
41
1
10
208.769995165663
20
10.4570196509706
30
0
41
1
10
208.769669245538
20
10.4405016671126
30
0
41
1
10
208.769505225084
20
10.4322392678388
30
0
41
1
10
208.769340480796
20
10.4239715813159
30
0
41
1
10
208.76901021766
20
10.4074218739637
30
0
41
1
10
208.768624614778
20
10.3880611075512
30
0
41
1
10
208.768309303695
20
10.3690816590651
30
0
41
1
10
208.768065301568
20
10.3578078471548
30
0
41
1
10
208.768098834691
20
10.3540473858917
30
0
41
1
10
208.767935239055
20
10.3496456964974
30
0
0
SPLINE
5
19F
100
AcDbEntity
8
1
62
256
6
ByLayer
370
18
48
1
60
0
100
AcDbSpline
70
4
71
3
72
21
73
17
40
0
40
0
40
0
40
0
40
0.0013467736322199
40
0.0169464397395162
40
0.0325461058468125
40
0.0637454380614051
40
0.12614410249059
40
0.250941431348961
40
0.375738760207331
40
0.500536089065701
40
0.625333417924071
40
0.750130746782442
40
0.874928075640812
40
0.937326740069997
40
0.999725404499182
40
1
40
1
40
1
40
1
41
1
10
208.767935239055
20
10.3496456964974
30
0
41
1
10
208.767919780698
20
10.3492297753626
30
0
41
1
10
208.767705089919
20
10.3437034317685
30
0
41
1
10
208.766750123631
20
10.3252427579821
30
0
41
1
10
208.765528631884
20
10.2952007768396
30
0
41
1
10
208.762892305426
20
10.2395817058042
30
0
41
1
10
208.758076025077
20
10.1302995122762
30
0
41
1
10
208.750941426653
20
9.97325096437558
30
0
41
1
10
208.742462840994
20
9.78529815629207
30
0
41
1
10
208.734015091274
20
9.59709712495996
30
0
41
1
10
208.725546080984
20
9.40789419773336
30
0
41
1
10
208.717159436561
20
9.22010305501462
30
0
41
1
10
208.710325559793
20
9.06679832350753
30
0
41
1
10
208.704410035376
20
8.93361950959556
30
0
41
1
10
208.701663717432
20
8.87119418178034
30
0
41
1
10
208.700435594538
20
8.84432944806332
30
0
41
1
10
208.700430216471
20
8.8442118279209
30
0
0
SPLINE
5
1A0
100
AcDbEntity
8
1
62
256
6
ByLayer
370
18
48
1
60
0
100
AcDbSpline
70
4
71
3
72
20
73
16
40
0
40
0
40
0
40
0
40
0.0153299547324642
40
0.0309345924798051
40
0.062143867974487
40
0.124562418963851
40
0.249399520942578
40
0.499073724900033
40
0.748747928857488
40
0.873585030836216
40
0.936003581825579
40
0.967212857320261
40
0.982817495067602
40
0.998422132814943
40
1
40
1
40
1
40
1
41
1
10
208.700430216471
20
8.8442118279209
30
0
41
1
10
208.700130068603
20
8.83764749244585
30
0
41
1
10
208.699542049116
20
8.82493244028237
30
0
41
1
10
208.698385138665
20
8.80117484403971
30
0
41
1
10
208.696288520522
20
8.76316780187886
30
0
41
1
10
208.690812551791
20
8.67832178906571
30
0
41
1
10
208.676303378606
20
8.51503361449846
30
0
41
1
10
208.642748748857
20
8.28024590741907
30
0
41
1
10
208.586598849035
20
8.04847441693229
30
0
41
1
10
208.533191911731
20
7.89196384815651
30
0
41
1
10
208.501611449365
20
7.81325972523166
30
0
41
1
10
208.485988189947
20
7.77689875157373
30
0
41
1
10
208.474729865014
20
7.75190022221199
30
0
41
1
10
208.470013249329
20
7.74163080671502
30
0
41
1
10
208.468263713174
20
7.73783942302208
30
0
41
1
10
208.468108576516
20
7.73750342005451
30
0
0
SPLINE
5
1A1
100
AcDbEntity
8
1
62
256
6
ByLayer
370
18
48
1
60
0
100
AcDbSpline
70
4
71
3
72
18
73
14
40
0
40
0
40
0
40
0
40
0.0140664741581996
40
0.0610128969244332
40
0.123608127279411
40
0.186203357634389
40
0.248798587989367
40
0.49917950940928
40
0.749560430829192
40
0.874750891539149
40
0.937346121894127
40
0.999941352249105
40
1
40
1
40
1
40
1
41
1
10
208.468108576516
20
7.73750342005454
30
0
41
1
10
208.46672945771
20
7.73451645348416
30
0
41
1
10
208.462640732849
20
7.72572849987634
30
0
41
1
10
208.455793706369
20
7.71101586922163
30
0
41
1
10
208.448343671883
20
7.69509010823944
30
0
41
1
10
208.438416368073
20
7.67387730045846
30
0
41
1
10
208.417061226933
20
7.62832279450234
30
0
41
1
10
208.387274464797
20
7.56531873520683
30
0
41
1
10
208.352692302576
20
7.49297304564951
30
0
41
1
10
208.328664404124
20
7.44318044176444
30
0
41
1
10
208.314540965085
20
7.41404610218959
30
0
41
1
10
208.307627193955
20
7.39980723228459
30
0
41
1
10
208.304258667505
20
7.39292029811139
30
0
41
1
10
208.304254484985
20
7.39291174702484
30
0
0
SPLINE
5
1A2
100
AcDbEntity
8
1
62
256
6
ByLayer
370
18
48
1
60
0
100
AcDbSpline
70
4
71
3
72
24
73
20
40
0
40
0
40
0
40
0
40
0.0624488107757604
40
0.124958142841086
40
0.249976806971737
40
0.265604139988069
40
0.2812314730044
40
0.300765639274814
40
0.312486139037063
40
0.343740805069726
40
0.374995471102389
40
0.50001413523304
40
0.750051463494342
40
0.875070127624993
40
0.937579459690319
40
0.968834125722982
40
0.984461458739313
40
0.992275125247479
40
1
40
1
40
1
40
1
41
1
10
208.30425463059
20
7.39291204471061
30
0
41
1
10
208.300892038052
20
7.38603729413651
30
0
41
1
10
208.294341649855
20
7.37274866604574
30
0
41
1
10
208.281244898926
20
7.3469887462571
30
0
41
1
10
208.269935050349
20
7.32568219314996
30
0
41
1
10
208.261008942488
20
7.30948166742411
30
0
41
1
10
208.258091279495
20
7.3042299967756
30
0
41
1
10
208.255380380149
20
7.29939615490673
30
0
41
1
10
208.251744380803
20
7.29296720716232
30
0
41
1
10
208.247391068465
20
7.28535900207746
30
0
41
1
10
208.236257530733
20
7.26623208867053
30
0
41
1
10
208.211372684379
20
7.22528587170731
30
0
41
1
10
208.178172896471
20
7.17620345468947
30
0
41
1
10
208.146044485046
20
7.1353497000336
30
0
41
1
10
208.12819568017
20
7.11648910921096
30
0
41
1
10
208.118748387776
20
7.10759415658231
30
0
41
1
10
208.11372721544
20
7.10347215608346
30
0
41
1
10
208.11070372184
20
7.10127325740154
30
0
41
1
10
208.109196797955
20
7.10022188539904
30
0
41
1
10
208.108336960449
20
7.09973896977567
30
0
0
SPLINE
5
1A3
100
AcDbEntity
8
1
62
256
6
ByLayer
370
18
48
1
60
0
100
AcDbSpline
70
4
71
3
72
30
73
26
40
0
40
0
40
0
40
0
40
8.93097325978E-05
40
0.0079485581579477
40
0.0158078065832975
40
0.0315263034339971
40
0.0629632971353963
40
0.125837284538195
40
0.251585259343792
40
0.377333234149389
40
0.408770227850788
40
0.416629476276138
40
0.424488724701488
40
0.432347973126837
40
0.440207221552187
40
0.471644215253587
40
0.503081208954986
40
0.518799705805685
40
0.628829183760583
40
0.75457715856618
40
0.817451145968978
40
0.880325133371777
40
0.943199120774575
40
0.974636114475975
40
1
40
1
40
1
40
1
41
1
10
208.108336960449
20
7.09973896977567
30
0
41
1
10
208.108327077249
20
7.09973341901565
30
0
41
1
10
208.107446171901
20
7.09923986946609
30
0
41
1
10
208.105461252964
20
7.09834176548517
30
0
41
1
10
208.101637859685
20
7.09652492178489
30
0
41
1
10
208.094872026175
20
7.09340541246925
30
0
41
1
10
208.081315137603
20
7.08731234285645
30
0
41
1
10
208.053934843415
20
7.07576145515253
30
0
41
1
10
208.014203859311
20
7.06099794673023
30
0
41
1
10
207.977837668423
20
7.04969205482237
30
0
41
1
10
207.956455356291
20
7.04377006243962
30
0
41
1
10
207.950335022003
20
7.04212526496789
30
0
41
1
10
207.9472726818
20
7.04131226235134
30
0
41
1
10
207.944208215928
20
7.04050861190302
30
0
41
1
10
207.938075127625
20
7.03891992744062
30
0
41
1
10
207.928860263506
20
7.03660638274241
30
0
41
1
10
207.918596974565
20
7.03415695701182
30
0
41
1
10
207.898037361361
20
7.0294363586984
30
0
41
1
10
207.865017500186
20
7.02263742572376
30
0
41
1
10
207.82578596307
20
7.01614091680798
30
0
41
1
10
207.791602869756
20
7.01161745383462
30
0
41
1
10
207.766515714793
20
7.00876071255973
30
0
41
1
10
207.748254471949
20
7.0069609619452
30
0
41
1
10
207.730804317585
20
7.0055828483178
30
0
41
1
10
207.73301305041
20
7.00568218663779
30
0
41
1
10
207.716761461608
20
7.00460342097909
30
0
0
SPLINE
5
1A4
100
AcDbEntity
8
1
62
256
6
ByLayer
370
18
48
1
60
0
100
AcDbSpline
70
4
71
3
72
25
73
21
40
0
40
0
40
0
40
0
40
0.0059772068266532
40
0.0214474905655076
40
0.0369177743043619
40
0.0678583417820706
40
0.129739476737488
40
0.253501746648323
40
0.485556002731138
40
0.501026286469992
40
0.531966853947701
40
0.562907421425409
40
0.624788556380827
40
0.748550826291661
40
0.872313096202496
40
0.934194231157913
40
0.965134798635622
40
0.980605082374476
40
0.996075366113331
40
1
40
1
40
1
40
1
41
1
10
207.716761461608
20
7.00460342097909
30
0
41
1
10
207.712870194367
20
7.00434512220477
30
0
41
1
10
207.6953613871
20
7.00318724627311
30
0
41
1
10
207.637440324644
20
6.99937975881474
30
0
41
1
10
207.485033712558
20
6.98945035063363
30
0
41
1
10
207.279874609477
20
6.9764425764437
30
0
41
1
10
206.826275594784
20
6.94869881457527
30
0
41
1
10
205.978190207382
20
6.9013021155335
30
0
41
1
10
205.216868224973
20
6.86581911584685
30
0
41
1
10
204.645724744127
20
6.84276852891236
30
0
41
1
10
204.487078862649
20
6.83655141586416
30
0
41
1
10
204.233302364556
20
6.82699883673274
30
0
41
1
10
203.789463803942
20
6.81131389692317
30
0
41
1
10
203.156871985129
20
6.79183115961231
30
0
41
1
10
202.528073724674
20
6.77618228210036
30
0
41
1
10
202.075483602114
20
6.76698448093404
30
0
41
1
10
201.868582989826
20
6.76318172833828
30
0
41
1
10
201.718824018895
20
6.76064075989183
30
0
41
1
10
201.661524265169
20
6.75969473233766
30
0
41
1
10
201.641496092019
20
6.75937822927347
30
0
41
1
10
201.637863631183
20
6.75932174411275
30
0
0
SPLINE
5
1A5
100
AcDbEntity
8
1
62
256
6
ByLayer
370
18
48
1
60
0
100
AcDbSpline
70
4
71
3
72
33
73
29
40
0
40
0
40
0
40
0
40
0.0273823484113785
40
0.0587425601866129
40
0.0901027719618473
40
0.121462983737082
40
0.184183407287551
40
0.24690383083802
40
0.309624254388488
40
0.372344677938957
40
0.403704889714192
40
0.435065101489426
40
0.497785525039895
40
0.529145736815129
40
0.560505948590364
40
0.591866160365598
40
0.623226372140833
40
0.685946795691302
40
0.717307007466536
40
0.74866721924177
40
0.764347325129388
40
0.811387642792239
40
0.874108066342708
40
0.936828489893177
40
0.968188701668411
40
0.983868807556029
40
0.999548913443646
40
1
40
1
40
1
40
1
41
1
10
201.637863631183
20
6.75932174411275
30
0
41
1
10
201.612858924112
20
6.75893291820071
30
0
41
1
10
201.60194365412
20
6.75886732644932
30
0
41
1
10
201.576651477201
20
6.75892753016288
30
0
41
1
10
201.545692908044
20
6.75926661047251
30
0
41
1
10
201.503312965245
20
6.76019019586204
30
0
41
1
10
201.452247102308
20
6.76233713224323
30
0
41
1
10
201.390746103613
20
6.76659485527549
30
0
41
1
10
201.329525587098
20
6.77267528519582
30
0
41
1
10
201.278860385764
20
6.77982615878167
30
0
41
1
10
201.238356596678
20
6.78732547039402
30
0
41
1
10
201.198493580137
20
6.79758681119591
30
0
41
1
10
201.16088883211
20
6.81402964053757
30
0
41
1
10
201.128558793813
20
6.83895708336681
30
0
41
1
10
201.107676027456
20
6.86091072153323
30
0
41
1
10
201.08935685307
20
6.88529917643413
30
0
41
1
10
201.06798954372
20
6.91979453077278
30
0
41
1
10
201.050612390032
20
6.95678250271322
30
0
41
1
10
201.037989057006
20
6.99533055992498
30
0
41
1
10
201.031517597626
20
7.01982751349706
30
0
41
1
10
201.024610929097
20
7.0494103404842
30
0
41
1
10
201.016897923222
20
7.08920099447985
30
0
41
1
10
201.009665543079
20
7.1448587141054
30
0
41
1
10
201.006104473412
20
7.1965062168552
30
0
41
1
10
201.005063092115
20
7.23099547736575
30
0
41
1
10
201.004909878779
20
7.25357770562573
30
0
41
1
10
201.004953430441
20
7.2633439747722
30
0
41
1
10
201.004985591577
20
7.26758508507041
30
0
41
1
10
201.004986498434
20
7.26770314069609
30
0
0
SPLINE
5
1A6
100
AcDbEntity
8
1
62
256
6
ByLayer
370
18
48
1
60
0
100
AcDbSpline
70
4
71
3
72
22
73
18
40
0
40
0
40
0
40
0
40
0.0112895525261315
40
0.0621622950429687
40
0.124774901217537
40
0.250000113566675
40
0.50045053826495
40
0.750900962963225
40
0.813513569137794
40
0.829166720681436
40
0.844819872225079
40
0.860473023768721
40
0.876126175312363
40
0.938738781486932
40
0.970045084574216
40
0.985698236117858
40
1
40
1
40
1
40
1
41
1
10
201.004986498434
20
7.26770314069609
30
0
41
1
10
201.005009233863
20
7.27066286141661
30
0
41
1
10
201.005160429968
20
7.28508670099711
30
0
41
1
10
201.005402640437
20
7.30773186948173
30
0
41
1
10
201.005809686849
20
7.34121879191787
30
0
41
1
10
201.006805623935
20
7.42392924874534
30
0
41
1
10
201.008365697862
20
7.53111527129263
30
0
41
1
10
201.009988218423
20
7.63089711942149
30
0
41
1
10
201.011052075891
20
7.68868234214321
30
0
41
1
10
201.011368070443
20
7.70520013495181
30
0
41
1
10
201.011528657298
20
7.71346246670439
30
0
41
1
10
201.011692016255
20
7.72173012331879
30
0
41
1
10
201.012024643424
20
7.73827986529832
30
0
41
1
10
201.012431008502
20
7.75764100362613
30
0
41
1
10
201.012762679533
20
7.77662079057913
30
0
41
1
10
201.01300737239
20
7.78789464304359
30
0
41
1
10
201.012973570167
20
7.79165510282391
30
0
41
1
10
201.013137097391
20
7.79605679440922
30
0
0
SPLINE
5
1A7
100
AcDbEntity
8
1
62
256
6
ByLayer
370
13
48
1
60
0
100
AcDbSpline
70
4
71
3
72
8
73
4
40
0
40
0
40
0
40
0
40
1
40
1
40
1
40
1
41
1
10
200.639983639783
20
5.76324181589334
30
0
41
1
10
200.579179082184
20
5.78826098950935
30
0
41
1
10
200.518373986121
20
5.8134559024281
30
0
41
1
10
200.457568544286
20
5.83882676738884
30
0
0
SPLINE
5
1A8
100
AcDbEntity
8
1
62
256
6
ByLayer
370
18
48
1
60
0
100
AcDbSpline
70
4
71
3
72
47
73
43
40
0
40
0
40
0
40
0
40
0.0248207090807161
40
0.0496506043499449
40
0.0744896876533803
40
0.0993379606766111
40
0.124195424944896
40
0.14906208182295
40
0.173937932514788
40
0.19882297806344
40
0.223717219350844
40
0.248620657097569
40
0.273533291862651
40
0.298455124043438
40
0.323386153875341
40
0.348326381431709
40
0.373275806623584
40
0.398234429199593
40
0.423202248745738
40
0.448179264685204
40
0.473165476278232
40
0.498160882621937
40
0.523165482804113
40
0.548179276888436
40
0.573202265356153
40
0.598234448633286
40
0.623275827088507
40
0.648326401033158
40
0.673386170721079
40
0.698455136348694
40
0.723533298054854
40
0.748620655920826
40
0.773717209970278
40
0.79882296016919
40
0.823937906425847
40
0.849062048590793
40
0.874195386456773
40
0.899337919758736
40
0.924489648173782
40
0.949650571321107
40
0.974820688762056
40
1
40
1
40
1
40
1
41
1
10
200.639983639791
20
5.76324181589379
30
0
41
1
10
200.705553357428
20
5.76299148480516
30
0
41
1
10
200.836717060169
20
5.76249072997987
30
0
41
1
10
201.033510682859
20
5.7620263951155
30
0
41
1
10
201.230385320541
20
5.7617716566557
30
0
41
1
10
201.427341578666
20
5.76174703881375
30
0
41
1
10
201.624378974747
20
5.76194690215962
30
0
41
1
10
201.821497317154
20
5.76237262070711
30
0
41
1
10
202.018696335465
20
5.76302368720829
30
0
41
1
10
202.215975779563
20
5.76390009780678
30
0
41
1
10
202.413335393073
20
5.76500171271948
30
0
41
1
10
202.610774920482
20
5.766328427638
30
0
41
1
10
202.808294105228
20
5.76788012777837
30
0
41
1
10
203.005892690217
20
5.76965670020218
30
0
41
1
10
203.203570417679
20
5.77165803051443
30
0
41
1
10
203.401327029208
20
5.77388400375378
30
0
41
1
10
203.599162265754
20
5.77633450414453
30
0
41
1
10
203.797075867622
20
5.77900941520693
30
0
41
1
10
203.995067574474
20
5.78190861957302
30
0
41
1
10
204.19313712533
20
5.7850319996227
30
0
41
1
10
204.391284258551
20
5.78837943513145
30
0
41
1
10
204.589508712323
20
5.79195081206467
30
0
41
1
10
204.787810227372
20
5.79574598983416
30
0
41
1
10
204.986188550981
20
5.79976505171382
30
0
41
1
10
205.184643434265
20
5.80400812838269
30
0
41
1
10
205.383174628868
20
5.80847533805004
30
0
41
1
10
205.581781885857
20
5.81316680201891
30
0
41
1
10
205.780464955674
20
5.81808264051037
30
0
41
1
10
205.979223588151
20
5.82322297378127
30
0
41
1
10
206.178057532498
20
5.82858792184211
30
0
41
1
10
206.376966537313
20
5.83417760447767
30
0
41
1
10
206.575950350574
20
5.83999214145814
30
0
41
1
10
206.775008719645
20
5.84603165168397
30
0
41
1
10
206.97414139126
20
5.85229625640838
30
0
41
1
10
207.173348111576
20
5.85878606720712
30
0
41
1
10
207.372628625981
20
5.86550123091064
30
0
41
1
10
207.571982679793
20
5.87244176183188
30
0
41
1
10
207.771410015665
20
5.87960816825239
30
0
41
1
10
207.970910383265
20
5.8869991130706
30
0
41
1
10
208.170483503125
20
5.89462014917964
30
0
41
1
10
208.370129201629
20
5.90245110072482
30
0
41
1
10
208.503250031655
20
5.90786128881172
30
0
41
1
10
208.569822600589
20
5.91056687680489
30
0
0
SPLINE
5
1A9
100
AcDbEntity
8
1
62
256
6
ByLayer
370
13
48
1
60
0
100
AcDbSpline
70
4
71
3
72
9
73
5
40
0
40
0
40
0
40
0
40
0.501219718031058
40
1
40
1
40
1
40
1
41
1
10
208.569822600589
20
5.91056687680489
30
0
41
1
10
208.584809904314
20
5.91851577399822
30
0
41
1
10
208.614711568567
20
5.93437488110715
30
0
41
1
10
208.644606997742
20
5.94993435671216
30
0
41
1
10
208.659518248336
20
5.95769511634171
30
0
0
SPLINE
5
1AA
100
AcDbEntity
8
1
62
256
6
ByLayer
370
18
48
1
60
0
100
AcDbSpline
70
4
71
3
72
11
73
7
40
0
40
0
40
0
40
0
40
0.196466464363371
40
0.464310976242247
40
0.732155488121124
40
1
40
1
40
1
40
1
41
1
10
208.72022309571
20
5.94643792736966
30
0
41
1
10
208.710880626291
20
5.94224116723163
30
0
41
1
10
208.688464756363
20
5.93310935456373
30
0
41
1
10
208.652076362506
20
5.92182349151173
30
0
41
1
10
208.611189684641
20
5.91369602385626
30
0
41
1
10
208.583612465545
20
5.91113176050519
30
0
41
1
10
208.569822600589
20
5.91056687680478
30
0
0
SPLINE
5
1AB
100
AcDbEntity
8
1
62
256
6
ByLayer
370
18
48
1
60
0
100
AcDbSpline
70
4
71
3
72
21
73
17
40
0
40
0
40
0
40
0
40
0.0039822658528455
40
0.0174419649629421
40
0.0309016640730388
40
0.0847404605134256
40
0.138579256953812
40
0.246256849834586
40
0.353934442715359
40
0.461612035596133
40
0.569289628476906
40
0.67696722135768
40
0.784644814238453
40
0.892322407119227
40
0.946161203559613
40
1
40
1
40
1
40
1
41
1
10
209.994781401294
20
11.6593146191542
30
0
41
1
10
209.994747568833
20
11.660860521448
30
0
41
1
10
209.994584795126
20
11.6677168624419
30
0
41
1
10
209.994150479916
20
11.6806837114166
30
0
41
1
10
209.992334112957
20
11.7150432153811
30
0
41
1
10
209.986929567401
20
11.7651765188719
30
0
41
1
10
209.97000534434
20
11.8534559331707
30
0
41
1
10
209.935889159073
20
11.9587542453821
30
0
41
1
10
209.874631319499
20
12.0775272932951
30
0
41
1
10
209.795235367172
20
12.1838399159769
30
0
41
1
10
209.699072173396
20
12.2760830411662
30
0
41
1
10
209.588846344678
20
12.3512093015202
30
0
41
1
10
209.467171549789
20
12.4072313449825
30
0
41
1
10
209.358718244251
20
12.4364098419573
30
0
41
1
10
209.269916247304
20
12.4486876048406
30
0
41
1
10
209.224747847267
20
12.4510415565596
30
0
41
1
10
209.202918998571
20
12.4512394374069
30
0
0
SPLINE
5
1AC
100
AcDbEntity
8
1
62
256
6
ByLayer
370
18
48
1
60
0
100
AcDbSpline
70
4
71
3
72
8
73
4
40
0
40
0
40
0
40
0
40
1
40
1
40
1
40
1
41
1
10
209.202918998571
20
12.4512394374069
30
0
41
1
10
209.202595118731
20
12.4512423734122
30
0
41
1
10
209.202272092049
20
12.4512453009622
30
0
41
1
10
209.201949893205
20
12.4512482202873
30
0
0
SPLINE
5
1AD
100
AcDbEntity
8
1
62
256
6
ByLayer
370
18
48
1
60
0
100
AcDbSpline
70
4
71
3
72
11
73
7
40
0
40
0
40
0
40
0
40
0.0589687449403401
40
0.484373627158147
40
0.970550635407068
40
1
40
1
40
1
40
1
41
1
10
209.201949893205
20
12.4512482202873
30
0
41
1
10
209.191414315614
20
12.4513436792767
30
0
41
1
10
209.11214494895
20
12.4520555501541
30
0
41
1
10
208.953296028606
20
12.453382927165
30
0
41
1
10
208.799262241994
20
12.4544759564295
30
0
41
1
10
208.714860271244
20
12.4550100379452
30
0
41
1
10
208.710039753083
20
12.4550403301609
30
0
0
SPLINE
5
1AE
100
AcDbEntity
8
1
62
256
6
ByLayer
370
18
48
1
60
0
100
AcDbSpline
70
4
71
3
72
17
73
13
40
0
40
0
40
0
40
0
40
0.0600950229142509
40
0.184038916465198
40
0.431926703567093
40
0.679814490668988
40
0.927702277770882
40
0.989674224546356
40
0.993547471219823
40
0.99742071789329
40
0.999357341230024
40
1
40
1
40
1
40
1
41
1
10
208.710039753083
20
12.4550403301609
30
0
41
1
10
208.555697238019
20
12.4560102210737
30
0
41
1
10
208.083017176691
20
12.4583174507459
30
0
41
1
10
206.973474063611
20
12.4591718119619
30
0
41
1
10
205.381087104086
20
12.4471615133742
30
0
41
1
10
203.46971468741
20
12.4118618415889
30
0
41
1
10
202.03322452542
20
12.3698290880331
30
0
41
1
10
201.230941525311
20
12.3410032227888
30
0
41
1
10
201.049911718488
20
12.3342558299696
30
0
41
1
10
201.025176356431
20
12.3333277771914
30
0
41
1
10
201.009123376572
20
12.3327212226174
30
0
41
1
10
201.00185084977
20
12.3324439981726
30
0
41
1
10
201.000000033229
20
12.3323697529128
30
0
0
SPLINE
5
1AF
100
AcDbEntity
8
1
62
256
6
ByLayer
370
18
48
1
60
0
100
AcDbSpline
70
4
71
3
72
20
73
16
40
0
40
0
40
0
40
0
40
0.0166268555036462
40
0.0415115835804478
40
0.0663963116572493
40
0.165935223964456
40
0.265474136271662
40
0.315243592425265
40
0.464551960886074
40
0.663629785500486
40
0.862707610114899
40
0.912477066268502
40
0.962246522422105
40
0.987131250498906
40
1
40
1
40
1
40
1
41
1
10
201.000000033229
20
12.3323697529128
30
0
41
1
10
200.996273497256
20
12.332220263417
30
0
41
1
10
200.986577097465
20
12.3317946960773
30
0
41
1
10
200.97066755806
20
12.3306597773039
30
0
41
1
10
200.934505039635
20
12.3269708825576
30
0
41
1
10
200.881415180929
20
12.3175044027543
30
0
41
1
10
200.823874166773
20
12.2999464049236
30
0
41
1
10
200.75624243604
20
12.2726364657898
30
0
41
1
10
200.670903353885
20
12.2258186059238
30
0
41
1
10
200.568339201649
20
12.1385328452192
30
0
41
1
10
200.502981983227
20
12.0485183365844
30
0
41
1
10
200.469480238427
20
11.9843803250886
30
0
41
1
10
200.457081745903
20
11.9566866726434
30
0
41
1
10
200.449121515744
20
11.9365462725786
30
0
41
1
10
200.446169086909
20
11.9285287248835
30
0
41
1
10
200.445198015954
20
11.9258588836124
30
0
0
SPLINE
5
1B0
100
AcDbEntity
8
1
62
256
6
ByLayer
370
18
48
1
60
0
100
AcDbSpline
70
4
71
3
72
13
73
9
40
0
40
0
40
0
40
0
40
0.0057624935460916
40
0.029630393115866
40
0.220573589674061
40
0.602459982790452
40
0.984346375906842
40
1
40
1
40
1
40
1
41
1
10
200.445198015954
20
11.9258588836124
30
0
41
1
10
200.444291294769
20
11.9233659641946
30
0
41
1
10
200.439787248168
20
11.9108301390858
30
0
41
1
10
200.409013112203
20
11.8259548626328
30
0
41
1
10
200.322959247799
20
11.5877522551411
30
0
41
1
10
200.187160905623
20
11.2124170050687
30
0
41
1
10
200.076687813943
20
10.9070942217612
30
0
41
1
10
200.019352620368
20
10.7484146180247
30
0
41
1
10
200.017098083943
20
10.7421586821707
30
0
0
SPLINE
5
1B1
100
AcDbEntity
8
1
62
256
6
ByLayer
370
18
48
1
60
0
100
AcDbSpline
70
4
71
3
72
17
73
13
40
0
40
0
40
0
40
0
40
0.0295588681041428
40
0.0735401813589761
40
0.161502807868643
40
0.337428060887977
40
0.51335331390731
40
0.689278566926644
40
0.865203819945977
40
0.953166446455644
40
0.997147759710477
40
1
40
1
40
1
40
1
41
1
10
200.017098083943
20
10.7421586821707
30
0
41
1
10
200.012477401105
20
10.7293371126764
30
0
41
1
10
200.001013967525
20
10.6973572297628
30
0
41
1
10
199.976559418916
20
10.6263149403248
30
0
41
1
10
199.932545668973
20
10.4901481255831
30
0
41
1
10
199.877393832704
20
10.2936025265191
30
0
41
1
10
199.823681184772
20
10.0552650386787
30
0
41
1
10
199.782509241496
20
9.81455163149349
30
0
41
1
10
199.75890372296
20
9.61328046104654
30
0
41
1
10
199.747816977133
20
9.47172860225288
30
0
41
1
10
199.744366498414
20
9.41002109108328
30
0
41
1
10
199.743245805417
20
9.38868767697443
30
0
41
1
10
199.743177822035
20
9.38738882973979
30
0
0
SPLINE
5
1B2
100
AcDbEntity
8
1
62
256
6
ByLayer
370
18
48
1
60
0
100
AcDbSpline
70
4
71
3
72
32
73
28
40
0
40
0
40
0
40
0
40
0.0201709153615362
40
0.0309557845938294
40
0.106449869219882
40
0.192728823078227
40
0.365286730794919
40
0.451565684653264
40
0.494705161582437
40
0.53784463851161
40
0.543237073127756
40
0.548629507743903
40
0.55402194236005
40
0.556718159668123
40
0.559414376976196
40
0.564806811592343
40
0.570199246208489
40
0.580984115440783
40
0.624123592369955
40
0.710402546228301
40
0.796681500086647
40
0.882960453944992
40
0.969239407803338
40
0.980024277035631
40
0.990809146267924
40
0.996201580884071
40
1
40
1
40
1
40
1
41
1
10
199.743177822035
20
9.38738882973979
30
0
41
1
10
199.742197507187
20
9.3686595582686
30
0
41
1
10
199.740778775755
20
9.3400415436397
30
0
41
1
10
199.735838587743
20
9.24226047161451
30
0
41
1
10
199.72780786194
20
9.08373938218566
30
0
41
1
10
199.712181734768
20
8.77657497514824
30
0
41
1
10
199.69597052215
20
8.4595030033399
30
0
41
1
10
199.681773484309
20
8.18206425013946
30
0
41
1
10
199.673709311377
20
8.02352563546066
30
0
41
1
10
199.669332011784
20
7.93930541758766
30
0
41
1
10
199.666810902789
20
7.88976169414889
30
0
41
1
10
199.666073724088
20
7.87489818283996
30
0
41
1
10
199.665416012483
20
7.8625143494875
30
0
41
1
10
199.664918390147
20
7.85260438695911
30
0
41
1
10
199.664617826301
20
7.84269273368477
30
0
41
1
10
199.66446531317
20
7.83030238268537
30
0
41
1
10
199.664209481389
20
7.81047783821734
30
0
41
1
10
199.6633492985
20
7.75595974902751
30
0
41
1
10
199.661460949219
20
7.62709996009107
30
0
41
1
10
199.659783603754
20
7.42890403107586
30
0
41
1
10
199.659299662215
20
7.1911253204631
30
0
41
1
10
199.660394393012
20
6.95340536225365
30
0
41
1
10
199.662323328081
20
6.78506367144774
30
0
41
1
10
199.663837451099
20
6.68605337501862
30
0
41
1
10
199.664258109309
20
6.66123717233802
30
0
41
1
10
199.664507478487
20
6.643078496881
30
0
41
1
10
199.664656697292
20
6.63444057578815
30
0
41
1
10
199.664737225365
20
6.63076010397791
30
0
0
SPLINE
5
1B3
100
AcDbEntity
8
1
62
256
6
ByLayer
370
18
48
1
60
0
100
AcDbSpline
70
4
71
3
72
25
73
21
40
0
40
0
40
0
40
0
40
0.0039779528290648
40
0.0174350682297129
40
0.030892183630361
40
0.0847206452329534
40
0.138549106835546
40
0.246206030040731
40
0.353862953245915
40
0.4615198764511
40
0.569176799656285
40
0.67683372286147
40
0.784490646066655
40
0.892147569271839
40
0.945976030874432
40
0.972890261675728
40
0.986347377076376
40
0.989711655926538
40
0.999804492477024
40
1
40
1
40
1
40
1
41
1
10
199.664737225365
20
6.63076010397791
30
0
41
1
10
199.664771019159
20
6.62921558534143
30
0
41
1
10
199.664933691142
20
6.62236073068936
30
0
41
1
10
199.665367584813
20
6.60939572518367
30
0
41
1
10
199.667182124467
20
6.57503800356932
30
0
41
1
10
199.672581191453
20
6.52491094886966
30
0
41
1
10
199.689494058034
20
6.4366443728691
30
0
41
1
10
199.723602420907
20
6.33135450388286
30
0
41
1
10
199.784870224059
20
6.21256862437835
30
0
41
1
10
199.864290668759
20
6.10622584819754
30
0
41
1
10
199.960479809797
20
6.01395082897943
30
0
41
1
10
200.070718907009
20
5.93880782439516
30
0
41
1
10
200.192409558182
20
5.88279651650012
30
0
41
1
10
200.300818130893
20
5.85360556366345
30
0
41
1
10
200.378625351276
20
5.84292253277204
30
0
41
1
10
200.417640458209
20
5.84002725788181
30
0
41
1
10
200.436464180523
20
5.83929039651568
30
0
41
1
10
200.44777099184
20
5.83899297694526
30
0
41
1
10
200.453375355396
20
5.8388949075823
30
0
41
1
10
200.457490694242
20
5.83883324330492
30
0
41
1
10
200.457568858482
20
5.83883207589807
30
0
0
SPLINE
5
1B4
100
AcDbEntity
8
1
62
256
6
ByLayer
370
18
48
1
60
0
100
AcDbSpline
70
4
71
3
72
14
73
10
40
0
40
0
40
0
40
0
40
0.0223178177201683
40
0.0602489413240238
40
0.120938739090193
40
0.24231833462253
40
0.485077525687206
40
0.970595907816557
40
1
40
1
40
1
40
1
41
1
10
200.457568858482
20
5.83883207589807
30
0
41
1
10
200.46152582746
20
5.83877297735552
30
0
41
1
10
200.47193963842
20
5.83864379462923
30
0
41
1
10
200.49178122949
20
5.83848944373025
30
0
41
1
10
200.526696586431
20
5.83821980732461
30
0
41
1
10
200.597125508266
20
5.83757947316636
30
0
41
1
10
200.735868991267
20
5.83647612675819
30
0
41
1
10
200.860202839084
20
5.8355983890481
30
0
41
1
10
200.944655575046
20
5.83506552682829
30
0
41
1
10
200.949478016499
20
5.8350353057163
30
0
0
SPLINE
5
1B5
100
AcDbEntity
8
1
62
256
6
ByLayer
370
18
48
1
60
0
100
AcDbSpline
70
4
71
3
72
17
73
13
40
0
40
0
40
0
40
0
40
0.0600953370059833
40
0.18403917057055
40
0.431926837699684
40
0.679814504828818
40
0.927702171957951
40
0.989674088740235
40
0.993547333539128
40
0.99742057833802
40
0.999357200737466
40
1
40
1
40
1
40
1
41
1
10
200.949478016499
20
5.8350353057163
30
0
41
1
10
201.10391122951
20
5.83406750891274
30
0
41
1
10
201.576413264107
20
5.83175507467905
30
0
41
1
10
202.686099973982
20
5.83090443545612
30
0
41
1
10
204.27841925284
20
5.84291292073948
30
0
41
1
10
206.189790018378
20
5.8782125387313
30
0
41
1
10
207.626292982165
20
5.92024558283094
30
0
41
1
10
208.428576285579
20
5.94907151868009
30
0
41
1
10
208.609605618195
20
5.95581886876926
30
0
41
1
10
208.634341020664
20
5.95674692493662
30
0
41
1
10
208.650394488405
20
5.95735350480189
30
0
41
1
10
208.65766735426
20
5.95763073378203
30
0
41
1
10
208.659518562835
20
5.95770499373575
30
0
0
SPLINE
5
1B6
100
AcDbEntity
8
1
62
256
6
ByLayer
370
18
48
1
60
0
100
AcDbSpline
70
4
71
3
72
20
73
16
40
0
40
0
40
0
40
0
40
0.0166250397104591
40
0.0415097580126871
40
0.0663944763149151
40
0.165933349523827
40
0.265472222732739
40
0.315241659337195
40
0.464549969150564
40
0.663627715568388
40
0.862705461986212
40
0.912474898590668
40
0.962244335195124
40
0.987129053497352
40
1
40
1
40
1
40
1
41
1
10
208.659518562835
20
5.95770499373575
30
0
41
1
10
208.663244666185
20
5.95785446379873
30
0
41
1
10
208.672940456806
20
5.95827999833136
30
0
41
1
10
208.688849519462
20
5.95941484270318
30
0
41
1
10
208.725012272557
20
5.9631036328532
30
0
41
1
10
208.778102215708
20
5.9725699133659
30
0
41
1
10
208.83564325311
20
5.99012764219003
30
0
41
1
10
208.90327519731
20
6.01743725201715
30
0
41
1
10
208.988614569264
20
6.06425469432224
30
0
41
1
10
209.091179303267
20
6.15153981319662
30
0
41
1
10
209.156536375429
20
6.24155442285706
30
0
41
1
10
209.190038815098
20
6.30569196048046
30
0
41
1
10
209.202437693308
20
6.33338511899672
30
0
41
1
10
209.210398426839
20
6.35352541308964
30
0
41
1
10
209.213351081887
20
6.36154346862617
30
0
41
1
10
209.214322325648
20
6.36421378888051
30
0
0
SPLINE
5
1B7
100
AcDbEntity
8
1
62
256
6
ByLayer
370
18
48
1
60
0
100
AcDbSpline
70
4
71
3
72
13
73
9
40
0
40
0
40
0
40
0
40
0.0057614727139805
40
0.0296295181346286
40
0.220573881499813
40
0.602462608230181
40
0.984351334960549
40
1
40
1
40
1
40
1
41
1
10
209.214322325648
20
6.36421378888048
30
0
41
1
10
209.215228886863
20
6.36670627209924
30
0
41
1
10
209.219732808132
20
6.37924189452949
30
0
41
1
10
209.2505049918
20
6.46411802061982
30
0
41
1
10
209.336556997133
20
6.70232396792764
30
0
41
1
10
209.472353823171
20
7.0776610267695
30
0
41
1
10
209.582828045759
20
7.38298026005106
30
0
41
1
10
209.640164334888
20
7.54165791673248
30
0
41
1
10
209.642418217079
20
7.5479118329458
30
0
0
SPLINE
5
1B8
100
AcDbEntity
8
1
62
256
6
ByLayer
370
18
48
1
60
0
100
AcDbSpline
70
4
71
3
72
17
73
13
40
0
40
0
40
0
40
0
40
0.0295634678907696
40
0.0735446958500519
40
0.161507151768616
40
0.337432063605745
40
0.513356975442874
40
0.689281887280003
40
0.865206799117132
40
0.953169255035697
40
0.997150482994979
40
1
40
1
40
1
40
1
41
1
10
209.642418217079
20
7.5479118329458
30
0
41
1
10
209.647039779199
20
7.56073542345402
30
0
41
1
10
209.658504319862
20
7.59271734837787
30
0
41
1
10
209.682960106921
20
7.66376181666965
30
0
41
1
10
209.726974394452
20
7.79992918252077
30
0
41
1
10
209.78212582433
20
7.99647575613247
30
0
41
1
10
209.835837972566
20
8.23481362352172
30
0
41
1
10
209.877009882006
20
8.47552688140371
30
0
41
1
10
209.900615245205
20
8.67679802307146
30
0
41
1
10
209.911701865802
20
8.81834994477867
30
0
41
1
10
209.915152241468
20
8.88005614291905
30
0
41
1
10
209.916272860408
20
8.90138831267944
30
0
41
1
10
209.91634077869
20
8.90268592233747
30
0
0
SPLINE
5
1B9
100
AcDbEntity
8
1
62
256
6
ByLayer
370
18
48
1
60
0
100
AcDbSpline
70
4
71
3
72
32
73
28
40
0
40
0
40
0
40
0
40
0.0201722500279424
40
0.0309571202211268
40
0.106451211573417
40
0.192730173118892
40
0.365288096209842
40
0.451567057755317
40
0.494706538528055
40
0.537846019300792
40
0.543238454397384
40
0.548630889493977
40
0.554023324590569
40
0.556719542138865
40
0.559415759687161
40
0.564808194783753
40
0.570200629880345
40
0.58098550007353
40
0.624124980846267
40
0.710403942391742
40
0.796682903937217
40
0.882961865482692
40
0.969240827028167
40
0.980025697221351
40
0.990810567414536
40
0.996203002511128
40
1
40
1
40
1
40
1
41
1
10
209.91634077869
20
8.90268592233747
30
0
41
1
10
209.91732115367
20
8.92141643185553
30
0
41
1
10
209.918739924241
20
8.95003568517822
30
0
41
1
10
209.923680053539
20
9.04781812837814
30
0
41
1
10
209.931710343282
20
9.20633974036082
30
0
41
1
10
209.947335198901
20
9.51350566271049
30
0
41
1
10
209.963545238746
20
9.83057902749658
30
0
41
1
10
209.977742849314
20
10.1080170848017
30
0
41
1
10
209.985810130877
20
10.2665520346631
30
0
41
1
10
209.990185148471
20
10.3507750245665
30
0
41
1
10
209.992707838592
20
10.4003167598661
30
0
41
1
10
209.993445805513
20
10.4151793282198
30
0
41
1
10
209.994101039829
20
10.4275662528908
30
0
41
1
10
209.9946008048
20
10.437473515032
30
0
41
1
10
209.994902497332
20
10.4473836837466
30
0
41
1
10
209.995053481841
20
10.4597758471285
30
0
41
1
10
209.995307187595
20
10.4796029728129
30
0
41
1
10
209.996166088345
20
10.5341225397397
30
0
41
1
10
209.998060268622
20
10.6629754273416
30
0
41
1
10
209.999734637012
20
10.8611748458921
30
0
41
1
10
210.000218058847
20
11.0989541408661
30
0
41
1
10
209.999124040854
20
11.3366732279007
30
0
41
1
10
209.997195194351
20
11.5050147917975
30
0
41
1
10
209.995681080144
20
11.60402506495
30
0
41
1
10
209.995260391952
20
11.6288411997538
30
0
41
1
10
209.995011124063
20
11.6469987595908
30
0
41
1
10
209.994861919497
20
11.655635511241
30
0
41
1
10
209.994781401294
20
11.6593146191542
30
0
0
SPLINE
5
1BA
100
AcDbEntity
8
1
62
256
6
ByLayer
370
18
48
1
60
0
100
AcDbSpline
70
2053
71
3
72
165
73
161
40
0
40
0
40
0
40
0
40
0.001953125
40
0.00390625
40
0.0078125
40
0.01171875
40
0.015625
40
0.01953125
40
0.0234375
40
0.02734375
40
0.03125
40
0.033203125
40
0.03515625
40
0.03564453125
40
0.0361328125
40
0.03662109375
40
0.037109375
40
0.0380859375
40
0.0390625
40
0.046875
40
0.0546875
40
0.0625
40
0.0703125
40
0.07421875
40
0.0751953125
40
0.07568359375
40
0.076171875
40
0.076416015625
40
0.07666015625
40
0.0771484375
40
0.07763671875
40
0.078125
40
0.08203125
40
0.0859375
40
0.09375
40
0.109375
40
0.1171875
40
0.1240234375
40
0.125
40
0.126953125
40
0.12890625
40
0.1328125
40
0.140625
40
0.1484375
40
0.15625
40
0.1640625
40
0.16796875
40
0.169921875
40
0.171875
40
0.1875
40
0.203125
40
0.2109375
40
0.2119140625
40
0.21240234375
40
0.212890625
40
0.2138671875
40
0.21484375
40
0.21875
40
0.22265625
40
0.2255859375
40
0.2265625
40
0.228515625
40
0.23046875
40
0.23095703125
40
0.2314453125
40
0.23193359375
40
0.232421875
40
0.2333984375
40
0.234375
40
0.25
40
0.3125
40
0.375
40
0.4375
40
0.46875
40
0.484375
40
0.4921875
40
0.49609375
40
0.498046875
40
0.4990234375
40
0.4996337890625
40
0.5
40
0.5003662109375
40
0.50048828125
40
0.5009765625
40
0.501953125
40
0.50390625
40
0.5078125
40
0.51171875
40
0.515625
40
0.51953125
40
0.5234375
40
0.52734375
40
0.53125
40
0.533203125
40
0.53515625
40
0.53564453125
40
0.5361328125
40
0.53662109375
40
0.537109375
40
0.5380859375
40
0.5390625
40
0.546875
40
0.5546875
40
0.5625
40
0.5703125
40
0.57421875
40
0.5751953125
40
0.57568359375
40
0.576171875
40
0.576416015625
40
0.57666015625
40
0.5771484375
40
0.57763671875
40
0.578125
40
0.58203125
40
0.5859375
40
0.59375
40
0.609375
40
0.6171875
40
0.6240234375
40
0.625
40
0.626953125
40
0.62890625
40
0.6328125
40
0.640625
40
0.6484375
40
0.65625
40
0.6640625
40
0.66796875
40
0.669921875
40
0.671875
40
0.6875
40
0.703125
40
0.7109375
40
0.7119140625
40
0.71240234375
40
0.712890625
40
0.7138671875
40
0.71484375
40
0.71875
40
0.72265625
40
0.7255859375
40
0.7265625
40
0.728515625
40
0.73046875
40
0.73095703125
40
0.7314453125
40
0.73193359375
40
0.732421875
40
0.7333984375
40
0.734375
40
0.75
40
0.8125
40
0.875
40
0.9375
40
0.96875
40
0.984375
40
0.9921875
40
0.9990234375
40
1
40
1
40
1
40
1
41
1
10
209.191953552289
20
12.2555642946613
30
0
41
1
10
209.210090155779
20
12.2553998732966
30
0
41
1
10
209.244557946994
20
12.2535756462563
30
0
41
1
10
209.312719443174
20
12.244051312634
30
0
41
1
10
209.395582889474
20
12.2214453075978
30
0
41
1
10
209.488439107701
20
12.1782105563644
30
0
41
1
10
209.572543439264
20
12.1204360076715
30
0
41
1
10
209.645723914831
20
12.0496894092495
30
0
41
1
10
209.706392199019
20
11.9679716896069
30
0
41
1
10
209.752959956445
20
11.8772837772523
30
0
41
1
10
209.779094935138
20
11.7963597215498
30
0
41
1
10
209.791921227716
20
11.7287000344151
30
0
41
1
10
209.795999646602
20
11.690458277037
30
0
41
1
10
209.797341874175
20
11.6656120430203
30
0
41
1
10
209.797789892599
20
11.6525857742793
30
0
41
1
10
209.798067063968
20
11.6382235478927
30
0
41
1
10
209.798342074337
20
11.6182592648051
30
0
41
1
10
209.798758386978
20
11.5935888754141
30
0
41
1
10
209.800589840596
20
11.4955827157799
30
0
41
1
10
209.803286191498
20
11.327679282415
30
0
41
1
10
209.805247650557
20
11.0911985121668
30
0
41
1
10
209.804272475636
20
10.8545251458966
30
0
41
1
10
209.800730992068
20
10.6572937006634
30
0
41
1
10
209.797248185831
20
10.5290933736927
30
0
41
1
10
209.795579703782
20
10.4748549599563
30
0
41
1
10
209.79495207101
20
10.4551319252575
30
0
41
1
10
209.794551162037
20
10.4428050398663
30
0
41
1
10
209.794225296676
20
10.4329435388978
30
0
41
1
10
209.79389602083
20
10.4230820430145
30
0
41
1
10
209.793478059433
20
10.4107551830497
30
0
41
1
10
209.792966409039
20
10.3959629680485
30
0
41
1
10
209.791227551409
20
10.3466556450137
30
0
41
1
10
209.788018608123
20
10.2628336860837
30
0
41
1
10
209.781265687737
20
10.1050493779486
30
0
41
1
10
209.767928579116
20
9.82891309704561
30
0
41
1
10
209.750817433402
20
9.51325611393648
30
0
41
1
10
209.734934910423
20
9.20742154215657
30
0
41
1
10
209.726877286235
20
9.04940295030434
30
0
41
1
10
209.721955289086
20
8.95105248518917
30
0
41
1
10
209.719517474656
20
8.90196686160752
30
0
41
1
10
209.715174888178
20
8.82425843715504
30
0
41
1
10
209.704578296794
20
8.68907104938529
30
0
41
1
10
209.681938796604
20
8.49598481158066
30
0
41
1
10
209.642539878699
20
8.26567473706217
30
0
41
1
10
209.591071620517
20
8.0373235346226
30
0
41
1
10
209.538258769634
20
7.8491344770153
30
0
41
1
10
209.496126767936
20
7.71880663575044
30
0
41
1
10
209.470635315032
20
7.64475869094275
30
0
41
1
10
209.403494196788
20
7.45893037572392
30
0
41
1
10
209.287117374527
20
7.13736664959265
30
0
41
1
10
209.150330370109
20
6.75897976155164
30
0
41
1
10
209.06671020969
20
6.52799903400913
30
0
41
1
10
209.03330759248
20
6.43549029276619
30
0
41
1
10
209.027277892907
20
6.4189329214858
30
0
41
1
10
209.021382379442
20
6.40382416923339
30
0
41
1
10
209.013142085641
20
6.38547737308591
30
0
41
1
10
208.990761345232
20
6.34251215672487
30
0
41
1
10
208.947624812425
20
6.28310420870235
30
0
41
1
10
208.879290429673
20
6.22460703316256
30
0
41
1
10
208.822233404798
20
6.19324658549996
30
0
41
1
10
208.777248783739
20
6.1750194496166
30
0
41
1
10
208.738592135495
20
6.16324269167779
30
0
41
1
10
208.702665795466
20
6.15685286541498
30
0
41
1
10
208.679244122514
20
6.15442828720427
30
0
41
1
10
208.667260123126
20
6.15356579252335
30
0
41
1
10
208.653740790415
20
6.15300141884657
30
0
41
1
10
208.634165429446
20
6.15232649114782
30
0
41
1
10
208.609196499722
20
6.15137002204182
30
0
41
1
10
208.430177672146
20
6.14468881279288
30
0
41
1
10
207.624591884643
20
6.11575911237244
30
0
41
1
10
206.192475752867
20
6.07386137466372
30
0
41
1
10
204.283242392657
20
6.03860045915835
30
0
41
1
10
202.692568221903
20
6.02660697509151
30
0
41
1
10
201.579611945353
20
6.02745633307259
30
0
41
1
10
201.022945506478
20
6.03020789085994
30
0
41
1
10
200.74506294913
20
6.03216532419074
30
0
41
1
10
200.60551336775
20
6.03328061587806
30
0
41
1
10
200.536690566608
20
6.03389936029817
30
0
41
1
10
200.4996454405
20
6.03419838183689
30
0
41
1
10
200.479861370639
20
6.03437996188674
30
0
41
1
10
200.46682045396
20
6.03450716909538
30
0
41
1
10
200.45887281885
20
6.03464620957624
30
0
41
1
10
200.449998854175
20
6.03489373418293
30
0
41
1
10
200.435962494169
20
6.03547593917369
30
0
41
1
10
200.406870961486
20
6.03765955503562
30
0
41
1
10
200.346512916193
20
6.04600196654695
30
0
41
1
10
200.264028361777
20
6.06858503027263
30
0
41
1
10
200.171218416827
20
6.1118087567971
30
0
41
1
10
200.086994646978
20
6.16959259261688
30
0
41
1
10
200.013771706986
20
6.24037259697354
30
0
41
1
10
199.953100199113
20
6.32212489470902
30
0
41
1
10
199.906530725624
20
6.41282561066518
30
0
41
1
10
199.880402146693
20
6.49374265474643
30
0
41
1
10
199.867588713637
20
6.56138765842482
30
0
41
1
10
199.863516288215
20
6.59962254678075
30
0
41
1
10
199.862176129396
20
6.62446633832192
30
0
41
1
10
199.86172869806
20
6.63749199719564
30
0
41
1
10
199.861451604575
20
6.65185440908149
30
0
41
1
10
199.861176410975
20
6.6718193011813
30
0
41
1
10
199.860760065768
20
6.6964898197206
30
0
41
1
10
199.858928965805
20
6.79449496355923
30
0
41
1
10
199.856232603976
20
6.9623990148967
30
0
41
1
10
199.854271442988
20
7.19887930327155
30
0
41
1
10
199.855246445871
20
7.43555293243389
30
0
41
1
10
199.858787453239
20
7.63278499165116
30
0
41
1
10
199.862269877254
20
7.76098580141752
30
0
41
1
10
199.863938192676
20
7.81522442457864
30
0
41
1
10
199.864565764533
20
7.83494753573385
30
0
41
1
10
199.864966635346
20
7.84727446898151
30
0
41
1
10
199.865292470153
20
7.85713600824533
30
0
41
1
10
199.865621715436
20
7.86699754241971
30
0
41
1
10
199.866039638629
20
7.87932445022022
30
0
41
1
10
199.866551243234
20
7.8941167225135
30
0
41
1
10
199.868289948593
20
7.94342423593542
30
0
41
1
10
199.871498637158
20
8.02724651236798
30
0
41
1
10
199.878251132565
20
8.18503134908306
30
0
41
1
10
199.891587747237
20
8.46116824644832
30
0
41
1
10
199.908699387128
20
8.77682464715559
30
0
41
1
10
199.924583199206
20
9.08265767743799
30
0
41
1
10
199.93264133025
20
9.24067567382923
30
0
41
1
10
199.937563470876
20
9.33902595323809
30
0
41
1
10
199.940001321322
20
9.38811152213449
30
0
41
1
10
199.944343940956
20
9.46581989186052
30
0
41
1
10
199.954940650126
20
9.60100732393616
30
0
41
1
10
199.977580208692
20
9.79409363508236
30
0
41
1
10
200.01697935097
20
10.0244036188184
30
0
41
1
10
200.068447896957
20
10.2527543538833
30
0
41
1
10
200.121260964797
20
10.4409425433516
30
0
41
1
10
200.163392569388
20
10.571269922581
30
0
41
1
10
200.188883499527
20
10.6453176499916
30
0
41
1
10
200.256022548229
20
10.8311462932522
30
0
41
1
10
200.372397119695
20
11.152710886789
30
0
41
1
10
200.509185741591
20
11.5310957367806
30
0
41
1
10
200.592808385128
20
11.7620741764513
30
0
41
1
10
200.626212246388
20
11.8545810871354
30
0
41
1
10
200.632242161572
20
11.8711385197022
30
0
41
1
10
200.638137739392
20
11.8862473699561
30
0
41
1
10
200.646377909214
20
11.9045942498529
30
0
41
1
10
200.668758187214
20
11.9475600002296
30
0
41
1
10
200.711893759415
20
12.006969061966
30
0
41
1
10
200.780227776949
20
12.0654666817391
30
0
41
1
10
200.837284735427
20
12.0968272598076
30
0
41
1
10
200.882269253436
20
12.1150545767096
30
0
41
1
10
200.920925753642
20
12.1268315720454
30
0
41
1
10
200.956851917704
20
12.1332216393121
30
0
41
1
10
200.980273578969
20
12.1356463592953
30
0
41
1
10
200.992257557193
20
12.1365089063211
30
0
41
1
10
201.005776713834
20
12.1370732904039
30
0
41
1
10
201.025351948022
20
12.137748212926
30
0
41
1
10
201.050320919963
20
12.1387046840214
30
0
41
1
10
201.229339747322
20
12.1453858947365
30
0
41
1
10
202.034924728944
20
12.1743156434561
30
0
41
1
10
203.467054566503
20
12.2162126558362
30
0
41
1
10
205.37628604102
20
12.2514736714533
30
0
41
1
10
206.966891004044
20
12.2634708381007
30
0
41
1
10
208.079991577497
20
12.2626138111657
30
0
41
1
10
208.636440113111
20
12.2598743612999
30
0
41
1
10
208.944455297822
20
12.2576886720044
30
0
41
1
10
209.103413460477
20
12.256360378997
30
0
41
1
10
209.182885250544
20
12.2556465053437
30
0
41
1
10
209.191953552289
20
12.2555642946613
30
0
0
SPLINE
5
1BB
100
AcDbEntity
8
1
62
256
6
ByLayer
370
18
48
1
60
0
100
AcDbSpline
70
4
71
2
72
6
73
3
40
0
40
0
40
0
40
1
40
1
40
1
41
1
10
200.157867914707
20
5.90027407355541
30
0
41
1
10
200.254166713761
20
5.86065323189302
30
0
41
1
10
200.350345844177
20
5.82129800936409
30
0
0
SPLINE
5
1BC
100
AcDbEntity
8
1
62
256
6
ByLayer
370
18
48
1
60
0
100
AcDbSpline
70
4
71
2
72
6
73
3
40
0
40
0
40
0
40
1
40
1
40
1
41
1
10
208.714075720142
20
5.94372917830208
30
0
41
1
10
208.777960318517
20
5.96969732926436
30
0
41
1
10
208.844389777752
20
5.99412711155284
30
0
0
SPLINE
5
1BD
100
AcDbEntity
8
1
62
256
6
ByLayer
370
18
48
1
60
0
100
AcDbSpline
70
4
71
1
72
4
73
2
40
0
40
0
40
1
40
1
41
1
10
200.728734541107
20
5.76589530241941
30
0
41
1
10
200.757759414915
20
5.76030673691335
30
0
0
SPLINE
5
1BE
100
AcDbEntity
8
1
62
256
6
ByLayer
370
18
48
1
60
0
100
AcDbSpline
70
4
71
1
72
4
73
2
40
0
40
0
40
1
40
1
41
1
10
200.894407084287
20
5.73399604710352
30
0
41
1
10
201.369970970898
20
5.64242907078477
30
0
0
SPLINE
5
1BF
100
AcDbEntity
8
1
62
256
6
ByLayer
370
18
48
1
60
0
100
AcDbSpline
70
4
71
2
72
6
73
3
40
0
40
0
40
0
40
1
40
1
40
1
41
1
10
200.35030392406
20
5.82131687310735
30
0
41
1
10
200.389622410366
20
5.80522634442241
30
0
41
1
10
200.429235365548
20
5.79206656488458
30
0
0
SPLINE
5
1C0
100
AcDbEntity
8
1
62
256
6
ByLayer
370
18
48
1
60
0
100
AcDbSpline
70
4
71
2
72
6
73
3
40
0
40
0
40
0
40
1
40
1
40
1
41
1
10
200.489371922325
20
5.77382382510115
30
0
41
1
10
200.636601922036
20
5.73338519966043
30
0
41
1
10
200.787854309649
20
5.73298004075346
30
0
0
SPLINE
5
1C1
100
AcDbEntity
8
1
62
256
6
ByLayer
370
18
48
1
60
0
100
AcDbSpline
70
4
71
2
72
6
73
3
40
0
40
0
40
0
40
1
40
1
40
1
41
1
10
208.245299205989
20
5.82915296231204
30
0
41
1
10
208.348015087809
20
5.84624917270764
30
0
41
1
10
208.441970214907
20
5.88290069530441
30
0
0
SPLINE
5
1C2
100
AcDbEntity
8
1
62
256
6
ByLayer
370
18
48
1
60
0
100
AcDbSpline
70
4
71
3
72
22
73
18
40
0
40
0
40
0
40
0
40
0.103062873501102
40
0.187080875254152
40
0.251649500035841
40
0.302992185843043
40
0.359486039345855
40
0.422241833041869
40
0.491234844595742
40
0.565815585050781
40
0.628113421116804
40
0.682362770298919
40
0.72852058624753
40
0.766573649580739
40
0.815955431794852
40
0.894071519064817
40
1
40
1
40
1
40
1
41
1
10
200.790907953344
20
5.73298890131076
30
0
41
1
10
201.051919762324
20
5.73536553047697
30
0
41
1
10
201.525921759534
20
5.7400088264308
30
0
41
1
10
202.163922998015
20
5.74689053018494
30
0
41
1
10
202.671278725693
20
5.75310115625786
30
0
41
1
10
203.109732555417
20
5.75904498753414
30
0
41
1
10
203.544507936378
20
5.76554004320093
30
0
41
1
10
204.024949661104
20
5.77351460264728
30
0
41
1
10
204.552203368701
20
5.7832968362124
30
0
41
1
10
205.078732250165
20
5.79422829835713
30
0
41
1
10
205.568145231129
20
5.8054411122227
30
0
41
1
10
205.98542374766
20
5.81575484324793
30
0
41
1
10
206.341201519894
20
5.82507501239064
30
0
41
1
10
206.685298734083
20
5.83448155279115
30
0
41
1
10
207.11349689617
20
5.84664863153699
30
0
41
1
10
207.717678655041
20
5.86470060151913
30
0
41
1
10
208.194277846455
20
5.8789402177791
30
0
41
1
10
208.468690551353
20
5.88723819072354
30
0
0
SPLINE
5
1C3
100
AcDbEntity
8
1
62
256
6
ByLayer
370
18
48
1
60
0
100
AcDbSpline
70
4
71
2
72
6
73
3
40
0
40
0
40
0
40
1
40
1
40
1
41
1
10
208.474891063438
20
5.88749530159976
30
0
41
1
10
208.563229646349
20
5.89361080992458
30
0
41
1
10
208.650181488551
20
5.92080922771657
30
0
0
SPLINE
5
1C4
100
AcDbEntity
8
1
62
256
6
ByLayer
370
18
48
1
60
0
100
AcDbSpline
70
4
71
2
72
6
73
3
40
0
40
0
40
0
40
1
40
1
40
1
41
1
10
208.65512998739
20
5.92237454158936
30
0
41
1
10
208.667234375262
20
5.9262460679488
30
0
41
1
10
208.679311865275
20
5.93052652809286
30
0
0
LINE
5
7A
100
AcDbEntity
8
80
62
256
6
ByLayer
370
18
48
1
60
0
100
AcDbLine
10
0
20
0
30
0
11
-5
21
0
31
0
39
0
210
0
220
0
230
1
0
LINE
5
7B
100
AcDbEntity
8
4
62
256
6
ByLayer
370
18
48
0.05
60
0
100
AcDbLine
10
57
20
0
30
0
11
215
21
0
31
0
39
0
210
0
220
0
230
1
0
LINE
5
7D
100
AcDbEntity
8
81
62
256
6
ByLayer
370
18
48
1
60
0
100
AcDbLine
10
210
20
12.5
30
0
11
215
21
12.5
31
0
39
0
210
0
220
0
230
1
0
LINE
5
7E
100
AcDbEntity
8
SK4
62
256
6
ByLayer
370
18
48
0.05
60
0
100
AcDbLine
10
-5
20
0
30
0
11
215
21
0
31
0
39
0
210
0
220
0
230
1
0
LINE
5
80
100
AcDbEntity
8
1
62
256
6
ByLayer
370
18
48
1
60
0
100
AcDbLine
10
57
20
-12.49675
30
0
11
57
21
12.49675
31
0
39
0
210
0
220
0
230
1
0
LINE
5
81
100
AcDbEntity
8
1
62
256
6
ByLayer
370
18
48
1
60
0
100
AcDbLine
10
209.284346
20
6.576518
30
0
11
209.284346
21
5.667328
31
0
39
0
210
0
220
0
230
1
0
LINE
5
82
100
AcDbEntity
8
1
62
256
6
ByLayer
370
13
48
1
60
0
100
AcDbLine
10
209.279948
20
5.673452
30
0
11
209.279948
21
6.558739
31
0
39
0
210
0
220
0
230
1
0
LINE
5
83
100
AcDbEntity
8
1
62
256
6
ByLayer
370
13
48
1
60
0
100
AcDbLine
10
209.151296
20
6.26757
30
0
11
209.151296
21
5.695185
31
0
39
0
210
0
220
0
230
1
0
LINE
5
84
100
AcDbEntity
8
1
62
256
6
ByLayer
370
13
48
1
60
0
100
AcDbLine
10
208.584367
20
5.92084
30
0
11
208.584367
21
5.7116
31
0
39
0
210
0
220
0
230
1
0
LINE
5
85
100
AcDbEntity
8
1
62
256
6
ByLayer
370
13
48
1
60
0
100
AcDbLine
10
209.119324
20
5.701531
30
0
11
209.119324
21
6.212503
31
0
39
0
210
0
220
0
230
1
0
LINE
5
86
100
AcDbEntity
8
1
62
256
6
ByLayer
370
18
48
1
60
0
100
AcDbLine
10
201.369769
20
5.642397
30
0
11
202.053085
21
5.742744
31
0
39
0
210
0
220
0
230
1
0
LINE
5
87
100
AcDbEntity
8
1
62
256
6
ByLayer
370
13
48
1
60
0
100
AcDbLine
10
207.954417
20
-7.184541
30
0
11
207.954417
21
-8.28281
31
0
39
0
210
0
220
0
230
1
0
LINE
5
88
100
AcDbEntity
8
1
62
256
6
ByLayer
370
13
48
1
60
0
100
AcDbLine
10
207.954417
20
-7.184541
30
0
11
208.203967
21
-6.888145
31
0
39
0
210
0
220
0
230
1
0
LINE
5
89
100
AcDbEntity
8
1
62
256
6
ByLayer
370
13
48
1
60
0
100
AcDbLine
10
199.919364
20
-11.421955
30
0
11
199.919364
21
5.483939
31
0
39
0
210
0
220
0
230
1
0
LINE
5
8A
100
AcDbEntity
8
1
62
256
6
ByLayer
370
13
48
1
60
0
100
AcDbLine
10
200.080374
20
5.485302
30
0
11
200.080374
21
-11.416282
31
0
39
0
210
0
220
0
230
1
0
LINE
5
8B
100
AcDbEntity
8
1
62
256
6
ByLayer
370
13
48
1
60
0
100
AcDbLine
10
202.947636
20
-10.743982
30
0
11
202.947636
21
5.568326
31
0
39
0
210
0
220
0
230
1
0
LINE
5
8C
100
AcDbEntity
8
1
62
256
6
ByLayer
370
13
48
1
60
0
100
AcDbLine
10
206.334116
20
-9.446514
30
0
11
206.334116
21
-11.165889
31
0
39
0
210
0
220
0
230
1
0
LINE
5
8D
100
AcDbEntity
8
1
62
256
6
ByLayer
370
13
48
1
60
0
100
AcDbLine
10
208.750745
20
-11.25188
30
0
11
208.750745
21
5.693183
31
0
39
0
210
0
220
0
230
1
0
LINE
5
8E
100
AcDbEntity
8
1
62
256
6
ByLayer
370
13
48
1
60
0
100
AcDbLine
10
203.077707
20
5.571716
30
0
11
203.077707
21
-10.795879
31
0
39
0
210
0
220
0
230
1
0
LINE
5
8F
100
AcDbEntity
8
1
62
256
6
ByLayer
370
13
48
1
60
0
100
AcDbLine
10
206.289228
20
-11.163477
30
0
11
206.289228
21
-9.448263
31
0
39
0
210
0
220
0
230
1
0
LINE
5
90
100
AcDbEntity
8
1
62
256
6
ByLayer
370
13
48
1
60
0
100
AcDbLine
10
206.289228
20
-4.890922
30
0
11
206.289228
21
5.646039
31
0
39
0
210
0
220
0
230
1
0
LINE
5
91
100
AcDbEntity
8
1
62
256
6
ByLayer
370
13
48
1
60
0
100
AcDbLine
10
206.334116
20
5.646988
30
0
11
206.334116
21
-4.879838
31
0
39
0
210
0
220
0
230
1
0
LINE
5
92
100
AcDbEntity
8
1
62
256
6
ByLayer
370
13
48
1
60
0
100
AcDbLine
10
159.553686
20
-11.665
30
0
11
159.553686
21
11.665
31
0
39
0
210
0
220
0
230
1
0
LINE
5
93
100
AcDbEntity
8
1
62
256
6
ByLayer
370
18
48
1
60
0
100
AcDbLine
10
158.8
20
12.19675
30
0
11
158.8
21
-12.19675
31
0
39
0
210
0
220
0
230
1
0
LINE
5
94
100
AcDbEntity
8
1
62
256
6
ByLayer
370
18
48
1
60
0
100
AcDbLine
10
158.5
20
12.49675
30
0
11
158.5
21
-12.49675
31
0
39
0
210
0
220
0
230
1
0
LINE
5
95
100
AcDbEntity
8
1
62
256
6
ByLayer
370
18
48
1
60
0
100
AcDbLine
10
204.348722
20
9.53953
30
0
11
204.331506
21
9.5484
31
0
39
0
210
0
220
0
230
1
0
LINE
5
96
100
AcDbEntity
8
1
62
256
6
ByLayer
370
18
48
1
60
0
100
AcDbLine
10
204.844205
20
9.86124
30
0
11
204.843888
21
9.841672
31
0
39
0
210
0
220
0
230
1
0
LINE
5
97
100
AcDbEntity
8
1
62
256
6
ByLayer
370
13
48
1
60
0
100
AcDbLine
10
204.112067
20
9.820611
30
0
11
204.348722
21
9.53953
31
0
39
0
210
0
220
0
230
1
0
LINE
5
98
100
AcDbEntity
8
1
62
256
6
ByLayer
370
13
48
1
60
0
100
AcDbLine
10
204.607233
20
10.122752
30
0
11
204.843888
21
9.841672
31
0
39
0
210
0
220
0
230
1
0
LINE
5
99
100
AcDbEntity
8
1
62
256
6
ByLayer
370
18
48
1
60
0
100
AcDbLine
10
204.092924
20
9.83177
30
0
11
204.331506
21
9.5484
31
0
39
0
210
0
220
0
230
1
0
LINE
5
9A
100
AcDbEntity
8
1
62
256
6
ByLayer
370
18
48
1
60
0
100
AcDbLine
10
204.605623
20
10.14461
30
0
11
204.844205
21
9.86124
31
0
39
0
210
0
220
0
230
1
0
LINE
5
9B
100
AcDbEntity
8
1
62
256
6
ByLayer
370
18
48
1
60
0
100
AcDbLine
10
204.054444
20
8.45486
30
0
11
204.037546
21
8.444185
31
0
39
0
210
0
220
0
230
1
0
LINE
5
9C
100
AcDbEntity
8
1
62
256
6
ByLayer
370
13
48
1
60
0
100
AcDbLine
10
203.81779
20
8.735941
30
0
11
204.054444
21
8.45486
31
0
39
0
210
0
220
0
230
1
0
LINE
5
9D
100
AcDbEntity
8
1
62
256
6
ByLayer
370
13
48
1
60
0
100
AcDbLine
10
205.690954
20
9.878915
30
0
11
205.927609
21
9.597835
31
0
39
0
210
0
220
0
230
1
0
LINE
5
9E
100
AcDbEntity
8
1
62
256
6
ByLayer
370
18
48
1
60
0
100
AcDbLine
10
205.944825
20
9.607976
30
0
11
205.927609
21
9.597835
31
0
39
0
210
0
220
0
230
1
0
LINE
5
9F
100
AcDbEntity
8
1
62
256
6
ByLayer
370
18
48
1
60
0
100
AcDbLine
10
203.798963
20
8.727555
30
0
11
204.037546
21
8.444185
31
0
39
0
210
0
220
0
230
1
0
LINE
5
A0
100
AcDbEntity
8
1
62
256
6
ByLayer
370
18
48
1
60
0
100
AcDbLine
10
205.706242
20
9.891346
30
0
11
205.944825
21
9.607976
31
0
39
0
210
0
220
0
230
1
0
LINE
5
A1
100
AcDbEntity
8
1
62
256
6
ByLayer
370
13
48
1
60
0
100
AcDbLine
10
204.607233
20
7.975147
30
0
11
204.727106
21
7.83277
31
0
39
0
210
0
220
0
230
1
0
LINE
5
A2
100
AcDbEntity
8
1
62
256
6
ByLayer
370
13
48
1
60
0
100
AcDbLine
10
205.985232
20
8.815979
30
0
11
206.056239
21
8.731642
31
0
39
0
210
0
220
0
230
1
0
LINE
5
A3
100
AcDbEntity
8
1
62
256
6
ByLayer
370
18
48
1
60
0
100
AcDbLine
10
204.605623
20
7.957891
30
0
11
204.705335
21
7.83946
31
0
39
0
210
0
220
0
230
1
0
LINE
5
A4
100
AcDbEntity
8
1
62
256
6
ByLayer
370
18
48
1
60
0
100
AcDbLine
10
206.000203
20
8.808842
30
0
11
206.056419
21
8.742073
31
0
39
0
210
0
220
0
230
1
0
LINE
5
A5
100
AcDbEntity
8
1
62
256
6
ByLayer
370
18
48
1
60
0
100
AcDbLine
10
203.253773
20
-10.980301
30
0
11
206.101012
21
-11.233602
31
0
39
0
210
0
220
0
230
1
0
LINE
5
A6
100
AcDbEntity
8
SK1
62
256
6
ByLayer
370
18
48
1
60
0
100
AcDbLine
10
57
20
-12.49675
30
0
11
57
21
12.49675
31
0
39
0
210
0
220
0
230
1
0
LINE
5
A8
100
AcDbEntity
8
SK1
62
256
6
ByLayer
370
18
48
1
60
0
100
AcDbLine
10
1
20
12.49675
30
0
11
1
21
-12.49675
31
0
39
0
210
0
220
0
230
1
0
LINE
5
A9
100
AcDbEntity
8
SK1
62
256
6
ByLayer
370
18
48
1
60
0
100
AcDbLine
10
0
20
11.49675
30
0
11
0
21
-11.49675
31
0
39
0
210
0
220
0
230
1
0
LINE
5
AA
100
AcDbEntity
8
1
62
256
6
ByLayer
370
18
48
1
60
0
100
AcDbLine
10
57
20
-12.49675
30
0
11
158.5
21
-12.49675
31
0
39
0
210
0
220
0
230
1
0
LINE
5
AB
100
AcDbEntity
8
1
62
256
6
ByLayer
370
18
48
1
60
0
100
AcDbLine
10
158.5
20
12.49675
30
0
11
57
21
12.49675
31
0
39
0
210
0
220
0
230
1
0
LINE
5
AC
100
AcDbEntity
8
1
62
256
6
ByLayer
370
18
48
1
60
0
100
AcDbLine
10
209.284565
20
5.672988
30
0
11
209.284565
21
6.562858
31
0
39
0
210
0
220
0
230
1
0
LINE
5
AD
100
AcDbEntity
8
1
62
256
6
ByLayer
370
18
48
1
60
0
100
AcDbLine
10
159.553686
20
-11.665
30
0
11
186.214858
21
-11.665
31
0
39
0
210
0
220
0
230
1
0
LINE
5
AE
100
AcDbEntity
8
1
62
256
6
ByLayer
370
18
48
1
60
0
100
AcDbLine
10
186.214858
20
11.665
30
0
11
159.553686
21
11.665
31
0
39
0
210
0
220
0
230
1
0
LINE
5
AF
100
AcDbEntity
8
1
62
256
6
ByLayer
370
18
48
1
60
0
100
AcDbLine
10
209.284565
20
-10.766861
30
0
11
209.284565
21
5.665798
31
0
39
0
210
0
220
0
230
1
0
LINE
5
B0
100
AcDbEntity
8
1
62
256
6
ByLayer
370
18
48
1
60
0
100
AcDbLine
10
158.8
20
12.19675
30
0
11
158.5
21
12.49675
31
0
39
0
210
0
220
0
230
1
0
LINE
5
B1
100
AcDbEntity
8
1
62
256
6
ByLayer
370
18
48
1
60
0
100
AcDbLine
10
158.5
20
-12.49675
30
0
11
158.8
21
-12.19675
31
0
39
0
210
0
220
0
230
1
0
LINE
5
B2
100
AcDbEntity
8
1
62
256
6
ByLayer
370
18
48
1
60
0
100
AcDbLine
10
204.088517
20
8.993442
30
0
11
203.855984
21
9.269626
31
0
39
0
210
0
220
0
230
1
0
LINE
5
B3
100
AcDbEntity
8
1
62
256
6
ByLayer
370
18
48
1
60
0
100
AcDbLine
10
205.256714
20
10.021498
30
0
11
205.483878
21
9.75169
31
0
39
0
210
0
220
0
230
1
0
LINE
5
B4
100
AcDbEntity
8
1
62
256
6
ByLayer
370
18
48
1
60
0
100
AcDbLine
10
204.77808
20
7.822854
30
0
11
204.565314
21
8.07556
31
0
39
0
210
0
220
0
230
1
0
LINE
5
B5
100
AcDbEntity
8
1
62
256
6
ByLayer
370
18
48
1
60
0
100
AcDbLine
10
205.955282
20
8.840214
30
0
11
206.056045
21
8.720536
31
0
39
0
210
0
220
0
230
1
0
LINE
5
B6
100
AcDbEntity
8
1
62
256
6
ByLayer
370
18
48
1
60
0
100
AcDbLine
10
206.837041
20
9.627304
30
0
11
206.688664
21
9.94404
31
0
39
0
210
0
220
0
230
1
0
LINE
5
B7
100
AcDbEntity
8
1
62
256
6
ByLayer
370
18
48
1
60
0
100
AcDbLine
10
203.725751
20
7.449426
30
0
11
204.01258
21
7.249258
31
0
39
0
210
0
220
0
230
1
0
LINE
5
B8
100
AcDbEntity
8
SK1
62
256
6
ByLayer
370
18
48
1
60
0
100
AcDbLine
10
1
20
-12.49675
30
0
11
57
21
-12.49675
31
0
39
0
210
0
220
0
230
1
0
LINE
5
B9
100
AcDbEntity
8
SK1
62
256
6
ByLayer
370
18
48
1
60
0
100
AcDbLine
10
57
20
12.49675
30
0
11
1
21
12.49675
31
0
39
0
210
0
220
0
230
1
0
LINE
5
BA
100
AcDbEntity
8
SK1
62
256
6
ByLayer
370
18
48
1
60
0
100
AcDbLine
10
0
20
-11.49675
30
0
11
1
21
-12.49675
31
0
39
0
210
0
220
0
230
1
0
LINE
5
BB
100
AcDbEntity
8
SK1
62
256
6
ByLayer
370
18
48
1
60
0
100
AcDbLine
10
1
20
12.49675
30
0
11
0
21
11.49675
31
0
39
0
210
0
220
0
230
1
0
LINE
5
BC
100
AcDbEntity
8
SK2
62
256
6
ByLayer
370
18
48
1
60
0
100
AcDbLine
10
210
20
44.75
30
0
11
0
21
44.75
31
0
39
0
210
0
220
0
230
1
0
LINE
5
BE
100
AcDbEntity
8
SK2
62
256
6
ByLayer
370
18
48
1
60
0
100
AcDbLine
10
0
20
13.08425
30
0
11
0
21
46.75
31
0
39
0
210
0
220
0
230
1
0
LINE
5
BF
100
AcDbEntity
8
SK2
62
256
6
ByLayer
370
18
48
1
60
0
100
AcDbLine
10
210
20
14.0875
30
0
11
210
21
46.75
31
0
39
0
210
0
220
0
230
1
0
LINE
5
C0
100
AcDbEntity
8
1
62
256
6
ByLayer
370
18
48
1
60
1
100
AcDbLine
10
0
20
44.75
30
0
11
3.499998
21
45.210784
31
0
39
0
210
0
220
0
230
1
0
LINE
5
C1
100
AcDbEntity
8
1
62
256
6
ByLayer
370
18
48
1
60
1
100
AcDbLine
10
3.499998
20
45.210784
30
0
11
3.500002
21
44.289216
31
0
39
0
210
0
220
0
230
1
0
LINE
5
C2
100
AcDbEntity
8
1
62
256
6
ByLayer
370
18
48
1
60
1
100
AcDbLine
10
3.500002
20
44.289216
30
0
11
0
21
44.75
31
0
39
0
210
0
220
0
230
1
0
LINE
5
C3
100
AcDbEntity
8
1
62
256
6
ByLayer
370
18
48
1
60
1
100
AcDbLine
10
210
20
44.75
30
0
11
206.500002
21
44.289216
31
0
39
0
210
0
220
0
230
1
0
LINE
5
C4
100
AcDbEntity
8
1
62
256
6
ByLayer
370
18
48
1
60
1
100
AcDbLine
10
206.500002
20
44.289216
30
0
11
206.499998
21
45.210784
31
0
39
0
210
0
220
0
230
1
0
LINE
5
C5
100
AcDbEntity
8
1
62
256
6
ByLayer
370
18
48
1
60
1
100
AcDbLine
10
206.499998
20
45.210784
30
0
11
210
21
44.75
31
0
39
0
210
0
220
0
230
1
0
LINE
5
C6
100
AcDbEntity
8
2
62
256
6
ByLayer
370
13
48
1
60
0
100
AcDbLine
10
220.065931
20
12.5
30
0
11
220.065931
21
-12.5
31
0
39
0
210
0
220
0
230
1
0
LINE
5
C8
100
AcDbEntity
8
2
62
256
6
ByLayer
370
13
48
1
60
0
100
AcDbLine
10
211.5875
20
-12.5
30
0
11
222.065931
21
-12.5
31
0
39
0
210
0
220
0
230
1
0
LINE
5
C9
100
AcDbEntity
8
2
62
256
6
ByLayer
370
13
48
1
60
0
100
AcDbLine
10
211.5875
20
12.5
30
0
11
222.065931
21
12.5
31
0
39
0
210
0
220
0
230
1
0
LINE
5
CA
100
AcDbEntity
8
1
62
256
6
ByLayer
370
18
48
1
60
1
100
AcDbLine
10
220.065931
20
-12.5
30
0
11
219.605148
21
-9.000002
31
0
39
0
210
0
220
0
230
1
0
LINE
5
CB
100
AcDbEntity
8
1
62
256
6
ByLayer
370
18
48
1
60
1
100
AcDbLine
10
219.605148
20
-9.000002
30
0
11
220.526715
21
-8.999998
31
0
39
0
210
0
220
0
230
1
0
LINE
5
CC
100
AcDbEntity
8
1
62
256
6
ByLayer
370
18
48
1
60
1
100
AcDbLine
10
220.526715
20
-8.999998
30
0
11
220.065931
21
-12.5
31
0
39
0
210
0
220
0
230
1
0
LINE
5
CD
100
AcDbEntity
8
1
62
256
6
ByLayer
370
18
48
1
60
1
100
AcDbLine
10
220.065931
20
12.5
30
0
11
220.526715
21
9.000002
31
0
39
0
210
0
220
0
230
1
0
LINE
5
CE
100
AcDbEntity
8
1
62
256
6
ByLayer
370
18
48
1
60
1
100
AcDbLine
10
220.526715
20
9.000002
30
0
11
219.605148
21
8.999998
31
0
39
0
210
0
220
0
230
1
0
LINE
5
CF
100
AcDbEntity
8
1
62
256
6
ByLayer
370
18
48
1
60
1
100
AcDbLine
10
219.605148
20
8.999998
30
0
11
220.065931
21
12.5
31
0
39
0
210
0
220
0
230
1
0
LINE
5
D0
100
AcDbEntity
8
SK2
62
256
6
ByLayer
370
18
48
1
60
0
100
AcDbLine
10
-16.6
20
12.49675
30
0
11
-16.6
21
-12.49675
31
0
39
0
210
0
220
0
230
1
0
LINE
5
D1
100
AcDbEntity
8
SK2
62
256
6
ByLayer
370
18
48
1
60
0
100
AcDbLine
10
-0.5875
20
-12.49675
30
0
11
-18.6
21
-12.49675
31
0
39
0
210
0
220
0
230
1
0
LINE
5
D2
100
AcDbEntity
8
SK2
62
256
6
ByLayer
370
18
48
1
60
0
100
AcDbLine
10
-0.5875
20
12.49675
30
0
11
-18.6
21
12.49675
31
0
39
0
210
0
220
0
230
1
0
LINE
5
D3
100
AcDbEntity
8
1
62
256
6
ByLayer
370
18
48
1
60
1
100
AcDbLine
10
-16.6
20
-12.49675
30
0
11
-17.060784
21
-8.996752
31
0
39
0
210
0
220
0
230
1
0
LINE
5
D4
100
AcDbEntity
8
1
62
256
6
ByLayer
370
18
48
1
60
1
100
AcDbLine
10
-17.060784
20
-8.996752
30
0
11
-16.139216
21
-8.996748
31
0
39
0
210
0
220
0
230
1
0
LINE
5
D5
100
AcDbEntity
8
1
62
256
6
ByLayer
370
18
48
1
60
1
100
AcDbLine
10
-16.139216
20
-8.996748
30
0
11
-16.6
21
-12.49675
31
0
39
0
210
0
220
0
230
1
0
LINE
5
D6
100
AcDbEntity
8
1
62
256
6
ByLayer
370
18
48
1
60
1
100
AcDbLine
10
-16.6
20
12.49675
30
0
11
-16.139216
21
8.996752
31
0
39
0
210
0
220
0
230
1
0
LINE
5
D7
100
AcDbEntity
8
1
62
256
6
ByLayer
370
18
48
1
60
1
100
AcDbLine
10
-16.139216
20
8.996752
30
0
11
-17.060784
21
8.996748
31
0
39
0
210
0
220
0
230
1
0
LINE
5
D8
100
AcDbEntity
8
1
62
256
6
ByLayer
370
18
48
1
60
1
100
AcDbLine
10
-17.060784
20
8.996748
30
0
11
-16.6
21
12.49675
31
0
39
0
210
0
220
0
230
1
0
LINE
5
1C8
100
AcDbEntity
8
1
62
256
6
ByLayer
370
18
48
1
60
1
100
AcDbLine
10
0
20
44.75
30
0
11
3.499998
21
45.210784
31
0
39
0
210
0
220
0
230
1
0
LINE
5
1C9
100
AcDbEntity
8
1
62
256
6
ByLayer
370
18
48
1
60
1
100
AcDbLine
10
3.499998
20
45.210784
30
0
11
3.500002
21
44.289216
31
0
39
0
210
0
220
0
230
1
0
LINE
5
1CA
100
AcDbEntity
8
1
62
256
6
ByLayer
370
18
48
1
60
1
100
AcDbLine
10
3.500002
20
44.289216
30
0
11
0
21
44.75
31
0
39
0
210
0
220
0
230
1
0
LINE
5
1CC
100
AcDbEntity
8
1
62
256
6
ByLayer
370
18
48
1
60
1
100
AcDbLine
10
210
20
44.75
30
0
11
206.500002
21
44.289216
31
0
39
0
210
0
220
0
230
1
0
LINE
5
1CD
100
AcDbEntity
8
1
62
256
6
ByLayer
370
18
48
1
60
1
100
AcDbLine
10
206.500002
20
44.289216
30
0
11
206.499998
21
45.210784
31
0
39
0
210
0
220
0
230
1
0
LINE
5
1CE
100
AcDbEntity
8
1
62
256
6
ByLayer
370
18
48
1
60
1
100
AcDbLine
10
206.499998
20
45.210784
30
0
11
210
21
44.75
31
0
39
0
210
0
220
0
230
1
0
LINE
5
1D2
100
AcDbEntity
8
1
62
256
6
ByLayer
370
18
48
1
60
1
100
AcDbLine
10
220.065931
20
-12.5
30
0
11
219.605148
21
-9.000002
31
0
39
0
210
0
220
0
230
1
0
LINE
5
1D3
100
AcDbEntity
8
1
62
256
6
ByLayer
370
18
48
1
60
1
100
AcDbLine
10
219.605148
20
-9.000002
30
0
11
220.526715
21
-8.999998
31
0
39
0
210
0
220
0
230
1
0
LINE
5
1D4
100
AcDbEntity
8
1
62
256
6
ByLayer
370
18
48
1
60
1
100
AcDbLine
10
220.526715
20
-8.999998
30
0
11
220.065931
21
-12.5
31
0
39
0
210
0
220
0
230
1
0
LINE
5
1D6
100
AcDbEntity
8
1
62
256
6
ByLayer
370
18
48
1
60
1
100
AcDbLine
10
220.065931
20
12.5
30
0
11
220.526715
21
9.000002
31
0
39
0
210
0
220
0
230
1
0
LINE
5
1D7
100
AcDbEntity
8
1
62
256
6
ByLayer
370
18
48
1
60
1
100
AcDbLine
10
220.526715
20
9.000002
30
0
11
219.605148
21
8.999998
31
0
39
0
210
0
220
0
230
1
0
LINE
5
1D8
100
AcDbEntity
8
1
62
256
6
ByLayer
370
18
48
1
60
1
100
AcDbLine
10
219.605148
20
8.999998
30
0
11
220.065931
21
12.5
31
0
39
0
210
0
220
0
230
1
0
LINE
5
1DC
100
AcDbEntity
8
1
62
256
6
ByLayer
370
18
48
1
60
1
100
AcDbLine
10
-16.6
20
-12.49675
30
0
11
-17.060784
21
-8.996752
31
0
39
0
210
0
220
0
230
1
0
LINE
5
1DD
100
AcDbEntity
8
1
62
256
6
ByLayer
370
18
48
1
60
1
100
AcDbLine
10
-17.060784
20
-8.996752
30
0
11
-16.139216
21
-8.996748
31
0
39
0
210
0
220
0
230
1
0
LINE
5
1DE
100
AcDbEntity
8
1
62
256
6
ByLayer
370
18
48
1
60
1
100
AcDbLine
10
-16.139216
20
-8.996748
30
0
11
-16.6
21
-12.49675
31
0
39
0
210
0
220
0
230
1
0
LINE
5
1E0
100
AcDbEntity
8
1
62
256
6
ByLayer
370
18
48
1
60
1
100
AcDbLine
10
-16.6
20
12.49675
30
0
11
-16.139216
21
8.996752
31
0
39
0
210
0
220
0
230
1
0
LINE
5
1E1
100
AcDbEntity
8
1
62
256
6
ByLayer
370
18
48
1
60
1
100
AcDbLine
10
-16.139216
20
8.996752
30
0
11
-17.060784
21
8.996748
31
0
39
0
210
0
220
0
230
1
0
LINE
5
1E2
100
AcDbEntity
8
1
62
256
6
ByLayer
370
18
48
1
60
1
100
AcDbLine
10
-17.060784
20
8.996748
30
0
11
-16.6
21
12.49675
31
0
39
0
210
0
220
0
230
1
0
MTEXT
5
1C5
100
AcDbEntity
8
SK2
62
256
6
ByLayer
370
18
48
1
60
0
100
AcDbMText
10
102.224734
20
45.782634
30
0
210
0
220
0
230
1
1
\W0.6217;210
40
3.5
41
0
44
1.084337
50
0
71
7
72
5
7
iso_b_vert
0
MTEXT
5
1D0
100
AcDbEntity
8
2
62
256
6
ByLayer
370
18
48
1
60
0
100
AcDbMText
10
218.501298
20
-4.530622
30
0
210
0
220
0
230
1
1
%%c
40
3.5
41
0
44
1.084337
50
90
71
7
72
5
7
iso_b_vert
0
MTEXT
5
1D1
100
AcDbEntity
8
2
62
256
6
ByLayer
370
18
48
1
60
0
100
AcDbMText
10
218.501298
20
2.442034
30
0
210
0
220
0
230
1
1
\W0.6740;25
40
3.5
41
0
44
1.084337
50
90
71
7
72
5
7
iso_b_vert
0
MTEXT
5
1DA
100
AcDbEntity
8
SK2
62
256
6
ByLayer
370
18
48
1
60
0
100
AcDbMText
10
-18.164634
20
-4.530622
30
0
210
0
220
0
230
1
1
%%c
40
3.5
41
0
44
1.084337
50
90
71
7
72
5
7
iso_b_vert
0
MTEXT
5
1DB
100
AcDbEntity
8
SK2
62
256
6
ByLayer
370
18
48
1
60
0
100
AcDbMText
10
-18.164634
20
2.442034
30
0
210
0
220
0
230
1
1
\W0.6740;25
40
3.5
41
0
44
1.084337
50
90
71
7
72
5
7
iso_b_vert
0
MTEXT
5
1E4
100
AcDbEntity
8
SK6
62
256
6
ByLayer
370
18
48
1
60
0
100
AcDbMText
10
83.247903
20
-38.717366
30
0
210
0
220
0
230
1
1
\W0.7722;MS20-R025A25L-10L
40
3.5
41
0
44
1.084337
50
0
71
7
72
5
7
iso_b_vert
0
HATCH
5
1CB
100
AcDbEntity
8
SK2
62
256
6
ByLayer
370
13
48
1
60
0
100
AcDbHatch
10
0
20
0
30
0
210
0
220
0
230
1
2
ANSI31
70
0
71
0
91
1
92
5
93
3
72
1
10
-4.26E-14
20
44.7499999999992
11
3.49999830744676
21
45.210783741552
72
1
10
3.49999830744676
20
45.210783741552
11
3.50000169255316
21
44.2892162584464
72
1
10
3.50000169255316
20
44.2892162584464
11
-4.26E-14
21
44.7499999999992
97
0
75
0
76
1
52
0
41
0.0062
77
0
78
1
53
45
43
0
44
0
45
-0.0139193969876572
46
0.0139193969876572
79
0
47
0
98
1
10
0
20
0
0
HATCH
5
1CF
100
AcDbEntity
8
SK2
62
256
6
ByLayer
370
13
48
1
60
0
100
AcDbHatch
10
0
20
0
30
0
210
0
220
0
230
1
2
ANSI31
70
0
71
0
91
1
92
5
93
3
72
1
10
210
20
44.7499999999992
11
206.500001692553
21
44.2892162584464
72
1
10
206.500001692553
20
44.2892162584464
11
206.499998307447
21
45.210783741552
72
1
10
206.499998307447
20
45.210783741552
11
210
21
44.7499999999992
97
0
75
0
76
1
52
0
41
0.0062
77
0
78
1
53
45
43
0
44
0
45
-0.0139193969876572
46
0.0139193969876572
79
0
47
0
98
1
10
0
20
0
0
HATCH
5
1D5
100
AcDbEntity
8
2
62
256
6
ByLayer
370
13
48
1
60
0
100
AcDbHatch
10
0
20
0
30
0
210
0
220
0
230
1
2
ANSI31
70
0
71
0
91
1
92
5
93
3
72
1
10
220.065931297614
20
-12.5000000000008
11
219.605147556061
21
-9.00000169255398
72
1
10
219.605147556061
20
-9.00000169255398
11
220.526715039167
21
-8.99999830744761
72
1
10
220.526715039167
20
-8.99999830744761
11
220.065931297614
21
-12.5000000000008
97
0
75
0
76
1
52
0
41
0.0062
77
0
78
1
53
45
43
0
44
0
45
-0.0139193969876572
46
0.0139193969876572
79
0
47
0
98
1
10
0
20
0
0
HATCH
5
1D9
100
AcDbEntity
8
2
62
256
6
ByLayer
370
13
48
1
60
0
100
AcDbHatch
10
0
20
0
30
0
210
0
220
0
230
1
2
ANSI31
70
0
71
0
91
1
92
5
93
3
72
1
10
220.065931297614
20
12.4999999999992
11
220.526715039167
21
9.00000169255239
72
1
10
220.526715039167
20
9.00000169255239
11
219.605147556061
21
8.99999830744602
72
1
10
219.605147556061
20
8.99999830744602
11
220.065931297614
21
12.4999999999992
97
0
75
0
76
1
52
0
41
0.0062
77
0
78
1
53
45
43
0
44
0
45
-0.0139193969876572
46
0.0139193969876572
79
0
47
0
98
1
10
0
20
0
0
HATCH
5
1DF
100
AcDbEntity
8
SK2
62
256
6
ByLayer
370
13
48
1
60
0
100
AcDbHatch
10
0
20
0
30
0
210
0
220
0
230
1
2
ANSI31
70
0
71
0
91
1
92
5
93
3
72
1
10
-16.6000000000001
20
-12.4967500000006
11
-17.0607837415528
21
-8.99675169255377
72
1
10
-17.0607837415528
20
-8.99675169255377
11
-16.1392162584473
21
-8.9967483074474
72
1
10
-16.1392162584473
20
-8.9967483074474
11
-16.6000000000001
21
-12.4967500000006
97
0
75
0
76
1
52
0
41
0.0062
77
0
78
1
53
45
43
0
44
0
45
-0.0139193969876572
46
0.0139193969876572
79
0
47
0
98
1
10
0
20
0
0
HATCH
5
1E3
100
AcDbEntity
8
SK2
62
256
6
ByLayer
370
13
48
1
60
0
100
AcDbHatch
10
0
20
0
30
0
210
0
220
0
230
1
2
ANSI31
70
0
71
0
91
1
92
5
93
3
72
1
10
-16.6000000000001
20
12.4967499999994
11
-16.1392162584473
21
8.99675169255258
72
1
10
-16.1392162584473
20
8.99675169255258
11
-17.0607837415528
21
8.99674830744621
72
1
10
-17.0607837415528
20
8.99674830744621
11
-16.6000000000001
21
12.4967499999994
97
0
75
0
76
1
52
0
41
0.0062
77
0
78
1
53
45
43
0
44
0
45
-0.0139193969876572
46
0.0139193969876572
79
0
47
0
98
1
10
0
20
0
0
DIMENSION
5
1E7
100
AcDbEntity
8
2
62
256
6
ByLayer
370
18
48
1
60
0
100
AcDbDimension
2
_U0
10
201
20
24.75
30
0
11
205.5
21
24.75
31
0
70
32
71
1
72
1
41
1
210
0
220
0
230
1
3
Standard
100
AcDbAlignedDimension
13
210
23
12.5
33
0
14
201
24
12.5
34
0
50
0
100
AcDbRotatedDimension
1001
ACAD
1000
DSTYLE
1002
{
1070
   371
1070
    13
1070
   372
1070
    13
1070
   170
1070
     0
1070
   144
1040
1.0
1070
   277
1070
     2
1070
   284
1070
     8
1070
   278
1070
    46
1070
   146
1040
1.0
1070
   345
1005
16
1070
   347
1005
16
1070
   346
1005
16
1070
   344
1005
0
1070
   343
1005
0
1070
   172
1070
     1
1070
    76
1070
     0
1070
    75
1070
     0
1070
   282
1070
     0
1070
   281
1070
     0
1070
    71
1070
     0
1070
    74
1070
     0
1070
   279
1070
     0
1070
   173
1070
     1
1070
   340
1005
1C6
1070
   271
1070
     2
1070
   272
1070
     2
1070
    77
1070
     1
1070
    73
1070
     1
1070
   171
1070
     3
1070
   274
1070
     4
1070
   177
1070
     2
1070
   176
1070
     2
1070
   178
1070
     2
1070
    78
1070
     8
1070
    48
1040
-0.1
1070
    41
1040
3.5
1070
   147
1040
1.75
1070
    42
1040
1.5875
1070
    44
1040
2.0
1070
   140
1040
3.5
1002
}
1001
ACAD_DSTYLE_DIM_LINETYPE
1070
   380
1005
16
1001
ACAD_DSTYLE_DIM_EXT1_LINETYPE
1070
   381
1005
16
1001
ACAD_DSTYLE_DIM_EXT2_LINETYPE
1070
   382
1005
16
0
DIMENSION
5
201
100
AcDbEntity
8
2
62
256
6
ByLayer
370
18
48
1
60
0
100
AcDbDimension
2
_U1
10
160
20
34.75
30
0
11
185
21
34.75
31
0
70
32
71
1
72
1
41
1
210
0
220
0
230
1
3
Standard
100
AcDbAlignedDimension
13
210
23
12.5
33
0
14
160
24
12.5
34
0
50
0
100
AcDbRotatedDimension
1001
ACAD
1000
DSTYLE
1002
{
1070
   371
1070
    13
1070
   372
1070
    13
1070
   170
1070
     0
1070
   144
1040
1.0
1070
   277
1070
     2
1070
   284
1070
     8
1070
   278
1070
    46
1070
   146
1040
1.0
1070
   345
1005
16
1070
   347
1005
16
1070
   346
1005
16
1070
   344
1005
0
1070
   343
1005
0
1070
   172
1070
     1
1070
    76
1070
     0
1070
    75
1070
     0
1070
   282
1070
     0
1070
   281
1070
     0
1070
    71
1070
     0
1070
    74
1070
     0
1070
   279
1070
     0
1070
   173
1070
     1
1070
   340
1005
1C6
1070
   271
1070
     2
1070
   272
1070
     2
1070
    77
1070
     1
1070
    73
1070
     1
1070
   171
1070
     3
1070
   274
1070
     4
1070
   177
1070
     2
1070
   176
1070
     2
1070
   178
1070
     2
1070
    78
1070
     8
1070
    48
1040
-0.1
1070
    41
1040
3.5
1070
   147
1040
1.75
1070
    42
1040
1.5875
1070
    44
1040
2.0
1070
   140
1040
3.5
1002
}
1001
ACAD_DSTYLE_DIM_LINETYPE
1070
   380
1005
16
1001
ACAD_DSTYLE_DIM_EXT1_LINETYPE
1070
   381
1005
16
1001
ACAD_DSTYLE_DIM_EXT2_LINETYPE
1070
   382
1005
16
0
DIMENSION
5
219
100
AcDbEntity
8
SK2
62
256
6
ByLayer
370
18
48
1
60
0
100
AcDbDimension
2
_U2
10
57
20
-28.25
30
0
11
133.5
21
-28.25
31
0
70
32
71
1
72
1
41
1
210
0
220
0
230
1
3
Standard
100
AcDbAlignedDimension
13
210
23
-12.5
33
0
14
57
24
-12.49675
34
0
50
0
100
AcDbRotatedDimension
1001
ACAD
1000
DSTYLE
1002
{
1070
   371
1070
    13
1070
   372
1070
    13
1070
   170
1070
     0
1070
   144
1040
1.0
1070
   277
1070
     2
1070
   284
1070
     8
1070
   278
1070
    46
1070
   146
1040
1.0
1070
   345
1005
16
1070
   347
1005
16
1070
   346
1005
16
1070
   344
1005
0
1070
   343
1005
0
1070
   172
1070
     1
1070
    76
1070
     0
1070
    75
1070
     0
1070
   282
1070
     0
1070
   281
1070
     0
1070
    71
1070
     0
1070
    74
1070
     0
1070
   279
1070
     0
1070
   173
1070
     1
1070
   340
1005
1C6
1070
   271
1070
     2
1070
   272
1070
     2
1070
    77
1070
     1
1070
    73
1070
     1
1070
   171
1070
     3
1070
   274
1070
     4
1070
   177
1070
     2
1070
   176
1070
     2
1070
   178
1070
     2
1070
    78
1070
     8
1070
    48
1040
-0.1
1070
    41
1040
3.5
1070
   147
1040
1.75
1070
    42
1040
1.5875
1070
    44
1040
2.0
1070
   140
1040
3.5
1002
}
1001
ACAD_DSTYLE_DIM_LINETYPE
1070
   380
1005
16
1001
ACAD_DSTYLE_DIM_EXT1_LINETYPE
1070
   381
1005
16
1001
ACAD_DSTYLE_DIM_EXT2_LINETYPE
1070
   382
1005
16
0
ENDSEC
0
SECTION
2
OBJECTS
0
DICTIONARY
5
2a2
330
0
100
AcDbDictionary
280
0
281
1
3
ACAD_GROUP
350
2a3
3
ACAD_MLINESTYLE
350
2a4
0
DICTIONARY
5
2a3
330
0
100
AcDbDictionary
280
0
281
1
0
DICTIONARY
5
2a4
330
0
100
AcDbDictionary
280
0
281
1
3
Standard
350
18
0
MLINESTYLE
5
18
330
2a4
100
AcDbMlineStyle
2
Standard
70
0
3

62
256
51
90
52
90
71
2
49
-0.5
62
256
6
ByLayer
49
0.5
62
256
6
ByLayer
0
RASTERVARIABLES
5
290
330

100
AcDbRasterVariables
90
0
70
1
71
1
72
1
0
ENDSEC
0
EOF
