0
SECTION
2
HEADER
9
$ACADVER
1
AC1015
9
$DWGCODEPAGE
3
ANSI_1252
9
$HANDSEED
5
2e7
9
$ANGBASE
50
0
9
$ANGDIR
70
0
9
$ATTMODE
70
1
9
$AUNITS
70
0
9
$AUPREC
70
0
9
$CECOLOR
62
256
9
$CELTSCALE
40
1
9
$CELTYPE
6
ByLayer
9
$CELWEIGHT
370
18
9
$CLAYER
8
0
9
$CMLJUST
70
0
9
$CMLSCALE
40
1
9
$CMLSTYLE
2
Standard
9
$DIMSTYLE
2
Standard
9
$TEXTSIZE
40
0.2
9
$TEXTSTYLE
7
Standard
9
$LUNITS
70
2
9
$LUPREC
70
4
9
$EXTNAMES
290
1
9
$INSUNITS
70
4
9
$LTSCALE
40
1
9
$LWDISPLAY
290
1
9
$PDMODE
70
0
9
$PDSIZE
40
0
9
$PLINEGEN
70
0
0
ENDSEC
0
SECTION
2
CLASSES
0
CLASS
1
RASTERVARIABLES
2
AcDbRasterVariables
3
ISM
90
0
280
0
281
0
0
ENDSEC
0
SECTION
2
TABLES
0
TABLE
2
VPORT
5
2dd
100
AcDbSymbolTable
0
VPORT
5
1
100
AcDbSymbolTableRecord
100
AcDbViewportTableRecord
2
*Active
70
0
10
0
20
0
11
1
21
1
12
-1
22
1
13
0
23
0
14
0.5
24
0.5
15
10
25
10
16
0
26
0
36
1
17
0
27
0
37
0
0
ENDTAB
0
TABLE
2
LTYPE
5
2de
100
AcDbSymbolTable
0
LTYPE
5
14
100
AcDbSymbolTableRecord
100
AcDbLinetypeTableRecord
70
0
2
ByBlock
3

72
65
73
0
40
0
0
LTYPE
5
15
100
AcDbSymbolTableRecord
100
AcDbLinetypeTableRecord
70
0
2
ByLayer
3

72
65
73
0
40
0
0
LTYPE
5
16
100
AcDbSymbolTableRecord
100
AcDbLinetypeTableRecord
70
0
2
Continuous
3
Solid line
72
65
73
0
40
0
0
LTYPE
5
6E
100
AcDbSymbolTableRecord
100
AcDbLinetypeTableRecord
70
0
2
CENTER
3
____ _ ____ _ ____ _ ____
72
65
73
4
40
47.5
49
22
74
0
49
-8.5
74
0
49
8.5
74
0
49
-8.5
74
0
0
LTYPE
5
6F
100
AcDbSymbolTableRecord
100
AcDbLinetypeTableRecord
70
0
2
DASHED
3
__ __ __ __ __ __ __ __ __
72
65
73
2
40
25.72
49
12.86
74
0
49
-12.86
74
0
0
ENDTAB
0
TABLE
2
LAYER
5
2df
100
AcDbSymbolTable
0
LAYER
5
10
100
AcDbSymbolTableRecord
100
AcDbLayerTableRecord
2
0
70
0
62
7
6
Continuous
290
1
370
-3
390
0
0
LAYER
5
71
100
AcDbSymbolTableRecord
100
AcDbLayerTableRecord
2
81
70
0
62
-3
6
Continuous
290
1
370
-3
390
0
0
LAYER
5
73
100
AcDbSymbolTableRecord
100
AcDbLayerTableRecord
2
80
70
0
62
-6
6
Continuous
290
1
370
-3
390
0
0
LAYER
5
75
100
AcDbSymbolTableRecord
100
AcDbLayerTableRecord
2
1
70
0
62
4
6
Continuous
290
1
370
-3
390
0
0
LAYER
5
7C
100
AcDbSymbolTableRecord
100
AcDbLayerTableRecord
2
4
70
0
62
-2
6
CENTER
290
1
370
-3
390
0
0
LAYER
5
C1
100
AcDbSymbolTableRecord
100
AcDbLayerTableRecord
2
2
70
0
62
7
6
Continuous
290
1
370
-3
390
0
0
LAYER
5
223
100
AcDbSymbolTableRecord
100
AcDbLayerTableRecord
2
Defpoints
70
0
62
7
6
Continuous
290
0
370
-3
390
0
0
LAYER
5
2c9
100
AcDbSymbolTableRecord
100
AcDbLayerTableRecord
2
SK4
70
0
62
2
6
CENTER
290
1
370
-3
390
0
0
LAYER
5
2ca
100
AcDbSymbolTableRecord
100
AcDbLayerTableRecord
2
SK1
70
0
62
4
6
Continuous
290
1
370
-3
390
0
0
LAYER
5
2cb
100
AcDbSymbolTableRecord
100
AcDbLayerTableRecord
2
SK2
70
0
62
7
6
Continuous
290
1
370
-3
390
0
0
LAYER
5
2cc
100
AcDbSymbolTableRecord
100
AcDbLayerTableRecord
2
SK6
70
0
62
5
6
Continuous
290
1
370
-3
390
0
0
ENDTAB
0
TABLE
2
STYLE
5
2e0
100
AcDbSymbolTable
0
STYLE
5
11
100
AcDbSymbolTableRecord
100
AcDbTextStyleTableRecord
2
Standard
3
txt
70
0
71
0
40
0
41
1
42
0
50
0
0
STYLE
5
1EF
100
AcDbSymbolTableRecord
100
AcDbTextStyleTableRecord
2
iso_b_vert
3
simplex.shx
70
0
71
0
40
0
41
1
42
0
50
0
0
STYLE
5
1F0
100
AcDbSymbolTableRecord
100
AcDbTextStyleTableRecord
2
DWGDirectTextStyle
3
simplex
70
0
71
0
40
0
41
1
42
0
50
0
0
ENDTAB
0
TABLE
2
DIMSTYLE
5
2e1
100
AcDbSymbolTable
100
AcDbDimStyleTable
0
DIMSTYLE
105
27
100
AcDbSymbolTableRecord
100
AcDbDimStyleTableRecord
2
Standard
70
0
3
<>
41
0.18
42
0.0625
44
0.18
140
0.18
147
0.09
73
0
74
0
77
1
271
2
275
0
278
52
280
0
340
11
0
ENDTAB
0
TABLE
2
VIEW
5
2e2
100
AcDbSymbolTable
0
ENDTAB
0
TABLE
2
UCS
5
2e3
100
AcDbSymbolTable
0
ENDTAB
0
TABLE
2
APPID
5
2e4
100
AcDbSymbolTable
0
APPID
5
12
100
AcDbSymbolTableRecord
100
AcDbRegAppTableRecord
2
ACAD
70
0
0
APPID
5
21F
100
AcDbSymbolTableRecord
100
AcDbRegAppTableRecord
2
ACAD_DSTYLE_DIMBREAK
70
0
0
APPID
5
288
100
AcDbSymbolTableRecord
100
AcDbRegAppTableRecord
2
ACAD_DSTYLE_DIM_LINETYPE
70
0
0
APPID
5
289
100
AcDbSymbolTableRecord
100
AcDbRegAppTableRecord
2
ACAD_DSTYLE_DIM_EXT1_LINETYPE
70
0
0
APPID
5
28A
100
AcDbSymbolTableRecord
100
AcDbRegAppTableRecord
2
ACAD_DSTYLE_DIM_EXT2_LINETYPE
70
0
0
APPID
5
2C5
100
AcDbSymbolTableRecord
100
AcDbRegAppTableRecord
2
ACAD_MLEADERVER
70
0
0
ENDTAB
0
TABLE
2
BLOCK_RECORD
5
2e5
100
AcDbSymbolTable
0
BLOCK_RECORD
5
1F
100
AcDbSymbolTableRecord
100
AcDbBlockTableRecord
2
*Model_Space
340
0
70
0
0
BLOCK_RECORD
5
1B
100
AcDbSymbolTableRecord
100
AcDbBlockTableRecord
2
*Paper_Space
340
0
70
0
0
BLOCK_RECORD
5
23
100
AcDbSymbolTableRecord
100
AcDbBlockTableRecord
2
*Paper_Space0
340
0
70
0
0
BLOCK_RECORD
5
224
100
AcDbSymbolTableRecord
100
AcDbBlockTableRecord
2
*D1
340
0
70
0
0
BLOCK_RECORD
5
230
100
AcDbSymbolTableRecord
100
AcDbBlockTableRecord
2
_U0
340
0
70
0
0
BLOCK_RECORD
5
23C
100
AcDbSymbolTableRecord
100
AcDbBlockTableRecord
2
*D3
340
0
70
0
0
BLOCK_RECORD
5
249
100
AcDbSymbolTableRecord
100
AcDbBlockTableRecord
2
_U1
340
0
70
0
0
BLOCK_RECORD
5
255
100
AcDbSymbolTableRecord
100
AcDbBlockTableRecord
2
*D5
340
0
70
0
0
BLOCK_RECORD
5
261
100
AcDbSymbolTableRecord
100
AcDbBlockTableRecord
2
_U2
340
0
70
0
0
ENDTAB
0
ENDSEC
0
SECTION
2
BLOCKS
0
BLOCK
5
20
100
AcDbEntity
8
0
100
AcDbBlockBegin
2
*Model_Space
70
0
10
0
20
0
30
0
3
*Model_Space
0
ENDBLK
5
21
100
AcDbEntity
8
0
100
AcDbBlockEnd
0
BLOCK
5
1C
100
AcDbEntity
8
0
100
AcDbBlockBegin
2
*Paper_Space
70
0
10
0
20
0
30
0
3
*Paper_Space
0
ENDBLK
5
1D
100
AcDbEntity
8
0
100
AcDbBlockEnd
0
BLOCK
5
24
100
AcDbEntity
8
0
100
AcDbBlockBegin
2
*Paper_Space0
70
0
10
0
20
0
30
0
3
*Paper_Space0
0
ENDBLK
5
25
100
AcDbEntity
8
0
100
AcDbBlockEnd
0
BLOCK
5
225
100
AcDbEntity
8
0
100
AcDbBlockBegin
2
*D1
70
1
10
0
20
0
30
0
3
*D1
0
LINE
5
227
100
AcDbEntity
8
0
62
256
6
ByLayer
370
-2
48
1
60
0
100
AcDbLine
10
37
20
-5.6375
30
0
11
37
21
-45.142813
31
0
39
0
210
0
220
0
230
1
0
LINE
5
228
100
AcDbEntity
8
0
62
256
6
ByLayer
370
-2
48
1
60
0
100
AcDbLine
10
0
20
-1.5875
30
0
11
0
21
-45.142813
31
0
39
0
210
0
220
0
230
1
0
LINE
5
229
100
AcDbEntity
8
0
62
256
6
ByLayer
370
-2
48
1
60
0
100
AcDbLine
10
33.5
20
-43.142813
30
0
11
3.5
21
-43.142813
31
0
39
0
210
0
220
0
230
1
0
SOLID
5
22A
100
AcDbEntity
8
0
62
256
6
ByLayer
370
-1
48
1
60
0
100
AcDbTrace
10
33.5
20
-43.726146
30
0
11
33.5
21
-42.559479
31
0
12
37
22
-43.142813
32
0
13
37
23
-43.142813
33
0
39
0
210
0
220
0
230
1
0
SOLID
5
22B
100
AcDbEntity
8
0
62
256
6
ByLayer
370
-1
48
1
60
0
100
AcDbTrace
10
3.5
20
-42.559479
30
0
11
3.5
21
-43.726146
31
0
12
0
22
-43.142813
32
0
13
0
23
-43.142813
33
0
39
0
210
0
220
0
230
1
0
MTEXT
5
22C
100
AcDbEntity
8
0
62
256
6
ByLayer
370
18
48
1
60
0
100
AcDbMText
10
18.5
20
-36.142813
30
0
210
0
220
0
230
1
1
\A1;37
40
3.5
41
0
44
1
50
0
71
5
72
5
7
iso_b_vert
0
POINT
5
22D
100
AcDbEntity
8
Defpoints
62
0
6
ByLayer
370
-1
48
1
60
0
100
AcDbPoint
10
37
20
-4.05
30
0
39
0
210
0
220
0
230
1
50
360
0
POINT
5
22E
100
AcDbEntity
8
Defpoints
62
0
6
ByLayer
370
-1
48
1
60
0
100
AcDbPoint
10
0
20
0
30
0
39
0
210
0
220
0
230
1
50
360
0
POINT
5
22F
100
AcDbEntity
8
Defpoints
62
0
6
ByLayer
370
-1
48
1
60
0
100
AcDbPoint
10
0
20
-43.142813
30
0
39
0
210
0
220
0
230
1
50
360
0
ENDBLK
5
226
100
AcDbEntity
8
0
100
AcDbBlockEnd
0
BLOCK
5
237
100
AcDbEntity
8
0
100
AcDbBlockBegin
2
_U0
70
0
10
0
20
0
30
0
3
_U0
0
MTEXT
5
231
100
AcDbEntity
8
SK2
62
256
6
ByLayer
370
18
48
1
60
0
100
AcDbMText
10
16.595034
20
-42.110179
30
0
210
0
220
0
230
1
1
\W0.6740;37
40
3.5
41
0
44
1.084337
50
0
71
7
72
5
7
iso_b_vert
0
LINE
5
232
100
AcDbEntity
8
SK2
62
256
6
ByLayer
370
13
48
1
60
0
100
AcDbLine
10
37
20
-5.6375
30
0
11
37
21
-45.142813
31
0
39
0
210
0
220
0
230
1
0
LINE
5
233
100
AcDbEntity
8
SK2
62
256
6
ByLayer
370
13
48
1
60
0
100
AcDbLine
10
0
20
-1.5875
30
0
11
0
21
-45.142813
31
0
39
0
210
0
220
0
230
1
0
LINE
5
234
100
AcDbEntity
8
SK2
62
256
6
ByLayer
370
13
48
1
60
0
100
AcDbLine
10
37
20
-43.142813
30
0
11
0
21
-43.142813
31
0
39
0
210
0
220
0
230
1
0
SOLID
5
235
100
AcDbEntity
8
SK2
62
256
6
ByLayer
370
18
48
1
60
0
100
AcDbTrace
10
37
20
-43.142813
30
0
11
33.500002
21
-43.603596
31
0
12
33.499998
22
-42.682029
32
0
13
33.499998
23
-42.682029
33
0
39
0
210
0
220
0
230
1
0
SOLID
5
236
100
AcDbEntity
8
SK2
62
256
6
ByLayer
370
18
48
1
60
0
100
AcDbTrace
10
0
20
-43.142813
30
0
11
3.499998
21
-42.682029
31
0
12
3.500002
22
-43.603596
32
0
13
3.500002
23
-43.603596
33
0
39
0
210
0
220
0
230
1
0
ENDBLK
5
238
100
AcDbEntity
8
0
100
AcDbBlockEnd
0
BLOCK
5
23D
100
AcDbEntity
8
0
100
AcDbBlockBegin
2
*D3
70
1
10
0
20
0
30
0
3
*D3
0
LINE
5
23F
100
AcDbEntity
8
0
62
256
6
ByLayer
370
-2
48
1
60
0
100
AcDbLine
10
37
20
-5.6375
30
0
11
37
21
-23.642813
31
0
39
0
210
0
220
0
230
1
0
LINE
5
240
100
AcDbEntity
8
0
62
256
6
ByLayer
370
-2
48
1
60
0
100
AcDbLine
10
11
20
-5.6375
30
0
11
11
21
-23.642813
31
0
39
0
210
0
220
0
230
1
0
LINE
5
241
100
AcDbEntity
8
0
62
256
6
ByLayer
370
-2
48
1
60
0
100
AcDbLine
10
37
20
-21.642813
30
0
11
59.830984
21
-21.642813
31
0
39
0
210
0
220
0
230
1
0
LINE
5
242
100
AcDbEntity
8
0
62
256
6
ByLayer
370
-2
48
1
60
0
100
AcDbLine
10
33.5
20
-21.642813
30
0
11
14.5
21
-21.642813
31
0
39
0
210
0
220
0
230
1
0
SOLID
5
243
100
AcDbEntity
8
0
62
256
6
ByLayer
370
-1
48
1
60
0
100
AcDbTrace
10
33.5
20
-22.226146
30
0
11
33.5
21
-21.059479
31
0
12
37
22
-21.642813
32
0
13
37
23
-21.642813
33
0
39
0
210
0
220
0
230
1
0
SOLID
5
244
100
AcDbEntity
8
0
62
256
6
ByLayer
370
-1
48
1
60
0
100
AcDbTrace
10
14.5
20
-21.059479
30
0
11
14.5
21
-22.226146
31
0
12
11
22
-21.642813
32
0
13
11
23
-21.642813
33
0
39
0
210
0
220
0
230
1
0
MTEXT
5
245
100
AcDbEntity
8
0
62
256
6
ByLayer
370
18
48
1
60
0
100
AcDbMText
10
51.74765
20
-14.642813
30
0
210
0
220
0
230
1
1
\A1;26
40
3.5
41
0
44
1
50
0
71
5
72
5
7
iso_b_vert
0
POINT
5
246
100
AcDbEntity
8
Defpoints
62
0
6
ByLayer
370
-1
48
1
60
0
100
AcDbPoint
10
37
20
-4.05
30
0
39
0
210
0
220
0
230
1
50
360
0
POINT
5
247
100
AcDbEntity
8
Defpoints
62
0
6
ByLayer
370
-1
48
1
60
0
100
AcDbPoint
10
11
20
-4.05
30
0
39
0
210
0
220
0
230
1
50
360
0
POINT
5
248
100
AcDbEntity
8
Defpoints
62
0
6
ByLayer
370
-1
48
1
60
0
100
AcDbPoint
10
11
20
-21.642813
30
0
39
0
210
0
220
0
230
1
50
360
0
ENDBLK
5
23E
100
AcDbEntity
8
0
100
AcDbBlockEnd
0
BLOCK
5
250
100
AcDbEntity
8
0
100
AcDbBlockBegin
2
_U1
70
0
10
0
20
0
30
0
3
_U1
0
MTEXT
5
24A
100
AcDbEntity
8
2
62
256
6
ByLayer
370
18
48
1
60
0
100
AcDbMText
10
49.842684
20
-20.610179
30
0
210
0
220
0
230
1
1
\W0.6740;26
40
3.5
41
0
44
1.084337
50
0
71
7
72
5
7
iso_b_vert
0
LINE
5
24B
100
AcDbEntity
8
2
62
256
6
ByLayer
370
13
48
1
60
0
100
AcDbLine
10
37
20
-5.6375
30
0
11
37
21
-23.642813
31
0
39
0
210
0
220
0
230
1
0
LINE
5
24C
100
AcDbEntity
8
2
62
256
6
ByLayer
370
13
48
1
60
0
100
AcDbLine
10
11
20
-5.6375
30
0
11
11
21
-23.642813
31
0
39
0
210
0
220
0
230
1
0
LINE
5
24D
100
AcDbEntity
8
2
62
256
6
ByLayer
370
13
48
1
60
0
100
AcDbLine
10
11
20
-21.642813
30
0
11
53.838117
21
-21.642813
31
0
39
0
210
0
220
0
230
1
0
SOLID
5
24E
100
AcDbEntity
8
2
62
256
6
ByLayer
370
18
48
1
60
0
100
AcDbTrace
10
37
20
-21.642813
30
0
11
33.500002
21
-22.103596
31
0
12
33.499998
22
-21.182029
32
0
13
33.499998
23
-21.182029
33
0
39
0
210
0
220
0
230
1
0
SOLID
5
24F
100
AcDbEntity
8
2
62
256
6
ByLayer
370
18
48
1
60
0
100
AcDbTrace
10
11
20
-21.642813
30
0
11
14.499998
21
-21.182029
31
0
12
14.500002
22
-22.103596
32
0
13
14.500002
23
-22.103596
33
0
39
0
210
0
220
0
230
1
0
ENDBLK
5
251
100
AcDbEntity
8
0
100
AcDbBlockEnd
0
BLOCK
5
256
100
AcDbEntity
8
0
100
AcDbBlockBegin
2
*D5
70
1
10
0
20
0
30
0
3
*D5
0
LINE
5
258
100
AcDbEntity
8
0
62
256
6
ByLayer
370
-2
48
1
60
0
100
AcDbLine
10
37
20
-5.6375
30
0
11
37
21
-38.142813
31
0
39
0
210
0
220
0
230
1
0
LINE
5
259
100
AcDbEntity
8
0
62
256
6
ByLayer
370
-2
48
1
60
0
100
AcDbLine
10
0.997679
20
-5.3875
30
0
11
0.997679
21
-38.142813
31
0
39
0
210
0
220
0
230
1
0
LINE
5
25A
100
AcDbEntity
8
0
62
256
6
ByLayer
370
-2
48
1
60
0
100
AcDbLine
10
33.5
20
-36.142813
30
0
11
4.497679
21
-36.142813
31
0
39
0
210
0
220
0
230
1
0
SOLID
5
25B
100
AcDbEntity
8
0
62
256
6
ByLayer
370
-1
48
1
60
0
100
AcDbTrace
10
33.5
20
-36.726146
30
0
11
33.5
21
-35.559479
31
0
12
37
22
-36.142813
32
0
13
37
23
-36.142813
33
0
39
0
210
0
220
0
230
1
0
SOLID
5
25C
100
AcDbEntity
8
0
62
256
6
ByLayer
370
-1
48
1
60
0
100
AcDbTrace
10
4.497679
20
-35.559479
30
0
11
4.497679
21
-36.726146
31
0
12
0.997679
22
-36.142813
32
0
13
0.997679
23
-36.142813
33
0
39
0
210
0
220
0
230
1
0
MTEXT
5
25D
100
AcDbEntity
8
0
62
256
6
ByLayer
370
18
48
1
60
0
100
AcDbMText
10
18.998839
20
-29.142813
30
0
210
0
220
0
230
1
1
\A1;36
40
3.5
41
0
44
1
50
0
71
5
72
5
7
iso_b_vert
0
POINT
5
25E
100
AcDbEntity
8
Defpoints
62
0
6
ByLayer
370
-1
48
1
60
0
100
AcDbPoint
10
37
20
-4.05
30
0
39
0
210
0
220
0
230
1
50
360
0
POINT
5
25F
100
AcDbEntity
8
Defpoints
62
0
6
ByLayer
370
-1
48
1
60
0
100
AcDbPoint
10
0.997679
20
-3.8
30
0
39
0
210
0
220
0
230
1
50
360
0
POINT
5
260
100
AcDbEntity
8
Defpoints
62
0
6
ByLayer
370
-1
48
1
60
0
100
AcDbPoint
10
0.997679
20
-36.142813
30
0
39
0
210
0
220
0
230
1
50
360
0
ENDBLK
5
257
100
AcDbEntity
8
0
100
AcDbBlockEnd
0
BLOCK
5
268
100
AcDbEntity
8
0
100
AcDbBlockBegin
2
_U2
70
0
10
0
20
0
30
0
3
_U2
0
MTEXT
5
262
100
AcDbEntity
8
SK2
62
256
6
ByLayer
370
18
48
1
60
0
100
AcDbMText
10
17.093873
20
-35.110179
30
0
210
0
220
0
230
1
1
\W0.6740;36
40
3.5
41
0
44
1.084337
50
0
71
7
72
5
7
iso_b_vert
0
LINE
5
263
100
AcDbEntity
8
SK2
62
256
6
ByLayer
370
13
48
1
60
0
100
AcDbLine
10
37
20
-5.6375
30
0
11
37
21
-38.142813
31
0
39
0
210
0
220
0
230
1
0
LINE
5
264
100
AcDbEntity
8
SK2
62
256
6
ByLayer
370
13
48
1
60
0
100
AcDbLine
10
0.997679
20
-5.3875
30
0
11
0.997679
21
-38.142813
31
0
39
0
210
0
220
0
230
1
0
LINE
5
265
100
AcDbEntity
8
SK2
62
256
6
ByLayer
370
13
48
1
60
0
100
AcDbLine
10
37
20
-36.142813
30
0
11
0.997679
21
-36.142813
31
0
39
0
210
0
220
0
230
1
0
SOLID
5
266
100
AcDbEntity
8
SK2
62
256
6
ByLayer
370
18
48
1
60
0
100
AcDbTrace
10
37
20
-36.142813
30
0
11
33.500002
21
-36.603596
31
0
12
33.499998
22
-35.682029
32
0
13
33.499998
23
-35.682029
33
0
39
0
210
0
220
0
230
1
0
SOLID
5
267
100
AcDbEntity
8
SK2
62
256
6
ByLayer
370
18
48
1
60
0
100
AcDbTrace
10
0.997679
20
-36.142813
30
0
11
4.497677
21
-35.682029
31
0
12
4.497681
22
-36.603596
32
0
13
4.497681
23
-36.603596
33
0
39
0
210
0
220
0
230
1
0
ENDBLK
5
269
100
AcDbEntity
8
0
100
AcDbBlockEnd
0
ENDSEC
0
SECTION
2
ENTITIES
0
ARC
5
D7
100
AcDbEntity
8
1
62
256
6
ByLayer
370
18
48
1
60
0
100
AcDbCircle
39
0
10
0.997679
20
4.8
30
0
40
1
210
0
220
0
230
1
100
AcDbArc
50
240
51
270
0
ARC
5
D8
100
AcDbEntity
8
1
62
256
6
ByLayer
370
18
48
1
60
0
100
AcDbCircle
39
0
10
0.997679
20
-4.8
30
0
40
1
210
0
220
0
230
1
100
AcDbArc
50
90
51
120
0
ELLIPSE
5
D9
100
AcDbEntity
8
1
62
256
6
ByLayer
370
18
48
1
60
0
100
AcDbEllipse
10
36.495617
20
-0.1736
30
0
11
0.167880622416341
21
-0.741100222837789
31
0
210
0
220
0
230
1
40
0.694385
41
3.11457092101921
42
-3.00427744525963
0
ELLIPSE
5
DA
100
AcDbEntity
8
1
62
256
6
ByLayer
370
13
48
1
60
0
100
AcDbEllipse
10
26.14256
20
68.199224
30
0
11
7.37846824498986
21
-71.3852003825094
31
0
210
0
220
0
230
1
40
0.722068
41
-0.474042949322783
42
-0.458263392375926
0
ELLIPSE
5
DB
100
AcDbEntity
8
1
62
256
6
ByLayer
370
13
48
1
60
0
100
AcDbEllipse
10
26.14256
20
2.140998
30
0
11
51.1625809240429
21
-50.3257284148387
31
0
210
0
220
0
230
1
40
0.192362
41
-1.76445259738296
42
-1.72119824140755
0
ELLIPSE
5
DC
100
AcDbEntity
8
1
62
256
6
ByLayer
370
13
48
1
60
0
100
AcDbEllipse
10
26.14256
20
-5.420759
30
0
11
51.7376094695921
21
-49.7343783882469
31
0
210
0
220
0
230
1
40
0.11818
41
-1.80811557631693
42
-1.77376022705205
0
ELLIPSE
5
DD
100
AcDbEntity
8
1
62
256
6
ByLayer
370
13
48
1
60
0
100
AcDbEllipse
10
26.14256
20
-69.214117
30
0
11
33.7619942367568
21
-63.3278483169178
31
0
210
0
220
0
230
1
40
0.625974
41
2.79649344305873
42
2.81678395518201
0
POINT
5
70
100
AcDbEntity
8
81
62
256
6
ByLayer
370
18
48
1
60
0
100
AcDbPoint
10
37
20
0
30
0
39
0
210
0
220
0
230
1
50
360
0
POINT
5
72
100
AcDbEntity
8
80
62
256
6
ByLayer
370
18
48
1
60
0
100
AcDbPoint
10
0
20
0
30
0
39
0
210
0
220
0
230
1
50
360
0
POINT
5
74
100
AcDbEntity
8
1
62
256
6
ByLayer
370
18
48
1
60
1
100
AcDbPoint
10
37
20
-4.05
30
0
39
0
210
0
220
0
230
1
50
360
0
POINT
5
76
100
AcDbEntity
8
1
62
256
6
ByLayer
370
18
48
1
60
1
100
AcDbPoint
10
0
20
0
30
0
39
0
210
0
220
0
230
1
50
360
0
POINT
5
77
100
AcDbEntity
8
1
62
256
6
ByLayer
370
18
48
1
60
1
100
AcDbPoint
10
37
20
-4.05
30
0
39
0
210
0
220
0
230
1
50
360
0
POINT
5
78
100
AcDbEntity
8
1
62
256
6
ByLayer
370
18
48
1
60
1
100
AcDbPoint
10
11
20
-4.05
30
0
39
0
210
0
220
0
230
1
50
360
0
POINT
5
79
100
AcDbEntity
8
1
62
256
6
ByLayer
370
18
48
1
60
1
100
AcDbPoint
10
37
20
-4.05
30
0
39
0
210
0
220
0
230
1
50
360
0
POINT
5
7A
100
AcDbEntity
8
1
62
256
6
ByLayer
370
18
48
1
60
1
100
AcDbPoint
10
0.997679
20
-3.8
30
0
39
0
210
0
220
0
230
1
50
360
0
SPLINE
5
DE
100
AcDbEntity
8
1
62
256
6
ByLayer
370
18
48
1
60
0
100
AcDbSpline
70
4
71
5
72
15
73
9
40
0
40
0
40
0
40
0
40
0
40
0
40
0.246334391569067
40
0.367663270998608
40
0.576334391569067
40
1
40
1
40
1
40
1
40
1
40
1
41
1
10
11
20
3.63493027543726
30
0
41
1
10
11.355397852575
20
3.50115618416493
30
0
41
1
10
11.886361199593
20
3.25845574110821
30
0
41
1
10
12.7181827605507
20
2.7821695797897
30
0
41
1
10
14.1617016824076
20
1.7329728279384
30
0
41
1
10
15.6051298233115
20
0.429179277224762
30
0
41
1
10
16.6930514158384
20
-0.582216831552842
30
0
41
1
10
17.6057812327108
20
-1.37536773964544
30
0
41
1
10
18.2173434558912
20
-1.86268500975925
30
0
0
SPLINE
5
DF
100
AcDbEntity
8
1
62
256
6
ByLayer
370
18
48
1
60
0
100
AcDbSpline
70
4
71
5
72
13
73
7
40
0
40
0
40
0
40
0
40
0
40
0
40
0.533962196254234
40
1
40
1
40
1
40
1
40
1
40
1
41
1
10
11
20
-3.957792331132
30
0
41
1
10
11.4236480742892
20
-4.01306105808371
30
0
41
1
10
12.2179990751471
20
-4.03222808727352
30
0
41
1
10
13.0111961622945
20
-3.88994188284181
30
0
41
1
10
13.8054413669854
20
-3.59019092125868
30
0
41
1
10
14.5990900197326
20
-3.15864785716062
30
0
41
1
10
14.9690291730338
20
-2.93208543244802
30
0
0
SPLINE
5
E0
100
AcDbEntity
8
1
62
256
6
ByLayer
370
18
48
1
60
0
100
AcDbSpline
70
4
71
5
72
12
73
6
40
0
40
0
40
0
40
0
40
0
40
0
40
1
40
1
40
1
40
1
40
1
40
1
41
1
10
14.9701172325494
20
-3.38752532651722
30
0
41
1
10
15.4572563222004
20
-3.62078470971579
30
0
41
1
10
15.9445315119631
20
-3.80283919844919
30
0
41
1
10
16.4315085442196
20
-3.92874203936478
30
0
41
1
10
16.9187219220103
20
-3.99423168156838
30
0
41
1
10
17.4058526404606
20
-3.99965229534806
30
0
0
SPLINE
5
E1
100
AcDbEntity
8
1
62
256
6
ByLayer
370
18
48
1
60
0
100
AcDbSpline
70
4
71
5
72
13
73
7
40
0
40
0
40
0
40
0
40
0
40
0
40
0.53396219625431
40
1
40
1
40
1
40
1
40
1
40
1
41
1
10
11
20
2.86126947075888
30
0
41
1
10
11.4236480743033
20
3.12810371352978
30
0
41
1
10
12.2179990751874
20
3.56608454377641
30
0
41
1
10
13.0111961623599
20
3.87340894863718
30
0
41
1
10
13.8054413670782
20
4.02234072047631
30
0
41
1
10
14.5990900198503
20
4.01113214366913
30
0
41
1
10
14.969029173164
20
3.97137055954869
30
0
0
SPLINE
5
E2
100
AcDbEntity
8
1
62
256
6
ByLayer
370
18
48
1
60
0
100
AcDbSpline
70
4
71
3
72
13
73
9
40
0
40
0
40
0
40
0
40
0.0291560082272915
40
0.23213361647543
40
0.434533082739764
40
0.636597977944829
40
0.838546662653872
40
1
40
1
40
1
40
1
41
1
10
24.2809880613019
20
-0.14248469010866
30
0
41
1
10
24.3186285691792
20
-0.108615969664726
30
0
41
1
10
24.6183930548835
20
0.161233630131903
30
0
41
1
10
25.1806772402851
20
0.667971758794465
30
0
41
1
10
25.9690530664805
20
1.35746269656161
30
0
41
1
10
26.7573487806132
20
2.00425752048943
30
0
41
1
10
27.49284212236
20
2.5490021390307
30
0
41
1
10
27.9653212591651
20
2.85512333722102
30
0
41
1
10
28.1751317590728
20
2.98109052738187
30
0
0
SPLINE
5
E3
100
AcDbEntity
8
1
62
256
6
ByLayer
370
18
48
1
60
0
100
AcDbSpline
70
4
71
3
72
14
73
10
40
0
40
0
40
0
40
0
40
0.113849226966673
40
0.258015817113465
40
0.402627626286541
40
0.547656123830291
40
0.693093258297455
40
0.984817984839296
40
1
40
1
40
1
40
1
41
1
10
20.618620263531
20
1.73612608498911
30
0
41
1
10
20.8266640711337
20
1.90487778480917
30
0
41
1
10
21.2980991153017
20
2.27433697772349
30
0
41
1
10
22.0315155252968
20
2.79050538663523
30
0
41
1
10
22.8193076350622
20
3.25751488131996
30
0
41
1
10
23.6071817149639
20
3.62217224566524
30
0
41
1
10
24.6584014062663
20
3.95771331024662
30
0
41
1
10
25.472150871581
20
4.0277363251065
30
0
41
1
10
26.0243248948189
20
3.98210839541667
30
0
41
1
10
26.0516400554723
20
3.97962423460024
30
0
0
SPLINE
5
E4
100
AcDbEntity
8
1
62
256
6
ByLayer
370
18
48
1
60
0
100
AcDbSpline
70
4
71
5
72
12
73
6
40
0
40
0
40
0
40
0
40
0
40
0
40
1
40
1
40
1
40
1
40
1
40
1
41
1
10
18.2324230492984
20
-3.93985121535224
30
0
41
1
10
18.067108630957
20
-3.96556890179363
30
0
41
1
10
17.9017963607856
20
-3.98446028726659
30
0
41
1
10
17.736475140068
20
-3.9964180313691
30
0
41
1
10
17.5711664609435
20
-4.00149411707775
30
0
41
1
10
17.4058526404594
20
-3.99965229536076
30
0
0
SPLINE
5
E5
100
AcDbEntity
8
1
62
256
6
ByLayer
370
18
48
1
60
0
100
AcDbSpline
70
4
71
5
72
13
73
7
40
0
40
0
40
0
40
0
40
0
40
0
40
0.533962196254231
40
1
40
1
40
1
40
1
40
1
40
1
41
1
10
11
20
-1.95940379654442
30
0
41
1
10
11.4236480742893
20
-1.62641528645554
30
0
41
1
10
12.2179990751473
20
-0.962267282983731
30
0
41
1
10
13.0111961622941
20
-0.240319995449965
30
0
41
1
10
13.805441366986
20
0.488818717468291
30
0
41
1
10
14.5990900197326
20
1.18018428216163
30
0
41
1
10
14.9690291730339
20
1.48934797746847
30
0
0
SPLINE
5
E6
100
AcDbEntity
8
1
62
256
6
ByLayer
370
18
48
1
60
0
100
AcDbSpline
70
4
71
5
72
14
73
8
40
0
40
0
40
0
40
0
40
0
40
0
40
0.33
40
0.61531902667269
40
1
40
1
40
1
40
1
40
1
40
1
41
1
10
20.9955957995607
20
-2.79936662741832
30
0
41
1
10
21.212427379891
20
-2.65992571316747
30
0
41
1
10
21.6167301546436
20
-2.38438137327458
30
0
41
1
10
22.2738925225072
20
-1.89300487824193
30
0
41
1
10
22.9308271534873
20
-1.34550204198675
30
0
41
1
10
23.588028255776
20
-0.764991882110081
30
0
41
1
10
24.0282068158241
20
-0.369935695832567
30
0
41
1
10
24.2809880613019
20
-0.14248469010866
30
0
0
SPLINE
5
E7
100
AcDbEntity
8
1
62
256
6
ByLayer
370
18
48
1
60
0
100
AcDbSpline
70
4
71
3
72
12
73
8
40
0
40
0
40
0
40
0
40
0.186444942030018
40
0.400478738960696
40
0.614217924403241
40
0.827654208656229
40
1
40
1
40
1
40
1
41
1
10
26.0719291220228
20
-3.4661427767083
30
0
41
1
10
26.30042447547
20
-3.56882481736594
30
0
41
1
10
26.7912774224778
20
-3.75971697025344
30
0
41
1
10
27.5449078794235
20
-3.94790002329506
30
0
41
1
10
28.3327637184497
20
-4.02063487610894
30
0
41
1
10
29.0705045930786
20
-3.97067519347903
30
0
41
1
10
29.5456976198369
20
-3.87059998647732
30
0
41
1
10
29.7580553356928
20
-3.81279700328815
30
0
0
SPLINE
5
E8
100
AcDbEntity
8
1
62
256
6
ByLayer
370
18
48
1
60
0
100
AcDbSpline
70
4
71
5
72
13
73
7
40
0
40
0
40
0
40
0
40
0
40
0
40
0.415408942844983
40
1
40
1
40
1
40
1
40
1
40
1
41
1
10
23.1379473199661
20
3.18540475271999
30
0
41
1
10
23.3800279500332
20
3.05355292458356
30
0
41
1
10
23.9628573809124
20
2.70769039934325
30
0
41
1
10
24.5452858697017
20
2.29842302165287
30
0
41
1
10
25.1283626853562
20
1.83800395578362
30
0
41
1
10
25.7109567506839
20
1.34511289995118
30
0
41
1
10
26.0516403272871
20
1.04910214843474
30
0
0
SPLINE
5
E9
100
AcDbEntity
8
1
62
256
6
ByLayer
370
18
48
1
60
0
100
AcDbSpline
70
4
71
3
72
8
73
4
40
0
40
0
40
0
40
0
40
1
40
1
40
1
40
1
41
1
10
26.0719291221417
20
1.03146368322632
30
0
41
1
10
26.0651660842522
20
1.03734731911467
30
0
41
1
10
26.0584030671839
20
1.04322732173449
30
0
41
1
10
26.0516400686041
20
1.04910362952626
30
0
0
SPLINE
5
EA
100
AcDbEntity
8
1
62
256
6
ByLayer
370
18
48
1
60
0
100
AcDbSpline
70
4
71
3
72
11
73
7
40
0
40
0
40
0
40
0
40
0.309909576446043
40
0.623062649439994
40
0.935081133524173
40
1
40
1
40
1
40
1
41
1
10
18.1024740763825
20
-0.468607271138097
30
0
41
1
10
18.3606845193223
20
-0.237716140658676
30
0
41
1
10
18.8809237320772
20
0.232279837023839
30
0
41
1
10
19.6651615588548
20
0.933693622186297
30
0
41
1
10
20.2463647585663
20
1.43188508015214
30
0
41
1
10
20.5639287351457
20
1.69176321270007
30
0
41
1
10
20.6186202634731
20
1.73612543142352
30
0
0
SPLINE
5
EB
100
AcDbEntity
8
1
62
256
6
ByLayer
370
18
48
1
60
0
100
AcDbSpline
70
4
71
5
72
12
73
6
40
0
40
0
40
0
40
0
40
0
40
0
40
1
40
1
40
1
40
1
40
1
40
1
41
1
10
14.969029173164
20
3.97137055954869
30
0
41
1
10
15.6186549138234
20
3.90152350277529
30
0
41
1
10
16.268712014426
20
3.72515698813015
30
0
41
1
10
16.917805879711
20
3.44643260651807
30
0
41
1
10
17.5677221516865
20
3.07698721236042
30
0
41
1
10
18.2173434556836
20
2.63718118119388
30
0
0
SPLINE
5
EC
100
AcDbEntity
8
1
62
256
6
ByLayer
370
18
48
1
60
0
100
AcDbSpline
70
4
71
5
72
12
73
6
40
0
40
0
40
0
40
0
40
0
40
0
40
1
40
1
40
1
40
1
40
1
40
1
41
1
10
18.2173434557192
20
3.58759852701388
30
0
41
1
10
18.6975887110748
20
3.77881199821806
30
0
41
1
10
19.1778542866406
20
3.91757028011128
30
0
41
1
10
19.6580782124938
20
3.9994437604459
30
0
41
1
10
20.1383710376341
20
4.02204030228955
30
0
41
1
10
20.6186202618755
20
3.98639812670999
30
0
0
SPLINE
5
ED
100
AcDbEntity
8
1
62
256
6
ByLayer
370
18
48
1
60
0
100
AcDbSpline
70
4
71
3
72
11
73
7
40
0
40
0
40
0
40
0
40
0.243626912415859
40
0.557341371314527
40
0.87202465139275
40
1
40
1
40
1
40
1
41
1
10
20.6289878027702
20
3.98561781641479
30
0
41
1
10
20.8335749178207
20
3.97000509676315
30
0
41
1
10
21.3015440234274
20
3.90528820719808
30
0
41
1
10
22.0315155252968
20
3.70281970597026
30
0
41
1
10
22.6627363718385
20
3.43473476975422
30
0
41
1
10
23.0314203460818
20
3.24342473202103
30
0
41
1
10
23.1379474869522
20
3.18540552602866
30
0
0
SPLINE
5
EE
100
AcDbEntity
8
1
62
256
6
ByLayer
370
18
48
1
60
0
100
AcDbSpline
70
4
71
5
72
13
73
7
40
0
40
0
40
0
40
0
40
0
40
0
40
0.525408556806541
40
1
40
1
40
1
40
1
40
1
40
1
41
1
10
11
20
-0.464548334942918
30
0
41
1
10
11.4169851337165
20
-0.837879887903284
30
0
41
1
10
12.2115445720776
20
-1.53752395855744
30
0
41
1
10
13.0049486400058
20
-2.19549458203105
30
0
41
1
10
13.7994233121397
20
-2.76231873041794
30
0
41
1
10
14.5932793746263
20
-3.20708538747792
30
0
41
1
10
14.9701172325494
20
-3.38752532651722
30
0
0
SPLINE
5
EF
100
AcDbEntity
8
1
62
256
6
ByLayer
370
18
48
1
60
0
100
AcDbSpline
70
4
71
3
72
13
73
9
40
0
40
0
40
0
40
0
40
0.129134721244916
40
0.298009766651392
40
0.467371413172408
40
0.637210258474004
40
0.977881098031666
40
1
40
1
40
1
40
1
41
1
10
21.4262007238315
20
-0.0097325269351245
30
0
41
1
10
21.6278188335889
20
-0.191265889812655
30
0
41
1
10
22.0925064944177
20
-0.609597125153385
30
0
41
1
10
22.8193076350622
20
-1.24972335040113
30
0
41
1
10
23.6071817149639
20
-1.90427300174363
30
0
41
1
10
24.6584014062663
20
-2.69837276226639
30
0
41
1
10
25.4789130595031
20
-3.19460627140506
30
0
41
1
10
26.0378507603205
20
-3.4508261568254
30
0
41
1
10
26.0719291219433
20
-3.46614039959334
30
0
0
SPLINE
5
F0
100
AcDbEntity
8
1
62
256
6
ByLayer
370
18
48
1
60
0
100
AcDbSpline
70
4
71
3
72
8
73
4
40
0
40
0
40
0
40
0
40
1
40
1
40
1
40
1
41
1
10
20.6289878030438
20
3.98562489403235
30
0
41
1
10
20.6255319633608
20
3.98588862106118
30
0
41
1
10
20.6220761160012
20
3.98614873105927
30
0
41
1
10
20.6186202621418
20
3.98640522250261
30
0
0
SPLINE
5
F1
100
AcDbEntity
8
1
62
256
6
ByLayer
370
18
48
1
60
0
100
AcDbSpline
70
4
71
5
72
12
73
6
40
0
40
0
40
0
40
0
40
0
40
0
40
1
40
1
40
1
40
1
40
1
40
1
41
1
10
31.0879999999999
20
3.98897227614083
30
0
41
1
10
30.5054249682958
20
3.95015175769339
30
0
41
1
10
29.9229173276049
20
3.82560090336619
30
0
41
1
10
29.340193019833
20
3.61648048644227
30
0
41
1
10
28.7576995599008
20
3.33085067562837
30
0
41
1
10
28.175131759124
20
2.98108916150684
30
0
0
SPLINE
5
F2
100
AcDbEntity
8
1
62
256
6
ByLayer
370
18
48
1
60
0
100
AcDbSpline
70
4
71
5
72
13
73
7
40
0
40
0
40
0
40
0
40
0
40
0
40
0.606112028422147
40
1
40
1
40
1
40
1
40
1
40
1
41
1
10
14.9690291730338
20
-2.93208543244802
30
0
41
1
10
15.3488722103755
20
-2.6994470392444
30
0
41
1
10
15.9756049695016
20
-2.2714157621904
30
0
41
1
10
16.6022777568072
20
-1.78005361384047
30
0
41
1
10
17.2289184592718
20
-1.24511888233667
30
0
41
1
10
17.8556329268002
20
-0.689331410998477
30
0
41
1
10
18.1024740763826
20
-0.468607271138126
30
0
0
SPLINE
5
F3
100
AcDbEntity
8
1
62
256
6
ByLayer
370
18
48
1
60
0
100
AcDbSpline
70
4
71
5
72
12
73
6
40
0
40
0
40
0
40
0
40
0
40
0
40
1
40
1
40
1
40
1
40
1
40
1
41
1
10
14.9690291730339
20
1.48934797746847
30
0
41
1
10
15.6186549137259
20
2.03224080966666
30
0
41
1
10
16.2687120143629
20
2.53510347805295
30
0
41
1
10
16.9178058796801
20
2.97420665539067
30
0
41
1
10
17.5677221516892
20
3.32894663378531
30
0
41
1
10
18.2173434557192
20
3.58759852701388
30
0
0
SPLINE
5
F4
100
AcDbEntity
8
1
62
256
6
ByLayer
370
18
48
1
60
0
100
AcDbSpline
70
4
71
3
72
11
73
7
40
0
40
0
40
0
40
0
40
0.276679094227066
40
0.604911680755712
40
0.931955043595937
40
1
40
1
40
1
40
1
41
1
10
18.2173434556836
20
2.63718118119388
30
0
41
1
10
18.437416814929
20
2.4881873134039
30
0
41
1
10
18.9194541855562
20
2.1405957523138
30
0
41
1
10
19.6651615588548
20
1.54353610868597
30
0
41
1
10
20.2463647579038
20
1.04243512766126
30
0
41
1
10
20.5639287338203
20
0.762027123713295
30
0
41
1
10
20.6186202614849
20
0.713572220048206
30
0
0
SPLINE
5
F5
100
AcDbEntity
8
1
62
256
6
ByLayer
370
18
48
1
60
0
100
AcDbSpline
70
4
71
3
72
9
73
5
40
0
40
0
40
0
40
0
40
0.772201478488189
40
1
40
1
40
1
40
1
41
1
10
20.6186202614733
20
0.713572166021606
30
0
41
1
10
20.8266640697621
20
0.529252174319055
30
0
41
1
10
21.0960500508385
20
0.287540753428459
30
0
41
1
10
21.3649658836822
20
0.0454022392804347
30
0
41
1
10
21.4262007238394
20
-0.0097325278871097
30
0
0
SPLINE
5
F6
100
AcDbEntity
8
1
62
256
6
ByLayer
370
18
48
1
60
0
100
AcDbSpline
70
4
71
3
72
11
73
7
40
0
40
0
40
0
40
0
40
0.260248209734809
40
0.577778108795623
40
0.895213080988211
40
1
40
1
40
1
40
1
41
1
10
18.2336282911708
20
-3.93966355047203
30
0
41
1
10
18.4485738595356
20
-3.90616904599435
30
0
41
1
10
18.9260329801627
20
-3.80102630533929
30
0
41
1
10
19.6665054191661
20
-3.5356405603695
30
0
41
1
10
20.2787729970623
20
-3.22989982558616
30
0
41
1
10
20.627827759014
20
-3.02659326533194
30
0
41
1
10
20.7144182546374
20
-2.97446649572612
30
0
0
SPLINE
5
F7
100
AcDbEntity
8
1
62
256
6
ByLayer
370
18
48
1
60
0
100
AcDbSpline
70
4
71
1
72
4
73
2
40
0
40
0
40
1
40
1
41
1
10
36.8902296109083
20
0.334548939638836
30
0
41
1
10
36.8856389941523
20
0.308281772440637
30
0
0
SPLINE
5
F8
100
AcDbEntity
8
1
62
256
6
ByLayer
370
18
48
1
60
0
100
AcDbSpline
70
4
71
3
72
8
73
4
40
0
40
0
40
0
40
0
40
1
40
1
40
1
40
1
41
1
10
36.9720655053859
20
0.962557642239346
30
0
41
1
10
36.9447749919133
20
0.753197241777599
30
0
41
1
10
36.9174844784407
20
0.543836841315851
30
0
41
1
10
36.8901939649681
20
0.334476440854104
30
0
0
SPLINE
5
F9
100
AcDbEntity
8
1
62
256
6
ByLayer
370
18
48
1
60
0
100
AcDbSpline
70
4
71
3
72
10
73
6
40
0
40
0
40
0
40
0
40
0.523558904946352
40
0.523558904946352
40
1
40
1
40
1
40
1
41
1
10
36.9720655053923
20
-2.97523483324815
30
0
41
1
10
36.9736064171377
20
-2.9997070662686
30
0
41
1
10
36.9725602425917
20
-3.02403787142148
30
0
41
1
10
36.9658372957321
20
-3.07025153791633
30
0
41
1
10
36.9606500599662
20
-3.09218751938459
30
0
41
1
10
36.9534737377587
20
-3.11396826095805
30
0
0
SPLINE
5
FA
100
AcDbEntity
8
1
62
256
6
ByLayer
370
18
48
1
60
0
100
AcDbSpline
70
4
71
3
72
12
73
8
40
0
40
0
40
0
40
0
40
0.369411533142927
40
0.369411533142927
40
0.738823066285853
40
0.738823066285853
40
1
40
1
40
1
40
1
41
1
10
36.9720655053923
20
0.962557642288147
30
0
41
1
10
36.9736064171378
20
0.971408388380098
30
0
41
1
10
36.9725602425917
20
0.979949795477694
30
0
41
1
10
36.9655205252001
20
0.996441050767714
30
0
41
1
10
36.9596046674099
20
1.00441149887993
30
0
41
1
10
36.945405073254
20
1.01748739643261
30
0
41
1
10
36.9384224336208
20
1.02265093103966
30
0
41
1
10
36.9303787472356
20
1.02757148297096
30
0
0
SPLINE
5
FB
100
AcDbEntity
8
1
62
256
6
ByLayer
370
18
48
1
60
0
100
AcDbSpline
70
4
71
3
72
18
73
14
40
0
40
0
40
0
40
0
40
0.0252990561073537
40
0.127305895963395
40
0.228283680934241
40
0.328243471137622
40
0.427186500421109
40
0.525114275203307
40
0.622036780790398
40
0.717970929405234
40
0.812934030097002
40
0.906940131481155
40
1
40
1
40
1
40
1
41
1
10
36.8154268530413
20
-3.52679695198503
30
0
41
1
10
36.816338271451
20
-3.52531573763667
30
0
41
1
10
36.8208859606366
20
-3.51784712323064
30
0
41
1
10
36.8286891789742
20
-3.50432201213917
30
0
41
1
10
36.838276116119
20
-3.48612669761522
30
0
41
1
10
36.8469897736128
20
-3.46790673446301
30
0
41
1
10
36.854827785722
20
-3.44969983658731
30
0
41
1
10
36.8617889335485
20
-3.43154311914753
30
0
41
1
10
36.8678750768161
20
-3.41347299630507
30
0
41
1
10
36.8731008440392
20
-3.39552372931743
30
0
41
1
10
36.8774563219222
20
-3.37773040830584
30
0
41
1
10
36.881027857044
20
-3.36011804371856
30
0
41
1
10
36.882710704242
20
-3.34847699563818
30
0
41
1
10
36.8835478716813
20
-3.34268591346355
30
0
0
SPLINE
5
FC
100
AcDbEntity
8
1
62
256
6
ByLayer
370
13
48
1
60
0
100
AcDbSpline
70
4
71
3
72
8
73
4
40
0
40
0
40
0
40
0
40
1
40
1
40
1
40
1
41
1
10
36.9720655053875
20
-2.97523483326378
30
0
41
1
10
36.9447749919145
20
-3.0703810143105
30
0
41
1
10
36.9174844784415
20
-3.16552719535724
30
0
41
1
10
36.8901939649686
20
-3.26067337640399
30
0
0
SPLINE
5
FD
100
AcDbEntity
8
1
62
256
6
ByLayer
370
18
48
1
60
0
100
AcDbSpline
70
4
71
3
72
24
73
20
40
0
40
0
40
0
40
0
40
0.124999999999981
40
0.124999999999981
40
0.249999999999963
40
0.249999999999963
40
0.374999999999944
40
0.374999999999944
40
0.437499999999935
40
0.437499999999935
40
0.499999999999926
40
0.499999999999926
40
0.624999999999943
40
0.624999999999943
40
0.749999999999961
40
0.749999999999961
40
0.87499999999998
40
0.87499999999998
40
1
40
1
40
1
40
1
41
1
10
36.9720655053923
20
3.46134050894585
30
0
41
1
10
36.9736064171379
20
3.49037911108468
30
0
41
1
10
36.9725602425917
20
3.5190927822824
30
0
41
1
10
36.9655205252
20
3.57589874879153
30
0
41
1
10
36.9596046674099
20
3.60403844828795
30
0
41
1
10
36.942967846019
20
3.65956091958031
30
0
41
1
10
36.9324459077787
20
3.68624281103678
30
0
41
1
10
36.9135292235758
20
3.72473064411668
30
0
41
1
10
36.9066961707199
20
3.73730154299452
30
0
41
1
10
36.8919531451643
20
3.7619158378474
30
0
41
1
10
36.8840222725656
20
3.77398944369813
30
0
41
1
10
36.8586948821204
20
3.8091928965323
30
0
41
1
10
36.8400760375249
20
3.83091157735694
30
0
41
1
10
36.7994385488945
20
3.8709170417014
30
0
41
1
10
36.7774036425257
20
3.88921967419546
30
0
41
1
10
36.7297684925419
20
3.92209559641148
30
0
41
1
10
36.7048711819218
20
3.93619180063311
30
0
41
1
10
36.6529645237369
20
3.95980357199255
30
0
41
1
10
36.6259057230229
20
3.96932600875175
30
0
41
1
10
36.5977987107773
20
3.97634123441531
30
0
0
SPLINE
5
FE
100
AcDbEntity
8
1
62
256
6
ByLayer
370
18
48
1
60
0
100
AcDbSpline
70
4
71
3
72
8
73
4
40
0
40
0
40
0
40
0
40
1
40
1
40
1
40
1
41
1
10
36.7147336856806
20
-3.64347598681155
30
0
41
1
10
36.7710267337344
20
-3.54356768818135
30
0
41
1
10
36.8272977716479
20
-3.44324176159051
30
0
41
1
10
36.8835547548249
20
-3.34265739446403
30
0
0
SPLINE
5
FF
100
AcDbEntity
8
1
62
256
6
ByLayer
370
18
48
1
60
0
100
AcDbSpline
70
4
71
3
72
16
73
12
40
0
40
0
40
0
40
0
40
0.250000000000007
40
0.250000000000007
40
0.500000000000014
40
0.500000000000014
40
0.62500000000001
40
0.62500000000001
40
0.750000000000006
40
0.750000000000006
40
1
40
1
40
1
40
1
41
1
10
36.8835460845203
20
-3.34269955160511
30
0
41
1
10
36.884753341362
20
-3.33592177449225
30
0
41
1
10
36.8858668410646
20
-3.32904723737798
30
0
41
1
10
36.8878310089025
20
-3.31502691358807
30
0
41
1
10
36.8886792210344
20
-3.30786496464876
30
0
41
1
10
36.8896254116535
20
-3.29730904857652
30
0
41
1
10
36.8898887393589
20
-3.29380558199369
30
0
41
1
10
36.8902972641302
20
-3.28683307017289
30
0
41
1
10
36.8904424244838
20
-3.2833428696652
30
0
41
1
10
36.8906735566805
20
-3.27318047463854
30
0
41
1
10
36.8905603405157
20
-3.26676654573919
30
0
41
1
10
36.890184068179
20
-3.26070788076498
30
0
0
SPLINE
5
100
100
AcDbEntity
8
1
62
256
6
ByLayer
370
18
48
1
60
0
100
AcDbSpline
70
4
71
1
72
4
73
2
40
0
40
0
40
1
40
1
41
1
10
36.8902296109082
20
-3.2606394320114
30
0
41
1
10
36.8856389941523
20
-3.18672220177203
30
0
0
SPLINE
5
101
100
AcDbEntity
8
1
62
256
6
ByLayer
370
18
48
1
60
0
100
AcDbSpline
70
4
71
3
72
8
73
4
40
0
40
0
40
0
40
0
40
1
40
1
40
1
40
1
41
1
10
34.5520725039044
20
-3.97125922473788
30
0
41
1
10
34.5518713988672
20
-3.9790499035928
30
0
41
1
10
34.5516672013502
20
-3.98468572285714
30
0
41
1
10
34.5514586628794
20
-3.98816054414681
30
0
0
SPLINE
5
102
100
AcDbEntity
8
1
62
256
6
ByLayer
370
18
48
1
60
0
100
AcDbSpline
70
4
71
3
72
8
73
4
40
0
40
0
40
0
40
0
40
1
40
1
40
1
40
1
41
1
10
36.6827364552946
20
-3.73816591785354
30
0
41
1
10
36.6803946422099
20
-3.74365160344664
30
0
41
1
10
36.6775953848716
20
-3.74846782980722
30
0
41
1
10
36.6739749176385
20
-3.75264126760092
30
0
0
SPLINE
5
103
100
AcDbEntity
8
1
62
256
6
ByLayer
370
18
48
1
60
0
100
AcDbSpline
70
4
71
3
72
23
73
19
40
0
40
0
40
0
40
0
40
0.134440311704476
40
0.134440311704476
40
0.268880623408953
40
0.403320935113429
40
0.403320935113429
40
0.470541090965667
40
0.470541090965667
40
0.537761246817905
40
0.537761246817905
40
0.672201558522381
40
0.672201558522381
40
0.739421714374619
40
0.739421714374619
40
0.806641870226858
40
0.806641870226858
40
1
40
1
40
1
40
1
41
1
10
36.603731047879
20
-1.137E-13
30
0
41
1
10
36.5779682409518
20
0.0120822709711206
30
0
41
1
10
36.5526960275377
20
0.02604004864736
30
0
41
1
10
36.5045065503774
20
0.056856164228634
30
0
41
1
10
36.4583961730707
20
0.0906555503958373
30
0
41
1
10
36.4158986277626
20
0.130170403305698
30
0
41
1
10
36.3852252432815
20
0.161898494296395
30
0
41
1
10
36.3751943053729
20
0.172836367359622
30
0
41
1
10
36.3557921858009
20
0.195070195343106
30
0
41
1
10
36.3463829398312
20
0.206403781950627
30
0
41
1
10
36.3189648623694
20
0.241007034993402
30
0
41
1
10
36.3017613667689
20
0.264876099449054
30
0
41
1
10
36.2773873842976
20
0.301748183396143
30
0
41
1
10
36.2695023644295
20
0.314217743906681
30
0
41
1
10
36.2541942648444
20
0.339501882255888
30
0
41
1
10
36.2467497025592
20
0.35235655533674
30
0
41
1
10
36.219033527111
20
0.40235626022411
30
0
41
1
10
36.2008021691312
20
0.439837862440328
30
0
41
1
10
36.184729410596
20
0.477741638885789
30
0
0
SPLINE
5
104
100
AcDbEntity
8
1
62
256
6
ByLayer
370
18
48
1
60
0
100
AcDbSpline
70
4
71
3
72
8
73
4
40
0
40
0
40
0
40
0
40
1
40
1
40
1
40
1
41
1
10
28.1520804445657
20
-3.94752948433609
30
0
41
1
10
28.1518848321633
20
-3.96517475365721
30
0
41
1
10
28.1516864335233
20
-3.98071018785228
30
0
41
1
10
28.1514840253794
20
-3.99411827729696
30
0
0
SPLINE
5
105
100
AcDbEntity
8
1
62
256
6
ByLayer
370
18
48
1
60
0
100
AcDbSpline
70
4
71
3
72
13
73
9
40
0
40
0
40
0
40
0
40
0.5
40
0.5
40
0.625
40
0.625
40
0.75
40
1
40
1
40
1
40
1
41
1
10
34.5520725039044
20
-3.97125922473788
30
0
41
1
10
34.5525809643972
20
-3.95156179465226
30
0
41
1
10
34.5530648675376
20
-3.91829399817328
30
0
41
1
10
34.5536598008127
20
-3.85984661188169
30
0
41
1
10
34.553776169752
20
-3.84729947843755
30
0
41
1
10
34.5540049670832
20
-3.82055041963608
30
0
41
1
10
34.5543425797551
20
-3.77797379234147
30
0
41
1
10
34.5547064080283
20
-3.72807124354637
30
0
41
1
10
34.5549439553672
20
-3.69153421199533
30
0
0
SPLINE
5
106
100
AcDbEntity
8
1
62
256
6
ByLayer
370
13
48
1
60
0
100
AcDbSpline
70
4
71
3
72
12
73
8
40
0
40
0
40
0
40
0
40
0.070547212939551
40
0.383216585284913
40
0.539551271457594
40
0.695885957630275
40
1
40
1
40
1
40
1
41
1
10
34.3680494266886
20
-3.86627770269425
30
0
41
1
10
34.3731348898468
20
-3.86740587974506
30
0
41
1
10
34.400514137978
20
-3.87409562836405
30
0
41
1
10
34.4368587198941
20
-3.88766935881074
30
0
41
1
10
34.4752103456387
20
-3.90822993161834
30
0
41
1
10
34.5119612682971
20
-3.93258354856855
30
0
41
1
10
34.5370655696493
20
-3.95494451875246
30
0
41
1
10
34.5520725039052
20
-3.97125922473882
30
0
0
SPLINE
5
107
100
AcDbEntity
8
1
62
256
6
ByLayer
370
18
48
1
60
0
100
AcDbSpline
70
4
71
3
72
9
73
5
40
0
40
0
40
0
40
0
40
0.50651472341937
40
1
40
1
40
1
40
1
41
1
10
10.3499911836311
20
3.62291565000405
30
0
41
1
10
10.349991183631
20
3.62286844344953
30
0
41
1
10
10.3499911836311
20
3.61603147069681
30
0
41
1
10
10.349991183631
20
3.59588554384797
30
0
41
1
10
10.3499911836309
20
3.58276865000389
30
0
0
SPLINE
5
108
100
AcDbEntity
8
1
62
256
6
ByLayer
370
18
48
1
60
0
100
AcDbSpline
70
4
71
3
72
14
73
10
40
0
40
0
40
0
40
0
40
0.25
40
0.25
40
0.5
40
0.5
40
0.75
40
0.75
40
1
40
1
40
1
40
1
41
1
10
11.0000904698186
20
-3.95779826328675
30
0
41
1
10
11.0006274605667
20
-3.92729714493021
30
0
41
1
10
11.001296608127
20
-3.89212720219678
30
0
41
1
10
11.0025264921931
20
-3.81259012321271
30
0
41
1
10
11.0030891325002
20
-3.76821054499766
30
0
41
1
10
11.0040689616058
20
-3.67020295237904
30
0
41
1
10
11.0045027894101
20
-3.6169156092441
30
0
41
1
10
11.0054625285789
20
-3.50185159927608
30
0
41
1
10
11.0059321213319
20
-3.44008003124733
30
0
41
1
10
11.0063912971465
20
-3.37402230745155
30
0
0
SPLINE
5
109
100
AcDbEntity
8
1
62
256
6
ByLayer
370
18
48
1
60
0
100
AcDbSpline
70
4
71
3
72
10
73
6
40
0
40
0
40
0
40
0
40
0.434209402740851
40
0.434209402740851
40
1
40
1
40
1
40
1
41
1
10
8.82147671003668
20
2.50804561365351
30
0
41
1
10
8.94304622295394
20
2.45223253088105
30
0
41
1
10
9.0660396346484
20
2.39887844954961
30
0
41
1
10
9.3518694470406
20
2.28260044008013
30
0
41
1
10
9.51546331258655
20
2.22171830179525
30
0
41
1
10
9.6795167027457
20
2.16546838167173
30
0
0
SPLINE
5
10A
100
AcDbEntity
8
1
62
256
6
ByLayer
370
18
48
1
60
0
100
AcDbSpline
70
4
71
3
72
13
73
9
40
0
40
0
40
0
40
0
40
0.500000000000001
40
0.500000000000001
40
0.625000000000001
40
0.625000000000001
40
0.750000000000001
40
1
40
1
40
1
40
1
41
1
10
28.1520804445657
20
-3.94752948433609
30
0
41
1
10
28.1525750251784
20
-3.90291570730616
30
0
41
1
10
28.1530470867471
20
-3.84518697842162
30
0
41
1
10
28.1536291413528
20
-3.75672908223018
30
0
41
1
10
28.1537430278927
20
-3.73820361377679
30
0
41
1
10
28.1539670471881
20
-3.69957853749759
30
0
41
1
10
28.1542977805453
20
-3.63932030565923
30
0
41
1
10
28.1546555632874
20
-3.5721316496176
30
0
41
1
10
28.1548893678867
20
-3.52424699465138
30
0
0
SPLINE
5
10B
100
AcDbEntity
8
1
62
256
6
ByLayer
370
13
48
1
60
0
100
AcDbSpline
70
4
71
3
72
12
73
8
40
0
40
0
40
0
40
0
40
0.0705544255611896
40
0.383216845411223
40
0.53954805533624
40
0.695879265261257
40
1
40
1
40
1
40
1
41
1
10
27.9680564341463
20
-3.84818501466103
30
0
41
1
10
27.9731425097812
20
-3.84925279366891
30
0
41
1
10
28.0005222327085
20
-3.85558375010919
30
0
41
1
10
28.0368670237281
20
-3.86842891814817
30
0
41
1
10
28.0752180702191
20
-3.88788507079727
30
0
41
1
10
28.111969108461
20
-3.91093075192205
30
0
41
1
10
28.1370734452747
20
-3.93209080348168
30
0
41
1
10
28.1520804445665
20
-3.94752948433694
30
0
0
SPLINE
5
10C
100
AcDbEntity
8
1
62
256
6
ByLayer
370
18
48
1
60
0
100
AcDbSpline
70
4
71
3
72
8
73
4
40
0
40
0
40
0
40
0
40
1
40
1
40
1
40
1
41
1
10
21.7520877324836
20
-3.73451320927006
30
0
41
1
10
21.7519038673711
20
-3.76898612731796
30
0
41
1
10
21.7517172421899
20
-3.80152032606415
30
0
41
1
10
21.7515277271077
20
-3.8320797942749
30
0
0
SPLINE
5
10D
100
AcDbEntity
8
1
62
256
6
ByLayer
370
13
48
1
60
0
100
AcDbSpline
70
4
71
3
72
10
73
6
40
0
40
0
40
0
40
0
40
0.324777018550912
40
0.662388509275456
40
1
40
1
40
1
40
1
41
1
10
11.0000000000005
20
-3.37019569047118
30
0
41
1
10
11.0000000000005
20
-3.45639919982
30
0
41
1
10
11.0000000000006
20
-3.61822569008902
30
0
41
1
10
11.0000000000003
20
-3.81627292741095
30
0
41
1
10
11
20
-3.91647442051425
30
0
41
1
10
11
20
-3.95779233113197
30
0
0
SPLINE
5
10E
100
AcDbEntity
8
1
62
256
6
ByLayer
370
18
48
1
60
0
100
AcDbSpline
70
4
71
3
72
8
73
4
40
0
40
0
40
0
40
0
40
1
40
1
40
1
40
1
41
1
10
9.68195328193346
20
2.16201609821169
30
0
41
1
10
9.69965467447233
20
2.15562636201673
30
0
41
1
10
9.71772092201152
20
2.14951881059741
30
0
41
1
10
9.73626847502021
20
2.14381947094427
30
0
0
SPLINE
5
10F
100
AcDbEntity
8
1
62
256
6
ByLayer
370
18
48
1
60
0
100
AcDbSpline
70
4
71
3
72
28
73
24
40
0
40
0
40
0
40
0
40
0.026388593189437
40
0.0552347812585279
40
0.0865401744831683
40
0.120306028076697
40
0.156533327786196
40
0.195222845833227
40
0.236375177613111
40
0.279990765475883
40
0.326069913566327
40
0.37461279630635
40
0.425619462246525
40
0.47908983447534
40
0.535023708435148
40
0.593420747763324
40
0.654280478635305
40
0.71760228298679
40
0.783385390930506
40
0.851628872644233
40
0.922331629980045
40
0.995492388038793
40
1
40
1
40
1
40
1
41
1
10
9.95668175680316
20
1.82244428076135
30
0
41
1
10
9.9537976137789
20
1.82477221226287
30
0
41
1
10
9.94776072473675
20
1.82964487774933
30
0
41
1
10
9.93856660762265
20
1.83737411640504
30
0
41
1
10
9.92876479562622
20
1.8458671782401
30
0
41
1
10
9.91839111356998
20
1.85517131122006
30
0
41
1
10
9.9074507781331
20
1.8653300318087
30
0
41
1
10
9.89595837192681
20
1.87639290478367
30
0
41
1
10
9.88392553434531
20
1.88841253257294
30
0
41
1
10
9.87136429937718
20
1.90144535549771
30
0
41
1
10
9.85828574479851
20
1.91555128823001
30
0
41
1
10
9.84469999509562
20
1.93079366554196
30
0
41
1
10
9.83061579495694
20
1.94723905749703
30
0
41
1
10
9.81604017742447
20
1.96495707758515
30
0
41
1
10
9.80097807277079
20
1.98402014338817
30
0
41
1
10
9.78543191020438
20
2.00450319172512
30
0
41
1
10
9.76940117321865
20
2.02648335923678
30
0
41
1
10
9.75288202298881
20
2.05003955198947
30
0
41
1
10
9.73586655805335
20
2.0752521893254
30
0
41
1
10
9.71834342379472
20
2.10220197299665
30
0
41
1
10
9.70029302519956
20
2.13097219575602
30
0
41
1
10
9.68772661400189
20
2.15170175942305
30
0
41
1
10
9.68115116544115
20
2.16272705969641
30
0
41
1
10
9.68076954843832
20
2.16336693118302
30
0
0
SPLINE
5
110
100
AcDbEntity
8
1
62
256
6
ByLayer
370
18
48
1
60
0
100
AcDbSpline
70
4
71
3
72
13
73
9
40
0
40
0
40
0
40
0
40
0.499999999999999
40
0.499999999999999
40
0.624999999999999
40
0.624999999999999
40
0.749999999999999
40
1
40
1
40
1
40
1
41
1
10
21.7520877324836
20
-3.73451320927006
30
0
41
1
10
21.7525526320735
20
-3.64734906350552
30
0
41
1
10
21.7529977255487
20
-3.54844904339203
30
0
41
1
10
21.7535495836863
20
-3.41024171156141
30
0
41
1
10
21.7536575988626
20
-3.38184482559757
30
0
41
1
10
21.7538702569145
20
-3.32368922650758
30
0
41
1
10
21.7541845409376
20
-3.23447205091207
30
0
41
1
10
21.7545277866629
20
-3.13933061098311
30
0
41
1
10
21.7547527128277
20
-3.07325978299752
30
0
0
SPLINE
5
111
100
AcDbEntity
8
1
62
256
6
ByLayer
370
13
48
1
60
0
100
AcDbSpline
70
4
71
3
72
12
73
8
40
0
40
0
40
0
40
0
40
0.0705301071037338
40
0.383216820844317
40
0.539560177714608
40
0.695903534584899
40
1
40
1
40
1
40
1
41
1
10
21.5680730546906
20
-3.64955202505237
30
0
41
1
10
21.5731569892644
20
-3.65046485324089
30
0
41
1
10
21.6005347292442
20
-3.6558788323274
30
0
41
1
10
21.6368780563329
20
-3.66686411624295
30
0
41
1
10
21.6752299258386
20
-3.68350472839592
30
0
41
1
10
21.7119790849958
20
-3.70321422566212
30
0
41
1
10
21.737081947991
20
-3.72131056949957
30
0
41
1
10
21.7520877324844
20
-3.7345132092708
30
0
0
SPLINE
5
112
100
AcDbEntity
8
1
62
256
6
ByLayer
370
18
48
1
60
0
100
AcDbSpline
70
4
71
3
72
26
73
22
40
0
40
0
40
0
40
0
40
0.124999999999993
40
0.124999999999993
40
0.249999999999985
40
0.249999999999985
40
0.312499999999982
40
0.312499999999982
40
0.374999999999978
40
0.374999999999978
40
0.499999999999971
40
0.499999999999971
40
0.624999999999964
40
0.624999999999964
40
0.68749999999996
40
0.68749999999996
40
0.749999999999956
40
0.749999999999956
40
0.874999999999978
40
0.874999999999978
40
1
40
1
40
1
40
1
41
1
10
34.7970620337
20
0.365865614602313
30
0
41
1
10
34.7912446324729
20
0.386790129681685
30
0
41
1
10
34.7877439390077
20
0.407531042835359
30
0
41
1
10
34.7843209498892
20
0.449321222049065
30
0
41
1
10
34.7844008487743
20
0.470372974281446
30
0
41
1
10
34.7868543590105
20
0.502501143698993
30
0
41
1
10
34.7880663639399
20
0.513299106143251
30
0
41
1
10
34.7912626431694
20
0.53510430634941
30
0
41
1
10
34.7932488577866
20
0.546104463754489
30
0
41
1
10
34.8002484234906
20
0.579032581435513
30
0
41
1
10
34.8063142488662
20
0.60103259269016
30
0
41
1
10
34.8210423925746
20
0.645314479337884
30
0
41
1
10
34.8297089985354
20
0.667591332827669
30
0
41
1
10
34.8446614943084
20
0.701308437956612
30
0
41
1
10
34.8499925130704
20
0.712635960819796
30
0
41
1
10
34.8611705825085
20
0.735114302515797
30
0
41
1
10
34.8670250265155
20
0.746286605001501
30
0
41
1
10
34.8853574040335
20
0.779622507637527
30
0
41
1
10
34.8986010073554
20
0.801606133888839
30
0
41
1
10
34.9270752067077
20
0.845167112374099
30
0
41
1
10
34.9422991315168
20
0.866752504275041
30
0
41
1
10
34.9585809954434
20
0.88810969390542
30
0
0
SPLINE
5
113
100
AcDbEntity
8
1
62
256
6
ByLayer
370
18
48
1
60
0
100
AcDbSpline
70
4
71
3
72
34
73
30
40
0
40
0
40
0
40
0
40
0.0425903220124677
40
0.0425903220124677
40
0.0851806440249354
40
0.170361288049871
40
0.255541932074806
40
0.255541932074806
40
0.298132254087274
40
0.298132254087274
40
0.340722576099741
40
0.340722576099741
40
0.425903220124702
40
0.425903220124702
40
0.468493542137171
40
0.468493542137171
40
0.51108386414964
40
0.51108386414964
40
0.681445152199536
40
0.681445152199536
40
0.766625796224484
40
0.766625796224484
40
0.851806440249432
40
0.851806440249432
40
0.93698708427438
40
0.93698708427438
40
0.979577406286853
40
0.979577406286853
40
1
40
1
40
1
40
1
41
1
10
36.603731047879
20
-1.421E-13
30
0
41
1
10
36.5914545611216
20
-0.0071749317526724
30
0
41
1
10
36.5792908995022
20
-0.0147119231876331
30
0
41
1
10
36.5554063467602
20
-0.0303284104018928
30
0
41
1
10
36.5203622650212
20
-0.0544825276824383
30
0
41
1
10
36.4655868716644
20
-0.0979356347184535
30
0
41
1
10
36.4251745883743
20
-0.135322046904605
30
0
41
1
10
36.3960220207067
20
-0.16411777940084
30
0
41
1
10
36.386524279482
20
-0.173819036170755
30
0
41
1
10
36.3681507109678
20
-0.193168768888512
30
0
41
1
10
36.3592427980467
20
-0.202848624748668
30
0
41
1
10
36.3333032008634
20
-0.231862221242579
30
0
41
1
10
36.3170515480855
20
-0.251166233161627
30
0
41
1
10
36.2941030745719
20
-0.279974576239766
30
0
41
1
10
36.2866927872272
20
-0.289553716257672
30
0
41
1
10
36.2723408682429
20
-0.308660642618662
30
0
41
1
10
36.2653800968428
20
-0.318216206072293
30
0
41
1
10
36.232045910711
20
-0.365438957131971
30
0
41
1
10
36.2099013123583
20
-0.401479390507404
30
0
41
1
10
36.1831951570867
20
-0.454037867464251
30
0
41
1
10
36.1753737823779
20
-0.471391049956168
30
0
41
1
10
36.1623615443293
20
-0.505258099127587
30
0
41
1
10
36.1571374631172
20
-0.52181532555025
30
0
41
1
10
36.1494453283916
20
-0.55446246219185
30
0
41
1
10
36.1469746021446
20
-0.570550958160737
30
0
41
1
10
36.1456567312174
20
-0.59455365001233
30
0
41
1
10
36.1456175425557
20
-0.602533072429821
30
0
41
1
10
36.1462158296065
20
-0.614338374228311
30
0
41
1
10
36.1465130779263
20
-0.618170991490388
30
0
41
1
10
36.146917540389
20
-0.621999589572368
30
0
0
SPLINE
5
114
100
AcDbEntity
8
1
62
256
6
ByLayer
370
18
48
1
60
0
100
AcDbSpline
70
4
71
3
72
44
73
40
40
0
40
0
40
0
40
0
40
0.0624999999999455
40
0.0624999999999455
40
0.0781249999999404
40
0.0781249999999404
40
0.0937499999999352
40
0.0937499999999352
40
0.124999999999938
40
0.124999999999938
40
0.187499999999945
40
0.187499999999945
40
0.249999999999952
40
0.249999999999952
40
0.312499999999958
40
0.312499999999958
40
0.343749999999962
40
0.343749999999962
40
0.374999999999967
40
0.374999999999967
40
0.499999999999984
40
0.499999999999984
40
0.562499999999987
40
0.562499999999987
40
0.593749999999994
40
0.593749999999994
40
0.625000000000002
40
0.625000000000002
40
0.687500000000003
40
0.687500000000003
40
0.750000000000004
40
0.750000000000004
40
0.875000000000025
40
0.875000000000025
40
0.906250000000018
40
0.906250000000018
40
0.937500000000012
40
0.937500000000012
40
1
40
1
40
1
40
1
41
1
10
36.2588751750154
20
0.544567633860709
30
0
41
1
10
36.2369805368802
20
0.534810928252938
30
0
41
1
10
36.2180679123495
20
0.522525887842988
30
0
41
1
10
36.1977635543665
20
0.504619777861734
30
0
41
1
10
36.193870535871
20
0.500910013875142
30
0
41
1
10
36.1864142381059
20
0.49324498928911
30
0
41
1
10
36.1828474886777
20
0.489283472104603
30
0
41
1
10
36.1727588650343
20
0.477207495657694
30
0
41
1
10
36.1667964589049
20
0.468854919196446
30
0
41
1
10
36.1509208422825
20
0.443070506500049
30
0
41
1
10
36.1430035520069
20
0.424919182708749
30
0
41
1
10
36.1315682412918
20
0.387364954161541
30
0
41
1
10
36.1281754672265
20
0.368365509642359
30
0
41
1
10
36.1250451924895
20
0.330520284331413
30
0
41
1
10
36.1253069502851
20
0.311633659992936
30
0
41
1
10
36.1280146253334
20
0.283572778861839
30
0
41
1
10
36.1293058908605
20
0.274263663210917
30
0
41
1
10
36.1326235401925
20
0.255768607240668
30
0
41
1
10
36.1346472423408
20
0.246607610794541
30
0
41
1
10
36.1463821813918
20
0.201640331992309
30
0
41
1
10
36.1608754590001
20
0.167979509928529
30
0
41
1
10
36.1891880514806
20
0.1221871404517
30
0
41
1
10
36.1997445033972
20
0.107712337555427
30
0
41
1
10
36.2173256879522
20
0.0874061519699296
30
0
41
1
10
36.2234691427477
20
0.0808871303091223
30
0
41
1
10
36.2362102454921
20
0.0684968736731548
30
0
41
1
10
36.2428231830177
20
0.0626074619583505
30
0
41
1
10
36.2633981179454
20
0.0458875261012395
30
0
41
1
10
36.2780915360214
20
0.0360056525737207
30
0
41
1
10
36.3095903674035
20
0.0189388913806283
30
0
41
1
10
36.3264049638845
20
0.0117519320895383
30
0
41
1
10
36.3804327674414
20
-0.0055266422464513
30
0
41
1
10
36.4196447555394
20
-0.0108111052378206
30
0
41
1
10
36.4736385081484
20
-0.0113137925255273
30
0
41
1
10
36.4846896062432
20
-0.0111118242473083
30
0
41
1
10
36.5073348445683
20
-0.0101561812911939
30
0
41
1
10
36.5189700973181
20
-0.0093987216570497
30
0
41
1
10
36.5544360937359
20
-0.0064150794031264
30
0
41
1
10
36.5787231375394
20
-0.0034968198124545
30
0
41
1
10
36.603731047879
20
-1.421E-13
30
0
0
SPLINE
5
115
100
AcDbEntity
8
1
62
256
6
ByLayer
370
18
48
1
60
0
100
AcDbSpline
70
4
71
3
72
8
73
4
40
0
40
0
40
0
40
0
40
1
40
1
40
1
40
1
41
1
10
15.3524136412506
20
-3.42407063604838
30
0
41
1
10
15.3522369606364
20
-3.47033668770294
30
0
41
1
10
15.3520576008887
20
-3.51487523979276
30
0
41
1
10
15.35187456496
20
-3.55763555806809
30
0
0
SPLINE
5
116
100
AcDbEntity
8
1
62
256
6
ByLayer
370
18
48
1
60
0
100
AcDbSpline
70
4
71
3
72
28
73
24
40
0
40
0
40
0
40
0
40
0.0250749335763177
40
0.0526021123248937
40
0.0825831946690609
40
0.11501945778718
40
0.149911892078248
40
0.18726126160047
40
0.227068142797177
40
0.26933294884322
40
0.314055944153048
40
0.361237251956379
40
0.410876856867013
40
0.462974603761382
40
0.517530193901495
40
0.574543178991651
40
0.634012953700955
40
0.695938747081738
40
0.760319613254086
40
0.827154421687034
40
0.896441847388316
40
0.948622981156928
40
1
40
1
40
1
40
1
41
1
10
9.95668175680316
20
-1.38447920685533
30
0
41
1
10
9.95363959772683
20
-1.37751074719998
30
0
41
1
10
9.94725776652646
20
-1.36289233569326
30
0
41
1
10
9.93753194977114
20
-1.33982348538089
30
0
41
1
10
9.92713386834961
20
-1.31462835218326
30
0
41
1
10
9.91610432184538
20
-1.28729622356226
30
0
41
1
10
9.90444972151968
20
-1.25783250080869
30
0
41
1
10
9.89218699222445
20
-1.2262397640059
30
0
41
1
10
9.87932962381365
20
-1.19252393490703
30
0
41
1
10
9.86589140641243
20
-1.15669292010011
30
0
41
1
10
9.8518848386903
20
-1.11875753787055
30
0
41
1
10
9.83732107192128
20
-1.07873180169389
30
0
41
1
10
9.82220935986274
20
-1.03663342338913
30
0
41
1
10
9.80655660590293
20
-0.992484278977997
30
0
41
1
10
9.79036686266724
20
-0.946310904206939
30
0
41
1
10
9.77364071945814
20
-0.898145009958256
30
0
41
1
10
9.75637503165632
20
-0.848023954440322
30
0
41
1
10
9.73856114124217
20
-0.795991421203524
30
0
41
1
10
9.72018896198361
20
-0.742097278847552
30
0
41
1
10
9.70122775470236
20
-0.686400644790353
30
0
41
1
10
9.68353629391018
20
-0.634364731267084
30
0
41
1
10
9.66723276180241
20
-0.586868015212588
30
0
41
1
10
9.65726784079703
20
-0.558645124772283
30
0
41
1
10
9.65232406842037
20
-0.544643252998895
30
0
0
SPLINE
5
117
100
AcDbEntity
8
1
62
256
6
ByLayer
370
18
48
1
60
0
100
AcDbSpline
70
4
71
3
72
24
73
20
40
0
40
0
40
0
40
0
40
0.125000000000001
40
0.125000000000001
40
0.250000000000001
40
0.250000000000001
40
0.375000000000002
40
0.375000000000002
40
0.437499999999988
40
0.437499999999988
40
0.499999999999975
40
0.499999999999975
40
0.624999999999981
40
0.624999999999981
40
0.749999999999987
40
0.749999999999987
40
0.874999999999994
40
0.874999999999994
40
1
40
1
40
1
40
1
41
1
10
36.9720655053923
20
-2.74081514258373
30
0
41
1
10
36.9736064171377
20
-2.76426135383002
30
0
41
1
10
36.9725602425917
20
-2.78732252304209
30
0
41
1
10
36.9655205252001
20
-2.83270853320363
30
0
41
1
10
36.9596046674099
20
-2.85507523771426
30
0
41
1
10
36.942967846019
20
-2.898970007071
30
0
41
1
10
36.9324459077787
20
-2.91994344773849
30
0
41
1
10
36.9135292235757
20
-2.95001850094084
30
0
41
1
10
36.9066961707198
20
-2.95981037108192
30
0
41
1
10
36.8919531451642
20
-2.9789181202041
30
0
41
1
10
36.8840222725656
20
-2.98825731677866
30
0
41
1
10
36.8586948821204
20
-3.0153827759099
30
0
41
1
10
36.8400760375248
20
-3.03197486080026
30
0
41
1
10
36.7994385488945
20
-3.06223444745086
30
0
41
1
10
36.7774036425256
20
-3.07591392937803
30
0
41
1
10
36.7297684925419
20
-3.10010099862313
30
0
41
1
10
36.7048711819218
20
-3.11025814741433
30
0
41
1
10
36.6529645237368
20
-3.12678474149993
30
0
41
1
10
36.625905723023
20
-3.13315735506828
30
0
41
1
10
36.5977987107774
20
-3.13746191670558
30
0
0
SPLINE
5
118
100
AcDbEntity
8
1
62
256
6
ByLayer
370
13
48
1
60
0
100
AcDbSpline
70
4
71
3
72
8
73
4
40
0
40
0
40
0
40
0
40
1
40
1
40
1
40
1
41
1
10
36.9720655053864
20
-2.74081514255323
30
0
41
1
10
36.944774991913
20
-2.59636383363198
30
0
41
1
10
36.9174844784395
20
-2.45191252471074
30
0
41
1
10
36.8901939649661
20
-2.30746121578949
30
0
0
SPLINE
5
119
100
AcDbEntity
8
1
62
256
6
ByLayer
370
18
48
1
60
0
100
AcDbSpline
70
4
71
3
72
16
73
12
40
0
40
0
40
0
40
0
40
0.250000000000021
40
0.250000000000021
40
0.500000000000043
40
0.500000000000043
40
0.625000000000031
40
0.625000000000031
40
0.75000000000002
40
0.75000000000002
40
1
40
1
40
1
40
1
41
1
10
36.8835460845203
20
-2.34613154604094
30
0
41
1
10
36.884753341362
20
-2.34513866865044
30
0
41
1
10
36.8858668410646
20
-2.34375945324609
30
0
41
1
10
36.8878310089025
20
-2.33991799210239
30
0
41
1
10
36.8886792210344
20
-2.33743549073409
30
0
41
1
10
36.8896254116535
20
-2.33275729564292
30
0
41
1
10
36.8898887393588
20
-2.3310345899628
30
0
41
1
10
36.8902972641302
20
-2.32721867916797
30
0
41
1
10
36.8904424244838
20
-2.325109616975
30
0
41
1
10
36.8906735566806
20
-2.31832645991236
30
0
41
1
10
36.8905603405157
20
-2.31317655633359
30
0
41
1
10
36.8901840681789
20
-2.30740883114854
30
0
0
SPLINE
5
11A
100
AcDbEntity
8
1
62
256
6
ByLayer
370
18
48
1
60
0
100
AcDbSpline
70
4
71
1
72
4
73
2
40
0
40
0
40
1
40
1
41
1
10
36.8902296109078
20
-2.30751063100678
30
0
41
1
10
36.8856389941523
20
-2.23714293907338
30
0
0
SPLINE
5
11B
100
AcDbEntity
8
1
62
256
6
ByLayer
370
18
48
1
60
0
100
AcDbSpline
70
4
71
3
72
14
73
10
40
0
40
0
40
0
40
0
40
0.299333616977771
40
0.299333616977771
40
0.598667233955541
40
0.598667233955541
40
0.898000850933312
40
0.898000850933312
40
1
40
1
40
1
40
1
41
1
10
11.0000904698187
20
3.63493644767468
30
0
41
1
10
11.0006274605667
20
3.66971485963794
30
0
41
1
10
11.0012966081271
20
3.69963791510131
30
0
41
1
10
11.0025264921931
20
3.74992046823763
30
0
41
1
10
11.0030891325002
20
3.77028351620572
30
0
41
1
10
11.0040689616059
20
3.80132603614067
30
0
41
1
10
11.0045027894101
20
3.81189784990008
30
0
41
1
10
11.0051461765098
20
3.81949595050401
30
0
41
1
10
11.0053085007478
20
3.82085820660825
30
0
41
1
10
11.0054696261651
20
3.82164952335197
30
0
0
SPLINE
5
11C
100
AcDbEntity
8
1
62
256
6
ByLayer
370
18
48
1
60
0
100
AcDbSpline
70
4
71
3
72
13
73
9
40
0
40
0
40
0
40
0
40
0.5
40
0.5
40
0.625
40
0.625
40
0.75
40
1
40
1
40
1
40
1
41
1
10
15.3524136412506
20
-3.42407063604838
30
0
41
1
10
15.3528606937162
20
-3.30700430596966
30
0
41
1
10
15.3532866657852
20
-3.17973148277298
30
0
41
1
10
15.3538116381392
20
-3.00795809756608
30
0
41
1
10
15.3539141342446
20
-2.97293828661103
30
0
41
1
10
15.354115511934
20
-2.90175536020885
30
0
41
1
10
15.3544126221782
20
-2.79333661553125
30
0
41
1
10
15.3547371313448
20
-2.68000723363116
30
0
41
1
10
15.3549487995743
20
-2.6022632950758
30
0
0
SPLINE
5
11D
100
AcDbEntity
8
1
62
256
6
ByLayer
370
13
48
1
60
0
100
AcDbSpline
70
4
71
3
72
12
73
8
40
0
40
0
40
0
40
0
40
0.070263022786225
40
0.383143723174889
40
0.539584073369222
40
0.696024423563554
40
1
40
1
40
1
40
1
41
1
10
15.1685144855389
20
-3.35365527754999
30
0
41
1
10
15.1735756048519
20
-3.35440957485409
30
0
41
1
10
15.2009297213393
20
-3.35889743319493
30
0
41
1
10
15.2372517945687
20
-3.36800238545595
30
0
41
1
10
15.2756031647043
20
-3.38180254413351
30
0
41
1
10
15.3123333007499
20
-3.39813952101289
30
0
41
1
10
15.337420320444
20
-3.41313490579671
30
0
41
1
10
15.3524136412515
20
-3.42407063604898
30
0
0
SPLINE
5
11E
100
AcDbEntity
8
1
62
256
6
ByLayer
370
18
48
1
60
0
100
AcDbSpline
70
4
71
3
72
8
73
4
40
0
40
0
40
0
40
0
40
1
40
1
40
1
40
1
41
1
10
8.54761794793333
20
-3.75810604331258
30
0
41
1
10
8.72174456221373
20
-3.71070773664334
30
0
41
1
10
8.8988477207055
20
-3.65525190740482
30
0
41
1
10
9.08064521962027
20
-3.59295239600959
30
0
0
SPLINE
5
11F
100
AcDbEntity
8
1
62
256
6
ByLayer
370
18
48
1
60
0
100
AcDbSpline
70
4
71
3
72
27
73
23
40
0
40
0
40
0
40
0
40
0.0309663622211332
40
0.0614006449655455
40
0.0913042983554681
40
0.120678774846555
40
0.179929224800381
40
0.238580982731246
40
0.296639826054381
40
0.354113331618261
40
0.411007449114488
40
0.467325385516535
40
0.523072180916138
40
0.578256597241749
40
0.632884678853942
40
0.686957100051046
40
0.740474684091777
40
0.793442887951514
40
0.845870954169575
40
0.897768342151081
40
0.949142729472287
40
1
40
1
40
1
40
1
41
1
10
36.7036374501896
20
-2.56138871785737
30
0
41
1
10
36.7066078303269
20
-2.56016864097074
30
0
41
1
10
36.7124975520487
20
-2.55774945116693
30
0
41
1
10
36.7210591657114
20
-2.55389157805141
30
0
41
1
10
36.7293267040855
20
-2.54991819570083
30
0
41
1
10
36.7400378546762
20
-2.54440870750466
30
0
41
1
10
36.7529513768756
20
-2.53709127549376
30
0
41
1
10
36.7677085687071
20
-2.52760778173834
30
0
41
1
10
36.781624849077
20
-2.51750775893035
30
0
41
1
10
36.7946893137472
20
-2.50682641425598
30
0
41
1
10
36.8068931765602
20
-2.49559925805087
30
0
41
1
10
36.8182282032813
20
-2.48386121807596
30
0
41
1
10
36.8286891789742
20
-2.47164781237802
30
0
41
1
10
36.838276116119
20
-2.45899624259673
30
0
41
1
10
36.8469897736128
20
-2.4459430050857
30
0
41
1
10
36.8548277857219
20
-2.43252248739429
30
0
41
1
10
36.8617889335485
20
-2.41876892568311
30
0
41
1
10
36.8678750768161
20
-2.40471667402718
30
0
41
1
10
36.8731008440392
20
-2.39040306552349
30
0
41
1
10
36.8774563219222
20
-2.37585531741897
30
0
41
1
10
36.8810278570438
20
-2.36113339143054
30
0
41
1
10
36.882710704242
20
-2.35110737210516
30
0
41
1
10
36.8835478716813
20
-2.34611971967073
30
0
0
SPLINE
5
120
100
AcDbEntity
8
1
62
256
6
ByLayer
370
18
48
1
60
0
100
AcDbSpline
70
4
71
3
72
8
73
4
40
0
40
0
40
0
40
0
40
1
40
1
40
1
40
1
41
1
10
36.7147336856802
20
-2.00379117785545
30
0
41
1
10
36.771026782422
20
-2.11824002330087
30
0
41
1
10
36.8272977683354
20
-2.23230425688502
30
0
41
1
10
36.8835547548364
20
-2.34612926434841
30
0
0
SPLINE
5
121
100
AcDbEntity
8
1
62
256
6
ByLayer
370
18
48
1
60
0
100
AcDbSpline
70
4
71
3
72
8
73
4
40
0
40
0
40
0
40
0
40
1
40
1
40
1
40
1
41
1
10
36.7147336856806
20
2.50811669102146
30
0
41
1
10
36.7290444646233
20
2.4635197417345
30
0
41
1
10
36.7433538102379
20
2.41891054241492
30
0
41
1
10
36.7576618574216
20
2.37429028537187
30
0
0
SPLINE
5
122
100
AcDbEntity
8
1
62
256
6
ByLayer
370
18
48
1
60
0
100
AcDbSpline
70
4
71
3
72
11
73
7
40
0
40
0
40
0
40
0
40
0.152754470735341
40
0.476909970160339
40
0.801065469585338
40
1
40
1
40
1
40
1
41
1
10
10.3499911836311
20
-2.77591366807454
30
0
41
1
10
10.3499911836311
20
-2.82537909431665
30
0
41
1
10
10.3499911836311
20
-2.97561518561145
30
0
41
1
10
10.349991183631
20
-3.20471938641754
30
0
41
1
10
10.3499911836311
20
-3.41032167015288
30
0
41
1
10
10.3499911836309
20
-3.51756946643295
30
0
41
1
10
10.3499911836309
20
-3.55537928591485
30
0
0
SPLINE
5
123
100
AcDbEntity
8
1
62
256
6
ByLayer
370
18
48
1
60
0
100
AcDbSpline
70
4
71
3
72
16
73
12
40
0
40
0
40
0
40
0
40
0.25
40
0.25
40
0.375
40
0.375
40
0.500000000000001
40
0.500000000000001
40
0.75
40
0.75
40
1
40
1
40
1
40
1
41
1
10
13.1069075410022
20
3.25788407747066
30
0
41
1
10
13.1064619199442
20
3.20927841480437
30
0
41
1
10
13.1060549277199
20
3.1563177211799
30
0
41
1
10
13.1053983883223
20
3.07039320475548
30
0
41
1
10
13.1051806383923
20
3.04066881648814
30
0
41
1
10
13.104769465958
20
2.97904057284669
30
0
41
1
10
13.10457419107
20
2.94718692140788
30
0
41
1
10
13.1039762441231
20
2.84882001880561
30
0
41
1
10
13.1035446927362
20
2.77939673357045
30
0
41
1
10
13.1026851369253
20
2.63290415022135
30
0
41
1
10
13.1022807070638
20
2.55583287738005
30
0
41
1
10
13.1018550939425
20
2.47488053858476
30
0
0
SPLINE
5
124
100
AcDbEntity
8
1
62
256
6
ByLayer
370
18
48
1
60
0
100
AcDbSpline
70
4
71
3
72
10
73
6
40
0
40
0
40
0
40
0
40
0.5
40
0.5
40
1
40
1
40
1
40
1
41
1
10
8.9051308986302
20
-0.0490385610351325
30
0
41
1
10
9.02732186670664
20
-0.132632470967962
30
0
41
1
10
9.15093716345541
20
-0.215043506529867
30
0
41
1
10
9.40015986995553
20
-0.379041266099449
30
0
41
1
10
9.52575897246246
20
-0.460644268676248
30
0
41
1
10
9.65167629075174
20
-0.542820156492013
30
0
0
SPLINE
5
125
100
AcDbEntity
8
1
62
256
6
ByLayer
370
18
48
1
60
0
100
AcDbSpline
70
4
71
3
72
8
73
4
40
0
40
0
40
0
40
0
40
1
40
1
40
1
40
1
41
1
10
9.65269676959261
20
-0.546882614905826
30
0
41
1
10
9.68834618811317
20
-0.570871748644777
30
0
41
1
10
9.72465444739686
20
-0.593502117593005
30
0
41
1
10
9.76181541839696
20
-0.614414715527005
30
0
0
SPLINE
5
126
100
AcDbEntity
8
1
62
256
6
ByLayer
370
13
48
1
60
0
100
AcDbSpline
70
4
71
3
72
12
73
8
40
0
40
0
40
0
40
0
40
0.0702536977630125
40
0.382895420158968
40
0.539216281356945
40
0.695537142554923
40
1
40
1
40
1
40
1
41
1
10
13.568069479107
20
2.07994854799597
30
0
41
1
10
13.573133936338
20
2.0809012180676
30
0
41
1
10
13.6004919069676
20
2.08656672050122
30
0
41
1
10
13.6368179919448
20
2.09806065821209
30
0
41
1
10
13.6751709150156
20
2.11547995052283
30
0
41
1
10
13.7119457638271
20
2.13612523090617
30
0
41
1
10
13.7370700594534
20
2.15508797942124
30
0
41
1
10
13.7520926716869
20
2.16893020427736
30
0
0
SPLINE
5
127
100
AcDbEntity
8
1
62
256
6
ByLayer
370
18
48
1
60
0
100
AcDbSpline
70
4
71
3
72
39
73
35
40
0
40
0
40
0
40
0
40
0.0810299043334718
40
0.0810299043334718
40
0.16341918989358
40
0.16341918989358
40
0.204613832673634
40
0.204613832673634
40
0.245808475453688
40
0.245808475453688
40
0.4105870465739
40
0.4105870465739
40
0.492976332134008
40
0.492976332134008
40
0.513573653524034
40
0.513573653524034
40
0.53417097491406
40
0.53417097491406
40
0.575365617694115
40
0.657754903254223
40
0.657754903254223
40
0.67835222464425
40
0.67835222464425
40
0.698949546034278
40
0.698949546034278
40
0.740144188814337
40
0.822533474374459
40
0.822533474374459
40
0.863728117154521
40
0.863728117154521
40
0.904922759934584
40
0.98731204549471
40
0.98731204549471
40
1
40
1
40
1
40
1
41
1
10
20.0172688063451
20
2.33818943365921
30
0
41
1
10
20.27356955016
20
2.28789036823687
30
0
41
1
10
20.5293789599109
20
2.22601366080624
30
0
41
1
10
21.0461411039884
20
2.07930557960302
30
0
41
1
10
21.3071005924219
20
1.99410569874504
30
0
41
1
10
21.7006381214961
20
1.85063323764206
30
0
41
1
10
21.8321675496464
20
1.80019777352942
30
0
41
1
10
22.0961793758604
20
1.69431502896555
30
0
41
1
10
22.2277082156687
20
1.639251475181
30
0
41
1
10
22.8835738696788
20
1.35436290518135
30
0
41
1
10
23.4026315179254
20
1.0958519958601
30
0
41
1
10
24.1842618845146
20
0.681133232840466
30
0
41
1
10
24.4453058913856
20
0.538392677346934
30
0
41
1
10
24.7734514602247
20
0.356362409601587
30
0
41
1
10
24.8391728191714
20
0.319776550155552
30
0
41
1
10
24.9708314419472
20
0.246297774835455
30
0
41
1
10
25.0368238068973
20
0.209373956300283
30
0
41
1
10
25.2347509724825
20
0.0984588506014461
30
0
41
1
10
25.6299285586088
20
-0.12367483146619
30
0
41
1
10
26.0242010969834
20
-0.344712782434016
30
0
41
1
10
26.3535005125592
20
-0.526090369173403
30
0
41
1
10
26.4193973783979
20
-0.56222479835975
30
0
41
1
10
26.5512964368203
20
-0.634155652417348
30
0
41
1
10
26.617325665781
20
-0.669966419199767
30
0
41
1
10
26.8151612464778
20
-0.776562087226296
30
0
41
1
10
27.2102154071404
20
-0.986621063448922
30
0
41
1
10
27.6045408519982
20
-1.18545415812798
30
0
41
1
10
27.9998716008145
20
-1.37438465117006
30
0
41
1
10
28.1319607377437
20
-1.43577341292252
30
0
41
1
10
28.3956063183209
20
-1.55434848257187
30
0
41
1
10
28.7905231444724
20
-1.72603782121396
30
0
41
1
10
29.1849045304999
20
-1.8777652697286
30
0
41
1
10
29.4891887533445
20
-1.9827909660458
30
0
41
1
10
29.529832988975
20
-1.9965723970133
30
0
41
1
10
29.5704761607303
20
-2.01010129777473
30
0
0
SPLINE
5
128
100
AcDbEntity
8
1
62
256
6
ByLayer
370
18
48
1
60
0
100
AcDbSpline
70
4
71
3
72
40
73
36
40
0
40
0
40
0
40
0
40
0.0108757495828329
40
0.021985101405256
40
0.0333280075744898
40
0.0449044152962789
40
0.0567142667344388
40
0.0687574988703423
40
0.0810340433637876
40
0.0935438264163113
40
0.132478558712623
40
0.170061323621064
40
0.206295562008081
40
0.241185381718175
40
0.274735583600538
40
0.306951702740907
40
0.337840068395617
40
0.367407886806535
40
0.395663352053079
40
0.427390165287465
40
0.459884838494561
40
0.493157333058114
40
0.527216931036294
40
0.562072294710037
40
0.597731520903273
40
0.634202190447337
40
0.671491413163352
40
0.709605868728978
40
0.748551843783413
40
0.78833526560522
40
0.828961732678723
40
0.870436542442844
40
0.912764716493702
40
0.955951023491556
40
1
40
1
40
1
40
1
41
1
10
9.76100278143301
20
-0.611991932717046
30
0
41
1
10
9.75789171235544
20
-0.602758277235836
30
0
41
1
10
9.75160275097139
20
-0.58409263487718
30
0
41
1
10
9.74212707283752
20
-0.555822076145489
30
0
41
1
10
9.73249039101145
20
-0.526982104105173
30
0
41
1
10
9.72269494287022
20
-0.49758056272799
30
0
41
1
10
9.71273604294012
20
-0.467624073534864
30
0
41
1
10
9.70261249743024
20
-0.437119678372199
30
0
41
1
10
9.69231294463461
20
-0.406077618552502
30
0
41
1
10
9.6745663307594
20
-0.352458982427407
30
0
41
1
10
9.64943834982964
20
-0.277986103801965
30
0
41
1
10
9.61645944582253
20
-0.18473809351272
30
0
41
1
10
9.58347390679702
20
-0.0959062561610153
30
0
41
1
10
9.55041663727832
20
-0.0114478853899982
30
0
41
1
10
9.51728143886066
20
0.068716237783633
30
0
41
1
10
9.4840818048215
20
0.144683430758874
30
0
41
1
10
9.45085232052219
20
0.21656582341123
30
0
41
1
10
9.41764751487665
20
0.284486052784388
30
0
41
1
10
9.38265070957149
20
0.352175680461471
30
0
41
1
10
9.34484542944685
20
0.421150730355805
30
0
41
1
10
9.303321752633
20
0.492917462039316
30
0
41
1
10
9.25919507144718
20
0.565484890699764
30
0
41
1
10
9.21249359493845
20
0.638894110081878
30
0
41
1
10
9.16324374853855
20
0.713187178453325
30
0
41
1
10
9.1114761696393
20
0.788408286598468
30
0
41
1
10
9.05722336983069
20
0.864602793786332
30
0
41
1
10
9.0005197447135
20
0.941816902495106
30
0
41
1
10
8.94140100751974
20
1.02009722030689
30
0
41
1
10
8.87990370508405
20
1.09949034659789
30
0
41
1
10
8.81606521942973
20
1.18004271222736
30
0
41
1
10
8.74992188191553
20
1.26179957402545
30
0
41
1
10
8.68151456161624
20
1.34480744466938
30
0
41
1
10
8.61086561669416
20
1.42910345228771
30
0
41
1
10
8.53806618608539
20
1.51475514334535
30
0
41
1
10
8.48847360250366
20
1.57215314748882
30
0
41
1
10
8.46343210024239
20
1.6011359539236
30
0
0
SPLINE
5
129
100
AcDbEntity
8
1
62
256
6
ByLayer
370
18
48
1
60
0
100
AcDbSpline
70
4
71
3
72
15
73
11
40
0
40
0
40
0
40
0
40
0.256673493257646
40
0.256673493257646
40
0.385010239886469
40
0.449178613200881
40
0.449178613200881
40
0.513346986515293
40
0.513346986515293
40
1
40
1
40
1
40
1
41
1
10
9.75934575229368
20
-0.609984941035009
30
0
41
1
10
10.0233591637675
20
-0.753789262600804
30
0
41
1
10
10.2864115570877
20
-0.893833163448676
30
0
41
1
10
10.6810454252196
20
-1.09580619025374
30
0
41
1
10
10.8783756187792
20
-1.1947706035759
30
0
41
1
10
11.0760053336423
20
-1.29024538405801
30
0
41
1
10
11.2078563755462
20
-1.3530687235839
30
0
41
1
10
11.2738894711967
20
-1.38409407047658
30
0
41
1
10
11.8398866976124
20
-1.64600982721063
30
0
41
1
10
12.3334061816143
20
-1.8473874212134
30
0
41
1
10
12.8269969257229
20
-2.01148572490587
30
0
0
SPLINE
5
12A
100
AcDbEntity
8
1
62
256
6
ByLayer
370
18
48
1
60
0
100
AcDbSpline
70
4
71
3
72
21
73
17
40
0
40
0
40
0
40
0
40
0.150923388562031
40
0.150923388562031
40
0.363192541421539
40
0.363192541421539
40
0.416259829636411
40
0.416259829636411
40
0.469327117851283
40
0.575461694281028
40
0.787730847140518
40
0.787730847140518
40
0.840798135355388
40
0.840798135355388
40
0.893865423570259
40
1
40
1
40
1
40
1
41
1
10
31.2455127936599
20
2.32555703498053
30
0
41
1
10
31.4306230143501
20
2.28784901395699
30
0
41
1
10
31.6158000811753
20
2.24407209539976
30
0
41
1
10
32.0624098374267
20
2.12462645965726
30
0
41
1
10
32.3242400300108
20
2.04322973365197
30
0
41
1
10
32.653772674665
20
1.92780619637495
30
0
41
1
10
32.7198182499662
20
1.90402701186392
30
0
41
1
10
32.8516954982038
20
1.85530200515305
30
0
41
1
10
33.0493583558391
20
1.78040756054887
30
0
41
1
10
33.5098307188909
20
1.59345130399595
30
0
41
1
10
33.9043660958761
20
1.41379387808368
30
0
41
1
10
34.2343057685432
20
1.25499779995258
30
0
41
1
10
34.3002883509263
20
1.2228149674234
30
0
41
1
10
34.4321111465398
20
1.15773292073024
30
0
41
1
10
34.6297072400264
20
1.0589990041247
30
0
41
1
10
34.8270298705928
20
0.957167130324478
30
0
41
1
10
34.9585809954261
20
0.888109693917983
30
0
0
SPLINE
5
12B
100
AcDbEntity
8
1
62
256
6
ByLayer
370
18
48
1
60
0
100
AcDbSpline
70
4
71
3
72
22
73
18
40
0
40
0
40
0
40
0
40
0.125000000000037
40
0.125000000000037
40
0.250000000000073
40
0.250000000000073
40
0.500000000000145
40
0.500000000000145
40
0.562500000000149
40
0.562500000000149
40
0.625000000000153
40
0.625000000000153
40
0.750000000000102
40
0.750000000000102
40
0.875000000000051
40
0.875000000000051
40
1
40
1
40
1
40
1
41
1
10
34.9585809954432
20
0.888109693906188
30
0
41
1
10
34.978321379094
20
0.90429170810387
30
0
41
1
10
34.998796926058
20
0.920346086695616
30
0
41
1
10
35.0413927954326
20
0.951974758873661
30
0
41
1
10
35.0635580701617
20
0.967581049353925
30
0
41
1
10
35.1325875304547
20
1.01310707712179
30
0
41
1
10
35.1803427201503
20
1.04070688917508
30
0
41
1
10
35.2429287551895
20
1.07027768657824
30
0
41
1
10
35.2555916319092
20
1.07594359933094
30
0
41
1
10
35.2812323516698
20
1.08673189602163
30
0
41
1
10
35.2942463545007
20
1.09186579675819
30
0
41
1
10
35.3332849090634
20
1.10619309428108
30
0
41
1
10
35.3594351986223
20
1.11437647052665
30
0
41
1
10
35.4121131935998
20
1.12784163887505
30
0
41
1
10
35.4386399733133
20
1.13312480289224
30
0
41
1
10
35.4922135837875
20
1.14053415099858
30
0
41
1
10
35.5193376951917
20
1.14264984307724
30
0
41
1
10
35.5463720226707
20
1.14302358842863
30
0
0
SPLINE
5
12C
100
AcDbEntity
8
1
62
256
6
ByLayer
370
18
48
1
60
0
100
AcDbSpline
70
4
71
3
72
21
73
17
40
0
40
0
40
0
40
0
40
0.227453600407689
40
0.227453600407689
40
0.341180400611527
40
0.341180400611527
40
0.398043800713455
40
0.398043800713455
40
0.454907200815383
40
0.682360801223094
40
0.682360801223094
40
0.79608760142695
40
0.79608760142695
40
0.909814401630806
40
0.909814401630806
40
1
40
1
40
1
40
1
41
1
10
36.6272574900904
20
3.56053153973917
30
0
41
1
10
36.6206751919799
20
3.49460597013078
30
0
41
1
10
36.6093975699231
20
3.42983236962192
30
0
41
1
10
36.5825305719839
20
3.33511328069199
30
0
41
1
10
36.5719206234951
20
3.30394611931334
30
0
41
1
10
36.5532011169702
20
3.25788346501187
30
0
41
1
10
36.5464735248811
20
3.24260703634164
30
0
41
1
10
36.5322382234621
20
3.21269943854784
30
0
41
1
10
36.4946226186555
20
3.13932328783719
30
0
41
1
10
36.4470546599797
20
3.07278466666656
30
0
41
1
10
36.3812912305503
20
2.99890300107896
30
0
41
1
10
36.3578003704311
20
2.97517570566933
30
0
41
1
10
36.3091778210924
20
2.93052644774667
30
0
41
1
10
36.2839609414436
20
2.90948320618534
30
0
41
1
10
36.2373611105839
20
2.87371362606029
30
0
41
1
10
36.2162680882693
20
2.85857705208153
30
0
41
1
10
36.1947398212675
20
2.84405632835836
30
0
0
SPLINE
5
12D
100
AcDbEntity
8
1
62
256
6
ByLayer
370
18
48
1
60
0
100
AcDbSpline
70
4
71
3
72
38
73
34
40
0
40
0
40
0
40
0
40
0.010359307024042
40
0.0209020571186826
40
0.0316282086218226
40
0.0425377167274753
40
0.0536305334135406
40
0.0649066073710783
40
0.105071385299748
40
0.14384148380729
40
0.181220452465739
40
0.217212528896679
40
0.251822665620147
40
0.285056572589091
40
0.316920779016892
40
0.347422718808631
40
0.376570844915205
40
0.409299987580046
40
0.442821248835805
40
0.477144904771261
40
0.512280530688043
40
0.548237062530215
40
0.58502285292064
40
0.622645722188086
40
0.661113004770716
40
0.700431591373928
40
0.740607967247579
40
0.781648246927804
40
0.823558205769057
40
0.866343308569601
40
0.910008735570361
40
0.954559406085497
40
1
40
1
40
1
40
1
41
1
10
9.73485573742951
20
2.14575992368654
30
0
41
1
10
9.7320178816608
20
2.14968102514126
30
0
41
1
10
9.72629191724687
20
2.15759266309007
30
0
41
1
10
9.71766342132875
20
2.1698171333031
30
0
41
1
10
9.70890710667666
20
2.18244578178135
30
0
41
1
10
9.70002488435759
20
2.19550717986146
30
0
41
1
10
9.69100744156995
20
2.2090051147099
30
0
41
1
10
9.67412361882401
20
2.23479213821
30
0
41
1
10
9.64943724642364
20
2.27329390975808
30
0
41
1
10
9.61645972581559
20
2.32520236693514
30
0
41
1
10
9.58347383588151
20
2.37712534062689
30
0
41
1
10
9.55041665520378
20
2.42861879768486
30
0
41
1
10
9.51728143433917
20
2.47928696034887
30
0
41
1
10
9.48408180595942
20
2.52877538878965
30
0
41
1
10
9.45085232023663
20
2.57677003665745
30
0
41
1
10
9.41764751494776
20
2.62299859664958
30
0
41
1
10
9.38265070955026
20
2.66970460167627
30
0
41
1
10
9.34484542945299
20
2.71774959617119
30
0
41
1
10
9.30332175263132
20
2.76812902759767
30
0
41
1
10
9.25919507144769
20
2.81934128393442
30
0
41
1
10
9.21249359493834
20
2.87131414025194
30
0
41
1
10
9.16324374853863
20
2.9239798005527
30
0
41
1
10
9.1114761696393
20
2.97727866874857
30
0
41
1
10
9.05722336983069
20
3.0311579105244
30
0
41
1
10
9.00051974471356
20
3.08557141503149
30
0
41
1
10
8.94140100751977
20
3.14047937851353
30
0
41
1
10
8.87990370508402
20
3.19584782833704
30
0
41
1
10
8.81606521942976
20
3.25164870947688
30
0
41
1
10
8.74992188191553
20
3.30785765731662
30
0
41
1
10
8.6815145616163
20
3.36446069781397
30
0
41
1
10
8.61086561669416
20
3.42142657828489
30
0
41
1
10
8.53806618608542
20
3.4788113762578
30
0
41
1
10
8.48847360250366
20
3.5167964863127
30
0
41
1
10
8.46343210024241
20
3.53597685867152
30
0
0
SPLINE
5
12E
100
AcDbEntity
8
1
62
256
6
ByLayer
370
18
48
1
60
0
100
AcDbSpline
70
4
71
3
72
37
73
33
40
0
40
0
40
0
40
0
40
0.0923915572041941
40
0.0923915572041941
40
0.138587335806291
40
0.161685225107341
40
0.161685225107341
40
0.18478311440839
40
0.18478311440839
40
0.277174671612586
40
0.277174671612586
40
0.323370450214685
40
0.346468339515733
40
0.346468339515733
40
0.369566228816782
40
0.369566228816782
40
0.554349343225164
40
0.554349343225164
40
0.646740900429356
40
0.646740900429356
40
0.69293667903145
40
0.69293667903145
40
0.716034568332498
40
0.716034568332498
40
0.739132457633545
40
0.831524014837732
40
0.831524014837732
40
0.877719793439826
40
0.877719793439826
40
0.92391557204192
40
0.92391557204192
40
1
40
1
40
1
40
1
41
1
10
9.73310521681836
20
2.14852396901989
30
0
41
1
10
9.99784436226287
20
2.07370777281196
30
0
41
1
10
10.2616435584952
20
1.98771353380923
30
0
41
1
10
10.6574354213292
20
1.84367352619455
30
0
41
1
10
10.8553540870888
20
1.76789113710024
30
0
41
1
10
11.053587883796
20
1.68678985566149
30
0
41
1
10
11.1858452879143
20
1.63157700922415
30
0
41
1
10
11.2520555182863
20
1.60338411022923
30
0
41
1
10
11.5827108925937
20
1.45996940021118
30
0
41
1
10
11.8464184680018
20
1.33721911566957
30
0
41
1
10
12.2422549156996
20
1.14336939091197
30
0
41
1
10
12.4402414817623
20
1.04401304231004
30
0
41
1
10
12.6386121668669
20
0.941444122371053
30
0
41
1
10
12.7709763004696
20
0.872399960277136
30
0
41
1
10
12.8370566300147
20
0.837629009031076
30
0
41
1
10
13.4307911636469
20
0.52282486936582
30
0
41
1
10
13.9520796227781
20
0.229550466772736
30
0
41
1
10
14.735930599077
20
-0.209382086451654
30
0
41
1
10
14.9975251130372
20
-0.35554566684479
30
0
41
1
10
15.3918395777167
20
-0.571919794634709
30
0
41
1
10
15.5235986395598
20
-0.643565116797163
30
0
41
1
10
15.7219074460208
20
-0.749970193167485
30
0
41
1
10
15.7881303248341
20
-0.785265004882348
30
0
41
1
10
15.9203577494671
20
-0.855192866470418
30
0
41
1
10
16.2506752934406
20
-1.0285175547391
30
0
41
1
10
16.5801319279076
20
-1.19373517536994
30
0
41
1
10
16.9761493460665
20
-1.38183097680889
30
0
41
1
10
17.1082666229491
20
-1.44283566098579
30
0
41
1
10
17.3729758806362
20
-1.56105808481172
30
0
41
1
10
17.5051457204401
20
-1.61808573239526
30
0
41
1
10
17.8546122274697
20
-1.76300783889832
30
0
41
1
10
18.0717360305039
20
-1.84703532005392
30
0
41
1
10
18.2890977910537
20
-1.9242372258152
30
0
0
SPLINE
5
12F
100
AcDbEntity
8
1
62
256
6
ByLayer
370
18
48
1
60
0
100
AcDbSpline
70
4
71
3
72
17
73
13
40
0
40
0
40
0
40
0
40
0.170307216122234
40
0.170307216122234
40
0.340614432244469
40
0.340614432244469
40
0.681228864488995
40
0.681228864488995
40
0.766382472550125
40
0.766382472550125
40
0.851536080611256
40
1
40
1
40
1
40
1
41
1
10
34.7325876042067
20
-2.30442568779401
30
0
41
1
10
34.7425183932359
20
-2.28527123190983
30
0
41
1
10
34.7528551900863
20
-2.26657163340636
30
0
41
1
10
34.7743442764198
20
-2.23018832163655
30
0
41
1
10
34.7854976035291
20
-2.21250576177425
30
0
41
1
10
34.8203442075647
20
-2.16111362755396
30
0
41
1
10
34.8454318121431
20
-2.12903630858685
30
0
41
1
10
34.8799148608282
20
-2.09205081698869
30
0
41
1
10
34.8869711035408
20
-2.08481002089604
30
0
41
1
10
34.9012598636871
20
-2.07080502206082
30
0
41
1
10
34.9211531658777
20
-2.05219153254262
30
0
41
1
10
34.9418847730413
20
-2.0352076573266
30
0
41
1
10
34.9554248955178
20
-2.02507547521475
30
0
0
SPLINE
5
130
100
AcDbEntity
8
1
62
256
6
ByLayer
370
18
48
1
60
0
100
AcDbSpline
70
4
71
3
72
16
73
12
40
0
40
0
40
0
40
0
40
0.125
40
0.125
40
0.25
40
0.25
40
0.5
40
0.5
40
0.75
40
0.75
40
1
40
1
40
1
40
1
41
1
10
8.26629198714332
20
0.328713501138623
30
0
41
1
10
8.29460162461314
20
0.317090584286859
30
0
41
1
10
8.32239173115696
20
0.304225863385909
30
0
41
1
10
8.37740700370105
20
0.277127282278201
30
0
41
1
10
8.40462172552859
20
0.262868934329333
30
0
41
1
10
8.48569364946954
20
0.218688737346099
30
0
41
1
10
8.53899005736963
20
0.187388722054891
30
0
41
1
10
8.64476998870271
20
0.122726859531412
30
0
41
1
10
8.6972380613023
20
0.0893287056167935
30
0
41
1
10
8.80162529779133
20
0.0210984554349807
30
0
41
1
10
8.85353214662467
20
-0.0137385589498251
30
0
41
1
10
8.9051308986399
20
-0.0490385610409874
30
0
0
SPLINE
5
131
100
AcDbEntity
8
1
62
256
6
ByLayer
370
18
48
1
60
0
100
AcDbSpline
70
4
71
3
72
29
73
25
40
0
40
0
40
0
40
0
40
0.124999999999988
40
0.124999999999988
40
0.187499999999982
40
0.187499999999982
40
0.21874999999998
40
0.21874999999998
40
0.249999999999977
40
0.374999999999981
40
0.374999999999981
40
0.437499999999983
40
0.437499999999983
40
0.499999999999985
40
0.499999999999985
40
0.624999999999988
40
0.624999999999988
40
0.68749999999999
40
0.68749999999999
40
0.749999999999992
40
0.749999999999992
40
0.874999999999996
40
0.874999999999996
40
1
40
1
40
1
40
1
41
1
10
36.6272574900903
20
1.41794025376973
30
0
41
1
10
36.6206751919798
20
1.39422712203745
30
0
41
1
10
36.6093975699231
20
1.37132937972782
30
0
41
1
10
36.5825305719839
20
1.33871074699667
30
0
41
1
10
36.5719206234951
20
1.32812514869741
30
0
41
1
10
36.5532011169702
20
1.31273378946702
30
0
41
1
10
36.546473524881
20
1.30767262701801
30
0
41
1
10
36.532238223462
20
1.29785280577283
30
0
41
1
10
36.4946226186553
20
1.27398485936536
30
0
41
1
10
36.4470546599797
20
1.25346294937236
30
0
41
1
10
36.3812912305503
20
1.23175555312312
30
0
41
1
10
36.3578003704311
20
1.22498180660955
30
0
41
1
10
36.3091778210924
20
1.21260352036231
30
0
41
1
10
36.2839609414436
20
1.20696144964893
30
0
41
1
10
36.2059914355557
20
1.19143605591793
30
0
41
1
10
36.1509393318819
20
1.18294183818429
30
0
41
1
10
36.0649023286833
20
1.1722899878838
30
0
41
1
10
36.0355634170116
20
1.16908429383383
30
0
41
1
10
35.9764291079968
20
1.16334284256715
30
0
41
1
10
35.9465958596684
20
1.16080018980378
30
0
41
1
10
35.8564167963463
20
1.15400977790605
30
0
41
1
10
35.7953990483388
20
1.15059045963142
30
0
41
1
10
35.6719199605227
20
1.14553165887674
30
0
41
1
10
35.6094557537436
20
1.14389571114955
30
0
41
1
10
35.5463720226707
20
1.14302358842866
30
0
0
SPLINE
5
132
100
AcDbEntity
8
1
62
256
6
ByLayer
370
18
48
1
60
0
100
AcDbSpline
70
4
71
3
72
24
73
20
40
0
40
0
40
0
40
0
40
0.124999999999964
40
0.124999999999964
40
0.249999999999928
40
0.249999999999928
40
0.374999999999893
40
0.374999999999893
40
0.437499999999889
40
0.437499999999889
40
0.499999999999885
40
0.499999999999885
40
0.624999999999914
40
0.624999999999914
40
0.749999999999943
40
0.749999999999943
40
0.874999999999971
40
0.874999999999971
40
1
40
1
40
1
40
1
41
1
10
36.9720655053923
20
1.35269057576181
30
0
41
1
10
36.9736064171379
20
1.36324887843068
30
0
41
1
10
36.9725602425917
20
1.37390327694399
30
0
41
1
10
36.9655205252001
20
1.39539584114368
30
0
41
1
10
36.9596046674099
20
1.40624497613911
30
0
41
1
10
36.942967846019
20
1.42806526768754
30
0
41
1
10
36.9324459077787
20
1.43876189474076
30
0
41
1
10
36.9135292235757
20
1.45450317675056
30
0
41
1
10
36.9066961707198
20
1.45969915757348
30
0
41
1
10
36.8919531451642
20
1.4699867672006
30
0
41
1
10
36.8840222725656
20
1.47509125617339
30
0
41
1
10
36.8586948821204
20
1.49015826216336
30
0
41
1
10
36.8400760375249
20
1.49970334419621
30
0
41
1
10
36.7994385488944
20
1.51781393397124
30
0
41
1
10
36.7774036425256
20
1.52638663017635
30
0
41
1
10
36.7297684925419
20
1.54245678298082
30
0
41
1
10
36.7048711819218
20
1.54972006179688
30
0
41
1
10
36.6529645237369
20
1.56273693041527
30
0
41
1
10
36.6259057230229
20
1.56849717111265
30
0
41
1
10
36.5977987107773
20
1.5734220958395
30
0
0
SPLINE
5
133
100
AcDbEntity
8
1
62
256
6
ByLayer
370
18
48
1
60
0
100
AcDbSpline
70
4
71
3
72
16
73
12
40
0
40
0
40
0
40
0
40
0.250000000000014
40
0.250000000000014
40
0.500000000000029
40
0.500000000000029
40
0.625000000000022
40
0.625000000000022
40
0.750000000000016
40
0.750000000000016
40
1
40
1
40
1
40
1
41
1
10
36.8835460845202
20
1.98138076936729
30
0
41
1
10
36.884753341362
20
1.97499328404581
30
0
41
1
10
36.8858668410646
20
1.96874892597808
30
0
41
1
10
36.8878310089024
20
1.95666144180012
30
0
41
1
10
36.8886792210344
20
1.95081434646781
30
0
41
1
10
36.8896254116535
20
1.94283811039753
30
0
41
1
10
36.8898887393589
20
1.94029788162482
30
0
41
1
10
36.8902972641303
20
1.935486305648
30
0
41
1
10
36.8904424244838
20
1.93320305388338
30
0
41
1
10
36.8906735566806
20
1.92695926388694
30
0
41
1
10
36.8905603405157
20
1.9235655100041
30
0
41
1
10
36.890184068179
20
1.92092831121687
30
0
0
SPLINE
5
134
100
AcDbEntity
8
1
62
256
6
ByLayer
370
18
48
1
60
0
100
AcDbSpline
70
4
71
3
72
34
73
30
40
0
40
0
40
0
40
0
40
0.0155405284772818
40
0.0155405284772818
40
0.0858590621574698
40
0.0858590621574698
40
0.121018328997572
40
0.121018328997572
40
0.156177595837673
40
0.156177595837673
40
0.226496129517892
40
0.226496129517892
40
0.296814663198112
40
0.296814663198112
40
0.367133196878331
40
0.367133196878331
40
0.402292463718433
40
0.402292463718433
40
0.437451730558534
40
0.437451730558534
40
0.578088797918898
40
0.578088797918898
40
0.718725865279261
40
0.718725865279261
40
0.789044398959442
40
0.789044398959442
40
0.859362932639624
40
0.859362932639624
40
1
40
1
40
1
40
1
41
1
10
6.94247258058928
20
3.6141588775553
30
0
41
1
10
6.94902205185767
20
3.61347948832437
30
0
41
1
10
6.9555998895402
20
3.61283773995012
30
0
41
1
10
6.99208779269699
20
3.60948930270405
30
0
41
1
10
7.02251020450041
20
3.6074741475897
30
0
41
1
10
7.06879091828881
20
3.60536346786074
30
0
41
1
10
7.08432673891494
20
3.6048129208682
30
0
41
1
10
7.1155990604089
20
3.60399714797049
30
0
41
1
10
7.13126780920004
20
3.60373423697536
30
0
41
1
10
7.17805511768273
20
3.60334223339967
30
0
41
1
10
7.20908988366369
20
3.60360413744644
30
0
41
1
10
7.27089932380659
20
3.60499142908722
30
0
41
1
10
7.30167358860703
20
3.60611792533686
30
0
41
1
10
7.36299424873309
20
3.60910688647857
30
0
41
1
10
7.39354044778216
20
3.61096990090309
30
0
41
1
10
7.43920456033314
20
3.61424192893509
30
0
41
1
10
7.45438649137452
20
3.61541169428852
30
0
41
1
10
7.48449395589995
20
3.6178812192754
30
0
41
1
10
7.49944580271304
20
3.61918281933197
30
0
41
1
10
7.57372593557523
20
3.62599225320085
30
0
41
1
10
7.63163040692154
20
3.63239577616213
30
0
41
1
10
7.74491267212258
20
3.64644739408487
30
0
41
1
10
7.80028472074716
20
3.6540996410599
30
0
41
1
10
7.88165214718799
20
3.66611988151945
30
0
41
1
10
7.90849160077465
20
3.67021762067108
30
0
41
1
10
7.96162840538597
20
3.67853432678879
30
0
41
1
10
7.9877398176603
20
3.68272400275734
30
0
41
1
10
8.06479616190347
20
3.69529979325617
30
0
41
1
10
8.11446843059457
20
3.70369137453724
30
0
41
1
10
8.1626368249191
20
3.71188468350724
30
0
0
SPLINE
5
135
100
AcDbEntity
8
1
62
256
6
ByLayer
370
18
48
1
60
0
100
AcDbSpline
70
4
71
3
72
12
73
8
40
0
40
0
40
0
40
0
40
0.500000000000003
40
0.500000000000003
40
0.750000000000002
40
0.750000000000002
40
1
40
1
40
1
40
1
41
1
10
9
20
-2.7135543689464
30
0
41
1
10
8.91570549398085
20
-2.5904425955938
30
0
41
1
10
8.83590225390427
20
-2.45886916532794
30
0
41
1
10
8.72267593165205
20
-2.24871818393399
30
0
41
1
10
8.6860265846835
20
-2.17652634191791
30
0
41
1
10
8.61502074400599
20
-2.02771455373852
30
0
41
1
10
8.58066620941284
20
-1.95109480196308
30
0
41
1
10
8.54761794793441
20
-1.87211683153427
30
0
0
SPLINE
5
136
100
AcDbEntity
8
1
62
256
6
ByLayer
370
18
48
1
60
0
100
AcDbSpline
70
4
71
3
72
28
73
24
40
0
40
0
40
0
40
0
40
0.0624999999999943
40
0.0624999999999943
40
0.124999999999989
40
0.124999999999989
40
0.249999999999979
40
0.249999999999979
40
0.37499999999997
40
0.37499999999997
40
0.406249999999971
40
0.406249999999971
40
0.437499999999972
40
0.499999999999977
40
0.624999999999982
40
0.624999999999982
40
0.687499999999985
40
0.687499999999985
40
0.749999999999987
40
0.749999999999987
40
0.874999999999994
40
0.874999999999994
40
1
40
1
40
1
40
1
41
1
10
6.44113652767064
20
1.2887893897074
30
0
41
1
10
6.43750096044076
20
1.31018329105331
30
0
41
1
10
6.43439357672719
20
1.331640520484
30
0
41
1
10
6.42934326335112
20
1.37470226490527
30
0
41
1
10
6.42740676624524
20
1.39629367891314
30
0
41
1
10
6.4235505119612
20
1.46052695280071
30
0
41
1
10
6.42354579702641
20
1.50288058229353
30
0
41
1
10
6.42927290467287
20
1.5866345337999
30
0
41
1
10
6.43500252193118
20
1.62803493659067
30
0
41
1
10
6.44623851681669
20
1.67917363095387
30
0
41
1
10
6.44869607452443
20
1.68939266510515
30
0
41
1
10
6.45399617597462
20
1.70962902908445
30
0
41
1
10
6.46252307005273
20
1.73969273998469
30
0
41
1
10
6.48644419444182
20
1.80783245887054
30
0
41
1
10
6.51381435859437
20
1.86288117480621
30
0
41
1
10
6.54576437356272
20
1.91578361966486
30
0
41
1
10
6.55717823669906
20
1.93305977584964
30
0
41
1
10
6.58154106480737
20
1.96690799110201
30
0
41
1
10
6.5945110364888
20
1.9834935372244
30
0
41
1
10
6.63505579794648
20
2.03146496646858
30
0
41
1
10
6.66444586448657
20
2.06134822969
30
0
41
1
10
6.72745621887682
20
2.11747295579735
30
0
41
1
10
6.76110740026004
20
2.14373321538071
30
0
41
1
10
6.79663566513744
20
2.16833633718033
30
0
0
SPLINE
5
137
100
AcDbEntity
8
1
62
256
6
ByLayer
370
18
48
1
60
0
100
AcDbSpline
70
4
71
3
72
37
73
33
40
0
40
0
40
0
40
0
40
0.0312499999999924
40
0.0312499999999924
40
0.0624999999999848
40
0.0937499999999772
40
0.0937499999999772
40
0.12499999999997
40
0.12499999999997
40
0.187499999999968
40
0.187499999999968
40
0.218749999999967
40
0.218749999999967
40
0.249999999999966
40
0.249999999999966
40
0.312499999999964
40
0.312499999999964
40
0.374999999999963
40
0.374999999999963
40
0.437499999999961
40
0.437499999999961
40
0.499999999999959
40
0.499999999999959
40
0.624999999999969
40
0.624999999999969
40
0.749999999999979
40
0.749999999999979
40
0.812499999999984
40
0.812499999999984
40
0.87499999999999
40
0.87499999999999
40
1
40
1
40
1
40
1
41
1
10
6.79663566513733
20
2.16833633718025
30
0
41
1
10
6.80869813804142
20
2.17668953121009
30
0
41
1
10
6.82136599808644
20
2.18434646962049
30
0
41
1
10
6.84749598881902
20
2.19829503308512
30
0
41
1
10
6.8745086374262
20
2.2109385054618
30
0
41
1
10
6.90309322793021
20
2.22128106369988
30
0
41
1
10
6.93239423780935
20
2.23058438770985
30
0
41
1
10
6.94728482791541
20
2.23467596831179
30
0
41
1
10
6.99218201513972
20
2.24539745704379
30
0
41
1
10
7.0225897190123
20
2.25054668257349
30
0
41
1
10
7.06876667091376
20
2.25592190078333
30
0
41
1
10
7.08425421820129
20
2.2573177427189
30
0
41
1
10
7.11540395292712
20
2.25938548378087
30
0
41
1
10
7.13110956958471
20
2.26005727119053
30
0
41
1
10
7.17802967631849
20
2.2610579853656
30
0
41
1
10
7.20910849358458
20
2.26039331062128
30
0
41
1
10
7.27093490480084
20
2.25686920880173
30
0
41
1
10
7.30168193795569
20
2.25400590382938
30
0
41
1
10
7.36288759426714
20
2.24635552556373
30
0
41
1
10
7.3933459519524
20
2.24156662739267
30
0
41
1
10
7.45400219052866
20
2.23023196276517
30
0
41
1
10
7.48427912227785
20
2.22366192022051
30
0
41
1
10
7.57365368779941
20
2.20175923114445
30
0
41
1
10
7.63161166734548
20
2.18421483169374
30
0
41
1
10
7.74485004725889
20
2.14407631539896
30
0
41
1
10
7.800123954296
20
2.12147077257902
30
0
41
1
10
7.88125568383586
20
2.0840388197563
30
0
41
1
10
7.90800169443455
20
2.07097169655199
30
0
41
1
10
7.96092499883329
20
2.04368086973866
30
0
41
1
10
7.98715525950803
20
2.02942547203327
30
0
41
1
10
8.06449653216993
20
1.98525224260501
30
0
41
1
10
8.11432980068312
20
1.95391064938602
30
0
41
1
10
8.16263682491891
20
1.92079582182237
30
0
0
SPLINE
5
138
100
AcDbEntity
8
1
62
256
6
ByLayer
370
18
48
1
60
0
100
AcDbSpline
70
4
71
3
72
42
73
38
40
0
40
0
40
0
40
0
40
0.125000000000002
40
0.125000000000002
40
0.250000000000004
40
0.250000000000004
40
0.375000000000007
40
0.375000000000007
40
0.437500000000006
40
0.437500000000006
40
0.468750000000006
40
0.468750000000006
40
0.500000000000006
40
0.500000000000006
40
0.562500000000005
40
0.562500000000005
40
0.625000000000004
40
0.625000000000004
40
0.687500000000004
40
0.687500000000004
40
0.750000000000003
40
0.750000000000003
40
0.812500000000002
40
0.812500000000002
40
0.843750000000001
40
0.843750000000001
40
0.859375
40
0.859375
40
0.875
40
0.875
40
0.9375
40
0.9375
40
0.953125
40
0.953125
40
0.96875
40
0.96875
40
1
40
1
40
1
40
1
41
1
10
8.54761794793441
20
-1.87211683153427
30
0
41
1
10
8.42618347290653
20
-1.7735902065948
30
0
41
1
10
8.30681522629737
20
-1.67131123305666
30
0
41
1
10
8.07178227461358
20
-1.45930679489683
30
0
41
1
10
7.95611317067849
20
-1.3495887320932
30
0
41
1
10
7.72846937429958
20
-1.12231018144195
30
0
41
1
10
7.61648526053958
20
-1.00476423717373
30
0
41
1
10
7.45173501487338
20
-0.82168901277177
30
0
41
1
10
7.39736144565194
20
-0.759530744083435
30
0
41
1
10
7.3167433657687
20
-0.664389107303407
30
0
41
1
10
7.29000658964787
20
-0.632330497825137
30
0
41
1
10
7.23697736240737
20
-0.567652847485959
30
0
41
1
10
7.21072875388569
20
-0.535088168926933
30
0
41
1
10
7.13283674614453
20
-0.436673062620599
30
0
41
1
10
7.08204195639829
20
-0.370105585344476
30
0
41
1
10
6.98312300245735
20
-0.234741547848188
30
0
41
1
10
6.93499579777307
20
-0.165947339163523
30
0
41
1
10
6.84201392086729
20
-0.0256628850600862
30
0
41
1
10
6.79707551496793
20
0.0459826057856958
30
0
41
1
10
6.71236070727537
20
0.190942727826325
30
0
41
1
10
6.67246380871742
20
0.264409149188111
30
0
41
1
10
6.59890406837249
20
0.413900842036838
30
0
41
1
10
6.56522379530449
20
0.489918288510267
30
0
41
1
10
6.52095094775285
20
0.606565384156085
30
0
41
1
10
6.50724216332992
20
0.645887953329151
30
0
41
1
10
6.48855528460084
20
0.705667557029727
30
0
41
1
10
6.48265368038651
20
0.725688142621834
30
0
41
1
10
6.4716165047449
20
0.765709618279743
30
0
41
1
10
6.46647093410385
20
0.785741914932458
30
0
41
1
10
6.44273111820263
20
0.886027715029712
30
0
41
1
10
6.43001056915762
20
0.966642164611159
30
0
41
1
10
6.42469950095554
20
1.06826015962341
30
0
41
1
10
6.42417390628015
20
1.08868035689554
30
0
41
1
10
6.42428918498644
20
1.12933015802918
30
0
41
1
10
6.42492662872985
20
1.14954040488343
30
0
41
1
10
6.42865654724409
20
1.20982255999255
30
0
41
1
10
6.43356290352054
20
1.24954622949451
30
0
41
1
10
6.44113652767075
20
1.28878938970743
30
0
0
SPLINE
5
139
100
AcDbEntity
8
1
62
256
6
ByLayer
370
18
48
1
60
0
100
AcDbSpline
70
4
71
3
72
8
73
4
40
0
40
0
40
0
40
0
40
1
40
1
40
1
40
1
41
1
10
8.54761794793333
20
-1.87211683153637
30
0
41
1
10
8.7217441626467
20
-1.99138482813194
30
0
41
1
10
8.89884729030146
20
-2.10143227169871
30
0
41
1
10
9.08064521961842
20
-2.20109517522519
30
0
0
SPLINE
5
13A
100
AcDbEntity
8
1
62
256
6
ByLayer
370
18
48
1
60
0
100
AcDbSpline
70
4
71
3
72
14
73
10
40
0
40
0
40
0
40
0
40
0.25
40
0.25
40
0.5
40
0.5
40
0.75
40
0.75
40
1
40
1
40
1
40
1
41
1
10
6.44113652767075
20
1.28878938970752
30
0
41
1
10
6.58590805153423
20
1.1951569557329
30
0
41
1
10
6.73218229775131
20
1.10465099555421
30
0
41
1
10
7.02822943031916
20
0.930439118820829
30
0
41
1
10
7.17800369681723
20
0.846736912474
30
0
41
1
10
7.48155669829387
20
0.686484989649358
30
0
41
1
10
7.63533742973291
20
0.6099393154974
30
0
41
1
10
7.94736955091284
20
0.464034097967073
30
0
41
1
10
8.10562341742005
20
0.394678225295109
30
0
41
1
10
8.26629198714338
20
0.328713501138793
30
0
0
SPLINE
5
13B
100
AcDbEntity
8
1
62
256
6
ByLayer
370
18
48
1
60
0
100
AcDbSpline
70
4
71
3
72
16
73
12
40
0
40
0
40
0
40
0
40
0.25
40
0.25
40
0.375
40
0.375
40
0.5
40
0.5
40
0.75
40
0.75
40
1
40
1
40
1
40
1
41
1
10
19.5066469866947
20
2.69511819068055
30
0
41
1
10
19.5062069950725
20
2.6234098286356
30
0
41
1
10
19.5058075937619
20
2.54802900066187
30
0
41
1
10
19.5051659510174
20
2.42949047913615
30
0
41
1
10
19.5049537896338
20
2.38906446171319
30
0
41
1
10
19.5045551386361
20
2.30637445725154
30
0
41
1
10
19.5043667791586
20
2.26417939210893
30
0
41
1
10
19.5037915979171
20
2.1354413073268
30
0
41
1
10
19.5033779414555
20
2.04660233160985
30
0
41
1
10
19.5025608045582
20
1.86293195851795
30
0
41
1
10
19.5021808427271
20
1.76809899707757
30
0
41
1
10
19.5017835114407
20
1.67022427778005
30
0
0
SPLINE
5
13C
100
AcDbEntity
8
1
62
256
6
ByLayer
370
13
48
1
60
0
100
AcDbSpline
70
4
71
3
72
12
73
8
40
0
40
0
40
0
40
0
40
0.0707318420293413
40
0.383438535265045
40
0.539791881882896
40
0.696145228500748
40
1
40
1
40
1
40
1
41
1
10
19.9678779804483
20
1.25857346649849
30
0
41
1
10
19.9729762703982
20
1.25933711035142
30
0
41
1
10
20.0003682351454
20
1.26385716025328
30
0
41
1
10
20.0367234853491
20
1.27302861792461
30
0
41
1
10
20.0750732943357
20
1.28691593924151
30
0
41
1
10
20.1118044567295
20
1.30335709812306
30
0
41
1
10
20.1368921662789
20
1.31844851786329
30
0
41
1
10
20.1518861323519
20
1.32945488262237
30
0
0
SPLINE
5
13D
100
AcDbEntity
8
1
62
256
6
ByLayer
370
18
48
1
60
0
100
AcDbSpline
70
4
71
3
72
36
73
32
40
0
40
0
40
0
40
0
40
0.124999999999912
40
0.124999999999912
40
0.187499999999868
40
0.187499999999868
40
0.249999999999825
40
0.249999999999825
40
0.28124999999982
40
0.28124999999982
40
0.312499999999815
40
0.312499999999815
40
0.374999999999841
40
0.374999999999841
40
0.406249999999854
40
0.406249999999854
40
0.437499999999866
40
0.437499999999866
40
0.499999999999892
40
0.499999999999892
40
0.562499999999918
40
0.562499999999918
40
0.624999999999943
40
0.624999999999943
40
0.749999999999962
40
0.749999999999962
40
0.87499999999998
40
0.87499999999998
40
0.93749999999999
40
0.93749999999999
40
1
40
1
40
1
40
1
41
1
10
33.9059874204388
20
-3.50216805625516
30
0
41
1
10
33.9349180314456
20
-3.4934890326783
30
0
41
1
10
33.9639714774139
20
-3.484345366116
30
0
41
1
10
34.0077531360061
20
-3.46991172736097
30
0
41
1
10
34.0223804224475
20
-3.46497979715841
30
0
41
1
10
34.0517043085995
20
-3.45486614196281
30
0
41
1
10
34.0663940667594
20
-3.44964153590843
30
0
41
1
10
34.0885134610246
20
-3.44179193264893
30
0
41
1
10
34.0959013679392
20
-3.43916906166768
30
0
41
1
10
34.1107863907434
20
-3.43504483510557
30
0
41
1
10
34.1182725162555
20
-3.43340846330651
30
0
41
1
10
34.1408312218109
20
-3.42955526489504
30
0
41
1
10
34.1560063371824
20
-3.42842889515109
30
0
41
1
10
34.1789114952338
20
-3.42867299196485
30
0
41
1
10
34.1865706323253
20
-3.42907980867904
30
0
41
1
10
34.2019282548098
20
-3.43050524200157
30
0
41
1
10
34.209648662826
20
-3.43152892256896
30
0
41
1
10
34.2325527223229
20
-3.4354241024856
30
0
41
1
10
34.2475606068085
20
-3.43912156296187
30
0
41
1
10
34.277092249589
20
-3.44841112100119
30
0
41
1
10
34.291618419177
20
-3.45399404212625
30
0
41
1
10
34.3202125754767
20
-3.46685734227537
30
0
41
1
10
34.3343375682948
20
-3.47418403989394
30
0
41
1
10
34.3755420580222
20
-3.49823112431684
30
0
41
1
10
34.4014334691636
20
-3.51694864967377
30
0
41
1
10
34.4504453305669
20
-3.55904908361282
30
0
41
1
10
34.473572051183
20
-3.58242076987904
30
0
41
1
10
34.5061741163246
20
-3.62111011876183
30
0
41
1
10
34.5166022698604
20
-3.63452185007262
30
0
41
1
10
34.5364898760393
20
-3.66227873895792
30
0
41
1
10
34.545966418275
20
-3.67664028471029
30
0
41
1
10
34.5549439553684
20
-3.69153421199357
30
0
0
SPLINE
5
13E
100
AcDbEntity
8
1
62
256
6
ByLayer
370
18
48
1
60
0
100
AcDbSpline
70
4
71
3
72
18
73
14
40
0
40
0
40
0
40
0
40
0.25
40
0.25
40
0.5
40
0.5
40
0.75
40
0.75
40
0.874999999999995
40
0.874999999999995
40
0.937499999999997
40
0.937499999999997
40
1
40
1
40
1
40
1
41
1
10
36.6739749176384
20
-3.75264126760092
30
0
41
1
10
36.4968552574387
20
-3.78399280574587
30
0
41
1
10
36.3206560503808
20
-3.80590197805219
30
0
41
1
10
35.968782514525
20
-3.83163768424458
30
0
41
1
10
35.7931093061061
20
-3.8354975839643
30
0
41
1
10
35.44122680563
20
-3.82527580375583
30
0
41
1
10
35.2650228836416
20
-3.81115820848831
30
0
41
1
10
34.9995139749211
20
-3.77650126846632
30
0
41
1
10
34.9108087460781
20
-3.76273836408998
30
0
41
1
10
34.7773548545434
20
-3.7385903277295
30
0
41
1
10
34.7327582657911
20
-3.72994760931502
30
0
41
1
10
34.6437501073751
20
-3.71156393766296
30
0
41
1
10
34.599316603902
20
-3.70182029510622
30
0
41
1
10
34.5549439553671
20
-3.69153421199536
30
0
0
SPLINE
5
13F
100
AcDbEntity
8
1
62
256
6
ByLayer
370
18
48
1
60
0
100
AcDbSpline
70
4
71
3
72
14
73
10
40
0
40
0
40
0
40
0
40
0.25
40
0.25
40
0.5
40
0.5
40
0.75
40
0.75
40
1
40
1
40
1
40
1
41
1
10
36.7147336856804
20
-3.64347598681204
30
0
41
1
10
36.7132103576323
20
-3.65244675310731
30
0
41
1
10
36.7111299705325
20
-3.66162229471166
30
0
41
1
10
36.706037500338
20
-3.67987955575757
30
0
41
1
10
36.7030147252162
20
-3.6890310937589
30
0
41
1
10
36.6960733924522
20
-3.7073839115844
30
0
41
1
10
36.6921242075184
20
-3.71664149673453
30
0
41
1
10
36.6835371929085
20
-3.73484304580566
30
0
41
1
10
36.6789052150864
20
-3.74380365558545
30
0
41
1
10
36.6739749176385
20
-3.75264126760098
30
0
0
SPLINE
5
140
100
AcDbEntity
8
1
62
256
6
ByLayer
370
18
48
1
60
0
100
AcDbSpline
70
4
71
3
72
14
73
10
40
0
40
0
40
0
40
0
40
0.0657307114875176
40
0.0657307114875176
40
0.377153807658345
40
0.377153807658345
40
0.688576903829172
40
0.688576903829172
40
1
40
1
40
1
40
1
41
1
10
36.6409882891049
20
-3.12351827176482
30
0
41
1
10
36.64292961714
20
-3.13411417223423
30
0
41
1
10
36.6448566418603
20
-3.14475232649139
30
0
41
1
10
36.6558273312263
20
-3.2060475795704
30
0
41
1
10
36.6645224850042
20
-3.25757301354759
30
0
41
1
10
36.6808456006784
20
-3.36312150508459
30
0
41
1
10
36.6884879412057
20
-3.41713256531452
30
0
41
1
10
36.7025780374797
20
-3.52800027606978
30
0
41
1
10
36.7090283408369
20
-3.58485085799435
30
0
41
1
10
36.7147336856811
20
-3.64347598681141
30
0
0
SPLINE
5
141
100
AcDbEntity
8
1
62
256
6
ByLayer
370
18
48
1
60
0
100
AcDbSpline
70
4
71
3
72
14
73
10
40
0
40
0
40
0
40
0
40
0.2967688603841
40
0.2967688603841
40
0.44515329057616
40
0.44515329057616
40
0.59353772076822
40
0.59353772076822
40
1
40
1
40
1
40
1
41
1
10
34.8516439470631
20
-2.8975642318247
30
0
41
1
10
35.000381571374
20
-2.91939673655182
30
0
41
1
10
35.1490775684673
20
-2.93820274819234
30
0
41
1
10
35.3720566391992
20
-2.96169142170859
30
0
41
1
10
35.4463173178969
20
-2.96872735837604
30
0
41
1
10
35.5944283997721
20
-2.98116883978787
30
0
41
1
10
35.6683195939542
20
-2.98657881103102
30
0
41
1
10
35.9439969806122
20
-3.00374756668745
30
0
41
1
10
36.1447070356299
20
-3.01019745780241
30
0
41
1
10
36.3441285493485
20
-3.01029060683493
30
0
0
SPLINE
5
142
100
AcDbEntity
8
1
62
256
6
ByLayer
370
18
48
1
60
0
100
AcDbSpline
70
4
71
3
72
35
73
31
40
0
40
0
40
0
40
0
40
0.125000000000076
40
0.125000000000076
40
0.156250000000065
40
0.156250000000065
40
0.187500000000055
40
0.250000000000031
40
0.250000000000031
40
0.281250000000019
40
0.281250000000019
40
0.312500000000007
40
0.312500000000007
40
0.375000000000009
40
0.375000000000009
40
0.43750000000001
40
0.43750000000001
40
0.500000000000011
40
0.500000000000011
40
0.562500000000013
40
0.562500000000013
40
0.625000000000014
40
0.625000000000014
40
0.750000000000015
40
0.750000000000015
40
0.812500000000016
40
0.812500000000016
40
0.875000000000016
40
0.875000000000016
40
1
40
1
40
1
40
1
41
1
10
34.8516439470631
20
-2.89756423182467
30
0
41
1
10
34.823497694759
20
-2.89343277423731
30
0
41
1
10
34.7963795768158
20
-2.88661719965708
30
0
41
1
10
34.7643789789204
20
-2.87290350175465
30
0
41
1
10
34.758056165427
20
-2.86988331542631
30
0
41
1
10
34.7458095593044
20
-2.86334382225198
30
0
41
1
10
34.727987462974
20
-2.85276902834033
30
0
41
1
10
34.7119029914425
20
-2.83976255741723
30
0
41
1
10
34.6971362443256
20
-2.82492524522118
30
0
41
1
10
34.6924340015823
20
-2.81967399862825
30
0
41
1
10
34.683501457977
20
-2.80852109637851
30
0
41
1
10
34.6793186342669
20
-2.80267346555104
30
0
41
1
10
34.6677482216085
20
-2.78455218107075
30
0
41
1
10
34.6612694608447
20
-2.77161697850355
30
0
41
1
10
34.6506093847303
20
-2.74419988541376
30
0
41
1
10
34.6464154661412
20
-2.72959486563084
30
0
41
1
10
34.6403354843025
20
-2.69995187615439
30
0
41
1
10
34.6383991822465
20
-2.6848443339253
30
0
41
1
10
34.6363552895142
20
-2.65419056799374
30
0
41
1
10
34.6362495197977
20
-2.63864378519023
30
0
41
1
10
34.637613994569
20
-2.60720602548082
30
0
41
1
10
34.6390779317695
20
-2.59149426938228
30
0
41
1
10
34.6453740798716
20
-2.54467247393211
30
0
41
1
10
34.6520921958274
20
-2.51374671403241
30
0
41
1
10
34.665020484582
20
-2.46779268445908
30
0
41
1
10
34.6698118485339
20
-2.4525478438031
30
0
41
1
10
34.6802696548652
20
-2.42221009299789
30
0
41
1
10
34.6859393185931
20
-2.4071135354524
30
0
41
1
10
34.7040498960499
20
-2.36235672842727
30
0
41
1
10
34.7176335338075
20
-2.3331173221855
30
0
41
1
10
34.7325876042067
20
-2.30442568779401
30
0
0
SPLINE
5
143
100
AcDbEntity
8
1
62
256
6
ByLayer
370
18
48
1
60
0
100
AcDbSpline
70
4
71
5
72
39
73
33
40
0
40
0
40
0
40
0
40
0
40
0
40
0.0005177394241576
40
0.0297012545832843
40
0.0734765273219743
40
0.102660042481101
40
0.146435315219791
40
0.175618830378918
40
0.219394103117608
40
0.263169375856298
40
0.292352891015425
40
0.336128163754115
40
0.365311678913242
40
0.409086951651932
40
0.438270466811058
40
0.482045739549748
40
0.525821012288438
40
0.555004527447565
40
0.584188042606692
40
0.627963315345382
40
0.671738588084072
40
0.700922103243199
40
0.744697375981889
40
0.788472648720579
40
0.817656163879697
40
0.846839679038832
40
0.890614951777522
40
0.934390224516212
40
0.963573739675339
40
1
40
1
40
1
40
1
40
1
40
1
41
1
10
26.430021501421
20
1.93606679624986
30
0
41
1
10
26.4308812145796
20
1.93571538798409
30
0
41
1
10
26.4802005404823
20
1.91555088470503
30
0
41
1
10
26.602209285501
20
1.86492920514453
30
0
41
1
10
26.7726776432639
20
1.79169611922683
30
0
41
1
10
27.0158354201428
20
1.68246732352623
30
0
41
1
10
27.3065930966071
20
1.54431838673847
30
0
41
1
10
27.6215805794436
20
1.38723258645331
30
0
41
1
10
27.9365680622799
20
1.22340376412541
30
0
41
1
10
28.2515555451163
20
1.05305049310425
30
0
41
1
10
28.5665430279528
20
0.877607515595145
30
0
41
1
10
28.8815305107891
20
0.697524927746457
30
0
41
1
10
29.1965179936255
20
0.514116747337283
30
0
41
1
10
29.4872756700898
20
0.342481524554046
30
0
41
1
10
29.8022631529262
20
0.154934636649102
30
0
41
1
10
30.1172506357626
20
-0.0334074128461452
30
0
41
1
10
30.432238118599
20
-0.221597666490567
30
0
41
1
10
30.7229957950634
20
-0.394323087759602
30
0
41
1
10
31.0379832778997
20
-0.579444564377013
30
0
41
1
10
31.3529707607362
20
-0.761766627574417
30
0
41
1
10
31.6437284372005
20
-0.926748791488791
30
0
41
1
10
31.9587159200369
20
-1.10100021636174
30
0
41
1
10
32.2979332092453
20
-1.28232917965988
30
0
41
1
10
32.6129206920816
20
-1.44391388150231
30
0
41
1
10
32.9036783685461
20
-1.58662696156654
30
0
41
1
10
33.2186658513824
20
-1.73349128967484
30
0
41
1
10
33.5336533342188
20
-1.87198077213634
30
0
41
1
10
33.8244110106831
20
-1.99152879037175
30
0
41
1
10
34.127195361248
20
-2.10676896200741
30
0
41
1
10
34.3815200990688
20
-2.19490829405012
30
0
41
1
10
34.5631554177735
20
-2.25322254579871
30
0
41
1
10
34.6721013173621
20
-2.28648983473946
30
0
41
1
10
34.7325876042067
20
-2.30442568779404
30
0
0
SPLINE
5
144
100
AcDbEntity
8
1
62
256
6
ByLayer
370
18
48
1
60
0
100
AcDbSpline
70
4
71
3
72
22
73
18
40
0
40
0
40
0
40
0
40
0.0652652365663149
40
0.131382412723473
40
0.198353486671864
40
0.266180342600152
40
0.334864794242143
40
0.404408588233133
40
0.474813407278911
40
0.546080873149332
40
0.618212549506602
40
0.691209944579712
40
0.765074513692967
40
0.839807661659854
40
0.915410745047217
40
0.991885074321102
40
1
40
1
40
1
40
1
41
1
10
9.08128084815999
20
-3.59196056948949
30
0
41
1
10
9.08565666023395
20
-3.58514820078682
30
0
41
1
10
9.09446540403303
20
-3.57143453814484
30
0
41
1
10
9.10783477669722
20
-3.55082141621946
30
0
41
1
10
9.12143286760571
20
-3.5300159277524
30
0
41
1
10
9.13526952754862
20
-3.50903098155751
30
0
41
1
10
9.14934833555995
20
-3.48787170673708
30
0
41
1
10
9.16367457108802
20
-3.46654563336298
30
0
41
1
10
9.17825303120475
20
-3.44505991683531
30
0
41
1
10
9.19308862094044
20
-3.42342210049492
30
0
41
1
10
9.20818618627314
20
-3.40163991205864
30
0
41
1
10
9.2235505537009
20
-3.37972132371937
30
0
41
1
10
9.23918651326397
20
-3.35767454018136
30
0
41
1
10
9.25509881682919
20
-3.33550800625207
30
0
41
1
10
9.27129217205115
20
-3.31323040898161
30
0
41
1
10
9.28279845330809
20
-3.29760407102268
30
0
41
1
10
9.28889483185313
20
-3.28938516579177
30
0
41
1
10
9.28947986641299
20
-3.28859699954967
30
0
0
SPLINE
5
145
100
AcDbEntity
8
1
62
256
6
ByLayer
370
18
48
1
60
0
100
AcDbSpline
70
4
71
3
72
8
73
4
40
0
40
0
40
0
40
0
40
1
40
1
40
1
40
1
41
1
10
9.08389747033601
20
-3.59201678292516
30
0
41
1
10
9.25656519498503
20
-3.53290361901611
30
0
41
1
10
9.42962140112979
20
-3.46796944569311
30
0
41
1
10
9.60339724861961
20
-3.3975970608125
30
0
0
SPLINE
5
146
100
AcDbEntity
8
1
62
256
6
ByLayer
370
18
48
1
60
0
100
AcDbSpline
70
4
71
3
72
27
73
23
40
0
40
0
40
0
40
0
40
0.0205380245019865
40
0.0205380245019865
40
0.142970771439234
40
0.142970771439234
40
0.265403518376481
40
0.265403518376481
40
0.387836265313727
40
0.387836265313727
40
0.449052638782354
40
0.449052638782354
40
0.47966082551667
40
0.47966082551667
40
0.510269012250987
40
0.63270175918824
40
0.63270175918824
40
0.755134506125493
40
0.755134506125493
40
0.877567253062747
40
0.877567253062747
40
1
40
1
40
1
40
1
41
1
10
31.9032720333746
20
-3.46800911959414
30
0
41
1
10
31.8776148989768
20
-3.47744025466369
30
0
41
1
10
31.8519699276677
20
-3.48669313388373
30
0
41
1
10
31.6735216806711
20
-3.54986083923907
30
0
41
1
10
31.5210864857039
20
-3.59759032177837
30
0
41
1
10
31.2162813226151
20
-3.68004403530395
30
0
41
1
10
31.0638955114669
20
-3.71483981131854
30
0
41
1
10
30.7584573003885
20
-3.77144064111539
30
0
41
1
10
30.6054137799933
20
-3.79320197385297
30
0
41
1
10
30.3748384856465
20
-3.81570747375082
30
0
41
1
10
30.297811309652
20
-3.82151988025339
30
0
41
1
10
30.1819482515141
20
-3.82765646283076
30
0
41
1
10
30.1432863295743
20
-3.82926989276251
30
0
41
1
10
30.0661378731215
20
-3.83162326405829
30
0
41
1
10
29.8735248542456
20
-3.83533189359625
30
0
41
1
10
29.6820608025355
20
-3.82824187847365
30
0
41
1
10
29.3765022003635
20
-3.80322226956909
30
0
41
1
10
29.2241272390515
20
-3.78378868316079
30
0
41
1
10
28.9193503882772
20
-3.73202181553799
30
0
41
1
10
28.76695607103
20
-3.6997075769541
30
0
41
1
10
28.4615621083886
20
-3.62187137722216
30
0
41
1
10
28.308556946814
20
-3.57638007753587
30
0
41
1
10
28.1548893678867
20
-3.52424699465135
30
0
0
SPLINE
5
147
100
AcDbEntity
8
1
62
256
6
ByLayer
370
18
48
1
60
0
100
AcDbSpline
70
4
71
3
72
8
73
4
40
0
40
0
40
0
40
0
40
1
40
1
40
1
40
1
41
1
10
36.5207887744503
20
-0.863051837657792
30
0
41
1
10
36.538368696941
20
-0.852064298350001
30
0
41
1
10
36.5559461853067
20
-0.841037962750562
30
0
41
1
10
36.5735212385641
20
-0.829972815187375
30
0
0
SPLINE
5
148
100
AcDbEntity
8
1
62
256
6
ByLayer
370
18
48
1
60
0
100
AcDbSpline
70
4
71
5
72
43
73
37
40
0
40
0
40
0
40
0
40
0
40
0
40
0.0222303841108714
40
0.0471626238313456
40
0.0845609834120569
40
0.109493223132531
40
0.146891582713243
40
0.171823822433717
40
0.209222182014428
40
0.246620541595139
40
0.271552781315614
40
0.296485021036088
40
0.333883380616799
40
0.37128174019751
40
0.396213979917985
40
0.433612339498696
40
0.471010699079407
40
0.495942938799876
40
0.520875178520356
40
0.558273538101067
40
0.595671897681779
40
0.620604137402253
40
0.658002496982964
40
0.682934736703438
40
0.72033309628415
40
0.745265336004624
40
0.782663695585335
40
0.820062055166047
40
0.84499429488652
40
0.882392654467232
40
0.907324894187706
40
0.944723253768418
40
0.969655493488892
40
1
40
1
40
1
40
1
40
1
40
1
41
1
10
20.6454238814307
20
1.92353135181844
30
0
41
1
10
20.688632025474
20
1.90574089617158
30
0
41
1
10
20.7802997822613
20
1.86751519863188
30
0
41
1
10
20.9446569581649
20
1.79717055200314
30
0
41
1
10
21.1574737468123
20
1.70203241009591
30
0
41
1
10
21.442979954576
20
1.56782636844142
30
0
41
1
10
21.7337376310403
20
1.42412390528028
30
0
41
1
10
22.0487251138767
20
1.2616040001526
30
0
41
1
10
22.3637125967131
20
1.09294686085212
30
0
41
1
10
22.6787000795495
20
0.918457954283269
30
0
41
1
10
22.9694577560138
20
0.753293566103167
30
0
41
1
10
23.2844452388502
20
0.570815123701919
30
0
41
1
10
23.5994327216866
20
0.385578958451902
30
0
41
1
10
23.890190398151
20
0.212786630207688
30
0
41
1
10
24.2051778809874
20
0.0245664803440775
30
0
41
1
10
24.5443951701958
20
-0.178245016008674
30
0
41
1
10
24.8593826530321
20
-0.365648407835636
30
0
41
1
10
25.1501403294965
20
-0.537004811938459
30
0
41
1
10
25.4651278123329
20
-0.719954640775427
30
0
41
1
10
25.7801152951692
20
-0.899426223687954
30
0
41
1
10
26.0708729716336
20
-1.06116170046243
30
0
41
1
10
26.38586045447
20
-1.23124622324855
30
0
41
1
10
26.7008479373064
20
-1.39476465957725
30
0
41
1
10
27.0158354201428
20
-1.55150375857076
30
0
41
1
10
27.3065930966071
20
-1.68930053067143
30
0
41
1
10
27.6215805794435
20
-1.83038148339793
30
0
41
1
10
27.9365680622799
20
-1.96265155099655
30
0
41
1
10
28.2515555451163
20
-2.08450876734989
30
0
41
1
10
28.5665430279527
20
-2.19629093226533
30
0
41
1
10
28.8815305107891
20
-2.29638674340248
30
0
41
1
10
29.1965179936255
20
-2.38536266163985
30
0
41
1
10
29.4872756700898
20
-2.45687347968573
30
0
41
1
10
29.7885529130144
20
-2.51959936438249
30
0
41
1
10
30.0171407368228
20
-2.55885637595443
30
0
41
1
10
30.1972689478873
20
-2.5845109473801
30
0
41
1
10
30.3047077398357
20
-2.59791672982459
30
0
41
1
10
30.36368691904
20
-2.60470203664383
30
0
0
SPLINE
5
149
100
AcDbEntity
8
1
62
256
6
ByLayer
370
18
48
1
60
0
100
AcDbSpline
70
4
71
3
72
25
73
21
40
0
40
0
40
0
40
0
40
0.153704297117222
40
0.153704297117222
40
0.230556445675835
40
0.230556445675835
40
0.268982519955142
40
0.268982519955142
40
0.307408594234448
40
0.307408594234448
40
0.461112891351663
40
0.461112891351663
40
0.614817188468877
40
0.614817188468877
40
0.768521485586092
40
0.768521485586092
40
0.922225782703307
40
0.922225782703307
40
0.999077931261914
40
1
40
1
40
1
40
1
41
1
10
19.5066469866931
20
2.69511819068035
30
0
41
1
10
19.3540825944381
20
2.78878603094597
30
0
41
1
10
19.2013141136523
20
2.87780277543283
30
0
41
1
10
18.9713184396638
20
3.00366079925874
30
0
41
1
10
18.8945112584273
20
3.04433570438764
30
0
41
1
10
18.77901074658
20
3.10338843197564
30
0
41
1
10
18.7404621344201
20
3.12274760187094
30
0
41
1
10
18.6632552930046
20
3.16082001728427
30
0
41
1
10
18.6245861643547
20
3.17953804297389
30
0
41
1
10
18.4316364018166
20
3.2712001845822
30
0
41
1
10
18.277995120026
20
3.33864400729868
30
0
41
1
10
17.971708259659
20
3.46096025198077
30
0
41
1
10
17.8190625703752
20
3.51581515066326
30
0
41
1
10
17.5140877399685
20
3.61242010237993
30
0
41
1
10
17.3617615664766
20
3.65408988458196
30
0
41
1
10
17.0565298620863
20
3.72499844246374
30
0
41
1
10
16.9036282973319
20
3.75435424293843
30
0
41
1
10
16.6734449596229
20
3.78831419469725
30
0
41
1
10
16.5956529416664
20
3.79808275730892
30
0
41
1
10
16.5176692493123
20
3.80609943305294
30
0
41
1
10
16.5167446700741
20
3.80619423012018
30
0
0
SPLINE
5
14A
100
AcDbEntity
8
1
62
256
6
ByLayer
370
18
48
1
60
0
100
AcDbSpline
70
4
71
3
72
36
73
32
40
0
40
0
40
0
40
0
40
0.124999999999969
40
0.124999999999969
40
0.187499999999954
40
0.187499999999954
40
0.249999999999938
40
0.249999999999938
40
0.28124999999993
40
0.28124999999993
40
0.312499999999923
40
0.312499999999923
40
0.374999999999926
40
0.374999999999926
40
0.406249999999927
40
0.406249999999927
40
0.437499999999929
40
0.437499999999929
40
0.499999999999933
40
0.499999999999933
40
0.562499999999937
40
0.562499999999937
40
0.62499999999994
40
0.62499999999994
40
0.749999999999964
40
0.749999999999964
40
0.874999999999988
40
0.874999999999988
40
0.937499999999994
40
0.937499999999994
40
1
40
1
40
1
40
1
41
1
10
19.5066469866947
20
2.69511819068052
30
0
41
1
10
19.535518661371
20
2.66937788120342
30
0
41
1
10
19.5645127737321
20
2.64377809509037
30
0
41
1
10
19.6082045976932
20
2.60560856459117
30
0
41
1
10
19.6228018064682
20
2.59292355059884
30
0
41
1
10
19.6520652577037
20
2.56763271229545
30
0
41
1
10
19.6667245756594
20
2.55501631903141
30
0
41
1
10
19.6887988372676
20
2.53619759728582
30
0
41
1
10
19.6961725619208
20
2.5299449271549
30
0
41
1
10
19.7110282846572
20
2.51780033946983
30
0
41
1
10
19.7184990986274
20
2.51186642069376
30
0
41
1
10
19.7410107962085
20
2.49440034973495
30
0
41
1
10
19.756152949862
20
2.48321291357212
30
0
41
1
10
19.7790068673646
20
2.46699599626786
30
0
41
1
10
19.7866486160162
20
2.46168542753912
30
0
41
1
10
19.8019709276271
20
2.45123583585806
30
0
41
1
10
19.8096734638116
20
2.44608279994401
30
0
41
1
10
19.8325258257863
20
2.43105850504784
30
0
41
1
10
19.8475003255209
20
2.42156484400786
30
0
41
1
10
19.8769671369779
20
2.40343679750831
30
0
41
1
10
19.8914618441629
20
2.39479833791157
30
0
41
1
10
19.9199949006959
20
2.37826225706405
30
0
41
1
10
19.934089825553
20
2.37033751176767
30
0
41
1
10
19.9752150163347
20
2.34783880862622
30
0
41
1
10
20.0010598325757
20
2.33453469264089
30
0
41
1
10
20.0499890025192
20
2.31083734412638
30
0
41
1
10
20.0730799006846
20
2.30043632120402
30
0
41
1
10
20.1056377346541
20
2.28717429267221
30
0
41
1
10
20.1160590328974
20
2.2831844359846
30
0
41
1
10
20.1359318315263
20
2.27615192086205
30
0
41
1
10
20.1454031322689
20
2.2730997174823
30
0
41
1
10
20.1543782482315
20
2.27057436397342
30
0
0
SPLINE
5
14B
100
AcDbEntity
8
1
62
256
6
ByLayer
370
18
48
1
60
0
100
AcDbSpline
70
4
71
3
72
36
73
32
40
0
40
0
40
0
40
0
40
0.124999999999913
40
0.124999999999913
40
0.187499999999869
40
0.187499999999869
40
0.249999999999825
40
0.249999999999825
40
0.281249999999821
40
0.281249999999821
40
0.312499999999816
40
0.312499999999816
40
0.374999999999771
40
0.374999999999771
40
0.406249999999767
40
0.406249999999767
40
0.437499999999762
40
0.437499999999762
40
0.499999999999789
40
0.499999999999789
40
0.562499999999815
40
0.562499999999815
40
0.624999999999841
40
0.624999999999841
40
0.749999999999894
40
0.749999999999894
40
0.874999999999947
40
0.874999999999947
40
0.937499999999973
40
0.937499999999973
40
1
40
1
40
1
40
1
41
1
10
27.5064453801534
20
-3.26750218435558
30
0
41
1
10
27.5353544719961
20
-3.26208725866334
30
0
41
1
10
27.5643862760123
20
-3.25616972150431
30
0
41
1
10
27.6081351734436
20
-3.2465143672045
30
0
41
1
10
27.6227514932318
20
-3.24316504816451
30
0
41
1
10
27.6520533495267
20
-3.23619558441379
30
0
41
1
10
27.6667319634481
20
-3.23253108301492
30
0
41
1
10
27.6888352007854
20
-3.22701262216125
30
0
41
1
10
27.6962184139624
20
-3.22517347590102
30
0
41
1
10
27.7110937238208
20
-3.22261356866434
30
0
41
1
10
27.7185746188126
20
-3.22175445859577
30
0
41
1
10
27.7411171446368
20
-3.22022769236949
30
0
41
1
10
27.7562806751407
20
-3.22064334665777
30
0
41
1
10
27.7791675862661
20
-3.22319617711739
30
0
41
1
10
27.7868204893356
20
-3.22437175501599
30
0
41
1
10
27.8021653781962
20
-3.22733416732797
30
0
41
1
10
27.8098788041347
20
-3.22912817784757
30
0
41
1
10
27.8327609321576
20
-3.23530441247621
30
0
41
1
10
27.8477546531725
20
-3.24049159512836
30
0
41
1
10
27.8772588436633
20
-3.25271310201111
30
0
41
1
10
27.8917717061428
20
-3.25973852285566
30
0
41
1
10
27.920339938
20
-3.27544906381434
30
0
41
1
10
27.9344522537016
20
-3.28418612744105
30
0
41
1
10
27.9756190797881
20
-3.31236406471504
30
0
41
1
10
28.0014881719826
20
-3.3337023749942
30
0
41
1
10
28.0504597985233
20
-3.38081873733358
30
0
41
1
10
28.0735685887748
20
-3.40658617763171
30
0
41
1
10
28.1061470837086
20
-3.44868258654247
30
0
41
1
10
28.1165689193399
20
-3.46319041786782
30
0
41
1
10
28.1364446938063
20
-3.49304241136758
30
0
41
1
10
28.1459160852077
20
-3.5084052075207
30
0
41
1
10
28.1548893678879
20
-3.52424699464987
30
0
0
SPLINE
5
14C
100
AcDbEntity
8
1
62
256
6
ByLayer
370
18
48
1
60
0
100
AcDbSpline
70
4
71
3
72
14
73
10
40
0
40
0
40
0
40
0
40
0.25
40
0.25
40
0.5
40
0.5
40
0.75
40
0.75
40
1
40
1
40
1
40
1
41
1
10
36.7147336856775
20
-2.00379117786949
30
0
41
1
10
36.7132103576289
20
-2.01130269901248
30
0
41
1
10
36.7111299705288
20
-2.01846139902
30
0
41
1
10
36.7060375003342
20
-2.03171904545408
30
0
41
1
10
36.7030147252125
20
-2.03787774833592
30
0
41
1
10
36.6960733924492
20
-2.04929573813175
30
0
41
1
10
36.6921242075157
20
-2.05458044094018
30
0
41
1
10
36.683537192907
20
-2.06408247955525
30
0
41
1
10
36.6789052150856
20
-2.06832212609075
30
0
41
1
10
36.6739749176385
20
-2.07210563167644
30
0
0
SPLINE
5
14D
100
AcDbEntity
8
1
62
256
6
ByLayer
370
18
48
1
60
0
100
AcDbSpline
70
4
71
3
72
18
73
14
40
0
40
0
40
0
40
0
40
0.25
40
0.25
40
0.375000000000001
40
0.375000000000001
40
0.500000000000001
40
0.500000000000001
40
0.625000000000002
40
0.625000000000002
40
0.750000000000002
40
0.750000000000002
40
1
40
1
40
1
40
1
41
1
10
36.5735212385641
20
-0.895847661626078
30
0
41
1
10
36.5876828317901
20
-0.99141090687948
30
0
41
1
10
36.6015427677171
20
-1.08662544493691
30
0
41
1
10
36.6216114644611
20
-1.22861355722955
30
0
41
1
10
36.6281807512784
20
-1.27580388919083
30
0
41
1
10
36.6410354841083
20
-1.36985644127239
30
0
41
1
10
36.6473274738409
20
-1.4167520052257
30
0
41
1
10
36.6595323260966
20
-1.50996711451324
30
0
41
1
10
36.6654418662946
20
-1.5562696341004
30
0
41
1
10
36.6767659800194
20
-1.64809191952355
30
0
41
1
10
36.6821825791208
20
-1.69361488865843
30
0
41
1
10
36.6976313706516
20
-1.82891706374434
30
0
41
1
10
36.7068821019823
20
-1.91746044586296
30
0
41
1
10
36.7147336856826
20
-2.00379117787026
30
0
0
SPLINE
5
14E
100
AcDbEntity
8
1
62
256
6
ByLayer
370
18
48
1
60
0
100
AcDbSpline
70
4
71
3
72
12
73
8
40
0
40
0
40
0
40
0
40
0.25
40
0.25
40
0.5
40
0.5
40
1
40
1
40
1
40
1
41
1
10
35.0404864820685
20
0.0874882247688618
30
0
41
1
10
35.1687666324236
20
0.0059242541495905
30
0
41
1
10
35.2969067504997
20
-0.0757408222203253
30
0
41
1
10
35.5529238960044
20
-0.239260931001439
30
0
41
1
10
35.6808008257271
20
-0.321116033957907
30
0
41
1
10
36.0640491461174
20
-0.566957491963393
30
0
41
1
10
36.3190404653789
20
-0.731218265203893
30
0
41
1
10
36.5735212385641
20
-0.89584766162605
30
0
0
SPLINE
5
14F
100
AcDbEntity
8
1
62
256
6
ByLayer
370
18
48
1
60
0
100
AcDbSpline
70
4
71
3
72
18
73
14
40
0
40
0
40
0
40
0
40
0.249999999999942
40
0.249999999999942
40
0.374999999999952
40
0.374999999999952
40
0.499999999999962
40
0.499999999999962
40
0.749999999999982
40
0.749999999999982
40
0.874999999999991
40
0.874999999999991
40
1
40
1
40
1
40
1
41
1
10
35.0404864820685
20
0.0874882247688618
30
0
41
1
10
35.0116647086258
20
0.105813883693969
30
0
41
1
10
34.9840656372929
20
0.125346679611539
30
0
41
1
10
34.944987176288
20
0.156909798162303
30
0
41
1
10
34.93234871924
20
0.167812727629979
30
0
41
1
10
34.9079891154072
20
0.190499804882307
30
0
41
1
10
34.896497226511
20
0.202072487406269
30
0
41
1
10
34.8642151235995
20
0.237530942065206
30
0
41
1
10
34.8455978603738
20
0.262147143078323
30
0
41
1
10
34.8228203676727
20
0.300908286202599
30
0
41
1
10
34.8162452225323
20
0.313882738783605
30
0
41
1
10
34.8051446751494
20
0.339831639189612
30
0
41
1
10
34.8006061696512
20
0.352828443268379
30
0
41
1
10
34.7970620337
20
0.365865614602313
30
0
0
SPLINE
5
150
100
AcDbEntity
8
1
62
256
6
ByLayer
370
18
48
1
60
0
100
AcDbSpline
70
4
71
5
72
21
73
15
40
0
40
0
40
0
40
0
40
0
40
0
40
0.265350468395175
40
0.331688085493969
40
0.43119451114216
40
0.497532128240953
40
0.597038553889144
40
0.663376170987938
40
0.762882596636128
40
0.862389022284319
40
0.928726639383113
40
1
40
1
40
1
40
1
40
1
40
1
41
1
10
9.95805173423381
20
-1.39559606393439
30
0
41
1
10
10.15189018521
20
-1.49411436351139
30
0
41
1
10
10.3941882489303
20
-1.61311071195124
30
0
41
1
10
10.7091757317668
20
-1.76026572156172
30
0
41
1
10
11.0726228273472
20
-1.91736248670776
30
0
41
1
10
11.5087593420437
20
-2.08610045067439
30
0
41
1
10
11.7995170185081
20
-2.18931414922997
30
0
41
1
10
12.1145045013444
20
-2.29052352600976
30
0
41
1
10
12.4294919841809
20
-2.3806883983215
30
0
41
1
10
12.7444794670172
20
-2.45821291388057
30
0
41
1
10
13.0388427028904
20
-2.51955807139345
30
0
41
1
10
13.2847463260196
20
-2.56113775507063
30
0
41
1
10
13.4579605300326
20
-2.58553923063215
30
0
41
1
10
13.5584853149296
20
-2.59804032285163
30
0
41
1
10
13.6105504870825
20
-2.6040679522612
30
0
0
SPLINE
5
151
100
AcDbEntity
8
1
62
256
6
ByLayer
370
18
48
1
60
0
100
AcDbSpline
70
4
71
5
72
22
73
16
40
0
40
0
40
0
40
0
40
0
40
0
40
0.0766345680682449
40
0.156827671332248
40
0.277117326228251
40
0.397406981124255
40
0.477600084388232
40
0.557793187652261
40
0.678082842548264
40
0.798372497444268
40
0.878565600708271
40
0.998855255604274
40
1
40
1
40
1
40
1
40
1
40
1
41
1
10
31.7756293436299
20
1.93783715655641
30
0
41
1
10
31.8219385814601
20
1.91892792360616
30
0
41
1
10
31.9167074320344
20
1.87969274440408
30
0
41
1
10
32.0841657017247
20
1.80844730790645
30
0
41
1
10
32.3243133905312
20
1.70158923361771
30
0
41
1
10
32.6129206920816
20
1.56563198368892
30
0
41
1
10
32.9036783685461
20
1.4216766587719
30
0
41
1
10
33.2186658513824
20
1.25893441448829
30
0
41
1
10
33.5336533342188
20
1.09011000445608
30
0
41
1
10
33.8244110106832
20
0.929331235531237
30
0
41
1
10
34.1393984935196
20
0.750662501722701
30
0
41
1
10
34.4066181172397
20
0.595725530183842
30
0
41
1
10
34.6011483218437
20
0.481596323689701
30
0
41
1
10
34.7229891073317
20
0.409700674327979
30
0
41
1
10
34.7963702800756
20
0.366274993259907
30
0
41
1
10
34.7970620337034
20
0.365865614600295
30
0
0
SPLINE
5
152
100
AcDbEntity
8
1
62
256
6
ByLayer
370
18
48
1
60
0
100
AcDbSpline
70
4
71
3
72
47
73
43
40
0
40
0
40
0
40
0
40
0.0172728416118658
40
0.0347711542154713
40
0.0524954560604599
40
0.0704462458088177
40
0.0886240034762395
40
0.107029191320366
40
0.125662254679495
40
0.144523622764892
40
0.163613709409268
40
0.182932913774561
40
0.202481621021271
40
0.222260202941733
40
0.242269018559689
40
0.262508414697909
40
0.282978726516106
40
0.303680278020659
40
0.324613382547984
40
0.345778343223009
40
0.367175453394208
40
0.388804997046731
40
0.410667249194569
40
0.432762476253321
40
0.459145846004602
40
0.486131372914315
40
0.513719372796781
40
0.541910140927737
40
0.570703953751574
40
0.600101070415739
40
0.630101734152496
40
0.660706173526105
40
0.691914603560683
40
0.723727226762238
40
0.756144234046496
40
0.789165805582809
40
0.82279211156308
40
0.857023312903539
40
0.891859561886299
40
0.927301002746929
40
0.963347772213187
40
1
40
1
40
1
40
1
41
1
10
9.08128084816127
20
-2.20061221366234
30
0
41
1
10
9.0856566602352
20
-2.19727048265804
30
0
41
1
10
9.09446540403428
20
-2.19054339937273
30
0
41
1
10
9.10783477669841
20
-2.1801319551731
30
0
41
1
10
9.12143286760684
20
-2.16940084270001
30
0
41
1
10
9.1352695275497
20
-2.15832861007812
30
0
41
1
10
9.149348335561
20
-2.1469179035046
30
0
41
1
10
9.16367457108905
20
-2.13516487124983
30
0
41
1
10
9.17825303120577
20
-2.12306752594415
30
0
41
1
10
9.19308862094144
20
-2.11062346761545
30
0
41
1
10
9.20818618627402
20
-2.09783051181535
30
0
41
1
10
9.2235505537017
20
-2.08468652481471
30
0
41
1
10
9.23918651326483
20
-2.0711894753417
30
0
41
1
10
9.25509881682981
20
-2.0573374273479
30
0
41
1
10
9.27129217205183
20
-2.04312854899913
30
0
41
1
10
9.28777123730268
20
-2.02856111730551
30
0
41
1
10
9.30454061633088
20
-2.01363352426245
30
0
41
1
10
9.32160485219563
20
-1.99834428192224
30
0
41
1
10
9.33896842361
20
-1.9826920308021
30
0
41
1
10
9.35663573141474
20
-1.96667553636954
30
0
41
1
10
9.37461112187239
20
-1.95029373109094
30
0
41
1
10
9.39289876962627
20
-1.93354558405383
30
0
41
1
10
9.41150309231418
20
-1.91643062499946
30
0
41
1
10
9.43158478947899
20
-1.89787746034202
30
0
41
1
10
9.45328615802472
20
-1.87775175829958
30
0
41
1
10
9.47675877469271
20
-1.85591832012923
30
0
41
1
10
9.5009558696801
20
-1.83335448523724
30
0
41
1
10
9.5258919949859
20
-1.81005701173396
30
0
41
1
10
9.55158101767952
20
-1.78602271427545
30
0
41
1
10
9.57803659138415
20
-1.76124921242535
30
0
41
1
10
9.60527196216819
20
-1.7357347874152
30
0
41
1
10
9.63329995661337
20
-1.70947848698967
30
0
41
1
10
9.66213291623509
20
-1.68248016346402
30
0
41
1
10
9.69178264818751
20
-1.65474052980406
30
0
41
1
10
9.72226035485224
20
-1.62626121864332
30
0
41
1
10
9.75357662211846
20
-1.59704481593334
30
0
41
1
10
9.78574117783288
20
-1.56709500121045
30
0
41
1
10
9.81876352232317
20
-1.53641628131686
30
0
41
1
10
9.85265020817221
20
-1.50501528624892
30
0
41
1
10
9.88741495046662
20
-1.47289608243869
30
0
41
1
10
9.9230395911834
20
-1.44007840048593
30
0
41
1
10
9.94722719105667
20
-1.41789632708321
30
0
41
1
10
9.9594217116645
20
-1.40671292101354
30
0
0
SPLINE
5
153
100
AcDbEntity
8
1
62
256
6
ByLayer
370
18
48
1
60
0
100
AcDbSpline
70
4
71
3
72
10
73
6
40
0
40
0
40
0
40
0
40
0.5
40
0.5
40
1
40
1
40
1
40
1
41
1
10
9.08389747033601
20
-2.20200096860049
30
0
41
1
10
9.29298569777794
20
-2.31597419676223
30
0
41
1
10
9.50264357399308
20
-2.42092765274404
30
0
41
1
10
9.92427466620015
20
-2.61239855159616
30
0
41
1
10
10.1362450512168
20
-2.69892016378367
30
0
41
1
10
10.3499911836311
20
-2.77591366807249
30
0
0
SPLINE
5
154
100
AcDbEntity
8
1
62
256
6
ByLayer
370
18
48
1
60
0
100
AcDbSpline
70
4
71
3
72
17
73
13
40
0
40
0
40
0
40
0
40
0.25
40
0.25
40
0.375
40
0.375
40
0.5
40
0.625000000000001
40
0.625000000000001
40
0.750000000000001
40
0.750000000000001
40
1
40
1
40
1
40
1
41
1
10
10.3499911836312
20
-2.77591366807613
30
0
41
1
10
10.3980677884216
20
-2.83763032593322
30
0
41
1
10
10.4478639839145
20
-2.89657750310261
30
0
41
1
10
10.5251023706296
20
-2.98081730697157
30
0
41
1
10
10.5512951189073
20
-3.00821939809794
30
0
41
1
10
10.6044560322582
20
-3.06150870316694
30
0
41
1
10
10.6582696371252
20
-3.11316397867816
30
0
41
1
10
10.7134078675972
20
-3.16153422985235
30
0
41
1
10
10.7692326432657
20
-3.20823335710506
30
0
41
1
10
10.7975056127522
20
-3.23075752384116
30
0
41
1
10
10.8829579316162
20
-3.2954190559314
30
0
41
1
10
10.9409004488636
20
-3.33478219881593
30
0
41
1
10
11.0000000000005
20
-3.37019569047118
30
0
0
SPLINE
5
155
100
AcDbEntity
8
1
62
256
6
ByLayer
370
18
48
1
60
0
100
AcDbSpline
70
4
71
3
72
8
73
4
40
0
40
0
40
0
40
0
40
1
40
1
40
1
40
1
41
1
10
11.0000000000005
20
-3.37019569047118
30
0
41
1
10
11.0021305577565
20
-3.37147235819302
30
0
41
1
10
11.0042609897236
20
-3.37274789748693
30
0
41
1
10
11.0063912971476
20
-3.37402230745096
30
0
0
SPLINE
5
156
100
AcDbEntity
8
1
62
256
6
ByLayer
370
18
48
1
60
0
100
AcDbSpline
70
4
71
3
72
30
73
26
40
0
40
0
40
0
40
0
40
0.0636704708728146
40
0.0636704708728146
40
0.219725392394013
40
0.219725392394013
40
0.258739122774312
40
0.258739122774312
40
0.297752853154612
40
0.297752853154612
40
0.375780313915211
40
0.375780313915211
40
0.45380777467581
40
0.45380777467581
40
0.531835235436409
40
0.531835235436409
40
0.68789015695761
40
0.68789015695761
40
0.765917617718209
40
0.765917617718209
40
0.804931348098507
40
0.804931348098507
40
0.843945078478805
40
0.843945078478805
40
1
40
1
40
1
40
1
41
1
10
15.2521881654697
20
-3.43134974846353
30
0
41
1
10
15.1625938100573
20
-3.46571121140786
30
0
41
1
10
15.0730031351714
20
-3.49800024009718
30
0
41
1
10
14.76357516459
20
-3.60230417955506
30
0
41
1
10
14.543433668383
20
-3.66389007348968
30
0
41
1
10
14.2665694457157
20
-3.72362680689511
30
0
41
1
10
14.2111104434291
20
-3.73471423539297
30
0
41
1
10
14.0999836950308
20
-3.75514100867576
30
0
41
1
10
14.0442400440209
20
-3.76448941091516
30
0
41
1
10
13.8774178661122
20
-3.78976401821697
30
0
41
1
10
13.7666449933437
20
-3.80296134562036
30
0
41
1
10
13.5456698920799
20
-3.82228273655355
30
0
41
1
10
13.4354745897406
20
-3.8283878675216
30
0
41
1
10
13.2154331920197
20
-3.83341179128584
30
0
41
1
10
13.1055766323236
20
-3.83236116103544
30
0
41
1
10
12.776002512268
20
-3.81927081185819
30
0
41
1
10
12.5563541719409
20
-3.79712942533209
30
0
41
1
10
12.225692408294
20
-3.7421620306433
30
0
41
1
10
12.1152652100489
20
-3.72023506147079
30
0
41
1
10
11.9491025146843
20
-3.6817416980733
30
0
41
1
10
11.8936283830115
20
-3.66795527838835
30
0
41
1
10
11.7824577769675
20
-3.63866463777029
30
0
41
1
10
11.7267113333629
20
-3.62317958800233
30
0
41
1
10
11.4485834566083
20
-3.5419574677324
30
0
41
1
10
11.2273185020972
20
-3.46425318906384
30
0
41
1
10
11.006391297149
20
-3.37402230745113
30
0
0
SPLINE
5
157
100
AcDbEntity
8
1
62
256
6
ByLayer
370
18
48
1
60
0
100
AcDbSpline
70
4
71
3
72
20
73
16
40
0
40
0
40
0
40
0
40
0.209101143447929
40
0.209101143447929
40
0.418202286895858
40
0.418202286895858
40
0.522752858619818
40
0.522752858619818
40
0.575028144481799
40
0.575028144481799
40
0.627303430343779
40
0.627303430343779
40
0.836404573791708
40
0.836404573791708
40
1
40
1
40
1
40
1
41
1
10
36.6739749176385
20
2.57805317824901
30
0
41
1
10
36.4516221925382
20
2.7201658160329
30
0
41
1
10
36.2307113358468
20
2.85145657722791
30
0
41
1
10
35.7892272965868
20
3.0918549859318
30
0
41
1
10
35.568684011099
20
3.20094817035064
30
0
41
1
10
35.2366032692144
20
3.34681269948024
30
0
41
1
10
35.1256995712961
20
3.39245664699823
30
0
41
1
10
34.9588219088819
20
3.45638024278321
30
0
41
1
10
34.9031097393164
20
3.47692771989031
30
0
41
1
10
34.7914821266843
20
3.51642528179877
30
0
41
1
10
34.7354914899456
20
3.53539739335642
30
0
41
1
10
34.4562004955903
20
3.62577953398843
30
0
41
1
10
34.2345108475438
20
3.68397176003566
30
0
41
1
10
33.8404742357207
20
3.76280123510421
30
0
41
1
10
33.6678975939571
20
3.78883324582281
30
0
41
1
10
33.4952011481756
20
3.80624768977228
30
0
0
SPLINE
5
158
100
AcDbEntity
8
1
62
256
6
ByLayer
370
18
48
1
60
0
100
AcDbSpline
70
4
71
3
72
14
73
10
40
0
40
0
40
0
40
0
40
0.25
40
0.25
40
0.5
40
0.5
40
0.75
40
0.75
40
1
40
1
40
1
40
1
41
1
10
36.7147336856748
20
2.50811669103857
30
0
41
1
10
36.7132103576258
20
2.51266898602486
30
0
41
1
10
36.7111299705255
20
2.51765528841702
30
0
41
1
10
36.7060375003309
20
2.52819804469638
30
0
41
1
10
36.7030147252092
20
2.53378911326257
30
0
41
1
10
36.6960733924464
20
2.54558899080197
30
0
41
1
10
36.6921242075134
20
2.5518400539608
30
0
41
1
10
36.6835371929057
20
2.56468971084789
30
0
41
1
10
36.6789052150849
20
2.57129148025081
30
0
41
1
10
36.6739749176385
20
2.57805317824898
30
0
0
SPLINE
5
159
100
AcDbEntity
8
1
62
256
6
ByLayer
370
18
48
1
60
0
100
AcDbSpline
70
4
71
5
72
39
73
33
40
0
40
0
40
0
40
0
40
0
40
0
40
0.10550138252209
40
0.131876728152612
40
0.171439746598396
40
0.197815092228918
40
0.237378110674702
40
0.263753456305224
40
0.303316474751008
40
0.342879493196791
40
0.369254838827314
40
0.408817857273097
40
0.43519320290362
40
0.474756221349403
40
0.501131566979926
40
0.540694585425709
40
0.580257603871493
40
0.606632949502015
40
0.633008295132538
40
0.672571313578321
40
0.712134332024105
40
0.738509677654627
40
0.778072696100411
40
0.817635714546194
40
0.844011060176713
40
0.870386405807239
40
0.909949424253023
40
0.949512442698807
40
0.975887788329329
40
1
40
1
40
1
40
1
40
1
40
1
41
1
10
9.95805173423381
20
1.81973141732163
30
0
41
1
10
10.1518901852101
20
1.7354135480316
30
0
41
1
10
10.3941882489303
20
1.62460297127078
30
0
41
1
10
10.7091757317668
20
1.47243176423058
30
0
41
1
10
11.0726228273472
20
1.28607877740089
30
0
41
1
10
11.5087593420437
20
1.05029139219863
30
0
41
1
10
11.7995170185081
20
0.888375554423817
30
0
41
1
10
12.1145045013444
20
0.708717875380728
30
0
41
1
10
12.4294919841809
20
0.52559068660139
30
0
41
1
10
12.7444794670172
20
0.339645089657552
30
0
41
1
10
13.0594669498536
20
0.152057886894056
30
0
41
1
10
13.37445443269
20
-0.0363117016236743
30
0
41
1
10
13.6894419155264
20
-0.224459255832727
30
0
41
1
10
13.9801995919908
20
-0.397175575115114
30
0
41
1
10
14.2951870748271
20
-0.582319662192447
30
0
41
1
10
14.6101745576635
20
-0.7646953453349
30
0
41
1
10
14.9251620404999
20
-0.943031827849836
30
0
41
1
10
15.2159197169643
20
-1.10344277802366
30
0
41
1
10
15.5309071998007
20
-1.27180450603979
30
0
41
1
10
15.845894682637
20
-1.43402189028455
30
0
41
1
10
16.1366523591014
20
-1.5774374103477
30
0
41
1
10
16.4516398419378
20
-1.72517999942866
30
0
41
1
10
16.7908571311462
20
-1.87439285820469
30
0
41
1
10
17.1058446139826
20
-2.00300473354642
30
0
41
1
10
17.396602290447
20
-2.11278697156629
30
0
41
1
10
17.7115897732834
20
-2.22145208517293
30
0
41
1
10
18.0265772561197
20
-2.31938491623495
30
0
41
1
10
18.3173349325841
20
-2.39948135471332
30
0
41
1
10
18.6039345367024
20
-2.46788014413312
30
0
41
1
10
18.8420745280768
20
-2.51582370727044
30
0
41
1
10
19.007525100335
20
-2.54474783482269
30
0
41
1
10
19.1002862534771
20
-2.55957186024469
30
0
41
1
10
19.1445877938752
20
-2.56633260701344
30
0
0
SPLINE
5
15A
100
AcDbEntity
8
1
62
256
6
ByLayer
370
18
48
1
60
0
100
AcDbSpline
70
4
71
3
72
14
73
10
40
0
40
0
40
0
40
0
40
0.126130935527545
40
0.265505806050193
40
0.407387856890403
40
0.551777719229613
40
0.698675990897786
40
0.848083238606366
40
1
40
1
40
1
40
1
41
1
10
9.72456160755132
20
1.87567501944352
30
0
41
1
10
9.73414610593261
20
1.8723222435554
30
0
41
1
10
9.75440260517783
20
1.86549924009901
30
0
41
1
10
9.78574117783288
20
1.85578867831532
30
0
41
1
10
9.8187635223232
20
1.8464853194767
30
0
41
1
10
9.85265020817221
20
1.8378854241378
30
0
41
1
10
9.88741495046662
20
1.8300584197512
30
0
41
1
10
9.9230395911834
20
1.82296591789648
30
0
41
1
10
9.94722719105667
20
1.81901198505304
30
0
41
1
10
9.9594217116645
20
1.81701855388195
30
0
0
SPLINE
5
15B
100
AcDbEntity
8
1
62
256
6
ByLayer
370
18
48
1
60
0
100
AcDbSpline
70
4
71
3
72
10
73
6
40
0
40
0
40
0
40
0
40
0.5
40
0.5
40
1
40
1
40
1
40
1
41
1
10
9.08389747033604
20
2.33008107547397
30
0
41
1
10
9.29298569777797
20
2.18426129515956
30
0
41
1
10
9.50264357399311
20
2.03528904102598
30
0
41
1
10
9.92427466620018
20
1.73269572592855
30
0
41
1
10
10.1362450512168
20
1.57907211852924
30
0
41
1
10
10.3499911836311
20
1.4239489292853
30
0
0
SPLINE
5
15C
100
AcDbEntity
8
1
62
256
6
ByLayer
370
18
48
1
60
0
100
AcDbSpline
70
4
71
3
72
36
73
32
40
0
40
0
40
0
40
0
40
0.124999999999967
40
0.124999999999967
40
0.18749999999996
40
0.18749999999996
40
0.249999999999952
40
0.249999999999952
40
0.281249999999948
40
0.281249999999948
40
0.312499999999944
40
0.312499999999944
40
0.374999999999953
40
0.374999999999953
40
0.406249999999958
40
0.406249999999958
40
0.437499999999963
40
0.437499999999963
40
0.499999999999972
40
0.499999999999972
40
0.562499999999981
40
0.562499999999981
40
0.624999999999991
40
0.624999999999991
40
0.749999999999993
40
0.749999999999993
40
0.874999999999996
40
0.874999999999996
40
0.937499999999998
40
0.937499999999998
40
1
40
1
40
1
40
1
41
1
10
14.7070064582545
20
-2.16582884040398
30
0
41
1
10
14.735888161204
20
-2.17116128260855
30
0
41
1
10
14.7648923692182
20
-2.17592889928019
30
0
41
1
10
14.8085994792268
20
-2.18219947477351
30
0
41
1
10
14.8232018063223
20
-2.18414191496004
30
0
41
1
10
14.8524755441624
20
-2.18772094509816
30
0
41
1
10
14.8671400255346
20
-2.18931702970053
30
0
41
1
10
14.8892220684761
20
-2.19164643838789
30
0
41
1
10
14.8965983292764
20
-2.19241676442706
30
0
41
1
10
14.9114594932031
20
-2.19493244392814
30
0
41
1
10
14.9189331860373
20
-2.19655557303804
30
0
41
1
10
14.9414538750101
20
-2.20234182377072
30
0
41
1
10
14.9566025164024
20
-2.20745071236073
30
0
41
1
10
14.979466780646
20
-2.21681954332195
30
0
41
1
10
14.9871120818018
20
-2.22022940464677
30
0
41
1
10
15.0024416858243
20
-2.22759252054712
30
0
41
1
10
15.0101476269065
20
-2.23155880954332
30
0
41
1
10
15.0330086125196
20
-2.24407477678244
30
0
41
1
10
15.0479887118833
20
-2.2532765376406
30
0
41
1
10
15.0774664751718
20
-2.27317968025457
30
0
41
1
10
15.0919665337354
20
-2.2838737783822
30
0
41
1
10
15.1205100316944
20
-2.30662211310826
30
0
41
1
10
15.1346101732198
20
-2.31873992138068
30
0
41
1
10
15.1757477288592
20
-2.35654229741789
30
0
41
1
10
15.2015998639269
20
-2.38360393547782
30
0
41
1
10
15.2505422220224
20
-2.44097667299238
30
0
41
1
10
15.2736389143222
20
-2.47127993754071
30
0
41
1
10
15.3062040700277
20
-2.51921955480231
30
0
41
1
10
15.3166261965812
20
-2.53550214124345
30
0
41
1
10
15.3365012157917
20
-2.56850766726097
30
0
41
1
10
15.3459733122803
20
-2.58525523411018
30
0
41
1
10
15.3549487995756
20
-2.60226329507515
30
0
0
SPLINE
5
15D
100
AcDbEntity
8
1
62
256
6
ByLayer
370
18
48
1
60
0
100
AcDbSpline
70
4
71
3
72
39
73
35
40
0
40
0
40
0
40
0
40
0.0773940138929148
40
0.0773940138929148
40
0.119330649625054
40
0.119330649625054
40
0.161267285357194
40
0.161267285357194
40
0.245140556821473
40
0.245140556821473
40
0.329013828285752
40
0.329013828285752
40
0.370950464017892
40
0.370950464017892
40
0.391918781883963
40
0.391918781883963
40
0.412887099750034
40
0.412887099750034
40
0.496760371214317
40
0.496760371214317
40
0.580633642678601
40
0.580633642678601
40
0.664506914142884
40
0.664506914142884
40
0.748380185607168
40
0.748380185607168
40
0.790316821339308
40
0.811285139205379
40
0.811285139205379
40
0.832253457071449
40
0.832253457071449
40
0.916126728535725
40
0.916126728535725
40
1
40
1
40
1
40
1
41
1
10
20.8334069755876
20
-3.51687428019861
30
0
41
1
10
20.6911179606897
20
-3.56587628160244
30
0
41
1
10
20.5495330563333
20
-3.60918131073882
30
0
41
1
10
20.3319493117736
20
-3.66675111423038
30
0
41
1
10
20.2556316936016
20
-3.68517269068658
30
0
41
1
10
20.103080761304
20
-3.71886761019258
30
0
41
1
10
20.0268391072514
20
-3.73419182956587
30
0
41
1
10
19.7981675834629
20
-3.77531571240786
30
0
41
1
10
19.6457842388262
20
-3.79630896930104
30
0
41
1
10
19.3405709579227
20
-3.82485271127328
30
0
41
1
10
19.1877513932435
20
-3.83232324434545
30
0
41
1
10
18.9576603498691
20
-3.83291710861397
30
0
41
1
10
18.8808184826788
20
-3.83134566921549
30
0
41
1
10
18.7652609789504
20
-3.82636773879145
30
0
41
1
10
18.7266925726964
20
-3.82427392615031
30
0
41
1
10
18.6494446448462
20
-3.81923886077783
30
0
41
1
10
18.6107797439668
20
-3.81629813092829
30
0
41
1
10
18.4178455769709
20
-3.79959468288243
30
0
41
1
10
18.2642123188726
20
-3.77976336142385
30
0
41
1
10
17.9579244040313
20
-3.72671980454626
30
0
41
1
10
17.8052702545952
20
-3.69348676111221
30
0
41
1
10
17.5002539691658
20
-3.61366093193402
30
0
41
1
10
17.3478950281769
20
-3.56698169179168
30
0
41
1
10
17.0425687793184
20
-3.46170282858546
30
0
41
1
10
16.8896133185612
20
-3.40316477368342
30
0
41
1
10
16.6593331030576
20
-3.30590684800558
30
0
41
1
10
16.5439759396278
20
-3.25493899631235
30
0
41
1
10
16.4281910774985
20
-3.20044361340626
30
0
41
1
10
16.3508940775355
20
-3.16332542143283
30
0
41
1
10
16.3122334270912
20
-3.14439166725816
30
0
41
1
10
16.1193500457001
20
-3.04811479014845
30
0
41
1
10
15.9659212832647
20
-2.96565991735724
30
0
41
1
10
15.6599383214941
20
-2.79107790087113
30
0
41
1
10
15.5073864917617
20
-2.69896169975266
30
0
41
1
10
15.3549487995744
20
-2.60226329507574
30
0
0
SPLINE
5
15E
100
AcDbEntity
8
1
62
256
6
ByLayer
370
18
48
1
60
0
100
AcDbSpline
70
4
71
3
72
18
73
14
40
0
40
0
40
0
40
0
40
0.250000000000006
40
0.250000000000006
40
0.500000000000011
40
0.500000000000011
40
0.625000000000011
40
0.625000000000011
40
0.687500000000008
40
0.687500000000008
40
0.750000000000005
40
0.750000000000005
40
1
40
1
40
1
40
1
41
1
10
13.1069075410022
20
3.25788407747064
30
0
41
1
10
12.9328261995602
20
3.33688174391909
30
0
41
1
10
12.7588521373426
20
3.40866303989353
30
0
41
1
10
12.4103617583204
20
3.53636030849651
30
0
41
1
10
12.2358414458259
20
3.59228577135838
30
0
41
1
10
11.9728537057115
20
3.66318785458816
30
0
41
1
10
11.8849908988378
20
3.68458227762392
30
0
41
1
10
11.7527586658769
20
3.71362085215591
30
0
41
1
10
11.708612340949
20
3.72280781156809
30
0
41
1
10
11.6204917450096
20
3.740088174644
30
0
41
1
10
11.5764784475585
20
3.74818667658835
30
0
41
1
10
11.3566235763933
20
3.78592145942031
30
0
41
1
10
11.1814029815285
20
3.80735682704079
30
0
41
1
10
11.006391297149
20
3.81981592909983
30
0
0
SPLINE
5
15F
100
AcDbEntity
8
1
62
256
6
ByLayer
370
18
48
1
60
0
100
AcDbSpline
70
4
71
3
72
36
73
32
40
0
40
0
40
0
40
0
40
0.125000000000048
40
0.125000000000048
40
0.187500000000072
40
0.187500000000072
40
0.250000000000095
40
0.250000000000095
40
0.281250000000098
40
0.281250000000098
40
0.312500000000102
40
0.312500000000102
40
0.375000000000108
40
0.375000000000108
40
0.406250000000102
40
0.406250000000102
40
0.437500000000096
40
0.437500000000096
40
0.500000000000084
40
0.500000000000084
40
0.562500000000072
40
0.562500000000072
40
0.62500000000006
40
0.62500000000006
40
0.750000000000036
40
0.750000000000036
40
0.875000000000013
40
0.875000000000013
40
0.937500000000006
40
0.937500000000006
40
1
40
1
40
1
40
1
41
1
10
13.1069075410022
20
3.25788407747066
30
0
41
1
10
13.1357923801067
20
3.23296119028089
30
0
41
1
10
13.1647997891337
20
3.2080466330228
30
0
41
1
10
13.2085117313075
20
3.1706988347679
30
0
41
1
10
13.2231156779787
20
3.15825315786782
30
0
41
1
10
13.252392679561
20
3.13336943714106
30
0
41
1
10
13.2670586482663
20
3.12091000697626
30
0
41
1
10
13.2891441192134
20
3.10231786396881
30
0
41
1
10
13.2965228018124
20
3.09614788525462
30
0
41
1
10
13.3113887198137
20
3.08440882953082
30
0
41
1
10
13.3188644076655
20
3.07876536823244
30
0
41
1
10
13.3413908439005
20
3.06239528160839
30
0
41
1
10
13.3565427570955
20
3.05224345005871
30
0
41
1
10
13.3794113622523
20
3.03799543139147
30
0
41
1
10
13.387058003856
20
3.03341097857248
30
0
41
1
10
13.4023900981444
20
3.02454569186517
30
0
41
1
10
13.4100954314746
20
3.02025501239757
30
0
41
1
10
13.4329493422964
20
3.0079753175348
30
0
41
1
10
13.447924892584
20
3.00052387829692
30
0
41
1
10
13.4773940486567
20
2.98685056083707
30
0
41
1
10
13.4918900072413
20
2.98062292437405
30
0
41
1
10
13.5204253415786
20
2.9692451226496
30
0
41
1
10
13.5345216920786
20
2.96408231340422
30
0
41
1
10
13.5756365798441
20
2.95024063615844
30
0
41
1
10
13.6014750867421
20
2.9431787552173
30
0
41
1
10
13.6503918908029
20
2.93279008183137
30
0
41
1
10
13.6734762769781
20
2.92945414609483
30
0
41
1
10
13.7060224357736
20
2.92742624799251
30
0
41
1
10
13.716434163766
20
2.92726204098645
30
0
41
1
10
13.7362919822734
20
2.92800245569444
30
0
41
1
10
13.7457553585092
20
2.92890383060254
30
0
41
1
10
13.7547216684082
20
2.93040466093734
30
0
0
SPLINE
5
160
100
AcDbEntity
8
1
62
256
6
ByLayer
370
18
48
1
60
0
100
AcDbSpline
70
4
71
3
72
36
73
32
40
0
40
0
40
0
40
0
40
0.124999999999967
40
0.124999999999967
40
0.187499999999942
40
0.187499999999942
40
0.249999999999918
40
0.249999999999918
40
0.281249999999915
40
0.281249999999915
40
0.312499999999911
40
0.312499999999911
40
0.374999999999922
40
0.374999999999922
40
0.406249999999928
40
0.406249999999928
40
0.437499999999934
40
0.437499999999934
40
0.499999999999947
40
0.499999999999947
40
0.562499999999959
40
0.562499999999959
40
0.624999999999972
40
0.624999999999972
40
0.749999999999981
40
0.749999999999981
40
0.874999999999991
40
0.874999999999991
40
0.937499999999995
40
0.937499999999995
40
1
40
1
40
1
40
1
41
1
10
21.1069484326608
20
-2.70762778756728
30
0
41
1
10
21.1358294124127
20
-2.70825855906577
30
0
41
1
10
21.164832922577
20
-2.70834033860473
30
0
41
1
10
21.2085389737523
20
-2.70760862305048
30
0
41
1
10
21.2231409481788
20
-2.70722133224899
30
0
41
1
10
21.2524139837141
20
-2.70614997253133
30
0
41
1
10
21.2670780242691
20
-2.70542155435143
30
0
41
1
10
21.2891600930834
20
-2.70428846207599
30
0
41
1
10
21.296537113291
20
-2.70391759210597
30
0
41
1
10
21.3113996775243
20
-2.70423807899996
30
0
41
1
10
21.3188738073158
20
-2.7047940646402
30
0
41
1
10
21.3413955803528
20
-2.70745852878756
30
0
41
1
10
21.3565444951556
20
-2.71059283026631
30
0
41
1
10
21.3794086839872
20
-2.71713516295887
30
0
41
1
10
21.3870538718848
20
-2.71962556821882
30
0
41
1
10
21.4023830904436
20
-2.7251911731841
30
0
41
1
10
21.4100878376635
20
-2.72827679860904
30
0
41
1
10
21.4329424044093
20
-2.73824110723791
30
0
41
1
10
21.447918350829
20
-2.74585391495032
30
0
41
1
10
21.4773881397301
20
-2.76276491773936
30
0
41
1
10
21.4918843528449
20
-2.77205502789286
30
0
41
1
10
21.5204202243681
20
-2.79215773925083
30
0
41
1
10
21.5345167479725
20
-2.80303011437579
30
0
41
1
10
21.5756369829666
20
-2.83735304359988
30
0
41
1
10
21.6014786202952
20
-2.86244348136216
30
0
41
1
10
21.6504012338056
20
-2.91647427982235
30
0
41
1
10
21.6734884681804
20
-2.94540553110755
30
0
41
1
10
21.7060393288513
20
-2.99176932091211
30
0
41
1
10
21.716454331091
20
-3.00760919655423
30
0
41
1
10
21.7363173461556
20
-3.03991676745213
30
0
41
1
10
21.7457834326026
20
-3.05640641605282
30
0
41
1
10
21.7547527128289
20
-3.07325978299647
30
0
0
SPLINE
5
161
100
AcDbEntity
8
1
62
256
6
ByLayer
370
18
48
1
60
0
100
AcDbSpline
70
4
71
3
72
38
73
34
40
0
40
0
40
0
40
0
40
0.0871284338048406
40
0.0871284338048406
40
0.137843520815687
40
0.137843520815687
40
0.16320106432111
40
0.16320106432111
40
0.188558607826533
40
0.188558607826533
40
0.239273694837376
40
0.239273694837376
40
0.289988781848219
40
0.289988781848219
40
0.391418955869904
40
0.391418955869904
40
0.492849129891588
40
0.492849129891588
40
0.54356421690243
40
0.54356421690243
40
0.594279303913272
40
0.594279303913272
40
0.644994390924114
40
0.644994390924114
40
0.670351934429535
40
0.670351934429535
40
0.695709477934956
40
0.695709477934956
40
0.797139651956637
40
0.797139651956637
40
0.898569825978319
40
0.898569825978319
40
1
40
1
40
1
40
1
41
1
10
26.2860689128803
20
-3.55952298079475
30
0
41
1
10
26.1547780468912
20
-3.60154346161448
30
0
41
1
10
26.023222706867
20
-3.6391229728184
30
0
41
1
10
25.8143773607338
20
-3.69090597581754
30
0
41
1
10
25.7373818282373
20
-3.70833496704475
30
0
41
1
10
25.6215799765276
20
-3.73201049710991
30
0
41
1
10
25.5828902286054
20
-3.73949812877549
30
0
41
1
10
25.5056257995591
20
-3.75358669041782
30
0
41
1
10
25.4670498743623
20
-3.76018888412167
30
0
41
1
10
25.3514791575115
20
-3.77865136179793
30
0
41
1
10
25.2746479101462
20
-3.78914393155128
30
0
41
1
10
25.1213003658211
20
-3.80657342036821
30
0
41
1
10
25.0447750467208
20
-3.81354051122463
30
0
41
1
10
24.8154145176031
20
-3.82965940862746
30
0
41
1
10
24.6627969178281
20
-3.83408225472596
30
0
41
1
10
24.3577363345069
20
-3.82938763545778
30
0
41
1
10
24.2052832321518
20
-3.82031073222726
30
0
41
1
10
23.976248644718
20
-3.79611907781933
30
0
41
1
10
23.8998449846318
20
-3.78627837928346
30
0
41
1
10
23.7468209093171
20
-3.76301456239315
30
0
41
1
10
23.6701963905033
20
-3.74961939984576
30
0
41
1
10
23.5166089302072
20
-3.71955962642016
30
0
41
1
10
23.4396453535222
20
-3.7029244942876
30
0
41
1
10
23.3238895072079
20
-3.67547696144084
30
0
41
1
10
23.2852185408941
20
-3.66590044187328
30
0
41
1
10
23.2079362303791
20
-3.64593107236934
30
0
41
1
10
23.1693499924919
20
-3.63554371045191
30
0
41
1
10
22.976668957068
20
-3.58160069300507
30
0
41
1
10
22.8232931947331
20
-3.53212584991581
30
0
41
1
10
22.517309397336
20
-3.42139502124508
30
0
41
1
10
22.3647495620617
20
-3.35995361221691
30
0
41
1
10
22.0598016549446
20
-3.22531776612317
30
0
41
1
10
21.9073918069749
20
-3.15227779026466
30
0
41
1
10
21.7547527128277
20
-3.07325978299747
30
0
0
SPLINE
5
162
100
AcDbEntity
8
1
62
256
6
ByLayer
370
18
48
1
60
0
100
AcDbSpline
70
4
71
5
72
42
73
36
40
0
40
0
40
0
40
0
40
0
40
0
40
0.0017116625821566
40
0.0282205557073734
40
0.0547294488325902
40
0.0944927885204153
40
0.134256128208241
40
0.160765021333457
40
0.200528361021282
40
0.240291700709107
40
0.26680059383432
40
0.293309486959541
40
0.333072826647366
40
0.372836166335191
40
0.399345059460408
40
0.439108399148233
40
0.46561729227345
40
0.505380631961275
40
0.531889525086492
40
0.571652864774317
40
0.611416204462142
40
0.637925097587359
40
0.677688437275184
40
0.704197330400401
40
0.743960670088226
40
0.770469563213443
40
0.810232902901268
40
0.849996242589093
40
0.87650513571431
40
0.903014028839526
40
0.942777368527352
40
0.982540708215177
40
1
40
1
40
1
40
1
40
1
40
1
41
1
10
15.2729641022632
20
1.9327783467028
30
0
41
1
10
15.2760931090267
20
1.9314968982637
30
0
41
1
10
15.3276817285342
20
1.91034961638522
30
0
41
1
10
15.4277299607857
20
1.86870655319231
30
0
41
1
10
15.6004676121533
20
1.79473328821862
30
0
41
1
10
15.8458946826371
20
1.6847314127111
30
0
41
1
10
16.1366523591014
20
1.54683099159178
30
0
41
1
10
16.4516398419378
20
1.38996257455054
30
0
41
1
10
16.7908571311462
20
1.2130960327874
30
0
41
1
10
17.1058446139826
20
1.04239309397016
30
0
41
1
10
17.396602290447
20
0.880170508045865
30
0
41
1
10
17.7115897732834
20
0.700264507620489
30
0
41
1
10
18.0265772561197
20
0.516975388311948
30
0
41
1
10
18.3173349325841
20
0.34539499897619
30
0
41
1
10
18.6323224154205
20
0.157846847286038
30
0
41
1
10
18.9473098982569
20
-0.0305144581048467
30
0
41
1
10
19.2622973810933
20
-0.218681740908835
30
0
41
1
10
19.5530550575576
20
-0.391442049282716
30
0
41
1
10
19.868042540394
20
-0.576661481281661
30
0
41
1
10
20.1830300232304
20
-0.759139872570017
30
0
41
1
10
20.4980175060668
20
-0.937608603201568
30
0
41
1
10
20.8130049889031
20
-1.11154559230224
30
0
41
1
10
21.1279924717395
20
-1.27955205616104
30
0
41
1
10
21.442979954576
20
-1.44133472961323
30
0
41
1
10
21.7337376310403
20
-1.58427972529003
30
0
41
1
10
22.0487251138767
20
-1.73144395543764
30
0
41
1
10
22.3637125967131
20
-1.87027694647
30
0
41
1
10
22.6787000795495
20
-1.99918892849198
30
0
41
1
10
22.9694577560138
20
-2.10926521225835
30
0
41
1
10
23.2844452388502
20
-2.21826573074563
30
0
41
1
10
23.5994327216866
20
-2.31654936062466
30
0
41
1
10
23.8736472639517
20
-2.39240605392104
30
0
41
1
10
24.0994021934728
20
-2.44712082398166
30
0
41
1
10
24.2766975102498
20
-2.4851803328452
30
0
41
1
10
24.3813034079107
20
-2.50590187982186
30
0
41
1
10
24.4132198864555
20
-2.51206218686821
30
0
0
SPLINE
5
163
100
AcDbEntity
8
1
62
256
6
ByLayer
370
18
48
1
60
0
100
AcDbSpline
70
4
71
3
72
8
73
4
40
0
40
0
40
0
40
0
40
1
40
1
40
1
40
1
41
1
10
11.0000000000006
20
3.8191460094454
30
0
41
1
10
11.0021305577565
20
3.81937082397874
30
0
41
1
10
11.0042609897236
20
3.81959413060733
30
0
41
1
10
11.0063912971476
20
3.81981592910026
30
0
0
SPLINE
5
164
100
AcDbEntity
8
1
62
256
6
ByLayer
370
13
48
1
60
0
100
AcDbSpline
70
4
71
3
72
12
73
8
40
0
40
0
40
0
40
0
40
0.0706732259003012
40
0.383518535177529
40
0.539941189816143
40
0.696363844454757
40
1
40
1
40
1
40
1
41
1
10
26.367965237518
20
0.767488612930975
30
0
41
1
10
26.3730570014981
20
0.768123626058298
30
0
41
1
10
26.4004425970961
20
0.771885921291613
30
0
41
1
10
26.4367926482032
20
0.779520992271756
30
0
41
1
10
26.4751437562177
20
0.79108508995219
30
0
41
1
10
26.5118554169326
20
0.804768587801334
30
0
41
1
10
26.5369270709431
20
0.817325125610751
30
0
41
1
10
26.5519082837872
20
0.826478689866121
30
0
0
SPLINE
5
165
100
AcDbEntity
8
1
62
256
6
ByLayer
370
18
48
1
60
0
100
AcDbSpline
70
4
71
3
72
17
73
13
40
0
40
0
40
0
40
0
40
0.249999999999996
40
0.249999999999996
40
0.374999999999995
40
0.374999999999995
40
0.499999999999993
40
0.624999999999991
40
0.624999999999991
40
0.749999999999989
40
0.749999999999989
40
1
40
1
40
1
40
1
41
1
10
10.3499911836312
20
1.42394892928343
30
0
41
1
10
10.3980677884216
20
1.38680570252441
30
0
41
1
10
10.4478639839145
20
1.34767178492953
30
0
41
1
10
10.5251023706297
20
1.28586826515414
30
0
41
1
10
10.5512951189073
20
1.26473319826729
30
0
41
1
10
10.6044560322582
20
1.22148499105018
30
0
41
1
10
10.6582696371251
20
1.17735923146779
30
0
41
1
10
10.7134078675972
20
1.13148886264264
30
0
41
1
10
10.7692326432657
20
1.08475096118144
30
0
41
1
10
10.7975056127522
20
1.0609331962988
30
0
41
1
10
10.8829579316162
20
0.988573880893455
30
0
41
1
10
10.9409004488636
20
0.939010520874689
30
0
41
1
10
11.0000000000006
20
0.88823084865075
30
0
0
SPLINE
5
166
100
AcDbEntity
8
1
62
256
6
ByLayer
370
18
48
1
60
0
100
AcDbSpline
70
4
71
3
72
11
73
7
40
0
40
0
40
0
40
0
40
0.152754470735344
40
0.47690997016034
40
0.801065469585336
40
1
40
1
40
1
40
1
41
1
10
10.3499911836311
20
1.42394892928277
30
0
41
1
10
10.3499911836311
20
1.36380834658081
30
0
41
1
10
10.3499911836311
20
1.17303817343563
30
0
41
1
10
10.349991183631
20
0.838315056974722
30
0
41
1
10
10.3499911836311
20
0.46856842779917
30
0
41
1
10
10.3499911836309
20
0.234928722299259
30
0
41
1
10
10.3499911836309
20
0.145641655826779
30
0
0
SPLINE
5
167
100
AcDbEntity
8
1
62
256
6
ByLayer
370
18
48
1
60
0
100
AcDbSpline
70
4
71
3
72
16
73
12
40
0
40
0
40
0
40
0
40
0.25
40
0.25
40
0.375
40
0.375
40
0.5
40
0.5
40
0.75
40
0.75
40
1
40
1
40
1
40
1
41
1
10
14.7070064582545
20
-2.16582884040398
30
0
41
1
10
14.7065914558484
20
-2.26779691267922
30
0
41
1
10
14.706216236454
20
-2.36716915356052
30
0
41
1
10
14.7056102955278
20
-2.51236257970905
30
0
41
1
10
14.7054098952688
20
-2.56011488751966
30
0
41
1
10
14.7050343072525
20
-2.65432040862675
30
0
41
1
10
14.7048572458457
20
-2.70069225055025
30
0
41
1
10
14.7043158396991
20
-2.8372242707305
30
0
41
1
10
14.7039246458228
20
-2.92497710271641
30
0
41
1
10
14.7031509419572
20
-3.09398397270542
30
0
41
1
10
14.7027922211582
20
-3.17523642494956
30
0
41
1
10
14.702416181152
20
-3.25318991154614
30
0
0
SPLINE
5
168
100
AcDbEntity
8
1
62
256
6
ByLayer
370
18
48
1
60
0
100
AcDbSpline
70
4
71
3
72
32
73
28
40
0
40
0
40
0
40
0
40
0.125000000000002
40
0.125000000000002
40
0.156250000000002
40
0.156250000000002
40
0.187500000000001
40
0.187500000000001
40
0.250000000000001
40
0.250000000000001
40
0.374999999999999
40
0.374999999999999
40
0.437499999999996
40
0.437499999999996
40
0.499999999999994
40
0.499999999999994
40
0.624999999999992
40
0.624999999999992
40
0.749999999999991
40
0.749999999999991
40
0.78124999999999
40
0.78124999999999
40
0.81249999999999
40
0.81249999999999
40
0.874999999999992
40
0.874999999999992
40
1
40
1
40
1
40
1
41
1
10
14.707006458253
20
-2.16582884040483
30
0
41
1
10
14.5533448941352
20
-2.05663779001966
30
0
41
1
10
14.3993138558663
20
-1.94328728531676
30
0
41
1
10
14.2058631502268
20
-1.79658150723799
30
0
41
1
10
14.1671269634126
20
-1.76699128597193
30
0
41
1
10
14.0895500377416
20
-1.70732110861954
30
0
41
1
10
14.0506714268417
20
-1.6772111372286
30
0
41
1
10
13.9342205841629
20
-1.58644367521845
30
0
41
1
10
13.8568085782812
20
-1.52533430280437
30
0
41
1
10
13.6250702333328
20
-1.34043009045644
30
0
41
1
10
13.4712342501014
20
-1.21507550078496
30
0
41
1
10
13.2409793219646
20
-1.02444672812106
30
0
41
1
10
13.1643063898497
20
-0.960478773862462
30
0
41
1
10
13.0110015400879
20
-0.831858724133298
30
0
41
1
10
12.9343667067708
20
-0.767213851134926
30
0
41
1
10
12.7044163101697
20
-0.572373327264756
30
0
41
1
10
12.551073537774
20
-0.44123576386346
30
0
41
1
10
12.2436909709619
20
-0.177035656235063
30
0
41
1
10
12.0896480428344
20
-0.0439817793142936
30
0
41
1
10
11.896171903368
20
0.123060895755828
30
0
41
1
10
11.857429447277
20
0.156502888749713
30
0
41
1
10
11.7798336987262
20
0.223418943699073
30
0
41
1
10
11.7409527001526
20
0.256914590812272
30
0
41
1
10
11.624472188433
20
0.357135522734325
30
0
41
1
10
11.5469672444872
20
0.423664006860832
30
0
41
1
10
11.3148179811992
20
0.622264172295758
30
0
41
1
10
11.1605233879321
20
0.753351606176523
30
0
41
1
10
11.006391297149
20
0.882736868002951
30
0
0
SPLINE
5
169
100
AcDbEntity
8
1
62
256
6
ByLayer
370
18
48
1
60
0
100
AcDbSpline
70
4
71
3
72
8
73
4
40
0
40
0
40
0
40
0
40
1
40
1
40
1
40
1
41
1
10
32.9520371981025
20
-0.106294590845124
30
0
41
1
10
32.9518395913495
20
-0.181913003045935
30
0
41
1
10
32.9516378859639
20
-0.257720601527069
30
0
41
1
10
32.9514339080602
20
-0.333630130280454
30
0
0
SPLINE
5
16A
100
AcDbEntity
8
1
62
256
6
ByLayer
370
18
48
1
60
0
100
AcDbSpline
70
4
71
3
72
26
73
22
40
0
40
0
40
0
40
0
40
0.0156250000000001
40
0.0156250000000001
40
0.0312500000000002
40
0.0312500000000002
40
0.0625000000000005
40
0.0625000000000005
40
0.125000000000001
40
0.125000000000001
40
0.187500000000001
40
0.187500000000001
40
0.250000000000002
40
0.250000000000002
40
0.375000000000002
40
0.375000000000002
40
0.500000000000001
40
0.500000000000001
40
0.750000000000001
40
0.750000000000001
40
1
40
1
40
1
40
1
41
1
10
36.5383601840639
20
-3.11054905425755
30
0
41
1
10
36.5413210405525
20
-3.10864996072121
30
0
41
1
10
36.5438811549116
20
-3.10642645454183
30
0
41
1
10
36.5484554994688
20
-3.10181640242496
30
0
41
1
10
36.5505022512805
20
-3.09939082428235
30
0
41
1
10
36.5562263821793
20
-3.09191203810545
30
0
41
1
10
36.5594151434111
20
-3.08678336010976
30
0
41
1
10
36.5682349913435
20
-3.07120402324517
30
0
41
1
10
36.5730921723867
20
-3.06055425849257
30
0
41
1
10
36.5821521174007
20
-3.03901384543064
30
0
41
1
10
36.5862946936157
20
-3.02812063302781
30
0
41
1
10
36.5941713934224
20
-3.00622258158168
30
0
41
1
10
36.5979015704079
20
-2.99520343093457
30
0
41
1
10
36.6087105624389
20
-2.96195822175889
30
0
41
1
10
36.6154163779176
20
-2.93954521855505
30
0
41
1
10
36.6283076396967
20
-2.89426374644151
30
0
41
1
10
36.6344799078075
20
-2.87139405052619
30
0
41
1
10
36.6524166522748
20
-2.80211744435928
30
0
41
1
10
36.6636090984208
20
-2.75504945711589
30
0
41
1
10
36.6846562319219
20
-2.65940782626509
30
0
41
1
10
36.6945016964845
20
-2.61080004555319
30
0
41
1
10
36.7036279560441
20
-2.56139253600125
30
0
0
SPLINE
5
16B
100
AcDbEntity
8
1
62
256
6
ByLayer
370
18
48
1
60
0
100
AcDbSpline
70
4
71
3
72
12
73
8
40
0
40
0
40
0
40
0
40
0.499999999999999
40
0.499999999999999
40
0.75
40
0.75
40
1
40
1
40
1
40
1
41
1
10
36.7036576626795
20
-2.56140451869749
30
0
41
1
10
36.6970240499275
20
-2.483470705146
30
0
41
1
10
36.6933854893265
20
-2.4035141414243
30
0
41
1
10
36.6876936259214
20
-2.28100668023836
30
0
41
1
10
36.6857389022415
20
-2.23974359084056
30
0
41
1
10
36.6808348435143
20
-2.15644546890383
30
0
41
1
10
36.6778834170387
20
-2.11440326793308
30
0
41
1
10
36.6739749176385
20
-2.07210563167635
30
0
0
SPLINE
5
16C
100
AcDbEntity
8
1
62
256
6
ByLayer
370
18
48
1
60
0
100
AcDbSpline
70
4
71
3
72
24
73
20
40
0
40
0
40
0
40
0
40
0.125000000000002
40
0.125000000000002
40
0.250000000000005
40
0.250000000000005
40
0.375000000000007
40
0.375000000000007
40
0.437500000000008
40
0.437500000000008
40
0.50000000000001
40
0.50000000000001
40
0.53125000000001
40
0.53125000000001
40
0.562500000000011
40
0.625000000000012
40
0.750000000000008
40
0.750000000000008
40
1
40
1
40
1
40
1
41
1
10
36.6739749176384
20
-2.07210563167632
30
0
41
1
10
36.5184140382677
20
-1.959440415931
30
0
41
1
10
36.3635644501899
20
-1.84321859685321
30
0
41
1
10
36.0543891157107
20
-1.60485172118976
30
0
41
1
10
35.9000594490473
20
-1.48272522165112
30
0
41
1
10
35.5911811103268
20
-1.23343779056705
30
0
41
1
10
35.4366351186999
20
-1.10627176148361
30
0
41
1
10
35.2041212030912
20
-0.912301451584739
30
0
41
1
10
35.1265007109831
20
-0.847106041608015
30
0
41
1
10
34.9709321076295
20
-0.715764145315688
30
0
41
1
10
34.8929848939949
20
-0.649617539360065
30
0
41
1
10
34.7757564105306
20
-0.549700529811361
30
0
41
1
10
34.736592441738
20
-0.516248589227473
30
0
41
1
10
34.6584009955534
20
-0.449343574183871
30
0
41
1
10
34.5412789615997
20
-0.348950656496072
30
0
41
1
10
34.2690071504504
20
-0.114610131744286
30
0
41
1
10
34.0369187532509
20
0.0859065124240885
30
0
41
1
10
33.57335574917
20
0.485216327436973
30
0
41
1
10
33.2651385848476
20
0.749136573570439
30
0
41
1
10
32.9548591446848
20
1.00740778354347
30
0
0
SPLINE
5
16D
100
AcDbEntity
8
1
62
256
6
ByLayer
370
18
48
1
60
0
100
AcDbSpline
70
4
71
3
72
32
73
28
40
0
40
0
40
0
40
0
40
0.198757784884302
40
0.198757784884302
40
0.298136677326453
40
0.298136677326453
40
0.397515569768604
40
0.397515569768604
40
0.447205015989679
40
0.447205015989679
40
0.472049739100215
40
0.472049739100215
40
0.49689446221075
40
0.596273354652885
40
0.596273354652885
40
0.69565224709502
40
0.69565224709502
40
0.795031139537156
40
0.795031139537156
40
0.894410031979291
40
0.894410031979291
40
0.944099478200361
40
0.944099478200361
40
0.968944201310894
40
0.968944201310894
40
0.993788924421426
40
1
40
1
40
1
40
1
41
1
10
32.3060313107954
20
1.53483608948335
30
0
41
1
10
31.9980539521092
20
1.77830587303387
30
0
41
1
10
31.693007137061
20
2.00845932425989
30
0
41
1
10
31.2357330516021
20
2.32979408908588
30
0
41
1
10
31.0833419643725
20
2.43294465620997
30
0
41
1
10
30.7779194612625
20
2.63075568821199
30
0
41
1
10
30.6248978043688
20
2.72539468365631
30
0
41
1
10
30.3943781357433
20
2.86037203542651
30
0
41
1
10
30.3173732797414
20
2.90420077403928
30
0
41
1
10
30.2015495803154
20
2.96811907979532
30
0
41
1
10
30.1628676585055
20
2.98913174771656
30
0
41
1
10
30.0856742136653
20
3.03038325002427
30
0
41
1
10
29.8929536170379
20
3.13166817892321
30
0
41
1
10
29.7014053810455
20
3.22370650798484
30
0
41
1
10
29.3957407243756
20
3.35879243418592
30
0
41
1
10
29.243328391621
20
3.42017463159539
30
0
41
1
10
28.9385134582811
20
3.53086695783591
30
0
41
1
10
28.786111337989
20
3.58023032133491
30
0
41
1
10
28.4807294694265
20
3.66624946161124
30
0
41
1
10
28.3277444234318
20
3.70292717253685
30
0
41
1
10
28.097296115636
20
3.74798150363111
30
0
41
1
10
28.0203180734369
20
3.76133093075183
30
0
41
1
10
27.9045345922425
20
3.77882172925209
30
0
41
1
10
27.8658575171128
20
3.78423488979749
30
0
41
1
10
27.7886557276605
20
3.79418985502895
30
0
41
1
10
27.7404678982446
20
3.79987349382463
30
0
41
1
10
27.6923491812191
20
3.80489471591974
30
0
41
1
10
27.6827282609336
20
3.80587242460848
30
0
0
SPLINE
5
16E
100
AcDbEntity
8
1
62
256
6
ByLayer
370
18
48
1
60
0
100
AcDbSpline
70
4
71
3
72
16
73
12
40
0
40
0
40
0
40
0
40
0.25
40
0.25
40
0.375
40
0.375
40
0.5
40
0.5
40
0.75
40
0.75
40
1
40
1
40
1
40
1
41
1
10
27.5064453801534
20
-3.26750218435561
30
0
41
1
10
27.5060273191116
20
-3.33880766315625
30
0
41
1
10
27.5056494884365
20
-3.40601273094063
30
0
41
1
10
27.5050397484689
20
-3.50071557833815
30
0
41
1
10
27.5048380941388
20
-3.53126359336392
30
0
41
1
10
27.5044602948378
20
-3.59030757836689
30
0
41
1
10
27.5042822744234
20
-3.61875119486433
30
0
41
1
10
27.5037377864171
20
-3.70062604116743
30
0
41
1
10
27.5033441881527
20
-3.75071599566425
30
0
41
1
10
27.5025661668617
20
-3.84196182287852
30
0
41
1
10
27.50220550824
20
-3.88311537112131
30
0
41
1
10
27.5018267320299
20
-3.91973413582122
30
0
0
SPLINE
5
16F
100
AcDbEntity
8
1
62
256
6
ByLayer
370
18
48
1
60
0
100
AcDbSpline
70
4
71
3
72
54
73
50
40
0
40
0
40
0
40
0
40
0.125000000000008
40
0.125000000000008
40
0.156250000000009
40
0.156250000000009
40
0.187500000000009
40
0.187500000000009
40
0.250000000000009
40
0.250000000000009
40
0.265625000000008
40
0.265625000000008
40
0.281250000000008
40
0.281250000000008
40
0.312500000000008
40
0.312500000000008
40
0.343750000000008
40
0.343750000000008
40
0.375000000000007
40
0.375000000000007
40
0.437500000000008
40
0.500000000000009
40
0.500000000000009
40
0.531250000000009
40
0.531250000000009
40
0.562500000000009
40
0.562500000000009
40
0.578125000000008
40
0.578125000000008
40
0.593750000000008
40
0.593750000000008
40
0.625000000000008
40
0.625000000000008
40
0.687500000000007
40
0.687500000000007
40
0.750000000000006
40
0.750000000000006
40
0.781250000000006
40
0.781250000000006
40
0.812500000000006
40
0.812500000000006
40
0.875000000000005
40
0.875000000000005
40
0.906250000000004
40
0.906250000000004
40
0.937500000000003
40
0.968750000000001
40
0.968750000000001
40
1
40
1
40
1
40
1
41
1
10
27.5064453801534
20
-3.26750218435558
30
0
41
1
10
27.1994592168561
20
-3.12924086205791
30
0
41
1
10
26.8948524170839
20
-2.96862586320785
30
0
41
1
10
26.5135990667023
20
-2.74251536386828
30
0
41
1
10
26.4373180290938
20
-2.69605011368856
30
0
41
1
10
26.2845948717234
20
-2.60081274483412
30
0
41
1
10
26.2081529397835
20
-2.55204667149397
30
0
41
1
10
25.9784903690148
20
-2.40221263938611
30
0
41
1
10
25.8249436474596
20
-2.29751803406555
30
0
41
1
10
25.6319976852243
20
-2.16092099190101
30
0
41
1
10
25.5933222598642
20
-2.13329237275909
30
0
41
1
10
25.5160419961242
20
-2.07759517808128
30
0
41
1
10
25.4774584893784
20
-2.04954229976858
30
0
41
1
10
25.3618661018275
20
-1.96477798234039
30
0
41
1
10
25.2850211129947
20
-1.90744792157568
30
0
41
1
10
25.1316550417615
20
-1.79128186531844
30
0
41
1
10
25.0551243478716
20
-1.73246661675355
30
0
41
1
10
24.9022126530837
20
-1.61364070235206
30
0
41
1
10
24.8258290583611
20
-1.55363893499714
30
0
41
1
10
24.5968261821121
20
-1.37189524958453
30
0
41
1
10
24.2919121752548
20
-1.12487325799069
30
0
41
1
10
23.9867483243681
20
-0.86925216133946
30
0
41
1
10
23.7572554175142
20
-0.674729307176477
30
0
41
1
10
23.6806482110088
20
-0.609438314737133
30
0
41
1
10
23.5270999856524
20
-0.478164898894761
30
0
41
1
10
23.4501580979846
20
-0.412193336584977
30
0
41
1
10
23.3344370867907
20
-0.312773282847104
30
0
41
1
10
23.2957868081216
20
-0.2795330948436
30
0
41
1
10
23.2184890991398
20
-0.212999070633742
30
0
41
1
10
23.1798952829572
20
-0.179750953779404
30
0
41
1
10
23.0642661529511
20
-0.0800802102180285
30
0
41
1
10
22.9873796661122
20
-0.0137333425339818
30
0
41
1
10
22.7571478826316
20
0.184840219368368
30
0
41
1
10
22.604214357252
20
0.31659821292979
30
0
41
1
10
22.2989161894326
20
0.578146786703627
30
0
41
1
10
22.1465375064026
20
0.707928163895929
30
0
41
1
10
21.9178299314461
20
0.900501826770551
30
0
41
1
10
21.8415759201041
20
0.964344113117477
30
0
41
1
10
21.6889562081285
20
1.09121341799892
30
0
41
1
10
21.6125878290808
20
1.15423676553132
30
0
41
1
10
21.3830836801402
20
1.34196946294236
30
0
41
1
10
21.2295876379698
20
1.46534864980833
30
0
41
1
10
20.9981657703746
20
1.64711865936764
30
0
41
1
10
20.9207379913083
20
1.70722261926366
30
0
41
1
10
20.7665551144435
20
1.82532045964939
30
0
41
1
10
20.6127881091877
20
1.9415135444772
30
0
41
1
10
20.4597054961206
20
2.0536829293186
30
0
41
1
10
20.3068871481062
20
2.16371712996531
30
0
41
1
10
20.2306190474294
20
2.21764166248948
30
0
41
1
10
20.1543782482303
20
2.27057436397564
30
0
0
SPLINE
5
170
100
AcDbEntity
8
1
62
256
6
ByLayer
370
18
48
1
60
0
100
AcDbSpline
70
4
71
3
72
13
73
9
40
0
40
0
40
0
40
0
40
0.500000000000001
40
0.500000000000001
40
0.625000000000001
40
0.625000000000001
40
0.75
40
1
40
1
40
1
40
1
41
1
10
20.151886132351
20
1.32945488262177
30
0
41
1
10
20.1523230559592
20
1.50127538884775
30
0
41
1
10
20.1527404458899
20
1.66586351600998
30
0
41
1
10
20.1532565790575
20
1.86261213899203
30
0
41
1
10
20.1533573868105
20
1.90154047607626
30
0
41
1
10
20.1535555233311
20
1.97833567910959
30
0
41
1
10
20.1538478896497
20
2.09186389473672
30
0
41
1
10
20.1541687042799
20
2.20042093126676
30
0
41
1
10
20.1543782482302
20
2.2705743639757
30
0
0
SPLINE
5
171
100
AcDbEntity
8
1
62
256
6
ByLayer
370
18
48
1
60
0
100
AcDbSpline
70
4
71
3
72
8
73
4
40
0
40
0
40
0
40
0
40
1
40
1
40
1
40
1
41
1
10
20.151886132351
20
1.32945488262177
30
0
41
1
10
20.1517133613314
20
1.2615125615238
30
0
41
1
10
20.1515382130895
20
1.19261729383521
30
0
41
1
10
20.1513595158797
20
1.12284839288654
30
0
0
SPLINE
5
172
100
AcDbEntity
8
1
62
256
6
ByLayer
370
18
48
1
60
0
100
AcDbSpline
70
4
71
3
72
13
73
9
40
0
40
0
40
0
40
0
40
0.500000000000001
40
0.500000000000001
40
0.625000000000001
40
0.625000000000001
40
0.750000000000001
40
1
40
1
40
1
40
1
41
1
10
13.7520926716861
20
2.16893020427659
30
0
41
1
10
13.7525545745233
20
2.3157996501036
30
0
41
1
10
13.7529951608643
20
2.45288533451162
30
0
41
1
10
13.7535395221557
20
2.6120851808073
30
0
41
1
10
13.7536459462069
20
2.64333829321691
30
0
41
1
10
13.7538552414768
20
2.70449315263326
30
0
41
1
10
13.7541642137047
20
2.7941413566864
30
0
41
1
10
13.7545012506907
20
2.87756551354084
30
0
41
1
10
13.7547216684069
20
2.93040466093967
30
0
0
SPLINE
5
173
100
AcDbEntity
8
1
62
256
6
ByLayer
370
18
48
1
60
0
100
AcDbSpline
70
4
71
3
72
8
73
4
40
0
40
0
40
0
40
0
40
1
40
1
40
1
40
1
41
1
10
13.7520926716861
20
2.16893020427659
30
0
41
1
10
13.7519099452327
20
2.11082938568779
30
0
41
1
10
13.7517245859253
20
2.05134670991291
30
0
41
1
10
13.7515353469211
20
1.99055077102304
30
0
0
SPLINE
5
174
100
AcDbEntity
8
1
62
256
6
ByLayer
370
18
48
1
60
0
100
AcDbSpline
70
4
71
3
72
16
73
12
40
0
40
0
40
0
40
0
40
0.249999999999999
40
0.249999999999999
40
0.375
40
0.375
40
0.5
40
0.5
40
0.75
40
0.75
40
1
40
1
40
1
40
1
41
1
10
21.1069484326608
20
-2.70762778756728
30
0
41
1
10
21.1065151463141
20
-2.79810101323309
30
0
41
1
10
21.1061207079665
20
-2.88524763211402
30
0
41
1
10
21.1054833434529
20
-3.01101489659277
30
0
41
1
10
21.1052720976242
20
-3.0521101342238
30
0
41
1
10
21.1048741995388
20
-3.13263585438216
30
0
41
1
10
21.104685667461
20
-3.17199657031449
30
0
41
1
10
21.1041081861176
20
-3.28704772239811
30
0
41
1
10
21.1036906138997
20
-3.35986014184289
30
0
41
1
10
21.102860548813
20
-3.49775371511788
30
0
41
1
10
21.1024715623293
20
-3.5628329852743
30
0
41
1
10
21.1020623066339
20
-3.62398784775564
30
0
0
SPLINE
5
175
100
AcDbEntity
8
1
62
256
6
ByLayer
370
18
48
1
60
0
100
AcDbSpline
70
4
71
3
72
56
73
52
40
0
40
0
40
0
40
0
40
0.0156250000000013
40
0.0156250000000013
40
0.0312500000000026
40
0.0312500000000026
40
0.0625000000000034
40
0.0937500000000042
40
0.0937500000000042
40
0.125000000000005
40
0.125000000000005
40
0.187500000000007
40
0.187500000000007
40
0.250000000000008
40
0.250000000000008
40
0.31250000000001
40
0.31250000000001
40
0.32812500000001
40
0.34375000000001
40
0.34375000000001
40
0.375000000000011
40
0.375000000000011
40
0.437500000000013
40
0.437500000000013
40
0.500000000000014
40
0.500000000000014
40
0.531250000000016
40
0.531250000000016
40
0.562500000000017
40
0.562500000000017
40
0.625000000000019
40
0.625000000000019
40
0.640625000000018
40
0.640625000000018
40
0.656250000000018
40
0.656250000000018
40
0.687500000000015
40
0.687500000000015
40
0.750000000000012
40
0.750000000000012
40
0.812500000000008
40
0.812500000000008
40
0.875000000000005
40
0.875000000000005
40
0.937500000000002
40
0.937500000000002
40
0.953125000000001
40
0.953125000000001
40
0.96875
40
0.96875
40
1
40
1
40
1
40
1
41
1
10
21.1069484326608
20
-2.70762778756728
30
0
41
1
10
21.068407801589
20
-2.68416364668718
30
0
41
1
10
21.0298190497262
20
-2.66036921946005
30
0
41
1
10
20.9525343824525
20
-2.61211427687678
30
0
41
1
10
20.9138803705961
20
-2.58767955085324
30
0
41
1
10
20.7981656839035
20
-2.51364771464443
30
0
41
1
10
20.6443051013704
20
-2.41285283015941
30
0
41
1
10
20.491149358979
20
-2.30797983832056
30
0
41
1
10
20.3382688715544
20
-2.20110940405598
30
0
41
1
10
20.2619781710062
20
-2.14663501685362
30
0
41
1
10
20.0332443615751
20
-1.98076712573845
30
0
41
1
10
19.8809143415126
20
-1.86704774827339
30
0
41
1
10
19.5761408740173
20
-1.63338208308656
30
0
41
1
10
19.4236826694713
20
-1.51349121772117
30
0
41
1
10
19.1180192424433
20
-1.26784878071715
30
0
41
1
10
18.9648086820366
20
-1.14209280110237
30
0
41
1
10
18.7723263359422
20
-0.981764758917592
30
0
41
1
10
18.6952354807783
20
-0.917325507841213
30
0
41
1
10
18.6179250505402
20
-0.852320855072634
30
0
41
1
10
18.5021984945789
20
-0.754779083718773
30
0
41
1
10
18.425224352291
20
-0.689583512888788
30
0
41
1
10
18.1947613738101
20
-0.493580374956679
30
0
41
1
10
18.0417384578431
20
-0.362349025220055
30
0
41
1
10
17.7363700313892
20
-0.0994310607948989
30
0
41
1
10
17.5840222438759
20
0.0322523505131187
30
0
41
1
10
17.3554183468478
20
0.229430083939263
30
0
41
1
10
17.2791997512845
20
0.295094316774367
30
0
41
1
10
17.12661291591
20
0.426170203446873
30
0
41
1
10
17.0502450065459
20
0.491582481930834
30
0
41
1
10
16.820830397272
20
0.687334586846475
30
0
41
1
10
16.6674818823179
20
0.817198895697942
30
0
41
1
10
16.4748614364102
20
0.978223106125824
30
0
41
1
10
16.4362902378527
20
1.01036222977618
30
0
41
1
10
16.3590417440093
20
1.07449491111001
30
0
41
1
10
16.3203844666714
20
1.10647156379898
30
0
41
1
10
16.2046818120462
20
1.20179543656829
30
0
41
1
10
16.1277654719888
20
1.26465317054104
30
0
41
1
10
15.8975236808035
20
1.45102372805451
30
0
41
1
10
15.744677533123
20
1.57235448142677
30
0
41
1
10
15.4395213232307
20
1.80859595709393
30
0
41
1
10
15.2872433622631
20
1.92345719306164
30
0
41
1
10
14.982498788329
20
2.14618761895369
30
0
41
1
10
14.8300290110768
20
2.25409569267808
30
0
41
1
10
14.5243123152459
20
2.46213937156819
30
0
41
1
10
14.3710680221901
20
2.56226279324474
30
0
41
1
10
14.1785811127262
20
2.68193689557592
30
0
41
1
10
14.1400367468407
20
2.70559833912097
30
0
41
1
10
14.0628417407367
20
2.7523599599451
30
0
41
1
10
14.0241756742744
20
2.77546826143728
30
0
41
1
10
13.9084449922593
20
2.84367335477006
30
0
41
1
10
13.8315040876709
20
2.88773927061521
30
0
41
1
10
13.754721668407
20
2.93040466093973
30
0
0
SPLINE
5
176
100
AcDbEntity
8
1
62
256
6
ByLayer
370
18
48
1
60
0
100
AcDbSpline
70
4
71
3
72
13
73
9
40
0
40
0
40
0
40
0
40
0.499999999999999
40
0.499999999999999
40
0.624999999999999
40
0.624999999999999
40
0.749999999999999
40
1
40
1
40
1
40
1
41
1
10
26.5519082837864
20
0.82647868986561
30
0
41
1
10
26.5523492134698
20
1.00813881945297
30
0
41
1
10
26.5527695219662
20
1.18417706249195
30
0
41
1
10
26.5532866919133
20
1.39723909973185
30
0
41
1
10
26.5533875752249
20
1.43953335951173
30
0
41
1
10
26.5535855728082
20
1.52324929409269
30
0
41
1
10
26.5538773001693
20
1.64743488449366
30
0
41
1
10
26.5541960406425
20
1.76747428301823
30
0
41
1
10
26.5544034035104
20
1.84565065178151
30
0
0
SPLINE
5
177
100
AcDbEntity
8
1
62
256
6
ByLayer
370
18
48
1
60
0
100
AcDbSpline
70
4
71
3
72
8
73
4
40
0
40
0
40
0
40
0
40
1
40
1
40
1
40
1
41
1
10
26.5519082837864
20
0.82647868986561
30
0
41
1
10
26.5517340457126
20
0.75469374940306
30
0
41
1
10
26.5515572665254
20
0.682220421430287
30
0
41
1
10
26.5513768439336
20
0.609142030331554
30
0
0
SPLINE
5
178
100
AcDbEntity
8
1
62
256
6
ByLayer
370
18
48
1
60
0
100
AcDbSpline
70
4
71
3
72
16
73
12
40
0
40
0
40
0
40
0
40
0.25
40
0.25
40
0.375
40
0.375
40
0.5
40
0.5
40
0.75
40
0.75
40
1
40
1
40
1
40
1
41
1
10
33.9059874204388
20
-3.50216805625516
30
0
41
1
10
33.9055957257541
20
-3.56100998645198
30
0
41
1
10
33.9052456547086
20
-3.61541479988674
30
0
41
1
10
33.9046794863632
20
-3.6904163564503
30
0
41
1
10
33.9044926176966
20
-3.714313617914
30
0
41
1
10
33.9041449959381
20
-3.75988776536235
30
0
41
1
10
33.9039823560213
20
-3.78152352755203
30
0
41
1
10
33.903484724731
20
-3.84281867902649
30
0
41
1
10
33.9031233561853
20
-3.87895676989905
30
0
41
1
10
33.9024113955092
20
-3.94183798795419
30
0
41
1
10
33.9020844422594
20
-3.96857877517246
30
0
41
1
10
33.9017405770114
20
-3.99055079892304
30
0
0
SPLINE
5
179
100
AcDbEntity
8
1
62
256
6
ByLayer
370
18
48
1
60
0
100
AcDbSpline
70
4
71
3
72
43
73
39
40
0
40
0
40
0
40
0
40
0.124999999999996
40
0.124999999999996
40
0.187499999999996
40
0.187499999999996
40
0.203124999999994
40
0.203124999999994
40
0.218749999999992
40
0.249999999999992
40
0.312499999999991
40
0.312499999999991
40
0.374999999999991
40
0.374999999999991
40
0.49999999999999
40
0.49999999999999
40
0.515624999999989
40
0.515624999999989
40
0.531249999999989
40
0.562499999999991
40
0.562499999999991
40
0.624999999999992
40
0.624999999999992
40
0.687499999999994
40
0.687499999999994
40
0.749999999999995
40
0.749999999999995
40
0.812499999999996
40
0.812499999999996
40
0.828124999999996
40
0.828124999999996
40
0.843749999999997
40
0.843749999999997
40
0.874999999999997
40
0.874999999999997
40
0.937499999999999
40
0.937499999999999
40
1
40
1
40
1
40
1
41
1
10
33.9059874204388
20
-3.50216805625516
30
0
41
1
10
33.6006007536638
20
-3.39507471643981
30
0
41
1
10
33.2960910353379
20
-3.26345086283828
30
0
41
1
10
32.8364645063969
20
-3.03150768670474
30
0
41
1
10
32.6827810875485
20
-2.94841125261664
30
0
41
1
10
32.4896277887979
20
-2.83749549730987
30
0
41
1
10
32.4509451420332
20
-2.8149592766481
30
0
41
1
10
32.3737554260102
20
-2.76935960988257
30
0
41
1
10
32.258124795622
20
-2.700106615067
30
0
41
1
10
31.989276242929
20
-2.53268120894626
30
0
41
1
10
31.7600790491747
20
-2.37960197414378
30
0
41
1
10
31.4549122893734
20
-2.16763629617418
30
0
41
1
10
31.3025505047147
20
-2.05768908218383
30
0
41
1
10
30.8449957671949
20
-1.71735210645025
30
0
41
1
10
30.5393673721842
20
-1.4764905813762
30
0
41
1
10
30.1917414840046
20
-1.19235884130848
30
0
41
1
10
30.1530565243744
20
-1.1606004833782
30
0
41
1
10
30.0758643624676
20
-1.09697337754682
30
0
41
1
10
29.9602324092395
20
-1.00127734705967
30
0
41
1
10
29.8450189493693
20
-0.904874683778559
30
0
41
1
10
29.6150197431165
20
-0.711280023330062
30
0
41
1
10
29.4622616922883
20
-0.581158379095172
30
0
41
1
10
29.1571850538939
20
-0.319630550220125
30
0
41
1
10
29.0048317585315
20
-0.188273859074513
30
0
41
1
10
28.6998025959716
20
0.0748006435067907
30
0
41
1
10
28.5471495076649
20
0.206551764542752
30
0
41
1
10
28.240895938512
20
0.469713881234696
30
0
41
1
10
28.0872962600948
20
0.601126712812089
30
0
41
1
10
27.8942354717408
20
0.764639845093086
30
0
41
1
10
27.8555513402677
20
0.797319599848834
30
0
41
1
10
27.7783511075643
20
0.86234653335805
30
0
41
1
10
27.7398012218779
20
0.894722411628749
30
0
41
1
10
27.6242812453373
20
0.991424444723691
30
0
41
1
10
27.5474421845784
20
1.05532497422095
30
0
41
1
10
27.317344655746
20
1.24518732022571
30
0
41
1
10
27.1645119298067
20
1.36930616776695
30
0
41
1
10
26.8592967054354
20
1.61190110216322
30
0
41
1
10
26.7069194018948
20
1.73036721464658
30
0
41
1
10
26.5544034035105
20
1.84565065178154
30
0
0
SPLINE
5
17A
100
AcDbEntity
8
1
62
256
6
ByLayer
370
18
48
1
60
0
100
AcDbSpline
70
4
71
3
72
14
73
10
40
0
40
0
40
0
40
0
40
0.249999999999999
40
0.249999999999999
40
0.499999999999998
40
0.499999999999998
40
0.749999999999999
40
0.749999999999999
40
1
40
1
40
1
40
1
41
1
10
32.7680481494283
20
-0.141715679543523
30
0
41
1
10
32.7855702318926
20
-0.158026076819652
30
0
41
1
10
32.8026400051732
20
-0.174260176560551
30
0
41
1
10
32.8358242254999
20
-0.20667219674749
30
0
41
1
10
32.8520030565555
20
-0.222913251222963
30
0
41
1
10
32.8829281492192
20
-0.255042900712994
30
0
41
1
10
32.8976955936503
20
-0.270943133207453
30
0
41
1
10
32.9257325309493
20
-0.302477137565802
30
0
41
1
10
32.9390082445647
20
-0.318113296574211
30
0
41
1
10
32.9514339080603
20
-0.333630130280426
30
0
0
SPLINE
5
17B
100
AcDbEntity
8
1
62
256
6
ByLayer
370
18
48
1
60
0
100
AcDbSpline
70
4
71
3
72
14
73
10
40
0
40
0
40
0
40
0
40
0.249999999999999
40
0.249999999999999
40
0.499999999999999
40
0.499999999999999
40
0.749999999999998
40
0.749999999999998
40
1
40
1
40
1
40
1
41
1
10
24.767984835846
20
3.79592886632528
30
0
41
1
10
24.7855195960552
20
3.80514777073938
30
0
41
1
10
24.8026018512474
20
3.81548923902341
30
0
41
1
10
24.8358103890131
20
3.83834716349875
30
0
41
1
10
24.85200119044
20
3.85090102542739
30
0
41
1
10
24.8829469320653
20
3.87794577555505
30
0
41
1
10
24.8977237593534
20
3.89241572010218
30
0
41
1
10
24.9257769642749
20
3.92330697976971
30
0
41
1
10
24.9390596489121
20
3.93971874923105
30
0
41
1
10
24.9514905127138
20
3.95720535005569
30
0
0
SPLINE
5
17C
100
AcDbEntity
8
1
62
256
6
ByLayer
370
18
48
1
60
0
100
AcDbSpline
70
4
71
3
72
24
73
20
40
0
40
0
40
0
40
0
40
0.250000000000021
40
0.250000000000021
40
0.312500000000008
40
0.312500000000008
40
0.374999999999995
40
0.374999999999995
40
0.499999999999969
40
0.499999999999969
40
0.562499999999955
40
0.562499999999955
40
0.593749999999949
40
0.593749999999949
40
0.624999999999943
40
0.624999999999943
40
0.749999999999962
40
0.749999999999962
40
1
40
1
40
1
40
1
41
1
10
24.767984835846
20
3.79592886632528
30
0
41
1
10
24.7296932214036
20
3.77579704070377
30
0
41
1
10
24.6903465759491
20
3.76141091919467
30
0
41
1
10
24.640191474007
20
3.75136014705524
30
0
41
1
10
24.6301095483658
20
3.74976040030197
30
0
41
1
10
24.6098460932004
20
3.74743316328093
30
0
41
1
10
24.5996202923811
20
3.74670388023287
30
0
41
1
10
24.5691386725917
20
3.74596892450734
30
0
41
1
10
24.5491764541777
20
3.74740891735996
30
0
41
1
10
24.5198469757832
20
3.75278489257855
30
0
41
1
10
24.5101692158884
20
3.75509481561952
30
0
41
1
10
24.4958367084932
20
3.75954385021939
30
0
41
1
10
24.4910961384458
20
3.76122592746719
30
0
41
1
10
24.4816351965989
20
3.76469251158915
30
0
41
1
10
24.4769105042954
20
3.76645283576337
30
0
41
1
10
24.4532909319019
20
3.77525105000063
30
0
41
1
10
24.4344053351274
20
3.78225555658724
30
0
41
1
10
24.3777307676417
20
3.80300732023241
30
0
41
1
10
24.3399382967855
20
3.81657254383757
30
0
41
1
10
24.3021459473185
20
3.82990341938773
30
0
0
SPLINE
5
17D
100
AcDbEntity
8
1
62
256
6
ByLayer
370
18
48
1
60
0
100
AcDbSpline
70
4
71
3
72
8
73
4
40
0
40
0
40
0
40
0
40
1
40
1
40
1
40
1
41
1
10
23.4960883354329
20
3.55887342981046
30
0
41
1
10
23.7647586726078
20
3.66934857933163
30
0
41
1
10
24.0327851351577
20
3.75997511315333
30
0
41
1
10
24.3021459473185
20
3.82990341938776
30
0
0
SPLINE
5
17E
100
AcDbEntity
8
1
62
256
6
ByLayer
370
18
48
1
60
0
100
AcDbSpline
70
4
71
5
72
38
73
32
40
0
40
0
40
0
40
0
40
0
40
0
40
0.0186781145547001
40
0.0631126101269077
40
0.107547105699115
40
0.137170102747254
40
0.181604598319461
40
0.2112275953676
40
0.255662090939807
40
0.285285087987946
40
0.329719583560154
40
0.374154079132361
40
0.4037770761805
40
0.448211571752707
40
0.477834568800846
40
0.522269064373053
40
0.551892061421192
40
0.596326556993399
40
0.640761052565607
40
0.670384049613745
40
0.700007046661884
40
0.744441542234091
40
0.788876037806299
40
0.818499034854437
40
0.862933530426645
40
0.907368025998853
40
0.936991023046982
40
0.966614020095129
40
1
40
1
40
1
40
1
40
1
40
1
41
1
10
24.0600306437934
20
3.35093498669443
30
0
41
1
10
24.0905857627316
20
3.35952611828756
30
0
41
1
10
24.1938303007857
20
3.38788566367296
30
0
41
1
10
24.369764257956
20
3.43234009507202
30
0
41
1
10
24.5941578278705
20
3.48050896809607
30
0
41
1
10
24.8912408169009
20
3.52960031779958
30
0
41
1
10
25.2062282997373
20
3.56288690722764
30
0
41
1
10
25.5212157825736
20
3.5789509542667
30
0
41
1
10
25.811973459038
20
3.57781725056969
30
0
41
1
10
26.1269609418744
20
3.55930292959277
30
0
41
1
10
26.4419484247108
20
3.52358278129958
30
0
41
1
10
26.7569359075472
20
3.46913090083234
30
0
41
1
10
27.0719233903836
20
3.39791167799586
30
0
41
1
10
27.38691087322
20
3.30864572113646
30
0
41
1
10
27.7018983560564
20
3.20341591690624
30
0
41
1
10
27.9926560325207
20
3.09196622161446
30
0
41
1
10
28.3076435153571
20
2.95631988938615
30
0
41
1
10
28.6226309981935
20
2.80635282114719
30
0
41
1
10
28.9376184810299
20
2.64145027250754
30
0
41
1
10
29.2283761574942
20
2.47744769071383
30
0
41
1
10
29.5433636403306
20
2.28789802912144
30
0
41
1
10
29.858351123167
20
2.08729507126418
30
0
41
1
10
30.1491087996313
20
1.89271875673242
30
0
41
1
10
30.4640962824678
20
1.67277967675724
30
0
41
1
10
30.8033135716761
20
1.42638167521739
30
0
41
1
10
31.1183010545125
20
1.1899714274044
30
0
41
1
10
31.4090587309769
20
0.966437519315832
30
0
41
1
10
31.7059721887656
20
0.733883388041221
30
0
41
1
10
31.9301962274382
20
0.555971855094981
30
0
41
1
10
32.0817308469947
20
0.434981162308333
30
0
41
1
10
32.1848058538072
20
0.352425559154
30
0
41
1
10
32.2394212478756
20
0.308624282842175
30
0
0
SPLINE
5
17F
100
AcDbEntity
8
1
62
256
6
ByLayer
370
18
48
1
60
0
100
AcDbSpline
70
4
71
3
72
8
73
4
40
0
40
0
40
0
40
0
40
1
40
1
40
1
40
1
41
1
10
36.5383033283684
20
-3.1105832200883
30
0
41
1
10
36.5581371994868
20
-3.1205381337337
30
0
41
1
10
36.5779638475526
20
-3.12951698419712
30
0
41
1
10
36.5977987107665
20
-3.13746191670126
30
0
0
SPLINE
5
180
100
AcDbEntity
8
1
62
256
6
ByLayer
370
18
48
1
60
0
100
AcDbSpline
70
4
71
3
72
8
73
4
40
0
40
0
40
0
40
0
40
1
40
1
40
1
40
1
41
1
10
36.5383544800203
20
-3.11054582789424
30
0
41
1
10
36.4602738376694
20
-3.06637684912707
30
0
41
1
10
36.3828241298538
20
-3.02112998414287
30
0
41
1
10
36.3059729062648
20
-2.97490267748822
30
0
0
SPLINE
5
181
100
AcDbEntity
8
1
62
256
6
ByLayer
370
18
48
1
60
0
100
AcDbSpline
70
4
71
3
72
13
73
9
40
0
40
0
40
0
40
0
40
0.270051427233661
40
0.270051427233661
40
0.540102854467321
40
0.810154281700982
40
0.810154281700982
40
1
40
1
40
1
40
1
41
1
10
28.1514840253794
20
-3.99411827729696
30
0
41
1
10
28.2232005310434
20
-3.99763504158193
30
0
41
1
10
28.294960298555
20
-3.99958988311158
30
0
41
1
10
28.4384586166566
20
-4.00036765873136
30
0
41
1
10
28.5818789478571
20
-3.99801600148695
30
0
41
1
10
28.7252935015261
20
-3.98942163271988
30
0
41
1
10
28.8474724410561
20
-3.97944656493704
30
0
41
1
10
28.8979213245652
20
-3.97455764723901
30
0
41
1
10
28.9483652720361
20
-3.96890248199014
30
0
0
SPLINE
5
182
100
AcDbEntity
8
1
62
256
6
ByLayer
370
18
48
1
60
0
100
AcDbSpline
70
4
71
3
72
14
73
10
40
0
40
0
40
0
40
0
40
0.25
40
0.25
40
0.5
40
0.5
40
0.75
40
0.75
40
1
40
1
40
1
40
1
41
1
10
27.9680564341463
20
-3.84818501466103
30
0
41
1
10
27.9855831630309
20
-3.85602736621112
30
0
41
1
10
28.002657459164
20
-3.86501763665009
30
0
41
1
10
28.0358503919051
20
-3.88521340140605
30
0
41
1
10
28.0520334572649
20
-3.89645091683104
30
0
41
1
10
28.0829657733499
20
-3.92092795395501
30
0
41
1
10
28.0977364540086
20
-3.9341448229182
30
0
41
1
10
28.1257788502965
20
-3.96258614549964
30
0
41
1
10
28.1390568250553
20
-3.9778007397102
30
0
41
1
10
28.1514840253794
20
-3.99411827729696
30
0
0
SPLINE
5
183
100
AcDbEntity
8
1
62
256
6
ByLayer
370
18
48
1
60
0
100
AcDbSpline
70
4
71
3
72
24
73
20
40
0
40
0
40
0
40
0
40
0.249999999999993
40
0.249999999999993
40
0.312500000000027
40
0.312500000000027
40
0.375000000000063
40
0.375000000000063
40
0.500000000000182
40
0.500000000000182
40
0.562500000000241
40
0.562500000000241
40
0.593750000000247
40
0.593750000000247
40
0.625000000000253
40
0.625000000000253
40
0.750000000000184
40
0.750000000000184
40
1
40
1
40
1
40
1
41
1
10
27.9680564341463
20
-3.84818501466103
30
0
41
1
10
27.9297370804328
20
-3.83103898330663
30
0
41
1
10
27.8903594891381
20
-3.81968765978627
30
0
41
1
10
27.8401621969086
20
-3.8135545372829
30
0
41
1
10
27.830071648806
20
-3.81274469430474
30
0
41
1
10
27.8097905729995
20
-3.81201183405037
30
0
41
1
10
27.7995554376689
20
-3.81209059572836
30
0
41
1
10
27.769049916099
20
-3.81377732400171
30
0
41
1
10
27.749072155085
20
-3.81682090554602
30
0
41
1
10
27.7197202143294
20
-3.82458678212293
30
0
41
1
10
27.7100350259331
20
-3.82769040413933
30
0
41
1
10
27.6956921393401
20
-3.83332774779819
30
0
41
1
10
27.690948068169
20
-3.83540437205812
30
0
41
1
10
27.6814789837732
20
-3.83965317472931
30
0
41
1
10
27.6767499826315
20
-3.84180318111953
30
0
41
1
10
27.653109063961
20
-3.85255131430193
30
0
41
1
10
27.6342061785119
20
-3.86111592758877
30
0
41
1
10
27.5774800060269
20
-3.88655724855332
30
0
41
1
10
27.5396532707025
20
-3.90325840358011
30
0
41
1
10
27.5018267320299
20
-3.91973413582122
30
0
0
SPLINE
5
184
100
AcDbEntity
8
1
62
256
6
ByLayer
370
18
48
1
60
0
100
AcDbSpline
70
4
71
3
72
14
73
10
40
0
40
0
40
0
40
0
40
0.25
40
0.25
40
0.5
40
0.5
40
0.75
40
0.75
40
1
40
1
40
1
40
1
41
1
10
19.9678779804483
20
1.25857346649849
30
0
41
1
10
19.9854105205225
20
1.24538059384153
30
0
41
1
10
20.0024904629666
20
1.2326799883165
30
0
41
1
10
20.0356942509686
20
1.20813916379248
30
0
41
1
10
20.0518825739823
20
1.1962484263021
30
0
41
1
10
20.0828240975516
20
1.17354234443763
30
0
41
1
10
20.0975989540132
20
1.16270694472152
30
0
41
1
10
20.1256486844031
20
1.14202828497929
30
0
41
1
10
20.1389298326773
20
1.13217906660901
30
0
41
1
10
20.1513595158797
20
1.12284839288654
30
0
0
SPLINE
5
185
100
AcDbEntity
8
1
62
256
6
ByLayer
370
18
48
1
60
0
100
AcDbSpline
70
4
71
3
72
24
73
20
40
0
40
0
40
0
40
0
40
0.250000000000064
40
0.250000000000064
40
0.312500000000061
40
0.312500000000061
40
0.375000000000058
40
0.375000000000058
40
0.500000000000029
40
0.500000000000029
40
0.562500000000026
40
0.562500000000026
40
0.593750000000024
40
0.593750000000024
40
0.625000000000022
40
0.625000000000022
40
0.750000000000015
40
0.750000000000015
40
1
40
1
40
1
40
1
41
1
10
19.9678779804483
20
1.25857346649849
30
0
41
1
10
19.9295686961061
20
1.28740040816044
30
0
41
1
10
19.8902023205529
20
1.31772849950261
30
0
41
1
10
19.8400202601666
20
1.35828415224321
30
0
41
1
10
19.829932822257
20
1.36653143617522
30
0
41
1
10
19.8096580996865
20
1.38332552928372
30
0
41
1
10
19.79942632879
20
1.39191004878771
30
0
41
1
10
19.7689293832531
20
1.41787073896452
30
0
41
1
10
19.7489571674506
20
1.43537393155285
30
0
41
1
10
19.7196131859602
20
1.4619730709453
30
0
41
1
10
19.7099306103086
20
1.47089473530508
30
0
41
1
10
19.69559142163
20
1.48437869352483
30
0
41
1
10
19.6908485821529
20
1.4888934423264
30
0
41
1
10
19.681382212094
20
1.49793414776545
30
0
41
1
10
19.6766546192821
20
1.50245798066439
30
0
41
1
10
19.6530207020547
20
1.5250818960516
30
0
41
1
10
19.6341234680709
20
1.54319229442672
30
0
41
1
10
19.577414225799
20
1.59756069211468
30
0
41
1
10
19.5395987689192
20
1.63386322576335
30
0
41
1
10
19.5017835114407
20
1.67022427778008
30
0
0
SPLINE
5
186
100
AcDbEntity
8
1
62
256
6
ByLayer
370
18
48
1
60
0
100
AcDbSpline
70
4
71
5
72
38
73
32
40
0
40
0
40
0
40
0
40
0
40
0
40
0.0192083404886856
40
0.0638397351336754
40
0.108471129778665
40
0.138225392875325
40
0.167979655971985
40
0.212611050616975
40
0.257242445261965
40
0.286996708358625
40
0.331628103003615
40
0.376259497648604
40
0.40601376074526
40
0.435768023841924
40
0.480399418486914
40
0.525030813131904
40
0.554785076228564
40
0.599416470873554
40
0.629170733970214
40
0.673802128615204
40
0.703556391711863
40
0.748187786356853
40
0.792819181001843
40
0.822573444098503
40
0.867204838743493
40
0.896959101840153
40
0.941590496485143
40
0.971344759581803
40
1
40
1
40
1
40
1
40
1
40
1
41
1
10
12.9106759165367
20
3.35533954769642
30
0
41
1
10
12.9419597946994
20
3.36405192032962
30
0
41
1
10
13.0459330919782
20
3.39231659686229
30
0
41
1
10
13.2225958083731
20
3.43642104852918
30
0
41
1
10
13.4477181375121
20
3.48401916360063
30
0
41
1
10
13.7213000793951
20
3.52828506311866
30
0
41
1
10
14.0362875622315
20
3.56218035938429
30
0
41
1
10
14.3512750450679
20
3.57886604474504
30
0
41
1
10
14.6420327215323
20
3.57830872493653
30
0
41
1
10
14.9570202043687
20
3.56040993140084
30
0
41
1
10
15.2962374935771
20
3.52076157308105
30
0
41
1
10
15.6112249764135
20
3.46522835169191
30
0
41
1
10
15.9019826528778
20
3.39850678190877
30
0
41
1
10
16.2169701357142
20
3.30984307502086
30
0
41
1
10
16.5319576185506
20
3.2051888494839
30
0
41
1
10
16.822715295015
20
3.09423704902696
30
0
41
1
10
17.1377027778513
20
2.9590838971491
30
0
41
1
10
17.4526902606877
20
2.8082246795729
30
0
41
1
10
17.7676777435241
20
2.64383466439159
30
0
41
1
10
18.0584354199885
20
2.4802583289181
30
0
41
1
10
18.3734229028249
20
2.29111094166106
30
0
41
1
10
18.6884103856613
20
2.09084437555711
30
0
41
1
10
19.0033978684976
20
1.87943817608587
30
0
41
1
10
19.318385351334
20
1.65894809245256
30
0
41
1
10
19.6333728341704
20
1.42967252098268
30
0
41
1
10
19.9483603170068
20
1.19354610808742
30
0
41
1
10
20.2391179934712
20
0.970204923103807
30
0
41
1
10
20.5280857343817
20
0.743993170151242
30
0
41
1
10
20.7443640561761
20
0.572503929561606
30
0
41
1
10
20.9121827652265
20
0.438521762834199
30
0
41
1
10
21.0073120551608
20
0.362350979900725
30
0
41
1
10
21.0539817323509
20
0.324937369863392
30
0
0
SPLINE
5
187
100
AcDbEntity
8
1
62
256
6
ByLayer
370
18
48
1
60
0
100
AcDbSpline
70
4
71
3
72
14
73
10
40
0
40
0
40
0
40
0
40
0.25
40
0.25
40
0.5
40
0.5
40
0.75
40
0.75
40
1
40
1
40
1
40
1
41
1
10
13.5680694791069
20
2.07994854799597
30
0
41
1
10
13.5856001949658
20
2.06973374460631
30
0
41
1
10
13.6026783331171
20
2.06024650176414
30
0
41
1
10
13.6358786760694
20
2.04259374982826
30
0
41
1
10
13.6520653107839
20
2.03438964814339
30
0
41
1
10
13.6830041629515
20
2.01944899280812
30
0
41
1
10
13.6977779282653
20
2.01268859709637
30
0
41
1
10
13.725825795272
20
2.00056067436938
30
0
41
1
10
13.7391062237446
20
1.99518523227903
30
0
41
1
10
13.7515353469212
20
1.99055077102304
30
0
0
SPLINE
5
188
100
AcDbEntity
8
1
62
256
6
ByLayer
370
18
48
1
60
0
100
AcDbSpline
70
4
71
3
72
24
73
20
40
0
40
0
40
0
40
0
40
0.249999999999985
40
0.249999999999985
40
0.312499999999987
40
0.312499999999987
40
0.374999999999989
40
0.374999999999989
40
0.500000000000017
40
0.500000000000017
40
0.562500000000031
40
0.562500000000031
40
0.593750000000026
40
0.593750000000026
40
0.625000000000022
40
0.625000000000022
40
0.750000000000022
40
0.750000000000022
40
1
40
1
40
1
40
1
41
1
10
13.568069479107
20
2.07994854799597
30
0
41
1
10
13.5297512860575
20
2.10227580555906
30
0
41
1
10
13.490375051592
20
2.12737367007435
30
0
41
1
10
13.4401797225364
20
2.16311040229235
30
0
41
1
10
13.4300895818505
20
2.17048288625526
30
0
41
1
10
13.4098093464682
20
2.18571595966677
30
0
41
1
10
13.3995747624298
20
2.19361155734208
30
0
41
1
10
13.3690691036846
20
2.21783736102557
30
0
41
1
10
13.3490911788434
20
2.23462917506833
30
0
41
1
10
13.3197388981442
20
2.26090236140257
30
0
41
1
10
13.3100536159976
20
2.26983469298068
30
0
41
1
10
13.2957103385836
20
2.28356201509541
30
0
41
1
10
13.2909661804551
20
2.2882037925564
30
0
41
1
10
13.2814974318836
20
2.29752140670215
30
0
41
1
10
13.2767687021525
20
2.30218972616754
30
0
41
1
10
13.2531290564617
20
2.32553509560836
30
0
41
1
10
13.2342272791051
20
2.34421372088695
30
0
41
1
10
13.1775043047974
20
2.40022278927475
30
0
41
1
10
13.1396796260735
20
2.4375519244347
30
0
41
1
10
13.1018550939425
20
2.47488053858479
30
0
0
SPLINE
5
189
100
AcDbEntity
8
1
62
256
6
ByLayer
370
18
48
1
60
0
100
AcDbSpline
70
4
71
3
72
17
73
13
40
0
40
0
40
0
40
0
40
0.249999999999998
40
0.249999999999998
40
0.499999999999996
40
0.499999999999996
40
0.624999999999998
40
0.687499999999999
40
0.687499999999999
40
0.750000000000001
40
0.750000000000001
40
1
40
1
40
1
40
1
41
1
10
11.0000199958719
20
3.63493664377228
30
0
41
1
10
11.1757706842765
20
3.56888002341341
30
0
41
1
10
11.3507593809169
20
3.49459350817358
30
0
41
1
10
11.7003127724696
20
3.33042863192247
30
0
41
1
10
11.8748746362109
20
3.24053826707251
30
0
41
1
10
12.1372303796182
20
3.09439838456439
30
0
41
1
10
12.2685361771924
20
3.01850719065948
30
0
41
1
10
12.4001854762607
20
2.93848419582005
30
0
41
1
10
12.4880451749749
20
2.88422596711197
30
0
41
1
10
12.532006764861
20
2.85665083399169
30
0
41
1
10
12.7515281273653
20
2.71688952434297
30
0
41
1
10
12.9266599395761
20
2.59879151299307
30
0
41
1
10
13.1018550939425
20
2.47488053858479
30
0
0
SPLINE
5
18A
100
AcDbEntity
8
1
62
256
6
ByLayer
370
18
48
1
60
0
100
AcDbSpline
70
4
71
3
72
8
73
4
40
0
40
0
40
0
40
0
40
1
40
1
40
1
40
1
41
1
10
8.16263472451229
20
3.71188429884316
30
0
41
1
10
8.4421057113646
20
3.76306606482478
30
0
41
1
10
8.72052901392968
20
3.79206583536862
30
0
41
1
10
8.99999999999997
20
3.79858621215263
30
0
0
SPLINE
5
18B
100
AcDbEntity
8
1
62
256
6
ByLayer
370
18
48
1
60
0
100
AcDbSpline
70
4
71
3
72
8
73
4
40
0
40
0
40
0
40
0
40
1
40
1
40
1
40
1
41
1
10
8.46343209664761
20
3.53597686132537
30
0
41
1
10
8.36306843859197
20
3.59424115830512
30
0
41
1
10
8.26282660368113
20
3.65293307406279
30
0
41
1
10
8.16270854193911
20
3.71205133270425
30
0
0
SPLINE
5
18C
100
AcDbEntity
8
1
62
256
6
ByLayer
370
18
48
1
60
0
100
AcDbSpline
70
4
71
5
72
33
73
27
40
0
40
0
40
0
40
0
40
0
40
0
40
0.133991025587325
40
0.167488781984156
40
0.217735416579403
40
0.251233172976235
40
0.301479807571482
40
0.334977563968313
40
0.38522419856356
40
0.435470833158807
40
0.468968589555638
40
0.519215224150885
40
0.552712980547716
40
0.602959615142963
40
0.636457371539795
40
0.686704006135041
40
0.736950640730288
40
0.77044839712712
40
0.803946153523951
40
0.854192788119198
40
0.904439422714445
40
0.937937179111276
40
0.988183813706523
40
1
40
1
40
1
40
1
40
1
40
1
41
1
10
8.46343209666466
20
3.53597686135359
30
0
41
1
10
8.65727054764093
20
3.55930426752013
30
0
41
1
10
8.89956861136119
20
3.57794491111221
30
0
41
1
10
9.2145560941976
20
3.58489645276569
30
0
41
1
10
9.57800318977806
20
3.5668991156798
30
0
41
1
10
10.0141397044746
20
3.50968117413044
30
0
41
1
10
10.3048973809389
20
3.45586972995966
30
0
41
1
10
10.6198848637753
20
3.38089117002673
30
0
41
1
10
10.9348723466117
20
3.28955503363025
30
0
41
1
10
11.2498598294481
20
3.18072335126206
30
0
41
1
10
11.5648473122845
20
3.05651828601961
30
0
41
1
10
11.8798347951209
20
2.91608789281287
30
0
41
1
10
12.1948222779572
20
2.76160297490361
30
0
41
1
10
12.4855799544216
20
2.60664670268483
30
0
41
1
10
12.800567437258
20
2.42622475458725
30
0
41
1
10
13.1155549200944
20
2.23403281386013
30
0
41
1
10
13.4305424029308
20
2.02994133788434
30
0
41
1
10
13.7213000793951
20
1.83249261196312
30
0
41
1
10
14.0362875622315
20
1.60984331034558
30
0
41
1
10
14.3512750450679
20
1.37941653140169
30
0
41
1
10
14.6420327215323
20
1.16045508135687
30
0
41
1
10
14.9570202043686
20
0.917638019412522
30
0
41
1
10
15.2406419898
20
0.694639243649931
30
0
41
1
10
15.4515743561152
20
0.526941444663265
30
0
41
1
10
15.5898173033143
20
0.416460847119026
30
0
41
1
10
15.6796006377694
20
0.344527492713155
30
0
41
1
10
15.6966945531084
20
0.33082592549053
30
0
0
SPLINE
5
18D
100
AcDbEntity
8
1
62
256
6
ByLayer
370
18
48
1
60
0
100
AcDbSpline
70
4
71
5
72
16
73
10
40
0
40
0
40
0
40
0
40
0
40
0
40
0.125483881534725
40
0.310125891678791
40
0.58708890689489
40
0.771730917038956
40
1
40
1
40
1
40
1
40
1
40
1
41
1
10
35.3149989001404
20
3.30908056847716
30
0
41
1
10
35.3479323604078
20
3.31913364267532
30
0
41
1
10
35.4293254334194
20
3.34341739323594
30
0
41
1
10
35.5834079255471
20
3.38674630642481
30
0
41
1
10
35.7859500304188
20
3.43705012972728
30
0
41
1
10
36.0484017482389
20
3.49068032237761
30
0
41
1
10
36.2779200057914
20
3.52593922885995
30
0
41
1
10
36.4589786505999
20
3.54641466867608
30
0
41
1
10
36.5673478762923
20
3.55602699100146
30
0
41
1
10
36.6272574892406
20
3.56053154034055
30
0
0
SPLINE
5
18E
100
AcDbEntity
8
1
62
256
6
ByLayer
370
18
48
1
60
0
100
AcDbSpline
70
4
71
3
72
12
73
8
40
0
40
0
40
0
40
0
40
0.25
40
0.25
40
0.5
40
0.5
40
1
40
1
40
1
40
1
41
1
10
36.5977987107761
20
3.97634123442131
30
0
41
1
10
36.6047981265434
20
3.94218098399742
30
0
41
1
10
36.6109087678825
20
3.90787654352775
30
0
41
1
10
36.6210328797916
20
3.83892742873522
30
0
41
1
10
36.6250506166574
20
3.80424079135938
30
0
41
1
10
36.6333155586147
20
3.69985581641117
30
0
41
1
10
36.6338203575065
20
3.63022353648015
30
0
41
1
10
36.6272574617652
20
3.56053153636731
30
0
0
SPLINE
5
18F
100
AcDbEntity
8
1
62
256
6
ByLayer
370
18
48
1
60
0
100
AcDbSpline
70
4
71
3
72
8
73
4
40
0
40
0
40
0
40
0
40
1
40
1
40
1
40
1
41
1
10
36.5383033283683
20
3.97842650443874
30
0
41
1
10
36.558137199486
20
3.9788468660528
30
0
41
1
10
36.5779638475513
20
3.97816977932843
30
0
41
1
10
36.5977987107646
20
3.97634123441648
30
0
0
SPLINE
5
190
100
AcDbEntity
8
1
62
256
6
ByLayer
370
18
48
1
60
0
100
AcDbSpline
70
4
71
3
72
8
73
4
40
0
40
0
40
0
40
0
40
1
40
1
40
1
40
1
41
1
10
36.5383544800202
20
3.97841045694057
30
0
41
1
10
36.4602738376722
20
3.97113664380527
30
0
41
1
10
36.3828241298594
20
3.96208108209737
30
0
41
1
10
36.3059729062731
20
3.95133272206135
30
0
0
SPLINE
5
191
100
AcDbEntity
8
1
62
256
6
ByLayer
370
18
48
1
60
0
100
AcDbSpline
70
4
71
3
72
18
73
14
40
0
40
0
40
0
40
0
40
0.166043934538379
40
0.166043934538379
40
0.305036612115313
40
0.305036612115313
40
0.444029289692248
40
0.444029289692248
40
0.583021967269182
40
0.583021967269182
40
0.722014644846116
40
0.722014644846116
40
1
40
1
40
1
40
1
41
1
10
34.7976405739445
20
3.51846159124432
30
0
41
1
10
34.8810922630768
20
3.55419395197805
30
0
41
1
10
34.9644958397859
20
3.58804642028906
30
0
41
1
10
35.1177342561737
20
3.64674656616148
30
0
41
1
10
35.1875658424153
20
3.67216156039623
30
0
41
1
10
35.327313774679
20
3.72027883041719
30
0
41
1
10
35.3972592854178
20
3.74298925124344
30
0
41
1
10
35.5370647578604
20
3.78558245417187
30
0
41
1
10
35.6069445781033
20
3.80547319864093
30
0
41
1
10
35.746728441625
20
3.8424183119748
30
0
41
1
10
35.8166560614855
20
3.85947789648205
30
0
41
1
10
36.0264010206089
20
3.90631972706126
30
0
41
1
10
36.1661081414144
20
3.93175626915067
30
0
41
1
10
36.3059729062731
20
3.95133272206135
30
0
0
SPLINE
5
192
100
AcDbEntity
8
1
62
256
6
ByLayer
370
18
48
1
60
0
100
AcDbSpline
70
4
71
3
72
20
73
16
40
0
40
0
40
0
40
0
40
0.124556254381703
40
0.124556254381703
40
0.249112508763406
40
0.249112508763406
40
0.498225017526819
40
0.498225017526819
40
0.622781271908528
40
0.622781271908528
40
0.747337526290237
40
0.747337526290237
40
0.996450035053656
40
0.996450035053656
40
1
40
1
40
1
40
1
41
1
10
21.7515277271077
20
-3.8320797942749
30
0
41
1
10
21.8283536851797
20
-3.8519208528663
30
0
41
1
10
21.9051859820444
20
-3.87003448266739
30
0
41
1
10
22.0589553656423
20
-3.90278628376137
30
0
41
1
10
22.1358369788474
20
-3.91740944799872
30
0
41
1
10
22.3661683668593
20
-3.95593708649048
30
0
41
1
10
22.519478770187
20
-3.97454765194686
30
0
41
1
10
22.7496262834451
20
-3.9918181196843
30
0
41
1
10
22.8263723634683
20
-3.99579920802159
30
0
41
1
10
22.9800175380569
20
-4.0001851362654
30
0
41
1
10
23.0569701130538
20
-4.00058691361855
30
0
41
1
10
23.2872417232408
20
-3.99641888298697
30
0
41
1
10
23.4402532441061
20
-3.98649870006321
30
0
41
1
10
23.5953120434923
20
-3.96928343704605
30
0
41
1
10
23.5974906297644
20
-3.96904012513332
30
0
41
1
10
23.5996691921009
20
-3.96879537985058
30
0
0
SPLINE
5
193
100
AcDbEntity
8
1
62
256
6
ByLayer
370
18
48
1
60
0
100
AcDbSpline
70
4
71
3
72
14
73
10
40
0
40
0
40
0
40
0
40
0.25
40
0.25
40
0.5
40
0.5
40
0.75
40
0.75
40
1
40
1
40
1
40
1
41
1
10
21.5680730546906
20
-3.64955202505237
30
0
41
1
10
21.585602457321
20
-3.6607783992072
30
0
41
1
10
21.6026793830935
20
-3.67306569617037
30
0
41
1
10
21.6358774611685
20
-3.69970918438187
30
0
41
1
10
21.6520630546585
20
-3.71411041475443
30
0
41
1
10
21.6829999899392
20
-3.74471112506853
30
0
41
1
10
21.6977728557403
20
-3.76089214025143
30
0
41
1
10
21.7258192285264
20
-3.79507830361541
30
0
41
1
10
21.7390990172163
20
-3.81307472203471
30
0
41
1
10
21.7515277271077
20
-3.8320797942749
30
0
0
SPLINE
5
194
100
AcDbEntity
8
1
62
256
6
ByLayer
370
18
48
1
60
0
100
AcDbSpline
70
4
71
3
72
24
73
20
40
0
40
0
40
0
40
0
40
0.250000000000066
40
0.250000000000066
40
0.31250000000007
40
0.31250000000007
40
0.375000000000073
40
0.375000000000073
40
0.500000000000106
40
0.500000000000106
40
0.562500000000122
40
0.562500000000122
40
0.593750000000118
40
0.593750000000118
40
0.625000000000115
40
0.625000000000115
40
0.750000000000077
40
0.750000000000077
40
1
40
1
40
1
40
1
41
1
10
21.5680730546906
20
-3.64955202505237
30
0
41
1
10
21.5297711744756
20
-3.62502231076638
30
0
41
1
10
21.4904123801129
20
-3.60607751215753
30
0
41
1
10
21.4402398624744
20
-3.59002530423575
30
0
41
1
10
21.4301543380607
20
-3.58720970072179
30
0
41
1
10
21.4098834463824
20
-3.58241625342015
30
0
41
1
10
21.3996537052821
20
-3.58043113490231
30
0
41
1
10
21.3691611754324
20
-3.5759136505248
30
0
41
1
10
21.3491917271613
20
-3.57482364076253
30
0
41
1
10
21.3198516201764
20
-3.57638874120673
30
0
41
1
10
21.3101703268177
20
-3.57742569793342
30
0
41
1
10
21.2958327537068
20
-3.57996197674615
30
0
41
1
10
21.2910904828765
20
-3.58100552376791
30
0
41
1
10
21.2816257667941
20
-3.58319232607164
30
0
41
1
10
21.2768991076774
20
-3.58431206787128
30
0
41
1
10
21.2532697713026
20
-3.58990700367971
30
0
41
1
10
21.2343763006403
20
-3.59434639601329
30
0
41
1
10
21.1776782362733
20
-3.6073953013657
30
0
41
1
10
21.1398701830956
20
-3.61581424725873
30
0
41
1
10
21.1020623066339
20
-3.62398784775564
30
0
0
SPLINE
5
195
100
AcDbEntity
8
1
62
256
6
ByLayer
370
18
48
1
60
0
100
AcDbSpline
70
4
71
3
72
14
73
10
40
0
40
0
40
0
40
0
40
0.25
40
0.25
40
0.5
40
0.5
40
0.75
40
0.75
40
1
40
1
40
1
40
1
41
1
10
18.3680546098376
20
3.51635181829096
30
0
41
1
10
18.3855748100012
20
3.5287308289237
30
0
41
1
10
18.4026428835602
20
3.5421195355415
30
0
41
1
10
18.4358240250905
20
3.57087512030338
30
0
41
1
10
18.4520014994733
20
3.58629141916811
30
0
41
1
10
18.482923847765
20
3.61881360137892
30
0
41
1
10
18.4976899761556
20
3.63590284122392
30
0
41
1
10
18.5257243418917
20
3.67180371429981
30
0
41
1
10
18.5389988024769
20
3.69060728660867
30
0
41
1
10
18.5514232084413
20
3.71036578572364
30
0
0
SPLINE
5
196
100
AcDbEntity
8
1
62
256
6
ByLayer
370
18
48
1
60
0
100
AcDbSpline
70
4
71
3
72
24
73
20
40
0
40
0
40
0
40
0
40
0.322392519242169
40
0.322392519242169
40
0.402990649052718
40
0.402990649052718
40
0.483588778863268
40
0.483588778863268
40
0.644785038484336
40
0.644785038484336
40
0.725383168294853
40
0.725383168294853
40
0.765682233200097
40
0.765682233200097
40
0.805981298105341
40
0.805981298105341
40
0.967177557726347
40
0.967177557726347
40
1
40
1
40
1
40
1
41
1
10
18.3680546098376
20
3.51635181829096
30
0
41
1
10
18.3297445279115
20
3.48928358236458
30
0
41
1
10
18.2903766875113
20
3.46763864361171
30
0
41
1
10
18.2401920578715
20
3.4479360316011
30
0
41
1
10
18.2301040678776
20
3.44437617892325
30
0
41
1
10
18.2098281592982
20
3.43806318737131
30
0
41
1
10
18.1995957157616
20
3.4352993439862
30
0
41
1
10
18.1690972132925
20
3.4284209887895
30
0
41
1
10
18.1491239234913
20
3.42573087582375
30
0
41
1
10
18.1197782964316
20
3.42485071279881
30
0
41
1
10
18.1100951750286
20
3.42506518474298
30
0
41
1
10
18.095755102827
20
3.42635526475465
30
0
41
1
10
18.0910119792674
20
3.42698055234027
30
0
41
1
10
18.0815451604941
20
3.42832715025031
30
0
41
1
10
18.0768173673282
20
3.429025889511
30
0
41
1
10
18.0531824284547
20
3.43251575327247
30
0
41
1
10
18.0342844009989
20
3.43526974734721
30
0
41
1
10
18.0115313399457
20
3.43847583146154
30
0
41
1
10
18.007682073118
20
3.43901526363101
30
0
41
1
10
18.0038327198309
20
3.43955178630253
30
0
0
SPLINE
5
197
100
AcDbEntity
8
1
62
256
6
ByLayer
370
18
48
1
60
0
100
AcDbSpline
70
4
71
5
72
39
73
33
40
0
40
0
40
0
40
0
40
0
40
0
40
0.0232599180457016
40
0.0663993219159998
40
0.109538725786298
40
0.138298328366497
40
0.181437732236794
40
0.210197334816993
40
0.253336738687291
40
0.28209634126749
40
0.325235745137788
40
0.368375149008086
40
0.397134751588285
40
0.425894354168483
40
0.469033758038782
40
0.51217316190908
40
0.540932764489279
40
0.584072168359577
40
0.627211572229875
40
0.655971174810067
40
0.684730777390272
40
0.72787018126057
40
0.771009585130868
40
0.799769187711067
40
0.842908591581365
40
0.871668194161564
40
0.914807598031861
40
0.94356720061206
40
0.986706604482358
40
1
40
1
40
1
40
1
40
1
40
1
41
1
10
18.4439872477241
20
3.27015045605964
30
0
41
1
10
18.4831799527628
20
3.28292020145199
30
0
41
1
10
18.5950620769175
20
3.31846533722344
30
0
41
1
10
18.7796336201882
20
3.37279899878291
30
0
41
1
10
19.0126647762031
20
3.43227418422538
30
0
41
1
10
19.318385351334
20
3.4948246743343
30
0
41
1
10
19.6333728341704
20
3.54069089745894
30
0
41
1
10
19.9483603170068
20
3.56943870844188
30
0
41
1
10
20.2391179934712
20
3.58005842492614
30
0
41
1
10
20.5541054763075
20
3.57426299849956
30
0
41
1
10
20.869092959144
20
3.55119259282804
30
0
41
1
10
21.1840804419803
20
3.50924544633435
30
0
41
1
10
21.4748381184447
20
3.45486848613894
30
0
41
1
10
21.7898256012811
20
3.37929919660061
30
0
41
1
10
22.1048130841175
20
3.28740383189702
30
0
41
1
10
22.3955707605818
20
3.18786848214165
30
0
41
1
10
22.7105582434182
20
3.06463060340607
30
0
41
1
10
23.0497755326266
20
2.91439288997449
30
0
41
1
10
23.364763015463
20
2.75937818897589
30
0
41
1
10
23.6555206919273
20
2.60397671527002
30
0
41
1
10
23.9705081747638
20
2.4231290506662
30
0
41
1
10
24.2854956576001
20
2.23057476150294
30
0
41
1
10
24.5762533340645
20
2.04279243030137
30
0
41
1
10
24.8912408169009
20
1.82948814818687
30
0
41
1
10
25.2062282997373
20
1.60649114730592
30
0
41
1
10
25.5212157825736
20
1.37578744180661
30
0
41
1
10
25.811973459038
20
1.15664009164968
30
0
41
1
10
26.1269609418744
20
0.913700805959934
30
0
41
1
10
26.3916582302377
20
0.705787458745107
30
0
41
1
10
26.607895905857
20
0.533946851541515
30
0
41
1
10
26.7514441623602
20
0.419242365677974
30
0
41
1
10
26.8465328061193
20
0.343056971169119
30
0
41
1
10
26.8689320307624
20
0.325100293349692
30
0
0
SPLINE
5
198
100
AcDbEntity
8
1
62
256
6
ByLayer
370
18
48
1
60
0
100
AcDbSpline
70
4
71
3
72
8
73
4
40
0
40
0
40
0
40
0
40
1
40
1
40
1
40
1
41
1
10
34.6287758064933
20
-3.98217828509439
30
0
41
1
10
34.7184819888911
20
-3.9745371053431
30
0
41
1
10
34.8080872350615
20
-3.96447027515956
30
0
41
1
10
34.8976639561826
20
-3.95200372357533
30
0
0
SPLINE
5
199
100
AcDbEntity
8
1
62
256
6
ByLayer
370
18
48
1
60
0
100
AcDbSpline
70
4
71
3
72
9
73
5
40
0
40
0
40
0
40
0
40
0.503642811713934
40
1
40
1
40
1
40
1
41
1
10
34.5514528630619
20
-3.98816094757174
30
0
41
1
10
34.564434121019
20
-3.9872324128381
30
0
41
1
10
34.5902088519496
20
-3.98538877541875
30
0
41
1
10
34.6159827479456
20
-3.98324323800998
30
0
41
1
10
34.6287758064933
20
-3.98217828509439
30
0
0
SPLINE
5
19A
100
AcDbEntity
8
1
62
256
6
ByLayer
370
18
48
1
60
0
100
AcDbSpline
70
4
71
3
72
14
73
10
40
0
40
0
40
0
40
0
40
0.25
40
0.25
40
0.5
40
0.5
40
0.75
40
0.75
40
1
40
1
40
1
40
1
41
1
10
34.3680494266886
20
-3.86627770269425
30
0
41
1
10
34.3855730630162
20
-3.87203334472238
30
0
41
1
10
34.4026443667754
20
-3.87895756695107
30
0
41
1
10
34.4358315730298
20
-3.89504896720848
30
0
41
1
10
34.4520118742643
20
-3.90424007748794
30
0
41
1
10
34.4829395347668
20
-3.92468951836369
30
0
41
1
10
34.4977081561209
20
-3.93592337778003
30
0
41
1
10
34.5257471409779
20
-3.96045222497611
30
0
41
1
10
34.539023738692
20
-3.97373698261876
30
0
41
1
10
34.5514500594361
20
-3.98815037319505
30
0
0
SPLINE
5
19B
100
AcDbEntity
8
1
62
256
6
ByLayer
370
18
48
1
60
0
100
AcDbSpline
70
4
71
3
72
24
73
20
40
0
40
0
40
0
40
0
40
0.249999999999955
40
0.249999999999955
40
0.312499999999944
40
0.312499999999944
40
0.374999999999933
40
0.374999999999933
40
0.49999999999991
40
0.49999999999991
40
0.562499999999899
40
0.562499999999899
40
0.593749999999917
40
0.593749999999917
40
0.624999999999934
40
0.624999999999934
40
0.749999999999957
40
0.749999999999957
40
1
40
1
40
1
40
1
41
1
10
34.3680494266886
20
-3.86627770269425
30
0
41
1
10
34.3297241843996
20
-3.85368976882404
30
0
41
1
10
34.2903400874393
20
-3.84687238470815
30
0
41
1
10
34.2401339703576
20
-3.84644947465981
30
0
41
1
10
34.2300416208103
20
-3.84678379556431
30
0
41
1
10
34.2097568669587
20
-3.84834512830284
30
0
41
1
10
34.1995197779245
20
-3.84957897118457
30
0
41
1
10
34.1690093723773
20
-3.85470212731911
30
0
41
1
10
34.1490284753615
20
-3.85998835448308
30
0
41
1
10
34.1196720730204
20
-3.87104021947718
30
0
41
1
10
34.1099854198001
20
-3.87522651622624
30
0
41
1
10
34.0956405184577
20
-3.88246399753763
30
0
41
1
10
34.0908957681507
20
-3.88506891753633
30
0
41
1
10
34.0814250853753
20
-3.89037076126263
30
0
41
1
10
34.076695237144
20
-3.89304648933728
30
0
41
1
10
34.0530501201629
20
-3.90642413840945
30
0
41
1
10
34.0341438297535
20
-3.91709492178867
30
0
41
1
10
33.9774074825715
20
-3.94887001675704
30
0
41
1
10
33.9395739796988
20
-3.96981155293122
30
0
41
1
10
33.9017406778465
20
-3.99054435568141
30
0
0
SPLINE
5
19C
100
AcDbEntity
8
1
62
256
6
ByLayer
370
18
48
1
60
0
100
AcDbSpline
70
4
71
3
72
17
73
13
40
0
40
0
40
0
40
0
40
0.103068721049517
40
0.20546229515291
40
0.307178379904562
40
0.40821449435127
40
0.508567942549446
40
0.608236006811871
40
0.707215967658313
40
0.80550510342795
40
0.903100689910755
40
1
40
1
40
1
40
1
41
1
10
33.5757580313919
20
-3.95954207311851
30
0
41
1
10
33.5869577990505
20
-3.9609530414595
30
0
41
1
10
33.6092839708016
20
-3.96376573565789
30
0
41
1
10
33.6426623105927
20
-3.96768617369312
30
0
41
1
10
33.6758193365227
20
-3.97137489616216
30
0
41
1
10
33.7087542262465
20
-3.97481562954599
30
0
41
1
10
33.7414662736738
20
-3.97801798124507
30
0
41
1
10
33.7739547008772
20
-3.98098427186929
30
0
41
1
10
33.8062187215661
20
-3.98372038395343
30
0
41
1
10
33.8382575400223
20
-3.98622531238499
30
0
41
1
10
33.8700703276197
20
-3.98852189546173
30
0
41
1
10
33.8912035100338
20
-3.98987576895527
30
0
41
1
10
33.9017322736775
20
-3.99055028232186
30
0
0
SPLINE
5
19D
100
AcDbEntity
8
1
62
256
6
ByLayer
370
18
48
1
60
0
100
AcDbSpline
70
4
71
3
72
12
73
8
40
0
40
0
40
0
40
0
40
0.25
40
0.25
40
0.5
40
0.5
40
1
40
1
40
1
40
1
41
1
10
32.6876236198452
20
-3.76783945067228
30
0
41
1
10
32.7616648103406
20
-3.79022542641567
30
0
41
1
10
32.835671207816
20
-3.81103242761642
30
0
41
1
10
32.9836976014606
20
-3.84945920477969
30
0
41
1
10
33.0577451993615
20
-3.86708453533933
30
0
41
1
10
33.2797875261989
20
-3.91508561255645
30
0
41
1
10
33.4276767522764
20
-3.94059872733834
30
0
41
1
10
33.5757580313919
20
-3.95954207311851
30
0
0
SPLINE
5
19E
100
AcDbEntity
8
1
62
256
6
ByLayer
370
18
48
1
60
0
100
AcDbSpline
70
4
71
3
72
38
73
34
40
0
40
0
40
0
40
0
40
0.0308516472310611
40
0.0617914703415353
40
0.0928199764272973
40
0.123937681137124
40
0.155145108878781
40
0.186442793027938
40
0.21783127613969
40
0.249311110162987
40
0.280882856657617
40
0.312547087014103
40
0.344304382676034
40
0.376155335365241
40
0.408100547309566
40
0.440140631473179
40
0.472276211789511
40
0.504507923396716
40
0.536836412875679
40
0.569262340837585
40
0.601786398013934
40
0.634409295480081
40
0.667131756260437
40
0.699954515499391
40
0.732878320684606
40
0.765903931871832
40
0.799032121911756
40
0.832263676678583
40
0.865599395300192
40
0.899040087563953
40
0.932586551010942
40
0.966239583944317
40
1
40
1
40
1
40
1
41
1
10
31.5947408937193
20
-3.32736839291101
30
0
41
1
10
31.6059798942225
20
-3.33296640384745
30
0
41
1
10
31.6284900169741
20
-3.34417842517513
30
0
41
1
10
31.6623029992903
20
-3.36077584641751
30
0
41
1
10
31.6962125954691
20
-3.37723930953211
30
0
41
1
10
31.730219401692
20
-3.39354887621821
30
0
41
1
10
31.7643240801322
20
-3.4097068353324
30
0
41
1
10
31.7985272824127
20
-3.42570947157526
30
0
41
1
10
31.8328296702349
20
-3.44155466256328
30
0
41
1
10
31.8672319098598
20
-3.45723983430108
30
0
41
1
10
31.9017346736238
20
-3.47276251129034
30
0
41
1
10
31.9363386395632
20
-3.48812016839005
30
0
41
1
10
31.9710444915465
20
-3.50331027058769
30
0
41
1
10
32.0058529192716
20
-3.51833026219458
30
0
41
1
10
32.0407646182933
20
-3.53317756967135
30
0
41
1
10
32.0757802900695
20
-3.54784960071353
30
0
41
1
10
32.1109006418962
20
-3.56234374461135
30
0
41
1
10
32.146126387276
20
-3.57665737126195
30
0
41
1
10
32.1814582455084
20
-3.59078783465222
30
0
41
1
10
32.2168969531809
20
-3.60473246334672
30
0
41
1
10
32.2524432327777
20
-3.61848864607259
30
0
41
1
10
32.288097815154
20
-3.63205377650934
30
0
41
1
10
32.3238614423356
20
-3.64542522653139
30
0
41
1
10
32.3597348618964
20
-3.65860035199182
30
0
41
1
10
32.39571882765
20
-3.67157648734118
30
0
41
1
10
32.4318140994264
20
-3.68435095969403
30
0
41
1
10
32.4680214433914
20
-3.69692103728624
30
0
41
1
10
32.5043416311279
20
-3.70928412197142
30
0
41
1
10
32.5407754421161
20
-3.72143702686597
30
0
41
1
10
32.5773236412337
20
-3.7333786802013
30
0
41
1
10
32.6139870657405
20
-3.74509990296298
30
0
41
1
10
32.6507666252564
20
-3.75662116299205
30
0
41
1
10
32.6753249153198
20
-3.76409605251951
30
0
41
1
10
32.6876236198452
20
-3.76783945067228
30
0
0
SPLINE
5
19F
100
AcDbEntity
8
1
62
256
6
ByLayer
370
18
48
1
60
0
100
AcDbSpline
70
4
71
3
72
40
73
36
40
0
40
0
40
0
40
0
40
0.0312500000000015
40
0.0312500000000015
40
0.0625000000000029
40
0.0625000000000029
40
0.125000000000001
40
0.1875
40
0.1875
40
0.249999999999998
40
0.249999999999998
40
0.312499999999996
40
0.312499999999996
40
0.374999999999995
40
0.374999999999995
40
0.437499999999993
40
0.437499999999993
40
0.499999999999991
40
0.499999999999991
40
0.56249999999999
40
0.56249999999999
40
0.624999999999988
40
0.624999999999988
40
0.687499999999986
40
0.687499999999986
40
0.718749999999988
40
0.718749999999988
40
0.749999999999989
40
0.812499999999992
40
0.812499999999992
40
0.874999999999995
40
0.874999999999995
40
0.937499999999997
40
0.937499999999997
40
1
40
1
40
1
40
1
41
1
10
26.5513768439336
20
0.609142030331554
30
0
41
1
10
26.6037125415283
20
0.562567495995779
30
0
41
1
10
26.6561335981089
20
0.515789799261427
30
0
41
1
10
26.7611784150253
20
0.421856403988642
30
0
41
1
10
26.8137843962091
20
0.37471645781352
30
0
41
1
10
26.9713378440869
20
0.233327887639376
30
0
41
1
10
27.1811054703001
20
0.0445349648816205
30
0
41
1
10
27.3907387234438
20
-0.144281783529863
30
0
41
1
10
27.6005391386807
20
-0.332849621192309
30
0
41
1
10
27.7055549947145
20
-0.427038584677291
30
0
41
1
10
27.9158528159979
20
-0.614783519311771
30
0
41
1
10
28.0209086513293
20
-0.708136897971087
30
0
41
1
10
28.2310734771557
20
-0.893541617066575
30
0
41
1
10
28.3362478792657
20
-0.98565034009701
30
0
41
1
10
28.546452432
20
-1.16793315150616
30
0
41
1
10
28.6514989418282
20
-1.25812304893824
30
0
41
1
10
28.8617168258842
20
-1.43634939247377
30
0
41
1
10
28.9668830023926
20
-1.52438005217275
30
0
41
1
10
29.1771472992205
20
-1.6976807328027
30
0
41
1
10
29.2823015834846
20
-1.78299751825068
30
0
41
1
10
29.4925634719233
20
-1.95044767881601
30
0
41
1
10
29.5977253302119
20
-2.03262201057115
30
0
41
1
10
29.8078511253403
20
-2.19326964021045
30
0
41
1
10
29.9128730485668
20
-2.27179027575011
30
0
41
1
10
30.0705216648819
20
-2.38670109216909
30
0
41
1
10
30.1231096972699
20
-2.4245395395985
30
0
41
1
10
30.2282321418548
20
-2.49914382389326
30
0
41
1
10
30.3858446506831
20
-2.60944925366246
30
0
41
1
10
30.5433766672838
20
-2.71484848979745
30
0
41
1
10
30.753585146352
20
-2.85081436153635
30
0
41
1
10
30.8587521128517
20
-2.91649572813634
30
0
41
1
10
31.0689953842447
20
-3.04279336299129
30
0
41
1
10
31.1741535441609
20
-3.10346272714102
30
0
41
1
10
31.3844676841072
20
-3.21948724643337
30
0
41
1
10
31.489579857962
20
-3.27481678599022
30
0
41
1
10
31.5947408937193
20
-3.32736839291101
30
0
0
SPLINE
5
1A0
100
AcDbEntity
8
1
62
256
6
ByLayer
370
18
48
1
60
0
100
AcDbSpline
70
4
71
3
72
14
73
10
40
0
40
0
40
0
40
0
40
0.249999999999999
40
0.249999999999999
40
0.499999999999999
40
0.499999999999999
40
0.749999999999998
40
0.749999999999998
40
1
40
1
40
1
40
1
41
1
10
26.3679652375181
20
0.767488612931231
30
0
41
1
10
26.3854897902633
20
0.752952866984828
30
0
41
1
10
26.4025621628123
20
0.738765070378292
30
0
41
1
10
26.4357517084331
20
0.710969501882744
30
0
41
1
10
26.4519333226323
20
0.697305807740861
30
0
41
1
10
26.4828630026708
20
0.670806646978377
30
0
41
1
10
26.4976325343557
20
0.657953876601283
30
0
41
1
10
26.5256730182851
20
0.63299096544219
30
0
41
1
10
26.5389502101125
20
0.620876095258097
30
0
41
1
10
26.5513768439336
20
0.609142030331554
30
0
0
SPLINE
5
1A1
100
AcDbEntity
8
1
62
256
6
ByLayer
370
18
48
1
60
0
100
AcDbSpline
70
4
71
3
72
14
73
10
40
0
40
0
40
0
40
0
40
0.25
40
0.25
40
0.5
40
0.5
40
0.75
40
0.75
40
1
40
1
40
1
40
1
41
1
10
31.1680460457928
20
3.86069589734981
30
0
41
1
10
31.1855737733347
20
3.86792229110827
30
0
41
1
10
31.2026490570396
20
3.87630515753071
30
0
41
1
10
31.2358439415839
20
3.89529895913515
30
0
41
1
10
31.2520279681574
20
3.90593953185288
30
0
41
1
10
31.2829621889663
20
3.92924643274148
30
0
41
1
10
31.2977338178288
20
3.94188952304788
30
0
41
1
10
31.3257780734805
20
3.96920363303016
30
0
41
1
10
31.3390569627636
20
3.98386464429319
30
0
41
1
10
31.351485035939
20
3.99963871938041
30
0
0
SPLINE
5
1A2
100
AcDbEntity
8
1
62
256
6
ByLayer
370
18
48
1
60
0
100
AcDbSpline
70
4
71
3
72
24
73
20
40
0
40
0
40
0
40
0
40
0.250000000000301
40
0.250000000000301
40
0.312500000000352
40
0.312500000000352
40
0.375000000000403
40
0.375000000000403
40
0.500000000000455
40
0.500000000000455
40
0.562500000000457
40
0.562500000000457
40
0.593750000000434
40
0.593750000000434
40
0.625000000000412
40
0.625000000000412
40
0.750000000000275
40
0.750000000000275
40
1
40
1
40
1
40
1
41
1
10
31.1680460457928
20
3.86069589734981
30
0
41
1
10
31.1297270343446
20
3.84489759921738
30
0
41
1
10
31.0903499435512
20
3.83489643551621
30
0
41
1
10
31.0401534233447
20
3.83047731689391
30
0
41
1
10
31.0300630373443
20
3.83001160626074
30
0
41
1
10
31.0097823006729
20
3.82997024959397
30
0
41
1
10
30.9995473571823
20
3.83039790124769
30
0
41
1
10
30.9690421892447
20
3.83312505478918
30
0
41
1
10
30.949064683167
20
3.83685086274042
30
0
41
1
10
30.9197131597779
20
3.8456218183791
30
0
41
1
10
30.9100281175289
20
3.84905753056358
30
0
41
1
10
30.895685452707
20
3.85518719378726
30
0
41
1
10
30.8909414597743
20
3.85742676172856
30
0
41
1
10
30.8814725537539
20
3.86200105397359
30
0
41
1
10
30.8767436462826
20
3.86431371102677
30
0
41
1
10
30.8531031926194
20
3.87587529589578
30
0
41
1
10
30.8342006818628
20
3.88509149868679
30
0
41
1
10
30.7774756308134
20
3.91249163513399
30
0
41
1
10
30.7396496386194
20
3.93050362290282
30
0
41
1
10
30.7018238406921
20
3.9482948678133
30
0
0
SPLINE
5
1A3
100
AcDbEntity
8
1
62
256
6
ByLayer
370
18
48
1
60
0
100
AcDbSpline
70
4
71
3
72
17
73
13
40
0
40
0
40
0
40
0
40
0.13426172843434
40
0.13426172843434
40
0.27855144036195
40
0.27855144036195
40
0.42284115228956
40
0.56713086421717
40
0.56713086421717
40
0.71142057614478
40
0.71142057614478
40
1
40
1
40
1
40
1
41
1
10
29.1042264586261
20
3.46992948819585
30
0
41
1
10
29.1757527941319
20
3.50197513406405
30
0
41
1
10
29.247295015628
20
3.53267920276235
30
0
41
1
10
29.3956769865337
20
3.59348301205171
30
0
41
1
10
29.4725601043873
20
3.62338415242397
30
0
41
1
10
29.626286248481
20
3.67988520813247
30
0
41
1
10
29.7799071795444
20
3.73306544470205
30
0
41
1
10
29.9335023472298
20
3.77954930203259
30
0
41
1
10
30.0871769141351
20
3.82264631992189
30
0
41
1
10
30.1640808994705
20
3.8425057964426
30
0
41
1
10
30.3945770076312
20
3.89683111902329
30
0
41
1
10
30.5480902894659
20
3.92609277817215
30
0
41
1
10
30.701823840692
20
3.94829486781327
30
0
0
SPLINE
5
1A4
100
AcDbEntity
8
1
62
256
6
ByLayer
370
18
48
1
60
0
100
AcDbSpline
70
4
71
3
72
18
73
14
40
0
40
0
40
0
40
0
40
0.343878937429863
40
0.343878937429863
40
0.687757874859727
40
0.687757874859727
40
0.773727609217192
40
0.773727609217192
40
0.859697343574657
40
0.859697343574657
40
0.945667077932122
40
0.945667077932122
40
1
40
1
40
1
40
1
41
1
10
15.35187456496
20
-3.55763555806809
30
0
41
1
10
15.6575973443657
20
-3.68353069748045
30
0
41
1
10
15.9606930033349
20
-3.7830562172544
30
0
41
1
10
16.5674134705922
20
-3.92838829612103
30
0
41
1
10
16.8710171289001
20
-3.97419084383841
30
0
41
1
10
17.2543982838097
20
-3.99633095556345
30
0
41
1
10
17.3313053455337
20
-3.99900241441557
30
0
41
1
10
17.4849598689253
20
-4.00064193327341
30
0
41
1
10
17.5617985134465
20
-3.99964242867017
30
0
41
1
10
17.7154858217827
20
-3.99408148317326
30
0
41
1
10
17.7923024529094
20
-3.98951329128326
30
0
41
1
10
17.9176991576722
20
-3.97913903669826
30
0
41
1
10
17.9662654341474
20
-3.97440639726548
30
0
41
1
10
18.0148234966813
20
-3.96896430508897
30
0
0
SPLINE
5
1A5
100
AcDbEntity
8
1
62
256
6
ByLayer
370
18
48
1
60
0
100
AcDbSpline
70
4
71
3
72
14
73
10
40
0
40
0
40
0
40
0
40
0.25
40
0.25
40
0.5
40
0.5
40
0.75
40
0.75
40
1
40
1
40
1
40
1
41
1
10
15.1685144855388
20
-3.35365527754999
30
0
41
1
10
15.1860342087287
20
-3.36708917236632
30
0
41
1
10
15.2031016735733
20
-3.38147381036825
30
0
41
1
10
15.2362814141493
20
-3.41211518352688
30
0
41
1
10
15.2524580513039
20
-3.42842532577427
30
0
41
1
10
15.2833789185007
20
-3.46261385670741
30
0
41
1
10
15.2981443569063
20
-3.48047743665666
30
0
41
1
10
15.3261772585431
20
-3.5178126625286
30
0
41
1
10
15.3394509896391
20
-3.53727684492904
30
0
41
1
10
15.35187456496
20
-3.55763555806809
30
0
0
SPLINE
5
1A6
100
AcDbEntity
8
1
62
256
6
ByLayer
370
18
48
1
60
0
100
AcDbSpline
70
4
71
3
72
24
73
20
40
0
40
0
40
0
40
0
40
0.250000000000075
40
0.250000000000075
40
0.312500000000093
40
0.312500000000093
40
0.375000000000112
40
0.375000000000112
40
0.500000000000123
40
0.500000000000123
40
0.562500000000129
40
0.562500000000129
40
0.593750000000132
40
0.593750000000132
40
0.625000000000134
40
0.625000000000134
40
0.750000000000098
40
0.750000000000098
40
1
40
1
40
1
40
1
41
1
10
15.1685144855388
20
-3.35365527754999
30
0
41
1
10
15.1302084260654
20
-3.32428269167411
30
0
41
1
10
15.0908439981917
20
-3.30012110847335
30
0
41
1
10
15.040662850508
20
-3.27692806276914
30
0
41
1
10
15.0305755181022
20
-3.27265235094796
30
0
41
1
10
15.0103008394686
20
-3.26486901220244
30
0
41
1
10
15.0000690854672
20
-3.26134733616593
30
0
41
1
10
14.9695707065849
20
-3.25215657226804
30
0
41
1
10
14.9495972238698
20
-3.24788101032959
30
0
41
1
10
14.9202509102788
20
-3.24454799630112
30
0
41
1
10
14.9105675327774
20
-3.24393303961992
30
0
41
1
10
14.8962267251197
20
-3.24395515695511
30
0
41
1
10
14.8914833812271
20
-3.24415352793361
30
0
41
1
10
14.8820166545182
20
-3.24464685110499
30
0
41
1
10
14.8772890178072
20
-3.24491889059087
30
0
41
1
10
14.8536547707445
20
-3.24627438228114
30
0
41
1
10
14.834757406732
20
-3.24732091282061
30
0
41
1
10
14.778047642732
20
-3.25018904665441
30
0
41
1
10
14.7402318116508
20
-3.25181533802797
30
0
41
1
10
14.702416181152
20
-3.25318991154614
30
0
0
SPLINE
5
1A7
100
AcDbEntity
8
1
62
256
6
ByLayer
370
18
48
1
60
0
100
AcDbSpline
70
4
71
3
72
24
73
20
40
0
40
0
40
0
40
0
40
0.125000000000005
40
0.125000000000005
40
0.250000000000011
40
0.250000000000011
40
0.375000000000016
40
0.375000000000016
40
0.437500000000017
40
0.437500000000017
40
0.500000000000018
40
0.625000000000021
40
0.625000000000021
40
0.68750000000002
40
0.68750000000002
40
0.718750000000018
40
0.718750000000018
40
0.750000000000017
40
1
40
1
40
1
40
1
41
1
10
11.0000199958719
20
-0.464571474245645
30
0
41
1
10
11.1548260953101
20
-0.603014535571617
30
0
41
1
10
11.3090408168743
20
-0.740080911124437
30
0
41
1
10
11.6170402490434
20
-1.01070140842333
30
0
41
1
10
11.7708234377229
20
-1.14425457422135
30
0
41
1
10
12.0787112535202
20
-1.4070136828546
30
0
41
1
10
12.2328199293395
20
-1.53620888126639
30
0
41
1
10
12.4647836222545
20
-1.72613954419972
30
0
41
1
10
12.5422655233996
20
-1.78882517702002
30
0
41
1
10
12.6968864196099
20
-1.91224560966896
30
0
41
1
10
12.9285624678837
20
-2.09466301328564
30
0
41
1
10
13.159890304043
20
-2.26857585690112
30
0
41
1
10
13.3915541265717
20
-2.43624851427393
30
0
41
1
10
13.4688319276872
20
-2.49109701090728
30
0
41
1
10
13.5849047715323
20
-2.57173614932142
30
0
41
1
10
13.6236350371114
20
-2.59835231595966
30
0
41
1
10
13.7009871296575
20
-2.65091132503039
30
0
41
1
10
14.0487559092412
20
-2.88451487886965
30
0
41
1
10
14.3942123608365
20
-3.0917248860226
30
0
41
1
10
14.702416181152
20
-3.25318991154614
30
0
0
SPLINE
5
1A8
100
AcDbEntity
8
1
62
256
6
ByLayer
370
18
48
1
60
0
100
AcDbSpline
70
4
71
3
72
8
73
4
40
0
40
0
40
0
40
0
40
1
40
1
40
1
40
1
41
1
10
8.46343209664758
20
1.60113595802832
30
0
41
1
10
8.36306897210451
20
1.70770423371201
30
0
41
1
10
8.26282766941105
20
1.81426690257757
30
0
41
1
10
8.16271013856019
20
1.92082184984369
30
0
0
SPLINE
5
1A9
100
AcDbEntity
8
1
62
256
6
ByLayer
370
18
48
1
60
0
100
AcDbSpline
70
4
71
5
72
16
73
10
40
0
40
0
40
0
40
0
40
0
40
0
40
0.501231411784215
40
0.626539264730269
40
0.81450104414935
40
0.939808897095403
40
1
40
1
40
1
40
1
40
1
40
1
41
1
10
8.46343209666466
20
1.60113595802957
30
0
41
1
10
8.65727054764093
20
1.46160972535154
30
0
41
1
10
8.89956861136116
20
1.28243895294543
30
0
41
1
10
9.2145560941976
20
1.04290102188875
30
0
41
1
10
9.57800318977803
20
0.75881067998327
30
0
41
1
10
9.96472765759668
20
0.450745225471763
30
0
41
1
10
10.1576136744391
20
0.296092420729252
30
0
41
1
10
10.3020400785374
20
0.179988627805045
30
0
41
1
10
10.3737770635197
20
0.122275634425165
30
0
41
1
10
10.3970544357579
20
0.103545243798891
30
0
0
SPLINE
5
1AA
100
AcDbEntity
8
1
62
256
6
ByLayer
370
18
48
1
60
0
100
AcDbSpline
70
4
71
5
72
34
73
28
40
0
40
0
40
0
40
0
40
0
40
0
40
0.024289580659522
40
0.0761223882633469
40
0.127955195867172
40
0.162510400936388
40
0.214343208540213
40
0.266176016144038
40
0.300731221213243
40
0.335286426282471
40
0.387119233886295
40
0.43895204149012
40
0.473507246559337
40
0.525340054163161
40
0.559895259232378
40
0.611728066836203
40
0.646283271905419
40
0.698116079509244
40
0.749948887113069
40
0.784504092182286
40
0.83633689978611
40
0.870892104855327
40
0.922724912459151
40
0.957280117528368
40
1
40
1
40
1
40
1
40
1
40
1
41
1
10
29.615345297287
20
3.2721879014517
30
0
41
1
10
29.6494085786398
20
3.2832510181029
30
0
41
1
10
29.7561612791086
20
3.31716865059093
30
0
41
1
10
29.9356033986936
20
3.37018876061023
30
0
41
1
10
30.1635051310226
20
3.4288607033121
30
0
41
1
10
30.4640962824678
20
3.49138351331914
30
0
41
1
10
30.8033135716762
20
3.5419505451884
30
0
41
1
10
31.1183010545126
20
3.5700875996364
30
0
41
1
10
31.4090587309769
20
3.58013230058432
30
0
41
1
10
31.7240462138133
20
3.57371339731335
30
0
41
1
10
32.0390336966497
20
3.55002916470062
30
0
41
1
10
32.329791373114
20
3.51231747228508
30
0
41
1
10
32.6447788559504
20
3.45448706363362
30
0
41
1
10
32.9597663387868
20
3.37830744921914
30
0
41
1
10
33.2747538216232
20
3.28582417535694
30
0
41
1
10
33.5655114980876
20
3.18577579569927
30
0
41
1
10
33.880498980924
20
3.0620245864969
30
0
41
1
10
34.1954864637604
20
2.92344473933437
30
0
41
1
10
34.5104739465967
20
2.7693086584556
30
0
41
1
10
34.8254614294331
20
2.60178768445508
30
0
41
1
10
35.1404489122695
20
2.42046373924507
30
0
41
1
10
35.4554363951059
20
2.22749002291684
30
0
41
1
10
35.7461940715702
20
2.03937952063137
30
0
41
1
10
36.0484017482389
20
1.8344559987236
30
0
41
1
10
36.2779200057914
20
1.67269557800208
30
0
41
1
10
36.4589786505999
20
1.54171815092315
30
0
41
1
10
36.5673478762923
20
1.46221448849482
30
0
41
1
10
36.6272574892406
20
1.4179402447364
30
0
0
SPLINE
5
1AB
100
AcDbEntity
8
1
62
256
6
ByLayer
370
18
48
1
60
0
100
AcDbSpline
70
4
71
3
72
12
73
8
40
0
40
0
40
0
40
0
40
0.249999999999998
40
0.249999999999998
40
0.499999999999996
40
0.499999999999996
40
1
40
1
40
1
40
1
41
1
10
36.5977987107774
20
1.57342209583948
30
0
41
1
10
36.6047981265444
20
1.56026694989521
30
0
41
1
10
36.6109087678833
20
1.54713283337574
30
0
41
1
10
36.6210328797921
20
1.52091422180825
30
0
41
1
10
36.6250506166578
20
1.50781392788411
30
0
41
1
10
36.6333155586148
20
1.46870923194922
30
0
41
1
10
36.6338203575064
20
1.44304113222006
30
0
41
1
10
36.6272574617651
20
1.41794026421567
30
0
0
SPLINE
5
1AC
100
AcDbEntity
8
1
62
256
6
ByLayer
370
13
48
1
60
0
100
AcDbSpline
70
4
71
3
72
10
73
6
40
0
40
0
40
0
40
0
40
0.324777018550913
40
0.662388509275457
40
1
40
1
40
1
40
1
41
1
10
11.0000000000006
20
0.88823084865075
30
0
41
1
10
11.0000000000006
20
0.747833038646974
30
0
41
1
10
11.0000000000006
20
0.455582160323814
30
0
41
1
10
11.0000000000003
20
0.001823166362442
30
0
41
1
10
11
20
-0.309028644401053
30
0
41
1
10
11
20
-0.464548334942805
30
0
0
SPLINE
5
1AD
100
AcDbEntity
8
1
62
256
6
ByLayer
370
18
48
1
60
0
100
AcDbSpline
70
4
71
3
72
8
73
4
40
0
40
0
40
0
40
0
40
1
40
1
40
1
40
1
41
1
10
11.0000000000005
20
0.888230848650778
30
0
41
1
10
11.0021305577565
20
0.886400225195587
30
0
41
1
10
11.0042609897236
20
0.884568897924794
30
0
41
1
10
11.0063912971476
20
0.882736868004031
30
0
0
SPLINE
5
1AE
100
AcDbEntity
8
1
62
256
6
ByLayer
370
18
48
1
60
0
100
AcDbSpline
70
4
71
3
72
13
73
9
40
0
40
0
40
0
40
0
40
0.5
40
0.5
40
0.625
40
0.625
40
0.75
40
1
40
1
40
1
40
1
41
1
10
32.9520371981026
20
-0.106294590845124
30
0
41
1
10
32.952536964618
20
0.0849515359073507
30
0
41
1
10
32.9530123610931
20
0.273693421793155
30
0
41
1
10
32.9535969126114
20
0.506509013013385
30
0
41
1
10
32.9537112142991
20
0.552951892591153
30
0
41
1
10
32.9539359142845
20
0.645341194035154
30
0
41
1
10
32.9542674480979
20
0.783090698225379
30
0
41
1
10
32.954625429224
20
0.918348071385935
30
0
41
1
10
32.9548591446848
20
1.00740778354341
30
0
0
SPLINE
5
1AF
100
AcDbEntity
8
1
62
256
6
ByLayer
370
18
48
1
60
0
100
AcDbSpline
70
4
71
3
72
36
73
32
40
0
40
0
40
0
40
0
40
0.124999999999945
40
0.124999999999945
40
0.187499999999918
40
0.187499999999918
40
0.24999999999989
40
0.24999999999989
40
0.281249999999893
40
0.281249999999893
40
0.312499999999897
40
0.312499999999897
40
0.374999999999903
40
0.374999999999903
40
0.406249999999924
40
0.406249999999924
40
0.437499999999945
40
0.437499999999945
40
0.499999999999951
40
0.499999999999951
40
0.562499999999957
40
0.562499999999957
40
0.624999999999963
40
0.624999999999963
40
0.749999999999976
40
0.749999999999976
40
0.874999999999988
40
0.874999999999988
40
0.937499999999994
40
0.937499999999994
40
1
40
1
40
1
40
1
41
1
10
32.3060313107954
20
1.53483608948338
30
0
41
1
10
32.33495427057
20
1.51060503497607
30
0
41
1
10
32.364000007965
20
1.48670319358391
30
0
41
1
10
32.4077700015993
20
1.45137337475055
30
0
41
1
10
32.4223933831844
20
1.43968410431998
30
0
41
1
10
32.4517094257149
20
1.41648652615245
30
0
41
1
10
32.4663952426675
20
1.4049838761228
30
0
41
1
10
32.4885087218405
20
1.38784592864545
30
0
41
1
10
32.4958946339981
20
1.38215360304761
30
0
41
1
10
32.5107758191216
20
1.37072327470378
30
0
41
1
10
32.5182600908172
20
1.36499357385233
30
0
41
1
10
32.5408133957692
20
1.347758210027
30
0
41
1
10
32.5559851358785
20
1.33620336726014
30
0
41
1
10
32.5788855713651
20
1.31873263060521
30
0
41
1
10
32.5865431917123
20
1.31288587897151
30
0
41
1
10
32.6018978939797
20
1.30114108750036
30
0
41
1
10
32.6096167464841
20
1.29522627008913
30
0
41
1
10
32.6325156274781
20
1.27763277672898
30
0
41
1
10
32.6475201915545
20
1.26604146836488
30
0
41
1
10
32.6770454117652
20
1.24305230166254
30
0
41
1
10
32.6915684806376
20
1.2316535899576
30
0
41
1
10
32.7201566776897
20
1.20899815584906
30
0
41
1
10
32.7342787726866
20
1.19769443443158
30
0
41
1
10
32.7754760751776
20
1.16435925670623
30
0
41
1
10
32.8013631842266
20
1.1429209490957
30
0
41
1
10
32.8503674588947
20
1.10137232765175
30
0
41
1
10
32.8734909590919
20
1.08125831226786
30
0
41
1
10
32.9060894080073
20
1.05220291784912
30
0
41
1
10
32.9165174705044
20
1.04278396520732
30
0
41
1
10
32.9364045932007
20
1.02460239610701
30
0
41
1
10
32.9458811690708
20
1.01582422148607
30
0
41
1
10
32.954859144686
20
1.00740778354176
30
0
0
SPLINE
5
1B0
100
AcDbEntity
8
1
62
256
6
ByLayer
370
18
48
1
60
0
100
AcDbSpline
70
4
71
3
72
16
73
12
40
0
40
0
40
0
40
0
40
0.25
40
0.25
40
0.375
40
0.375
40
0.5
40
0.5
40
0.75
40
0.75
40
1
40
1
40
1
40
1
41
1
10
32.3060313107954
20
1.53483608948338
30
0
41
1
10
32.3056425076231
20
1.43550919675309
30
0
41
1
10
32.3052942057408
20
1.33395884836168
30
0
41
1
10
32.3047294996403
20
1.17832347763232
30
0
41
1
10
32.3045429260324
20
1.1258921867917
30
0
41
1
10
32.3041956117907
20
1.01991688807027
30
0
41
1
10
32.3040329793693
20
0.966462229815193
30
0
41
1
10
32.3035350338421
20
0.805184305976724
30
0
41
1
10
32.3031729978952
20
0.696258692995968
30
0
41
1
10
32.3024594982443
20
0.47560971873807
30
0
41
1
10
32.3021316723718
20
0.363885585478045
30
0
41
1
10
32.301787121826
20
0.250741367441918
30
0
0
SPLINE
5
1B1
100
AcDbEntity
8
1
62
256
6
ByLayer
370
18
48
1
60
0
100
AcDbSpline
70
4
71
3
72
24
73
20
40
0
40
0
40
0
40
0
40
0.25000000000007
40
0.25000000000007
40
0.312500000000063
40
0.312500000000063
40
0.375000000000056
40
0.375000000000056
40
0.500000000000042
40
0.500000000000042
40
0.56250000000006
40
0.56250000000006
40
0.593750000000069
40
0.593750000000069
40
0.625000000000078
40
0.625000000000078
40
0.750000000000067
40
0.750000000000067
40
1
40
1
40
1
40
1
41
1
10
32.7680481494282
20
-0.141715679543523
30
0
41
1
10
32.729727646033
20
-0.106045111520984
30
0
41
1
10
32.6903482755228
20
-0.0709876902339204
30
0
41
1
10
32.6401479402049
20
-0.0274490814153694
30
0
41
1
10
32.6300567413374
20
-0.0187567343601245
30
0
41
1
10
32.6097742758985
20
-0.0013947328509971
30
0
41
1
10
32.5995383682234
20
0.0073127626444034
30
0
41
1
10
32.5690308252114
20
0.0331086579021473
30
0
41
1
10
32.5490517062352
20
0.049796375722849
30
0
41
1
10
32.5196977582591
20
0.0739958591844356
30
0
41
1
10
32.5100118999065
20
0.0819283320970499
30
0
41
1
10
32.495668057278
20
0.0935674940180604
30
0
41
1
10
32.4909236628629
20
0.0973946865173616
30
0
41
1
10
32.4814538497927
20
0.105025157027796
30
0
41
1
10
32.4767244677308
20
0.108834470282431
30
0
41
1
10
32.4530816578404
20
0.127886578541677
30
0
41
1
10
32.4341772466414
20
0.143152258039805
30
0
41
1
10
32.3774465176417
20
0.189080562076157
30
0
41
1
10
32.3396167591392
20
0.219853397540788
30
0
41
1
10
32.3017872063894
20
0.250769136591771
30
0
0
SPLINE
5
1B2
100
AcDbEntity
8
1
62
256
6
ByLayer
370
13
48
1
60
0
100
AcDbSpline
70
4
71
3
72
12
73
8
40
0
40
0
40
0
40
0
40
0.0705695310405696
40
0.383311635857738
40
0.539682688266323
40
0.696053740674908
40
1
40
1
40
1
40
1
41
1
10
32.7680481494282
20
-0.141715679543779
30
0
41
1
10
32.7731340459009
20
-0.141334864924716
30
0
41
1
10
32.8005137401328
20
-0.139076884384963
30
0
41
1
10
32.8368587198941
20
-0.134495353380828
30
0
41
1
10
32.8752103456387
20
-0.127555634707647
30
0
41
1
10
32.9119470591121
20
-0.119338844844464
30
0
41
1
10
32.9370395656042
20
-0.111796085261432
30
0
41
1
10
32.9520371981034
20
-0.106294590844811
30
0
0
SPLINE
5
1B3
100
AcDbEntity
8
1
62
256
6
ByLayer
370
18
48
1
60
0
100
AcDbSpline
70
4
71
3
72
27
73
23
40
0
40
0
40
0
40
0
40
0.0309663622211026
40
0.0614006449655311
40
0.0913042983554939
40
0.120678774846574
40
0.179929224800347
40
0.238580982731243
40
0.296639826054326
40
0.354113331618215
40
0.411007449114503
40
0.467325385516504
40
0.523072180916109
40
0.578256597241766
40
0.632884678853922
40
0.686957100051033
40
0.740474684091786
40
0.793442887951505
40
0.845870954169554
40
0.897768342151071
40
0.949142729472289
40
1
40
1
40
1
40
1
41
1
10
36.7036374501896
20
2.1744493010988
30
0
41
1
10
36.7066078303269
20
2.17240190693752
30
0
41
1
10
36.7124975520488
20
2.16834229796234
30
0
41
1
10
36.7210591657114
20
2.16227417937293
30
0
41
1
10
36.7293267040856
20
2.15629363551153
30
0
41
1
10
36.7400378546763
20
2.14836951546584
30
0
41
1
10
36.7529513768755
20
2.13848981264471
30
0
41
1
10
36.7677085687071
20
2.12665625365986
30
0
41
1
10
36.7816248490769
20
2.11493450915077
30
0
41
1
10
36.7946893137471
20
2.10334571622664
30
0
41
1
10
36.8068931765602
20
2.0919102104512
30
0
41
1
10
36.8182282032812
20
2.08064778873182
30
0
41
1
10
36.8286891789741
20
2.06957745400783
30
0
41
1
10
36.838276116119
20
2.05871720266521
30
0
41
1
10
36.8469897736128
20
2.04808434000296
30
0
41
1
10
36.8548277857219
20
2.03769623607278
30
0
41
1
10
36.8617889335486
20
2.02756973675142
30
0
41
1
10
36.8678750768161
20
2.01772088839093
30
0
41
1
10
36.8731008440392
20
2.00816163424693
30
0
41
1
10
36.8774563219222
20
1.9989111441279
30
0
41
1
10
36.881027857044
20
1.98995754291872
30
0
41
1
10
36.882710704242
20
1.98422558610454
30
0
41
1
10
36.8835478716813
20
1.98137410463113
30
0
0
SPLINE
5
1B4
100
AcDbEntity
8
1
62
256
6
ByLayer
370
18
48
1
60
0
100
AcDbSpline
70
4
71
3
72
26
73
22
40
0
40
0
40
0
40
0
40
0.0156250000000003
40
0.0156250000000003
40
0.0312500000000005
40
0.0312500000000005
40
0.0625000000000019
40
0.0625000000000019
40
0.125000000000003
40
0.125000000000003
40
0.187500000000004
40
0.187500000000004
40
0.250000000000006
40
0.250000000000006
40
0.375000000000009
40
0.375000000000009
40
0.500000000000012
40
0.500000000000012
40
0.750000000000006
40
0.750000000000006
40
1
40
1
40
1
40
1
41
1
10
36.5383601840639
20
1.62408846397739
30
0
41
1
10
36.5413210405525
20
1.62591462851694
30
0
41
1
10
36.5438811549117
20
1.62818403727743
30
0
41
1
10
36.5484554994689
20
1.63298803243498
30
0
41
1
10
36.5505022512806
20
1.63556441905899
30
0
41
1
10
36.5562263821793
20
1.64357818321949
30
0
41
1
10
36.5594151434111
20
1.64916093400757
30
0
41
1
10
36.5682349913435
20
1.66617492906877
30
0
41
1
10
36.5730921723868
20
1.67788282411251
30
0
41
1
10
36.5821521174007
20
1.70147012568347
30
0
41
1
10
36.5862946936158
20
1.71336197088442
30
0
41
1
10
36.5941713934225
20
1.73712806289484
30
0
41
1
10
36.5979015704079
20
1.74901958375432
30
0
41
1
10
36.608710562439
20
1.78465464180619
30
0
41
1
10
36.6154163779176
20
1.80835640901316
30
0
41
1
10
36.6283076396968
20
1.85552079693772
30
0
41
1
10
36.6344799078075
20
1.87898693882855
30
0
41
1
10
36.6524166522748
20
1.94897029738061
30
0
41
1
10
36.6636090984208
20
1.99506250623611
30
0
41
1
10
36.6846562319219
20
2.08579344682093
30
0
41
1
10
36.6945016964845
20
2.13047018877071
30
0
41
1
10
36.7036279560441
20
2.17445580123768
30
0
0
SPLINE
5
1B5
100
AcDbEntity
8
1
62
256
6
ByLayer
370
18
48
1
60
0
100
AcDbSpline
70
4
71
3
72
12
73
8
40
0
40
0
40
0
40
0
40
0.499999999999998
40
0.499999999999998
40
0.749999999999999
40
0.749999999999999
40
1
40
1
40
1
40
1
41
1
10
36.7036576626796
20
2.17444112660093
30
0
41
1
10
36.6970240499276
20
2.24646283469974
30
0
41
1
10
36.6933854893266
20
2.31602808337513
30
0
41
1
10
36.6876936259214
20
2.4168811148235
30
0
41
1
10
36.6857389022415
20
2.44991665440011
30
0
41
1
10
36.6808348435143
20
2.51485433334017
30
0
41
1
10
36.6778834170388
20
2.54676088837857
30
0
41
1
10
36.6739749176385
20
2.57805317824898
30
0
0
SPLINE
5
1B6
100
AcDbEntity
8
1
62
256
6
ByLayer
370
18
48
1
60
0
100
AcDbSpline
70
4
71
3
72
32
73
28
40
0
40
0
40
0
40
0
40
0.0643045505801716
40
0.0643045505801716
40
0.0964568258702557
40
0.0964568258702557
40
0.12860910116034
40
0.12860910116034
40
0.192913651740505
40
0.192913651740505
40
0.25721820232067
40
0.25721820232067
40
0.385827303481003
40
0.385827303481003
40
0.514436404641336
40
0.514436404641336
40
0.578740955221503
40
0.578740955221503
40
0.64304550580167
40
0.64304550580167
40
0.707350056381836
40
0.707350056381836
40
0.771654606962003
40
0.771654606962003
40
0.900263708122339
40
0.900263708122339
40
1
40
1
40
1
40
1
41
1
10
25.9071184115756
20
2.31383362656106
30
0
41
1
10
25.8303200949169
20
2.3666733351975
30
0
41
1
10
25.7533675852614
20
2.41857843406021
30
0
41
1
10
25.6376353766749
20
2.49496164443343
30
0
41
1
10
25.5989756210893
20
2.52019792128218
30
0
41
1
10
25.5216980349274
20
2.57006049523812
30
0
41
1
10
25.4831160316842
20
2.59466404312332
30
0
41
1
10
25.3675286896517
20
2.66746876556729
30
0
41
1
10
25.2906873488264
20
2.71465202727927
30
0
41
1
10
25.1373332538614
20
2.80626692440117
30
0
41
1
10
25.0608106483714
20
2.85071860197022
30
0
41
1
10
24.8314723679546
20
2.98023015024452
30
0
41
1
10
24.6788769607385
20
3.06152357151473
30
0
41
1
10
24.373877244899
20
3.21301500515361
30
0
41
1
10
24.221464627928
20
3.28323300254416
30
0
41
1
10
23.9925090190115
20
3.37955240864761
30
0
41
1
10
23.9161343491652
20
3.41014942229748
30
0
41
1
10
23.7631773450862
20
3.46821002125813
30
0
41
1
10
23.6865909650677
20
3.49569212380848
30
0
41
1
10
23.5330871396353
20
3.54769512873253
30
0
41
1
10
23.4561687211615
20
3.57224116977653
30
0
41
1
10
23.3019228160701
20
3.61830509551913
30
0
41
1
10
23.2245073429763
20
3.63982681376191
30
0
41
1
10
22.9932585219428
20
3.6990746960586
30
0
41
1
10
22.8398803855907
20
3.73174837789802
30
0
41
1
10
22.5682537959538
20
3.77804523473063
30
0
41
1
10
22.4498781610704
20
3.79419440284107
30
0
41
1
10
22.3316093655203
20
3.80623611512294
30
0
0
SPLINE
5
1B7
100
AcDbEntity
8
1
62
256
6
ByLayer
370
18
48
1
60
0
100
AcDbSpline
70
4
71
3
72
36
73
32
40
0
40
0
40
0
40
0
40
0.124999999999984
40
0.124999999999984
40
0.187499999999976
40
0.187499999999976
40
0.249999999999968
40
0.249999999999968
40
0.281249999999956
40
0.281249999999956
40
0.312499999999944
40
0.312499999999944
40
0.374999999999938
40
0.374999999999938
40
0.406249999999935
40
0.406249999999935
40
0.437499999999932
40
0.437499999999932
40
0.499999999999943
40
0.499999999999943
40
0.562499999999955
40
0.562499999999955
40
0.624999999999967
40
0.624999999999967
40
0.74999999999999
40
0.74999999999999
40
0.875000000000013
40
0.875000000000013
40
0.937500000000007
40
0.937500000000007
40
1
40
1
40
1
40
1
41
1
10
25.9071184115756
20
2.31383362656109
30
0
41
1
10
25.9359702361457
20
2.28826817016082
30
0
41
1
10
25.9649443768021
20
2.26291386584364
30
0
41
1
10
26.0086059646952
20
2.22522226629749
30
0
41
1
10
26.0231930508001
20
2.21271498121527
30
0
41
1
10
26.0524361630132
20
2.18781771585933
30
0
41
1
10
26.067085220293
20
2.17542280376816
30
0
41
1
10
26.0891444098305
20
2.15694188636365
30
0
41
1
10
26.0965136241323
20
2.15080301143209
30
0
41
1
10
26.1113596041407
20
2.13874383581421
30
0
41
1
10
26.1188251240876
20
2.13279893465287
30
0
41
1
10
26.1413201841395
20
2.1151661645595
30
0
41
1
10
26.1564501228866
20
2.10368490074797
30
0
41
1
10
26.1792843451782
20
2.08678042229468
30
0
41
1
10
26.1869192943135
20
2.08119913069874
30
0
41
1
10
26.2022275814283
20
2.07012973446075
30
0
41
1
10
26.2099231306965
20
2.06462615719508
30
0
41
1
10
26.2327563615303
20
2.04845138209666
30
0
41
1
10
26.2477185251325
20
2.03805778736194
30
0
41
1
10
26.2771614410744
20
2.017899455221
30
0
41
1
10
26.2916445770635
20
2.00813177119511
30
0
41
1
10
26.3201551499675
20
1.98912979089161
30
0
41
1
10
26.3342390262725
20
1.97986088463003
30
0
41
1
10
26.3753337184085
20
1.95309065501371
30
0
41
1
10
26.4011608881945
20
1.93663095635662
30
0
41
1
10
26.450058978303
20
1.90608661863908
30
0
41
1
10
26.4731364754904
20
1.89199547859192
30
0
41
1
10
26.5056775355946
20
1.87278409574037
30
0
41
1
10
26.5160952755517
20
1.86675444620948
30
0
41
1
10
26.5359613179788
20
1.85555097078773
30
0
41
1
10
26.5454299953524
20
1.8503641732853
30
0
41
1
10
26.5544034035117
20
1.84565065177938
30
0
0
SPLINE
5
1B8
100
AcDbEntity
8
1
62
256
6
ByLayer
370
18
48
1
60
0
100
AcDbSpline
70
4
71
3
72
16
73
12
40
0
40
0
40
0
40
0
40
0.25
40
0.25
40
0.375
40
0.375
40
0.5
40
0.5
40
0.75
40
0.75
40
1
40
1
40
1
40
1
41
1
10
25.9071184115756
20
2.31383362656109
30
0
41
1
10
25.9066630866572
20
2.23092390631575
30
0
41
1
10
25.906249025806
20
2.14481488797887
30
0
41
1
10
25.9055864642248
20
2.01088849479478
30
0
41
1
10
25.9053675343016
20
1.96545083723893
30
0
41
1
10
25.9049556195359
20
1.8729743439537
30
0
41
1
10
25.9047607715171
20
1.82601290828282
30
0
41
1
10
25.9041666309049
20
1.68339509112022
30
0
41
1
10
25.9037409984074
20
1.58584343073986
30
0
41
1
10
25.9029011951021
20
1.38582232873014
30
0
41
1
10
25.9025104627877
20
1.28335158784205
30
0
41
1
10
25.9021028262685
20
1.17838460714881
30
0
0
SPLINE
5
1B9
100
AcDbEntity
8
1
62
256
6
ByLayer
370
18
48
1
60
0
100
AcDbSpline
70
4
71
3
72
26
73
22
40
0
40
0
40
0
40
0
40
0.0511658205492711
40
0.102488576886124
40
0.153969238649625
40
0.205608793053778
40
0.257408245341237
40
0.309368619243759
40
0.361490957448999
40
0.413776322073774
40
0.46622579514382
40
0.518840479079773
40
0.571621497189519
40
0.624569994166728
40
0.677687136595545
40
0.730974113461361
40
0.784432136667662
40
0.838062441558689
40
0.891866295491576
40
0.94584502714133
40
1
40
1
40
1
40
1
41
1
10
31.5947408936495
20
0.880303110164192
30
0
41
1
10
31.6067997891484
20
0.869705473933209
30
0
41
1
10
31.6309545671865
20
0.848477696404956
30
0
41
1
10
31.6672417955331
20
0.816514145624211
30
0
41
1
10
31.7036403333019
20
0.784401374248716
30
0
41
1
10
31.740150921922
20
0.752135128997594
30
0
41
1
10
31.7767743798059
20
0.719718040184915
30
0
41
1
10
31.8135115142046
20
0.687150910729798
30
0
41
1
10
31.8503631449801
20
0.654435061204197
30
0
41
1
10
31.8873300982508
20
0.621571698709545
30
0
41
1
10
31.9244132081476
20
0.588562086900765
30
0
41
1
10
31.9616133163849
20
0.55540750042249
30
0
41
1
10
31.9989312724249
20
0.522109237083583
30
0
41
1
10
32.0363679334654
20
0.488668615610521
30
0
41
1
10
32.0739241645387
20
0.455086973074486
30
0
41
1
10
32.11160083834
20
0.421365678190654
30
0
41
1
10
32.1493988360327
20
0.387506081155237
30
0
41
1
10
32.1873190462983
20
0.353509700831836
30
0
41
1
10
32.2253623848526
20
0.319377509099638
30
0
41
1
10
32.2635297202135
20
0.285112550660813
30
0
41
1
10
32.2890161758882
20
0.262215030796455
30
0
41
1
10
32.3017801732154
20
0.250747611156811
30
0
0
SPLINE
5
1BA
100
AcDbEntity
8
1
62
256
6
ByLayer
370
18
48
1
60
0
100
AcDbSpline
70
4
71
3
72
41
73
37
40
0
40
0
40
0
40
0
40
0.125000000000014
40
0.125000000000014
40
0.250000000000028
40
0.250000000000028
40
0.265625000000027
40
0.265625000000027
40
0.281250000000026
40
0.281250000000026
40
0.312500000000024
40
0.37500000000002
40
0.37500000000002
40
0.406250000000017
40
0.406250000000017
40
0.437500000000015
40
0.437500000000015
40
0.500000000000011
40
0.500000000000011
40
0.531250000000009
40
0.531250000000009
40
0.562500000000006
40
0.562500000000006
40
0.625000000000006
40
0.625000000000006
40
0.687500000000005
40
0.687500000000005
40
0.750000000000004
40
0.750000000000004
40
0.812500000000003
40
0.812500000000003
40
0.875000000000002
40
0.875000000000002
40
0.937500000000001
40
0.937500000000001
40
1
40
1
40
1
40
1
41
1
10
24.9514905127144
20
3.95720535005566
30
0
41
1
10
25.226768574143
20
3.99344764797641
30
0
41
1
10
25.5003112729798
20
4.00660866293615
30
0
41
1
10
26.0481479381279
20
3.98742816568642
30
0
41
1
10
26.3224104117463
20
3.95516662932587
30
0
41
1
10
26.6337569569375
20
3.89283465777757
30
0
41
1
10
26.6683903404942
20
3.88554579766671
30
0
41
1
10
26.7377450235408
20
3.87023752482608
30
0
41
1
10
26.7724815658522
20
3.86221413943582
30
0
41
1
10
26.8765793759459
20
3.83710835426359
30
0
41
1
10
27.0845467694506
20
3.78270889069611
30
0
41
1
10
27.2921386126174
20
3.71593243045962
30
0
41
1
10
27.499886147359
20
3.64108856506854
30
0
41
1
10
27.5691611934336
20
3.61479573880544
30
0
41
1
10
27.7078303517359
20
3.55954588963689
30
0
41
1
10
27.7772653967722
20
3.53057110663602
30
0
41
1
10
27.9855250836352
20
3.43981875184008
30
0
41
1
10
28.1242267120191
20
3.37425102049394
30
0
41
1
10
28.3324832925247
20
3.26853121742053
30
0
41
1
10
28.4019270148877
20
3.23206726178418
30
0
41
1
10
28.540718614528
20
3.15685180440877
30
0
41
1
10
28.610095002866
20
3.11808604803068
30
0
41
1
10
28.8182679783304
20
2.99838628169613
30
0
41
1
10
28.9571531285649
20
2.91401704534286
30
0
41
1
10
29.2348500990501
20
2.73703760827644
30
0
41
1
10
29.3736927911888
20
2.64440930413298
30
0
41
1
10
29.6514412598877
20
2.45161960200983
30
0
41
1
10
29.7901197554595
20
2.35162551448642
30
0
41
1
10
30.0676293756847
20
2.14495261086128
30
0
41
1
10
30.2065413207359
20
2.03820287205372
30
0
41
1
10
30.4840237255906
20
1.81931621340769
30
0
41
1
10
30.6227445787675
20
1.70706755600872
30
0
41
1
10
30.9004807635246
20
1.47765641528926
30
0
41
1
10
31.0392889106131
20
1.36066545750904
30
0
41
1
10
31.3170254153766
20
1.12294251067917
30
0
41
1
10
31.4558591049351
20
1.00228961643165
30
0
41
1
10
31.5947408936495
20
0.880303110164192
30
0
0
SPLINE
5
1BB
100
AcDbEntity
8
1
62
256
6
ByLayer
370
18
48
1
60
0
100
AcDbSpline
70
4
71
3
72
10
73
6
40
0
40
0
40
0
40
0
40
0.552104994822097
40
0.552104994822097
40
1
40
1
40
1
40
1
41
1
10
11.0000206436211
20
-3.95781213462681
30
0
41
1
10
11.2219576362665
20
-3.98675399646359
30
0
41
1
10
11.4426799194556
20
-4.00077008391517
30
0
41
1
10
11.842266477098
20
-3.99942474045119
30
0
41
1
10
12.0211688949771
20
-3.98906257700821
30
0
41
1
10
12.2005928493654
20
-3.96891033288932
30
0
0
SPLINE
5
1BC
100
AcDbEntity
8
1
62
256
6
ByLayer
370
18
48
1
60
0
100
AcDbSpline
70
4
71
3
72
18
73
14
40
0
40
0
40
0
40
0
40
0.24999999999999
40
0.24999999999999
40
0.374999999999992
40
0.374999999999992
40
0.499999999999993
40
0.499999999999993
40
0.624999999999995
40
0.624999999999995
40
0.749999999999997
40
0.749999999999997
40
1
40
1
40
1
40
1
41
1
10
34.62877580649
20
-1.77966534810506
30
0
41
1
10
34.7686410211129
20
-1.8924361402585
30
0
41
1
10
34.9082608655727
20
-2.00236096019097
30
0
41
1
10
35.1177342561919
20
-2.16262262905923
30
0
41
1
10
35.1875658424319
20
-2.21527166289425
30
0
41
1
10
35.3273137746925
20
-2.31895151571356
30
0
41
1
10
35.3972592854297
20
-2.37000275852671
30
0
41
1
10
35.5370647578692
20
-2.47024297263943
30
0
41
1
10
35.6069445781106
20
-2.51944737260874
30
0
41
1
10
35.7467284416291
20
-2.61596386473084
30
0
41
1
10
35.816656061488
20
-2.66329156599994
30
0
41
1
10
36.0264010206069
20
-2.80222233761904
30
0
41
1
10
36.1661081414091
20
-2.89073036709112
30
0
41
1
10
36.3059729062648
20
-2.97490267748819
30
0
0
SPLINE
5
1BD
100
AcDbEntity
8
1
62
256
6
ByLayer
370
18
48
1
60
0
100
AcDbSpline
70
4
71
3
72
42
73
38
40
0
40
0
40
0
40
0
40
0.0323978470939255
40
0.0645801825070625
40
0.0965462466827485
40
0.128295232029184
40
0.159826263657803
40
0.191138460711868
40
0.222230941734578
40
0.253102824539936
40
0.283753226090503
40
0.314181262381967
40
0.344386048335379
40
0.374366697697641
40
0.404122322950024
40
0.433652035225859
40
0.462954944237116
40
0.492030158210468
40
0.520876783832937
40
0.549493926207552
40
0.577880688818983
40
0.606036173509485
40
0.633959480465111
40
0.661649708212562
40
0.689105953626511
40
0.716327311947533
40
0.743312876810761
40
0.770061740285099
40
0.796572992923286
40
0.822845723822237
40
0.848879022619795
40
0.874671984716856
40
0.900223705131151
40
0.925533276771246
40
0.950599790600628
40
0.975422335810316
40
1
40
1
40
1
40
1
41
1
10
33.5757580314911
20
-0.888702290415409
30
0
41
1
10
33.5871297302544
20
-0.898681077507774
30
0
41
1
10
33.609797482819
20
-0.918572272430509
30
0
41
1
10
33.6436847410266
20
-0.948242387579768
30
0
41
1
10
33.6773437885128
20
-0.97766267029229
30
0
41
1
10
33.7107737693156
20
-1.00682709080678
30
0
41
1
10
33.743973942117
20
-1.03573544120366
30
0
41
1
10
33.7769434907139
20
-1.06438603242191
30
0
41
1
10
33.8096815920536
20
-1.09277766448818
30
0
41
1
10
33.8421874070336
20
-1.12090910888102
30
0
41
1
10
33.8744600841274
20
-1.14877924398962
30
0
41
1
10
33.9064987590896
20
-1.17638701696842
30
0
41
1
10
33.9383025556957
20
-1.20373145163944
30
0
41
1
10
33.9698705862023
20
-1.23081164420611
30
0
41
1
10
34.0012019518747
20
-1.25762676221811
30
0
41
1
10
34.0322957434919
20
-1.28417604269339
30
0
41
1
10
34.0631510418515
20
-1.31045879048327
30
0
41
1
10
34.0937669182696
20
-1.33647437659241
30
0
41
1
10
34.1241424350747
20
-1.36222223653027
30
0
41
1
10
34.1542766460998
20
-1.38770186867342
30
0
41
1
10
34.1841685971674
20
-1.41291283264457
30
0
41
1
10
34.2138173265719
20
-1.43785474770661
30
0
41
1
10
34.243221865556
20
-1.46252729117162
30
0
41
1
10
34.2723812387839
20
-1.48693019682702
30
0
41
1
10
34.301294464809
20
-1.51106325337022
30
0
41
1
10
34.3299605565385
20
-1.53492630288338
30
0
41
1
10
34.3583785216893
20
-1.55851923923362
30
0
41
1
10
34.3865473632522
20
-1.58184200681774
30
0
41
1
10
34.4144660799096
20
-1.60489459811166
30
0
41
1
10
34.4421336672733
20
-1.62767705624768
30
0
41
1
10
34.4695491203794
20
-1.65018946267583
30
0
41
1
10
34.4967114136597
20
-1.67243202390341
30
0
41
1
10
34.5236195222709
20
-1.69440484675232
30
0
41
1
10
34.5502724247467
20
-1.71610860022378
30
0
41
1
10
34.5766690828885
20
-1.7375420664402
30
0
41
1
10
34.6028085154786
20
-1.75871114043485
30
0
41
1
10
34.6201486950656
20
-1.77270373303702
30
0
41
1
10
34.62877580649
20
-1.77966534810506
30
0
0
SPLINE
5
1BE
100
AcDbEntity
8
1
62
256
6
ByLayer
370
18
48
1
60
0
100
AcDbSpline
70
4
71
3
72
10
73
6
40
0
40
0
40
0
40
0
40
0.5
40
0.5
40
1
40
1
40
1
40
1
41
1
10
32.9514339080603
20
-0.333630130280454
30
0
41
1
10
33.0555012747687
20
-0.4270083174452
30
0
41
1
10
33.1596013848029
20
-0.520140577021323
30
0
41
1
10
33.3676524914952
20
-0.705265607729871
30
0
41
1
10
33.4716577364497
20
-0.797307946317346
30
0
41
1
10
33.575758031491
20
-0.888702290415381
30
0
0
SPLINE
5
1BF
100
AcDbEntity
8
1
62
256
6
ByLayer
370
18
48
1
60
0
100
AcDbSpline
70
4
71
3
72
54
73
50
40
0
40
0
40
0
40
0
40
0.0320128053845895
40
0.0320128053845895
40
0.0640256107691789
40
0.0640256107691789
40
0.0960384161537684
40
0.0960384161537684
40
0.128051221538358
40
0.128051221538358
40
0.160064026922947
40
0.160064026922947
40
0.192076832307537
40
0.192076832307537
40
0.224089637692126
40
0.224089637692126
40
0.256102443076716
40
0.256102443076716
40
0.288115248461305
40
0.288115248461305
40
0.304121651153601
40
0.304121651153601
40
0.320128053845897
40
0.320128053845897
40
0.38415366461508
40
0.38415366461508
40
0.51220488615345
40
0.51220488615345
40
0.576230496922634
40
0.608243302307227
40
0.608243302307227
40
0.624249704999524
40
0.624249704999524
40
0.640256107691821
40
0.640256107691821
40
0.76830732923019
40
0.76830732923019
40
0.800320134614781
40
0.816326537307076
40
0.816326537307076
40
0.832332939999371
40
0.832332939999371
40
0.896358550768548
40
0.896358550768548
40
0.960384161537726
40
0.960384161537726
40
0.992396966922314
40
0.992396966922314
40
1
40
1
40
1
40
1
41
1
10
19.5017835114407
20
1.67022427778008
30
0
41
1
10
19.4249873994748
20
1.73305555416721
30
0
41
1
10
19.348089310468
20
1.79522186075607
30
0
41
1
10
19.1943912516205
20
1.91780746697705
30
0
41
1
10
19.1175222698067
20
1.97828255900424
30
0
41
1
10
18.9638237444186
20
2.09737659177665
30
0
41
1
10
18.886954068518
20
2.1560301341687
30
0
41
1
10
18.733266958614
20
2.27129519693042
30
0
41
1
10
18.6564636434296
20
2.32788446560008
30
0
41
1
10
18.5028288800397
20
2.43895397158491
30
0
41
1
10
18.4259692505887
20
2.4934569166266
30
0
41
1
10
18.2722783159676
20
2.60016449037772
30
0
41
1
10
18.1954676764725
20
2.65235479926278
30
0
41
1
10
18.0418253913714
20
2.75432692505763
30
0
41
1
10
17.9649699653984
20
2.80412471144894
30
0
41
1
10
17.8112633772938
20
2.90115563739792
30
0
41
1
10
17.7344335322797
20
2.94837590588992
30
0
41
1
10
17.58072735625
20
3.04016298897267
30
0
41
1
10
17.503867243023
20
3.0847243513646
30
0
41
1
10
17.3886063980675
20
3.14942700760221
30
0
41
1
10
17.3501863738285
20
3.17063790546942
30
0
41
1
10
17.2733346506721
20
3.21233685606967
30
0
41
1
10
17.2349032125192
20
3.23282605457584
30
0
41
1
10
17.0430989787151
20
3.33327886435927
30
0
41
1
10
16.8904436995076
20
3.40746174234297
30
0
41
1
10
16.4337853353435
20
3.61105251675085
30
0
41
1
10
16.1310701598821
20
3.72164515236241
30
0
41
1
10
15.6753304980806
20
3.84798037811544
30
0
41
1
10
15.4470444786329
20
3.90124611462667
30
0
41
1
10
15.2173067396008
20
3.93912027475577
30
0
41
1
10
15.1021231826719
20
3.95544457567715
30
0
41
1
10
15.0636694588305
20
3.96045017942538
30
0
41
1
10
14.9868900583838
20
3.96955651571565
30
0
41
1
10
14.9485340440844
20
3.97366191464857
30
0
41
1
10
14.6035791454779
20
4.00660194861044
30
0
41
1
10
14.2987131402553
20
4.00753275144706
30
0
41
1
10
13.9162361776987
20
3.97319928766734
30
0
41
1
10
13.8013878914774
20
3.96023093894743
30
0
41
1
10
13.6862772081304
20
3.94324215862838
30
0
41
1
10
13.6094665587392
20
3.93101961031269
30
0
41
1
10
13.571015794262
20
3.92445790501517
30
0
41
1
10
13.3789886068895
20
3.88948574036613
30
0
41
1
10
13.2257667466488
20
3.85452987498474
30
0
41
1
10
12.919372484692
20
3.77104346742672
30
0
41
1
10
12.7662003300341
20
3.72251977731409
30
0
41
1
10
12.5359294311801
20
3.63975376225906
30
0
41
1
10
12.4590048356192
20
3.61046485785198
30
0
41
1
10
12.3640184870467
20
3.57231818336777
30
0
41
1
10
12.3457961644066
20
3.56490988502003
30
0
41
1
10
12.327580599598
20
3.55741476038514
30
0
0
SPLINE
5
1C0
100
AcDbEntity
8
1
62
256
6
ByLayer
370
18
48
1
60
0
100
AcDbSpline
70
4
71
3
72
47
73
43
40
0
40
0
40
0
40
0
40
0.124999999999997
40
0.124999999999997
40
0.156249999999996
40
0.156249999999996
40
0.171874999999995
40
0.171874999999995
40
0.187499999999995
40
0.187499999999995
40
0.249999999999996
40
0.249999999999996
40
0.374999999999997
40
0.374999999999997
40
0.437499999999998
40
0.437499999999998
40
0.468749999999999
40
0.468749999999999
40
0.499999999999999
40
0.499999999999999
40
0.562499999999998
40
0.562499999999998
40
0.593749999999998
40
0.593749999999998
40
0.624999999999998
40
0.624999999999998
40
0.656249999999998
40
0.656249999999998
40
0.687499999999997
40
0.687499999999997
40
0.749999999999998
40
0.749999999999998
40
0.781249999999999
40
0.781249999999999
40
0.812499999999999
40
0.875
40
0.875
40
0.937500000000001
40
0.937500000000001
40
0.96875
40
0.96875
40
1
40
1
40
1
40
1
41
1
10
13.7515353469211
20
1.99055077102304
30
0
41
1
10
14.0584756114093
20
1.75081620461845
30
0
41
1
10
14.3635265173229
20
1.49833654994527
30
0
41
1
10
14.7461090527106
20
1.17072643032483
30
0
41
1
10
14.8226880453256
20
1.10460194920509
30
0
41
1
10
14.9377192570608
20
1.00457726353702
30
0
41
1
10
14.9760901595068
20
0.97109599218058
30
0
41
1
10
15.0528982706668
20
0.903864750871605
30
0
41
1
10
15.0913654536024
20
0.870088348556891
30
0
41
1
10
15.2834902615366
20
0.700920725528249
30
0
41
1
10
15.4363431954576
20
0.564830451375627
30
0
41
1
10
15.8934998265965
20
0.155560351692486
30
0
41
1
10
16.1964062029957
20
-0.118615389961605
30
0
41
1
10
16.6522495701645
20
-0.527081913012523
30
0
41
1
10
16.8044418486568
20
-0.662774066103111
30
0
41
1
10
17.0336416083473
20
-0.865003762891774
30
0
41
1
10
17.1101929111607
20
-0.932196239533823
30
0
41
1
10
17.26368591765
20
-1.06604800115338
30
0
41
1
10
17.3406497403582
20
-1.13272364078159
30
0
41
1
10
17.5712953936139
20
-1.33084805639575
30
0
41
1
10
17.7250822972405
20
-1.46077254304967
30
0
41
1
10
17.9557605648317
20
-1.65139174818418
30
0
41
1
10
18.0326618325966
20
-1.71422353898376
30
0
41
1
10
18.1863884715126
20
-1.83823295954261
30
0
41
1
10
18.2632394331661
20
-1.89943072113078
30
0
41
1
10
18.417007638754
20
-2.0201263106828
30
0
41
1
10
18.4939130749589
20
-2.07961517154004
30
0
41
1
10
18.6476326302003
20
-2.19663081489097
30
0
41
1
10
18.72447615518
20
-2.25418186077945
30
0
41
1
10
18.9551220511587
20
-2.4236984426328
30
0
41
1
10
19.1089530793614
20
-2.53256621531449
30
0
41
1
10
19.3396255296352
20
-2.68873988575052
30
0
41
1
10
19.4165594698418
20
-2.73963945107383
30
0
41
1
10
19.5702545463282
20
-2.83882798435596
30
0
41
1
10
19.8003746806395
20
-2.98359559514557
30
0
41
1
10
20.0296440603223
20
-3.11611296147302
30
0
41
1
10
20.3353180675211
20
-3.28140424333719
30
0
41
1
10
20.4881491118863
20
-3.35832626348881
30
0
41
1
10
20.7179328286487
20
-3.46478036676663
30
0
41
1
10
20.7946163654996
20
-3.49877914594688
30
0
41
1
10
20.9482524512994
20
-3.56373732443529
30
0
41
1
10
21.0251988520294
20
-3.59469037885296
30
0
41
1
10
21.1020623066339
20
-3.62398784775564
30
0
0
SPLINE
5
1C1
100
AcDbEntity
8
1
62
256
6
ByLayer
370
18
48
1
60
0
100
AcDbSpline
70
4
71
3
72
24
73
20
40
0
40
0
40
0
40
0
40
0.249999999999943
40
0.249999999999943
40
0.312499999999935
40
0.312499999999935
40
0.374999999999926
40
0.374999999999926
40
0.49999999999991
40
0.49999999999991
40
0.562499999999902
40
0.562499999999902
40
0.593749999999898
40
0.593749999999898
40
0.624999999999895
40
0.624999999999895
40
0.74999999999993
40
0.74999999999993
40
1
40
1
40
1
40
1
41
1
10
26.367965237518
20
0.767488612931231
30
0
41
1
10
26.3296741063094
20
0.799249204105109
30
0
41
1
10
26.290327068531
20
0.831762338948721
30
0
41
1
10
26.2401703431443
20
0.87401985343692
30
0
41
1
10
26.2300880345436
20
0.882554234827921
30
0
41
1
10
26.20982369267
20
0.899809373508106
30
0
41
1
10
26.1995973504957
20
0.908568279908025
30
0
41
1
10
26.16911442726
20
0.934862888653015
30
0
41
1
10
26.1491512249905
20
0.952334301725699
30
0
41
1
10
26.1198201254075
20
0.97846198542382
30
0
41
1
10
26.1101417949473
20
0.987158279672798
30
0
41
1
10
26.0958084333941
20
1.00017425029847
30
0
41
1
10
26.091067563039
20
1.00450680224512
30
0
41
1
10
26.0816059163533
20
1.01317012124781
30
0
41
1
10
26.0768808491497
20
1.01750180994284
30
0
41
1
10
26.0532594232773
20
1.03916541111937
30
0
41
1
10
26.0343723352155
20
1.05651226808618
30
0
41
1
10
25.9776933554995
20
1.10862486058855
30
0
41
1
10
25.9398980045624
20
1.14345969509418
30
0
41
1
10
25.9021028262685
20
1.17838460714881
30
0
0
SPLINE
5
1C2
100
AcDbEntity
8
1
62
256
6
ByLayer
370
18
48
1
60
0
100
AcDbSpline
70
4
71
3
72
45
73
41
40
0
40
0
40
0
40
0
40
0.0312499999999994
40
0.0312499999999994
40
0.0624999999999989
40
0.0624999999999989
40
0.124999999999998
40
0.124999999999998
40
0.249999999999995
40
0.249999999999995
40
0.312499999999995
40
0.312499999999995
40
0.343749999999995
40
0.343749999999995
40
0.374999999999995
40
0.374999999999995
40
0.406249999999995
40
0.406249999999995
40
0.437499999999994
40
0.437499999999994
40
0.468749999999994
40
0.468749999999994
40
0.499999999999994
40
0.499999999999994
40
0.562499999999994
40
0.562499999999994
40
0.593749999999993
40
0.593749999999993
40
0.624999999999993
40
0.624999999999993
40
0.749999999999994
40
0.749999999999994
40
0.781249999999994
40
0.796874999999994
40
0.796874999999994
40
0.812499999999995
40
0.812499999999995
40
0.874999999999997
40
0.874999999999997
40
1
40
1
40
1
40
1
41
1
10
18.5514232084413
20
3.71036578572364
30
0
41
1
10
18.628260032696
20
3.73623706255171
30
0
41
1
10
18.7050761705291
20
3.76046362133397
30
0
41
1
10
18.8587764629691
20
3.80544500701893
30
0
41
1
10
18.9356671715304
20
3.82621610619015
30
0
41
1
10
19.1662596166124
20
3.88337251713568
30
0
41
1
10
19.3200550254812
20
3.91459094868222
30
0
41
1
10
19.7811311617748
20
3.98696414837326
30
0
41
1
10
20.0861988066931
20
4.00679218665204
30
0
41
1
10
20.5447669865497
20
3.99376020983388
30
0
41
1
10
20.6977843549102
20
3.98228261213447
30
0
41
1
10
20.9280914268494
20
3.95437712617971
30
0
41
1
10
21.0050163403985
20
3.94328375423234
30
0
41
1
10
21.1586981876772
20
3.91760178483716
30
0
41
1
10
21.235517883917
20
3.90300748574947
30
0
41
1
10
21.3892068373814
20
3.87032926148217
30
0
41
1
10
21.4661016011822
20
3.8522377756012
30
0
41
1
10
21.6197603508479
20
3.81263796534375
30
0
41
1
10
21.6965531134686
20
3.79112332568434
30
0
41
1
10
21.8501601392019
20
3.74469089737625
30
0
41
1
10
21.9269743336855
20
3.71977439564537
30
0
41
1
10
22.080716178139
20
3.66658146727949
30
0
41
1
10
22.1575410648035
20
3.63833844707392
30
0
41
1
10
22.3877670820779
20
3.54886005582637
30
0
41
1
10
22.5410246236992
20
3.48284651434437
30
0
41
1
10
22.7711182394686
20
3.37460950931577
30
0
41
1
10
22.8478506502948
20
3.33699274662757
30
0
41
1
10
23.0014769923566
20
3.2587230478216
30
0
41
1
10
23.0783903440142
20
3.21805663149226
30
0
41
1
10
23.4619414065069
20
3.00815916550283
30
0
41
1
10
23.7668457878984
20
2.81862462600162
30
0
41
1
10
24.1492441290755
20
2.55764302996727
30
0
41
1
10
24.2640573721271
20
2.47754583371974
30
0
41
1
10
24.3791121228533
20
2.39482440437317
30
0
41
1
10
24.4558804406339
20
2.33910116949255
30
0
41
1
10
24.4943232725985
20
2.31093245074882
30
0
41
1
10
24.6864127999579
20
2.16890275890302
30
0
41
1
10
24.8392059397536
20
2.05185108575873
30
0
41
1
10
25.2960778388764
20
1.69165694666577
30
0
41
1
10
25.5986647766141
20
1.43947983332669
30
0
41
1
10
25.9021028262685
20
1.17838460714881
30
0
0
SPLINE
5
1C3
100
AcDbEntity
8
1
62
256
6
ByLayer
370
18
48
1
60
0
100
AcDbSpline
70
4
71
3
72
8
73
4
40
0
40
0
40
0
40
0
40
1
40
1
40
1
40
1
41
1
10
36.5383033283684
20
1.6240563213812
30
0
41
1
10
36.5581371994904
20
1.60741842587385
30
0
41
1
10
36.5779638475599
20
1.59053860418186
30
0
41
1
10
36.5977987107773
20
1.57342209583948
30
0
0
SPLINE
5
1C4
100
AcDbEntity
8
1
62
256
6
ByLayer
370
18
48
1
60
0
100
AcDbSpline
70
4
71
3
72
8
73
4
40
0
40
0
40
0
40
0
40
1
40
1
40
1
40
1
41
1
10
36.5383544800203
20
1.62409315567987
30
0
41
1
10
36.4602738376749
20
1.68832144058052
30
0
41
1
10
36.3828241298646
20
1.75127198700312
30
0
41
1
10
36.3059729062808
20
1.81293239052522
30
0
0
SPLINE
5
1C5
100
AcDbEntity
8
1
62
256
6
ByLayer
370
18
48
1
60
0
100
AcDbSpline
70
4
71
3
72
18
73
14
40
0
40
0
40
0
40
0
40
0.250000000000003
40
0.250000000000003
40
0.375000000000005
40
0.375000000000005
40
0.500000000000007
40
0.500000000000007
40
0.625000000000008
40
0.625000000000008
40
0.75000000000001
40
0.75000000000001
40
1
40
1
40
1
40
1
41
1
10
34.6287758064736
20
2.99966422319349
30
0
41
1
10
34.7686410210991
20
2.91633686766346
30
0
41
1
10
34.9082608655617
20
2.82870043097032
30
0
41
1
10
35.1177342561849
20
2.69115919409077
30
0
41
1
10
35.1875658424263
20
2.64429658278411
30
0
41
1
10
35.3273137746896
20
2.548586061724
30
0
41
1
10
35.3972592854281
20
2.4997169329425
30
0
41
1
10
35.5370647578703
20
2.40021573928587
30
0
41
1
10
35.6069445781131
20
2.34957085402758
30
0
41
1
10
35.7467284416344
20
2.24655510224835
30
0
41
1
10
35.8166560614946
20
2.19416622888727
30
0
41
1
10
36.0264010206175
20
2.03463803466667
30
0
41
1
10
36.1661081414225
20
1.92519614488688
30
0
41
1
10
36.3059729062809
20
1.81293239052519
30
0
0
SPLINE
5
1C6
100
AcDbEntity
8
1
62
256
6
ByLayer
370
18
48
1
60
0
100
AcDbSpline
70
4
71
3
72
42
73
38
40
0
40
0
40
0
40
0
40
0.0323978471043674
40
0.0645801825273449
40
0.0965462467123132
40
0.128295232067406
40
0.159826263704106
40
0.191138460765662
40
0.222230941795246
40
0.253102824606914
40
0.283753226163173
40
0.314181262459726
40
0.344386048417635
40
0.374366697783743
40
0.40412232303938
40
0.433652035317859
40
0.462954944331142
40
0.492030158305872
40
0.520876783929113
40
0.549493926303865
40
0.577880688914816
40
0.606036173604193
40
0.63395948055806
40
0.661649708303127
40
0.689105953714028
40
0.716327312031357
40
0.743312876890242
40
0.770061740359619
40
0.796572992992154
40
0.822845723884819
40
0.848879022675436
40
0.874671984764895
40
0.900223705170923
40
0.925533276802083
40
0.950599790621861
40
0.975422335821268
40
1
40
1
40
1
40
1
41
1
10
33.5757580315217
20
3.53719696235362
30
0
41
1
10
33.5871297302881
20
3.5323961991202
30
0
41
1
10
33.6097974828588
20
3.52282660750859
30
0
41
1
10
33.6436847410753
20
3.50825869423215
30
0
41
1
10
33.6773437885697
20
3.49360101322623
30
0
41
1
10
33.7107737693802
20
3.47884010496335
30
0
41
1
10
33.7439739421886
20
3.46398630785163
30
0
41
1
10
33.776943490792
20
3.449043625548
30
0
41
1
10
33.8096815921373
20
3.4340176985227
30
0
41
1
10
33.8421874071226
20
3.41891368619196
30
0
41
1
10
33.8744600842209
20
3.40373682803579
30
0
41
1
10
33.906498759187
20
3.38849229457355
30
0
41
1
10
33.9383025557966
20
3.37318522662341
30
0
41
1
10
33.9698705863058
20
3.35782072464969
30
0
41
1
10
34.0012019519801
20
3.34240385134225
30
0
41
1
10
34.0322957435987
20
3.32693963069067
30
0
41
1
10
34.0631510419592
20
3.31143304798951
30
0
41
1
10
34.0937669183772
20
3.29588904959866
30
0
41
1
10
34.1241424351818
20
3.28031254277073
30
0
41
1
10
34.1542766462057
20
3.26470839546255
30
0
41
1
10
34.1841685972715
20
3.24908143615284
30
0
41
1
10
34.2138173266735
20
3.23343645366052
30
0
41
1
10
34.2432218656544
20
3.21777819696399
30
0
41
1
10
34.2723812388785
20
3.20211137502523
30
0
41
1
10
34.3012944648992
20
3.18644065660374
30
0
41
1
10
34.3299605566234
20
3.17077067011468
30
0
41
1
10
34.3583785217684
20
3.15510600333278
30
0
41
1
10
34.3865473633248
20
3.13945120367117
30
0
41
1
10
34.4144660799749
20
3.1238107763507
30
0
41
1
10
34.4421336673309
20
3.1081891899635
30
0
41
1
10
34.4695491204284
20
3.09259085236843
30
0
41
1
10
34.4967114136996
20
3.07702021130356
30
0
41
1
10
34.5236195223007
20
3.06148142787203
30
0
41
1
10
34.550272424766
20
3.0459795117705
30
0
41
1
10
34.5766690828965
20
3.03051615114558
30
0
41
1
10
34.6028085154745
20
3.01510505212002
30
0
41
1
10
34.6201486950533
20
3.00479412879568
30
0
41
1
10
34.6287758064736
20
2.99966422319349
30
0
0
SPLINE
5
1C7
100
AcDbEntity
8
1
62
256
6
ByLayer
370
18
48
1
60
0
100
AcDbSpline
70
4
71
3
72
12
73
8
40
0
40
0
40
0
40
0
40
0.249999999999994
40
0.249999999999994
40
0.499999999999987
40
0.499999999999987
40
1
40
1
40
1
40
1
41
1
10
32.6876236198966
20
3.83764574817906
30
0
41
1
10
32.7616648103985
20
3.81884507501584
30
0
41
1
10
32.8356712078805
20
3.7984554867509
30
0
41
1
10
32.9836976015381
20
3.75452632869658
30
0
41
1
10
33.0577451994456
20
3.73097701963908
30
0
41
1
10
33.2797875263025
20
3.65573107810968
30
0
41
1
10
33.4276767523931
20
3.59945026806832
30
0
41
1
10
33.5757580315216
20
3.53719696235365
30
0
0
SPLINE
5
1C8
100
AcDbEntity
8
1
62
256
6
ByLayer
370
18
48
1
60
0
100
AcDbSpline
70
4
71
3
72
38
73
34
40
0
40
0
40
0
40
0
40
0.0308516472484146
40
0.0617914703751089
40
0.0928199764759834
40
0.123937681199764
40
0.155145108954238
40
0.186442793115094
40
0.217831276237405
40
0.249311110270119
40
0.280882856773015
40
0.312547087136608
40
0.344304382804494
40
0.376155335498521
40
0.408100547446498
40
0.440140631612596
40
0.472276211930241
40
0.504507923537605
40
0.536836413015542
40
0.569262340975259
40
0.601786398148232
40
0.634409295609821
40
0.667131756384407
40
0.699954515616427
40
0.732878320793499
40
0.765903931971363
40
0.79903212200074
40
0.832263676755799
40
0.865599395364428
40
0.899040087613975
40
0.932586551045543
40
0.966239583962235
40
1
40
1
40
1
40
1
41
1
10
31.5947408936455
20
3.99689211989909
30
0
41
1
10
31.6059798941562
20
3.99646566170605
30
0
41
1
10
31.6284900169226
20
3.99561152647658
30
0
41
1
10
31.6623029992604
20
3.99403535323941
30
0
41
1
10
31.6962125954597
20
3.9922388692784
30
0
41
1
10
31.7302194017017
20
3.99019907616597
30
0
41
1
10
31.7643240801598
20
3.98791973406603
30
0
41
1
10
31.7985272824569
20
3.98539739091635
30
0
41
1
10
31.8328296702947
20
3.98263052408592
30
0
41
1
10
31.8672319099338
20
3.97961708024755
30
0
41
1
10
31.9017346737108
20
3.97635513738942
30
0
41
1
10
31.936338639662
20
3.97284272662134
30
0
41
1
10
31.9710444916557
20
3.9690778800942
30
0
41
1
10
32.0058529193901
20
3.96505861806412
30
0
41
1
10
32.0407646184197
20
3.96078295234912
30
0
41
1
10
32.0757802902027
20
3.95624888531734
30
0
41
1
10
32.1109006420349
20
3.95145441029121
30
0
41
1
10
32.1461263874189
20
3.94639751077025
30
0
41
1
10
32.1814582456542
20
3.9410761628429
30
0
41
1
10
32.2168969533283
20
3.93548832451
30
0
41
1
10
32.2524432329255
20
3.92963200245023
30
0
41
1
10
32.288097815301
20
3.92350520824135
30
0
41
1
10
32.3238614424804
20
3.91710594017829
30
0
41
1
10
32.3597348620377
20
3.91043218961281
30
0
41
1
10
32.3957188277865
20
3.90348193590967
30
0
41
1
10
32.4318140995567
20
3.89625316068066
30
0
41
1
10
32.4680214435144
20
3.88874379552735
30
0
41
1
10
32.5043416312422
20
3.88095191752981
30
0
41
1
10
32.5407754422205
20
3.87287501644934
30
0
41
1
10
32.5773236413266
20
3.8645127453712
30
0
41
1
10
32.6139870658208
20
3.85585657280831
30
0
41
1
10
32.6507666253226
20
3.84692823900889
30
0
41
1
10
32.6753249153763
20
3.84074319584803
30
0
41
1
10
32.6876236198966
20
3.83764574817906
30
0
0
SPLINE
5
1C9
100
AcDbEntity
8
1
62
256
6
ByLayer
370
18
48
1
60
0
100
AcDbSpline
70
4
71
3
72
8
73
4
40
0
40
0
40
0
40
0
40
1
40
1
40
1
40
1
41
1
10
31.351485035939
20
3.99963871938041
30
0
41
1
10
31.4325728059908
20
4.00072474573994
30
0
41
1
10
31.5136398491237
20
3.99980946383809
30
0
41
1
10
31.5947408936454
20
3.99689211989909
30
0
0
SPLINE
5
1CA
100
AcDbEntity
8
1
62
256
6
ByLayer
370
18
48
1
60
0
100
AcDbSpline
70
4
71
3
72
14
73
10
40
0
40
0
40
0
40
0
40
0.25
40
0.25
40
0.5
40
0.5
40
0.75
40
0.75
40
1
40
1
40
1
40
1
41
1
10
11.0000904698187
20
-0.464547747197486
30
0
41
1
10
11.0006274605667
20
-0.349606199391985
30
0
41
1
10
11.001296608127
20
-0.235122933817479
30
0
41
1
10
11.0025264921931
20
-0.0070572500245873
30
0
41
1
10
11.0030891325002
20
0.106553191034806
30
0
41
1
10
11.0040689616058
20
0.33274985231742
30
0
41
1
10
11.0045027894101
20
0.44455025396104
30
0
41
1
10
11.005462528579
20
0.665577833996565
30
0
41
1
10
11.0059321213319
20
0.774806815304771
30
0
41
1
10
11.0063912971465
20
0.882736868002922
30
0
0
SPLINE
5
1CB
100
AcDbEntity
8
1
62
256
6
ByLayer
370
13
48
1
60
0
100
AcDbSpline
70
4
71
3
72
10
73
6
40
0
40
0
40
0
40
0
40
0.324777018550917
40
0.662388509275459
40
1
40
1
40
1
40
1
41
1
10
11.0000000000006
20
3.8191460094454
30
0
41
1
10
11.0000000000006
20
3.8248589548754
30
0
41
1
10
11.0000000000007
20
3.81940812404616
30
0
41
1
10
11.0000000000003
20
3.75855381886927
30
0
41
1
10
11
20
3.68193846676422
30
0
41
1
10
11
20
3.63493027543731
30
0
0
SPLINE
5
1CC
100
AcDbEntity
8
1
62
256
6
ByLayer
370
18
48
1
60
0
100
AcDbSpline
70
4
71
3
72
10
73
6
40
0
40
0
40
0
40
0
40
0.154551032207531
40
0.862940712293332
40
1
40
1
40
1
40
1
41
1
10
8.99999999999994
20
-2.7135543689464
30
0
41
1
10
8.99999999999994
20
-2.74020365283121
30
0
41
1
10
8.99999999999997
20
-2.88742765843441
30
0
41
1
10
9
20
-3.04753761006731
30
0
41
1
10
8.99999999999997
20
-3.17311081995049
30
0
41
1
10
8.99999999999997
20
-3.19320580502441
30
0
0
SPLINE
5
1CD
100
AcDbEntity
8
1
62
256
6
ByLayer
370
18
48
1
60
0
100
AcDbSpline
70
4
71
3
72
8
73
4
40
0
40
0
40
0
40
0
40
1
40
1
40
1
40
1
41
1
10
8.54761794793333
20
2.70962088452759
30
0
41
1
10
8.72174398671427
20
2.585489109089
30
0
41
1
10
8.89884710079153
20
2.45882574448811
30
0
41
1
10
9.08064521961757
20
2.33161939481926
30
0
0
SPLINE
5
1CE
100
AcDbEntity
8
1
62
256
6
ByLayer
370
18
48
1
60
0
100
AcDbSpline
70
4
71
3
72
10
73
6
40
0
40
0
40
0
40
0
40
0.154551032207366
40
0.862940712292511
40
1
40
1
40
1
40
1
41
1
10
8.99999999999997
20
1.86722882474416
30
0
41
1
10
8.99999999999997
20
1.83892556719297
30
0
41
1
10
8.99999999999997
20
1.67947337450329
30
0
41
1
10
9.00000000000003
20
1.4858342501619
30
0
41
1
10
9.00000000000003
20
1.31610461560072
30
0
41
1
10
9
20
1.28843803217711
30
0
0
SPLINE
5
1CF
100
AcDbEntity
8
1
62
256
6
ByLayer
370
18
48
1
60
0
100
AcDbSpline
70
4
71
3
72
12
73
8
40
0
40
0
40
0
40
0
40
0.500000000000004
40
0.500000000000004
40
0.750000000000002
40
0.750000000000002
40
1
40
1
40
1
40
1
41
1
10
9.00000000000003
20
1.86722882474416
30
0
41
1
10
8.91570549398085
20
2.02039475084092
30
0
41
1
10
8.83590225390429
20
2.16731876303751
30
0
41
1
10
8.72267593165211
20
2.37805668194579
30
0
41
1
10
8.68602658468353
20
2.44669285277908
30
0
41
1
10
8.61502074400602
20
2.5806593435012
30
0
41
1
10
8.58066620941284
20
2.64599121907105
30
0
41
1
10
8.54761794793444
20
2.70962088452927
30
0
0
SPLINE
5
1D0
100
AcDbEntity
8
1
62
256
6
ByLayer
370
18
48
1
60
0
100
AcDbSpline
70
4
71
3
72
39
73
35
40
0
40
0
40
0
40
0
40
0.132654571597967
40
0.132654571597967
40
0.265309143195934
40
0.265309143195934
40
0.397963714793901
40
0.397963714793901
40
0.464291000592887
40
0.464291000592887
40
0.497454643492381
40
0.497454643492381
40
0.530618286391876
40
0.530618286391876
40
0.596945572190869
40
0.596945572190869
40
0.663272857989861
40
0.663272857989861
40
0.696436500889356
40
0.696436500889356
40
0.729600143788851
40
0.729600143788851
40
0.795927429587843
40
0.795927429587843
40
0.862254715386836
40
0.862254715386836
40
0.928582001185828
40
0.928582001185828
40
0.945163822635577
40
0.945163822635577
40
0.961745644085325
40
0.994909286984823
40
0.994909286984823
40
1
40
1
40
1
40
1
41
1
10
8.54761794793444
20
2.70962088452927
30
0
41
1
10
8.42895889192326
20
2.78718595051598
30
0
41
1
10
8.3122733745644
20
2.86227920836342
30
0
41
1
10
8.0824452146787
20
3.00662586838655
30
0
41
1
10
7.96929871653273
20
3.07588306602679
30
0
41
1
10
7.74652441054675
20
3.20776771979129
30
0
41
1
10
7.63688854860865
20
3.27040080695704
30
0
41
1
10
7.47546806752936
20
3.35875877528818
30
0
41
1
10
7.42217170988746
20
3.38727872894131
30
0
41
1
10
7.3431038645399
20
3.42856560688065
30
0
41
1
10
7.31689453516535
20
3.44207890265284
30
0
41
1
10
7.26479484285014
20
3.46858941135923
30
0
41
1
10
7.23893402937108
20
3.48157117303174
30
0
41
1
10
7.16222609014699
20
3.51954439883474
30
0
41
1
10
7.1121481369492
20
3.54361668617574
30
0
41
1
10
7.01446167201601
20
3.58914540965731
30
0
41
1
10
6.96685080308689
20
3.6106026160698
30
0
41
1
10
6.89767073946874
20
3.6406918685033
30
0
41
1
10
6.87498493345808
20
3.65037172596593
30
0
41
1
10
6.8304494917991
20
3.66900187842899
30
0
41
1
10
6.80856679687201
20
3.6779652585605
30
0
41
1
10
6.74460448316145
20
3.70360004780585
30
0
41
1
10
6.70424193040597
20
3.71900414672206
30
0
41
1
10
6.62915020567252
20
3.74619986367216
30
0
41
1
10
6.59440946597104
20
3.75799386906664
30
0
41
1
10
6.53221644635795
20
3.77759253142634
30
0
41
1
10
6.50473695834049
20
3.78540248252145
30
0
41
1
10
6.47667869605149
20
3.79228318188831
30
0
41
1
10
6.47137404992398
20
3.79351680666929
30
0
41
1
10
6.46153600266959
20
3.79566542718987
30
0
41
1
10
6.44793465447381
20
3.79841228433836
30
0
41
1
10
6.43798432560962
20
3.79972155152311
30
0
41
1
10
6.43244125601959
20
3.79997745469282
30
0
41
1
10
6.43174617774841
20
3.79999620498373
30
0
41
1
10
6.43109476541142
20
3.79999958036052
30
0
0
SPLINE
5
1D1
100
AcDbEntity
8
1
62
256
6
ByLayer
370
18
48
1
60
0
100
AcDbSpline
70
4
71
3
72
57
73
53
40
0
40
0
40
0
40
0
40
0.125
40
0.125
40
0.249999999999999
40
0.249999999999999
40
0.312499999999999
40
0.312499999999999
40
0.374999999999999
40
0.374999999999999
40
0.40625
40
0.40625
40
0.437500000000001
40
0.437500000000001
40
0.500000000000004
40
0.500000000000004
40
0.531250000000004
40
0.531250000000004
40
0.562500000000004
40
0.562500000000004
40
0.625000000000001
40
0.625000000000001
40
0.687499999999999
40
0.687499999999999
40
0.718749999999998
40
0.718749999999998
40
0.734374999999997
40
0.734374999999997
40
0.749999999999997
40
0.749999999999997
40
0.781249999999996
40
0.781249999999996
40
0.812499999999995
40
0.812499999999995
40
0.828124999999995
40
0.828124999999995
40
0.843749999999995
40
0.843749999999995
40
0.874999999999995
40
0.874999999999995
40
0.890624999999995
40
0.890624999999995
40
0.898437499999996
40
0.898437499999996
40
0.906249999999997
40
0.937499999999999
40
0.937499999999999
40
0.953125
40
0.953125
40
0.968750000000001
40
0.968750000000001
40
1
40
1
40
1
40
1
41
1
10
8.54761794794086
20
-3.75810604331201
30
0
41
1
10
8.40503199804954
20
-3.77779204781737
30
0
41
1
10
8.26528639210963
20
-3.79088200606114
30
0
41
1
10
7.99083569975403
20
-3.80241350150953
30
0
41
1
10
7.85611943544441
20
-3.80087614624466
30
0
41
1
10
7.65797848088479
20
-3.78618883378621
30
0
41
1
10
7.59259458408224
20
-3.77922443289941
30
0
41
1
10
7.4633015626612
20
-3.76081249445033
30
0
41
1
10
7.39939089856264
20
-3.74936710831156
30
0
41
1
10
7.30483142566021
20
-3.72848070884234
30
0
41
1
10
7.27348868038942
20
-3.72088582999396
30
0
41
1
10
7.21155148201268
20
-3.70444747902746
30
0
41
1
10
7.18095232648037
20
-3.69560531103647
30
0
41
1
10
7.09036051473791
20
-3.66712586858583
30
0
41
1
10
7.03156212705576
20
-3.64554451169011
30
0
41
1
10
6.9463167484748
20
-3.60881402399252
30
0
41
1
10
6.91839619067503
20
-3.59584215233326
30
0
41
1
10
6.86367747748164
20
-3.56833267210371
30
0
41
1
10
6.8368588899302
20
-3.55377927354036
30
0
41
1
10
6.75887768997811
20
-3.50790228135011
30
0
41
1
10
6.70998534459125
20
-3.4742964638489
30
0
41
1
10
6.62019822869681
20
-3.40015212301597
30
0
41
1
10
6.57927265527076
20
-3.35962817501797
30
0
41
1
10
6.52617197803684
20
-3.2925101563537
30
0
41
1
10
6.50986512851799
20
-3.26907615120055
30
0
41
1
10
6.48796389969155
20
-3.23210345260864
30
0
41
1
10
6.48109158893263
20
-3.21947484382824
30
0
41
1
10
6.46830605287835
20
-3.19355889521773
30
0
41
1
10
6.46242774682909
20
-3.18033755905702
30
0
41
1
10
6.44653561489
20
-3.14002782275091
30
0
41
1
10
6.43822286064139
20
-3.11222679261803
30
0
41
1
10
6.42695107874482
20
-3.05464960168519
30
0
41
1
10
6.42398750754089
20
-3.02487405993992
30
0
41
1
10
6.42436976062842
20
-2.97860528883811
30
0
41
1
10
6.42530723919728
20
-2.96303802585083
30
0
41
1
10
6.42885729209408
20
-2.93178807986902
30
0
41
1
10
6.43146991881559
20
-2.91608117503338
30
0
41
1
10
6.44191532666167
20
-2.86874843429288
30
0
41
1
10
6.45235033272809
20
-2.83690975305322
30
0
41
1
10
6.47367226662638
20
-2.78887350734988
30
0
41
1
10
6.48172571661635
20
-2.77281523955665
30
0
41
1
10
6.49529609293234
20
-2.7486790518544
30
0
41
1
10
6.50006424045642
20
-2.74063488393355
30
0
41
1
10
6.51000238767134
20
-2.72469448541486
30
0
41
1
10
6.53590768552118
20
-2.68511514924251
30
0
41
1
10
6.56700281558966
20
-2.64691369101814
30
0
41
1
10
6.60900341721864
20
-2.60247585522569
30
0
41
1
10
6.62378578424804
20
-2.58789728648975
30
0
41
1
10
6.65487776934697
20
-2.5592227319132
30
0
41
1
10
6.67123627104112
20
-2.54508943004419
30
0
41
1
10
6.72205254582073
20
-2.50383273524412
30
0
41
1
10
6.7582967796543
20
-2.47777873410792
30
0
41
1
10
6.79663566513716
20
-2.4530881938083
30
0
0
SPLINE
5
1D2
100
AcDbEntity
8
1
62
256
6
ByLayer
370
18
48
1
60
0
100
AcDbSpline
70
4
71
3
72
36
73
32
40
0
40
0
40
0
40
0
40
0.0312500000000036
40
0.0312500000000036
40
0.0625000000000071
40
0.0625000000000071
40
0.125000000000014
40
0.125000000000014
40
0.156250000000017
40
0.156250000000017
40
0.187500000000021
40
0.187500000000021
40
0.250000000000014
40
0.250000000000014
40
0.312500000000007
40
0.312500000000007
40
0.343750000000003
40
0.343750000000003
40
0.375
40
0.375
40
0.5
40
0.5
40
0.625
40
0.625
40
0.6875
40
0.6875
40
0.75
40
0.75
40
0.875
40
0.875
40
1
40
1
40
1
40
1
41
1
10
6.79663566513759
20
-2.45308819380799
30
0
41
1
10
6.80862398424952
20
-2.44536762310207
30
0
41
1
10
6.82120628880645
20
-2.4382359055592
30
0
41
1
10
6.84744409486379
20
-2.42505282995967
30
0
41
1
10
6.86117513323174
20
-2.41897401992279
30
0
41
1
10
6.90325252433297
20
-2.40248427383821
30
0
41
1
10
6.93234057092857
20
-2.39380875009428
30
0
41
1
10
6.97716063886352
20
-2.38350129030147
30
0
41
1
10
6.99230136266101
20
-2.38052201115957
30
0
41
1
10
7.02294695007873
20
-2.37539727423717
30
0
41
1
10
7.03848643182812
20
-2.37325064414153
30
0
41
1
10
7.08497131857476
20
-2.36803020326926
30
0
41
1
10
7.11598072441947
20
-2.36612495223841
30
0
41
1
10
7.17803075930308
20
-2.36485059610408
30
0
41
1
10
7.20907145984441
20
-2.36548693097464
30
0
41
1
10
7.25565263561182
20
-2.36807332925986
30
0
41
1
10
7.27118306667029
20
-2.36920882844129
30
0
41
1
10
7.30225028200087
20
-2.37199333732272
30
0
41
1
10
7.3178028090264
20
-2.37364528877663
30
0
41
1
10
7.39495499188408
20
-2.38303542147708
30
0
41
1
10
7.45523923972144
20
-2.39414846111123
30
0
41
1
10
7.57357545160829
20
-2.42179080813943
30
0
41
1
10
7.63161766448425
20
-2.43834418962152
30
0
41
1
10
7.71722682339995
20
-2.46652702222283
30
0
41
1
10
7.74559103092992
20
-2.47651166313719
30
0
41
1
10
7.80145783326509
20
-2.497365565146
30
0
41
1
10
7.82894313925414
20
-2.50822415879298
30
0
41
1
10
7.91015988322087
20
-2.54193866299102
30
0
41
1
10
7.96265683278196
20
-2.56592814028281
30
0
41
1
10
8.06475452360408
20
-2.61627981495582
30
0
41
1
10
8.11435271253686
20
-2.6426449314325
30
0
41
1
10
8.16263682491888
20
-2.66994111668561
30
0
0
SPLINE
5
1D3
100
AcDbEntity
8
1
62
256
6
ByLayer
370
18
48
1
60
0
100
AcDbSpline
70
4
71
3
72
16
73
12
40
0
40
0
40
0
40
0
40
0.250000000000008
40
0.250000000000008
40
0.500000000000015
40
0.500000000000015
40
0.625000000000011
40
0.625000000000011
40
0.750000000000007
40
0.750000000000007
40
1
40
1
40
1
40
1
41
1
10
11
20
-3.95779233113546
30
0
41
1
10
10.9435764601258
20
-3.93971441229797
30
0
41
1
10
10.8879118739167
20
-3.91756734752732
30
0
41
1
10
10.7774714901756
20
-3.86542545458434
30
0
41
1
10
10.7225847287296
20
-3.83534600831618
30
0
41
1
10
10.6413106316687
20
-3.78473882635129
30
0
41
1
10
10.6143670152999
20
-3.76694148800206
30
0
41
1
10
10.5606955418185
20
-3.72946444721322
30
0
41
1
10
10.5339418051324
20
-3.70976223657982
30
0
41
1
10
10.4543199903049
20
-3.64811743197953
30
0
41
1
10
10.4019678686629
20
-3.60357431528314
30
0
41
1
10
10.3499911836309
20
-3.55537928591485
30
0
0
SPLINE
5
1D4
100
AcDbEntity
8
1
62
256
6
ByLayer
370
18
48
1
60
0
100
AcDbSpline
70
4
71
3
72
13
73
9
40
0
40
0
40
0
40
0
40
0.499999999999991
40
0.499999999999991
40
0.624999999999994
40
0.624999999999994
40
0.749999999999996
40
1
40
1
40
1
40
1
41
1
10
10.3499911836309
20
-3.55537928591485
30
0
41
1
10
10.1233798786499
20
-3.52218153486481
30
0
41
1
10
9.89801091868327
20
-3.47506886245179
30
0
41
1
10
9.61660995898669
20
-3.39926479224863
30
0
41
1
10
9.5603259235213
20
-3.38325231249505
30
0
41
1
10
9.44794054616082
20
-3.34960114643243
30
0
41
1
10
9.27958575821791
20
-3.29667071352674
30
0
41
1
10
9.11176295206815
20
-3.23648523684324
30
0
41
1
10
8.99999999999895
20
-3.1932058050254
30
0
0
SPLINE
5
1D5
100
AcDbEntity
8
1
62
256
6
ByLayer
370
18
48
1
60
0
100
AcDbSpline
70
4
71
3
72
8
73
4
40
0
40
0
40
0
40
0
40
1
40
1
40
1
40
1
41
1
10
8.16263472451226
20
-2.66993983824173
30
0
41
1
10
8.44210571136458
20
-2.84004405306396
30
0
41
1
10
8.72052901392965
20
-2.993693348476
30
0
41
1
10
8.99999999999997
20
-3.12931202204814
30
0
0
SPLINE
5
1D6
100
AcDbEntity
8
1
62
256
6
ByLayer
370
18
48
1
60
0
100
AcDbSpline
70
4
71
3
72
49
73
45
40
0
40
0
40
0
40
0
40
0.0624999999999953
40
0.0624999999999953
40
0.0937499999999929
40
0.0937499999999929
40
0.12499999999999
40
0.12499999999999
40
0.156249999999988
40
0.156249999999988
40
0.187499999999986
40
0.187499999999986
40
0.249999999999983
40
0.249999999999983
40
0.281249999999982
40
0.281249999999982
40
0.312499999999981
40
0.312499999999981
40
0.374999999999979
40
0.374999999999979
40
0.406249999999979
40
0.406249999999979
40
0.437499999999979
40
0.499999999999979
40
0.499999999999979
40
0.562499999999979
40
0.562499999999979
40
0.593749999999979
40
0.593749999999979
40
0.62499999999998
40
0.62499999999998
40
0.749999999999982
40
0.749999999999982
40
0.812499999999985
40
0.812499999999985
40
0.874999999999987
40
0.874999999999987
40
0.890624999999987
40
0.890624999999987
40
0.906249999999988
40
0.906249999999988
40
0.937499999999992
40
0.937499999999992
40
1
40
1
40
1
40
1
41
1
10
20.15135951588
20
1.12284839288657
30
0
41
1
10
20.3042574081292
20
0.990713015227499
30
0
41
1
10
20.4571234642941
20
0.856605798192192
30
0
41
1
10
20.6869245492675
20
0.653079526234649
30
0
41
1
10
20.7636078963678
20
0.584843464479377
30
0
41
1
10
20.9172313663491
20
0.447679372518536
30
0
41
1
10
20.9942103171806
20
0.378716109812814
30
0
41
1
10
21.1480063660833
20
0.24065374844821
30
0
41
1
10
21.2248810019046
20
0.171503397917149
30
0
41
1
10
21.3786756397747
20
0.0330664185137266
30
0
41
1
10
21.4556258822117
20
-0.0362476513838033
30
0
41
1
10
21.6862892947561
20
-0.24388021210865
30
0
41
1
10
21.8399109962368
20
-0.381970289470274
30
0
41
1
10
22.0706742513192
20
-0.587985855170672
30
0
41
1
10
22.1475701988971
20
-0.656399617693182
30
0
41
1
10
22.3011740597009
20
-0.792409061726829
30
0
41
1
10
22.3779172518048
20
-0.860036761215468
30
0
41
1
10
22.6081080820862
20
-1.0616444401746
30
0
41
1
10
22.7615161702007
20
-1.19435151729286
30
0
41
1
10
22.9921011068407
20
-1.39026068162795
30
0
41
1
10
23.0690776480047
20
-1.45506697183629
30
0
41
1
10
23.2226276157465
20
-1.58298154431287
30
0
41
1
10
23.4525822948761
20
-1.77250731887375
30
0
41
1
10
23.681845899007
20
-1.95461632464296
30
0
41
1
10
23.9876564713717
20
-2.19011966766885
30
0
41
1
10
24.1406263783666
20
-2.30421062665695
30
0
41
1
10
24.3707161014026
20
-2.46936134833246
30
0
41
1
10
24.4475615489382
20
-2.52344286303207
30
0
41
1
10
24.6013749412558
20
-2.62938569018681
30
0
41
1
10
24.6780597227877
20
-2.68105299971893
30
0
41
1
10
25.0606123460922
20
-2.9327619009527
30
0
41
1
10
25.3638825558041
20
-3.11287759030287
30
0
41
1
10
25.8189959230221
20
-3.34878471912853
30
0
41
1
10
25.9707290500417
20
-3.42172563158047
30
0
41
1
10
26.2749569022625
20
-3.55572963179944
30
0
41
1
10
26.4274494482709
20
-3.61679649725576
30
0
41
1
10
26.6190070753628
20
-3.68527824856056
30
0
41
1
10
26.6573658664556
20
-3.69858153995639
30
0
41
1
10
26.7341905554713
20
-3.72438888139416
30
0
41
1
10
26.7726766835401
20
-3.73689885304887
30
0
41
1
10
26.8880022358676
20
-3.77311786219275
30
0
41
1
10
26.9647933842835
20
-3.79554639531142
30
0
41
1
10
27.1950290608149
20
-3.85766378579092
30
0
41
1
10
27.3483358922779
20
-3.89218779515497
30
0
41
1
10
27.5018267320299
20
-3.91973413582122
30
0
0
SPLINE
5
1D7
100
AcDbEntity
8
1
62
256
6
ByLayer
370
18
48
1
60
0
100
AcDbSpline
70
4
71
3
72
16
73
12
40
0
40
0
40
0
40
0
40
0.25
40
0.25
40
0.5
40
0.5
40
0.625
40
0.625
40
0.75
40
0.75
40
1
40
1
40
1
40
1
41
1
10
11
20
3.63493027543333
30
0
41
1
10
10.9435764601258
20
3.64743917515355
30
0
41
1
10
10.8879118739167
20
3.65591278231094
30
0
41
1
10
10.7774714901756
20
3.66472179071786
30
0
41
1
10
10.7225847287297
20
3.66503661545249
30
0
41
1
10
10.6413106316688
20
3.65903421689544
30
0
41
1
10
10.6143670152999
20
3.65595598728933
30
0
41
1
10
10.5606955418185
20
3.64755860011738
30
0
41
1
10
10.5339418051324
20
3.64223045529292
30
0
41
1
10
10.454319990305
20
3.62282787526198
30
0
41
1
10
10.401967868663
20
3.60535548169611
30
0
41
1
10
10.3499911836309
20
3.58276865000389
30
0
0
SPLINE
5
1D8
100
AcDbEntity
8
1
62
256
6
ByLayer
370
18
48
1
60
0
100
AcDbSpline
70
4
71
3
72
13
73
9
40
0
40
0
40
0
40
0
40
0.499999999999987
40
0.499999999999987
40
0.624999999999988
40
0.624999999999988
40
0.749999999999989
40
1
40
1
40
1
40
1
41
1
10
10.3499911836309
20
3.58276865000389
30
0
41
1
10
10.1233798786501
20
3.65685917492883
30
0
41
1
10
9.89801091868358
20
3.71810268530734
30
0
41
1
10
9.61660995898723
20
3.77824159497115
30
0
41
1
10
9.56032592352193
20
3.78945241504797
30
0
41
1
10
9.4479405461615
20
3.81019047232519
30
0
41
1
10
9.2795857582187
20
3.83878222678698
30
0
41
1
10
9.11176295206914
20
3.85984725969578
30
0
41
1
10
9
20
3.87053822716953
30
0
0
SPLINE
5
1D9
100
AcDbEntity
8
1
62
256
6
ByLayer
370
18
48
1
60
0
100
AcDbSpline
70
4
71
3
72
8
73
4
40
0
40
0
40
0
40
0
40
1
40
1
40
1
40
1
41
1
10
9.00000000000003
20
3.8705382271695
30
0
41
1
10
9.00000000000003
20
3.84661508108576
30
0
41
1
10
8.99999999999997
20
3.82260201731296
30
0
41
1
10
8.99999999999997
20
3.79858621215297
30
0
0
SPLINE
5
1DA
100
AcDbEntity
8
1
62
256
6
ByLayer
370
18
48
1
60
0
100
AcDbSpline
70
4
71
3
72
16
73
12
40
0
40
0
40
0
40
0
40
0.250000000000008
40
0.250000000000008
40
0.500000000000016
40
0.500000000000016
40
0.625000000000012
40
0.625000000000012
40
0.750000000000008
40
0.750000000000008
40
1
40
1
40
1
40
1
41
1
10
11
20
-0.464548334955936
30
0
41
1
10
10.9435764601258
20
-0.410795684250587
30
0
41
1
10
10.8879118739167
20
-0.357094086712124
30
0
41
1
10
10.7774714901756
20
-0.250420249465066
30
0
41
1
10
10.7225847287297
20
-0.197336741190526
30
0
41
1
10
10.6413106316687
20
-0.119611099671033
30
0
41
1
10
10.6143670152999
20
-0.0939924197070354
30
0
41
1
10
10.5606955418185
20
-0.043442369231542
30
0
41
1
10
10.5339418051324
20
-0.0184876336315938
30
0
41
1
10
10.4543199903049
20
0.0547466323647257
30
0
41
1
10
10.4019678686629
20
0.1015409007872
30
0
41
1
10
10.3499911836309
20
0.145641655826779
30
0
0
SPLINE
5
1DB
100
AcDbEntity
8
1
62
256
6
ByLayer
370
18
48
1
60
0
100
AcDbSpline
70
4
71
3
72
13
73
9
40
0
40
0
40
0
40
0
40
0.500000000000005
40
0.500000000000005
40
0.625000000000001
40
0.625000000000001
40
0.749999999999998
40
1
40
1
40
1
40
1
41
1
10
10.3499911836309
20
0.145641655826779
30
0
41
1
10
10.12337987865
20
0.335012748128236
30
0
41
1
10
9.89801091868335
20
0.5258978955045
30
0
41
1
10
9.61660995898689
20
0.764925347758208
30
0
41
1
10
9.56032592352153
20
0.812769134527997
30
0
41
1
10
9.44794054616105
20
0.90831055284454
30
0
41
1
10
9.27958575821819
20
1.05144635870292
30
0
41
1
10
9.11176295206846
20
1.19390226824362
30
0
41
1
10
8.99999999999929
20
1.2884380321764
30
0
0
SPLINE
5
1DC
100
AcDbEntity
8
1
62
256
6
ByLayer
370
18
48
1
60
0
100
AcDbSpline
70
4
71
3
72
8
73
4
40
0
40
0
40
0
40
0
40
1
40
1
40
1
40
1
41
1
10
8.99999999999997
20
1.28843803217572
30
0
41
1
10
8.99999999999997
20
1.28355321689042
30
0
41
1
10
9
20
1.27820907358796
30
0
41
1
10
9
20
1.27240225371486
30
0
0
SPLINE
5
1DD
100
AcDbEntity
8
1
62
256
6
ByLayer
370
18
48
1
60
0
100
AcDbSpline
70
4
71
3
72
8
73
4
40
0
40
0
40
0
40
0
40
1
40
1
40
1
40
1
41
1
10
8.16263472451229
20
1.92079737205185
30
0
41
1
10
8.4421057113646
20
1.71453060610818
30
0
41
1
10
8.72052901392968
20
1.4976575421021
30
0
41
1
10
8.99999999999997
20
1.2724022537148
30
0
0
SPLINE
5
1DE
100
AcDbEntity
8
1
62
256
6
ByLayer
370
18
48
1
60
0
100
AcDbSpline
70
4
71
1
72
4
73
2
40
0
40
0
40
1
40
1
41
1
10
36.8819712497644
20
1.98673332595666
30
0
41
1
10
36.7575291454758
20
2.37471389794834
30
0
0
SPLINE
5
1DF
100
AcDbEntity
8
1
62
256
6
ByLayer
370
18
48
1
60
0
100
AcDbSpline
70
4
71
2
72
6
73
3
40
0
40
0
40
0
40
1
40
1
40
1
41
1
10
36.8633166062646
20
-3.42830803176554
30
0
41
1
10
36.9083994453189
20
-3.27113033809513
30
0
41
1
10
36.9534822843732
20
-3.11395264442476
30
0
0
SPLINE
5
1E0
100
AcDbEntity
8
1
62
256
6
ByLayer
370
18
48
1
60
0
100
AcDbSpline
70
4
71
1
72
4
73
2
40
0
40
0
40
1
40
1
41
1
10
36.6765766524894
20
-3.74933107338128
30
0
41
1
10
36.815593103712
20
-3.5265017120893
30
0
0
SPLINE
5
1E1
100
AcDbEntity
8
1
62
256
6
ByLayer
370
18
48
1
60
0
100
AcDbSpline
70
4
71
1
72
4
73
2
40
0
40
0
40
1
40
1
41
1
10
10.3499911836311
20
3.62270819876284
30
0
41
1
10
9.61177475187966
20
3.77894456514619
30
0
0
SPLINE
5
1E2
100
AcDbEntity
8
1
62
256
6
ByLayer
370
18
48
1
60
0
100
AcDbSpline
70
4
71
3
72
11
73
7
40
0
40
0
40
0
40
0
40
0.184117742568955
40
0.410122952696328
40
0.680919269007277
40
1
40
1
40
1
40
1
41
1
10
34.8896650677864
20
-3.9528583527343
30
0
41
1
10
34.9700299098436
20
-3.94468202837706
30
0
41
1
10
35.1501984860369
20
-3.92611319315842
30
0
41
1
10
35.4549289443048
20
-3.89330835069612
30
0
41
1
10
35.822768810228
20
-3.85382489152715
30
0
41
1
10
36.0901199396918
20
-3.8260916343188
30
0
41
1
10
36.2352335381739
20
-3.81123904543017
30
0
0
SPLINE
5
1E3
100
AcDbEntity
8
1
62
256
6
ByLayer
370
18
48
1
60
0
100
AcDbSpline
70
4
71
3
72
11
73
7
40
0
40
0
40
0
40
0
40
0.308602773324202
40
0.495097486528584
40
0.684443854160714
40
1
40
1
40
1
40
1
41
1
10
28.9390851686772
20
-3.96993432340562
30
0
41
1
10
29.0978323577683
20
-3.95240399224372
30
0
41
1
10
29.3525200077227
20
-3.92452892761
30
0
41
1
10
29.7045793572157
20
-3.88653535171653
30
0
41
1
10
30.060319776294
20
-3.84860112566673
30
0
41
1
10
30.3201046102493
20
-3.82167823664105
30
0
41
1
10
30.4824770851986
20
-3.80511972061032
30
0
0
SPLINE
5
1E4
100
AcDbEntity
8
1
62
256
6
ByLayer
370
18
48
1
60
0
100
AcDbSpline
70
4
71
2
72
6
73
3
40
0
40
0
40
0
40
1
40
1
40
1
41
1
10
11.0000000000006
20
3.82201481048679
30
0
41
1
10
10.6522031737607
20
3.79682522564576
30
0
41
1
10
10.3499911836311
20
3.62286830864221
30
0
0
SPLINE
5
1E5
100
AcDbEntity
8
1
62
256
6
ByLayer
370
18
48
1
60
0
100
AcDbSpline
70
4
71
2
72
6
73
3
40
0
40
0
40
0
40
1
40
1
40
1
41
1
10
12.1896060394574
20
-3.97013490218907
30
0
41
1
10
12.9621528564579
20
-3.88385104423807
30
0
41
1
10
13.7346297218457
20
-3.80517765696965
30
0
0
SPLINE
5
1E6
100
AcDbEntity
8
1
62
256
6
ByLayer
370
18
48
1
60
0
100
AcDbSpline
70
4
71
3
72
11
73
7
40
0
40
0
40
0
40
0
40
0.30762126533226
40
0.494370259030857
40
0.684265640384424
40
1
40
1
40
1
40
1
41
1
10
23.5891006678551
20
-3.96997153531416
30
0
41
1
10
23.7474586271361
20
-3.95256898105615
30
0
41
1
10
24.0019515298344
20
-3.92472953015843
30
0
41
1
10
24.3541257670389
20
-3.88655009588979
30
0
41
1
10
24.7106246293128
20
-3.84799535882831
30
0
41
1
10
24.9709571400834
20
-3.8211615826269
30
0
41
1
10
25.1335310063222
20
-3.80478835600974
30
0
0
SPLINE
5
1E7
100
AcDbEntity
8
1
62
256
6
ByLayer
370
18
48
1
60
0
100
AcDbSpline
70
4
71
3
72
11
73
7
40
0
40
0
40
0
40
0
40
0.309434346068687
40
0.495945260850285
40
0.68484535663769
40
1
40
1
40
1
40
1
41
1
10
18.0054614411364
20
-3.9700047153527
30
0
41
1
10
18.1647737136765
20
-3.95229686492482
30
0
41
1
10
18.4201150942351
20
-3.92425907768725
30
0
41
1
10
18.7726696535927
20
-3.88618009031512
30
0
41
1
10
19.1282818717327
20
-3.84861083821696
30
0
41
1
10
19.3878207489142
20
-3.82162013722205
30
0
41
1
10
19.5500983627207
20
-3.80495370820876
30
0
0
SPLINE
5
1E8
100
AcDbEntity
8
1
62
256
6
ByLayer
370
18
48
1
60
0
100
AcDbSpline
70
4
71
2
72
6
73
3
40
0
40
0
40
0
40
1
40
1
40
1
41
1
10
11.335056690594
20
3.78627737669316
30
0
41
1
10
11.160715033286
20
3.80496499324178
30
0
41
1
10
10.9865629582649
20
3.82367147793386
30
0
0
SPLINE
5
1E9
100
AcDbEntity
8
1
62
256
6
ByLayer
370
18
48
1
60
0
100
AcDbSpline
70
4
71
3
72
11
73
7
40
0
40
0
40
0
40
0
40
0.31556687750645
40
0.504794984530689
40
0.691298667677842
40
1
40
1
40
1
40
1
41
1
10
16.5253952217419
20
3.80530945164804
30
0
41
1
10
16.3631681365634
20
3.8218961527237
30
0
41
1
10
16.1036687205972
20
3.84880742451054
30
0
41
1
10
15.748222918751
20
3.88640782594359
30
0
41
1
10
15.3964835455738
20
3.92440822203702
30
0
41
1
10
15.1419328406155
20
3.95226488445272
30
0
41
1
10
14.9832522527703
20
3.96981090493628
30
0
0
SPLINE
5
1EA
100
AcDbEntity
8
1
62
256
6
ByLayer
370
18
48
1
60
0
100
AcDbSpline
70
4
71
2
72
6
73
3
40
0
40
0
40
0
40
1
40
1
40
1
41
1
10
36.9639552527891
20
1.39785697543263
30
0
41
1
10
36.9191479558887
20
1.70880897858825
30
0
41
1
10
36.8743406589883
20
2.0197609817439
30
0
0
SPLINE
5
1EB
100
AcDbEntity
8
1
62
256
6
ByLayer
370
18
48
1
60
0
100
AcDbSpline
70
4
71
2
72
6
73
3
40
0
40
0
40
0
40
1
40
1
40
1
41
1
10
33.5049303332268
20
3.80526468924484
30
0
41
1
10
32.7290895103142
20
3.88445179569285
30
0
41
1
10
31.9536881903543
20
3.97096628694138
30
0
0
SPLINE
5
1EC
100
AcDbEntity
8
1
62
256
6
ByLayer
370
18
48
1
60
0
100
AcDbSpline
70
4
71
3
72
11
73
7
40
0
40
0
40
0
40
0
40
0.314666616981087
40
0.503508040656554
40
0.690236534430891
40
1
40
1
40
1
40
1
41
1
10
22.3407242183776
20
3.80531775323806
30
0
41
1
10
22.178735223256
20
3.82185560934585
30
0
41
1
10
21.9195328560338
20
3.84869963442259
30
0
41
1
10
21.5641186281889
20
3.88594999204287
30
0
41
1
10
21.2114057972072
20
3.92431590841045
30
0
41
1
10
20.95581963155
20
3.95234323617356
30
0
41
1
10
20.7963587243575
20
3.97003614083917
30
0
0
SPLINE
5
1ED
100
AcDbEntity
8
1
62
256
6
ByLayer
370
18
48
1
60
0
100
AcDbSpline
70
4
71
3
72
11
73
7
40
0
40
0
40
0
40
0
40
0.315682316623387
40
0.505045108691649
40
0.691505858960871
40
1
40
1
40
1
40
1
41
1
10
27.6914385533035
20
3.80498928896685
30
0
41
1
10
27.5290077332658
20
3.8215813659169
30
0
41
1
10
27.2691441401166
20
3.84853539151251
30
0
41
1
10
26.9132487773565
20
3.88646709027017
30
0
41
1
10
26.5612421852433
20
3.92440897682135
30
0
41
1
10
26.3065686528131
20
3.95230615660853
30
0
41
1
10
26.1478348814302
20
3.9698630355617
30
0
0
LINE
5
7B
100
AcDbEntity
8
4
62
256
6
ByLayer
370
18
48
0.05
60
0
100
AcDbLine
10
0
20
0
30
0
11
37
21
0
31
0
39
0
210
0
220
0
230
1
0
LINE
5
7D
100
AcDbEntity
8
81
62
256
6
ByLayer
370
18
48
1
60
0
100
AcDbLine
10
37
20
0
30
0
11
42
21
0
31
0
39
0
210
0
220
0
230
1
0
LINE
5
7E
100
AcDbEntity
8
SK4
62
256
6
ByLayer
370
18
48
0.05
60
0
100
AcDbLine
10
-36
20
0
30
0
11
37
21
0
31
0
39
0
210
0
220
0
230
1
0
LINE
5
80
100
AcDbEntity
8
80
62
256
6
ByLayer
370
18
48
1
60
0
100
AcDbLine
10
0
20
0
30
0
11
-5
21
0
31
0
39
0
210
0
220
0
230
1
0
LINE
5
81
100
AcDbEntity
8
1
62
256
6
ByLayer
370
18
48
1
60
0
100
AcDbLine
10
0
20
4
30
0
11
0
21
0
31
0
39
0
210
0
220
0
230
1
0
LINE
5
82
100
AcDbEntity
8
1
62
256
6
ByLayer
370
18
48
1
60
0
100
AcDbLine
10
0
20
0
30
0
11
0
21
-4
31
0
39
0
210
0
220
0
230
1
0
LINE
5
83
100
AcDbEntity
8
1
62
256
6
ByLayer
370
18
48
1
60
0
100
AcDbLine
10
36.885639
20
0.308282
30
0
11
36.8112
21
-0.117652
31
0
39
0
210
0
220
0
230
1
0
LINE
5
84
100
AcDbEntity
8
1
62
256
6
ByLayer
370
18
48
1
60
0
100
AcDbLine
10
36.868903
20
0.369857
30
0
11
36.972092
21
0.96256
31
0
39
0
210
0
220
0
230
1
0
LINE
5
85
100
AcDbEntity
8
1
62
256
6
ByLayer
370
18
48
1
60
0
100
AcDbLine
10
36.573521
20
-0.829973
30
0
11
36.8112
21
-0.117652
31
0
39
0
210
0
220
0
230
1
0
LINE
5
86
100
AcDbEntity
8
1
62
256
6
ByLayer
370
18
48
1
60
0
100
AcDbLine
10
36.8112
20
-0.117652
30
0
11
36.868903
21
0.369857
31
0
39
0
210
0
220
0
230
1
0
LINE
5
87
100
AcDbEntity
8
1
62
256
6
ByLayer
370
18
48
1
60
0
100
AcDbLine
10
36.362379
20
0.220338
30
0
11
36.868903
21
0.369857
31
0
39
0
210
0
220
0
230
1
0
LINE
5
88
100
AcDbEntity
8
1
62
256
6
ByLayer
370
18
48
1
60
0
100
AcDbLine
10
36.961689
20
-2.810012
30
0
11
36.972092
21
-2.975233
31
0
39
0
210
0
220
0
230
1
0
LINE
5
89
100
AcDbEntity
8
1
62
256
6
ByLayer
370
18
48
1
60
0
100
AcDbLine
10
36.890314
20
1.920225
30
0
11
36.972092
21
3.46134
31
0
39
0
210
0
220
0
230
1
0
LINE
5
8A
100
AcDbEntity
8
1
62
256
6
ByLayer
370
18
48
1
60
0
100
AcDbLine
10
36.885639
20
-3.186722
30
0
11
36.873899
21
-2.997682
31
0
39
0
210
0
220
0
230
1
0
LINE
5
8B
100
AcDbEntity
8
1
62
256
6
ByLayer
370
13
48
1
60
0
100
AcDbLine
10
36.33341
20
0.233024
30
0
11
36.362379
21
0.220338
31
0
39
0
210
0
220
0
230
1
0
LINE
5
8C
100
AcDbEntity
8
1
62
256
6
ByLayer
370
13
48
1
60
0
100
AcDbLine
10
35.29941
20
-2.295482
30
0
11
34.851644
21
-2.897564
31
0
39
0
210
0
220
0
230
1
0
LINE
5
8D
100
AcDbEntity
8
1
62
256
6
ByLayer
370
18
48
1
60
0
100
AcDbLine
10
36.8112
20
-1.096099
30
0
11
36.868903
21
-1.170707
31
0
39
0
210
0
220
0
230
1
0
LINE
5
8E
100
AcDbEntity
8
1
62
256
6
ByLayer
370
18
48
1
60
0
100
AcDbLine
10
36.868903
20
-1.170707
30
0
11
36.972092
21
-2.740816
31
0
39
0
210
0
220
0
230
1
0
LINE
5
8F
100
AcDbEntity
8
1
62
256
6
ByLayer
370
18
48
1
60
0
100
AcDbLine
10
36.885639
20
-2.237143
30
0
11
36.8112
21
-1.096099
31
0
39
0
210
0
220
0
230
1
0
LINE
5
90
100
AcDbEntity
8
1
62
256
6
ByLayer
370
18
48
1
60
0
100
AcDbLine
10
36.573521
20
-0.895848
30
0
11
36.8112
21
-1.096099
31
0
39
0
210
0
220
0
230
1
0
LINE
5
91
100
AcDbEntity
8
1
62
256
6
ByLayer
370
18
48
1
60
0
100
AcDbLine
10
36.872321
20
0.669056
30
0
11
36.972092
21
1.352688
31
0
39
0
210
0
220
0
230
1
0
LINE
5
92
100
AcDbEntity
8
1
62
256
6
ByLayer
370
13
48
1
60
0
100
AcDbLine
10
35.546372
20
1.143024
30
0
11
36.341702
21
0.57038
31
0
39
0
210
0
220
0
230
1
0
LINE
5
93
100
AcDbEntity
8
1
62
256
6
ByLayer
370
18
48
1
60
0
100
AcDbLine
10
36.872321
20
0.669056
30
0
11
36.341702
21
0.57038
31
0
39
0
210
0
220
0
230
1
0
LINE
5
94
100
AcDbEntity
8
1
62
256
6
ByLayer
370
13
48
1
60
0
100
AcDbLine
10
0.997679
20
-3.8
30
0
11
0.997679
21
0
31
0
39
0
210
0
220
0
230
1
0
LINE
5
95
100
AcDbEntity
8
1
62
256
6
ByLayer
370
13
48
1
60
0
100
AcDbLine
10
0.997679
20
0
30
0
11
0.997679
21
3.8
31
0
39
0
210
0
220
0
230
1
0
LINE
5
96
100
AcDbEntity
8
1
62
256
6
ByLayer
370
13
48
1
60
0
100
AcDbLine
10
0.497679
20
3.933975
30
0
11
0.497679
21
0
31
0
39
0
210
0
220
0
230
1
0
LINE
5
97
100
AcDbEntity
8
1
62
256
6
ByLayer
370
13
48
1
60
0
100
AcDbLine
10
0.497679
20
0
30
0
11
0.497679
21
-3.933975
31
0
39
0
210
0
220
0
230
1
0
LINE
5
98
100
AcDbEntity
8
1
62
256
6
ByLayer
370
18
48
1
60
0
100
AcDbLine
10
0.38332
20
4
30
0
11
0.38332
21
0
31
0
39
0
210
0
220
0
230
1
0
LINE
5
99
100
AcDbEntity
8
1
62
256
6
ByLayer
370
18
48
1
60
0
100
AcDbLine
10
0.38332
20
0
30
0
11
0.38332
21
-4
31
0
39
0
210
0
220
0
230
1
0
LINE
5
9A
100
AcDbEntity
8
SK1
62
256
6
ByLayer
370
18
48
1
60
0
100
AcDbLine
10
-36
20
-3.4
30
0
11
-36
21
3.4
31
0
39
0
210
0
220
0
230
1
0
LINE
5
9C
100
AcDbEntity
8
SK1
62
256
6
ByLayer
370
18
48
1
60
0
100
AcDbLine
10
0
20
4
30
0
11
0
21
0
31
0
39
0
210
0
220
0
230
1
0
LINE
5
9D
100
AcDbEntity
8
SK1
62
256
6
ByLayer
370
18
48
1
60
0
100
AcDbLine
10
0
20
0
30
0
11
0
21
-4
31
0
39
0
210
0
220
0
230
1
0
LINE
5
9E
100
AcDbEntity
8
SK1
62
256
6
ByLayer
370
18
48
1
60
0
100
AcDbLine
10
-35.4
20
4
30
0
11
-35.4
21
-4
31
0
39
0
210
0
220
0
230
1
0
LINE
5
9F
100
AcDbEntity
8
SK1
62
256
6
ByLayer
370
18
48
1
60
0
100
AcDbLine
10
-21.85
20
4
30
0
11
-20.75
21
2.9
31
0
39
0
210
0
220
0
230
1
0
LINE
5
A0
100
AcDbEntity
8
SK1
62
256
6
ByLayer
370
18
48
1
60
0
100
AcDbLine
10
-14.15
20
4
30
0
11
-15.25
21
2.9
31
0
39
0
210
0
220
0
230
1
0
LINE
5
A1
100
AcDbEntity
8
SK1
62
256
6
ByLayer
370
18
48
1
60
0
100
AcDbLine
10
-20.75
20
2.9
30
0
11
-15.25
21
2.9
31
0
39
0
210
0
220
0
230
1
0
LINE
5
A2
100
AcDbEntity
8
1
62
256
6
ByLayer
370
18
48
1
60
0
100
AcDbLine
10
0.38332
20
4
30
0
11
0
21
4
31
0
39
0
210
0
220
0
230
1
0
LINE
5
A3
100
AcDbEntity
8
1
62
256
6
ByLayer
370
18
48
1
60
0
100
AcDbLine
10
0
20
-4
30
0
11
0.38332
21
-4
31
0
39
0
210
0
220
0
230
1
0
LINE
5
A4
100
AcDbEntity
8
1
62
256
6
ByLayer
370
18
48
1
60
0
100
AcDbLine
10
6.450033
20
3.8
30
0
11
0.997679
21
3.8
31
0
39
0
210
0
220
0
230
1
0
LINE
5
A5
100
AcDbEntity
8
1
62
256
6
ByLayer
370
18
48
1
60
0
100
AcDbLine
10
0.997679
20
-3.8
30
0
11
7.974535
21
-3.8
31
0
39
0
210
0
220
0
230
1
0
LINE
5
A6
100
AcDbEntity
8
1
62
256
6
ByLayer
370
18
48
1
60
0
100
AcDbLine
10
0.497679
20
3.933975
30
0
11
0.38332
21
4
31
0
39
0
210
0
220
0
230
1
0
LINE
5
A7
100
AcDbEntity
8
1
62
256
6
ByLayer
370
18
48
1
60
0
100
AcDbLine
10
0.38332
20
-4
30
0
11
0.497679
21
-3.933975
31
0
39
0
210
0
220
0
230
1
0
LINE
5
A8
100
AcDbEntity
8
SK1
62
256
6
ByLayer
370
18
48
1
60
0
100
AcDbLine
10
-36
20
-3.4
30
0
11
-35.4
21
-4
31
0
39
0
210
0
220
0
230
1
0
LINE
5
A9
100
AcDbEntity
8
SK1
62
256
6
ByLayer
370
18
48
1
60
0
100
AcDbLine
10
-35.4
20
4
30
0
11
-36
21
3.4
31
0
39
0
210
0
220
0
230
1
0
LINE
5
AA
100
AcDbEntity
8
SK1
62
256
6
ByLayer
370
18
48
1
60
0
100
AcDbLine
10
0
20
4
30
0
11
-14.15
21
4
31
0
39
0
210
0
220
0
230
1
0
LINE
5
AB
100
AcDbEntity
8
SK1
62
256
6
ByLayer
370
18
48
1
60
0
100
AcDbLine
10
-21.85
20
4
30
0
11
-35.4
21
4
31
0
39
0
210
0
220
0
230
1
0
LINE
5
AC
100
AcDbEntity
8
SK1
62
256
6
ByLayer
370
18
48
1
60
0
100
AcDbLine
10
-35.4
20
-4
30
0
11
0
21
-4
31
0
39
0
210
0
220
0
230
1
0
LINE
5
AD
100
AcDbEntity
8
SK2
62
256
6
ByLayer
370
18
48
1
60
0
100
AcDbLine
10
-43.65
20
4
30
0
11
-43.65
21
-20.315466
31
0
39
0
210
0
220
0
230
1
0
LINE
5
AF
100
AcDbEntity
8
SK2
62
256
6
ByLayer
370
18
48
1
60
0
100
AcDbLine
10
-36.9875
20
4
30
0
11
-45.65
21
4
31
0
39
0
210
0
220
0
230
1
0
LINE
5
B0
100
AcDbEntity
8
SK2
62
256
6
ByLayer
370
18
48
1
60
0
100
AcDbLine
10
-36.9875
20
-4
30
0
11
-45.65
21
-4
31
0
39
0
210
0
220
0
230
1
0
LINE
5
B1
100
AcDbEntity
8
1
62
256
6
ByLayer
370
18
48
1
60
1
100
AcDbLine
10
-43.65
20
4
30
0
11
-43.189216
21
0.500002
31
0
39
0
210
0
220
0
230
1
0
LINE
5
B2
100
AcDbEntity
8
1
62
256
6
ByLayer
370
18
48
1
60
1
100
AcDbLine
10
-43.189216
20
0.500002
30
0
11
-44.110784
21
0.499998
31
0
39
0
210
0
220
0
230
1
0
LINE
5
B3
100
AcDbEntity
8
1
62
256
6
ByLayer
370
18
48
1
60
1
100
AcDbLine
10
-44.110784
20
0.499998
30
0
11
-43.65
21
4
31
0
39
0
210
0
220
0
230
1
0
LINE
5
B4
100
AcDbEntity
8
1
62
256
6
ByLayer
370
18
48
1
60
1
100
AcDbLine
10
-43.65
20
-4
30
0
11
-44.110784
21
-0.500002
31
0
39
0
210
0
220
0
230
1
0
LINE
5
B5
100
AcDbEntity
8
1
62
256
6
ByLayer
370
18
48
1
60
1
100
AcDbLine
10
-44.110784
20
-0.500002
30
0
11
-43.189216
21
-0.499998
31
0
39
0
210
0
220
0
230
1
0
LINE
5
B6
100
AcDbEntity
8
1
62
256
6
ByLayer
370
18
48
1
60
1
100
AcDbLine
10
-43.189216
20
-0.499998
30
0
11
-43.65
21
-4
31
0
39
0
210
0
220
0
230
1
0
LINE
5
B7
100
AcDbEntity
8
SK2
62
256
6
ByLayer
370
13
48
1
60
0
100
AcDbLine
10
7.14166
20
-3.8
30
0
11
7.14166
21
28.148932
31
0
39
0
210
0
220
0
230
1
0
LINE
5
B8
100
AcDbEntity
8
SK2
62
256
6
ByLayer
370
13
48
1
60
0
100
AcDbLine
10
8.798141
20
3.8
30
0
11
5.14166
21
3.8
31
0
39
0
210
0
220
0
230
1
0
LINE
5
B9
100
AcDbEntity
8
SK2
62
256
6
ByLayer
370
13
48
1
60
0
100
AcDbLine
10
8.798141
20
-3.8
30
0
11
5.14166
21
-3.8
31
0
39
0
210
0
220
0
230
1
0
LINE
5
BA
100
AcDbEntity
8
1
62
256
6
ByLayer
370
18
48
1
60
1
100
AcDbLine
10
7.14166
20
3.8
30
0
11
7.602444
21
0.300002
31
0
39
0
210
0
220
0
230
1
0
LINE
5
BB
100
AcDbEntity
8
1
62
256
6
ByLayer
370
18
48
1
60
1
100
AcDbLine
10
7.602444
20
0.300002
30
0
11
6.680876
21
0.299998
31
0
39
0
210
0
220
0
230
1
0
LINE
5
BC
100
AcDbEntity
8
1
62
256
6
ByLayer
370
18
48
1
60
1
100
AcDbLine
10
6.680876
20
0.299998
30
0
11
7.14166
21
3.8
31
0
39
0
210
0
220
0
230
1
0
LINE
5
BD
100
AcDbEntity
8
1
62
256
6
ByLayer
370
18
48
1
60
1
100
AcDbLine
10
7.14166
20
-3.8
30
0
11
6.680876
21
-0.300002
31
0
39
0
210
0
220
0
230
1
0
LINE
5
BE
100
AcDbEntity
8
1
62
256
6
ByLayer
370
18
48
1
60
1
100
AcDbLine
10
6.680876
20
-0.300002
30
0
11
7.602444
21
-0.299998
31
0
39
0
210
0
220
0
230
1
0
LINE
5
BF
100
AcDbEntity
8
1
62
256
6
ByLayer
370
18
48
1
60
1
100
AcDbLine
10
7.602444
20
-0.299998
30
0
11
7.14166
21
-3.8
31
0
39
0
210
0
220
0
230
1
0
LINE
5
C0
100
AcDbEntity
8
2
62
256
6
ByLayer
370
13
48
1
60
0
100
AcDbLine
10
49
20
-4
30
0
11
49
21
20.315466
31
0
39
0
210
0
220
0
230
1
0
LINE
5
C2
100
AcDbEntity
8
2
62
256
6
ByLayer
370
13
48
1
60
0
100
AcDbLine
10
12.5875
20
4
30
0
11
51
21
4
31
0
39
0
210
0
220
0
230
1
0
LINE
5
C3
100
AcDbEntity
8
2
62
256
6
ByLayer
370
13
48
1
60
0
100
AcDbLine
10
12.5875
20
-4
30
0
11
51
21
-4
31
0
39
0
210
0
220
0
230
1
0
LINE
5
C4
100
AcDbEntity
8
1
62
256
6
ByLayer
370
18
48
1
60
1
100
AcDbLine
10
49
20
4
30
0
11
49.460784
21
0.500002
31
0
39
0
210
0
220
0
230
1
0
LINE
5
C5
100
AcDbEntity
8
1
62
256
6
ByLayer
370
18
48
1
60
1
100
AcDbLine
10
49.460784
20
0.500002
30
0
11
48.539216
21
0.499998
31
0
39
0
210
0
220
0
230
1
0
LINE
5
C6
100
AcDbEntity
8
1
62
256
6
ByLayer
370
18
48
1
60
1
100
AcDbLine
10
48.539216
20
0.499998
30
0
11
49
21
4
31
0
39
0
210
0
220
0
230
1
0
LINE
5
C7
100
AcDbEntity
8
1
62
256
6
ByLayer
370
18
48
1
60
1
100
AcDbLine
10
49
20
-4
30
0
11
48.539216
21
-0.500002
31
0
39
0
210
0
220
0
230
1
0
LINE
5
C8
100
AcDbEntity
8
1
62
256
6
ByLayer
370
18
48
1
60
1
100
AcDbLine
10
48.539216
20
-0.500002
30
0
11
49.460784
21
-0.499998
31
0
39
0
210
0
220
0
230
1
0
LINE
5
C9
100
AcDbEntity
8
1
62
256
6
ByLayer
370
18
48
1
60
1
100
AcDbLine
10
49.460784
20
-0.499998
30
0
11
49
21
-4
31
0
39
0
210
0
220
0
230
1
0
LINE
5
CA
100
AcDbEntity
8
SK2
62
256
6
ByLayer
370
18
48
1
60
0
100
AcDbLine
10
37
20
-53.142813
30
0
11
-36
21
-53.142813
31
0
39
0
210
0
220
0
230
1
0
LINE
5
CB
100
AcDbEntity
8
SK2
62
256
6
ByLayer
370
18
48
1
60
0
100
AcDbLine
10
-36
20
-4.9875
30
0
11
-36
21
-55.142813
31
0
39
0
210
0
220
0
230
1
0
LINE
5
CC
100
AcDbEntity
8
SK2
62
256
6
ByLayer
370
18
48
1
60
0
100
AcDbLine
10
37
20
-5.5875
30
0
11
37
21
-55.142813
31
0
39
0
210
0
220
0
230
1
0
LINE
5
CD
100
AcDbEntity
8
1
62
256
6
ByLayer
370
18
48
1
60
1
100
AcDbLine
10
-36
20
-53.142813
30
0
11
-32.500002
21
-52.682029
31
0
39
0
210
0
220
0
230
1
0
LINE
5
CE
100
AcDbEntity
8
1
62
256
6
ByLayer
370
18
48
1
60
1
100
AcDbLine
10
-32.500002
20
-52.682029
30
0
11
-32.499998
21
-53.603596
31
0
39
0
210
0
220
0
230
1
0
LINE
5
CF
100
AcDbEntity
8
1
62
256
6
ByLayer
370
18
48
1
60
1
100
AcDbLine
10
-32.499998
20
-53.603596
30
0
11
-36
21
-53.142813
31
0
39
0
210
0
220
0
230
1
0
LINE
5
D0
100
AcDbEntity
8
1
62
256
6
ByLayer
370
18
48
1
60
1
100
AcDbLine
10
37
20
-53.142813
30
0
11
33.500002
21
-53.603596
31
0
39
0
210
0
220
0
230
1
0
LINE
5
D1
100
AcDbEntity
8
1
62
256
6
ByLayer
370
18
48
1
60
1
100
AcDbLine
10
33.500002
20
-53.603596
30
0
11
33.499998
21
-52.682029
31
0
39
0
210
0
220
0
230
1
0
LINE
5
D2
100
AcDbEntity
8
1
62
256
6
ByLayer
370
18
48
1
60
1
100
AcDbLine
10
33.499998
20
-52.682029
30
0
11
37
21
-53.142813
31
0
39
0
210
0
220
0
230
1
0
LINE
5
D3
100
AcDbEntity
8
SK2
62
256
6
ByLayer
370
13
48
1
60
0
100
AcDbLine
10
36.836034
20
-3.870245
30
0
11
48.361326
21
-16.56893
31
0
39
0
210
0
220
0
230
1
0
LINE
5
D4
100
AcDbEntity
8
1
62
256
6
ByLayer
370
18
48
1
60
1
100
AcDbLine
10
36.836034
20
-3.870245
30
0
11
39.529473
21
-6.152282
31
0
39
0
210
0
220
0
230
1
0
LINE
5
D5
100
AcDbEntity
8
1
62
256
6
ByLayer
370
18
48
1
60
1
100
AcDbLine
10
39.529473
20
-6.152282
30
0
11
38.847063
21
-6.77164
31
0
39
0
210
0
220
0
230
1
0
LINE
5
D6
100
AcDbEntity
8
1
62
256
6
ByLayer
370
18
48
1
60
1
100
AcDbLine
10
38.847063
20
-6.77164
30
0
11
36.836034
21
-3.870245
31
0
39
0
210
0
220
0
230
1
0
LINE
5
1F2
100
AcDbEntity
8
1
62
256
6
ByLayer
370
18
48
1
60
1
100
AcDbLine
10
-43.65
20
4
30
0
11
-43.189216
21
0.500002
31
0
39
0
210
0
220
0
230
1
0
LINE
5
1F3
100
AcDbEntity
8
1
62
256
6
ByLayer
370
18
48
1
60
1
100
AcDbLine
10
-43.189216
20
0.500002
30
0
11
-44.110784
21
0.499998
31
0
39
0
210
0
220
0
230
1
0
LINE
5
1F4
100
AcDbEntity
8
1
62
256
6
ByLayer
370
18
48
1
60
1
100
AcDbLine
10
-44.110784
20
0.499998
30
0
11
-43.65
21
4
31
0
39
0
210
0
220
0
230
1
0
LINE
5
1F6
100
AcDbEntity
8
1
62
256
6
ByLayer
370
18
48
1
60
1
100
AcDbLine
10
-43.65
20
-4
30
0
11
-44.110784
21
-0.500002
31
0
39
0
210
0
220
0
230
1
0
LINE
5
1F7
100
AcDbEntity
8
1
62
256
6
ByLayer
370
18
48
1
60
1
100
AcDbLine
10
-44.110784
20
-0.500002
30
0
11
-43.189216
21
-0.499998
31
0
39
0
210
0
220
0
230
1
0
LINE
5
1F8
100
AcDbEntity
8
1
62
256
6
ByLayer
370
18
48
1
60
1
100
AcDbLine
10
-43.189216
20
-0.499998
30
0
11
-43.65
21
-4
31
0
39
0
210
0
220
0
230
1
0
LINE
5
1FC
100
AcDbEntity
8
1
62
256
6
ByLayer
370
18
48
1
60
1
100
AcDbLine
10
7.14166
20
3.8
30
0
11
7.602444
21
0.300002
31
0
39
0
210
0
220
0
230
1
0
LINE
5
1FD
100
AcDbEntity
8
1
62
256
6
ByLayer
370
18
48
1
60
1
100
AcDbLine
10
7.602444
20
0.300002
30
0
11
6.680876
21
0.299998
31
0
39
0
210
0
220
0
230
1
0
LINE
5
1FE
100
AcDbEntity
8
1
62
256
6
ByLayer
370
18
48
1
60
1
100
AcDbLine
10
6.680876
20
0.299998
30
0
11
7.14166
21
3.8
31
0
39
0
210
0
220
0
230
1
0
LINE
5
200
100
AcDbEntity
8
1
62
256
6
ByLayer
370
18
48
1
60
1
100
AcDbLine
10
7.14166
20
-3.8
30
0
11
6.680876
21
-0.300002
31
0
39
0
210
0
220
0
230
1
0
LINE
5
201
100
AcDbEntity
8
1
62
256
6
ByLayer
370
18
48
1
60
1
100
AcDbLine
10
6.680876
20
-0.300002
30
0
11
7.602444
21
-0.299998
31
0
39
0
210
0
220
0
230
1
0
LINE
5
202
100
AcDbEntity
8
1
62
256
6
ByLayer
370
18
48
1
60
1
100
AcDbLine
10
7.602444
20
-0.299998
30
0
11
7.14166
21
-3.8
31
0
39
0
210
0
220
0
230
1
0
LINE
5
206
100
AcDbEntity
8
1
62
256
6
ByLayer
370
18
48
1
60
1
100
AcDbLine
10
49
20
4
30
0
11
49.460784
21
0.500002
31
0
39
0
210
0
220
0
230
1
0
LINE
5
207
100
AcDbEntity
8
1
62
256
6
ByLayer
370
18
48
1
60
1
100
AcDbLine
10
49.460784
20
0.500002
30
0
11
48.539216
21
0.499998
31
0
39
0
210
0
220
0
230
1
0
LINE
5
208
100
AcDbEntity
8
1
62
256
6
ByLayer
370
18
48
1
60
1
100
AcDbLine
10
48.539216
20
0.499998
30
0
11
49
21
4
31
0
39
0
210
0
220
0
230
1
0
LINE
5
20A
100
AcDbEntity
8
1
62
256
6
ByLayer
370
18
48
1
60
1
100
AcDbLine
10
49
20
-4
30
0
11
48.539216
21
-0.500002
31
0
39
0
210
0
220
0
230
1
0
LINE
5
20B
100
AcDbEntity
8
1
62
256
6
ByLayer
370
18
48
1
60
1
100
AcDbLine
10
48.539216
20
-0.500002
30
0
11
49.460784
21
-0.499998
31
0
39
0
210
0
220
0
230
1
0
LINE
5
20C
100
AcDbEntity
8
1
62
256
6
ByLayer
370
18
48
1
60
1
100
AcDbLine
10
49.460784
20
-0.499998
30
0
11
49
21
-4
31
0
39
0
210
0
220
0
230
1
0
LINE
5
20F
100
AcDbEntity
8
1
62
256
6
ByLayer
370
18
48
1
60
1
100
AcDbLine
10
-36
20
-53.142813
30
0
11
-32.500002
21
-52.682029
31
0
39
0
210
0
220
0
230
1
0
LINE
5
210
100
AcDbEntity
8
1
62
256
6
ByLayer
370
18
48
1
60
1
100
AcDbLine
10
-32.500002
20
-52.682029
30
0
11
-32.499998
21
-53.603596
31
0
39
0
210
0
220
0
230
1
0
LINE
5
211
100
AcDbEntity
8
1
62
256
6
ByLayer
370
18
48
1
60
1
100
AcDbLine
10
-32.499998
20
-53.603596
30
0
11
-36
21
-53.142813
31
0
39
0
210
0
220
0
230
1
0
LINE
5
213
100
AcDbEntity
8
1
62
256
6
ByLayer
370
18
48
1
60
1
100
AcDbLine
10
37
20
-53.142813
30
0
11
33.500002
21
-53.603596
31
0
39
0
210
0
220
0
230
1
0
LINE
5
214
100
AcDbEntity
8
1
62
256
6
ByLayer
370
18
48
1
60
1
100
AcDbLine
10
33.500002
20
-53.603596
30
0
11
33.499998
21
-52.682029
31
0
39
0
210
0
220
0
230
1
0
LINE
5
215
100
AcDbEntity
8
1
62
256
6
ByLayer
370
18
48
1
60
1
100
AcDbLine
10
33.499998
20
-52.682029
30
0
11
37
21
-53.142813
31
0
39
0
210
0
220
0
230
1
0
LINE
5
219
100
AcDbEntity
8
1
62
256
6
ByLayer
370
18
48
1
60
1
100
AcDbLine
10
36.836034
20
-3.870245
30
0
11
39.529473
21
-6.152282
31
0
39
0
210
0
220
0
230
1
0
LINE
5
21A
100
AcDbEntity
8
1
62
256
6
ByLayer
370
18
48
1
60
1
100
AcDbLine
10
39.529473
20
-6.152282
30
0
11
38.847063
21
-6.77164
31
0
39
0
210
0
220
0
230
1
0
LINE
5
21B
100
AcDbEntity
8
1
62
256
6
ByLayer
370
18
48
1
60
1
100
AcDbLine
10
38.847063
20
-6.77164
30
0
11
36.836034
21
-3.870245
31
0
39
0
210
0
220
0
230
1
0
MTEXT
5
1EE
100
AcDbEntity
8
SK2
62
256
6
ByLayer
370
18
48
1
60
0
100
AcDbMText
10
-45.214634
20
-18.380622
30
0
210
0
220
0
230
1
1
%%c
40
3.5
41
0
44
1.084337
50
90
71
7
72
5
7
iso_b_vert
0
MTEXT
5
1F1
100
AcDbEntity
8
SK2
62
256
6
ByLayer
370
18
48
1
60
0
100
AcDbMText
10
-45.214634
20
-11.407966
30
0
210
0
220
0
230
1
1
\W0.5404;8
40
3.5
41
0
44
1.084337
50
90
71
7
72
5
7
iso_b_vert
0
MTEXT
5
1FA
100
AcDbEntity
8
SK2
62
256
6
ByLayer
370
18
48
1
60
0
100
AcDbMText
10
5.577026
20
15.734844
30
0
210
0
220
0
230
1
1
%%c
40
3.5
41
0
44
1.084337
50
90
71
7
72
5
7
iso_b_vert
0
MTEXT
5
1FB
100
AcDbEntity
8
SK2
62
256
6
ByLayer
370
18
48
1
60
0
100
AcDbMText
10
5.577026
20
22.7075
30
0
210
0
220
0
230
1
1
\W0.7121;7.6
40
3.5
41
0
44
1.084337
50
90
71
7
72
5
7
iso_b_vert
0
MTEXT
5
204
100
AcDbEntity
8
2
62
256
6
ByLayer
370
18
48
1
60
0
100
AcDbMText
10
47.435366
20
11.934844
30
0
210
0
220
0
230
1
1
%%c
40
3.5
41
0
44
1.084337
50
90
71
7
72
5
7
iso_b_vert
0
MTEXT
5
205
100
AcDbEntity
8
2
62
256
6
ByLayer
370
18
48
1
60
0
100
AcDbMText
10
47.435366
20
18.9075
30
0
210
0
220
0
230
1
1
\W0.5404;8
40
3.5
41
0
44
1.084337
50
90
71
7
72
5
7
iso_b_vert
0
MTEXT
5
20E
100
AcDbEntity
8
SK2
62
256
6
ByLayer
370
18
48
1
60
0
100
AcDbMText
10
-1.404966
20
-52.110179
30
0
210
0
220
0
230
1
1
\W0.6740;73
40
3.5
41
0
44
1.084337
50
0
71
7
72
5
7
iso_b_vert
0
MTEXT
5
217
100
AcDbEntity
8
SK2
62
256
6
ByLayer
370
18
48
1
60
0
100
AcDbMText
10
42.956102
20
-8.949361
30
0
210
0
220
0
230
1
1
\W0.6380;R
40
3.5
41
0
44
1.084337
50
312.226801038318
71
7
72
5
7
iso_b_vert
0
MTEXT
5
218
100
AcDbEntity
8
SK2
62
256
6
ByLayer
370
18
48
1
60
0
100
AcDbMText
10
45.431997
20
-11.677327
30
0
210
0
220
0
230
1
1
\W0.7121;0.5
40
3.5
41
0
44
1.084337
50
312.226801038318
71
7
72
5
7
iso_b_vert
0
MTEXT
5
21D
100
AcDbEntity
8
SK6
62
256
6
ByLayer
370
18
48
1
60
0
100
AcDbMText
10
-24.587232
20
-62.120957
30
0
210
0
220
0
230
1
1
\W0.7355;2F365-0800-050-TD   1745
40
3
41
0
44
1.084337
50
0
71
7
72
5
7
iso_b_vert
0
HATCH
5
1F5
100
AcDbEntity
8
SK2
62
256
6
ByLayer
370
13
48
1
60
0
100
AcDbHatch
10
0
20
0
30
0
210
0
220
0
230
1
2
ANSI31
70
0
71
0
91
1
92
5
93
3
72
1
10
-43.65
20
4
11
-43.1892162584472
21
0.500001692553184
72
1
10
-43.1892162584472
20
0.500001692553184
11
-44.1107837415528
21
0.499998307446816
72
1
10
-44.1107837415528
20
0.499998307446816
11
-43.65
21
4
97
0
75
0
76
1
52
0
41
0.0062
77
0
78
1
53
45
43
0
44
0
45
-0.0139193969876572
46
0.0139193969876572
79
0
47
0
98
1
10
0
20
0
0
HATCH
5
1F9
100
AcDbEntity
8
SK2
62
256
6
ByLayer
370
13
48
1
60
0
100
AcDbHatch
10
0
20
0
30
0
210
0
220
0
230
1
2
ANSI31
70
0
71
0
91
1
92
5
93
3
72
1
10
-43.65
20
-4
11
-44.1107837415528
21
-0.500001692553184
72
1
10
-44.1107837415528
20
-0.500001692553184
11
-43.1892162584472
21
-0.499998307446816
72
1
10
-43.1892162584472
20
-0.499998307446816
11
-43.65
21
-4
97
0
75
0
76
1
52
0
41
0.0062
77
0
78
1
53
45
43
0
44
0
45
-0.0139193969876572
46
0.0139193969876572
79
0
47
0
98
1
10
0
20
0
0
HATCH
5
1FF
100
AcDbEntity
8
SK2
62
256
6
ByLayer
370
13
48
1
60
0
100
AcDbHatch
10
0
20
0
30
0
210
0
220
0
230
1
2
ANSI31
70
0
71
0
91
1
92
5
93
3
72
1
10
7.14165978410796
20
3.79999999999996
11
7.60244352566073
21
0.300001692553138
72
1
10
7.60244352566073
20
0.300001692553138
11
6.68087604255518
21
0.299998307446771
72
1
10
6.68087604255518
20
0.299998307446771
11
7.14165978410796
21
3.79999999999996
97
0
75
0
76
1
52
0
41
0.0062
77
0
78
1
53
45
43
0
44
0
45
-0.0139193969876572
46
0.0139193969876572
79
0
47
0
98
1
10
0
20
0
0
HATCH
5
203
100
AcDbEntity
8
SK2
62
256
6
ByLayer
370
13
48
1
60
0
100
AcDbHatch
10
0
20
0
30
0
210
0
220
0
230
1
2
ANSI31
70
0
71
0
91
1
92
5
93
3
72
1
10
7.14165978410796
20
-3.80000000000004
11
6.68087604255518
21
-0.300001692553224
72
1
10
6.68087604255518
20
-0.300001692553224
11
7.60244352566073
21
-0.299998307446856
72
1
10
7.60244352566073
20
-0.299998307446856
11
7.14165978410796
21
-3.80000000000004
97
0
75
0
76
1
52
0
41
0.0062
77
0
78
1
53
45
43
0
44
0
45
-0.0139193969876572
46
0.0139193969876572
79
0
47
0
98
1
10
0
20
0
0
HATCH
5
209
100
AcDbEntity
8
2
62
256
6
ByLayer
370
13
48
1
60
0
100
AcDbHatch
10
0
20
0
30
0
210
0
220
0
230
1
2
ANSI31
70
0
71
0
91
1
92
5
93
3
72
1
10
49
20
3.99999999999997
11
49.4607837415528
21
0.500001692553155
72
1
10
49.4607837415528
20
0.500001692553155
11
48.5392162584472
21
0.499998307446788
72
1
10
48.5392162584472
20
0.499998307446788
11
49
21
3.99999999999997
97
0
75
0
76
1
52
0
41
0.0062
77
0
78
1
53
45
43
0
44
0
45
-0.0139193969876572
46
0.0139193969876572
79
0
47
0
98
1
10
0
20
0
0
HATCH
5
20D
100
AcDbEntity
8
2
62
256
6
ByLayer
370
13
48
1
60
0
100
AcDbHatch
10
0
20
0
30
0
210
0
220
0
230
1
2
ANSI31
70
0
71
0
91
1
92
5
93
3
72
1
10
49
20
-4.00000000000006
11
48.5392162584472
21
-0.500001692553241
72
1
10
48.5392162584472
20
-0.500001692553241
11
49.4607837415528
21
-0.499998307446873
72
1
10
49.4607837415528
20
-0.499998307446873
11
49
21
-4.00000000000006
97
0
75
0
76
1
52
0
41
0.0062
77
0
78
1
53
45
43
0
44
0
45
-0.0139193969876572
46
0.0139193969876572
79
0
47
0
98
1
10
0
20
0
0
HATCH
5
212
100
AcDbEntity
8
SK2
62
256
6
ByLayer
370
13
48
1
60
0
100
AcDbHatch
10
0
20
0
30
0
210
0
220
0
230
1
2
ANSI31
70
0
71
0
91
1
92
5
93
3
72
1
10
-36
20
-53.1428126114545
11
-32.5000016925532
21
-52.6820288699018
72
1
10
-32.5000016925532
20
-52.6820288699018
11
-32.4999983074468
21
-53.6035963530073
72
1
10
-32.4999983074468
20
-53.6035963530073
11
-36
21
-53.1428126114545
97
0
75
0
76
1
52
0
41
0.0062
77
0
78
1
53
45
43
0
44
0
45
-0.0139193969876572
46
0.0139193969876572
79
0
47
0
98
1
10
0
20
0
0
HATCH
5
216
100
AcDbEntity
8
SK2
62
256
6
ByLayer
370
13
48
1
60
0
100
AcDbHatch
10
0
20
0
30
0
210
0
220
0
230
1
2
ANSI31
70
0
71
0
91
1
92
5
93
3
72
1
10
37
20
-53.1428126114545
11
33.5000016925532
21
-53.6035963530073
72
1
10
33.5000016925532
20
-53.6035963530073
11
33.4999983074468
21
-52.6820288699018
72
1
10
33.4999983074468
20
-52.6820288699018
11
37
21
-53.1428126114545
97
0
75
0
76
1
52
0
41
0.0062
77
0
78
1
53
45
43
0
44
0
45
-0.0139193969876572
46
0.0139193969876572
79
0
47
0
98
1
10
0
20
0
0
HATCH
5
21C
100
AcDbEntity
8
SK2
62
256
6
ByLayer
370
13
48
1
60
0
100
AcDbHatch
10
0
20
0
30
0
210
0
220
0
230
1
2
ANSI31
70
0
71
0
91
1
92
5
93
3
72
1
10
36.8360335196465
20
-3.87024515347821
11
39.5294729138855
21
-6.15228240956569
72
1
10
39.5294729138855
20
-6.15228240956569
11
38.8470634004583
21
-6.7716400460836
72
1
10
38.8470634004583
20
-6.7716400460836
11
36.8360335196465
21
-3.87024515347821
97
0
75
0
76
1
52
0
41
0.0062
77
0
78
1
53
45
43
0
44
0
45
-0.0139193969876572
46
0.0139193969876572
79
0
47
0
98
1
10
0
20
0
0
DIMENSION
5
220
100
AcDbEntity
8
SK2
62
256
6
ByLayer
370
18
48
1
60
0
100
AcDbDimension
2
_U0
10
0
20
-43.142813
30
0
11
18.5
21
-43.142813
31
0
70
32
71
1
72
1
41
1
210
0
220
0
230
1
3
Standard
100
AcDbAlignedDimension
13
37
23
-4.05
33
0
14
0
24
0
34
0
50
0
100
AcDbRotatedDimension
1001
ACAD
1000
DSTYLE
1002
{
1070
   371
1070
    13
1070
   372
1070
    13
1070
   170
1070
     0
1070
   144
1040
1.0
1070
   277
1070
     2
1070
   284
1070
     8
1070
   278
1070
    46
1070
   146
1040
1.0
1070
   345
1005
16
1070
   347
1005
16
1070
   346
1005
16
1070
   344
1005
0
1070
   343
1005
0
1070
   172
1070
     1
1070
    76
1070
     0
1070
    75
1070
     0
1070
   282
1070
     0
1070
   281
1070
     0
1070
    71
1070
     0
1070
    74
1070
     0
1070
   279
1070
     0
1070
   173
1070
     1
1070
   340
1005
1EF
1070
   271
1070
     2
1070
   272
1070
     2
1070
    77
1070
     1
1070
    73
1070
     1
1070
   171
1070
     3
1070
   274
1070
     4
1070
   177
1070
     2
1070
   176
1070
     2
1070
   178
1070
     2
1070
    78
1070
     8
1070
    48
1040
-0.1
1070
    41
1040
3.5
1070
   147
1040
1.75
1070
    42
1040
1.5875
1070
    44
1040
2.0
1070
   140
1040
3.5
1002
}
1001
ACAD_DSTYLE_DIM_LINETYPE
1070
   380
1005
16
1001
ACAD_DSTYLE_DIM_EXT1_LINETYPE
1070
   381
1005
16
1001
ACAD_DSTYLE_DIM_EXT2_LINETYPE
1070
   382
1005
16
0
DIMENSION
5
239
100
AcDbEntity
8
2
62
256
6
ByLayer
370
18
48
1
60
0
100
AcDbDimension
2
_U1
10
11
20
-21.642813
30
0
11
51.74765
21
-21.642813
31
0
70
32
71
1
72
1
41
1
210
0
220
0
230
1
3
Standard
100
AcDbAlignedDimension
13
37
23
-4.05
33
0
14
11
24
-4.05
34
0
50
0
100
AcDbRotatedDimension
1001
ACAD
1000
DSTYLE
1002
{
1070
   371
1070
    13
1070
   372
1070
    13
1070
   170
1070
     0
1070
   144
1040
1.0
1070
   277
1070
     2
1070
   284
1070
     8
1070
   278
1070
    46
1070
   146
1040
1.0
1070
   345
1005
16
1070
   347
1005
16
1070
   346
1005
16
1070
   344
1005
0
1070
   343
1005
0
1070
   172
1070
     1
1070
    76
1070
     0
1070
    75
1070
     0
1070
   282
1070
     0
1070
   281
1070
     0
1070
    71
1070
     0
1070
    74
1070
     0
1070
   279
1070
     0
1070
   173
1070
     1
1070
   340
1005
1EF
1070
   271
1070
     2
1070
   272
1070
     2
1070
    77
1070
     1
1070
    73
1070
     1
1070
   171
1070
     3
1070
   274
1070
     4
1070
   177
1070
     2
1070
   176
1070
     2
1070
   178
1070
     2
1070
    78
1070
     8
1070
    48
1040
-0.1
1070
    41
1040
3.5
1070
   147
1040
1.75
1070
    42
1040
1.5875
1070
    44
1040
2.0
1070
   140
1040
3.5
1002
}
1001
ACAD_DSTYLE_DIM_LINETYPE
1070
   380
1005
16
1001
ACAD_DSTYLE_DIM_EXT1_LINETYPE
1070
   381
1005
16
1001
ACAD_DSTYLE_DIM_EXT2_LINETYPE
1070
   382
1005
16
0
DIMENSION
5
252
100
AcDbEntity
8
SK2
62
256
6
ByLayer
370
18
48
1
60
0
100
AcDbDimension
2
_U2
10
0.997679
20
-36.142813
30
0
11
18.998839
21
-36.142813
31
0
70
32
71
1
72
1
41
1
210
0
220
0
230
1
3
Standard
100
AcDbAlignedDimension
13
37
23
-4.05
33
0
14
0.997679
24
-3.8
34
0
50
0
100
AcDbRotatedDimension
1001
ACAD
1000
DSTYLE
1002
{
1070
   371
1070
    13
1070
   372
1070
    13
1070
   170
1070
     0
1070
   144
1040
1.0
1070
   277
1070
     2
1070
   284
1070
     8
1070
   278
1070
    46
1070
   146
1040
1.0
1070
   345
1005
16
1070
   347
1005
16
1070
   346
1005
16
1070
   344
1005
0
1070
   343
1005
0
1070
   172
1070
     1
1070
    76
1070
     0
1070
    75
1070
     0
1070
   282
1070
     0
1070
   281
1070
     0
1070
    71
1070
     0
1070
    74
1070
     0
1070
   279
1070
     0
1070
   173
1070
     1
1070
   340
1005
1EF
1070
   271
1070
     2
1070
   272
1070
     2
1070
    77
1070
     1
1070
    73
1070
     1
1070
   171
1070
     3
1070
   274
1070
     4
1070
   177
1070
     2
1070
   176
1070
     2
1070
   178
1070
     2
1070
    78
1070
     8
1070
    48
1040
-0.1
1070
    41
1040
3.5
1070
   147
1040
1.75
1070
    42
1040
1.5875
1070
    44
1040
2.0
1070
   140
1040
3.5
1002
}
1001
ACAD_DSTYLE_DIM_LINETYPE
1070
   380
1005
16
1001
ACAD_DSTYLE_DIM_EXT1_LINETYPE
1070
   381
1005
16
1001
ACAD_DSTYLE_DIM_EXT2_LINETYPE
1070
   382
1005
16
0
ENDSEC
0
SECTION
2
OBJECTS
0
DICTIONARY
5
2da
330
0
100
AcDbDictionary
280
0
281
1
3
ACAD_GROUP
350
2db
3
ACAD_MLINESTYLE
350
2dc
0
DICTIONARY
5
2db
330
0
100
AcDbDictionary
280
0
281
1
0
DICTIONARY
5
2dc
330
0
100
AcDbDictionary
280
0
281
1
3
Standard
350
18
0
MLINESTYLE
5
18
330
2dc
100
AcDbMlineStyle
2
Standard
70
0
3

62
256
51
90
52
90
71
2
49
-0.5
62
256
6
ByLayer
49
0.5
62
256
6
ByLayer
0
RASTERVARIABLES
5
2c8
330

100
AcDbRasterVariables
90
0
70
1
71
1
72
1
0
ENDSEC
0
EOF
