0
SECTION
2
HEADER
9
$ACADVER
1
AC1015
9
$DWGCODEPAGE
3
ANSI_1252
9
$HANDSEED
5
2dc
9
$ANGBASE
50
0
9
$ANGDIR
70
0
9
$ATTMODE
70
1
9
$AUNITS
70
0
9
$AUPREC
70
0
9
$CECOLOR
62
256
9
$CELTSCALE
40
1
9
$CELTYPE
6
ByLayer
9
$CELWEIGHT
370
18
9
$CLAYER
8
0
9
$CMLJUST
70
0
9
$CMLSCALE
40
1
9
$CMLSTYLE
2
Standard
9
$DIMSTYLE
2
Standard
9
$TEXTSIZE
40
0.2
9
$TEXTSTYLE
7
Standard
9
$LUNITS
70
2
9
$LUPREC
70
4
9
$EXTNAMES
290
1
9
$INSUNITS
70
4
9
$LTSCALE
40
1
9
$LWDISPLAY
290
1
9
$PDMODE
70
0
9
$PDSIZE
40
0
9
$PLINEGEN
70
0
0
ENDSEC
0
SECTION
2
CLASSES
0
CLASS
1
RASTERVARIABLES
2
AcDbRasterVariables
3
ISM
90
0
280
0
281
0
0
ENDSEC
0
SECTION
2
TABLES
0
TABLE
2
VPORT
5
2d2
100
AcDbSymbolTable
0
VPORT
5
1
100
AcDbSymbolTableRecord
100
AcDbViewportTableRecord
2
*Active
70
0
10
0
20
0
11
1
21
1
12
-1
22
1
13
0
23
0
14
0.5
24
0.5
15
10
25
10
16
0
26
0
36
1
17
0
27
0
37
0
0
ENDTAB
0
TABLE
2
LTYPE
5
2d3
100
AcDbSymbolTable
0
LTYPE
5
14
100
AcDbSymbolTableRecord
100
AcDbLinetypeTableRecord
70
0
2
ByBlock
3

72
65
73
0
40
0
0
LTYPE
5
15
100
AcDbSymbolTableRecord
100
AcDbLinetypeTableRecord
70
0
2
ByLayer
3

72
65
73
0
40
0
0
LTYPE
5
16
100
AcDbSymbolTableRecord
100
AcDbLinetypeTableRecord
70
0
2
Continuous
3
Solid line
72
65
73
0
40
0
0
LTYPE
5
6E
100
AcDbSymbolTableRecord
100
AcDbLinetypeTableRecord
70
0
2
CENTER
3
____ _ ____ _ ____ _ ____
72
65
73
4
40
47.5
49
22
74
0
49
-8.5
74
0
49
8.5
74
0
49
-8.5
74
0
0
LTYPE
5
6F
100
AcDbSymbolTableRecord
100
AcDbLinetypeTableRecord
70
0
2
DASHED
3
__ __ __ __ __ __ __ __ __
72
65
73
2
40
25.72
49
12.86
74
0
49
-12.86
74
0
0
ENDTAB
0
TABLE
2
LAYER
5
2d4
100
AcDbSymbolTable
0
LAYER
5
10
100
AcDbSymbolTableRecord
100
AcDbLayerTableRecord
2
0
70
0
62
7
6
Continuous
290
1
370
-3
390
0
0
LAYER
5
71
100
AcDbSymbolTableRecord
100
AcDbLayerTableRecord
2
80
70
0
62
-6
6
Continuous
290
1
370
-3
390
0
0
LAYER
5
73
100
AcDbSymbolTableRecord
100
AcDbLayerTableRecord
2
81
70
0
62
-3
6
Continuous
290
1
370
-3
390
0
0
LAYER
5
75
100
AcDbSymbolTableRecord
100
AcDbLayerTableRecord
2
1
70
0
62
4
6
Continuous
290
1
370
-3
390
0
0
LAYER
5
7D
100
AcDbSymbolTableRecord
100
AcDbLayerTableRecord
2
4
70
0
62
-2
6
CENTER
290
1
370
-3
390
0
0
LAYER
5
C0
100
AcDbSymbolTableRecord
100
AcDbLayerTableRecord
2
2
70
0
62
7
6
Continuous
290
1
370
-3
390
0
0
LAYER
5
218
100
AcDbSymbolTableRecord
100
AcDbLayerTableRecord
2
Defpoints
70
0
62
7
6
Continuous
290
0
370
-3
390
0
0
LAYER
5
2be
100
AcDbSymbolTableRecord
100
AcDbLayerTableRecord
2
SK4
70
0
62
2
6
CENTER
290
1
370
-3
390
0
0
LAYER
5
2bf
100
AcDbSymbolTableRecord
100
AcDbLayerTableRecord
2
SK1
70
0
62
4
6
Continuous
290
1
370
-3
390
0
0
LAYER
5
2c0
100
AcDbSymbolTableRecord
100
AcDbLayerTableRecord
2
SK2
70
0
62
7
6
Continuous
290
1
370
-3
390
0
0
LAYER
5
2c1
100
AcDbSymbolTableRecord
100
AcDbLayerTableRecord
2
SK6
70
0
62
5
6
Continuous
290
1
370
-3
390
0
0
ENDTAB
0
TABLE
2
STYLE
5
2d5
100
AcDbSymbolTable
0
STYLE
5
11
100
AcDbSymbolTableRecord
100
AcDbTextStyleTableRecord
2
Standard
3
txt
70
0
71
0
40
0
41
1
42
0
50
0
0
STYLE
5
1E4
100
AcDbSymbolTableRecord
100
AcDbTextStyleTableRecord
2
iso_b_vert
3
simplex.shx
70
0
71
0
40
0
41
1
42
0
50
0
0
STYLE
5
1E5
100
AcDbSymbolTableRecord
100
AcDbTextStyleTableRecord
2
DWGDirectTextStyle
3
simplex
70
0
71
0
40
0
41
1
42
0
50
0
0
ENDTAB
0
TABLE
2
DIMSTYLE
5
2d6
100
AcDbSymbolTable
100
AcDbDimStyleTable
0
DIMSTYLE
105
27
100
AcDbSymbolTableRecord
100
AcDbDimStyleTableRecord
2
Standard
70
0
3
<>
41
0.18
42
0.0625
44
0.18
140
0.18
147
0.09
73
0
74
0
77
1
271
2
275
0
278
52
280
0
340
11
0
ENDTAB
0
TABLE
2
VIEW
5
2d7
100
AcDbSymbolTable
0
ENDTAB
0
TABLE
2
UCS
5
2d8
100
AcDbSymbolTable
0
ENDTAB
0
TABLE
2
APPID
5
2d9
100
AcDbSymbolTable
0
APPID
5
12
100
AcDbSymbolTableRecord
100
AcDbRegAppTableRecord
2
ACAD
70
0
0
APPID
5
214
100
AcDbSymbolTableRecord
100
AcDbRegAppTableRecord
2
ACAD_DSTYLE_DIMBREAK
70
0
0
APPID
5
27D
100
AcDbSymbolTableRecord
100
AcDbRegAppTableRecord
2
ACAD_DSTYLE_DIM_LINETYPE
70
0
0
APPID
5
27E
100
AcDbSymbolTableRecord
100
AcDbRegAppTableRecord
2
ACAD_DSTYLE_DIM_EXT1_LINETYPE
70
0
0
APPID
5
27F
100
AcDbSymbolTableRecord
100
AcDbRegAppTableRecord
2
ACAD_DSTYLE_DIM_EXT2_LINETYPE
70
0
0
APPID
5
2BA
100
AcDbSymbolTableRecord
100
AcDbRegAppTableRecord
2
ACAD_MLEADERVER
70
0
0
ENDTAB
0
TABLE
2
BLOCK_RECORD
5
2da
100
AcDbSymbolTable
0
BLOCK_RECORD
5
1F
100
AcDbSymbolTableRecord
100
AcDbBlockTableRecord
2
*Model_Space
340
0
70
0
0
BLOCK_RECORD
5
1B
100
AcDbSymbolTableRecord
100
AcDbBlockTableRecord
2
*Paper_Space
340
0
70
0
0
BLOCK_RECORD
5
23
100
AcDbSymbolTableRecord
100
AcDbBlockTableRecord
2
*Paper_Space0
340
0
70
0
0
BLOCK_RECORD
5
219
100
AcDbSymbolTableRecord
100
AcDbBlockTableRecord
2
*D1
340
0
70
0
0
BLOCK_RECORD
5
225
100
AcDbSymbolTableRecord
100
AcDbBlockTableRecord
2
_U0
340
0
70
0
0
BLOCK_RECORD
5
231
100
AcDbSymbolTableRecord
100
AcDbBlockTableRecord
2
*D3
340
0
70
0
0
BLOCK_RECORD
5
23E
100
AcDbSymbolTableRecord
100
AcDbBlockTableRecord
2
_U1
340
0
70
0
0
BLOCK_RECORD
5
24A
100
AcDbSymbolTableRecord
100
AcDbBlockTableRecord
2
*D5
340
0
70
0
0
BLOCK_RECORD
5
256
100
AcDbSymbolTableRecord
100
AcDbBlockTableRecord
2
_U2
340
0
70
0
0
ENDTAB
0
ENDSEC
0
SECTION
2
BLOCKS
0
BLOCK
5
20
100
AcDbEntity
8
0
100
AcDbBlockBegin
2
*Model_Space
70
0
10
0
20
0
30
0
3
*Model_Space
0
ENDBLK
5
21
100
AcDbEntity
8
0
100
AcDbBlockEnd
0
BLOCK
5
1C
100
AcDbEntity
8
0
100
AcDbBlockBegin
2
*Paper_Space
70
0
10
0
20
0
30
0
3
*Paper_Space
0
ENDBLK
5
1D
100
AcDbEntity
8
0
100
AcDbBlockEnd
0
BLOCK
5
24
100
AcDbEntity
8
0
100
AcDbBlockBegin
2
*Paper_Space0
70
0
10
0
20
0
30
0
3
*Paper_Space0
0
ENDBLK
5
25
100
AcDbEntity
8
0
100
AcDbBlockEnd
0
BLOCK
5
21A
100
AcDbEntity
8
0
100
AcDbBlockBegin
2
*D1
70
1
10
0
20
0
30
0
3
*D1
0
LINE
5
21C
100
AcDbEntity
8
0
62
256
6
ByLayer
370
-2
48
1
60
0
100
AcDbLine
10
30
20
-4.6375
30
0
11
30
21
-44.135279
31
0
39
0
210
0
220
0
230
1
0
LINE
5
21D
100
AcDbEntity
8
0
62
256
6
ByLayer
370
-2
48
1
60
0
100
AcDbLine
10
0
20
-1.5875
30
0
11
0
21
-44.135279
31
0
39
0
210
0
220
0
230
1
0
LINE
5
21E
100
AcDbEntity
8
0
62
256
6
ByLayer
370
-2
48
1
60
0
100
AcDbLine
10
26.5
20
-42.135279
30
0
11
3.5
21
-42.135279
31
0
39
0
210
0
220
0
230
1
0
SOLID
5
21F
100
AcDbEntity
8
0
62
256
6
ByLayer
370
-1
48
1
60
0
100
AcDbTrace
10
26.5
20
-42.718612
30
0
11
26.5
21
-41.551946
31
0
12
30
22
-42.135279
32
0
13
30
23
-42.135279
33
0
39
0
210
0
220
0
230
1
0
SOLID
5
220
100
AcDbEntity
8
0
62
256
6
ByLayer
370
-1
48
1
60
0
100
AcDbTrace
10
3.5
20
-41.551946
30
0
11
3.5
21
-42.718612
31
0
12
0
22
-42.135279
32
0
13
0
23
-42.135279
33
0
39
0
210
0
220
0
230
1
0
MTEXT
5
221
100
AcDbEntity
8
0
62
256
6
ByLayer
370
18
48
1
60
0
100
AcDbMText
10
15
20
-35.135279
30
0
210
0
220
0
230
1
1
\A1;30
40
3.5
41
0
44
1
50
0
71
5
72
5
7
iso_b_vert
0
POINT
5
222
100
AcDbEntity
8
Defpoints
62
0
6
ByLayer
370
-1
48
1
60
0
100
AcDbPoint
10
30
20
-3.05
30
0
39
0
210
0
220
0
230
1
50
360
0
POINT
5
223
100
AcDbEntity
8
Defpoints
62
0
6
ByLayer
370
-1
48
1
60
0
100
AcDbPoint
10
0
20
0
30
0
39
0
210
0
220
0
230
1
50
360
0
POINT
5
224
100
AcDbEntity
8
Defpoints
62
0
6
ByLayer
370
-1
48
1
60
0
100
AcDbPoint
10
0
20
-42.135279
30
0
39
0
210
0
220
0
230
1
50
360
0
ENDBLK
5
21B
100
AcDbEntity
8
0
100
AcDbBlockEnd
0
BLOCK
5
22C
100
AcDbEntity
8
0
100
AcDbBlockBegin
2
_U0
70
0
10
0
20
0
30
0
3
_U0
0
MTEXT
5
226
100
AcDbEntity
8
SK2
62
256
6
ByLayer
370
18
48
1
60
0
100
AcDbMText
10
13.095034
20
-41.102646
30
0
210
0
220
0
230
1
1
\W0.6740;30
40
3.5
41
0
44
1.084337
50
0
71
7
72
5
7
iso_b_vert
0
LINE
5
227
100
AcDbEntity
8
SK2
62
256
6
ByLayer
370
13
48
1
60
0
100
AcDbLine
10
30
20
-4.6375
30
0
11
30
21
-44.135279
31
0
39
0
210
0
220
0
230
1
0
LINE
5
228
100
AcDbEntity
8
SK2
62
256
6
ByLayer
370
13
48
1
60
0
100
AcDbLine
10
0
20
-1.5875
30
0
11
0
21
-44.135279
31
0
39
0
210
0
220
0
230
1
0
LINE
5
229
100
AcDbEntity
8
SK2
62
256
6
ByLayer
370
13
48
1
60
0
100
AcDbLine
10
30
20
-42.135279
30
0
11
0
21
-42.135279
31
0
39
0
210
0
220
0
230
1
0
SOLID
5
22A
100
AcDbEntity
8
SK2
62
256
6
ByLayer
370
18
48
1
60
0
100
AcDbTrace
10
30
20
-42.135279
30
0
11
26.500002
21
-42.596063
31
0
12
26.499998
22
-41.674495
32
0
13
26.499998
23
-41.674495
33
0
39
0
210
0
220
0
230
1
0
SOLID
5
22B
100
AcDbEntity
8
SK2
62
256
6
ByLayer
370
18
48
1
60
0
100
AcDbTrace
10
0
20
-42.135279
30
0
11
3.499998
21
-41.674495
31
0
12
3.500002
22
-42.596063
32
0
13
3.500002
23
-42.596063
33
0
39
0
210
0
220
0
230
1
0
ENDBLK
5
22D
100
AcDbEntity
8
0
100
AcDbBlockEnd
0
BLOCK
5
232
100
AcDbEntity
8
0
100
AcDbBlockBegin
2
*D3
70
1
10
0
20
0
30
0
3
*D3
0
LINE
5
234
100
AcDbEntity
8
0
62
256
6
ByLayer
370
-2
48
1
60
0
100
AcDbLine
10
30
20
-4.6375
30
0
11
30
21
-22.635279
31
0
39
0
210
0
220
0
230
1
0
LINE
5
235
100
AcDbEntity
8
0
62
256
6
ByLayer
370
-2
48
1
60
0
100
AcDbLine
10
11
20
-4.6375
30
0
11
11
21
-22.635279
31
0
39
0
210
0
220
0
230
1
0
LINE
5
236
100
AcDbEntity
8
0
62
256
6
ByLayer
370
-2
48
1
60
0
100
AcDbLine
10
30
20
-20.635279
30
0
11
51.98615
21
-20.635279
31
0
39
0
210
0
220
0
230
1
0
LINE
5
237
100
AcDbEntity
8
0
62
256
6
ByLayer
370
-2
48
1
60
0
100
AcDbLine
10
26.5
20
-20.635279
30
0
11
14.5
21
-20.635279
31
0
39
0
210
0
220
0
230
1
0
SOLID
5
238
100
AcDbEntity
8
0
62
256
6
ByLayer
370
-1
48
1
60
0
100
AcDbTrace
10
26.5
20
-21.218612
30
0
11
26.5
21
-20.051946
31
0
12
30
22
-20.635279
32
0
13
30
23
-20.635279
33
0
39
0
210
0
220
0
230
1
0
SOLID
5
239
100
AcDbEntity
8
0
62
256
6
ByLayer
370
-1
48
1
60
0
100
AcDbTrace
10
14.5
20
-20.051946
30
0
11
14.5
21
-21.218612
31
0
12
11
22
-20.635279
32
0
13
11
23
-20.635279
33
0
39
0
210
0
220
0
230
1
0
MTEXT
5
23A
100
AcDbEntity
8
0
62
256
6
ByLayer
370
18
48
1
60
0
100
AcDbMText
10
44.23615
20
-13.635279
30
0
210
0
220
0
230
1
1
\A1;19
40
3.5
41
0
44
1
50
0
71
5
72
5
7
iso_b_vert
0
POINT
5
23B
100
AcDbEntity
8
Defpoints
62
0
6
ByLayer
370
-1
48
1
60
0
100
AcDbPoint
10
30
20
-3.05
30
0
39
0
210
0
220
0
230
1
50
360
0
POINT
5
23C
100
AcDbEntity
8
Defpoints
62
0
6
ByLayer
370
-1
48
1
60
0
100
AcDbPoint
10
11
20
-3.05
30
0
39
0
210
0
220
0
230
1
50
360
0
POINT
5
23D
100
AcDbEntity
8
Defpoints
62
0
6
ByLayer
370
-1
48
1
60
0
100
AcDbPoint
10
11
20
-20.635279
30
0
39
0
210
0
220
0
230
1
50
360
0
ENDBLK
5
233
100
AcDbEntity
8
0
100
AcDbBlockEnd
0
BLOCK
5
245
100
AcDbEntity
8
0
100
AcDbBlockBegin
2
_U1
70
0
10
0
20
0
30
0
3
_U1
0
MTEXT
5
23F
100
AcDbEntity
8
2
62
256
6
ByLayer
370
18
48
1
60
0
100
AcDbMText
10
42.768617
20
-19.602646
30
0
210
0
220
0
230
1
1
\W0.5469;19
40
3.5
41
0
44
1.084337
50
0
71
7
72
5
7
iso_b_vert
0
LINE
5
240
100
AcDbEntity
8
2
62
256
6
ByLayer
370
13
48
1
60
0
100
AcDbLine
10
30
20
-4.6375
30
0
11
30
21
-22.635279
31
0
39
0
210
0
220
0
230
1
0
LINE
5
241
100
AcDbEntity
8
2
62
256
6
ByLayer
370
13
48
1
60
0
100
AcDbLine
10
11
20
-4.6375
30
0
11
11
21
-22.635279
31
0
39
0
210
0
220
0
230
1
0
LINE
5
242
100
AcDbEntity
8
2
62
256
6
ByLayer
370
13
48
1
60
0
100
AcDbLine
10
11
20
-20.635279
30
0
11
45.889183
21
-20.635279
31
0
39
0
210
0
220
0
230
1
0
SOLID
5
243
100
AcDbEntity
8
2
62
256
6
ByLayer
370
18
48
1
60
0
100
AcDbTrace
10
30
20
-20.635279
30
0
11
26.500002
21
-21.096063
31
0
12
26.499998
22
-20.174495
32
0
13
26.499998
23
-20.174495
33
0
39
0
210
0
220
0
230
1
0
SOLID
5
244
100
AcDbEntity
8
2
62
256
6
ByLayer
370
18
48
1
60
0
100
AcDbTrace
10
11
20
-20.635279
30
0
11
14.499998
21
-20.174495
31
0
12
14.500002
22
-21.096063
32
0
13
14.500002
23
-21.096063
33
0
39
0
210
0
220
0
230
1
0
ENDBLK
5
246
100
AcDbEntity
8
0
100
AcDbBlockEnd
0
BLOCK
5
24B
100
AcDbEntity
8
0
100
AcDbBlockBegin
2
*D5
70
1
10
0
20
0
30
0
3
*D5
0
LINE
5
24D
100
AcDbEntity
8
0
62
256
6
ByLayer
370
-2
48
1
60
0
100
AcDbLine
10
30
20
-4.6375
30
0
11
30
21
-37.135279
31
0
39
0
210
0
220
0
230
1
0
LINE
5
24E
100
AcDbEntity
8
0
62
256
6
ByLayer
370
-2
48
1
60
0
100
AcDbLine
10
2.997679
20
-4.4375
30
0
11
2.997679
21
-37.135279
31
0
39
0
210
0
220
0
230
1
0
LINE
5
24F
100
AcDbEntity
8
0
62
256
6
ByLayer
370
-2
48
1
60
0
100
AcDbLine
10
26.5
20
-35.135279
30
0
11
6.497679
21
-35.135279
31
0
39
0
210
0
220
0
230
1
0
SOLID
5
250
100
AcDbEntity
8
0
62
256
6
ByLayer
370
-1
48
1
60
0
100
AcDbTrace
10
26.5
20
-35.718612
30
0
11
26.5
21
-34.551946
31
0
12
30
22
-35.135279
32
0
13
30
23
-35.135279
33
0
39
0
210
0
220
0
230
1
0
SOLID
5
251
100
AcDbEntity
8
0
62
256
6
ByLayer
370
-1
48
1
60
0
100
AcDbTrace
10
6.497679
20
-34.551946
30
0
11
6.497679
21
-35.718612
31
0
12
2.997679
22
-35.135279
32
0
13
2.997679
23
-35.135279
33
0
39
0
210
0
220
0
230
1
0
MTEXT
5
252
100
AcDbEntity
8
0
62
256
6
ByLayer
370
18
48
1
60
0
100
AcDbMText
10
16.498839
20
-28.135279
30
0
210
0
220
0
230
1
1
\A1;27
40
3.5
41
0
44
1
50
0
71
5
72
5
7
iso_b_vert
0
POINT
5
253
100
AcDbEntity
8
Defpoints
62
0
6
ByLayer
370
-1
48
1
60
0
100
AcDbPoint
10
30
20
-3.05
30
0
39
0
210
0
220
0
230
1
50
360
0
POINT
5
254
100
AcDbEntity
8
Defpoints
62
0
6
ByLayer
370
-1
48
1
60
0
100
AcDbPoint
10
2.997679
20
-2.85
30
0
39
0
210
0
220
0
230
1
50
360
0
POINT
5
255
100
AcDbEntity
8
Defpoints
62
0
6
ByLayer
370
-1
48
1
60
0
100
AcDbPoint
10
2.997679
20
-35.135279
30
0
39
0
210
0
220
0
230
1
50
360
0
ENDBLK
5
24C
100
AcDbEntity
8
0
100
AcDbBlockEnd
0
BLOCK
5
25D
100
AcDbEntity
8
0
100
AcDbBlockBegin
2
_U2
70
0
10
0
20
0
30
0
3
_U2
0
MTEXT
5
257
100
AcDbEntity
8
SK2
62
256
6
ByLayer
370
18
48
1
60
0
100
AcDbMText
10
14.593873
20
-34.102646
30
0
210
0
220
0
230
1
1
\W0.6740;27
40
3.5
41
0
44
1.084337
50
0
71
7
72
5
7
iso_b_vert
0
LINE
5
258
100
AcDbEntity
8
SK2
62
256
6
ByLayer
370
13
48
1
60
0
100
AcDbLine
10
30
20
-4.6375
30
0
11
30
21
-37.135279
31
0
39
0
210
0
220
0
230
1
0
LINE
5
259
100
AcDbEntity
8
SK2
62
256
6
ByLayer
370
13
48
1
60
0
100
AcDbLine
10
2.997679
20
-4.4375
30
0
11
2.997679
21
-37.135279
31
0
39
0
210
0
220
0
230
1
0
LINE
5
25A
100
AcDbEntity
8
SK2
62
256
6
ByLayer
370
13
48
1
60
0
100
AcDbLine
10
30
20
-35.135279
30
0
11
2.997679
21
-35.135279
31
0
39
0
210
0
220
0
230
1
0
SOLID
5
25B
100
AcDbEntity
8
SK2
62
256
6
ByLayer
370
18
48
1
60
0
100
AcDbTrace
10
30
20
-35.135279
30
0
11
26.500002
21
-35.596063
31
0
12
26.499998
22
-34.674495
32
0
13
26.499998
23
-34.674495
33
0
39
0
210
0
220
0
230
1
0
SOLID
5
25C
100
AcDbEntity
8
SK2
62
256
6
ByLayer
370
18
48
1
60
0
100
AcDbTrace
10
2.997679
20
-35.135279
30
0
11
6.497677
21
-34.674495
31
0
12
6.497681
22
-35.596063
32
0
13
6.497681
23
-35.596063
33
0
39
0
210
0
220
0
230
1
0
ENDBLK
5
25E
100
AcDbEntity
8
0
100
AcDbBlockEnd
0
ENDSEC
0
SECTION
2
ENTITIES
0
ARC
5
D6
100
AcDbEntity
8
1
62
256
6
ByLayer
370
18
48
1
60
0
100
AcDbCircle
39
0
10
2.997679
20
3.85
30
0
40
1
210
0
220
0
230
1
100
AcDbArc
50
240
51
270
0
ARC
5
D7
100
AcDbEntity
8
1
62
256
6
ByLayer
370
18
48
1
60
0
100
AcDbCircle
39
0
10
2.997679
20
-3.85
30
0
40
1
210
0
220
0
230
1
100
AcDbArc
50
90
51
120
0
ELLIPSE
5
D8
100
AcDbEntity
8
1
62
256
6
ByLayer
370
13
48
1
60
0
100
AcDbEllipse
10
17.816312
20
58.673013
30
0
11
30.4611906222115
21
-64.3378079192049
31
0
210
0
220
0
230
1
40
0.601736
41
-0.86086689031702
42
-0.826370704620742
0
ELLIPSE
5
D9
100
AcDbEntity
8
1
62
256
6
ByLayer
370
18
48
1
60
0
100
AcDbEllipse
10
29.619929
20
-0.138251
30
0
11
0.125910466448719
21
-0.555825165974965
31
0
210
0
220
0
230
1
40
0.694385
41
3.11457092111205
42
-3.01911638740365
0
ELLIPSE
5
DA
100
AcDbEntity
8
1
62
256
6
ByLayer
370
13
48
1
60
0
100
AcDbEllipse
10
17.816312
20
56.349829
30
0
11
32.6635189772538
21
-63.2481793413359
31
0
210
0
220
0
230
1
40
0.583024
41
-0.889822157401394
42
-0.871677517831799
0
ELLIPSE
5
DB
100
AcDbEntity
8
1
62
256
6
ByLayer
370
13
48
1
60
0
100
AcDbEllipse
10
17.816312
20
-29.718152
30
0
11
48.0191140735192
21
-52.5490470471688
31
0
210
0
220
0
230
1
40
0.2092
41
1.94262467474031
42
1.96234012209942
0
ELLIPSE
5
DC
100
AcDbEntity
8
1
62
256
6
ByLayer
370
13
48
1
60
0
100
AcDbEllipse
10
17.816312
20
-22.625054
30
0
11
48.7297220551764
21
-51.8907684506258
31
0
210
0
220
0
230
1
40
0.139102
41
1.87416034644391
42
1.91206779750481
0
POINT
5
70
100
AcDbEntity
8
80
62
256
6
ByLayer
370
18
48
1
60
0
100
AcDbPoint
10
0
20
0
30
0
39
0
210
0
220
0
230
1
50
360
0
POINT
5
72
100
AcDbEntity
8
81
62
256
6
ByLayer
370
18
48
1
60
0
100
AcDbPoint
10
30
20
0
30
0
39
0
210
0
220
0
230
1
50
360
0
POINT
5
74
100
AcDbEntity
8
1
62
256
6
ByLayer
370
18
48
1
60
1
100
AcDbPoint
10
30
20
-3.05
30
0
39
0
210
0
220
0
230
1
50
360
0
POINT
5
76
100
AcDbEntity
8
1
62
256
6
ByLayer
370
18
48
1
60
1
100
AcDbPoint
10
0
20
0
30
0
39
0
210
0
220
0
230
1
50
360
0
POINT
5
77
100
AcDbEntity
8
1
62
256
6
ByLayer
370
18
48
1
60
1
100
AcDbPoint
10
30
20
-3.05
30
0
39
0
210
0
220
0
230
1
50
360
0
POINT
5
78
100
AcDbEntity
8
1
62
256
6
ByLayer
370
18
48
1
60
1
100
AcDbPoint
10
11
20
-3.05
30
0
39
0
210
0
220
0
230
1
50
360
0
POINT
5
79
100
AcDbEntity
8
1
62
256
6
ByLayer
370
18
48
1
60
1
100
AcDbPoint
10
30
20
-3.05
30
0
39
0
210
0
220
0
230
1
50
360
0
POINT
5
7A
100
AcDbEntity
8
1
62
256
6
ByLayer
370
18
48
1
60
1
100
AcDbPoint
10
2.997679
20
-2.85
30
0
39
0
210
0
220
0
230
1
50
360
0
SPLINE
5
DD
100
AcDbEntity
8
1
62
256
6
ByLayer
370
18
48
1
60
0
100
AcDbSpline
70
4
71
3
72
11
73
7
40
0
40
0
40
0
40
0
40
0.40822757433082
40
0.628050892931461
40
0.847125009759027
40
1
40
1
40
1
40
1
41
1
10
15.6946874208305
20
2.12135359354423
30
0
41
1
10
16.047580247827
20
1.8965848853486
30
0
41
1
10
16.592698277247
20
1.49428702792389
30
0
41
1
10
17.3322901613167
20
0.873334627177115
30
0
41
1
10
17.8510244794265
20
0.414686064921369
30
0
41
1
10
18.177178361982
20
0.120984551459742
30
0
41
1
10
18.3111375155549
20
0.0003584316218337
30
0
0
SPLINE
5
DE
100
AcDbEntity
8
1
62
256
6
ByLayer
370
18
48
1
60
0
100
AcDbSpline
70
4
71
5
72
15
73
9
40
0
40
0
40
0
40
0
40
0
40
0
40
0.33
40
0.68302898401136
40
0.844461159243797
40
1
40
1
40
1
40
1
40
1
40
1
41
1
10
12.7185344215363
20
-2.11466770657975
30
0
41
1
10
12.9922065729833
20
-2.2894266534984
30
0
41
1
10
13.5590280897585
20
-2.61420511534857
30
0
41
1
10
14.2586982833613
20
-2.90858171260729
30
0
41
1
10
15.0889720299706
20
-3.0682002626823
30
0
41
1
10
15.9176473679064
20
-2.99132919254563
30
0
41
1
10
16.4737240576507
20
-2.83845109545183
30
0
41
1
10
16.7364760944822
20
-2.74457239102208
30
0
41
1
10
16.8655094478524
20
-2.69338399524173
30
0
0
SPLINE
5
DF
100
AcDbEntity
8
1
62
256
6
ByLayer
370
18
48
1
60
0
100
AcDbSpline
70
4
71
3
72
11
73
7
40
0
40
0
40
0
40
0
40
0.408227574653147
40
0.628050893377546
40
0.847125010328442
40
1
40
1
40
1
40
1
41
1
10
15.6946874205906
20
-0.469327051143381
30
0
41
1
10
16.0475802476664
20
-0.155473697717071
30
0
41
1
10
16.5926982771661
20
0.341503938767716
30
0
41
1
10
17.3322901613168
20
0.989601806799215
30
0
41
1
10
17.8510244788519
20
1.4174003077261
30
0
41
1
10
18.1771783608324
20
1.6654795042619
30
0
41
1
10
18.3111375138318
20
1.76308760268321
30
0
0
SPLINE
5
E0
100
AcDbEntity
8
1
62
256
6
ByLayer
370
18
48
1
60
0
100
AcDbSpline
70
4
71
5
72
15
73
9
40
0
40
0
40
0
40
0
40
0
40
0
40
0.33
40
0.683028984011316
40
0.844461159331451
40
1
40
1
40
1
40
1
40
1
40
1
41
1
10
12.7185344215888
20
0.460028527996997
30
0
41
1
10
12.9922065730309
20
0.703506357395668
30
0
41
1
10
13.5590280898013
20
1.19948330713956
30
0
41
1
10
14.2586982834604
20
1.77408317261026
30
0
41
1
10
15.0889720300664
20
2.34476228966045
30
0
41
1
10
15.9176473679832
20
2.72607789578063
30
0
41
1
10
16.4737240577234
20
2.88392105505778
30
0
41
1
10
16.7364760945493
20
2.93578891867745
30
0
41
1
10
16.8655094478457
20
2.95568739794808
30
0
0
SPLINE
5
E1
100
AcDbEntity
8
1
62
256
6
ByLayer
370
18
48
1
60
0
100
AcDbSpline
70
4
71
5
72
14
73
8
40
0
40
0
40
0
40
0
40
0
40
0
40
0.38640943174931
40
0.716917452114267
40
1
40
1
40
1
40
1
40
1
40
1
41
1
10
12.718534421494
20
2.98256346490686
30
0
41
1
10
12.9485513920442
20
3.00483958234957
30
0
41
1
10
13.3753226939498
20
3.01312172726324
30
0
41
1
10
13.9704177027052
20
2.93884528742106
30
0
41
1
10
14.5658115843739
20
2.74482638546246
30
0
41
1
10
15.1609621140493
20
2.44652684802304
30
0
41
1
10
15.5261953982344
20
2.2286623757827
30
0
41
1
10
15.6946870777469
20
2.12135381206511
30
0
0
SPLINE
5
E2
100
AcDbEntity
8
1
62
256
6
ByLayer
370
18
48
1
60
0
100
AcDbSpline
70
4
71
5
72
12
73
6
40
0
40
0
40
0
40
0
40
0
40
0
40
1
40
1
40
1
40
1
40
1
40
1
41
1
10
28.888
20
0.0984146238061783
30
0
41
1
10
28.6377628402255
20
-0.126796429675807
30
0
41
1
10
28.3875593537727
20
-0.352821461765558
30
0
41
1
10
28.1373941759247
20
-0.576722065264818
30
0
41
1
10
27.8870485639415
20
-0.796010012860251
30
0
41
1
10
27.6367940620472
20
-1.0082135001914
30
0
0
SPLINE
5
E3
100
AcDbEntity
8
1
62
256
6
ByLayer
370
18
48
1
60
0
100
AcDbSpline
70
4
71
5
72
12
73
6
40
0
40
0
40
0
40
0
40
0
40
0
40
1
40
1
40
1
40
1
40
1
40
1
41
1
10
11
20
-0.789974603330307
30
0
41
1
10
11.343547192452
20
-1.08869252050869
30
0
41
1
10
11.6875484784808
20
-1.37643377339629
30
0
41
1
10
12.0311937895356
20
-1.64739746574142
30
0
41
1
10
12.3748117157595
20
-1.89517654616762
30
0
41
1
10
12.7185344215363
20
-2.11466770657975
30
0
0
SPLINE
5
E4
100
AcDbEntity
8
1
62
256
6
ByLayer
370
18
48
1
60
0
100
AcDbSpline
70
4
71
5
72
14
73
8
40
0
40
0
40
0
40
0
40
0
40
0
40
0.386409431719793
40
0.716917452114277
40
1
40
1
40
1
40
1
40
1
40
1
41
1
10
12.7185344216241
20
-2.60275149375005
30
0
41
1
10
12.9485513921277
20
-2.49975464197786
30
0
41
1
10
13.3753226939814
20
-2.2799135969704
30
0
41
1
10
13.9704177026611
20
-1.90378213017166
30
0
41
1
10
14.5658115842573
20
-1.44710460459328
30
0
41
1
10
15.160962113858
20
-0.940743140130451
30
0
41
1
10
15.5261953980156
20
-0.619177279326038
30
0
41
1
10
15.694687077507
20
-0.469327356272686
30
0
0
SPLINE
5
E5
100
AcDbEntity
8
1
62
256
6
ByLayer
370
18
48
1
60
0
100
AcDbSpline
70
4
71
3
72
8
73
4
40
0
40
0
40
0
40
0
40
1
40
1
40
1
40
1
41
1
10
18.3711245715334
20
-0.0536548842147795
30
0
41
1
10
18.3511311947594
20
-0.0356546191135863
30
0
41
1
10
18.3311353599644
20
-0.0176490436876406
30
0
41
1
10
18.3111374410556
20
0.0003584992784624
30
0
0
SPLINE
5
E6
100
AcDbEntity
8
1
62
256
6
ByLayer
370
18
48
1
60
0
100
AcDbSpline
70
4
71
5
72
12
73
6
40
0
40
0
40
0
40
0
40
0
40
0
40
1
40
1
40
1
40
1
40
1
40
1
41
1
10
11
20
-1.06201914510274
30
0
41
1
10
11.3435471924627
20
-0.772398307292235
30
0
41
1
10
11.6875484785017
20
-0.469152025855692
30
0
41
1
10
12.0311937895671
20
-0.15781323317961
30
0
41
1
10
12.3748117158016
20
0.154228840746725
30
0
41
1
10
12.7185344215888
20
0.460028527996997
30
0
0
SPLINE
5
E7
100
AcDbEntity
8
1
62
256
6
ByLayer
370
18
48
1
60
0
100
AcDbSpline
70
4
71
5
72
12
73
6
40
0
40
0
40
0
40
0
40
0
40
0
40
1
40
1
40
1
40
1
40
1
40
1
41
1
10
11
20
2.43525534127446
30
0
41
1
10
11.3435471924445
20
2.6160612591834
30
0
41
1
10
11.6875484784623
20
2.76424061329021
30
0
41
1
10
12.0311937895118
20
2.87618452038333
30
0
41
1
10
12.3748117157249
20
2.94927545427387
30
0
41
1
10
12.718534421494
20
2.98256346490686
30
0
0
SPLINE
5
E8
100
AcDbEntity
8
1
62
256
6
ByLayer
370
18
48
1
60
0
100
AcDbSpline
70
4
71
5
72
17
73
11
40
0
40
0
40
0
40
0
40
0
40
0
40
0.194052695716823
40
0.260577202653399
40
0.395642110676143
40
0.596835005312269
40
0.798188278715107
40
1
40
1
40
1
40
1
40
1
40
1
41
1
10
19.5878917275656
20
2.54275971042625
30
0
41
1
10
19.787971236388
20
2.63838155548925
30
0
41
1
10
20.056378369952
20
2.75114837055565
30
0
41
1
10
20.464406842958
20
2.88962209143855
30
0
41
1
10
21.0793853899221
20
3.01671160403737
30
0
41
1
10
21.9023352632162
20
3.01729920194865
30
0
41
1
10
22.732798483649
20
2.84087074324089
30
0
41
1
10
23.4952458237811
20
2.49348042705054
30
0
41
1
10
24.1179687645384
20
2.10497175088537
30
0
41
1
10
24.5336406911199
20
1.80881737073233
30
0
41
1
10
24.7416278381288
20
1.65255261020465
30
0
0
SPLINE
5
E9
100
AcDbEntity
8
1
62
256
6
ByLayer
370
18
48
1
60
0
100
AcDbSpline
70
4
71
5
72
16
73
10
40
0
40
0
40
0
40
0
40
0
40
0
40
0.2211
40
0.67
40
0.820467809141151
40
0.879713432124571
40
1
40
1
40
1
40
1
40
1
40
1
41
1
10
18.3956798274481
20
2.87729162246663
30
0
41
1
10
18.6762678320015
20
2.80577633316065
30
0
41
1
10
19.5267216668931
20
2.51139812674919
30
0
41
1
10
20.5678959219113
20
1.87680379174185
30
0
41
1
10
21.6845876558734
20
0.915440647310731
30
0
41
1
10
22.9536474934048
20
-0.271861532069607
30
0
41
1
10
23.9422968532517
20
-1.12374877699202
30
0
41
1
10
24.3611138175335
20
-1.45972142826764
30
0
41
1
10
24.5889589560839
20
-1.633488658071
30
0
41
1
10
24.741627837937
20
-1.74531617682751
30
0
0
SPLINE
5
EA
100
AcDbEntity
8
1
62
256
6
ByLayer
370
18
48
1
60
0
100
AcDbSpline
70
4
71
5
72
12
73
6
40
0
40
0
40
0
40
0
40
0
40
0
40
1
40
1
40
1
40
1
40
1
40
1
41
1
10
11
20
-2.99996731882919
30
0
41
1
10
11.3435471924696
20
-2.99847860073214
30
0
41
1
10
11.687548478516
20
-2.95716450979046
30
0
41
1
10
12.031193789588
20
-2.87590391178233
30
0
41
1
10
12.3748117158299
20
-2.75666342686489
30
0
41
1
10
12.7185344216241
20
-2.60275149375005
30
0
0
SPLINE
5
EB
100
AcDbEntity
8
1
62
256
6
ByLayer
370
18
48
1
60
0
100
AcDbSpline
70
4
71
5
72
18
73
12
40
0
40
0
40
0
40
0
40
0
40
0
40
0.10478811488669
40
0.194207449648741
40
0.391418567196294
40
0.588586913716447
40
0.785832913714007
40
0.856508052188385
40
1
40
1
40
1
40
1
40
1
40
1
41
1
10
18.3111374416327
20
-1.88826409668511
30
0
41
1
10
18.4458861945873
20
-1.79398871083563
30
0
41
1
10
18.6956957593427
20
-1.61205001369274
30
0
41
1
10
19.1990495255101
20
-1.22084653074577
30
0
41
1
10
19.9561104689354
20
-0.571931220236962
30
0
41
1
10
20.9666438223795
20
0.356008496136155
30
0
41
1
10
21.9335807717239
20
1.22211180338422
30
0
41
1
10
22.9697638616159
20
2.0156643087771
30
0
41
1
10
23.7525701962654
20
2.47204985136267
30
0
41
1
10
24.2816367371048
20
2.698829929444
30
0
41
1
10
24.5570944786546
20
2.79366572817165
30
0
41
1
10
24.7416276024485
20
2.84623786575438
30
0
0
SPLINE
5
EC
100
AcDbEntity
8
1
62
256
6
ByLayer
370
18
48
1
60
0
100
AcDbSpline
70
4
71
3
72
9
73
5
40
0
40
0
40
0
40
0
40
0.135671595478242
40
1
40
1
40
1
40
1
41
1
10
18.3111488475529
20
1.76309674943286
30
0
41
1
10
18.369068797527
20
1.80529950225127
30
0
41
1
10
18.7958528010971
20
2.11036406567962
30
0
41
1
10
19.2211934433354
20
2.3675078018708
30
0
41
1
10
19.5878916370432
20
2.54275994738177
30
0
0
SPLINE
5
ED
100
AcDbEntity
8
1
62
256
6
ByLayer
370
18
48
1
60
0
100
AcDbSpline
70
4
71
3
72
10
73
6
40
0
40
0
40
0
40
0
40
0.306433942469234
40
0.682422591054693
40
1
40
1
40
1
40
1
41
1
10
16.8655094478471
20
2.95568739794831
30
0
41
1
10
17.0211925682559
20
2.97969558849491
30
0
41
1
10
17.3684718149184
20
3.01158672232523
30
0
41
1
10
17.8792197177355
20
2.98652090431207
30
0
41
1
10
18.2335889950291
20
2.9186025782648
30
0
41
1
10
18.395679716116
20
2.87728995867198
30
0
0
SPLINE
5
EE
100
AcDbEntity
8
1
62
256
6
ByLayer
370
18
48
1
60
0
100
AcDbSpline
70
4
71
3
72
10
73
6
40
0
40
0
40
0
40
0
40
0.273771904704222
40
0.273771904704222
40
1
40
1
40
1
40
1
41
1
10
29.6909454411221
20
-2.78754545044504
30
0
41
1
10
29.6910331787582
20
-2.79235695223306
30
0
41
1
10
29.691320711358
20
-2.79675666908688
30
0
41
1
10
29.6925987464111
20
-2.81138351205081
30
0
41
1
10
29.6939586216426
20
-2.8192249385344
30
0
41
1
10
29.6933417611453
20
-2.82450516915338
30
0
0
SPLINE
5
EF
100
AcDbEntity
8
1
62
256
6
ByLayer
370
18
48
1
60
0
100
AcDbSpline
70
4
71
1
72
4
73
2
40
0
40
0
40
1
40
1
41
1
10
29.9107850473524
20
0.221098659516656
30
0
41
1
10
29.9043998403816
20
0.184562980758841
30
0
0
SPLINE
5
F0
100
AcDbEntity
8
1
62
256
6
ByLayer
370
18
48
1
60
0
100
AcDbSpline
70
4
71
3
72
8
73
4
40
0
40
0
40
0
40
0
40
1
40
1
40
1
40
1
41
1
10
29.9720820353077
20
0.691542205487423
30
0
41
1
10
29.951637824738
20
0.534703525398555
30
0
41
1
10
29.9311936141683
20
0.377864845309716
30
0
41
1
10
29.9107494035987
20
0.221026165220877
30
0
0
SPLINE
5
F1
100
AcDbEntity
8
1
62
256
6
ByLayer
370
18
48
1
60
0
100
AcDbSpline
70
4
71
3
72
10
73
6
40
0
40
0
40
0
40
0
40
0.709437374471397
40
0.709437374471397
40
1
40
1
40
1
40
1
41
1
10
29.9720820353188
20
0.691542205573569
30
0
41
1
10
29.9745835950625
20
0.705910757304508
30
0
41
1
10
29.9703335817965
20
0.719471470634204
30
0
41
1
10
29.9558961759015
20
0.737575547509778
30
0
41
1
10
29.9506448164996
20
0.74273418966493
30
0
41
1
10
29.9444553151962
20
0.74768057409679
30
0
0
SPLINE
5
F2
100
AcDbEntity
8
1
62
256
6
ByLayer
370
18
48
1
60
0
100
AcDbSpline
70
4
71
3
72
10
73
6
40
0
40
0
40
0
40
0
40
0.811605756952305
40
0.811605756952305
40
1
40
1
40
1
40
1
41
1
10
29.9720820353188
20
-2.11557558454604
30
0
41
1
10
29.9745835950627
20
-2.1553045003316
30
0
41
1
10
29.9703335817966
20
-2.19466278118722
30
0
41
1
10
29.9577136179229
20
-2.24275179485744
30
0
41
1
10
29.9549967631397
20
-2.25181516268188
30
0
41
1
10
29.9519621089586
20
-2.26081951326788
30
0
0
SPLINE
5
F3
100
AcDbEntity
8
1
62
256
6
ByLayer
370
18
48
1
60
0
100
AcDbSpline
70
4
71
3
72
18
73
14
40
0
40
0
40
0
40
0
40
0.0865817489409585
40
0.174211184145223
40
0.262874788952869
40
0.352560479618292
40
0.443260234549206
40
0.53496826416532
40
0.627674739323686
40
0.721359191804409
40
0.815994684623541
40
0.911561058280293
40
1
40
1
40
1
40
1
41
1
10
29.9059894017327
20
-2.40095672788195
30
0
41
1
10
29.9052758612388
20
-2.40681714109255
30
0
41
1
10
29.9038401460227
20
-2.41860888170174
30
0
41
1
10
29.9006209983063
20
-2.43649460751459
30
0
41
1
10
29.8966081313336
20
-2.45461426764882
30
0
41
1
10
29.8917138495349
20
-2.47294097906868
30
0
41
1
10
29.8859472256335
20
-2.49143493458391
30
0
41
1
10
29.8792904852454
20
-2.51005790913541
30
0
41
1
10
29.8717379643108
20
-2.52876834052378
30
0
41
1
10
29.8632896049478
20
-2.54752292473972
30
0
41
1
10
29.8539497490345
20
-2.56627730219066
30
0
41
1
10
29.8440078874848
20
-2.5844611646533
30
0
41
1
10
29.8369608926445
20
-2.59630348125901
30
0
41
1
10
29.833465834044
20
-2.60195233820465
30
0
0
SPLINE
5
F4
100
AcDbEntity
8
1
62
256
6
ByLayer
370
13
48
1
60
0
100
AcDbSpline
70
4
71
3
72
8
73
4
40
0
40
0
40
0
40
0
40
1
40
1
40
1
40
1
41
1
10
29.9720820353063
20
-2.11557558459697
30
0
41
1
10
29.9516378247368
20
-2.18685268101851
30
0
41
1
10
29.9311936141673
20
-2.25812977744002
30
0
41
1
10
29.9107494035978
20
-2.32940687386156
30
0
0
SPLINE
5
F5
100
AcDbEntity
8
1
62
256
6
ByLayer
370
18
48
1
60
0
100
AcDbSpline
70
4
71
3
72
22
73
18
40
0
40
0
40
0
40
0
40
0.25
40
0.25
40
0.375
40
0.375
40
0.5
40
0.5
40
0.625
40
0.625
40
0.75
40
0.75
40
0.875
40
0.875
40
0.9375
40
0.9375
40
1
40
1
40
1
40
1
41
1
10
29.9720820353188
20
2.46554983981622
30
0
41
1
10
29.9745835950632
20
2.51269192848215
30
0
41
1
10
29.9703335817966
20
2.55898420757452
30
0
41
1
10
29.954969928798
20
2.62729124150496
30
0
41
1
10
29.9482743207101
20
2.64998447452038
30
0
41
1
10
29.9321646053656
20
2.69376350279271
30
0
41
1
10
29.9227457756307
20
2.71498701023481
30
0
41
1
10
29.9011942725901
20
2.75610889681585
30
0
41
1
10
29.8890453088645
20
2.77601675426521
30
0
41
1
10
29.8618742528192
20
2.81435905155362
30
0
41
1
10
29.8471526880085
20
2.83236918852276
30
0
41
1
10
29.8154568751917
20
2.86608725577457
30
0
41
1
10
29.7984837479003
20
2.88179633140984
30
0
41
1
10
29.771248037952
20
2.90354488145215
30
0
41
1
10
29.761872256923
20
2.91049065313257
30
0
41
1
10
29.7424959136194
20
2.92374367991715
30
0
41
1
10
29.7325665750645
20
2.92999886896419
30
0
41
1
10
29.7224887044055
20
2.93582857102277
30
0
0
SPLINE
5
F6
100
AcDbEntity
8
1
62
256
6
ByLayer
370
18
48
1
60
0
100
AcDbSpline
70
4
71
3
72
8
73
4
40
0
40
0
40
0
40
0
40
1
40
1
40
1
40
1
41
1
10
29.7681345049541
20
-2.64783459887178
30
0
41
1
10
29.8140836075982
20
-2.56569115227535
30
0
41
1
10
29.8600211981947
20
-2.48333481637872
30
0
41
1
10
29.9059505592223
20
-2.40082932313894
30
0
0
SPLINE
5
F7
100
AcDbEntity
8
1
62
256
6
ByLayer
370
18
48
1
60
0
100
AcDbSpline
70
4
71
3
72
14
73
10
40
0
40
0
40
0
40
0
40
0.25
40
0.25
40
0.5
40
0.5
40
0.75
40
0.75
40
1
40
1
40
1
40
1
41
1
10
29.9059739650698
20
-2.40109924452483
30
0
41
1
10
29.9069299602172
20
-2.395035477942
30
0
41
1
10
29.9077952074259
20
-2.38891876694063
30
0
41
1
10
29.9092843798195
20
-2.37654455216224
30
0
41
1
10
29.9099025590903
20
-2.37030838096072
30
0
41
1
10
29.9107879157741
20
-2.3581061426695
30
0
41
1
10
29.9110613151324
20
-2.35206778692751
30
0
41
1
10
29.9112018660437
20
-2.34031030922216
30
0
41
1
10
29.9110680981665
20
-2.33473228148665
30
0
41
1
10
29.9107395074073
20
-2.32944137612696
30
0
0
SPLINE
5
F8
100
AcDbEntity
8
1
62
256
6
ByLayer
370
18
48
1
60
0
100
AcDbSpline
70
4
71
1
72
4
73
2
40
0
40
0
40
1
40
1
41
1
10
29.9107850473531
20
-2.32937293156724
30
0
41
1
10
29.9043998403816
20
-2.22655955398815
30
0
0
SPLINE
5
F9
100
AcDbEntity
8
1
62
256
6
ByLayer
370
18
48
1
60
0
100
AcDbSpline
70
4
71
3
72
23
73
19
40
0
40
0
40
0
40
0
40
0.0672608404903606
40
0.0672608404903606
40
0.134521680980721
40
0.134521680980721
40
0.269043361961511
40
0.403565042942301
40
0.403565042942301
40
0.538086723923091
40
0.538086723923091
40
0.80713008588467
40
0.80713008588467
40
0.874390926375034
40
0.874390926375034
40
0.941651766865399
40
0.941651766865399
40
1
40
1
40
1
40
1
41
1
10
29.7244765878774
20
1.3642E-12
30
0
41
1
10
29.7144297652889
20
0.0041783215864371
30
0
41
1
10
29.7045087862625
20
0.0086936459894105
30
0
41
1
10
29.6849054731912
20
0.0184174427281221
30
0
41
1
10
29.6751896962122
20
0.0236461338104732
30
0
41
1
10
29.6466616515124
20
0.0402390045572076
30
0
41
1
10
29.6103302879677
20
0.0647137887925453
30
0
41
1
10
29.5769560703958
20
0.0936598956840555
30
0
41
1
10
29.5448858416768
20
0.124771512169673
30
0
41
1
10
29.5294337295497
20
0.141512054368491
30
0
41
1
10
29.4860299232083
20
0.193423951547459
30
0
41
1
10
29.4605613947664
20
0.230575050485356
30
0
41
1
10
29.4322438665176
20
0.279601922743012
30
0
41
1
10
29.4267811775012
20
0.289506464977734
30
0
41
1
10
29.4163261893204
20
0.309340782961158
30
0
41
1
10
29.4113193400843
20
0.31929556249483
30
0
41
1
10
29.4023626871583
20
0.337956204267556
30
0
41
1
10
29.3983599660107
20
0.346652508243409
30
0
41
1
10
29.3945129710254
20
0.355378319465928
30
0
0
SPLINE
5
FA
100
AcDbEntity
8
1
62
256
6
ByLayer
370
18
48
1
60
0
100
AcDbSpline
70
4
71
3
72
8
73
4
40
0
40
0
40
0
40
0
40
1
40
1
40
1
40
1
41
1
10
27.9521043588106
20
-2.96636107875216
30
0
41
1
10
27.951852887851
20
-2.98034853123477
30
0
41
1
10
27.9515968568047
20
-2.99150411377397
30
0
41
1
10
27.9513343986609
20
-2.99980369630265
30
0
0
SPLINE
5
FB
100
AcDbEntity
8
1
62
256
6
ByLayer
370
18
48
1
60
0
100
AcDbSpline
70
4
71
3
72
14
73
10
40
0
40
0
40
0
40
0
40
0.25
40
0.25
40
0.5
40
0.5
40
0.75
40
0.75
40
1
40
1
40
1
40
1
41
1
10
11.0001761541077
20
-2.99997937937164
30
0
41
1
10
11.0005162984251
20
-2.98982077171647
30
0
41
1
10
11.0009420074343
20
-2.97603986585887
30
0
41
1
10
11.0016973626862
20
-2.94134063865027
30
0
41
1
10
11.0020265288514
20
-2.92041600653485
30
0
41
1
10
11.0026147044787
20
-2.87137154570988
30
0
41
1
10
11.0028940483554
20
-2.84341965814772
30
0
41
1
10
11.0036161357069
20
-2.78071452214334
30
0
41
1
10
11.0040002597991
20
-2.74596708927362
30
0
41
1
10
11.0043164792537
20
-2.7077961354652
30
0
0
SPLINE
5
FC
100
AcDbEntity
8
1
62
256
6
ByLayer
370
18
48
1
60
0
100
AcDbSpline
70
4
71
3
72
8
73
4
40
0
40
0
40
0
40
0
40
1
40
1
40
1
40
1
41
1
10
23.1519984189235
20
-2.91629522730869
30
0
41
1
10
23.1517904330849
20
-2.93998715357236
30
0
41
1
10
23.1515779838755
20
-2.96093857248744
30
0
41
1
10
23.151359540908
20
-2.97909699973479
30
0
0
SPLINE
5
FD
100
AcDbEntity
8
1
62
256
6
ByLayer
370
18
48
1
60
0
100
AcDbSpline
70
4
71
3
72
14
73
10
40
0
40
0
40
0
40
0
40
0.500000000000001
40
0.500000000000001
40
0.75
40
0.75
40
0.875
40
0.875
40
1
40
1
40
1
40
1
41
1
10
27.9521043588106
20
-2.96636107875216
30
0
41
1
10
27.952548109763
20
-2.94167853686031
30
0
41
1
10
27.9529744427601
20
-2.90841009319072
30
0
41
1
10
27.9536177975967
20
-2.84583458504275
30
0
41
1
10
27.9538305160611
20
-2.82285710027463
30
0
41
1
10
27.9541388020691
20
-2.78517530444765
30
0
41
1
10
27.954240073546
20
-2.77207173027753
30
0
41
1
10
27.9544409425504
20
-2.74486228883387
30
0
41
1
10
27.9545406078362
20
-2.73074856138069
30
0
41
1
10
27.954641638339
20
-2.71612521486367
30
0
0
SPLINE
5
FE
100
AcDbEntity
8
1
62
256
6
ByLayer
370
13
48
1
60
0
100
AcDbSpline
70
4
71
3
72
13
73
9
40
0
40
0
40
0
40
0
40
0.166110650117275
40
0.292718723491288
40
0.419326796865301
40
0.672542943613326
40
0.925759090361352
40
1
40
1
40
1
40
1
41
1
10
27.7725892958488
20
-2.86572467925811
30
0
41
1
10
27.7842599876567
20
-2.86838561181412
30
0
41
1
10
27.8044008844409
20
-2.87400730253782
30
0
41
1
10
27.8318505346417
20
-2.88420027938491
30
0
41
1
10
27.8630627747254
20
-2.89837544126772
30
0
41
1
10
27.9006889406798
20
-2.92052903648641
30
0
41
1
10
27.9322987252363
20
-2.94629913201715
30
0
41
1
10
27.9485167515524
20
-2.96258449102848
30
0
41
1
10
27.9521043588106
20
-2.96636107875216
30
0
0
SPLINE
5
FF
100
AcDbEntity
8
1
62
256
6
ByLayer
370
13
48
1
60
0
100
AcDbSpline
70
4
71
3
72
9
73
5
40
0
40
0
40
0
40
0
40
0.321558584528442
40
1
40
1
40
1
40
1
41
1
10
11.0000000000007
20
-2.70568272492801
30
0
41
1
10
11.0000000000007
20
-2.75502408238955
30
0
41
1
10
11.0000000000007
20
-2.89150784297419
30
0
41
1
10
11
20
-2.97229614090927
30
0
41
1
10
11
20
-2.99996731882916
30
0
0
SPLINE
5
100
100
AcDbEntity
8
1
62
256
6
ByLayer
370
18
48
1
60
0
100
AcDbSpline
70
4
71
3
72
10
73
6
40
0
40
0
40
0
40
0
40
0.0301143879748243
40
0.833774134149047
40
1
40
1
40
1
40
1
41
1
10
10.4433085843505
20
2.66680491423077
30
0
41
1
10
10.4433085843505
20
2.66695482525657
30
0
41
1
10
10.4433085843505
20
2.67009772407124
30
0
41
1
10
10.4433085843507
20
2.64035617639132
30
0
41
1
10
10.4433085843505
20
2.5750034583192
30
0
41
1
10
10.4433085843504
20
2.56268043151849
30
0
0
SPLINE
5
101
100
AcDbEntity
8
1
62
256
6
ByLayer
370
13
48
1
60
0
100
AcDbSpline
70
4
71
3
72
9
73
5
40
0
40
0
40
0
40
0
40
0.321558584528443
40
1
40
1
40
1
40
1
41
1
10
11.0000000000007
20
2.79709028137981
30
0
41
1
10
11.0000000000007
20
2.78458517760791
30
0
41
1
10
11.0000000000007
20
2.72686524853734
30
0
41
1
10
11
20
2.61129030644528
30
0
41
1
10
11
20
2.5083576768096
30
0
0
SPLINE
5
102
100
AcDbEntity
8
1
62
256
6
ByLayer
370
18
48
1
60
0
100
AcDbSpline
70
4
71
3
72
8
73
4
40
0
40
0
40
0
40
0
40
1
40
1
40
1
40
1
41
1
10
9.98173596296704
20
1.59996504625732
30
0
41
1
10
10.1066765665034
20
1.52698054217538
30
0
41
1
10
10.233254365065
20
1.45721805156717
30
0
41
1
10
10.3603048173891
20
1.39034527399576
30
0
0
SPLINE
5
103
100
AcDbEntity
8
1
62
256
6
ByLayer
370
18
48
1
60
0
100
AcDbSpline
70
4
71
3
72
16
73
12
40
0
40
0
40
0
40
0
40
0.125
40
0.125
40
0.25
40
0.25
40
0.5
40
0.5
40
0.75
40
0.75
40
1
40
1
40
1
40
1
41
1
10
9.72907744893126
20
1.73579707328801
30
0
41
1
10
9.74080545322661
20
1.73093700821269
30
0
41
1
10
9.752214723744
20
1.72561951659429
30
0
41
1
10
9.7744828572051
20
1.71483804598574
30
0
41
1
10
9.78537146556255
20
1.70932933531972
30
0
41
1
10
9.81764955854504
20
1.69262066500624
30
0
41
1
10
9.83865372029689
20
1.68123934258975
30
0
41
1
10
9.88020551928076
20
1.65827343550942
30
0
41
1
10
9.90074382667535
20
1.64667495649118
30
0
41
1
10
9.9414856262506
20
1.62337782465127
30
0
41
1
10
9.96167311970868
20
1.61168482849251
30
0
41
1
10
9.98173596297298
20
1.59996504625448
30
0
0
SPLINE
5
104
100
AcDbEntity
8
1
62
256
6
ByLayer
370
18
48
1
60
0
100
AcDbSpline
70
4
71
3
72
14
73
10
40
0
40
0
40
0
40
0
40
0.5
40
0.5
40
0.75
40
0.75
40
0.875
40
0.875
40
1
40
1
40
1
40
1
41
1
10
23.1519984189235
20
-2.91629522730869
30
0
41
1
10
23.1523655130949
20
-2.87447907240366
30
0
41
1
10
23.1527161496571
20
-2.82448082616753
30
0
41
1
10
23.1532448148585
20
-2.73740726586894
30
0
41
1
10
23.1534190935937
20
-2.7063635194082
30
0
41
1
10
23.1536691081905
20
-2.65673370432035
30
0
41
1
10
23.1537508454939
20
-2.63967124172928
30
0
41
1
10
23.1539125219624
20
-2.60461826854322
30
0
41
1
10
23.1539925164524
20
-2.58661711217147
30
0
41
1
10
23.1540737920838
20
-2.56814071522152
30
0
0
SPLINE
5
105
100
AcDbEntity
8
1
62
256
6
ByLayer
370
13
48
1
60
0
100
AcDbSpline
70
4
71
3
72
13
73
9
40
0
40
0
40
0
40
0
40
0.166420455470591
40
0.293022102126233
40
0.419623748781876
40
0.672827042093161
40
0.926030335404445
40
1
40
1
40
1
40
1
41
1
10
22.9724610877947
20
-2.82234960977218
30
0
41
1
10
22.9841549057283
20
-2.82483741080296
30
0
41
1
10
23.0043184287368
20
-2.83009128374926
30
0
41
1
10
23.0317883005517
20
-2.83961660410517
30
0
41
1
10
23.0629996906861
20
-2.85285293641871
30
0
41
1
10
23.1006245283183
20
-2.87353882509683
30
0
41
1
10
23.1322182072294
20
-2.89759002950351
30
0
41
1
10
23.148423322056
20
-2.91278223133151
30
0
41
1
10
23.1519984189235
20
-2.91629522730869
30
0
0
SPLINE
5
106
100
AcDbEntity
8
1
62
256
6
ByLayer
370
18
48
1
60
0
100
AcDbSpline
70
4
71
3
72
8
73
4
40
0
40
0
40
0
40
0
40
1
40
1
40
1
40
1
41
1
10
18.3519983781009
20
-2.70124105498454
30
0
41
1
10
18.3517480958851
20
-2.74110893295284
30
0
41
1
10
18.351493249408
20
-2.77851730512023
30
0
41
1
10
18.3512320382667
20
-2.81338411889624
30
0
0
SPLINE
5
107
100
AcDbEntity
8
1
62
256
6
ByLayer
370
18
48
1
60
0
100
AcDbSpline
70
4
71
3
72
10
73
6
40
0
40
0
40
0
40
0
40
0.5
40
0.5
40
1
40
1
40
1
40
1
41
1
10
10.3634399455671
20
1.38605259774292
30
0
41
1
10
10.3767808103054
20
1.37871165118213
30
0
41
1
10
10.3903299665073
20
1.37158309769959
30
0
41
1
10
10.4180079321216
20
1.35795363603089
30
0
41
1
10
10.4321328034122
20
1.35144709389272
30
0
41
1
10
10.4466940145851
20
1.34544588842147
30
0
0
SPLINE
5
108
100
AcDbEntity
8
1
62
256
6
ByLayer
370
18
48
1
60
0
100
AcDbSpline
70
4
71
3
72
21
73
17
40
0
40
0
40
0
40
0
40
0.0093964251371316
40
0.0283354221956796
40
0.0568173721855801
40
0.0948425988607104
40
0.142411446210787
40
0.199524254833486
40
0.266181314770149
40
0.342382804303059
40
0.428128716841809
40
0.523418776716361
40
0.628252344528015
40
0.74262831291569
40
0.86654499396509
40
1
40
1
40
1
40
1
41
1
10
10.6120635227033
20
1.07070755038396
30
0
41
1
10
10.6112503327787
20
1.07161898672368
30
0
41
1
10
10.6087981150999
20
1.07436747171806
30
0
41
1
10
10.6039550864477
20
1.07989982210893
30
0
41
1
10
10.5966773713555
20
1.08825462634704
30
0
41
1
10
10.5870035176394
20
1.09947939305292
30
0
41
1
10
10.5749377016441
20
1.11363181595155
30
0
41
1
10
10.5605016379431
20
1.13078572012876
30
0
41
1
10
10.5437118879028
20
1.15102790258919
30
0
41
1
10
10.5245866787525
20
1.17445843426776
30
0
41
1
10
10.503141379935
20
1.20118905187121
30
0
41
1
10
10.4793875184999
20
1.23134320393356
30
0
41
1
10
10.4533304902154
20
1.26504910165028
30
0
41
1
10
10.4249663016142
20
1.30246035468025
30
0
41
1
10
10.3942827773151
20
1.3436572695843
30
0
41
1
10
10.3730414448406
20
1.37283654408756
30
0
41
1
10
10.3620271713372
20
1.3879668806799
30
0
0
SPLINE
5
109
100
AcDbEntity
8
1
62
256
6
ByLayer
370
18
48
1
60
0
100
AcDbSpline
70
4
71
3
72
17
73
13
40
0
40
0
40
0
40
0
40
0.0178340755363622
40
0.0582220425300253
40
0.121165132561532
40
0.206664564758316
40
0.31472116161942
40
0.445334639124449
40
0.598502687730465
40
0.774219870357894
40
0.972476372999746
40
1
40
1
40
1
40
1
41
1
10
10.6120635227033
20
-1.26693511190345
30
0
41
1
10
10.6102583503581
20
-1.26390373917027
30
0
41
1
10
10.6043650916445
20
-1.25400736344642
30
0
41
1
10
10.5922754908166
20
-1.23335082403048
30
0
41
1
10
10.5734753310013
20
-1.20125104957046
30
0
41
1
10
10.5481066153532
20
-1.15778758213989
30
0
41
1
10
10.5162243832474
20
-1.10315866835262
30
0
41
1
10
10.4779108653791
20
-1.03762526036999
30
0
41
1
10
10.4332000106873
20
-0.961561235316623
30
0
41
1
10
10.3820418782883
20
-0.875492047116751
30
0
41
1
10
10.343118473715
20
-0.811034644439729
30
0
41
1
10
10.3211209262039
20
-0.77526987110366
30
0
41
1
10
10.3184393248886
20
-0.770909982203733
30
0
0
SPLINE
5
10A
100
AcDbEntity
8
1
62
256
6
ByLayer
370
18
48
1
60
0
100
AcDbSpline
70
4
71
3
72
8
73
4
40
0
40
0
40
0
40
0
40
1
40
1
40
1
40
1
41
1
10
9
20
-2.77009739564474
30
0
41
1
10
9
20
-2.77183019269202
30
0
41
1
10
9
20
-2.77356659283763
30
0
41
1
10
9
20
-2.775306608954
30
0
0
SPLINE
5
10B
100
AcDbEntity
8
1
62
256
6
ByLayer
370
18
48
1
60
0
100
AcDbSpline
70
4
71
3
72
10
73
6
40
0
40
0
40
0
40
0
40
0.812451257396482
40
0.812451257396482
40
1
40
1
40
1
40
1
41
1
10
9.00000000000685
20
-2.77530660895152
30
0
41
1
10
9.12545426063357
20
-2.73013686461707
30
0
41
1
10
9.25298322673294
20
-2.67911994731119
30
0
41
1
10
9.41346980874081
20
-2.61052748247616
30
0
41
1
10
9.44372714457273
20
-2.59740765920188
30
0
41
1
10
9.47412738746192
20
-2.58405839914073
30
0
0
SPLINE
5
10C
100
AcDbEntity
8
1
62
256
6
ByLayer
370
18
48
1
60
0
100
AcDbSpline
70
4
71
3
72
14
73
10
40
0
40
0
40
0
40
0
40
0.25
40
0.25
40
0.5
40
0.5
40
0.75
40
0.75
40
1
40
1
40
1
40
1
41
1
10
11.0001761541077
20
2.50836915582533
30
0
41
1
10
11.0005162984251
20
2.54626644619992
30
0
41
1
10
11.0009420074344
20
2.58071849871442
30
0
41
1
10
11.0016973626863
20
2.64283468594229
30
0
41
1
10
11.0020265288514
20
2.67050497196547
30
0
41
1
10
11.0026147044787
20
2.71895333957417
30
0
41
1
10
11.0028940483554
20
2.73956436365867
30
0
41
1
10
11.0036161357069
20
2.77362070850398
30
0
41
1
10
11.0040002597991
20
2.78707228936096
30
0
41
1
10
11.0043164792537
20
2.79691729597795
30
0
0
SPLINE
5
10D
100
AcDbEntity
8
1
62
256
6
ByLayer
370
18
48
1
60
0
100
AcDbSpline
70
4
71
3
72
14
73
10
40
0
40
0
40
0
40
0
40
0.25
40
0.25
40
0.5
40
0.5
40
0.75
40
0.75
40
1
40
1
40
1
40
1
41
1
10
28.3357440100123
20
0.459484828354817
30
0
41
1
10
28.3459105702935
20
0.478206444855374
30
0
41
1
10
28.3574349947366
20
0.49730305120022
30
0
41
1
10
28.3830827846031
20
0.536821558502254
30
0
41
1
10
28.397226550953
20
0.557266043013954
30
0
41
1
10
28.4286355944487
20
0.599257366439559
30
0
41
1
10
28.4454543417816
20
0.620135077805202
30
0
41
1
10
28.4815671532802
20
0.661349653333332
30
0
41
1
10
28.500872323616
20
0.681709942021428
30
0
41
1
10
28.5215571763117
20
0.70166749180882
30
0
0
SPLINE
5
10E
100
AcDbEntity
8
1
62
256
6
ByLayer
370
18
48
1
60
0
100
AcDbSpline
70
4
71
3
72
33
73
29
40
0
40
0
40
0
40
0
40
0.0424249982315152
40
0.0424249982315152
40
0.0848499964630305
40
0.0848499964630305
40
0.169699992926016
40
0.254549989389002
40
0.254549989389002
40
0.296974987620495
40
0.296974987620495
40
0.339399985851988
40
0.339399985851988
40
0.50909997877796
40
0.50909997877796
40
0.593949975240945
40
0.593949975240945
40
0.678799971703931
40
0.678799971703931
40
0.721224969935424
40
0.721224969935424
40
0.763649968166917
40
0.763649968166917
40
0.848499964629903
40
0.848499964629903
40
0.933349961092889
40
0.933349961092889
40
1
40
1
40
1
40
1
41
1
10
29.7244765878771
20
-2.0748E-12
30
0
41
1
10
29.7148850737214
20
-0.0050665196862951
30
0
41
1
10
29.7054125507689
20
-0.0104066431370597
30
0
41
1
10
29.6866937625986
20
-0.021610557196027
30
0
41
1
10
29.6774256985022
20
-0.0274906824652987
30
0
41
1
10
29.6502985792388
20
-0.045637141420201
30
0
41
1
10
29.6157195013598
20
-0.071290418347445
30
0
41
1
10
29.583925792649
20
-0.0991914908369438
30
0
41
1
10
29.5610191098687
20
-0.120764180238069
30
0
41
1
10
29.5535205516469
20
-0.128083633253539
30
0
41
1
10
29.5389179057541
20
-0.142819227211476
30
0
41
1
10
29.5318455334625
20
-0.150201611472369
30
0
41
1
10
29.4975496504264
20
-0.187122232158345
30
0
41
1
10
29.4734568220508
20
-0.216625483904124
30
0
41
1
10
29.4416526395949
20
-0.260389934646554
30
0
41
1
10
29.4319199845778
20
-0.274730490308997
30
0
41
1
10
29.4142443957825
20
-0.302777876452495
30
0
41
1
10
29.4062720533949
20
-0.316525866200351
30
0
41
1
10
29.3956155676236
20
-0.336849105307266
30
0
41
1
10
29.3922814568131
20
-0.343573958825346
30
0
41
1
10
29.3860631024172
20
-0.356946637081819
30
0
41
1
10
29.3831724504821
20
-0.36361157317782
30
0
41
1
10
29.3752743033001
20
-0.383360699843649
30
0
41
1
10
29.3710226184632
20
-0.39621553946796
30
0
41
1
10
29.3646740216423
20
-0.421531824454405
30
0
41
1
10
29.3625752217129
20
-0.433992154425397
30
0
41
1
10
29.3610325789795
20
-0.456096629824941
30
0
41
1
10
29.3611126436415
20
-0.465772316091062
30
0
41
1
10
29.3621002320631
20
-0.475463813372187
30
0
0
SPLINE
5
10F
100
AcDbEntity
8
1
62
256
6
ByLayer
370
18
48
1
60
0
100
AcDbSpline
70
4
71
3
72
42
73
38
40
0
40
0
40
0
40
0
40
0.0624999999999934
40
0.0624999999999934
40
0.0937499999999901
40
0.0937499999999901
40
0.124999999999987
40
0.156249999999984
40
0.156249999999984
40
0.18749999999998
40
0.18749999999998
40
0.249999999999981
40
0.249999999999981
40
0.312499999999982
40
0.312499999999982
40
0.343749999999982
40
0.343749999999982
40
0.374999999999983
40
0.374999999999983
40
0.500000000000005
40
0.500000000000005
40
0.531250000000011
40
0.531250000000011
40
0.562500000000016
40
0.562500000000016
40
0.625000000000011
40
0.687500000000006
40
0.687500000000006
40
0.718750000000004
40
0.718750000000004
40
0.750000000000001
40
0.750000000000001
40
0.875000000000016
40
0.875000000000016
40
0.937500000000008
40
0.937500000000008
40
1
40
1
40
1
40
1
41
1
10
29.4478088988332
20
0.402728746883497
30
0
41
1
10
29.430898268953
20
0.395614603826715
30
0
41
1
10
29.4162860057804
20
0.386488563261253
30
0
41
1
10
29.3974808007948
20
0.370353591406769
30
0
41
1
10
29.3917023877382
20
0.36452220093625
30
0
41
1
10
29.3813749731039
20
0.352381129092691
30
0
41
1
10
29.3722345830479
20
0.339753187568192
30
0
41
1
10
29.3651860425078
20
0.326342328168977
30
0
41
1
10
29.3590805734764
20
0.312614728750077
30
0
41
1
10
29.3564941785793
20
0.305573475796393
30
0
41
1
10
29.3500742143038
20
0.284191702160228
30
0
41
1
10
29.3476126911056
20
0.269808884911726
30
0
41
1
10
29.3455139522737
20
0.241089245520726
30
0
41
1
10
29.3458850692159
20
0.226749744733468
30
0
41
1
10
29.3482534003578
20
0.205448276704828
30
0
41
1
10
29.3493506965311
20
0.198364794961378
30
0
41
1
10
29.352104785598
20
0.184382096032124
30
0
41
1
10
29.3537570222654
20
0.177496648776724
30
0
41
1
10
29.3632860557508
20
0.143638277380319
30
0
41
1
10
29.3748680345494
20
0.118346803200637
30
0
41
1
10
29.3937000521658
20
0.0898334676387833
30
0
41
1
10
29.3976900628576
20
0.0842875239600289
30
0
41
1
10
29.4061256058132
20
0.0735379010003783
30
0
41
1
10
29.4105851108097
20
0.0683203741346858
30
0
41
1
10
29.4245338056
20
0.0533732217213583
30
0
41
1
10
29.4446635347931
20
0.0352766061960779
30
0
41
1
10
29.4679298077118
20
0.0211049978818494
30
0
41
1
10
29.4866738319629
20
0.012046106507853
30
0
41
1
10
29.493138550044
20
0.0092879394489671
30
0
41
1
10
29.5065336137771
20
0.004308561707461
30
0
41
1
10
29.5134630394701
20
0.0020912819086902
30
0
41
1
10
29.5488078679888
20
-0.0075057532802134
30
0
41
1
10
29.5796722069265
20
-0.0105436124548817
30
0
41
1
10
29.6309026405379
20
-0.0098019244121303
30
0
41
1
10
29.6489319833156
20
-0.008660813386598
30
0
41
1
10
29.6858846938353
20
-0.0051232779383668
30
0
41
1
10
29.7048867030145
20
-0.0027357367128218
30
0
41
1
10
29.7244765878764
20
-7.105E-13
30
0
0
SPLINE
5
110
100
AcDbEntity
8
1
62
256
6
ByLayer
370
18
48
1
60
0
100
AcDbSpline
70
4
71
3
72
8
73
4
40
0
40
0
40
0
40
0
40
1
40
1
40
1
40
1
41
1
10
13.5520647866482
20
-2.42883956222911
30
0
41
1
10
13.5518195661864
20
-2.47984974846708
30
0
41
1
10
13.5515696755562
20
-2.52871333311691
30
0
41
1
10
13.5513131800744
20
-2.57532269713602
30
0
0
SPLINE
5
111
100
AcDbEntity
8
1
62
256
6
ByLayer
370
18
48
1
60
0
100
AcDbSpline
70
4
71
3
72
14
73
10
40
0
40
0
40
0
40
0
40
0.500000000000001
40
0.500000000000001
40
0.75
40
0.75
40
0.875
40
0.875
40
1
40
1
40
1
40
1
41
1
10
18.3519983781009
20
-2.70124105498454
30
0
41
1
10
18.3524402024787
20
-2.63086214432681
30
0
41
1
10
18.352864999504
20
-2.55340213484007
30
0
41
1
10
18.3535071475228
20
-2.42676101594901
30
0
41
1
10
18.353719680887
20
-2.38279980951938
30
0
41
1
10
18.3540279307211
20
-2.31420622731485
30
0
41
1
10
18.3541292318677
20
-2.2908888086005
30
0
41
1
10
18.3543302662599
20
-2.24350072696203
30
0
41
1
10
18.3544300676629
20
-2.21941514787204
30
0
41
1
10
18.3545313122254
20
-2.19493756856193
30
0
0
SPLINE
5
112
100
AcDbEntity
8
1
62
256
6
ByLayer
370
13
48
1
60
0
100
AcDbSpline
70
4
71
3
72
13
73
9
40
0
40
0
40
0
40
0
40
0.166202606287633
40
0.292830219220838
40
0.419457832154043
40
0.672713058020452
40
0.925968283886862
40
1
40
1
40
1
40
1
41
1
10
18.172490712765
20
-2.62329376949148
30
0
41
1
10
18.1841665367602
20
-2.62535557716734
30
0
41
1
10
18.2043128109366
20
-2.62971139750888
30
0
41
1
10
18.2317678770842
20
-2.63760951489348
30
0
41
1
10
18.2629816122516
20
-2.64859184884787
30
0
41
1
10
18.3006101148491
20
-2.66575606198623
30
0
41
1
10
18.3322106069142
20
-2.685715252292
30
0
41
1
10
18.3484205054907
20
-2.69832397386296
30
0
41
1
10
18.3519983781009
20
-2.70124105498456
30
0
0
SPLINE
5
113
100
AcDbEntity
8
1
62
256
6
ByLayer
370
18
48
1
60
0
100
AcDbSpline
70
4
71
1
72
4
73
2
40
0
40
0
40
1
40
1
41
1
10
29.9107850473529
20
-1.63116503796968
30
0
41
1
10
29.9043998403816
20
-1.53328880455308
30
0
0
SPLINE
5
114
100
AcDbEntity
8
1
62
256
6
ByLayer
370
18
48
1
60
0
100
AcDbSpline
70
4
71
3
72
10
73
6
40
0
40
0
40
0
40
0
40
0.223606176969954
40
0.866936127441842
40
1
40
1
40
1
40
1
41
1
10
10.4433085843505
20
-2.26202560172956
30
0
41
1
10
10.4433085843505
20
-2.30962698748712
30
0
41
1
10
10.4433085843505
20
-2.48477558698471
30
0
41
1
10
10.4433085843507
20
-2.64147869129641
30
0
41
1
10
10.4433085843505
20
-2.72741398267973
30
0
41
1
10
10.4433085843504
20
-2.74110106514274
30
0
0
SPLINE
5
115
100
AcDbEntity
8
1
62
256
6
ByLayer
370
18
48
1
60
0
100
AcDbSpline
70
4
71
3
72
16
73
12
40
0
40
0
40
0
40
0
40
0.25
40
0.25
40
0.375
40
0.375
40
0.5
40
0.5
40
0.75
40
0.75
40
1
40
1
40
1
40
1
41
1
10
11.7069504611945
20
2.59586770839968
30
0
41
1
10
11.7065416173346
20
2.56839912941194
30
0
41
1
10
11.7061222204279
20
2.53753955433166
30
0
41
1
10
11.7055438089604
20
2.48619718035957
30
0
41
1
10
11.7053562042392
20
2.46824003024344
30
0
41
1
10
11.7049830062415
20
2.43063322680442
30
0
41
1
10
11.704797220434
20
2.41096259116094
30
0
41
1
10
11.7042243000159
20
2.34968222485216
30
0
41
1
10
11.7038151881387
20
2.30574650019835
30
0
41
1
10
11.7030463802751
20
2.21175280320983
30
0
41
1
10
11.7026842601492
20
2.16169507128359
30
0
41
1
10
11.7023076255439
20
2.10853821396964
30
0
0
SPLINE
5
116
100
AcDbEntity
8
1
62
256
6
ByLayer
370
18
48
1
60
0
100
AcDbSpline
70
4
71
3
72
22
73
18
40
0
40
0
40
0
40
0
40
0.250000000000012
40
0.250000000000012
40
0.37500000000001
40
0.37500000000001
40
0.500000000000008
40
0.500000000000008
40
0.625000000000006
40
0.625000000000006
40
0.750000000000005
40
0.750000000000005
40
0.875000000000003
40
0.875000000000003
40
0.937500000000001
40
0.937500000000001
40
1
40
1
40
1
40
1
41
1
10
29.9720820353188
20
-1.95575513617251
30
0
41
1
10
29.9745835950626
20
-1.99381837916775
30
0
41
1
10
29.9703335817966
20
-2.03087529658552
30
0
41
1
10
29.9549699287981
20
-2.08512091212873
30
0
41
1
10
29.94827432071
20
-2.10306662787235
30
0
41
1
10
29.9321646053656
20
-2.13753447693898
30
0
41
1
10
29.9227457756307
20
-2.15416722685336
30
0
41
1
10
29.9011942725901
20
-2.18623659230431
30
0
41
1
10
29.8890453088646
20
-2.20168005903483
30
0
41
1
10
29.8618742528193
20
-2.23124389825341
30
0
41
1
10
29.8471526880084
20
-2.24503710461855
30
0
41
1
10
29.8154568751916
20
-2.27066296665828
30
0
41
1
10
29.7984837479003
20
-2.28249659771095
30
0
41
1
10
29.771248037952
20
-2.29870134300936
30
0
41
1
10
29.761872256923
20
-2.30384425665781
30
0
41
1
10
29.7424959136195
20
-2.31358632560227
30
0
41
1
10
29.7325665750646
20
-2.31814697418662
30
0
41
1
10
29.7224887044055
20
-2.32235806486068
30
0
0
SPLINE
5
117
100
AcDbEntity
8
1
62
256
6
ByLayer
370
13
48
1
60
0
100
AcDbSpline
70
4
71
3
72
8
73
4
40
0
40
0
40
0
40
0
40
1
40
1
40
1
40
1
41
1
10
29.9720820353077
20
-1.95575513611917
30
0
41
1
10
29.9516378247377
20
-1.84754196601617
30
0
41
1
10
29.9311936141678
20
-1.73932879591319
30
0
41
1
10
29.9107494035978
20
-1.6311156258102
30
0
0
SPLINE
5
118
100
AcDbEntity
8
1
62
256
6
ByLayer
370
18
48
1
60
0
100
AcDbSpline
70
4
71
3
72
14
73
10
40
0
40
0
40
0
40
0
40
0.25
40
0.25
40
0.5
40
0.5
40
0.75
40
0.75
40
1
40
1
40
1
40
1
41
1
10
29.9059739650699
20
-1.6683787387353
30
0
41
1
10
29.9069299602172
20
-1.66707440087183
30
0
41
1
10
29.9077952074259
20
-1.66542640235468
30
0
41
1
10
29.9092843798195
20
-1.66121652357887
30
0
41
1
10
29.9099025590903
20
-1.65865124273466
30
0
41
1
10
29.9107879157741
20
-1.65254463511755
30
0
41
1
10
29.9110613151324
20
-1.64897040712833
30
0
41
1
10
29.9112018660437
20
-1.6406972014845
30
0
41
1
10
29.9110680981665
20
-1.63610007804741
30
0
41
1
10
29.9107395074073
20
-1.631063244318
30
0
0
SPLINE
5
119
100
AcDbEntity
8
1
62
256
6
ByLayer
370
18
48
1
60
0
100
AcDbSpline
70
4
71
3
72
33
73
29
40
0
40
0
40
0
40
0
40
0.0449928303979872
40
0.090530098520227
40
0.136604780336897
40
0.18321059644239
40
0.230343378358493
40
0.278000117487939
40
0.326175706045798
40
0.374859507573846
40
0.424037524074077
40
0.473699279516584
40
0.523840818447972
40
0.574457331132149
40
0.625540042486868
40
0.677081801842016
40
0.729079519500176
40
0.781530435213277
40
0.799350371083173
40
0.818066898657162
40
0.83767933861783
40
0.85818704114906
40
0.879589390095123
40
0.901885797930472
40
0.92507568812557
40
0.949158461754359
40
0.974133464663101
40
1
40
1
40
1
40
1
41
1
10
29.9059894017328
20
-1.66825407512016
30
0
41
1
10
29.9052758612388
20
-1.67334442092471
30
0
41
1
10
29.9038401460227
20
-1.68358670848724
30
0
41
1
10
29.9006209983064
20
-1.69864728710175
30
0
41
1
10
29.8966081313336
20
-1.71356214986116
30
0
41
1
10
29.891713849535
20
-1.72826606986337
30
0
41
1
10
29.8859472256335
20
-1.74272584702533
30
0
41
1
10
29.8792904852455
20
-1.75689750894654
30
0
41
1
10
29.8717379643108
20
-1.77073979194108
30
0
41
1
10
29.8632896049478
20
-1.78421285198314
30
0
41
1
10
29.8539497490346
20
-1.79727813779274
30
0
41
1
10
29.8437206396966
20
-1.80989549607486
30
0
41
1
10
29.8326018221677
20
-1.82202203359688
30
0
41
1
10
29.8205974919374
20
-1.83361677012343
30
0
41
1
10
29.8077174695791
20
-1.84464159310849
30
0
41
1
10
29.7939729634237
20
-1.85505830941324
30
0
41
1
10
29.7793762953408
20
-1.86482900150901
30
0
41
1
10
29.7673826817549
20
-1.8718895690368
30
0
41
1
10
29.7583978603822
20
-1.87673227439964
30
0
41
1
10
29.7526455134626
20
-1.87969243884925
30
0
41
1
10
29.7465284579165
20
-1.8826870115972
30
0
41
1
10
29.7400363979336
20
-1.88569968252537
30
0
41
1
10
29.7331591917312
20
-1.88871310996276
30
0
41
1
10
29.7258865578146
20
-1.89170886958422
30
0
41
1
10
29.7182092598055
20
-1.89466908217057
30
0
41
1
10
29.7101149124943
20
-1.89756957869767
30
0
41
1
10
29.7016049249152
20
-1.90040701526823
30
0
41
1
10
29.6957234992558
20
-1.90216620952961
30
0
41
1
10
29.6927312195196
20
-1.90306123084676
30
0
0
SPLINE
5
11A
100
AcDbEntity
8
1
62
256
6
ByLayer
370
18
48
1
60
0
100
AcDbSpline
70
4
71
3
72
8
73
4
40
0
40
0
40
0
40
0
40
1
40
1
40
1
40
1
41
1
10
29.7681345049529
20
-1.38970029442046
30
0
41
1
10
29.8140836284774
20
-1.48267753982771
30
0
41
1
10
29.8600211938761
20
-1.5754577575004
30
0
41
1
10
29.9059505592398
20
-1.66809950662372
30
0
0
SPLINE
5
11B
100
AcDbEntity
8
1
62
256
6
ByLayer
370
13
48
1
60
0
100
AcDbSpline
70
4
71
3
72
13
73
9
40
0
40
0
40
0
40
0
40
0.166336610099227
40
0.292954256305206
40
0.419571902511184
40
0.672807194923142
40
0.9260424873351
40
1
40
1
40
1
40
1
41
1
10
12.1725284094859
20
1.72949619899035
30
0
41
1
10
12.1842149884899
20
1.7319623348956
30
0
41
1
10
12.2043718620005
20
1.73717179639024
30
0
41
1
10
12.2318365326939
20
1.74661819661074
30
0
41
1
10
12.263050235216
20
1.75974927551863
30
0
41
1
10
12.3006786868206
20
1.78027248740261
30
0
41
1
10
12.3322753974154
20
1.80413564278254
30
0
41
1
10
12.3484822070643
20
1.81920913301948
30
0
41
1
10
12.3520569300489
20
1.82269390200514
30
0
0
SPLINE
5
11C
100
AcDbEntity
8
1
62
256
6
ByLayer
370
18
48
1
60
0
100
AcDbSpline
70
4
71
3
72
14
73
10
40
0
40
0
40
0
40
0
40
0.500000000000001
40
0.500000000000001
40
0.750000000000001
40
0.750000000000001
40
0.875
40
0.875
40
1
40
1
40
1
40
1
41
1
10
13.5520647866482
20
-2.42883956222911
30
0
41
1
10
13.5524975854014
20
-2.33880984316872
30
0
41
1
10
13.5529127169625
20
-2.2428259658478
30
0
41
1
10
13.5535393732489
20
-2.09006250331126
30
0
41
1
10
13.5537465399912
20
-2.03767199178677
30
0
41
1
10
13.554046571526
20
-1.95685653200965
30
0
41
1
10
13.5541451030367
20
-1.92953375371664
30
0
41
1
10
13.5543405478954
20
-1.87429967069124
30
0
41
1
10
13.5544375271606
20
-1.84637079804864
30
0
41
1
10
13.5545359072801
20
-1.81812972932409
30
0
0
SPLINE
5
11D
100
AcDbEntity
8
1
62
256
6
ByLayer
370
13
48
1
60
0
100
AcDbSpline
70
4
71
3
72
13
73
9
40
0
40
0
40
0
40
0
40
0.166034772974063
40
0.292671650195124
40
0.419308527416184
40
0.672582281858304
40
0.925856036300424
40
1
40
1
40
1
40
1
41
1
10
13.3725836553037
20
-2.36642556603013
30
0
41
1
10
13.3842462052785
20
-2.36807520195089
30
0
41
1
10
13.4043792669975
20
-2.37156102087556
30
0
41
1
10
13.4318221384675
20
-2.37788188632672
30
0
41
1
10
13.4630352972509
20
-2.38667491821832
30
0
41
1
10
13.5006628990137
20
-2.40041763743307
30
0
41
1
10
13.5322681580458
20
-2.41640129146836
30
0
41
1
10
13.5484821612899
20
-2.42650040985504
30
0
41
1
10
13.5520647866482
20
-2.42883956222911
30
0
0
SPLINE
5
11E
100
AcDbEntity
8
1
62
256
6
ByLayer
370
18
48
1
60
0
100
AcDbSpline
70
4
71
3
72
14
73
10
40
0
40
0
40
0
40
0
40
0.25
40
0.25
40
0.5
40
0.5
40
0.75
40
0.75
40
1
40
1
40
1
40
1
41
1
10
7.84740458633371
20
2.80226622914125
30
0
41
1
10
7.99475930628009
20
2.69891184701845
30
0
41
1
10
8.1439674497646
20
2.59800494277212
30
0
41
1
10
8.44689933059163
20
2.40274452683937
30
0
41
1
10
8.60062775615464
20
2.30839683220916
30
0
41
1
10
8.91337399339841
20
2.1281590674491
30
0
41
1
10
9.07239816517315
20
2.04227973015898
30
0
41
1
10
9.39630126752294
20
1.880878307068
30
0
41
1
10
9.56118689598517
20
1.80537063348643
30
0
41
1
10
9.72907744893118
20
1.73579707328793
30
0
0
SPLINE
5
11F
100
AcDbEntity
8
1
62
256
6
ByLayer
370
18
48
1
60
0
100
AcDbSpline
70
4
71
3
72
10
73
6
40
0
40
0
40
0
40
0
40
0.654612587225135
40
0.654612587225135
40
1
40
1
40
1
40
1
41
1
10
28.3908114769987
20
-1.60144243824436
30
0
41
1
10
28.4079313976564
20
-1.58276237520428
30
0
41
1
10
28.425634551312
20
-1.56522992267767
30
0
41
1
10
28.4538076617823
20
-1.54050168396432
30
0
41
1
10
28.4637445455302
20
-1.53233620844071
30
0
41
1
10
28.4739197460749
20
-1.52457079048753
30
0
0
SPLINE
5
120
100
AcDbEntity
8
1
62
256
6
ByLayer
370
18
48
1
60
0
100
AcDbSpline
70
4
71
3
72
35
73
31
40
0
40
0
40
0
40
0
40
0.0748118085082729
40
0.0748118085082729
40
0.1150548754177
40
0.1150548754177
40
0.155297942327127
40
0.155297942327127
40
0.316270209964835
40
0.316270209964835
40
0.39675634378369
40
0.39675634378369
40
0.436999410693119
40
0.436999410693119
40
0.457120944147833
40
0.457120944147833
40
0.477242477602548
40
0.638214745240254
40
0.638214745240254
40
0.718700879059108
40
0.718700879059108
40
0.758943945968533
40
0.758943945968533
40
0.779065479423248
40
0.779065479423248
40
0.799187012877961
40
0.799187012877961
40
0.960159280515667
40
0.960159280515667
40
1
40
1
40
1
40
1
41
1
10
17.2882433062615
20
1.77006308742477
30
0
41
1
10
17.462274841242
20
1.7386165205329
30
0
41
1
10
17.6366568192547
20
1.69986133635828
30
0
41
1
10
17.9061717403267
20
1.62935100744497
30
0
41
1
10
18.0007411684186
20
1.60262130635752
30
0
41
1
10
18.1903404962409
20
1.54519516175441
30
0
41
1
10
18.2848133571932
20
1.51467014790251
30
0
41
1
10
18.7559586947529
20
1.35357053933115
30
0
41
1
10
19.1289946243846
20
1.19758896619678
30
0
41
1
10
19.6902958350176
20
0.933810340890119
30
0
41
1
10
19.8776829781782
20
0.840912203045775
30
0
41
1
10
20.1601485630258
20
0.695497143004189
30
0
41
1
10
20.2545348943839
20
0.646014776928837
30
0
41
1
10
20.3965849747941
20
0.570457423531707
30
0
41
1
10
20.4440310188143
20
0.545039546591994
30
0
41
1
10
20.5386639002558
20
0.494028112106434
30
0
41
1
10
20.963822716493
20
0.263425895777004
30
0
41
1
10
21.383683087769
20
0.0250133700297965
30
0
41
1
10
21.9448061850081
20
-0.288331759258
30
0
41
1
10
22.1320602361735
20
-0.39203335654139
30
0
41
1
10
22.4142117163432
20
-0.544738543461733
30
0
41
1
10
22.508474223496
20
-0.595165239324103
30
0
41
1
10
22.6503089751482
20
-0.669869504116093
30
0
41
1
10
22.697696621762
20
-0.694633442029982
30
0
41
1
10
22.7924781019227
20
-0.743727382364341
30
0
41
1
10
22.8397876861241
20
-0.768014032587729
30
0
41
1
10
23.2649376281456
20
-0.984120787077671
30
0
41
1
10
23.6383545671061
20
-1.15857092370982
30
0
41
1
10
24.104917545371
20
-1.34557827846734
30
0
41
1
10
24.1975164581174
20
-1.38117912021687
30
0
41
1
10
24.2902261440578
20
-1.41517683568171
30
0
0
SPLINE
5
121
100
AcDbEntity
8
1
62
256
6
ByLayer
370
18
48
1
60
0
100
AcDbSpline
70
4
71
3
72
21
73
17
40
0
40
0
40
0
40
0
40
0.237515559532846
40
0.356273339299258
40
0.356273339299258
40
0.415652229182477
40
0.415652229182477
40
0.475031119065696
40
0.712546678598607
40
0.712546678598607
40
0.771925568481824
40
0.771925568481824
40
0.831304458365042
40
0.950062238131477
40
0.950062238131477
40
1
40
1
40
1
40
1
41
1
10
29.7500357177078
20
2.62210986744722
30
0
41
1
10
29.7456748624346
20
2.57254596049182
30
0
41
1
10
29.7330846778598
20
2.49964291172768
30
0
41
1
10
29.708564407446
20
2.42958548155798
30
0
41
1
10
29.694078931803
20
2.39508756484392
30
0
41
1
10
29.6888962486151
20
2.38372332785349
30
0
41
1
10
29.6779278246075
20
2.3614907261597
30
0
41
1
10
29.6489283288787
20
2.30697767732471
30
0
41
1
10
29.6121914699795
20
2.25770210975313
30
0
41
1
10
29.5697999137961
20
2.21225425072086
30
0
41
1
10
29.5610243811481
20
2.20334430233919
30
0
41
1
10
29.5431476654552
20
2.18610190322994
30
0
41
1
10
29.5157704148585
20
2.16102202084488
30
0
41
1
10
29.4868422982568
20
2.13810416004816
30
0
41
1
10
29.4586078677039
20
2.11757123554727
30
0
41
1
10
29.4501459589701
20
2.11163781659892
30
0
41
1
10
29.4415854312379
20
2.10584187980751
30
0
0
SPLINE
5
122
100
AcDbEntity
8
1
62
256
6
ByLayer
370
18
48
1
60
0
100
AcDbSpline
70
4
71
3
72
32
73
28
40
0
40
0
40
0
40
0
40
0.0152551764743451
40
0.0311538368747457
40
0.0476959081982774
40
0.0648813041205148
40
0.0827099238629208
40
0.101181651052122
40
0.120296352582009
40
0.166440878787439
40
0.211159515982146
40
0.254455598197799
40
0.296333074496308
40
0.336796521588625
40
0.375851167276061
40
0.413502927096467
40
0.459025440394146
40
0.506083801198133
40
0.554687147808996
40
0.604843790099897
40
0.656561317091837
40
0.709846689335166
40
0.764706318366737
40
0.821146135168294
40
0.879171649260485
40
0.938787999819982
40
1
40
1
40
1
40
1
41
1
10
10.4426912702999
20
1.34827700170257
30
0
41
1
10
10.4377741665265
20
1.35439725257444
30
0
41
1
10
10.4277325489084
20
1.36689591475746
30
0
41
1
10
10.4123752700762
20
1.38627360637886
30
0
41
1
10
10.3964035752449
20
1.40662573167634
30
0
41
1
10
10.3798141985488
20
1.42799097535811
30
0
41
1
10
10.3626030526113
20
1.45038580461056
30
0
41
1
10
10.3447562228359
20
1.47382916677228
30
0
41
1
10
10.3177984729586
20
1.5096379792478
30
0
41
1
10
10.2820288790681
20
1.55738094843588
30
0
41
1
10
10.2373949168945
20
1.61648491213515
30
0
41
1
10
10.1931902150803
20
1.67433237885518
30
0
41
1
10
10.1493949202225
20
1.73065946857545
30
0
41
1
10
10.1060327623254
20
1.78524849485143
30
0
41
1
10
10.0631392044032
20
1.83791316418422
30
0
41
1
10
10.0172849496405
20
1.89264738759189
30
0
41
1
10
9.96708804371659
20
1.95052023841183
30
0
41
1
10
9.91124932369479
20
2.01268085059186
30
0
41
1
10
9.85224153487965
20
2.07624081963726
30
0
41
1
10
9.79009952040943
20
2.14114370146299
30
0
41
1
10
9.72486137007908
20
2.2073437957892
30
0
41
1
10
9.65656859375335
20
2.27480586595678
30
0
41
1
10
9.58526349251014
20
2.34350259653087
30
0
41
1
10
9.5109937724815
20
2.41341985640253
30
0
41
1
10
9.43379059786722
20
2.48453179131437
30
0
41
1
10
9.35375011634397
20
2.55689328254982
30
0
41
1
10
9.2991151374616
20
2.60517651105448
30
0
41
1
10
9.27143689542061
20
2.62963693755069
30
0
0
SPLINE
5
123
100
AcDbEntity
8
1
62
256
6
ByLayer
370
18
48
1
60
0
100
AcDbSpline
70
4
71
3
72
30
73
26
40
0
40
0
40
0
40
0
40
0.104618917330154
40
0.104618917330154
40
0.156928375995231
40
0.156928375995231
40
0.209237834660307
40
0.209237834660307
40
0.418475669320615
40
0.418475669320615
40
0.523094586650769
40
0.523094586650769
40
0.549249315983307
40
0.549249315983307
40
0.575404045315846
40
0.575404045315846
40
0.627713503980923
40
0.627713503980923
40
0.836951338641236
40
0.836951338641236
40
0.941570255971393
40
0.941570255971393
40
0.993879714636471
40
0.993879714636471
40
1
40
1
40
1
40
1
41
1
10
10.4383882382473
20
1.3522832887345
30
0
41
1
10
10.6288380831009
20
1.27895982615459
30
0
41
1
10
10.8187004593751
20
1.19923637808597
30
0
41
1
10
11.1036066750692
20
1.07145535972972
30
0
41
1
10
11.1985940006431
20
1.02749557728532
30
0
41
1
10
11.3887713091328
20
0.937079137804687
30
0
41
1
10
11.484089742092
20
0.890556329978182
30
0
41
1
10
11.958973722438
20
0.653631596029868
30
0
41
1
10
12.3348137424142
20
0.449732054144192
30
0
41
1
10
12.9002081647748
20
0.13608449438783
30
0
41
1
10
13.0889404917439
20
0.0302276996511921
30
0
41
1
10
13.3260017471496
20
-0.102280118485481
30
0
41
1
10
13.3734714120164
20
-0.128790788156834
30
0
41
1
10
13.4685464470667
20
-0.181793009192234
30
0
41
1
10
13.5161952312358
20
-0.208308554491055
30
0
41
1
10
13.6588060637414
20
-0.28745335923432
30
0
41
1
10
13.7535684676069
20
-0.339756487089318
30
0
41
1
10
14.2262385956227
20
-0.598281411398006
30
0
41
1
10
14.6007379086945
20
-0.795493196640962
30
0
41
1
10
15.1646458983919
20
-1.06438004028271
30
0
41
1
10
15.3529711912543
20
-1.14952854886263
30
0
41
1
10
15.6369595620498
20
-1.26895879174535
30
0
41
1
10
15.7319154988589
20
-1.30740283695297
30
0
41
1
10
15.8382568617912
20
-1.34861147472688
30
0
41
1
10
15.8493911928701
20
-1.3529036274704
30
0
41
1
10
15.8605211504392
20
-1.35717138438017
30
0
0
SPLINE
5
124
100
AcDbEntity
8
1
62
256
6
ByLayer
370
18
48
1
60
0
100
AcDbSpline
70
4
71
3
72
14
73
10
40
0
40
0
40
0
40
0
40
0.445632675383834
40
0.445632675383834
40
0.668449013075758
40
0.668449013075758
40
0.891265350767682
40
0.891265350767682
40
1
40
1
40
1
40
1
41
1
10
10.4745215612698
20
-0.86656203504765
30
0
41
1
10
10.6641738769398
20
-0.960863354802171
30
0
41
1
10
10.8532565231243
20
-1.05066712533306
30
0
41
1
10
11.1370123291938
20
-1.17719670877327
30
0
41
1
10
11.2316193880827
20
-1.21801093443295
30
0
41
1
10
11.421041409035
20
-1.29667792152676
30
0
41
1
10
11.5159476676062
20
-1.33456135089327
30
0
41
1
10
11.6566323619522
20
-1.38825289257696
30
0
41
1
10
11.7027140390827
20
-1.40544474226718
30
0
41
1
10
11.7487480812181
20
-1.42221181903542
30
0
0
SPLINE
5
125
100
AcDbEntity
8
1
62
256
6
ByLayer
370
18
48
1
60
0
100
AcDbSpline
70
4
71
3
72
17
73
13
40
0
40
0
40
0
40
0
40
0.210811970892284
40
0.210811970892284
40
0.408108978169213
40
0.408108978169213
40
0.506757481807678
40
0.55608173362691
40
0.55608173362691
40
0.605405985446143
40
0.605405985446143
40
1
40
1
40
1
40
1
41
1
10
25.6670762095272
20
1.76915716298183
30
0
41
1
10
25.8674699948783
20
1.73278731812744
30
0
41
1
10
26.0671696990925
20
1.68694237348035
30
0
41
1
10
26.4539268037059
20
1.58110897674285
30
0
41
1
10
26.6409672926547
20
1.52221386309137
30
0
41
1
10
26.9225714883782
20
1.42309760178841
30
0
41
1
10
27.0636347374898
20
1.37084662509119
30
0
41
1
10
27.2052717846414
20
1.31471836231668
30
0
41
1
10
27.2998447612781
20
1.27645667719128
30
0
41
1
10
27.3472505725711
20
1.2568852615081
30
0
41
1
10
27.773686030119
20
1.07744912859394
30
0
41
1
10
28.1476221196093
20
0.896161957241446
30
0
41
1
10
28.5215571763112
20
0.701667491808394
30
0
0
SPLINE
5
126
100
AcDbEntity
8
1
62
256
6
ByLayer
370
18
48
1
60
0
100
AcDbSpline
70
4
71
3
72
19
73
15
40
0
40
0
40
0
40
0
40
0.249999999999766
40
0.249999999999766
40
0.31249999999975
40
0.31249999999975
40
0.374999999999733
40
0.499999999999787
40
0.499999999999787
40
0.62499999999984
40
0.62499999999984
40
0.749999999999893
40
0.749999999999893
40
1
40
1
40
1
40
1
41
1
10
28.5215571763117
20
0.701667491808678
30
0
41
1
10
28.5507946910565
20
0.718906520290545
30
0
41
1
10
28.5813733763943
20
0.736041485078374
30
0
41
1
10
28.6218102214469
20
0.756211402321554
30
0
41
1
10
28.6300336045584
20
0.760194794127131
30
0
41
1
10
28.6465507734957
20
0.767932407764022
30
0
41
1
10
28.6714514059377
20
0.77920657078775
30
0
41
1
10
28.6967555322475
20
0.789403955982834
30
0
41
1
10
28.730911191673
20
0.801882573788873
30
0
41
1
10
28.7481981492823
20
0.807560941158641
30
0
41
1
10
28.7832665729582
20
0.817585215974759
30
0
41
1
10
28.801125026711
20
0.821940859245728
30
0
41
1
10
28.8545258837908
20
0.83247592139918
30
0
41
1
10
28.890146370132
20
0.836234327230358
30
0
41
1
10
28.9260386457652
20
0.836224126427965
30
0
0
SPLINE
5
127
100
AcDbEntity
8
1
62
256
6
ByLayer
370
18
48
1
60
0
100
AcDbSpline
70
4
71
3
72
27
73
23
40
0
40
0
40
0
40
0
40
0.125000000000017
40
0.187500000000025
40
0.187500000000025
40
0.218750000000029
40
0.218750000000029
40
0.250000000000033
40
0.375000000000046
40
0.375000000000046
40
0.406250000000043
40
0.406250000000043
40
0.437500000000041
40
0.500000000000037
40
0.500000000000037
40
0.625000000000027
40
0.625000000000027
40
0.750000000000018
40
0.750000000000018
40
0.875000000000009
40
0.875000000000009
40
1
40
1
40
1
40
1
41
1
10
29.7500357177077
20
1.03365171243126
30
0
41
1
10
29.7456748624346
20
1.01577479258333
30
0
41
1
10
29.7330846778597
20
0.989994671774582
30
0
41
1
10
29.7085644074459
20
0.966256364340637
30
0
41
1
10
29.6940789318029
20
0.954768073755332
30
0
41
1
10
29.6888962486151
20
0.9510178791285
30
0
41
1
10
29.6779278246074
20
0.94375025528376
30
0
41
1
10
29.6489283288786
20
0.926105996647067
30
0
41
1
10
29.6121914699794
20
0.911034269616465
30
0
41
1
10
29.569799913796
20
0.897842625908908
30
0
41
1
10
29.561024381148
20
0.895295180385546
30
0
41
1
10
29.5431476654551
20
0.890439967943621
30
0
41
1
10
29.5157704148584
20
0.883492438730997
30
0
41
1
10
29.4868422982567
20
0.877469865461705
30
0
41
1
10
29.4272131298817
20
0.866482119703392
30
0
41
1
10
29.3851106843639
20
0.860558326505299
30
0
41
1
10
29.2973359070701
20
0.850839865062966
30
0
41
1
10
29.2524455488191
20
0.84712294328159
30
0
41
1
10
29.1613267792412
20
0.841399662105715
30
0
41
1
10
29.1150603677303
20
0.839399970415315
30
0
41
1
10
29.0213765737598
20
0.836803756263549
30
0
41
1
10
28.9739565056867
20
0.836210507881532
30
0
41
1
10
28.9260386457652
20
0.836224126427908
30
0
0
SPLINE
5
128
100
AcDbEntity
8
1
62
256
6
ByLayer
370
18
48
1
60
0
100
AcDbSpline
70
4
71
3
72
8
73
4
40
0
40
0
40
0
40
0
40
1
40
1
40
1
40
1
41
1
10
10.1476861248819
20
-0.65471955516108
30
0
41
1
10
10.2041465255019
20
-0.692870062671432
30
0
41
1
10
10.2608493133986
20
-0.731134572238261
30
0
41
1
10
10.317675050248
20
-0.76967125707489
30
0
0
SPLINE
5
129
100
AcDbEntity
8
1
62
256
6
ByLayer
370
18
48
1
60
0
100
AcDbSpline
70
4
71
3
72
10
73
6
40
0
40
0
40
0
40
0
40
0.5
40
0.5
40
1
40
1
40
1
40
1
41
1
10
10.3191477138696
20
-0.772547849290248
30
0
41
1
10
10.3451848970538
20
-0.790701553632687
30
0
41
1
10
10.3716216801217
20
-0.808185555489956
30
0
41
1
10
10.4256205286796
20
-0.841360989753952
30
0
41
1
10
10.4531759638741
20
-0.85705957272603
30
0
41
1
10
10.4815788452146
20
-0.871490741717395
30
0
0
SPLINE
5
12A
100
AcDbEntity
8
1
62
256
6
ByLayer
370
18
48
1
60
0
100
AcDbSpline
70
4
71
3
72
34
73
30
40
0
40
0
40
0
40
0
40
0.0157873013716659
40
0.0324664820402591
40
0.0500374641484429
40
0.0685001481279179
40
0.0878544100901467
40
0.108100099155914
40
0.129237034747545
40
0.151265003870819
40
0.190295517567404
40
0.228272454457718
40
0.265197899410643
40
0.301074283743948
40
0.335904389975019
40
0.369691360884107
40
0.402438713773047
40
0.434150360844793
40
0.478070269251848
40
0.523471956166242
40
0.570364238177707
40
0.618755132613099
40
0.668651961324474
40
0.720061439818323
40
0.772989753915483
40
0.827442625799463
40
0.883425371030082
40
0.940942947861007
40
1
40
1
40
1
40
1
41
1
10
10.4780379482956
20
-0.869701351791292
30
0
41
1
10
10.4727476438128
20
-0.860248383181329
30
0
41
1
10
10.4618681672363
20
-0.840808415046354
30
0
41
1
10
10.445134543751
20
-0.810964250615825
30
0
41
1
10
10.4275260827879
20
-0.779628080447054
30
0
41
1
10
10.4090420797551
20
-0.746832572645559
30
0
41
1
10
10.3896753480307
20
-0.712602919880879
30
0
41
1
10
10.3694204084518
20
-0.676969277275361
30
0
41
1
10
10.348257427756
20
-0.639968949776915
30
0
41
1
10
10.3208341476915
20
-0.592275072225505
30
0
41
1
10
10.287489782839
20
-0.535410068830004
30
0
41
1
10
10.2483601141688
20
-0.470983809915623
30
0
41
1
10
10.2095656201592
20
-0.40925924864365
30
0
41
1
10
10.1710826443387
20
-0.350156003859126
30
0
41
1
10
10.1329224988928
20
-0.293577872799347
30
0
41
1
10
10.0951023616271
20
-0.239427223003901
30
0
41
1
10
10.057649921552
20
-0.187604300351381
30
0
41
1
10
10.0154413799479
20
-0.131109830466158
30
0
41
1
10
9.96708804909545
20
-0.0688464380852167
30
0
41
1
10
9.91124932218162
20
0.000286709148952
30
0
41
1
10
9.85224153530476
20
0.070836438659569
30
0
41
1
10
9.79009952029017
20
0.142873661442337
30
0
41
1
10
9.72486137011251
20
0.216468747183058
30
0
41
1
10
9.656568593744
20
0.291690938296426
30
0
41
1
10
9.58526349251275
20
0.368607082184667
30
0
41
1
10
9.51099377248073
20
0.447282947530454
30
0
41
1
10
9.43379059786741
20
0.527775247039813
30
0
41
1
10
9.35375011634392
20
0.610160284682763
30
0
41
1
10
9.29911513746157
20
0.665600395934689
30
0
41
1
10
9.27143689542061
20
0.693686520417572
30
0
0
SPLINE
5
12B
100
AcDbEntity
8
1
62
256
6
ByLayer
370
18
48
1
60
0
100
AcDbSpline
70
4
71
3
72
22
73
18
40
0
40
0
40
0
40
0
40
0.249999999999998
40
0.249999999999998
40
0.374999999999988
40
0.374999999999988
40
0.499999999999979
40
0.499999999999979
40
0.62499999999997
40
0.62499999999997
40
0.749999999999961
40
0.749999999999961
40
0.874999999999951
40
0.874999999999951
40
0.937499999999976
40
0.937499999999976
40
1
40
1
40
1
40
1
41
1
10
29.9720820353188
20
0.957523361748315
30
0
41
1
10
29.9745835950625
20
0.974664009159653
30
0
41
1
10
29.9703335817966
20
0.992054766230382
30
0
41
1
10
29.9549699287981
20
1.01847388260407
30
0
41
1
10
29.94827432071
20
1.02738361848799
30
0
41
1
10
29.9321646053656
20
1.04483815440904
30
0
41
1
10
29.9227457756306
20
1.05343402887229
30
0
41
1
10
29.9011942725901
20
1.07036434913198
30
0
41
1
10
29.8890453088646
20
1.07870364120603
30
0
41
1
10
29.8618742528192
20
1.09507950243062
30
0
41
1
10
29.8471526880084
20
1.10293486600963
30
0
41
1
10
29.8154568751916
20
1.11798613550277
30
0
41
1
10
29.7984837479002
20
1.1251823694985
30
0
41
1
10
29.7712480379519
20
1.13545680302124
30
0
41
1
10
29.761872256923
20
1.13879460768572
30
0
41
1
10
29.7424959136195
20
1.14528731655975
30
0
41
1
10
29.7325665750645
20
1.14841712177878
30
0
41
1
10
29.7224887044054
20
1.15140272223556
30
0
0
SPLINE
5
12C
100
AcDbEntity
8
1
62
256
6
ByLayer
370
18
48
1
60
0
100
AcDbSpline
70
4
71
3
72
14
73
10
40
0
40
0
40
0
40
0
40
0.25
40
0.25
40
0.5
40
0.5
40
0.75
40
0.75
40
1
40
1
40
1
40
1
41
1
10
29.9059739650699
20
1.43387255763813
30
0
41
1
10
29.9069299602172
20
1.42841991741312
30
0
41
1
10
29.907795207426
20
1.42312886828256
30
0
41
1
10
29.9092843798195
20
1.41297648214945
30
0
41
1
10
29.9099025590903
20
1.40813935784365
30
0
41
1
10
29.9107879157741
20
1.39935909320602
30
0
41
1
10
29.9110613151323
20
1.39536187437719
30
0
41
1
10
29.9112018660436
20
1.38840587688998
30
0
41
1
10
29.9110680981664
20
1.38552895315223
30
0
41
1
10
29.9107395074073
20
1.3832259426284
30
0
0
SPLINE
5
12D
100
AcDbEntity
8
1
62
256
6
ByLayer
370
18
48
1
60
0
100
AcDbSpline
70
4
71
3
72
16
73
12
40
0
40
0
40
0
40
0
40
0.249999999999999
40
0.249999999999999
40
0.374999999999999
40
0.374999999999999
40
0.499999999999999
40
0.499999999999999
40
0.75
40
0.75
40
1
40
1
40
1
40
1
41
1
10
16.5075652188859
20
2.23389402115814
30
0
41
1
10
16.5070704057694
20
2.18818876959236
30
0
41
1
10
16.5065715420155
20
2.13952530465775
30
0
41
1
10
16.5058826305
20
2.06212203078187
30
0
41
1
10
16.5056596718427
20
2.03558552175096
30
0
41
1
10
16.5052185348754
20
1.98103612015498
30
0
41
1
10
16.5050001325947
20
1.95299411140172
30
0
41
1
10
16.5043334556363
20
1.86703758566284
30
0
41
1
10
16.5038670232257
20
1.80720495085296
30
0
41
1
10
16.5029908734601
20
1.68251779402485
30
0
41
1
10
16.502578825809
20
1.61766347399879
30
0
41
1
10
16.5021555615032
20
1.55026731967916
30
0
0
SPLINE
5
12E
100
AcDbEntity
8
1
62
256
6
ByLayer
370
13
48
1
60
0
100
AcDbSpline
70
4
71
3
72
13
73
9
40
0
40
0
40
0
40
0
40
0.16687234960803
40
0.293437569949625
40
0.420002790291221
40
0.673133230974411
40
0.926263671657602
40
1
40
1
40
1
40
1
41
1
10
16.9721752478126
20
1.14560532765245
30
0
41
1
10
16.9839053750913
20
1.14764907375601
30
0
41
1
10
17.0041043927465
20
1.15196255419156
30
0
41
1
10
17.031605933603
20
1.15978198314846
30
0
41
1
10
17.0628158562433
20
1.17063452088712
30
0
41
1
10
17.1004384005188
20
1.18759439952996
30
0
41
1
10
17.1320178672368
20
1.20730557366184
30
0
41
1
10
17.1482118327765
20
1.21975175993103
30
0
41
1
10
17.1517767965043
20
1.2226232092579
30
0
0
SPLINE
5
12F
100
AcDbEntity
8
1
62
256
6
ByLayer
370
18
48
1
60
0
100
AcDbSpline
70
4
71
3
72
12
73
8
40
0
40
0
40
0
40
0
40
0.5
40
0.5
40
0.75
40
0.75
40
1
40
1
40
1
40
1
41
1
10
9.00000000000685
20
-1.62539365074207
30
0
41
1
10
9.12545418464936
20
-1.70990794087317
30
0
41
1
10
9.252983213318
20
-1.78716617896475
30
0
41
1
10
9.44856482629345
20
-1.89219530784098
30
0
41
1
10
9.51450093456248
20
-1.92538063836688
30
0
41
1
10
9.64754604619242
20
-1.98771377209906
30
0
41
1
10
9.7147207027086
20
-2.01689723305589
30
0
41
1
10
9.78269570685259
20
-2.04404610245658
30
0
0
SPLINE
5
130
100
AcDbEntity
8
1
62
256
6
ByLayer
370
18
48
1
60
0
100
AcDbSpline
70
4
71
3
72
14
73
10
40
0
40
0
40
0
40
0
40
0.25
40
0.25
40
0.5
40
0.5
40
0.75
40
0.75
40
1
40
1
40
1
40
1
41
1
10
7.85698754116586
20
0.294284125355261
30
0
41
1
10
7.99795481445122
20
0.22373215554984
30
0
41
1
10
8.1406427226984
20
0.156747682558006
30
0
41
1
10
8.43016867248994
20
0.0303230395783487
30
0
41
1
10
8.57701044179976
20
-0.0291086300259167
30
0
41
1
10
8.87552647862833
20
-0.140580202157793
30
0
41
1
10
9.02720580387961
20
-0.192613063282437
30
0
41
1
10
9.33591506237852
20
-0.290259917863125
30
0
41
1
10
9.49295044541623
20
-0.335871203657092
30
0
41
1
10
9.65275713008984
20
-0.379248319029358
30
0
0
SPLINE
5
131
100
AcDbEntity
8
1
62
256
6
ByLayer
370
18
48
1
60
0
100
AcDbSpline
70
4
71
3
72
20
73
16
40
0
40
0
40
0
40
0
40
0.0624999999999835
40
0.0624999999999835
40
0.124999999999967
40
0.124999999999967
40
0.249999999999964
40
0.249999999999964
40
0.37499999999996
40
0.37499999999996
40
0.499999999999957
40
0.499999999999957
40
0.749999999999979
40
0.749999999999979
40
1
40
1
40
1
40
1
41
1
10
9.65275713008984
20
-0.379248319029244
30
0
41
1
10
9.66420691280911
20
-0.382356189936445
30
0
41
1
10
9.67547890182468
20
-0.386084458781596
30
0
41
1
10
9.6976570565358
20
-0.394182849383071
30
0
41
1
10
9.70859561653967
20
-0.398574270098834
30
0
41
1
10
9.74111468865291
20
-0.412426186478711
30
0
41
1
10
9.76240444651532
20
-0.422551146692541
30
0
41
1
10
9.80455639637663
20
-0.443788759788731
30
0
41
1
10
9.82541080848861
20
-0.454918923669823
30
0
41
1
10
9.86682790802186
20
-0.477860046377458
30
0
41
1
10
9.88740071292779
20
-0.48968299356315
30
0
41
1
10
9.94866353367124
20
-0.525831967924091
30
0
41
1
10
9.98893796451014
20
-0.550841201050986
30
0
41
1
10
10.0687921104222
20
-0.601993864966033
30
0
41
1
10
10.1083639950321
20
-0.628149442415037
30
0
41
1
10
10.1476861248713
20
-0.654719555153775
30
0
0
SPLINE
5
132
100
AcDbEntity
8
1
62
256
6
ByLayer
370
18
48
1
60
0
100
AcDbSpline
70
4
71
3
72
30
73
26
40
0
40
0
40
0
40
0
40
0.0312500000000214
40
0.0312500000000214
40
0.0625000000000428
40
0.0625000000000428
40
0.125000000000059
40
0.125000000000059
40
0.187500000000075
40
0.187500000000075
40
0.25000000000009
40
0.25000000000009
40
0.375000000000094
40
0.375000000000094
40
0.437500000000095
40
0.437500000000095
40
0.500000000000097
40
0.500000000000097
40
0.625000000000073
40
0.625000000000073
40
0.750000000000048
40
0.750000000000048
40
0.875000000000024
40
0.875000000000024
40
1
40
1
40
1
40
1
41
1
10
8.3090278927252
20
2.83759039040419
30
0
41
1
10
8.31570423821731
20
2.83725547199279
30
0
41
1
10
8.32255752360382
20
2.83694346247168
30
0
41
1
10
8.33658739483178
20
2.83636632652073
30
0
41
1
10
8.34379322078641
20
2.83610037596634
30
0
41
1
10
8.36552528024023
20
2.83538420935071
30
0
41
1
10
8.38023072569308
20
2.83501165853969
30
0
41
1
10
8.40998421865288
20
2.83445051168672
30
0
41
1
10
8.42503314217541
20
2.83426204930384
30
0
41
1
10
8.45542185234171
20
2.83404924815594
30
0
41
1
10
8.47071673883681
20
2.83402602921055
30
0
41
1
10
8.51611384879575
20
2.83416693090749
30
0
41
1
10
8.54604391023506
20
2.83453732336815
30
0
41
1
10
8.5905577834578
20
2.8353747125212
30
0
41
1
10
8.60533111750939
20
2.83570130389629
30
0
41
1
10
8.63475948965262
20
2.83643112720944
30
0
41
1
10
8.64942424333043
20
2.83683488936845
30
0
41
1
10
8.69274449300983
20
2.83811906477283
30
0
41
1
10
8.72091304115341
20
2.83907587941243
30
0
41
1
10
8.77605006786371
20
2.84105579896928
30
0
41
1
10
8.80301636689947
20
2.84207941770478
30
0
41
1
10
8.85586576563631
20
2.84407325101722
30
0
41
1
10
8.88174796757801
20
2.84504375944647
30
0
41
1
10
8.93249044620802
20
2.84681397082963
30
0
41
1
10
8.95721948600405
20
2.84760873649887
30
0
41
1
10
8.9812536363786
20
2.84825492440953
30
0
0
SPLINE
5
133
100
AcDbEntity
8
1
62
256
6
ByLayer
370
18
48
1
60
0
100
AcDbSpline
70
4
71
3
72
35
73
31
40
0
40
0
40
0
40
0
40
0.125
40
0.125
40
0.25
40
0.25
40
0.375000000000001
40
0.375000000000001
40
0.500000000000001
40
0.500000000000001
40
0.562500000000001
40
0.562500000000001
40
0.625000000000001
40
0.625000000000001
40
0.687500000000001
40
0.687500000000001
40
0.750000000000001
40
0.750000000000001
40
0.781250000000001
40
0.781250000000001
40
0.812500000000001
40
0.812500000000001
40
0.875000000000001
40
0.875000000000001
40
0.937500000000001
40
0.937500000000001
40
0.953125000000001
40
0.953125000000001
40
0.968750000000001
40
1
40
1
40
1
40
1
41
1
10
9
20
-1.61832476344648
30
0
41
1
10
8.92995299573707
20
-1.55969920565096
30
0
41
1
10
8.86125289601975
20
-1.49905365578112
30
0
41
1
10
8.72663177061173
20
-1.37352943019826
30
0
41
1
10
8.660707945133
20
-1.30865405032091
30
0
41
1
10
8.53196199092025
20
-1.17425114757779
30
0
41
1
10
8.46913391162698
20
-1.10473019435915
30
0
41
1
10
8.34726471949065
20
-0.960248747075923
30
0
41
1
10
8.28820939995063
20
-0.885303425075989
30
0
41
1
10
8.20345954791873
20
-0.76771499359424
30
0
41
1
10
8.17585445722642
20
-0.727650801524959
30
0
41
1
10
8.12221640661753
20
-0.645481608275304
30
0
41
1
10
8.09614119313835
20
-0.603290700380171
30
0
41
1
10
8.04661724968818
20
-0.517614205481749
30
0
41
1
10
8.02308720403138
20
-0.474017108086684
30
0
41
1
10
7.97902592796052
20
-0.385013963740931
30
0
41
1
10
7.95849013654839
20
-0.339610375679314
30
0
41
1
10
7.93052581830423
20
-0.269827241338305
30
0
41
1
10
7.92166835238712
20
-0.246243540555696
30
0
41
1
10
7.90519950408191
20
-0.198920623881946
30
0
41
1
10
7.89756711935925
20
-0.175134251867689
30
0
41
1
10
7.87665998268128
20
-0.103363423768343
30
0
41
1
10
7.86535732103826
20
-0.0549708623989034
30
0
41
1
10
7.84934946124528
20
0.0431717339449449
30
0
41
1
10
7.84462811117581
20
0.0929185276935982
30
0
41
1
10
7.84413949435279
20
0.156209784944906
30
0
41
1
10
7.84431711796418
20
0.168927100296344
30
0
41
1
10
7.84524687182298
20
0.194218834564594
30
0
41
1
10
7.84750157048961
20
0.232037227351782
30
0
41
1
10
7.85242503388224
20
0.26948897849249
30
0
41
1
10
7.85698754118661
20
0.294284125351766
30
0
0
SPLINE
5
134
100
AcDbEntity
8
1
62
256
6
ByLayer
370
18
48
1
60
0
100
AcDbSpline
70
4
71
3
72
31
73
27
40
0
40
0
40
0
40
0
40
0.124999999999992
40
0.124999999999992
40
0.187499999999988
40
0.187499999999988
40
0.249999999999984
40
0.249999999999984
40
0.374999999999973
40
0.374999999999973
40
0.437499999999967
40
0.437499999999967
40
0.468749999999965
40
0.468749999999965
40
0.499999999999962
40
0.624999999999959
40
0.624999999999959
40
0.687499999999963
40
0.687499999999963
40
0.749999999999968
40
0.749999999999968
40
0.874999999999992
40
0.874999999999992
40
0.937499999999996
40
0.937499999999996
40
1
40
1
40
1
40
1
41
1
10
7.85698754118377
20
0.294284125354579
30
0
41
1
10
7.85001335795184
20
0.337381653747571
30
0
41
1
10
7.8456883551915
20
0.380506086174023
30
0
41
1
10
7.84394505824883
20
0.445275192291803
30
0
41
1
10
7.84415726134864
20
0.466878770376923
30
0
41
1
10
7.84633699718148
20
0.510122802578195
30
0
41
1
10
7.8483225563015
20
0.531866176078807
30
0
41
1
10
7.85705096059453
20
0.596111066937482
30
0
41
1
10
7.86652882870786
20
0.637760570987666
30
0
41
1
10
7.8865825903348
20
0.698419679605848
30
0
41
1
10
7.89424122246129
20
0.718336534348055
30
0
41
1
10
7.90724667012654
20
0.747748669518558
30
0
41
1
10
7.91184512703285
20
0.757493470602157
30
0
41
1
10
7.92145557172282
20
0.776631400260328
30
0
41
1
10
7.94655974691659
20
0.823703191389569
30
0
41
1
10
7.97689364213548
20
0.867050113241902
30
0
41
1
10
8.01789639857125
20
0.915868229325866
30
0
41
1
10
8.03237365403862
20
0.931647104411809
30
0
41
1
10
8.06263196669394
20
0.962003433387252
30
0
41
1
10
8.07829746379238
20
0.97647387428654
30
0
41
1
10
8.12674557001651
20
1.01798998684356
30
0
41
1
10
8.16097250855256
20
1.04315093539512
30
0
41
1
10
8.21474935456285
20
1.07777850387058
30
0
41
1
10
8.23308309013404
20
1.08879909959654
30
0
41
1
10
8.27051094387309
20
1.10987764087975
30
0
41
1
10
8.28965608529202
20
1.11996004295432
30
0
41
1
10
8.30902789272403
20
1.12953124539536
30
0
0
SPLINE
5
135
100
AcDbEntity
8
1
62
256
6
ByLayer
370
18
48
1
60
0
100
AcDbSpline
70
4
71
3
72
30
73
26
40
0
40
0
40
0
40
0
40
0.0312500000000179
40
0.0312500000000179
40
0.0625000000000359
40
0.0625000000000359
40
0.125000000000045
40
0.125000000000045
40
0.187500000000054
40
0.187500000000054
40
0.250000000000063
40
0.250000000000063
40
0.375000000000053
40
0.375000000000053
40
0.437500000000048
40
0.437500000000048
40
0.500000000000043
40
0.500000000000043
40
0.625000000000032
40
0.625000000000032
40
0.750000000000021
40
0.750000000000021
40
0.875000000000011
40
0.875000000000011
40
1
40
1
40
1
40
1
41
1
10
8.30902789272449
20
1.12953124539556
30
0
41
1
10
8.31570423821657
20
1.13282988722315
30
0
41
1
10
8.32255752360305
20
1.13583441398876
30
0
41
1
10
8.33658739483101
20
1.14130806085973
30
0
41
1
10
8.34379322078564
20
1.14378445391031
30
0
41
1
10
8.3655252802395
20
1.15037566934655
30
0
41
1
10
8.38023072569234
20
1.15369753207685
30
0
41
1
10
8.40998421865217
20
1.15865907171207
30
0
41
1
10
8.42503314217473
20
1.16029431049733
30
0
41
1
10
8.45542185234106
20
1.16213987296879
30
0
41
1
10
8.47071673883619
20
1.16233916519153
30
0
41
1
10
8.51611384879519
20
1.16112048138027
30
0
41
1
10
8.54604391023452
20
1.15793378015368
30
0
41
1
10
8.59055778345734
20
1.1504358836693
30
0
41
1
10
8.60533111750894
20
1.14747573437106
30
0
41
1
10
8.6347594896522
20
1.14070767611295
30
0
41
1
10
8.64942424333006
20
1.1368938162569
30
0
41
1
10
8.69274449300951
20
1.12441574005362
30
0
41
1
10
8.72091304115315
20
1.11468509101644
30
0
41
1
10
8.77605006786351
20
1.09280336784667
30
0
41
1
10
8.8030163668993
20
1.08064804735204
30
0
41
1
10
8.85586576563622
20
1.05410965469508
30
0
41
1
10
8.88174796757798
20
1.03972486468339
30
0
41
1
10
8.93249044620802
20
1.00880777860314
30
0
41
1
10
8.95721948600411
20
0.992351519273342
30
0
41
1
10
8.98125363637865
20
0.974997612251542
30
0
0
SPLINE
5
136
100
AcDbEntity
8
1
62
256
6
ByLayer
370
18
48
1
60
0
100
AcDbSpline
70
4
71
3
72
36
73
32
40
0
40
0
40
0
40
0
40
0.125
40
0.125
40
0.25
40
0.25
40
0.375000000000001
40
0.375000000000001
40
0.500000000000001
40
0.500000000000001
40
0.562499999999999
40
0.562499999999999
40
0.593749999999998
40
0.593749999999998
40
0.624999999999996
40
0.624999999999996
40
0.687499999999998
40
0.687499999999998
40
0.75
40
0.75
40
0.781250000000001
40
0.781250000000001
40
0.812500000000002
40
0.812500000000002
40
0.875000000000001
40
0.875000000000001
40
0.9375
40
0.9375
40
0.96875
40
0.96875
40
1
40
1
40
1
40
1
41
1
10
9
20
1.8471693894505
30
0
41
1
10
8.93204232694944
20
1.89978896650518
30
0
41
1
10
8.86535289271822
20
1.95122368587019
30
0
41
1
10
8.73458549232643
20
2.05153445810475
30
0
41
1
10
8.67050517387437
20
2.1004112524962
30
0
41
1
10
8.5452391093074
20
2.195444949137
30
0
41
1
10
8.48404849722533
20
2.24160269361471
30
0
41
1
10
8.36515696572164
20
2.3310399978424
30
0
41
1
10
8.30744485321881
20
2.3743206954162
30
0
41
1
10
8.22434034442378
20
2.43694500645657
30
0
41
1
10
8.19722111713494
20
2.45743668642166
30
0
41
1
10
8.15759198867187
20
2.48757777188666
30
0
41
1
10
8.14455783170487
20
2.49752535584833
30
0
41
1
10
8.11887903767359
20
2.51721743945205
30
0
41
1
10
8.10622365376793
20
2.52697041138848
30
0
41
1
10
8.06913365544489
20
2.55574420157947
30
0
41
1
10
8.04550113369959
20
2.57433303450048
30
0
41
1
10
8.00086289661814
20
2.61027628224051
30
0
41
1
10
7.97985395945022
20
2.62763094713176
30
0
41
1
10
7.95078366554404
20
2.6526876028407
30
0
41
1
10
7.94148542173352
20
2.66089292762413
30
0
41
1
10
7.92390988599226
20
2.67688024558018
30
0
41
1
10
7.91563673790947
20
2.68465740059008
30
0
41
1
10
7.89251605453754
20
2.70732722257978
30
0
41
1
10
7.87935270127787
20
2.72155945110492
30
0
41
1
10
7.85863580734502
20
2.74817242189178
30
0
41
1
10
7.85106972282108
20
2.7605538633824
30
0
41
1
10
7.84520476912459
20
2.7776360339081
30
0
41
1
10
7.84419595708451
20
2.78301833513561
30
0
41
1
10
7.84422670318858
20
2.79312335778022
30
0
41
1
10
7.84526342671174
20
2.79785356233833
30
0
41
1
10
7.84740458633374
20
2.80226622914125
30
0
0
SPLINE
5
137
100
AcDbEntity
8
1
62
256
6
ByLayer
370
18
48
1
60
0
100
AcDbSpline
70
4
71
3
72
29
73
25
40
0
40
0
40
0
40
0
40
0.0625000000000036
40
0.0625000000000036
40
0.125000000000007
40
0.125000000000007
40
0.250000000000015
40
0.250000000000015
40
0.312500000000016
40
0.312500000000016
40
0.375000000000017
40
0.500000000000021
40
0.500000000000021
40
0.562500000000022
40
0.562500000000022
40
0.625000000000023
40
0.625000000000023
40
0.750000000000026
40
0.750000000000026
40
0.81250000000002
40
0.81250000000002
40
0.875000000000013
40
0.875000000000013
40
1
40
1
40
1
40
1
41
1
10
7.84740458633374
20
2.80226622914125
30
0
41
1
10
7.84572136803254
20
2.80596446201221
30
0
41
1
10
7.8446752134642
20
2.80947843725823
30
0
41
1
10
7.84399472654482
20
2.81602555790315
30
0
41
1
10
7.84435197532835
20
2.81907396591447
30
0
41
1
10
7.84764505545382
20
2.82755469616399
30
0
41
1
10
7.8527937177198
20
2.83232251098514
30
0
41
1
10
7.86559159243811
20
2.83818831424742
30
0
41
1
10
7.8707313401614
20
2.83993182348189
30
0
41
1
10
7.88257226392767
20
2.84294497519053
30
0
41
1
10
7.90271902482667
20
2.84678381550174
30
0
41
1
10
7.92993663745474
20
2.84878230348295
30
0
41
1
10
7.96182509574652
20
2.84979552371163
30
0
41
1
10
7.97328982147636
20
2.84996826434721
30
0
41
1
10
7.99740132613172
20
2.85002365108153
30
0
41
1
10
8.010058380212
20
2.84990849123912
30
0
41
1
10
8.04970833035546
20
2.84921501943347
30
0
41
1
10
8.07837461454656
20
2.84829168899543
30
0
41
1
10
8.12434193998226
20
2.84646970660384
30
0
41
1
10
8.14019730118423
20
2.84578687270474
30
0
41
1
10
8.17244175805962
20
2.84432742437875
30
0
41
1
10
8.1888724807055
20
2.84354933158826
30
0
41
1
10
8.23900469474958
20
2.8411182216739
30
0
41
1
10
8.27354244397381
20
2.83937051549481
30
0
41
1
10
8.30902789272525
20
2.83759039040419
30
0
0
SPLINE
5
138
100
AcDbEntity
8
1
62
256
6
ByLayer
370
18
48
1
60
0
100
AcDbSpline
70
4
71
3
72
26
73
22
40
0
40
0
40
0
40
0
40
0.144738753805747
40
0.144738753805747
40
0.217108130708621
40
0.217108130708621
40
0.289477507611494
40
0.289477507611494
40
0.434216261417241
40
0.434216261417241
40
0.578955015222988
40
0.578955015222988
40
0.651324392125861
40
0.651324392125861
40
0.687509080577301
40
0.687509080577301
40
0.72369376902874
40
0.72369376902874
40
0.868432522834497
40
0.868432522834497
40
1
40
1
40
1
40
1
41
1
10
21.3063165353817
20
1.97783151199482
30
0
41
1
10
21.1940464745222
20
2.04816969490199
30
0
41
1
10
21.0823268517647
20
2.11482352070169
30
0
41
1
10
20.9152498152547
20
2.20900881903498
30
0
41
1
10
20.8596426377617
20
2.23943420720164
30
0
41
1
10
20.7485471796448
20
2.29827641264654
30
0
41
1
10
20.6930627836069
20
2.32668022690692
30
0
41
1
10
20.5266425531808
20
2.40895341349844
30
0
41
1
10
20.415719369427
20
2.45996283764609
30
0
41
1
10
20.1935284446281
20
2.5538932657706
30
0
41
1
10
20.0822847888474
20
2.59671088190669
30
0
41
1
10
19.9148189855669
20
2.65445887217621
30
0
41
1
10
19.8588941053036
20
2.67264455309041
30
0
41
1
10
19.7748063266483
20
2.69829818682948
30
0
41
1
10
19.7467439296578
20
2.70657670104833
30
0
41
1
10
19.6905458589616
20
2.72257361143105
30
0
41
1
10
19.6623857550079
20
2.73029813666119
30
0
41
1
10
19.5218501709985
20
2.76736070739636
30
0
41
1
10
19.410080777549
20
2.79201167298603
30
0
41
1
10
19.1973077649676
20
2.83012927094151
30
0
41
1
10
19.0962433458285
20
2.84446194195516
30
0
41
1
10
18.9953102005022
20
2.85478737016632
30
0
0
SPLINE
5
139
100
AcDbEntity
8
1
62
256
6
ByLayer
370
18
48
1
60
0
100
AcDbSpline
70
4
71
3
72
36
73
32
40
0
40
0
40
0
40
0
40
0.124999999999716
40
0.124999999999716
40
0.187499999999557
40
0.187499999999557
40
0.249999999999398
40
0.249999999999398
40
0.265624999999384
40
0.265624999999384
40
0.28124999999937
40
0.31249999999938
40
0.31249999999938
40
0.374999999999436
40
0.374999999999436
40
0.406249999999464
40
0.406249999999464
40
0.437499999999492
40
0.437499999999492
40
0.499999999999548
40
0.562499999999605
40
0.562499999999605
40
0.624999999999661
40
0.624999999999661
40
0.749999999999774
40
0.749999999999774
40
0.874999999999886
40
0.874999999999886
40
0.937499999999943
40
0.937499999999943
40
1
40
1
40
1
40
1
41
1
10
27.3065100662452
20
-2.48258801383528
30
0
41
1
10
27.3353513496722
20
-2.475735633151
30
0
41
1
10
27.3643518520133
20
-2.46823431916633
30
0
41
1
10
27.4081281747592
20
-2.45600190667386
30
0
41
1
10
27.4227661595278
20
-2.45176030997016
30
0
41
1
10
27.4521403222547
20
-2.44294315902289
30
0
41
1
10
27.4668851745843
20
-2.4384306215704
30
0
41
1
10
27.4853617244899
20
-2.43242979528284
30
0
41
1
10
27.489062534534
20
-2.43123416982496
30
0
41
1
10
27.4965048896655
20
-2.42907852189774
30
0
41
1
10
27.5077220860312
20
-2.42614504680412
30
0
41
1
10
27.5190968217347
20
-2.42414053760803
30
0
41
1
10
27.5420333486298
20
-2.42133581405531
30
0
41
1
10
27.5575688384419
20
-2.42103843411198
30
0
41
1
10
27.5811413524936
20
-2.42267395065852
30
0
41
1
10
27.5890447686475
20
-2.42357321656374
30
0
41
1
10
27.6049329824571
20
-2.42607135526995
30
0
41
1
10
27.6128274764982
20
-2.4276547872563
30
0
41
1
10
27.6361907247219
20
-2.43326915094389
30
0
41
1
10
27.6666474678197
20
-2.44308480820035
30
0
41
1
10
27.6958583579948
20
-2.45676410043308
30
0
41
1
10
27.7244834631315
20
-2.47215181970481
30
0
41
1
10
27.738543200548
20
-2.48071897025361
30
0
41
1
10
27.7796332078038
20
-2.50858279870886
30
0
41
1
10
27.8051770135524
20
-2.52970666316989
30
0
41
1
10
27.8532152525364
20
-2.57606305389518
30
0
41
1
10
27.8756900994895
20
-2.60132652357868
30
0
41
1
10
27.9072073042452
20
-2.64227388054755
30
0
41
1
10
27.9173604829217
20
-2.65647671098026
30
0
41
1
10
27.9367016128516
20
-2.68565868810893
30
0
41
1
10
27.9459104875428
20
-2.70066731435043
30
0
41
1
10
27.9546416383395
20
-2.71612521486247
30
0
0
SPLINE
5
13A
100
AcDbEntity
8
1
62
256
6
ByLayer
370
18
48
1
60
0
100
AcDbSpline
70
4
71
3
72
17
73
13
40
0
40
0
40
0
40
0
40
0.250000000000003
40
0.250000000000003
40
0.500000000000007
40
0.500000000000007
40
0.75000000000001
40
0.75000000000001
40
0.812500000000011
40
0.812500000000011
40
0.875000000000012
40
1
40
1
40
1
40
1
41
1
10
29.6933417611461
20
-2.8245051691533
30
0
41
1
10
29.5482609972019
20
-2.84800460694785
30
0
41
1
10
29.4039126630161
20
-2.86314010664466
30
0
41
1
10
29.1154386775251
20
-2.87732352926716
30
0
41
1
10
28.9713222691422
20
-2.87637087230351
30
0
41
1
10
28.6823106677381
20
-2.85826475722138
30
0
41
1
10
28.5374024524732
20
-2.84121935591875
30
0
41
1
10
28.3551258482964
20
-2.80956539267547
30
0
41
1
10
28.3185845469377
20
-2.80271391680572
30
0
41
1
10
28.2454958017781
20
-2.78800379172472
30
0
41
1
10
28.1360538937894
20
-2.76447304843799
30
0
41
1
10
28.027110874195
20
-2.73660217026517
30
0
41
1
10
27.9546416383391
20
-2.71612521486361
30
0
0
SPLINE
5
13B
100
AcDbEntity
8
1
62
256
6
ByLayer
370
18
48
1
60
0
100
AcDbSpline
70
4
71
3
72
20
73
16
40
0
40
0
40
0
40
0
40
0.125000000000019
40
0.125000000000019
40
0.250000000000038
40
0.250000000000038
40
0.500000000000075
40
0.500000000000075
40
0.625000000000056
40
0.625000000000056
40
0.750000000000038
40
0.750000000000038
40
0.875000000000019
40
0.875000000000019
40
1
40
1
40
1
40
1
41
1
10
29.768134504954
20
-2.64783459887207
30
0
41
1
10
29.7675123128705
20
-2.65473767638883
30
0
41
1
10
29.7665370108338
20
-2.66183973230474
30
0
41
1
10
29.7638780359498
20
-2.67632523738388
30
0
41
1
10
29.7622119391358
20
-2.68362443042295
30
0
41
1
10
29.7562401776041
20
-2.70569752296271
30
0
41
1
10
29.750965160165
20
-2.72064650742985
30
0
41
1
10
29.7411016981466
20
-2.74345917923068
30
0
41
1
10
29.737519704146
20
-2.75106115636805
30
0
41
1
10
29.7299038914529
20
-2.76608600461247
30
0
41
1
10
29.7258572529108
20
-2.77353812852098
30
0
41
1
10
29.7173095442357
20
-2.78832874022612
30
0
41
1
10
29.7128054346167
20
-2.79566628084385
30
0
41
1
10
29.7033542048148
20
-2.810230961614
30
0
41
1
10
29.6984149464564
20
-2.81744755690585
30
0
41
1
10
29.6933417611458
20
-2.82450516915273
30
0
0
SPLINE
5
13C
100
AcDbEntity
8
1
62
256
6
ByLayer
370
18
48
1
60
0
100
AcDbSpline
70
4
71
3
72
10
73
6
40
0
40
0
40
0
40
0
40
0.5
40
0.5
40
1
40
1
40
1
40
1
41
1
10
29.7025891410469
20
-2.29904129300354
30
0
41
1
10
29.7145528818429
20
-2.35433451577441
30
0
41
1
10
29.7262134153503
20
-2.41053111665079
30
0
41
1
10
29.7481667736749
20
-2.52651912354068
30
0
41
1
10
29.7585133494865
20
-2.58620370413357
30
0
41
1
10
29.768134504954
20
-2.64783459887207
30
0
0
SPLINE
5
13D
100
AcDbEntity
8
1
62
256
6
ByLayer
370
18
48
1
60
0
100
AcDbSpline
70
4
71
3
72
12
73
8
40
0
40
0
40
0
40
0
40
0.262708486469781
40
0.262708486469781
40
0.525416972939563
40
0.525416972939563
40
1
40
1
40
1
40
1
41
1
10
28.3514044064465
20
-2.22934443204133
30
0
41
1
10
28.4649362037721
20
-2.24417839007526
30
0
41
1
10
28.5784845772125
20
-2.25702610999363
30
0
41
1
10
28.8049488056208
20
-2.27824497023988
30
0
41
1
10
28.9178952644496
20
-2.28662664276044
30
0
41
1
10
29.2340239465738
20
-2.30347705649143
30
0
41
1
10
29.4365175957761
20
-2.30657577387788
30
0
41
1
10
29.6379114944392
20
-2.30109780118229
30
0
0
SPLINE
5
13E
100
AcDbEntity
8
1
62
256
6
ByLayer
370
18
48
1
60
0
100
AcDbSpline
70
4
71
3
72
39
73
35
40
0
40
0
40
0
40
0
40
0.0625000000000368
40
0.0625000000000368
40
0.0937500000000353
40
0.0937500000000353
40
0.125000000000034
40
0.125000000000034
40
0.187500000000032
40
0.187500000000032
40
0.218750000000031
40
0.218750000000031
40
0.25000000000003
40
0.28125000000003
40
0.28125000000003
40
0.312500000000029
40
0.312500000000029
40
0.375000000000029
40
0.375000000000029
40
0.437500000000029
40
0.437500000000029
40
0.500000000000029
40
0.500000000000029
40
0.562500000000028
40
0.562500000000028
40
0.625000000000028
40
0.625000000000028
40
0.750000000000009
40
0.750000000000009
40
0.87499999999999
40
0.87499999999999
40
0.937499999999995
40
0.937499999999995
40
1
40
1
40
1
40
1
41
1
10
28.3514044064464
20
-2.22934443204147
30
0
41
1
10
28.3366433588016
20
-2.22741576741663
30
0
41
1
10
28.3222422132951
20
-2.22452719602461
30
0
41
1
10
28.3013328854896
20
-2.21826773982755
30
0
41
1
10
28.2944792885406
20
-2.21585799518687
30
0
41
1
10
28.2810436314731
20
-2.21027374019829
30
0
41
1
10
28.2744810927919
20
-2.20710121926962
30
0
41
1
10
28.2556734753956
20
-2.19648138099083
30
0
41
1
10
28.2441736705829
20
-2.18788728373932
30
0
41
1
10
28.2288260307798
20
-2.1722414329702
30
0
41
1
10
28.2239977094299
20
-2.16651300286855
30
0
41
1
10
28.2153105619085
20
-2.15443161548922
30
0
41
1
10
28.2075326473932
20
-2.14169086385411
30
0
41
1
10
28.2014999261615
20
-2.12770266728305
30
0
41
1
10
28.1963084982094
20
-2.11312433135089
30
0
41
1
10
28.1941299390428
20
-2.10550231283437
30
0
41
1
10
28.1889222568169
20
-2.08239995014779
30
0
41
1
10
28.1871316419993
20
-2.06652770328441
30
0
41
1
10
28.1861563129148
20
-2.03412304278521
30
0
41
1
10
28.1869985638012
20
-2.01751559213909
30
0
41
1
10
28.1907014566462
20
-1.98471616238038
30
0
41
1
10
28.1935529370072
20
-1.96840813017502
30
0
41
1
10
28.2008436208964
20
-1.9359786198975
30
0
41
1
10
28.2052861419403
20
-1.91985732949988
30
0
41
1
10
28.2155312739023
20
-1.88780815421833
30
0
41
1
10
28.22134818551
20
-1.8718629266825
30
0
41
1
10
28.2403398382637
20
-1.82500646545805
30
0
41
1
10
28.2551063384194
20
-1.79481282471204
30
0
41
1
10
28.2881174592396
20
-1.736270972526
30
0
41
1
10
28.3063723601306
20
-1.70792623251032
30
0
41
1
10
28.3362427016805
20
-1.6668047158922
30
0
41
1
10
28.3466377925491
20
-1.65330893438443
30
0
41
1
10
28.3681707780189
20
-1.62692306629057
30
0
41
1
10
28.379306432764
20
-1.61403167565822
30
0
41
1
10
28.3908114769986
20
-1.60144243824433
30
0
0
SPLINE
5
13F
100
AcDbEntity
8
1
62
256
6
ByLayer
370
18
48
1
60
0
100
AcDbSpline
70
4
71
5
72
40
73
34
40
0
40
0
40
0
40
0
40
0
40
0
40
0.0283246306038966
40
0.0562331129201361
40
0.0841415952363996
40
0.126004318710777
40
0.167867042185154
40
0.195775524501406
40
0.237638247975783
40
0.265546730292035
40
0.307409453766412
40
0.335317936082664
40
0.377180659557041
40
0.419043383031418
40
0.44695186534767
40
0.488814588822047
40
0.516723071138299
40
0.558585794612676
40
0.586494276928928
40
0.628357000403305
40
0.670219723877682
40
0.698128206193934
40
0.726036688510186
40
0.767899411984563
40
0.80976213545894
40
0.837670617775192
40
0.879533341249569
40
0.921396064723946
40
0.949304547040185
40
0.977213029356449
40
1
40
1
40
1
40
1
40
1
40
1
41
1
10
21.8794023028637
20
1.59491579343717
30
0
41
1
10
21.9162889547773
20
1.58292188274714
30
0
41
1
10
21.989520316249
20
1.55862516011325
30
0
41
1
10
22.0990963872787
20
1.52084694496054
30
0
41
1
10
22.2631895226456
20
1.46116800527
30
0
41
1
10
22.4817997223494
20
1.37573535176773
30
0
41
1
10
22.6998679796977
20
1.28433435451615
30
0
41
1
10
22.936108591825
20
1.17910903758337
30
0
41
1
10
23.1723492039523
20
1.06763233317429
30
0
41
1
10
23.4085898160796
20
0.951024870033137
30
0
41
1
10
23.6266580734278
20
0.839118053464972
30
0
41
1
10
23.8628986855551
20
0.713861404118092
30
0
41
1
10
24.0991392976824
20
0.585123846832573
30
0
41
1
10
24.3353799098097
20
0.453258917018388
30
0
41
1
10
24.571620521937
20
0.319203251950114
30
0
41
1
10
24.8078611340643
20
0.183469672899037
30
0
41
1
10
25.0441017461916
20
0.046883221636989
30
0
41
1
10
25.2621700035399
20
-0.0794369187390771
30
0
41
1
10
25.4984106156671
20
-0.215866084791429
30
0
41
1
10
25.7346512277944
20
-0.351285775761284
30
0
41
1
10
25.9708918399217
20
-0.484857000180341
30
0
41
1
10
26.18896009727
20
-0.605990323047791
30
0
41
1
10
26.4252007093973
20
-0.734225533158082
30
0
41
1
10
26.6614413215246
20
-0.858913551808939
30
0
41
1
10
26.8795095788728
20
-0.970235241933665
30
0
41
1
10
27.1157501910001
20
-1.08614430396261
30
0
41
1
10
27.3701631579064
20
-1.20473663783821
30
0
41
1
10
27.6064037700337
20
-1.30847031427561
30
0
41
1
10
27.824472027382
20
-1.39838672997078
30
0
41
1
10
28.0358706331121
20
-1.47946471807108
30
0
41
1
10
28.192752174505
20
-1.53550963851131
30
0
41
1
10
28.295116651561
20
-1.5702511970768
30
0
41
1
10
28.3611364190589
20
-1.59187955670697
30
0
41
1
10
28.3908114769987
20
-1.60144243824436
30
0
0
SPLINE
5
140
100
AcDbEntity
8
1
62
256
6
ByLayer
370
18
48
1
60
0
100
AcDbSpline
70
4
71
3
72
14
73
10
40
0
40
0
40
0
40
0
40
0.499999999999992
40
0.499999999999992
40
0.749999999999988
40
0.749999999999988
40
0.874999999999994
40
0.874999999999994
40
1
40
1
40
1
40
1
41
1
10
11.7069504611943
20
2.59586770839977
30
0
41
1
10
11.5905026512513
20
2.63906632733841
30
0
41
1
10
11.4739164041867
20
2.67752732030704
30
0
41
1
10
11.2983932152084
20
2.72791012342739
30
0
41
1
10
11.239779034487
20
2.74348259180292
30
0
41
1
10
11.1516458238503
20
2.7649523396243
30
0
41
1
10
11.1222327722624
20
2.77179365996446
30
0
41
1
10
11.06332671296
20
2.78483688527615
30
0
41
1
10
11.0338120310671
20
2.7910435496604
30
0
41
1
10
11.0043164792555
20
2.79691729597775
30
0
0
SPLINE
5
141
100
AcDbEntity
8
1
62
256
6
ByLayer
370
18
48
1
60
0
100
AcDbSpline
70
4
71
3
72
36
73
32
40
0
40
0
40
0
40
0
40
0.124999999999995
40
0.124999999999995
40
0.1875
40
0.1875
40
0.250000000000006
40
0.250000000000006
40
0.265625000000007
40
0.265625000000007
40
0.281250000000009
40
0.312499999999994
40
0.312499999999994
40
0.374999999999964
40
0.374999999999964
40
0.406249999999958
40
0.406249999999958
40
0.437499999999952
40
0.437499999999952
40
0.499999999999958
40
0.562499999999963
40
0.562499999999963
40
0.624999999999968
40
0.624999999999968
40
0.749999999999979
40
0.749999999999979
40
0.874999999999989
40
0.874999999999989
40
0.937499999999995
40
0.937499999999995
40
1
40
1
40
1
40
1
41
1
10
11.7069504611944
20
2.59586770839971
30
0
41
1
10
11.7357621078483
20
2.57250131655283
30
0
41
1
10
11.7647328189425
20
2.54907950275651
30
0
41
1
10
11.8084641203568
20
2.51390034948574
30
0
41
1
10
11.8230870429746
20
2.50216592360374
30
0
41
1
10
11.8524309573108
20
2.47868587940693
30
0
41
1
10
11.8671603399216
20
2.46697047957616
30
0
41
1
10
11.8856180666615
20
2.45225162720732
30
0
41
1
10
11.8893154534041
20
2.44931658369032
30
0
41
1
10
11.8967509553236
20
2.44357223483104
30
0
41
1
10
11.9079577408801
20
2.43511729086876
30
0
41
1
10
11.9193216303941
20
2.42715327818794
30
0
41
1
10
11.9422358675735
20
2.41184303149726
30
0
41
1
10
11.957755699152
20
2.40244300061232
30
0
41
1
10
11.9813039850382
20
2.3893535371358
30
0
41
1
10
11.9891991996904
20
2.38516240817586
30
0
41
1
10
12.0050707821239
20
2.37711003941712
30
0
41
1
10
12.0129601845011
20
2.37329222278649
30
0
41
1
10
12.0363042352601
20
2.362477414198
30
0
41
1
10
12.0667356578454
20
2.34967170289329
30
0
41
1
10
12.0959219123627
20
2.33943734752717
30
0
41
1
10
12.1245227742998
20
2.33030113540505
30
0
41
1
10
12.1385684400283
20
2.32626845582604
30
0
41
1
10
12.1796332028945
20
2.3156908865451
30
0
41
1
10
12.2051613362362
20
2.3107385008945
30
0
41
1
10
12.2531707532717
20
2.30415110652981
30
0
41
1
10
12.2756324985137
20
2.3025444206784
30
0
41
1
10
12.3071327776503
20
2.30266708831488
30
0
41
1
10
12.3172818753317
20
2.30314427842021
30
0
41
1
10
12.3366185512333
20
2.30501192099038
30
0
41
1
10
12.3458258374315
20
2.30640348228889
30
0
41
1
10
12.3545561113588
20
2.30830409183613
30
0
0
SPLINE
5
142
100
AcDbEntity
8
1
62
256
6
ByLayer
370
18
48
1
60
0
100
AcDbSpline
70
4
71
3
72
36
73
32
40
0
40
0
40
0
40
0
40
0.124999999999958
40
0.124999999999958
40
0.187499999999929
40
0.187499999999929
40
0.249999999999899
40
0.249999999999899
40
0.265624999999901
40
0.265624999999901
40
0.281249999999902
40
0.312499999999905
40
0.312499999999905
40
0.374999999999912
40
0.374999999999912
40
0.406249999999924
40
0.406249999999924
40
0.437499999999936
40
0.437499999999936
40
0.499999999999943
40
0.56249999999995
40
0.56249999999995
40
0.624999999999957
40
0.624999999999957
40
0.749999999999971
40
0.749999999999971
40
0.874999999999986
40
0.874999999999986
40
0.937499999999993
40
0.937499999999993
40
1
40
1
40
1
40
1
41
1
10
17.7066712890438
20
-1.79475300946001
30
0
41
1
10
17.7354988158004
20
-1.79685457381367
30
0
41
1
10
17.7644854341784
20
-1.79821627128703
30
0
41
1
10
17.8082407039215
20
-1.79912462277395
30
0
41
1
10
17.8228716335049
20
-1.79923766184768
30
0
41
1
10
17.8522316064389
20
-1.79907540100317
30
0
41
1
10
17.866969144022
20
-1.79885948666879
30
0
41
1
10
17.8854368759109
20
-1.79820148972968
30
0
41
1
10
17.8891361558361
20
-1.79807366916103
30
0
41
1
10
17.8965754891298
20
-1.79804130521856
30
0
41
1
10
17.907788114372
20
-1.79827560193331
30
0
41
1
10
17.9191581359356
20
-1.79938950010239
30
0
41
1
10
17.9420850124191
20
-1.80276509647351
30
0
41
1
10
17.9576137618434
20
-1.80651390969325
30
0
41
1
10
17.9811759495631
20
-1.81414677363804
30
0
41
1
10
17.9890758884668
20
-1.81703288694493
30
0
41
1
10
18.0049570819277
20
-1.82348472905633
30
0
41
1
10
18.0128469727778
20
-1.82701217607072
30
0
41
1
10
18.0361982843511
20
-1.83833478633292
30
0
41
1
10
18.0666399500388
20
-1.85547060833767
30
0
41
1
10
18.095837147415
20
-1.8760340729512
30
0
41
1
10
18.1244491763976
20
-1.89813022540298
30
0
41
1
10
18.1385026126437
20
-1.90997322735043
30
0
41
1
10
18.179575064107
20
-1.94738395103565
30
0
41
1
10
18.2051088667197
20
-1.97440995257404
30
0
41
1
10
18.253129705337
20
-2.03185420533316
30
0
41
1
10
18.2755971873144
20
-2.06229651677609
30
0
41
1
10
18.3071054388015
20
-2.11044907470412
30
0
41
1
10
18.3172561432524
20
-2.12696186995018
30
0
41
1
10
18.3365935752674
20
-2.16050410003569
30
0
41
1
10
18.3458010590133
20
-2.17756735656954
30
0
41
1
10
18.3545313122265
20
-2.19493756856227
30
0
0
SPLINE
5
143
100
AcDbEntity
8
1
62
256
6
ByLayer
370
18
48
1
60
0
100
AcDbSpline
70
4
71
3
72
36
73
32
40
0
40
0
40
0
40
0
40
0.072549901147433
40
0.072549901147433
40
0.118922406090061
40
0.118922406090061
40
0.142108658561375
40
0.142108658561375
40
0.165294911032689
40
0.165294911032689
40
0.258039920917945
40
0.258039920917945
40
0.3507849308032
40
0.3507849308032
40
0.443529940688456
40
0.443529940688456
40
0.536274950573712
40
0.536274950573712
40
0.629019960458968
40
0.629019960458968
40
0.652206212930282
40
0.652206212930282
40
0.675392465401596
40
0.675392465401596
40
0.721764970344223
40
0.721764970344223
40
0.814509980229482
40
0.814509980229482
40
0.907254990114741
40
0.907254990114741
40
1
40
1
40
1
40
1
41
1
10
21.96030486865
20
-2.66975525344819
30
0
41
1
10
21.8733591449006
20
-2.69754073140436
30
0
41
1
10
21.786283512858
20
-2.72261641944556
30
0
41
1
10
21.6431327432769
20
-2.75922709836166
30
0
41
1
10
21.5872073134455
20
-2.77239279127497
30
0
41
1
10
21.5031169799278
20
-2.79044413826441
30
0
41
1
10
21.4750532486076
20
-2.79617767375171
30
0
41
1
10
21.4188511902168
20
-2.8070691369453
30
0
41
1
10
21.3906890952955
20
-2.81223086192631
30
0
41
1
10
21.2501275692508
20
-2.83650261746538
30
0
41
1
10
21.1382675197634
20
-2.8510567988809
30
0
41
1
10
20.9152836501133
20
-2.87042243081953
30
0
41
1
10
20.8041748095418
20
-2.87518502911701
30
0
41
1
10
20.5822527973887
20
-2.87476650584071
30
0
41
1
10
20.4713724970348
20
-2.86985206811826
30
0
41
1
10
20.249304975643
20
-2.85081494197823
30
0
41
1
10
20.1381486479215
20
-2.836550541046
30
0
41
1
10
19.9151419219414
20
-2.79823735815276
30
0
41
1
10
19.8032684084527
20
-2.77435281804864
30
0
41
1
10
19.6626645757525
20
-2.73845765328105
30
0
41
1
10
19.6345230393613
20
-2.73097597274108
30
0
41
1
10
19.5783666154011
20
-2.71544897200138
30
0
41
1
10
19.5503278078648
20
-2.70739608070241
30
0
41
1
10
19.466315515547
20
-2.6823835801282
30
0
41
1
10
19.4104439316377
20
-2.66457603559363
30
0
41
1
10
19.2431032185592
20
-2.60796832693612
30
0
41
1
10
19.1318866417874
20
-2.56606945417261
30
0
41
1
10
18.9097844054467
20
-2.47393289384164
30
0
41
1
10
18.7989165700517
20
-2.42360167630147
30
0
41
1
10
18.5769727482102
20
-2.31514395363641
30
0
41
1
10
18.465897466759
20
-2.25705665129348
30
0
41
1
10
18.3545313122256
20
-2.19493756856153
30
0
0
SPLINE
5
144
100
AcDbEntity
8
1
62
256
6
ByLayer
370
18
48
1
60
0
100
AcDbSpline
70
4
71
5
72
41
73
35
40
0
40
0
40
0
40
0
40
0
40
0
40
0.0190802072436977
40
0.059030937312409
40
0.0856647573582165
40
0.125615487426928
40
0.165566217495639
40
0.192200037541447
40
0.218833857587254
40
0.258784587655966
40
0.298735317724677
40
0.325369137770484
40
0.365319867839196
40
0.405270597907907
40
0.431904417953707
40
0.458538237999522
40
0.498488968068233
40
0.538439698136945
40
0.565073518182752
40
0.605024248251464
40
0.631658068297271
40
0.671608798365982
40
0.69824261841179
40
0.738193348480501
40
0.778144078549212
40
0.80477789859502
40
0.844728628663731
40
0.871362448709539
40
0.91131317877825
40
0.937946998824058
40
0.977897728892769
40
1
40
1
40
1
40
1
40
1
40
1
41
1
10
13.4835056243449
20
1.60205874263079
30
0
41
1
10
13.5095426175132
20
1.59367542692675
30
0
41
1
10
13.5900966750185
20
1.56736050995104
30
0
41
1
10
13.706995442082
20
1.52748883007709
30
0
41
1
10
13.8784112734825
20
1.46553966953789
30
0
41
1
10
14.1043441692201
20
1.3774623661993
30
0
41
1
10
14.3405847813474
20
1.27803330255512
30
0
41
1
10
14.5586530386957
20
1.18055067595788
30
0
41
1
10
14.794893650823
20
1.06929374408378
30
0
41
1
10
15.0311342629502
20
0.952870838728188
30
0
41
1
10
15.2492025202985
20
0.84109898213265
30
0
41
1
10
15.4854431324258
20
0.715947522687259
30
0
41
1
10
15.7398560993321
20
0.577090260391657
30
0
41
1
10
15.9760967114594
20
0.445066670092444
30
0
41
1
10
16.1941649688077
20
0.321213073206963
30
0
41
1
10
16.430405580935
20
0.185553132769712
30
0
41
1
10
16.6666461930622
20
0.0489967477840878
30
0
41
1
10
16.8847144504105
20
-0.0773364403602841
30
0
41
1
10
17.1209550625378
20
-0.213823604006905
30
0
41
1
10
17.3571956746651
20
-0.349155849409101
30
0
41
1
10
17.5934362867924
20
-0.48276765300713
30
0
41
1
10
17.8115045441407
20
-0.603978509452332
30
0
41
1
10
18.047745156268
20
-0.732339631787141
30
0
41
1
10
18.2839857683952
20
-0.857193291685348
30
0
41
1
10
18.5202263805226
20
-0.977508284669909
30
0
41
1
10
18.7564669926498
20
-1.09309868909571
30
0
41
1
10
18.9927076047771
20
-1.2028645725787
30
0
41
1
10
19.2289482169044
20
-1.30679159143764
30
0
41
1
10
19.4470164742527
20
-1.39691835256866
30
0
41
1
10
19.68325708638
20
-1.48778222967277
30
0
41
1
10
19.8951415582353
20
-1.56284950603958
30
0
41
1
10
20.0706813205326
20
-1.61959809382728
30
0
41
1
10
20.1917040184928
20
-1.65602837260471
30
0
41
1
10
20.276382006895
20
-1.68016614411951
30
0
41
1
10
20.3065429309601
20
-1.68859066214904
30
0
0
SPLINE
5
145
100
AcDbEntity
8
1
62
256
6
ByLayer
370
18
48
1
60
0
100
AcDbSpline
70
4
71
3
72
12
73
8
40
0
40
0
40
0
40
0
40
0.224005291911314
40
0.224005291911314
40
0.482670194607531
40
0.482670194607531
40
1
40
1
40
1
40
1
41
1
10
10.7187494093825
20
2.76934554995873
30
0
41
1
10
10.7389714659891
20
2.77430645852749
30
0
41
1
10
10.7593819859574
20
2.77862978779967
30
0
41
1
10
10.8037857749978
20
2.78656246636154
30
0
41
1
10
10.8278544007283
20
2.78995659457686
30
0
41
1
10
10.900565248021
20
2.79750879649467
30
0
41
1
10
10.9498125255961
20
2.79906787507608
30
0
41
1
10
11.0000000000007
20
2.79709028137981
30
0
0
SPLINE
5
146
100
AcDbEntity
8
1
62
256
6
ByLayer
370
18
48
1
60
0
100
AcDbSpline
70
4
71
3
72
8
73
4
40
0
40
0
40
0
40
0
40
1
40
1
40
1
40
1
41
1
10
11.0000000000007
20
2.79709028137981
30
0
41
1
10
11.0014389081543
20
2.79703358245786
30
0
41
1
10
11.0028777343231
20
2.79697592068737
30
0
41
1
10
11.0043164792545
20
2.79691729597806
30
0
0
SPLINE
5
147
100
AcDbEntity
8
1
62
256
6
ByLayer
370
18
48
1
60
0
100
AcDbSpline
70
4
71
3
72
30
73
26
40
0
40
0
40
0
40
0
40
0.107491506858468
40
0.107491506858468
40
0.219055068501162
40
0.219055068501162
40
0.330618630143857
40
0.330618630143857
40
0.386400410965204
40
0.386400410965204
40
0.414291301375878
40
0.414291301375878
40
0.442182191786551
40
0.442182191786551
40
0.553745753429242
40
0.553745753429242
40
0.665309315071932
40
0.665309315071932
40
0.776872876714623
40
0.776872876714623
40
0.832654657535969
40
0.832654657535969
40
0.888436438357314
40
0.888436438357314
40
1
40
1
40
1
40
1
41
1
10
26.1503091573938
20
-2.60926079549805
30
0
41
1
10
26.0430356040074
20
-2.64810735818585
30
0
41
1
10
25.9360507164001
20
-2.68277245324339
30
0
41
1
10
25.7181653041659
20
-2.74482363895595
30
0
41
1
10
25.6072504561097
20
-2.77196663010966
30
0
41
1
10
25.3851007120066
20
-2.81705692013926
30
0
41
1
10
25.2738749069198
20
-2.83495178829315
30
0
41
1
10
25.1064358291816
20
-2.85470449416084
30
0
41
1
10
25.0505220443035
20
-2.86011382743081
30
0
41
1
10
24.9664577710099
20
-2.86640417637159
30
0
41
1
10
24.9384040833508
20
-2.86819650421487
30
0
41
1
10
24.8822245726745
20
-2.87115920211229
30
0
41
1
10
24.8540719965481
20
-2.87233012690342
30
0
41
1
10
24.7135451451826
20
-2.87658393966953
30
0
41
1
10
24.6017735062762
20
-2.87489485431598
30
0
41
1
10
24.3788035469734
20
-2.86232509663151
30
0
41
1
10
24.2676276220963
20
-2.85139719038978
30
0
41
1
10
24.0455050842458
20
-2.82021112606248
30
0
41
1
10
23.9345593071389
20
-2.79995597082467
30
0
41
1
10
23.7680078496514
20
-2.76239435155489
30
0
41
1
10
23.7124685453575
20
-2.74867425066023
30
0
41
1
10
23.6012887903973
20
-2.71878425062093
30
0
41
1
10
23.545646716303
20
-2.70261843538549
30
0
41
1
10
23.3784298077163
20
-2.65073013696443
30
0
41
1
10
23.2665614534331
20
-2.61166686039186
30
0
41
1
10
23.1540737920838
20
-2.56814071522143
30
0
0
SPLINE
5
148
100
AcDbEntity
8
1
62
256
6
ByLayer
370
18
48
1
60
0
100
AcDbSpline
70
4
71
5
72
44
73
38
40
0
40
0
40
0
40
0
40
0
40
0
40
0.0157247251092625
40
0.0405749626963347
40
0.0778503190769429
40
0.102700556664015
40
0.139975913044623
40
0.177251269425232
40
0.202101507012304
40
0.239376863392912
40
0.264227100979984
40
0.301502457360593
40
0.326352694947665
40
0.363628051328273
40
0.400903407708881
40
0.425753645295954
40
0.450603882883026
40
0.487879239263634
40
0.525154595644242
40
0.550004833231314
40
0.587280189611923
40
0.624555545992531
40
0.649405783579593
40
0.674256021166675
40
0.711531377547284
40
0.748806733927892
40
0.773656971514964
40
0.810932327895572
40
0.835782565482645
40
0.873057921863253
40
0.897908159450325
40
0.935183515830933
40
0.972458872211541
40
0.997309109798614
40
1
40
1
40
1
40
1
40
1
40
1
41
1
10
17.4966176751926
20
1.6018474571616
30
0
41
1
10
17.5196158684684
20
1.59444038795715
30
0
41
1
10
17.5789587713022
20
1.57508154838558
30
0
41
1
10
17.6928187384731
20
1.53672882824273
30
0
41
1
10
17.8430234152019
20
1.48313567519665
30
0
41
1
10
18.047745156268
20
1.40493108239855
30
0
41
1
10
18.2839857683953
20
1.3078741263669
30
0
41
1
10
18.5202263805226
20
1.20385291638456
30
0
41
1
10
18.7564669926499
20
1.09401312689778
30
0
41
1
10
18.9927076047771
20
0.978374779818751
30
0
41
1
10
19.2289482169044
20
0.858037956828099
30
0
41
1
10
19.4470164742527
20
0.743102617678289
30
0
41
1
10
19.68325708638
20
0.615029785022045
30
0
41
1
10
19.9194976985073
20
0.483952976809576
30
0
41
1
10
20.1557383106346
20
0.350286170864393
30
0
41
1
10
20.3738065679828
20
0.225338623191362
30
0
41
1
10
20.6100471801101
20
0.0889573171455424
30
0
41
1
10
20.8462877922374
20
-0.0478537596177091
30
0
41
1
10
21.0643560495857
20
-0.173990065359845
30
0
41
1
10
21.300596661713
20
-0.309796784071239
30
0
41
1
10
21.5550096286193
20
-0.454257283962335
30
0
41
1
10
21.7912502407466
20
-0.586003270962749
30
0
41
1
10
22.0093184980948
20
-0.705000494652467
30
0
41
1
10
22.2455591102221
20
-0.830444436527671
30
0
41
1
10
22.4817997223494
20
-0.951876334023723
30
0
41
1
10
22.6998679796977
20
-1.05977612860508
30
0
41
1
10
22.936108591825
20
-1.17154535929478
30
0
41
1
10
23.1723492039523
20
-1.2770737266836
30
0
41
1
10
23.4085898160795
20
-1.37640573129246
30
0
41
1
10
23.6266580734278
20
-1.46197934246652
30
0
41
1
10
23.8628986855551
20
-1.54759751412411
30
0
41
1
10
24.0991392976824
20
-1.62575770514516
30
0
41
1
10
24.3353799098097
20
-1.69528814120969
30
0
41
1
10
24.5210390184765
20
-1.74349195801255
30
0
41
1
10
24.6703534175853
20
-1.77784839782939
30
0
41
1
10
24.765150752357
20
-1.79784762532054
30
0
41
1
10
24.8054310227917
20
-1.80601562976187
30
0
41
1
10
24.8093665836683
20
-1.80681052883864
30
0
0
SPLINE
5
149
100
AcDbEntity
8
1
62
256
6
ByLayer
370
18
48
1
60
0
100
AcDbSpline
70
4
71
3
72
23
73
19
40
0
40
0
40
0
40
0
40
0.0917431202386821
40
0.137614680358026
40
0.137614680358026
40
0.183486240477371
40
0.183486240477371
40
0.366972480954742
40
0.366972480954742
40
0.458715601193427
40
0.458715601193427
40
0.550458721432113
40
0.550458721432113
40
0.733944961909478
40
0.733944961909478
40
0.917431202386843
40
0.917431202386843
40
1
40
1
40
1
40
1
41
1
10
16.5075652188859
20
2.23389402115814
30
0
41
1
10
16.4501409416302
20
2.2651331242831
30
0
41
1
10
16.3638440219388
20
2.31060547919682
30
0
41
1
10
16.2772367553828
20
2.35388676177615
30
0
41
1
10
16.2194210932657
20
2.38223960970902
30
0
41
1
10
16.1904660857569
20
2.39616882775371
30
0
41
1
10
16.0460420173341
20
2.46426293182128
30
0
41
1
10
15.931208229409
20
2.51393529589655
30
0
41
1
10
15.759546380377
20
2.58118131998046
30
0
41
1
10
15.7024130189574
20
2.60241484213239
30
0
41
1
10
15.5882130553773
20
2.64264663898808
30
0
41
1
10
15.5311456358533
20
2.66165204303041
30
0
41
1
10
15.3599948226463
20
2.71519435172937
30
0
41
1
10
15.2459820867518
20
2.74619086496983
30
0
41
1
10
15.0176590521748
20
2.79843050285959
30
0
41
1
10
14.9033316032657
20
2.81976377597101
30
0
41
1
10
14.7369678924089
20
2.8433641951226
30
0
41
1
10
14.6852565716438
20
2.84965088543598
30
0
41
1
10
14.6334359197043
20
2.85489726183746
30
0
0
SPLINE
5
14A
100
AcDbEntity
8
1
62
256
6
ByLayer
370
18
48
1
60
0
100
AcDbSpline
70
4
71
3
72
35
73
31
40
0
40
0
40
0
40
0
40
0.125000000000067
40
0.125000000000067
40
0.187500000000093
40
0.187500000000093
40
0.250000000000118
40
0.250000000000118
40
0.281250000000122
40
0.281250000000122
40
0.312500000000126
40
0.312500000000126
40
0.375000000000114
40
0.375000000000114
40
0.406250000000108
40
0.406250000000108
40
0.437500000000101
40
0.437500000000101
40
0.500000000000089
40
0.562500000000077
40
0.562500000000077
40
0.625000000000064
40
0.625000000000064
40
0.750000000000038
40
0.750000000000038
40
0.875000000000013
40
0.875000000000013
40
0.937500000000006
40
0.937500000000006
40
1
40
1
40
1
40
1
41
1
10
16.5075652188859
20
2.23389402115814
30
0
41
1
10
16.5363246609763
20
2.2094384750757
30
0
41
1
10
16.5652432405452
20
2.18510327183745
30
0
41
1
10
16.6088961819651
20
2.14882415767454
30
0
41
1
10
16.6234929599071
20
2.13676826458465
30
0
41
1
10
16.6527845031231
20
2.1127378709202
30
0
41
1
10
16.6674863820862
20
2.10077781809557
30
0
41
1
10
16.6895977102722
20
2.08286351289638
30
0
41
1
10
16.6970127199517
20
2.07696669512239
30
0
41
1
10
16.7120028198026
20
2.0654767490575
30
0
41
1
10
16.7195670043622
20
2.05986154055688
30
0
41
1
10
16.7424436915547
20
2.04337272694133
30
0
41
1
10
16.7579353642693
20
2.03284611631838
30
0
41
1
10
16.7814381811588
20
2.01760921571724
30
0
41
1
10
16.7893176991505
20
2.01262447275107
30
0
41
1
10
16.8051568244378
20
2.00282980449006
30
0
41
1
10
16.8130386286041
20
1.99806764809551
30
0
41
1
10
16.8363483143549
20
1.98426556172788
30
0
41
1
10
16.8667320503739
20
1.96702800878202
30
0
41
1
10
16.8958680879557
20
1.95160449325564
30
0
41
1
10
16.9244179351085
20
1.93693932062345
30
0
41
1
10
16.9384308192267
20
1.92996877796153
30
0
41
1
10
16.9794464847743
20
1.91013784393951
30
0
41
1
10
17.0049415502157
20
1.89857095454133
30
0
41
1
10
17.0528856245225
20
1.87802716262189
30
0
41
1
10
17.0753149947773
20
1.86907365604046
30
0
41
1
10
17.1067685566181
20
1.85764359056375
30
0
41
1
10
17.116905130013
20
1.85416878136863
30
0
41
1
10
17.1362264645073
20
1.84802827904844
30
0
41
1
10
17.1454265859468
20
1.84535745204704
30
0
41
1
10
17.1541502883427
20
1.84313499109368
30
0
0
SPLINE
5
14B
100
AcDbEntity
8
1
62
256
6
ByLayer
370
18
48
1
60
0
100
AcDbSpline
70
4
71
3
72
37
73
33
40
0
40
0
40
0
40
0
40
0.125000000000047
40
0.125000000000047
40
0.187500000000071
40
0.187500000000071
40
0.250000000000094
40
0.250000000000094
40
0.265625000000104
40
0.265625000000104
40
0.281250000000114
40
0.312500000000116
40
0.312500000000116
40
0.37500000000012
40
0.37500000000012
40
0.406250000000122
40
0.406250000000122
40
0.437500000000124
40
0.437500000000124
40
0.50000000000011
40
0.50000000000011
40
0.562500000000096
40
0.562500000000096
40
0.625000000000082
40
0.625000000000082
40
0.750000000000054
40
0.750000000000054
40
0.875000000000027
40
0.875000000000027
40
0.937500000000013
40
0.937500000000013
40
1
40
1
40
1
40
1
41
1
10
22.5066020856569
20
-2.27112432896922
30
0
41
1
10
22.535390119977
20
-2.26743603775054
30
0
41
1
10
22.5643372192473
20
-2.2630578961157
30
0
41
1
10
22.6080329886689
20
-2.25544251165317
30
0
41
1
10
22.6226440482593
20
-2.25272863150801
30
0
41
1
10
22.6519641763403
20
-2.24694313831389
30
0
41
1
10
22.6666820911546
20
-2.24393609622712
30
0
41
1
10
22.6851244944109
20
-2.23979829971716
30
0
41
1
10
22.6888181320992
20
-2.23897207086336
30
0
41
1
10
22.6962457646768
20
-2.23755222487372
30
0
41
1
10
22.707440555167
20
-2.2357195767498
30
0
41
1
10
22.7187919713395
20
-2.23480874267381
30
0
41
1
10
22.7416808914535
20
-2.23418596721854
30
0
41
1
10
22.7571834510863
20
-2.23533671774501
30
0
41
1
10
22.7807050112388
20
-2.23914266131189
30
0
41
1
10
22.7885911621406
20
-2.24076495300207
30
0
41
1
10
22.8044443906507
20
-2.24471025080229
30
0
41
1
10
22.8123436371397
20
-2.24701605168096
30
0
41
1
10
22.8356929524364
20
-2.25475882785773
30
0
41
1
10
22.8509109121403
20
-2.26104963430353
30
0
41
1
10
22.8807212723962
20
-2.27551197713837
30
0
41
1
10
22.8953142614548
20
-2.28368265273539
30
0
41
1
10
22.9239132608527
20
-2.30169126694781
30
0
41
1
10
22.9379488416718
20
-2.31154381502594
30
0
41
1
10
22.9790422593688
20
-2.34324797284711
30
0
41
1
10
23.0045841598593
20
-2.36680127533643
30
0
41
1
10
23.0526162913075
20
-2.41780940075842
30
0
41
1
10
23.0750871443596
20
-2.4452927768595
30
0
41
1
10
23.1066004336735
20
-2.48939878930494
30
0
41
1
10
23.1167564068294
20
-2.50463253400866
30
0
41
1
10
23.1361146323888
20
-2.53580812379371
30
0
41
1
10
23.1453326872719
20
-2.55177300567732
30
0
41
1
10
23.1540737920844
20
-2.56814071522049
30
0
0
SPLINE
5
14C
100
AcDbEntity
8
1
62
256
6
ByLayer
370
18
48
1
60
0
100
AcDbSpline
70
4
71
3
72
20
73
16
40
0
40
0
40
0
40
0
40
0.222487924968896
40
0.222487924968896
40
0.444975849937791
40
0.444975849937791
40
0.556219812422239
40
0.556219812422239
40
0.611841793664458
40
0.611841793664458
40
0.667463774906677
40
0.667463774906677
40
0.889951699875562
40
0.889951699875562
40
1
40
1
40
1
40
1
41
1
10
29.6933417611461
20
1.9696312441078
30
0
41
1
10
29.5205355306611
20
2.07831875603242
30
0
41
1
10
29.3487618707309
20
2.17829956620534
30
0
41
1
10
29.0052228825086
20
2.36022652098077
30
0
41
1
10
28.8334962599613
20
2.44210717063456
30
0
41
1
10
28.5746273175547
20
2.55044343904419
30
0
41
1
10
28.4881291718357
20
2.58412144316122
30
0
41
1
10
28.3578994537238
20
2.63081249314126
30
0
41
1
10
28.3143568728851
20
2.64575691646286
30
0
41
1
10
28.2273315276737
20
2.67426715810703
30
0
41
1
10
28.1839080153548
20
2.6878160763799
30
0
41
1
10
27.9671664338378
20
2.75203159157979
30
0
41
1
10
27.7949926440876
20
2.79207060088598
30
0
41
1
10
27.5381413705805
20
2.83490976755007
30
0
41
1
10
27.4532154000456
20
2.84631804926116
30
0
41
1
10
27.3682574569528
20
2.85494881898356
30
0
0
SPLINE
5
14D
100
AcDbEntity
8
1
62
256
6
ByLayer
370
18
48
1
60
0
100
AcDbSpline
70
4
71
3
72
20
73
16
40
0
40
0
40
0
40
0
40
0.125000000000019
40
0.125000000000019
40
0.250000000000039
40
0.250000000000039
40
0.500000000000079
40
0.500000000000079
40
0.625000000000059
40
0.625000000000059
40
0.75000000000004
40
0.75000000000004
40
0.87500000000002
40
0.87500000000002
40
1
40
1
40
1
40
1
41
1
10
29.7681345049536
20
1.8646133051019
30
0
41
1
10
29.7675123128699
20
1.8671598036928
30
0
41
1
10
29.7665370108331
20
1.86998928863801
30
0
41
1
10
29.7638780359489
20
1.87619549126191
30
0
41
1
10
29.7622119391348
20
1.87953484524923
30
0
41
1
10
29.756240177603
20
1.89026055411489
30
0
41
1
10
29.7509651601639
20
1.89835218593149
30
0
41
1
10
29.7411016981455
20
1.91198220999723
30
0
41
1
10
29.737519704145
20
1.91673350316052
30
0
41
1
10
29.7299038914521
20
1.92651387903001
30
0
41
1
10
29.72585725291
20
1.93156049862918
30
0
41
1
10
29.7173095442351
20
1.94195568348684
30
0
41
1
10
29.7128054346162
20
1.94730558700107
30
0
41
1
10
29.7033542048146
20
1.95830113348555
30
0
41
1
10
29.6984149464564
20
1.96393863233871
30
0
41
1
10
29.6933417611458
20
1.96963124410772
30
0
0
SPLINE
5
14E
100
AcDbEntity
8
1
62
256
6
ByLayer
370
18
48
1
60
0
100
AcDbSpline
70
4
71
5
72
34
73
28
40
0
40
0
40
0
40
0
40
0
40
0
40
0.126142345300885
40
0.157677931626106
40
0.204981311113938
40
0.236516897439159
40
0.283820276926991
40
0.315355863252212
40
0.362659242740044
40
0.409962622227876
40
0.441498208553097
40
0.488801588040929
40
0.52033717436615
40
0.567640553853982
40
0.599176140179203
40
0.646479519667035
40
0.693782899154867
40
0.725318485480088
40
0.756854071805309
40
0.804157451293141
40
0.851460830780973
40
0.882996417106194
40
0.930299796594026
40
0.977603176081858
40
1
40
1
40
1
40
1
40
1
40
1
41
1
10
10.6152520516478
20
1.06463697556868
30
0
41
1
10
10.76063088988
20
0.994497483619938
30
0
41
1
10
10.9423544376702
20
0.903656090880901
30
0
41
1
10
11.1785950497975
20
0.780980807347476
30
0
41
1
10
11.4511803714828
20
0.63369672876442
30
0
41
1
10
11.7782827575052
20
0.451171894029926
30
0
41
1
10
11.9963510148535
20
0.327445884556567
30
0
41
1
10
12.2325916269808
20
0.191860452585445
30
0
41
1
10
12.4688322391081
20
0.055314261053951
30
0
41
1
10
12.7050728512354
20
-0.0815445824355265
30
0
41
1
10
12.9413134633627
20
-0.218009296671681
30
0
41
1
10
13.1775540754899
20
-0.353296852910972
30
0
41
1
10
13.4137946876172
20
-0.486843970963861
30
0
41
1
10
13.6318629449655
20
-0.607976918349692
30
0
41
1
10
13.8681035570928
20
-0.736234341580143
30
0
41
1
10
14.1043441692201
20
-0.860965454528525
30
0
41
1
10
14.3405847813474
20
-0.981137835705454
30
0
41
1
10
14.5586530386957
20
-1.08768883597912
30
0
41
1
10
14.7948936508229
20
-1.19780732601865
30
0
41
1
10
15.0311342629502
20
-1.30213896757078
30
0
41
1
10
15.2492025202985
20
-1.39268337988256
30
0
41
1
10
15.4854431324258
20
-1.48404190679307
30
0
41
1
10
15.7398560993321
20
-1.57392174549602
30
0
41
1
10
15.9655643033418
20
-1.64567956442104
30
0
41
1
10
16.1367554430144
20
-1.69466428706471
30
0
41
1
10
16.271601873129
20
-1.72974430761613
30
0
41
1
10
16.3519312389065
20
-1.74937373566834
30
0
41
1
10
16.3777435403469
20
-1.7555495689742
30
0
0
SPLINE
5
14F
100
AcDbEntity
8
1
62
256
6
ByLayer
370
18
48
1
60
0
100
AcDbSpline
70
4
71
3
72
45
73
41
40
0
40
0
40
0
40
0
40
0.017558515905668
40
0.0353148376177513
40
0.0532698317953174
40
0.0714243366697277
40
0.0897791631752278
40
0.108335096031061
40
0.127092894776642
40
0.146053294762346
40
0.165217008097301
40
0.18458472455631
40
0.204157112447722
40
0.223934819443685
40
0.243918473374643
40
0.264108682989698
40
0.2845060386842
40
0.305111113196064
40
0.329952755460353
40
0.3554329669733
40
0.381552502820799
40
0.408312063410751
40
0.435712299510432
40
0.463753816720931
40
0.492437179461842
40
0.521762914528717
40
0.551731514276474
40
0.58234343947469
40
0.613599121874281
40
0.64549896651976
40
0.678043353836326
40
0.711232641517783
40
0.745067166237354
40
0.779547245201115
40
0.814673177560815
40
0.850445245701429
40
0.886863716416187
40
0.923928841981038
40
0.961640861138465
40
1
40
1
40
1
40
1
41
1
10
9.78356473017996
20
1.24086613579632
30
0
41
1
10
9.7879436350905
20
1.23778730119912
30
0
41
1
10
9.79675077555098
20
1.23159494733304
30
0
41
1
10
9.81008538971668
20
1.222538641505
30
0
41
1
10
9.82360885089699
20
1.21359443558796
30
0
41
1
10
9.83732843134615
20
1.20479019684612
30
0
41
1
10
9.85124698293529
20
1.19612775313604
30
0
41
1
10
9.86536852335067
20
1.18761617610016
30
0
41
1
10
9.87969670899017
20
1.17926271247899
30
0
41
1
10
9.8942352455293
20
1.17107525291377
30
0
41
1
10
9.90898777063643
20
1.16306165777101
30
0
41
1
10
9.92395787995869
20
1.15522993909533
30
0
41
1
10
9.93914911530493
20
1.14758820812233
30
0
41
1
10
9.95456495785834
20
1.14014469059524
30
0
41
1
10
9.9702088393054
20
1.13290770763024
30
0
41
1
10
9.98608407431902
20
1.1258857255865
30
0
41
1
10
10.0021940933747
20
1.11908716014651
30
0
41
1
10
10.0196068351981
20
1.11209322242604
30
0
41
1
10
10.0384602926738
20
1.10494062368613
30
0
41
1
10
10.05890168119
20
1.09768091215014
30
0
41
1
10
10.079987460045
20
1.09070785999827
30
0
41
1
10
10.1017313448052
20
1.08405245785326
30
0
41
1
10
10.1241466063494
20
1.07774670165145
30
0
41
1
10
10.1472463064287
20
1.07182333101059
30
0
41
1
10
10.1710431642868
20
1.06631587774751
30
0
41
1
10
10.1955495230515
20
1.06125862463904
30
0
41
1
10
10.2207772856831
20
1.0566865852874
30
0
41
1
10
10.2467378566355
20
1.05263547417871
30
0
41
1
10
10.2734420791554
20
1.04914167502366
30
0
41
1
10
10.3009001712608
20
1.04624220596952
30
0
41
1
10
10.3291216587016
20
1.04397467784696
30
0
41
1
10
10.358115308825
20
1.04237726175009
30
0
41
1
10
10.3878890512181
20
1.04148860185288
30
0
41
1
10
10.4184499394244
20
1.04134791911307
30
0
41
1
10
10.4498039456012
20
1.04199436177177
30
0
41
1
10
10.4819563872313
20
1.04346922524428
30
0
41
1
10
10.5149099209307
20
1.04580714444927
30
0
41
1
10
10.5486718552671
20
1.04906954063299
30
0
41
1
10
10.5832257457586
20
1.05321612683744
30
0
41
1
10
10.606635920671
20
1.05677289059315
30
0
41
1
10
10.6184405805924
20
1.05856640075334
30
0
0
SPLINE
5
150
100
AcDbEntity
8
1
62
256
6
ByLayer
370
18
48
1
60
0
100
AcDbSpline
70
4
71
3
72
8
73
4
40
0
40
0
40
0
40
0
40
1
40
1
40
1
40
1
41
1
10
9.78626723741496
20
1.24044718230741
30
0
41
1
10
10.0038457159188
20
1.08117950389462
30
0
41
1
10
10.2224849580317
20
0.920440081621706
30
0
41
1
10
10.443308584352
20
0.759829657032213
30
0
0
SPLINE
5
151
100
AcDbEntity
8
1
62
256
6
ByLayer
370
18
48
1
60
0
100
AcDbSpline
70
4
71
3
72
36
73
32
40
0
40
0
40
0
40
0
40
0.1250000000001
40
0.1250000000001
40
0.187500000000149
40
0.187500000000149
40
0.250000000000199
40
0.250000000000199
40
0.265625000000202
40
0.265625000000202
40
0.281250000000205
40
0.312500000000212
40
0.312500000000212
40
0.375000000000223
40
0.375000000000223
40
0.406250000000219
40
0.406250000000219
40
0.437500000000215
40
0.437500000000215
40
0.50000000000019
40
0.562500000000165
40
0.562500000000165
40
0.62500000000014
40
0.62500000000014
40
0.750000000000089
40
0.750000000000089
40
0.875000000000039
40
0.875000000000039
40
0.937500000000019
40
0.937500000000019
40
1
40
1
40
1
40
1
41
1
10
12.9066364272752
20
-1.35349590709004
30
0
41
1
10
12.9354642462663
20
-1.360044435661
30
0
41
1
10
12.9644512427849
20
-1.3658444760776
30
0
41
1
10
13.0082071905287
20
-1.37338985807187
30
0
41
1
10
13.0228383646099
20
-1.37571186519298
30
0
41
1
10
13.0521988607893
20
-1.37995963759005
30
0
41
1
10
13.0669367065712
20
-1.38194079045363
30
0
41
1
10
13.0854047818137
20
-1.38403282520198
30
0
41
1
10
13.0891040899445
20
-1.38445327797484
30
0
41
1
10
13.0965434611025
20
-1.38549953013299
30
0
41
1
10
13.1077561348795
20
-1.38732868317413
30
0
41
1
10
13.11912618427
20
-1.38996790020357
30
0
41
1
10
13.1420531006594
20
-1.39630776622659
30
0
41
1
10
13.15758186105
20
-1.40191998675337
30
0
41
1
10
13.1811440145919
20
-1.41221000852673
30
0
41
1
10
13.1890439326676
20
-1.41595834368266
30
0
41
1
10
13.2049250679466
20
-1.42409021724129
30
0
41
1
10
13.2128170260126
20
-1.42842708151559
30
0
41
1
10
13.2361714831573
20
-1.44207634708937
30
0
41
1
10
13.2666166720942
20
-1.4620641769225
30
0
41
1
10
13.2958163982639
20
-1.48508529735582
30
0
41
1
10
13.3244305633785
20
-1.50947232771006
30
0
41
1
10
13.3384841027868
20
-1.52238000997582
30
0
41
1
10
13.3795623111817
20
-1.56275256934296
30
0
41
1
10
13.4050989959616
20
-1.59141259360911
30
0
41
1
10
13.4531245479654
20
-1.65158860099024
30
0
41
1
10
13.4755938480691
20
-1.68312394190909
30
0
41
1
10
13.5071043071947
20
-1.73250354147996
30
0
41
1
10
13.5172560073715
20
-1.74935569770238
30
0
41
1
10
13.5365959580008
20
-1.78341955446228
30
0
41
1
10
13.5458045982795
20
-1.80066507895884
30
0
41
1
10
13.5545359072806
20
-1.81812972932326
30
0
0
SPLINE
5
152
100
AcDbEntity
8
1
62
256
6
ByLayer
370
18
48
1
60
0
100
AcDbSpline
70
4
71
3
72
40
73
36
40
0
40
0
40
0
40
0
40
0.0145584408781851
40
0.0145584408781851
40
0.0331516778427491
40
0.0331516778427491
40
0.107524625701
40
0.107524625701
40
0.181897573559251
40
0.181897573559251
40
0.256270521417502
40
0.256270521417502
40
0.405016417134003
40
0.405016417134003
40
0.423609654098566
40
0.423609654098566
40
0.442202891063129
40
0.442202891063129
40
0.479389364992253
40
0.479389364992253
40
0.553762312850503
40
0.553762312850503
40
0.628135260708752
40
0.628135260708752
40
0.702508208567002
40
0.702508208567002
40
0.776881156425251
40
0.776881156425251
40
0.814067630354376
40
0.814067630354376
40
0.851254104283501
40
0.851254104283501
40
0.92562705214175
40
0.92562705214175
40
1
40
1
40
1
40
1
41
1
10
18.0527654213125
20
-2.57092508880359
30
0
41
1
10
18.0307981374058
20
-2.57940130310658
30
0
41
1
10
18.0088092074852
20
-2.5877227882163
30
0
41
1
10
17.9586843222491
20
-2.60631340489812
30
0
41
1
10
17.9305131198146
20
-2.6164898965466
30
0
41
1
10
17.7899260193982
20
-2.66589019702164
30
0
41
1
10
17.6780477669665
20
-2.70074352901281
30
0
41
1
10
17.4550086012442
20
-2.76104884962024
30
0
41
1
10
17.3438253116208
20
-2.78658192514067
30
0
41
1
10
17.1217593947902
20
-2.82794935971893
30
0
41
1
10
17.0109065960077
20
-2.84361780363017
30
0
41
1
10
16.6778195078275
20
-2.87680510162466
30
0
41
1
10
16.4550467947468
20
-2.88114459116969
30
0
41
1
10
16.2018089238808
20
-2.86340933913226
30
0
41
1
10
16.1736643066883
20
-2.86112507649807
30
0
41
1
10
16.1174967063761
20
-2.85593783852272
30
0
41
1
10
16.0894526098304
20
-2.85303344013602
30
0
41
1
10
16.0054296199868
20
-2.84338551459297
30
0
41
1
10
15.9495617858686
20
-2.83570174586697
30
0
41
1
10
15.7823029713594
20
-2.80892371047864
30
0
41
1
10
15.6712143030201
20
-2.78621811223627
30
0
41
1
10
15.4491390839818
20
-2.73241221021266
30
0
41
1
10
15.3382084739942
20
-2.70113800874711
30
0
41
1
10
15.1162293431154
20
-2.62947526233791
30
0
41
1
10
15.0051559688348
20
-2.5891932467151
30
0
41
1
10
14.7823702996141
20
-2.49985215964892
30
0
41
1
10
14.6706735802129
20
-2.45068427914319
30
0
41
1
10
14.5022728783464
20
-2.37031897092856
30
0
41
1
10
14.4459354107645
20
-2.34241378596653
30
0
41
1
10
14.3336962810772
20
-2.28492402369582
30
0
41
1
10
14.2777064898309
20
-2.25529058422725
30
0
41
1
10
14.1100642659769
20
-2.16374105663013
30
0
41
1
10
13.9987572360745
20
-2.09911639522417
30
0
41
1
10
13.7764999070999
20
-1.96336319581954
30
0
41
1
10
13.6655339695647
20
-1.89230051204933
30
0
41
1
10
13.5545359072801
20
-1.81812972932391
30
0
0
SPLINE
5
153
100
AcDbEntity
8
1
62
256
6
ByLayer
370
18
48
1
60
0
100
AcDbSpline
70
4
71
3
72
20
73
16
40
0
40
0
40
0
40
0
40
0.125
40
0.125
40
0.250000000000001
40
0.250000000000001
40
0.500000000000002
40
0.500000000000002
40
0.625000000000001
40
0.625000000000001
40
0.750000000000001
40
0.750000000000001
40
0.875
40
0.875
40
1
40
1
40
1
40
1
41
1
10
29.768134504954
20
-1.38970029441745
30
0
41
1
10
29.7675123128703
20
-1.3969997283468
30
0
41
1
10
29.7665370108336
20
-1.40417668192052
30
0
41
1
10
29.7638780359496
20
-1.41812384057783
30
0
41
1
10
29.7622119391355
20
-1.42481492976805
30
0
41
1
10
29.7562401776038
20
-1.44405266710263
30
0
41
1
10
29.7509651601647
20
-1.45576684513642
30
0
41
1
10
29.7411016981463
20
-1.47160702680486
30
0
41
1
10
29.7375197041457
20
-1.47655310488111
30
0
41
1
10
29.7299038914527
20
-1.48570971685561
30
0
41
1
10
29.7258572529106
20
-1.48994046891403
30
0
41
1
10
29.7173095442356
20
-1.49773565040505
30
0
41
1
10
29.7128054346166
20
-1.50129639775497
30
0
41
1
10
29.7033542048148
20
-1.5077667443924
30
0
41
1
10
29.6984149464564
20
-1.51067195029842
30
0
41
1
10
29.6933417611458
20
-1.51322835846278
30
0
0
SPLINE
5
154
100
AcDbEntity
8
1
62
256
6
ByLayer
370
18
48
1
60
0
100
AcDbSpline
70
4
71
3
72
14
73
10
40
0
40
0
40
0
40
0
40
0.25
40
0.25
40
0.5
40
0.5
40
0.75
40
0.75
40
1
40
1
40
1
40
1
41
1
10
29.6665402158603
20
-0.67016754117779
30
0
41
1
10
29.6758266916616
20
-0.731128583839762
30
0
41
1
10
29.6850036227643
20
-0.791975559462372
30
0
41
1
10
29.7030521297318
20
-0.913351549470349
30
0
41
1
10
29.7119403311522
20
-0.973923269714106
30
0
41
1
10
29.7291776540869
20
-1.09432118487433
30
0
41
1
10
29.7374985530172
20
-1.15411589823049
30
0
41
1
10
29.7533779050914
20
-1.27267022392527
30
0
41
1
10
29.7609598670102
20
-1.33146175191905
30
0
41
1
10
29.7681345049542
20
-1.38970029441742
30
0
0
SPLINE
5
155
100
AcDbEntity
8
1
62
256
6
ByLayer
370
18
48
1
60
0
100
AcDbSpline
70
4
71
3
72
14
73
10
40
0
40
0
40
0
40
0
40
0.499999999999988
40
0.499999999999988
40
0.624999999999991
40
0.624999999999991
40
0.749999999999994
40
0.749999999999994
40
1
40
1
40
1
40
1
41
1
10
28.494755838379
20
0.0819184483055722
30
0
41
1
10
28.690362933792
20
-0.0425611354917237
30
0
41
1
10
28.8859814172626
20
-0.167599729113078
30
0
41
1
10
29.1305179036729
20
-0.324554861957324
30
0
41
1
10
29.1794258763268
20
-0.355979040784149
30
0
41
1
10
29.2772431736846
20
-0.41889376696443
30
0
41
1
10
29.326176752465
20
-0.450399949463957
30
0
41
1
10
29.4728222870895
20
-0.544917331150316
30
0
41
1
10
29.5699807642754
20
-0.607670382769072
30
0
41
1
10
29.6665402158604
20
-0.670167541177733
30
0
0
SPLINE
5
156
100
AcDbEntity
8
1
62
256
6
ByLayer
370
18
48
1
60
0
100
AcDbSpline
70
4
71
3
72
29
73
25
40
0
40
0
40
0
40
0
40
0.125000000000019
40
0.125000000000019
40
0.187500000000028
40
0.187500000000028
40
0.250000000000037
40
0.250000000000037
40
0.375000000000004
40
0.375000000000004
40
0.437500000000007
40
0.437500000000007
40
0.50000000000001
40
0.562500000000013
40
0.562500000000013
40
0.625000000000016
40
0.625000000000016
40
0.750000000000022
40
0.750000000000022
40
0.812500000000021
40
0.812500000000021
40
0.87500000000002
40
0.87500000000002
40
1
40
1
40
1
40
1
41
1
10
28.494755838379
20
0.0819184483055437
30
0
41
1
10
28.475507033501
20
0.0941679181662778
30
0
41
1
10
28.4569670956691
20
0.107135415104409
30
0
41
1
10
28.4304636366971
20
0.127895037542345
30
0
41
1
10
28.4218481873884
20
0.135034321662999
30
0
41
1
10
28.4051178661829
20
0.149813239294161
30
0
41
1
10
28.3969958891633
20
0.157467290428969
30
0
41
1
10
28.3740207821705
20
0.180741355097837
30
0
41
1
10
28.3603638856724
20
0.196824884476257
30
0
41
1
10
28.3427512954196
20
0.221967329236747
30
0
41
1
10
28.3373292333799
20
0.230577898214335
30
0
41
1
10
28.3276918539248
20
0.247897203761113
30
0
41
1
10
28.3193188756652
20
0.26517776258342
30
0
41
1
10
28.3133654094794
20
0.282422049036825
30
0
41
1
10
28.3085831657362
20
0.299671048159382
30
0
41
1
10
28.306771847727
20
0.308346666359739
30
0
41
1
10
28.3031060782628
20
0.334048451404698
30
0
41
1
10
28.3029875087923
20
0.350611051074566
30
0
41
1
10
28.3056347457827
20
0.374935872018597
30
0
41
1
10
28.3069926372248
20
0.38295606886183
30
0
41
1
10
28.3105939268315
20
0.398861455025525
30
0
41
1
10
28.3128403232663
20
0.406744504581212
30
0
41
1
10
28.3207383508115
20
0.429937133922607
30
0
41
1
10
28.3275626743309
20
0.444894599420877
30
0
41
1
10
28.3357440100123
20
0.459484828354789
30
0
0
SPLINE
5
157
100
AcDbEntity
8
1
62
256
6
ByLayer
370
18
48
1
60
0
100
AcDbSpline
70
4
71
5
72
16
73
10
40
0
40
0
40
0
40
0
40
0
40
0
40
0.446476015635695
40
0.558095019544619
40
0.725523525408004
40
0.837142529316928
40
1
40
1
40
1
40
1
40
1
40
1
41
1
10
10.6152520516478
20
-1.27715675723044
30
0
41
1
10
10.7606308898799
20
-1.34018086466509
30
0
41
1
10
10.9423544376702
20
-1.4151617951386
30
0
41
1
10
11.1785950497974
20
-1.50595528776597
30
0
41
1
10
11.4511803714828
20
-1.59983489501681
30
0
41
1
10
11.776794364488
20
-1.69569008976313
30
0
41
1
10
11.957029519261
20
-1.74255875613113
30
0
41
1
10
12.1009199644759
20
-1.77588621980539
30
0
41
1
10
12.1902933453538
20
-1.79497863246132
30
0
41
1
10
12.2433220166737
20
-1.80573513122584
30
0
0
SPLINE
5
158
100
AcDbEntity
8
1
62
256
6
ByLayer
370
18
48
1
60
0
100
AcDbSpline
70
4
71
5
72
23
73
17
40
0
40
0
40
0
40
0
40
0
40
0
40
0.029543144439243
40
0.141403115011826
40
0.215976428726882
40
0.290549742441938
40
0.402409713014522
40
0.514269683587106
40
0.588842997302162
40
0.700702967874745
40
0.812562938447329
40
0.887136252162349
40
0.96170956587744
40
1
40
1
40
1
40
1
40
1
40
1
41
1
10
25.8988997994327
20
1.59262262836606
30
0
41
1
10
25.9132982075305
20
1.58792634576523
30
0
41
1
10
25.9822136799654
20
1.56527046182143
30
0
41
1
10
26.0874738619583
20
1.52937181219977
30
0
41
1
10
26.2290787535092
20
1.47848193166516
30
0
41
1
10
26.4252007093973
20
1.40335800930822
30
0
41
1
10
26.6614413215246
20
1.30608685170816
30
0
41
1
10
26.8795095788728
20
1.21042642736634
30
0
41
1
10
27.1157501910001
20
1.10094395011905
30
0
41
1
10
27.3701631579064
20
0.976755427159361
30
0
41
1
10
27.6064037700337
20
0.856230564159773
30
0
41
1
10
27.824472027382
20
0.7411567672074
30
0
41
1
10
28.0248571397147
20
0.632429707176755
30
0
41
1
10
28.1707251877103
20
0.551815337834768
30
0
41
1
10
28.2620761713688
20
0.50083354038469
30
0
41
1
10
28.3170824454692
20
0.469972753378329
30
0
41
1
10
28.3357440100116
20
0.459484828355187
30
0
0
SPLINE
5
159
100
AcDbEntity
8
1
62
256
6
ByLayer
370
18
48
1
60
0
100
AcDbSpline
70
4
71
3
72
45
73
41
40
0
40
0
40
0
40
0
40
0.0175585160262582
40
0.0353148378630668
40
0.053269832169504
40
0.0714243371769271
40
0.0897791638196861
40
0.108335096817024
40
0.12709289570838
40
0.146053295844148
40
0.165217009333469
40
0.184584725951247
40
0.204157114005788
40
0.223934821169263
40
0.243918475272167
40
0.264108685063625
40
0.284506040938971
40
0.305111115636188
40
0.329952757813249
40
0.355432969236714
40
0.381552504992493
40
0.408312065488479
40
0.43571230149195
40
0.463753818603971
40
0.492437181244164
40
0.521762916208066
40
0.551731515850587
40
0.582343440941303
40
0.613599123231144
40
0.645498967764605
40
0.678043354966891
40
0.711232642531808
40
0.745067167132567
40
0.779547245975243
40
0.814673178211596
40
0.850445246226599
40
0.886863716813472
40
0.923928842248171
40
0.961640861273169
40
1
40
1
40
1
40
1
41
1
10
9.78356472755488
20
-2.04331738902508
30
0
41
1
10
9.78794363250836
20
-2.03963782172639
30
0
41
1
10
9.79675077305595
20
-2.0322372348906
30
0
41
1
10
9.81008538735475
20
-2.02086600906773
30
0
41
1
10
9.82360884867228
20
-2.00921925621483
30
0
41
1
10
9.83732842926278
20
-1.99728160894958
30
0
41
1
10
9.85124698099787
20
-1.98505750461192
30
0
41
1
10
9.86536852156368
20
-1.97254612966364
30
0
41
1
10
9.87969670735848
20
-1.95974825135545
30
0
41
1
10
9.89423524405768
20
-1.94666436258291
30
0
41
1
10
9.90898776932977
20
-1.93329519314196
30
0
41
1
10
9.92395787882242
20
-1.91964157605523
30
0
41
1
10
9.93914911434419
20
-1.90570449135305
30
0
41
1
10
9.95456495707859
20
-1.89148505486051
30
0
41
1
10
9.97020883871213
20
-1.8769845474765
30
0
41
1
10
9.98608407391802
20
-1.86220433688811
30
0
41
1
10
10.0021940931717
20
-1.84714619464603
30
0
41
1
10
10.0196068351296
20
-1.83081179144253
30
0
41
1
10
10.0384602926738
20
-1.81307034169825
30
0
41
1
10
10.05890168119
20
-1.79379483246171
30
0
41
1
10
10.079987460045
20
-1.77388786271177
30
0
41
1
10
10.1017313448052
20
-1.75335382955677
30
0
41
1
10
10.1241466063494
20
-1.73219759998369
30
0
41
1
10
10.1472463064287
20
-1.71042500202265
30
0
41
1
10
10.1710431642868
20
-1.68804275646173
30
0
41
1
10
10.1955495230515
20
-1.66505856501115
30
0
41
1
10
10.2207772856831
20
-1.64148115591655
30
0
41
1
10
10.2467378566354
20
-1.61732034212602
30
0
41
1
10
10.2734420791554
20
-1.59258707652714
30
0
41
1
10
10.3009001712608
20
-1.56729350856989
30
0
41
1
10
10.3291216587016
20
-1.54145304016117
30
0
41
1
10
10.358115308825
20
-1.51508038406433
30
0
41
1
10
10.3878890512181
20
-1.48819161277766
30
0
41
1
10
10.4184499394243
20
-1.46080424295803
30
0
41
1
10
10.4498039456012
20
-1.43293718156377
30
0
41
1
10
10.4819563872313
20
-1.40461119988015
30
0
41
1
10
10.5149099209306
20
-1.37584737906354
30
0
41
1
10
10.5486718552671
20
-1.34667332757906
30
0
41
1
10
10.5832257457586
20
-1.31709961102376
30
0
41
1
10
10.606635920671
20
-1.29734149794191
30
0
41
1
10
10.6184405805923
20
-1.28737840255747
30
0
0
SPLINE
5
15A
100
AcDbEntity
8
1
62
256
6
ByLayer
370
18
48
1
60
0
100
AcDbSpline
70
4
71
3
72
8
73
4
40
0
40
0
40
0
40
0
40
1
40
1
40
1
40
1
41
1
10
9.78626723741493
20
-2.0440859679797
30
0
41
1
10
10.0038457159187
20
-2.13039264836456
30
0
41
1
10
10.2224849580317
20
-2.20307396801468
30
0
41
1
10
10.443308584352
20
-2.262025601728
30
0
0
SPLINE
5
15B
100
AcDbEntity
8
1
62
256
6
ByLayer
370
18
48
1
60
0
100
AcDbSpline
70
4
71
3
72
17
73
13
40
0
40
0
40
0
40
0
40
0.250000000000004
40
0.250000000000004
40
0.375000000000006
40
0.375000000000006
40
0.500000000000009
40
0.625000000000011
40
0.625000000000011
40
0.750000000000013
40
0.750000000000013
40
1
40
1
40
1
40
1
41
1
10
10.4433085843509
20
-2.26202560173328
30
0
41
1
10
10.4852401121546
20
-2.31004577215094
30
0
41
1
10
10.5283842098804
20
-2.35551840593376
30
0
41
1
10
10.5949524043874
20
-2.41985194990645
30
0
41
1
10
10.6174719091634
20
-2.44066685424059
30
0
41
1
10
10.6630580598239
20
-2.48089370050891
30
0
41
1
10
10.709126719608
20
-2.51966383673835
30
0
41
1
10
10.7561934359643
20
-2.55550433615653
30
0
41
1
10
10.8037857749976
20
-2.58985724243402
30
0
41
1
10
10.8278544007281
20
-2.60629377634345
30
0
41
1
10
10.9005652480209
20
-2.65310899524764
30
0
41
1
10
10.9498125255961
20
-2.68108366346939
30
0
41
1
10
11.0000000000007
20
-2.70568272492801
30
0
0
SPLINE
5
15C
100
AcDbEntity
8
1
62
256
6
ByLayer
370
18
48
1
60
0
100
AcDbSpline
70
4
71
3
72
8
73
4
40
0
40
0
40
0
40
0
40
1
40
1
40
1
40
1
41
1
10
11.0000000000007
20
-2.70568272492801
30
0
41
1
10
11.0014389081543
20
-2.7063879963234
30
0
41
1
10
11.0028777343231
20
-2.70709246666982
30
0
41
1
10
11.0043164792545
20
-2.70779613546492
30
0
0
SPLINE
5
15D
100
AcDbEntity
8
1
62
256
6
ByLayer
370
18
48
1
60
0
100
AcDbSpline
70
4
71
3
72
28
73
24
40
0
40
0
40
0
40
0
40
0.103674948758355
40
0.103674948758355
40
0.253062457298629
40
0.253062457298629
40
0.290409334433698
40
0.290409334433698
40
0.327756211568768
40
0.327756211568768
40
0.402449965838903
40
0.402449965838903
40
0.551837474379177
40
0.551837474379177
40
0.701224982919451
40
0.701224982919451
40
0.850612491459726
40
0.850612491459726
40
0.925306245729863
40
0.925306245729863
40
0.962653122864931
40
0.962653122864931
40
1
40
1
40
1
40
1
41
1
10
13.602473076303
20
-2.60449473774986
30
0
41
1
10
13.513111167252
20
-2.63715897588673
30
0
41
1
10
13.4237453248896
20
-2.66699946593215
30
0
41
1
10
13.2052992174279
20
-2.73275334005965
30
0
41
1
10
13.0760546937854
20
-2.76568815105296
30
0
41
1
10
12.9136916124941
20
-2.79904571213282
30
0
41
1
10
12.881178800753
20
-2.80532271482275
30
0
41
1
10
12.8160595629823
20
-2.81708115124942
30
0
41
1
10
12.7834319885739
20
-2.82256632794878
30
0
41
1
10
12.6855291470527
20
-2.83780288747147
30
0
41
1
10
12.6204671017552
20
-2.84630460284203
30
0
41
1
10
12.4257396403172
20
-2.86694415330393
30
0
41
1
10
12.2965547441364
20
-2.87415590102353
30
0
41
1
10
12.0387261982981
20
-2.87555095773908
30
0
41
1
10
11.9100505250973
20
-2.86986099534974
30
0
41
1
10
11.6524805634131
20
-2.84568267817838
30
0
41
1
10
11.5236009249432
20
-2.82710962601806
30
0
41
1
10
11.3295498049983
20
-2.78964205893098
30
0
41
1
10
11.2647446617384
20
-2.77555011536384
30
0
41
1
10
11.1672845118268
20
-2.75197564933546
30
0
41
1
10
11.1347557103973
20
-2.74371099028164
30
0
41
1
10
11.0696015549784
20
-2.72636230591601
30
0
41
1
10
11.0369499695732
20
-2.71727139198475
30
0
41
1
10
11.0043164792554
20
-2.70779613546506
30
0
0
SPLINE
5
15E
100
AcDbEntity
8
1
62
256
6
ByLayer
370
18
48
1
60
0
100
AcDbSpline
70
4
71
3
72
34
73
30
40
0
40
0
40
0
40
0
40
0.125000000000053
40
0.125000000000053
40
0.187500000000079
40
0.187500000000079
40
0.250000000000105
40
0.250000000000105
40
0.265625000000107
40
0.265625000000107
40
0.281250000000109
40
0.312500000000113
40
0.312500000000113
40
0.375000000000102
40
0.375000000000102
40
0.437500000000092
40
0.437500000000092
40
0.500000000000082
40
0.562500000000071
40
0.562500000000071
40
0.625000000000061
40
0.625000000000061
40
0.750000000000041
40
0.750000000000041
40
0.87500000000002
40
0.87500000000002
40
0.93750000000001
40
0.93750000000001
40
1
40
1
40
1
40
1
41
1
10
21.3063165353817
20
1.97783151199482
30
0
41
1
10
21.3351812340915
20
1.95324599885612
30
0
41
1
10
21.3642051042569
20
1.92887799768707
30
0
41
1
10
21.408016501202
20
1.89269886641966
30
0
41
1
10
21.4226661802675
20
1.88070125452563
30
0
41
1
10
21.4520637490292
20
1.85683850604235
30
0
41
1
10
21.4668205366012
20
1.84498290617779
30
0
41
1
10
21.4853115532825
20
1.83022961627319
30
0
41
1
10
21.4890149941942
20
1.82728549285784
30
0
41
1
10
21.496462700943
20
1.82144257255985
30
0
41
1
10
21.5076881517349
20
1.81273828987648
30
0
41
1
10
21.5190718743183
20
1.8042092501428
30
0
41
1
10
21.542027359442
20
1.78735673309038
30
0
41
1
10
21.5575767871918
20
1.77639043337081
30
0
41
1
10
21.5890366810621
20
1.75484043554746
30
0
41
1
10
21.6050882484439
20
1.74417591367384
30
0
41
1
10
21.6362468321328
20
1.72391661055661
30
0
41
1
10
21.666713927089
20
1.70454608012969
30
0
41
1
10
21.6959374149739
20
1.68652452096489
30
0
41
1
10
21.7245767902486
20
1.6690541793713
30
0
41
1
10
21.7386493406737
20
1.66056645103421
30
0
41
1
10
21.7797386005768
20
1.63598361255779
30
0
41
1
10
21.8052847240359
20
1.6209589208274
30
0
41
1
10
21.8533303815254
20
1.59303134744516
30
0
41
1
10
21.8758103786822
20
1.58014839074318
30
0
41
1
10
21.907336112587
20
1.5624842035156
30
0
41
1
10
21.9174893574759
20
1.55687161572502
30
0
41
1
10
21.9368259253984
20
1.54638850308552
30
0
41
1
10
21.9460326233554
20
1.54150533253241
30
0
41
1
10
21.9547616569259
20
1.53702754723551
30
0
0
SPLINE
5
15F
100
AcDbEntity
8
1
62
256
6
ByLayer
370
18
48
1
60
0
100
AcDbSpline
70
4
71
3
72
16
73
12
40
0
40
0
40
0
40
0
40
0.250000000000001
40
0.250000000000001
40
0.375000000000001
40
0.375000000000001
40
0.500000000000001
40
0.500000000000001
40
0.75
40
0.75
40
1
40
1
40
1
40
1
41
1
10
21.3063165353817
20
1.97783151199482
30
0
41
1
10
21.3059318113745
20
1.92295924429564
30
0
41
1
10
21.3055369024412
20
1.86543590664499
30
0
41
1
10
21.3049978558892
20
1.7752002076175
30
0
41
1
10
21.3048238327042
20
1.74446252712983
30
0
41
1
10
21.304478866849
20
1.68166389400903
30
0
41
1
10
21.304307746952
20
1.64957071731928
30
0
41
1
10
21.3037801690823
20
1.55174942397451
30
0
41
1
10
21.3034025742956
20
1.48437284603244
30
0
41
1
10
21.3026990988347
20
1.3453243050873
30
0
41
1
10
21.3023715487257
20
1.27365228120138
30
0
41
1
10
21.3020304513803
20
1.19980634765096
30
0
0
SPLINE
5
160
100
AcDbEntity
8
1
62
256
6
ByLayer
370
13
48
1
60
0
100
AcDbSpline
70
4
71
3
72
13
73
9
40
0
40
0
40
0
40
0
40
0.165956334000042
40
0.29258822641879
40
0.419220118837538
40
0.672483903675033
40
0.925747688512529
40
1
40
1
40
1
40
1
41
1
10
21.7726254391844
20
0.790004510820893
30
0
41
1
10
21.7842826231285
20
0.791750296320402
30
0
41
1
10
21.8044102727581
20
0.79543963894875
30
0
41
1
10
21.8318480295763
20
0.802129724764399
30
0
41
1
10
21.863060619961
20
0.811438063728787
30
0
41
1
10
21.9006873334084
20
0.825986296103025
30
0
41
1
10
21.9322976152435
20
0.842910201888884
30
0
41
1
10
21.9485159296168
20
0.853605430479774
30
0
41
1
10
21.9521035124439
20
0.856085605887586
30
0
0
SPLINE
5
161
100
AcDbEntity
8
1
62
256
6
ByLayer
370
18
48
1
60
0
100
AcDbSpline
70
4
71
3
72
17
73
13
40
0
40
0
40
0
40
0
40
0.249999999999988
40
0.249999999999988
40
0.37499999999999
40
0.37499999999999
40
0.499999999999992
40
0.624999999999994
40
0.624999999999994
40
0.749999999999996
40
0.749999999999996
40
1
40
1
40
1
40
1
41
1
10
10.4433085843509
20
0.759829657027751
30
0
41
1
10
10.4852401121546
20
0.720398001378669
30
0
41
1
10
10.5283842098806
20
0.679735684705093
30
0
41
1
10
10.5949524043876
20
0.616880293888471
30
0
41
1
10
10.6174719091636
20
0.595599456304512
30
0
41
1
10
10.6630580598242
20
0.552507075712299
30
0
41
1
10
10.7091267196082
20
0.50894535047027
30
0
41
1
10
10.7561934359645
20
0.464474607144183
30
0
41
1
10
10.8037857749977
20
0.419566045479939
30
0
41
1
10
10.8278544007283
20
0.396883872912895
30
0
41
1
10
10.900565248021
20
0.328528412269549
30
0
41
1
10
10.9498125255961
20
0.282443694460483
30
0
41
1
10
11.0000000000007
20
0.235981166266214
30
0
0
SPLINE
5
162
100
AcDbEntity
8
1
62
256
6
ByLayer
370
18
48
1
60
0
100
AcDbSpline
70
4
71
3
72
10
73
6
40
0
40
0
40
0
40
0
40
0.223606176969945
40
0.866936127441839
40
1
40
1
40
1
40
1
41
1
10
10.4433085843505
20
0.759829657030423
30
0
41
1
10
10.4433085843505
20
0.6890226939027
30
0
41
1
10
10.4433085843505
20
0.409654664624327
30
0
41
1
10
10.4433085843507
20
0.0701247925884729
30
0
41
1
10
10.4433085843505
20
-0.195840714364039
30
0
41
1
10
10.4433085843504
20
-0.241596374917549
30
0
0
SPLINE
5
163
100
AcDbEntity
8
1
62
256
6
ByLayer
370
18
48
1
60
0
100
AcDbSpline
70
4
71
3
72
32
73
28
40
0
40
0
40
0
40
0
40
0.107953485622131
40
0.107953485622131
40
0.215906971244261
40
0.215906971244261
40
0.323860456866392
40
0.323860456866392
40
0.377837199677459
40
0.377837199677459
40
0.431813942488527
40
0.431813942488527
40
0.539767428110661
40
0.539767428110661
40
0.647720913732796
40
0.647720913732796
40
0.755674399354931
40
0.755674399354931
40
0.863627884977065
40
0.863627884977065
40
0.917604627788133
40
0.917604627788133
40
0.944592999193664
40
0.944592999193664
40
0.971581370599196
40
0.971581370599196
40
1
40
1
40
1
40
1
41
1
10
26.106711907764
20
1.43400943677094
30
0
41
1
10
25.9954210723795
20
1.51723996030373
30
0
41
1
10
25.8844188326692
20
1.59783907667983
30
0
41
1
10
25.6624505685901
20
1.75344503678551
30
0
41
1
10
25.5514788890945
20
1.82847481098932
30
0
41
1
10
25.3291525726817
20
1.97244593848967
30
0
41
1
10
25.2177988374556
20
2.04137451521754
30
0
41
1
10
25.0501021787884
20
2.13985365971322
30
0
41
1
10
24.9940931075238
20
2.17185979712895
30
0
41
1
10
24.8817969683345
20
2.23412904114153
30
0
41
1
10
24.8254374691823
20
2.26442323529642
30
0
41
1
10
24.6570757437494
20
2.35191707120157
30
0
41
1
10
24.5454090312292
20
2.40598656634248
30
0
41
1
10
24.322576212147
20
2.50590729238544
30
0
41
1
10
24.2114366385449
20
2.55171300788976
30
0
41
1
10
23.9893204276773
20
2.63467146199852
30
0
41
1
10
23.8783444864723
20
2.67182896075298
30
0
41
1
10
23.6561432187228
20
2.736931094103
30
0
41
1
10
23.5449315661041
20
2.76475993740178
30
0
41
1
10
23.3774640658306
20
2.79972667795766
30
0
41
1
10
23.3215333497887
20
2.81026379737907
30
0
41
1
10
23.2374326074958
20
2.82436651024633
30
0
41
1
10
23.2093650565352
20
2.82878239062265
30
0
41
1
10
23.1531551197802
20
2.83703495660157
30
0
41
1
10
23.124988478878
20
2.8408744119304
30
0
41
1
10
23.0672587147514
20
2.84813071742016
30
0
41
1
10
23.0376888216448
20
2.85151715683978
30
0
41
1
10
23.0081553145788
20
2.85456754569435
30
0
0
SPLINE
5
164
100
AcDbEntity
8
1
62
256
6
ByLayer
370
13
48
1
60
0
100
AcDbSpline
70
4
71
3
72
9
73
5
40
0
40
0
40
0
40
0
40
0.32155858452844
40
1
40
1
40
1
40
1
41
1
10
11.0000000000007
20
0.235981166266214
30
0
41
1
10
11.0000000000007
20
0.127642581558007
30
0
41
1
10
11.0000000000007
20
-0.213054518950401
30
0
41
1
10
11
20
-0.559102169803992
30
0
41
1
10
11
20
-0.789974603330137
30
0
0
SPLINE
5
165
100
AcDbEntity
8
1
62
256
6
ByLayer
370
18
48
1
60
0
100
AcDbSpline
70
4
71
3
72
8
73
4
40
0
40
0
40
0
40
0
40
1
40
1
40
1
40
1
41
1
10
11.0000000000007
20
0.235981166266214
30
0
41
1
10
11.0014389081543
20
0.234649054789202
30
0
41
1
10
11.0028777343231
20
0.233316634488489
30
0
41
1
10
11.0043164792545
20
0.231983906081211
30
0
0
SPLINE
5
166
100
AcDbEntity
8
1
62
256
6
ByLayer
370
18
48
1
60
0
100
AcDbSpline
70
4
71
3
72
16
73
12
40
0
40
0
40
0
40
0
40
0.25
40
0.25
40
0.375
40
0.375
40
0.5
40
0.5
40
0.75
40
0.75
40
1
40
1
40
1
40
1
41
1
10
12.9066364272752
20
-1.35349590709004
30
0
41
1
10
12.9062345436665
20
-1.43344442687103
30
0
41
1
10
12.9058227181767
20
-1.51180533800201
30
0
41
1
10
12.9052578327603
20
-1.62698125313349
30
0
41
1
10
12.9050751272251
20
-1.66497856429143
30
0
41
1
10
12.9047125880019
20
-1.74018079932497
30
0
41
1
10
12.9045325681188
20
-1.77741998248351
30
0
41
1
10
12.9039780049301
20
-1.88743282088046
30
0
41
1
10
12.9035821134452
20
-1.95864541956149
30
0
41
1
10
12.9028407575827
20
-2.09684170581053
30
0
41
1
10
12.9024930628376
20
-2.16382553521447
30
0
41
1
10
12.9021319170013
20
-2.22866842167292
30
0
0
SPLINE
5
167
100
AcDbEntity
8
1
62
256
6
ByLayer
370
18
48
1
60
0
100
AcDbSpline
70
4
71
3
72
22
73
18
40
0
40
0
40
0
40
0
40
0.0625000000000024
40
0.0625000000000024
40
0.125000000000005
40
0.125000000000005
40
0.250000000000003
40
0.250000000000003
40
0.5
40
0.5
40
0.749999999999997
40
0.749999999999997
40
0.874999999999999
40
0.874999999999999
40
0.937499999999999
40
0.937499999999999
40
1
40
1
40
1
40
1
41
1
10
12.9066364272752
20
-1.35349590709004
30
0
41
1
10
12.8668274709346
20
-1.32319145711091
30
0
41
1
10
12.8269542852655
20
-1.29254105825427
30
0
41
1
10
12.7470545446535
20
-1.23057512406169
30
0
41
1
10
12.7070779074953
20
-1.19929770047099
30
0
41
1
10
12.5874876350268
20
-1.10499141511738
30
0
41
1
10
12.5080310388925
20
-1.04135665616226
30
0
41
1
10
12.2702395997637
20
-0.848423980473285
30
0
41
1
10
12.1125096082828
20
-0.717046553506407
30
0
41
1
10
11.7971405144023
20
-0.450639984088639
30
0
41
1
10
11.6395385739829
20
-0.315547591285252
30
0
41
1
10
11.4022595739961
20
-0.111186116492547
30
0
41
1
10
11.3230159349411
20
-0.0427883523585706
30
0
41
1
10
11.2037956632097
20
0.0600850693567168
30
0
41
1
10
11.1639964629537
20
0.0944225401995027
30
0
41
1
10
11.0842576007205
20
0.163167374222041
30
0
41
1
10
11.0442811914659
20
0.197606343294211
30
0
41
1
10
11.0043164792555
20
0.231983906080416
30
0
0
SPLINE
5
168
100
AcDbEntity
8
1
62
256
6
ByLayer
370
18
48
1
60
0
100
AcDbSpline
70
4
71
3
72
14
73
10
40
0
40
0
40
0
40
0
40
0.25
40
0.25
40
0.5
40
0.5
40
0.75
40
0.75
40
1
40
1
40
1
40
1
41
1
10
11.0001761541077
20
-0.789975305409371
30
0
41
1
10
11.0005162984251
20
-0.705024762845255
30
0
41
1
10
11.0009420074344
20
-0.619859094160688
30
0
41
1
10
11.0016973626863
20
-0.449102777330467
30
0
41
1
10
11.0020265288514
20
-0.363490199793176
30
0
41
1
10
11.0026147044787
20
-0.191924121045304
30
0
41
1
10
11.0028940483554
20
-0.106560160166254
30
0
41
1
10
11.0036161357069
20
0.0633359091352474
30
0
41
1
10
11.0040002597991
20
0.147868964699626
30
0
41
1
10
11.0043164792537
20
0.231983906080473
30
0
0
SPLINE
5
169
100
AcDbEntity
8
1
62
256
6
ByLayer
370
18
48
1
60
0
100
AcDbSpline
70
4
71
3
72
30
73
26
40
0
40
0
40
0
40
0
40
0.0312499999999142
40
0.0312499999999142
40
0.0468749999998713
40
0.0468749999998713
40
0.0624999999998284
40
0.0624999999998284
40
0.0781249999997854
40
0.0781249999997854
40
0.0937499999997425
40
0.0937499999997425
40
0.124999999999726
40
0.124999999999726
40
0.187499999999749
40
0.187499999999749
40
0.249999999999772
40
0.249999999999772
40
0.374999999999817
40
0.374999999999817
40
0.499999999999863
40
0.499999999999863
40
0.749999999999932
40
0.749999999999932
40
1
40
1
40
1
40
1
41
1
10
29.5034856720323
20
-2.24557324709053
30
0
41
1
10
29.5081088548872
20
-2.24681888982607
30
0
41
1
10
29.5130832177304
20
-2.24761944484936
30
0
41
1
10
29.5206642401426
20
-2.24766321390337
30
0
41
1
10
29.5232494842928
20
-2.24748489373405
30
0
41
1
10
29.5283389970418
20
-2.24671658762955
30
0
41
1
10
29.5308203015074
20
-2.24613530433845
30
0
41
1
10
29.5356661440599
20
-2.24460972552529
30
0
41
1
10
29.5380445248394
20
-2.24365579010166
30
0
41
1
10
29.5425262989432
20
-2.24151010054928
30
0
41
1
10
29.5446538102691
20
-2.24031333340991
30
0
41
1
10
29.5507721885505
20
-2.23643306550966
30
0
41
1
10
29.554490652013
20
-2.23346348262271
30
0
41
1
10
29.5646443867969
20
-2.22417072350285
30
0
41
1
10
29.5703433069529
20
-2.21730383093026
30
0
41
1
10
29.5806378579947
20
-2.20326016290735
30
0
41
1
10
29.5852090632517
20
-2.19606579690208
30
0
41
1
10
29.5980253752202
20
-2.17417226622419
30
0
41
1
10
29.6053842383543
20
-2.15916531530655
30
0
41
1
10
29.6191199465683
20
-2.12867126656383
30
0
41
1
10
29.6254563844651
20
-2.11316143957831
30
0
41
1
10
29.6434800945649
20
-2.06622771952016
30
0
41
1
10
29.6542337117181
20
-2.03433477718971
30
0
41
1
10
29.6744386169356
20
-1.96949318404663
30
0
41
1
10
29.6838462619298
20
-1.93653879482304
30
0
41
1
10
29.6927196754939
20
-1.90306459549382
30
0
0
SPLINE
5
16A
100
AcDbEntity
8
1
62
256
6
ByLayer
370
18
48
1
60
0
100
AcDbSpline
70
4
71
3
72
10
73
6
40
0
40
0
40
0
40
0
40
0.5
40
0.5
40
1
40
1
40
1
40
1
41
1
10
29.6927679525342
20
-1.90299237411853
30
0
41
1
10
29.6902531017756
20
-1.84087968775688
30
0
41
1
10
29.6907424564864
20
-1.77724721622411
30
0
41
1
10
29.6925987464111
20
-1.64724066700197
30
0
41
1
10
29.6939586216426
20
-1.58086687390326
30
0
41
1
10
29.6933417611453
20
-1.51322835846366
30
0
0
SPLINE
5
16B
100
AcDbEntity
8
1
62
256
6
ByLayer
370
18
48
1
60
0
100
AcDbSpline
70
4
71
3
72
24
73
20
40
0
40
0
40
0
40
0
40
0.125000000000001
40
0.125000000000001
40
0.250000000000002
40
0.250000000000002
40
0.375000000000003
40
0.375000000000003
40
0.437500000000008
40
0.437500000000008
40
0.46875000000001
40
0.46875000000001
40
0.500000000000012
40
0.500000000000012
40
0.750000000000006
40
0.750000000000006
40
0.875000000000003
40
0.875000000000003
40
1
40
1
40
1
40
1
41
1
10
29.6933417611461
20
-1.51322835846361
30
0
41
1
10
29.5706124878098
20
-1.4232931301803
30
0
41
1
10
29.448408682223
20
-1.33050026250723
30
0
41
1
10
29.2042927055087
20
-1.14017833094519
30
0
41
1
10
29.0823773849441
20
-1.04266438225457
30
0
41
1
10
28.8382166684807
20
-0.843587921040495
30
0
41
1
10
28.7159693605282
20
-0.742030479455451
30
0
41
1
10
28.5318675043373
20
-0.58718848379047
30
0
41
1
10
28.4703811242234
20
-0.535145724878305
30
0
41
1
10
28.3779097920431
20
-0.456502702301606
30
0
41
1
10
28.3470456703099
20
-0.43019204379786
30
0
41
1
10
28.2852259610251
20
-0.377389219899499
30
0
41
1
10
28.2542983770289
20
-0.350920900854476
30
0
41
1
10
27.9765716230384
20
-0.112869076861699
30
0
41
1
10
27.7324438569393
20
0.0990641839842965
30
0
41
1
10
27.3665104815602
20
0.413041662065183
30
0
41
1
10
27.2445690904174
20
0.517042799496181
30
0
41
1
10
27.0001295204427
20
0.722999138484852
30
0
41
1
10
26.8776359831243
20
0.824957796175141
30
0
41
1
10
26.7545495182067
20
0.925513949708716
30
0
0
SPLINE
5
16C
100
AcDbEntity
8
1
62
256
6
ByLayer
370
18
48
1
60
0
100
AcDbSpline
70
4
71
3
72
8
73
4
40
0
40
0
40
0
40
0
40
1
40
1
40
1
40
1
41
1
10
26.7520645690853
20
0.165803163280287
30
0
41
1
10
26.7518164283092
20
0.0911715573201093
30
0
41
1
10
26.7515632430669
20
0.0160539645679307
30
0
41
1
10
26.7513031459717
20
-0.0593836830354917
30
0
0
SPLINE
5
16D
100
AcDbEntity
8
1
62
256
6
ByLayer
370
18
48
1
60
0
100
AcDbSpline
70
4
71
3
72
14
73
10
40
0
40
0
40
0
40
0
40
0.499999999999999
40
0.499999999999999
40
0.749999999999999
40
0.749999999999999
40
0.875
40
0.875
40
1
40
1
40
1
40
1
41
1
10
12.3520569300489
20
1.82269390200514
30
0
41
1
10
12.3524926386312
20
1.91753914572618
30
0
41
1
10
12.3529117827896
20
2.00540790340349
30
0
41
1
10
12.3535456480029
20
2.12691422162231
30
0
41
1
10
12.3537554524354
20
2.16569463414422
30
0
41
1
10
12.3540595989309
20
2.2212526708835
30
0
41
1
10
12.3541595300751
20
2.23934293361057
30
0
41
1
10
12.3543578207862
20
2.27454125429242
30
0
41
1
10
12.3544562476428
20
2.2916621118683
30
0
41
1
10
12.3545561113577
20
2.30830409183699
30
0
0
SPLINE
5
16E
100
AcDbEntity
8
1
62
256
6
ByLayer
370
18
48
1
60
0
100
AcDbSpline
70
4
71
3
72
8
73
4
40
0
40
0
40
0
40
0
40
1
40
1
40
1
40
1
41
1
10
12.3520569300489
20
1.82269390200514
30
0
41
1
10
12.351810127416
20
1.76896975882272
30
0
41
1
10
12.3515589078584
20
1.71322461495043
30
0
41
1
10
12.3513014425912
20
1.65560260670611
30
0
0
SPLINE
5
16F
100
AcDbEntity
8
1
62
256
6
ByLayer
370
18
48
1
60
0
100
AcDbSpline
70
4
71
3
72
16
73
12
40
0
40
0
40
0
40
0
40
0.250000000000001
40
0.250000000000001
40
0.375000000000001
40
0.375000000000001
40
0.500000000000001
40
0.500000000000001
40
0.75
40
0.75
40
1
40
1
40
1
40
1
41
1
10
17.7066712890438
20
-1.79475300946001
30
0
41
1
10
17.7062800176905
20
-1.8676496508468
30
0
41
1
10
17.7058779621613
20
-1.93837724003899
30
0
41
1
10
17.705325675748
20
-2.041236749837
30
0
41
1
10
17.705146791884
20
-2.07498404537728
30
0
41
1
10
17.7047910921841
20
-2.14139605463933
30
0
41
1
10
17.7046140923328
20
-2.17409020053955
30
0
41
1
10
17.704067539136
20
-2.27009482722835
30
0
41
1
10
17.7036759892813
20
-2.33145745955662
30
0
41
1
10
17.7029426682041
20
-2.44893834981553
30
0
41
1
10
17.7025984826442
20
-2.50505680452383
30
0
41
1
10
17.7022401160053
20
-2.55852030718575
30
0
0
SPLINE
5
170
100
AcDbEntity
8
1
62
256
6
ByLayer
370
18
48
1
60
0
100
AcDbSpline
70
4
71
3
72
48
73
44
40
0
40
0
40
0
40
0
40
0.0625000000000064
40
0.0625000000000064
40
0.125000000000013
40
0.125000000000013
40
0.156250000000016
40
0.156250000000016
40
0.187500000000019
40
0.187500000000019
40
0.250000000000023
40
0.250000000000023
40
0.281250000000025
40
0.281250000000025
40
0.312500000000027
40
0.312500000000027
40
0.375000000000029
40
0.375000000000029
40
0.437500000000031
40
0.437500000000031
40
0.500000000000033
40
0.500000000000033
40
0.562500000000035
40
0.562500000000035
40
0.593750000000034
40
0.593750000000034
40
0.609375000000033
40
0.609375000000033
40
0.625000000000032
40
0.625000000000032
40
0.687500000000027
40
0.687500000000027
40
0.750000000000022
40
0.750000000000022
40
0.812500000000017
40
0.812500000000017
40
0.875000000000012
40
0.875000000000012
40
0.90625000000001
40
0.90625000000001
40
0.937500000000007
40
0.937500000000007
40
1
40
1
40
1
40
1
41
1
10
17.7066712890438
20
-1.79475300945998
30
0
41
1
10
17.5948139414838
20
-1.71943845388253
30
0
41
1
10
17.4834108159154
20
-1.64138960152718
30
0
41
1
10
17.2610271138519
20
-1.48036885288462
30
0
41
1
10
17.1500813105306
20
-1.39730384544023
30
0
41
1
10
16.9836699282544
20
-1.26919006629424
30
0
41
1
10
16.9281917223786
20
-1.22592590173755
30
0
41
1
10
16.8171327026746
20
-1.13844229058799
30
0
41
1
10
16.7615505762659
20
-1.09422988205407
30
0
41
1
10
16.5945836898923
20
-0.960209483982624
30
0
41
1
10
16.4829853018328
20
-0.869002883643674
30
0
41
1
10
16.314849501711
20
-0.729537889076511
30
0
41
1
10
16.2586378133864
20
-0.682573418877325
30
0
41
1
10
16.1460838662395
20
-0.587943676486049
30
0
41
1
10
16.0899744559559
20
-0.540474763749558
30
0
41
1
10
15.9220705994024
20
-0.397699389554901
30
0
41
1
10
15.8107327057174
20
-0.301990869138848
30
0
41
1
10
15.588444446014
20
-0.110436265628579
30
0
41
1
10
15.4774597424878
20
-0.0146244355183285
30
0
41
1
10
15.2555240912784
20
0.1767175701398
30
0
41
1
10
15.1445842797953
20
0.272258145224583
30
0
41
1
10
14.9222516537589
20
0.462487288760826
30
0
41
1
10
14.8108629011918
20
0.557180948971762
30
0
41
1
10
14.6431116306786
20
0.69818552471807
30
0
41
1
10
14.5870808751404
20
0.745011940268114
30
0
41
1
10
14.5028091024167
20
0.814925920008392
30
0
41
1
10
14.4746572681568
20
0.838195773653524
30
0
41
1
10
14.4184480835829
20
0.884470879990715
30
0
41
1
10
14.3903780073112
20
0.907486756946071
30
0
41
1
10
14.2501848074691
20
1.02194107833503
30
0
41
1
10
14.1385450774984
20
1.11150261926531
30
0
41
1
10
13.9158983308255
20
1.28611657262215
30
0
41
1
10
13.8048588863323
20
1.37118866460446
30
0
41
1
10
13.5828487381104
20
1.53646558028385
30
0
41
1
10
13.4719046435454
20
1.6166416948424
30
0
41
1
10
13.2496639854214
20
1.77155519644268
30
0
41
1
10
13.1383485787814
20
1.8463307608389
30
0
41
1
10
12.9707333222633
20
1.95407796177994
30
0
41
1
10
12.9147561297125
20
1.98925182906876
30
0
41
1
10
12.8025290334014
20
2.05803132722502
30
0
41
1
10
12.7461829593583
20
2.091693066971
30
0
41
1
10
12.5777261476586
20
2.18961797707928
30
0
41
1
10
12.4659733833663
20
2.25098998097408
30
0
41
1
10
12.3545561113575
20
2.30830409183707
30
0
0
SPLINE
5
171
100
AcDbEntity
8
1
62
256
6
ByLayer
370
18
48
1
60
0
100
AcDbSpline
70
4
71
3
72
16
73
12
40
0
40
0
40
0
40
0
40
0.25
40
0.25
40
0.375
40
0.375
40
0.5
40
0.5
40
0.75
40
0.75
40
1
40
1
40
1
40
1
41
1
10
22.5066020856569
20
-2.27112432896922
30
0
41
1
10
22.5061812438336
20
-2.33135832904847
30
0
41
1
10
22.505753766281
20
-2.38878694615005
30
0
41
1
10
22.5051697564728
20
-2.4707498970931
30
0
41
1
10
22.5049814065146
20
-2.49737349085876
30
0
41
1
10
22.504609009275
20
-2.54922053865295
30
0
41
1
10
22.5044247728815
20
-2.57446617062101
30
0
41
1
10
22.5038597515487
20
-2.64775250501279
30
0
41
1
10
22.5034598380999
20
-2.69344695097138
30
0
41
1
10
22.5027157138919
20
-2.77855367484798
30
0
41
1
10
22.5023692809535
20
-2.81796616636194
30
0
41
1
10
22.5020120112655
20
-2.85419846983626
30
0
0
SPLINE
5
172
100
AcDbEntity
8
1
62
256
6
ByLayer
370
18
48
1
60
0
100
AcDbSpline
70
4
71
3
72
48
73
44
40
0
40
0
40
0
40
0
40
0.0625000000000031
40
0.0625000000000031
40
0.125000000000006
40
0.125000000000006
40
0.187500000000009
40
0.187500000000009
40
0.203125000000009
40
0.203125000000009
40
0.21875000000001
40
0.21875000000001
40
0.25000000000001
40
0.25000000000001
40
0.312500000000011
40
0.312500000000011
40
0.375000000000012
40
0.375000000000012
40
0.437500000000013
40
0.437500000000013
40
0.500000000000013
40
0.500000000000013
40
0.531250000000013
40
0.531250000000013
40
0.562500000000012
40
0.562500000000012
40
0.625000000000013
40
0.625000000000013
40
0.687500000000014
40
0.687500000000014
40
0.750000000000015
40
0.750000000000015
40
0.812500000000016
40
0.812500000000016
40
0.843750000000017
40
0.843750000000017
40
0.859375000000017
40
0.859375000000017
40
0.875000000000016
40
0.875000000000016
40
0.937500000000008
40
0.937500000000008
40
1
40
1
40
1
40
1
41
1
10
22.5066020856564
20
-2.27112432896919
30
0
41
1
10
22.395478794821
20
-2.21229596236563
30
0
41
1
10
22.2845622251061
20
-2.14962153347221
30
0
41
1
10
22.0625393111188
20
-2.01746034622249
30
0
41
1
10
21.9514533016531
20
-1.94791040579719
30
0
41
1
10
21.7286918433375
20
-1.80201158288474
30
0
41
1
10
21.6170001903133
20
-1.72573856560288
30
0
41
1
10
21.476683442993
20
-1.62654059162026
30
0
41
1
10
21.4485853048235
20
-1.60650579720326
30
0
41
1
10
21.3923119996751
20
-1.56604776652878
30
0
41
1
10
21.3641504458628
20
-1.54563397582865
30
0
41
1
10
21.2798467549774
20
-1.48404087645938
30
0
41
1
10
21.2237874435967
20
-1.44243981072296
30
0
41
1
10
21.0559551979917
20
-1.3161121949546
30
0
41
1
10
20.9445247651195
20
-1.22987088825227
30
0
41
1
10
20.7221770102011
20
-1.05370354837754
30
0
41
1
10
20.6112699095031
20
-0.963740142762873
30
0
41
1
10
20.3892805314263
20
-0.781157593741682
30
0
41
1
10
20.2782203470937
20
-0.688503524537794
30
0
41
1
10
20.05562664149
20
-0.50064434344506
30
0
41
1
10
19.9440855028487
20
-0.405444471250718
30
0
41
1
10
19.7759925138084
20
-0.261289573219471
30
0
41
1
10
19.7198085015465
20
-0.212983719835307
30
0
41
1
10
19.607232673991
20
-0.11602936518014
30
0
41
1
10
19.5511108922383
20
-0.0676096498528409
30
0
41
1
10
19.3831453827337
20
0.077366861800499
30
0
41
1
10
19.2716666769435
20
0.173619467416671
30
0
41
1
10
19.0491273732069
20
0.364755322232782
30
0
41
1
10
18.9381125493972
20
0.459662383519799
30
0
41
1
10
18.7161501820715
20
0.647618354282429
30
0
41
1
10
18.6051687893217
20
0.740658414027394
30
0
41
1
10
18.3827642811789
20
0.924332360994896
30
0
41
1
10
18.2713683466755
20
1.014961714462
30
0
41
1
10
18.1035662243961
20
1.14864681403884
30
0
41
1
10
18.0475114890096
20
1.19283400844711
30
0
41
1
10
17.9632014509858
20
1.25850331663102
30
0
41
1
10
17.9350368062199
20
1.28030897478348
30
0
41
1
10
17.8788048887638
20
1.32356824502935
30
0
41
1
10
17.8507251051986
20
1.34503183731658
30
0
41
1
10
17.710494003767
20
1.45150031405825
30
0
41
1
10
17.5988571411802
20
1.53394338301121
30
0
41
1
10
17.3761621646231
20
1.69302978222737
30
0
41
1
10
17.2650995962843
20
1.76969591823334
30
0
41
1
10
17.1541502883422
20
1.84313499109462
30
0
0
SPLINE
5
173
100
AcDbEntity
8
1
62
256
6
ByLayer
370
18
48
1
60
0
100
AcDbSpline
70
4
71
3
72
14
73
10
40
0
40
0
40
0
40
0
40
0.500000000000001
40
0.500000000000001
40
0.750000000000001
40
0.750000000000001
40
0.875
40
0.875
40
1
40
1
40
1
40
1
41
1
10
17.1517767965043
20
1.2226232092579
30
0
41
1
10
17.1521936802775
20
1.33695666457004
30
0
41
1
10
17.1525930616049
20
1.44582942962336
30
0
41
1
10
17.1531955536948
20
1.6010791264047
30
0
41
1
10
17.153394574019
20
1.65148143840267
30
0
41
1
10
17.1536821570268
20
1.72504003104825
30
0
41
1
10
17.1537764986669
20
1.7492281657471
30
0
41
1
10
17.1539634951482
20
1.79677728039567
30
0
41
1
10
17.1540562130737
20
1.82015486052435
30
0
41
1
10
17.1541502883422
20
1.84313499109445
30
0
0
SPLINE
5
174
100
AcDbEntity
8
1
62
256
6
ByLayer
370
18
48
1
60
0
100
AcDbSpline
70
4
71
3
72
8
73
4
40
0
40
0
40
0
40
0
40
1
40
1
40
1
40
1
41
1
10
17.1517767965043
20
1.2226232092579
30
0
41
1
10
17.1515405059652
20
1.15781878290844
30
0
41
1
10
17.151299084771
20
1.09152688225586
30
0
41
1
10
17.151052086766
20
1.02391962057302
30
0
0
SPLINE
5
175
100
AcDbEntity
8
1
62
256
6
ByLayer
370
18
48
1
60
0
100
AcDbSpline
70
4
71
3
72
14
73
10
40
0
40
0
40
0
40
0
40
0.5
40
0.5
40
0.75
40
0.75
40
0.875
40
0.875
40
1
40
1
40
1
40
1
41
1
10
21.9521035124439
20
0.856085605887586
30
0
41
1
10
21.9525679063354
20
0.978549054705923
30
0
41
1
10
21.953014031197
20
1.09653298779131
30
0
41
1
10
21.9536871737124
20
1.2668974955742
30
0
41
1
10
21.953909836938
20
1.32258020509155
30
0
41
1
10
21.9542332298837
20
1.40442682352005
30
0
41
1
10
21.954339570976
20
1.43144024604601
30
0
41
1
10
21.9545506416657
20
1.48474678002998
30
0
41
1
10
21.954655442287
20
1.51105826131658
30
0
41
1
10
21.9547616569255
20
1.53702754723616
30
0
0
SPLINE
5
176
100
AcDbEntity
8
1
62
256
6
ByLayer
370
18
48
1
60
0
100
AcDbSpline
70
4
71
3
72
8
73
4
40
0
40
0
40
0
40
0
40
1
40
1
40
1
40
1
41
1
10
21.9521035124439
20
0.856085605887586
30
0
41
1
10
21.9518403896311
20
0.786698514591336
30
0
41
1
10
21.9515724849933
20
0.716174867912684
30
0
41
1
10
21.9512977775654
20
0.644670541231022
30
0
0
SPLINE
5
177
100
AcDbEntity
8
1
62
256
6
ByLayer
370
18
48
1
60
0
100
AcDbSpline
70
4
71
3
72
16
73
12
40
0
40
0
40
0
40
0
40
0.250000000000001
40
0.250000000000001
40
0.375000000000001
40
0.375000000000001
40
0.500000000000001
40
0.500000000000001
40
0.75
40
0.75
40
1
40
1
40
1
40
1
41
1
10
27.3065100662452
20
-2.48258801383528
30
0
41
1
10
27.306109737931
20
-2.53431809924368
30
0
41
1
10
27.3057007021709
20
-2.58295310589148
30
0
41
1
10
27.3051414002165
20
-2.65129412213074
30
0
41
1
10
27.3049607913248
20
-2.67330507894053
30
0
41
1
10
27.3046028406144
20
-2.71578235349204
30
0
41
1
10
27.3044253153308
20
-2.73626600082869
30
0
41
1
10
27.3038786783262
20
-2.79511493053295
30
0
41
1
10
27.3034885961778
20
-2.83096689285483
30
0
41
1
10
27.3027592489228
20
-2.89595673338653
30
0
41
1
10
27.3024177868528
20
-2.92509484008011
30
0
41
1
10
27.3020628404264
20
-2.95083422729323
30
0
0
SPLINE
5
178
100
AcDbEntity
8
1
62
256
6
ByLayer
370
18
48
1
60
0
100
AcDbSpline
70
4
71
3
72
44
73
40
40
0
40
0
40
0
40
0
40
0.125000000000012
40
0.125000000000012
40
0.14062500000001
40
0.14062500000001
40
0.156250000000009
40
0.187500000000007
40
0.250000000000004
40
0.250000000000004
40
0.312500000000001
40
0.312500000000001
40
0.374999999999998
40
0.374999999999998
40
0.437499999999996
40
0.437499999999996
40
0.453124999999996
40
0.453124999999996
40
0.468749999999995
40
0.468749999999995
40
0.499999999999995
40
0.499999999999995
40
0.562499999999995
40
0.562499999999995
40
0.624999999999994
40
0.624999999999994
40
0.687499999999994
40
0.687499999999994
40
0.749999999999993
40
0.749999999999993
40
0.781249999999994
40
0.781249999999994
40
0.812499999999995
40
0.812499999999995
40
0.874999999999996
40
0.874999999999996
40
0.937499999999998
40
0.937499999999998
40
1
40
1
40
1
40
1
41
1
10
27.3065100662452
20
-2.48258801383526
30
0
41
1
10
27.0844220099862
20
-2.38589863073366
30
0
41
1
10
26.8619463305622
20
-2.27263525468979
30
0
41
1
10
26.6090680600926
20
-2.12723350767308
30
0
41
1
10
26.580908409777
20
-2.1108129664029
30
0
41
1
10
26.5246779465864
20
-2.07757546394493
30
0
41
1
10
26.4404459157101
20
-2.02711464980644
30
0
41
1
10
26.2446175063622
20
-1.90523367045839
30
0
41
1
10
26.077713557425
20
-1.79396322105552
30
0
41
1
10
25.855538148861
20
-1.64005145717238
30
0
41
1
10
25.7446206783097
20
-1.56035052431361
30
0
41
1
10
25.5226168389363
20
-1.39609677459978
30
0
41
1
10
25.4115469565966
20
-1.31149526390087
30
0
41
1
10
25.188827608329
20
-1.13766258458759
30
0
41
1
10
25.0771671599496
20
-1.04848203121202
30
0
41
1
10
24.9369169772663
20
-0.93438703377538
30
0
41
1
10
24.9088333597404
20
-0.911435330082071
30
0
41
1
10
24.852591161054
20
-0.865268222217225
30
0
41
1
10
24.8244427714629
20
-0.842060349966545
30
0
41
1
10
24.7401948106852
20
-0.7723170526329
30
0
41
1
10
24.6841850060175
20
-0.725579510587608
30
0
41
1
10
24.5164768339168
20
-0.584818880907591
30
0
41
1
10
24.4050794519709
20
-0.490274787216009
30
0
41
1
10
24.1826586178225
20
-0.300300907557755
30
0
41
1
10
24.0716439690823
20
-0.204859767984573
30
0
41
1
10
23.8496086518319
20
-0.0135221921591437
30
0
41
1
10
23.7385913607991
20
0.082378609821717
30
0
41
1
10
23.5161094802849
20
0.274141675899273
30
0
41
1
10
23.4046111871409
20
0.369957297794627
30
0
41
1
10
23.2365512790836
20
0.513059176033067
30
0
41
1
10
23.1803740051617
20
0.560683866412603
30
0
41
1
10
23.067808470566
20
0.655584495786229
30
0
41
1
10
23.0116743878849
20
0.702646135490596
30
0
41
1
10
22.8436420948888
20
0.842579058184668
30
0
41
1
10
22.7321144892737
20
0.934201145446053
30
0
41
1
10
22.5096354153057
20
1.11359704290285
30
0
41
1
10
22.3986982429624
20
1.20135362468051
30
0
41
1
10
22.1768430537377
20
1.37253683838986
30
0
41
1
10
22.0659096989322
20
1.45599052896276
30
0
41
1
10
21.9547616569255
20
1.53702754723631
30
0
0
SPLINE
5
179
100
AcDbEntity
8
1
62
256
6
ByLayer
370
18
48
1
60
0
100
AcDbSpline
70
4
71
3
72
12
73
8
40
0
40
0
40
0
40
0
40
0.250000000000012
40
0.250000000000012
40
0.500000000000024
40
0.500000000000024
40
1
40
1
40
1
40
1
41
1
10
12.1725284094866
20
1.72949619899055
30
0
41
1
10
12.1896647160711
20
1.72080485237478
30
0
41
1
10
12.2063345436688
20
1.7128183440953
30
0
41
1
10
12.2386804095022
20
1.69808780744506
30
0
41
1
10
12.2543867524697
20
1.69133535463007
30
0
41
1
10
12.2995685337987
20
1.67291752033955
30
0
41
1
10
12.3272025334189
20
1.66302270348245
30
0
41
1
10
12.3513014425912
20
1.65560260670611
30
0
0
SPLINE
5
17A
100
AcDbEntity
8
1
62
256
6
ByLayer
370
18
48
1
60
0
100
AcDbSpline
70
4
71
3
72
26
73
22
40
0
40
0
40
0
40
0
40
0.125000000000018
40
0.125000000000018
40
0.250000000000037
40
0.250000000000037
40
0.312500000000033
40
0.312500000000033
40
0.37500000000003
40
0.37500000000003
40
0.500000000000024
40
0.500000000000024
40
0.562500000000009
40
0.562500000000009
40
0.593750000000001
40
0.593750000000001
40
0.624999999999993
40
0.624999999999993
40
0.749999999999988
40
0.749999999999988
40
1
40
1
40
1
40
1
41
1
10
12.1725284094866
20
1.72949619899055
30
0
41
1
10
12.1533886797517
20
1.73920365981533
30
0
41
1
10
12.133926169397
20
1.74966216434908
30
0
41
1
10
12.0944811787708
20
1.77225282165585
30
0
41
1
10
12.0744972961424
20
1.78439018254909
30
0
41
1
10
12.0441857180792
20
1.80406914892322
30
0
41
1
10
12.0340251064529
20
1.8108770737781
30
0
41
1
10
12.0135936900011
20
1.82504197148688
30
0
41
1
10
12.0032942354357
20
1.83241917507542
30
0
41
1
10
11.9724197238352
20
1.85533779813554
30
0
41
1
10
11.9521924351958
20
1.87140813223505
30
0
41
1
10
11.9224777046581
20
1.89687794861226
30
0
41
1
10
11.9126807895127
20
1.90560403950539
30
0
41
1
10
11.8981578442612
20
1.91907313372278
30
0
41
1
10
11.8933457959461
20
1.92362665789616
30
0
41
1
10
11.8837752512052
20
1.93285250388666
30
0
41
1
10
11.8790092349886
20
1.93750780921323
30
0
41
1
10
11.8551296948205
20
1.96066482494285
30
0
41
1
10
11.8360302747432
20
1.97917202128394
30
0
41
1
10
11.7787326176974
20
2.03466843605472
30
0
41
1
10
11.7405244346831
20
2.07162383094334
30
0
41
1
10
11.7023076255439
20
2.10853821396961
30
0
0
SPLINE
5
17B
100
AcDbEntity
8
1
62
256
6
ByLayer
370
18
48
1
60
0
100
AcDbSpline
70
4
71
5
72
12
73
6
40
0
40
0
40
0
40
0
40
0
40
0
40
1
40
1
40
1
40
1
40
1
40
1
41
1
10
8.98125363582474
20
2.84825492564093
30
0
41
1
10
8.98500290867699
20
2.84836713754768
30
0
41
1
10
8.98875218152924
20
2.8484748411862
30
0
41
1
10
8.99250145438151
20
2.84857803625647
30
0
41
1
10
8.99625072723379
20
2.8486767224824
30
0
41
1
10
9.00000000008603
20
2.84877089961205
30
0
0
SPLINE
5
17C
100
AcDbEntity
8
1
62
256
6
ByLayer
370
18
48
1
60
0
100
AcDbSpline
70
4
71
3
72
8
73
4
40
0
40
0
40
0
40
0
40
1
40
1
40
1
40
1
41
1
10
9.27143689324427
20
2.6296369393697
30
0
41
1
10
9.17465772537764
20
2.70217940672876
30
0
41
1
10
9.07793291607408
20
2.7750598354302
30
0
41
1
10
8.98126421991188
20
2.84827689104446
30
0
0
SPLINE
5
17D
100
AcDbEntity
8
1
62
256
6
ByLayer
370
18
48
1
60
0
100
AcDbSpline
70
4
71
5
72
30
73
24
40
0
40
0
40
0
40
0
40
0
40
0
40
0.154747933952632
40
0.19343491744079
40
0.251465392673027
40
0.290152376161185
40
0.348182851393422
40
0.38686983488158
40
0.444900310113817
40
0.502930785346054
40
0.541617768834212
40
0.599648244066449
40
0.638335227554607
40
0.696365702786844
40
0.735052686275002
40
0.793083161507239
40
0.851113636739476
40
0.889800620227634
40
0.928487603715792
40
0.986518078948029
40
1
40
1
40
1
40
1
40
1
40
1
41
1
10
9.27143689326346
20
2.6296369394004
30
0
41
1
10
9.41681573149563
20
2.62418120798265
30
0
41
1
10
9.59853927928589
20
2.6095390531716
30
0
41
1
10
9.83477989141315
20
2.57783622074152
30
0
41
1
10
10.1073652130985
20
2.52252674502262
30
0
41
1
10
10.4344675991209
20
2.43112487188878
30
0
41
1
10
10.6525358564692
20
2.35932994899929
30
0
41
1
10
10.8887764685965
20
2.27017210556437
30
0
41
1
10
11.1250170807237
20
2.17002101326347
30
0
41
1
10
11.361257692851
20
2.05832317673267
30
0
41
1
10
11.5974983049783
20
1.93667685151837
30
0
41
1
10
11.8337389171056
20
1.80475567566117
30
0
41
1
10
12.0699795292329
20
1.66414734085276
30
0
41
1
10
12.2880477865812
20
1.52689914816304
30
0
41
1
10
12.5242883987085
20
1.37087307497276
30
0
41
1
10
12.7605290108358
20
1.20818330330519
30
0
41
1
10
12.9967696229631
20
1.03905013122866
30
0
41
1
10
13.2148378803113
20
0.878291475329434
30
0
41
1
10
13.4510784924386
20
0.69997969008341
30
0
41
1
10
13.6454677086459
20
0.550474225269312
30
0
41
1
10
13.7853398605162
20
0.44171536463665
30
0
41
1
10
13.8888673028284
20
0.3607309601515
30
0
41
1
10
13.9560500355825
20
0.30801731507114
30
0
41
1
10
13.9687157039996
20
0.298074056604634
30
0
0
SPLINE
5
17E
100
AcDbEntity
8
1
62
256
6
ByLayer
370
18
48
1
60
0
100
AcDbSpline
70
4
71
5
72
16
73
10
40
0
40
0
40
0
40
0
40
0
40
0
40
0.287497694114387
40
0.480538170153648
40
0.77009888421254
40
0.963139360251798
40
1
40
1
40
1
40
1
40
1
40
1
41
1
10
28.8086603568572
20
2.45266388655813
30
0
41
1
10
28.8627890059653
20
2.468204535685
30
0
41
1
10
28.9532623646315
20
2.49282748951688
30
0
41
1
10
29.0982527876347
20
2.52862661616652
30
0
41
1
10
29.2795879201961
20
2.56594692090053
30
0
41
1
10
29.4678629923662
20
2.59482692590186
30
0
41
1
10
29.6020094154281
20
2.61013648071287
30
0
41
1
10
29.6998111289321
20
2.61848070355853
30
0
41
1
10
29.743095778099
20
2.62162065162784
30
0
41
1
10
29.7500357177078
20
2.62210986744722
30
0
0
SPLINE
5
17F
100
AcDbEntity
8
1
62
256
6
ByLayer
370
18
48
1
60
0
100
AcDbSpline
70
4
71
3
72
12
73
8
40
0
40
0
40
0
40
0
40
0.250000000000004
40
0.250000000000004
40
0.500000000000008
40
0.500000000000008
40
1
40
1
40
1
40
1
41
1
10
29.7224887044027
20
2.93582857103539
30
0
41
1
10
29.7282891762315
20
2.910146415452
30
0
41
1
10
29.7334119666641
20
2.88432137164693
30
0
41
1
10
29.7420473084391
20
2.8323317672639
30
0
41
1
10
29.7455627476923
20
2.80612104558998
30
0
41
1
10
29.753149043079
20
2.72746961620132
30
0
41
1
10
29.7543490402337
20
2.67489209791032
30
0
41
1
10
29.7500357177077
20
2.62210986744722
30
0
0
SPLINE
5
180
100
AcDbEntity
8
1
62
256
6
ByLayer
370
18
48
1
60
0
100
AcDbSpline
70
4
71
3
72
12
73
8
40
0
40
0
40
0
40
0
40
0.499999999999946
40
0.499999999999946
40
0.749999999999973
40
0.749999999999973
40
1
40
1
40
1
40
1
41
1
10
29.5034856720322
20
2.96679001876456
30
0
41
1
10
29.5399494031565
20
2.97007674262815
30
0
41
1
10
29.5763704504949
20
2.96948336995877
30
0
41
1
10
29.6311356132465
20
2.96218651758096
30
0
41
1
10
29.6494122504827
20
2.95866867234693
30
0
41
1
10
29.6860322126982
20
2.94916225514189
30
0
41
1
10
29.704459735891
20
2.94312947259249
30
0
41
1
10
29.7224887043942
20
2.93582857102732
30
0
0
SPLINE
5
181
100
AcDbEntity
8
1
62
256
6
ByLayer
370
18
48
1
60
0
100
AcDbSpline
70
4
71
3
72
8
73
4
40
0
40
0
40
0
40
0
40
1
40
1
40
1
40
1
41
1
10
29.5034856200394
20
2.96679044392354
30
0
41
1
10
29.479767935204
20
2.96362171364149
30
0
41
1
10
29.4560502503685
20
2.96022747379098
30
0
41
1
10
29.4323325655332
20
2.9566084974683
30
0
0
SPLINE
5
182
100
AcDbEntity
8
1
62
256
6
ByLayer
370
18
48
1
60
0
100
AcDbSpline
70
4
71
3
72
12
73
8
40
0
40
0
40
0
40
0
40
0.125938042291882
40
0.125938042291882
40
0.417292028194595
40
0.417292028194595
40
1
40
1
40
1
40
1
41
1
10
28.3456127635002
20
2.63773476705381
30
0
41
1
10
28.3913576624067
20
2.65735538022406
30
0
41
1
10
28.4370409891095
20
2.6762045550895
30
0
41
1
10
28.5882660018881
20
2.73608603874783
30
0
41
1
10
28.6936184844057
20
2.77372954288731
30
0
41
1
10
29.0095972471552
20
2.87412588332737
30
0
41
1
10
29.2201505157901
20
2.92423000101701
30
0
41
1
10
29.4323325655332
20
2.9566084974683
30
0
0
SPLINE
5
183
100
AcDbEntity
8
1
62
256
6
ByLayer
370
18
48
1
60
0
100
AcDbSpline
70
4
71
3
72
10
73
6
40
0
40
0
40
0
40
0
40
0.0603717558462868
40
0.0603717558462868
40
1
40
1
40
1
40
1
41
1
10
19.9512797172022
20
-2.97637075251831
30
0
41
1
10
19.9397051898274
20
-2.97767693386655
30
0
41
1
10
19.9281324232285
20
-2.97892909347124
30
0
41
1
10
19.7364652671527
20
-2.99877483600835
30
0
41
1
10
19.5567309226016
20
-3.00434250163769
30
0
41
1
10
19.376296368979
20
-2.99671875441581
30
0
0
SPLINE
5
184
100
AcDbEntity
8
1
62
256
6
ByLayer
370
18
48
1
60
0
100
AcDbSpline
70
4
71
3
72
13
73
9
40
0
40
0
40
0
40
0
40
0.5
40
0.5
40
0.75
40
0.875
40
0.875
40
1
40
1
40
1
40
1
41
1
10
19.3761866050636
20
-2.99671411502848
30
0
41
1
10
19.204867072185
20
-2.98947042040606
30
0
41
1
10
19.0343943773964
20
-2.97038906319733
30
0
41
1
10
18.7785911741945
20
-2.924463876722
30
0
41
1
10
18.6506669877282
20
-2.89717227388851
30
0
41
1
10
18.5224563781292
20
-2.86341015029731
30
0
41
1
10
18.4368901725054
20
-2.83946581030901
30
0
41
1
10
18.3940448545351
20
-2.8267696703746
30
0
41
1
10
18.3512320382667
20
-2.81338411889624
30
0
0
SPLINE
5
185
100
AcDbEntity
8
1
62
256
6
ByLayer
370
18
48
1
60
0
100
AcDbSpline
70
4
71
3
72
12
73
8
40
0
40
0
40
0
40
0
40
0.250000000000001
40
0.250000000000001
40
0.500000000000001
40
0.500000000000001
40
1
40
1
40
1
40
1
41
1
10
18.1724907127657
20
-2.62329376949157
30
0
41
1
10
18.1896236388822
20
-2.63553846858221
30
0
41
1
10
18.2062901831286
20
-2.64873387307296
30
0
41
1
10
18.2386297408323
20
-2.67697117177823
30
0
41
1
10
18.254333024605
20
-2.69205420964516
30
0
41
1
10
18.2995065155605
20
-2.73981796372379
30
0
41
1
10
18.3271359200087
20
-2.77506029777746
30
0
41
1
10
18.3512320382667
20
-2.81338411889621
30
0
0
SPLINE
5
186
100
AcDbEntity
8
1
62
256
6
ByLayer
370
18
48
1
60
0
100
AcDbSpline
70
4
71
3
72
26
73
22
40
0
40
0
40
0
40
0
40
0.125000000000011
40
0.125000000000011
40
0.250000000000021
40
0.250000000000021
40
0.312500000000039
40
0.312500000000039
40
0.375000000000057
40
0.375000000000057
40
0.500000000000093
40
0.500000000000093
40
0.562500000000112
40
0.562500000000112
40
0.59375000000012
40
0.59375000000012
40
0.625000000000129
40
0.625000000000129
40
0.750000000000094
40
0.750000000000094
40
1
40
1
40
1
40
1
41
1
10
18.1724907127657
20
-2.62329376949157
30
0
41
1
10
18.1533506586714
20
-2.60961459979231
30
0
41
1
10
18.1338876667354
20
-2.5973103587846
30
0
41
1
10
18.0944414067663
20
-2.57545957371031
30
0
41
1
10
18.0744567370948
20
-2.56592127062495
30
0
41
1
10
18.0441437551936
20
-2.55385353416014
30
0
41
1
10
18.0339826392876
20
-2.55020870804222
30
0
41
1
10
18.0135501377932
20
-2.54373095307338
30
0
41
1
10
18.0032502047641
20
-2.54088954147309
30
0
41
1
10
17.972373363623
20
-2.53375733977327
30
0
41
1
10
17.9521444404946
20
-2.53089507433052
30
0
41
1
10
17.92242711152
20
-2.52980079184192
30
0
41
1
10
17.9126293043071
20
-2.52999173258232
30
0
41
1
10
17.8981050086311
20
-2.53117897996123
30
0
41
1
10
17.8932924949414
20
-2.53172613557086
30
0
41
1
10
17.8837210788951
20
-2.53310423167534
30
0
41
1
10
17.8789547298136
20
-2.5338942268821
30
0
41
1
10
17.8550734585108
20
-2.53753675564551
30
0
41
1
10
17.8359725845585
20
-2.54035990601082
30
0
41
1
10
17.7786707081533
20
-2.54859198895628
30
0
41
1
10
17.7404597210324
20
-2.55373052442789
30
0
41
1
10
17.7022401160052
20
-2.55852030718575
30
0
0
SPLINE
5
187
100
AcDbEntity
8
1
62
256
6
ByLayer
370
18
48
1
60
0
100
AcDbSpline
70
4
71
3
72
12
73
8
40
0
40
0
40
0
40
0
40
0.250000000000001
40
0.250000000000001
40
0.500000000000001
40
0.500000000000001
40
1
40
1
40
1
40
1
41
1
10
25.372580259204
20
2.8407288324135
30
0
41
1
10
25.3897114252359
20
2.8492931701021
30
0
41
1
10
25.4063765514454
20
2.8589083771281
30
0
41
1
10
25.4387139112581
20
2.88014463379724
30
0
41
1
10
25.4544163830419
20
2.89180026197028
30
0
41
1
10
25.4995880522621
20
2.92954002765177
30
0
41
1
10
25.5272174590277
20
2.95842010479643
30
0
41
1
10
25.5513148403441
20
2.99076188358862
30
0
0
SPLINE
5
188
100
AcDbEntity
8
1
62
256
6
ByLayer
370
18
48
1
60
0
100
AcDbSpline
70
4
71
3
72
26
73
22
40
0
40
0
40
0
40
0
40
0.124999999999953
40
0.124999999999953
40
0.249999999999907
40
0.249999999999907
40
0.312499999999896
40
0.312499999999896
40
0.374999999999885
40
0.374999999999885
40
0.499999999999864
40
0.499999999999864
40
0.562499999999865
40
0.562499999999865
40
0.593749999999866
40
0.593749999999866
40
0.624999999999867
40
0.624999999999867
40
0.749999999999919
40
0.749999999999919
40
1
40
1
40
1
40
1
41
1
10
25.372580259204
20
2.8407288324135
30
0
41
1
10
25.3534382961606
20
2.83115924233365
30
0
41
1
10
25.3339735089927
20
2.82303500125451
30
0
41
1
10
25.2945239000511
20
2.80973214328316
30
0
41
1
10
25.2745376768907
20
2.80456238670121
30
0
41
1
10
25.2442225608492
20
2.79923180637661
30
0
41
1
10
25.2340607665467
20
2.79786374433169
30
0
41
1
10
25.2136269794331
20
2.7960105494459
30
0
41
1
10
25.2033265643713
20
2.79552343598198
30
0
41
1
10
25.1724474414942
20
2.79553283646496
30
0
41
1
10
25.1522169779444
20
2.79746047258718
30
0
41
1
10
25.1224972924389
20
2.80360722216196
30
0
41
1
10
25.1126986917647
20
2.80622136421974
30
0
41
1
10
25.0981731902783
20
2.81105804802022
30
0
41
1
10
25.0933602725771
20
2.81282412703175
30
0
41
1
10
25.083788040836
20
2.81664445108916
30
0
41
1
10
25.0790212779475
20
2.81865718636209
30
0
41
1
10
25.0551379499103
20
2.82841124505112
30
0
41
1
10
25.0360354397942
20
2.83612769961681
30
0
41
1
10
24.9787287231844
20
2.85905688132488
30
0
41
1
10
24.9405145719352
20
2.87401729844743
30
0
41
1
10
24.9022918629906
20
2.88865305445049
30
0
0
SPLINE
5
189
100
AcDbEntity
8
1
62
256
6
ByLayer
370
18
48
1
60
0
100
AcDbSpline
70
4
71
3
72
14
73
10
40
0
40
0
40
0
40
0
40
0.408246798164385
40
0.408246798164385
40
0.612370197246583
40
0.612370197246583
40
0.816493596328782
40
0.816493596328782
40
1
40
1
40
1
40
1
41
1
10
24.9022918629906
20
2.88865305445049
30
0
41
1
10
24.790785751334
20
2.8615577014998
30
0
41
1
10
24.6793944829171
20
2.82962760572593
30
0
41
1
10
24.5120999613171
20
2.77460944850782
30
0
41
1
10
24.4562826232415
20
2.75507312012891
30
0
41
1
10
24.3448018799589
20
2.7137599572865
30
0
41
1
10
24.2891046520615
20
2.69197311943085
30
0
41
1
10
24.1833574109877
20
2.64849609261515
30
0
41
1
10
24.1333052777376
20
2.62701922865406
30
0
41
1
10
24.0832399954441
20
2.60465742387223
30
0
0
SPLINE
5
18A
100
AcDbEntity
8
1
62
256
6
ByLayer
370
18
48
1
60
0
100
AcDbSpline
70
4
71
3
72
12
73
8
40
0
40
0
40
0
40
0
40
0.249999999999989
40
0.249999999999989
40
0.499999999999978
40
0.499999999999978
40
1
40
1
40
1
40
1
41
1
10
13.3725836553045
20
-2.36642556603022
30
0
41
1
10
13.3897150293214
20
-2.38062103660812
30
0
41
1
10
13.4063801691761
20
-2.39565921154261
30
0
41
1
10
13.4387172219726
20
-2.42739606784633
30
0
41
1
10
13.4544193400835
20
-2.44413853195388
30
0
41
1
10
13.4995895590306
20
-2.49659923403317
30
0
41
1
10
13.5272173927514
20
-2.53461222712656
30
0
41
1
10
13.5513131800744
20
-2.57532269713602
30
0
0
SPLINE
5
18B
100
AcDbEntity
8
1
62
256
6
ByLayer
370
18
48
1
60
0
100
AcDbSpline
70
4
71
3
72
26
73
22
40
0
40
0
40
0
40
0
40
0.125000000000005
40
0.125000000000005
40
0.25000000000001
40
0.25000000000001
40
0.312500000000013
40
0.312500000000013
40
0.375000000000016
40
0.375000000000016
40
0.500000000000021
40
0.500000000000021
40
0.562500000000036
40
0.562500000000036
40
0.593750000000043
40
0.593750000000043
40
0.625000000000051
40
0.625000000000051
40
0.750000000000034
40
0.750000000000034
40
1
40
1
40
1
40
1
41
1
10
13.3725836553045
20
-2.36642556603022
30
0
41
1
10
13.3534359947862
20
-2.35055935167131
30
0
41
1
10
13.3339650729721
20
-2.33596334413602
30
0
41
1
10
13.2945024337255
20
-2.30928755371045
30
0
41
1
10
13.2745093154662
20
-2.29721523901816
30
0
41
1
10
13.2441833181785
20
-2.28112909158017
30
0
41
1
10
13.2340178057327
20
-2.27610816108646
30
0
41
1
10
13.2135763952407
20
-2.26679657896241
30
0
41
1
10
13.2032717221161
20
-2.26249335522883
30
0
41
1
10
13.1723822015956
20
-2.25086538688032
30
0
41
1
10
13.1521449817863
20
-2.24490745318147
30
0
41
1
10
13.1224156571729
20
-2.23899905515745
30
0
41
1
10
13.1126139319786
20
-2.23755582992663
30
0
41
1
10
13.0980838498539
20
-2.23624442740564
30
0
41
1
10
13.0932694562472
20
-2.23595092302318
30
0
41
1
10
13.0836941478508
20
-2.23563207010915
30
0
41
1
10
13.0789255894471
20
-2.2355668310839
30
0
41
1
10
13.0550334436082
20
-2.23494848592603
30
0
41
1
10
13.0359241064292
20
-2.23436515141685
30
0
41
1
10
12.9785965301332
20
-2.23237446902618
30
0
41
1
10
12.9403684968308
20
-2.23069656678825
30
0
41
1
10
12.9021319170013
20
-2.22866842167292
30
0
0
SPLINE
5
18C
100
AcDbEntity
8
1
62
256
6
ByLayer
370
18
48
1
60
0
100
AcDbSpline
70
4
71
3
72
8
73
4
40
0
40
0
40
0
40
0
40
1
40
1
40
1
40
1
41
1
10
9.27143689324427
20
0.693686522589388
30
0
41
1
10
9.17465770524578
20
0.787598397389019
30
0
41
1
10
9.07793287583294
20
0.881369068895737
30
0
41
1
10
8.98126415958527
20
0.974996842048199
30
0
0
SPLINE
5
18D
100
AcDbEntity
8
1
62
256
6
ByLayer
370
18
48
1
60
0
100
AcDbSpline
70
4
71
5
72
13
73
7
40
0
40
0
40
0
40
0
40
0
40
0
40
0.909771197005262
40
1
40
1
40
1
40
1
40
1
40
1
41
1
10
9.27143689326346
20
0.693686522585182
30
0
41
1
10
9.4168157314956
20
0.582876809470605
30
0
41
1
10
9.57661287467923
20
0.459262702819672
30
0
41
1
10
9.73641001786288
20
0.334185042678314
30
0
41
1
10
9.89620716104648
20
0.208244974266535
30
0
41
1
10
10.0560043042301
20
0.0820471671454754
30
0
41
1
10
10.0704226091816
20
0.0706588360602893
30
0
0
SPLINE
5
18E
100
AcDbEntity
8
1
62
256
6
ByLayer
370
18
48
1
60
0
100
AcDbSpline
70
4
71
5
72
35
73
29
40
0
40
0
40
0
40
0
40
0
40
0
40
0.0215522147950441
40
0.0736140217310947
40
0.108321893021795
40
0.143029764312495
40
0.195091571248546
40
0.247153378184596
40
0.281861249475297
40
0.333923056411347
40
0.385984863347398
40
0.420692734638081
40
0.455400605928798
40
0.507462412864849
40
0.559524219800899
40
0.5942320910916
40
0.64629389802765
40
0.681001769318351
40
0.733063576254401
40
0.767771447545101
40
0.819833254481152
40
0.871895061417202
40
0.906602932707903
40
0.958664739643953
40
0.993372610934653
40
1
40
1
40
1
40
1
40
1
40
1
41
1
10
24.5142335485636
20
2.4205238166067
30
0
41
1
10
24.5368021751584
20
2.42753603866484
30
0
41
1
10
24.6138878660902
20
2.45101290819903
30
0
41
1
10
24.7273182665801
20
2.48316408185462
30
0
41
1
10
24.877093376628
20
2.52089082458369
30
0
41
1
10
25.0813855510129
20
2.56367131492112
30
0
41
1
10
25.3176261631403
20
2.60075646282346
30
0
41
1
10
25.5356944204885
20
2.62340260071784
30
0
41
1
10
25.7719350326158
20
2.63525623166945
30
0
41
1
10
26.0263479995221
20
2.63293899714904
30
0
41
1
10
26.2625886116494
20
2.61679365743208
30
0
41
1
10
26.4806568689976
20
2.59021542816876
30
0
41
1
10
26.716897481125
20
2.54892354972145
30
0
41
1
10
26.9531380932523
20
2.49531730813271
30
0
41
1
10
27.1712063506005
20
2.43467719919727
30
0
41
1
10
27.4074469627278
20
2.35721622871139
30
0
41
1
10
27.6436875748551
20
2.26723962371935
30
0
41
1
10
27.8799281869824
20
2.16633096501823
30
0
41
1
10
28.0979964443307
20
2.06349744937981
30
0
41
1
10
28.334237056458
20
1.94215211320162
30
0
41
1
10
28.5704776685852
20
1.81139080602196
30
0
41
1
10
28.8067182807125
20
1.6709845869392
30
0
41
1
10
29.0429588928398
20
1.52250200193299
30
0
41
1
10
29.2791995049671
20
1.3659491569164
30
0
41
1
10
29.4678629923662
20
1.23568528611983
30
0
41
1
10
29.6020094154281
20
1.14060949104172
30
0
41
1
10
29.699811128932
20
1.07011419452749
30
0
41
1
10
29.7430957780989
20
1.03869486100894
30
0
41
1
10
29.7500357177077
20
1.03365171243124
30
0
0
SPLINE
5
18F
100
AcDbEntity
8
1
62
256
6
ByLayer
370
18
48
1
60
0
100
AcDbSpline
70
4
71
3
72
12
73
8
40
0
40
0
40
0
40
0
40
0.249999999999997
40
0.249999999999997
40
0.499999999999994
40
0.499999999999994
40
1
40
1
40
1
40
1
41
1
10
29.7224887044018
20
1.15140272224178
30
0
41
1
10
29.7282891762307
20
1.14146762994389
30
0
41
1
10
29.7334119666635
20
1.13153644805189
30
0
41
1
10
29.7420473084387
20
1.11168337578459
30
0
41
1
10
29.745562747692
20
1.1017442564841
30
0
41
1
10
29.753149043079
20
1.072166576022
30
0
41
1
10
29.7543490402337
20
1.05271699978525
30
0
41
1
10
29.7500357177077
20
1.03365171243129
30
0
0
SPLINE
5
190
100
AcDbEntity
8
1
62
256
6
ByLayer
370
18
48
1
60
0
100
AcDbSpline
70
4
71
3
72
12
73
8
40
0
40
0
40
0
40
0
40
0.0714238052863203
40
0.0714238052863203
40
0.380949203524196
40
0.380949203524196
40
1
40
1
40
1
40
1
41
1
10
15.8111804848561
20
2.53767076308472
30
0
41
1
10
15.8149669742775
20
2.54105183671317
30
0
41
1
10
15.8187273719059
20
2.54448012982667
30
0
41
1
10
15.8386428322417
20
2.56301597214434
30
0
41
1
10
15.8543576350424
20
2.57900144057928
30
0
41
1
10
15.8995624473717
20
2.62934589536357
30
0
41
1
10
15.9272098173711
20
2.66614827021394
30
0
41
1
10
15.9513178113178
20
2.7058592552759
30
0
0
SPLINE
5
191
100
AcDbEntity
8
1
62
256
6
ByLayer
370
18
48
1
60
0
100
AcDbSpline
70
4
71
5
72
39
73
33
40
0
40
0
40
0
40
0
40
0
40
0
40
0.0203412699245318
40
0.0495795809769366
40
0.0934370475555436
40
0.122675358607948
40
0.166532825186555
40
0.210390291765162
40
0.239628602817567
40
0.283486069396174
40
0.312724380448578
40
0.356581847027185
40
0.38582015807959
40
0.429677624658197
40
0.473535091236804
40
0.502773402289209
40
0.532011713341613
40
0.57586917992022
40
0.619726646498827
40
0.648964957551232
40
0.692822424129839
40
0.736679890708446
40
0.765918201760838
40
0.795156512813255
40
0.839013979391862
40
0.882871445970469
40
0.912109757022874
40
0.95596722360148
40
0.985205534653885
40
1
40
1
40
1
40
1
40
1
40
1
41
1
10
16.1413673113532
20
2.42082039378497
30
0
41
1
10
16.16665254572
20
2.4286714192659
30
0
41
1
10
16.2282824896448
20
2.44738264028521
30
0
41
1
10
16.3444294979067
20
2.48068380963727
30
0
41
1
10
16.4969212157266
20
2.51949078831726
30
0
41
1
10
16.7039299978837
20
2.56323128056835
30
0
41
1
10
16.9401706100109
20
2.60077326842261
30
0
41
1
10
17.1764112221382
20
2.62449801448659
30
0
41
1
10
17.4126518342655
20
2.63553778034807
30
0
41
1
10
17.6488924463928
20
2.63257081300938
30
0
41
1
10
17.8851330585201
20
2.61688515056716
30
0
41
1
10
18.1032013158684
20
2.59072855337456
30
0
41
1
10
18.3394419279956
20
2.5498819833694
30
0
41
1
10
18.575682540123
20
2.4967023470586
30
0
41
1
10
18.8119231522502
20
2.43024617053635
30
0
41
1
10
19.0299914095985
20
2.35805945130923
30
0
41
1
10
19.2662320217258
20
2.26850440047113
30
0
41
1
10
19.5024726338531
20
2.16798974789364
30
0
41
1
10
19.7205408912013
20
2.06548845766324
30
0
41
1
10
19.9567815033286
20
1.94446227325116
30
0
41
1
10
20.211194470235
20
1.80301651285285
30
0
41
1
10
20.4474350823622
20
1.66207353643321
30
0
41
1
10
20.6655033397105
20
1.52455697747445
30
0
41
1
10
20.9017439518378
20
1.36828959918256
30
0
41
1
10
21.1379845639651
20
1.20541173821465
30
0
41
1
10
21.3560528213133
20
1.04961039556272
30
0
41
1
10
21.5922934334406
20
0.875752528580762
30
0
41
1
10
21.8285340455679
20
0.697264691810176
30
0
41
1
10
22.0286478671708
20
0.543255577292626
30
0
41
1
10
22.1742446244365
20
0.429950952904932
30
0
41
1
10
22.2834966721441
20
0.344415831022815
30
0
41
1
10
22.3382316555148
20
0.301458020646578
30
0
41
1
10
22.3566219293274
20
0.287013800483862
30
0
0
SPLINE
5
192
100
AcDbEntity
8
1
62
256
6
ByLayer
370
18
48
1
60
0
100
AcDbSpline
70
4
71
3
72
12
73
8
40
0
40
0
40
0
40
0
40
0.478726689263884
40
0.478726689263884
40
0.957453378527768
40
0.957453378527768
40
1
40
1
40
1
40
1
41
1
10
27.9513343986618
20
-2.99980369630291
30
0
41
1
10
28.0130660568396
20
-2.9990462793869
30
0
41
1
10
28.0748460573108
20
-2.99674177888903
30
0
41
1
10
28.1985873435479
20
-2.98903151168315
30
0
41
1
10
28.2606161590652
20
-2.98361675789812
30
0
41
1
10
28.3279664147611
20
-2.97606371352094
30
0
41
1
10
28.3334626532102
20
-2.97543517564245
30
0
41
1
10
28.3389579942974
20
-2.97479459856427
30
0
0
SPLINE
5
193
100
AcDbEntity
8
1
62
256
6
ByLayer
370
18
48
1
60
0
100
AcDbSpline
70
4
71
3
72
12
73
8
40
0
40
0
40
0
40
0
40
0.250000000000022
40
0.250000000000022
40
0.500000000000044
40
0.500000000000044
40
1
40
1
40
1
40
1
41
1
10
27.7725892958497
20
-2.86572467925831
30
0
41
1
10
27.7897228919806
20
-2.8729101513288
30
0
41
1
10
27.8063900620618
20
-2.88116281999422
30
0
41
1
10
27.8387307653977
20
-2.89969419377164
30
0
41
1
10
27.8544345219762
20
-2.91000473468623
30
0
41
1
10
27.8996086987351
20
-2.94374943333656
30
0
41
1
10
27.9272381557333
20
-2.97001143983567
30
0
41
1
10
27.9513343986609
20
-2.99980369630268
30
0
0
SPLINE
5
194
100
AcDbEntity
8
1
62
256
6
ByLayer
370
18
48
1
60
0
100
AcDbSpline
70
4
71
3
72
26
73
22
40
0
40
0
40
0
40
0
40
0.125000000000018
40
0.125000000000018
40
0.250000000000036
40
0.250000000000036
40
0.312500000000045
40
0.312500000000045
40
0.375000000000054
40
0.375000000000054
40
0.500000000000072
40
0.500000000000072
40
0.562500000000081
40
0.562500000000081
40
0.593750000000085
40
0.593750000000085
40
0.625000000000089
40
0.625000000000089
40
0.75000000000006
40
0.75000000000006
40
1
40
1
40
1
40
1
41
1
10
27.7725892958497
20
-2.86572467925831
30
0
41
1
10
27.7534389257792
20
-2.85769341431634
30
0
41
1
10
27.7339651310376
20
-2.85110802020472
30
0
41
1
10
27.6944964802413
20
-2.8408992591666
30
0
41
1
10
27.6745002220219
20
-2.83728480621733
30
0
41
1
10
27.6441693292729
20
-2.83431110521281
30
0
41
1
10
27.6340021520492
20
-2.83373270427319
30
0
41
1
10
27.6135573483924
20
-2.8334689443212
30
0
41
1
10
27.6032506974509
20
-2.83378388291231
30
0
41
1
10
27.5723570345895
20
-2.83620293071297
30
0
41
1
10
27.5521171141846
20
-2.83971628730407
30
0
41
1
10
27.5223839850895
20
-2.84821086675285
30
0
41
1
10
27.5125810363697
20
-2.85160223394647
30
0
41
1
10
27.4980491382717
20
-2.85759535507285
30
0
41
1
10
27.4932341773982
20
-2.85974570568382
30
0
41
1
10
27.4836575738839
20
-2.86432975789867
30
0
41
1
10
27.4788881012754
20
-2.86672032096939
30
0
41
1
10
27.4549915788677
20
-2.87836974176378
30
0
41
1
10
27.435878945125
20
-2.88760745181244
30
0
41
1
10
27.3785411213638
20
-2.91510613918439
30
0
41
1
10
27.340306259102
20
-2.93312598100715
30
0
41
1
10
27.3020628404264
20
-2.95083422729323
30
0
0
SPLINE
5
195
100
AcDbEntity
8
1
62
256
6
ByLayer
370
18
48
1
60
0
100
AcDbSpline
70
4
71
3
72
53
73
49
40
0
40
0
40
0
40
0
40
0.0312499999999953
40
0.0312499999999953
40
0.0624999999999907
40
0.0624999999999907
40
0.0937499999999859
40
0.0937499999999859
40
0.124999999999981
40
0.124999999999981
40
0.187499999999976
40
0.187499999999976
40
0.218749999999975
40
0.218749999999975
40
0.249999999999973
40
0.249999999999973
40
0.312499999999973
40
0.312499999999973
40
0.343749999999972
40
0.343749999999972
40
0.374999999999972
40
0.406249999999971
40
0.406249999999971
40
0.437499999999971
40
0.437499999999971
40
0.499999999999973
40
0.499999999999973
40
0.531249999999974
40
0.531249999999974
40
0.562499999999976
40
0.562499999999976
40
0.624999999999978
40
0.624999999999978
40
0.65624999999998
40
0.65624999999998
40
0.687499999999981
40
0.687499999999981
40
0.749999999999985
40
0.749999999999985
40
0.812499999999989
40
0.812499999999989
40
0.874999999999993
40
0.874999999999993
40
0.937499999999996
40
0.937499999999996
40
0.968749999999998
40
0.968749999999998
40
1
40
1
40
1
40
1
41
1
10
27.3020628404264
20
-2.95083422729323
30
0
41
1
10
27.2463280205877
20
-2.94177375254665
30
0
41
1
10
27.1905228214117
20
-2.93146069170626
30
0
41
1
10
27.0790171147783
20
-2.90840137595296
30
0
41
1
10
27.0232754303065
20
-2.89564906631239
30
0
41
1
10
26.9117513539083
20
-2.86771996578366
30
0
41
1
10
26.8559553387639
20
-2.85253881371312
30
0
41
1
10
26.7444564716435
20
-2.81982141464459
30
0
41
1
10
26.6887311034884
20
-2.80227996052437
30
0
41
1
10
26.5215337941459
20
-2.74614022055442
30
0
41
1
10
26.409943718801
20
-2.7039825704266
30
0
41
1
10
26.2427348131421
20
-2.63410580232434
30
0
41
1
10
26.1870115973171
20
-2.6097027799033
30
0
41
1
10
26.0755284504626
20
-2.55870758213922
30
0
41
1
10
26.0197405701572
20
-2.5321010015856
30
0
41
1
10
25.8524524399198
20
-2.44915261104495
30
0
41
1
10
25.7410742483646
20
-2.38971679647332
30
0
41
1
10
25.5738489287473
20
-2.29462863288938
30
0
41
1
10
25.5180504208465
20
-2.26192402175184
30
0
41
1
10
25.4065446631363
20
-2.19469834479895
30
0
41
1
10
25.295111414995
20
-2.12564715654778
30
0
41
1
10
25.1836975623165
20
-2.05305110845305
30
0
41
1
10
25.072231094114
20
-1.97872986540642
30
0
41
1
10
25.016439793973
20
-1.94068418104038
30
0
41
1
10
24.8491559480049
20
-1.82420789614977
30
0
41
1
10
24.7377916877485
20
-1.74346602647339
30
0
41
1
10
24.5706046130217
20
-1.61805631398752
30
0
41
1
10
24.5148195605081
20
-1.57551116790378
30
0
41
1
10
24.4033013817913
20
-1.48917046573422
30
0
41
1
10
24.3475967541108
20
-1.44539875970045
30
0
41
1
10
24.1805500308006
20
-1.31238632739647
30
0
41
1
10
24.0692748425764
20
-1.22145171822325
30
0
41
1
10
23.902125555304
20
-1.08202395820138
30
0
41
1
10
23.8463410552311
20
-1.03501855267194
30
0
41
1
10
23.7347913199609
20
-0.940188568143071
30
0
41
1
10
23.6790333287634
20
-0.892370208486113
30
0
41
1
10
23.511715830666
20
-0.747800365187913
30
0
41
1
10
23.400177597369
20
-0.650008131141249
30
0
41
1
10
23.1770648328052
20
-0.452519930895591
30
0
41
1
10
23.0656971372926
20
-0.353014626529728
30
0
41
1
10
22.8428296175611
20
-0.153053449535548
30
0
41
1
10
22.7312222895597
20
-0.0524981096481554
30
0
41
1
10
22.5083287332745
20
0.148164099175347
30
0
41
1
10
22.3969591342713
20
0.248347718278978
30
0
41
1
10
22.2296440039861
20
0.3979827154823
30
0
41
1
10
22.1738848670311
20
0.447703770520803
30
0
41
1
10
22.0625301516377
20
0.546584131279644
30
0
41
1
10
22.0069040283487
20
0.595770796416588
30
0
41
1
10
21.9512977775654
20
0.644670541231051
30
0
0
SPLINE
5
196
100
AcDbEntity
8
1
62
256
6
ByLayer
370
18
48
1
60
0
100
AcDbSpline
70
4
71
3
72
12
73
8
40
0
40
0
40
0
40
0
40
0.249999999999989
40
0.249999999999989
40
0.499999999999977
40
0.499999999999977
40
1
40
1
40
1
40
1
41
1
10
21.7726254391851
20
0.790004510821063
30
0
41
1
10
21.7897525169616
20
0.776647047522005
30
0
41
1
10
21.806413125719
20
0.763654738382229
30
0
41
1
10
21.8387407527476
20
0.738250708585042
30
0
41
1
10
21.8544379514483
20
0.725815320318901
30
0
41
1
10
21.899593312388
20
0.689449628160105
30
0
41
1
10
21.9272109774108
20
0.666372349010857
30
0
41
1
10
21.9512977775654
20
0.644670541231022
30
0
0
SPLINE
5
197
100
AcDbEntity
8
1
62
256
6
ByLayer
370
18
48
1
60
0
100
AcDbSpline
70
4
71
3
72
26
73
22
40
0
40
0
40
0
40
0
40
0.124999999999984
40
0.124999999999984
40
0.249999999999968
40
0.249999999999968
40
0.31249999999996
40
0.31249999999996
40
0.374999999999951
40
0.374999999999951
40
0.499999999999934
40
0.499999999999934
40
0.562499999999926
40
0.562499999999926
40
0.593749999999921
40
0.593749999999921
40
0.624999999999916
40
0.624999999999916
40
0.749999999999944
40
0.749999999999944
40
1
40
1
40
1
40
1
41
1
10
21.7726254391851
20
0.790004510821063
30
0
41
1
10
21.753474195328
20
0.804940627782003
30
0
41
1
10
21.7339990326924
20
0.820133116222394
30
0
41
1
10
21.6945267184805
20
0.85120305418593
30
0
41
1
10
21.6745281649427
20
0.867082748144924
30
0
41
1
10
21.6441931423378
20
0.891574683724855
30
0
41
1
10
21.6340244736142
20
0.899851907818231
30
0
41
1
10
21.6135764475602
20
0.916665567360951
30
0
41
1
10
21.6032678123555
20
0.925226248876356
30
0
41
1
10
21.5723697665814
20
0.951191713587207
30
0
41
1
10
21.5521268259398
20
0.968608420037015
30
0
41
1
10
21.522389103407
20
0.994940680644447
30
0
41
1
10
21.5125846134175
20
1.00375324092408
30
0
41
1
10
21.4980503898809
20
1.01702615985562
30
0
41
1
10
21.4932346591473
20
1.02145950958237
30
0
41
1
10
21.4836564759071
20
1.03034237764191
30
0
41
1
10
21.4788861510934
20
1.03478975401092
30
0
41
1
10
21.4549854268373
20
1.05701849817052
30
0
41
1
10
21.4358695121392
20
1.0748162943072
30
0
41
1
10
21.3785217655054
20
1.12827207483559
30
0
41
1
10
21.3402803565264
20
1.16399558693544
30
0
41
1
10
21.3020304513803
20
1.19980634765096
30
0
0
SPLINE
5
198
100
AcDbEntity
8
1
62
256
6
ByLayer
370
18
48
1
60
0
100
AcDbSpline
70
4
71
3
72
12
73
8
40
0
40
0
40
0
40
0
40
0.25
40
0.25
40
0.5
40
0.5
40
1
40
1
40
1
40
1
41
1
10
22.9724610877956
20
-2.82234960977237
30
0
41
1
10
22.9896107663832
20
-2.83149637495924
30
0
41
1
10
23.0062935638428
20
-2.84168666102298
30
0
41
1
10
23.0386643449708
20
-2.86406371051763
30
0
41
1
10
23.0543826403873
20
-2.87628627612869
30
0
41
1
10
23.0995966682061
20
-2.91570745180673
30
0
41
1
10
23.1272485530498
20
-2.94568695933188
30
0
41
1
10
23.151359540908
20
-2.97909699973479
30
0
0
SPLINE
5
199
100
AcDbEntity
8
1
62
256
6
ByLayer
370
18
48
1
60
0
100
AcDbSpline
70
4
71
3
72
26
73
22
40
0
40
0
40
0
40
0
40
0.125000000000002
40
0.125000000000002
40
0.250000000000005
40
0.250000000000005
40
0.312500000000006
40
0.312500000000006
40
0.375000000000007
40
0.375000000000007
40
0.500000000000033
40
0.500000000000033
40
0.562500000000034
40
0.562500000000034
40
0.593750000000035
40
0.593750000000035
40
0.625000000000036
40
0.625000000000036
40
0.750000000000016
40
0.750000000000016
40
1
40
1
40
1
40
1
41
1
10
22.9724610877956
20
-2.82234960977237
30
0
41
1
10
22.9533111255796
20
-2.81213599516542
30
0
41
1
10
22.9338383096841
20
-2.80336557605321
30
0
41
1
10
22.8943727326644
20
-2.78875943003627
30
0
41
1
10
22.8743785684698
20
-2.7829325342725
30
0
41
1
10
22.8440516620199
20
-2.77660302702549
30
0
41
1
10
22.8338859537435
20
-2.77489979513251
30
0
41
1
10
22.81344438474
20
-2.77237087725112
30
0
41
1
10
22.8031395410232
20
-2.77154227525875
30
0
41
1
10
22.7722514513537
20
-2.77052429451936
30
0
41
1
10
22.7520154275267
20
-2.77177296030675
30
0
41
1
10
22.7222883683067
20
-2.77691227146374
30
0
41
1
10
22.7124874815594
20
-2.77919257569675
30
0
41
1
10
22.6979586984602
20
-2.78353120693603
30
0
41
1
10
22.6931447906636
20
-2.78513217134545
30
0
41
1
10
22.6835702461599
20
-2.78862103470496
30
0
41
1
10
22.6788017272121
20
-2.79046487078892
30
0
41
1
10
22.654910021098
20
-2.7993756112694
30
0
41
1
10
22.6358012647623
20
-2.80641889798659
30
0
41
1
10
22.5784749857745
20
-2.8273209382219
30
0
41
1
10
22.5402477887537
20
-2.84092470371561
30
0
41
1
10
22.5020120112655
20
-2.85419846983626
30
0
0
SPLINE
5
19A
100
AcDbEntity
8
1
62
256
6
ByLayer
370
18
48
1
60
0
100
AcDbSpline
70
4
71
3
72
32
73
28
40
0
40
0
40
0
40
0
40
0.0625000000000016
40
0.0625000000000016
40
0.125000000000003
40
0.125000000000003
40
0.250000000000002
40
0.250000000000002
40
0.312500000000002
40
0.312500000000002
40
0.375000000000001
40
0.375000000000001
40
0.500000000000001
40
0.500000000000001
40
0.5625
40
0.5625
40
0.625
40
0.625
40
0.687499999999999
40
0.687499999999999
40
0.749999999999998
40
0.749999999999998
40
0.812499999999998
40
0.812499999999998
40
0.874999999999997
40
0.874999999999997
40
1
40
1
40
1
40
1
41
1
10
22.5020120112655
20
-2.85419846983626
30
0
41
1
10
22.4368991593696
20
-2.83615137393116
30
0
41
1
10
22.3717826408233
20
-2.81646657046395
30
0
41
1
10
22.2414415335336
20
-2.7738508923978
30
0
41
1
10
22.176252257781
20
-2.75092784221516
30
0
41
1
10
21.9810494420397
20
-2.67759915704505
30
0
41
1
10
21.8511871993799
20
-2.62256731686298
30
0
41
1
10
21.6562011050232
20
-2.53115260820695
30
0
41
1
10
21.5911736872772
20
-2.49920226810863
30
0
41
1
10
21.4609538504541
20
-2.43239547181091
30
0
41
1
10
21.3957300645837
20
-2.39752051083886
30
0
41
1
10
21.2002168508417
20
-2.28892314032476
30
0
41
1
10
21.0698368590377
20
-2.21110211507454
30
0
41
1
10
20.87432421342
20
-2.08706937389897
30
0
41
1
10
20.8091172261026
20
-2.04447535406965
30
0
41
1
10
20.6787782295387
20
-1.9570085107969
30
0
41
1
10
20.6136363337709
20
-1.9121439896422
30
0
41
1
10
20.4833020043453
20
-1.82028419271936
30
0
41
1
10
20.4180909923864
20
-1.77324766520905
30
0
41
1
10
20.2877640406272
20
-1.67723689216254
30
0
41
1
10
20.222622165246
20
-1.62825321572962
30
0
41
1
10
20.092278362577
20
-1.52843754690844
30
0
41
1
10
20.0270730247047
20
-1.47760077403848
30
0
41
1
10
19.896870672253
20
-1.37446005603127
30
0
41
1
10
19.8318280674522
20
-1.32212009770004
30
0
41
1
10
19.6367267256014
20
-1.16294388164613
30
0
41
1
10
19.5066944828302
20
-1.05395494186462
30
0
41
1
10
19.376296368978
20
-0.942487862273794
30
0
0
SPLINE
5
19B
100
AcDbEntity
8
1
62
256
6
ByLayer
370
18
48
1
60
0
100
AcDbSpline
70
4
71
3
72
8
73
4
40
0
40
0
40
0
40
0
40
1
40
1
40
1
40
1
41
1
10
19.3762918042131
20
-0.94249303142368
30
0
41
1
10
19.3762552153449
20
-0.942461756354646
30
0
41
1
10
19.3762186264586
20
-0.942430481099507
30
0
41
1
10
19.3761820375543
20
-0.94239920565829
30
0
0
SPLINE
5
19C
100
AcDbEntity
8
1
62
256
6
ByLayer
370
18
48
1
60
0
100
AcDbSpline
70
4
71
3
72
20
73
16
40
0
40
0
40
0
40
0
40
0.125
40
0.125
40
0.25
40
0.25
40
0.375
40
0.375
40
0.5
40
0.5
40
0.625
40
0.625
40
0.75
40
0.75
40
1
40
1
40
1
40
1
41
1
10
17.151052086766
20
1.023919620573
30
0
41
1
10
17.2438461029474
20
0.945381236319491
30
0
41
1
10
17.3366678929
20
0.865626493931501
30
0
41
1
10
17.5223409882064
20
0.704266802337855
30
0
41
1
10
17.6151168574866
20
0.622727995002776
30
0
41
1
10
17.8008337942533
20
0.458244587595715
30
0
41
1
10
17.8936028064518
20
0.375452105881408
30
0
41
1
10
18.0792389086739
20
0.209096302196087
30
0
41
1
10
18.1720864071051
20
0.125551081526993
30
0
41
1
10
18.3576867628662
20
-0.0415514636140131
30
0
41
1
10
18.4506007965016
20
-0.125252501254977
30
0
41
1
10
18.6359328665999
20
-0.291722556759936
30
0
41
1
10
18.7284155584716
20
-0.374549905453705
30
0
41
1
10
19.0057448205235
20
-0.621345800690278
30
0
41
1
10
19.1904683585327
20
-0.783636397436993
30
0
41
1
10
19.3761866050637
20
-0.942394033235701
30
0
0
SPLINE
5
19D
100
AcDbEntity
8
1
62
256
6
ByLayer
370
18
48
1
60
0
100
AcDbSpline
70
4
71
3
72
12
73
8
40
0
40
0
40
0
40
0
40
0.249999999999999
40
0.249999999999999
40
0.499999999999999
40
0.499999999999999
40
1
40
1
40
1
40
1
41
1
10
16.9721752478135
20
1.14560532765265
30
0
41
1
10
16.9893210941071
20
1.13372674575217
30
0
41
1
10
17.0060004489061
20
1.12234362663298
30
0
41
1
10
17.0383651494253
20
1.10040977623726
30
0
41
1
10
17.0540808604324
20
1.08984041321153
30
0
41
1
10
17.0992889303633
20
1.05941819475342
30
0
41
1
10
17.1269392141035
20
1.04076813981896
30
0
41
1
10
17.151052086766
20
1.023919620573
30
0
0
SPLINE
5
19E
100
AcDbEntity
8
1
62
256
6
ByLayer
370
18
48
1
60
0
100
AcDbSpline
70
4
71
3
72
26
73
22
40
0
40
0
40
0
40
0
40
0.125000000000017
40
0.125000000000017
40
0.250000000000034
40
0.250000000000034
40
0.312500000000043
40
0.312500000000043
40
0.375000000000052
40
0.375000000000052
40
0.50000000000007
40
0.50000000000007
40
0.562500000000067
40
0.562500000000067
40
0.593750000000078
40
0.593750000000078
40
0.625000000000088
40
0.625000000000088
40
0.750000000000059
40
0.750000000000059
40
1
40
1
40
1
40
1
41
1
10
16.9721752478135
20
1.14560532765265
30
0
41
1
10
16.9530428262672
20
1.15886020188867
30
0
41
1
10
16.9335883319507
20
1.17255524374215
30
0
41
1
10
16.8941605831874
20
1.20099959232468
30
0
41
1
10
16.8741859228515
20
1.21575227869141
30
0
41
1
10
16.8438890249338
20
1.23885393909922
30
0
41
1
10
16.8337334474037
20
1.24671838311906
30
0
41
1
10
16.8133123969836
20
1.26281529758452
30
0
41
1
10
16.8030189672665
20
1.27107002216286
30
0
41
1
10
16.7721577290608
20
1.29631090884615
30
0
41
1
10
16.7519389341072
20
1.31349519786346
30
0
41
1
10
16.7222362352273
20
1.33990248154254
30
0
41
1
10
16.7124432050699
20
1.34881362981284
30
0
41
1
10
16.6979258877823
20
1.36235369334347
30
0
41
1
10
16.6931156656593
20
1.36689611245171
30
0
41
1
10
16.6835487896643
20
1.37603479796721
30
0
41
1
10
16.6787847285514
20
1.38062364638634
30
0
41
1
10
16.6549149350158
20
1.40351897263832
30
0
41
1
10
16.63582318236
20
1.42183797865641
30
0
41
1
10
16.5785489480043
20
1.47682641304755
30
0
41
1
10
16.5403565053701
20
1.51352601993304
30
0
41
1
10
16.5021555615032
20
1.55026731967914
30
0
0
SPLINE
5
19F
100
AcDbEntity
8
1
62
256
6
ByLayer
370
18
48
1
60
0
100
AcDbSpline
70
4
71
3
72
8
73
4
40
0
40
0
40
0
40
0
40
1
40
1
40
1
40
1
41
1
10
12.8785339918219
20
2.99466296792494
30
0
41
1
10
12.8785025214411
20
2.99466127342697
30
0
41
1
10
12.8784710510668
20
2.99465957852857
30
0
41
1
10
12.8784395806989
20
2.99465788322973
30
0
0
SPLINE
5
1A0
100
AcDbEntity
8
1
62
256
6
ByLayer
370
18
48
1
60
0
100
AcDbSpline
70
4
71
3
72
16
73
12
40
0
40
0
40
0
40
0
40
0.336275776942387
40
0.336275776942387
40
0.672551553884774
40
0.672551553884774
40
0.840689442355967
40
0.840689442355967
40
0.92475838659156
40
0.92475838659156
40
1
40
1
40
1
40
1
41
1
10
12.8784435212435
20
2.99465664533429
30
0
41
1
10
12.7212180180621
20
2.986186626717
30
0
41
1
10
12.5649769915691
20
2.96778154843241
30
0
41
1
10
12.2530531041117
20
2.91177853354074
30
0
41
1
10
12.0973742121083
20
2.8741731867209
30
0
41
1
10
11.8632501485082
20
2.80364326329658
30
0
41
1
10
11.785107763675
20
2.77777920627452
30
0
41
1
10
11.6676115062804
20
2.73546373874012
30
0
41
1
10
11.6283989342977
20
2.72077180939294
30
0
41
1
10
11.5539804949004
20
2.69181976222853
30
0
41
1
10
11.518791302605
20
2.67767750486883
30
0
41
1
10
11.4836230919044
20
2.66309849012555
30
0
0
SPLINE
5
1A1
100
AcDbEntity
8
1
62
256
6
ByLayer
370
18
48
1
60
0
100
AcDbSpline
70
4
71
5
72
38
73
32
40
0
40
0
40
0
40
0
40
0
40
0
40
0.0292355123324653
40
0.0592146596802968
40
0.104183380702044
40
0.134162528049876
40
0.179131249071623
40
0.22409997009337
40
0.254079117441202
40
0.284058264789034
40
0.329026985810781
40
0.373995706832528
40
0.40397485418036
40
0.448943575202107
40
0.493912296223855
40
0.523891443571678
40
0.553870590919518
40
0.598839311941265
40
0.643808032963012
40
0.673787180310844
40
0.718755901332591
40
0.748735048680423
40
0.79370376970217
40
0.823682917050002
40
0.868651638071749
40
0.913620359093497
40
0.943599506441328
40
0.988568227463076
40
1
40
1
40
1
40
1
40
1
40
1
41
1
10
11.9109360025568
20
2.45959566608346
30
0
41
1
10
11.9463791788478
20
2.46958048284154
30
0
41
1
10
12.0181670646969
20
2.48909941374663
30
0
41
1
10
12.144472014883
20
2.52091321752445
30
0
41
1
10
12.3071216746272
20
2.55608095652741
30
0
41
1
10
12.5242883987085
20
2.59287729067344
30
0
41
1
10
12.7605290108358
20
2.62038462632197
30
0
41
1
10
12.9967696229631
20
2.63396911902498
30
0
41
1
10
13.2148378803113
20
2.63475718351214
30
0
41
1
10
13.4510784924386
20
2.62288224443608
30
0
41
1
10
13.6873191045659
20
2.59833563286728
30
0
41
1
10
13.9053873619142
20
2.56407348981992
30
0
41
1
10
14.1416279740415
20
2.51456323837181
30
0
41
1
10
14.3960409409478
20
2.44686155536661
30
0
41
1
10
14.6322815530751
20
2.37098273152375
30
0
41
1
10
14.8503498104233
20
2.29036258824107
30
0
41
1
10
15.0865904225506
20
2.19200289554695
30
0
41
1
10
15.3228310346779
20
2.08305319529941
30
0
41
1
10
15.5408992920262
20
1.97314078904893
30
0
41
1
10
15.7771399041535
20
1.84453223930723
30
0
41
1
10
16.0133805162808
20
1.70613944639234
30
0
41
1
10
16.2496211284081
20
1.55953756555368
30
0
41
1
10
16.4676893857563
20
1.41722216514552
30
0
41
1
10
16.7039299978837
20
1.25623788563908
30
0
41
1
10
16.9401706100109
20
1.08914268516756
30
0
41
1
10
17.1764112221382
20
0.916236149058591
30
0
41
1
10
17.4126518342655
20
0.73890117091554
30
0
41
1
10
17.6264068518979
20
0.574914249837974
30
0
41
1
10
17.7856448051932
20
0.451186356058088
30
0
41
1
10
17.8903656941515
20
0.369309149359907
30
0
41
1
10
17.9587418735517
20
0.315678458844701
30
0
41
1
10
17.9726009886149
20
0.304801503347846
30
0
0
SPLINE
5
1A2
100
AcDbEntity
8
1
62
256
6
ByLayer
370
18
48
1
60
0
100
AcDbSpline
70
4
71
3
72
12
73
8
40
0
40
0
40
0
40
0
40
0.250000000000001
40
0.250000000000001
40
0.500000000000001
40
0.500000000000001
40
1
40
1
40
1
40
1
41
1
10
26.5725803903726
20
0.122162884720609
30
0
41
1
10
26.5897110801601
20
0.106712609982338
30
0
41
1
10
26.6063755502454
20
0.091380769715272
30
0
41
1
10
26.6387112878594
20
0.0608263118200796
30
0
41
1
10
26.6544127837463
20
0.0455716939108299
30
0
41
1
10
26.6995811856605
20
9.769907021E-05
30
0
41
1
10
26.7272079681916
20
-0.0299253276147624
30
0
41
1
10
26.7513031459717
20
-0.0593836830354917
30
0
0
SPLINE
5
1A3
100
AcDbEntity
8
1
62
256
6
ByLayer
370
18
48
1
60
0
100
AcDbSpline
70
4
71
3
72
12
73
8
40
0
40
0
40
0
40
0
40
0.249999999999999
40
0.249999999999999
40
0.499999999999999
40
0.499999999999999
40
1
40
1
40
1
40
1
41
1
10
20.5726534363028
20
2.7632985349673
30
0
41
1
10
20.5897652333334
20
2.77371839690142
30
0
41
1
10
20.6064112432519
20
2.78514857411059
30
0
41
1
10
20.6387111878314
20
2.80995251594842
30
0
41
1
10
20.6543952638002
20
2.82336426312654
30
0
41
1
10
20.6995152819173
20
2.86626830301751
30
0
41
1
10
20.7271139334382
20
2.89846369568244
30
0
41
1
10
20.7511885803076
20
2.93396154871672
30
0
0
SPLINE
5
1A4
100
AcDbEntity
8
1
62
256
6
ByLayer
370
18
48
1
60
0
100
AcDbSpline
70
4
71
3
72
26
73
22
40
0
40
0
40
0
40
0
40
0.124999999999997
40
0.124999999999997
40
0.249999999999994
40
0.249999999999994
40
0.312499999999993
40
0.312499999999993
40
0.374999999999992
40
0.374999999999992
40
0.499999999999989
40
0.499999999999989
40
0.562499999999975
40
0.562499999999975
40
0.593749999999968
40
0.593749999999968
40
0.624999999999961
40
0.624999999999961
40
0.749999999999981
40
0.749999999999981
40
1
40
1
40
1
40
1
41
1
10
20.5726534363028
20
2.7632985349673
30
0
41
1
10
20.5535019258628
20
2.75163663328291
30
0
41
1
10
20.5340262922303
20
2.74140169569085
30
0
41
1
10
20.494552659074
20
2.72381890779658
30
0
41
1
10
20.4745532575528
20
2.71647968006778
30
0
41
1
10
20.4442166942291
20
2.70783278369956
30
0
41
1
10
20.4340474676161
20
2.70534883009358
30
0
41
1
10
20.4135982354849
20
2.70123945314862
30
0
41
1
10
20.4032890113959
20
2.69960882352044
30
0
41
1
10
20.3723886155533
20
2.69616695699977
30
0
41
1
10
20.3521438933591
20
2.69580118717121
30
0
41
1
10
20.3224031180595
20
2.69851862472396
30
0
41
1
10
20.3125975440755
20
2.69999168655065
30
0
41
1
10
20.2980616078111
20
2.70312005941264
30
0
41
1
10
20.293245280939
20
2.70431763388569
30
0
41
1
10
20.2836659294372
20
2.70700035641602
30
0
41
1
10
20.2788950906975
20
2.70844172010194
30
0
41
1
10
20.2549917687141
20
2.71533853927193
30
0
41
1
10
20.2358737368349
20
2.72076852574568
30
0
41
1
10
20.1785197809434
20
2.73682399050574
30
0
41
1
10
20.1402742896086
20
2.74718678117716
30
0
41
1
10
20.1020203551668
20
2.75720956760031
30
0
0
SPLINE
5
1A5
100
AcDbEntity
8
1
62
256
6
ByLayer
370
18
48
1
60
0
100
AcDbSpline
70
4
71
3
72
8
73
4
40
0
40
0
40
0
40
0
40
1
40
1
40
1
40
1
41
1
10
20.1020203551668
20
2.75720956760031
30
0
41
1
10
20.0241046859253
20
2.72955685467846
30
0
41
1
10
19.9462970797429
20
2.69968819463051
30
0
41
1
10
19.8685378765812
20
2.6676602590347
30
0
0
SPLINE
5
1A6
100
AcDbEntity
8
1
62
256
6
ByLayer
370
18
48
1
60
0
100
AcDbSpline
70
4
71
3
72
12
73
8
40
0
40
0
40
0
40
0
40
0.40271739738641
40
0.40271739738641
40
0.701358698693205
40
0.701358698693205
40
1
40
1
40
1
40
1
41
1
10
11.3944678707867
20
-2.97735110768855
30
0
41
1
10
11.3414988363083
20
-2.98320705931007
30
0
41
1
10
11.288533953676
20
-2.98793308110601
30
0
41
1
10
11.1962522885963
20
-2.99418969322304
30
0
41
1
10
11.1569374963131
20
-2.99622987744749
30
0
41
1
10
11.0784160585903
20
-2.99905349184741
30
0
41
1
10
11.0391908147226
20
-2.99983856149476
30
0
41
1
10
10.9999898298267
20
-3.00000022777979
30
0
0
SPLINE
5
1A7
100
AcDbEntity
8
1
62
256
6
ByLayer
370
18
48
1
60
0
100
AcDbSpline
70
4
71
5
72
39
73
33
40
0
40
0
40
0
40
0
40
0
40
0
40
0.0094897298594801
40
0.0538150012358153
40
0.0833651821533598
40
0.112915363070929
40
0.157240634447264
40
0.2015659058236
40
0.231116086741157
40
0.275441358117492
40
0.304991539035049
40
0.349316810411385
40
0.378866991328942
40
0.423192262705277
40
0.467517534081612
40
0.497067714999169
40
0.541392986375504
40
0.570943167293061
40
0.615268438669397
40
0.644818619586954
40
0.689143890963289
40
0.733469162339625
40
0.763019343257181
40
0.792569524174738
40
0.836894795551073
40
0.881220066927409
40
0.910770247844966
40
0.955095519221301
40
0.999420790597636
40
1
40
1
40
1
40
1
40
1
40
1
41
1
10
20.3890764759481
20
2.48777355067989
30
0
41
1
10
20.400748197231
20
2.49079029174138
30
0
41
1
10
20.4669369828508
20
2.50768142315101
30
0
41
1
10
20.5694704780287
20
2.53194265355208
30
0
41
1
10
20.7083486827648
20
2.56076215972038
30
0
41
1
10
20.9017439518378
20
2.59316095407166
30
0
41
1
10
21.1379845639651
20
2.62020938736205
30
0
41
1
10
21.3560528213133
20
2.63349947964085
30
0
41
1
10
21.5922934334406
20
2.63516859315058
30
0
41
1
10
21.8285340455679
20
2.62283421655661
30
0
41
1
10
22.0647746576952
20
2.59783050455613
30
0
41
1
10
22.2828429150435
20
2.56315550607124
30
0
41
1
10
22.5190835271708
20
2.51321617110511
30
0
41
1
10
22.7553241392981
20
2.45111871740997
30
0
41
1
10
22.9915647514254
20
2.37598576819028
30
0
41
1
10
23.2278053635527
20
2.28936897245259
30
0
41
1
10
23.46404597568
20
2.19059833381195
30
0
41
1
10
23.7002865878072
20
2.08126811393839
30
0
41
1
10
23.9183548451555
20
1.97103839193235
30
0
41
1
10
24.1545954572828
20
1.8421292026552
30
0
41
1
10
24.3908360694101
20
1.70428555729353
30
0
41
1
10
24.6270766815374
20
1.55736526572835
30
0
41
1
10
24.8451449388857
20
1.41479834150948
30
0
41
1
10
25.0813855510129
20
1.25359268060203
30
0
41
1
10
25.3176261631403
20
1.08633066092509
30
0
41
1
10
25.5356944204885
20
0.92701167560341
30
0
41
1
10
25.7719350326158
20
0.749935585142396
30
0
41
1
10
26.0263479995221
20
0.554972629622512
30
0
41
1
10
26.2269562902003
20
0.39871586287228
30
0
41
1
10
26.3730475165414
20
0.284031881270181
30
0
41
1
10
26.4827940333244
20
0.197571245661379
30
0
41
1
10
26.5380234857704
20
0.154007285671725
30
0
41
1
10
26.5387358738794
20
0.153445358475579
30
0
0
SPLINE
5
1A8
100
AcDbEntity
8
1
62
256
6
ByLayer
370
18
48
1
60
0
100
AcDbSpline
70
4
71
3
72
14
73
10
40
0
40
0
40
0
40
0
40
0.500000000000001
40
0.500000000000001
40
0.750000000000001
40
0.750000000000001
40
0.875
40
0.875
40
1
40
1
40
1
40
1
41
1
10
26.7520645690853
20
0.165803163280287
30
0
41
1
10
26.7525025857639
20
0.29754244731518
30
0
41
1
10
26.7529217017262
20
0.42674662464637
30
0
41
1
10
26.7535519894764
20
0.616811078939662
30
0
41
1
10
26.7537599721268
20
0.679540249091019
30
0
41
1
10
26.7540605811311
20
0.772684616896555
30
0
41
1
10
26.7541591966148
20
0.803587255925493
30
0
41
1
10
26.7543545777912
20
0.864893695737436
30
0
41
1
10
26.7544514096313
20
0.895318280574173
30
0
41
1
10
26.7545495182067
20
0.925513949708545
30
0
0
SPLINE
5
1A9
100
AcDbEntity
8
1
62
256
6
ByLayer
370
18
48
1
60
0
100
AcDbSpline
70
4
71
3
72
36
73
32
40
0
40
0
40
0
40
0
40
0.12500000000002
40
0.12500000000002
40
0.187500000000029
40
0.187500000000029
40
0.250000000000039
40
0.250000000000039
40
0.265625000000037
40
0.265625000000037
40
0.281250000000035
40
0.31250000000003
40
0.31250000000003
40
0.375000000000022
40
0.375000000000022
40
0.406250000000017
40
0.406250000000017
40
0.437500000000013
40
0.437500000000013
40
0.500000000000004
40
0.562499999999996
40
0.562499999999996
40
0.624999999999987
40
0.624999999999987
40
0.749999999999999
40
0.749999999999999
40
0.875000000000012
40
0.875000000000012
40
0.937500000000006
40
0.937500000000006
40
1
40
1
40
1
40
1
41
1
10
26.106711907764
20
1.43400943677091
30
0
41
1
10
26.1355327796266
20
1.41044052919273
30
0
41
1
10
26.1645128979739
20
1.38725001592473
30
0
41
1
10
26.2082585966217
20
1.35308117242286
30
0
41
1
10
26.2228863659189
20
1.34179450407731
30
0
41
1
10
26.2522400705087
20
1.31943689288158
30
0
41
1
10
26.2669745388928
20
1.30836048605394
30
0
41
1
10
26.2854383853939
20
1.29466936626687
30
0
41
1
10
26.2891368082056
20
1.29193693857215
30
0
41
1
10
26.2965743202353
20
1.2864620725675
30
0
41
1
10
26.3077841072574
20
1.27823938708229
30
0
41
1
10
26.3191509737802
20
1.26997340511423
30
0
41
1
10
26.3420711624875
20
1.253363165846
30
0
41
1
10
26.3575949732616
20
1.24218777951157
30
0
41
1
10
26.3811490860268
20
1.22521962111978
30
0
41
1
10
26.3890462171426
20
1.21952881873929
30
0
41
1
10
26.404921581298
20
1.20806651546161
30
0
41
1
10
26.4128175301005
20
1.20235433063067
30
0
41
1
10
26.4361744544664
20
1.18540277624416
30
0
41
1
10
26.4666212576159
20
1.16315586533085
30
0
41
1
10
26.495820133562
20
1.14137024604665
30
0
41
1
10
26.5244324732374
20
1.1197415024283
30
0
41
1
10
26.5384816826227
20
1.10897824240686
30
0
41
1
10
26.5795677873435
20
1.07702798178889
30
0
41
1
10
26.6051072011937
20
1.05652010922699
30
0
41
1
10
26.6531352441269
20
1.01670015522137
30
0
41
1
10
26.6756042763727
20
0.997401173852126
30
0
41
1
10
26.7071128537405
20
0.969425022449713
30
0
41
1
10
26.7172648372395
20
0.960246437537791
30
0
41
1
10
26.7366075698659
20
0.942458470576867
30
0
41
1
10
26.745817333034
20
0.933832136003588
30
0
41
1
10
26.7545495182073
20
0.925513949708062
30
0
0
SPLINE
5
1AA
100
AcDbEntity
8
1
62
256
6
ByLayer
370
18
48
1
60
0
100
AcDbSpline
70
4
71
3
72
16
73
12
40
0
40
0
40
0
40
0
40
0.249999999999999
40
0.249999999999999
40
0.374999999999999
40
0.374999999999999
40
0.499999999999999
40
0.499999999999999
40
0.75
40
0.75
40
1
40
1
40
1
40
1
41
1
10
26.106711907764
20
1.43400943677094
30
0
41
1
10
26.1062950418462
20
1.36521482897766
30
0
41
1
10
26.1058710827452
20
1.29444370093708
30
0
41
1
10
26.1052915650918
20
1.18534169302478
30
0
41
1
10
26.10510458155
20
1.14848297762708
30
0
41
1
10
26.1047346180573
20
1.07377907214254
30
0
41
1
10
26.1045514499009
20
1.03589641082573
30
0
41
1
10
26.1039891035263
20
0.921291347352309
30
0
41
1
10
26.1035902318493
20
0.843482047069671
30
0
41
1
10
26.1028464963068
20
0.68507073232945
30
0
41
1
10
26.1024994188907
20
0.604468823390306
30
0
41
1
10
26.1021404998849
20
0.522453395296111
30
0
0
SPLINE
5
1AB
100
AcDbEntity
8
1
62
256
6
ByLayer
370
18
48
1
60
0
100
AcDbSpline
70
4
71
3
72
26
73
22
40
0
40
0
40
0
40
0
40
0.125000000000096
40
0.125000000000096
40
0.250000000000168
40
0.250000000000168
40
0.312500000000204
40
0.312500000000204
40
0.37500000000024
40
0.37500000000024
40
0.500000000000288
40
0.500000000000288
40
0.562500000000299
40
0.562500000000299
40
0.593750000000293
40
0.593750000000293
40
0.625000000000287
40
0.625000000000287
40
0.750000000000191
40
0.750000000000191
40
1
40
1
40
1
40
1
41
1
10
26.5725803903726
20
0.122162884720609
30
0
41
1
10
26.5534332918747
20
0.139431770907009
30
0
41
1
10
26.5339629443424
20
0.156616019150761
30
0
41
1
10
26.4945014731361
20
0.190974891832781
30
0
41
1
10
26.4745089472797
20
0.20814967957952
30
0
41
1
10
26.4441838458908
20
0.234012835144711
30
0
41
1
10
26.4340186321925
20
0.24265076412911
30
0
41
1
10
26.4135778217721
20
0.259977703894776
30
0
41
1
10
26.4032733804413
20
0.26869117598855
30
0
41
1
10
26.3723850842884
20
0.294770294887229
30
0
41
1
10
26.3521486313305
20
0.311808213711117
30
0
41
1
10
26.3224204089625
20
0.336801872046692
30
0
41
1
10
26.3126190432188
20
0.345034452615636
30
0
41
1
10
26.2980894639316
20
0.357220791254036
30
0
41
1
10
26.2932752440004
20
0.361255476039901
30
0
41
1
10
26.2837002134495
20
0.369273151602329
30
0
41
1
10
26.2789316970249
20
0.373264205834119
30
0
41
1
10
26.2550398411832
20
0.393284248919485
30
0
41
1
10
26.2359308043652
20
0.40933528032491
30
0
41
1
10
26.1786040217982
20
0.457603660524086
30
0
41
1
10
26.1403765298082
20
0.489946312324463
30
0
41
1
10
26.1021404998849
20
0.522453395296111
30
0
0
SPLINE
5
1AC
100
AcDbEntity
8
1
62
256
6
ByLayer
370
13
48
1
60
0
100
AcDbSpline
70
4
71
3
72
13
73
9
40
0
40
0
40
0
40
0
40
0.166191488825337
40
0.292828966114575
40
0.419466443403813
40
0.67274139798229
40
0.926016352560767
40
1
40
1
40
1
40
1
41
1
10
26.5725803903719
20
0.122162884720467
30
0
41
1
10
26.5842541733981
20
0.123317413583351
30
0
41
1
10
26.6043981186539
20
0.125756445005465
30
0
41
1
10
26.6318505346418
20
0.130178755336374
30
0
41
1
10
26.6630627747253
20
0.136328151157159
30
0
41
1
10
26.7006889406798
20
0.145938709892221
30
0
41
1
10
26.7322837856746
20
0.157112876508705
30
0
41
1
10
26.7484895658983
20
0.164171149399522
30
0
41
1
10
26.7520645690853
20
0.165803163280287
30
0
0
SPLINE
5
1AD
100
AcDbEntity
8
1
62
256
6
ByLayer
370
18
48
1
60
0
100
AcDbSpline
70
4
71
3
72
33
73
29
40
0
40
0
40
0
40
0
40
0.0449928303979935
40
0.0905300985202481
40
0.136604780336905
40
0.183210596442431
40
0.230343378358531
40
0.278000117487973
40
0.326175706045832
40
0.374859507573887
40
0.424037524074147
40
0.473699279516637
40
0.523840818448045
40
0.574457331132213
40
0.625540042486957
40
0.67708180184213
40
0.729079519500241
40
0.781530435213408
40
0.799350371083261
40
0.818066898657291
40
0.837679338617913
40
0.858187041149184
40
0.879589390095224
40
0.901885797930614
40
0.925075688125644
40
0.949158461754408
40
0.974133464663147
40
1
40
1
40
1
40
1
41
1
10
29.9059894017328
20
1.43380359189115
30
0
41
1
10
29.9052758612388
20
1.43666215040858
30
0
41
1
10
29.9038401460228
20
1.4424138575566
30
0
41
1
10
29.9006209983064
20
1.45143707424461
30
0
41
1
10
29.8966081313337
20
1.46079407345897
30
0
41
1
10
29.891713849535
20
1.47049810782613
30
0
41
1
10
29.8859472256335
20
1.48052889385093
30
0
41
1
10
29.8792904852455
20
1.49087456727099
30
0
41
1
10
29.8717379643108
20
1.50151810564725
30
0
41
1
10
29.8632896049478
20
1.51243979056065
30
0
41
1
10
29.8539497490346
20
1.52361799751938
30
0
41
1
10
29.8437206396967
20
1.53503152431645
30
0
41
1
10
29.8326018221677
20
1.54665946212404
30
0
41
1
10
29.8205974919374
20
1.55847915542213
30
0
41
1
10
29.8077174695791
20
1.5704659667087
30
0
41
1
10
29.7939729634237
20
1.58259470704453
30
0
41
1
10
29.7793762953408
20
1.59483874762773
30
0
41
1
10
29.7673826817549
20
1.6044238899118
30
0
41
1
10
29.7583978603822
20
1.61138021993742
30
0
41
1
10
29.7526455134626
20
1.61576058421883
30
0
41
1
10
29.7465284579165
20
1.6203409732648
30
0
41
1
10
29.7400363979336
20
1.62511894405856
30
0
41
1
10
29.7331591917313
20
1.63009185666897
30
0
41
1
10
29.7258865578145
20
1.63525649180716
30
0
41
1
10
29.7182092598056
20
1.64060936994383
30
0
41
1
10
29.7101149124943
20
1.64614554897636
30
0
41
1
10
29.7016049249152
20
1.65186305764814
30
0
41
1
10
29.6957234992559
20
1.65571696307785
30
0
41
1
10
29.6927312195197
20
1.65767770589608
30
0
0
SPLINE
5
1AE
100
AcDbEntity
8
1
62
256
6
ByLayer
370
18
48
1
60
0
100
AcDbSpline
70
4
71
3
72
30
73
26
40
0
40
0
40
0
40
0
40
0.0312499999999321
40
0.0312499999999321
40
0.0468749999998982
40
0.0468749999998982
40
0.0624999999998642
40
0.0624999999998642
40
0.0781249999998303
40
0.0781249999998303
40
0.0937499999997963
40
0.0937499999997963
40
0.124999999999796
40
0.124999999999796
40
0.187499999999795
40
0.187499999999795
40
0.249999999999794
40
0.249999999999794
40
0.374999999999829
40
0.374999999999829
40
0.499999999999863
40
0.499999999999863
40
0.749999999999931
40
0.749999999999931
40
1
40
1
40
1
40
1
41
1
10
29.5034856720322
20
1.34039608603888
30
0
41
1
10
29.5081088548872
20
1.33835489224847
30
0
41
1
10
29.5130832177303
20
1.33675571713374
30
0
41
1
10
29.5206642401426
20
1.33562893364385
30
0
41
1
10
29.5232494842927
20
1.33545996071538
30
0
41
1
10
29.5283389970418
20
1.33559217747444
30
0
41
1
10
29.5308203015074
20
1.3358869302478
30
0
41
1
10
29.5356661440599
20
1.33689646456992
30
0
41
1
10
29.5380445248394
20
1.33761996958245
30
0
41
1
10
29.5425262989433
20
1.33936850120594
30
0
41
1
10
29.5446538102691
20
1.34039568025679
30
0
41
1
10
29.5507721885504
20
1.3438318839485
30
0
41
1
10
29.554490652013
20
1.34659207906446
30
0
41
1
10
29.5646443867969
20
1.35540941235314
30
0
41
1
10
29.5703433069529
20
1.36214147337847
30
0
41
1
10
29.5806378579948
20
1.37599609462788
30
0
41
1
10
29.5852090632517
20
1.38314328416973
30
0
41
1
10
29.5980253752202
20
1.40488467961035
30
0
41
1
10
29.6053842383543
20
1.41977380915634
30
0
41
1
10
29.6191199465683
20
1.44973652463625
30
0
41
1
10
29.625456384465
20
1.46484020791686
30
0
41
1
10
29.6434800945649
20
1.51000818735187
30
0
41
1
10
29.654233711718
20
1.53999160970975
30
0
41
1
10
29.6744386169357
20
1.59932341402887
30
0
41
1
10
29.6838462619298
20
1.62868492755979
30
0
41
1
10
29.6927196754939
20
1.65768522615548
30
0
0
SPLINE
5
1AF
100
AcDbEntity
8
1
62
256
6
ByLayer
370
18
48
1
60
0
100
AcDbSpline
70
4
71
3
72
10
73
6
40
0
40
0
40
0
40
0
40
0.5
40
0.5
40
1
40
1
40
1
40
1
41
1
10
29.6927679525342
20
1.65774416773485
30
0
41
1
10
29.6902531017756
20
1.7139153016677
30
0
41
1
10
29.6907424564864
20
1.76784692965481
30
0
41
1
10
29.6925987464111
20
1.87168038366974
30
0
41
1
10
29.6939586216426
20
1.9215826435665
30
0
41
1
10
29.6933417611453
20
1.96963124410783
30
0
0
SPLINE
5
1B0
100
AcDbEntity
8
1
62
256
6
ByLayer
370
18
48
1
60
0
100
AcDbSpline
70
4
71
3
72
14
73
10
40
0
40
0
40
0
40
0
40
0.249999999999992
40
0.249999999999992
40
0.374999999999988
40
0.374999999999988
40
0.499999999999984
40
0.499999999999984
40
1
40
1
40
1
40
1
41
1
10
11.702307625544
20
2.1085382139695
30
0
41
1
10
11.6438133660514
20
2.14600501736743
30
0
41
1
10
11.5852188793225
20
2.18256172539583
30
0
41
1
10
11.4971205357346
20
2.23597219775871
30
0
41
1
10
11.4677217532047
20
2.253536548943
30
0
41
1
10
11.409033874259
20
2.28807100093491
30
0
41
1
10
11.3797213129917
20
2.30505540234844
30
0
41
1
10
11.2332917496102
20
2.38855569232075
30
0
41
1
10
11.1165736861472
20
2.45080931784244
30
0
41
1
10
10.9999898298183
20
2.50838592187074
30
0
0
SPLINE
5
1B1
100
AcDbEntity
8
1
62
256
6
ByLayer
370
18
48
1
60
0
100
AcDbSpline
70
4
71
3
72
8
73
4
40
0
40
0
40
0
40
0
40
1
40
1
40
1
40
1
41
1
10
19.3762918042145
20
-2.99672012436787
30
0
41
1
10
19.3762552153457
20
-2.99671857878661
30
0
41
1
10
19.3762186264589
20
-2.9967170326625
30
0
41
1
10
19.3761820375542
20
-2.99671548599557
30
0
0
SPLINE
5
1B2
100
AcDbEntity
8
1
62
256
6
ByLayer
370
18
48
1
60
0
100
AcDbSpline
70
4
71
3
72
39
73
35
40
0
40
0
40
0
40
0
40
0.0624999999999986
40
0.0624999999999986
40
0.124999999999997
40
0.124999999999997
40
0.187499999999996
40
0.187499999999996
40
0.249999999999994
40
0.249999999999994
40
0.312499999999993
40
0.328124999999993
40
0.328124999999993
40
0.343749999999993
40
0.343749999999993
40
0.374999999999993
40
0.374999999999993
40
0.499999999999995
40
0.499999999999995
40
0.624999999999996
40
0.624999999999996
40
0.656249999999996
40
0.656249999999996
40
0.687499999999996
40
0.687499999999996
40
0.749999999999995
40
0.749999999999995
40
0.874999999999992
40
0.890624999999993
40
0.890624999999993
40
0.906249999999994
40
0.906249999999994
40
0.937499999999996
40
1
40
1
40
1
40
1
41
1
10
17.7022401160052
20
-2.55852030718575
30
0
41
1
10
17.5901421090674
20
-2.50581914566172
30
0
41
1
10
17.4781359334811
20
-2.4488356376487
30
0
41
1
10
17.2539523047731
20
-2.32667392344254
30
0
41
1
10
17.1419945313301
20
-2.26161119963137
30
0
41
1
10
16.9178382431148
20
-2.12384482865235
30
0
41
1
10
16.8056515785816
20
-2.05114067768224
30
0
41
1
10
16.5819750175621
20
-1.89951205325778
30
0
41
1
10
16.4703828279319
20
-1.820541050842
30
0
41
1
10
16.2471860811971
20
-1.65678496344114
30
0
41
1
10
16.107682240125
20
-1.55080197873158
30
0
41
1
10
15.9677829593592
20
-1.44057408571433
30
0
41
1
10
15.9117834380708
20
-1.39614770098362
30
0
41
1
10
15.8837432322276
20
-1.37375042092086
30
0
41
1
10
15.7997539968927
20
-1.30623113503969
30
0
41
1
10
15.7439157779675
20
-1.26076677129961
30
0
41
1
10
15.4653287259953
20
-1.03138640898928
30
0
41
1
10
15.2443731335488
20
-0.841330715397419
30
0
41
1
10
14.8022979601464
20
-0.452659891844689
30
0
41
1
10
14.5812074964448
20
-0.25400119355433
30
0
41
1
10
14.3022873939774
20
-0.0028955651155229
30
0
41
1
10
14.2463373493767
20
0.0474974411337143
30
0
41
1
10
14.1342712203519
20
0.14834976851364
30
0
41
1
10
14.0783614052365
20
0.198623430445906
30
0
41
1
10
13.9109034684326
20
0.348886091660688
30
0
41
1
10
13.7996260666147
20
0.448316889353123
30
0
41
1
10
13.4661219298475
20
0.743578682442802
30
0
41
1
10
13.2164947322324
20
0.960496439933507
30
0
41
1
10
12.9648959626393
20
1.16950812543337
30
0
41
1
10
12.9089278026243
20
1.21574938931366
30
0
41
1
10
12.8808939486906
20
1.23878467241948
30
0
41
1
10
12.7968755519343
20
1.30742067483342
30
0
41
1
10
12.6292161702876
20
1.44277975537693
30
0
41
1
10
12.462395052368
20
1.57218362989769
30
0
41
1
10
12.3513014425914
20
1.65560260670614
30
0
0
SPLINE
5
1B3
100
AcDbEntity
8
1
62
256
6
ByLayer
370
18
48
1
60
0
100
AcDbSpline
70
4
71
3
72
18
73
14
40
0
40
0
40
0
40
0
40
0.097269173520212
40
0.097269173520212
40
0.398179449013461
40
0.398179449013461
40
0.69908972450671
40
0.69908972450671
40
0.736703508943368
40
0.736703508943368
40
0.774317293380027
40
0.84954486225335
40
1
40
1
40
1
40
1
41
1
10
15.7646843738296
20
-2.9764074186609
30
0
41
1
10
15.6925614964373
20
-2.98454677114606
30
0
41
1
10
15.6206662112535
20
-2.99056066705634
30
0
41
1
10
15.3269938693645
20
-3.00661302731635
30
0
41
1
10
15.1065384380203
20
-2.99880904365415
30
0
41
1
10
14.664681072265
20
-2.94407192244154
30
0
41
1
10
14.4433025918586
20
-2.89708142252491
30
0
41
1
10
14.1914644677479
20
-2.82187168019485
30
0
41
1
10
14.1634661537739
20
-2.81321036088193
30
0
41
1
10
14.107565590684
20
-2.79532517384092
30
0
41
1
10
14.0237991152265
20
-2.76763537962646
30
0
41
1
10
13.8288473893434
20
-2.69706834402112
30
0
41
1
10
13.6623223186174
20
-2.62658886218179
30
0
41
1
10
13.5513131800751
20
-2.57532269713616
30
0
0
SPLINE
5
1B4
100
AcDbEntity
8
1
62
256
6
ByLayer
370
18
48
1
60
0
100
AcDbSpline
70
4
71
3
72
8
73
4
40
0
40
0
40
0
40
0
40
1
40
1
40
1
40
1
41
1
10
12.9021319170013
20
-2.22866842167295
30
0
41
1
10
12.8942696696387
20
-2.22392939251412
30
0
41
1
10
12.8864050386104
20
-2.21917030128253
30
0
41
1
10
12.8785379321691
20
-2.21439118270217
30
0
0
SPLINE
5
1B5
100
AcDbEntity
8
1
62
256
6
ByLayer
370
18
48
1
60
0
100
AcDbSpline
70
4
71
3
72
8
73
4
40
0
40
0
40
0
40
0
40
1
40
1
40
1
40
1
41
1
10
12.8785339918248
20
-2.21439485686125
30
0
41
1
10
12.8785025214419
20
-2.21437573932792
30
0
41
1
10
12.8784710510656
20
-2.21435662150239
30
0
41
1
10
12.8784395806957
20
-2.21433750338463
30
0
0
SPLINE
5
1B6
100
AcDbEntity
8
1
62
256
6
ByLayer
370
18
48
1
60
0
100
AcDbSpline
70
4
71
3
72
22
73
18
40
0
40
0
40
0
40
0
40
0.25
40
0.25
40
0.5
40
0.5
40
0.625
40
0.625
40
0.6875
40
0.6875
40
0.75
40
0.75
40
0.875
40
0.875
40
0.9375
40
0.9375
40
1
40
1
40
1
40
1
41
1
10
12.8784435212403
20
-2.21433382895677
30
0
41
1
10
12.7212180709974
20
-2.11881937565426
30
0
41
1
10
12.5649770967823
20
-2.01652112804354
30
0
41
1
10
12.2530533139706
20
-1.79979732783727
30
0
41
1
10
12.0973744743288
20
-1.68536436146996
30
0
41
1
10
11.8632504903768
20
-1.50553145118141
30
0
41
1
10
11.7851081322773
20
-1.44422302912969
30
0
41
1
10
11.6676119153971
20
-1.35031682016353
30
0
41
1
10
11.6283993569886
20
-1.31869072178489
30
0
41
1
10
11.5498574505529
20
-1.25480752489258
30
0
41
1
10
11.5105344136331
20
-1.2225551342176
30
0
41
1
10
11.3926714338186
20
-1.12513943641289
30
0
41
1
10
11.3141339799377
20
-1.05923329485222
30
0
41
1
10
11.1962522885972
20
-0.959067049438573
30
0
41
1
10
11.1569374963139
20
-0.925453013651776
30
0
41
1
10
11.0784160585906
20
-0.857944753302291
30
0
41
1
10
11.0391908147228
20
-0.824034875507436
30
0
41
1
10
10.9999898298267
20
-0.789981976363805
30
0
0
SPLINE
5
1B7
100
AcDbEntity
8
1
62
256
6
ByLayer
370
18
48
1
60
0
100
AcDbSpline
70
4
71
3
72
12
73
8
40
0
40
0
40
0
40
0
40
0.500000000000053
40
0.500000000000053
40
0.750000000000026
40
0.750000000000026
40
1
40
1
40
1
40
1
41
1
10
29.5034856720323
20
1.34039608603965
30
0
41
1
10
29.5399494031558
20
1.31065983600439
30
0
41
1
10
29.5763704504936
20
1.28000906868383
30
0
41
1
10
29.6311356132439
20
1.23274624131551
30
0
41
1
10
29.6494122504797
20
1.21677280005267
30
0
41
1
10
29.6860322126946
20
1.18434632514925
30
0
41
1
10
29.7044597358869
20
1.16781554815975
30
0
41
1
10
29.7224887043899
20
1.1514027222498
30
0
0
SPLINE
5
1B8
100
AcDbEntity
8
1
62
256
6
ByLayer
370
18
48
1
60
0
100
AcDbSpline
70
4
71
3
72
8
73
4
40
0
40
0
40
0
40
0
40
1
40
1
40
1
40
1
41
1
10
29.5034856200395
20
1.34039622672415
30
0
41
1
10
29.4797679351957
20
1.35950233730867
30
0
41
1
10
29.456050250352
20
1.37850660071155
30
0
41
1
10
29.4323325655083
20
1.39740468352159
30
0
0
SPLINE
5
1B9
100
AcDbEntity
8
1
62
256
6
ByLayer
370
18
48
1
60
0
100
AcDbSpline
70
4
71
3
72
32
73
28
40
0
40
0
40
0
40
0
40
0.0625000000000012
40
0.0625000000000012
40
0.125000000000002
40
0.125000000000002
40
0.187500000000004
40
0.187500000000004
40
0.250000000000005
40
0.250000000000005
40
0.312500000000006
40
0.312500000000006
40
0.375000000000007
40
0.375000000000007
40
0.437500000000008
40
0.437500000000008
40
0.50000000000001
40
0.50000000000001
40
0.625000000000012
40
0.625000000000012
40
0.68750000000001
40
0.68750000000001
40
0.750000000000008
40
0.750000000000008
40
0.875000000000004
40
0.875000000000004
40
1
40
1
40
1
40
1
41
1
10
25.5513148403441
20
2.99076188358862
30
0
41
1
10
25.6323611080646
20
2.99649403390913
30
0
41
1
10
25.7133208461846
20
2.99957079344131
30
0
41
1
10
25.8752601965457
20
3.00041363452448
30
0
41
1
10
25.9562746393574
20
2.99817767868638
30
0
41
1
10
26.1183639732994
20
2.98837510883587
30
0
41
1
10
26.1993325273018
20
2.98081839990613
30
0
41
1
10
26.36131052754
20
2.96043245057365
30
0
41
1
10
26.4423780618364
20
2.94759089686269
30
0
41
1
10
26.6044183669251
20
2.91671246500431
30
0
41
1
10
26.6853800649817
20
2.89868141017152
30
0
41
1
10
26.8473788309802
20
2.85750022030461
30
0
41
1
10
26.9284590644132
20
2.83433570237406
30
0
41
1
10
27.0904951373786
20
2.78306953168322
30
0
41
1
10
27.1714867939426
20
2.75495931272863
30
0
41
1
10
27.3336115434678
20
2.69384735353648
30
0
41
1
10
27.4144858152841
20
2.66094370697283
30
0
41
1
10
27.6568043672447
20
2.55541744344015
30
0
41
1
10
27.8179587554802
20
2.47597793338383
30
0
41
1
10
28.0602549579026
20
2.34388003955314
30
0
41
1
10
28.1411140331654
20
2.29769131370981
30
0
41
1
10
28.3032090733658
20
2.20110898876945
30
0
41
1
10
28.3840907171671
20
2.15092466093446
30
0
41
1
10
28.6261923425175
20
1.9951717208979
30
0
41
1
10
28.787017215332
20
1.88433296964556
30
0
41
1
10
29.1090206775742
20
1.65005379048401
30
0
41
1
10
29.270200606164
20
1.52658978629148
30
0
41
1
10
29.4323325655083
20
1.39740468352159
30
0
0
SPLINE
5
1BA
100
AcDbEntity
8
1
62
256
6
ByLayer
370
18
48
1
60
0
100
AcDbSpline
70
4
71
3
72
20
73
16
40
0
40
0
40
0
40
0
40
0.124999999999999
40
0.124999999999999
40
0.249999999999998
40
0.249999999999998
40
0.374999999999998
40
0.374999999999998
40
0.499999999999997
40
0.499999999999997
40
0.624999999999996
40
0.624999999999996
40
0.749999999999995
40
0.749999999999995
40
1
40
1
40
1
40
1
41
1
10
21.3020304513803
20
1.19980634765096
30
0
41
1
10
21.2217584208802
20
1.26605037416749
30
0
41
1
10
21.1414554862681
20
1.33127551600273
30
0
41
1
10
20.9808831971836
20
1.45927288894575
30
0
41
1
10
20.9006312335323
20
1.52203339157583
30
0
41
1
10
20.7400132417752
20
1.64487135276625
30
0
41
1
10
20.6597759716574
20
1.70484206253442
30
0
41
1
10
20.4992506612913
20
1.82178770145336
30
0
41
1
10
20.4189271102358
20
1.87877265283271
30
0
41
1
10
20.2584027350406
20
1.98926055210609
30
0
41
1
10
20.1781672883999
20
2.04279935858847
30
0
41
1
10
20.0175588015001
20
2.14632632056944
30
0
41
1
10
19.9373675135032
20
2.19619627350909
30
0
41
1
10
19.696979822153
20
2.33985125639828
30
0
41
1
10
19.5369155595849
20
2.42772817868692
30
0
41
1
10
19.3762963689787
20
2.50715150690027
30
0
0
SPLINE
5
1BB
100
AcDbEntity
8
1
62
256
6
ByLayer
370
18
48
1
60
0
100
AcDbSpline
70
4
71
3
72
8
73
4
40
0
40
0
40
0
40
0
40
1
40
1
40
1
40
1
41
1
10
19.3762918042141
20
2.50714966980326
30
0
41
1
10
19.3762552153228
20
2.50716776156875
30
0
41
1
10
19.3762186264136
20
2.50718585288973
30
0
41
1
10
19.3761820374864
20
2.5072039437662
30
0
0
SPLINE
5
1BC
100
AcDbEntity
8
1
62
256
6
ByLayer
370
18
48
1
60
0
100
AcDbSpline
70
4
71
3
72
28
73
24
40
0
40
0
40
0
40
0
40
0.125000000000002
40
0.125000000000002
40
0.250000000000004
40
0.250000000000004
40
0.312500000000005
40
0.312500000000005
40
0.375000000000006
40
0.375000000000006
40
0.500000000000005
40
0.500000000000005
40
0.562500000000004
40
0.562500000000004
40
0.625000000000004
40
0.625000000000004
40
0.687500000000003
40
0.687500000000003
40
0.750000000000002
40
0.750000000000002
40
0.875000000000001
40
0.875000000000001
40
1
40
1
40
1
40
1
41
1
10
19.3761866049957
20
2.50720578187372
30
0
41
1
10
19.2332168993932
20
2.57789820979758
30
0
41
1
10
19.0908375810643
20
2.64137610895472
30
0
41
1
10
18.8061989599623
20
2.75354071370762
30
0
41
1
10
18.6639417857618
20
2.80223060565703
30
0
41
1
10
18.4498637491727
20
2.86373784639289
30
0
41
1
10
18.378342923761
20
2.88232529144943
30
0
41
1
10
18.2354529800955
20
2.91544795390405
30
0
41
1
10
18.164028494154
20
2.93000380257396
30
0
41
1
10
17.9496172771007
20
2.9675988023082
30
0
41
1
10
17.8067429077049
20
2.98450990182076
30
0
41
1
10
17.5923421385505
20
2.99752216590821
30
0
41
1
10
17.5209106312217
20
2.99979931431145
30
0
41
1
10
17.3779879153239
20
3.00022215223043
30
0
41
1
10
17.3065012790432
20
2.99836523183629
30
0
41
1
10
17.1636293016562
20
2.99051309683023
30
0
41
1
10
17.0922080954447
20
2.98451453667033
30
0
41
1
10
16.9492611485597
20
2.96837812543723
30
0
41
1
10
16.8777519874429
20
2.95824097749735
30
0
41
1
10
16.6634294079691
20
2.92174488943005
30
0
41
1
10
16.5210906860869
20
2.88938610305564
30
0
41
1
10
16.2364373335735
20
2.80919923969665
30
0
41
1
10
16.0941276737966
20
2.76136985139871
30
0
41
1
10
15.9513178113178
20
2.7058592552759
30
0
0
SPLINE
5
1BD
100
AcDbEntity
8
1
62
256
6
ByLayer
370
18
48
1
60
0
100
AcDbSpline
70
4
71
3
72
14
73
10
40
0
40
0
40
0
40
0
40
0.434404710745627
40
0.434404710745627
40
0.651607066118448
40
0.651607066118448
40
0.868809421491269
40
0.868809421491269
40
1
40
1
40
1
40
1
41
1
10
23.151359540908
20
-2.97909699973479
30
0
41
1
10
23.2628545463079
20
-2.9909566254706
30
0
41
1
10
23.374489932623
20
-2.99780954015114
30
0
41
1
10
23.5418708505343
20
-3.0004812970985
30
0
41
1
10
23.5976861519272
20
-3.00011496368839
30
0
41
1
10
23.7092733142037
20
-2.9968451118059
30
0
41
1
10
23.7650582460785
20
-2.99394062762525
30
0
41
1
10
23.8545732546786
20
-2.98725916339205
30
0
41
1
10
23.8882642441445
20
-2.98428530446611
30
0
41
1
10
23.9219422460804
20
-2.98085650614618
30
0
0
SPLINE
5
1BE
100
AcDbEntity
8
1
62
256
6
ByLayer
370
18
48
1
60
0
100
AcDbSpline
70
4
71
3
72
30
73
26
40
0
40
0
40
0
40
0
40
0.125
40
0.125
40
0.15625
40
0.15625
40
0.1875
40
0.1875
40
0.25
40
0.25
40
0.375
40
0.375
40
0.5
40
0.5
40
0.625
40
0.625
40
0.65625
40
0.65625
40
0.6875
40
0.6875
40
0.75
40
0.75
40
0.875
40
0.875
40
1
40
1
40
1
40
1
41
1
10
16.5021555615032
20
1.55026731967914
30
0
41
1
10
16.3507182091269
20
1.66700026445946
30
0
41
1
10
16.1994668388761
20
1.77881152923351
30
0
41
1
10
16.0098622379835
20
1.91164613378973
30
0
41
1
10
15.9719142379123
20
1.93786566567829
30
0
41
1
10
15.895944092056
20
1.98958648459947
30
0
41
1
10
15.8579065994738
20
2.01509708578311
30
0
41
1
10
15.7441073811248
20
2.09022527496378
30
0
41
1
10
15.6685119922019
20
2.13854108844424
30
0
41
1
10
15.4422899651067
20
2.27809276003976
30
0
41
1
10
15.2922218058997
20
2.36395086167767
30
0
41
1
10
14.9923354066296
20
2.52074722489726
30
0
41
1
10
14.8425217686884
20
2.5916859993269
30
0
41
1
10
14.541943023102
20
2.71775994210603
30
0
41
1
10
14.391179226071
20
2.77289877347329
30
0
41
1
10
14.2013280941546
20
2.83128411242058
30
0
41
1
10
14.1632908270868
20
2.84243108901265
30
0
41
1
10
14.0874054120735
20
2.86355854855484
30
0
41
1
10
14.0495135938505
20
2.87355277524924
30
0
41
1
10
13.9359600620141
20
2.90183160431511
30
0
41
1
10
13.8604201099122
20
2.91841328014957
30
0
41
1
10
13.634051536975
20
2.96134384712019
30
0
41
1
10
13.4834736478746
20
2.98089182813985
30
0
41
1
10
13.1817487774296
20
3.00164324420501
30
0
41
1
10
13.0306040242689
20
3.00284992835549
30
0
41
1
10
12.8785379321662
20
2.99466173021673
30
0
0
SPLINE
5
1BF
100
AcDbEntity
8
1
62
256
6
ByLayer
370
18
48
1
60
0
100
AcDbSpline
70
4
71
3
72
12
73
8
40
0
40
0
40
0
40
0
40
0.500000000000001
40
0.500000000000001
40
0.75
40
0.75
40
1
40
1
40
1
40
1
41
1
10
29.5034856720322
20
-2.24557324708988
30
0
41
1
10
29.5399494031561
20
-2.26594033743217
30
0
41
1
10
29.5763704504942
20
-2.28289038201308
30
0
41
1
10
29.6311356132452
20
-2.3025453259705
30
0
41
1
10
29.6494122504812
20
-2.3081199495393
30
0
41
1
10
29.6860322126964
20
-2.31703448822515
30
0
41
1
10
29.7044597358889
20
-2.32037402263197
30
0
41
1
10
29.722488704392
20
-2.32235806485912
30
0
0
SPLINE
5
1C0
100
AcDbEntity
8
1
62
256
6
ByLayer
370
18
48
1
60
0
100
AcDbSpline
70
4
71
3
72
8
73
4
40
0
40
0
40
0
40
0
40
1
40
1
40
1
40
1
41
1
10
29.5034856200394
20
-2.24557359833057
30
0
41
1
10
29.4797679351965
20
-2.23141388035648
30
0
41
1
10
29.4560502503537
20
-2.21708345163816
30
0
41
1
10
29.4323325655109
20
-2.20258557896216
30
0
0
SPLINE
5
1C1
100
AcDbEntity
8
1
62
256
6
ByLayer
370
18
48
1
60
0
100
AcDbSpline
70
4
71
3
72
20
73
16
40
0
40
0
40
0
40
0
40
0.125000000000007
40
0.125000000000007
40
0.250000000000015
40
0.250000000000015
40
0.50000000000003
40
0.50000000000003
40
0.562500000000027
40
0.562500000000027
40
0.625000000000024
40
0.625000000000024
40
0.750000000000019
40
0.750000000000019
40
1
40
1
40
1
40
1
41
1
10
26.7513031459717
20
-0.0593836830354917
30
0
41
1
10
26.8632995639886
20
-0.16020520899977
30
0
41
1
10
26.9754037309286
20
-0.261022827767476
30
0
41
1
10
27.1994408853647
20
-0.461289085916547
30
0
41
1
10
27.3115935041322
20
-0.560929264819976
30
0
41
1
10
27.6469372212077
20
-0.855518351952213
30
0
41
1
10
27.8695344187054
20
-1.0466129824095
30
0
41
1
10
28.1491072329552
20
-1.2761755769275
30
0
41
1
10
28.2051389995876
20
-1.32166420023049
30
0
41
1
10
28.3171586630363
20
-1.41145106627388
30
0
41
1
10
28.3730601757251
20
-1.45568045784515
30
0
41
1
10
28.5405370818901
20
-1.58629540760472
30
0
41
1
10
28.6518872900047
20
-1.67059610382103
30
0
41
1
10
28.9857733773357
20
-1.91466322778604
30
0
41
1
10
29.2081436957126
20
-2.06554361531727
30
0
41
1
10
29.4323325655109
20
-2.20258557896216
30
0
0
SPLINE
5
1C2
100
AcDbEntity
8
1
62
256
6
ByLayer
370
18
48
1
60
0
100
AcDbSpline
70
4
71
3
72
9
73
5
40
0
40
0
40
0
40
0
40
0.648683714657431
40
1
40
1
40
1
40
1
41
1
10
9.00000000000003
20
-1.62539365074667
30
0
41
1
10
9.00000000000003
20
-1.8216409082259
30
0
41
1
10
9.00000000000003
20
-2.10914420401701
30
0
41
1
10
8.99999999999997
20
-2.3542899167077
30
0
41
1
10
8.99999999999997
20
-2.43469782474435
30
0
0
SPLINE
5
1C3
100
AcDbEntity
8
1
62
256
6
ByLayer
370
18
48
1
60
0
100
AcDbSpline
70
4
71
3
72
8
73
4
40
0
40
0
40
0
40
0
40
1
40
1
40
1
40
1
41
1
10
9
20
-1.61832476344648
30
0
41
1
10
9
20
-1.62068348397815
30
0
41
1
10
9
20
-1.62303978151687
30
0
41
1
10
9
20
-1.62539365074039
30
0
0
SPLINE
5
1C4
100
AcDbEntity
8
1
62
256
6
ByLayer
370
18
48
1
60
0
100
AcDbSpline
70
4
71
3
72
53
73
49
40
0
40
0
40
0
40
0
40
0.125000000000003
40
0.125000000000003
40
0.250000000000006
40
0.250000000000006
40
0.312500000000006
40
0.312500000000006
40
0.375000000000005
40
0.375000000000005
40
0.437500000000004
40
0.437500000000004
40
0.468750000000004
40
0.468750000000004
40
0.500000000000004
40
0.500000000000004
40
0.562500000000004
40
0.562500000000004
40
0.625000000000003
40
0.625000000000003
40
0.640625000000002
40
0.640625000000002
40
0.656250000000001
40
0.656250000000001
40
0.6875
40
0.6875
40
0.718749999999999
40
0.718749999999999
40
0.749999999999999
40
0.749999999999999
40
0.812499999999997
40
0.812499999999997
40
0.828124999999997
40
0.828124999999997
40
0.843749999999997
40
0.874999999999994
40
0.874999999999994
40
0.890624999999995
40
0.890624999999995
40
0.906249999999996
40
0.906249999999996
40
0.937499999999997
40
0.937499999999997
40
0.968749999999999
40
0.968749999999999
40
0.984374999999999
40
0.984374999999999
40
1
40
1
40
1
40
1
41
1
10
8.99999999999997
20
-2.77009739564477
30
0
41
1
10
8.90821149937642
20
-2.79204148764734
30
0
41
1
10
8.81872459212801
20
-2.80979009253517
30
0
41
1
10
8.64462184757951
20
-2.83615250315083
30
0
41
1
10
8.55999218054805
20
-2.84477929155932
30
0
41
1
10
8.43749208232754
20
-2.85000963334827
30
0
41
1
10
8.39740667547719
20
-2.85046385019086
30
0
41
1
10
8.31899434711281
20
-2.84856433869877
30
0
41
1
10
8.28066525208848
20
-2.8462121958564
30
0
41
1
10
8.20616600696221
20
-2.83837494170822
30
0
41
1
10
8.16999149762268
20
-2.83289287873032
30
0
41
1
10
8.11782354874171
20
-2.82195405429459
30
0
41
1
10
8.10077109296361
20
-2.81784622699024
30
0
41
1
10
8.06782560644285
20
-2.80874289682501
30
0
41
1
10
8.05188935724706
20
-2.80373974894255
30
0
41
1
10
8.00587866360596
20
-2.78730495345553
30
0
41
1
10
7.97757909954825
20
-2.77445669689669
30
0
41
1
10
7.92716999264195
20
-2.74443173490386
30
0
41
1
10
7.90503494934066
20
-2.7272638748276
30
0
41
1
10
7.88275891564908
20
-2.70252785249787
30
0
41
1
10
7.87857717034478
20
-2.69741545921056
30
0
41
1
10
7.8708181055494
20
-2.68683910626888
30
0
41
1
10
7.86723300732959
20
-2.68135986225695
30
0
41
1
10
7.85756958474255
20
-2.66451203425723
30
0
41
1
10
7.8525603009133
20
-2.65272100704709
30
0
41
1
10
7.84580973504376
20
-2.62798645312333
30
0
41
1
10
7.8440668813642
20
-2.61504304549115
30
0
41
1
10
7.84437406707926
20
-2.58795686393026
30
0
41
1
10
7.84646936495011
20
-2.57373059489717
30
0
41
1
10
7.85900149909736
20
-2.53042377833623
30
0
41
1
10
7.87557758308373
20
-2.50043064426762
30
0
41
1
10
7.90783854466756
20
-2.46215404381562
30
0
41
1
10
7.91488781231402
20
-2.45444741604536
30
0
41
1
10
7.92990626471178
20
-2.43923799537643
30
0
41
1
10
7.95388963184971
20
-2.41663238290136
30
0
41
1
10
7.9820708432874
20
-2.39470879079744
30
0
41
1
10
8.01287562679968
20
-2.37330867642316
30
0
41
1
10
8.02358168876694
20
-2.36626248693227
30
0
41
1
10
8.04584625543015
20
-2.35235535846854
30
0
41
1
10
8.05739345710751
20
-2.34550422748387
30
0
41
1
10
8.09279504692518
20
-2.32550058163378
30
0
41
1
10
8.1175529382198
20
-2.3128032004856
30
0
41
1
10
8.1690729698048
20
-2.28860760353828
30
0
41
1
10
8.19583621678626
20
-2.27710963946669
30
0
41
1
10
8.23731705681649
20
-2.26072100942406
30
0
41
1
10
8.25136721747319
20
-2.25540133598565
30
0
41
1
10
8.27989153923687
20
-2.24504308436357
30
0
41
1
10
8.29439377990863
20
-2.23999527396384
30
0
41
1
10
8.30902789272736
20
-2.23510905880695
30
0
0
SPLINE
5
1C5
100
AcDbEntity
8
1
62
256
6
ByLayer
370
18
48
1
60
0
100
AcDbSpline
70
4
71
3
72
26
73
22
40
0
40
0
40
0
40
0
40
0.0625000000000088
40
0.0625000000000088
40
0.125000000000018
40
0.125000000000018
40
0.187500000000026
40
0.187500000000026
40
0.250000000000035
40
0.250000000000035
40
0.312500000000044
40
0.312500000000044
40
0.375000000000053
40
0.375000000000053
40
0.500000000000042
40
0.500000000000042
40
0.625000000000032
40
0.625000000000032
40
0.750000000000021
40
0.750000000000021
40
1
40
1
40
1
40
1
41
1
10
8.30902789272693
20
-2.23510905880707
30
0
41
1
10
8.32253275117472
20
-2.23059989280188
30
0
41
1
10
8.33658208703767
20
-2.22693049717702
30
0
41
1
10
8.36530813683487
20
-2.22097320460517
30
0
41
1
10
8.38002692342883
20
-2.21867592987382
30
0
41
1
10
8.41005610361648
20
-2.21522950202547
30
0
41
1
10
8.42521039988645
20
-2.21410273928896
30
0
41
1
10
8.45538357848474
20
-2.21284177803983
30
0
41
1
10
8.47046656558794
20
-2.21270193394182
30
0
41
1
10
8.5006264721826
20
-2.21324952726042
30
0
41
1
10
8.51570338411287
20
-2.21393792813231
30
0
41
1
10
8.54585184800365
20
-2.21604225226426
30
0
41
1
10
8.56095798028187
20
-2.2174646518086
30
0
41
1
10
8.60565189511178
20
-2.22263564282176
30
0
41
1
10
8.63481916237262
20
-2.22728590692171
30
0
41
1
10
8.69214572467914
20
-2.23844948000814
30
0
41
1
10
8.72030189717233
20
-2.24496873734986
30
0
41
1
10
8.77572627646961
20
-2.25956603970479
30
0
41
1
10
8.80308112394414
20
-2.26767861734808
30
0
41
1
10
8.8828457327019
20
-2.29368624601818
30
0
41
1
10
8.93324952242224
20
-2.3132763766686
30
0
41
1
10
8.98125363637854
20
-2.33443669710843
30
0
0
SPLINE
5
1C6
100
AcDbEntity
8
1
62
256
6
ByLayer
370
18
48
1
60
0
100
AcDbSpline
70
4
71
3
72
12
73
8
40
0
40
0
40
0
40
0
40
0.5
40
0.5
40
0.75
40
0.75
40
1
40
1
40
1
40
1
41
1
10
9.00000000000688
20
1.84810849007891
30
0
41
1
10
9.12545415149057
20
1.74816335173787
30
0
41
1
10
9.25298320742633
20
1.64673679345756
30
0
41
1
10
9.44856496208934
20
1.49412162313865
30
0
41
1
10
9.51450097764231
20
1.4431591143329
30
0
41
1
10
9.64754598693415
20
1.34184242950212
30
0
41
1
10
9.71472064539716
20
1.29143618784613
30
0
41
1
10
9.78269571071289
20
1.24148238343472
30
0
0
SPLINE
5
1C7
100
AcDbEntity
8
1
62
256
6
ByLayer
370
18
48
1
60
0
100
AcDbSpline
70
4
71
3
72
9
73
5
40
0
40
0
40
0
40
0
40
0.648683714657401
40
1
40
1
40
1
40
1
41
1
10
9.00000000000003
20
1.8481084900767
30
0
41
1
10
9.00000000000003
20
1.68525033798315
30
0
41
1
10
9.00000000000003
20
1.40277393291282
30
0
41
1
10
8.99999999999997
20
1.08977720892307
30
0
41
1
10
8.99999999999997
20
0.976764697780624
30
0
0
SPLINE
5
1C8
100
AcDbEntity
8
1
62
256
6
ByLayer
370
18
48
1
60
0
100
AcDbSpline
70
4
71
3
72
16
73
12
40
0
40
0
40
0
40
0
40
0.249999999999991
40
0.249999999999991
40
0.499999999999982
40
0.499999999999982
40
0.624999999999986
40
0.624999999999986
40
0.749999999999991
40
0.749999999999991
40
1
40
1
40
1
40
1
41
1
10
11
20
2.5083576768065
30
0
41
1
10
10.9521279507703
20
2.52566452638553
30
0
41
1
10
10.9048167931485
20
2.53997685167425
30
0
41
1
10
10.8107940122232
20
2.5624547626212
30
0
41
1
10
10.7640089049683
20
2.57062055505557
30
0
41
1
10
10.6945006101932
20
2.57788572214358
30
0
41
1
10
10.6714209003471
20
2.57948193150239
30
0
41
1
10
10.6253726939864
20
2.58096104197597
30
0
41
1
10
10.6023872932932
20
2.58084148232223
30
0
41
1
10
10.5338088367611
20
2.57779998693616
30
0
41
1
10
10.4885043061542
20
2.57222240684465
30
0
41
1
10
10.4433085843505
20
2.56268043151852
30
0
0
SPLINE
5
1C9
100
AcDbEntity
8
1
62
256
6
ByLayer
370
18
48
1
60
0
100
AcDbSpline
70
4
71
3
72
18
73
14
40
0
40
0
40
0
40
0
40
0.250000000000008
40
0.250000000000008
40
0.375000000000008
40
0.375000000000008
40
0.500000000000008
40
0.500000000000008
40
0.750000000000008
40
0.750000000000008
40
0.875000000000004
40
0.875000000000004
40
1
40
1
40
1
40
1
41
1
10
10.4433085843504
20
2.56268043151863
30
0
41
1
10
10.3218613619479
20
2.61369776140649
30
0
41
1
10
10.2009304411059
20
2.66003603378795
30
0
41
1
10
10.0198905931922
20
2.72263136977691
30
0
41
1
10
9.95960422860435
20
2.74233817659098
30
0
41
1
10
9.83908783192516
20
2.77941239434048
30
0
41
1
10
9.77882448821649
20
2.79678836783873
30
0
41
1
10
9.59829267930962
20
2.84528290261727
30
0
41
1
10
9.47833841654997
20
2.87275970518419
30
0
41
1
10
9.29862763272919
20
2.90656321063372
30
0
41
1
10
9.23876186630955
20
2.91659626235827
30
0
41
1
10
9.11926323767707
20
2.93415539556784
30
0
41
1
10
9.0596025971513
20
2.94168697779475
30
0
41
1
10
9
20
2.94796902243357
30
0
0
SPLINE
5
1CA
100
AcDbEntity
8
1
62
256
6
ByLayer
370
18
48
1
60
0
100
AcDbSpline
70
4
71
3
72
8
73
4
40
0
40
0
40
0
40
0
40
1
40
1
40
1
40
1
41
1
10
9.00000000000003
20
2.94796902243391
30
0
41
1
10
9.00000000000003
20
2.91510789159139
30
0
41
1
10
9.00000000000003
20
2.88204805695099
30
0
41
1
10
9.00000000000003
20
2.84877090085635
30
0
0
SPLINE
5
1CB
100
AcDbEntity
8
1
62
256
6
ByLayer
370
18
48
1
60
0
100
AcDbSpline
70
4
71
3
72
16
73
12
40
0
40
0
40
0
40
0
40
0.249999999999996
40
0.249999999999996
40
0.499999999999991
40
0.499999999999991
40
0.624999999999998
40
0.624999999999998
40
0.750000000000004
40
0.750000000000004
40
1
40
1
40
1
40
1
41
1
10
11
20
-0.789974603337072
30
0
41
1
10
10.9521279507703
20
-0.743968441548191
30
0
41
1
10
10.9048167931485
20
-0.69750848782931
30
0
41
1
10
10.8107940122232
20
-0.604211412640694
30
0
41
1
10
10.7640089049683
20
-0.557297035308636
30
0
41
1
10
10.6945006101931
20
-0.487674106068908
30
0
41
1
10
10.6714209003471
20
-0.464569872039732
30
0
41
1
10
10.6253726939864
20
-0.418645801249653
30
0
41
1
10
10.6023872932932
20
-0.395809336006295
30
0
41
1
10
10.5338088367611
20
-0.328170962181844
30
0
41
1
10
10.4885043061542
20
-0.284134576427334
30
0
41
1
10
10.4433085843505
20
-0.241596374917577
30
0
0
SPLINE
5
1CC
100
AcDbEntity
8
1
62
256
6
ByLayer
370
18
48
1
60
0
100
AcDbSpline
70
4
71
3
72
18
73
14
40
0
40
0
40
0
40
0
40
0.249999999999998
40
0.249999999999998
40
0.374999999999997
40
0.374999999999997
40
0.499999999999996
40
0.499999999999996
40
0.750000000000002
40
0.750000000000002
40
0.875000000000001
40
0.875000000000001
40
1
40
1
40
1
40
1
41
1
10
10.4433085843504
20
-0.241596374917549
30
0
41
1
10
10.3218613619478
20
-0.142829017265882
30
0
41
1
10
10.2009304411057
20
-0.042817630603821
30
0
41
1
10
10.0198905931919
20
0.108530525866513
30
0
41
1
10
9.95960422860432
20
0.159203598688549
30
0
41
1
10
9.83908783192513
20
0.260919995328521
30
0
41
1
10
9.77882448821643
20
0.311991777378068
30
0
41
1
10
9.59829267930959
20
0.465422684906713
30
0
41
1
10
9.47833841654992
20
0.567948007102586
30
0
41
1
10
9.29862763272916
20
0.721648107576129
30
0
41
1
10
9.23876186630949
20
0.77286618097915
30
0
41
1
10
9.11926323767699
20
0.875013477914138
30
0
41
1
10
9.05960259715127
20
0.925966514238183
30
0
41
1
10
8.99999999999994
20
0.976764697780538
30
0
0
SPLINE
5
1CD
100
AcDbEntity
8
1
62
256
6
ByLayer
370
18
48
1
60
0
100
AcDbSpline
70
4
71
3
72
8
73
4
40
0
40
0
40
0
40
0
40
1
40
1
40
1
40
1
41
1
10
9.00000000000003
20
0.97676469778051
30
0
41
1
10
9.00000000000003
20
0.972280922066773
30
0
41
1
10
9.00000000000003
20
0.966698490420129
30
0
41
1
10
9.00000000000003
20
0.959914463693622
30
0
0
SPLINE
5
1CE
100
AcDbEntity
8
1
62
256
6
ByLayer
370
18
48
1
60
0
100
AcDbSpline
70
4
71
5
72
12
73
6
40
0
40
0
40
0
40
0
40
0
40
0
40
1
40
1
40
1
40
1
40
1
40
1
41
1
10
8.98125363582474
20
0.974997612957935
30
0
41
1
10
8.98500290867699
20
0.971984053635509
30
0
41
1
10
8.98875218152926
20
0.968968951062379
30
0
41
1
10
8.99250145438154
20
0.965952313187586
30
0
41
1
10
8.99625072723379
20
0.962934147968383
30
0
41
1
10
9.00000000008603
20
0.959914463370097
30
0
0
SPLINE
5
1CF
100
AcDbEntity
8
1
62
256
6
ByLayer
370
18
48
1
60
0
100
AcDbSpline
70
4
71
3
72
51
73
47
40
0
40
0
40
0
40
0
40
0.0312500000000002
40
0.0312500000000002
40
0.0625000000000004
40
0.0937500000000007
40
0.0937500000000007
40
0.125000000000001
40
0.125000000000001
40
0.187500000000001
40
0.187500000000001
40
0.21875
40
0.21875
40
0.25
40
0.25
40
0.281249999999999
40
0.281249999999999
40
0.312499999999998
40
0.312499999999998
40
0.374999999999998
40
0.374999999999998
40
0.406249999999998
40
0.406249999999998
40
0.437499999999999
40
0.437499999999999
40
0.499999999999999
40
0.499999999999999
40
0.531249999999999
40
0.531249999999999
40
0.562499999999999
40
0.562499999999999
40
0.625
40
0.625
40
0.6875
40
0.6875
40
0.750000000000001
40
0.750000000000001
40
0.812500000000001
40
0.812500000000001
40
0.875000000000001
40
0.875000000000001
40
0.937500000000002
40
0.937500000000002
40
0.968750000000001
40
0.968750000000001
40
1
40
1
40
1
40
1
41
1
10
26.1021404998849
20
0.522453395296083
30
0
41
1
10
26.046381492808
20
0.57189326362186
30
0
41
1
10
25.9905729548475
20
0.621157206313171
30
0
41
1
10
25.879051191193
20
0.719036956436952
30
0
41
1
10
25.7675920887758
20
0.816297961726775
30
0
41
1
10
25.6561315991957
20
0.912189289851369
30
0
41
1
10
25.5446076094825
20
1.00732839834762
30
0
41
1
10
25.488797345684
20
1.05453523098564
30
0
41
1
10
25.3215436204832
20
1.19461844113746
30
0
41
1
10
25.2101639677832
20
1.28605649970496
30
0
41
1
10
25.0429034672273
20
1.41990652263627
30
0
41
1
10
24.9870907106639
20
1.46399260511453
30
0
41
1
10
24.8755737124464
20
1.55081184861274
30
0
41
1
10
24.8198492247549
20
1.59356163747952
30
0
41
1
10
24.7084056209974
20
1.67768210670565
30
0
41
1
10
24.6526863752391
20
1.71905323594643
30
0
41
1
10
24.541189658151
20
1.80035746429505
30
0
41
1
10
24.485376961937
20
1.84031428565981
30
0
41
1
10
24.3181240309696
20
1.95768080329873
30
0
41
1
10
24.2068160754429
20
2.03263379098644
30
0
41
1
10
24.0397684877068
20
2.13985287615097
30
0
41
1
10
23.9840719708676
20
2.17472313719537
30
0
41
1
10
23.8725891955118
20
2.24266785506114
30
0
41
1
10
23.8167788302064
20
2.2757554960213
30
0
41
1
10
23.6494388213781
20
2.37204537707083
30
0
41
1
10
23.5378628071147
20
2.43234368287432
30
0
41
1
10
23.3705363968558
20
2.51649882379064
30
0
41
1
10
23.3147366666394
20
2.54351201426618
30
0
41
1
10
23.2031917265703
20
2.59534493841062
30
0
41
1
10
23.1474608690757
20
2.62016013231838
30
0
41
1
10
22.9802967061432
20
2.69127090239581
30
0
41
1
10
22.8688502306421
20
2.73425034550945
30
0
41
1
10
22.6457071554755
20
2.81099593161852
30
0
41
1
10
22.5343139458274
20
2.8446594342854
30
0
41
1
10
22.3113879203587
20
2.90236729732049
30
0
41
1
10
22.199733321065
20
2.92642527374676
30
0
41
1
10
21.9770528261075
20
2.96451074395645
30
0
41
1
10
21.8658953353153
20
2.97858115812275
30
0
41
1
10
21.6434426651278
20
2.99673567852582
30
0
41
1
10
21.5321143803152
20
3.00081934000326
30
0
41
1
10
21.3089525229958
20
2.99890874510479
30
0
41
1
10
21.1974297201438
20
2.99291729823858
30
0
41
1
10
21.0300750823218
20
2.9764267438311
30
0
41
1
10
20.9743110938346
20
2.96968363082388
30
0
41
1
10
20.8627642033145
20
2.95369808890681
30
0
41
1
10
20.8069608687665
20
2.94445093530342
30
0
41
1
10
20.7511885803076
20
2.93396154871672
30
0
0
SPLINE
5
1D0
100
AcDbEntity
8
1
62
256
6
ByLayer
370
18
48
1
60
0
100
AcDbSpline
70
4
71
3
72
16
73
12
40
0
40
0
40
0
40
0
40
0.249999999999991
40
0.249999999999991
40
0.499999999999982
40
0.499999999999982
40
0.624999999999986
40
0.624999999999986
40
0.749999999999991
40
0.749999999999991
40
1
40
1
40
1
40
1
41
1
10
11
20
-2.99996731882999
30
0
41
1
10
10.9521279507703
20
-2.99119852492714
30
0
41
1
10
10.9048167931484
20
-2.97912851695918
30
0
41
1
10
10.8107940122232
20
-2.94852966841845
30
0
41
1
10
10.7640089049683
20
-2.92995679594313
30
0
41
1
10
10.6945006101932
20
-2.89746477055456
30
0
41
1
10
10.6714209003471
20
-2.88585489491271
30
0
41
1
10
10.6253726939864
20
-2.86105791367274
30
0
41
1
10
10.6023872932932
20
-2.84785878624388
30
0
41
1
10
10.5338088367611
20
-2.80603544881629
30
0
41
1
10
10.4885043061542
20
-2.77515246468423
30
0
41
1
10
10.4433085843505
20
-2.74110106514277
30
0
0
SPLINE
5
1D1
100
AcDbEntity
8
1
62
256
6
ByLayer
370
18
48
1
60
0
100
AcDbSpline
70
4
71
3
72
18
73
14
40
0
40
0
40
0
40
0
40
0.250000000000004
40
0.250000000000004
40
0.375000000000006
40
0.375000000000006
40
0.500000000000008
40
0.500000000000008
40
0.750000000000004
40
0.750000000000004
40
0.875000000000002
40
0.875000000000002
40
1
40
1
40
1
40
1
41
1
10
10.4433085843504
20
-2.74110106514286
30
0
41
1
10
10.3218613619478
20
-2.7363551833177
30
0
41
1
10
10.2009304411059
20
-2.7261446743554
30
0
41
1
10
10.0198905931922
20
-2.70304650734011
30
0
41
1
10
9.95960422860432
20
-2.69404260517359
30
0
41
1
10
9.83908783192513
20
-2.67344679897082
30
0
41
1
10
9.77882448821643
20
-2.66184729426831
30
0
41
1
10
9.59829267930954
20
-2.62323514324234
30
0
41
1
10
9.47833841654989
20
-2.59242862562732
30
0
41
1
10
9.29862763272914
20
-2.53874160009733
30
0
41
1
10
9.23876186630946
20
-2.51960059429544
30
0
41
1
10
9.11926323767693
20
-2.47893783207775
30
0
41
1
10
9.05960259715118
20
-2.45740802559624
30
0
41
1
10
8.99999999999989
20
-2.43469782474443
30
0
0
SPLINE
5
1D2
100
AcDbEntity
8
1
62
256
6
ByLayer
370
18
48
1
60
0
100
AcDbSpline
70
4
71
5
72
12
73
6
40
0
40
0
40
0
40
0
40
0
40
0
40
1
40
1
40
1
40
1
40
1
40
1
41
1
10
8.98125363582471
20
-2.33443669795463
30
0
41
1
10
8.98500290867699
20
-2.33627643133545
30
0
41
1
10
8.98875218152929
20
-2.33811246973278
30
0
41
1
10
8.99250145438157
20
-2.33994480828972
30
0
41
1
10
8.99625072723387
20
-2.34177344216906
30
0
41
1
10
9.00000000008615
20
-2.34359836655335
30
0
0
SPLINE
5
1D3
100
AcDbEntity
8
1
62
256
6
ByLayer
370
18
48
1
60
0
100
AcDbSpline
70
4
71
1
72
4
73
2
40
0
40
0
40
1
40
1
41
1
10
10.4433085843505
20
2.66726357517382
30
0
41
1
10
9.47032333640496
20
2.87285351716417
30
0
0
SPLINE
5
1D4
100
AcDbEntity
8
1
62
256
6
ByLayer
370
18
48
1
60
0
100
AcDbSpline
70
4
71
1
72
4
73
2
40
0
40
0
40
1
40
1
41
1
10
10.7260540418803
20
2.74252935568362
30
0
41
1
10
10.4433085843505
20
2.66680757657667
30
0
0
SPLINE
5
1D5
100
AcDbEntity
8
1
62
256
6
ByLayer
370
18
48
1
60
0
100
AcDbSpline
70
4
71
1
72
4
73
2
40
0
40
0
40
1
40
1
41
1
10
9.8201400622232
20
1.21723853794856
30
0
41
1
10
9.83997454512641
20
1.20117780269698
30
0
0
SPLINE
5
1D6
100
AcDbEntity
8
1
62
256
6
ByLayer
370
18
48
1
60
0
100
AcDbSpline
70
4
71
2
72
6
73
3
40
0
40
0
40
0
40
1
40
1
40
1
41
1
10
29.8852618829332
20
-2.49339160422042
30
0
41
1
10
29.9186175447232
20
-2.37709977120846
30
0
41
1
10
29.9519732065132
20
-2.26080793819653
30
0
0
SPLINE
5
1D7
100
AcDbEntity
8
1
62
256
6
ByLayer
370
18
48
1
60
0
100
AcDbSpline
70
4
71
1
72
4
73
2
40
0
40
0
40
1
40
1
41
1
10
29.7111570340158
20
-2.79816346177836
30
0
41
1
10
29.8335821406423
20
-2.60176612780171
30
0
0
SPLINE
5
1D8
100
AcDbEntity
8
1
62
256
6
ByLayer
370
18
48
1
60
0
100
AcDbSpline
70
4
71
2
72
6
73
3
40
0
40
0
40
0
40
1
40
1
40
1
41
1
10
28.3321657755544
20
-2.97554941833249
30
0
41
1
10
28.8527630469891
20
-2.91811549203064
30
0
41
1
10
29.3675158941528
20
-2.8632373334911
30
0
0
SPLINE
5
1D9
100
AcDbEntity
8
1
62
256
6
ByLayer
370
18
48
1
60
0
100
AcDbSpline
70
4
71
3
72
11
73
7
40
0
40
0
40
0
40
0
40
0.310958235375735
40
0.498038071200793
40
0.686234847931891
40
1
40
1
40
1
40
1
41
1
10
11.3870916560135
20
-2.97817098488471
30
0
41
1
10
11.5072004941339
20
-2.96488683920626
30
0
41
1
10
11.6995628261409
20
-2.94379293015839
30
0
41
1
10
11.9645798796497
20
-2.91502068701348
30
0
41
1
10
12.2307085672532
20
-2.88665615811823
30
0
41
1
10
12.4245778973384
20
-2.86656152672998
30
0
41
1
10
12.5457631478295
20
-2.85421698757577
30
0
0
SPLINE
5
1DA
100
AcDbEntity
8
1
62
256
6
ByLayer
370
18
48
1
60
0
100
AcDbSpline
70
4
71
2
72
6
73
3
40
0
40
0
40
0
40
1
40
1
40
1
41
1
10
23.9142355251218
20
-2.98170502525025
30
0
41
1
10
24.5099359461319
20
-2.91531156599893
30
0
41
1
10
25.1063934462626
20
-2.85431864354425
30
0
0
SPLINE
5
1DB
100
AcDbEntity
8
1
62
256
6
ByLayer
370
18
48
1
60
0
100
AcDbSpline
70
4
71
2
72
6
73
3
40
0
40
0
40
0
40
1
40
1
40
1
41
1
10
19.942652545531
20
-2.9773331692962
30
0
41
1
10
20.5182825597959
20
-2.91313397616747
30
0
41
1
10
21.0937218138202
20
-2.85435121667678
30
0
0
SPLINE
5
1DC
100
AcDbEntity
8
1
62
256
6
ByLayer
370
18
48
1
60
0
100
AcDbSpline
70
4
71
2
72
6
73
3
40
0
40
0
40
0
40
1
40
1
40
1
41
1
10
15.7556622954985
20
-2.97741276710926
30
0
41
1
10
16.3319486214498
20
-2.91358350122235
30
0
41
1
10
16.9082300595246
20
-2.85384605606404
30
0
0
SPLINE
5
1DD
100
AcDbEntity
8
1
62
256
6
ByLayer
370
18
48
1
60
0
100
AcDbSpline
70
4
71
1
72
4
73
2
40
0
40
0
40
1
40
1
41
1
10
29.9032134037236
20
1.44381687054116
30
0
41
1
10
29.7659949236371
20
1.87162136243845
30
0
0
SPLINE
5
1DE
100
AcDbEntity
8
1
62
256
6
ByLayer
370
18
48
1
60
0
100
AcDbSpline
70
4
71
2
72
6
73
3
40
0
40
0
40
0
40
1
40
1
40
1
41
1
10
14.6395420725416
20
2.854282430637
30
0
41
1
10
14.0630977921993
20
2.91323104570094
30
0
41
1
10
13.4866616590718
20
2.97747989723462
30
0
0
SPLINE
5
1DF
100
AcDbEntity
8
1
62
256
6
ByLayer
370
18
48
1
60
0
100
AcDbSpline
70
4
71
2
72
6
73
3
40
0
40
0
40
0
40
1
40
1
40
1
41
1
10
29.9629519253838
20
1.00529575791805
30
0
41
1
10
29.9300448631416
20
1.23366295768346
30
0
41
1
10
29.8971378008993
20
1.46203015744891
30
0
0
SPLINE
5
1E0
100
AcDbEntity
8
1
62
256
6
ByLayer
370
18
48
1
60
0
100
AcDbSpline
70
4
71
2
72
6
73
3
40
0
40
0
40
0
40
1
40
1
40
1
41
1
10
19.0011008473638
20
2.85419819548324
30
0
41
1
10
18.4249182468466
20
2.91321245941953
30
0
41
1
10
17.8485936538463
20
2.97738564695845
30
0
0
SPLINE
5
1E1
100
AcDbEntity
8
1
62
256
6
ByLayer
370
18
48
1
60
0
100
AcDbSpline
70
4
71
3
72
11
73
7
40
0
40
0
40
0
40
0
40
0.311123889239812
40
0.503434032985799
40
0.693069633582979
40
1
40
1
40
1
40
1
41
1
10
27.3741182482913
20
2.85434854589633
30
0
41
1
10
27.2524794454083
20
2.86671586125132
30
0
41
1
10
27.0556457277197
20
2.88708699256762
30
0
41
1
10
26.7846102995993
20
2.91602727617971
30
0
41
1
10
26.5152784930999
20
2.94520853462109
30
0
41
1
10
26.3211954055115
20
2.9665023782558
30
0
41
1
10
26.2012545786436
20
2.97977699830238
30
0
0
SPLINE
5
1E2
100
AcDbEntity
8
1
62
256
6
ByLayer
370
18
48
1
60
0
100
AcDbSpline
70
4
71
2
72
6
73
3
40
0
40
0
40
0
40
1
40
1
40
1
41
1
10
23.0128961423567
20
2.85407976523888
30
0
41
1
10
22.4370635919827
20
2.91366932302356
30
0
41
1
10
21.8610642340049
20
2.9774520399742
30
0
0
LINE
5
7B
100
AcDbEntity
8
80
62
256
6
ByLayer
370
18
48
1
60
0
100
AcDbLine
10
0
20
0
30
0
11
-5
21
0
31
0
39
0
210
0
220
0
230
1
0
LINE
5
7C
100
AcDbEntity
8
4
62
256
6
ByLayer
370
18
48
0.05
60
0
100
AcDbLine
10
0
20
0
30
0
11
30
21
0
31
0
39
0
210
0
220
0
230
1
0
LINE
5
7E
100
AcDbEntity
8
81
62
256
6
ByLayer
370
18
48
1
60
0
100
AcDbLine
10
30
20
0
30
0
11
35
21
0
31
0
39
0
210
0
220
0
230
1
0
LINE
5
7F
100
AcDbEntity
8
SK4
62
256
6
ByLayer
370
18
48
0.05
60
0
100
AcDbLine
10
-36
20
0
30
0
11
30
21
0
31
0
39
0
210
0
220
0
230
1
0
LINE
5
81
100
AcDbEntity
8
1
62
256
6
ByLayer
370
18
48
1
60
0
100
AcDbLine
10
0
20
3
30
0
11
0
21
0
31
0
39
0
210
0
220
0
230
1
0
LINE
5
82
100
AcDbEntity
8
1
62
256
6
ByLayer
370
18
48
1
60
0
100
AcDbLine
10
0
20
0
30
0
11
0
21
-3
31
0
39
0
210
0
220
0
230
1
0
LINE
5
83
100
AcDbEntity
8
1
62
256
6
ByLayer
370
18
48
1
60
0
100
AcDbLine
10
29.9044
20
0.184563
30
0
11
29.858651
21
-0.077207
31
0
39
0
210
0
220
0
230
1
0
LINE
5
84
100
AcDbEntity
8
1
62
256
6
ByLayer
370
18
48
1
60
0
100
AcDbLine
10
29.901934
20
0.288471
30
0
11
29.972108
21
0.691544
31
0
39
0
210
0
220
0
230
1
0
LINE
5
85
100
AcDbEntity
8
1
62
256
6
ByLayer
370
18
48
1
60
0
100
AcDbLine
10
29.66654
20
-0.652962
30
0
11
29.858651
21
-0.077207
31
0
39
0
210
0
220
0
230
1
0
LINE
5
86
100
AcDbEntity
8
1
62
256
6
ByLayer
370
18
48
1
60
0
100
AcDbLine
10
29.858651
20
-0.077207
30
0
11
29.901934
21
0.288471
31
0
39
0
210
0
220
0
230
1
0
LINE
5
87
100
AcDbEntity
8
1
62
256
6
ByLayer
370
18
48
1
60
0
100
AcDbLine
10
29.519837
20
0.175682
30
0
11
29.901934
21
0.288471
31
0
39
0
210
0
220
0
230
1
0
LINE
5
88
100
AcDbEntity
8
1
62
256
6
ByLayer
370
18
48
1
60
0
100
AcDbLine
10
29.965009
20
-2.002815
30
0
11
29.972108
21
-2.115574
31
0
39
0
210
0
220
0
230
1
0
LINE
5
89
100
AcDbEntity
8
1
62
256
6
ByLayer
370
18
48
1
60
0
100
AcDbLine
10
29.913624
20
1.363406
30
0
11
29.972108
21
2.465549
31
0
39
0
210
0
220
0
230
1
0
LINE
5
8A
100
AcDbEntity
8
1
62
256
6
ByLayer
370
18
48
1
60
0
100
AcDbLine
10
29.9044
20
-2.22656
30
0
11
29.901201
21
-2.175047
31
0
39
0
210
0
220
0
230
1
0
LINE
5
8B
100
AcDbEntity
8
1
62
256
6
ByLayer
370
13
48
1
60
0
100
AcDbLine
10
28.728381
20
-1.722449
30
0
11
28.351404
21
-2.229344
31
0
39
0
210
0
220
0
230
1
0
LINE
5
8C
100
AcDbEntity
8
1
62
256
6
ByLayer
370
18
48
1
60
0
100
AcDbLine
10
29.858651
20
-0.832027
30
0
11
29.901934
21
-0.88799
31
0
39
0
210
0
220
0
230
1
0
LINE
5
8D
100
AcDbEntity
8
1
62
256
6
ByLayer
370
18
48
1
60
0
100
AcDbLine
10
29.901934
20
-0.88799
30
0
11
29.972108
21
-1.955756
31
0
39
0
210
0
220
0
230
1
0
LINE
5
8E
100
AcDbEntity
8
1
62
256
6
ByLayer
370
18
48
1
60
0
100
AcDbLine
10
29.9044
20
-1.533289
30
0
11
29.858651
21
-0.832027
31
0
39
0
210
0
220
0
230
1
0
LINE
5
8F
100
AcDbEntity
8
1
62
256
6
ByLayer
370
18
48
1
60
0
100
AcDbLine
10
29.66654
20
-0.670168
30
0
11
29.858651
21
-0.832027
31
0
39
0
210
0
220
0
230
1
0
LINE
5
90
100
AcDbEntity
8
1
62
256
6
ByLayer
370
18
48
1
60
0
100
AcDbLine
10
29.904478
20
0.494116
30
0
11
29.972108
21
0.957521
31
0
39
0
210
0
220
0
230
1
0
LINE
5
91
100
AcDbEntity
8
1
62
256
6
ByLayer
370
13
48
1
60
0
100
AcDbLine
10
28.926039
20
0.836224
30
0
11
29.504492
21
0.419733
31
0
39
0
210
0
220
0
230
1
0
LINE
5
92
100
AcDbEntity
8
1
62
256
6
ByLayer
370
18
48
1
60
0
100
AcDbLine
10
29.904478
20
0.494116
30
0
11
29.504492
21
0.419733
31
0
39
0
210
0
220
0
230
1
0
LINE
5
93
100
AcDbEntity
8
1
62
256
6
ByLayer
370
13
48
1
60
0
100
AcDbLine
10
2.997679
20
-2.85
30
0
11
2.997679
21
0
31
0
39
0
210
0
220
0
230
1
0
LINE
5
94
100
AcDbEntity
8
1
62
256
6
ByLayer
370
13
48
1
60
0
100
AcDbLine
10
2.997679
20
0
30
0
11
2.997679
21
2.85
31
0
39
0
210
0
220
0
230
1
0
LINE
5
95
100
AcDbEntity
8
1
62
256
6
ByLayer
370
13
48
1
60
0
100
AcDbLine
10
2.497679
20
2.983975
30
0
11
2.497679
21
0
31
0
39
0
210
0
220
0
230
1
0
LINE
5
96
100
AcDbEntity
8
1
62
256
6
ByLayer
370
13
48
1
60
0
100
AcDbLine
10
2.497679
20
0
30
0
11
2.497679
21
-2.983975
31
0
39
0
210
0
220
0
230
1
0
LINE
5
97
100
AcDbEntity
8
1
62
256
6
ByLayer
370
18
48
1
60
0
100
AcDbLine
10
2.469922
20
3
30
0
11
2.469922
21
0
31
0
39
0
210
0
220
0
230
1
0
LINE
5
98
100
AcDbEntity
8
1
62
256
6
ByLayer
370
18
48
1
60
0
100
AcDbLine
10
2.469922
20
0
30
0
11
2.469922
21
-3
31
0
39
0
210
0
220
0
230
1
0
LINE
5
99
100
AcDbEntity
8
SK1
62
256
6
ByLayer
370
18
48
1
60
0
100
AcDbLine
10
-36
20
-2.6
30
0
11
-36
21
2.6
31
0
39
0
210
0
220
0
230
1
0
LINE
5
9B
100
AcDbEntity
8
SK1
62
256
6
ByLayer
370
18
48
1
60
0
100
AcDbLine
10
0
20
3
30
0
11
0
21
0
31
0
39
0
210
0
220
0
230
1
0
LINE
5
9C
100
AcDbEntity
8
SK1
62
256
6
ByLayer
370
18
48
1
60
0
100
AcDbLine
10
0
20
0
30
0
11
0
21
-3
31
0
39
0
210
0
220
0
230
1
0
LINE
5
9D
100
AcDbEntity
8
SK1
62
256
6
ByLayer
370
18
48
1
60
0
100
AcDbLine
10
-35.6
20
3
30
0
11
-35.6
21
-3
31
0
39
0
210
0
220
0
230
1
0
LINE
5
9E
100
AcDbEntity
8
SK1
62
256
6
ByLayer
370
18
48
1
60
0
100
AcDbLine
10
-20.1
20
2.1
30
0
11
-21
21
3
31
0
39
0
210
0
220
0
230
1
0
LINE
5
9F
100
AcDbEntity
8
SK1
62
256
6
ByLayer
370
18
48
1
60
0
100
AcDbLine
10
-15
20
3
30
0
11
-15.9
21
2.1
31
0
39
0
210
0
220
0
230
1
0
LINE
5
A0
100
AcDbEntity
8
SK1
62
256
6
ByLayer
370
18
48
1
60
0
100
AcDbLine
10
-20.1
20
2.1
30
0
11
-15.9
21
2.1
31
0
39
0
210
0
220
0
230
1
0
LINE
5
A1
100
AcDbEntity
8
1
62
256
6
ByLayer
370
18
48
1
60
0
100
AcDbLine
10
2.469922
20
3
30
0
11
0
21
3
31
0
39
0
210
0
220
0
230
1
0
LINE
5
A2
100
AcDbEntity
8
1
62
256
6
ByLayer
370
18
48
1
60
0
100
AcDbLine
10
0
20
-3
30
0
11
2.469922
21
-3
31
0
39
0
210
0
220
0
230
1
0
LINE
5
A3
100
AcDbEntity
8
1
62
256
6
ByLayer
370
18
48
1
60
0
100
AcDbLine
10
7.994097
20
2.85
30
0
11
2.997679
21
2.85
31
0
39
0
210
0
220
0
230
1
0
LINE
5
A4
100
AcDbEntity
8
1
62
256
6
ByLayer
370
18
48
1
60
0
100
AcDbLine
10
2.997679
20
-2.85
30
0
11
8.412287
21
-2.85
31
0
39
0
210
0
220
0
230
1
0
LINE
5
A5
100
AcDbEntity
8
1
62
256
6
ByLayer
370
18
48
1
60
0
100
AcDbLine
10
2.497679
20
2.983975
30
0
11
2.469922
21
3
31
0
39
0
210
0
220
0
230
1
0
LINE
5
A6
100
AcDbEntity
8
1
62
256
6
ByLayer
370
18
48
1
60
0
100
AcDbLine
10
2.469922
20
-3
30
0
11
2.497679
21
-2.983975
31
0
39
0
210
0
220
0
230
1
0
LINE
5
A7
100
AcDbEntity
8
SK1
62
256
6
ByLayer
370
18
48
1
60
0
100
AcDbLine
10
-36
20
-2.6
30
0
11
-35.6
21
-3
31
0
39
0
210
0
220
0
230
1
0
LINE
5
A8
100
AcDbEntity
8
SK1
62
256
6
ByLayer
370
18
48
1
60
0
100
AcDbLine
10
-35.6
20
3
30
0
11
-36
21
2.6
31
0
39
0
210
0
220
0
230
1
0
LINE
5
A9
100
AcDbEntity
8
SK1
62
256
6
ByLayer
370
18
48
1
60
0
100
AcDbLine
10
0
20
3
30
0
11
-15
21
3
31
0
39
0
210
0
220
0
230
1
0
LINE
5
AA
100
AcDbEntity
8
SK1
62
256
6
ByLayer
370
18
48
1
60
0
100
AcDbLine
10
-21
20
3
30
0
11
-35.6
21
3
31
0
39
0
210
0
220
0
230
1
0
LINE
5
AB
100
AcDbEntity
8
SK1
62
256
6
ByLayer
370
18
48
1
60
0
100
AcDbLine
10
-35.6
20
-3
30
0
11
0
21
-3
31
0
39
0
210
0
220
0
230
1
0
LINE
5
AC
100
AcDbEntity
8
SK2
62
256
6
ByLayer
370
18
48
1
60
0
100
AcDbLine
10
-43.85
20
11.75
30
0
11
-43.85
21
-19.315466
31
0
39
0
210
0
220
0
230
1
0
LINE
5
AE
100
AcDbEntity
8
SK2
62
256
6
ByLayer
370
18
48
1
60
0
100
AcDbLine
10
-37.1875
20
3
30
0
11
-45.85
21
3
31
0
39
0
210
0
220
0
230
1
0
LINE
5
AF
100
AcDbEntity
8
SK2
62
256
6
ByLayer
370
18
48
1
60
0
100
AcDbLine
10
-37.1875
20
-3
30
0
11
-45.85
21
-3
31
0
39
0
210
0
220
0
230
1
0
LINE
5
B0
100
AcDbEntity
8
1
62
256
6
ByLayer
370
18
48
1
60
1
100
AcDbLine
10
-43.85
20
3
30
0
11
-44.310784
21
6.499998
31
0
39
0
210
0
220
0
230
1
0
LINE
5
B1
100
AcDbEntity
8
1
62
256
6
ByLayer
370
18
48
1
60
1
100
AcDbLine
10
-44.310784
20
6.499998
30
0
11
-43.389216
21
6.500002
31
0
39
0
210
0
220
0
230
1
0
LINE
5
B2
100
AcDbEntity
8
1
62
256
6
ByLayer
370
18
48
1
60
1
100
AcDbLine
10
-43.389216
20
6.500002
30
0
11
-43.85
21
3
31
0
39
0
210
0
220
0
230
1
0
LINE
5
B3
100
AcDbEntity
8
1
62
256
6
ByLayer
370
18
48
1
60
1
100
AcDbLine
10
-43.85
20
-3
30
0
11
-43.389216
21
-6.499998
31
0
39
0
210
0
220
0
230
1
0
LINE
5
B4
100
AcDbEntity
8
1
62
256
6
ByLayer
370
18
48
1
60
1
100
AcDbLine
10
-43.389216
20
-6.499998
30
0
11
-44.310784
21
-6.500002
31
0
39
0
210
0
220
0
230
1
0
LINE
5
B5
100
AcDbEntity
8
1
62
256
6
ByLayer
370
18
48
1
60
1
100
AcDbLine
10
-44.310784
20
-6.500002
30
0
11
-43.85
21
-3
31
0
39
0
210
0
220
0
230
1
0
LINE
5
B6
100
AcDbEntity
8
SK2
62
256
6
ByLayer
370
13
48
1
60
0
100
AcDbLine
10
8.184961
20
27.198932
30
0
11
8.184961
21
-11.6
31
0
39
0
210
0
220
0
230
1
0
LINE
5
B7
100
AcDbEntity
8
SK2
62
256
6
ByLayer
370
13
48
1
60
0
100
AcDbLine
10
8.884743
20
2.85
30
0
11
6.184961
21
2.85
31
0
39
0
210
0
220
0
230
1
0
LINE
5
B8
100
AcDbEntity
8
SK2
62
256
6
ByLayer
370
13
48
1
60
0
100
AcDbLine
10
8.884743
20
-2.85
30
0
11
6.184961
21
-2.85
31
0
39
0
210
0
220
0
230
1
0
LINE
5
B9
100
AcDbEntity
8
1
62
256
6
ByLayer
370
18
48
1
60
1
100
AcDbLine
10
8.184961
20
2.85
30
0
11
7.724177
21
6.349998
31
0
39
0
210
0
220
0
230
1
0
LINE
5
BA
100
AcDbEntity
8
1
62
256
6
ByLayer
370
18
48
1
60
1
100
AcDbLine
10
7.724177
20
6.349998
30
0
11
8.645745
21
6.350002
31
0
39
0
210
0
220
0
230
1
0
LINE
5
BB
100
AcDbEntity
8
1
62
256
6
ByLayer
370
18
48
1
60
1
100
AcDbLine
10
8.645745
20
6.350002
30
0
11
8.184961
21
2.85
31
0
39
0
210
0
220
0
230
1
0
LINE
5
BC
100
AcDbEntity
8
1
62
256
6
ByLayer
370
18
48
1
60
1
100
AcDbLine
10
8.184961
20
-2.85
30
0
11
8.645745
21
-6.349998
31
0
39
0
210
0
220
0
230
1
0
LINE
5
BD
100
AcDbEntity
8
1
62
256
6
ByLayer
370
18
48
1
60
1
100
AcDbLine
10
8.645745
20
-6.349998
30
0
11
7.724177
21
-6.350002
31
0
39
0
210
0
220
0
230
1
0
LINE
5
BE
100
AcDbEntity
8
1
62
256
6
ByLayer
370
18
48
1
60
1
100
AcDbLine
10
7.724177
20
-6.350002
30
0
11
8.184961
21
-2.85
31
0
39
0
210
0
220
0
230
1
0
LINE
5
BF
100
AcDbEntity
8
2
62
256
6
ByLayer
370
13
48
1
60
0
100
AcDbLine
10
42
20
19.315466
30
0
11
42
21
-11.75
31
0
39
0
210
0
220
0
230
1
0
LINE
5
C1
100
AcDbEntity
8
2
62
256
6
ByLayer
370
13
48
1
60
0
100
AcDbLine
10
12.5875
20
3
30
0
11
44
21
3
31
0
39
0
210
0
220
0
230
1
0
LINE
5
C2
100
AcDbEntity
8
2
62
256
6
ByLayer
370
13
48
1
60
0
100
AcDbLine
10
12.5875
20
-3
30
0
11
44
21
-3
31
0
39
0
210
0
220
0
230
1
0
LINE
5
C3
100
AcDbEntity
8
1
62
256
6
ByLayer
370
18
48
1
60
1
100
AcDbLine
10
42
20
3
30
0
11
41.539216
21
6.499998
31
0
39
0
210
0
220
0
230
1
0
LINE
5
C4
100
AcDbEntity
8
1
62
256
6
ByLayer
370
18
48
1
60
1
100
AcDbLine
10
41.539216
20
6.499998
30
0
11
42.460784
21
6.500002
31
0
39
0
210
0
220
0
230
1
0
LINE
5
C5
100
AcDbEntity
8
1
62
256
6
ByLayer
370
18
48
1
60
1
100
AcDbLine
10
42.460784
20
6.500002
30
0
11
42
21
3
31
0
39
0
210
0
220
0
230
1
0
LINE
5
C6
100
AcDbEntity
8
1
62
256
6
ByLayer
370
18
48
1
60
1
100
AcDbLine
10
42
20
-3
30
0
11
42.460784
21
-6.499998
31
0
39
0
210
0
220
0
230
1
0
LINE
5
C7
100
AcDbEntity
8
1
62
256
6
ByLayer
370
18
48
1
60
1
100
AcDbLine
10
42.460784
20
-6.499998
30
0
11
41.539216
21
-6.500002
31
0
39
0
210
0
220
0
230
1
0
LINE
5
C8
100
AcDbEntity
8
1
62
256
6
ByLayer
370
18
48
1
60
1
100
AcDbLine
10
41.539216
20
-6.500002
30
0
11
42
21
-3
31
0
39
0
210
0
220
0
230
1
0
LINE
5
C9
100
AcDbEntity
8
SK2
62
256
6
ByLayer
370
18
48
1
60
0
100
AcDbLine
10
30
20
-52.135279
30
0
11
-36
21
-52.135279
31
0
39
0
210
0
220
0
230
1
0
LINE
5
CA
100
AcDbEntity
8
SK2
62
256
6
ByLayer
370
18
48
1
60
0
100
AcDbLine
10
-36
20
-4.1875
30
0
11
-36
21
-54.135279
31
0
39
0
210
0
220
0
230
1
0
LINE
5
CB
100
AcDbEntity
8
SK2
62
256
6
ByLayer
370
18
48
1
60
0
100
AcDbLine
10
30
20
-4.5875
30
0
11
30
21
-54.135279
31
0
39
0
210
0
220
0
230
1
0
LINE
5
CC
100
AcDbEntity
8
1
62
256
6
ByLayer
370
18
48
1
60
1
100
AcDbLine
10
-36
20
-52.135279
30
0
11
-32.500002
21
-51.674495
31
0
39
0
210
0
220
0
230
1
0
LINE
5
CD
100
AcDbEntity
8
1
62
256
6
ByLayer
370
18
48
1
60
1
100
AcDbLine
10
-32.500002
20
-51.674495
30
0
11
-32.499998
21
-52.596063
31
0
39
0
210
0
220
0
230
1
0
LINE
5
CE
100
AcDbEntity
8
1
62
256
6
ByLayer
370
18
48
1
60
1
100
AcDbLine
10
-32.499998
20
-52.596063
30
0
11
-36
21
-52.135279
31
0
39
0
210
0
220
0
230
1
0
LINE
5
CF
100
AcDbEntity
8
1
62
256
6
ByLayer
370
18
48
1
60
1
100
AcDbLine
10
30
20
-52.135279
30
0
11
26.500002
21
-52.596063
31
0
39
0
210
0
220
0
230
1
0
LINE
5
D0
100
AcDbEntity
8
1
62
256
6
ByLayer
370
18
48
1
60
1
100
AcDbLine
10
26.500002
20
-52.596063
30
0
11
26.499998
21
-51.674495
31
0
39
0
210
0
220
0
230
1
0
LINE
5
D1
100
AcDbEntity
8
1
62
256
6
ByLayer
370
18
48
1
60
1
100
AcDbLine
10
26.499998
20
-51.674495
30
0
11
30
21
-52.135279
31
0
39
0
210
0
220
0
230
1
0
LINE
5
D2
100
AcDbEntity
8
SK2
62
256
6
ByLayer
370
13
48
1
60
0
100
AcDbLine
10
29.834984
20
-2.871195
30
0
11
41.283935
21
-15.557724
31
0
39
0
210
0
220
0
230
1
0
LINE
5
D3
100
AcDbEntity
8
1
62
256
6
ByLayer
370
18
48
1
60
1
100
AcDbLine
10
29.834984
20
-2.871195
30
0
11
32.521955
21
-5.160845
31
0
39
0
210
0
220
0
230
1
0
LINE
5
D4
100
AcDbEntity
8
1
62
256
6
ByLayer
370
18
48
1
60
1
100
AcDbLine
10
32.521955
20
-5.160845
30
0
11
31.837795
21
-5.778269
31
0
39
0
210
0
220
0
230
1
0
LINE
5
D5
100
AcDbEntity
8
1
62
256
6
ByLayer
370
18
48
1
60
1
100
AcDbLine
10
31.837795
20
-5.778269
30
0
11
29.834984
21
-2.871195
31
0
39
0
210
0
220
0
230
1
0
LINE
5
1E7
100
AcDbEntity
8
1
62
256
6
ByLayer
370
18
48
1
60
1
100
AcDbLine
10
-43.85
20
3
30
0
11
-44.310784
21
6.499998
31
0
39
0
210
0
220
0
230
1
0
LINE
5
1E8
100
AcDbEntity
8
1
62
256
6
ByLayer
370
18
48
1
60
1
100
AcDbLine
10
-44.310784
20
6.499998
30
0
11
-43.389216
21
6.500002
31
0
39
0
210
0
220
0
230
1
0
LINE
5
1E9
100
AcDbEntity
8
1
62
256
6
ByLayer
370
18
48
1
60
1
100
AcDbLine
10
-43.389216
20
6.500002
30
0
11
-43.85
21
3
31
0
39
0
210
0
220
0
230
1
0
LINE
5
1EB
100
AcDbEntity
8
1
62
256
6
ByLayer
370
18
48
1
60
1
100
AcDbLine
10
-43.85
20
-3
30
0
11
-43.389216
21
-6.499998
31
0
39
0
210
0
220
0
230
1
0
LINE
5
1EC
100
AcDbEntity
8
1
62
256
6
ByLayer
370
18
48
1
60
1
100
AcDbLine
10
-43.389216
20
-6.499998
30
0
11
-44.310784
21
-6.500002
31
0
39
0
210
0
220
0
230
1
0
LINE
5
1ED
100
AcDbEntity
8
1
62
256
6
ByLayer
370
18
48
1
60
1
100
AcDbLine
10
-44.310784
20
-6.500002
30
0
11
-43.85
21
-3
31
0
39
0
210
0
220
0
230
1
0
LINE
5
1F1
100
AcDbEntity
8
1
62
256
6
ByLayer
370
18
48
1
60
1
100
AcDbLine
10
8.184961
20
2.85
30
0
11
7.724177
21
6.349998
31
0
39
0
210
0
220
0
230
1
0
LINE
5
1F2
100
AcDbEntity
8
1
62
256
6
ByLayer
370
18
48
1
60
1
100
AcDbLine
10
7.724177
20
6.349998
30
0
11
8.645745
21
6.350002
31
0
39
0
210
0
220
0
230
1
0
LINE
5
1F3
100
AcDbEntity
8
1
62
256
6
ByLayer
370
18
48
1
60
1
100
AcDbLine
10
8.645745
20
6.350002
30
0
11
8.184961
21
2.85
31
0
39
0
210
0
220
0
230
1
0
LINE
5
1F5
100
AcDbEntity
8
1
62
256
6
ByLayer
370
18
48
1
60
1
100
AcDbLine
10
8.184961
20
-2.85
30
0
11
8.645745
21
-6.349998
31
0
39
0
210
0
220
0
230
1
0
LINE
5
1F6
100
AcDbEntity
8
1
62
256
6
ByLayer
370
18
48
1
60
1
100
AcDbLine
10
8.645745
20
-6.349998
30
0
11
7.724177
21
-6.350002
31
0
39
0
210
0
220
0
230
1
0
LINE
5
1F7
100
AcDbEntity
8
1
62
256
6
ByLayer
370
18
48
1
60
1
100
AcDbLine
10
7.724177
20
-6.350002
30
0
11
8.184961
21
-2.85
31
0
39
0
210
0
220
0
230
1
0
LINE
5
1FB
100
AcDbEntity
8
1
62
256
6
ByLayer
370
18
48
1
60
1
100
AcDbLine
10
42
20
3
30
0
11
41.539216
21
6.499998
31
0
39
0
210
0
220
0
230
1
0
LINE
5
1FC
100
AcDbEntity
8
1
62
256
6
ByLayer
370
18
48
1
60
1
100
AcDbLine
10
41.539216
20
6.499998
30
0
11
42.460784
21
6.500002
31
0
39
0
210
0
220
0
230
1
0
LINE
5
1FD
100
AcDbEntity
8
1
62
256
6
ByLayer
370
18
48
1
60
1
100
AcDbLine
10
42.460784
20
6.500002
30
0
11
42
21
3
31
0
39
0
210
0
220
0
230
1
0
LINE
5
1FF
100
AcDbEntity
8
1
62
256
6
ByLayer
370
18
48
1
60
1
100
AcDbLine
10
42
20
-3
30
0
11
42.460784
21
-6.499998
31
0
39
0
210
0
220
0
230
1
0
LINE
5
200
100
AcDbEntity
8
1
62
256
6
ByLayer
370
18
48
1
60
1
100
AcDbLine
10
42.460784
20
-6.499998
30
0
11
41.539216
21
-6.500002
31
0
39
0
210
0
220
0
230
1
0
LINE
5
201
100
AcDbEntity
8
1
62
256
6
ByLayer
370
18
48
1
60
1
100
AcDbLine
10
41.539216
20
-6.500002
30
0
11
42
21
-3
31
0
39
0
210
0
220
0
230
1
0
LINE
5
204
100
AcDbEntity
8
1
62
256
6
ByLayer
370
18
48
1
60
1
100
AcDbLine
10
-36
20
-52.135279
30
0
11
-32.500002
21
-51.674495
31
0
39
0
210
0
220
0
230
1
0
LINE
5
205
100
AcDbEntity
8
1
62
256
6
ByLayer
370
18
48
1
60
1
100
AcDbLine
10
-32.500002
20
-51.674495
30
0
11
-32.499998
21
-52.596063
31
0
39
0
210
0
220
0
230
1
0
LINE
5
206
100
AcDbEntity
8
1
62
256
6
ByLayer
370
18
48
1
60
1
100
AcDbLine
10
-32.499998
20
-52.596063
30
0
11
-36
21
-52.135279
31
0
39
0
210
0
220
0
230
1
0
LINE
5
208
100
AcDbEntity
8
1
62
256
6
ByLayer
370
18
48
1
60
1
100
AcDbLine
10
30
20
-52.135279
30
0
11
26.500002
21
-52.596063
31
0
39
0
210
0
220
0
230
1
0
LINE
5
209
100
AcDbEntity
8
1
62
256
6
ByLayer
370
18
48
1
60
1
100
AcDbLine
10
26.500002
20
-52.596063
30
0
11
26.499998
21
-51.674495
31
0
39
0
210
0
220
0
230
1
0
LINE
5
20A
100
AcDbEntity
8
1
62
256
6
ByLayer
370
18
48
1
60
1
100
AcDbLine
10
26.499998
20
-51.674495
30
0
11
30
21
-52.135279
31
0
39
0
210
0
220
0
230
1
0
LINE
5
20E
100
AcDbEntity
8
1
62
256
6
ByLayer
370
18
48
1
60
1
100
AcDbLine
10
29.834984
20
-2.871195
30
0
11
32.521955
21
-5.160845
31
0
39
0
210
0
220
0
230
1
0
LINE
5
20F
100
AcDbEntity
8
1
62
256
6
ByLayer
370
18
48
1
60
1
100
AcDbLine
10
32.521955
20
-5.160845
30
0
11
31.837795
21
-5.778269
31
0
39
0
210
0
220
0
230
1
0
LINE
5
210
100
AcDbEntity
8
1
62
256
6
ByLayer
370
18
48
1
60
1
100
AcDbLine
10
31.837795
20
-5.778269
30
0
11
29.834984
21
-2.871195
31
0
39
0
210
0
220
0
230
1
0
MTEXT
5
1E3
100
AcDbEntity
8
SK2
62
256
6
ByLayer
370
18
48
1
60
0
100
AcDbMText
10
-45.414634
20
-17.380622
30
0
210
0
220
0
230
1
1
%%c
40
3.5
41
0
44
1.084337
50
90
71
7
72
5
7
iso_b_vert
0
MTEXT
5
1E6
100
AcDbEntity
8
SK2
62
256
6
ByLayer
370
18
48
1
60
0
100
AcDbMText
10
-45.414634
20
-10.407966
30
0
210
0
220
0
230
1
1
\W0.5404;6
40
3.5
41
0
44
1.084337
50
90
71
7
72
5
7
iso_b_vert
0
MTEXT
5
1EF
100
AcDbEntity
8
SK2
62
256
6
ByLayer
370
18
48
1
60
0
100
AcDbMText
10
6.620328
20
14.784844
30
0
210
0
220
0
230
1
1
%%c
40
3.5
41
0
44
1.084337
50
90
71
7
72
5
7
iso_b_vert
0
MTEXT
5
1F0
100
AcDbEntity
8
SK2
62
256
6
ByLayer
370
18
48
1
60
0
100
AcDbMText
10
6.620328
20
21.7575
30
0
210
0
220
0
230
1
1
\W0.7121;5.7
40
3.5
41
0
44
1.084337
50
90
71
7
72
5
7
iso_b_vert
0
MTEXT
5
1F9
100
AcDbEntity
8
2
62
256
6
ByLayer
370
18
48
1
60
0
100
AcDbMText
10
40.435366
20
10.934844
30
0
210
0
220
0
230
1
1
%%c
40
3.5
41
0
44
1.084337
50
90
71
7
72
5
7
iso_b_vert
0
MTEXT
5
1FA
100
AcDbEntity
8
2
62
256
6
ByLayer
370
18
48
1
60
0
100
AcDbMText
10
40.435366
20
17.9075
30
0
210
0
220
0
230
1
1
\W0.5404;6
40
3.5
41
0
44
1.084337
50
90
71
7
72
5
7
iso_b_vert
0
MTEXT
5
203
100
AcDbEntity
8
SK2
62
256
6
ByLayer
370
18
48
1
60
0
100
AcDbMText
10
-4.904966
20
-51.102646
30
0
210
0
220
0
230
1
1
\W0.6740;66
40
3.5
41
0
44
1.084337
50
0
71
7
72
5
7
iso_b_vert
0
MTEXT
5
20C
100
AcDbEntity
8
SK2
62
256
6
ByLayer
370
18
48
1
60
0
100
AcDbMText
10
35.899851
20
-7.922363
30
0
210
0
220
0
230
1
1
\W0.6380;R
40
3.5
41
0
44
1.084337
50
312.064653797429
71
7
72
5
7
iso_b_vert
0
MTEXT
5
20D
100
AcDbEntity
8
SK2
62
256
6
ByLayer
370
18
48
1
60
0
100
AcDbMText
10
38.368016
20
-10.657325
30
0
210
0
220
0
230
1
1
\W0.7121;0.5
40
3.5
41
0
44
1.084337
50
312.064653797429
71
7
72
5
7
iso_b_vert
0
MTEXT
5
212
100
AcDbEntity
8
SK6
62
256
6
ByLayer
370
18
48
1
60
0
100
AcDbMText
10
-28.124266
20
-62.089466
30
0
210
0
220
0
230
1
1
\W0.7355;2F365-0600-050-TD   1745
40
3
41
0
44
1.084337
50
0
71
7
72
5
7
iso_b_vert
0
HATCH
5
1EA
100
AcDbEntity
8
SK2
62
256
6
ByLayer
370
13
48
1
60
0
100
AcDbHatch
10
0
20
0
30
0
210
0
220
0
230
1
2
ANSI31
70
0
71
0
91
1
92
5
93
3
72
1
10
-43.85
20
3
11
-44.3107837415528
21
6.49999830744682
72
1
10
-44.3107837415528
20
6.49999830744682
11
-43.3892162584472
21
6.50000169255318
72
1
10
-43.3892162584472
20
6.50000169255318
11
-43.85
21
3
97
0
75
0
76
1
52
0
41
0.0062
77
0
78
1
53
45
43
0
44
0
45
-0.0139193969876572
46
0.0139193969876572
79
0
47
0
98
1
10
0
20
0
0
HATCH
5
1EE
100
AcDbEntity
8
SK2
62
256
6
ByLayer
370
13
48
1
60
0
100
AcDbHatch
10
0
20
0
30
0
210
0
220
0
230
1
2
ANSI31
70
0
71
0
91
1
92
5
93
3
72
1
10
-43.85
20
-3
11
-43.3892162584472
21
-6.49999830744682
72
1
10
-43.3892162584472
20
-6.49999830744682
11
-44.3107837415528
21
-6.50000169255318
72
1
10
-44.3107837415528
20
-6.50000169255318
11
-43.85
21
-3
97
0
75
0
76
1
52
0
41
0.0062
77
0
78
1
53
45
43
0
44
0
45
-0.0139193969876572
46
0.0139193969876572
79
0
47
0
98
1
10
0
20
0
0
HATCH
5
1F4
100
AcDbEntity
8
SK2
62
256
6
ByLayer
370
13
48
1
60
0
100
AcDbHatch
10
0
20
0
30
0
210
0
220
0
230
1
2
ANSI31
70
0
71
0
91
1
92
5
93
3
72
1
10
8.18496105429719
20
2.84999999999997
11
7.72417731274442
21
6.34999830744678
72
1
10
7.72417731274442
20
6.34999830744678
11
8.64574479584996
21
6.35000169255315
72
1
10
8.64574479584996
20
6.35000169255315
11
8.18496105429719
21
2.84999999999997
97
0
75
0
76
1
52
0
41
0.0062
77
0
78
1
53
45
43
0
44
0
45
-0.0139193969876572
46
0.0139193969876572
79
0
47
0
98
1
10
0
20
0
0
HATCH
5
1F8
100
AcDbEntity
8
SK2
62
256
6
ByLayer
370
13
48
1
60
0
100
AcDbHatch
10
0
20
0
30
0
210
0
220
0
230
1
2
ANSI31
70
0
71
0
91
1
92
5
93
3
72
1
10
8.18496105429719
20
-2.85000000000002
11
8.64574479584996
21
-6.34999830744684
72
1
10
8.64574479584996
20
-6.34999830744684
11
7.72417731274442
21
-6.35000169255321
72
1
10
7.72417731274442
20
-6.35000169255321
11
8.18496105429719
21
-2.85000000000002
97
0
75
0
76
1
52
0
41
0.0062
77
0
78
1
53
45
43
0
44
0
45
-0.0139193969876572
46
0.0139193969876572
79
0
47
0
98
1
10
0
20
0
0
HATCH
5
1FE
100
AcDbEntity
8
2
62
256
6
ByLayer
370
13
48
1
60
0
100
AcDbHatch
10
0
20
0
30
0
210
0
220
0
230
1
2
ANSI31
70
0
71
0
91
1
92
5
93
3
72
1
10
42
20
2.99999999999997
11
41.5392162584472
21
6.49999830744679
72
1
10
41.5392162584472
20
6.49999830744679
11
42.4607837415528
21
6.50000169255316
72
1
10
42.4607837415528
20
6.50000169255316
11
42
21
2.99999999999997
97
0
75
0
76
1
52
0
41
0.0062
77
0
78
1
53
45
43
0
44
0
45
-0.0139193969876572
46
0.0139193969876572
79
0
47
0
98
1
10
0
20
0
0
HATCH
5
202
100
AcDbEntity
8
2
62
256
6
ByLayer
370
13
48
1
60
0
100
AcDbHatch
10
0
20
0
30
0
210
0
220
0
230
1
2
ANSI31
70
0
71
0
91
1
92
5
93
3
72
1
10
42
20
-3.00000000000003
11
42.4607837415528
21
-6.49999830744684
72
1
10
42.4607837415528
20
-6.49999830744684
11
41.5392162584472
21
-6.50000169255321
72
1
10
41.5392162584472
20
-6.50000169255321
11
42
21
-3.00000000000003
97
0
75
0
76
1
52
0
41
0.0062
77
0
78
1
53
45
43
0
44
0
45
-0.0139193969876572
46
0.0139193969876572
79
0
47
0
98
1
10
0
20
0
0
HATCH
5
207
100
AcDbEntity
8
SK2
62
256
6
ByLayer
370
13
48
1
60
0
100
AcDbHatch
10
0
20
0
30
0
210
0
220
0
230
1
2
ANSI31
70
0
71
0
91
1
92
5
93
3
72
1
10
-36
20
-52.1352791025576
11
-32.5000016925532
21
-51.6744953610049
72
1
10
-32.5000016925532
20
-51.6744953610049
11
-32.4999983074468
21
-52.5960628441104
72
1
10
-32.4999983074468
20
-52.5960628441104
11
-36
21
-52.1352791025576
97
0
75
0
76
1
52
0
41
0.0062
77
0
78
1
53
45
43
0
44
0
45
-0.0139193969876572
46
0.0139193969876572
79
0
47
0
98
1
10
0
20
0
0
HATCH
5
20B
100
AcDbEntity
8
SK2
62
256
6
ByLayer
370
13
48
1
60
0
100
AcDbHatch
10
0
20
0
30
0
210
0
220
0
230
1
2
ANSI31
70
0
71
0
91
1
92
5
93
3
72
1
10
30
20
-52.1352791025576
11
26.5000016925532
21
-52.5960628441104
72
1
10
26.5000016925532
20
-52.5960628441104
11
26.4999983074468
21
-51.6744953610049
72
1
10
26.4999983074468
20
-51.6744953610049
11
30
21
-52.1352791025576
97
0
75
0
76
1
52
0
41
0.0062
77
0
78
1
53
45
43
0
44
0
45
-0.0139193969876572
46
0.0139193969876572
79
0
47
0
98
1
10
0
20
0
0
HATCH
5
211
100
AcDbEntity
8
SK2
62
256
6
ByLayer
370
13
48
1
60
0
100
AcDbHatch
10
0
20
0
30
0
210
0
220
0
230
1
2
ANSI31
70
0
71
0
91
1
92
5
93
3
72
1
10
29.8349843804345
20
-2.87119464552302
11
32.5219548247355
21
-5.16084519529329
72
1
10
32.5219548247355
20
-5.16084519529329
11
31.8377952622174
21
-5.77826913307348
72
1
10
31.8377952622174
20
-5.77826913307348
11
29.8349843804345
21
-2.87119464552302
97
0
75
0
76
1
52
0
41
0.0062
77
0
78
1
53
45
43
0
44
0
45
-0.0139193969876572
46
0.0139193969876572
79
0
47
0
98
1
10
0
20
0
0
DIMENSION
5
215
100
AcDbEntity
8
SK2
62
256
6
ByLayer
370
18
48
1
60
0
100
AcDbDimension
2
_U0
10
0
20
-42.135279
30
0
11
15
21
-42.135279
31
0
70
32
71
1
72
1
41
1
210
0
220
0
230
1
3
Standard
100
AcDbAlignedDimension
13
30
23
-3.05
33
0
14
0
24
0
34
0
50
0
100
AcDbRotatedDimension
1001
ACAD
1000
DSTYLE
1002
{
1070
   371
1070
    13
1070
   372
1070
    13
1070
   170
1070
     0
1070
   144
1040
1.0
1070
   277
1070
     2
1070
   284
1070
     8
1070
   278
1070
    46
1070
   146
1040
1.0
1070
   345
1005
16
1070
   347
1005
16
1070
   346
1005
16
1070
   344
1005
0
1070
   343
1005
0
1070
   172
1070
     1
1070
    76
1070
     0
1070
    75
1070
     0
1070
   282
1070
     0
1070
   281
1070
     0
1070
    71
1070
     0
1070
    74
1070
     0
1070
   279
1070
     0
1070
   173
1070
     1
1070
   340
1005
1E4
1070
   271
1070
     2
1070
   272
1070
     2
1070
    77
1070
     1
1070
    73
1070
     1
1070
   171
1070
     3
1070
   274
1070
     4
1070
   177
1070
     2
1070
   176
1070
     2
1070
   178
1070
     2
1070
    78
1070
     8
1070
    48
1040
-0.1
1070
    41
1040
3.5
1070
   147
1040
1.75
1070
    42
1040
1.5875
1070
    44
1040
2.0
1070
   140
1040
3.5
1002
}
1001
ACAD_DSTYLE_DIM_LINETYPE
1070
   380
1005
16
1001
ACAD_DSTYLE_DIM_EXT1_LINETYPE
1070
   381
1005
16
1001
ACAD_DSTYLE_DIM_EXT2_LINETYPE
1070
   382
1005
16
0
DIMENSION
5
22E
100
AcDbEntity
8
2
62
256
6
ByLayer
370
18
48
1
60
0
100
AcDbDimension
2
_U1
10
11
20
-20.635279
30
0
11
44.23615
21
-20.635279
31
0
70
32
71
1
72
1
41
1
210
0
220
0
230
1
3
Standard
100
AcDbAlignedDimension
13
30
23
-3.05
33
0
14
11
24
-3.05
34
0
50
0
100
AcDbRotatedDimension
1001
ACAD
1000
DSTYLE
1002
{
1070
   371
1070
    13
1070
   372
1070
    13
1070
   170
1070
     0
1070
   144
1040
1.0
1070
   277
1070
     2
1070
   284
1070
     8
1070
   278
1070
    46
1070
   146
1040
1.0
1070
   345
1005
16
1070
   347
1005
16
1070
   346
1005
16
1070
   344
1005
0
1070
   343
1005
0
1070
   172
1070
     1
1070
    76
1070
     0
1070
    75
1070
     0
1070
   282
1070
     0
1070
   281
1070
     0
1070
    71
1070
     0
1070
    74
1070
     0
1070
   279
1070
     0
1070
   173
1070
     1
1070
   340
1005
1E4
1070
   271
1070
     2
1070
   272
1070
     2
1070
    77
1070
     1
1070
    73
1070
     1
1070
   171
1070
     3
1070
   274
1070
     4
1070
   177
1070
     2
1070
   176
1070
     2
1070
   178
1070
     2
1070
    78
1070
     8
1070
    48
1040
-0.1
1070
    41
1040
3.5
1070
   147
1040
1.75
1070
    42
1040
1.5875
1070
    44
1040
2.0
1070
   140
1040
3.5
1002
}
1001
ACAD_DSTYLE_DIM_LINETYPE
1070
   380
1005
16
1001
ACAD_DSTYLE_DIM_EXT1_LINETYPE
1070
   381
1005
16
1001
ACAD_DSTYLE_DIM_EXT2_LINETYPE
1070
   382
1005
16
0
DIMENSION
5
247
100
AcDbEntity
8
SK2
62
256
6
ByLayer
370
18
48
1
60
0
100
AcDbDimension
2
_U2
10
2.997679
20
-35.135279
30
0
11
16.498839
21
-35.135279
31
0
70
32
71
1
72
1
41
1
210
0
220
0
230
1
3
Standard
100
AcDbAlignedDimension
13
30
23
-3.05
33
0
14
2.997679
24
-2.85
34
0
50
0
100
AcDbRotatedDimension
1001
ACAD
1000
DSTYLE
1002
{
1070
   371
1070
    13
1070
   372
1070
    13
1070
   170
1070
     0
1070
   144
1040
1.0
1070
   277
1070
     2
1070
   284
1070
     8
1070
   278
1070
    46
1070
   146
1040
1.0
1070
   345
1005
16
1070
   347
1005
16
1070
   346
1005
16
1070
   344
1005
0
1070
   343
1005
0
1070
   172
1070
     1
1070
    76
1070
     0
1070
    75
1070
     0
1070
   282
1070
     0
1070
   281
1070
     0
1070
    71
1070
     0
1070
    74
1070
     0
1070
   279
1070
     0
1070
   173
1070
     1
1070
   340
1005
1E4
1070
   271
1070
     2
1070
   272
1070
     2
1070
    77
1070
     1
1070
    73
1070
     1
1070
   171
1070
     3
1070
   274
1070
     4
1070
   177
1070
     2
1070
   176
1070
     2
1070
   178
1070
     2
1070
    78
1070
     8
1070
    48
1040
-0.1
1070
    41
1040
3.5
1070
   147
1040
1.75
1070
    42
1040
1.5875
1070
    44
1040
2.0
1070
   140
1040
3.5
1002
}
1001
ACAD_DSTYLE_DIM_LINETYPE
1070
   380
1005
16
1001
ACAD_DSTYLE_DIM_EXT1_LINETYPE
1070
   381
1005
16
1001
ACAD_DSTYLE_DIM_EXT2_LINETYPE
1070
   382
1005
16
0
ENDSEC
0
SECTION
2
OBJECTS
0
DICTIONARY
5
2cf
330
0
100
AcDbDictionary
280
0
281
1
3
ACAD_GROUP
350
2d0
3
ACAD_MLINESTYLE
350
2d1
0
DICTIONARY
5
2d0
330
0
100
AcDbDictionary
280
0
281
1
0
DICTIONARY
5
2d1
330
0
100
AcDbDictionary
280
0
281
1
3
Standard
350
18
0
MLINESTYLE
5
18
330
2d1
100
AcDbMlineStyle
2
Standard
70
0
3

62
256
51
90
52
90
71
2
49
-0.5
62
256
6
ByLayer
49
0.5
62
256
6
ByLayer
0
RASTERVARIABLES
5
2bd
330

100
AcDbRasterVariables
90
0
70
1
71
1
72
1
0
ENDSEC
0
EOF
