0
SECTION
2
HEADER
9
$ACADVER
1
AC1015
9
$DWGCODEPAGE
3
ANSI_1252
9
$HANDSEED
5
272
9
$ANGBASE
50
0
9
$ANGDIR
70
0
9
$ATTMODE
70
1
9
$AUNITS
70
0
9
$AUPREC
70
0
9
$CECOLOR
62
256
9
$CELTSCALE
40
1
9
$CELTYPE
6
ByLayer
9
$CELWEIGHT
370
18
9
$CLAYER
8
0
9
$CMLJUST
70
0
9
$CMLSCALE
40
1
9
$CMLSTYLE
2
Standard
9
$DIMSTYLE
2
Standard
9
$TEXTSIZE
40
0.2
9
$TEXTSTYLE
7
Standard
9
$LUNITS
70
2
9
$LUPREC
70
4
9
$EXTNAMES
290
1
9
$INSUNITS
70
4
9
$LTSCALE
40
1
9
$LWDISPLAY
290
1
9
$PDMODE
70
0
9
$PDSIZE
40
0
9
$PLINEGEN
70
0
0
ENDSEC
0
SECTION
2
CLASSES
0
CLASS
1
RASTERVARIABLES
2
AcDbRasterVariables
3
ISM
90
0
280
0
281
0
0
ENDSEC
0
SECTION
2
TABLES
0
TABLE
2
VPORT
5
268
100
AcDbSymbolTable
0
VPORT
5
1
100
AcDbSymbolTableRecord
100
AcDbViewportTableRecord
2
*Active
70
0
10
0
20
0
11
1
21
1
12
-1
22
1
13
0
23
0
14
0.5
24
0.5
15
10
25
10
16
0
26
0
36
1
17
0
27
0
37
0
0
ENDTAB
0
TABLE
2
LTYPE
5
269
100
AcDbSymbolTable
0
LTYPE
5
14
100
AcDbSymbolTableRecord
100
AcDbLinetypeTableRecord
70
0
2
ByBlock
3

72
65
73
0
40
0
0
LTYPE
5
15
100
AcDbSymbolTableRecord
100
AcDbLinetypeTableRecord
70
0
2
ByLayer
3

72
65
73
0
40
0
0
LTYPE
5
16
100
AcDbSymbolTableRecord
100
AcDbLinetypeTableRecord
70
0
2
Continuous
3
Solid line
72
65
73
0
40
0
0
LTYPE
5
6E
100
AcDbSymbolTableRecord
100
AcDbLinetypeTableRecord
70
0
2
CENTER
3
____ _ ____ _ ____ _ ____
72
65
73
4
40
47.5
49
22
74
0
49
-8.5
74
0
49
8.5
74
0
49
-8.5
74
0
0
LTYPE
5
6F
100
AcDbSymbolTableRecord
100
AcDbLinetypeTableRecord
70
0
2
DASHED
3
__ __ __ __ __ __ __ __ __
72
65
73
2
40
25.72
49
12.86
74
0
49
-12.86
74
0
0
ENDTAB
0
TABLE
2
LAYER
5
26a
100
AcDbSymbolTable
0
LAYER
5
10
100
AcDbSymbolTableRecord
100
AcDbLayerTableRecord
2
0
70
0
62
7
6
Continuous
290
1
370
-3
390
0
0
LAYER
5
71
100
AcDbSymbolTableRecord
100
AcDbLayerTableRecord
2
80
70
0
62
-6
6
Continuous
290
1
370
-3
390
0
0
LAYER
5
73
100
AcDbSymbolTableRecord
100
AcDbLayerTableRecord
2
1
70
0
62
4
6
Continuous
290
1
370
-3
390
0
0
LAYER
5
75
100
AcDbSymbolTableRecord
100
AcDbLayerTableRecord
2
81
70
0
62
-3
6
Continuous
290
1
370
-3
390
0
0
LAYER
5
7A
100
AcDbSymbolTableRecord
100
AcDbLayerTableRecord
2
4
70
0
62
-2
6
CENTER
290
1
370
-3
390
0
0
LAYER
5
C2
100
AcDbSymbolTableRecord
100
AcDbLayerTableRecord
2
2
70
0
62
7
6
Continuous
290
1
370
-3
390
0
0
LAYER
5
1C5
100
AcDbSymbolTableRecord
100
AcDbLayerTableRecord
2
Defpoints
70
0
62
7
6
Continuous
290
0
370
-3
390
0
0
LAYER
5
254
100
AcDbSymbolTableRecord
100
AcDbLayerTableRecord
2
SK4
70
0
62
2
6
CENTER
290
1
370
-3
390
0
0
LAYER
5
255
100
AcDbSymbolTableRecord
100
AcDbLayerTableRecord
2
SK1
70
0
62
4
6
Continuous
290
1
370
-3
390
0
0
LAYER
5
256
100
AcDbSymbolTableRecord
100
AcDbLayerTableRecord
2
SK2
70
0
62
7
6
Continuous
290
1
370
-3
390
0
0
LAYER
5
257
100
AcDbSymbolTableRecord
100
AcDbLayerTableRecord
2
SK6
70
0
62
5
6
Continuous
290
1
370
-3
390
0
0
ENDTAB
0
TABLE
2
STYLE
5
26b
100
AcDbSymbolTable
0
STYLE
5
11
100
AcDbSymbolTableRecord
100
AcDbTextStyleTableRecord
2
Standard
3
txt
70
0
71
0
40
0
41
1
42
0
50
0
0
STYLE
5
1A1
100
AcDbSymbolTableRecord
100
AcDbTextStyleTableRecord
2
iso_b_vert
3
simplex.shx
70
0
71
0
40
0
41
1
42
0
50
0
0
STYLE
5
1A2
100
AcDbSymbolTableRecord
100
AcDbTextStyleTableRecord
2
DWGDirectTextStyle
3
simplex
70
0
71
0
40
0
41
1
42
0
50
0
0
ENDTAB
0
TABLE
2
DIMSTYLE
5
26c
100
AcDbSymbolTable
100
AcDbDimStyleTable
0
DIMSTYLE
105
27
100
AcDbSymbolTableRecord
100
AcDbDimStyleTableRecord
2
Standard
70
0
3
<>
41
0.18
42
0.0625
44
0.18
140
0.18
147
0.09
73
0
74
0
77
1
271
2
275
0
278
52
280
0
340
11
0
ENDTAB
0
TABLE
2
VIEW
5
26d
100
AcDbSymbolTable
0
ENDTAB
0
TABLE
2
UCS
5
26e
100
AcDbSymbolTable
0
ENDTAB
0
TABLE
2
APPID
5
26f
100
AcDbSymbolTable
0
APPID
5
12
100
AcDbSymbolTableRecord
100
AcDbRegAppTableRecord
2
ACAD
70
0
0
APPID
5
1C1
100
AcDbSymbolTableRecord
100
AcDbRegAppTableRecord
2
ACAD_DSTYLE_DIMBREAK
70
0
0
APPID
5
213
100
AcDbSymbolTableRecord
100
AcDbRegAppTableRecord
2
ACAD_DSTYLE_DIM_LINETYPE
70
0
0
APPID
5
214
100
AcDbSymbolTableRecord
100
AcDbRegAppTableRecord
2
ACAD_DSTYLE_DIM_EXT1_LINETYPE
70
0
0
APPID
5
215
100
AcDbSymbolTableRecord
100
AcDbRegAppTableRecord
2
ACAD_DSTYLE_DIM_EXT2_LINETYPE
70
0
0
APPID
5
250
100
AcDbSymbolTableRecord
100
AcDbRegAppTableRecord
2
ACAD_MLEADERVER
70
0
0
ENDTAB
0
TABLE
2
BLOCK_RECORD
5
270
100
AcDbSymbolTable
0
BLOCK_RECORD
5
1F
100
AcDbSymbolTableRecord
100
AcDbBlockTableRecord
2
*Model_Space
340
0
70
0
0
BLOCK_RECORD
5
1B
100
AcDbSymbolTableRecord
100
AcDbBlockTableRecord
2
*Paper_Space
340
0
70
0
0
BLOCK_RECORD
5
23
100
AcDbSymbolTableRecord
100
AcDbBlockTableRecord
2
*Paper_Space0
340
0
70
0
0
BLOCK_RECORD
5
1C6
100
AcDbSymbolTableRecord
100
AcDbBlockTableRecord
2
*D1
340
0
70
0
0
BLOCK_RECORD
5
1D3
100
AcDbSymbolTableRecord
100
AcDbBlockTableRecord
2
_U0
340
0
70
0
0
BLOCK_RECORD
5
1DF
100
AcDbSymbolTableRecord
100
AcDbBlockTableRecord
2
*D3
340
0
70
0
0
BLOCK_RECORD
5
1EB
100
AcDbSymbolTableRecord
100
AcDbBlockTableRecord
2
_U1
340
0
70
0
0
ENDTAB
0
ENDSEC
0
SECTION
2
BLOCKS
0
BLOCK
5
20
100
AcDbEntity
8
0
100
AcDbBlockBegin
2
*Model_Space
70
0
10
0
20
0
30
0
3
*Model_Space
0
ENDBLK
5
21
100
AcDbEntity
8
0
100
AcDbBlockEnd
0
BLOCK
5
1C
100
AcDbEntity
8
0
100
AcDbBlockBegin
2
*Paper_Space
70
0
10
0
20
0
30
0
3
*Paper_Space
0
ENDBLK
5
1D
100
AcDbEntity
8
0
100
AcDbBlockEnd
0
BLOCK
5
24
100
AcDbEntity
8
0
100
AcDbBlockBegin
2
*Paper_Space0
70
0
10
0
20
0
30
0
3
*Paper_Space0
0
ENDBLK
5
25
100
AcDbEntity
8
0
100
AcDbBlockEnd
0
BLOCK
5
1C7
100
AcDbEntity
8
0
100
AcDbBlockBegin
2
*D1
70
1
10
0
20
0
30
0
3
*D1
0
LINE
5
1C9
100
AcDbEntity
8
0
62
256
6
ByLayer
370
-2
48
1
60
0
100
AcDbLine
10
145
20
10.5875
30
0
11
145
21
23.25
31
0
39
0
210
0
220
0
230
1
0
LINE
5
1CA
100
AcDbEntity
8
0
62
256
6
ByLayer
370
-2
48
1
60
0
100
AcDbLine
10
136
20
10.5875
30
0
11
136
21
23.25
31
0
39
0
210
0
220
0
230
1
0
LINE
5
1CB
100
AcDbEntity
8
0
62
256
6
ByLayer
370
-2
48
1
60
0
100
AcDbLine
10
148.5
20
21.25
30
0
11
152
21
21.25
31
0
39
0
210
0
220
0
230
1
0
LINE
5
1CC
100
AcDbEntity
8
0
62
256
6
ByLayer
370
-2
48
1
60
0
100
AcDbLine
10
132.5
20
21.25
30
0
11
129
21
21.25
31
0
39
0
210
0
220
0
230
1
0
SOLID
5
1CD
100
AcDbEntity
8
0
62
256
6
ByLayer
370
-1
48
1
60
0
100
AcDbTrace
10
148.5
20
21.833333
30
0
11
148.5
21
20.666667
31
0
12
145
22
21.25
32
0
13
145
23
21.25
33
0
39
0
210
0
220
0
230
1
0
SOLID
5
1CE
100
AcDbEntity
8
0
62
256
6
ByLayer
370
-1
48
1
60
0
100
AcDbTrace
10
132.5
20
20.666667
30
0
11
132.5
21
21.833333
31
0
12
136
22
21.25
32
0
13
136
23
21.25
33
0
39
0
210
0
220
0
230
1
0
MTEXT
5
1CF
100
AcDbEntity
8
0
62
256
6
ByLayer
370
18
48
1
60
0
100
AcDbMText
10
140.5
20
28.25
30
0
210
0
220
0
230
1
1
\A1;9
40
3.5
41
0
44
1
50
0
71
5
72
5
7
iso_b_vert
0
POINT
5
1D0
100
AcDbEntity
8
Defpoints
62
0
6
ByLayer
370
-1
48
1
60
0
100
AcDbPoint
10
145
20
9
30
0
39
0
210
0
220
0
230
1
50
360
0
POINT
5
1D1
100
AcDbEntity
8
Defpoints
62
0
6
ByLayer
370
-1
48
1
60
0
100
AcDbPoint
10
136
20
9
30
0
39
0
210
0
220
0
230
1
50
360
0
POINT
5
1D2
100
AcDbEntity
8
Defpoints
62
0
6
ByLayer
370
-1
48
1
60
0
100
AcDbPoint
10
136
20
21.25
30
0
39
0
210
0
220
0
230
1
50
360
0
ENDBLK
5
1C8
100
AcDbEntity
8
0
100
AcDbBlockEnd
0
BLOCK
5
1DA
100
AcDbEntity
8
0
100
AcDbBlockBegin
2
_U0
70
0
10
0
20
0
30
0
3
_U0
0
MTEXT
5
1D4
100
AcDbEntity
8
2
62
256
6
ByLayer
370
18
48
1
60
0
100
AcDbMText
10
139.902767
20
22.282634
30
0
210
0
220
0
230
1
1
\W0.5742;9
40
3.5
41
0
44
1.084337
50
0
71
7
72
5
7
iso_b_vert
0
LINE
5
1D5
100
AcDbEntity
8
2
62
256
6
ByLayer
370
13
48
1
60
0
100
AcDbLine
10
145
20
10.5875
30
0
11
145
21
23.25
31
0
39
0
210
0
220
0
230
1
0
LINE
5
1D6
100
AcDbEntity
8
2
62
256
6
ByLayer
370
13
48
1
60
0
100
AcDbLine
10
136
20
10.5875
30
0
11
136
21
23.25
31
0
39
0
210
0
220
0
230
1
0
LINE
5
1D7
100
AcDbEntity
8
2
62
256
6
ByLayer
370
13
48
1
60
0
100
AcDbLine
10
145
20
21.25
30
0
11
136
21
21.25
31
0
39
0
210
0
220
0
230
1
0
SOLID
5
1D8
100
AcDbEntity
8
2
62
256
6
ByLayer
370
18
48
1
60
0
100
AcDbTrace
10
145
20
21.25
30
0
11
141.500002
21
20.789216
31
0
12
141.499998
22
21.710784
32
0
13
141.499998
23
21.710784
33
0
39
0
210
0
220
0
230
1
0
SOLID
5
1D9
100
AcDbEntity
8
2
62
256
6
ByLayer
370
18
48
1
60
0
100
AcDbTrace
10
136
20
21.25
30
0
11
139.499998
21
21.710784
31
0
12
139.500002
22
20.789216
32
0
13
139.500002
23
20.789216
33
0
39
0
210
0
220
0
230
1
0
ENDBLK
5
1DB
100
AcDbEntity
8
0
100
AcDbBlockEnd
0
BLOCK
5
1E0
100
AcDbEntity
8
0
100
AcDbBlockBegin
2
*D3
70
1
10
0
20
0
30
0
3
*D3
0
LINE
5
1E2
100
AcDbEntity
8
0
62
256
6
ByLayer
370
-2
48
1
60
0
100
AcDbLine
10
145
20
-10.5875
30
0
11
145
21
-26.75
31
0
39
0
210
0
220
0
230
1
0
LINE
5
1E3
100
AcDbEntity
8
0
62
256
6
ByLayer
370
-2
48
1
60
0
100
AcDbLine
10
49
20
-9.58475
30
0
11
49
21
-26.75
31
0
39
0
210
0
220
0
230
1
0
LINE
5
1E4
100
AcDbEntity
8
0
62
256
6
ByLayer
370
-2
48
1
60
0
100
AcDbLine
10
141.5
20
-24.75
30
0
11
52.5
21
-24.75
31
0
39
0
210
0
220
0
230
1
0
SOLID
5
1E5
100
AcDbEntity
8
0
62
256
6
ByLayer
370
-1
48
1
60
0
100
AcDbTrace
10
141.5
20
-25.333333
30
0
11
141.5
21
-24.166667
31
0
12
145
22
-24.75
32
0
13
145
23
-24.75
33
0
39
0
210
0
220
0
230
1
0
SOLID
5
1E6
100
AcDbEntity
8
0
62
256
6
ByLayer
370
-1
48
1
60
0
100
AcDbTrace
10
52.5
20
-24.166667
30
0
11
52.5
21
-25.333333
31
0
12
49
22
-24.75
32
0
13
49
23
-24.75
33
0
39
0
210
0
220
0
230
1
0
MTEXT
5
1E7
100
AcDbEntity
8
0
62
256
6
ByLayer
370
18
48
1
60
0
100
AcDbMText
10
97
20
-17.75
30
0
210
0
220
0
230
1
1
\A1;96
40
3.5
41
0
44
1
50
0
71
5
72
5
7
iso_b_vert
0
POINT
5
1E8
100
AcDbEntity
8
Defpoints
62
0
6
ByLayer
370
-1
48
1
60
0
100
AcDbPoint
10
145
20
-9
30
0
39
0
210
0
220
0
230
1
50
360
0
POINT
5
1E9
100
AcDbEntity
8
Defpoints
62
0
6
ByLayer
370
-1
48
1
60
0
100
AcDbPoint
10
49
20
-7.99725
30
0
39
0
210
0
220
0
230
1
50
360
0
POINT
5
1EA
100
AcDbEntity
8
Defpoints
62
0
6
ByLayer
370
-1
48
1
60
0
100
AcDbPoint
10
49
20
-24.75
30
0
39
0
210
0
220
0
230
1
50
360
0
ENDBLK
5
1E1
100
AcDbEntity
8
0
100
AcDbBlockEnd
0
BLOCK
5
1F3
100
AcDbEntity
8
0
100
AcDbBlockBegin
2
_U1
70
0
10
0
20
0
30
0
3
_U1
0
MTEXT
5
1EC
100
AcDbEntity
8
SK2
62
256
6
ByLayer
370
18
48
1
60
0
100
AcDbMText
10
86.824501
20
-23.717366
30
0
210
0
220
0
230
1
1
\W0.7298;OHX =
40
3.5
41
0
44
1.084337
50
0
71
7
72
5
7
iso_b_vert
0
MTEXT
5
1ED
100
AcDbEntity
8
SK2
62
256
6
ByLayer
370
18
48
1
60
0
100
AcDbMText
10
103.365566
20
-23.717366
30
0
210
0
220
0
230
1
1
\W0.6740;96
40
3.5
41
0
44
1.084337
50
0
71
7
72
5
7
iso_b_vert
0
LINE
5
1EE
100
AcDbEntity
8
SK2
62
256
6
ByLayer
370
13
48
1
60
0
100
AcDbLine
10
145
20
-10.5875
30
0
11
145
21
-26.75
31
0
39
0
210
0
220
0
230
1
0
LINE
5
1EF
100
AcDbEntity
8
SK2
62
256
6
ByLayer
370
13
48
1
60
0
100
AcDbLine
10
49
20
-9.58475
30
0
11
49
21
-26.75
31
0
39
0
210
0
220
0
230
1
0
LINE
5
1F0
100
AcDbEntity
8
SK2
62
256
6
ByLayer
370
13
48
1
60
0
100
AcDbLine
10
145
20
-24.75
30
0
11
49
21
-24.75
31
0
39
0
210
0
220
0
230
1
0
SOLID
5
1F1
100
AcDbEntity
8
SK2
62
256
6
ByLayer
370
18
48
1
60
0
100
AcDbTrace
10
145
20
-24.75
30
0
11
141.500002
21
-25.210784
31
0
12
141.499998
22
-24.289216
32
0
13
141.499998
23
-24.289216
33
0
39
0
210
0
220
0
230
1
0
SOLID
5
1F2
100
AcDbEntity
8
SK2
62
256
6
ByLayer
370
18
48
1
60
0
100
AcDbTrace
10
49
20
-24.75
30
0
11
52.499998
21
-24.289216
31
0
12
52.500002
22
-25.210784
32
0
13
52.500002
23
-25.210784
33
0
39
0
210
0
220
0
230
1
0
ENDBLK
5
1F4
100
AcDbEntity
8
0
100
AcDbBlockEnd
0
ENDSEC
0
SECTION
2
ENTITIES
0
ARC
5
D4
100
AcDbEntity
8
1
62
256
6
ByLayer
370
18
48
1
60
0
100
AcDbCircle
39
0
10
120.482999
20
8.49725
30
0
40
0.8
210
0
220
0
230
1
100
AcDbArc
50
270
51
272.434906
0
ARC
5
D5
100
AcDbEntity
8
1
62
256
6
ByLayer
370
18
48
1
60
0
100
AcDbCircle
39
0
10
120.482999
20
-8.49725
30
0
40
0.8
210
0
220
0
230
1
100
AcDbArc
50
87.565094
51
90
0
ARC
5
D6
100
AcDbEntity
8
1
62
256
6
ByLayer
370
18
48
1
60
0
100
AcDbCircle
39
0
10
117.6245
20
8.49725
30
0
40
0.799999999999999
210
0
220
0
230
1
100
AcDbArc
50
218.682187
51
270
0
ARC
5
D7
100
AcDbEntity
8
1
62
256
6
ByLayer
370
18
48
1
60
0
100
AcDbCircle
39
0
10
117.6245
20
-8.49725
30
0
40
0.799999999999999
210
0
220
0
230
1
100
AcDbArc
50
90
51
141.317813
0
ELLIPSE
5
D8
100
AcDbEntity
8
1
62
256
6
ByLayer
370
13
48
1
60
0
100
AcDbEllipse
10
134.60058
20
5.549164
30
0
11
0.923674146105193
21
-0.383178903146878
31
0
210
0
220
0
230
1
40
0.164295
41
-2.17997345669432
42
-1.41195375660174
0
ELLIPSE
5
D9
100
AcDbEntity
8
1
62
256
6
ByLayer
370
13
48
1
60
0
100
AcDbEllipse
10
134.464937
20
5.037703
30
0
11
0.992356489917596
21
-0.123404201380782
31
0
210
0
220
0
230
1
40
0.220425
41
-2.23013272436195
42
-1.34702617667549
0
ELLIPSE
5
DA
100
AcDbEntity
8
1
62
256
6
ByLayer
370
13
48
1
60
0
100
AcDbEllipse
10
134.369466
20
4.269969
30
0
11
0.992356489917596
21
-0.123404201380782
31
0
210
0
220
0
230
1
40
0.220425
41
-2.23642618104953
42
-1.27180314850541
0
ELLIPSE
5
DB
100
AcDbEntity
8
1
62
256
6
ByLayer
370
18
48
1
60
0
100
AcDbEllipse
10
137.160206
20
-8.602753
30
0
11
3.13588476838196
21
2.102568264345
31
0
210
0
220
0
230
1
40
0.317983
41
1.66435387444581
42
1.69881007273816
0
ELLIPSE
5
DC
100
AcDbEntity
8
1
62
256
6
ByLayer
370
18
48
1
60
0
100
AcDbEllipse
10
134.414102
20
-10.860189
30
0
11
12.9091131366034
21
11.2446174396483
31
0
210
0
220
0
230
1
40
0.06723
41
1.33970639028625
42
1.35635854755822
0
ELLIPSE
5
DD
100
AcDbEntity
8
1
62
256
6
ByLayer
370
18
48
1
60
0
100
AcDbEllipse
10
140.772142
20
-3.807926
30
0
11
-1.08601410673708
21
0.714544162363463
31
0
210
0
220
0
230
1
40
0.958644
41
-2.57887569794213
42
0.562716955647647
0
ELLIPSE
5
DE
100
AcDbEntity
8
1
62
256
6
ByLayer
370
13
48
1
60
0
100
AcDbEllipse
10
140.955411
20
-3.529381
30
0
11
-1.75
21
6.43155504981979E-15
31
0
210
0
220
0
230
1
40
0.240724
41
2.25104490272558
42
2.9845130209103
0
ELLIPSE
5
DF
100
AcDbEntity
8
1
62
256
6
ByLayer
370
13
48
1
60
0
100
AcDbEllipse
10
140.955411
20
-3.529381
30
0
11
-1.75
21
6.43155504981979E-15
31
0
210
0
220
0
230
1
40
0.240724
41
5.8429920018071E-06
42
0.576388485505134
0
ELLIPSE
5
E0
100
AcDbEntity
8
1
62
256
6
ByLayer
370
18
48
1
60
0
100
AcDbEllipse
10
141.667572
20
-0.013847
30
0
11
0.335385796359968
21
8.58863061777943
31
0
210
0
220
0
230
1
40
0.153501
41
-2.04882682031605
42
-1.983964895315
0
ELLIPSE
5
E1
100
AcDbEntity
8
1
62
256
6
ByLayer
370
13
48
1
60
0
100
AcDbEllipse
10
140.955411
20
-3.529381
30
0
11
1.46194206676163
21
-0.96188637241244
31
0
210
0
220
0
230
1
40
0.958644
41
0.562716955647604
42
3.1415549909681
0
ELLIPSE
5
E2
100
AcDbEntity
8
1
62
256
6
ByLayer
370
18
48
1
60
0
100
AcDbEllipse
10
140.835534
20
-4.109767
30
0
11
-0.877165240056966
21
0.577131823447474
31
0
210
0
220
0
230
1
40
0.958644
41
0
42
6.28318530717959
0
ELLIPSE
5
E3
100
AcDbEntity
8
1
62
256
6
ByLayer
370
18
48
1
60
0
100
AcDbEllipse
10
140.09247
20
5.239127
30
0
11
0.830717252107298
21
0.546571319272518
31
0
210
0
220
0
230
1
40
0.958644
41
0.00995255499315772
42
0.484480595548993
0
ELLIPSE
5
E4
100
AcDbEntity
8
1
62
256
6
ByLayer
370
18
48
1
60
0
100
AcDbEllipse
10
140.09247
20
5.239127
30
0
11
0.830717252107298
21
0.546571319272518
31
0
210
0
220
0
230
1
40
0.958644
41
0.484480595548993
42
1.53167814674559
0
ELLIPSE
5
E5
100
AcDbEntity
8
1
62
256
6
ByLayer
370
18
48
1
60
0
100
AcDbEllipse
10
140.09247
20
5.239127
30
0
11
0.830717252107298
21
0.546571319272518
31
0
210
0
220
0
230
1
40
0.958644
41
1.53167814674561
42
2.57887569794217
0
ELLIPSE
5
E6
100
AcDbEntity
8
1
62
256
6
ByLayer
370
18
48
1
60
0
100
AcDbEllipse
10
140.09247
20
5.239127
30
0
11
-0.830717252107298
21
-0.546571319272518
31
0
210
0
220
0
230
1
40
0.958644
41
-0.562716955647623
42
-0.0551530303333121
0
ELLIPSE
5
E7
100
AcDbEntity
8
1
62
256
6
ByLayer
370
18
48
1
60
0
100
AcDbEllipse
10
139.528648
20
6.177296
30
0
11
0.258517861677375
21
0.156854149589449
31
0
210
0
220
0
230
1
40
0.467015
41
-2.85965320105957
42
-1.57276854050717
0
ELLIPSE
5
E8
100
AcDbEntity
8
1
62
256
6
ByLayer
370
18
48
1
60
0
100
AcDbEllipse
10
139.528648
20
6.177296
30
0
11
0.258517861676884
21
0.156854149587144
31
0
210
0
220
0
230
1
40
0.467015
41
-1.5727685404929
42
-0.285883879934884
0
ELLIPSE
5
E9
100
AcDbEntity
8
1
62
256
6
ByLayer
370
18
48
1
60
0
100
AcDbEllipse
10
139.115859
20
5.75598
30
0
11
0.151997690053665
21
0.258394007107877
31
0
210
0
220
0
230
1
40
0.475142
41
-0.139494890823809
42
2.32526542351589
0
ELLIPSE
5
EA
100
AcDbEntity
8
1
62
256
6
ByLayer
370
18
48
1
60
0
100
AcDbEllipse
10
140.09247
20
6.347302
30
0
11
0.298593692803116
21
0.0147600105068966
31
0
210
0
220
0
230
1
40
0.477772
41
0.947104716900906
42
-3.00433231445443
0
ELLIPSE
5
EB
100
AcDbEntity
8
1
62
256
6
ByLayer
370
18
48
1
60
0
100
AcDbEllipse
10
138.964826
20
5.196133
30
0
11
0.00364343314212615
21
0.293554388574813
31
0
210
0
220
0
230
1
40
0.495448
41
-2.83263526649101
42
-1.54575060592089
0
ELLIPSE
5
EC
100
AcDbEntity
8
1
62
256
6
ByLayer
370
18
48
1
60
0
100
AcDbEllipse
10
138.964826
20
5.196133
30
0
11
0.00364343313925254
21
0.293554388574828
31
0
210
0
220
0
230
1
40
0.495448
41
-1.54575060594151
42
-0.563977940786967
0
ELLIPSE
5
ED
100
AcDbEntity
8
1
62
256
6
ByLayer
370
18
48
1
60
0
100
AcDbEllipse
10
140.656292
20
6.22029
30
0
11
0.260273049303584
21
-0.133931334747194
31
0
210
0
220
0
230
1
40
0.498384
41
-2.43397258948706
42
-1.59389646307765
0
ELLIPSE
5
EE
100
AcDbEntity
8
1
62
256
6
ByLayer
370
18
48
1
60
0
100
AcDbEllipse
10
140.656292
20
6.22029
30
0
11
0.260273049303782
21
-0.133931334746021
31
0
210
0
220
0
230
1
40
0.498384
41
-1.59389646308642
42
-0.30701180252128
0
ELLIPSE
5
EF
100
AcDbEntity
8
1
62
256
6
ByLayer
370
18
48
1
60
0
100
AcDbEllipse
10
139.115859
20
4.647804
30
0
11
0.149053196584258
21
-0.248663029657368
31
0
210
0
220
0
230
1
40
0.508046
41
2.98298078451333
42
-2.27159165805861
0
ELLIPSE
5
F0
100
AcDbEntity
8
1
62
256
6
ByLayer
370
18
48
1
60
0
100
AcDbEllipse
10
141.069081
20
5.83045
30
0
11
0.149053196584235
21
-0.248663029657373
31
0
210
0
220
0
230
1
40
0.508046
41
2.43413146782815
42
-2.97845839907152
0
ELLIPSE
5
F1
100
AcDbEntity
8
1
62
256
6
ByLayer
370
18
48
1
60
0
100
AcDbEllipse
10
139.86564
20
5.583879
30
0
11
1.07686652637662
21
0.708525501918985
31
0
210
0
220
0
230
1
40
0.958644
41
3.10247447354047
42
-2.13351328244251
0
ELLIPSE
5
F2
100
AcDbEntity
8
1
62
256
6
ByLayer
370
18
48
1
60
0
100
AcDbEllipse
10
139.86564
20
5.583879
30
0
11
1.07686652637662
21
0.708525501918985
31
0
210
0
220
0
230
1
40
0.958644
41
2.05527692234389
42
3.10247447354047
0
ELLIPSE
5
F3
100
AcDbEntity
8
1
62
256
6
ByLayer
370
18
48
1
60
0
100
AcDbEllipse
10
139.86564
20
5.583879
30
0
11
1.07686652637662
21
0.708525501918985
31
0
210
0
220
0
230
1
40
0.958644
41
1.00807937114728
42
2.05527692234389
0
ELLIPSE
5
F4
100
AcDbEntity
8
1
62
256
6
ByLayer
370
18
48
1
60
0
100
AcDbEllipse
10
139.86564
20
5.583879
30
0
11
1.07686652637662
21
0.708525501918985
31
0
210
0
220
0
230
1
40
0.958644
41
-0.0391181800492952
42
1.00807937114728
0
ELLIPSE
5
F5
100
AcDbEntity
8
1
62
256
6
ByLayer
370
18
48
1
60
0
100
AcDbEllipse
10
139.86564
20
5.583879
30
0
11
1.07686652637662
21
0.708525501918985
31
0
210
0
220
0
230
1
40
0.958644
41
-1.08631573124593
42
-0.0391181800492952
0
ELLIPSE
5
F6
100
AcDbEntity
8
1
62
256
6
ByLayer
370
18
48
1
60
0
100
AcDbEllipse
10
139.86564
20
5.583879
30
0
11
1.07686652637662
21
0.708525501918985
31
0
210
0
220
0
230
1
40
0.958644
41
-2.13351328244251
42
-1.08631573124593
0
ELLIPSE
5
F7
100
AcDbEntity
8
1
62
256
6
ByLayer
370
18
48
1
60
0
100
AcDbEllipse
10
140.084648
20
5.251015
30
0
11
1.5927177118885
21
1.04793035031751
31
0
210
0
220
0
230
1
40
0.958644
41
-0.825236080112413
42
-0.562716492876553
0
ELLIPSE
5
F8
100
AcDbEntity
8
1
62
256
6
ByLayer
370
18
48
1
60
0
100
AcDbEllipse
10
140.084648
20
5.251015
30
0
11
1.5927177118885
21
1.04793035031751
31
0
210
0
220
0
230
1
40
0.958644
41
-0.562717033277177
42
-0.23775854418338
0
ELLIPSE
5
F9
100
AcDbEntity
8
1
62
256
6
ByLayer
370
13
48
1
60
0
100
AcDbEllipse
10
139.86564
20
5.583879
30
0
11
1.2530932000814
21
0.824474033496356
31
0
210
0
220
0
230
1
40
0.958644
41
0
42
6.28318530717959
0
ELLIPSE
5
FA
100
AcDbEntity
8
1
62
256
6
ByLayer
370
18
48
1
60
0
100
AcDbEllipse
10
139.875575
20
5.568779
30
0
11
1.67079093344187
21
1.09929871132847
31
0
210
0
220
0
230
1
40
0.958644
41
-1.53955600951094
42
-0.562717037318054
0
ELLIPSE
5
FB
100
AcDbEntity
8
1
62
256
6
ByLayer
370
18
48
1
60
0
100
AcDbEllipse
10
139.875575
20
5.568779
30
0
11
1.67079093344187
21
1.09929871132847
31
0
210
0
220
0
230
1
40
0.958644
41
-0.562717037318053
42
-1.38974179106132E-15
0
ELLIPSE
5
FC
100
AcDbEntity
8
1
62
256
6
ByLayer
370
18
48
1
60
0
100
AcDbEllipse
10
139.875575
20
5.568779
30
0
11
1.67079093344187
21
1.09929871132847
31
0
210
0
220
0
230
1
40
0.958644
41
0
42
-2.82162009246963
0
ELLIPSE
5
FD
100
AcDbEntity
8
1
62
256
6
ByLayer
370
13
48
1
60
0
100
AcDbEllipse
10
140.070291
20
5.272836
30
0
11
1.66245193452853
21
1.09381205792635
31
0
210
0
220
0
230
1
40
0.958644
41
-0.587162644889462
42
-1.39671285292771E-15
0
ELLIPSE
5
FE
100
AcDbEntity
8
1
62
256
6
ByLayer
370
13
48
1
60
0
100
AcDbEllipse
10
140.070291
20
5.272836
30
0
11
1.66245193452853
21
1.09381205792635
31
0
210
0
220
0
230
1
40
0.958644
41
0
42
0.0657979685684501
0
ELLIPSE
5
FF
100
AcDbEntity
8
1
62
256
6
ByLayer
370
13
48
1
60
0
100
AcDbEllipse
10
140.025545
20
5.340844
30
0
11
1.77029085223297
21
1.1647647910845
31
0
210
0
220
0
230
1
40
0.958644
41
-0.297252489633328
42
-4.37210262445797E-16
0
ELLIPSE
5
100
100
AcDbEntity
8
1
62
256
6
ByLayer
370
13
48
1
60
0
100
AcDbEllipse
10
140.025545
20
5.340844
30
0
11
1.77029085223297
21
1.1647647910845
31
0
210
0
220
0
230
1
40
0.958644
41
0
42
0.493643768293354
0
ELLIPSE
5
101
100
AcDbEntity
8
1
62
256
6
ByLayer
370
13
48
1
60
0
100
AcDbEllipse
10
140.025545
20
5.340844
30
0
11
1.77029085223297
21
1.1647647910845
31
0
210
0
220
0
230
1
40
0.958644
41
2.64799086050633
42
-3.052232698029
0
ELLIPSE
5
102
100
AcDbEntity
8
1
62
256
6
ByLayer
370
18
48
1
60
0
100
AcDbEllipse
10
139.869388
20
5.578182
30
0
11
-1.85793873009197
21
-1.22243280762238
31
0
210
0
220
0
230
1
40
0.958644
41
1.72210426809392
42
-4.16584958144374E-16
0
ELLIPSE
5
103
100
AcDbEntity
8
1
62
256
6
ByLayer
370
18
48
1
60
0
100
AcDbEllipse
10
139.869388
20
5.578182
30
0
11
-1.85793873009197
21
-1.22243280762238
31
0
210
0
220
0
230
1
40
0.958644
41
0
42
0.198824888667899
0
POINT
5
70
100
AcDbEntity
8
80
62
256
6
ByLayer
370
18
48
1
60
0
100
AcDbPoint
10
0
20
0
30
0
39
0
210
0
220
0
230
1
50
360
0
POINT
5
72
100
AcDbEntity
8
1
62
256
6
ByLayer
370
18
48
1
60
0
100
AcDbPoint
10
49
20
0
30
0
39
0
210
0
220
0
230
1
50
360
0
POINT
5
74
100
AcDbEntity
8
81
62
256
6
ByLayer
370
18
48
1
60
0
100
AcDbPoint
10
145
20
9
30
0
39
0
210
0
220
0
230
1
50
360
0
POINT
5
76
100
AcDbEntity
8
1
62
256
6
ByLayer
370
18
48
1
60
1
100
AcDbPoint
10
136
20
9
30
0
39
0
210
0
220
0
230
1
50
360
0
POINT
5
77
100
AcDbEntity
8
1
62
256
6
ByLayer
370
18
48
1
60
1
100
AcDbPoint
10
145
20
-9
30
0
39
0
210
0
220
0
230
1
50
360
0
POINT
5
78
100
AcDbEntity
8
1
62
256
6
ByLayer
370
18
48
1
60
1
100
AcDbPoint
10
49
20
-7.99725
30
0
39
0
210
0
220
0
230
1
50
360
0
SPLINE
5
104
100
AcDbEntity
8
1
62
256
6
ByLayer
370
18
48
1
60
0
100
AcDbSpline
70
4
71
3
72
8
73
4
40
0
40
0
40
0
40
0
40
1
40
1
40
1
40
1
41
1
10
135.21410714452
20
7.86506121885944
30
0
41
1
10
135.191915005558
20
7.86406965306324
30
0
41
1
10
135.16987241051
20
7.86328483356172
30
0
41
1
10
135.147985864928
20
7.86271008445559
30
0
0
SPLINE
5
105
100
AcDbEntity
8
1
62
256
6
ByLayer
370
18
48
1
60
0
100
AcDbSpline
70
4
71
3
72
8
73
4
40
0
40
0
40
0
40
0
40
1
40
1
40
1
40
1
41
1
10
134.913096458936
20
7.88053488222039
30
0
41
1
10
134.984337647224
20
7.86735832424483
30
0
41
1
10
135.062879075729
20
7.86047514743294
30
0
41
1
10
135.147985864928
20
7.86271008445559
30
0
0
SPLINE
5
106
100
AcDbEntity
8
1
62
256
6
ByLayer
370
18
48
1
60
0
100
AcDbSpline
70
4
71
3
72
12
73
8
40
0
40
0
40
0
40
0
40
0.25
40
0.25
40
0.5
40
0.5
40
1
40
1
40
1
40
1
41
1
10
136.096755396682
20
-7.88217720436947
30
0
41
1
10
136.085891310898
20
-7.8879974333889
30
0
41
1
10
136.075006814525
20
-7.89414007975299
30
0
41
1
10
136.053198156894
20
-7.90707357347503
30
0
41
1
10
136.04227551554
20
-7.91386589773796
30
0
41
1
10
136.009828599685
20
-7.93496259987072
30
0
41
1
10
135.988495675819
20
-7.95005962900905
30
0
41
1
10
135.967441275449
20
-7.96611798694812
30
0
0
SPLINE
5
107
100
AcDbEntity
8
1
62
256
6
ByLayer
370
18
48
1
60
0
100
AcDbSpline
70
4
71
3
72
13
73
9
40
0
40
0
40
0
40
0
40
0.500000000000227
40
0.500000000000227
40
0.625000000000205
40
0.625000000000205
40
0.750000000000183
40
1
40
1
40
1
40
1
41
1
10
136.634912013097
20
-7.4399334304488
30
0
41
1
10
136.585954783326
20
-7.4670662067968
30
0
41
1
10
136.540410840805
20
-7.49670547765007
30
0
41
1
10
136.487480325907
20
-7.53765839389575
30
0
41
1
10
136.477096655843
20
-7.54604510635295
30
0
41
1
10
136.456878515911
20
-7.56309507766483
30
0
41
1
10
136.427310773854
20
-7.5891338340048
30
0
41
1
10
136.399911786947
20
-7.61662520483821
30
0
41
1
10
136.382521508095
20
-7.63566243314864
30
0
0
SPLINE
5
108
100
AcDbEntity
8
1
62
256
6
ByLayer
370
18
48
1
60
0
100
AcDbSpline
70
4
71
3
72
10
73
6
40
0
40
0
40
0
40
0
40
0.968991920427272
40
0.968991920427272
40
1
40
1
40
1
40
1
41
1
10
136.634912013095
20
-7.43993343044437
30
0
41
1
10
136.59353217221
20
-7.24938111667765
30
0
41
1
10
136.547322056447
20
-7.05901160004223
30
0
41
1
10
136.494877136682
20
-6.86273018114528
30
0
41
1
10
136.493246020906
20
-6.85664346603025
30
0
41
1
10
136.491610080993
20
-6.8505566067681
30
0
0
SPLINE
5
109
100
AcDbEntity
8
1
62
256
6
ByLayer
370
18
48
1
60
0
100
AcDbSpline
70
4
71
3
72
8
73
4
40
0
40
0
40
0
40
0
40
1
40
1
40
1
40
1
41
1
10
141.21573171094
20
-7.53202369850726
30
0
41
1
10
141.229993084791
20
-7.53298266511911
30
0
41
1
10
141.244224900585
20
-7.53374923917494
30
0
41
1
10
141.258427503749
20
-7.53432475550065
30
0
0
SPLINE
5
10A
100
AcDbEntity
8
1
62
256
6
ByLayer
370
18
48
1
60
0
100
AcDbSpline
70
4
71
3
72
8
73
4
40
0
40
0
40
0
40
0
40
1
40
1
40
1
40
1
41
1
10
141.21573171094
20
-5.68648531085915
30
0
41
1
10
141.230058190186
20
-5.68452458484313
30
0
41
1
10
141.244289175397
20
-5.68204610977301
30
0
41
1
10
141.258427503749
20
-5.67906568432622
30
0
0
SPLINE
5
10B
100
AcDbEntity
8
1
62
256
6
ByLayer
370
18
48
1
60
0
100
AcDbSpline
70
4
71
3
72
20
73
16
40
0
40
0
40
0
40
0
40
0.118864655258151
40
0.118864655258151
40
0.206978189732337
40
0.206978189732337
40
0.295091724206523
40
0.295091724206523
40
0.471318793154892
40
0.471318793154892
40
0.647545862103262
40
0.647545862103262
40
0.823772931051631
40
0.823772931051631
40
1
40
1
40
1
40
1
41
1
10
141.828620138287
20
-4.56736301107776
30
0
41
1
10
141.8450075064
20
-4.54244703594944
30
0
41
1
10
141.860708618345
20
-4.51697494487772
30
0
41
1
10
141.8868212272
20
-4.47160244923001
30
0
41
1
10
141.897563554795
20
-4.45193190460074
30
0
41
1
10
141.918053194572
20
-4.41228729774363
30
0
41
1
10
141.92782419146
20
-4.39227523989936
30
0
41
1
10
141.955698248291
20
-4.3316591514928
30
0
41
1
10
141.972368875858
20
-4.29047787416812
30
0
41
1
10
142.001648465397
20
-4.20645832502242
30
0
41
1
10
142.014259729331
20
-4.16362098758427
30
0
41
1
10
142.034950900286
20
-4.07607827047022
30
0
41
1
10
142.042827780892
20
-4.03217904093606
30
0
41
1
10
142.053414592464
20
-3.94450677763066
30
0
41
1
10
142.056137062869
20
-3.90068166964261
30
0
41
1
10
142.056137062869
20
-3.85688024160805
30
0
0
SPLINE
5
10C
100
AcDbEntity
8
1
62
256
6
ByLayer
370
18
48
1
60
0
100
AcDbSpline
70
4
71
3
72
44
73
40
40
0
40
0
40
0
40
0
40
0.188201224964737
40
0.188201224964737
40
0.376402449929474
40
0.376402449929474
40
0.423452756170661
40
0.423452756170661
40
0.446977909291249
40
0.446977909291249
40
0.458740485851544
40
0.458740485851544
40
0.470503062411838
40
0.470503062411838
40
0.517553368653035
40
0.517553368653035
40
0.564603674894232
40
0.564603674894232
40
0.658704287376636
40
0.658704287376636
40
0.68222944049724
40
0.68222944049724
40
0.705754593617843
40
0.75280489985904
40
0.75280489985904
40
0.799855206100238
40
0.799855206100238
40
0.846905512341435
40
0.846905512341435
40
0.893955818582632
40
0.893955818582632
40
0.91748097170323
40
0.91748097170323
40
0.92924354826353
40
0.92924354826353
40
0.941006124823829
40
0.988056431065021
40
0.988056431065021
40
1
40
1
40
1
40
1
41
1
10
131.457534852605
20
-7.60350903738123
30
0
41
1
10
130.965481515804
20
-7.53743856291098
30
0
41
1
10
130.4730867541
20
-7.46918355617589
30
0
41
1
10
129.487121318522
20
-7.32982636961253
30
0
41
1
10
128.993547431793
20
-7.25871458231751
30
0
41
1
10
128.375746665904
20
-7.16855086715046
30
0
41
1
10
128.252145585272
20
-7.1504532041204
30
0
41
1
10
128.066683020224
20
-7.12321505240078
30
0
41
1
10
128.004850271986
20
-7.11412011801721
30
0
41
1
10
127.912091979155
20
-7.10045621612022
30
0
41
1
10
127.881172011824
20
-7.09589809431122
30
0
41
1
10
127.819330955942
20
-7.08677525202629
30
0
41
1
10
127.788413786912
20
-7.08218837465265
30
0
41
1
10
127.633670275635
20
-7.06010848309387
30
0
41
1
10
127.509498996344
20
-7.04446687227028
30
0
41
1
10
127.260426404241
20
-7.01725026785479
30
0
41
1
10
127.135524526744
20
-7.0056781276335
30
0
41
1
10
126.759732304466
20
-6.97714898093582
30
0
41
1
10
126.507762310384
20
-6.96636646120731
30
0
41
1
10
126.190956002355
20
-6.96346510234272
30
0
41
1
10
126.127457521652
20
-6.96341505371367
30
0
41
1
10
126.000458470694
20
-6.9643848173566
30
0
41
1
10
125.810884287982
20
-6.96743143896748
30
0
41
1
10
125.624048944842
20
-6.97512732627916
30
0
41
1
10
125.377366860405
20
-6.98932085904758
30
0
41
1
10
125.255238953008
20
-6.99837963804254
30
0
41
1
10
125.013481106889
20
-7.02026106606522
30
0
41
1
10
124.893847099299
20
-7.03307778327525
30
0
41
1
10
124.657212344485
20
-7.0623193909214
30
0
41
1
10
124.540212404351
20
-7.07874710000326
30
0
41
1
10
124.366862026488
20
-7.10599566164964
30
0
41
1
10
124.309438355396
20
-7.11551429513295
30
0
41
1
10
124.223875602595
20
-7.13043794471093
30
0
41
1
10
124.195490577494
20
-7.13551312475727
30
0
41
1
10
124.139180252354
20
-7.14582584925085
30
0
41
1
10
123.999418376531
20
-7.17203681270647
30
0
41
1
10
123.864768002534
20
-7.20031794048415
30
0
41
1
10
123.734109991107
20
-7.23009447038368
30
0
41
1
10
123.70788343252
20
-7.23619501833528
30
0
41
1
10
123.681889452484
20
-7.24236443585326
30
0
0
SPLINE
5
10D
100
AcDbEntity
8
1
62
256
6
ByLayer
370
18
48
1
60
0
100
AcDbSpline
70
4
71
3
72
14
73
10
40
0
40
0
40
0
40
0
40
0.25
40
0.25
40
0.5
40
0.5
40
0.75
40
0.75
40
1
40
1
40
1
40
1
41
1
10
131.542503522421
20
-7.61316171847153
30
0
41
1
10
131.817936263791
20
-7.63876221016034
30
0
41
1
10
132.093259490633
20
-7.6636530992659
30
0
41
1
10
132.643935181735
20
-7.71162574907248
30
0
41
1
10
132.919281564799
20
-7.73470925678248
30
0
41
1
10
133.470204997906
20
-7.77883570861206
30
0
41
1
10
133.745779909225
20
-7.79988042414234
30
0
41
1
10
134.29742913486
20
-7.83971377642075
30
0
41
1
10
134.57352875994
20
-7.85846441830714
30
0
41
1
10
134.850347672286
20
-7.87570170852268
30
0
0
SPLINE
5
10E
100
AcDbEntity
8
1
62
256
6
ByLayer
370
18
48
1
60
0
100
AcDbSpline
70
4
71
3
72
8
73
4
40
0
40
0
40
0
40
0
40
1
40
1
40
1
40
1
41
1
10
131.457534852605
20
-7.60350903738123
30
0
41
1
10
131.485835670239
20
-7.60730913039794
30
0
41
1
10
131.514158428899
20
-7.61052714304847
30
0
41
1
10
131.542503522421
20
-7.61316171847153
30
0
0
SPLINE
5
10F
100
AcDbEntity
8
1
62
256
6
ByLayer
370
18
48
1
60
0
100
AcDbSpline
70
4
71
3
72
8
73
4
40
0
40
0
40
0
40
0
40
1
40
1
40
1
40
1
41
1
10
134.913096458936
20
-7.88053488222189
30
0
41
1
10
134.892199781257
20
-7.87861681168405
30
0
41
1
10
134.871283534199
20
-7.877005367744
30
0
41
1
10
134.850347672286
20
-7.87570170852268
30
0
0
SPLINE
5
110
100
AcDbEntity
8
1
62
256
6
ByLayer
370
18
48
1
60
0
100
AcDbSpline
70
4
71
3
72
8
73
4
40
0
40
0
40
0
40
0
40
1
40
1
40
1
40
1
41
1
10
134.913096458936
20
-7.88053488222141
30
0
41
1
10
134.984337647224
20
-7.86735832424586
30
0
41
1
10
135.062879075729
20
-7.86047514743396
30
0
41
1
10
135.147985864928
20
-7.86271008445661
30
0
0
SPLINE
5
111
100
AcDbEntity
8
1
62
256
6
ByLayer
370
18
48
1
60
0
100
AcDbSpline
70
4
71
3
72
30
73
26
40
0
40
0
40
0
40
0
40
0.0624999999999943
40
0.0624999999999943
40
0.124999999999989
40
0.187499999999983
40
0.187499999999983
40
0.249999999999977
40
0.249999999999977
40
0.374999999999967
40
0.374999999999967
40
0.437499999999961
40
0.437499999999961
40
0.499999999999955
40
0.499999999999955
40
0.624999999999943
40
0.624999999999943
40
0.687499999999937
40
0.687499999999937
40
0.749999999999931
40
0.812499999999925
40
0.812499999999925
40
0.874999999999919
40
0.874999999999919
40
1
40
1
40
1
40
1
41
1
10
144.218114623938
20
-7.13643471718677
30
0
41
1
10
144.218632080218
20
-7.15309755232914
30
0
41
1
10
144.218275367327
20
-7.16966835082681
30
0
41
1
10
144.215866455146
20
-7.20242574674234
30
0
41
1
10
144.211764042164
20
-7.23486678800319
30
0
41
1
10
144.204297178608
20
-7.26667704360034
30
0
41
1
10
144.195111656874
20
-7.29816294165622
30
0
41
1
10
144.189622231783
20
-7.31381964504382
30
0
41
1
10
144.170856133105
20
-7.35936320556351
30
0
41
1
10
144.155280630392
20
-7.38804353746411
30
0
41
1
10
144.127393936833
20
-7.42855626816308
30
0
41
1
10
144.117339269009
20
-7.44163963457828
30
0
41
1
10
144.095658444541
20
-7.46693001402056
30
0
41
1
10
144.084202630242
20
-7.47893677883999
30
0
41
1
10
144.048112031688
20
-7.51304100161013
30
0
41
1
10
144.021745294499
20
-7.53326819036522
30
0
41
1
10
143.978705667748
20
-7.55977397231695
30
0
41
1
10
143.963718350327
20
-7.56798294320205
30
0
41
1
10
143.933201704934
20
-7.58275173355668
30
0
41
1
10
143.902008081497
20
-7.5959679095229
30
0
41
1
10
143.869494774912
20
-7.60613965631077
30
0
41
1
10
143.836320401456
20
-7.61477741815648
30
0
41
1
10
143.819350225131
20
-7.61833749142897
30
0
41
1
10
143.767765140178
20
-7.62658090821679
30
0
41
1
10
143.733145114764
20
-7.62876536490595
30
0
41
1
10
143.698313490432
20
-7.62777233648785
30
0
0
SPLINE
5
112
100
AcDbEntity
8
1
62
256
6
ByLayer
370
18
48
1
60
0
100
AcDbSpline
70
4
71
3
72
8
73
4
40
0
40
0
40
0
40
0
40
1
40
1
40
1
40
1
41
1
10
143.691583592648
20
-7.62755491713173
30
0
41
1
10
143.693829644308
20
-7.62763600344218
30
0
41
1
10
143.696072939359
20
-7.62770845973992
30
0
41
1
10
143.698313490432
20
-7.62777233648785
30
0
0
SPLINE
5
113
100
AcDbEntity
8
1
62
256
6
ByLayer
370
18
48
1
60
0
100
AcDbSpline
70
4
71
3
72
18
73
14
40
0
40
0
40
0
40
0
40
0.250000000000026
40
0.250000000000026
40
0.37500000000004
40
0.37500000000004
40
0.437499999999998
40
0.437499999999998
40
0.499999999999956
40
0.499999999999956
40
0.749999999999978
40
0.749999999999978
40
1
40
1
40
1
40
1
41
1
10
135.967441275447
20
-7.96611798694712
30
0
41
1
10
135.899723138171
20
-7.95132413708913
30
0
41
1
10
135.831312977885
20
-7.93792758291505
30
0
41
1
10
135.727662566124
20
-7.91999022117869
30
0
41
1
10
135.69293894963
20
-7.91437203653683
30
0
41
1
10
135.640584949293
20
-7.90650656900266
30
0
41
1
10
135.623088791538
20
-7.90397847282088
30
0
41
1
10
135.588004637756
20
-7.89911432381129
30
0
41
1
10
135.570413429153
20
-7.89677847188864
30
0
41
1
10
135.483029331701
20
-7.88568950364194
30
0
41
1
10
135.414298699436
20
-7.87860705074849
30
0
41
1
10
135.279251165065
20
-7.86797081576012
30
0
41
1
10
135.212931482084
20
-7.86441558134592
30
0
41
1
10
135.147985864928
20
-7.86271008445661
30
0
0
SPLINE
5
114
100
AcDbEntity
8
1
62
256
6
ByLayer
370
18
48
1
60
0
100
AcDbSpline
70
4
71
3
72
12
73
8
40
0
40
0
40
0
40
0
40
0.499999999999987
40
0.499999999999987
40
0.749999999999994
40
0.749999999999994
40
1
40
1
40
1
40
1
41
1
10
136.382521508094
20
-7.63566243314989
30
0
41
1
10
136.30201281233
20
-7.69922778973557
30
0
41
1
10
136.225888504054
20
-7.75844790138927
30
0
41
1
10
136.12082283274
20
-7.8409452439092
30
0
41
1
10
136.087339183921
20
-7.86739108053993
30
0
41
1
10
136.024218203403
20
-7.91824930805058
30
0
41
1
10
135.994572909455
20
-7.94266054511729
30
0
41
1
10
135.967441275451
20
-7.96611798694673
30
0
0
SPLINE
5
115
100
AcDbEntity
8
1
62
256
6
ByLayer
370
18
48
1
60
0
100
AcDbSpline
70
4
71
3
72
61
73
57
40
0
40
0
40
0
40
0
40
0.0312499999999914
40
0.0312499999999914
40
0.0624999999999828
40
0.0624999999999828
40
0.124999999999965
40
0.124999999999965
40
0.140624999999958
40
0.140624999999958
40
0.156249999999951
40
0.156249999999951
40
0.187499999999946
40
0.187499999999946
40
0.249999999999941
40
0.249999999999941
40
0.28124999999994
40
0.28124999999994
40
0.312499999999938
40
0.312499999999938
40
0.374999999999935
40
0.374999999999935
40
0.390624999999934
40
0.390624999999934
40
0.406249999999933
40
0.406249999999933
40
0.437499999999933
40
0.437499999999933
40
0.499999999999931
40
0.499999999999931
40
0.51562499999994
40
0.51562499999994
40
0.531249999999948
40
0.562499999999966
40
0.593749999999983
40
0.593749999999983
40
0.609374999999981
40
0.609374999999981
40
0.624999999999978
40
0.624999999999978
40
0.687499999999945
40
0.687499999999945
40
0.71874999999994
40
0.71874999999994
40
0.749999999999936
40
0.781249999999932
40
0.781249999999932
40
0.812499999999927
40
0.812499999999927
40
0.874999999999944
40
0.874999999999944
40
0.906249999999952
40
0.906249999999952
40
0.93749999999996
40
0.93749999999996
40
1
40
1
40
1
40
1
41
1
10
136.382521508095
20
-7.63566243315023
30
0
41
1
10
136.359331698183
20
-7.62254001295827
30
0
41
1
10
136.336912444634
20
-7.60894994135836
30
0
41
1
10
136.294596891556
20
-7.58135235067954
30
0
41
1
10
136.274619736595
20
-7.56730623067548
30
0
41
1
10
136.218214324193
20
-7.52437383546317
30
0
41
1
10
136.18528560954
20
-7.49469870331251
30
0
41
1
10
136.150285422963
20
-7.4560493792342
30
0
41
1
10
136.143595527355
20
-7.44824133565447
30
0
41
1
10
136.130853132601
20
-7.43246107376936
30
0
41
1
10
136.124788633319
20
-7.42447171710273
30
0
41
1
10
136.1076686097
20
-7.40036538661988
30
0
41
1
10
136.097751324561
20
-7.38421447577667
30
0
41
1
10
136.072427420956
20
-7.33549467970411
30
0
41
1
10
136.061410440229
20
-7.30265718698919
30
0
41
1
10
136.054096842929
20
-7.2527878110769
30
0
41
1
10
136.053204299637
20
-7.23604088925703
30
0
41
1
10
136.054704605695
20
-7.20242622719158
30
0
41
1
10
136.057082357144
20
-7.18581537873217
30
0
41
1
10
136.069019971989
20
-7.13658537341118
30
0
41
1
10
136.083337457673
20
-7.10455736171022
30
0
41
1
10
136.109598476068
20
-7.06571473886498
30
0
41
1
10
136.115272628456
20
-7.05800674278152
30
0
41
1
10
136.127491428815
20
-7.04272086840351
30
0
41
1
10
136.134040128302
20
-7.03514323552122
30
0
41
1
10
136.15475483288
20
-7.01290445777508
30
0
41
1
10
136.17006152767
20
-6.99863755186811
30
0
41
1
10
136.22040171075
20
-6.9575622975205
30
0
41
1
10
136.25981320163
20
-6.93245950988569
30
0
41
1
10
136.316780343674
20
-6.90437342918278
30
0
41
1
10
136.328511802286
20
-6.89894906267091
30
0
41
1
10
136.352474679355
20
-6.88856220663232
30
0
41
1
10
136.389243477229
20
-6.87363861373336
30
0
41
1
10
136.454555826737
20
-6.85203256491803
30
0
41
1
10
136.511017328692
20
-6.83827149291238
30
0
41
1
10
136.554949080542
20
-6.82931573500031
30
0
41
1
10
136.569895611582
20
-6.82655291757266
30
0
41
1
10
136.600016631527
20
-6.82154116841807
30
0
41
1
10
136.615214346744
20
-6.81928606030181
30
0
41
1
10
136.691865656139
20
-6.80923648945625
30
0
41
1
10
136.755291479329
20
-6.80509738216344
30
0
41
1
10
136.853351709805
20
-6.80450216023237
30
0
41
1
10
136.88663092018
20
-6.8052558424906
30
0
41
1
10
136.952985562831
20
-6.8085659535239
30
0
41
1
10
137.01939024809
20
-6.81366586893384
30
0
41
1
10
137.085886872678
20
-6.82214250974661
30
0
41
1
10
137.152427777718
20
-6.83223925136022
30
0
41
1
10
137.185765079994
20
-6.83810679347039
30
0
41
1
10
137.285560987392
20
-6.85802269948215
30
0
41
1
10
137.35069523194
20
-6.87413586709209
30
0
41
1
10
137.446539975796
20
-6.90202529181502
30
0
41
1
10
137.478176796717
20
-6.91194546782805
30
0
41
1
10
137.540846561538
20
-6.93298280728058
30
0
41
1
10
137.571906449776
20
-6.94411033209022
30
0
41
1
10
137.664019729605
20
-6.97917988193083
30
0
41
1
10
137.723385295877
20
-7.00455290386867
30
0
41
1
10
137.780789079124
20
-7.03175356812159
30
0
0
SPLINE
5
116
100
AcDbEntity
8
1
62
256
6
ByLayer
370
18
48
1
60
0
100
AcDbSpline
70
4
71
3
72
10
73
6
40
0
40
0
40
0
40
0
40
0.5
40
0.5
40
1
40
1
40
1
40
1
41
1
10
137.780789079124
20
-7.03175356812159
30
0
41
1
10
137.836273149856
20
-7.05804458055988
30
0
41
1
10
137.888851718652
20
-7.08398310995579
30
0
41
1
10
137.987914167512
20
-7.1362944329102
30
0
41
1
10
138.034402134219
20
-7.1626612906187
30
0
41
1
10
138.077538797184
20
-7.18981733216305
30
0
0
SPLINE
5
117
100
AcDbEntity
8
1
62
256
6
ByLayer
370
18
48
1
60
0
100
AcDbSpline
70
4
71
3
72
34
73
30
40
0
40
0
40
0
40
0
40
0.125000000000009
40
0.125000000000009
40
0.187500000000014
40
0.187500000000014
40
0.21875000000003
40
0.21875000000003
40
0.250000000000046
40
0.250000000000046
40
0.375000000000059
40
0.375000000000059
40
0.406250000000062
40
0.406250000000062
40
0.437500000000065
40
0.437500000000065
40
0.500000000000071
40
0.500000000000071
40
0.625000000000065
40
0.625000000000065
40
0.687500000000055
40
0.687500000000055
40
0.71875000000005
40
0.71875000000005
40
0.750000000000044
40
0.750000000000044
40
0.875000000000022
40
0.875000000000022
40
1
40
1
40
1
40
1
41
1
10
141.258427503749
20
-5.67906568432616
30
0
41
1
10
141.365329520613
20
-5.6565302414202
30
0
41
1
10
141.467245710026
20
-5.62563581431172
30
0
41
1
10
141.61336611446
20
-5.56761066495517
30
0
41
1
10
141.660937690265
20
-5.54630409466836
30
0
41
1
10
141.730611153584
20
-5.51136850831085
30
0
41
1
10
141.753610642772
20
-5.49919464161513
30
0
41
1
10
141.798759891105
20
-5.47400085157702
30
0
41
1
10
141.820870642503
20
-5.46100666071939
30
0
41
1
10
141.929196324885
20
-5.3940983518963
30
0
41
1
10
142.008775765081
20
-5.33441307599389
30
0
41
1
10
142.100292424891
20
-5.25242502517716
30
0
41
1
10
142.118195066304
20
-5.23565596129188
30
0
41
1
10
142.153211270667
20
-5.20137418659209
30
0
41
1
10
142.170349266639
20
-5.18383256383709
30
0
41
1
10
142.220182938797
20
-5.13054233692549
30
0
41
1
10
142.251432617613
20
-5.09401050767303
30
0
41
1
10
142.339766082817
20
-4.98152916559695
30
0
41
1
10
142.391460394483
20
-4.90270390303124
30
0
41
1
10
142.459553303158
20
-4.7789719244343
30
0
41
1
10
142.48066862457
20
-4.73680935057689
30
0
41
1
10
142.5100819083
20
-4.672199212121
30
0
41
1
10
142.519523844412
20
-4.65039783976991
30
0
41
1
10
142.53756836099
20
-4.60659279548369
30
0
41
1
10
142.546178291389
20
-4.58457702377666
30
0
41
1
10
142.587263836129
20
-4.47394052367389
30
0
41
1
10
142.613879369758
20
-4.38365059307696
30
0
41
1
10
142.656513696593
20
-4.19966221878812
30
0
41
1
10
142.672521952055
20
-4.10596267172224
30
0
41
1
10
142.68386565062
20
-4.01059744032278
30
0
0
SPLINE
5
118
100
AcDbEntity
8
1
62
256
6
ByLayer
370
18
48
1
60
0
100
AcDbSpline
70
4
71
3
72
8
73
4
40
0
40
0
40
0
40
0
40
1
40
1
40
1
40
1
41
1
10
141.258427503749
20
-7.53432475550053
30
0
41
1
10
142.069910862131
20
-7.56720759503389
30
0
41
1
10
142.881011157603
20
-7.59829186442894
30
0
41
1
10
143.691583592648
20
-7.62755491713159
30
0
0
SPLINE
5
119
100
AcDbEntity
8
1
62
256
6
ByLayer
370
18
48
1
60
0
100
AcDbSpline
70
4
71
3
72
8
73
4
40
0
40
0
40
0
40
0
40
1
40
1
40
1
40
1
41
1
10
139.232920548981
20
-3.32272714849526
30
0
41
1
10
139.223079134978
20
-3.37869871132554
30
0
41
1
10
139.216446198595
20
-3.43455735657136
30
0
41
1
10
139.212959185687
20
-3.49029630192572
30
0
0
SPLINE
5
11A
100
AcDbEntity
8
1
62
256
6
ByLayer
370
18
48
1
60
0
100
AcDbSpline
70
4
71
3
72
10
73
6
40
0
40
0
40
0
40
0
40
0.5
40
0.5
40
1
40
1
40
1
40
1
41
1
10
138.077538797184
20
-7.18981733216299
30
0
41
1
10
138.112978715009
20
-7.21212800282356
30
0
41
1
10
138.145705626787
20
-7.2351437008042
30
0
41
1
10
138.205754565417
20
-7.28244924854505
30
0
41
1
10
138.233077664481
20
-7.3067392163274
30
0
41
1
10
138.257548788308
20
-7.33164558350779
30
0
0
SPLINE
5
11B
100
AcDbEntity
8
1
62
256
6
ByLayer
370
18
48
1
60
0
100
AcDbSpline
70
4
71
3
72
8
73
4
40
0
40
0
40
0
40
0
40
1
40
1
40
1
40
1
41
1
10
138.257548788308
20
-7.33164558350779
30
0
41
1
10
139.244253758526
20
-7.39849251641607
30
0
41
1
10
140.230251887893
20
-7.46575783542573
30
0
41
1
10
141.21573171094
20
-7.53202369850723
30
0
0
SPLINE
5
11C
100
AcDbEntity
8
1
62
256
6
ByLayer
370
18
48
1
60
0
100
AcDbSpline
70
4
71
3
72
50
73
46
40
0
40
0
40
0
40
0
40
0.125000000000037
40
0.125000000000037
40
0.250000000000075
40
0.250000000000075
40
0.312500000000092
40
0.312500000000092
40
0.343750000000098
40
0.343750000000098
40
0.375000000000104
40
0.375000000000104
40
0.437500000000108
40
0.437500000000108
40
0.500000000000112
40
0.500000000000112
40
0.515625000000116
40
0.515625000000116
40
0.53125000000012
40
0.562500000000127
40
0.562500000000127
40
0.625000000000129
40
0.625000000000129
40
0.65625000000013
40
0.65625000000013
40
0.671875000000122
40
0.671875000000122
40
0.687500000000114
40
0.687500000000114
40
0.750000000000066
40
0.750000000000066
40
0.812500000000018
40
0.812500000000018
40
0.828125000000011
40
0.828125000000011
40
0.843750000000004
40
0.87499999999999
40
0.87499999999999
40
0.937499999999963
40
0.937499999999963
40
0.953124999999967
40
0.953124999999967
40
0.968749999999971
40
0.968749999999971
40
1
40
1
40
1
40
1
41
1
10
139.212959185687
20
-3.49029630192589
30
0
41
1
10
139.203866921303
20
-3.63563365540224
30
0
41
1
10
139.20271987382
20
-3.77827043963978
30
0
41
1
10
139.21912137407
20
-4.05806396263148
30
0
41
1
10
139.236629375465
20
-4.19522305021252
30
0
41
1
10
139.280412078069
20
-4.39667820585402
30
0
41
1
10
139.297944132889
20
-4.46311464626513
30
0
41
1
10
139.329341930774
20
-4.56165649136344
30
0
41
1
10
139.340617056049
20
-4.59417250451165
30
0
41
1
10
139.364750666054
20
-4.65823485480266
30
0
41
1
10
139.377623864242
20
-4.68982815515528
30
0
41
1
10
139.418768550758
20
-4.78327970905011
30
0
41
1
10
139.449556836773
20
-4.84381227049232
30
0
41
1
10
139.518583104329
20
-4.96120744679666
30
0
41
1
10
139.556815865371
20
-5.01807165611876
30
0
41
1
10
139.60991998732
20
-5.0867118017218
30
0
41
1
10
139.62081522502
20
-5.10032524371292
30
0
41
1
10
139.643015912168
20
-5.12713399195016
30
0
41
1
10
139.676979508288
20
-5.1667826429366
30
0
41
1
10
139.712954518661
20
-5.20473982434615
30
0
41
1
10
139.787671863558
20
-5.27838758432884
30
0
41
1
10
139.841161335837
20
-5.32447225916891
30
0
41
1
10
139.927432761824
20
-5.38890530630727
30
0
41
1
10
139.957198766324
20
-5.40959877843576
30
0
41
1
10
140.003457275688
20
-5.43941943330694
30
0
41
1
10
140.019179101162
20
-5.44917555424988
30
0
41
1
10
140.050935655282
20
-5.46812925776828
30
0
41
1
10
140.066983621689
20
-5.47733710110313
30
0
41
1
10
140.148071288727
20
-5.52204530516923
30
0
41
1
10
140.215643915732
20
-5.55357076356339
30
0
41
1
10
140.356341306388
20
-5.60821512385545
30
0
41
1
10
140.429462300526
20
-5.63133916423442
30
0
41
1
10
140.524623621499
20
-5.65470955231146
30
0
41
1
10
140.543877041404
20
-5.659112056151
30
0
41
1
10
140.582629291939
20
-5.66731618935617
30
0
41
1
10
140.640880195412
20
-5.67867177783853
30
0
41
1
10
140.699493509415
20
-5.68722884947707
30
0
41
1
10
140.817196917144
20
-5.70068646749479
30
0
41
1
10
140.89629895475
20
-5.70480629378471
30
0
41
1
10
140.995985180043
20
-5.70378938594192
30
0
41
1
10
141.015963065519
20
-5.70327581087167
30
0
41
1
10
141.056001410423
20
-5.701618003454
30
0
41
1
10
141.076094201715
20
-5.70047113987033
30
0
41
1
10
141.136224923652
20
-5.69608567813876
30
0
41
1
10
141.176089149286
20
-5.69191080309895
30
0
41
1
10
141.21573171094
20
-5.68648531085913
30
0
0
SPLINE
5
11D
100
AcDbEntity
8
1
62
256
6
ByLayer
370
18
48
1
60
0
100
AcDbSpline
70
4
71
3
72
38
73
34
40
0
40
0
40
0
40
0
40
0.0624999999999328
40
0.124999999999866
40
0.124999999999866
40
0.156249999999846
40
0.156249999999846
40
0.187499999999826
40
0.187499999999826
40
0.249999999999813
40
0.249999999999813
40
0.3124999999998
40
0.3124999999998
40
0.343749999999793
40
0.343749999999793
40
0.374999999999787
40
0.374999999999787
40
0.499999999999781
40
0.499999999999781
40
0.531249999999791
40
0.531249999999791
40
0.562499999999801
40
0.562499999999801
40
0.624999999999835
40
0.624999999999835
40
0.749999999999891
40
0.749999999999891
40
0.812499999999918
40
0.812499999999918
40
0.874999999999945
40
0.937499999999973
40
0.937499999999973
40
1
40
1
40
1
40
1
41
1
10
141.258427503749
20
-1.54192523326753
30
0
41
1
10
141.318222065551
20
-1.54663067377115
30
0
41
1
10
141.436089528018
20
-1.56256258217107
30
0
41
1
10
141.550593836065
20
-1.59119274435145
30
0
41
1
10
141.635195895774
20
-1.6174573787998
30
0
41
1
10
141.663183428614
20
-1.62701253995644
30
0
41
1
10
141.71872398281
20
-1.64774844762727
30
0
41
1
10
141.746307116138
20
-1.65894245315769
30
0
41
1
10
141.828196475631
20
-1.69493802531
30
0
41
1
10
141.880826403549
20
-1.72177804692518
30
0
41
1
10
141.982305352862
20
-1.78088666330828
30
0
41
1
10
142.031153709875
20
-1.8131562936569
30
0
41
1
10
142.101605710696
20
-1.86557016649743
30
0
41
1
10
142.124618723557
20
-1.8837109408644
30
0
41
1
10
142.169694881175
20
-1.92133540145622
30
0
41
1
10
142.191797191939
20
-1.94085596332857
30
0
41
1
10
142.299462618235
20
-2.04144132910594
30
0
41
1
10
142.374790386843
20
-2.12963424996531
30
0
41
1
10
142.456614426358
20
-2.24839589021778
30
0
41
1
10
142.472356887261
20
-2.2725783182662
30
0
41
1
10
142.502605952987
20
-2.32178980017122
30
0
41
1
10
142.51714237939
20
-2.34687444468599
30
0
41
1
10
142.558684404719
20
-2.42298359034245
30
0
41
1
10
142.583494947799
20
-2.47458529384815
30
0
41
1
10
142.649933222277
20
-2.63169122636251
30
0
41
1
10
142.683617643246
20
-2.73947855966239
30
0
41
1
10
142.719659656862
20
-2.90502880471544
30
0
41
1
10
142.729113945495
20
-2.96026527455677
30
0
41
1
10
142.743293719136
20
-3.07052694058979
30
0
41
1
10
142.752762862737
20
-3.18066878917495
30
0
41
1
10
142.753452685621
20
-3.29051339508504
30
0
41
1
10
142.749977224009
20
-3.40018742862978
30
0
41
1
10
142.746142095221
20
-3.45503867608895
30
0
41
1
10
142.740340828169
20
-3.50944642304216
30
0
0
SPLINE
5
11E
100
AcDbEntity
8
1
62
256
6
ByLayer
370
18
48
1
60
0
100
AcDbSpline
70
4
71
3
72
8
73
4
40
0
40
0
40
0
40
0
40
1
40
1
40
1
40
1
41
1
10
141.21573171094
20
-1.53937823549609
30
0
41
1
10
141.229991106279
20
-1.53995942936521
30
0
41
1
10
141.244223076041
20
-1.54080743781162
30
0
41
1
10
141.258427503749
20
-1.54192523326753
30
0
0
SPLINE
5
11F
100
AcDbEntity
8
1
62
256
6
ByLayer
370
18
48
1
60
0
100
AcDbSpline
70
4
71
3
72
38
73
34
40
0
40
0
40
0
40
0
40
0.124999999999956
40
0.124999999999956
40
0.249999999999912
40
0.249999999999912
40
0.2812499999999
40
0.2812499999999
40
0.312499999999889
40
0.312499999999889
40
0.374999999999881
40
0.374999999999881
40
0.49999999999988
40
0.49999999999988
40
0.531249999999874
40
0.531249999999874
40
0.562499999999869
40
0.562499999999869
40
0.624999999999881
40
0.624999999999881
40
0.749999999999903
40
0.749999999999903
40
0.781249999999915
40
0.781249999999915
40
0.812499999999928
40
0.812499999999928
40
0.874999999999952
40
0.874999999999952
40
0.937499999999976
40
0.937499999999976
40
0.968749999999988
40
0.968749999999988
40
1
40
1
40
1
40
1
41
1
10
139.232920548981
20
-3.32272714849526
30
0
41
1
10
139.252879823676
20
-3.20921177384312
30
0
41
1
10
139.280702878243
20
-3.09714290387066
30
0
41
1
10
139.352808257822
20
-2.87635120560787
30
0
41
1
10
139.397077925936
20
-2.76762350500797
30
0
41
1
10
139.463948081025
20
-2.6343306916815
30
0
41
1
10
139.477902585264
20
-2.60780419051179
30
0
41
1
10
139.507021249495
20
-2.55503413996692
30
0
41
1
10
139.522152557711
20
-2.52885592869885
30
0
41
1
10
139.568978622746
20
-2.45148578340812
30
0
41
1
10
139.602216325005
20
-2.40124875149482
30
0
41
1
10
139.708121490918
20
-2.25473185864027
30
0
41
1
10
139.786927936295
20
-2.16260693567563
30
0
41
1
10
139.896799186526
20
-2.0554307301247
30
0
41
1
10
139.919395127327
20
-2.03435410970999
30
0
41
1
10
139.965548545324
20
-1.99324853462741
30
0
41
1
10
139.989022297849
20
-1.97328986926209
30
0
41
1
10
140.060630138215
20
-1.91519790542412
30
0
41
1
10
140.109948393218
20
-1.87884506697662
30
0
41
1
10
140.262690287663
20
-1.77704908004438
30
0
41
1
10
140.370847836844
20
-1.71878782932231
30
0
41
1
10
140.51478747879
20
-1.65942571338732
30
0
41
1
10
140.544096547916
20
-1.64820849154805
30
0
41
1
10
140.602937329368
20
-1.62743208661774
30
0
41
1
10
140.632528151517
20
-1.61784390238034
30
0
41
1
10
140.721809579137
20
-1.59147309230858
30
0
41
1
10
140.782007725273
20
-1.57707774969924
30
0
41
1
10
140.903779022417
20
-1.55477359168125
30
0
41
1
10
140.965351852619
20
-1.54686326297508
30
0
41
1
10
141.058794483396
20
-1.54011691252884
30
0
41
1
10
141.090186302131
20
-1.53872341856012
30
0
41
1
10
141.15296269915
20
-1.53771684755375
30
0
41
1
10
141.184348446403
20
-1.53809909563728
30
0
41
1
10
141.21573171094
20
-1.53937823549609
30
0
0
SPLINE
5
120
100
AcDbEntity
8
1
62
256
6
ByLayer
370
18
48
1
60
0
100
AcDbSpline
70
4
71
3
72
8
73
4
40
0
40
0
40
0
40
0
40
1
40
1
40
1
40
1
41
1
10
134.913096458936
20
7.88053488222104
30
0
41
1
10
134.616583100492
20
7.13438643691038
30
0
41
1
10
134.319023188831
20
6.38887578856813
30
0
41
1
10
134.02043002234
20
5.64395892044161
30
0
0
SPLINE
5
121
100
AcDbEntity
8
1
62
256
6
ByLayer
370
18
48
1
60
0
100
AcDbSpline
70
4
71
3
72
8
73
4
40
0
40
0
40
0
40
0
40
1
40
1
40
1
40
1
41
1
10
134.913096458936
20
7.88053488222087
30
0
41
1
10
134.892199781257
20
7.87861681168306
30
0
41
1
10
134.871283534199
20
7.87700536774298
30
0
41
1
10
134.850347672286
20
7.87570170852166
30
0
0
SPLINE
5
122
100
AcDbEntity
8
1
62
256
6
ByLayer
370
18
48
1
60
0
100
AcDbSpline
70
4
71
3
72
14
73
10
40
0
40
0
40
0
40
0
40
0.25
40
0.25
40
0.5
40
0.5
40
0.75
40
0.75
40
1
40
1
40
1
40
1
41
1
10
131.542503522421
20
7.61316171847054
30
0
41
1
10
131.817936263791
20
7.63876221015934
30
0
41
1
10
132.093259490634
20
7.66365309926493
30
0
41
1
10
132.643935181735
20
7.71162574907149
30
0
41
1
10
132.919281564799
20
7.73470925678148
30
0
41
1
10
133.470204997906
20
7.77883570861107
30
0
41
1
10
133.745779909225
20
7.79988042414132
30
0
41
1
10
134.29742913486
20
7.83971377641973
30
0
41
1
10
134.57352875994
20
7.85846441830614
30
0
41
1
10
134.850347672286
20
7.87570170852166
30
0
0
SPLINE
5
123
100
AcDbEntity
8
1
62
256
6
ByLayer
370
18
48
1
60
0
100
AcDbSpline
70
4
71
3
72
8
73
4
40
0
40
0
40
0
40
0
40
1
40
1
40
1
40
1
41
1
10
131.457534852605
20
7.60350903738023
30
0
41
1
10
131.485835670239
20
7.60730913039694
30
0
41
1
10
131.514158428899
20
7.61052714304751
30
0
41
1
10
131.542503522421
20
7.61316171847054
30
0
0
SPLINE
5
124
100
AcDbEntity
8
1
62
256
6
ByLayer
370
18
48
1
60
0
100
AcDbSpline
70
4
71
3
72
44
73
40
40
0
40
0
40
0
40
0
40
0.188572517247443
40
0.188572517247443
40
0.377145034494887
40
0.377145034494887
40
0.42428816380675
40
0.42428816380675
40
0.447859728462676
40
0.447859728462676
40
0.45964551079064
40
0.45964551079064
40
0.471431293118603
40
0.471431293118603
40
0.518574422430426
40
0.518574422430426
40
0.565717551742249
40
0.565717551742249
40
0.660003810365906
40
0.660003810365906
40
0.68357537502182
40
0.68357537502182
40
0.707146939677734
40
0.754290068989572
40
0.754290068989572
40
0.801433198301411
40
0.801433198301411
40
0.848576327613249
40
0.848576327613249
40
0.895719456925088
40
0.895719456925088
40
0.919291021581007
40
0.919291021581007
40
0.931076803908967
40
0.931076803908967
40
0.942862586236926
40
0.99000571554876
40
0.99000571554876
40
1
40
1
40
1
40
1
41
1
10
131.457534852605
20
7.60350903738023
30
0
41
1
10
130.965481515804
20
7.53743856291001
30
0
41
1
10
130.4730867541
20
7.46918355617493
30
0
41
1
10
129.487121318522
20
7.32982636961157
30
0
41
1
10
128.993547431793
20
7.25871458231654
30
0
41
1
10
128.375746665904
20
7.16855086714949
30
0
41
1
10
128.252145585272
20
7.15045320411943
30
0
41
1
10
128.066683020224
20
7.12321505239981
30
0
41
1
10
128.004850271986
20
7.11412011801627
30
0
41
1
10
127.912091979155
20
7.10045621611926
30
0
41
1
10
127.881172011825
20
7.09589809431029
30
0
41
1
10
127.819330955943
20
7.08677525202532
30
0
41
1
10
127.788413786912
20
7.08218837465168
30
0
41
1
10
127.633670275635
20
7.0601084830929
30
0
41
1
10
127.509498996344
20
7.04446687226931
30
0
41
1
10
127.260426404241
20
7.01725026785383
30
0
41
1
10
127.135524526744
20
7.00567812763254
30
0
41
1
10
126.759732304466
20
6.97714898093486
30
0
41
1
10
126.507762310384
20
6.96636646120635
30
0
41
1
10
126.190956002355
20
6.96346510234179
30
0
41
1
10
126.127457521652
20
6.96341505371274
30
0
41
1
10
126.000458470694
20
6.96438481735564
30
0
41
1
10
125.810884287982
20
6.96743143896651
30
0
41
1
10
125.624048944842
20
6.9751273262782
30
0
41
1
10
125.377366860405
20
6.98932085904664
30
0
41
1
10
125.255238953008
20
6.9983796380416
30
0
41
1
10
125.013481106889
20
7.02026106606425
30
0
41
1
10
124.893847099299
20
7.03307778327431
30
0
41
1
10
124.657212344485
20
7.06231939092046
30
0
41
1
10
124.540212404351
20
7.07874710000232
30
0
41
1
10
124.366862026488
20
7.10599566164871
30
0
41
1
10
124.309438355396
20
7.11551429513202
30
0
41
1
10
124.223875602595
20
7.13043794471
30
0
41
1
10
124.195490577494
20
7.13551312475636
30
0
41
1
10
124.139180252354
20
7.14582584924992
30
0
41
1
10
123.999418376531
20
7.17203681270553
30
0
41
1
10
123.864768002534
20
7.20031794048325
30
0
41
1
10
123.738470795867
20
7.22910065735968
30
0
41
1
10
123.71653675135
20
7.23418556182568
30
0
41
1
10
123.694764135008
20
7.23931887869662
30
0
0
SPLINE
5
125
100
AcDbEntity
8
1
62
256
6
ByLayer
370
18
48
1
60
0
100
AcDbSpline
70
4
71
3
72
50
73
46
40
0
40
0
40
0
40
0
40
0.0491188253684127
40
0.0491188253684127
40
0.108548898782884
40
0.108548898782884
40
0.138263935490119
40
0.138263935490119
40
0.153121453843737
40
0.153121453843737
40
0.167978972197355
40
0.167978972197355
40
0.22740904561183
40
0.22740904561183
40
0.286839119026305
40
0.286839119026305
40
0.301696637379924
40
0.301696637379924
40
0.316554155733543
40
0.346269192440781
40
0.346269192440781
40
0.405699265855254
40
0.405699265855254
40
0.465129339269729
40
0.465129339269729
40
0.494844375976967
40
0.509701894330585
40
0.509701894330585
40
0.524559412684204
40
0.524559412684204
40
0.583989486098679
40
0.583989486098679
40
0.643419559513155
40
0.643419559513155
40
0.70284963292763
40
0.70284963292763
40
0.762279706342105
40
0.762279706342105
40
0.82170977975658
40
0.82170977975658
40
0.851424816463818
40
0.851424816463818
40
0.881139853171056
40
0.881139853171056
40
1
40
1
40
1
40
1
41
1
10
122.552340913225
20
7.78452265357581
30
0
41
1
10
122.586283217629
20
7.78592605105513
30
0
41
1
10
122.627398453336
20
7.77942027720698
30
0
41
1
10
122.734375385433
20
7.74878952056818
30
0
41
1
10
122.803657969006
20
7.7212457243572
30
0
41
1
10
122.924786761227
20
7.66491019381297
30
0
41
1
10
122.96803604135
20
7.64362554240179
30
0
41
1
10
123.037414798847
20
7.60806250695421
30
0
41
1
10
123.061203861566
20
7.59564721478253
30
0
41
1
10
123.110021577744
20
7.56978944904034
30
0
41
1
10
123.135063477983
20
7.55634018620077
30
0
41
1
10
123.263433586985
20
7.48661702440273
30
0
41
1
10
123.376229480634
20
7.42293053601742
30
0
41
1
10
123.62215638785
20
7.28261862718693
30
0
41
1
10
123.755291459994
20
7.20598653742996
30
0
41
1
10
123.934682951092
20
7.10368835767039
30
0
41
1
10
123.9712459147
20
7.08288272355168
30
0
41
1
10
124.045519491387
20
7.04074796874008
30
0
41
1
10
124.158400511294
20
6.97690227246511
30
0
41
1
10
124.275628024466
20
6.91133776868077
30
0
41
1
10
124.515724527925
20
6.77842568696656
30
0
41
1
10
124.683306532717
20
6.68745371539916
30
0
41
1
10
125.032820375384
20
6.50310130037718
30
0
41
1
10
125.214754014524
20
6.40971644368159
30
0
41
1
10
125.497994646157
20
6.26927714399179
30
0
41
1
10
125.642200999218
20
6.19896302169079
30
0
41
1
10
125.790216328905
20
6.12874909833377
30
0
41
1
10
125.889733675195
20
6.08198804746499
30
0
41
1
10
125.939867133718
20
6.05865345101336
30
0
41
1
10
126.191602200145
20
5.94262433733405
30
0
41
1
10
126.397121421897
20
5.85153389981099
30
0
41
1
10
126.815781755247
20
5.67384483831054
30
0
41
1
10
127.028923864047
20
5.5872433868046
30
0
41
1
10
127.462298987747
20
5.41931297654648
30
0
41
1
10
127.682532622016
20
5.33798214153219
30
0
41
1
10
128.12964268032
20
5.18120536522341
30
0
41
1
10
128.356519500498
20
5.10575812198061
30
0
41
1
10
128.816535969617
20
4.96123904315101
30
0
41
1
10
129.049667628151
20
4.8921534392527
30
0
41
1
10
129.403877200768
20
4.79369352984423
30
0
41
1
10
129.522492914284
20
4.76179402631635
30
0
41
1
10
129.760498009554
20
4.69994536736891
30
0
41
1
10
129.87993388137
20
4.66998322987513
30
0
41
1
10
130.479218736775
20
4.52503330307931
30
0
41
1
10
130.965377238854
20
4.4246877929491
30
0
41
1
10
131.457534852605
20
4.34005760158649
30
0
0
SPLINE
5
126
100
AcDbEntity
8
1
62
256
6
ByLayer
370
18
48
1
60
0
100
AcDbSpline
70
4
71
3
72
8
73
4
40
0
40
0
40
0
40
0
40
1
40
1
40
1
40
1
41
1
10
131.542503522421
20
4.32505972340118
30
0
41
1
10
131.514119846002
20
4.33019911535973
30
0
41
1
10
131.48579701976
20
4.33519771006431
30
0
41
1
10
131.457534852605
20
4.34005760158652
30
0
0
SPLINE
5
127
100
AcDbEntity
8
1
62
256
6
ByLayer
370
18
48
1
60
0
100
AcDbSpline
70
4
71
3
72
20
73
16
40
0
40
0
40
0
40
0
40
0.125000000000003
40
0.125000000000003
40
0.250000000000006
40
0.250000000000006
40
0.375000000000009
40
0.375000000000009
40
0.500000000000012
40
0.500000000000012
40
0.625000000000015
40
0.625000000000015
40
0.750000000000018
40
0.750000000000018
40
1
40
1
40
1
40
1
41
1
10
134.850347672286
20
3.96445334467481
30
0
41
1
10
134.711379890068
20
3.97031540043483
30
0
41
1
10
134.572467969981
20
3.97711113033725
30
0
41
1
10
134.294813323081
20
3.99302470083558
30
0
41
1
10
134.156124888994
20
4.00215582664575
30
0
41
1
10
133.879036102311
20
4.02283848941721
30
0
41
1
10
133.740626716259
20
4.03431316568137
30
0
41
1
10
133.464049981924
20
4.05927406166086
30
0
41
1
10
133.325892747474
20
4.07284629128125
30
0
41
1
10
133.04989228726
20
4.1025874721399
30
0
41
1
10
132.912016797927
20
4.11873277254131
30
0
41
1
10
132.636705087437
20
4.15345331752434
30
0
41
1
10
132.499306330519
20
4.17202591317968
30
0
41
1
10
132.087890640609
20
4.23137183646097
30
0
41
1
10
131.814655324682
20
4.27578158326895
30
0
41
1
10
131.542503522421
20
4.32505972340115
30
0
0
SPLINE
5
128
100
AcDbEntity
8
1
62
256
6
ByLayer
370
18
48
1
60
0
100
AcDbSpline
70
4
71
3
72
8
73
4
40
0
40
0
40
0
40
0
40
1
40
1
40
1
40
1
41
1
10
134.850347672286
20
3.96445334467481
30
0
41
1
10
134.950164133556
20
3.96024280283268
30
0
41
1
10
135.049379133743
20
3.95893323246943
30
0
41
1
10
135.147985864928
20
3.9603743621077
30
0
0
SPLINE
5
129
100
AcDbEntity
8
1
62
256
6
ByLayer
370
18
48
1
60
0
100
AcDbSpline
70
4
71
3
72
18
73
14
40
0
40
0
40
0
40
0
40
0.125000000000004
40
0.125000000000004
40
0.250000000000007
40
0.250000000000007
40
0.500000000000015
40
0.500000000000015
40
0.750000000000023
40
0.750000000000023
40
0.875000000000012
40
0.875000000000012
40
1
40
1
40
1
40
1
41
1
10
137.780789079124
20
4.0480867326541
30
0
41
1
10
137.671063346854
20
4.0440075201362
30
0
41
1
10
137.561335733079
20
4.03987712779755
30
0
41
1
10
137.341855525058
20
4.03107257014182
30
0
41
1
10
137.2321065734
20
4.0264755667414
30
0
41
1
10
136.90285761668
20
4.01261664324926
30
0
41
1
10
136.683354723889
20
4.00327293115251
30
0
41
1
10
136.244440678376
20
3.9864017485375
30
0
41
1
10
136.025029715833
20
3.97888147285863
30
0
41
1
10
135.696073873449
20
3.97075187030356
30
0
41
1
10
135.586442538371
20
3.96843891177409
30
0
41
1
10
135.367191423795
20
3.96399116142419
30
0
41
1
10
135.257577492429
20
3.96197603514361
30
0
41
1
10
135.147985864928
20
3.9603743621077
30
0
0
SPLINE
5
12A
100
AcDbEntity
8
1
62
256
6
ByLayer
370
18
48
1
60
0
100
AcDbSpline
70
4
71
3
72
10
73
6
40
0
40
0
40
0
40
0
40
0.5
40
0.5
40
1
40
1
40
1
40
1
41
1
10
138.077538797184
20
4.05176876277861
30
0
41
1
10
138.027850549698
20
4.05236716401413
30
0
41
1
10
137.978262279399
20
4.0523586345785
30
0
41
1
10
137.879285000991
20
4.05113208874036
30
0
41
1
10
137.829893458967
20
4.04991225887105
30
0
41
1
10
137.780789079124
20
4.04808673265407
30
0
0
SPLINE
5
12B
100
AcDbEntity
8
1
62
256
6
ByLayer
370
18
48
1
60
0
100
AcDbSpline
70
4
71
3
72
12
73
8
40
0
40
0
40
0
40
0
40
0.10051083502336
40
0.10051083502336
40
0.502554175193087
40
0.502554175193087
40
1
40
1
40
1
40
1
41
1
10
141.21573171094
20
4.0139310018117
30
0
41
1
10
141.110590907123
20
4.01520008624018
30
0
41
1
10
141.005450104138
20
4.01646904020078
30
0
41
1
10
140.47974609327
20
4.0228131518696
30
0
41
1
10
140.05918289817
20
4.02788637013987
30
0
41
1
10
139.118259396273
20
4.03923156176816
30
0
41
1
10
138.597899089932
20
4.04550200438305
30
0
41
1
10
138.077538797184
20
4.05176876277861
30
0
0
SPLINE
5
12C
100
AcDbEntity
8
1
62
256
6
ByLayer
370
18
48
1
60
0
100
AcDbSpline
70
4
71
3
72
8
73
4
40
0
40
0
40
0
40
0
40
1
40
1
40
1
40
1
41
1
10
141.258427503749
20
4.01311714707285
30
0
41
1
10
141.244201426546
20
4.01348786835018
30
0
41
1
10
141.229969495243
20
4.01375914702555
30
0
41
1
10
141.21573171094
20
4.0139310018117
30
0
0
SPLINE
5
12D
100
AcDbEntity
8
1
62
256
6
ByLayer
370
18
48
1
60
0
100
AcDbSpline
70
4
71
3
72
12
73
8
40
0
40
0
40
0
40
0
40
0.103261065288408
40
0.103261065288408
40
0.51630532644573
40
0.51630532644573
40
1
40
1
40
1
40
1
41
1
10
143.691583592648
20
3.94970350292763
30
0
41
1
10
143.607833521891
20
3.95188645573185
30
0
41
1
10
143.524083448457
20
3.95406938691497
30
0
41
1
10
143.105333067911
20
3.96498393052977
30
0
41
1
10
142.770332720672
20
3.97371520511109
30
0
41
1
10
142.043030780056
20
3.9926703401037
30
0
41
1
10
141.65072917086
20
4.00289404951377
30
0
41
1
10
141.258427503749
20
4.01311714707285
30
0
0
SPLINE
5
12E
100
AcDbEntity
8
1
62
256
6
ByLayer
370
18
48
1
60
0
100
AcDbSpline
70
4
71
3
72
28
73
24
40
0
40
0
40
0
40
0
40
0.125000000000003
40
0.125000000000003
40
0.187500000000006
40
0.187500000000006
40
0.250000000000009
40
0.250000000000009
40
0.375000000000048
40
0.375000000000048
40
0.437500000000043
40
0.437500000000043
40
0.500000000000039
40
0.500000000000039
40
0.625000000000029
40
0.625000000000029
40
0.687500000000024
40
0.687500000000024
40
0.75000000000002
40
0.75000000000002
40
0.87500000000001
40
0.87500000000001
40
1
40
1
40
1
40
1
41
1
10
144.218114623938
20
3.7580941108227
30
0
41
1
10
144.219149366698
20
3.76979019271482
30
0
41
1
10
144.21671928657
20
3.78137289833032
30
0
41
1
10
144.208075173863
20
3.79858336966655
30
0
41
1
10
144.204354672823
20
3.80429273390794
30
0
41
1
10
144.195197162481
20
3.81565529181174
30
0
41
1
10
144.189724842889
20
3.82133425564712
30
0
41
1
10
144.1710129988
20
3.83794882708381
30
0
41
1
10
144.15546681739
20
3.84854802850148
30
0
41
1
10
144.12758685938
20
3.86373832708131
30
0
41
1
10
144.117528253245
20
3.86868287249087
30
0
41
1
10
144.095822129116
20
3.87832512657747
30
0
41
1
10
144.084302246704
20
3.88296387436017
30
0
41
1
10
144.048034340494
20
3.89625094580833
30
0
41
1
10
144.021496509156
20
3.90431946156437
30
0
41
1
10
143.978090972197
20
3.9152178824875
30
0
41
1
10
143.962933455998
20
3.91866395890335
30
0
41
1
10
143.931979296572
20
3.92500901602619
30
0
41
1
10
143.916147535114
20
3.92792075662538
30
0
41
1
10
143.86761019746
20
3.93588978646417
30
0
41
1
10
143.833872819101
20
3.94018842109901
30
0
41
1
10
143.763514457935
20
3.9466654677741
30
0
41
1
10
143.727786936474
20
3.9487598596541
30
0
41
1
10
143.691583592648
20
3.94970350292763
30
0
0
SPLINE
5
12F
100
AcDbEntity
8
1
62
256
6
ByLayer
370
18
48
1
60
0
100
AcDbSpline
70
4
71
3
72
8
73
4
40
0
40
0
40
0
40
0
40
1
40
1
40
1
40
1
41
1
10
133.735237047723
20
4.17413256649286
30
0
41
1
10
133.729756657146
20
4.13212351046098
30
0
41
1
10
133.725603057068
20
4.09019424424875
30
0
41
1
10
133.722760498388
20
4.04834299728688
30
0
0
SPLINE
5
130
100
AcDbEntity
8
1
62
256
6
ByLayer
370
18
48
1
60
0
100
AcDbSpline
70
4
71
3
72
8
73
4
40
0
40
0
40
0
40
0
40
1
40
1
40
1
40
1
41
1
10
133.835527353292
20
4.94040760101231
30
0
41
1
10
133.801986073094
20
4.68501534897149
30
0
41
1
10
133.76856313174
20
4.42958832485795
30
0
41
1
10
133.735237047723
20
4.17413256649272
30
0
0
SPLINE
5
131
100
AcDbEntity
8
1
62
256
6
ByLayer
370
18
48
1
60
0
100
AcDbSpline
70
4
71
3
72
12
73
8
40
0
40
0
40
0
40
0
40
0.500000000000002
40
0.500000000000002
40
0.750000000000001
40
0.750000000000001
40
1
40
1
40
1
40
1
41
1
10
134.02043002234
20
5.64395892044172
30
0
41
1
10
133.974766518564
20
5.5300396549064
30
0
41
1
10
133.936545840389
20
5.41441450564119
30
0
41
1
10
133.890252185312
20
5.23843631924242
30
0
41
1
10
133.876666511886
20
5.17935209401278
30
0
41
1
10
133.853237148658
20
5.06031999201179
30
0
41
1
10
133.843409013861
20
5.00042066643275
30
0
41
1
10
133.835527353291
20
4.94040760101265
30
0
0
SPLINE
5
132
100
AcDbEntity
8
1
62
256
6
ByLayer
370
18
48
1
60
0
100
AcDbSpline
70
4
71
3
72
38
73
34
40
0
40
0
40
0
40
0
40
0.0625000000001077
40
0.0625000000001077
40
0.0937500000001611
40
0.0937500000001611
40
0.125000000000214
40
0.125000000000214
40
0.1875000000002
40
0.1875000000002
40
0.250000000000185
40
0.250000000000185
40
0.31250000000017
40
0.31250000000017
40
0.375000000000155
40
0.375000000000155
40
0.437500000000141
40
0.437500000000141
40
0.500000000000126
40
0.500000000000126
40
0.625000000000095
40
0.625000000000095
40
0.750000000000063
40
0.750000000000063
40
0.812500000000047
40
0.812500000000047
40
0.875000000000032
40
0.875000000000032
40
0.906250000000024
40
0.906250000000024
40
0.937500000000016
40
0.937500000000016
40
1
40
1
40
1
40
1
41
1
10
139.087522529285
20
6.31707410764341
30
0
41
1
10
139.099183315379
20
6.31006959072411
30
0
41
1
10
139.111677226783
20
6.3051291545392
30
0
41
1
10
139.131263949076
20
6.29977749734115
30
0
41
1
10
139.137938989631
20
6.29835146885068
30
0
41
1
10
139.151348668101
20
6.29614736955074
30
0
41
1
10
139.158109773685
20
6.29536190478311
30
0
41
1
10
139.178543998725
20
6.29383035238797
30
0
41
1
10
139.19222097018
20
6.29391034815754
30
0
41
1
10
139.219604911967
20
6.29580394475454
30
0
41
1
10
139.233269872748
20
6.29762281099585
30
0
41
1
10
139.26034930732
20
6.30270268099198
30
0
41
1
10
139.273835958873
20
6.30598141376063
30
0
41
1
10
139.300409718565
20
6.31378725075174
30
0
41
1
10
139.313511465934
20
6.31831420529102
30
0
41
1
10
139.33937436189
20
6.32853295615908
30
0
41
1
10
139.352124043076
20
6.33422489950917
30
0
41
1
10
139.377041892208
20
6.34662025654376
30
0
41
1
10
139.389243132619
20
6.35333634494469
30
0
41
1
10
139.425076178316
20
6.3750342724789
30
0
41
1
10
139.447626986889
20
6.39135127175817
30
0
41
1
10
139.489672500033
20
6.42770315335292
30
0
41
1
10
139.509036493089
20
6.44763137676526
30
0
41
1
10
139.534502068082
20
6.48004251912042
30
0
41
1
10
139.54241325884
20
6.49130582278355
30
0
41
1
10
139.556646916374
20
6.51458520993725
30
0
41
1
10
139.563019810188
20
6.52667400256229
30
0
41
1
10
139.571026869563
20
6.5454041075684
30
0
41
1
10
139.573431384588
20
6.55173486739429
30
0
41
1
10
139.577629736935
20
6.56460179043862
30
0
41
1
10
139.579427499096
20
6.57116190130594
30
0
41
1
10
139.583657584466
20
6.59090940052064
30
0
41
1
10
139.585006229485
20
6.60422038557266
30
0
41
1
10
139.584136210973
20
6.6177660082495
30
0
0
SPLINE
5
133
100
AcDbEntity
8
1
62
256
6
ByLayer
370
18
48
1
60
0
100
AcDbSpline
70
4
71
3
72
8
73
4
40
0
40
0
40
0
40
0
40
1
40
1
40
1
40
1
41
1
10
139.584136210973
20
6.6177660082495
30
0
41
1
10
139.583663806343
20
6.62512104125415
30
0
41
1
10
139.583191071064
20
6.63247547280588
30
0
41
1
10
139.582718021772
20
6.63982933110819
30
0
0
SPLINE
5
134
100
AcDbEntity
8
1
62
256
6
ByLayer
370
18
48
1
60
0
100
AcDbSpline
70
4
71
3
72
8
73
4
40
0
40
0
40
0
40
0
40
1
40
1
40
1
40
1
41
1
10
139.06851955303
20
6.32849011401473
30
0
41
1
10
139.074853254334
20
6.32468478982915
30
0
41
1
10
139.081187569549
20
6.3208794542378
30
0
41
1
10
139.087522529285
20
6.31707410764341
30
0
0
SPLINE
5
135
100
AcDbEntity
8
1
62
256
6
ByLayer
370
18
48
1
60
0
100
AcDbSpline
70
4
71
3
72
28
73
24
40
0
40
0
40
0
40
0
40
0.249999999999902
40
0.249999999999902
40
0.374999999999789
40
0.374999999999789
40
0.499999999999676
40
0.499999999999676
40
0.624999999999563
40
0.624999999999563
40
0.687499999999599
40
0.687499999999599
40
0.749999999999636
40
0.749999999999636
40
0.812499999999672
40
0.812499999999672
40
0.843749999999791
40
0.843749999999791
40
0.87499999999991
40
0.87499999999991
40
0.937499999999955
40
0.937499999999955
40
1
40
1
40
1
40
1
41
1
10
138.763034236956
20
6.16741200836563
30
0
41
1
10
138.779549486277
20
6.19615184188143
30
0
41
1
10
138.79844965617
20
6.22350684317101
30
0
41
1
10
138.830418788448
20
6.26149046798855
30
0
41
1
10
138.841696297853
20
6.27364612938399
30
0
41
1
10
138.865538008892
20
6.2965369097837
30
0
41
1
10
138.878147112207
20
6.30731797999374
30
0
41
1
10
138.9047434788
20
6.32678363546157
30
0
41
1
10
138.91886312393
20
6.33556219677078
30
0
41
1
10
138.94098724203
20
6.34614898031276
30
0
41
1
10
138.948530065433
20
6.34925467602054
30
0
41
1
10
138.964036334748
20
6.35439241544216
30
0
41
1
10
138.972075468865
20
6.35643490202381
30
0
41
1
10
138.988200834855
20
6.35898768599577
30
0
41
1
10
138.996302046416
20
6.35951862599691
30
0
41
1
10
139.008520892042
20
6.35889417438949
30
0
41
1
10
139.012621416995
20
6.35844125858063
30
0
41
1
10
139.020625757524
20
6.35703119721828
30
0
41
1
10
139.024554025974
20
6.35607482724069
30
0
41
1
10
139.036105272421
20
6.35241642821507
30
0
41
1
10
139.04358363503
20
6.3488434709667
30
0
41
1
10
139.057015154313
20
6.33994331948324
30
0
41
1
10
139.063069471513
20
6.33461665758458
30
0
41
1
10
139.06851955303
20
6.32849011401473
30
0
0
SPLINE
5
136
100
AcDbEntity
8
1
62
256
6
ByLayer
370
18
48
1
60
0
100
AcDbSpline
70
4
71
3
72
30
73
26
40
0
40
0
40
0
40
0
40
0.249999999999763
40
0.249999999999763
40
0.374999999999745
40
0.374999999999745
40
0.499999999999727
40
0.499999999999727
40
0.624999999999709
40
0.624999999999709
40
0.687499999999698
40
0.687499999999698
40
0.749999999999687
40
0.749999999999687
40
0.781249999999684
40
0.781249999999684
40
0.812499999999681
40
0.812499999999681
40
0.874999999999765
40
0.874999999999765
40
0.906249999999824
40
0.906249999999824
40
0.937499999999882
40
0.937499999999882
40
1
40
1
40
1
40
1
41
1
10
139.865640162152
20
6.83502283644344
30
0
41
1
10
139.832625348791
20
6.83376408417536
30
0
41
1
10
139.799757592254
20
6.82975870283124
30
0
41
1
10
139.751417715246
20
6.81912446111531
30
0
41
1
10
139.735497111165
20
6.81480467237745
30
0
41
1
10
139.704255295699
20
6.80435140268938
30
0
41
1
10
139.68893630198
20
6.79822265814929
30
0
41
1
10
139.659409798148
20
6.78372212102624
30
0
41
1
10
139.645268060619
20
6.77539180683408
30
0
41
1
10
139.625742144796
20
6.76079502332095
30
0
41
1
10
139.619503961274
20
6.75556864865254
30
0
41
1
10
139.60773576374
20
6.744181195213
30
0
41
1
10
139.602265031506
20
6.73806606888036
30
0
41
1
10
139.595015176662
20
6.72829617816953
30
0
41
1
10
139.592750637252
20
6.72493179547416
30
0
41
1
10
139.588569861296
20
6.71795753355286
30
0
41
1
10
139.586646290758
20
6.71432786405705
30
0
41
1
10
139.5815892671
20
6.70325562581229
30
0
41
1
10
139.579126991375
20
6.69558768788599
30
0
41
1
10
139.577037225762
20
6.68358748471204
30
0
41
1
10
139.576618140212
20
6.67952381573144
30
0
41
1
10
139.576355448153
20
6.67147980486243
30
0
41
1
10
139.576505930943
20
6.66746987987941
30
0
41
1
10
139.577785255314
20
6.65547642142883
30
0
41
1
10
139.579775715266
20
6.6474786496384
30
0
41
1
10
139.582718021772
20
6.63982933110819
30
0
0
SPLINE
5
137
100
AcDbEntity
8
1
62
256
6
ByLayer
370
18
48
1
60
0
100
AcDbSpline
70
4
71
3
72
38
73
34
40
0
40
0
40
0
40
0
40
0.0625000000000883
40
0.0625000000000883
40
0.0937500000000896
40
0.0937500000000896
40
0.125000000000091
40
0.125000000000091
40
0.187500000000094
40
0.187500000000094
40
0.250000000000097
40
0.250000000000097
40
0.3125000000001
40
0.3125000000001
40
0.375000000000102
40
0.375000000000102
40
0.437500000000105
40
0.437500000000105
40
0.500000000000108
40
0.500000000000108
40
0.625000000000114
40
0.625000000000114
40
0.750000000000119
40
0.750000000000119
40
0.812500000000144
40
0.812500000000144
40
0.875000000000169
40
0.875000000000169
40
0.906250000000148
40
0.906250000000148
40
0.937500000000127
40
0.937500000000127
40
1
40
1
40
1
40
1
41
1
10
138.79238379914
20
5.23995862190478
30
0
41
1
10
138.803849224631
20
5.24485911079245
30
0
41
1
10
138.81400135386
20
5.25154893042534
30
0
41
1
10
138.827934284197
20
5.26339434880569
30
0
41
1
10
138.832353030703
20
5.26765681969928
30
0
41
1
10
138.840684351492
20
5.27659774704188
30
0
41
1
10
138.844615883758
20
5.28129211052817
30
0
41
1
10
138.855805145138
20
5.29596674824271
30
0
41
1
10
138.862385180201
20
5.30642753684148
30
0
41
1
10
138.874146113463
20
5.3283978486626
30
0
41
1
10
138.879302236386
20
5.3398783686618
30
0
41
1
10
138.888327704728
20
5.36352297604253
30
0
41
1
10
138.892217678654
20
5.37575254215329
30
0
41
1
10
138.898804203255
20
5.40068188215417
30
0
41
1
10
138.901507926536
20
5.41339259494453
30
0
41
1
10
138.905824130015
20
5.43929001192393
30
0
41
1
10
138.907430961259
20
5.45246815323364
30
0
41
1
10
138.909563655332
20
5.47903053959419
30
0
41
1
10
138.910095336799
20
5.49244762903103
30
0
41
1
10
138.910094091359
20
5.5331089345666
30
0
41
1
10
138.907987433586
20
5.56039695699127
30
0
41
1
10
138.899345262717
20
5.61501366029037
30
0
41
1
10
138.892832021709
20
5.64217742232662
30
0
41
1
10
138.879279664381
20
5.68170879665865
30
0
41
1
10
138.87410898258
20
5.6947222540162
30
0
41
1
10
138.862368652384
20
5.71995990726577
30
0
41
1
10
138.85576536484
20
5.73226771988422
30
0
41
1
10
138.84459389707
20
5.74985210322379
30
0
41
1
10
138.840665854233
20
5.75555543261075
30
0
41
1
10
138.832333338839
20
5.7665954062206
30
0
41
1
10
138.827911384963
20
5.77194947778742
30
0
41
1
10
138.81399853274
20
5.78711425856866
30
0
41
1
10
138.803855308254
20
5.79612536893066
30
0
41
1
10
138.79238379914
20
5.80347374935897
30
0
0
SPLINE
5
138
100
AcDbEntity
8
1
62
256
6
ByLayer
370
18
48
1
60
0
100
AcDbSpline
70
4
71
3
72
8
73
4
40
0
40
0
40
0
40
0
40
1
40
1
40
1
40
1
41
1
10
138.79238379914
20
5.80347374935897
30
0
41
1
10
138.786154973034
20
5.80746378967459
30
0
41
1
10
138.779926773795
20
5.81145378826548
30
0
41
1
10
138.773699171667
20
5.81544374621728
30
0
0
SPLINE
5
139
100
AcDbEntity
8
1
62
256
6
ByLayer
370
18
48
1
60
0
100
AcDbSpline
70
4
71
3
72
30
73
26
40
0
40
0
40
0
40
0
40
0.250000000000027
40
0.250000000000027
40
0.375000000000076
40
0.375000000000076
40
0.500000000000124
40
0.500000000000124
40
0.625000000000173
40
0.625000000000173
40
0.687500000000201
40
0.687500000000201
40
0.750000000000228
40
0.750000000000228
40
0.781250000000277
40
0.781250000000277
40
0.812500000000326
40
0.812500000000326
40
0.875000000000312
40
0.875000000000312
40
0.906250000000234
40
0.906250000000234
40
0.937500000000156
40
0.937500000000156
40
1
40
1
40
1
40
1
41
1
10
138.763034236956
20
6.16741200836563
30
0
41
1
10
138.746526830276
20
6.13868582261074
30
0
41
1
10
138.732413071988
20
6.10860320294321
30
0
41
1
10
138.715632483852
20
6.06176013863754
30
0
41
1
10
138.710790862685
20
6.04588387744357
30
0
41
1
10
138.70293609189
20
6.01362536191959
30
0
41
1
10
138.699920357984
20
5.99724798122176
30
0
41
1
10
138.696330385841
20
5.96414987883972
30
0
41
1
10
138.69575684948
20
5.94750867633439
30
0
41
1
10
138.697505619395
20
5.92273237853951
30
0
41
1
10
138.698526396452
20
5.91448935385105
30
0
41
1
10
138.701702155484
20
5.89804251428592
30
0
41
1
10
138.703850472514
20
5.88991484842069
30
0
41
1
10
138.708056890529
20
5.87815960425723
30
0
41
1
10
138.70962592686
20
5.87430300184079
30
0
41
1
10
138.713144571309
20
5.8667309452899
30
0
41
1
10
138.715106508286
20
5.86299772675704
30
0
41
1
10
138.72151050224
20
5.85227495209736
30
0
41
1
10
138.726483078052
20
5.8457023570507
30
0
41
1
10
138.735173214511
20
5.83685675691635
30
0
41
1
10
138.738264574959
20
5.83409702316942
30
0
41
1
10
138.744675371657
20
5.82909630636038
30
0
41
1
10
138.748015840767
20
5.82683289826295
30
0
41
1
10
138.75843290918
20
5.82073838252288
30
0
41
1
10
138.765963562199
20
5.81760022827055
30
0
41
1
10
138.773699171667
20
5.81544374621728
30
0
0
SPLINE
5
13A
100
AcDbEntity
8
1
62
256
6
ByLayer
370
18
48
1
60
0
100
AcDbSpline
70
4
71
3
72
8
73
4
40
0
40
0
40
0
40
0
40
1
40
1
40
1
40
1
41
1
10
138.773699171667
20
5.23197489238956
30
0
41
1
10
138.779926773795
20
5.23463510576272
30
0
41
1
10
138.786154973034
20
5.23729633142642
30
0
41
1
10
138.79238379914
20
5.23995862190475
30
0
0
SPLINE
5
13B
100
AcDbEntity
8
1
62
256
6
ByLayer
370
18
48
1
60
0
100
AcDbSpline
70
4
71
3
72
38
73
34
40
0
40
0
40
0
40
0
40
0.0624999999999268
40
0.0624999999999268
40
0.0937499999998903
40
0.0937499999998903
40
0.124999999999854
40
0.124999999999854
40
0.187499999999843
40
0.187499999999843
40
0.249999999999832
40
0.249999999999832
40
0.312499999999821
40
0.312499999999821
40
0.374999999999809
40
0.374999999999809
40
0.437499999999798
40
0.437499999999798
40
0.499999999999787
40
0.499999999999787
40
0.624999999999871
40
0.624999999999871
40
0.749999999999956
40
0.749999999999956
40
0.812499999999942
40
0.812499999999942
40
0.874999999999928
40
0.874999999999928
40
0.906249999999921
40
0.906249999999921
40
0.937499999999915
40
0.937499999999915
40
1
40
1
40
1
40
1
41
1
10
140.174413671263
20
6.64027145402622
30
0
41
1
10
140.17567394959
20
6.62674791191185
30
0
41
1
10
140.179010574594
20
6.61360562450315
30
0
41
1
10
140.186078812772
20
6.59425877480098
30
0
41
1
10
140.188793036606
20
6.58787428175799
30
0
41
1
10
140.194749388349
20
6.57539481844046
30
0
41
1
10
140.198000951778
20
6.56927362015065
30
0
41
1
10
140.208464859641
20
6.5512147935377
30
0
41
1
10
140.216303471374
20
6.53970675074069
30
0
41
1
10
140.233280803535
20
6.51757163989791
30
0
41
1
10
140.242399676559
20
6.50698281210157
30
0
41
1
10
140.261538772528
20
6.48676881877756
30
0
41
1
10
140.271613134994
20
6.47709196666432
30
0
41
1
10
140.292418360547
20
6.45872522464001
30
0
41
1
10
140.303157573165
20
6.45002290423969
30
0
41
1
10
140.325252568752
20
6.43351088877947
30
0
41
1
10
140.336601846446
20
6.42571094751102
30
0
41
1
10
140.359661586427
20
6.41112658484946
30
0
41
1
10
140.371400057259
20
6.40432084671366
30
0
41
1
10
140.407234187332
20
6.38535771350968
30
0
41
1
10
140.43161670303
20
6.37480457955422
30
0
41
1
10
140.481206539503
20
6.35820834319279
30
0
41
1
10
140.506263140489
20
6.35222006001618
30
0
41
1
10
140.543651757001
20
6.34757617596301
30
0
41
1
10
140.556121955254
20
6.34675568758564
30
0
41
1
10
140.580744092615
20
6.34685205806628
30
0
41
1
10
140.592976054572
20
6.3477641546786
30
0
41
1
10
140.610937670927
20
6.35075942232786
30
0
41
1
10
140.616848629232
20
6.35202762920886
30
0
41
1
10
140.628501424194
20
6.35518913495974
30
0
41
1
10
140.634262915716
20
6.35709161587096
30
0
41
1
10
140.650993510358
20
6.36382091172882
30
0
41
1
10
140.661491345125
20
6.36963158981715
30
0
41
1
10
140.671027352952
20
6.37744822717809
30
0
0
SPLINE
5
13C
100
AcDbEntity
8
1
62
256
6
ByLayer
370
18
48
1
60
0
100
AcDbSpline
70
4
71
3
72
8
73
4
40
0
40
0
40
0
40
0
40
1
40
1
40
1
40
1
41
1
10
140.671027352952
20
6.37744822717809
30
0
41
1
10
140.676205236167
20
6.38169252270785
30
0
41
1
10
140.681381848873
20
6.38593673422042
30
0
41
1
10
140.686557253238
20
6.39018086485046
30
0
0
SPLINE
5
13D
100
AcDbEntity
8
1
62
256
6
ByLayer
370
18
48
1
60
0
100
AcDbSpline
70
4
71
3
72
28
73
24
40
0
40
0
40
0
40
0
40
0.249999999999925
40
0.249999999999925
40
0.374999999999888
40
0.374999999999888
40
0.499999999999852
40
0.499999999999852
40
0.624999999999815
40
0.624999999999815
40
0.687499999999796
40
0.687499999999796
40
0.749999999999778
40
0.749999999999778
40
0.812499999999759
40
0.812499999999759
40
0.843749999999801
40
0.843749999999801
40
0.874999999999844
40
0.874999999999844
40
0.937499999999922
40
0.937499999999922
40
1
40
1
40
1
40
1
41
1
10
139.865640162152
20
6.83502283644344
30
0
41
1
10
139.898670660794
20
6.83628218674252
30
0
41
1
10
139.931819673387
20
6.83478723596499
30
0
41
1
10
139.980972931453
20
6.82786633626077
30
0
41
1
10
139.997275055705
20
6.82476584000199
30
0
41
1
10
140.029418833812
20
6.81672482713833
30
0
41
1
10
140.045323012625
20
6.81177064287814
30
0
41
1
10
140.076197229722
20
6.79958968944828
30
0
41
1
10
140.091317953456
20
6.79230070355345
30
0
41
1
10
140.112465568218
20
6.7792078491596
30
0
41
1
10
140.119271081193
20
6.77447833518573
30
0
41
1
10
140.13226914445
20
6.7640983981463
30
0
41
1
10
140.138513474831
20
6.75838959427227
30
0
41
1
10
140.149819831563
20
6.74612545043283
30
0
41
1
10
140.154906805935
20
6.73956834027729
30
0
41
1
10
140.161462850999
20
6.72892859312523
30
0
41
1
10
140.163472384186
20
6.72522997016188
30
0
41
1
10
140.166984374673
20
6.71773354969284
30
0
41
1
10
140.168501538199
20
6.71391552492065
30
0
41
1
10
140.172303861538
20
6.70224359094064
30
0
41
1
10
140.173827690372
20
6.694053852829
30
0
41
1
10
140.17463733551
20
6.67803975400582
30
0
41
1
10
140.17398174694
20
6.67013029469388
30
0
41
1
10
140.172358784496
20
6.6623105015847
30
0
0
SPLINE
5
13E
100
AcDbEntity
8
1
62
256
6
ByLayer
370
18
48
1
60
0
100
AcDbSpline
70
4
71
3
72
8
73
4
40
0
40
0
40
0
40
0
40
1
40
1
40
1
40
1
41
1
10
140.172358784496
20
6.66231050158473
30
0
41
1
10
140.173044032143
20
6.65496473374643
30
0
41
1
10
140.173728999373
20
6.64761839393967
30
0
41
1
10
140.174413671263
20
6.64027145402622
30
0
0
SPLINE
5
13F
100
AcDbEntity
8
1
62
256
6
ByLayer
370
18
48
1
60
0
100
AcDbSpline
70
4
71
3
72
28
73
24
40
0
40
0
40
0
40
0
40
0.249999999999946
40
0.249999999999946
40
0.374999999999954
40
0.374999999999954
40
0.499999999999962
40
0.499999999999962
40
0.62499999999997
40
0.62499999999997
40
0.687499999999974
40
0.687499999999974
40
0.749999999999978
40
0.749999999999978
40
0.812499999999981
40
0.812499999999981
40
0.843749999999983
40
0.843749999999983
40
0.874999999999985
40
0.874999999999985
40
0.937499999999993
40
0.937499999999993
40
1
40
1
40
1
40
1
41
1
10
138.763034236956
20
4.916268229249
30
0
41
1
10
138.746518987635
20
4.94374871246569
30
0
41
1
10
138.73239113113
20
4.97241478126776
30
0
41
1
10
138.71561742164
20
5.01669552644341
30
0
41
1
10
138.710768873082
20
5.03168408626081
30
0
41
1
10
138.702921078037
20
5.06192544518538
30
0
41
1
10
138.699904788633
20
5.07723698108398
30
0
41
1
10
138.696329021192
20
5.10781651512482
30
0
41
1
10
138.695754508885
20
5.12323573708807
30
0
41
1
10
138.697531337315
20
5.14569898507108
30
0
41
1
10
138.698562589203
20
5.1530874420007
30
0
41
1
10
138.701731845981
20
5.16760040742261
30
0
41
1
10
138.703897643636
20
5.17478783541651
30
0
41
1
10
138.709536597228
20
5.18835855458124
30
0
41
1
10
138.712999661831
20
5.19476444549943
30
0
41
1
10
138.719413917001
20
5.20363762786323
30
0
41
1
10
138.721769824564
20
5.20648069749464
30
0
41
1
10
138.726807508387
20
5.21173822024579
30
0
41
1
10
138.729500428988
20
5.2141715518996
30
0
41
1
10
138.738124349086
20
5.22085520533653
30
0
41
1
10
138.744711384311
20
5.22451066633397
30
0
41
1
10
138.758608572986
20
5.22968630161128
30
0
41
1
10
138.765967135184
20
5.23128322569661
30
0
41
1
10
138.773699171667
20
5.23197489238956
30
0
0
SPLINE
5
140
100
AcDbEntity
8
1
62
256
6
ByLayer
370
18
48
1
60
0
100
AcDbSpline
70
4
71
3
72
30
73
26
40
0
40
0
40
0
40
0
40
0.250000000000008
40
0.250000000000008
40
0.375000000000014
40
0.375000000000014
40
0.500000000000021
40
0.500000000000021
40
0.625000000000027
40
0.625000000000027
40
0.687500000000031
40
0.687500000000031
40
0.750000000000036
40
0.750000000000036
40
0.781249999999947
40
0.781249999999947
40
0.812499999999859
40
0.812499999999859
40
0.87499999999986
40
0.87499999999986
40
0.906249999999861
40
0.906249999999861
40
0.937499999999862
40
0.937499999999862
40
1
40
1
40
1
40
1
41
1
10
140.968246087349
20
6.25148988540465
30
0
41
1
10
140.951738680668
20
6.27895731889143
30
0
41
1
10
140.933105372516
20
6.30485112397776
30
0
41
1
10
140.901956307404
20
6.34043645985372
30
0
41
1
10
140.891052939165
20
6.35172602086769
30
0
41
1
10
140.868119906622
20
6.37284122737276
30
0
41
1
10
140.856094578679
20
6.38266744326981
30
0
41
1
10
140.830860918614
20
6.40019673516193
30
0
41
1
10
140.817715183503
20
6.40786553006396
30
0
41
1
10
140.797237748431
20
6.41683332712003
30
0
41
1
10
140.790272496992
20
6.41940357748354
30
0
41
1
10
140.775993171635
20
6.42345281069476
30
0
41
1
10
140.768742525432
20
6.42490542553122
30
0
41
1
10
140.757899118589
20
6.42595930242385
30
0
41
1
10
140.754280383592
20
6.4261249921818
30
0
41
1
10
140.747035424547
20
6.42603206470616
30
0
41
1
10
140.743390910406
20
6.42576933518947
30
0
41
1
10
140.732680498091
20
6.42427904926652
30
0
41
1
10
140.725785308659
20
6.42236349024049
30
0
41
1
10
140.715887717732
20
6.41786788912205
30
0
41
1
10
140.712682231701
20
6.41610045443741
30
0
41
1
10
140.706625038025
20
6.41212047208364
30
0
41
1
10
140.703748544971
20
6.40989748624534
30
0
41
1
10
140.695567418728
20
6.40254460901221
30
0
41
1
10
140.690691259157
20
6.39667574700661
30
0
41
1
10
140.686557253238
20
6.39018086485046
30
0
0
SPLINE
5
141
100
AcDbEntity
8
1
62
256
6
ByLayer
370
18
48
1
60
0
100
AcDbSpline
70
4
71
3
72
8
73
4
40
0
40
0
40
0
40
0
40
1
40
1
40
1
40
1
41
1
10
139.087522529285
20
4.74886370939703
30
0
41
1
10
139.081187569549
20
4.74637801954873
30
0
41
1
10
139.074853254334
20
4.74389336513957
30
0
41
1
10
139.06851955303
20
4.74140969506865
30
0
0
SPLINE
5
142
100
AcDbEntity
8
1
62
256
6
ByLayer
370
18
48
1
60
0
100
AcDbSpline
70
4
71
3
72
30
73
26
40
0
40
0
40
0
40
0
40
0.249999999999695
40
0.249999999999695
40
0.374999999999611
40
0.374999999999611
40
0.499999999999527
40
0.499999999999527
40
0.624999999999443
40
0.624999999999443
40
0.687499999999402
40
0.687499999999402
40
0.749999999999361
40
0.749999999999361
40
0.781249999999441
40
0.781249999999441
40
0.81249999999952
40
0.81249999999952
40
0.874999999999679
40
0.874999999999679
40
0.906249999999759
40
0.906249999999759
40
0.937499999999838
40
0.937499999999838
40
1
40
1
40
1
40
1
41
1
10
138.763034236956
20
4.916268229249
30
0
41
1
10
138.779541643637
20
4.88880079576222
30
0
41
1
10
138.798416331984
20
4.86254012420167
30
0
41
1
10
138.830385844619
20
4.82570781489815
30
0
41
1
10
138.841640442205
20
4.81388443099988
30
0
41
1
10
138.865481499004
20
4.79138914583311
30
0
41
1
10
138.878062690687
20
4.78071808941473
30
0
41
1
10
138.904702093999
20
4.76105225078882
30
0
41
1
10
138.918692761225
20
4.75209926906453
30
0
41
1
10
138.94076469763
20
4.74070803755711
30
0
41
1
10
138.948317367348
20
4.7372449878805
30
0
41
1
10
138.963925955122
20
4.73117544884053
30
0
41
1
10
138.97191340745
20
4.72860298461183
30
0
41
1
10
138.983982546323
20
4.72568615459926
30
0
41
1
10
138.988030962809
20
4.72486740491505
30
0
41
1
10
138.996184844574
20
4.72357888818024
30
0
41
1
10
139.000311345461
20
4.72310906058942
30
0
41
1
10
139.01252296837
20
4.7223177018366
30
0
41
1
10
139.020497482013
20
4.7225928285699
30
0
41
1
10
139.032159695229
20
4.72440643353065
30
0
41
1
10
139.035975101195
20
4.72524686931334
30
0
41
1
10
139.043264885034
20
4.72735347507953
30
0
41
1
10
139.046768364619
20
4.7286235230124
30
0
41
1
10
139.056862726462
20
4.73306853120027
30
0
41
1
10
139.063066953022
20
4.73691890427094
30
0
41
1
10
139.06851955303
20
4.74140969506865
30
0
0
SPLINE
5
143
100
AcDbEntity
8
1
62
256
6
ByLayer
370
18
48
1
60
0
100
AcDbSpline
70
4
71
3
72
8
73
4
40
0
40
0
40
0
40
0
40
1
40
1
40
1
40
1
41
1
10
139.584136210973
20
4.4860404825489
30
0
41
1
10
139.583663806343
20
4.48045214831691
30
0
41
1
10
139.583191071064
20
4.47486536561357
30
0
41
1
10
139.582718021772
20
4.46928005833442
30
0
0
SPLINE
5
144
100
AcDbEntity
8
1
62
256
6
ByLayer
370
18
48
1
60
0
100
AcDbSpline
70
4
71
3
72
38
73
34
40
0
40
0
40
0
40
0
40
0.0312500000000006
40
0.0312500000000006
40
0.0625000000000011
40
0.0625000000000011
40
0.125000000000002
40
0.125000000000002
40
0.156250000000003
40
0.156250000000003
40
0.187500000000003
40
0.187500000000003
40
0.250000000000004
40
0.250000000000004
40
0.312500000000005
40
0.312500000000005
40
0.375000000000005
40
0.375000000000005
40
0.500000000000007
40
0.500000000000007
40
0.625000000000008
40
0.625000000000008
40
0.75000000000001
40
0.75000000000001
40
0.812500000000011
40
0.812500000000011
40
0.875000000000013
40
0.875000000000013
40
0.906250000000015
40
0.906250000000015
40
0.937500000000018
40
0.937500000000018
40
1
40
1
40
1
40
1
41
1
10
139.087522529285
20
4.74886370939703
30
0
41
1
10
139.093378653348
20
4.75116151534081
30
0
41
1
10
139.099480181148
20
4.75301099272338
30
0
41
1
10
139.112084551387
20
4.75598567816073
30
0
41
1
10
139.118588042202
20
4.75710519777112
30
0
41
1
10
139.138227382226
20
4.75951022755049
30
0
41
1
10
139.151627091791
20
4.75989459332726
30
0
41
1
10
139.172080375164
20
4.75916323150764
30
0
41
1
10
139.178964668537
20
4.75869436931237
30
0
41
1
10
139.192647789447
20
4.75738225461569
30
0
41
1
10
139.199472665473
20
4.75653844310773
30
0
41
1
10
139.219905988994
20
4.75351655337008
30
0
41
1
10
139.233473584036
20
4.75085240221912
30
0
41
1
10
139.260529340273
20
4.74445132954
30
0
41
1
10
139.274073422824
20
4.74069085403909
30
0
41
1
10
139.300580554562
20
4.73237342059943
30
0
41
1
10
139.31359791887
20
4.7278067058096
30
0
41
1
10
139.352008357449
20
4.71302469800816
30
0
41
1
10
139.376770015096
20
4.70174793267094
30
0
41
1
10
139.424634613502
20
4.67646490646734
30
0
41
1
10
139.44733535272
20
4.66265406354563
30
0
41
1
10
139.489461272499
20
4.63290811472271
30
0
41
1
10
139.508818610924
20
4.61704254370898
30
0
41
1
10
139.534379501342
20
4.59158674465587
30
0
41
1
10
139.542295738623
20
4.58283827888343
30
0
41
1
10
139.556590624891
20
4.56479955717592
30
0
41
1
10
139.562976610304
20
4.55550290731378
30
0
41
1
10
139.5709986048
20
4.54116184226828
30
0
41
1
10
139.573407684344
20
4.53632359401053
30
0
41
1
10
139.577614217107
20
4.52650359963627
30
0
41
1
10
139.579415666031
20
4.52150350582991
30
0
41
1
10
139.583654903425
20
4.50646413878223
30
0
41
1
10
139.585007132132
20
4.49634308801791
30
0
41
1
10
139.584136210973
20
4.4860404825489
30
0
0
SPLINE
5
145
100
AcDbEntity
8
1
62
256
6
ByLayer
370
18
48
1
60
0
100
AcDbSpline
70
4
71
3
72
24
73
20
40
0
40
0
40
0
40
0
40
0.250000000000062
40
0.250000000000062
40
0.375000000000092
40
0.375000000000092
40
0.500000000000123
40
0.500000000000123
40
0.625000000000154
40
0.625000000000154
40
0.750000000000185
40
0.750000000000185
40
0.812500000000139
40
0.812500000000139
40
0.875000000000092
40
0.875000000000092
40
0.937500000000046
40
0.937500000000046
40
1
40
1
40
1
40
1
41
1
10
139.865640162152
20
4.33273527821018
30
0
41
1
10
139.832613654642
20
4.33147608008054
30
0
41
1
10
139.799734341762
20
4.33260029865392
30
0
41
1
10
139.751377973546
20
4.33827508594794
30
0
41
1
10
139.735452240121
20
4.34083577907577
30
0
41
1
10
139.704200573445
20
4.34749771687063
30
0
41
1
10
139.688877280324
20
4.35159573638538
30
0
41
1
10
139.659343323492
20
4.36166361076425
30
0
41
1
10
139.64508542376
20
4.36765013878474
30
0
41
1
10
139.618923562806
20
4.38192970158701
30
0
41
1
10
139.607084774105
20
4.39011889861052
30
0
41
1
10
139.592466952893
20
4.40488984290059
30
0
41
1
10
139.588278519823
20
4.41009713400294
30
0
41
1
10
139.581578004939
20
4.42118011358752
30
0
41
1
10
139.579076606194
20
4.42712021068519
30
0
41
1
10
139.576349889661
20
4.43907940201521
30
0
41
1
10
139.576070219161
20
4.44520575692789
30
0
41
1
10
139.577806892713
20
4.45749573601978
30
0
41
1
10
139.579778151747
20
4.46346556193467
30
0
41
1
10
139.582718021772
20
4.46928005833442
30
0
0
SPLINE
5
146
100
AcDbEntity
8
1
62
256
6
ByLayer
370
18
48
1
60
0
100
AcDbSpline
70
4
71
3
72
38
73
34
40
0
40
0
40
0
40
0
40
0.0625000000000071
40
0.0625000000000071
40
0.0937500000000107
40
0.0937500000000107
40
0.125000000000014
40
0.125000000000014
40
0.187500000000021
40
0.187500000000021
40
0.250000000000028
40
0.250000000000028
40
0.312500000000036
40
0.312500000000036
40
0.375000000000043
40
0.375000000000043
40
0.43750000000005
40
0.43750000000005
40
0.500000000000057
40
0.500000000000057
40
0.625000000000071
40
0.625000000000071
40
0.750000000000085
40
0.750000000000085
40
0.812500000000091
40
0.812500000000091
40
0.875000000000096
40
0.875000000000096
40
0.906250000000072
40
0.906250000000072
40
0.937500000000047
40
0.937500000000047
40
1
40
1
40
1
40
1
41
1
10
140.966166083097
20
5.88635331467037
30
0
41
1
10
140.956830493053
20
5.87821575316795
30
0
41
1
10
140.948668049482
20
5.86850187035327
30
0
41
1
10
140.937564011589
20
5.85235690372537
30
0
41
1
10
140.934061124652
20
5.84670244551396
30
0
41
1
10
140.927485791987
20
5.83509264482129
30
0
41
1
10
140.924398239945
20
5.82911554126329
30
0
41
1
10
140.915646866969
20
5.81073563054218
30
0
41
1
10
140.910550182589
20
5.79802034200782
30
0
41
1
10
140.901497896598
20
5.77193323894935
30
0
41
1
10
140.897561844008
20
5.75859837087322
30
0
41
1
10
140.890706635144
20
5.73165525161369
30
0
41
1
10
140.887772030897
20
5.71797364796066
30
0
41
1
10
140.88282148722
20
5.69055782993067
30
0
41
1
10
140.880800140999
20
5.67680999284184
30
0
41
1
10
140.877580543739
20
5.6492458771647
30
0
41
1
10
140.876386567999
20
5.63544024923735
30
0
41
1
10
140.874803043769
20
5.60804319620556
30
0
41
1
10
140.874409186079
20
5.59441663256897
30
0
41
1
10
140.87441010939
20
5.5537558166281
30
0
41
1
10
140.875966865869
20
5.52730357258335
30
0
41
1
10
140.882413341657
20
5.47602403997004
30
0
41
1
10
140.88728531651
20
5.45135478882844
30
0
41
1
10
140.897579042219
20
5.41677611034376
30
0
41
1
10
140.901526375408
20
5.40562198362039
30
0
41
1
10
140.910563004866
20
5.38449360352377
30
0
41
1
10
140.915677853608
20
5.37444802411679
30
0
41
1
10
140.924415499798
20
5.36056273274264
30
0
41
1
10
140.927500343521
20
5.35614095623993
30
0
41
1
10
140.934076713355
20
5.34777009526283
30
0
41
1
10
140.937582218202
20
5.34380890691736
30
0
41
1
10
140.948670384524
20
5.33293728098499
30
0
41
1
10
140.956825539533
20
5.32694777741963
30
0
41
1
10
140.966166083097
20
5.32283818721615
30
0
0
SPLINE
5
147
100
AcDbEntity
8
1
62
256
6
ByLayer
370
18
48
1
60
0
100
AcDbSpline
70
4
71
3
72
8
73
4
40
0
40
0
40
0
40
0
40
1
40
1
40
1
40
1
41
1
10
140.966166083097
20
5.32283818721615
30
0
41
1
10
140.971237832682
20
5.32060675258202
30
0
41
1
10
140.976308329412
20
5.31837631109454
30
0
41
1
10
140.981377634601
20
5.31614681370183
30
0
0
SPLINE
5
148
100
AcDbEntity
8
1
62
256
6
ByLayer
370
18
48
1
60
0
100
AcDbSpline
70
4
71
3
72
28
73
24
40
0
40
0
40
0
40
0
40
0.249999999999934
40
0.249999999999934
40
0.374999999999901
40
0.374999999999901
40
0.499999999999868
40
0.499999999999868
40
0.624999999999836
40
0.624999999999836
40
0.687499999999823
40
0.687499999999823
40
0.749999999999809
40
0.749999999999809
40
0.812499999999796
40
0.812499999999796
40
0.84374999999983
40
0.84374999999983
40
0.874999999999864
40
0.874999999999864
40
0.937499999999932
40
0.937499999999932
40
1
40
1
40
1
40
1
41
1
10
140.968246087349
20
6.25148988540465
30
0
41
1
10
140.98476133667
20
6.22400940218793
30
0
41
1
10
140.999131165564
20
6.1949755668557
30
0
41
1
10
141.016725707651
20
6.14944726298785
30
0
41
1
10
141.021926388785
20
6.13392350749686
30
0
41
1
10
141.030682727877
20
6.10230127989468
30
0
41
1
10
141.034256589471
20
6.08614230685279
30
0
41
1
10
141.039236523037
20
6.05342862309828
30
0
41
1
10
141.040664167938
20
6.03671275065341
30
0
41
1
10
141.040487989693
20
6.01181672276482
30
0
41
1
10
141.040044620722
20
6.00353476033112
30
0
41
1
10
141.038197465385
20
5.98701237283086
30
0
41
1
10
141.03677365557
20
5.97869721991341
30
0
41
1
10
141.032774590646
20
5.96263408345536
30
0
41
1
10
141.030209180869
20
5.95486387406015
30
0
41
1
10
141.025297834917
20
5.94370646533471
30
0
41
1
10
141.023471758946
20
5.9400581206572
30
0
41
1
10
141.019524742686
20
5.93314292519491
30
0
41
1
10
141.017395453438
20
5.92985294725949
30
0
41
1
10
141.01052152732
20
5.92050953078765
30
0
41
1
10
141.005199494997
20
5.91493143005857
30
0
41
1
10
140.99385293538
20
5.90587917065645
30
0
41
1
10
140.987791686039
20
5.90231049991519
30
0
41
1
10
140.981377634601
20
5.89961566752956
30
0
0
SPLINE
5
149
100
AcDbEntity
8
1
62
256
6
ByLayer
370
18
48
1
60
0
100
AcDbSpline
70
4
71
3
72
8
73
4
40
0
40
0
40
0
40
0
40
1
40
1
40
1
40
1
41
1
10
140.981377634601
20
5.89961566752956
30
0
41
1
10
140.976308329412
20
5.89519499359727
30
0
41
1
10
140.971237832682
20
5.89077421083016
30
0
41
1
10
140.966166083097
20
5.88635331467037
30
0
0
SPLINE
5
14A
100
AcDbEntity
8
1
62
256
6
ByLayer
370
18
48
1
60
0
100
AcDbSpline
70
4
71
3
72
30
73
26
40
0
40
0
40
0
40
0
40
0.24999999999991
40
0.24999999999991
40
0.374999999999902
40
0.374999999999902
40
0.499999999999893
40
0.499999999999893
40
0.624999999999885
40
0.624999999999885
40
0.687499999999883
40
0.687499999999883
40
0.749999999999882
40
0.749999999999882
40
0.781249999999881
40
0.781249999999881
40
0.812499999999881
40
0.812499999999881
40
0.874999999999875
40
0.874999999999875
40
0.906249999999871
40
0.906249999999871
40
0.937499999999866
40
0.937499999999866
40
1
40
1
40
1
40
1
41
1
10
140.968246087349
20
5.00034610628796
30
0
41
1
10
140.984753494029
20
5.02907229204286
30
0
41
1
10
140.999108632512
20
5.05878804523621
30
0
41
1
10
141.016709668171
20
5.10438413611431
30
0
41
1
10
141.021902518685
20
5.11972657442399
30
0
41
1
10
141.030665313736
20
5.15060501128625
30
0
41
1
10
141.034236911382
20
5.16613755146278
30
0
41
1
10
141.039232626772
20
5.197099107111
30
0
41
1
10
141.040651095248
20
5.21245612279412
30
0
41
1
10
141.040496826666
20
5.23480898613767
30
0
41
1
10
141.040063467888
20
5.24215921151298
30
0
41
1
10
141.038216971273
20
5.25658574524937
30
0
41
1
10
141.036805460367
20
5.26359356172236
30
0
41
1
10
141.033824774384
20
5.27348585276587
30
0
41
1
10
141.032685419541
20
5.27668939525606
30
0
41
1
10
141.030075697812
20
5.2828800075965
30
0
41
1
10
141.028595747581
20
5.28588066902188
30
0
41
1
10
141.023692964222
20
5.29432179900579
30
0
41
1
10
141.019799712621
20
5.29925396175972
30
0
41
1
10
141.01287419845
20
5.30541756573638
30
0
41
1
10
141.010392757937
20
5.30725030058133
30
0
41
1
10
141.005214551402
20
5.31037764080281
30
0
41
1
10
141.002501068823
20
5.31168811099482
30
0
41
1
10
140.99399723601
20
5.31487475768964
30
0
41
1
10
140.987794649981
20
5.315994423007
30
0
41
1
10
140.981377634601
20
5.31614681370183
30
0
0
SPLINE
5
14B
100
AcDbEntity
8
1
62
256
6
ByLayer
370
18
48
1
60
0
100
AcDbSpline
70
4
71
3
72
42
73
38
40
0
40
0
40
0
40
0
40
0.0624999999999022
40
0.0624999999999022
40
0.0937499999998729
40
0.0937499999998729
40
0.124999999999844
40
0.124999999999844
40
0.187499999999785
40
0.187499999999785
40
0.249999999999726
40
0.249999999999726
40
0.312499999999667
40
0.312499999999667
40
0.374999999999609
40
0.374999999999609
40
0.43749999999955
40
0.43749999999955
40
0.499999999999492
40
0.499999999999492
40
0.562499999999433
40
0.562499999999433
40
0.624999999999374
40
0.624999999999374
40
0.749999999999366
40
0.749999999999366
40
0.781249999999392
40
0.781249999999392
40
0.812499999999417
40
0.812499999999417
40
0.874999999999579
40
0.874999999999579
40
0.906249999999659
40
0.906249999999659
40
0.93749999999974
40
0.93749999999974
40
1
40
1
40
1
40
1
41
1
10
140.174413671263
20
4.50854592832562
30
0
41
1
10
140.17567532953
20
4.51885857427862
30
0
41
1
10
140.179017767769
20
4.52916663706589
30
0
41
1
10
140.186098441965
20
4.54466208352457
30
0
41
1
10
140.188817326251
20
4.54983202857346
30
0
41
1
10
140.194783813587
20
4.56004043740478
30
0
41
1
10
140.198040892337
20
4.56509988941261
30
0
41
1
10
140.208522508856
20
4.58017397544339
30
0
41
1
10
140.216373452207
20
4.58997769319853
30
0
41
1
10
140.233378169766
20
4.60920594229717
30
0
41
1
10
140.242510764339
20
4.61859732942705
30
0
41
1
10
140.261679215807
20
4.63690575853116
30
0
41
1
10
140.271768917746
20
4.64587013419887
30
0
41
1
10
140.292604348521
20
4.66328816602694
30
0
41
1
10
140.303359171993
20
4.67175278020193
30
0
41
1
10
140.325486522223
20
4.68825349454875
30
0
41
1
10
140.336851158772
20
4.69628049166192
30
0
41
1
10
140.359942581862
20
4.71177665045494
30
0
41
1
10
140.37169878726
20
4.71926771395235
30
0
41
1
10
140.395618587361
20
4.73373682200449
30
0
41
1
10
140.407698103789
20
4.74066410999006
30
0
41
1
10
140.432101001978
20
4.75389652505478
30
0
41
1
10
140.444470973644
20
4.76022338282314
30
0
41
1
10
140.481574985867
20
4.77800236437346
30
0
41
1
10
140.506281103459
20
4.78829922476135
30
0
41
1
10
140.537259578707
20
4.79872426473034
30
0
41
1
10
140.543460507341
20
4.80068374903573
30
0
41
1
10
140.55587847569
20
4.80432224195161
30
0
41
1
10
140.562114193473
20
4.80600533802422
30
0
41
1
10
140.580633816612
20
4.81052101326492
30
0
41
1
10
140.592775778079
20
4.81284569469861
30
0
41
1
10
140.610650993657
20
4.81502018691174
30
0
41
1
10
140.616552715647
20
4.81552440478112
30
0
41
1
10
140.628229589327
20
4.81600556042724
30
0
41
1
10
140.634032492099
20
4.81597949920391
30
0
41
1
10
140.65087201894
20
4.81494272964102
30
0
41
1
10
140.661436045029
20
4.81302913157774
30
0
41
1
10
140.671027352952
20
4.80923782893171
30
0
0
SPLINE
5
14C
100
AcDbEntity
8
1
62
256
6
ByLayer
370
18
48
1
60
0
100
AcDbSpline
70
4
71
3
72
8
73
4
40
0
40
0
40
0
40
0
40
1
40
1
40
1
40
1
41
1
10
140.172358784496
20
4.49176122881096
30
0
41
1
10
140.173044032143
20
4.49735462655411
30
0
41
1
10
140.173728999373
20
4.50294950100246
30
0
41
1
10
140.174413671263
20
4.50854592832562
30
0
0
SPLINE
5
14D
100
AcDbEntity
8
1
62
256
6
ByLayer
370
18
48
1
60
0
100
AcDbSpline
70
4
71
3
72
28
73
24
40
0
40
0
40
0
40
0
40
0.24999999999979
40
0.24999999999979
40
0.374999999999685
40
0.374999999999685
40
0.499999999999581
40
0.499999999999581
40
0.624999999999476
40
0.624999999999476
40
0.687499999999511
40
0.687499999999511
40
0.749999999999546
40
0.749999999999546
40
0.812499999999581
40
0.812499999999581
40
0.843749999999653
40
0.843749999999653
40
0.874999999999724
40
0.874999999999724
40
0.937499999999862
40
0.937499999999862
40
1
40
1
40
1
40
1
41
1
10
139.865640162152
20
4.33273527821018
30
0
41
1
10
139.898670660794
20
4.33399462850929
30
0
41
1
10
139.931819673387
20
4.33764032483694
30
0
41
1
10
139.980972931453
20
4.34703049210844
30
0
41
1
10
139.997275055705
20
4.35082546567796
30
0
41
1
10
140.029418833812
20
4.35990205470168
30
0
41
1
10
140.045323012625
20
4.36520029718207
30
0
41
1
10
140.076197229722
20
4.37754784037139
30
0
41
1
10
140.091317953456
20
4.38466066093153
30
0
41
1
10
140.112465568218
20
4.3968722933063
30
0
41
1
10
140.119271081193
20
4.40120483376157
30
0
41
1
10
140.13226914445
20
4.41051609264522
30
0
41
1
10
140.138513474831
20
4.4155450357415
30
0
41
1
10
140.149819831563
20
4.42611639094184
30
0
41
1
10
140.154906805935
20
4.4316628588893
30
0
41
1
10
140.161462850999
20
4.44046100168219
30
0
41
1
10
140.163472384186
20
4.44348738328179
30
0
41
1
10
140.166984374673
20
4.44955234984741
30
0
41
1
10
140.1685015382
20
4.45260792828944
30
0
41
1
10
140.172303861538
20
4.4618433189535
30
0
41
1
10
140.173827690372
20
4.46817838442172
30
0
41
1
10
140.17463733551
20
4.48028035006564
30
0
41
1
10
140.17398174694
20
4.48611860910177
30
0
41
1
10
140.172358784496
20
4.49176122881096
30
0
0
SPLINE
5
14E
100
AcDbEntity
8
1
62
256
6
ByLayer
370
18
48
1
60
0
100
AcDbSpline
70
4
71
3
72
28
73
24
40
0
40
0
40
0
40
0
40
0.249999999999953
40
0.249999999999953
40
0.374999999999929
40
0.374999999999929
40
0.499999999999905
40
0.499999999999905
40
0.624999999999882
40
0.624999999999882
40
0.687499999999956
40
0.687499999999956
40
0.75000000000003
40
0.75000000000003
40
0.812500000000104
40
0.812500000000104
40
0.843750000000141
40
0.843750000000141
40
0.875000000000178
40
0.875000000000178
40
0.937500000000089
40
0.937500000000089
40
1
40
1
40
1
40
1
41
1
10
140.968246087349
20
5.00034610628796
30
0
41
1
10
140.951730838028
20
4.97160627277219
30
0
41
1
10
140.933072640523
20
4.94388350495245
30
0
41
1
10
140.901924340844
20
4.90465232144274
30
0
41
1
10
140.890998964013
20
4.89196146437368
30
0
41
1
10
140.868065797022
20
4.86768981529639
30
0
41
1
10
140.856014265898
20
4.85606130794304
30
0
41
1
10
140.830822065429
20
4.83446150276157
30
0
41
1
10
140.817555552894
20
4.82438629097069
30
0
41
1
10
140.797032084978
20
4.81136672752314
30
0
41
1
10
140.790077144492
20
4.80736752631128
30
0
41
1
10
140.775892976619
20
4.80022036481131
30
0
41
1
10
140.768595830342
20
4.79705015330612
30
0
41
1
10
140.75411035302
20
4.7920049520408
30
0
41
1
10
140.746906796284
20
4.79010969356264
30
0
41
1
10
140.736190859877
20
4.78844991880845
30
0
41
1
10
140.732620166515
20
4.78809755957121
30
0
41
1
10
140.725706493549
20
4.7878499482224
30
0
41
1
10
140.722341856451
20
4.7879496719184
30
0
41
1
10
140.712540603986
20
4.78894830790912
30
0
41
1
10
140.706327244279
20
4.79059862542584
30
0
41
1
10
140.695446354053
20
4.79562215278452
30
0
41
1
10
140.69068934971
20
4.79897706802723
30
0
41
1
10
140.686557253238
20
4.80310044590442
30
0
0
SPLINE
5
14F
100
AcDbEntity
8
1
62
256
6
ByLayer
370
18
48
1
60
0
100
AcDbSpline
70
4
71
3
72
8
73
4
40
0
40
0
40
0
40
0
40
1
40
1
40
1
40
1
41
1
10
140.686557253238
20
4.80310044590442
30
0
41
1
10
140.681381848873
20
4.80514530953087
30
0
41
1
10
140.676205236167
20
4.80719108801881
30
0
41
1
10
140.671027352952
20
4.80923782893171
30
0
0
SPLINE
5
150
100
AcDbEntity
8
1
62
256
6
ByLayer
370
18
48
1
60
0
100
AcDbSpline
70
4
71
3
72
13
73
9
40
0
40
0
40
0
40
0
40
0.0057614727139752
40
0.0296295181346236
40
0.220573881499811
40
0.602462608230185
40
0.98435133496056
40
1
40
1
40
1
40
1
41
1
10
144.212024109123
20
-2.90808111853426
30
0
41
1
10
144.212933322076
20
-2.9105566070549
30
0
41
1
10
144.217450419828
20
-2.92300667322462
30
0
41
1
10
144.248312692444
20
-3.0073040731848
30
0
41
1
10
144.33461651311
20
-3.24388511546729
30
0
41
1
10
144.470810623678
20
-3.61666197837334
30
0
41
1
10
144.581607903646
20
-3.91989835655741
30
0
41
1
10
144.63911183595
20
-4.07749336201155
30
0
41
1
10
144.641372308195
20
-4.08370459872427
30
0
0
SPLINE
5
151
100
AcDbEntity
8
1
62
256
6
ByLayer
370
18
48
1
60
0
100
AcDbSpline
70
4
71
3
72
17
73
13
40
0
40
0
40
0
40
0
40
0.0295634678907794
40
0.0735446958500613
40
0.161507151768625
40
0.337432063605753
40
0.51335697544288
40
0.689281887280008
40
0.865206799117136
40
0.953169255035699
40
0.997150482994981
40
1
40
1
40
1
40
1
41
1
10
144.641372308195
20
-4.08370459872427
30
0
41
1
10
144.646007383152
20
-4.09644067535791
30
0
41
1
10
144.65750544485
20
-4.12820424444709
30
0
41
1
10
144.682032746063
20
-4.19876207394705
30
0
41
1
10
144.726175760073
20
-4.33399223589257
30
0
41
1
10
144.781488530173
20
-4.52917284445488
30
0
41
1
10
144.835357803145
20
-4.76583343453134
30
0
41
1
10
144.876650133254
20
-5.00483194610072
30
0
41
1
10
144.90032454237
20
-5.20465218751767
30
0
41
1
10
144.911443591782
20
-5.34517497299882
30
0
41
1
10
144.914904059405
20
-5.40643035301369
30
0
41
1
10
144.916027956354
20
-5.42760655878214
30
0
41
1
10
144.916096073312
20
-5.42889468095265
30
0
0
SPLINE
5
152
100
AcDbEntity
8
1
62
256
6
ByLayer
370
13
48
1
60
0
100
AcDbSpline
70
4
71
3
72
11
73
7
40
0
40
0
40
0
40
0
40
0.249255887038231
40
0.499007732287017
40
0.749255712187865
40
1
40
1
40
1
40
1
41
1
10
144.482359695925
20
-3.98251008541575
30
0
41
1
10
144.495670856509
20
-3.99088921460859
30
0
41
1
10
144.522319663629
20
-4.00766414541056
30
0
41
1
10
144.56210988597
20
-4.03291561431911
30
0
41
1
10
144.60183132558
20
-4.05825965550102
30
0
41
1
10
144.628191493527
20
-4.07521451802333
30
0
41
1
10
144.641384634349
20
-4.08370034745045
30
0
0
SPLINE
5
153
100
AcDbEntity
8
1
62
256
6
ByLayer
370
18
48
1
60
0
100
AcDbSpline
70
4
71
3
72
8
73
4
40
0
40
0
40
0
40
0
40
1
40
1
40
1
40
1
41
1
10
144.482359695926
20
-3.98251008541817
30
0
41
1
10
144.395478500552
20
-3.76018669303511
30
0
41
1
10
144.308157320453
20
-3.53801300723637
30
0
41
1
10
144.219997063219
20
-3.31613531020679
30
0
0
SPLINE
5
154
100
AcDbEntity
8
1
62
256
6
ByLayer
370
18
48
1
60
0
100
AcDbSpline
70
4
71
3
72
18
73
14
40
0
40
0
40
0
40
0
40
0.125
40
0.25
40
0.3125
40
0.34375
40
0.359375
40
0.375
40
0.4375
40
0.5
40
0.625
40
0.75
40
1
40
1
40
1
40
1
41
1
10
144.259547380483
20
-4.12214504993258
30
0
41
1
10
144.261883084744
20
-4.1181756487629
30
0
41
1
10
144.270569524357
20
-4.10910566466677
30
0
41
1
10
144.291164515221
20
-4.09517067127805
30
0
41
1
10
144.310567056637
20
-4.08416605558981
30
0
41
1
10
144.321435340794
20
-4.07838080091679
30
0
41
1
10
144.32803922341
20
-4.07498161833544
30
0
41
1
10
144.338234481417
20
-4.06981462531931
30
0
41
1
10
144.353210010336
20
-4.0621385367474
30
0
41
1
10
144.378339872311
20
-4.04884681586717
30
0
41
1
10
144.407006098485
20
-4.03289463930977
30
0
41
1
10
144.446921866858
20
-4.0088473513328
30
0
41
1
10
144.470061400856
20
-3.99254338410535
30
0
41
1
10
144.482359695926
20
-3.98251008541817
30
0
0
SPLINE
5
155
100
AcDbEntity
8
1
62
256
6
ByLayer
370
18
48
1
60
0
100
AcDbSpline
70
4
71
3
72
28
73
24
40
0
40
0
40
0
40
0
40
0.03125
40
0.0625
40
0.09375
40
0.125
40
0.15625
40
0.1875
40
0.21875
40
0.25
40
0.3125
40
0.375
40
0.4375
40
0.5
40
0.5625
40
0.625
40
0.6875
40
0.75
40
0.8125
40
0.875
40
0.9375
40
0.96875
40
1
40
1
40
1
40
1
41
1
10
144.482359695925
20
-3.98251008541701
30
0
41
1
10
144.487704682996
20
-3.99618756364163
30
0
41
1
10
144.498377764995
20
-4.02354839920548
30
0
41
1
10
144.514314952405
20
-4.06461448313979
30
0
41
1
10
144.530157945066
20
-4.10571259090744
30
0
41
1
10
144.545884983816
20
-4.14684991575322
30
0
41
1
10
144.561474309495
20
-4.18803365092188
30
0
41
1
10
144.576903528378
20
-4.22927022606714
30
0
41
1
10
144.592150246739
20
-4.27056607084262
30
0
41
1
10
144.612206012223
20
-4.32571479625517
30
0
41
1
10
144.636707499145
20
-4.39483102536477
30
0
41
1
10
144.665011591417
20
-4.47810038353174
30
0
41
1
10
144.692029451515
20
-4.56174099241923
30
0
41
1
10
144.717560574681
20
-4.64577800112105
30
0
41
1
10
144.741404456158
20
-4.73023655873092
30
0
41
1
10
144.763351058128
20
-4.81512416276897
30
0
41
1
10
144.783187197993
20
-4.90043764600745
30
0
41
1
10
144.800696594914
20
-4.98615855685364
30
0
41
1
10
144.815662589606
20
-5.07225161670834
30
0
41
1
10
144.827871478355
20
-5.15866308162541
30
0
41
1
10
144.835575912905
20
-5.23087685211635
30
0
41
1
10
144.8401605684
20
-5.28872367555991
30
0
41
1
10
144.841911917016
20
-5.3176629416244
30
0
41
1
10
144.842648676105
20
-5.33213418457379
30
0
0
SPLINE
5
156
100
AcDbEntity
8
1
62
256
6
ByLayer
370
18
48
1
60
0
100
AcDbSpline
70
4
71
3
72
32
73
28
40
0
40
0
40
0
40
0
40
0.0201722500279436
40
0.030957120221128
40
0.106451211573418
40
0.192730173118893
40
0.365288096209843
40
0.451567057755318
40
0.494706538528055
40
0.537846019300793
40
0.543238454397385
40
0.548630889493977
40
0.554023324590569
40
0.556719542138865
40
0.559415759687161
40
0.564808194783754
40
0.570200629880346
40
0.58098550007353
40
0.624124980846268
40
0.710403942391742
40
0.796682903937217
40
0.882961865482692
40
0.969240827028167
40
0.980025697221351
40
0.990810567414536
40
0.996203002511128
40
1
40
1
40
1
40
1
41
1
10
144.916096073312
20
-5.42889468095265
30
0
41
1
10
144.917079316082
20
-5.44748824214136
30
0
41
1
10
144.918502237273
20
-5.47589812085045
30
0
41
1
10
144.923456822801
20
-5.57296535491781
30
0
41
1
10
144.931510623731
20
-5.73032755106422
30
0
41
1
10
144.947181247555
20
-6.03524702683671
30
0
41
1
10
144.963438762021
20
-6.35000160211359
30
0
41
1
10
144.977677871041
20
-6.62541059422352
30
0
41
1
10
144.985768592192
20
-6.78278575020767
30
0
41
1
10
144.990156525917
20
-6.86639311248658
30
0
41
1
10
144.992686509531
20
-6.91557234992638
30
0
41
1
10
144.993426594511
20
-6.93032611075716
30
0
41
1
10
144.994083878228
20
-6.94262272868011
30
0
41
1
10
144.994584988965
20
-6.9524573056608
30
0
41
1
10
144.994887500141
20
-6.96229455224605
30
0
41
1
10
144.995039004149
20
-6.97459546824359
30
0
41
1
10
144.995293562906
20
-6.99427659409457
30
0
41
1
10
144.996155039433
20
-7.04839449994824
30
0
41
1
10
144.998054463784
20
-7.17629703758013
30
0
41
1
10
144.999733879683
20
-7.37303381973243
30
0
41
1
10
145.000218740683
20
-7.60905568732542
30
0
41
1
10
144.999121485276
20
-7.84501517643375
30
0
41
1
10
144.997186991424
20
-8.0121088869833
30
0
41
1
10
144.995668447411
20
-8.11038463671386
30
0
41
1
10
144.995246530043
20
-8.1350166068506
30
0
41
1
10
144.994996528814
20
-8.15303949933306
30
0
41
1
10
144.994846887901
20
-8.16161215105632
30
0
41
1
10
144.994766135454
20
-8.16526392897455
30
0
0
SPLINE
5
157
100
AcDbEntity
8
1
62
256
6
ByLayer
370
13
48
1
60
0
100
AcDbSpline
70
4
71
3
72
9
73
5
40
0
40
0
40
0
40
0
40
0.253089698189956
40
1
40
1
40
1
40
1
41
1
10
144.916112824796
20
-5.42889446301166
30
0
41
1
10
144.909910060916
20
-5.42072474797686
30
0
41
1
10
144.885409120481
20
-5.38845434314987
30
0
41
1
10
144.860931412393
20
-5.35621453785382
30
0
41
1
10
144.842648676105
20
-5.33213418457379
30
0
0
SPLINE
5
158
100
AcDbEntity
8
1
62
256
6
ByLayer
370
18
48
1
60
0
100
AcDbSpline
70
4
71
3
72
21
73
17
40
0
40
0
40
0
40
0
40
0.0039822658528455
40
0.0174419649629421
40
0.0309016640730388
40
0.0847404605134256
40
0.138579256953812
40
0.246256849834586
40
0.353934442715359
40
0.461612035596133
40
0.569289628476906
40
0.67696722135768
40
0.784644814238453
40
0.892322407119227
40
0.946161203559613
40
1
40
1
40
1
40
1
41
1
10
144.994766135454
20
-8.16526392897455
30
0
41
1
10
144.994732204568
20
-8.16679834764162
30
0
41
1
10
144.994568958049
20
-8.17360373839082
30
0
41
1
10
144.994133388024
20
-8.18647404646072
30
0
41
1
10
144.99231179151
20
-8.22057676189786
30
0
41
1
10
144.98689170426
20
-8.27033130082921
30
0
41
1
10
144.969918534185
20
-8.35793218355485
30
0
41
1
10
144.935702931704
20
-8.46239854769917
30
0
41
1
10
144.874265369299
20
-8.58019530401799
30
0
41
1
10
144.794635908192
20
-8.68559367211913
30
0
41
1
10
144.698190081965
20
-8.77699987545373
30
0
41
1
10
144.587641147573
20
-8.85139475347947
30
0
41
1
10
144.465610873053
20
-8.90681064261258
30
0
41
1
10
144.356841328419
20
-8.93560348325673
30
0
41
1
10
144.267780772169
20
-8.94765205740725
30
0
41
1
10
144.222480402813
20
-8.94991735025602
30
0
41
1
10
144.200587531177
20
-8.95007887212276
30
0
0
SPLINE
5
159
100
AcDbEntity
8
1
62
256
6
ByLayer
370
18
48
1
60
0
100
AcDbSpline
70
4
71
3
72
8
73
4
40
0
40
0
40
0
40
0
40
1
40
1
40
1
40
1
41
1
10
144.200587531177
20
-8.95007887212276
30
0
41
1
10
144.200262701413
20
-8.95008126866128
30
0
41
1
10
144.199938727318
20
-8.95008365818472
30
0
41
1
10
144.199615583496
20
-8.95008604088153
30
0
0
SPLINE
5
15A
100
AcDbEntity
8
1
62
256
6
ByLayer
370
13
48
1
60
0
100
AcDbSpline
70
4
71
3
72
8
73
4
40
0
40
0
40
0
40
0
40
1
40
1
40
1
40
1
41
1
10
144.99474856354
20
-8.16526290234671
30
0
41
1
10
144.970261314722
20
-8.13142949789909
30
0
41
1
10
144.945774024583
20
-8.09759614187124
30
0
41
1
10
144.921286698339
20
-8.06376284146961
30
0
0
SPLINE
5
15B
100
AcDbEntity
8
1
62
256
6
ByLayer
370
18
48
1
60
0
100
AcDbSpline
70
4
71
3
72
19
73
15
40
0
40
0
40
0
40
0
40
0.125
40
0.25
40
0.3125
40
0.34375
40
0.359375
40
0.375
40
0.4375
40
0.46875
40
0.5
40
0.625
40
0.75
40
1
40
1
40
1
40
1
41
1
10
144.571802911206
20
-5.26058397631502
30
0
41
1
10
144.576521459853
20
-5.26404568613324
30
0
41
1
10
144.589745050229
20
-5.2707675544583
30
0
41
1
10
144.615393950197
20
-5.27853415022921
30
0
41
1
10
144.637951155882
20
-5.28356762087893
30
0
41
1
10
144.650338799857
20
-5.28597656732151
30
0
41
1
10
144.65772836491
20
-5.28732131099594
30
0
41
1
10
144.669120645073
20
-5.28930612919444
30
0
41
1
10
144.683301087212
20
-5.29152609112015
30
0
41
1
10
144.700714675576
20
-5.2939196819043
30
0
41
1
10
144.725606928366
20
-5.2976559417485
30
0
41
1
10
144.759415463378
20
-5.30366125639949
30
0
41
1
10
144.80866072055
20
-5.31538886380162
30
0
41
1
10
144.832685501897
20
-5.32523903351955
30
0
41
1
10
144.842648676105
20
-5.33213418457379
30
0
0
SPLINE
5
15C
100
AcDbEntity
8
1
62
256
6
ByLayer
370
18
48
1
60
0
100
AcDbSpline
70
4
71
3
72
32
73
28
40
0
40
0
40
0
40
0
40
0.249999999999706
40
0.374999999999558
40
0.499999999999409
40
0.531249999999372
40
0.546874999999354
40
0.546874999999354
40
0.554687499999344
40
0.554687499999344
40
0.555664062499345
40
0.555664062499345
40
0.556640624999346
40
0.556640624999346
40
0.558593749999348
40
0.558593749999348
40
0.560546874999351
40
0.562499999999354
40
0.562499999999354
40
0.566406249999359
40
0.566406249999359
40
0.570312499999365
40
0.578124999999376
40
0.593749999999399
40
0.624999999999445
40
0.74999999999963
40
1
40
1
40
1
40
1
41
1
10
144.842648676105
20
-5.33213418457379
30
0
41
1
10
144.854262969142
20
-5.56025500062134
30
0
41
1
10
144.871793370275
20
-5.902433279825
30
0
41
1
10
144.895338943184
20
-6.35866340827835
30
0
41
1
10
144.908652467695
20
-6.61457320611066
30
0
41
1
10
144.916774806039
20
-6.77265291754455
30
0
41
1
10
144.919019433973
20
-6.81427099330028
30
0
41
1
10
144.920113913974
20
-6.83657962728589
30
0
41
1
10
144.920466063681
20
-6.84427094647344
30
0
41
1
10
144.920904432513
20
-6.85100571897178
30
0
41
1
10
144.920953068227
20
-6.85170171111966
30
0
41
1
10
144.921042641173
20
-6.85329266611436
30
0
41
1
10
144.921084780388
20
-6.8541795075347
30
0
41
1
10
144.921193317089
20
-6.85637878494947
30
0
41
1
10
144.921239083715
20
-6.85737697308613
30
0
41
1
10
144.921315889369
20
-6.86007759720621
30
0
41
1
10
144.921380120553
20
-6.86345821613025
30
0
41
1
10
144.921435662733
20
-6.86734659789872
30
0
41
1
10
144.921519331034
20
-6.87327499075806
30
0
41
1
10
144.921575680906
20
-6.87720720846227
30
0
41
1
10
144.921689190422
20
-6.88483399925809
30
0
41
1
10
144.921860596133
20
-6.89602857190076
30
0
41
1
10
144.922263378561
20
-6.92087752046967
30
0
41
1
10
144.92303905223
20
-6.96906912500026
30
0
41
1
10
144.925135654277
20
-7.12554530696718
30
0
41
1
10
144.927829982175
20
-7.49531125209825
30
0
41
1
10
144.925270058048
20
-7.83643550927084
30
0
41
1
10
144.921286698339
20
-8.06376284146961
30
0
0
SPLINE
5
15D
100
AcDbEntity
8
1
62
256
6
ByLayer
370
18
48
1
60
0
100
AcDbSpline
70
4
71
3
72
17
73
13
40
0
40
0
40
0
40
0
40
0.125
40
0.25
40
0.3125
40
0.375
40
0.4375
40
0.46875
40
0.5
40
0.625
40
0.75
40
1
40
1
40
1
40
1
41
1
10
144.711902681936
20
-7.89292025267943
30
0
41
1
10
144.716613137965
20
-7.90058327102119
30
0
41
1
10
144.728991747769
20
-7.91559353589844
30
0
41
1
10
144.751605948891
20
-7.93336869993638
30
0
41
1
10
144.773764638476
20
-7.94689265504582
30
0
41
1
10
144.792713247074
20
-7.95658830817243
30
0
41
1
10
144.807512525989
20
-7.96486064346502
30
0
41
1
10
144.818809891761
20
-7.97157924639004
30
0
41
1
10
144.835223065406
20
-7.98175365014649
30
0
41
1
10
144.857878978372
20
-7.99736124595674
30
0
41
1
10
144.89233106337
20
-8.02603201317191
30
0
41
1
10
144.911531808328
20
-8.04847264188697
30
0
41
1
10
144.921286698339
20
-8.06376284146964
30
0
0
SPLINE
5
15E
100
AcDbEntity
8
1
62
256
6
ByLayer
370
13
48
1
60
0
100
AcDbSpline
70
4
71
3
72
26
73
22
40
0
40
0
40
0
40
0
40
0.00390625
40
0.0078125
40
0.015625
40
0.03125
40
0.0625
40
0.125
40
0.1875
40
0.25
40
0.3125
40
0.375
40
0.4375
40
0.5
40
0.625
40
0.6875
40
0.75
40
0.8125
40
0.875
40
0.9375
40
1
40
1
40
1
40
1
41
1
10
144.921286698339
20
-8.06376284146961
30
0
41
1
10
144.921258736777
20
-8.06535839047987
30
0
41
1
10
144.921193936199
20
-8.06854900685184
30
0
41
1
10
144.921028824922
20
-8.07492811820495
30
0
41
1
10
144.920646665326
20
-8.08608548308118
30
0
41
1
10
144.919509480352
20
-8.1083718021396
30
0
41
1
10
144.915743596546
20
-8.15279807166351
30
0
41
1
10
144.906102004504
20
-8.21565897033616
30
0
41
1
10
144.887712353624
20
-8.28952531277176
30
0
41
1
10
144.862637494208
20
-8.36122960190542
30
0
41
1
10
144.83101195815
20
-8.43017652040677
30
0
41
1
10
144.793070109926
20
-8.49578734639266
30
0
41
1
10
144.74904631401
20
-8.55748335797998
30
0
41
1
10
144.682670658754
20
-8.63376705239079
30
0
41
1
10
144.605427116777
20
-8.69994741248206
30
0
41
1
10
144.519062305071
20
-8.75381936850582
30
0
41
1
10
144.450313774606
20
-8.78759689754804
30
0
41
1
10
144.378189602579
20
-8.81428824460198
30
0
41
1
10
144.303407488171
20
-8.83356674570217
30
0
41
1
10
144.22673091568
20
-8.84522217105945
30
0
41
1
10
144.174880693925
20
-8.84787485271303
30
0
41
1
10
144.14890329574
20
-8.84794053398434
30
0
0
SPLINE
5
15F
100
AcDbEntity
8
1
62
256
6
ByLayer
370
18
48
1
60
0
100
AcDbSpline
70
4
71
3
72
11
73
7
40
0
40
0
40
0
40
0
40
0.0124191600039046
40
0.063858569235915
40
0.475373843091998
40
1
40
1
40
1
40
1
41
1
10
135.417249889056
20
-8.41471332666762
30
0
41
1
10
135.416340515712
20
-8.4122374050072
30
0
41
1
10
135.411823297062
20
-8.39978714648387
30
0
41
1
10
135.380959225499
20
-8.31549088579663
30
0
41
1
10
135.314680375875
20
-8.13380977817465
30
0
41
1
10
135.252506920657
20
-7.96357514128687
30
0
41
1
10
135.217763408104
20
-7.86846849009865
30
0
0
SPLINE
5
160
100
AcDbEntity
8
1
62
256
6
ByLayer
370
18
48
1
60
0
100
AcDbSpline
70
4
71
3
72
17
73
13
40
0
40
0
40
0
40
0
40
0.0600950229142377
40
0.184038916465187
40
0.431926703567085
40
0.679814490668984
40
0.927702277770882
40
0.989674224546357
40
0.993547471219824
40
0.997420717893291
40
0.999357341230025
40
1
40
1
40
1
40
1
41
1
10
143.706266653896
20
-8.9530711808361
30
0
41
1
10
143.551472991661
20
-8.95379004644715
30
0
41
1
10
143.077409644732
20
-8.95533034115928
30
0
41
1
10
141.964621605707
20
-8.95442216100756
30
0
41
1
10
140.367576626761
20
-8.93997832930032
30
0
41
1
10
138.450613391184
20
-8.90191260884416
30
0
41
1
10
137.009921508453
20
-8.85791577356818
30
0
41
1
10
136.2052918074
20
-8.82803247074347
30
0
41
1
10
136.02373248379
20
-8.82104827242344
30
0
41
1
10
135.998924770171
20
-8.82008790843926
30
0
41
1
10
135.982824834934
20
-8.81946041572553
30
0
41
1
10
135.97553103581
20
-8.81917372363537
30
0
41
1
10
135.973674805583
20
-8.81909709622039
30
0
0
SPLINE
5
161
100
AcDbEntity
8
1
62
256
6
ByLayer
370
18
48
1
60
0
100
AcDbSpline
70
4
71
3
72
11
73
7
40
0
40
0
40
0
40
0
40
0.0589687449404564
40
0.484373627158167
40
0.970550635406979
40
1
40
1
40
1
40
1
41
1
10
144.199615583496
20
-8.95008604088153
30
0
41
1
10
144.18904910606
20
-8.9501639526666
30
0
41
1
10
144.10954731557
20
-8.95074396937409
30
0
41
1
10
143.95023364703
20
-8.95180975191951
30
0
41
1
10
143.795749933366
20
-8.95265193034561
30
0
41
1
10
143.711101262557
20
-8.95304872879345
30
0
41
1
10
143.706266653896
20
-8.9530711808361
30
0
0
SPLINE
5
162
100
AcDbEntity
8
1
62
256
6
ByLayer
370
13
48
1
60
0
100
AcDbSpline
70
4
71
3
72
8
73
4
40
0
40
0
40
0
40
0
40
1
40
1
40
1
40
1
41
1
10
144.14890329574
20
-8.84794053398434
30
0
41
1
10
144.165807261399
20
-8.88216306840758
30
0
41
1
10
144.182711377019
20
-8.91621168564825
30
0
41
1
10
144.199615589031
20
-8.95008598738704
30
0
0
SPLINE
5
163
100
AcDbEntity
8
1
62
256
6
ByLayer
370
18
48
1
60
0
100
AcDbSpline
70
4
71
3
72
20
73
16
40
0
40
0
40
0
40
0
40
0.0166268555036322
40
0.0415115835804338
40
0.0663963116572355
40
0.165935223964442
40
0.265474136271649
40
0.315243592425252
40
0.464551960886062
40
0.663629785500476
40
0.862707610114889
40
0.912477066268493
40
0.962246522422096
40
0.987131250498898
40
1
40
1
40
1
40
1
41
1
10
135.973674805583
20
-8.81909709622039
30
0
41
1
10
135.969937369398
20
-8.81894281036222
30
0
41
1
10
135.960212607374
20
-8.81850503353894
30
0
41
1
10
135.944256531935
20
-8.81735331032229
30
0
41
1
10
135.907988236226
20
-8.81363442002683
30
0
41
1
10
135.854743085206
20
-8.8041538545888
30
0
41
1
10
135.797033756591
20
-8.78663454935986
30
0
41
1
10
135.729204194075
20
-8.75941942879356
30
0
41
1
10
135.643615483574
20
-8.71281259001501
30
0
41
1
10
135.540751309775
20
-8.62600978983463
30
0
41
1
10
135.475202936016
20
-8.53655740999093
30
0
41
1
10
135.44160317309
20
-8.47284055856471
30
0
41
1
10
135.429168397255
20
-8.44533201632356
30
0
41
1
10
135.421184866577
20
-8.42532790488283
30
0
41
1
10
135.418223800394
20
-8.41736496385482
30
0
41
1
10
135.417249889056
20
-8.4147133266676
30
0
0
SPLINE
5
164
100
AcDbEntity
8
1
62
256
6
ByLayer
370
13
48
1
60
0
100
AcDbSpline
70
4
71
3
72
9
73
5
40
0
40
0
40
0
40
0
40
0.501219718031206
40
1
40
1
40
1
40
1
41
1
10
136.195869355432
20
-8.68914629982234
30
0
41
1
10
136.158742829152
20
-8.71078777130245
30
0
41
1
10
136.084670471374
20
-8.75396538523415
30
0
41
1
10
136.010613350232
20
-8.7974284086331
30
0
41
1
10
135.973675118467
20
-8.81910690769922
30
0
0
SPLINE
5
165
100
AcDbEntity
8
1
62
256
6
ByLayer
370
13
48
1
60
0
100
AcDbSpline
70
4
71
3
72
9
73
5
40
0
40
0
40
0
40
0
40
0.251786661021048
40
1
40
1
40
1
40
1
41
1
10
135.417254016262
20
-8.41471241687768
30
0
41
1
10
135.442423869125
20
-8.40297014144892
30
0
41
1
10
135.542455138044
20
-8.35629020501804
30
0
41
1
10
135.642733054927
20
-8.30944286033792
30
0
41
1
10
135.717859095876
20
-8.27431689383889
30
0
0
SPLINE
5
166
100
AcDbEntity
8
1
62
256
6
ByLayer
370
18
48
1
60
0
100
AcDbSpline
70
4
71
3
72
8
73
4
40
0
40
0
40
0
40
0
40
1
40
1
40
1
40
1
41
1
10
135.566881523054
20
-7.89803315551112
30
0
41
1
10
135.61689879995
20
-8.02357047011407
30
0
41
1
10
135.667200538027
20
-8.14900722359334
30
0
41
1
10
135.717859095876
20
-8.27431689383855
30
0
0
SPLINE
5
167
100
AcDbEntity
8
1
62
256
6
ByLayer
370
18
48
1
60
0
100
AcDbSpline
70
4
71
3
72
16
73
12
40
0
40
0
40
0
40
0
40
0.25
40
0.5
40
0.625
40
0.6875
40
0.75
40
0.78125
40
0.8125
40
0.875
40
1
40
1
40
1
40
1
41
1
10
144.14890329573
20
-8.84794053398477
30
0
41
1
10
144.142242359355
20
-8.83491033982705
30
0
41
1
10
144.128849247047
20
-8.80443402915517
30
0
41
1
10
144.11205405801
20
-8.75561189077914
30
0
41
1
10
144.100333567397
20
-8.71601799693056
30
0
41
1
10
144.093656167411
20
-8.69185881326376
30
0
41
1
10
144.089493099139
20
-8.67612723826161
30
0
41
1
10
144.086171071789
20
-8.66310217461543
30
0
41
1
10
144.082846776776
20
-8.6502048144724
30
0
41
1
10
144.076998317869
20
-8.62933508401042
30
0
41
1
10
144.071959704278
20
-8.6140507044467
30
0
41
1
10
144.06860492338
20
-8.60510638262792
30
0
0
SPLINE
5
168
100
AcDbEntity
8
1
62
256
6
ByLayer
370
18
48
1
60
0
100
AcDbSpline
70
4
71
3
72
47
73
43
40
0
40
0
40
0
40
0
40
0.0248207090807123
40
0.0496506043499456
40
0.0744896876533827
40
0.0993379606766018
40
0.124195424944884
40
0.14906208182294
40
0.173937932514779
40
0.198822978063441
40
0.223717219350838
40
0.248620657097556
40
0.273533291862642
40
0.298455124043424
40
0.323386153875331
40
0.34832638143169
40
0.373275806623571
40
0.398234429199585
40
0.423202248745722
40
0.44817926468519
40
0.473165476278217
40
0.498160882621926
40
0.523165482804104
40
0.548179276888428
40
0.573202265356144
40
0.598234448633271
40
0.623275827088501
40
0.648326401033141
40
0.673386170721075
40
0.698455136348687
40
0.723533298054842
40
0.748620655920813
40
0.773717209970267
40
0.798822960169181
40
0.823937906425845
40
0.849062048590783
40
0.874195386456769
40
0.899337919758727
40
0.924489648173769
40
0.949650571321104
40
0.974820688762052
40
1
40
1
40
1
40
1
41
1
10
144.14890329573
20
-8.84794053398508
30
0
41
1
10
144.083141783288
20
-8.84808517297841
30
0
41
1
10
143.951594419951
20
-8.84837450449623
30
0
41
1
10
143.7542251449
20
-8.84852377688421
30
0
41
1
10
143.556774604935
20
-8.84846489173009
30
0
41
1
10
143.359242193023
20
-8.84817747537568
30
0
41
1
10
143.161628395309
20
-8.84766712330918
30
0
41
1
10
142.963933405664
20
-8.84693246973015
30
0
41
1
10
142.766157497125
20
-8.84597401612811
30
0
41
1
10
142.56830092231
20
-8.8447917643573
30
0
41
1
10
142.370363940117
20
-8.8433858512023
30
0
41
1
10
142.172346808566
20
-8.84175637825035
30
0
41
1
10
141.974249786721
20
-8.83990345750016
30
0
41
1
10
141.776073134172
20
-8.83782719913208
30
0
41
1
10
141.577817111174
20
-8.83552771478563
30
0
41
1
10
141.379481978612
20
-8.83300511667582
30
0
41
1
10
141.18106799801
20
-8.83025951783893
30
0
41
1
10
140.982575431526
20
-8.8272910320236
30
0
41
1
10
140.784004541959
20
-8.82409977387064
30
0
41
1
10
140.585355592736
20
-8.82068585829285
30
0
41
1
10
140.386628847958
20
-8.81704940276691
30
0
41
1
10
140.187824571804
20
-8.81319051876361
30
0
41
1
10
139.988943026245
20
-8.80910934364559
30
0
41
1
10
139.789984463608
20
-8.80480579666909
30
0
41
1
10
139.590949131705
20
-8.80027975092111
30
0
41
1
10
139.391837277972
20
-8.79553109166437
30
0
41
1
10
139.192649150359
20
-8.79055970117511
30
0
41
1
10
138.993384997437
20
-8.785365462812
30
0
41
1
10
138.794045068371
20
-8.77994825992693
30
0
41
1
10
138.594629612928
20
-8.77430797613985
30
0
41
1
10
138.395138881476
20
-8.76844449531976
30
0
41
1
10
138.195573124984
20
-8.76235770137467
30
0
41
1
10
137.995932595021
20
-8.75604747910077
30
0
41
1
10
137.796217543765
20
-8.74951371098408
30
0
41
1
10
137.596428223964
20
-8.7427562891402
30
0
41
1
10
137.396564889107
20
-8.73577507072008
30
0
41
1
10
137.196627792753
20
-8.72857004442162
30
0
41
1
10
136.996617191072
20
-8.72114070871029
30
0
41
1
10
136.796533333335
20
-8.71348839359618
30
0
41
1
10
136.596376497439
20
-8.70560759088264
30
0
41
1
10
136.396146857253
20
-8.69751832785269
30
0
41
1
10
136.262636649019
20
-8.69193731552974
30
0
41
1
10
136.195869355431
20
-8.68914629982234
30
0
0
SPLINE
5
169
100
AcDbEntity
8
1
62
256
6
ByLayer
370
18
48
1
60
0
100
AcDbSpline
70
4
71
3
72
16
73
12
40
0
40
0
40
0
40
0
40
0.25
40
0.375
40
0.5
40
0.5625
40
0.625
40
0.75
40
0.8125
40
0.875
40
1
40
1
40
1
40
1
41
1
10
136.195869355432
20
-8.68914629982243
30
0
41
1
10
136.226849246063
20
-8.67289342320089
30
0
41
1
10
136.273297057598
20
-8.64680480734603
30
0
41
1
10
136.335094854631
20
-8.60863424261217
30
0
41
1
10
136.373644417495
20
-8.5833715778549
30
0
41
1
10
136.404428350034
20
-8.56232060778925
30
0
41
1
10
136.435172264344
20
-8.54072041998279
30
0
41
1
10
136.465851841719
20
-8.51831341721379
30
0
41
1
10
136.496459193098
20
-8.49514189629224
30
0
41
1
10
136.526987994853
20
-8.47113588883312
30
0
41
1
10
136.550171471628
20
-8.45629779037799
30
0
41
1
10
136.565653681979
20
-8.44773996096728
30
0
0
SPLINE
5
16A
100
AcDbEntity
8
1
62
256
6
ByLayer
370
18
48
1
60
0
100
AcDbSpline
70
4
71
3
72
18
73
14
40
0
40
0
40
0
40
0
40
0.25
40
0.375
40
0.5
40
0.5625
40
0.625
40
0.640625
40
0.65625
40
0.6875
40
0.75
40
0.875
40
1
40
1
40
1
40
1
41
1
10
135.717859095876
20
-8.27431689383855
30
0
41
1
10
135.753453666724
20
-8.24627280271494
30
0
41
1
10
135.807555086665
20
-8.20416309523259
30
0
41
1
10
135.880998912651
20
-8.14795255281049
30
0
41
1
10
135.927507588048
20
-8.11279681220972
30
0
41
1
10
135.965049821254
20
-8.08465773762285
30
0
41
1
10
135.985165199021
20
-8.0688739490721
30
0
41
1
10
135.998209022809
20
-8.05837754633922
30
0
41
1
10
136.006806086106
20
-8.05138752369567
30
0
41
1
10
136.021588645563
20
-8.03917648867844
30
0
41
1
10
136.050081352537
20
-8.01485331120674
30
0
41
1
10
136.087588575862
20
-7.98046203143602
30
0
41
1
10
136.114046817347
20
-7.95347915979195
30
0
41
1
10
136.126349695069
20
-7.94015783947555
30
0
0
SPLINE
5
16B
100
AcDbEntity
8
1
62
256
6
ByLayer
370
18
48
1
60
0
100
AcDbSpline
70
4
71
3
72
18
73
14
40
0
40
0
40
0
40
0
40
0.125
40
0.25
40
0.375
40
0.5
40
0.625
40
0.6875
40
0.75
40
0.8125
40
0.875
40
0.9375
40
1
40
1
40
1
40
1
41
1
10
135.717859095876
20
-8.27431689383855
30
0
41
1
10
135.728209105743
20
-8.29991881340587
30
0
41
1
10
135.751111654918
20
-8.35035639250583
30
0
41
1
10
135.792360621019
20
-8.42277569686959
30
0
41
1
10
135.840824773284
20
-8.49097293730472
30
0
41
1
10
135.897024382846
20
-8.55334443779105
30
0
41
1
10
135.950639220829
20
-8.59862759932915
30
0
41
1
10
135.997554259032
20
-8.62934924441001
30
0
41
1
10
136.034592298796
20
-8.64921565758294
30
0
41
1
10
136.073322276877
20
-8.66548487155524
30
0
41
1
10
136.11337499918
20
-8.67784265524782
30
0
41
1
10
136.154381271612
20
-8.68597477758155
30
0
41
1
10
136.182039154771
20
-8.68856375397772
30
0
41
1
10
136.195869355432
20
-8.68914629982243
30
0
0
SPLINE
5
16C
100
AcDbEntity
8
1
62
256
6
ByLayer
370
13
48
1
60
0
100
AcDbSpline
70
4
71
3
72
8
73
4
40
0
40
0
40
0
40
0
40
1
40
1
40
1
40
1
41
1
10
144.218340482663
20
-4.00931843504034
30
0
41
1
10
144.23207611527
20
-4.04692730667111
30
0
41
1
10
144.245811747877
20
-4.08453617830185
30
0
41
1
10
144.259547380483
20
-4.12214504993258
30
0
0
SPLINE
5
16D
100
AcDbEntity
8
1
62
256
6
ByLayer
370
18
48
1
60
0
100
AcDbSpline
70
4
71
3
72
11
73
7
40
0
40
0
40
0
40
0
40
0.25
40
0.5
40
0.75
40
1
40
1
40
1
40
1
41
1
10
144.259547380483
20
-4.1221450499323
30
0
41
1
10
144.293549541493
20
-4.21524472325998
30
0
41
1
10
144.363546753584
20
-4.40079186473815
30
0
41
1
10
144.461650392144
20
-4.68138552624444
30
0
41
1
10
144.539143288902
20
-4.96772192826381
30
0
41
1
10
144.566599897158
20
-5.162824482807
30
0
41
1
10
144.571802911206
20
-5.26058397631502
30
0
0
SPLINE
5
16E
100
AcDbEntity
8
1
62
256
6
ByLayer
370
13
48
1
60
0
100
AcDbSpline
70
4
71
3
72
8
73
4
40
0
40
0
40
0
40
0
40
1
40
1
40
1
40
1
41
1
10
144.259547380483
20
-4.1221450499323
30
0
41
1
10
144.24581259286
20
-4.14548656751117
30
0
41
1
10
144.232077805237
20
-4.16882808508578
30
0
41
1
10
144.218343017612
20
-4.19216960265771
30
0
0
SPLINE
5
16F
100
AcDbEntity
8
1
62
256
6
ByLayer
370
18
48
1
60
0
100
AcDbSpline
70
4
71
3
72
23
73
19
40
0
40
0
40
0
40
0
40
0.25
40
0.375
40
0.4375
40
0.5
40
0.515625
40
0.53125
40
0.546875
40
0.5546875
40
0.5625
40
0.5703125
40
0.578125
40
0.59375
40
0.625
40
0.75
40
0.875
40
1
40
1
40
1
40
1
41
1
10
144.571802911206
20
-5.26058397631502
30
0
41
1
10
144.583477892101
20
-5.47994533267871
30
0
41
1
10
144.600990363442
20
-5.80898736722426
30
0
41
1
10
144.621421580007
20
-6.19286974086074
30
0
41
1
10
144.633096560901
20
-6.41223109722444
30
0
41
1
10
144.639663737654
20
-6.53562186017902
30
0
41
1
10
144.644041855489
20
-6.61788236881543
30
0
41
1
10
144.646230914407
20
-6.65901262313361
30
0
41
1
10
144.648055130172
20
-6.69328783506543
30
0
41
1
10
144.649514502783
20
-6.72070800461091
30
0
41
1
10
144.650609032242
20
-6.74127313177002
30
0
41
1
10
144.651703561701
20
-6.76183825892909
30
0
41
1
10
144.653162934313
20
-6.78925842847457
30
0
41
1
10
144.655716836383
20
-6.83724372517912
30
0
41
1
10
144.663743385748
20
-6.98805465767916
30
0
41
1
10
144.676877739254
20
-7.23483618358833
30
0
41
1
10
144.694390210595
20
-7.56387821813388
30
0
41
1
10
144.70606519149
20
-7.78323957449757
30
0
41
1
10
144.711902681936
20
-7.89292025267943
30
0
0
SPLINE
5
170
100
AcDbEntity
8
1
62
256
6
ByLayer
370
13
48
1
60
0
100
AcDbSpline
70
4
71
3
72
8
73
4
40
0
40
0
40
0
40
0
40
1
40
1
40
1
40
1
41
1
10
144.218351434396
20
-5.00127830012983
30
0
41
1
10
144.336168593333
20
-5.08771352552489
30
0
41
1
10
144.45398575227
20
-5.17414875091998
30
0
41
1
10
144.571802911206
20
-5.26058397631502
30
0
0
SPLINE
5
171
100
AcDbEntity
8
1
62
256
6
ByLayer
370
13
48
1
60
0
100
AcDbSpline
70
4
71
3
72
15
73
11
40
0
40
0
40
0
40
0
40
0.125
40
0.25
40
0.375
40
0.5
40
0.625
40
0.75
40
0.875
40
1
40
1
40
1
40
1
41
1
10
144.06860492339
20
-8.60510638261923
30
0
41
1
10
144.11454403323
20
-8.60606990658505
30
0
41
1
10
144.206277874923
20
-8.5981455622599
30
0
41
1
10
144.336478787609
20
-8.55606501478434
30
0
41
1
10
144.452866543077
20
-8.48645572482977
30
0
41
1
10
144.550881609824
20
-8.39395173689223
30
0
41
1
10
144.62766138776
20
-8.28362711407217
30
0
41
1
10
144.681414074333
20
-8.1603138020696
30
0
41
1
10
144.711013378152
20
-8.02857762590358
30
0
41
1
10
144.714307315416
20
-7.93810094003445
30
0
41
1
10
144.711902681936
20
-7.8929202526794
30
0
0
SPLINE
5
172
100
AcDbEntity
8
1
62
256
6
ByLayer
370
13
48
1
60
0
100
AcDbSpline
70
4
71
3
72
8
73
4
40
0
40
0
40
0
40
0
40
1
40
1
40
1
40
1
41
1
10
144.711902681936
20
-7.8929202526794
30
0
41
1
10
144.562805384252
20
-7.65036723446607
30
0
41
1
10
144.413708086568
20
-7.40781421625275
30
0
41
1
10
144.264610788883
20
-7.16526119803939
30
0
0
SPLINE
5
173
100
AcDbEntity
8
1
62
256
6
ByLayer
370
13
48
1
60
0
100
AcDbSpline
70
4
71
3
72
8
73
4
40
0
40
0
40
0
40
0
40
1
40
1
40
1
40
1
41
1
10
144.264610788883
20
-7.1652611980393
30
0
41
1
10
144.26078778125
20
-7.15904188988
30
0
41
1
10
144.256964773617
20
-7.15282258172067
30
0
41
1
10
144.253141765984
20
-7.14660327356137
30
0
0
SPLINE
5
174
100
AcDbEntity
8
1
62
256
6
ByLayer
370
13
48
1
60
0
100
AcDbSpline
70
4
71
3
72
8
73
4
40
0
40
0
40
0
40
0
40
1
40
1
40
1
40
1
41
1
10
143.722966359451
20
-7.68358493494441
30
0
41
1
10
143.725846680818
20
-7.69126428034178
30
0
41
1
10
143.728727002184
20
-7.69894362573913
30
0
41
1
10
143.73160732355
20
-7.70662297113651
30
0
0
SPLINE
5
175
100
AcDbEntity
8
1
62
256
6
ByLayer
370
18
48
1
60
0
100
AcDbSpline
70
4
71
3
72
8
73
4
40
0
40
0
40
0
40
0
40
1
40
1
40
1
40
1
41
1
10
144.06860492339
20
-8.60510638263574
30
0
41
1
10
141.567621176256
20
-8.55265090874497
30
0
41
1
10
139.066637429085
20
-8.50019543482506
30
0
41
1
10
136.565653681979
20
-8.4477399609562
30
0
0
SPLINE
5
176
100
AcDbEntity
8
1
62
256
6
ByLayer
370
13
48
1
60
0
100
AcDbSpline
70
4
71
3
72
8
73
4
40
0
40
0
40
0
40
0
40
1
40
1
40
1
40
1
41
1
10
143.73160732355
20
-7.70662297113594
30
0
41
1
10
143.84393985683
20
-8.00611744162831
30
0
41
1
10
143.95627239011
20
-8.30561191211737
30
0
41
1
10
144.06860492339
20
-8.60510638261923
30
0
0
SPLINE
5
177
100
AcDbEntity
8
1
62
256
6
ByLayer
370
13
48
1
60
0
100
AcDbSpline
70
4
71
3
72
12
73
8
40
0
40
0
40
0
40
0
40
0.130933762590391
40
0.130933762590391
40
0.846851358087277
40
0.846851358087277
40
1
40
1
40
1
40
1
41
1
10
141.333679801159
20
-7.63347219077124
30
0
41
1
10
141.145928569165
20
-7.65776355094329
30
0
41
1
10
140.958177337172
20
-7.68205491111547
30
0
41
1
10
139.743842832074
20
-7.83916619352891
30
0
41
1
10
138.717259558973
20
-7.97198611577829
30
0
41
1
10
137.471070237543
20
-8.1332187923083
30
0
41
1
10
137.251464189203
20
-8.16163154657286
30
0
41
1
10
137.031858140864
20
-8.19004430083811
30
0
0
SPLINE
5
178
100
AcDbEntity
8
1
62
256
6
ByLayer
370
13
48
1
60
0
100
AcDbSpline
70
4
71
3
72
8
73
4
40
0
40
0
40
0
40
0
40
1
40
1
40
1
40
1
41
1
10
136.126349695069
20
-7.94015783947555
30
0
41
1
10
136.118704163579
20
-7.91922397930409
30
0
41
1
10
136.111058632088
20
-7.89829011913264
30
0
41
1
10
136.103413100598
20
-7.87735625896119
30
0
0
SPLINE
5
179
100
AcDbEntity
8
1
62
256
6
ByLayer
370
13
48
1
60
0
100
AcDbSpline
70
4
71
3
72
10
73
6
40
0
40
0
40
0
40
0
40
0.525210305152619
40
0.525210305152619
40
1
40
1
40
1
40
1
41
1
10
141.025809281513
20
-7.61660225738601
30
0
41
1
10
140.34586117506
20
-7.7045743264739
30
0
41
1
10
139.665913068608
20
-7.7925463955643
30
0
41
1
10
138.37129241898
20
-7.96004514460535
30
0
41
1
10
137.756619875803
20
-8.03957182455483
30
0
41
1
10
137.141947332629
20
-8.11909850450985
30
0
0
SPLINE
5
17A
100
AcDbEntity
8
1
62
256
6
ByLayer
370
18
48
1
60
0
100
AcDbSpline
70
4
71
3
72
8
73
4
40
0
40
0
40
0
40
0
40
1
40
1
40
1
40
1
41
1
10
138.170242444478
20
-7.36066462131177
30
0
41
1
10
138.156826174614
20
-7.37055998370678
30
0
41
1
10
138.143409904748
20
-7.3804553461018
30
0
41
1
10
138.129993634884
20
-7.39035070849678
30
0
0
SPLINE
5
17B
100
AcDbEntity
8
1
62
256
6
ByLayer
370
18
48
1
60
0
100
AcDbSpline
70
4
71
3
72
8
73
4
40
0
40
0
40
0
40
0
40
1
40
1
40
1
40
1
41
1
10
136.126349612833
20
-7.94015765094969
30
0
41
1
10
136.230687206321
20
-7.82718292915831
30
0
41
1
10
136.33502479981
20
-7.71420820736705
30
0
41
1
10
136.439362393298
20
-7.60123348557588
30
0
0
SPLINE
5
17C
100
AcDbEntity
8
1
62
256
6
ByLayer
370
18
48
1
60
0
100
AcDbSpline
70
4
71
3
72
8
73
4
40
0
40
0
40
0
40
0
40
1
40
1
40
1
40
1
41
1
10
136.625088333565
20
-7.40013304105236
30
0
41
1
10
136.79873766227
20
-7.21210891720835
30
0
41
1
10
136.972386990974
20
-7.02408479336464
30
0
41
1
10
137.146036319679
20
-6.83606066952115
30
0
0
SPLINE
5
17D
100
AcDbEntity
8
1
62
256
6
ByLayer
370
18
48
1
60
0
100
AcDbSpline
70
4
71
3
72
18
73
14
40
0
40
0
40
0
40
0
40
0.125
40
0.25
40
0.375
40
0.5
40
0.625
40
0.6875
40
0.75
40
0.8125
40
0.875
40
0.9375
40
1
40
1
40
1
40
1
41
1
10
136.126346106083
20
-7.94015849640945
30
0
41
1
10
136.13647479746
20
-7.96789093980632
30
0
41
1
10
136.157275614114
20
-8.02320024393666
30
0
41
1
10
136.191487003968
20
-8.10508107802809
30
0
41
1
10
136.230129577211
20
-8.18522185630621
30
0
41
1
10
136.275215350671
20
-8.26228989795936
30
0
41
1
10
136.320352136706
20
-8.32192954058979
30
0
41
1
10
136.362649086344
20
-8.36447022244636
30
0
41
1
10
136.39767068634
20
-8.39273409346953
30
0
41
1
10
136.436144083356
20
-8.41626793619113
30
0
41
1
10
136.477620085362
20
-8.43386609679823
30
0
41
1
10
136.521192558116
20
-8.44473059368411
30
0
41
1
10
136.550848924783
20
-8.44742946219742
30
0
41
1
10
136.565653681979
20
-8.44773996097837
30
0
0
SPLINE
5
17E
100
AcDbEntity
8
1
62
256
6
ByLayer
370
18
48
1
60
0
100
AcDbSpline
70
4
71
3
72
15
73
11
40
0
40
0
40
0
40
0
40
0.105547317957901
40
0.211094635915802
40
0.422189271831604
40
0.633283907747407
40
0.844378543663209
40
0.897152202642159
40
0.94992586162111
40
1
40
1
40
1
40
1
41
1
10
136.565653681979
20
-8.44773996097837
30
0
41
1
10
136.582055862614
20
-8.4386736157586
30
0
41
1
10
136.614860239669
20
-8.42054161584844
30
0
41
1
10
136.680469033184
20
-8.38427933990369
30
0
41
1
10
136.762480054455
20
-8.33895278053564
30
0
41
1
10
136.860893184567
20
-8.28455673674264
30
0
41
1
10
136.934703506967
20
-8.24376694796351
30
0
41
1
10
136.983908527895
20
-8.21652843659928
30
0
41
1
10
137.008092351264
20
-8.20316348952008
30
0
41
1
10
137.02407777407
20
-8.19439800547639
30
0
41
1
10
137.031858343297
20
-8.19005127628984
30
0
0
SPLINE
5
17F
100
AcDbEntity
8
1
62
256
6
ByLayer
370
18
48
1
60
0
100
AcDbSpline
70
4
71
3
72
13
73
9
40
0
40
0
40
0
40
0
40
0.0113848368124057
40
0.233982789264024
40
0.456580741715643
40
0.679178694167262
40
0.901776646618881
40
1
40
1
40
1
40
1
41
1
10
137.031857768364
20
-8.19005108625927
30
0
41
1
10
137.032277160829
20
-8.18981678631116
30
0
41
1
10
137.040896434114
20
-8.18499670148736
30
0
41
1
10
137.057709576694
20
-8.17538955668371
30
0
41
1
10
137.082262811725
20
-8.16024956365223
30
0
41
1
10
137.106765258898
20
-8.14415614991637
30
0
41
1
10
137.126652034695
20
-8.13028107120815
30
0
41
1
10
137.138362811838
20
-8.12173370460238
30
0
41
1
10
137.141946932487
20
-8.11910190090703
30
0
0
SPLINE
5
180
100
AcDbEntity
8
1
62
256
6
ByLayer
370
18
48
1
60
0
100
AcDbSpline
70
4
71
3
72
8
73
4
40
0
40
0
40
0
40
0
40
1
40
1
40
1
40
1
41
1
10
138.129993634884
20
-7.39035070849681
30
0
41
1
10
137.800644831894
20
-7.63326664510336
30
0
41
1
10
137.471296028905
20
-7.87618258170994
30
0
41
1
10
137.141947225916
20
-8.11909851831649
30
0
0
SPLINE
5
181
100
AcDbEntity
8
1
62
256
6
ByLayer
370
18
48
1
60
0
100
AcDbSpline
70
4
71
3
72
25
73
21
40
0
40
0
40
0
40
0
40
0.157601369936477
40
0.157601369936477
40
0.315202739872953
40
0.315202739872953
40
0.354603082357134
40
0.354603082357134
40
0.394003424841315
40
0.394003424841315
40
0.472804109809758
40
0.472804109809758
40
0.630405479746564
40
0.630405479746564
40
0.709206164715003
40
0.709206164715003
40
0.788006849683442
40
0.788006849683442
40
0.945608219620319
40
1
40
1
40
1
40
1
41
1
10
138.170242444477
20
-7.36066462131257
30
0
41
1
10
138.121329231436
20
-7.35633565119059
30
0
41
1
10
138.073199580739
20
-7.34858188601726
30
0
41
1
10
137.978421267683
20
-7.32660125039993
30
0
41
1
10
137.931772883878
20
-7.31237316245449
30
0
41
1
10
137.874424135026
20
-7.29038451815222
30
0
41
1
10
137.863002823775
20
-7.2857750741619
30
0
41
1
10
137.840258301232
20
-7.27612741079187
30
0
41
1
10
137.828930276436
20
-7.27108577557289
30
0
41
1
10
137.79537350361
20
-7.25544245174675
30
0
41
1
10
137.773477035641
20
-7.24428493895996
30
0
41
1
10
137.709180158032
20
-7.20867503590219
30
0
41
1
10
137.668162375868
20
-7.18210047446237
30
0
41
1
10
137.60945284076
20
-7.13791465535363
30
0
41
1
10
137.590355191289
20
-7.12246128412147
30
0
41
1
10
137.553121277054
20
-7.09007892877935
30
0
41
1
10
137.534972762038
20
-7.07312548051414
30
0
41
1
10
137.482885221021
20
-7.02089537048448
30
0
41
1
10
137.439950626682
20
-6.97126136333634
30
0
41
1
10
137.402054138321
20
-6.91789465369985
30
0
41
1
10
137.392666637231
20
-6.90395344421035
30
0
0
SPLINE
5
182
100
AcDbEntity
8
1
62
256
6
ByLayer
370
18
48
1
60
0
100
AcDbSpline
70
4
71
3
72
8
73
4
40
0
40
0
40
0
40
0
40
1
40
1
40
1
40
1
41
1
10
141.333679801163
20
-7.6334721907707
30
0
41
1
10
141.231013092397
20
-7.63131886575673
30
0
41
1
10
141.128352833503
20
-7.62579299105875
30
0
41
1
10
141.025809281502
20
-7.61660225738208
30
0
0
SPLINE
5
183
100
AcDbEntity
8
1
62
256
6
ByLayer
370
18
48
1
60
0
100
AcDbSpline
70
4
71
3
72
8
73
4
40
0
40
0
40
0
40
0
40
1
40
1
40
1
40
1
41
1
10
143.722966359448
20
-7.68358493493895
30
0
41
1
10
142.926537506688
20
-7.66688068688381
30
0
41
1
10
142.130108653924
20
-7.65017643882527
30
0
41
1
10
141.33367980116
20
-7.63347219076746
30
0
0
SPLINE
5
184
100
AcDbEntity
8
1
62
256
6
ByLayer
370
18
48
1
60
0
100
AcDbSpline
70
4
71
3
72
15
73
11
40
0
40
0
40
0
40
0
40
0.125
40
0.25
40
0.375
40
0.5
40
0.625
40
0.75
40
0.875
40
1
40
1
40
1
40
1
41
1
10
143.722966358008
20
-7.68358493109741
30
0
41
1
10
143.759058902654
20
-7.68434193587092
30
0
41
1
10
143.831115898713
20
-7.6787275347146
30
0
41
1
10
143.934517159469
20
-7.64928802065893
30
0
41
1
10
144.0291123913
20
-7.59998706746589
30
0
41
1
10
144.11110095307
20
-7.53275752694384
30
0
41
1
10
144.177163005083
20
-7.45026331247954
30
0
41
1
10
144.224613553464
20
-7.35580673007382
30
0
41
1
10
144.251520411676
20
-7.25318983991383
30
0
41
1
10
144.255030989332
20
-7.1820999466247
30
0
41
1
10
144.253141764069
20
-7.14660327044558
30
0
0
SPLINE
5
185
100
AcDbEntity
8
1
62
256
6
ByLayer
370
18
48
1
60
0
100
AcDbSpline
70
4
71
3
72
8
73
4
40
0
40
0
40
0
40
0
40
1
40
1
40
1
40
1
41
1
10
144.218343840677
20
-6.49278463668225
30
0
41
1
10
144.229943149112
20
-6.71072418230739
30
0
41
1
10
144.241542457546
20
-6.9286637279337
30
0
41
1
10
144.253141765981
20
-7.1466032735614
30
0
0
SPLINE
5
186
100
AcDbEntity
8
1
62
256
6
ByLayer
370
18
48
1
60
0
100
AcDbSpline
70
4
71
3
72
20
73
16
40
0
40
0
40
0
40
0
40
0.0013471400125725
40
0.0169510909498761
40
0.0325550418871796
40
0.0637629437617867
40
0.126178747511001
40
0.251010355009429
40
0.375841962507858
40
0.500673570006286
40
0.625505177504715
40
0.750336785003143
40
0.875168392501572
40
0.937584196250786
40
1
40
1
40
1
40
1
41
1
10
135.980647722849
20
4.30468844783996
30
0
41
1
10
135.980663219893
20
4.30510131696681
30
0
41
1
10
135.980878463681
20
4.31058713587402
30
0
41
1
10
135.981836293345
20
4.32891281692
30
0
41
1
10
135.983061347029
20
4.35873458983022
30
0
41
1
10
135.985705390891
20
4.4139465650147
30
0
41
1
10
135.99053575492
20
4.52242830769256
30
0
41
1
10
135.997691224149
20
4.67832687155675
30
0
41
1
10
136.006205909757
20
4.86515860012497
30
0
41
1
10
136.014674368094
20
5.0518897517556
30
0
41
1
10
136.023122249351
20
5.23866629757973
30
0
41
1
10
136.03155032233
20
5.42547150939552
30
0
41
1
10
136.038557850249
20
5.58115246740019
30
0
41
1
10
136.044154737246
20
5.70569483859791
30
0
41
1
10
136.046950199699
20
5.76796383177793
30
0
41
1
10
136.048115702317
20
5.79394161354389
30
0
0
SPLINE
5
187
100
AcDbEntity
8
1
62
256
6
ByLayer
370
18
48
1
60
0
100
AcDbSpline
70
4
71
3
72
8
73
4
40
0
40
0
40
0
40
0
40
1
40
1
40
1
40
1
41
1
10
136.048115702317
20
5.79394161354389
30
0
41
1
10
136.048193059587
20
5.79566582270058
30
0
41
1
10
136.048270834029
20
5.7973843628161
30
0
41
1
10
136.048349038557
20
5.79909742067278
30
0
0
SPLINE
5
188
100
AcDbEntity
8
1
62
256
6
ByLayer
370
18
48
1
60
0
100
AcDbSpline
70
4
71
3
72
18
73
14
40
0
40
0
40
0
40
0
40
0.121162915242482
40
0.246484790770074
40
0.497128541825258
40
0.622450417352849
40
0.747772292880441
40
0.873094168408033
40
0.935755106171829
40
0.967085575053727
40
0.982750809494676
40
0.998416043935625
40
1
40
1
40
1
40
1
41
1
10
136.048349038557
20
5.79909742067278
30
0
41
1
10
136.050627369661
20
5.84900390442448
30
0
41
1
10
136.056004819624
20
5.9410642930859
30
0
41
1
10
136.072562396407
20
6.12644985676044
30
0
41
1
10
136.099505751016
20
6.31239853114568
30
0
41
1
10
136.139934845547
20
6.49689356116099
30
0
41
1
10
136.177818265462
20
6.63354189343474
30
0
41
1
10
136.216077663405
20
6.74456893025197
30
0
41
1
10
136.247750496697
20
6.82274109021364
30
0
41
1
10
136.263419463857
20
6.85885795806513
30
0
41
1
10
136.274710709142
20
6.88368944524453
30
0
41
1
10
136.279441121256
20
6.89389039441915
30
0
41
1
10
136.281195785237
20
6.89765653596243
30
0
41
1
10
136.28135137341
20
6.89799029521114
30
0
0
SPLINE
5
189
100
AcDbEntity
8
1
62
256
6
ByLayer
370
18
48
1
60
0
100
AcDbSpline
70
4
71
3
72
18
73
14
40
0
40
0
40
0
40
0
40
0.0140665355743297
40
0.0610130353844057
40
0.123608368464507
40
0.186203701544608
40
0.24879903462471
40
0.499180366945115
40
0.749561699265521
40
0.874752365425723
40
0.937347698505825
40
0.999943031585926
40
1
40
1
40
1
40
1
41
1
10
136.28135137341
20
6.89799029521114
30
0
41
1
10
136.282734543322
20
6.90095739574994
30
0
41
1
10
136.286835303266
20
6.90968700378275
30
0
41
1
10
136.293702470787
20
6.9243019274775
30
0
41
1
10
136.301174417729
20
6.94012198025268
30
0
41
1
10
136.311130918692
20
6.96119398924168
30
0
41
1
10
136.33254885665
20
7.00644616385941
30
0
41
1
10
136.362423137977
20
7.0690323286002
30
0
41
1
10
136.39710676007
20
7.14089843967389
30
0
41
1
10
136.421204863826
20
7.19036073141248
30
0
41
1
10
136.435369711732
20
7.21930217974955
30
0
41
1
10
136.44230354101
20
7.23344636461758
30
0
41
1
10
136.445681731782
20
7.24028732428897
30
0
41
1
10
136.445685764023
20
7.2402954896742
30
0
0
SPLINE
5
18A
100
AcDbEntity
8
1
62
256
6
ByLayer
370
18
48
1
60
0
100
AcDbSpline
70
4
71
3
72
24
73
20
40
0
40
0
40
0
40
0
40
0.0624500259146101
40
0.124960610188399
40
0.249981778735978
40
0.265609424804425
40
0.281237070872873
40
0.300771628458432
40
0.312492363009767
40
0.343747655146662
40
0.375002947283557
40
0.500024115831135
40
0.750066452926293
40
0.875087621473871
40
0.937598205747661
40
0.968853497884555
40
0.984481143953003
40
0.992294966987226
40
1
40
1
40
1
40
1
41
1
10
136.445685976966
20
7.24029592088996
30
0
41
1
10
136.449058312318
20
7.24712497032439
30
0
41
1
10
136.45562756743
20
7.2603251135352
30
0
41
1
10
136.468762022948
20
7.28591407359411
30
0
41
1
10
136.480104785197
20
7.30708064538968
30
0
41
1
10
136.489056916967
20
7.32317534009798
30
0
41
1
10
136.491983089511
20
7.32839274804516
30
0
41
1
10
136.494701898444
20
7.33319509922825
30
0
41
1
10
136.498348509889
20
7.33958221952616
30
0
41
1
10
136.502714533056
20
7.34714101446738
30
0
41
1
10
136.513880594769
20
7.36614404256693
30
0
41
1
10
136.538838208712
20
7.40682685404431
30
0
41
1
10
136.572135116331
20
7.45559893273074
30
0
41
1
10
136.604357504168
20
7.49620147958225
30
0
41
1
10
136.622258517246
20
7.51495087457204
30
0
41
1
10
136.631733443209
20
7.52379501593896
30
0
41
1
10
136.636769302588
20
7.52789448872883
30
0
41
1
10
136.639799694419
20
7.53008051272403
30
0
41
1
10
136.641309081863
20
7.53112520827716
30
0
41
1
10
136.642168629737
20
7.53160487315878
30
0
0
SPLINE
5
18B
100
AcDbEntity
8
1
62
256
6
ByLayer
370
18
48
1
60
0
100
AcDbSpline
70
4
71
3
72
30
73
26
40
0
40
0
40
0
40
0
40
0.0001094202677505
40
0.0079685106252877
40
0.0158276009828249
40
0.0315457816978994
40
0.0629821431280483
40
0.125854865988346
40
0.251600311708942
40
0.377345757429538
40
0.408782118859687
40
0.416641209217224
40
0.424500299574761
40
0.432359389932298
40
0.440218480289836
40
0.471654841719984
40
0.503091203150133
40
0.518809383865208
40
0.628836648870729
40
0.754582094591325
40
0.817454817451623
40
0.88032754031192
40
0.943200263172218
40
0.974636624602367
40
1
40
1
40
1
40
1
41
1
10
136.642168629737
20
7.53160487315878
30
0
41
1
10
136.64218076599
20
7.53161164571287
30
0
41
1
10
136.643066185458
20
7.53210428919149
30
0
41
1
10
136.645059443194
20
7.53300003397715
30
0
41
1
10
136.648894019996
20
7.53480949830964
30
0
41
1
10
136.655679643747
20
7.53791665576395
30
0
41
1
10
136.66927618657
20
7.54398614080915
30
0
41
1
10
136.696736568829
20
7.55549497878371
30
0
41
1
10
136.736583767085
20
7.57021224190783
30
0
41
1
10
136.773056330014
20
7.58149212674698
30
0
41
1
10
136.794501185956
20
7.58740419278209
30
0
41
1
10
136.800639422377
20
7.58904652075657
30
0
41
1
10
136.803710720004
20
7.58985836154488
30
0
41
1
10
136.806784149517
20
7.59066092268529
30
0
41
1
10
136.81293517726
20
7.59224757277241
30
0
41
1
10
136.822176995092
20
7.59455860380945
30
0
41
1
10
136.832470304416
20
7.59700617151714
30
0
41
1
10
136.853090055014
20
7.6017244241819
30
0
41
1
10
136.886206500126
20
7.60852537683238
30
0
41
1
10
136.925552790491
20
7.61503597916152
30
0
41
1
10
136.959835870227
20
7.61958012981532
30
0
41
1
10
136.984996405759
20
7.62245547789385
30
0
41
1
10
137.003311063205
20
7.62427084088802
30
0
41
1
10
137.020812259716
20
7.62566640012838
30
0
41
1
10
137.018597066295
20
7.62556429836806
30
0
41
1
10
137.034896191406
20
7.62666082496551
30
0
0
SPLINE
5
18C
100
AcDbEntity
8
1
62
256
6
ByLayer
370
18
48
1
60
0
100
AcDbSpline
70
4
71
3
72
25
73
21
40
0
40
0
40
0
40
0
40
0.0059772068261372
40
0.0214474905650102
40
0.0369177743038833
40
0.0678583417816293
40
0.129739476737121
40
0.253501746648105
40
0.485556002731201
40
0.501026286470074
40
0.53196685394782
40
0.562907421425566
40
0.624788556381058
40
0.748550826292042
40
0.872313096203026
40
0.934194231158518
40
0.965134798636264
40
0.980605082375137
40
0.99607536611401
40
1
40
1
40
1
40
1
41
1
10
137.034896191406
20
7.62666082496554
30
0
41
1
10
137.038798840703
20
7.62692337640462
30
0
41
1
10
137.056358861675
20
7.62810041936837
30
0
41
1
10
137.114449344702
20
7.63197148276456
30
0
41
1
10
137.267301749982
20
7.64206883643175
30
0
41
1
10
137.473060948629
20
7.65530533796397
30
0
41
1
10
137.92798675191
20
7.68356231958134
30
0
41
1
10
138.778552810516
20
7.73195166786752
30
0
41
1
10
139.542101678974
20
7.76837800373011
30
0
41
1
10
140.114915768944
20
7.79216266994587
30
0
41
1
10
140.274025693637
20
7.79858505994048
30
0
41
1
10
140.528544494403
20
7.80846891138404
30
0
41
1
10
140.97368129403
20
7.82474078123329
30
0
41
1
10
141.60812345991
20
7.84508129628958
30
0
41
1
10
142.23876097118
20
7.86161029282877
30
0
41
1
10
142.692674931294
20
7.87145685259685
30
0
41
1
10
142.900180733108
20
7.87555915638504
30
0
41
1
10
143.050377752815
20
7.87831851045976
30
0
41
1
10
143.107845109771
20
7.87934828881924
30
0
41
1
10
143.127931865835
20
7.87969417032312
30
0
41
1
10
143.13157495171
20
7.87975599056941
30
0
0
SPLINE
5
18D
100
AcDbEntity
8
1
62
256
6
ByLayer
370
18
48
1
60
0
100
AcDbSpline
70
4
71
3
72
33
73
29
40
0
40
0
40
0
40
0
40
0.0273823410709184
40
0.0587425444385315
40
0.0901027478061447
40
0.121462951173758
40
0.184183357908984
40
0.24690376464421
40
0.309624171379437
40
0.372344578114663
40
0.403704781482276
40
0.435064984849889
40
0.497785391585116
40
0.529145594952729
40
0.560505798320342
40
0.591866001687955
40
0.623226205055568
40
0.685946611790795
40
0.717306815158408
40
0.748667018526021
40
0.764347120209827
40
0.811387425261247
40
0.874107831996473
40
0.9368282387317
40
0.968188442099313
40
0.98386854378312
40
0.999548645466926
40
1
40
1
40
1
40
1
41
1
10
143.13157495171
20
7.87975599056941
30
0
41
1
10
143.156652798185
20
7.88018154151678
30
0
41
1
10
143.167599995625
20
7.88026393486578
30
0
41
1
10
143.192966152808
20
7.88024423177035
30
0
41
1
10
143.22401527657
20
7.87995668812587
30
0
41
1
10
143.266519181784
20
7.87910704960973
30
0
41
1
10
143.317734413671
20
7.87705686204381
30
0
41
1
10
143.379415304355
20
7.87292802209026
30
0
41
1
10
143.440814892441
20
7.866989508909
30
0
41
1
10
143.491628290781
20
7.8599717508271
30
0
41
1
10
143.532250554482
20
7.85259203849805
30
0
41
1
10
143.572230171363
20
7.84246970578997
30
0
41
1
10
143.609944914239
20
7.82620801663171
30
0
41
1
10
143.642369518722
20
7.80151609917789
30
0
41
1
10
143.663313367701
20
7.77975786767405
30
0
41
1
10
143.681686126134
20
7.75557876351232
30
0
41
1
10
143.703115935402
20
7.72137232193916
30
0
41
1
10
143.720543917701
20
7.68468537498205
30
0
41
1
10
143.733204174291
20
7.64644235001717
30
0
41
1
10
143.739694560558
20
7.62213679576092
30
0
41
1
10
143.746621439794
20
7.59278361901426
30
0
41
1
10
143.754357029165
20
7.55329931351227
30
0
41
1
10
143.761610560356
20
7.49806462060766
30
0
41
1
10
143.765181889014
20
7.44680532062893
30
0
41
1
10
143.766226663056
20
7.41257128273347
30
0
41
1
10
143.766379779758
20
7.39015856535727
30
0
41
1
10
143.766336309942
20
7.38046343782685
30
0
41
1
10
143.766304275703
20
7.37625333596151
30
0
41
1
10
143.76630337193
20
7.37613607621731
30
0
0
SPLINE
5
18E
100
AcDbEntity
8
1
62
256
6
ByLayer
370
18
48
1
60
0
100
AcDbSpline
70
4
71
3
72
22
73
18
40
0
40
0
40
0
40
0
40
0.0112892879508303
40
0.0621620442639538
40
0.124774667418567
40
0.249999913727794
40
0.500450406346248
40
0.750900898964702
40
0.813513522119315
40
0.829166677907969
40
0.844819833696622
40
0.860472989485275
40
0.876126145273929
40
0.938738768428542
40
0.970045080005849
40
0.985698235794502
40
1
40
1
40
1
40
1
41
1
10
143.76630337193
20
7.37613607621731
30
0
41
1
10
143.766280727837
20
7.37319812451781
30
0
41
1
10
143.766130250233
20
7.35888045164262
30
0
41
1
10
143.765887459394
20
7.33640257854046
30
0
41
1
10
143.765476576078
20
7.30316278063
30
0
41
1
10
143.764479492536
20
7.22106223174652
30
0
41
1
10
143.76290340269
20
7.11466614191062
30
0
41
1
10
143.761314336143
20
7.01562031534422
30
0
41
1
10
143.760194797139
20
6.95825962979708
30
0
41
1
10
143.759867923689
20
6.9418632707056
30
0
41
1
10
143.759703423472
20
6.93366170733103
30
0
41
1
10
143.759538197302
20
6.92545489465721
30
0
41
1
10
143.759206968137
20
6.90902703977034
30
0
41
1
10
143.758820237358
20
6.88980882433563
30
0
41
1
10
143.758504003982
20
6.87096921852378
30
0
41
1
10
143.758259288142
20
6.85977838349834
30
0
41
1
10
143.758292919351
20
6.85604578177629
30
0
41
1
10
143.758128845193
20
6.85167638123923
30
0
0
SPLINE
5
18F
100
AcDbEntity
8
1
62
256
6
ByLayer
370
18
48
1
60
0
100
AcDbSpline
70
4
71
3
72
21
73
17
40
0
40
0
40
0
40
0
40
0.0013467736322173
40
0.0169464397395136
40
0.0325461058468098
40
0.0637454380614024
40
0.126144102490587
40
0.250941431348958
40
0.375738760207328
40
0.500536089065698
40
0.625333417924068
40
0.750130746782438
40
0.874928075640808
40
0.937326740069994
40
0.999725404499179
40
1
40
1
40
1
40
1
41
1
10
143.758128845193
20
6.85167638123923
30
0
41
1
10
143.758113341621
20
6.85126351111884
30
0
41
1
10
143.757898022865
20
6.845777691629
30
0
41
1
10
143.756940263277
20
6.82745201145062
30
0
41
1
10
143.755715198635
20
6.79763023888131
30
0
41
1
10
143.753071160856
20
6.7424182635072
30
0
41
1
10
143.748240792765
20
6.63393652095573
30
0
41
1
10
143.74108532546
20
6.47803795703138
30
0
41
1
10
143.732581939723
20
6.2914615235546
30
0
41
1
10
143.724109480122
20
6.1046387511316
30
0
41
1
10
143.715615697763
20
5.91682145758375
30
0
41
1
10
143.707204522192
20
5.7304056396581
30
0
41
1
10
143.700350656162
20
5.57822368502778
30
0
41
1
10
143.694417828686
20
5.44602028288475
30
0
41
1
10
143.691663477694
20
5.3840522048653
30
0
41
1
10
143.690431762508
20
5.35738417531419
30
0
41
1
10
143.690426368711
20
5.35726741638734
30
0
0
SPLINE
5
190
100
AcDbEntity
8
1
62
256
6
ByLayer
370
18
48
1
60
0
100
AcDbSpline
70
4
71
3
72
20
73
16
40
0
40
0
40
0
40
0
40
0.0153299547324675
40
0.0309345924798082
40
0.0621438679744896
40
0.124562418963852
40
0.249399520942578
40
0.499073724900029
40
0.74874792885748
40
0.873585030836205
40
0.936003581825568
40
0.967212857320249
40
0.98281749506759
40
0.998422132814931
40
1
40
1
40
1
40
1
41
1
10
143.69042636871
20
5.35726741638734
30
0
41
1
10
143.690125342902
20
5.35075114502649
30
0
41
1
10
143.689535603443
20
5.33812918206186
30
0
41
1
10
143.688375309
20
5.31454542728184
30
0
41
1
10
143.686272558196
20
5.27681610476438
30
0
41
1
10
143.680780572119
20
5.19258880676193
30
0
41
1
10
143.666228959235
20
5.03048507541845
30
0
41
1
10
143.632576181345
20
4.79738034675827
30
0
41
1
10
143.576262041646
20
4.56723374718391
30
0
41
1
10
143.5226988877
20
4.41179590242379
30
0
41
1
10
143.491026051683
20
4.33362373666941
30
0
41
1
10
143.475357093836
20
4.29750688866852
30
0
41
1
10
143.464065838018
20
4.27267537905115
30
0
41
1
10
143.459335426112
20
4.26247443019088
30
0
41
1
10
143.45758077252
20
4.25870831082966
30
0
41
1
10
143.457425182084
20
4.25837454671824
30
0
0
SPLINE
5
191
100
AcDbEntity
8
1
62
256
6
ByLayer
370
18
48
1
60
0
100
AcDbSpline
70
4
71
3
72
15
73
11
40
0
40
0
40
0
40
0
40
0.0161165119330737
40
0.0699048724147187
40
0.141622686390245
40
0.213340500365772
40
0.285058314341298
40
0.571929570243405
40
0.858800826145511
40
1
40
1
40
1
40
1
41
1
10
143.457425182084
20
4.25837454671824
30
0
41
1
10
143.45604202932
20
4.25540748291388
30
0
41
1
10
143.451941344835
20
4.24667803578598
30
0
41
1
10
143.44507429063
20
4.23206335282148
30
0
41
1
10
143.437602464605
20
4.21624355493694
30
0
41
1
10
143.42764612318
20
4.19517188163061
30
0
41
1
10
143.406228517712
20
4.14992040454888
30
0
41
1
10
143.376354628543
20
4.08733505024045
30
0
41
1
10
143.341779469355
20
4.01569365306534
30
0
41
1
10
143.321230441829
20
3.9735138617261
30
0
41
1
10
143.314327197168
20
3.95938678030271
30
0
0
SPLINE
5
192
100
AcDbEntity
8
1
62
256
6
ByLayer
370
18
48
1
60
0
100
AcDbSpline
70
4
71
3
72
18
73
14
40
0
40
0
40
0
40
0
40
0.174128662749027
40
0.588181410283246
40
0.691694597166801
40
0.717572893887689
40
0.743451190608578
40
0.769329487329467
40
0.795207784050355
40
0.89872097093391
40
0.950477564375688
40
0.976355861096576
40
1
40
1
40
1
40
1
41
1
10
135.975084966537
20
3.98793132636581
30
0
41
1
10
135.975352311549
20
4.00614836858961
30
0
41
1
10
135.976281444346
20
4.06720638529546
30
0
41
1
10
135.977489633331
20
4.14074504613771
30
0
41
1
10
135.978556602609
20
4.19810466542714
30
0
41
1
10
135.978873521452
20
4.21450081916271
30
0
41
1
10
135.979034578028
20
4.22270231007752
30
0
41
1
10
135.979198414815
20
4.23090909087006
30
0
41
1
10
135.979532014927
20
4.24733698387215
30
0
41
1
10
135.979939568632
20
4.2665556013533
30
0
41
1
10
135.980272209809
20
4.28539556903868
30
0
41
1
10
135.980517618399
20
4.29658644541234
30
0
41
1
10
135.980483717304
20
4.30031904523648
30
0
41
1
10
135.980647722849
20
4.30468844783996
30
0
0
SPLINE
5
193
100
AcDbEntity
8
1
62
256
6
ByLayer
370
18
48
1
60
0
100
AcDbSpline
70
4
71
3
72
21
73
17
40
0
40
0
40
0
40
0
40
0.0039822658528455
40
0.0174419649629421
40
0.0309016640730388
40
0.0847404605134256
40
0.138579256953812
40
0.246256849834586
40
0.353934442715359
40
0.461612035596133
40
0.569289628476906
40
0.67696722135768
40
0.784644814238453
40
0.892322407119227
40
0.946161203559613
40
1
40
1
40
1
40
1
41
1
10
144.994766135454
20
8.16526392897347
30
0
41
1
10
144.994732204568
20
8.16679834764054
30
0
41
1
10
144.994568958049
20
8.17360373838974
30
0
41
1
10
144.994133388024
20
8.18647404645964
30
0
41
1
10
144.99231179151
20
8.22057676189678
30
0
41
1
10
144.98689170426
20
8.27033130082813
30
0
41
1
10
144.969918534185
20
8.35793218355377
30
0
41
1
10
144.935702931704
20
8.46239854769809
30
0
41
1
10
144.874265369299
20
8.58019530401691
30
0
41
1
10
144.794635908192
20
8.68559367211805
30
0
41
1
10
144.698190081965
20
8.77699987545265
30
0
41
1
10
144.587641147573
20
8.85139475347839
30
0
41
1
10
144.465610873053
20
8.9068106426115
30
0
41
1
10
144.356841328419
20
8.93560348325565
30
0
41
1
10
144.267780772169
20
8.94765205740617
30
0
41
1
10
144.222480402813
20
8.94991735025494
30
0
41
1
10
144.200587531177
20
8.95007887212168
30
0
0
SPLINE
5
194
100
AcDbEntity
8
1
62
256
6
ByLayer
370
18
48
1
60
0
100
AcDbSpline
70
4
71
3
72
8
73
4
40
0
40
0
40
0
40
0
40
1
40
1
40
1
40
1
41
1
10
144.200587531177
20
8.95007887212168
30
0
41
1
10
144.200262701413
20
8.9500812686602
30
0
41
1
10
144.199938727318
20
8.95008365818364
30
0
41
1
10
144.199615583496
20
8.95008604088045
30
0
0
SPLINE
5
195
100
AcDbEntity
8
1
62
256
6
ByLayer
370
18
48
1
60
0
100
AcDbSpline
70
4
71
3
72
11
73
7
40
0
40
0
40
0
40
0
40
0.0589687449404518
40
0.48437362715815
40
0.970550635406947
40
1
40
1
40
1
40
1
41
1
10
144.199615583496
20
8.95008604088045
30
0
41
1
10
144.18904910606
20
8.95016395266552
30
0
41
1
10
144.10954731557
20
8.95074396937301
30
0
41
1
10
143.95023364703
20
8.95180975191843
30
0
41
1
10
143.795749933366
20
8.95265193034453
30
0
41
1
10
143.711101262557
20
8.95304872879237
30
0
41
1
10
143.706266653896
20
8.95307118083505
30
0
0
SPLINE
5
196
100
AcDbEntity
8
1
62
256
6
ByLayer
370
18
48
1
60
0
100
AcDbSpline
70
4
71
3
72
17
73
13
40
0
40
0
40
0
40
0
40
0.0600950229142377
40
0.184038916465187
40
0.431926703567085
40
0.679814490668984
40
0.927702277770882
40
0.989674224546357
40
0.993547471219824
40
0.997420717893291
40
0.999357341230025
40
1
40
1
40
1
40
1
41
1
10
143.706266653896
20
8.95307118083505
30
0
41
1
10
143.551472991661
20
8.95379004644607
30
0
41
1
10
143.077409644732
20
8.9553303411582
30
0
41
1
10
141.964621605707
20
8.95442216100651
30
0
41
1
10
140.367576626761
20
8.93997832929927
30
0
41
1
10
138.450613391184
20
8.90191260884311
30
0
41
1
10
137.009921508454
20
8.85791577356716
30
0
41
1
10
136.2052918074
20
8.82803247074244
30
0
41
1
10
136.023732483791
20
8.82104827242242
30
0
41
1
10
135.998924770171
20
8.82008790843824
30
0
41
1
10
135.982824834934
20
8.81946041572454
30
0
41
1
10
135.97553103581
20
8.81917372363438
30
0
41
1
10
135.973674805583
20
8.81909709621937
30
0
0
SPLINE
5
197
100
AcDbEntity
8
1
62
256
6
ByLayer
370
18
48
1
60
0
100
AcDbSpline
70
4
71
3
72
20
73
16
40
0
40
0
40
0
40
0
40
0.016626855503632
40
0.0415115835804335
40
0.066396311657235
40
0.165935223964441
40
0.265474136271647
40
0.31524359242525
40
0.464551960886058
40
0.66362978550047
40
0.862707610114882
40
0.912477066268485
40
0.962246522422088
40
0.987131250498889
40
1
40
1
40
1
40
1
41
1
10
135.973674805583
20
8.81909709621937
30
0
41
1
10
135.969937369398
20
8.81894281036119
30
0
41
1
10
135.960212607374
20
8.81850503353792
30
0
41
1
10
135.944256531935
20
8.81735331032127
30
0
41
1
10
135.907988236226
20
8.81363442002581
30
0
41
1
10
135.854743085206
20
8.80415385458778
30
0
41
1
10
135.797033756591
20
8.78663454935884
30
0
41
1
10
135.729204194075
20
8.75941942879254
30
0
41
1
10
135.643615483574
20
8.71281259001401
30
0
41
1
10
135.540751309775
20
8.6260097898336
30
0
41
1
10
135.475202936016
20
8.53655740998991
30
0
41
1
10
135.44160317309
20
8.47284055856372
30
0
41
1
10
135.429168397255
20
8.44533201632257
30
0
41
1
10
135.421184866577
20
8.42532790488181
30
0
41
1
10
135.418223800394
20
8.4173649638538
30
0
41
1
10
135.417249889056
20
8.41471332666657
30
0
0
SPLINE
5
198
100
AcDbEntity
8
1
62
256
6
ByLayer
370
18
48
1
60
0
100
AcDbSpline
70
4
71
3
72
13
73
9
40
0
40
0
40
0
40
0
40
0.0057624935460901
40
0.0296303931158642
40
0.220573589674057
40
0.602459982790442
40
0.984346375906827
40
1
40
1
40
1
40
1
41
1
10
135.417249889056
20
8.4147133266666
30
0
41
1
10
135.416340515712
20
8.41223740500618
30
0
41
1
10
135.411823297062
20
8.39978714648288
30
0
41
1
10
135.380959225499
20
8.31549088579564
30
0
41
1
10
135.294653762413
20
8.07891357317965
30
0
41
1
10
135.158458282026
20
7.70613878666265
30
0
41
1
10
135.047661971245
20
7.40289857626533
30
0
41
1
10
134.990159003858
20
7.24530138828558
30
0
41
1
10
134.987897870248
20
7.23908813602119
30
0
0
SPLINE
5
199
100
AcDbEntity
8
1
62
256
6
ByLayer
370
18
48
1
60
0
100
AcDbSpline
70
4
71
3
72
17
73
13
40
0
40
0
40
0
40
0
40
0.0295588681041426
40
0.0735401813589759
40
0.161502807868642
40
0.337428060887975
40
0.513353313907308
40
0.689278566926641
40
0.865203819945974
40
0.95316644645564
40
0.997147759710474
40
1
40
1
40
1
40
1
41
1
10
134.987897870248
20
7.23908813602122
30
0
41
1
10
134.983263666447
20
7.2263540467415
30
0
41
1
10
134.971766688998
20
7.19459245730218
30
0
41
1
10
134.947240590576
20
7.12403671866323
30
0
41
1
10
134.903098082875
20
6.9888070428498
30
0
41
1
10
134.847784946984
20
6.79362747954201
30
0
41
1
10
134.793915203544
20
6.55696732310795
30
0
41
1
10
134.752622823085
20
6.31796863242721
30
0
41
1
10
134.728948257444
20
6.11814836081942
30
0
41
1
10
134.717829082773
20
5.97762563822246
30
0
41
1
10
134.714368510838
20
5.91636895292442
30
0
41
1
10
134.713244539957
20
5.89519151253344
30
0
41
1
10
134.713176357733
20
5.89390216187843
30
0
0
SPLINE
5
19A
100
AcDbEntity
8
1
62
256
6
ByLayer
370
18
48
1
60
0
100
AcDbSpline
70
4
71
3
72
25
73
21
40
0
40
0
40
0
40
0
40
0.0287693601145739
40
0.0441515964271635
40
0.151827250615291
40
0.274885141116008
40
0.521000922117442
40
0.644058812618158
40
0.705587757868517
40
0.767116703118875
40
0.77480782127517
40
0.782498939431465
40
0.79019005758776
40
0.794035616665907
40
0.797881175744054
40
0.805572293900349
40
0.813263412056644
40
0.828645648369234
40
0.890174593619592
40
1
40
1
40
1
40
1
41
1
10
134.713176357733
20
5.89390216187843
30
0
41
1
10
134.712193175608
20
5.87530983031252
30
0
41
1
10
134.710770295031
20
5.84690118375721
30
0
41
1
10
134.705815663071
20
5.74983533404412
30
0
41
1
10
134.697761469575
20
5.59247374005582
30
0
41
1
10
134.682089700686
20
5.2875560111469
30
0
41
1
10
134.665831129708
20
4.97280304169186
30
0
41
1
10
134.651592535282
20
4.69739324730952
30
0
41
1
10
134.64350461698
20
4.54001386661238
30
0
41
1
10
134.639114632819
20
4.45640970010462
30
0
41
1
10
134.636586064031
20
4.40722817041936
30
0
41
1
10
134.635846688548
20
4.3924733225322
30
0
41
1
10
134.635187186044
20
4.380180268711
30
0
41
1
10
134.634687992047
20
4.37034257827418
30
0
41
1
10
134.634386485175
20
4.36050361986966
30
0
41
1
10
134.6342336038
20
4.34820479317347
30
0
41
1
10
134.633977134637
20
4.32852664310946
30
0
41
1
10
134.633114499164
20
4.27441044067163
30
0
41
1
10
134.631345672167
20
4.15496412416078
30
0
41
1
10
134.63035956955
20
4.04538428133569
30
0
41
1
10
134.629937335055
20
3.97515983195106
30
0
0
SPLINE
5
19B
100
AcDbEntity
8
1
62
256
6
ByLayer
370
18
48
1
60
0
100
AcDbSpline
70
4
71
3
72
13
73
9
40
0
40
0
40
0
40
0
40
0.0057614727139833
40
0.0296295181346315
40
0.220573881499817
40
0.602462608230189
40
0.98435133496056
40
1
40
1
40
1
40
1
41
1
10
144.212024109123
20
2.90808111853318
30
0
41
1
10
144.212933322076
20
2.91055660705382
30
0
41
1
10
144.217450419828
20
2.92300667322354
30
0
41
1
10
144.248312692444
20
3.00730407318372
30
0
41
1
10
144.33461651311
20
3.24388511546621
30
0
41
1
10
144.470810623678
20
3.61666197837226
30
0
41
1
10
144.581607903646
20
3.91989835655633
30
0
41
1
10
144.63911183595
20
4.07749336201047
30
0
41
1
10
144.641372308195
20
4.08370459872319
30
0
0
SPLINE
5
19C
100
AcDbEntity
8
1
62
256
6
ByLayer
370
18
48
1
60
0
100
AcDbSpline
70
4
71
3
72
17
73
13
40
0
40
0
40
0
40
0
40
0.0295634678907794
40
0.0735446958500613
40
0.161507151768625
40
0.337432063605753
40
0.51335697544288
40
0.689281887280008
40
0.865206799117136
40
0.953169255035699
40
0.997150482994981
40
1
40
1
40
1
40
1
41
1
10
144.641372308195
20
4.08370459872319
30
0
41
1
10
144.646007383152
20
4.09644067535683
30
0
41
1
10
144.65750544485
20
4.12820424444601
30
0
41
1
10
144.682032746063
20
4.19876207394597
30
0
41
1
10
144.726175760073
20
4.33399223589149
30
0
41
1
10
144.781488530173
20
4.5291728444538
30
0
41
1
10
144.835357803145
20
4.76583343453026
30
0
41
1
10
144.876650133254
20
5.00483194609964
30
0
41
1
10
144.90032454237
20
5.20465218751659
30
0
41
1
10
144.911443591782
20
5.34517497299774
30
0
41
1
10
144.914904059405
20
5.40643035301261
30
0
41
1
10
144.916027956355
20
5.42760655878106
30
0
41
1
10
144.916096073312
20
5.42889468095157
30
0
0
SPLINE
5
19D
100
AcDbEntity
8
1
62
256
6
ByLayer
370
18
48
1
60
0
100
AcDbSpline
70
4
71
3
72
32
73
28
40
0
40
0
40
0
40
0
40
0.0201722500279436
40
0.030957120221128
40
0.106451211573418
40
0.192730173118893
40
0.365288096209843
40
0.451567057755318
40
0.494706538528055
40
0.537846019300793
40
0.543238454397385
40
0.548630889493977
40
0.554023324590569
40
0.556719542138865
40
0.559415759687161
40
0.564808194783754
40
0.570200629880346
40
0.58098550007353
40
0.624124980846268
40
0.710403942391742
40
0.796682903937217
40
0.882961865482692
40
0.969240827028167
40
0.980025697221351
40
0.990810567414536
40
0.996203002511128
40
1
40
1
40
1
40
1
41
1
10
144.916096073312
20
5.42889468095157
30
0
41
1
10
144.917079316082
20
5.44748824214028
30
0
41
1
10
144.918502237273
20
5.47589812084937
30
0
41
1
10
144.923456822801
20
5.57296535491673
30
0
41
1
10
144.931510623731
20
5.73032755106314
30
0
41
1
10
144.947181247555
20
6.03524702683563
30
0
41
1
10
144.963438762021
20
6.35000160211251
30
0
41
1
10
144.977677871042
20
6.62541059422244
30
0
41
1
10
144.985768592192
20
6.78278575020659
30
0
41
1
10
144.990156525917
20
6.8663931124855
30
0
41
1
10
144.992686509531
20
6.9155723499253
30
0
41
1
10
144.993426594511
20
6.93032611075608
30
0
41
1
10
144.994083878228
20
6.94262272867903
30
0
41
1
10
144.994584988965
20
6.95245730565972
30
0
41
1
10
144.994887500141
20
6.96229455224497
30
0
41
1
10
144.995039004149
20
6.97459546824251
30
0
41
1
10
144.995293562906
20
6.99427659409349
30
0
41
1
10
144.996155039433
20
7.04839449994716
30
0
41
1
10
144.998054463785
20
7.17629703757905
30
0
41
1
10
144.999733879683
20
7.37303381973135
30
0
41
1
10
145.000218740683
20
7.60905568732434
30
0
41
1
10
144.999121485276
20
7.84501517643267
30
0
41
1
10
144.997186991424
20
8.01210888698222
30
0
41
1
10
144.995668447411
20
8.11038463671275
30
0
41
1
10
144.995246530043
20
8.13501660684952
30
0
41
1
10
144.994996528814
20
8.15303949933198
30
0
41
1
10
144.994846887901
20
8.16161215105524
30
0
41
1
10
144.994766135454
20
8.16526392897347
30
0
0
SPLINE
5
19E
100
AcDbEntity
8
1
62
256
6
ByLayer
370
18
48
1
60
0
100
AcDbSpline
70
4
71
3
72
56
73
52
40
0
40
0
40
0
40
0
40
0.0100757694810839
40
0.0201515389621678
40
0.0403030779243355
40
0.0604546168865033
40
0.080606155848671
40
0.100757694810839
40
0.120909233773006
40
0.141060772735174
40
0.161212311697342
40
0.171288081178426
40
0.18136385065951
40
0.183882793029781
40
0.186401735400052
40
0.188920677770323
40
0.191439620140594
40
0.196477504881136
40
0.201515389621678
40
0.241818467546013
40
0.282121545470349
40
0.322424623394684
40
0.362727701319019
40
0.382879240281187
40
0.387917125021729
40
0.390436067392
40
0.392955009762271
40
0.394214480947407
40
0.395473952132542
40
0.397992894502813
40
0.400511836873084
40
0.403030779243355
40
0.423182318205523
40
0.443333857167691
40
0.483636935092026
40
0.564243090940697
40
0.604546168865033
40
0.639811362048826
40
0.644849246789368
40
0.654925016270452
40
0.665000785751536
40
0.685152324713704
40
0.725455402638039
40
0.765758480562375
40
0.80606155848671
40
0.846364636411046
40
0.866516175373213
40
0.876591944854297
40
0.886667714335381
40
0.967273870184052
40
1
40
1
40
1
40
1
41
1
10
144.189589994336
20
8.75583323697629
30
0
41
1
10
144.20777979156
20
8.75569902466643
30
0
41
1
10
144.242348407064
20
8.75394288331648
30
0
41
1
10
144.310708584301
20
8.74459562178157
30
0
41
1
10
144.393812921825
20
8.72228521234112
30
0
41
1
10
144.486940206172
20
8.67951619791808
30
0
41
1
10
144.571291078113
20
8.62230305746473
30
0
41
1
10
144.644687045924
20
8.55219818804537
30
0
41
1
10
144.705534222099
20
8.47118350347944
30
0
41
1
10
144.752238719132
20
8.3812409175865
30
0
41
1
10
144.778449838208
20
8.30095606510508
30
0
41
1
10
144.791313008111
20
8.23381579238259
30
0
41
1
10
144.795403060782
20
8.19586271383412
30
0
41
1
10
144.796749117259
20
8.17120214641344
30
0
41
1
10
144.79719841926
20
8.15827285837292
30
0
41
1
10
144.797476397844
20
8.1440172646831
30
0
41
1
10
144.797752221083
20
8.12420105734967
30
0
41
1
10
144.798169752902
20
8.09971375325497
30
0
41
1
10
144.800006546904
20
8.00243516160359
30
0
41
1
10
144.802710784707
20
7.83577754718456
30
0
41
1
10
144.804677968324
20
7.60104849773887
30
0
41
1
10
144.803699952287
20
7.36612367085456
30
0
41
1
10
144.800148136189
20
7.17034507893754
30
0
41
1
10
144.796655163414
20
7.04308724244439
30
0
41
1
10
144.794981810015
20
6.98924726491651
30
0
41
1
10
144.794352344689
20
6.96966908283366
30
0
41
1
10
144.793950265104
20
6.95743271656886
30
0
41
1
10
144.793623448224
20
6.9476436227105
30
0
41
1
10
144.793293210884
20
6.93785452849821
30
0
41
1
10
144.792874028997
20
6.92561816046373
30
0
41
1
10
144.792360884475
20
6.91093451965443
30
0
41
1
10
144.790616948827
20
6.8619890572721
30
0
41
1
10
144.787398632947
20
6.7787818568294
30
0
41
1
10
144.780625982813
20
6.62215362036014
30
0
41
1
10
144.767249889294
20
6.34803813509546
30
0
41
1
10
144.750088667987
20
6.03468810647641
30
0
41
1
10
144.734159622004
20
5.73108972653785
30
0
41
1
10
144.726078402613
20
5.57422678005369
30
0
41
1
10
144.721142001648
20
5.47659575181061
30
0
41
1
10
144.71869705513
20
5.42786922454513
30
0
41
1
10
144.714341767178
20
5.35072853283626
30
0
41
1
10
144.70371418075
20
5.21652399610352
30
0
41
1
10
144.681008464307
20
5.02482967401147
30
0
41
1
10
144.641494301508
20
4.79616020888218
30
0
41
1
10
144.589875488204
20
4.56941600343447
30
0
41
1
10
144.5369081455
20
4.38253483054643
30
0
41
1
10
144.494652919078
20
4.25310398679778
30
0
41
1
10
144.46908692129
20
4.17956324696419
30
0
41
1
10
144.401749495256
20
3.99500284612515
30
0
41
1
10
144.317658208243
20
3.76490603228507
30
0
41
1
10
144.240482882576
20
3.55356556625233
30
0
41
1
10
144.218253620188
20
3.49269312449456
30
0
0
SPLINE
5
19F
100
AcDbEntity
8
1
62
256
6
ByLayer
370
18
48
1
60
0
100
AcDbSpline
70
4
71
3
72
63
73
59
40
0
40
0
40
0
40
0
40
0.0164169230940927
40
0.025358587429601
40
0.027594003513478
40
0.0287117115554166
40
0.0298294195973551
40
0.0303882736183244
40
0.0309471276392936
40
0.0320648356812321
40
0.0331825437231707
40
0.0343002517651092
40
0.0432419161006175
40
0.0521835804361257
40
0.0700669091071422
40
0.105833566449175
40
0.123716895120192
40
0.139364807707331
40
0.141600223791208
40
0.146071055958962
40
0.150541888126716
40
0.159483552462225
40
0.177366881133241
40
0.195250209804258
40
0.213133538475274
40
0.231016867146291
40
0.239958531481799
40
0.244429363649553
40
0.248900195817307
40
0.28466685315934
40
0.320433510501373
40
0.33831683917239
40
0.340552255256267
40
0.341669963298205
40
0.342787671340144
40
0.345023087424021
40
0.347258503507898
40
0.356200167843406
40
0.365141832178914
40
0.371848080430546
40
0.374083496514423
40
0.378554328682177
40
0.383025160849931
40
0.384142868891869
40
0.385260576933808
40
0.386378284975747
40
0.387495993017685
40
0.389731409101562
40
0.391966825185439
40
0.427733482527472
40
0.570800111895604
40
0.713866741263736
40
0.856933370631868
40
0.928466685315934
40
0.964233342657967
40
0.982116671328984
40
0.997764583916123
40
1
40
1
40
1
40
1
41
1
10
134.826345894543
20
3.97594203616077
30
0
41
1
10
134.827229561235
20
4.04783102637901
30
0
41
1
10
134.829300402672
20
4.15887725325499
30
0
41
1
10
134.832616793358
20
4.27971411193809
30
0
41
1
10
134.834289997638
20
4.33355433090915
30
0
41
1
10
134.834919408442
20
4.3531326011373
30
0
41
1
10
134.835321453868
20
4.36536902257495
30
0
41
1
10
134.835648243395
20
4.37515816058317
30
0
41
1
10
134.835978453372
20
4.38494729894046
30
0
41
1
10
134.836397601055
20
4.3971837221234
30
0
41
1
10
134.836910704576
20
4.41186742898319
30
0
41
1
10
134.838654503868
20
4.46081311085678
30
0
41
1
10
134.841872591561
20
4.54402067733227
30
0
41
1
10
134.84864486088
20
4.70064952315912
30
0
41
1
10
134.862020511937
20
4.97476571904963
30
0
41
1
10
134.879182178742
20
5.28811507612926
30
0
41
1
10
134.895112385162
20
5.59171167905441
30
0
41
1
10
134.903194060002
20
5.74857393585989
30
0
41
1
10
134.908130591166
20
5.84620475424941
30
0
41
1
10
134.910575570967
20
5.894931221956
30
0
41
1
10
134.914930893559
20
5.97207186200168
30
0
41
1
10
134.925558598492
20
6.1062764436013
30
0
41
1
10
134.948264382973
20
6.29797085642693
30
0
41
1
10
134.987778766513
20
6.52664022373952
30
0
41
1
10
135.039397849972
20
6.75338393096408
30
0
41
1
10
135.092365384252
20
6.9402641935697
30
0
41
1
10
135.134620237155
20
7.06969462459651
30
0
41
1
10
135.16018574712
20
7.14323521637345
30
0
41
1
10
135.227521260913
20
7.32779624663254
30
0
41
1
10
135.344236318785
20
7.64716752471682
30
0
41
1
10
135.48142496891
20
8.02297091708127
30
0
41
1
10
135.565292090969
20
8.25237361356795
30
0
41
1
10
135.598793592536
20
8.34424926555508
30
0
41
1
10
135.604841137593
20
8.36069380049463
30
0
41
1
10
135.610753957684
20
8.37570026183511
30
0
41
1
10
135.619018233838
20
8.39392453402212
30
0
41
1
10
135.641463993589
20
8.43660805686807
30
0
41
1
10
135.684725780363
20
8.49564621600064
30
0
41
1
10
135.753259688211
20
8.55381952270841
30
0
41
1
10
135.810483539357
20
8.58503856836072
30
0
41
1
10
135.855599641282
20
8.6032023529458
30
0
41
1
10
135.894369218855
20
8.6149534963798
30
0
41
1
10
135.930400474618
20
8.62135322209656
30
0
41
1
10
135.953890648132
20
8.62379711197178
30
0
41
1
10
135.965909680808
20
8.6246722619978
30
0
41
1
10
135.979468381462
20
8.62525388345713
30
0
41
1
10
135.999100873558
20
8.62595481651309
30
0
41
1
10
136.024142880424
20
8.62694375873966
30
0
41
1
10
136.203685342394
20
8.63385907950851
30
0
41
1
10
137.011626683347
20
8.66385072704043
30
0
41
1
10
138.447945487623
20
8.7077059194522
30
0
41
1
10
140.362761518594
20
8.7457298786901
30
0
41
1
10
141.958019288307
20
8.76015785274635
30
0
41
1
10
143.07437519168
20
8.76106901770166
30
0
41
1
10
143.632452170278
20
8.75923261273468
30
0
41
1
10
143.941367056006
20
8.75754853969974
30
0
41
1
10
144.100790286433
20
8.75648202101314
30
0
41
1
10
144.180495095725
20
8.75590034313123
30
0
41
1
10
144.189589994336
20
8.75583323697629
30
0
0
LINE
5
79
100
AcDbEntity
8
4
62
256
6
ByLayer
370
18
48
0.05
60
0
100
AcDbLine
10
49
20
0
30
0
11
150
21
0
31
0
39
0
210
0
220
0
230
1
0
LINE
5
7B
100
AcDbEntity
8
81
62
256
6
ByLayer
370
18
48
1
60
0
100
AcDbLine
10
145
20
9
30
0
11
150
21
9
31
0
39
0
210
0
220
0
230
1
0
LINE
5
7C
100
AcDbEntity
8
SK4
62
256
6
ByLayer
370
18
48
0.05
60
0
100
AcDbLine
10
-5
20
0
30
0
11
150
21
0
31
0
39
0
210
0
220
0
230
1
0
LINE
5
7E
100
AcDbEntity
8
80
62
256
6
ByLayer
370
18
48
1
60
0
100
AcDbLine
10
0
20
0
30
0
11
-5
21
0
31
0
39
0
210
0
220
0
230
1
0
LINE
5
7F
100
AcDbEntity
8
1
62
256
6
ByLayer
370
18
48
1
60
0
100
AcDbLine
10
49
20
-7.99725
30
0
11
49
21
7.99725
31
0
39
0
210
0
220
0
230
1
0
LINE
5
80
100
AcDbEntity
8
1
62
256
6
ByLayer
370
13
48
1
60
0
100
AcDbLine
10
120.482999
20
-7.69725
30
0
11
120.482999
21
7.69725
31
0
39
0
210
0
220
0
230
1
0
LINE
5
81
100
AcDbEntity
8
1
62
256
6
ByLayer
370
13
48
1
60
0
100
AcDbLine
10
117.6245
20
-7.69725
30
0
11
117.6245
21
7.69725
31
0
39
0
210
0
220
0
230
1
0
LINE
5
82
100
AcDbEntity
8
1
62
256
6
ByLayer
370
18
48
1
60
0
100
AcDbLine
10
117
20
-7.99725
30
0
11
117
21
7.99725
31
0
39
0
210
0
220
0
230
1
0
LINE
5
83
100
AcDbEntity
8
1
62
256
6
ByLayer
370
13
48
1
60
0
100
AcDbLine
10
142.683866
20
-3.595281
30
0
11
142.683866
21
-4.010597
31
0
39
0
210
0
220
0
230
1
0
LINE
5
84
100
AcDbEntity
8
1
62
256
6
ByLayer
370
13
48
1
60
0
100
AcDbLine
10
120.516986
20
7.697972
30
0
11
120.516986
21
-7.697972
31
0
39
0
210
0
220
0
230
1
0
LINE
5
85
100
AcDbEntity
8
1
62
256
6
ByLayer
370
13
48
1
60
0
100
AcDbLine
10
131.457535
20
-7.603509
30
0
11
131.457535
21
4.340058
31
0
39
0
210
0
220
0
230
1
0
LINE
5
86
100
AcDbEntity
8
1
62
256
6
ByLayer
370
13
48
1
60
0
100
AcDbLine
10
131.542504
20
4.32506
30
0
11
131.542504
21
-7.613162
31
0
39
0
210
0
220
0
230
1
0
LINE
5
87
100
AcDbEntity
8
1
62
256
6
ByLayer
370
13
48
1
60
0
100
AcDbLine
10
134.850348
20
-7.875702
30
0
11
134.850348
21
3.964453
31
0
39
0
210
0
220
0
230
1
0
LINE
5
88
100
AcDbEntity
8
1
62
256
6
ByLayer
370
13
48
1
60
0
100
AcDbLine
10
135.147986
20
3.960374
30
0
11
135.147986
21
-7.86271
31
0
39
0
210
0
220
0
230
1
0
LINE
5
89
100
AcDbEntity
8
1
62
256
6
ByLayer
370
13
48
1
60
0
100
AcDbLine
10
137.780789
20
-7.031754
30
0
11
137.780789
21
4.048087
31
0
39
0
210
0
220
0
230
1
0
LINE
5
8A
100
AcDbEntity
8
1
62
256
6
ByLayer
370
13
48
1
60
0
100
AcDbLine
10
141.258428
20
-5.679066
30
0
11
141.258428
21
-7.534325
31
0
39
0
210
0
220
0
230
1
0
LINE
5
8B
100
AcDbEntity
8
1
62
256
6
ByLayer
370
13
48
1
60
0
100
AcDbLine
10
143.691584
20
-7.627555
30
0
11
143.691584
21
3.949704
31
0
39
0
210
0
220
0
230
1
0
LINE
5
8C
100
AcDbEntity
8
1
62
256
6
ByLayer
370
13
48
1
60
0
100
AcDbLine
10
138.077539
20
4.051769
30
0
11
138.077539
21
-7.189817
31
0
39
0
210
0
220
0
230
1
0
LINE
5
8D
100
AcDbEntity
8
1
62
256
6
ByLayer
370
13
48
1
60
0
100
AcDbLine
10
141.215732
20
-7.532024
30
0
11
141.215732
21
-5.686485
31
0
39
0
210
0
220
0
230
1
0
LINE
5
8E
100
AcDbEntity
8
1
62
256
6
ByLayer
370
13
48
1
60
0
100
AcDbLine
10
141.215732
20
-1.539378
30
0
11
141.215732
21
4.013931
31
0
39
0
210
0
220
0
230
1
0
LINE
5
8F
100
AcDbEntity
8
1
62
256
6
ByLayer
370
13
48
1
60
0
100
AcDbLine
10
141.258428
20
4.013117
30
0
11
141.258428
21
-1.541925
31
0
39
0
210
0
220
0
230
1
0
LINE
5
90
100
AcDbEntity
8
1
62
256
6
ByLayer
370
13
48
1
60
0
100
AcDbLine
10
142.683866
20
-3.595281
30
0
11
142.740341
21
-3.509446
31
0
39
0
210
0
220
0
230
1
0
LINE
5
91
100
AcDbEntity
8
1
62
256
6
ByLayer
370
18
48
1
60
0
100
AcDbLine
10
139.300718
20
5.993045
30
0
11
139.283451
21
6.001822
31
0
39
0
210
0
220
0
230
1
0
LINE
5
92
100
AcDbEntity
8
1
62
256
6
ByLayer
370
18
48
1
60
0
100
AcDbLine
10
139.79765
20
6.313161
30
0
11
139.797331
21
6.293737
31
0
39
0
210
0
220
0
230
1
0
LINE
5
93
100
AcDbEntity
8
1
62
256
6
ByLayer
370
13
48
1
60
0
100
AcDbLine
10
139.087523
20
6.317074
30
0
11
139.300718
21
5.993045
31
0
39
0
210
0
220
0
230
1
0
LINE
5
94
100
AcDbEntity
8
1
62
256
6
ByLayer
370
13
48
1
60
0
100
AcDbLine
10
139.584136
20
6.617766
30
0
11
139.797331
21
6.293737
31
0
39
0
210
0
220
0
230
1
0
LINE
5
95
100
AcDbEntity
8
1
62
256
6
ByLayer
370
18
48
1
60
0
100
AcDbLine
10
139.06852
20
6.32849
30
0
11
139.283451
21
6.001822
31
0
39
0
210
0
220
0
230
1
0
LINE
5
96
100
AcDbEntity
8
1
62
256
6
ByLayer
370
18
48
1
60
0
100
AcDbLine
10
139.582718
20
6.639829
30
0
11
139.79765
21
6.313161
31
0
39
0
210
0
220
0
230
1
0
LINE
5
97
100
AcDbEntity
8
1
62
256
6
ByLayer
370
18
48
1
60
0
100
AcDbLine
10
139.005579
20
4.91593
30
0
11
138.988631
21
4.905307
31
0
39
0
210
0
220
0
230
1
0
LINE
5
98
100
AcDbEntity
8
1
62
256
6
ByLayer
370
13
48
1
60
0
100
AcDbLine
10
138.792384
20
5.239959
30
0
11
139.005579
21
4.91593
31
0
39
0
210
0
220
0
230
1
0
LINE
5
99
100
AcDbEntity
8
1
62
256
6
ByLayer
370
13
48
1
60
0
100
AcDbLine
10
140.671027
20
6.377448
30
0
11
140.884223
21
6.053419
31
0
39
0
210
0
220
0
230
1
0
LINE
5
9A
100
AcDbEntity
8
1
62
256
6
ByLayer
370
18
48
1
60
0
100
AcDbLine
10
140.901489
20
6.063513
30
0
11
140.884223
21
6.053419
31
0
39
0
210
0
220
0
230
1
0
LINE
5
9B
100
AcDbEntity
8
1
62
256
6
ByLayer
370
18
48
1
60
0
100
AcDbLine
10
138.773699
20
5.231975
30
0
11
138.988631
21
4.905307
31
0
39
0
210
0
220
0
230
1
0
LINE
5
9C
100
AcDbEntity
8
1
62
256
6
ByLayer
370
18
48
1
60
0
100
AcDbLine
10
140.686557
20
6.390181
30
0
11
140.901489
21
6.063513
31
0
39
0
210
0
220
0
230
1
0
LINE
5
9D
100
AcDbEntity
8
1
62
256
6
ByLayer
370
13
48
1
60
0
100
AcDbLine
10
139.584136
20
4.48604
30
0
11
139.667819
21
4.358854
31
0
39
0
210
0
220
0
230
1
0
LINE
5
9E
100
AcDbEntity
8
1
62
256
6
ByLayer
370
13
48
1
60
0
100
AcDbLine
10
140.966166
20
5.322838
30
0
11
141.038116
21
5.213483
31
0
39
0
210
0
220
0
230
1
0
LINE
5
9F
100
AcDbEntity
8
1
62
256
6
ByLayer
370
18
48
1
60
0
100
AcDbLine
10
139.582718
20
4.46928
30
0
11
139.650489
21
4.366277
31
0
39
0
210
0
220
0
230
1
0
LINE
5
A0
100
AcDbEntity
8
1
62
256
6
ByLayer
370
18
48
1
60
0
100
AcDbLine
10
140.981378
20
5.316147
30
0
11
141.038338
21
5.229575
31
0
39
0
210
0
220
0
230
1
0
LINE
5
A1
100
AcDbEntity
8
1
62
256
6
ByLayer
370
18
48
1
60
0
100
AcDbLine
10
138.170242
20
-7.360665
30
0
11
141.025809
21
-7.616602
31
0
39
0
210
0
220
0
230
1
0
LINE
5
A2
100
AcDbEntity
8
SK1
62
256
6
ByLayer
370
18
48
1
60
0
100
AcDbLine
10
0
20
6.99725
30
0
11
0
21
-6.99725
31
0
39
0
210
0
220
0
230
1
0
LINE
5
A4
100
AcDbEntity
8
SK1
62
256
6
ByLayer
370
18
48
1
60
0
100
AcDbLine
10
49
20
-7.99725
30
0
11
49
21
7.99725
31
0
39
0
210
0
220
0
230
1
0
LINE
5
A5
100
AcDbEntity
8
SK1
62
256
6
ByLayer
370
18
48
1
60
0
100
AcDbLine
10
1
20
7.99725
30
0
11
1
21
-7.99725
31
0
39
0
210
0
220
0
230
1
0
LINE
5
A6
100
AcDbEntity
8
1
62
256
6
ByLayer
370
18
48
1
60
0
100
AcDbLine
10
49
20
-7.99725
30
0
11
117
21
-7.99725
31
0
39
0
210
0
220
0
230
1
0
LINE
5
A7
100
AcDbEntity
8
1
62
256
6
ByLayer
370
18
48
1
60
0
100
AcDbLine
10
117
20
7.99725
30
0
11
49
21
7.99725
31
0
39
0
210
0
220
0
230
1
0
LINE
5
A8
100
AcDbEntity
8
1
62
256
6
ByLayer
370
18
48
1
60
0
100
AcDbLine
10
120.482999
20
7.69725
30
0
11
117.6245
21
7.69725
31
0
39
0
210
0
220
0
230
1
0
LINE
5
A9
100
AcDbEntity
8
1
62
256
6
ByLayer
370
18
48
1
60
0
100
AcDbLine
10
117.6245
20
-7.69725
30
0
11
120.482999
21
-7.69725
31
0
39
0
210
0
220
0
230
1
0
LINE
5
AA
100
AcDbEntity
8
1
62
256
6
ByLayer
370
18
48
1
60
0
100
AcDbLine
10
120.516986
20
-7.697972
30
0
11
122.562947
21
-7.784972
31
0
39
0
210
0
220
0
230
1
0
LINE
5
AB
100
AcDbEntity
8
1
62
256
6
ByLayer
370
18
48
1
60
0
100
AcDbLine
10
122.562947
20
7.784972
30
0
11
120.516986
21
7.697972
31
0
39
0
210
0
220
0
230
1
0
LINE
5
AC
100
AcDbEntity
8
1
62
256
6
ByLayer
370
18
48
1
60
0
100
AcDbLine
10
144.218345
20
-7.150495
30
0
11
144.218345
21
3.765625
31
0
39
0
210
0
220
0
230
1
0
LINE
5
AD
100
AcDbEntity
8
1
62
256
6
ByLayer
370
18
48
1
60
0
100
AcDbLine
10
139.053751
20
5.431823
30
0
11
138.845882
21
5.747757
31
0
39
0
210
0
220
0
230
1
0
LINE
5
AE
100
AcDbEntity
8
1
62
256
6
ByLayer
370
18
48
1
60
0
100
AcDbLine
10
140.210384
20
6.548873
30
0
11
140.417045
21
6.234774
31
0
39
0
210
0
220
0
230
1
0
LINE
5
AF
100
AcDbEntity
8
1
62
256
6
ByLayer
370
18
48
1
60
0
100
AcDbLine
10
139.697863
20
4.349919
30
0
11
139.561264
21
4.557532
31
0
39
0
210
0
220
0
230
1
0
LINE
5
B0
100
AcDbEntity
8
1
62
256
6
ByLayer
370
18
48
1
60
0
100
AcDbLine
10
140.92332
20
5.362365
30
0
11
141.037759
21
5.188433
31
0
39
0
210
0
220
0
230
1
0
LINE
5
B1
100
AcDbEntity
8
1
62
256
6
ByLayer
370
18
48
1
60
0
100
AcDbLine
10
141.869173
20
5.909837
30
0
11
141.747575
21
6.259896
31
0
39
0
210
0
220
0
230
1
0
LINE
5
B2
100
AcDbEntity
8
1
62
256
6
ByLayer
370
18
48
1
60
0
100
AcDbLine
10
138.500005
20
4.123154
30
0
11
138.584671
21
4.045655
31
0
39
0
210
0
220
0
230
1
0
LINE
5
B3
100
AcDbEntity
8
SK1
62
256
6
ByLayer
370
18
48
1
60
0
100
AcDbLine
10
0
20
-6.99725
30
0
11
1
21
-7.99725
31
0
39
0
210
0
220
0
230
1
0
LINE
5
B4
100
AcDbEntity
8
SK1
62
256
6
ByLayer
370
18
48
1
60
0
100
AcDbLine
10
1
20
7.99725
30
0
11
0
21
6.99725
31
0
39
0
210
0
220
0
230
1
0
LINE
5
B5
100
AcDbEntity
8
SK1
62
256
6
ByLayer
370
18
48
1
60
0
100
AcDbLine
10
1
20
-7.99725
30
0
11
49
21
-7.99725
31
0
39
0
210
0
220
0
230
1
0
LINE
5
B6
100
AcDbEntity
8
SK1
62
256
6
ByLayer
370
18
48
1
60
0
100
AcDbLine
10
49
20
7.99725
30
0
11
1
21
7.99725
31
0
39
0
210
0
220
0
230
1
0
LINE
5
B7
100
AcDbEntity
8
SK2
62
256
6
ByLayer
370
18
48
1
60
0
100
AcDbLine
10
145
20
31.25
30
0
11
0
21
31.25
31
0
39
0
210
0
220
0
230
1
0
LINE
5
B9
100
AcDbEntity
8
SK2
62
256
6
ByLayer
370
18
48
1
60
0
100
AcDbLine
10
0
20
8.58475
30
0
11
0
21
33.25
31
0
39
0
210
0
220
0
230
1
0
LINE
5
BA
100
AcDbEntity
8
SK2
62
256
6
ByLayer
370
18
48
1
60
0
100
AcDbLine
10
145
20
10.5875
30
0
11
145
21
33.25
31
0
39
0
210
0
220
0
230
1
0
LINE
5
BB
100
AcDbEntity
8
1
62
256
6
ByLayer
370
18
48
1
60
1
100
AcDbLine
10
0
20
31.25
30
0
11
3.499998
21
31.710784
31
0
39
0
210
0
220
0
230
1
0
LINE
5
BC
100
AcDbEntity
8
1
62
256
6
ByLayer
370
18
48
1
60
1
100
AcDbLine
10
3.499998
20
31.710784
30
0
11
3.500002
21
30.789216
31
0
39
0
210
0
220
0
230
1
0
LINE
5
BD
100
AcDbEntity
8
1
62
256
6
ByLayer
370
18
48
1
60
1
100
AcDbLine
10
3.500002
20
30.789216
30
0
11
0
21
31.25
31
0
39
0
210
0
220
0
230
1
0
LINE
5
BE
100
AcDbEntity
8
1
62
256
6
ByLayer
370
18
48
1
60
1
100
AcDbLine
10
145
20
31.25
30
0
11
141.500002
21
30.789216
31
0
39
0
210
0
220
0
230
1
0
LINE
5
BF
100
AcDbEntity
8
1
62
256
6
ByLayer
370
18
48
1
60
1
100
AcDbLine
10
141.500002
20
30.789216
30
0
11
141.499998
21
31.710784
31
0
39
0
210
0
220
0
230
1
0
LINE
5
C0
100
AcDbEntity
8
1
62
256
6
ByLayer
370
18
48
1
60
1
100
AcDbLine
10
141.499998
20
31.710784
30
0
11
145
21
31.25
31
0
39
0
210
0
220
0
230
1
0
LINE
5
C1
100
AcDbEntity
8
2
62
256
6
ByLayer
370
13
48
1
60
0
100
AcDbLine
10
154.428268
20
9
30
0
11
154.428268
21
-9
31
0
39
0
210
0
220
0
230
1
0
LINE
5
C3
100
AcDbEntity
8
2
62
256
6
ByLayer
370
13
48
1
60
0
100
AcDbLine
10
146.5875
20
-9
30
0
11
156.428268
21
-9
31
0
39
0
210
0
220
0
230
1
0
LINE
5
C4
100
AcDbEntity
8
2
62
256
6
ByLayer
370
13
48
1
60
0
100
AcDbLine
10
146.5875
20
9
30
0
11
156.428268
21
9
31
0
39
0
210
0
220
0
230
1
0
LINE
5
C5
100
AcDbEntity
8
1
62
256
6
ByLayer
370
18
48
1
60
1
100
AcDbLine
10
154.428268
20
-9
30
0
11
153.967485
21
-5.500002
31
0
39
0
210
0
220
0
230
1
0
LINE
5
C6
100
AcDbEntity
8
1
62
256
6
ByLayer
370
18
48
1
60
1
100
AcDbLine
10
153.967485
20
-5.500002
30
0
11
154.889052
21
-5.499998
31
0
39
0
210
0
220
0
230
1
0
LINE
5
C7
100
AcDbEntity
8
1
62
256
6
ByLayer
370
18
48
1
60
1
100
AcDbLine
10
154.889052
20
-5.499998
30
0
11
154.428268
21
-9
31
0
39
0
210
0
220
0
230
1
0
LINE
5
C8
100
AcDbEntity
8
1
62
256
6
ByLayer
370
18
48
1
60
1
100
AcDbLine
10
154.428268
20
9
30
0
11
154.889052
21
5.500002
31
0
39
0
210
0
220
0
230
1
0
LINE
5
C9
100
AcDbEntity
8
1
62
256
6
ByLayer
370
18
48
1
60
1
100
AcDbLine
10
154.889052
20
5.500002
30
0
11
153.967485
21
5.499998
31
0
39
0
210
0
220
0
230
1
0
LINE
5
CA
100
AcDbEntity
8
1
62
256
6
ByLayer
370
18
48
1
60
1
100
AcDbLine
10
153.967485
20
5.499998
30
0
11
154.428268
21
9
31
0
39
0
210
0
220
0
230
1
0
LINE
5
CB
100
AcDbEntity
8
SK2
62
256
6
ByLayer
370
18
48
1
60
0
100
AcDbLine
10
-16.6
20
7.99725
30
0
11
-16.6
21
-7.99725
31
0
39
0
210
0
220
0
230
1
0
LINE
5
CC
100
AcDbEntity
8
SK2
62
256
6
ByLayer
370
18
48
1
60
0
100
AcDbLine
10
-0.5875
20
-7.99725
30
0
11
-18.6
21
-7.99725
31
0
39
0
210
0
220
0
230
1
0
LINE
5
CD
100
AcDbEntity
8
SK2
62
256
6
ByLayer
370
18
48
1
60
0
100
AcDbLine
10
-0.5875
20
7.99725
30
0
11
-18.6
21
7.99725
31
0
39
0
210
0
220
0
230
1
0
LINE
5
CE
100
AcDbEntity
8
1
62
256
6
ByLayer
370
18
48
1
60
1
100
AcDbLine
10
-16.6
20
-7.99725
30
0
11
-17.060784
21
-4.497252
31
0
39
0
210
0
220
0
230
1
0
LINE
5
CF
100
AcDbEntity
8
1
62
256
6
ByLayer
370
18
48
1
60
1
100
AcDbLine
10
-17.060784
20
-4.497252
30
0
11
-16.139216
21
-4.497248
31
0
39
0
210
0
220
0
230
1
0
LINE
5
D0
100
AcDbEntity
8
1
62
256
6
ByLayer
370
18
48
1
60
1
100
AcDbLine
10
-16.139216
20
-4.497248
30
0
11
-16.6
21
-7.99725
31
0
39
0
210
0
220
0
230
1
0
LINE
5
D1
100
AcDbEntity
8
1
62
256
6
ByLayer
370
18
48
1
60
1
100
AcDbLine
10
-16.6
20
7.99725
30
0
11
-16.139216
21
4.497252
31
0
39
0
210
0
220
0
230
1
0
LINE
5
D2
100
AcDbEntity
8
1
62
256
6
ByLayer
370
18
48
1
60
1
100
AcDbLine
10
-16.139216
20
4.497252
30
0
11
-17.060784
21
4.497248
31
0
39
0
210
0
220
0
230
1
0
LINE
5
D3
100
AcDbEntity
8
1
62
256
6
ByLayer
370
18
48
1
60
1
100
AcDbLine
10
-17.060784
20
4.497248
30
0
11
-16.6
21
7.99725
31
0
39
0
210
0
220
0
230
1
0
LINE
5
1A3
100
AcDbEntity
8
1
62
256
6
ByLayer
370
18
48
1
60
1
100
AcDbLine
10
0
20
31.25
30
0
11
3.499998
21
31.710784
31
0
39
0
210
0
220
0
230
1
0
LINE
5
1A4
100
AcDbEntity
8
1
62
256
6
ByLayer
370
18
48
1
60
1
100
AcDbLine
10
3.499998
20
31.710784
30
0
11
3.500002
21
30.789216
31
0
39
0
210
0
220
0
230
1
0
LINE
5
1A5
100
AcDbEntity
8
1
62
256
6
ByLayer
370
18
48
1
60
1
100
AcDbLine
10
3.500002
20
30.789216
30
0
11
0
21
31.25
31
0
39
0
210
0
220
0
230
1
0
LINE
5
1A7
100
AcDbEntity
8
1
62
256
6
ByLayer
370
18
48
1
60
1
100
AcDbLine
10
145
20
31.25
30
0
11
141.500002
21
30.789216
31
0
39
0
210
0
220
0
230
1
0
LINE
5
1A8
100
AcDbEntity
8
1
62
256
6
ByLayer
370
18
48
1
60
1
100
AcDbLine
10
141.500002
20
30.789216
30
0
11
141.499998
21
31.710784
31
0
39
0
210
0
220
0
230
1
0
LINE
5
1A9
100
AcDbEntity
8
1
62
256
6
ByLayer
370
18
48
1
60
1
100
AcDbLine
10
141.499998
20
31.710784
30
0
11
145
21
31.25
31
0
39
0
210
0
220
0
230
1
0
LINE
5
1AD
100
AcDbEntity
8
1
62
256
6
ByLayer
370
18
48
1
60
1
100
AcDbLine
10
154.428268
20
-9
30
0
11
153.967485
21
-5.500002
31
0
39
0
210
0
220
0
230
1
0
LINE
5
1AE
100
AcDbEntity
8
1
62
256
6
ByLayer
370
18
48
1
60
1
100
AcDbLine
10
153.967485
20
-5.500002
30
0
11
154.889052
21
-5.499998
31
0
39
0
210
0
220
0
230
1
0
LINE
5
1AF
100
AcDbEntity
8
1
62
256
6
ByLayer
370
18
48
1
60
1
100
AcDbLine
10
154.889052
20
-5.499998
30
0
11
154.428268
21
-9
31
0
39
0
210
0
220
0
230
1
0
LINE
5
1B1
100
AcDbEntity
8
1
62
256
6
ByLayer
370
18
48
1
60
1
100
AcDbLine
10
154.428268
20
9
30
0
11
154.889052
21
5.500002
31
0
39
0
210
0
220
0
230
1
0
LINE
5
1B2
100
AcDbEntity
8
1
62
256
6
ByLayer
370
18
48
1
60
1
100
AcDbLine
10
154.889052
20
5.500002
30
0
11
153.967485
21
5.499998
31
0
39
0
210
0
220
0
230
1
0
LINE
5
1B3
100
AcDbEntity
8
1
62
256
6
ByLayer
370
18
48
1
60
1
100
AcDbLine
10
153.967485
20
5.499998
30
0
11
154.428268
21
9
31
0
39
0
210
0
220
0
230
1
0
LINE
5
1B7
100
AcDbEntity
8
1
62
256
6
ByLayer
370
18
48
1
60
1
100
AcDbLine
10
-16.6
20
-7.99725
30
0
11
-17.060784
21
-4.497252
31
0
39
0
210
0
220
0
230
1
0
LINE
5
1B8
100
AcDbEntity
8
1
62
256
6
ByLayer
370
18
48
1
60
1
100
AcDbLine
10
-17.060784
20
-4.497252
30
0
11
-16.139216
21
-4.497248
31
0
39
0
210
0
220
0
230
1
0
LINE
5
1B9
100
AcDbEntity
8
1
62
256
6
ByLayer
370
18
48
1
60
1
100
AcDbLine
10
-16.139216
20
-4.497248
30
0
11
-16.6
21
-7.99725
31
0
39
0
210
0
220
0
230
1
0
LINE
5
1BB
100
AcDbEntity
8
1
62
256
6
ByLayer
370
18
48
1
60
1
100
AcDbLine
10
-16.6
20
7.99725
30
0
11
-16.139216
21
4.497252
31
0
39
0
210
0
220
0
230
1
0
LINE
5
1BC
100
AcDbEntity
8
1
62
256
6
ByLayer
370
18
48
1
60
1
100
AcDbLine
10
-16.139216
20
4.497252
30
0
11
-17.060784
21
4.497248
31
0
39
0
210
0
220
0
230
1
0
LINE
5
1BD
100
AcDbEntity
8
1
62
256
6
ByLayer
370
18
48
1
60
1
100
AcDbLine
10
-17.060784
20
4.497248
30
0
11
-16.6
21
7.99725
31
0
39
0
210
0
220
0
230
1
0
MTEXT
5
1A0
100
AcDbEntity
8
SK2
62
256
6
ByLayer
370
18
48
1
60
0
100
AcDbMText
10
69.540467
20
32.282634
30
0
210
0
220
0
230
1
1
\W0.6620;145
40
3.5
41
0
44
1.084337
50
0
71
7
72
5
7
iso_b_vert
0
MTEXT
5
1AB
100
AcDbEntity
8
2
62
256
6
ByLayer
370
18
48
1
60
0
100
AcDbMText
10
152.863635
20
-4.093189
30
0
210
0
220
0
230
1
1
%%c
40
3.5
41
0
44
1.084337
50
90
71
7
72
5
7
iso_b_vert
0
MTEXT
5
1AC
100
AcDbEntity
8
2
62
256
6
ByLayer
370
18
48
1
60
0
100
AcDbMText
10
152.863635
20
2.879467
30
0
210
0
220
0
230
1
1
\W0.5321;18
40
3.5
41
0
44
1.084337
50
90
71
7
72
5
7
iso_b_vert
0
MTEXT
5
1B5
100
AcDbEntity
8
SK2
62
256
6
ByLayer
370
18
48
1
60
0
100
AcDbMText
10
-18.164634
20
-4.093189
30
0
210
0
220
0
230
1
1
%%c
40
3.5
41
0
44
1.084337
50
90
71
7
72
5
7
iso_b_vert
0
MTEXT
5
1B6
100
AcDbEntity
8
SK2
62
256
6
ByLayer
370
18
48
1
60
0
100
AcDbMText
10
-18.164634
20
2.879467
30
0
210
0
220
0
230
1
1
\W0.5321;16
40
3.5
41
0
44
1.084337
50
90
71
7
72
5
7
iso_b_vert
0
MTEXT
5
1BF
100
AcDbEntity
8
SK6
62
256
6
ByLayer
370
18
48
1
60
0
100
AcDbMText
10
51.303938
20
-35.217366
30
0
210
0
220
0
230
1
1
\W0.7421;MS20-R018A16L-10L
40
3.5
41
0
44
1.084337
50
0
71
7
72
5
7
iso_b_vert
0
HATCH
5
1A6
100
AcDbEntity
8
SK2
62
256
6
ByLayer
370
13
48
1
60
0
100
AcDbHatch
10
0
20
0
30
0
210
0
220
0
230
1
2
ANSI31
70
0
71
0
91
1
92
5
93
3
72
1
10
-2.84E-14
20
31.2499999999995
11
3.49999830744679
21
31.7107837415522
72
1
10
3.49999830744679
20
31.7107837415522
11
3.50000169255316
21
30.7892162584467
72
1
10
3.50000169255316
20
30.7892162584467
11
-2.84E-14
21
31.2499999999995
97
0
75
0
76
1
52
0
41
0.0062
77
0
78
1
53
45
43
0
44
0
45
-0.0139193969876572
46
0.0139193969876572
79
0
47
0
98
1
10
0
20
0
0
HATCH
5
1AA
100
AcDbEntity
8
SK2
62
256
6
ByLayer
370
13
48
1
60
0
100
AcDbHatch
10
0
20
0
30
0
210
0
220
0
230
1
2
ANSI31
70
0
71
0
91
1
92
5
93
3
72
1
10
145
20
31.2499999999995
11
141.500001692553
21
30.7892162584467
72
1
10
141.500001692553
20
30.7892162584467
11
141.499998307447
21
31.7107837415522
72
1
10
141.499998307447
20
31.7107837415522
11
145
21
31.2499999999995
97
0
75
0
76
1
52
0
41
0.0062
77
0
78
1
53
45
43
0
44
0
45
-0.0139193969876572
46
0.0139193969876572
79
0
47
0
98
1
10
0
20
0
0
HATCH
5
1B0
100
AcDbEntity
8
2
62
256
6
ByLayer
370
13
48
1
60
0
100
AcDbHatch
10
0
20
0
30
0
210
0
220
0
230
1
2
ANSI31
70
0
71
0
91
1
92
5
93
3
72
1
10
154.428268350622
20
-9.00000000000054
11
153.967484609069
21
-5.50000169255372
72
1
10
153.967484609069
20
-5.50000169255372
11
154.889052092175
21
-5.49999830744736
72
1
10
154.889052092175
20
-5.49999830744736
11
154.428268350622
21
-9.00000000000054
97
0
75
0
76
1
52
0
41
0.0062
77
0
78
1
53
45
43
0
44
0
45
-0.0139193969876572
46
0.0139193969876572
79
0
47
0
98
1
10
0
20
0
0
HATCH
5
1B4
100
AcDbEntity
8
2
62
256
6
ByLayer
370
13
48
1
60
0
100
AcDbHatch
10
0
20
0
30
0
210
0
220
0
230
1
2
ANSI31
70
0
71
0
91
1
92
5
93
3
72
1
10
154.428268350622
20
8.99999999999946
11
154.889052092175
21
5.50000169255264
72
1
10
154.889052092175
20
5.50000169255264
11
153.967484609069
21
5.49999830744628
72
1
10
153.967484609069
20
5.49999830744628
11
154.428268350622
21
8.99999999999946
97
0
75
0
76
1
52
0
41
0.0062
77
0
78
1
53
45
43
0
44
0
45
-0.0139193969876572
46
0.0139193969876572
79
0
47
0
98
1
10
0
20
0
0
HATCH
5
1BA
100
AcDbEntity
8
SK2
62
256
6
ByLayer
370
13
48
1
60
0
100
AcDbHatch
10
0
20
0
30
0
210
0
220
0
230
1
2
ANSI31
70
0
71
0
91
1
92
5
93
3
72
1
10
-16.6000000000001
20
-7.99725000000044
11
-17.0607837415528
21
-4.49725169255362
72
1
10
-17.0607837415528
20
-4.49725169255362
11
-16.1392162584473
21
-4.49724830744725
72
1
10
-16.1392162584473
20
-4.49724830744725
11
-16.6000000000001
21
-7.99725000000044
97
0
75
0
76
1
52
0
41
0.0062
77
0
78
1
53
45
43
0
44
0
45
-0.0139193969876572
46
0.0139193969876572
79
0
47
0
98
1
10
0
20
0
0
HATCH
5
1BE
100
AcDbEntity
8
SK2
62
256
6
ByLayer
370
13
48
1
60
0
100
AcDbHatch
10
0
20
0
30
0
210
0
220
0
230
1
2
ANSI31
70
0
71
0
91
1
92
5
93
3
72
1
10
-16.6000000000001
20
7.99724999999955
11
-16.1392162584473
21
4.49725169255274
72
1
10
-16.1392162584473
20
4.49725169255274
11
-17.0607837415528
21
4.49724830744637
72
1
10
-17.0607837415528
20
4.49724830744637
11
-16.6000000000001
21
7.99724999999955
97
0
75
0
76
1
52
0
41
0.0062
77
0
78
1
53
45
43
0
44
0
45
-0.0139193969876572
46
0.0139193969876572
79
0
47
0
98
1
10
0
20
0
0
DIMENSION
5
1C2
100
AcDbEntity
8
2
62
256
6
ByLayer
370
18
48
1
60
0
100
AcDbDimension
2
_U0
10
136
20
21.25
30
0
11
140.5
21
21.25
31
0
70
32
71
1
72
1
41
1
210
0
220
0
230
1
3
Standard
100
AcDbAlignedDimension
13
145
23
9
33
0
14
136
24
9
34
0
50
0
100
AcDbRotatedDimension
1001
ACAD
1000
DSTYLE
1002
{
1070
   371
1070
    13
1070
   372
1070
    13
1070
   170
1070
     0
1070
   144
1040
1.0
1070
   277
1070
     2
1070
   284
1070
     8
1070
   278
1070
    46
1070
   146
1040
1.0
1070
   345
1005
16
1070
   347
1005
16
1070
   346
1005
16
1070
   344
1005
0
1070
   343
1005
0
1070
   172
1070
     1
1070
    76
1070
     0
1070
    75
1070
     0
1070
   282
1070
     0
1070
   281
1070
     0
1070
    71
1070
     0
1070
    74
1070
     0
1070
   279
1070
     0
1070
   173
1070
     1
1070
   340
1005
1A1
1070
   271
1070
     2
1070
   272
1070
     2
1070
    77
1070
     1
1070
    73
1070
     1
1070
   171
1070
     3
1070
   274
1070
     4
1070
   177
1070
     2
1070
   176
1070
     2
1070
   178
1070
     2
1070
    78
1070
     8
1070
    48
1040
-0.1
1070
    41
1040
3.5
1070
   147
1040
1.75
1070
    42
1040
1.5875
1070
    44
1040
2.0
1070
   140
1040
3.5
1002
}
1001
ACAD_DSTYLE_DIM_LINETYPE
1070
   380
1005
16
1001
ACAD_DSTYLE_DIM_EXT1_LINETYPE
1070
   381
1005
16
1001
ACAD_DSTYLE_DIM_EXT2_LINETYPE
1070
   382
1005
16
0
DIMENSION
5
1DC
100
AcDbEntity
8
SK2
62
256
6
ByLayer
370
18
48
1
60
0
100
AcDbDimension
2
_U1
10
49
20
-24.75
30
0
11
97
21
-24.75
31
0
70
32
71
1
72
1
41
1
210
0
220
0
230
1
3
Standard
100
AcDbAlignedDimension
13
145
23
-9
33
0
14
49
24
-7.99725
34
0
50
0
100
AcDbRotatedDimension
1001
ACAD
1000
DSTYLE
1002
{
1070
   371
1070
    13
1070
   372
1070
    13
1070
   170
1070
     0
1070
   144
1040
1.0
1070
   277
1070
     2
1070
   284
1070
     8
1070
   278
1070
    46
1070
   146
1040
1.0
1070
   345
1005
16
1070
   347
1005
16
1070
   346
1005
16
1070
   344
1005
0
1070
   343
1005
0
1070
   172
1070
     1
1070
    76
1070
     0
1070
    75
1070
     0
1070
   282
1070
     0
1070
   281
1070
     0
1070
    71
1070
     0
1070
    74
1070
     0
1070
   279
1070
     0
1070
   173
1070
     1
1070
   340
1005
1A1
1070
   271
1070
     2
1070
   272
1070
     2
1070
    77
1070
     1
1070
    73
1070
     1
1070
   171
1070
     3
1070
   274
1070
     4
1070
   177
1070
     2
1070
   176
1070
     2
1070
   178
1070
     2
1070
    78
1070
     8
1070
    48
1040
-0.1
1070
    41
1040
3.5
1070
   147
1040
1.75
1070
    42
1040
1.5875
1070
    44
1040
2.0
1070
   140
1040
3.5
1002
}
1001
ACAD_DSTYLE_DIM_LINETYPE
1070
   380
1005
16
1001
ACAD_DSTYLE_DIM_EXT1_LINETYPE
1070
   381
1005
16
1001
ACAD_DSTYLE_DIM_EXT2_LINETYPE
1070
   382
1005
16
0
ENDSEC
0
SECTION
2
OBJECTS
0
DICTIONARY
5
265
330
0
100
AcDbDictionary
280
0
281
1
3
ACAD_GROUP
350
266
3
ACAD_MLINESTYLE
350
267
0
DICTIONARY
5
266
330
0
100
AcDbDictionary
280
0
281
1
0
DICTIONARY
5
267
330
0
100
AcDbDictionary
280
0
281
1
3
Standard
350
18
0
MLINESTYLE
5
18
330
267
100
AcDbMlineStyle
2
Standard
70
0
3

62
256
51
90
52
90
71
2
49
-0.5
62
256
6
ByLayer
49
0.5
62
256
6
ByLayer
0
RASTERVARIABLES
5
253
330

100
AcDbRasterVariables
90
0
70
1
71
1
72
1
0
ENDSEC
0
EOF
