0
SECTION
2
HEADER
9
$ACADVER
1
AC1015
9
$DWGCODEPAGE
3
ANSI_1252
9
$HANDSEED
5
311
9
$ANGBASE
50
0
9
$ANGDIR
70
0
9
$ATTMODE
70
1
9
$AUNITS
70
0
9
$AUPREC
70
0
9
$CECOLOR
62
256
9
$CELTSCALE
40
1
9
$CELTYPE
6
ByLayer
9
$CELWEIGHT
370
18
9
$CLAYER
8
0
9
$CMLJUST
70
0
9
$CMLSCALE
40
1
9
$CMLSTYLE
2
Standard
9
$DIMSTYLE
2
Standard
9
$TEXTSIZE
40
0.2
9
$TEXTSTYLE
7
Standard
9
$LUNITS
70
2
9
$LUPREC
70
4
9
$EXTNAMES
290
1
9
$INSUNITS
70
4
9
$LTSCALE
40
1
9
$LWDISPLAY
290
1
9
$PDMODE
70
0
9
$PDSIZE
40
0
9
$PLINEGEN
70
0
0
ENDSEC
0
SECTION
2
CLASSES
0
CLASS
1
RASTERVARIABLES
2
AcDbRasterVariables
3
ISM
90
0
280
0
281
0
0
ENDSEC
0
SECTION
2
TABLES
0
TABLE
2
VPORT
5
307
100
AcDbSymbolTable
0
VPORT
5
1
100
AcDbSymbolTableRecord
100
AcDbViewportTableRecord
2
*Active
70
0
10
0
20
0
11
1
21
1
12
-1
22
1
13
0
23
0
14
0.5
24
0.5
15
10
25
10
16
0
26
0
36
1
17
0
27
0
37
0
0
ENDTAB
0
TABLE
2
LTYPE
5
308
100
AcDbSymbolTable
0
LTYPE
5
14
100
AcDbSymbolTableRecord
100
AcDbLinetypeTableRecord
70
0
2
ByBlock
3

72
65
73
0
40
0
0
LTYPE
5
15
100
AcDbSymbolTableRecord
100
AcDbLinetypeTableRecord
70
0
2
ByLayer
3

72
65
73
0
40
0
0
LTYPE
5
16
100
AcDbSymbolTableRecord
100
AcDbLinetypeTableRecord
70
0
2
Continuous
3
Solid line
72
65
73
0
40
0
0
LTYPE
5
6E
100
AcDbSymbolTableRecord
100
AcDbLinetypeTableRecord
70
0
2
CENTER
3
____ _ ____ _ ____ _ ____
72
65
73
4
40
47.5
49
22
74
0
49
-8.5
74
0
49
8.5
74
0
49
-8.5
74
0
0
LTYPE
5
6F
100
AcDbSymbolTableRecord
100
AcDbLinetypeTableRecord
70
0
2
DASHED
3
__ __ __ __ __ __ __ __ __
72
65
73
2
40
25.72
49
12.86
74
0
49
-12.86
74
0
0
ENDTAB
0
TABLE
2
LAYER
5
309
100
AcDbSymbolTable
0
LAYER
5
10
100
AcDbSymbolTableRecord
100
AcDbLayerTableRecord
2
0
70
0
62
7
6
Continuous
290
1
370
-3
390
0
0
LAYER
5
71
100
AcDbSymbolTableRecord
100
AcDbLayerTableRecord
2
81
70
0
62
-3
6
Continuous
290
1
370
-3
390
0
0
LAYER
5
73
100
AcDbSymbolTableRecord
100
AcDbLayerTableRecord
2
80
70
0
62
-6
6
Continuous
290
1
370
-3
390
0
0
LAYER
5
75
100
AcDbSymbolTableRecord
100
AcDbLayerTableRecord
2
1
70
0
62
4
6
Continuous
290
1
370
-3
390
0
0
LAYER
5
7F
100
AcDbSymbolTableRecord
100
AcDbLayerTableRecord
2
4
70
0
62
-2
6
CENTER
290
1
370
-3
390
0
0
LAYER
5
C6
100
AcDbSymbolTableRecord
100
AcDbLayerTableRecord
2
2
70
0
62
7
6
Continuous
290
1
370
-3
390
0
0
LAYER
5
24D
100
AcDbSymbolTableRecord
100
AcDbLayerTableRecord
2
Defpoints
70
0
62
7
6
Continuous
290
0
370
-3
390
0
0
LAYER
5
2f3
100
AcDbSymbolTableRecord
100
AcDbLayerTableRecord
2
SK4
70
0
62
2
6
CENTER
290
1
370
-3
390
0
0
LAYER
5
2f4
100
AcDbSymbolTableRecord
100
AcDbLayerTableRecord
2
SK1
70
0
62
4
6
Continuous
290
1
370
-3
390
0
0
LAYER
5
2f5
100
AcDbSymbolTableRecord
100
AcDbLayerTableRecord
2
SK2
70
0
62
7
6
Continuous
290
1
370
-3
390
0
0
LAYER
5
2f6
100
AcDbSymbolTableRecord
100
AcDbLayerTableRecord
2
SK6
70
0
62
5
6
Continuous
290
1
370
-3
390
0
0
ENDTAB
0
TABLE
2
STYLE
5
30a
100
AcDbSymbolTable
0
STYLE
5
11
100
AcDbSymbolTableRecord
100
AcDbTextStyleTableRecord
2
Standard
3
txt
70
0
71
0
40
0
41
1
42
0
50
0
0
STYLE
5
219
100
AcDbSymbolTableRecord
100
AcDbTextStyleTableRecord
2
iso_b_vert
3
simplex.shx
70
0
71
0
40
0
41
1
42
0
50
0
0
STYLE
5
21A
100
AcDbSymbolTableRecord
100
AcDbTextStyleTableRecord
2
DWGDirectTextStyle
3
simplex
70
0
71
0
40
0
41
1
42
0
50
0
0
ENDTAB
0
TABLE
2
DIMSTYLE
5
30b
100
AcDbSymbolTable
100
AcDbDimStyleTable
0
DIMSTYLE
105
27
100
AcDbSymbolTableRecord
100
AcDbDimStyleTableRecord
2
Standard
70
0
3
<>
41
0.18
42
0.0625
44
0.18
140
0.18
147
0.09
73
0
74
0
77
1
271
2
275
0
278
52
280
0
340
11
0
ENDTAB
0
TABLE
2
VIEW
5
30c
100
AcDbSymbolTable
0
ENDTAB
0
TABLE
2
UCS
5
30d
100
AcDbSymbolTable
0
ENDTAB
0
TABLE
2
APPID
5
30e
100
AcDbSymbolTable
0
APPID
5
12
100
AcDbSymbolTableRecord
100
AcDbRegAppTableRecord
2
ACAD
70
0
0
APPID
5
249
100
AcDbSymbolTableRecord
100
AcDbRegAppTableRecord
2
ACAD_DSTYLE_DIMBREAK
70
0
0
APPID
5
2B2
100
AcDbSymbolTableRecord
100
AcDbRegAppTableRecord
2
ACAD_DSTYLE_DIM_LINETYPE
70
0
0
APPID
5
2B3
100
AcDbSymbolTableRecord
100
AcDbRegAppTableRecord
2
ACAD_DSTYLE_DIM_EXT1_LINETYPE
70
0
0
APPID
5
2B4
100
AcDbSymbolTableRecord
100
AcDbRegAppTableRecord
2
ACAD_DSTYLE_DIM_EXT2_LINETYPE
70
0
0
APPID
5
2EF
100
AcDbSymbolTableRecord
100
AcDbRegAppTableRecord
2
ACAD_MLEADERVER
70
0
0
ENDTAB
0
TABLE
2
BLOCK_RECORD
5
30f
100
AcDbSymbolTable
0
BLOCK_RECORD
5
1F
100
AcDbSymbolTableRecord
100
AcDbBlockTableRecord
2
*Model_Space
340
0
70
0
0
BLOCK_RECORD
5
1B
100
AcDbSymbolTableRecord
100
AcDbBlockTableRecord
2
*Paper_Space
340
0
70
0
0
BLOCK_RECORD
5
23
100
AcDbSymbolTableRecord
100
AcDbBlockTableRecord
2
*Paper_Space0
340
0
70
0
0
BLOCK_RECORD
5
24E
100
AcDbSymbolTableRecord
100
AcDbBlockTableRecord
2
*D1
340
0
70
0
0
BLOCK_RECORD
5
25A
100
AcDbSymbolTableRecord
100
AcDbBlockTableRecord
2
_U0
340
0
70
0
0
BLOCK_RECORD
5
266
100
AcDbSymbolTableRecord
100
AcDbBlockTableRecord
2
*D3
340
0
70
0
0
BLOCK_RECORD
5
273
100
AcDbSymbolTableRecord
100
AcDbBlockTableRecord
2
_U1
340
0
70
0
0
BLOCK_RECORD
5
27F
100
AcDbSymbolTableRecord
100
AcDbBlockTableRecord
2
*D5
340
0
70
0
0
BLOCK_RECORD
5
28B
100
AcDbSymbolTableRecord
100
AcDbBlockTableRecord
2
_U2
340
0
70
0
0
ENDTAB
0
ENDSEC
0
SECTION
2
BLOCKS
0
BLOCK
5
20
100
AcDbEntity
8
0
100
AcDbBlockBegin
2
*Model_Space
70
0
10
0
20
0
30
0
3
*Model_Space
0
ENDBLK
5
21
100
AcDbEntity
8
0
100
AcDbBlockEnd
0
BLOCK
5
1C
100
AcDbEntity
8
0
100
AcDbBlockBegin
2
*Paper_Space
70
0
10
0
20
0
30
0
3
*Paper_Space
0
ENDBLK
5
1D
100
AcDbEntity
8
0
100
AcDbBlockEnd
0
BLOCK
5
24
100
AcDbEntity
8
0
100
AcDbBlockBegin
2
*Paper_Space0
70
0
10
0
20
0
30
0
3
*Paper_Space0
0
ENDBLK
5
25
100
AcDbEntity
8
0
100
AcDbBlockEnd
0
BLOCK
5
24F
100
AcDbEntity
8
0
100
AcDbBlockBegin
2
*D1
70
1
10
0
20
0
30
0
3
*D1
0
LINE
5
251
100
AcDbEntity
8
0
62
256
6
ByLayer
370
-2
48
1
60
0
100
AcDbLine
10
47
20
-6.6375
30
0
11
47
21
-46.183076
31
0
39
0
210
0
220
0
230
1
0
LINE
5
252
100
AcDbEntity
8
0
62
256
6
ByLayer
370
-2
48
1
60
0
100
AcDbLine
10
0
20
-1.5875
30
0
11
0
21
-46.183076
31
0
39
0
210
0
220
0
230
1
0
LINE
5
253
100
AcDbEntity
8
0
62
256
6
ByLayer
370
-2
48
1
60
0
100
AcDbLine
10
43.5
20
-44.183076
30
0
11
3.5
21
-44.183076
31
0
39
0
210
0
220
0
230
1
0
SOLID
5
254
100
AcDbEntity
8
0
62
256
6
ByLayer
370
-1
48
1
60
0
100
AcDbTrace
10
43.5
20
-44.766409
30
0
11
43.5
21
-43.599743
31
0
12
47
22
-44.183076
32
0
13
47
23
-44.183076
33
0
39
0
210
0
220
0
230
1
0
SOLID
5
255
100
AcDbEntity
8
0
62
256
6
ByLayer
370
-1
48
1
60
0
100
AcDbTrace
10
3.5
20
-43.599743
30
0
11
3.5
21
-44.766409
31
0
12
0
22
-44.183076
32
0
13
0
23
-44.183076
33
0
39
0
210
0
220
0
230
1
0
MTEXT
5
256
100
AcDbEntity
8
0
62
256
6
ByLayer
370
18
48
1
60
0
100
AcDbMText
10
23.5
20
-37.183076
30
0
210
0
220
0
230
1
1
\A1;47
40
3.5
41
0
44
1
50
0
71
5
72
5
7
iso_b_vert
0
POINT
5
257
100
AcDbEntity
8
Defpoints
62
0
6
ByLayer
370
-1
48
1
60
0
100
AcDbPoint
10
47
20
-5.05
30
0
39
0
210
0
220
0
230
1
50
360
0
POINT
5
258
100
AcDbEntity
8
Defpoints
62
0
6
ByLayer
370
-1
48
1
60
0
100
AcDbPoint
10
0
20
0
30
0
39
0
210
0
220
0
230
1
50
360
0
POINT
5
259
100
AcDbEntity
8
Defpoints
62
0
6
ByLayer
370
-1
48
1
60
0
100
AcDbPoint
10
0
20
-44.183076
30
0
39
0
210
0
220
0
230
1
50
360
0
ENDBLK
5
250
100
AcDbEntity
8
0
100
AcDbBlockEnd
0
BLOCK
5
261
100
AcDbEntity
8
0
100
AcDbBlockBegin
2
_U0
70
0
10
0
20
0
30
0
3
_U0
0
MTEXT
5
25B
100
AcDbEntity
8
SK2
62
256
6
ByLayer
370
18
48
1
60
0
100
AcDbMText
10
21.410767
20
-43.150442
30
0
210
0
220
0
230
1
1
\W0.7361;47
40
3.5
41
0
44
1.084337
50
0
71
7
72
5
7
iso_b_vert
0
LINE
5
25C
100
AcDbEntity
8
SK2
62
256
6
ByLayer
370
13
48
1
60
0
100
AcDbLine
10
47
20
-6.6375
30
0
11
47
21
-46.183076
31
0
39
0
210
0
220
0
230
1
0
LINE
5
25D
100
AcDbEntity
8
SK2
62
256
6
ByLayer
370
13
48
1
60
0
100
AcDbLine
10
0
20
-1.5875
30
0
11
0
21
-46.183076
31
0
39
0
210
0
220
0
230
1
0
LINE
5
25E
100
AcDbEntity
8
SK2
62
256
6
ByLayer
370
13
48
1
60
0
100
AcDbLine
10
47
20
-44.183076
30
0
11
0
21
-44.183076
31
0
39
0
210
0
220
0
230
1
0
SOLID
5
25F
100
AcDbEntity
8
SK2
62
256
6
ByLayer
370
18
48
1
60
0
100
AcDbTrace
10
47
20
-44.183076
30
0
11
43.500002
21
-44.64386
31
0
12
43.499998
22
-43.722292
32
0
13
43.499998
23
-43.722292
33
0
39
0
210
0
220
0
230
1
0
SOLID
5
260
100
AcDbEntity
8
SK2
62
256
6
ByLayer
370
18
48
1
60
0
100
AcDbTrace
10
0
20
-44.183076
30
0
11
3.499998
21
-43.722292
31
0
12
3.500002
22
-44.64386
32
0
13
3.500002
23
-44.64386
33
0
39
0
210
0
220
0
230
1
0
ENDBLK
5
262
100
AcDbEntity
8
0
100
AcDbBlockEnd
0
BLOCK
5
267
100
AcDbEntity
8
0
100
AcDbBlockBegin
2
*D3
70
1
10
0
20
0
30
0
3
*D3
0
LINE
5
269
100
AcDbEntity
8
0
62
256
6
ByLayer
370
-2
48
1
60
0
100
AcDbLine
10
47
20
-6.6375
30
0
11
47
21
-24.683076
31
0
39
0
210
0
220
0
230
1
0
LINE
5
26A
100
AcDbEntity
8
0
62
256
6
ByLayer
370
-2
48
1
60
0
100
AcDbLine
10
15
20
-6.6375
30
0
11
15
21
-24.683076
31
0
39
0
210
0
220
0
230
1
0
LINE
5
26B
100
AcDbEntity
8
0
62
256
6
ByLayer
370
-2
48
1
60
0
100
AcDbLine
10
47
20
-22.683076
30
0
11
70.881992
21
-22.683076
31
0
39
0
210
0
220
0
230
1
0
LINE
5
26C
100
AcDbEntity
8
0
62
256
6
ByLayer
370
-2
48
1
60
0
100
AcDbLine
10
43.5
20
-22.683076
30
0
11
18.5
21
-22.683076
31
0
39
0
210
0
220
0
230
1
0
SOLID
5
26D
100
AcDbEntity
8
0
62
256
6
ByLayer
370
-1
48
1
60
0
100
AcDbTrace
10
43.5
20
-23.266409
30
0
11
43.5
21
-22.099743
31
0
12
47
22
-22.683076
32
0
13
47
23
-22.683076
33
0
39
0
210
0
220
0
230
1
0
SOLID
5
26E
100
AcDbEntity
8
0
62
256
6
ByLayer
370
-1
48
1
60
0
100
AcDbTrace
10
18.5
20
-22.099743
30
0
11
18.5
21
-23.266409
31
0
12
15
22
-22.683076
32
0
13
15
23
-22.683076
33
0
39
0
210
0
220
0
230
1
0
MTEXT
5
26F
100
AcDbEntity
8
0
62
256
6
ByLayer
370
18
48
1
60
0
100
AcDbMText
10
62.798659
20
-15.683076
30
0
210
0
220
0
230
1
1
\A1;32
40
3.5
41
0
44
1
50
0
71
5
72
5
7
iso_b_vert
0
POINT
5
270
100
AcDbEntity
8
Defpoints
62
0
6
ByLayer
370
-1
48
1
60
0
100
AcDbPoint
10
47
20
-5.05
30
0
39
0
210
0
220
0
230
1
50
360
0
POINT
5
271
100
AcDbEntity
8
Defpoints
62
0
6
ByLayer
370
-1
48
1
60
0
100
AcDbPoint
10
15
20
-5.05
30
0
39
0
210
0
220
0
230
1
50
360
0
POINT
5
272
100
AcDbEntity
8
Defpoints
62
0
6
ByLayer
370
-1
48
1
60
0
100
AcDbPoint
10
15
20
-22.683076
30
0
39
0
210
0
220
0
230
1
50
360
0
ENDBLK
5
268
100
AcDbEntity
8
0
100
AcDbBlockEnd
0
BLOCK
5
27A
100
AcDbEntity
8
0
100
AcDbBlockBegin
2
_U1
70
0
10
0
20
0
30
0
3
_U1
0
MTEXT
5
274
100
AcDbEntity
8
2
62
256
6
ByLayer
370
18
48
1
60
0
100
AcDbMText
10
60.893693
20
-21.650442
30
0
210
0
220
0
230
1
1
\W0.6740;32
40
3.5
41
0
44
1.084337
50
0
71
7
72
5
7
iso_b_vert
0
LINE
5
275
100
AcDbEntity
8
2
62
256
6
ByLayer
370
13
48
1
60
0
100
AcDbLine
10
47
20
-6.6375
30
0
11
47
21
-24.683076
31
0
39
0
210
0
220
0
230
1
0
LINE
5
276
100
AcDbEntity
8
2
62
256
6
ByLayer
370
13
48
1
60
0
100
AcDbLine
10
15
20
-6.6375
30
0
11
15
21
-24.683076
31
0
39
0
210
0
220
0
230
1
0
LINE
5
277
100
AcDbEntity
8
2
62
256
6
ByLayer
370
13
48
1
60
0
100
AcDbLine
10
15
20
-22.683076
30
0
11
64.889125
21
-22.683076
31
0
39
0
210
0
220
0
230
1
0
SOLID
5
278
100
AcDbEntity
8
2
62
256
6
ByLayer
370
18
48
1
60
0
100
AcDbTrace
10
47
20
-22.683076
30
0
11
43.500002
21
-23.14386
31
0
12
43.499998
22
-22.222292
32
0
13
43.499998
23
-22.222292
33
0
39
0
210
0
220
0
230
1
0
SOLID
5
279
100
AcDbEntity
8
2
62
256
6
ByLayer
370
18
48
1
60
0
100
AcDbTrace
10
15
20
-22.683076
30
0
11
18.499998
21
-22.222292
31
0
12
18.500002
22
-23.14386
32
0
13
18.500002
23
-23.14386
33
0
39
0
210
0
220
0
230
1
0
ENDBLK
5
27B
100
AcDbEntity
8
0
100
AcDbBlockEnd
0
BLOCK
5
280
100
AcDbEntity
8
0
100
AcDbBlockBegin
2
*D5
70
1
10
0
20
0
30
0
3
*D5
0
LINE
5
282
100
AcDbEntity
8
0
62
256
6
ByLayer
370
-2
48
1
60
0
100
AcDbLine
10
47
20
-6.6375
30
0
11
47
21
-39.183076
31
0
39
0
210
0
220
0
230
1
0
LINE
5
283
100
AcDbEntity
8
0
62
256
6
ByLayer
370
-2
48
1
60
0
100
AcDbLine
10
1.997679
20
-6.3375
30
0
11
1.997679
21
-39.183076
31
0
39
0
210
0
220
0
230
1
0
LINE
5
284
100
AcDbEntity
8
0
62
256
6
ByLayer
370
-2
48
1
60
0
100
AcDbLine
10
43.5
20
-37.183076
30
0
11
5.497679
21
-37.183076
31
0
39
0
210
0
220
0
230
1
0
SOLID
5
285
100
AcDbEntity
8
0
62
256
6
ByLayer
370
-1
48
1
60
0
100
AcDbTrace
10
43.5
20
-37.766409
30
0
11
43.5
21
-36.599743
31
0
12
47
22
-37.183076
32
0
13
47
23
-37.183076
33
0
39
0
210
0
220
0
230
1
0
SOLID
5
286
100
AcDbEntity
8
0
62
256
6
ByLayer
370
-1
48
1
60
0
100
AcDbTrace
10
5.497679
20
-36.599743
30
0
11
5.497679
21
-37.766409
31
0
12
1.997679
22
-37.183076
32
0
13
1.997679
23
-37.183076
33
0
39
0
210
0
220
0
230
1
0
MTEXT
5
287
100
AcDbEntity
8
0
62
256
6
ByLayer
370
18
48
1
60
0
100
AcDbMText
10
24.498839
20
-30.183076
30
0
210
0
220
0
230
1
1
\A1;45
40
3.5
41
0
44
1
50
0
71
5
72
5
7
iso_b_vert
0
POINT
5
288
100
AcDbEntity
8
Defpoints
62
0
6
ByLayer
370
-1
48
1
60
0
100
AcDbPoint
10
47
20
-5.05
30
0
39
0
210
0
220
0
230
1
50
360
0
POINT
5
289
100
AcDbEntity
8
Defpoints
62
0
6
ByLayer
370
-1
48
1
60
0
100
AcDbPoint
10
1.997679
20
-4.75
30
0
39
0
210
0
220
0
230
1
50
360
0
POINT
5
28A
100
AcDbEntity
8
Defpoints
62
0
6
ByLayer
370
-1
48
1
60
0
100
AcDbPoint
10
1.997679
20
-37.183076
30
0
39
0
210
0
220
0
230
1
50
360
0
ENDBLK
5
281
100
AcDbEntity
8
0
100
AcDbBlockEnd
0
BLOCK
5
292
100
AcDbEntity
8
0
100
AcDbBlockBegin
2
_U2
70
0
10
0
20
0
30
0
3
_U2
0
MTEXT
5
28C
100
AcDbEntity
8
SK2
62
256
6
ByLayer
370
18
48
1
60
0
100
AcDbMText
10
22.409607
20
-36.150442
30
0
210
0
220
0
230
1
1
\W0.7361;45
40
3.5
41
0
44
1.084337
50
0
71
7
72
5
7
iso_b_vert
0
LINE
5
28D
100
AcDbEntity
8
SK2
62
256
6
ByLayer
370
13
48
1
60
0
100
AcDbLine
10
47
20
-6.6375
30
0
11
47
21
-39.183076
31
0
39
0
210
0
220
0
230
1
0
LINE
5
28E
100
AcDbEntity
8
SK2
62
256
6
ByLayer
370
13
48
1
60
0
100
AcDbLine
10
1.997679
20
-6.3375
30
0
11
1.997679
21
-39.183076
31
0
39
0
210
0
220
0
230
1
0
LINE
5
28F
100
AcDbEntity
8
SK2
62
256
6
ByLayer
370
13
48
1
60
0
100
AcDbLine
10
47
20
-37.183076
30
0
11
1.997679
21
-37.183076
31
0
39
0
210
0
220
0
230
1
0
SOLID
5
290
100
AcDbEntity
8
SK2
62
256
6
ByLayer
370
18
48
1
60
0
100
AcDbTrace
10
47
20
-37.183076
30
0
11
43.500002
21
-37.64386
31
0
12
43.499998
22
-36.722292
32
0
13
43.499998
23
-36.722292
33
0
39
0
210
0
220
0
230
1
0
SOLID
5
291
100
AcDbEntity
8
SK2
62
256
6
ByLayer
370
18
48
1
60
0
100
AcDbTrace
10
1.997679
20
-37.183076
30
0
11
5.497677
21
-36.722292
31
0
12
5.497681
22
-37.64386
32
0
13
5.497681
23
-37.64386
33
0
39
0
210
0
220
0
230
1
0
ENDBLK
5
293
100
AcDbEntity
8
0
100
AcDbBlockEnd
0
ENDSEC
0
SECTION
2
ENTITIES
0
ARC
5
DC
100
AcDbEntity
8
1
62
256
6
ByLayer
370
18
48
1
60
0
100
AcDbCircle
39
0
10
1.997679
20
5.75
30
0
40
1
210
0
220
0
230
1
100
AcDbArc
50
240
51
270
0
ARC
5
DD
100
AcDbEntity
8
1
62
256
6
ByLayer
370
18
48
1
60
0
100
AcDbCircle
39
0
10
1.997679
20
-5.75
30
0
40
1
210
0
220
0
230
1
100
AcDbArc
50
90
51
120
0
ELLIPSE
5
DE
100
AcDbEntity
8
1
62
256
6
ByLayer
370
13
48
1
60
0
100
AcDbEllipse
10
25.802786
20
64.603728
30
0
11
20.7682032739726
21
-69.0092569867435
31
0
210
0
220
0
230
1
40
0.653666
41
-0.745800829005781
42
-0.692251844166197
0
ELLIPSE
5
DF
100
AcDbEntity
8
1
62
256
6
ByLayer
370
18
48
1
60
0
100
AcDbEllipse
10
46.369522
20
-0.216999
30
0
11
0.209850776988137
21
-0.926375275139428
31
0
210
0
220
0
230
1
40
0.694385
41
3.11457092115413
42
-3.00427744481689
0
ELLIPSE
5
E0
100
AcDbEntity
8
1
62
256
6
ByLayer
370
13
48
1
60
0
100
AcDbEllipse
10
25.802786
20
62.613759
30
0
11
23.6703327867532
21
-68.0684300014023
31
0
210
0
220
0
230
1
40
0.641356
41
-0.765543936602749
42
-0.734908148591925
0
ELLIPSE
5
E1
100
AcDbEntity
8
1
62
256
6
ByLayer
370
13
48
1
60
0
100
AcDbEllipse
10
25.802786
20
-14.589441
30
0
11
49.6594508104678
21
-52.2258055207785
31
0
210
0
220
0
230
1
40
0.005422
41
1.83240175400862
42
1.89083044430041
0
ELLIPSE
5
E2
100
AcDbEntity
8
1
62
256
6
ByLayer
370
13
48
1
60
0
100
AcDbEllipse
10
25.802786
20
-22.105474
30
0
11
49.4943921265598
21
-52.3822581139242
31
0
210
0
220
0
230
1
40
0.07742
41
1.89062395037123
42
1.92404422611891
0
ELLIPSE
5
E3
100
AcDbEntity
8
1
62
256
6
ByLayer
370
13
48
1
60
0
100
AcDbEllipse
10
25.802786
20
-73.968672
30
0
11
16.7437245567379
21
-70.0945326331486
31
0
210
0
220
0
230
1
40
0.666991
41
3.10529848445667
42
3.11201994702339
0
POINT
5
70
100
AcDbEntity
8
81
62
256
6
ByLayer
370
18
48
1
60
0
100
AcDbPoint
10
47
20
0
30
0
39
0
210
0
220
0
230
1
50
360
0
POINT
5
72
100
AcDbEntity
8
80
62
256
6
ByLayer
370
18
48
1
60
0
100
AcDbPoint
10
0
20
0
30
0
39
0
210
0
220
0
230
1
50
360
0
POINT
5
74
100
AcDbEntity
8
1
62
256
6
ByLayer
370
18
48
1
60
1
100
AcDbPoint
10
47
20
-5.05
30
0
39
0
210
0
220
0
230
1
50
360
0
POINT
5
76
100
AcDbEntity
8
1
62
256
6
ByLayer
370
18
48
1
60
1
100
AcDbPoint
10
0
20
0
30
0
39
0
210
0
220
0
230
1
50
360
0
POINT
5
77
100
AcDbEntity
8
1
62
256
6
ByLayer
370
18
48
1
60
1
100
AcDbPoint
10
47
20
-5.05
30
0
39
0
210
0
220
0
230
1
50
360
0
POINT
5
78
100
AcDbEntity
8
1
62
256
6
ByLayer
370
18
48
1
60
1
100
AcDbPoint
10
15
20
-5.05
30
0
39
0
210
0
220
0
230
1
50
360
0
POINT
5
79
100
AcDbEntity
8
1
62
256
6
ByLayer
370
18
48
1
60
1
100
AcDbPoint
10
47
20
-5.05
30
0
39
0
210
0
220
0
230
1
50
360
0
POINT
5
7A
100
AcDbEntity
8
1
62
256
6
ByLayer
370
18
48
1
60
1
100
AcDbPoint
10
1.997679
20
-4.75
30
0
39
0
210
0
220
0
230
1
50
360
0
SPLINE
5
E4
100
AcDbEntity
8
1
62
256
6
ByLayer
370
18
48
1
60
0
100
AcDbSpline
70
4
71
3
72
13
73
9
40
0
40
0
40
0
40
0
40
0.163105913735317
40
0.36563297767621
40
0.568678647164066
40
0.772322465531079
40
0.976529639790067
40
1
40
1
40
1
40
1
41
1
10
25.8555885673052
20
4.99641197791624
30
0
41
1
10
26.1155965009268
20
5.00524118752105
30
0
41
1
10
26.6992342745328
20
4.98823412762957
30
0
41
1
10
27.6074110811709
20
4.83299229239751
30
0
41
1
10
28.577180660915
20
4.52008630239672
30
0
41
1
10
29.5467867550369
20
4.06980894174461
30
0
41
1
10
30.2295153868237
20
3.66559778069433
30
0
41
1
10
30.589343998539
20
3.43062368469566
30
0
41
1
10
30.6264314539283
20
3.40617686414751
30
0
0
SPLINE
5
E5
100
AcDbEntity
8
1
62
256
6
ByLayer
370
18
48
1
60
0
100
AcDbSpline
70
4
71
3
72
12
73
8
40
0
40
0
40
0
40
0
40
0.116952767540586
40
0.350878463017907
40
0.584166283824433
40
0.81708547666102
40
1
40
1
40
1
40
1
41
1
10
31.0012582576896
20
-2.93375578448732
30
0
41
1
10
31.1623078703297
20
-3.05118272002423
30
0
41
1
10
31.645937586404
20
-3.39272740957941
30
0
41
1
10
32.4532015938327
20
-3.90045043936709
30
0
41
1
10
33.423484886189
20
-4.39195702997293
30
0
41
1
10
34.324445564425
20
-4.72414945775816
30
0
41
1
10
34.9018933072462
20
-4.86020616365172
30
0
41
1
10
35.1558751697734
20
-4.90465977702999
30
0
0
SPLINE
5
E6
100
AcDbEntity
8
1
62
256
6
ByLayer
370
18
48
1
60
0
100
AcDbSpline
70
4
71
5
72
13
73
7
40
0
40
0
40
0
40
0
40
0
40
0
40
0.33
40
1
40
1
40
1
40
1
40
1
40
1
41
1
10
25.8651390976251
20
1.46742572015836
30
0
41
1
10
26.2040833726464
20
1.17568060158678
30
0
41
1
10
27.2315643595444
20
0.27057078350748
30
0
41
1
10
28.2582452488849
20
-0.675812869888318
30
0
41
1
10
29.2860188031372
20
-1.59916433995298
30
0
41
1
10
30.3129734215927
20
-2.43190303728082
30
0
41
1
10
31.0012582576896
20
-2.93375578448729
30
0
0
SPLINE
5
E7
100
AcDbEntity
8
1
62
256
6
ByLayer
370
18
48
1
60
0
100
AcDbSpline
70
4
71
5
72
13
73
7
40
0
40
0
40
0
40
0
40
0
40
0
40
0.534754777035551
40
1
40
1
40
1
40
1
40
1
40
1
41
1
10
15.0000000000001
20
3.87627457658689
30
0
41
1
10
15.5188090230495
20
4.17159399726864
30
0
41
1
10
16.490014598949
20
4.64395752108356
30
0
41
1
10
17.4599357424116
20
4.95084687856115
30
0
41
1
10
18.4310822369424
20
5.06429786929277
30
0
41
1
10
19.4014944012878
20
4.98667386311774
30
0
41
1
10
19.8530615462701
20
4.90980512811046
30
0
0
SPLINE
5
E8
100
AcDbEntity
8
1
62
256
6
ByLayer
370
18
48
1
60
0
100
AcDbSpline
70
4
71
5
72
14
73
8
40
0
40
0
40
0
40
0
40
0
40
0
40
0.350193441964373
40
0.625970194007636
40
1
40
1
40
1
40
1
40
1
40
1
41
1
10
24.8459740463523
20
-3.30770626175152
30
0
41
1
10
25.390042794563
20
-3.67507381322858
30
0
41
1
10
26.3626865534176
20
-4.26087186179754
30
0
41
1
10
27.9163492578603
20
-4.95640663383904
30
0
41
1
10
29.4701842832358
20
-5.18491431561566
30
0
41
1
10
31.023802179279
20
-4.90856933076734
30
0
41
1
10
32.0334872664207
20
-4.53382988115391
30
0
41
1
10
32.6146045517465
20
-4.25983941106401
30
0
0
SPLINE
5
E9
100
AcDbEntity
8
1
62
256
6
ByLayer
370
18
48
1
60
0
100
AcDbSpline
70
4
71
3
72
12
73
8
40
0
40
0
40
0
40
0
40
0.127388350817583
40
0.355953690047198
40
0.584393975674815
40
0.812933591064987
40
1
40
1
40
1
40
1
41
1
10
32.884382053817
20
4.99857334747324
30
0
41
1
10
33.0642346309297
20
4.994736978524
30
0
41
1
10
33.5671020782328
20
4.96207000041628
30
0
41
1
10
34.393673627015
20
4.80769743570431
30
0
41
1
10
35.3638474986382
20
4.48014092570662
30
0
41
1
10
36.2748944998042
20
4.04445487474942
30
0
41
1
10
36.8620443025472
20
3.69643605336603
30
0
41
1
10
37.1260834426872
20
3.52797687641808
30
0
0
SPLINE
5
EA
100
AcDbEntity
8
1
62
256
6
ByLayer
370
18
48
1
60
0
100
AcDbSpline
70
4
71
5
72
13
73
7
40
0
40
0
40
0
40
0
40
0
40
0
40
0.499467725278301
40
1
40
1
40
1
40
1
40
1
40
1
41
1
10
23.8816934639958
20
4.61832923251882
30
0
41
1
10
23.4818464397167
20
4.4803780180994
30
0
41
1
10
22.6812843477091
20
4.14421027370571
30
0
41
1
10
21.8807119131739
20
3.69414979702714
30
0
41
1
10
21.0802454844056
20
3.14695215495812
30
0
41
1
10
20.279610485935
20
2.52891807120321
30
0
41
1
10
19.878906788128
20
2.20507926378971
30
0
0
SPLINE
5
EB
100
AcDbEntity
8
1
62
256
6
ByLayer
370
18
48
1
60
0
100
AcDbSpline
70
4
71
3
72
9
73
5
40
0
40
0
40
0
40
0
40
0.181821407001767
40
1
40
1
40
1
40
1
41
1
10
37.11494432817
20
-2.03425784831021
30
0
41
1
10
37.1776328535315
20
-2.085820829694
30
0
41
1
10
37.5224516477292
20
-2.36730435948448
30
0
41
1
10
37.8674661133642
20
-2.63626213702102
30
0
41
1
10
38.1498432386062
20
-2.84533500146531
30
0
0
SPLINE
5
EC
100
AcDbEntity
8
1
62
256
6
ByLayer
370
18
48
1
60
0
100
AcDbSpline
70
4
71
3
72
13
73
9
40
0
40
0
40
0
40
0
40
0.0329953528149048
40
0.194268017002381
40
0.355694015558603
40
0.517328965286125
40
0.679110385784219
40
1
40
1
40
1
40
1
41
1
10
25.8651390976251
20
1.46742572015836
30
0
41
1
10
25.798979653585
20
1.52437223398684
30
0
41
1
10
25.409455181395
20
1.85781454435121
30
0
41
1
10
24.6965078128562
20
2.44594375531284
30
0
41
1
10
23.7266465203209
20
3.17159978687351
30
0
41
1
10
22.7570147886954
20
3.80052611975245
30
0
41
1
10
21.4706140160805
20
4.48189583529026
30
0
41
1
10
20.5033062342686
20
4.79908621509287
30
0
41
1
10
19.8530615462415
20
4.90980715377583
30
0
0
SPLINE
5
ED
100
AcDbEntity
8
1
62
256
6
ByLayer
370
18
48
1
60
0
100
AcDbSpline
70
4
71
3
72
8
73
4
40
0
40
0
40
0
40
0
40
1
40
1
40
1
40
1
41
1
10
32.8843820538465
20
4.998579537263
30
0
41
1
10
32.7944263895159
20
5.00049835071795
30
0
41
1
10
32.7044990242426
20
5.0004522645107
30
0
41
1
10
32.6146045559225
20
4.99844184437927
30
0
0
SPLINE
5
EE
100
AcDbEntity
8
1
62
256
6
ByLayer
370
18
48
1
60
0
100
AcDbSpline
70
4
71
3
72
9
73
5
40
0
40
0
40
0
40
0
40
0.303063586397769
40
1
40
1
40
1
40
1
41
1
10
42.8335584427065
20
-4.96282518721861
30
0
41
1
10
42.9292371765868
20
-4.97330420116845
30
0
41
1
10
43.2455936204459
20
-5.00066219281268
30
0
41
1
10
43.5643584811209
20
-5.00378459504475
30
0
41
1
10
43.7880000097466
20
-4.99374661104969
30
0
0
SPLINE
5
EF
100
AcDbEntity
8
1
62
256
6
ByLayer
370
18
48
1
60
0
100
AcDbSpline
70
4
71
3
72
10
73
6
40
0
40
0
40
0
40
0
40
0.0786631446903304
40
0.58908933982965
40
1
40
1
40
1
40
1
41
1
10
35.2143112070484
20
-0.383315743529124
30
0
41
1
10
35.264081256889
20
-0.427996867641184
30
0
41
1
10
35.6368342136866
20
-0.762290074427028
30
0
41
1
10
36.2700816869192
20
-1.32425790226495
30
0
41
1
10
36.8542773950562
20
-1.81985255303749
30
0
41
1
10
37.1149446700631
20
-2.03425834458142
30
0
0
SPLINE
5
F0
100
AcDbEntity
8
1
62
256
6
ByLayer
370
18
48
1
60
0
100
AcDbSpline
70
4
71
5
72
13
73
7
40
0
40
0
40
0
40
0
40
0
40
0
40
0.391095003391267
40
1
40
1
40
1
40
1
40
1
40
1
41
1
10
19.8530615460562
20
0.876670154992581
30
0
41
1
10
20.2435828944658
20
0.530477913305162
30
0
41
1
10
21.242382781204
20
-0.368548397957227
30
0
41
1
10
22.2405439355987
20
-1.27966374527645
30
0
41
1
10
23.2395103664681
20
-2.14156498127136
30
0
41
1
10
24.2379066007015
20
-2.89712669005638
30
0
41
1
10
24.8459740463523
20
-3.30770626175152
30
0
0
SPLINE
5
F1
100
AcDbEntity
8
1
62
256
6
ByLayer
370
18
48
1
60
0
100
AcDbSpline
70
4
71
3
72
16
73
12
40
0
40
0
40
0
40
0
40
0.0986171952727443
40
0.223516585258576
40
0.348783914291409
40
0.47439778017692
40
0.60035247618499
40
0.726593280972017
40
0.852980936830101
40
0.979366224881838
40
1
40
1
40
1
40
1
41
1
10
26.8385324907673
20
-3.59810614954378
30
0
41
1
10
27.0945017324692
20
-3.43806116610835
30
0
41
1
10
27.6745985448281
20
-3.04935550299996
30
0
41
1
10
28.5771806609151
20
-2.36583159827831
30
0
41
1
10
29.5467867550368
20
-1.55962649039583
30
0
41
1
10
30.516476563883
20
-0.705910612382411
30
0
41
1
10
31.4859727390024
20
0.169098628235645
30
0
41
1
10
32.455106993923
20
1.03864370284498
30
0
41
1
10
33.4242283227204
20
1.87662317818575
30
0
41
1
10
34.1233519783327
20
2.44001350819539
30
0
41
1
10
34.4995247007426
20
2.72490263587196
30
0
41
1
10
34.5523244224495
20
2.76451475043186
30
0
0
SPLINE
5
F2
100
AcDbEntity
8
1
62
256
6
ByLayer
370
18
48
1
60
0
100
AcDbSpline
70
4
71
3
72
10
73
6
40
0
40
0
40
0
40
0
40
0.098978501846549
40
0.699680932282957
40
1
40
1
40
1
40
1
41
1
10
32.6146045559235
20
4.9984418443793
30
0
41
1
10
32.5612396294729
20
4.99724837914775
30
0
41
1
10
32.1840838907464
20
4.9839182416809
30
0
41
1
10
31.6459409564493
20
4.91543483908646
30
0
41
1
10
31.1623145930166
20
4.79827428261837
30
0
41
1
10
31.0012683322722
20
4.75328132892892
30
0
0
SPLINE
5
F3
100
AcDbEntity
8
1
62
256
6
ByLayer
370
18
48
1
60
0
100
AcDbSpline
70
4
71
3
72
10
73
6
40
0
40
0
40
0
40
0
40
0.388720336183325
40
0.900528421874307
40
1
40
1
40
1
40
1
41
1
10
23.9632312235526
20
4.64596025276802
30
0
41
1
10
24.2074133696265
20
4.72721191574539
30
0
41
1
10
24.7740133056367
20
4.88453353144106
30
0
41
1
10
25.4055921844289
20
4.97520472800639
30
0
41
1
10
25.7925927892802
20
4.9942723823373
30
0
41
1
10
25.8555885931679
20
4.99641155952972
30
0
0
SPLINE
5
F4
100
AcDbEntity
8
1
62
256
6
ByLayer
370
18
48
1
60
0
100
AcDbSpline
70
4
71
3
72
8
73
4
40
0
40
0
40
0
40
0
40
1
40
1
40
1
40
1
41
1
10
31.237498474886
20
2.98360285561586
30
0
41
1
10
31.0339754656851
20
3.13064997680294
30
0
41
1
10
30.8302914921388
20
3.27180463489074
30
0
41
1
10
30.626431454067
20
3.40618263856999
30
0
0
SPLINE
5
F5
100
AcDbEntity
8
1
62
256
6
ByLayer
370
18
48
1
60
0
100
AcDbSpline
70
4
71
5
72
13
73
7
40
0
40
0
40
0
40
0
40
0
40
0
40
0.534754777035523
40
1
40
1
40
1
40
1
40
1
40
1
41
1
10
15.0000000000001
20
4.33760591035247
30
0
41
1
10
15.518809023026
20
4.10493062387633
30
0
41
1
10
16.4900145988845
20
3.58215234323606
30
0
41
1
10
17.4599357423015
20
2.90739113800549
30
0
41
1
10
18.4310822367923
20
2.12194765491816
30
0
41
1
10
19.4014944010934
20
1.27697550196615
30
0
41
1
10
19.8530615460562
20
0.876670154992581
30
0
0
SPLINE
5
F6
100
AcDbEntity
8
1
62
256
6
ByLayer
370
18
48
1
60
0
100
AcDbSpline
70
4
71
3
72
10
73
6
40
0
40
0
40
0
40
0
40
0.407394147940713
40
0.897837873711774
40
1
40
1
40
1
40
1
41
1
10
24.8636835455208
20
-4.58179002518921
30
0
41
1
10
25.1308813458711
20
-4.48546147619169
30
0
41
1
10
25.7207861997586
20
-4.23771425960391
30
0
41
1
10
26.3802292296661
20
-3.88004877542088
30
0
41
1
10
26.771142855641
20
-3.64024177073225
30
0
41
1
10
26.8385324907773
20
-3.59810634248402
30
0
0
SPLINE
5
F7
100
AcDbEntity
8
1
62
256
6
ByLayer
370
18
48
1
60
0
100
AcDbSpline
70
4
71
5
72
14
73
8
40
0
40
0
40
0
40
0
40
0
40
0
40
0.391846969183702
40
0.665034249795048
40
1
40
1
40
1
40
1
40
1
40
1
41
1
10
23.9024166626609
20
-0.114998408501265
30
0
41
1
10
24.4587973967603
20
0.385830158034281
30
0
41
1
10
25.4028737919354
20
1.23811862054208
30
0
41
1
10
26.8227776656757
20
2.4808756246741
30
0
41
1
10
28.2424663543213
20
3.54810039636902
30
0
41
1
10
29.6622653151099
20
4.30021970996654
30
0
41
1
10
30.5256713341517
20
4.62040380113072
30
0
41
1
10
31.0012686272459
20
4.75327562432344
30
0
0
SPLINE
5
F8
100
AcDbEntity
8
1
62
256
6
ByLayer
370
18
48
1
60
0
100
AcDbSpline
70
4
71
5
72
13
73
7
40
0
40
0
40
0
40
0
40
0
40
0
40
0.53365384785327
40
1
40
1
40
1
40
1
40
1
40
1
41
1
10
15
20
-2.04737426885771
30
0
41
1
10
15.5204841074012
20
-1.6193001121506
30
0
41
1
10
16.4968913274565
20
-0.776441465271716
30
0
41
1
10
17.4719554860085
20
0.120013841228257
30
0
41
1
10
18.4482720934799
20
1.00869258017974
30
0
41
1
10
19.4238619749746
20
1.83733261044492
30
0
41
1
10
19.8789067881287
20
2.20507926378508
30
0
0
SPLINE
5
F9
100
AcDbEntity
8
1
62
256
6
ByLayer
370
18
48
1
60
0
100
AcDbSpline
70
4
71
3
72
12
73
8
40
0
40
0
40
0
40
0
40
0.0685156508678757
40
0.337472737179856
40
0.606742690922152
40
0.876007600033297
40
1
40
1
40
1
40
1
41
1
10
31.2374981707915
20
2.9835996815998
30
0
41
1
10
31.319974374318
20
2.92400998678346
30
0
41
1
10
31.7260793898698
20
2.6257356659583
30
0
41
1
10
32.4551069939232
20
2.04982686877423
30
0
41
1
10
33.4242283227203
20
1.22198302801391
30
0
41
1
10
34.2194081083356
20
0.512260631456201
30
0
41
1
10
34.6917711154474
20
0.0867993248809569
30
0
41
1
10
34.8407459869739
20
-0.0473323231826157
30
0
0
SPLINE
5
FA
100
AcDbEntity
8
1
62
256
6
ByLayer
370
18
48
1
60
0
100
AcDbSpline
70
4
71
5
72
15
73
9
40
0
40
0
40
0
40
0
40
0
40
0
40
0.240589296661915
40
0.35908850248047
40
0.570589296661915
40
1
40
1
40
1
40
1
40
1
40
1
41
1
10
15
20
-1.02488475564891
30
0
41
1
10
15.4743794153889
20
-1.4434111781772
30
0
41
1
10
16.1831988798647
20
-2.05322224228183
30
0
41
1
10
17.3084986693395
20
-2.96781723529514
30
0
41
1
10
19.2815090090001
20
-4.32500285565405
30
0
41
1
10
21.2540097811706
20
-5.05707032293807
30
0
41
1
10
22.7522747060121
20
-5.14395467500765
30
0
41
1
10
24.016540137774
20
-4.88718422407547
30
0
41
1
10
24.8636835455203
20
-4.58179002518938
30
0
0
SPLINE
5
FB
100
AcDbEntity
8
1
62
256
6
ByLayer
370
18
48
1
60
0
100
AcDbSpline
70
4
71
5
72
13
73
7
40
0
40
0
40
0
40
0
40
0
40
0
40
0.516465744171179
40
1
40
1
40
1
40
1
40
1
40
1
41
1
10
23.9024173494135
20
-0.114997790317915
30
0
41
1
10
23.4841426043209
20
-0.491509644102507
30
0
41
1
10
22.674293297011
20
-1.21890281394823
30
0
41
1
10
21.864374333391
20
-1.92669716104601
30
0
41
1
10
21.0546099293493
20
-2.58235246659279
30
0
41
1
10
20.2446622430011
20
-3.1588000885032
30
0
41
1
10
19.8530615470544
20
-3.41627268974489
30
0
0
SPLINE
5
FC
100
AcDbEntity
8
1
62
256
6
ByLayer
370
18
48
1
60
0
100
AcDbSpline
70
4
71
3
72
8
73
4
40
0
40
0
40
0
40
0
40
1
40
1
40
1
40
1
41
1
10
23.9632307883127
20
4.64596837412634
30
0
41
1
10
23.9360467842406
20
4.63692287289766
30
0
41
1
10
23.9088676790468
20
4.62771200890015
30
0
41
1
10
23.8816934641403
20
4.61833682646164
30
0
0
SPLINE
5
FD
100
AcDbEntity
8
1
62
256
6
ByLayer
370
18
48
1
60
0
100
AcDbSpline
70
4
71
5
72
12
73
6
40
0
40
0
40
0
40
0
40
0
40
0
40
1
40
1
40
1
40
1
40
1
40
1
41
1
10
39.9803593783529
20
-4.02302957460225
30
0
41
1
10
40.5510151828636
20
-4.32818054231271
30
0
41
1
10
41.1214898614111
20
-4.58003928628088
30
0
41
1
10
41.6924391782706
20
-4.7723249893763
30
0
41
1
10
42.2629220401219
20
-4.9003077649337
30
0
41
1
10
42.8335584427043
20
-4.96282518721839
30
0
0
SPLINE
5
FE
100
AcDbEntity
8
1
62
256
6
ByLayer
370
18
48
1
60
0
100
AcDbSpline
70
4
71
5
72
13
73
7
40
0
40
0
40
0
40
0
40
0
40
0
40
0.53475477703565
40
1
40
1
40
1
40
1
40
1
40
1
41
1
10
15
20
-4.99234034575329
30
0
41
1
10
15.5188090231332
20
-5.01813285559172
30
0
41
1
10
16.4900145991914
20
-4.96456087784713
30
0
41
1
10
17.4599357428078
20
-4.71876442010949
30
0
41
1
10
18.4310822374978
20
-4.2904325414992
30
0
41
1
10
19.4014944019987
20
-3.71315047900561
30
0
41
1
10
19.8530615470545
20
-3.4162726897448
30
0
0
SPLINE
5
FF
100
AcDbEntity
8
1
62
256
6
ByLayer
370
18
48
1
60
0
100
AcDbSpline
70
4
71
3
72
36
73
32
40
0
40
0
40
0
40
0
40
0.124999999999993
40
0.124999999999993
40
0.187499999999989
40
0.187499999999989
40
0.218749999999989
40
0.218749999999989
40
0.249999999999989
40
0.249999999999989
40
0.37499999999999
40
0.37499999999999
40
0.49999999999999
40
0.49999999999999
40
0.562499999999991
40
0.562499999999991
40
0.624999999999992
40
0.624999999999992
40
0.687499999999994
40
0.687499999999994
40
0.749999999999995
40
0.749999999999995
40
0.812499999999996
40
0.812499999999996
40
0.874999999999997
40
0.874999999999997
40
0.937499999999999
40
0.937499999999999
40
0.968749999999999
40
0.968749999999999
40
1
40
1
40
1
40
1
41
1
10
11.792912857849
20
3.33897735170575
30
0
41
1
10
11.6838367861095
20
3.42359102279462
30
0
41
1
10
11.5757976330934
20
3.50594633319963
30
0
41
1
10
11.4153384304031
20
3.62579457454879
30
0
41
1
10
11.362121079705
20
3.66513050824051
30
0
41
1
10
11.2827299391616
20
3.72318101941315
30
0
41
1
10
11.2563389054532
20
3.74237230951962
30
0
41
1
10
11.2037100368138
20
3.78043173015627
30
0
41
1
10
11.1774541458921
20
3.79931273430597
30
0
41
1
10
11.0468272440461
20
3.89272153089524
30
0
41
1
10
10.9444931125869
20
3.9641897723715
30
0
41
1
10
10.745209982899
20
4.10039501253758
30
0
41
1
10
10.6482427399897
20
4.16513605182845
30
0
41
1
10
10.5083225142571
20
4.25694371239084
30
0
41
1
10
10.4625803712211
20
4.28668126077454
30
0
41
1
10
10.3740429936151
20
4.3438836700081
30
0
41
1
10
10.3311626955249
20
4.37140394881246
30
0
41
1
10
10.248712996378
20
4.42421760356552
30
0
41
1
10
10.2091405149291
20
4.44951137371265
30
0
41
1
10
10.1340488028339
20
4.49777388183142
30
0
41
1
10
10.0985237682336
20
4.52074329664111
30
0
41
1
10
10.0326075255346
20
4.56420998110471
30
0
41
1
10
10.0022042124357
20
4.58470853934057
30
0
41
1
10
9.94820092030375
20
4.62300955620427
30
0
41
1
10
9.92505580729815
20
4.64049138780396
30
0
41
1
10
9.88849130036209
20
4.67193793140004
30
0
41
1
10
9.87504285127139
20
4.68590787820696
30
0
41
1
10
9.86444795624584
20
4.70404441876255
30
0
41
1
10
9.86253667390085
20
4.70962575906427
30
0
41
1
10
9.86244905089416
20
4.71966584773759
30
0
41
1
10
9.86425385082157
20
4.72414621296147
30
0
41
1
10
9.86811903634043
20
4.72809044757443
30
0
0
SPLINE
5
100
100
AcDbEntity
8
1
62
256
6
ByLayer
370
18
48
1
60
0
100
AcDbSpline
70
4
71
1
72
4
73
2
40
0
40
0
40
1
40
1
41
1
10
46.8696759620861
20
0.457604224539068
30
0
41
1
10
46.8668685382058
20
0.441540354174918
30
0
0
SPLINE
5
101
100
AcDbEntity
8
1
62
256
6
ByLayer
370
18
48
1
60
0
100
AcDbSpline
70
4
71
3
72
8
73
4
40
0
40
0
40
0
40
0
40
1
40
1
40
1
40
1
41
1
10
46.9720557478322
20
1.24321631218973
30
0
41
1
10
46.9379172706042
20
0.981321450050899
30
0
41
1
10
46.9037787933762
20
0.719426587912039
30
0
41
1
10
46.8696403161482
20
0.457531725773208
30
0
0
SPLINE
5
102
100
AcDbEntity
8
1
62
256
6
ByLayer
370
18
48
1
60
0
100
AcDbSpline
70
4
71
3
72
14
73
10
40
0
40
0
40
0
40
0
40
0.295726430743798
40
0.295726430743798
40
0.591452861487595
40
0.591452861487595
40
0.887179292231392
40
0.887179292231392
40
1
40
1
40
1
40
1
41
1
10
46.9720557478149
20
-3.82969459239717
30
0
41
1
10
46.9728436174274
20
-3.84220726796406
30
0
41
1
10
46.9729519055164
20
-3.85468062242239
30
0
41
1
10
46.9716243251809
20
-3.87953798525817
30
0
41
1
10
46.9701954867082
20
-3.89192240039398
30
0
41
1
10
46.9658583089044
20
-3.91660562561049
30
0
41
1
10
46.9629549716334
20
-3.92890472511419
30
0
41
1
10
46.9580038184551
20
-3.94584157610089
30
0
41
1
10
46.9565347213877
20
-3.95051998015552
30
0
41
1
10
46.9549709958449
20
-3.95518546472087
30
0
0
SPLINE
5
103
100
AcDbEntity
8
1
62
256
6
ByLayer
370
18
48
1
60
0
100
AcDbSpline
70
4
71
3
72
16
73
12
40
0
40
0
40
0
40
0
40
0.171658947978077
40
0.171658947978077
40
0.343317895956155
40
0.343317895956155
40
0.514976843934233
40
0.514976843934233
40
0.68663579191231
40
0.68663579191231
40
1
40
1
40
1
40
1
41
1
10
46.9720557478149
20
1.24321631205649
30
0
41
1
10
46.9728436174275
20
1.24774170678776
30
0
41
1
10
46.9729519055165
20
1.25218507235493
30
0
41
1
10
46.971624325181
20
1.26088541544942
30
0
41
1
10
46.9701954867082
20
1.26514324152993
30
0
41
1
10
46.9658583089043
20
1.27348030993829
30
0
41
1
10
46.9629549716334
20
1.27756015604186
30
0
41
1
10
46.9557871972472
20
1.28555555613886
30
0
41
1
10
46.9515036565679
20
1.28948630411395
30
0
41
1
10
46.9377901315345
20
1.3001834965265
30
0
41
1
10
46.9269883938519
20
1.30665365577193
30
0
41
1
10
46.9143381908448
20
1.3127039002899
30
0
0
SPLINE
5
104
100
AcDbEntity
8
1
62
256
6
ByLayer
370
18
48
1
60
0
100
AcDbSpline
70
4
71
3
72
16
73
12
40
0
40
0
40
0
40
0
40
0.0640053366633008
40
0.321791503743238
40
0.421631984020698
40
0.520438224593603
40
0.618251474372061
40
0.715095800965815
40
0.810985504539472
40
0.905940984530816
40
1
40
1
40
1
40
1
41
1
10
46.7969337248029
20
-4.43845012659707
30
0
41
1
10
46.7989803361729
20
-4.43513135333703
30
0
41
1
10
46.8090808053659
20
-4.41837164936968
30
0
41
1
10
46.8210314305939
20
-4.39594235431898
30
0
41
1
10
46.832211735504
20
-4.37125735101716
30
0
41
1
10
46.8388328108679
20
-4.35509971108129
30
0
41
1
10
46.844737997763
20
-4.33900953774952
30
0
41
1
10
46.8499286831832
20
-4.32300811968699
30
0
41
1
10
46.8543712742257
20
-4.30711849176882
30
0
41
1
10
46.858118474519
20
-4.29135933197242
30
0
41
1
10
46.8599769527902
20
-4.28091681078769
30
0
41
1
10
46.8609017846981
20
-4.27572031377161
30
0
0
SPLINE
5
105
100
AcDbEntity
8
1
62
256
6
ByLayer
370
13
48
1
60
0
100
AcDbSpline
70
4
71
3
72
8
73
4
40
0
40
0
40
0
40
0
40
1
40
1
40
1
40
1
41
1
10
46.9720557478062
20
-3.82969459243878
30
0
41
1
10
46.9379172705874
20
-3.94871564850405
30
0
41
1
10
46.9037787933686
20
-4.06773670456931
30
0
41
1
10
46.8696403161499
20
-4.18675776063458
30
0
0
SPLINE
5
106
100
AcDbEntity
8
1
62
256
6
ByLayer
370
18
48
1
60
0
100
AcDbSpline
70
4
71
3
72
8
73
4
40
0
40
0
40
0
40
0
40
1
40
1
40
1
40
1
41
1
10
46.4966282593673
20
4.97922355645801
30
0
41
1
10
46.5217581775444
20
4.97690808383999
30
0
41
1
10
46.5468879269447
20
4.97459088803379
30
0
41
1
10
46.5720174668983
20
4.97227155179138
30
0
0
SPLINE
5
107
100
AcDbEntity
8
1
62
256
6
ByLayer
370
18
48
1
60
0
100
AcDbSpline
70
4
71
3
72
30
73
26
40
0
40
0
40
0
40
0
40
0.0624999999999968
40
0.0624999999999968
40
0.124999999999994
40
0.124999999999994
40
0.187499999999991
40
0.187499999999991
40
0.249999999999987
40
0.249999999999987
40
0.374999999999985
40
0.374999999999985
40
0.499999999999982
40
0.499999999999982
40
0.624999999999979
40
0.624999999999979
40
0.687499999999999
40
0.687499999999999
40
0.750000000000019
40
0.750000000000019
40
0.87500000000001
40
0.87500000000001
40
0.937500000000005
40
0.937500000000005
40
1
40
1
40
1
40
1
41
1
10
46.9720557478149
20
4.45797390168502
30
0
41
1
10
46.9728436174275
20
4.47282136604082
30
0
41
1
10
46.9729519055165
20
4.48758090961857
30
0
41
1
10
46.971624325181
20
4.51690022171047
30
0
41
1
10
46.9701954867082
20
4.53146089972381
30
0
41
1
10
46.9658583089044
20
4.56039084550451
30
0
41
1
10
46.9629549716335
20
4.57476076041283
30
0
41
1
10
46.9557871972473
20
4.60332449810048
30
0
41
1
10
46.9515036565679
20
4.61757409495402
30
0
41
1
10
46.9369432221792
20
4.65934268733281
30
0
41
1
10
46.9249056314175
20
4.68606103323023
30
0
41
1
10
46.8964143725293
20
4.73736156523941
30
0
41
1
10
46.8798762330218
20
4.76211443571546
30
0
41
1
10
46.8435234457297
20
4.80809807070304
30
0
41
1
10
46.8236421256757
20
4.82948996405705
30
0
41
1
10
46.7912924297372
20
4.85920576409796
30
0
41
1
10
46.7800868086498
20
4.86871465558744
30
0
41
1
10
46.7567835575169
20
4.88689536626916
30
0
41
1
10
46.7448264980334
20
4.89545268046697
30
0
41
1
10
46.7081276487345
20
4.91945971936397
30
0
41
1
10
46.6825285827259
20
4.93329088425136
30
0
41
1
10
46.6423686701111
20
4.95065925426357
30
0
41
1
10
46.6286872099728
20
4.95588321142071
30
0
41
1
10
46.6006807882733
20
4.96509682503506
30
0
41
1
10
46.5863679694393
20
4.96907098131101
30
0
41
1
10
46.5720174668983
20
4.97227155179138
30
0
0
SPLINE
5
108
100
AcDbEntity
8
1
62
256
6
ByLayer
370
18
48
1
60
0
100
AcDbSpline
70
4
71
3
72
10
73
6
40
0
40
0
40
0
40
0
40
0.5
40
0.5
40
1
40
1
40
1
40
1
41
1
10
46.633454783524
20
-4.67690618396281
30
0
41
1
10
46.6713946627315
20
-4.61064891956678
30
0
41
1
10
46.7093141588988
20
-4.54398298613677
30
0
41
1
10
46.785127886789
20
-4.41016883721926
30
0
41
1
10
46.8230204324047
20
-4.34298765561286
30
0
41
1
10
46.8609025207589
20
-4.27560628246721
30
0
0
SPLINE
5
109
100
AcDbEntity
8
1
62
256
6
ByLayer
370
18
48
1
60
0
100
AcDbSpline
70
4
71
3
72
14
73
10
40
0
40
0
40
0
40
0
40
0.25
40
0.25
40
0.5
40
0.5
40
0.75
40
0.75
40
1
40
1
40
1
40
1
41
1
10
46.8608883966211
20
-4.27580189456921
30
0
41
1
10
46.8623782019141
20
-4.2685564449244
30
0
41
1
10
46.863769229721
20
-4.2611810557278
30
0
41
1
10
46.8662425400093
20
-4.24619952385825
30
0
41
1
10
46.8673381377064
20
-4.23850018775204
30
0
41
1
10
46.8690312296661
20
-4.22307052671638
30
0
41
1
10
46.8696187899606
20
-4.21544752897927
30
0
41
1
10
46.8701311909114
20
-4.2004365248217
30
0
41
1
10
46.8700398601645
20
-4.19338500233067
30
0
41
1
10
46.8696304193565
20
-4.18679226499725
30
0
0
SPLINE
5
10A
100
AcDbEntity
8
1
62
256
6
ByLayer
370
18
48
1
60
0
100
AcDbSpline
70
4
71
1
72
4
73
2
40
0
40
0
40
1
40
1
41
1
10
46.8696759620858
20
-4.1867238162414
30
0
41
1
10
46.8668685382058
20
-4.14151921556297
30
0
0
SPLINE
5
10B
100
AcDbEntity
8
1
62
256
6
ByLayer
370
18
48
1
60
0
100
AcDbSpline
70
4
71
3
72
8
73
4
40
0
40
0
40
0
40
0
40
1
40
1
40
1
40
1
41
1
10
44.0860828297202
20
-4.96184778021194
30
0
41
1
10
44.0859017167966
20
-4.96787631069364
30
0
41
1
10
44.0857182270312
20
-4.97169637625578
30
0
41
1
10
44.0855313527694
20
-4.97330423085251
30
0
0
SPLINE
5
10C
100
AcDbEntity
8
1
62
256
6
ByLayer
370
18
48
1
60
0
100
AcDbSpline
70
4
71
3
72
10
73
6
40
0
40
0
40
0
40
0
40
0.14366200651538
40
0.14366200651538
40
1
40
1
40
1
40
1
41
1
10
46.6565525908269
20
-4.66352995882045
30
0
41
1
10
46.6555791994913
20
-4.66498589850033
30
0
41
1
10
46.6545732637558
20
-4.66641116476964
30
0
41
1
10
46.6473135575695
20
-4.67612139247584
30
0
41
1
10
46.6397483831462
20
-4.68335556662333
30
0
41
1
10
46.6294055854926
20
-4.68965945091102
30
0
0
SPLINE
5
10D
100
AcDbEntity
8
1
62
256
6
ByLayer
370
18
48
1
60
0
100
AcDbSpline
70
4
71
3
72
27
73
23
40
0
40
0
40
0
40
0
40
0.0672178160252197
40
0.0672178160252197
40
0.134435632050439
40
0.134435632050439
40
0.268871264100837
40
0.403306896151236
40
0.403306896151236
40
0.470524712176417
40
0.470524712176417
40
0.537742528201599
40
0.537742528201599
40
0.672178160251994
40
0.672178160251994
40
0.739395976277192
40
0.739395976277192
40
0.806613792302389
40
0.806613792302389
40
0.94104942435276
40
0.94104942435276
40
1
40
1
40
1
40
1
41
1
10
46.5046638098488
20
-1.421E-13
30
0
41
1
10
46.4885620555193
20
0.0075514193569006
30
0
41
1
10
46.4726545340563
20
0.015656843972863
30
0
41
1
10
46.4412065821576
20
0.0330106479441099
30
0
41
1
10
46.4258108228096
20
0.0421800969283481
30
0
41
1
10
46.3806331879719
20
0.0710702052857926
30
0
41
1
10
46.3229952163356
20
0.113319437992658
30
0
41
1
10
46.269873284706
20
0.162713004134304
30
0
41
1
10
46.2315315541047
20
0.202373117872781
30
0
41
1
10
46.2189928817162
20
0.216045459199506
30
0
41
1
10
46.1947402322512
20
0.243837744178876
30
0
41
1
10
46.182978674789
20
0.258004727438305
30
0
41
1
10
46.1487060779618
20
0.301258793741766
30
0
41
1
10
46.1272017084612
20
0.331095124311332
30
0
41
1
10
46.096734230372
20
0.377185229245185
30
0
41
1
10
46.086877955537
20
0.392772179883366
30
0
41
1
10
46.0677428310556
20
0.424377352819874
30
0
41
1
10
46.0584371281991
20
0.440445694170933
30
0
41
1
10
46.0316253349295
20
0.488813902601493
30
0
41
1
10
46.0151892450328
20
0.521298744006657
30
0
41
1
10
45.9934291148799
20
0.568370026050616
30
0
41
1
10
45.9870478681814
20
0.582764705715732
30
0
41
1
10
45.9809168289407
20
0.597208229320415
30
0
0
SPLINE
5
10E
100
AcDbEntity
8
1
62
256
6
ByLayer
370
18
48
1
60
0
100
AcDbSpline
70
4
71
3
72
14
73
10
40
0
40
0
40
0
40
0
40
0.25
40
0.25
40
0.375
40
0.375
40
0.5
40
0.5
40
1
40
1
40
1
40
1
41
1
10
44.0860828297202
20
-4.96184778021194
30
0
41
1
10
44.0863503487823
20
-4.95294313405586
30
0
41
1
10
44.0866058701106
20
-4.93925324862641
30
0
41
1
10
44.0869926987197
20
-4.91158888227369
30
0
41
1
10
44.087121794131
20
-4.90117792415117
30
0
41
1
10
44.087378893429
20
-4.87797009751057
30
0
41
1
10
44.0875068971167
20
-4.86515889636453
30
0
41
1
10
44.088132282475
20
-4.7953256730334
30
0
41
1
10
44.0886266796844
20
-4.72106637395567
30
0
41
1
10
44.089124116564
20
-4.62836466926737
30
0
0
SPLINE
5
10F
100
AcDbEntity
8
1
62
256
6
ByLayer
370
13
48
1
60
0
100
AcDbSpline
70
4
71
3
72
12
73
8
40
0
40
0
40
0
40
0
40
0.209835603238767
40
0.372085568383378
40
0.534335533527989
40
0.858835463817212
40
1
40
1
40
1
40
1
41
1
10
43.8874632196064
20
-4.81645751088769
30
0
41
1
10
43.9046324686242
20
-4.82132769975388
30
0
41
1
10
43.9339871938272
20
-4.83207006826575
30
0
41
1
10
43.9723180214435
20
-4.8519169077619
30
0
41
1
10
44.0173867361154
20
-4.88205815099451
30
0
41
1
10
44.0562337992337
20
-4.9194272143431
30
0
41
1
10
44.0795678391691
20
-4.95172621941919
30
0
41
1
10
44.0860828297202
20
-4.96184778021197
30
0
0
SPLINE
5
110
100
AcDbEntity
8
1
62
256
6
ByLayer
370
18
48
1
60
0
100
AcDbSpline
70
4
71
3
72
8
73
4
40
0
40
0
40
0
40
0
40
1
40
1
40
1
40
1
41
1
10
36.0858054684854
20
-4.95259330938384
30
0
41
1
10
36.0856351843303
20
-4.96979008783711
30
0
41
1
10
36.0854626685472
20
-4.98482431327432
30
0
41
1
10
36.0852869577078
20
-4.99768116489528
30
0
0
SPLINE
5
111
100
AcDbEntity
8
1
62
256
6
ByLayer
370
18
48
1
60
0
100
AcDbSpline
70
4
71
3
72
14
73
10
40
0
40
0
40
0
40
0
40
0.25
40
0.25
40
0.5
40
0.5
40
0.75
40
0.75
40
1
40
1
40
1
40
1
41
1
10
15
20
-4.97655497570472
30
0
41
1
10
15.0012657864869
20
-4.94922922629095
30
0
41
1
10
15.0025596966166
20
-4.91619329182288
30
0
41
1
10
15.005089330485
20
-4.83883512357988
30
0
41
1
10
15.0063556475605
20
-4.79449965859695
30
0
41
1
10
15.0088120531098
20
-4.69446567910265
30
0
41
1
10
15.0100231888291
20
-4.6391032119725
30
0
41
1
10
15.0124860476952
20
-4.51779793361769
30
0
41
1
10
15.0136888780482
20
-4.45185952998031
30
0
41
1
10
15.014924713358
20
-4.38057567467069
30
0
0
SPLINE
5
112
100
AcDbEntity
8
1
62
256
6
ByLayer
370
18
48
1
60
0
100
AcDbSpline
70
4
71
3
72
14
73
10
40
0
40
0
40
0
40
0
40
0.25
40
0.25
40
0.375
40
0.375
40
0.499999999999999
40
0.499999999999999
40
1
40
1
40
1
40
1
41
1
10
36.0858054684854
20
-4.95259330938384
30
0
41
1
10
36.0860575596195
20
-4.92713494902884
30
0
41
1
10
36.0862979695273
20
-4.8970175283514
30
0
41
1
10
36.086662429716
20
-4.84489968888198
30
0
41
1
10
36.0867841174742
20
-4.82636890963457
30
0
41
1
10
36.0870264522543
20
-4.78698425851107
30
0
41
1
10
36.0871470906839
20
-4.76610842168171
30
0
41
1
10
36.0877357580745
20
-4.65623704529537
30
0
41
1
10
36.0882013678929
20
-4.55082057774132
30
0
41
1
10
36.0886692389844
20
-4.42783591879262
30
0
0
SPLINE
5
113
100
AcDbEntity
8
1
62
256
6
ByLayer
370
13
48
1
60
0
100
AcDbSpline
70
4
71
3
72
12
73
8
40
0
40
0
40
0
40
0
40
0.210196632549886
40
0.372729858696913
40
0.535263084843939
40
0.860329537137991
40
1
40
1
40
1
40
1
41
1
10
35.8874445172607
20
-4.81468021608259
30
0
41
1
10
35.9046127461297
20
-4.81931273829008
30
0
41
1
10
35.9339657900644
20
-4.82953013770893
30
0
41
1
10
35.9722939738788
20
-4.84840565438506
30
0
41
1
10
36.0173592507621
20
-4.8770708580106
30
0
41
1
10
36.056094570689
20
-4.91251006157208
30
0
41
1
10
36.0793582311232
20
-4.94309430019479
30
0
41
1
10
36.0858054684854
20
-4.95259330938384
30
0
0
SPLINE
5
114
100
AcDbEntity
8
1
62
256
6
ByLayer
370
18
48
1
60
0
100
AcDbSpline
70
4
71
3
72
10
73
6
40
0
40
0
40
0
40
0
40
0.162675009348465
40
0.688889041638711
40
1
40
1
40
1
40
1
41
1
10
14.1625135038981
20
4.4766666091264
30
0
41
1
10
14.1625135038981
20
4.47604868184123
30
0
41
1
10
14.1625135038981
20
4.46907604130715
30
0
41
1
10
14.1625135038982
20
4.43216667205064
30
0
41
1
10
14.1625135038982
20
4.37432911451191
30
0
41
1
10
14.1625135038981
20
4.34922160912748
30
0
0
SPLINE
5
115
100
AcDbEntity
8
1
62
256
6
ByLayer
370
13
48
1
60
0
100
AcDbSpline
70
4
71
3
72
11
73
7
40
0
40
0
40
0
40
0
40
0.0183936286481461
40
0.362211090265281
40
0.706028551882417
40
1
40
1
40
1
40
1
41
1
10
15.0000000000006
20
4.72176437931489
30
0
41
1
10
15.0000000000006
20
4.72134197625661
30
0
41
1
10
15.0000000000006
20
4.71238534076409
30
0
41
1
10
15.0000000000007
20
4.6704132775784
30
0
41
1
10
15.0000000000007
20
4.54814348099723
30
0
41
1
10
15.0000000000001
20
4.43121003767283
30
0
41
1
10
15
20
4.36960616008867
30
0
0
SPLINE
5
116
100
AcDbEntity
8
1
62
256
6
ByLayer
370
18
48
1
60
0
100
AcDbSpline
70
4
71
3
72
8
73
4
40
0
40
0
40
0
40
0
40
1
40
1
40
1
40
1
41
1
10
14.9992530243516
20
-4.99216499182293
30
0
41
1
10
14.9995020181121
20
-4.98719251509203
30
0
41
1
10
14.9997510100036
20
-4.98198885775767
30
0
41
1
10
15
20
-4.97655497570463
30
0
0
SPLINE
5
117
100
AcDbEntity
8
1
62
256
6
ByLayer
370
13
48
1
60
0
100
AcDbSpline
70
4
71
3
72
11
73
7
40
0
40
0
40
0
40
0
40
0.0183936286481544
40
0.362211090265485
40
0.706028551882816
40
1
40
1
40
1
40
1
41
1
10
15.0000000000006
20
-4.37268283063074
30
0
41
1
10
15.0000000000006
20
-4.37798830658451
30
0
41
1
10
15.0000000000006
20
-4.48191511519408
30
0
41
1
10
15.0000000000007
20
-4.6633061992737
30
0
41
1
10
15.0000000000006
20
-4.85615258740478
30
0
41
1
10
15.0000000000001
20
-4.94414058819416
30
0
41
1
10
15
20
-4.97655497570463
30
0
0
SPLINE
5
118
100
AcDbEntity
8
1
62
256
6
ByLayer
370
18
48
1
60
0
100
AcDbSpline
70
4
71
3
72
10
73
6
40
0
40
0
40
0
40
0
40
0.5
40
0.5
40
1
40
1
40
1
40
1
41
1
10
12.9985382013683
20
2.8148181311746
30
0
41
1
10
13.1150298083943
20
2.74912967536537
30
0
41
1
10
13.2326071020305
20
2.68554986336841
30
0
41
1
10
13.4692571908324
20
2.56274198771772
30
0
41
1
10
13.5883246966217
20
2.50351645582435
30
0
41
1
10
13.7076497418396
20
2.44626065838733
30
0
0
SPLINE
5
119
100
AcDbEntity
8
1
62
256
6
ByLayer
370
18
48
1
60
0
100
AcDbSpline
70
4
71
3
72
18
73
14
40
0
40
0
40
0
40
0
40
0.062499999999976
40
0.062499999999976
40
0.124999999999952
40
0.124999999999952
40
0.249999999999943
40
0.249999999999943
40
0.499999999999962
40
0.499999999999962
40
0.749999999999981
40
0.749999999999981
40
1
40
1
40
1
40
1
41
1
10
12.6186254453859
20
3.01660195666645
30
0
41
1
10
12.6272645926362
20
3.0126477115042
30
0
41
1
10
12.6358442447082
20
3.00861421584779
30
0
41
1
10
12.6527958796903
20
3.00049861441983
30
0
41
1
10
12.6611749395023
20
2.99641293755531
30
0
41
1
10
12.6861007432883
20
2.98409640042195
30
0
41
1
10
12.70243991933
20
2.97580719833871
30
0
41
1
10
12.7509465354368
20
2.95080371270524
30
0
41
1
10
12.782612610312
20
2.93395645669239
30
0
41
1
10
12.8452637173453
20
2.90010695529634
30
0
41
1
10
12.8762320380742
20
2.88309959908301
30
0
41
1
10
12.937719218486
20
2.84899994201552
30
0
41
1
10
12.9682374068396
20
2.83190444711806
30
0
41
1
10
12.9985382013715
20
2.8148181311729
30
0
0
SPLINE
5
11A
100
AcDbEntity
8
1
62
256
6
ByLayer
370
18
48
1
60
0
100
AcDbSpline
70
4
71
3
72
8
73
4
40
0
40
0
40
0
40
0
40
1
40
1
40
1
40
1
41
1
10
28.0861146936031
20
-4.72285219435091
30
0
41
1
10
28.0859564438522
20
-4.75928336136337
30
0
41
1
10
28.0857962533283
20
-4.79370840302374
30
0
41
1
10
28.0856331368075
20
-4.82609310131681
30
0
0
SPLINE
5
11B
100
AcDbEntity
8
1
62
256
6
ByLayer
370
18
48
1
60
0
100
AcDbSpline
70
4
71
3
72
8
73
4
40
0
40
0
40
0
40
0
40
1
40
1
40
1
40
1
41
1
10
13.7110821378731
20
2.44144219427912
30
0
41
1
10
13.7445097684153
20
2.42457605939151
30
0
41
1
10
13.7789590316657
20
2.40857164809321
30
0
41
1
10
13.8152508512939
20
2.39431492591731
30
0
0
SPLINE
5
11C
100
AcDbEntity
8
1
62
256
6
ByLayer
370
18
48
1
60
0
100
AcDbSpline
70
4
71
3
72
24
73
20
40
0
40
0
40
0
40
0
40
0.0405825431958011
40
0.0832737580179373
40
0.128074170850721
40
0.174984207906519
40
0.224004201870898
40
0.275134395822017
40
0.32837494501922
40
0.383725917001825
40
0.44118729033503
40
0.500758952264995
40
0.562440695492312
40
0.626232214236064
40
0.692133099735084
40
0.775888720759257
40
0.855118358532445
40
0.929822036985367
40
1
40
1
40
1
40
1
41
1
10
14.0913679999395
20
1.93508385083453
30
0
41
1
10
14.0858250688062
20
1.94123410037639
30
0
41
1
10
14.0744511954717
20
1.95385416683274
30
0
41
1
10
14.0571842892439
20
1.97349180028428
30
0
41
1
10
14.0392234584797
20
1.9942925356124
30
0
41
1
10
14.0205939479332
20
2.01630789387497
30
0
41
1
10
14.0012970350772
20
2.03956983763342
30
0
41
1
10
13.9813401273099
20
2.06411796686501
30
0
41
1
10
13.9607279202754
20
2.0899915786824
30
0
41
1
10
13.9394646828232
20
2.117231783498
30
0
41
1
10
13.9175534931481
20
2.14588076055065
30
0
41
1
10
13.8949957509116
20
2.17598165883925
30
0
41
1
10
13.8717928931236
20
2.20757887697195
30
0
41
1
10
13.8479384531452
20
2.24071590439834
30
0
41
1
10
13.8214977460101
20
2.27820869038879
30
0
41
1
10
13.793228241955
20
2.3190460965898
30
0
41
1
10
13.7638486943342
20
2.36214692825982
30
0
41
1
10
13.736129505375
20
2.40334288108346
30
0
41
1
10
13.7181626738651
20
2.43041284938613
30
0
41
1
10
13.7094598760198
20
2.44352503679033
30
0
0
SPLINE
5
11D
100
AcDbEntity
8
1
62
256
6
ByLayer
370
18
48
1
60
0
100
AcDbSpline
70
4
71
3
72
8
73
4
40
0
40
0
40
0
40
0
40
1
40
1
40
1
40
1
41
1
10
11.792912857849
20
-4.68707561704775
30
0
41
1
10
11.793542588035
20
-4.68568636244692
30
0
41
1
10
11.7941736960914
20
-4.68429792562549
30
0
41
1
10
11.7948061795193
20
-4.68291030510028
30
0
0
SPLINE
5
11E
100
AcDbEntity
8
1
62
256
6
ByLayer
370
18
48
1
60
0
100
AcDbSpline
70
4
71
3
72
12
73
8
40
0
40
0
40
0
40
0
40
0.402566479281819
40
0.402566479281819
40
0.805132958563638
40
0.805132958563638
40
1
40
1
40
1
40
1
41
1
10
11.7948061795194
20
-4.68291030510028
30
0
41
1
10
11.9315903461721
20
-4.64122153903938
30
0
41
1
10
12.0695449110795
20
-4.59393611587168
30
0
41
1
10
12.3489286781561
20
-4.48941044624169
30
0
41
1
10
12.4903613275305
20
-4.43210267606702
30
0
41
1
10
12.7040851767688
20
-4.34021276102075
30
0
41
1
10
12.7744738911878
20
-4.30913298032541
30
0
41
1
10
12.8453446340729
20
-4.27715866143643
30
0
0
SPLINE
5
11F
100
AcDbEntity
8
1
62
256
6
ByLayer
370
18
48
1
60
0
100
AcDbSpline
70
4
71
3
72
14
73
10
40
0
40
0
40
0
40
0
40
0.250000000000001
40
0.250000000000001
40
0.375000000000001
40
0.375000000000001
40
0.500000000000001
40
0.500000000000001
40
1
40
1
40
1
40
1
41
1
10
28.0861146936031
20
-4.72285219435091
30
0
41
1
10
28.0863487338104
20
-4.66897307381203
30
0
41
1
10
28.0865717929633
20
-4.61086740228228
30
0
41
1
10
28.0869113132706
20
-4.5174121038809
30
0
41
1
10
28.0870248709682
20
-4.48520977108777
30
0
41
1
10
28.087251329925
20
-4.41869792369607
30
0
41
1
10
28.0873642160387
20
-4.38435380310636
30
0
41
1
10
28.0879152316157
20
-4.20789457512134
30
0
41
1
10
28.088354236207
20
-4.05154961293124
30
0
41
1
10
28.0887997767056
20
-3.87998759191871
30
0
0
SPLINE
5
120
100
AcDbEntity
8
1
62
256
6
ByLayer
370
13
48
1
60
0
100
AcDbSpline
70
4
71
3
72
12
73
8
40
0
40
0
40
0
40
0
40
0.209967910936033
40
0.372311187083106
40
0.534654463230179
40
0.859341015524324
40
1
40
1
40
1
40
1
41
1
10
27.887571498563
20
-4.60341990032649
30
0
41
1
10
27.9047418321336
20
-4.60742388596751
30
0
41
1
10
27.9340977017654
20
-4.61625578005166
30
0
41
1
10
27.9724296297028
20
-4.63257332334678
30
0
41
1
10
28.0174987491391
20
-4.65735441804037
30
0
41
1
10
28.0563100349783
20
-4.6880496814928
30
0
41
1
10
28.0796220101042
20
-4.71456721101174
30
0
41
1
10
28.0861146936031
20
-4.72285219435091
30
0
0
SPLINE
5
121
100
AcDbEntity
8
1
62
256
6
ByLayer
370
18
48
1
60
0
100
AcDbSpline
70
4
71
3
72
25
73
21
40
0
40
0
40
0
40
0
40
0.0353205934293836
40
0.0724764472275144
40
0.111468019527474
40
0.152295681278762
40
0.194959722030801
40
0.239460353344114
40
0.285797710347073
40
0.333971851821805
40
0.383982759112758
40
0.4358303340858
40
0.489514396320058
40
0.545034679682303
40
0.602390828411484
40
0.694749839664012
40
0.780689841579683
40
0.860211034334747
40
0.933314079885823
40
1
40
1
40
1
40
1
41
1
10
14.0913679999395
20
-1.99881421344605
30
0
41
1
10
14.0858250688062
20
-1.98821369549094
30
0
41
1
10
14.0744511954717
20
-1.96646185596722
30
0
41
1
10
14.0571842892436
20
-1.93296559735197
30
0
41
1
10
14.0392234584809
20
-1.89779995206371
30
0
41
1
10
14.0205939479285
20
-1.86097233216196
30
0
41
1
10
14.001297035096
20
-1.82249734067659
30
0
41
1
10
13.9813401272352
20
-1.78238978064508
30
0
41
1
10
13.9607279205715
20
-1.7406668584911
30
0
41
1
10
13.9394646816521
20
-1.69734777140223
30
0
41
1
10
13.917553497769
20
-1.65245397651603
30
0
41
1
10
13.8949957327151
20
-1.60600954639642
30
0
41
1
10
13.8717929646462
20
-1.5580404027277
30
0
41
1
10
13.8479381725088
20
-1.50857818414198
30
0
41
1
10
13.8187289441713
20
-1.44782824721398
30
0
41
1
10
13.785292387832
20
-1.3784681254393
30
0
41
1
10
13.748670385074
20
-1.30318852788733
30
0
41
1
10
13.7147212699033
20
-1.23408492060216
30
0
41
1
10
13.6834247045476
20
-1.17101283809436
30
0
41
1
10
13.663357976081
20
-1.13119108166518
30
0
41
1
10
13.6537852015412
20
-1.11219422840566
30
0
0
SPLINE
5
122
100
AcDbEntity
8
1
62
256
6
ByLayer
370
18
48
1
60
0
100
AcDbSpline
70
4
71
3
72
20
73
16
40
0
40
0
40
0
40
0
40
0.25
40
0.25
40
0.375000000000006
40
0.375000000000006
40
0.500000000000012
40
0.500000000000012
40
0.750000000000024
40
0.750000000000024
40
0.875000000000029
40
0.875000000000029
40
0.937500000000015
40
0.937500000000015
40
1
40
1
40
1
40
1
41
1
10
44.2274885584168
20
0.595410882206693
30
0
41
1
10
44.2297758594777
20
0.63699217143008
30
0
41
1
10
44.2372053864946
20
0.678415811292183
30
0
41
1
10
44.2544038002638
20
0.741792922732401
30
0
41
1
10
44.2611672744576
20
0.763116641355111
30
0
41
1
10
44.2766957566518
20
0.806326562108467
30
0
41
1
10
44.2855159610072
20
0.828324396256562
30
0
41
1
10
44.3144498923747
20
0.894025373011175
30
0
41
1
10
44.3370514853931
20
0.93772629357062
30
0
41
1
10
44.3760065205668
20
1.00312498732276
30
0
41
1
10
44.3898435543583
20
1.02489344906289
30
0
41
1
10
44.4119531620972
20
1.05748595122091
30
0
41
1
10
44.4195403388411
20
1.06832538982008
30
0
41
1
10
44.4350405838877
20
1.08979195806103
30
0
41
1
10
44.4429688197903
20
1.10044173296382
30
0
41
1
10
44.4510764675645
20
1.11100709530908
30
0
0
SPLINE
5
123
100
AcDbEntity
8
1
62
256
6
ByLayer
370
18
48
1
60
0
100
AcDbSpline
70
4
71
3
72
38
73
34
40
0
40
0
40
0
40
0
40
0.0425486466002254
40
0.0425486466002254
40
0.0850972932004509
40
0.0850972932004509
40
0.170194586400875
40
0.255291879601299
40
0.255291879601299
40
0.2978405262015
40
0.2978405262015
40
0.3403891728017
40
0.3403891728017
40
0.425486466002102
40
0.425486466002102
40
0.468035112602303
40
0.468035112602303
40
0.510583759202504
40
0.510583759202504
40
0.595681052402905
40
0.680778345603307
40
0.680778345603307
40
0.723326992203507
40
0.723326992203507
40
0.765875638803708
40
0.765875638803708
40
0.850972932004102
40
0.850972932004102
40
0.936070225204495
40
0.936070225204495
40
0.978618871804692
40
0.978618871804692
40
1
40
1
40
1
40
1
41
1
10
46.5046638098488
20
-1.705E-13
30
0
41
1
10
46.489318201402
20
-0.0089686646908262
30
0
41
1
10
46.4741136243778
20
-0.0183899039845414
30
0
41
1
10
46.4442579334502
20
-0.0379105130023447
30
0
41
1
10
46.4296557851027
20
-0.0479741624723999
30
0
41
1
10
46.3867589661949
20
-0.0789664381196928
30
0
41
1
10
46.3319835895805
20
-0.122419543398053
30
0
41
1
10
46.2814682354679
20
-0.169152558630742
30
0
41
1
10
46.2450275258835
20
-0.205147224251021
30
0
41
1
10
46.2331553493524
20
-0.21727379521343
30
0
41
1
10
46.2101883887097
20
-0.24146096111059
30
0
41
1
10
46.1990534975584
20
-0.2535607809358
30
0
41
1
10
46.1666290010792
20
-0.289827776553182
30
0
41
1
10
46.1463144351069
20
-0.313957791452026
30
0
41
1
10
46.1176288432148
20
-0.349968220299672
30
0
41
1
10
46.108365984034
20
-0.361942145322075
30
0
41
1
10
46.0904260853036
20
-0.38582580327332
30
0
41
1
10
46.0817251210535
20
-0.397770257590338
30
0
41
1
10
46.0567244814546
20
-0.433187320885111
30
0
41
1
10
46.026269776518
20
-0.479335703581228
30
0
41
1
10
46.0012490757514
20
-0.523748603532937
30
0
41
1
10
45.9845577287066
20
-0.556597651630966
30
0
41
1
10
45.9793412377558
20
-0.567470896187587
30
0
41
1
10
45.969629258902
20
-0.589100622177028
30
0
41
1
10
45.9651509035822
20
-0.599822265311275
30
0
41
1
10
45.9529519304116
20
-0.631572623909477
30
0
41
1
10
45.9464218288965
20
-0.652269156937791
30
0
41
1
10
45.9368066604895
20
-0.693078077739756
30
0
41
1
10
45.9337182526808
20
-0.713188697700872
30
0
41
1
10
45.9320709140217
20
-0.743192062515391
30
0
41
1
10
45.9320219281947
20
-0.753166340537234
30
0
41
1
10
45.9327814117735
20
-0.768152345745222
30
0
41
1
10
45.9331772849525
20
-0.77317329317782
30
0
41
1
10
45.9337205940822
20
-0.778188030684049
30
0
0
SPLINE
5
124
100
AcDbEntity
8
1
62
256
6
ByLayer
370
18
48
1
60
0
100
AcDbSpline
70
4
71
3
72
47
73
43
40
0
40
0
40
0
40
0
40
0.0625000000000255
40
0.0625000000000255
40
0.0781250000000252
40
0.0781250000000252
40
0.0937500000000249
40
0.0937500000000249
40
0.125000000000024
40
0.125000000000024
40
0.187500000000014
40
0.187500000000014
40
0.218750000000011
40
0.218750000000011
40
0.250000000000008
40
0.250000000000008
40
0.312500000000004
40
0.312500000000004
40
0.343750000000003
40
0.343750000000003
40
0.375000000000002
40
0.375000000000002
40
0.437499999999995
40
0.437499999999995
40
0.499999999999988
40
0.562499999999981
40
0.562499999999981
40
0.593749999999973
40
0.593749999999973
40
0.624999999999965
40
0.624999999999965
40
0.687499999999959
40
0.687499999999959
40
0.749999999999954
40
0.749999999999954
40
0.874999999999958
40
0.874999999999958
40
0.906249999999964
40
0.906249999999964
40
0.93749999999997
40
0.93749999999997
40
1
40
1
40
1
40
1
41
1
10
46.0735939687693
20
0.6807095423259
30
0
41
1
10
46.0462257005153
20
0.668513673424116
30
0
41
1
10
46.0225849413011
20
0.65315739276582
30
0
41
1
10
45.9972045120776
20
0.63077478625604
30
0
41
1
10
45.9923382421761
20
0.626137587778715
30
0
41
1
10
45.9830178755556
20
0.61655632064344
30
0
41
1
10
45.9785594407395
20
0.611604430842959
30
0
41
1
10
45.9659486654773
20
0.596509480176195
30
0
41
1
10
45.9584956590689
20
0.586068773394288
30
0
41
1
10
45.9386511379205
20
0.553838300017105
30
0
41
1
10
45.9287545193725
20
0.531149175070283
30
0
41
1
10
45.9180339002323
20
0.495942131340371
30
0
41
1
10
45.9151867409655
20
0.484112864353619
30
0
41
1
10
45.9107934314237
20
0.460468143280167
30
0
41
1
10
45.9092411572618
20
0.448630546680988
30
0
41
1
10
45.9063064981426
20
0.413150685535015
30
0
41
1
10
45.9066336748299
20
0.389542429242169
30
0
41
1
10
45.9100182336146
20
0.354466361939473
30
0
41
1
10
45.911632303144
20
0.34282997839756
30
0
41
1
10
45.9157793385855
20
0.319711179641161
30
0
41
1
10
45.9183089531292
20
0.30825994110981
30
0
41
1
10
45.9271101162708
20
0.274534504069635
30
0
41
1
10
45.9346035962598
20
0.252781751183704
30
0
41
1
10
45.9524931273373
20
0.210962085123612
30
0
41
1
10
45.9732891981336
20
0.170827924866415
30
0
41
1
10
45.9996802481819
20
0.134640917554805
30
0
41
1
10
46.021656662735
20
0.109258178742351
30
0
41
1
10
46.0293359615418
20
0.101109394585364
30
0
41
1
10
46.0452622980674
20
0.0856215592176
30
0
41
1
10
46.0535284483536
20
0.0782597862067576
30
0
41
1
10
46.0792470497516
20
0.0573598378825579
30
0
41
1
10
46.0976137743383
20
0.045007472421446
30
0
41
1
10
46.1369872084504
20
0.0236739641739803
30
0
41
1
10
46.1580053842571
20
0.014690235842977
30
0
41
1
10
46.2255399874346
20
-0.0069081085853782
30
0
41
1
10
46.2745548598062
20
-0.0135137797644802
30
0
41
1
10
46.3420468830132
20
-0.0141422519189689
30
0
41
1
10
46.3558607207755
20
-0.0138898140359345
30
0
41
1
10
46.3841671959067
20
-0.0126953045831613
30
0
41
1
10
46.3987111895221
20
-0.0117485051047481
30
0
41
1
10
46.4430437499315
20
-0.0080189991663531
30
0
41
1
10
46.4734029991855
20
-0.0043711537907711
30
0
41
1
10
46.5046638098488
20
-1.705E-13
30
0
0
SPLINE
5
125
100
AcDbEntity
8
1
62
256
6
ByLayer
370
18
48
1
60
0
100
AcDbSpline
70
4
71
3
72
8
73
4
40
0
40
0
40
0
40
0
40
1
40
1
40
1
40
1
41
1
10
20.0855924942601
20
-4.36058640169509
30
0
41
1
10
20.0854086082764
20
-4.4106183297408
30
0
41
1
10
20.0852222423771
20
-4.45884775826215
30
0
41
1
10
20.0850323518083
20
-4.5052267861407
30
0
0
SPLINE
5
126
100
AcDbEntity
8
1
62
256
6
ByLayer
370
18
48
1
60
0
100
AcDbSpline
70
4
71
3
72
30
73
26
40
0
40
0
40
0
40
0
40
0.0625000000000035
40
0.0625000000000035
40
0.125000000000007
40
0.125000000000007
40
0.18750000000001
40
0.18750000000001
40
0.250000000000014
40
0.250000000000014
40
0.37500000000002
40
0.37500000000002
40
0.500000000000026
40
0.500000000000026
40
0.625000000000032
40
0.625000000000032
40
0.687500000000034
40
0.687500000000034
40
0.750000000000036
40
0.750000000000036
40
0.874999999999991
40
0.874999999999991
40
0.937499999999995
40
0.937499999999995
40
1
40
1
40
1
40
1
41
1
10
46.9720557478149
20
-3.53203147092631
30
0
41
1
10
46.9728436174275
20
-3.54401954060316
30
0
41
1
10
46.9729519055164
20
-3.55590440029533
30
0
41
1
10
46.9716243251809
20
-3.57943960422492
30
0
41
1
10
46.9701954867082
20
-3.59109101612114
30
0
41
1
10
46.9658583089044
20
-3.61416914389761
30
0
41
1
10
46.9629549716334
20
-3.625596619455
30
0
41
1
10
46.9557871972472
20
-3.64824485645355
30
0
41
1
10
46.9515036565679
20
-3.65950959740911
30
0
41
1
10
46.9369432221791
20
-3.69243324772455
30
0
41
1
10
46.9249056314175
20
-3.71336367061502
30
0
41
1
10
46.8964143725293
20
-3.7532943304964
30
0
41
1
10
46.8798762330219
20
-3.77242791546956
30
0
41
1
10
46.8435234457297
20
-3.80770378105223
30
0
41
1
10
46.8236421256757
20
-3.82397256833079
30
0
41
1
10
46.7912924297373
20
-3.84634586056353
30
0
41
1
10
46.7800868086498
20
-3.85346442398748
30
0
41
1
10
46.7567835575169
20
-3.86698522076014
30
0
41
1
10
46.7448264980334
20
-3.87330200213665
30
0
41
1
10
46.7081276487344
20
-3.89087278124742
30
0
41
1
10
46.6825285827259
20
-3.90078310191896
30
0
41
1
10
46.6423686701111
20
-3.91284530059139
30
0
41
1
10
46.6286872099728
20
-3.91639679791518
30
0
41
1
10
46.6006807882732
20
-3.92247560461047
30
0
41
1
10
46.5863679694392
20
-3.92499101787644
30
0
41
1
10
46.5720174668983
20
-3.9268819868457
30
0
0
SPLINE
5
127
100
AcDbEntity
8
1
62
256
6
ByLayer
370
13
48
1
60
0
100
AcDbSpline
70
4
71
3
72
8
73
4
40
0
40
0
40
0
40
0
40
1
40
1
40
1
40
1
41
1
10
46.9720557478193
20
-3.53203147095846
30
0
41
1
10
46.9379172705971
20
-3.35133323220481
30
0
41
1
10
46.9037787933748
20
-3.17063499345113
30
0
41
1
10
46.8696403161526
20
-2.98993675469748
30
0
0
SPLINE
5
128
100
AcDbEntity
8
1
62
256
6
ByLayer
370
18
48
1
60
0
100
AcDbSpline
70
4
71
3
72
14
73
10
40
0
40
0
40
0
40
0
40
0.25
40
0.25
40
0.375
40
0.375
40
0.5
40
0.5
40
1
40
1
40
1
40
1
41
1
10
20.0855924942601
20
-4.36058640169509
30
0
41
1
10
20.0858644077323
20
-4.2866038797429
30
0
41
1
10
20.0861240752732
20
-4.20889818627256
30
0
41
1
10
20.0865169555748
20
-4.08679273618969
30
0
41
1
10
20.0866480401516
20
-4.04516546450418
30
0
41
1
10
20.0869090940874
20
-3.96005467676045
30
0
41
1
10
20.0870390650588
20
-3.91652801880673
30
0
41
1
10
20.0876742750095
20
-3.69492809416192
30
0
41
1
10
20.0881765314751
20
-3.50489080710037
30
0
41
1
10
20.0886829193394
20
-3.30206275106639
30
0
0
SPLINE
5
129
100
AcDbEntity
8
1
62
256
6
ByLayer
370
13
48
1
60
0
100
AcDbSpline
70
4
71
3
72
12
73
8
40
0
40
0
40
0
40
0
40
0.209466811397843
40
0.371801992687928
40
0.534137173978013
40
0.858807536558183
40
1
40
1
40
1
40
1
41
1
10
19.8870795989064
20
-4.26037198601264
30
0
41
1
10
19.9042074504585
20
-4.26372528035262
30
0
41
1
10
19.9335222531292
20
-4.27112420432212
30
0
41
1
10
19.9718210822823
20
-4.28479528384673
30
0
41
1
10
20.0168933613439
20
-4.3055769314297
30
0
41
1
10
20.0557419857287
20
-4.33134120859611
30
0
41
1
10
20.0790780734347
20
-4.35360969945927
30
0
41
1
10
20.0855924942601
20
-4.36058640169509
30
0
0
SPLINE
5
12A
100
AcDbEntity
8
1
62
256
6
ByLayer
370
18
48
1
60
0
100
AcDbSpline
70
4
71
3
72
20
73
16
40
0
40
0
40
0
40
0
40
0.0185241486839418
40
0.0368523779483869
40
0.196445281557626
40
0.349208196173175
40
0.495117573856786
40
0.63416933408341
40
0.688024025651682
40
0.741320840694138
40
0.794082029177191
40
0.846320573346967
40
0.898044186817855
40
0.949263873197041
40
1
40
1
40
1
40
1
41
1
10
46.6973330075115
20
-3.22205937133435
30
0
41
1
10
46.6988725511909
20
-3.22131340080424
30
0
41
1
10
46.701935355669
20
-3.2198293494514
30
0
41
1
10
46.7180652608324
20
-3.21167601126859
30
0
41
1
10
46.7439586478744
20
-3.19639967467026
30
0
41
1
10
46.7761713477013
20
-3.17149617221421
30
0
41
1
10
46.8032279920464
20
-3.14443068644144
30
0
41
1
10
46.8210314305927
20
-3.12108583538716
30
0
41
1
10
46.8322117355009
20
-3.10299368646398
30
0
41
1
10
46.8388328108625
20
-3.09084911555277
30
0
41
1
10
46.8447379977561
20
-3.07845616187402
30
0
41
1
10
46.849928683175
20
-3.06583652275961
30
0
41
1
10
46.854371274217
20
-3.05300165528209
30
0
41
1
10
46.8581184745105
20
-3.03999515880207
30
0
41
1
10
46.8599769527824
20
-3.03111889727089
30
0
41
1
10
46.8609017846907
20
-3.02670181582622
30
0
0
SPLINE
5
12B
100
AcDbEntity
8
1
62
256
6
ByLayer
370
18
48
1
60
0
100
AcDbSpline
70
4
71
3
72
14
73
10
40
0
40
0
40
0
40
0
40
0.25
40
0.25
40
0.5
40
0.5
40
0.75
40
0.75
40
1
40
1
40
1
40
1
41
1
10
15.0000000000001
20
4.36960616008835
30
0
41
1
10
15.001265786487
20
4.42178552923707
30
0
41
1
10
15.0025596966166
20
4.46828434076713
30
0
41
1
10
15.0050893304851
20
4.55005480554485
30
0
41
1
10
15.0063556475605
20
4.58532915656698
30
0
41
1
10
15.0088120531098
20
4.6445096684219
30
0
41
1
10
15.0100231888291
20
4.66821578365091
30
0
41
1
10
15.0124860476952
20
4.70398109683865
30
0
41
1
10
15.0136888780482
20
4.71604540483622
30
0
41
1
10
15.014924713358
20
4.7222253359844
30
0
0
SPLINE
5
12C
100
AcDbEntity
8
1
62
256
6
ByLayer
370
18
48
1
60
0
100
AcDbSpline
70
4
71
3
72
8
73
4
40
0
40
0
40
0
40
0
40
1
40
1
40
1
40
1
41
1
10
14.9992530243291
20
4.33782620358144
30
0
41
1
10
14.9995020180971
20
4.34863683211984
30
0
41
1
10
14.9997510099961
20
4.3592305226388
30
0
41
1
10
15
20
4.36960616008864
30
0
0
SPLINE
5
12D
100
AcDbEntity
8
1
62
256
6
ByLayer
370
18
48
1
60
0
100
AcDbSpline
70
4
71
3
72
10
73
6
40
0
40
0
40
0
40
0
40
0.5
40
0.5
40
1
40
1
40
1
40
1
41
1
10
46.6334547835241
20
3.22559438736826
30
0
41
1
10
46.6713946952093
20
3.10797210844393
30
0
41
1
10
46.7093141330118
20
2.99016167731835
30
0
41
1
10
46.7851278964693
20
2.75432051970307
30
0
41
1
10
46.8230204432883
20
2.63627496912051
30
0
41
1
10
46.8609025207657
20
2.5181381468004
30
0
0
SPLINE
5
12E
100
AcDbEntity
8
1
62
256
6
ByLayer
370
18
48
1
60
0
100
AcDbSpline
70
4
71
3
72
11
73
7
40
0
40
0
40
0
40
0
40
0.173082080778153
40
0.492204456687869
40
0.811326832597585
40
1
40
1
40
1
40
1
41
1
10
14.1625135038981
20
-3.67832652331941
30
0
41
1
10
14.1625135038981
20
-3.74355023499052
30
0
41
1
10
14.1625135038981
20
-3.92219795402863
30
0
41
1
10
14.162513503898
20
-4.18291347106904
30
0
41
1
10
14.1625135038981
20
-4.40041374759974
30
0
41
1
10
14.1625135038981
20
-4.50897221346679
30
0
41
1
10
14.1625135038981
20
-4.54573752635557
30
0
0
SPLINE
5
12F
100
AcDbEntity
8
1
62
256
6
ByLayer
370
18
48
1
60
0
100
AcDbSpline
70
4
71
3
72
8
73
4
40
0
40
0
40
0
40
0
40
1
40
1
40
1
40
1
41
1
10
9.86811903634043
20
4.72809044757446
30
0
41
1
10
9.90395293598255
20
4.70075414147971
30
0
41
1
10
9.93987446274812
20
4.67350322816247
30
0
41
1
10
9.97588740991924
20
4.6463435736452
30
0
0
SPLINE
5
130
100
AcDbEntity
8
1
62
256
6
ByLayer
370
18
48
1
60
0
100
AcDbSpline
70
4
71
3
72
10
73
6
40
0
40
0
40
0
40
0
40
0.103641637411744
40
0.103641637411744
40
1
40
1
40
1
40
1
41
1
10
11.8046154929886
20
3.43156859002966
30
0
41
1
10
11.8320318512874
20
3.4161795948053
30
0
41
1
10
11.8595193098148
20
3.40089075493916
30
0
41
1
10
12.1254316563805
20
3.25436816056631
30
0
41
1
10
12.3691993316016
20
3.13076739165348
30
0
41
1
10
12.6186254453851
20
3.01660195666571
30
0
0
SPLINE
5
131
100
AcDbEntity
8
1
62
256
6
ByLayer
370
18
48
1
60
0
100
AcDbSpline
70
4
71
3
72
10
73
6
40
0
40
0
40
0
40
0
40
0.5
40
0.5
40
1
40
1
40
1
40
1
41
1
10
46.633454783524
20
-2.5624880523622
30
0
41
1
10
46.6713946832016
20
-2.64042499447052
30
0
41
1
10
46.7093141423126
20
-2.71798953026206
30
0
41
1
10
46.7851278932069
20
-2.8726753958172
30
0
41
1
10
46.8230204395429
20
-2.94976643228912
30
0
41
1
10
46.8609025207632
20
-3.02667349896365
30
0
0
SPLINE
5
132
100
AcDbEntity
8
1
62
256
6
ByLayer
370
18
48
1
60
0
100
AcDbSpline
70
4
71
3
72
14
73
10
40
0
40
0
40
0
40
0
40
0.25
40
0.25
40
0.5
40
0.5
40
0.75
40
0.75
40
1
40
1
40
1
40
1
41
1
10
46.8608883966194
20
-3.02677162392166
30
0
41
1
10
46.8623782019127
20
-3.02637832449801
30
0
41
1
10
46.8637692297199
20
-3.02555717661835
30
0
41
1
10
46.8662425400087
20
-3.02270801709864
30
0
41
1
10
46.8673381377059
20
-3.02065534077127
30
0
41
1
10
46.8690312296658
20
-3.01485676658379
30
0
41
1
10
46.8696187899604
20
-3.01115738276587
30
0
41
1
10
46.8701311909115
20
-3.00171124401311
30
0
41
1
10
46.8700398601645
20
-2.9961605211507
30
0
41
1
10
46.8696304193565
20
-2.98988436999829
30
0
0
SPLINE
5
133
100
AcDbEntity
8
1
62
256
6
ByLayer
370
18
48
1
60
0
100
AcDbSpline
70
4
71
1
72
4
73
2
40
0
40
0
40
1
40
1
41
1
10
46.8696759620861
20
-2.98998616986921
30
0
41
1
10
46.8668685382058
20
-2.94695231423344
30
0
0
SPLINE
5
134
100
AcDbEntity
8
1
62
256
6
ByLayer
370
18
48
1
60
0
100
AcDbSpline
70
4
71
3
72
16
73
12
40
0
40
0
40
0
40
0
40
0.250000000000001
40
0.250000000000001
40
0.375000000000001
40
0.375000000000001
40
0.500000000000001
40
0.500000000000001
40
0.75
40
0.75
40
1
40
1
40
1
40
1
41
1
10
17.3205791763536
20
4.01035494798774
30
0
41
1
10
17.3203019797845
20
3.94436123644098
30
0
41
1
10
17.3200668775237
20
3.87264317714994
30
0
41
1
10
17.3196525545238
20
3.75654053293829
30
0
41
1
10
17.3195094522296
20
3.71641616650973
30
0
41
1
10
17.3192543802208
20
3.63329949817191
30
0
41
1
10
17.3191410586497
20
3.59043892137279
30
0
41
1
10
17.3187864863687
20
3.45814957199636
30
0
41
1
10
17.3185064175723
20
3.3649580468053
30
0
41
1
10
17.3179447499439
20
3.16863160618143
30
0
41
1
10
17.3176978031262
20
3.06549396400382
30
0
41
1
10
17.3174271402564
20
2.95729857231112
30
0
0
SPLINE
5
135
100
AcDbEntity
8
1
62
256
6
ByLayer
370
13
48
1
60
0
100
AcDbSpline
70
4
71
3
72
12
73
8
40
0
40
0
40
0
40
0
40
0.209560566163665
40
0.371936288511945
40
0.534312010860225
40
0.859063455556785
40
1
40
1
40
1
40
1
41
1
10
17.8879122648255
20
2.46011161018453
30
0
41
1
10
17.9050436355317
20
2.46408994877305
30
0
41
1
10
17.9343617559183
20
2.47286751619737
30
0
41
1
10
17.972663103129
20
2.48908533702036
30
0
41
1
10
18.0177346939909
20
2.51373595253628
30
0
41
1
10
18.0565644631138
20
2.54428206016433
30
0
41
1
10
18.0798886498682
20
2.57067659616331
30
0
41
1
10
18.0863917057551
20
2.57893368895094
30
0
0
SPLINE
5
136
100
AcDbEntity
8
1
62
256
6
ByLayer
370
18
48
1
60
0
100
AcDbSpline
70
4
71
3
72
8
73
4
40
0
40
0
40
0
40
0
40
1
40
1
40
1
40
1
41
1
10
13.2328236831663
20
-0.822089054272823
30
0
41
1
10
13.3718609372358
20
-0.91788424952054
30
0
41
1
10
13.5121674290923
20
-1.01369653774739
30
0
41
1
10
13.6529712621034
20
-1.1105855091856
30
0
0
SPLINE
5
137
100
AcDbEntity
8
1
62
256
6
ByLayer
370
18
48
1
60
0
100
AcDbSpline
70
4
71
3
72
10
73
6
40
0
40
0
40
0
40
0
40
0.5
40
0.5
40
1
40
1
40
1
40
1
41
1
10
13.6546483641738
20
-1.11416640727958
30
0
41
1
10
13.6877557070237
20
-1.13772018873516
30
0
41
1
10
13.7213974232704
20
-1.16046699284613
30
0
41
1
10
13.7900823724827
20
-1.20391395725025
30
0
41
1
10
13.8251212741899
20
-1.22461886918208
30
0
41
1
10
13.8611227793273
20
-1.24397378815809
30
0
0
SPLINE
5
138
100
AcDbEntity
8
1
62
256
6
ByLayer
370
18
48
1
60
0
100
AcDbSpline
70
4
71
3
72
14
73
10
40
0
40
0
40
0
40
0
40
0.25
40
0.25
40
0.5
40
0.5
40
0.75
40
0.75
40
1
40
1
40
1
40
1
41
1
10
46.8608883966195
20
2.51827875643224
30
0
41
1
10
46.8623782019127
20
2.51102989908426
30
0
41
1
10
46.8637692297199
20
2.50391597498896
30
0
41
1
10
46.8662425400087
20
2.49020922381786
30
0
41
1
10
46.8673381377058
20
2.48353550343882
30
0
41
1
10
46.8690312296658
20
2.47122205794599
30
0
41
1
10
46.8696187899605
20
2.4656640931571
30
0
41
1
10
46.8701311909115
20
2.45608032801843
30
0
41
1
10
46.8700398601646
20
2.45227924720044
30
0
41
1
10
46.8696304193566
20
2.44940957888662
30
0
0
SPLINE
5
139
100
AcDbEntity
8
1
62
256
6
ByLayer
370
18
48
1
60
0
100
AcDbSpline
70
4
71
3
72
20
73
16
40
0
40
0
40
0
40
0
40
0.0185241486852226
40
0.0368523779509922
40
0.196445281571398
40
0.349208196197635
40
0.495117573891456
40
0.63416933412781
40
0.688024025689262
40
0.741320840725001
40
0.794082029201561
40
0.846320573365067
40
0.89804418682977
40
0.949263873202927
40
1
40
1
40
1
40
1
41
1
10
46.6973330075116
20
2.69134746413201
30
0
41
1
10
46.698872551191
20
2.69025042767422
30
0
41
1
10
46.701935355669
20
2.68806795749134
30
0
41
1
10
46.7180652608324
20
2.67641296069817
30
0
41
1
10
46.7439586478745
20
2.65664841481762
30
0
41
1
10
46.7761713477013
20
2.62916299077355
30
0
41
1
10
46.8032279920464
20
2.60307486559273
30
0
41
1
10
46.8210314305922
20
2.58320114399365
30
0
41
1
10
46.8322117354996
20
2.56905176434563
30
0
41
1
10
46.83883281086
20
2.55998057799636
30
0
41
1
10
46.8447379977527
20
2.55113557833317
30
0
41
1
10
46.8499286831713
20
2.54252513089102
30
0
41
1
10
46.8543712742129
20
2.53416585521555
30
0
41
1
10
46.8581184745066
20
2.52604962611451
30
0
41
1
10
46.8599769527788
20
2.52083382987723
30
0
41
1
10
46.8609017846872
20
2.51823830058848
30
0
0
SPLINE
5
13A
100
AcDbEntity
8
1
62
256
6
ByLayer
370
18
48
1
60
0
100
AcDbSpline
70
4
71
3
72
15
73
11
40
0
40
0
40
0
40
0
40
0.125
40
0.125
40
0.25
40
0.5
40
0.5
40
0.75
40
0.75
40
1
40
1
40
1
40
1
41
1
10
46.5720174668971
20
1.96122337219558
30
0
41
1
10
46.5763035294172
20
1.99378162324388
30
0
41
1
10
46.5813628378232
20
2.02595059864774
30
0
41
1
10
46.5918282787486
20
2.08973640903312
30
0
41
1
10
46.6082178020903
20
2.18455470481715
30
0
41
1
10
46.6252500852901
20
2.27706722790765
30
0
41
1
10
46.6473884247553
20
2.3985746403059
30
0
41
1
10
46.6581837443799
20
2.4584045988872
30
0
41
1
10
46.6786655899217
20
2.5762973090271
30
0
41
1
10
46.6883838037188
20
2.63434558687689
30
0
41
1
10
46.6973330073464
20
2.69134746424933
30
0
0
SPLINE
5
13B
100
AcDbEntity
8
1
62
256
6
ByLayer
370
18
48
1
60
0
100
AcDbSpline
70
4
71
3
72
14
73
10
40
0
40
0
40
0
40
0
40
0.250000000000001
40
0.250000000000001
40
0.500000000000001
40
0.500000000000001
40
0.75
40
0.75
40
1
40
1
40
1
40
1
41
1
10
46.6973322413799
20
2.69134663748011
30
0
41
1
10
46.691598594172
20
2.7399247889318
30
0
41
1
10
46.6867919401046
20
2.7876816098377
30
0
41
1
10
46.6778534554174
20
2.88156779399
30
0
41
1
10
46.6737134910557
20
2.92771242164471
30
0
41
1
10
46.6646489077257
20
3.01830884522104
30
0
41
1
10
46.6597470820273
20
3.06277041335386
30
0
41
1
10
46.6473135575695
20
3.14998032895008
30
0
41
1
10
46.6397483831462
20
3.19268292935558
30
0
41
1
10
46.6294055854926
20
3.23448676774262
30
0
0
SPLINE
5
13C
100
AcDbEntity
8
1
62
256
6
ByLayer
370
18
48
1
60
0
100
AcDbSpline
70
4
71
3
72
30
73
26
40
0
40
0
40
0
40
0
40
0.0624999999999958
40
0.0624999999999958
40
0.124999999999992
40
0.124999999999992
40
0.187499999999987
40
0.187499999999987
40
0.249999999999983
40
0.249999999999983
40
0.374999999999994
40
0.374999999999994
40
0.500000000000004
40
0.500000000000004
40
0.625000000000014
40
0.625000000000014
40
0.68750000000002
40
0.68750000000002
40
0.750000000000025
40
0.750000000000025
40
0.874999999999985
40
0.874999999999985
40
0.937499999999993
40
0.937499999999993
40
1
40
1
40
1
40
1
41
1
10
46.9720557478149
20
1.73860211534466
30
0
41
1
10
46.9728436174275
20
1.74400058534624
30
0
41
1
10
46.9729519055165
20
1.74942335323584
30
0
41
1
10
46.9716243251809
20
1.76032409908285
30
0
41
1
10
46.9701954867082
20
1.76580182569003
30
0
41
1
10
46.9658583089043
20
1.77681017726158
30
0
41
1
10
46.9629549716334
20
1.78234062338132
30
0
41
1
10
46.9557871972472
20
1.79345018064541
30
0
41
1
10
46.9515036565678
20
1.79905141032006
30
0
41
1
10
46.9369432221792
20
1.81563690888504
30
0
41
1
10
46.9249056314176
20
1.82647330671887
30
0
41
1
10
46.8964143725291
20
1.84772810805634
30
0
41
1
10
46.8798762330218
20
1.85821636877873
30
0
41
1
10
46.8435234457296
20
1.87816983904455
30
0
41
1
10
46.8236421256756
20
1.88769990533916
30
0
41
1
10
46.7912924297371
20
1.90133277566636
30
0
41
1
10
46.7800868086497
20
1.90576640524995
30
0
41
1
10
46.7567835575167
20
1.91439996951795
30
0
41
1
10
46.7448264980333
20
1.91854604527092
30
0
41
1
10
46.7081276487344
20
1.93044055612518
30
0
41
1
10
46.6825285827258
20
1.93766479835932
30
0
41
1
10
46.6423686701111
20
1.94740468875654
30
0
41
1
10
46.6286872099728
20
1.95046778257443
30
0
41
1
10
46.6006807882732
20
1.95619337039352
30
0
41
1
10
46.5863679694392
20
1.95884914773205
30
0
41
1
10
46.5720174668982
20
1.96122337220436
30
0
0
SPLINE
5
13D
100
AcDbEntity
8
1
62
256
6
ByLayer
370
18
48
1
60
0
100
AcDbSpline
70
4
71
3
72
8
73
4
40
0
40
0
40
0
40
0
40
1
40
1
40
1
40
1
41
1
10
46.4966282593672
20
1.97006678867504
30
0
41
1
10
46.5217581775444
20
1.96711965363676
30
0
41
1
10
46.5468879269447
20
1.96417189759938
30
0
41
1
10
46.5720174668983
20
1.96122337220436
30
0
0
SPLINE
5
13E
100
AcDbEntity
8
1
62
256
6
ByLayer
370
18
48
1
60
0
100
AcDbSpline
70
4
71
3
72
18
73
14
40
0
40
0
40
0
40
0
40
0.0625
40
0.0625
40
0.125
40
0.125
40
0.25
40
0.25
40
0.5
40
0.5
40
0.75
40
0.75
40
1
40
1
40
1
40
1
41
1
10
12.4853605515646
20
-0.388752069140111
30
0
41
1
10
12.5021776552845
20
-0.394906714849356
30
0
41
1
10
12.5188898793419
20
-0.401572483276993
30
0
41
1
10
12.5519305791196
20
-0.415532030438186
30
0
41
1
10
12.5682953387679
20
-0.422841804305534
30
0
41
1
10
12.617041609127
20
-0.44551411570967
30
0
41
1
10
12.6490809771944
20
-0.461607452577283
30
0
41
1
10
12.7443285496704
20
-0.511773053770867
30
0
41
1
10
12.8066827080847
20
-0.547696504647689
30
0
41
1
10
12.9301751065563
20
-0.622260588173447
30
0
41
1
10
12.9912875158134
20
-0.660954910474743
30
0
41
1
10
13.112685828513
20
-0.740241048012507
30
0
41
1
10
13.1729733938088
20
-0.780852838892827
30
0
41
1
10
13.2328236831663
20
-0.822089054272709
30
0
0
SPLINE
5
13F
100
AcDbEntity
8
1
62
256
6
ByLayer
370
18
48
1
60
0
100
AcDbSpline
70
4
71
3
72
16
73
12
40
0
40
0
40
0
40
0
40
0.25
40
0.25
40
0.5
40
0.5
40
0.625
40
0.625
40
0.75
40
0.75
40
1
40
1
40
1
40
1
41
1
10
11.7948061795194
20
-2.39726076818764
30
0
41
1
10
11.9315901600385
20
-2.50937157997262
30
0
41
1
10
12.0695446389436
20
-2.61606289161847
30
0
41
1
10
12.3489284449011
20
-2.81836584438102
30
0
41
1
10
12.4903612198884
20
-2.91392313391952
30
0
41
1
10
12.7063807556585
20
-3.04805677483
30
0
41
1
10
12.7791101256037
20
-3.09127417373688
30
0
41
1
10
12.9255830491395
20
-3.17419401411385
30
0
41
1
10
12.999357660366
20
-3.21392002905762
30
0
41
1
10
13.2226591788672
20
-3.32773000088326
30
0
41
1
10
13.374149355321
20
-3.39645026845474
30
0
41
1
10
13.5293869327291
20
-3.45755129080666
30
0
0
SPLINE
5
140
100
AcDbEntity
8
1
62
256
6
ByLayer
370
18
48
1
60
0
100
AcDbSpline
70
4
71
3
72
14
73
10
40
0
40
0
40
0
40
0
40
0.25
40
0.25
40
0.5
40
0.5
40
0.75
40
0.75
40
1
40
1
40
1
40
1
41
1
10
9.8850065296588
20
0.899075637358692
30
0
41
1
10
10.0867308381793
20
0.769642227954421
30
0
41
1
10
10.2912924782995
20
0.645220834160199
30
0
41
1
10
10.7074498112721
20
0.407663997666674
30
0
41
1
10
10.9190524055045
20
0.294546539008792
30
0
41
1
10
11.3507239361957
20
0.0801458034863742
30
0
41
1
10
11.5708046438638
20
-0.021117767300467
30
0
41
1
10
12.0206529680012
20
-0.212585251261402
30
0
41
1
10
12.2504356254209
20
-0.302775333029103
30
0
41
1
10
12.4853605515646
20
-0.388752069140168
30
0
0
SPLINE
5
141
100
AcDbEntity
8
1
62
256
6
ByLayer
370
18
48
1
60
0
100
AcDbSpline
70
4
71
3
72
30
73
26
40
0
40
0
40
0
40
0
40
0.0625000000000059
40
0.0625000000000059
40
0.125000000000012
40
0.125000000000012
40
0.250000000000024
40
0.250000000000024
40
0.312500000000032
40
0.312500000000032
40
0.375000000000039
40
0.375000000000039
40
0.500000000000049
40
0.62500000000006
40
0.62500000000006
40
0.65625000000006
40
0.65625000000006
40
0.68750000000006
40
0.750000000000051
40
0.750000000000051
40
0.875000000000032
40
0.875000000000032
40
0.937500000000016
40
0.937500000000016
40
1
40
1
40
1
40
1
41
1
10
9.86811903634037
20
4.72809044757443
30
0
41
1
10
9.86567455223982
20
4.73077820716799
30
0
41
1
10
9.86398362299707
20
4.7332338586655
30
0
41
1
10
9.86227751670043
20
4.7376661136141
30
0
41
1
10
9.86227163900963
20
4.73962061220496
30
0
41
1
10
9.86493115687745
20
4.74471629831248
30
0
41
1
10
9.87026599588017
20
4.74708951233458
30
0
41
1
10
9.88427195975078
20
4.74918354151907
30
0
41
1
10
9.88994300234583
20
4.74963728506614
30
0
41
1
10
9.9034260786988
20
4.75006855942672
30
0
41
1
10
9.91128328593175
20
4.75004382384372
30
0
41
1
10
9.937833805655
20
4.74929397917265
30
0
41
1
10
9.98120036978133
20
4.74651790969622
30
0
41
1
10
10.0402549279266
20
4.74096863588778
30
0
41
1
10
10.0820696519099
20
4.73685573671401
30
0
41
1
10
10.0906866113853
20
4.73599999745252
30
0
41
1
10
10.1082602005665
20
4.73424460846422
30
0
41
1
10
10.1351806504035
20
4.73154064892842
30
0
41
1
10
10.16372447433
20
4.72865502919109
30
0
41
1
10
10.2228482103164
20
4.72271351625031
30
0
41
1
10
10.2649731202704
20
4.71852787262455
30
0
41
1
10
10.3318330800103
20
4.71214610922809
30
0
41
1
10
10.3547673730758
20
4.70999819606311
30
0
41
1
10
10.4012373559938
20
4.70575036416179
30
0
41
1
10
10.4248388610566
20
4.70364398182636
30
0
41
1
10
10.4487767825567
20
4.70156692306381
30
0
0
SPLINE
5
142
100
AcDbEntity
8
1
62
256
6
ByLayer
370
18
48
1
60
0
100
AcDbSpline
70
4
71
3
72
36
73
32
40
0
40
0
40
0
40
0
40
0.0312500000000018
40
0.0312500000000018
40
0.0625000000000036
40
0.0625000000000036
40
0.125000000000021
40
0.125000000000021
40
0.15625000000003
40
0.15625000000003
40
0.187500000000039
40
0.187500000000039
40
0.250000000000042
40
0.250000000000042
40
0.312500000000045
40
0.312500000000045
40
0.343750000000039
40
0.343750000000039
40
0.375000000000032
40
0.375000000000032
40
0.500000000000023
40
0.500000000000023
40
0.625000000000013
40
0.625000000000013
40
0.687500000000015
40
0.687500000000015
40
0.750000000000018
40
0.750000000000018
40
0.875000000000009
40
0.875000000000009
40
1
40
1
40
1
40
1
41
1
10
10.4487767825586
20
4.70156692306333
30
0
41
1
10
10.4613080803532
20
4.70047960051153
30
0
41
1
10
10.4743353718778
20
4.69945753499218
30
0
41
1
10
10.5008686223468
20
4.69757991030096
30
0
41
1
10
10.5143408023795
20
4.69672548668999
30
0
41
1
10
10.5552988482758
20
4.69439957291416
30
0
41
1
10
10.5833221658486
20
4.69316479930777
30
0
41
1
10
10.6262424785451
20
4.69174030171988
30
0
41
1
10
10.640726991531
20
4.69133629185672
30
0
41
1
10
10.6698440587398
20
4.69066813471616
30
0
41
1
10
10.6843948908522
20
4.69040548554975
30
0
41
1
10
10.728026791597
20
4.68981217497702
30
0
41
1
10
10.7570873910279
20
4.68967545382506
30
0
41
1
10
10.8151629484803
20
4.68983898270591
30
0
41
1
10
10.8441778405222
20
4.69013962120926
30
0
41
1
10
10.8876700434159
20
4.69087233415607
30
0
41
1
10
10.90216240128
20
4.69116363942365
30
0
41
1
10
10.9311375280493
20
4.69183364445655
30
0
41
1
10
10.9456209650064
20
4.69221257615536
30
0
41
1
10
11.0174521307049
20
4.69429163751374
30
0
41
1
10
11.0735340310832
20
4.69654888199344
30
0
41
1
10
11.1834959017772
20
4.70180454967121
30
0
41
1
10
11.2373682934036
20
4.70480611389448
30
0
41
1
10
11.3167234723004
20
4.70960263614933
30
0
41
1
10
11.3429548515837
20
4.71125244340328
30
0
41
1
10
11.3948521878111
20
4.71460329669497
30
0
41
1
10
11.4203656334264
20
4.71629428007108
30
0
41
1
10
11.4956942202659
20
4.72135455897418
30
0
41
1
10
11.5443025117225
20
4.72471040114669
30
0
41
1
10
11.6386382544784
20
4.73109968931482
30
0
41
1
10
11.6843635688146
20
4.73413378473711
30
0
41
1
10
11.7287483137542
20
4.73687299812735
30
0
0
SPLINE
5
143
100
AcDbEntity
8
1
62
256
6
ByLayer
370
18
48
1
60
0
100
AcDbSpline
70
4
71
3
72
42
73
38
40
0
40
0
40
0
40
0
40
0.124999999999996
40
0.124999999999996
40
0.187499999999992
40
0.187499999999992
40
0.21874999999999
40
0.21874999999999
40
0.249999999999988
40
0.249999999999988
40
0.374999999999985
40
0.374999999999985
40
0.437499999999985
40
0.437499999999985
40
0.499999999999984
40
0.499999999999984
40
0.562499999999984
40
0.562499999999984
40
0.624999999999984
40
0.624999999999984
40
0.687499999999984
40
0.687499999999984
40
0.749999999999983
40
0.749999999999983
40
0.781249999999984
40
0.781249999999984
40
0.812499999999985
40
0.812499999999985
40
0.874999999999988
40
0.874999999999988
40
0.89062499999999
40
0.89062499999999
40
0.906249999999991
40
0.906249999999991
40
0.937499999999994
40
0.937499999999994
40
1
40
1
40
1
40
1
41
1
10
11.792912857849
20
-2.39911342230209
30
0
41
1
10
11.680489726786
20
-2.29328681935883
30
0
41
1
10
11.5691671904631
20
-2.18393709139201
30
0
41
1
10
11.4038868980494
20
-2.01428483939335
30
0
41
1
10
11.3490801702187
20
-1.95679287916653
30
0
41
1
10
11.2673360773353
20
-1.86906313963769
30
0
41
1
10
11.2401659402486
20
-1.83957096021811
30
0
41
1
10
11.1859904554625
20
-1.78007133228399
30
0
41
1
10
11.1589710263923
20
-1.7500476629242
30
0
41
1
10
11.0246795852654
20
-1.59900478677002
30
0
41
1
10
10.9195528535628
20
-1.47498468790133
30
0
41
1
10
10.7662340257988
20
-1.28331733606723
30
0
41
1
10
10.7158624445745
20
-1.21848309841806
30
0
41
1
10
10.6168390953404
20
-1.08669077257181
30
0
41
1
10
10.5681620941964
20
-1.01969922397848
30
0
41
1
10
10.4729746711624
20
-0.883413773736436
30
0
41
1
10
10.4266637517165
20
-0.814408530360225
30
0
41
1
10
10.3370732826793
20
-0.674399308627329
30
0
41
1
10
10.2937912546421
20
-0.603396792696913
30
0
41
1
10
10.2109029907274
20
-0.459013359144478
30
0
41
1
10
10.1712922061858
20
-0.385635118472152
30
0
41
1
10
10.0966728177856
20
-0.235953709065654
30
0
41
1
10
10.0616550817785
20
-0.159655902904518
30
0
41
1
10
10.0136309589931
20
-0.0423954726990701
30
0
41
1
10
9.99837350780794
20
-0.002808245343914
30
0
41
1
10
9.96988158036663
20
0.0766653742924177
30
0
41
1
10
9.95660898328376
20
0.116639130684433
30
0
41
1
10
9.92008230564042
20
0.237367523783178
30
0
41
1
10
9.90007519931385
20
0.318917824910301
30
0
41
1
10
9.88224531204412
20
0.422640389599167
30
0
41
1
10
9.87904175492497
20
0.443475038029732
30
0
41
1
10
9.87341951202274
20
0.485340187319167
30
0
41
1
10
9.8710088986345
20
0.506324652403322
30
0
41
1
10
9.86508753902046
20
0.569045296112165
30
0
41
1
10
9.86286402460937
20
0.610700014578413
30
0
41
1
10
9.86187637851805
20
0.73516817321854
30
0
41
1
10
9.86873954345745
20
0.817488025972324
30
0
41
1
10
9.88500652968295
20
0.899075637355168
30
0
0
SPLINE
5
144
100
AcDbEntity
8
1
62
256
6
ByLayer
370
18
48
1
60
0
100
AcDbSpline
70
4
71
3
72
24
73
20
40
0
40
0
40
0
40
0
40
0.124999999999997
40
0.124999999999997
40
0.249999999999994
40
0.249999999999994
40
0.374999999999992
40
0.374999999999992
40
0.499999999999989
40
0.499999999999989
40
0.624999999999986
40
0.624999999999986
40
0.687499999999988
40
0.687499999999988
40
0.749999999999991
40
0.749999999999991
40
0.874999999999995
40
0.874999999999995
40
1
40
1
40
1
40
1
41
1
10
9.88500652967883
20
0.899075637356987
30
0
41
1
10
9.87477278467077
20
0.958709371345577
30
0
41
1
10
9.86772631808515
20
1.01837789117934
30
0
41
1
10
9.86125341265614
20
1.13787942522623
30
0
41
1
10
9.86181768777891
20
1.19771170263763
30
0
41
1
10
9.87233289665139
20
1.31767471928674
30
0
41
1
10
9.88217670396313
20
1.37626596134442
30
0
41
1
10
9.91174421620633
20
1.49033863317703
30
0
41
1
10
9.93149111848828
20
1.54591011538653
30
0
41
1
10
9.98176397609177
20
1.65367304558205
30
0
41
1
10
10.0115496841268
20
1.70430047563664
30
0
41
1
10
10.0627555565072
20
1.77580278254661
30
0
41
1
10
10.0809140356899
20
1.79889549000069
30
0
41
1
10
10.1193583457395
20
1.84365439926921
30
0
41
1
10
10.1396840315871
20
1.86535946749689
30
0
41
1
10
10.2035392083052
20
1.92815496006156
30
0
41
1
10
10.2491038447845
20
1.96616167754445
30
0
41
1
10
10.345292245224
20
2.03580929237862
30
0
41
1
10
10.3959209291843
20
2.06744303511616
30
0
41
1
10
10.4487767825567
20
2.09633549992577
30
0
0
SPLINE
5
145
100
AcDbEntity
8
1
62
256
6
ByLayer
370
18
48
1
60
0
100
AcDbSpline
70
4
71
3
72
34
73
30
40
0
40
0
40
0
40
0
40
0.0312499999999972
40
0.0312499999999972
40
0.0624999999999944
40
0.0624999999999944
40
0.124999999999989
40
0.124999999999989
40
0.187499999999983
40
0.187499999999983
40
0.249999999999978
40
0.249999999999978
40
0.312499999999972
40
0.312499999999972
40
0.343749999999977
40
0.343749999999977
40
0.374999999999981
40
0.374999999999981
40
0.499999999999985
40
0.499999999999985
40
0.624999999999989
40
0.624999999999989
40
0.687499999999991
40
0.687499999999991
40
0.749999999999993
40
0.749999999999993
40
0.874999999999996
40
0.874999999999996
40
1
40
1
40
1
40
1
41
1
10
10.4487767825613
20
2.09633549992833
30
0
41
1
10
10.4612992594683
20
2.10318063060484
30
0
41
1
10
10.4742908551105
20
2.10948147261485
30
0
41
1
10
10.5008636757354
20
2.12095015169314
30
0
41
1
10
10.5143494670655
20
2.12608298783016
30
0
41
1
10
10.5553304980749
20
2.13990855680066
30
0
41
1
10
10.5833453884567
20
2.14704090451036
30
0
41
1
10
10.6405110579145
20
2.15791761366495
30
0
41
1
10
10.6698135316802
20
2.16165320512377
30
0
41
1
10
10.7280447838018
20
2.16611048313908
30
0
41
1
10
10.757115828962
20
2.16687155379668
30
0
41
1
10
10.815183728828
20
2.16595361264075
30
0
41
1
10
10.8441804728447
20
2.1642708464347
30
0
41
1
10
10.8876267319574
20
2.16013672094007
30
0
41
1
10
10.9021006414572
20
2.1584891893296
30
0
41
1
10
10.9310329318545
20
2.15468138060592
30
0
41
1
10
10.94551870008
20
2.15251607926541
30
0
41
1
10
11.017450509358
20
2.14053994180975
30
0
41
1
10
11.0735649532638
20
2.12732749360504
30
0
41
1
10
11.1835253920566
20
2.09505520688981
30
0
41
1
10
11.237363354334
20
2.07597493262736
30
0
41
1
10
11.3166277099246
20
2.04342095744678
30
0
41
1
10
11.3427988075776
20
2.03190990778236
30
0
41
1
10
11.394662259465
20
2.00760989006088
30
0
41
1
10
11.4202616044129
20
1.99486167661024
30
0
41
1
10
11.4956811759074
20
1.95514308471451
30
0
41
1
10
11.5443214170203
20
1.92661526392689
30
0
41
1
10
11.6386778459231
20
1.86579347657695
30
0
41
1
10
11.6843917941917
20
1.83349697536511
30
0
41
1
10
11.7287483137478
20
1.79939642772968
30
0
0
SPLINE
5
146
100
AcDbEntity
8
1
62
256
6
ByLayer
370
18
48
1
60
0
100
AcDbSpline
70
4
71
3
72
16
73
12
40
0
40
0
40
0
40
0
40
0.25
40
0.25
40
0.5
40
0.5
40
0.625
40
0.625
40
0.75
40
0.75
40
1
40
1
40
1
40
1
41
1
10
11.7948061795194
20
3.33583416282221
30
0
41
1
10
11.9315900706722
20
3.22211582595205
30
0
41
1
10
12.0695445082614
20
3.10601900551998
30
0
41
1
10
12.3489283327844
20
2.87050126331212
30
0
41
1
10
12.4903611680034
20
2.75104469769019
30
0
41
1
10
12.706380884836
20
2.57049875998388
30
0
41
1
10
12.7791102482225
20
2.51003459554377
30
0
41
1
10
12.9255828437006
20
2.38936040381645
30
0
41
1
10
12.9993573415074
20
2.32912343846095
30
0
41
1
10
13.222658686844
20
2.14916357561668
30
0
41
1
10
13.3741489685982
20
2.03017297845707
30
0
41
1
10
13.5293869327338
20
1.91357932559771
30
0
0
SPLINE
5
147
100
AcDbEntity
8
1
62
256
6
ByLayer
370
18
48
1
60
0
100
AcDbSpline
70
4
71
3
72
16
73
12
40
0
40
0
40
0
40
0
40
0.25
40
0.25
40
0.375
40
0.375
40
0.5
40
0.5
40
0.75
40
0.75
40
1
40
1
40
1
40
1
41
1
10
25.3205238976105
20
3.2874483241745
30
0
41
1
10
25.3201859407308
20
3.19214158684056
30
0
41
1
10
25.3198965291676
20
3.09205149375643
30
0
41
1
10
25.3194093605849
20
2.93479248276498
30
0
41
1
10
25.3192434888433
20
2.88118335177174
30
0
41
1
10
25.3189456595702
20
2.77156864520322
30
0
41
1
10
25.3188123997071
20
2.71573638392871
30
0
41
1
10
25.3184022074304
20
2.54540390477425
30
0
41
1
10
25.3180906456733
20
2.42798866500579
30
0
41
1
10
25.317476210947
20
2.18547934583688
30
0
41
1
10
25.317207941061
20
2.06038313797183
30
0
41
1
10
25.3169206092025
20
1.93138119336041
30
0
0
SPLINE
5
148
100
AcDbEntity
8
1
62
256
6
ByLayer
370
18
48
1
60
0
100
AcDbSpline
70
4
71
3
72
30
73
26
40
0
40
0
40
0
40
0
40
0.0541946717675835
40
0.0541946717675835
40
0.117248360316409
40
0.117248360316409
40
0.243355737414067
40
0.243355737414067
40
0.369463114511724
40
0.369463114511724
40
0.432516803060553
40
0.432516803060553
40
0.464043647334967
40
0.464043647334967
40
0.495570491609381
40
0.495570491609381
40
0.621677868707038
40
0.621677868707038
40
0.684731557255867
40
0.684731557255867
40
0.747785245804696
40
0.747785245804696
40
0.873892622902348
40
0.873892622902348
40
1
40
1
40
1
40
1
41
1
10
40.6577456799817
20
-4.34186203452595
30
0
41
1
10
40.5752653840458
20
-4.37161785784019
30
0
41
1
10
40.492874138071
20
-4.3999040849794
30
0
41
1
10
40.3147175444776
20
-4.45804739410949
30
0
41
1
10
40.2189695032861
20
-4.48740394585997
30
0
41
1
10
39.9317870234947
20
-4.569551983596
30
0
41
1
10
39.7404202746341
20
-4.61639951195212
30
0
41
1
10
39.3570594346393
20
-4.69354814693142
30
0
41
1
10
39.1650683525359
20
-4.72377797052343
30
0
41
1
10
38.8759217484042
20
-4.75630695971557
30
0
41
1
10
38.7793446266159
20
-4.76505496837765
30
0
41
1
10
38.6341030796138
20
-4.77499701011885
30
0
41
1
10
38.5856072653006
20
-4.77777717901449
30
0
41
1
10
38.4885581987243
20
-4.78223668927447
30
0
41
1
10
38.4401052021453
20
-4.78391172449375
30
0
41
1
10
38.1981691436888
20
-4.78949229427846
30
0
41
1
10
38.0056681248211
20
-4.78503830819628
30
0
41
1
10
37.7177919172192
20
-4.76508077902736
30
0
41
1
10
37.6219817398162
20
-4.75619785684091
30
0
41
1
10
37.4305260046833
20
-4.73406657139424
30
0
41
1
10
37.3348742868301
20
-4.72084912257705
30
0
41
1
10
37.0479169576245
20
-4.67531599814728
30
0
41
1
10
36.8566190888691
20
-4.6371382581865
30
0
41
1
10
36.4733575834379
20
-4.54461793999792
30
0
41
1
10
36.2813884539258
20
-4.49031566978829
30
0
41
1
10
36.0886692389864
20
-4.42783591879328
30
0
0
SPLINE
5
149
100
AcDbEntity
8
1
62
256
6
ByLayer
370
18
48
1
60
0
100
AcDbSpline
70
4
71
3
72
8
73
4
40
0
40
0
40
0
40
0
40
1
40
1
40
1
40
1
41
1
10
46.3970606719338
20
-1.07685491505538
30
0
41
1
10
46.4209761234561
20
-1.06189488161917
30
0
41
1
10
46.4448861337495
20
-1.04687799569544
30
0
41
1
10
46.4687907019302
20
-1.0318042480497
30
0
0
SPLINE
5
14A
100
AcDbEntity
8
1
62
256
6
ByLayer
370
18
48
1
60
0
100
AcDbSpline
70
4
71
5
72
43
73
37
40
0
40
0
40
0
40
0
40
0
40
0
40
0.0240837661171312
40
0.06204780879556
40
0.100011851473989
40
0.125321213259608
40
0.163285255938037
40
0.188594617723656
40
0.226558660402085
40
0.251868022187704
40
0.289832064866133
40
0.327796107544561
40
0.35310546933018
40
0.378414831115799
40
0.416378873794228
40
0.454342916472657
40
0.479652278258276
40
0.517616320936705
40
0.555580363615134
40
0.580889725400752
40
0.606199087186372
40
0.644163129864801
40
0.68212717254323
40
0.707436534328849
40
0.745400577007278
40
0.770709938792897
40
0.808673981471325
40
0.833983343256945
40
0.871947385935373
40
0.909911428613802
40
0.935220790399421
40
0.97318483307785
40
0.998494194863469
40
1
40
1
40
1
40
1
40
1
40
1
41
1
10
26.5286665384701
20
2.452151994795
30
0
41
1
10
26.5863077578212
20
2.43018641021462
30
0
41
1
10
26.7348107510672
20
2.37274487806155
30
0
41
1
10
26.9741755182085
20
2.27667705259216
30
0
41
1
10
27.2741148012797
20
2.14955073868654
30
0
41
1
10
27.6649158582462
20
1.97369513809593
30
0
41
1
10
28.0586502117916
20
1.78605561754804
30
0
41
1
10
28.4523845653371
20
1.58983307014137
30
0
41
1
10
28.8158316609175
20
1.40156749679448
30
0
41
1
10
29.209566014463
20
1.19089181262328
30
0
41
1
10
29.6033003680085
20
0.974408715119438
30
0
41
1
10
29.997034721554
20
0.752717307092468
30
0
41
1
10
30.3604818171344
20
0.544720831847059
30
0
41
1
10
30.7542161706799
20
0.316871566919986
30
0
41
1
10
31.1479505242254
20
0.0874914316235333
30
0
41
1
10
31.5113976198058
20
-0.124739474738135
30
0
41
1
10
31.9051319733513
20
-0.354053386803088
30
0
41
1
10
32.3291535848618
20
-0.598946902630587
30
0
41
1
10
32.7228879384073
20
-0.823195887150689
30
0
41
1
10
33.0863350339878
20
-1.02652225710713
30
0
41
1
10
33.4800693875333
20
-1.24172422977222
30
0
41
1
10
33.8738037410787
20
-1.45092718251487
30
0
41
1
10
34.2372508366592
20
-1.63766009239021
30
0
41
1
10
34.6309851902046
20
-1.83203877943731
30
0
41
1
10
35.0247195437502
20
-2.01665545217591
30
0
41
1
10
35.4184538972956
20
-2.19148286510341
30
0
41
1
10
35.7819009928761
20
-2.34312572233657
30
0
41
1
10
36.1756353464216
20
-2.49604389354727
30
0
41
1
10
36.569369699967
20
-2.63693712342567
30
0
41
1
10
36.9631040535126
20
-2.7638350438298
30
0
41
1
10
37.356838407058
20
-2.87737452667034
30
0
41
1
10
37.7505727606035
20
-2.97560814344229
30
0
41
1
10
38.0570492800925
20
-3.04086200749461
30
0
41
1
10
38.2726640256865
20
-3.08101391062905
30
0
41
1
10
38.4277042553503
20
-3.10686531832752
30
0
41
1
10
38.491882711119
20
-3.11704606223037
30
0
41
1
10
38.4954866509577
20
-3.11761612025998
30
0
0
SPLINE
5
14B
100
AcDbEntity
8
1
62
256
6
ByLayer
370
18
48
1
60
0
100
AcDbSpline
70
4
71
3
72
30
73
26
40
0
40
0
40
0
40
0
40
0.0746045898979478
40
0.0746045898979478
40
0.149209179795896
40
0.149209179795896
40
0.298418359591797
40
0.298418359591797
40
0.33572065454077
40
0.33572065454077
40
0.373022949489742
40
0.373022949489742
40
0.447627539387681
40
0.447627539387681
40
0.52223212928562
40
0.52223212928562
40
0.596836719183558
40
0.596836719183558
40
0.746045898979442
40
0.746045898979442
40
0.820650488877384
40
0.820650488877384
40
0.895255078775326
40
0.895255078775326
40
1
40
1
40
1
40
1
41
1
10
25.3205238976105
20
3.2874483241745
30
0
41
1
10
25.2247396403193
20
3.34746010628325
30
0
41
1
10
25.1289150350157
20
3.40600047250248
30
0
41
1
10
24.9370718095713
20
3.51994783439548
30
0
41
1
10
24.8410446933723
20
3.57540501812741
30
0
41
1
10
24.5524598791052
20
3.73735527465132
30
0
41
1
10
24.3594194946662
20
3.83933533910761
30
0
41
1
10
24.1167675989141
20
3.95851883232001
30
0
41
1
10
24.0682031752378
20
3.98192223880793
30
0
41
1
10
23.9712904197728
20
4.0277074506555
30
0
41
1
10
23.9228998350907
20
4.05011033841757
30
0
41
1
10
23.777905554509
20
4.11583755279594
30
0
41
1
10
23.6814785257139
20
4.15768481593517
30
0
41
1
10
23.4889970638687
20
4.23732523839715
30
0
41
1
10
23.3929537309293
20
4.27506311755258
30
0
41
1
10
23.2010743415609
20
4.34664859317729
30
0
41
1
10
23.1052333746176
20
4.38052933411262
30
0
41
1
10
22.8178675228157
20
4.47634222115508
30
0
41
1
10
22.6265020983499
20
4.53245794816601
30
0
41
1
10
22.3391904866966
20
4.60441513250112
30
0
41
1
10
22.2433767815298
20
4.6263542237933
30
0
41
1
10
22.0515592699001
20
4.66592412564583
30
0
41
1
10
21.9555552735191
20
4.68352881217774
30
0
41
1
10
21.7243642783874
20
4.72092579806247
30
0
41
1
10
21.5890213995436
20
4.73870181924639
30
0
41
1
10
21.4532054911672
20
4.75235025919162
30
0
0
SPLINE
5
14C
100
AcDbEntity
8
1
62
256
6
ByLayer
370
18
48
1
60
0
100
AcDbSpline
70
4
71
3
72
38
73
34
40
0
40
0
40
0
40
0
40
0.249999999999891
40
0.249999999999891
40
0.312499999999871
40
0.312499999999871
40
0.343749999999861
40
0.343749999999861
40
0.374999999999851
40
0.374999999999851
40
0.406249999999841
40
0.406249999999841
40
0.43749999999983
40
0.43749999999983
40
0.499999999999809
40
0.499999999999809
40
0.562499999999789
40
0.562499999999789
40
0.593749999999792
40
0.593749999999792
40
0.624999999999796
40
0.624999999999796
40
0.68749999999983
40
0.68749999999983
40
0.749999999999864
40
0.749999999999864
40
0.812499999999898
40
0.812499999999898
40
0.874999999999932
40
0.874999999999932
40
0.937499999999966
40
0.937499999999966
40
1
40
1
40
1
40
1
41
1
10
25.3205238976105
20
3.28744832417448
30
0
41
1
10
25.3879920972684
20
3.22458910050131
30
0
41
1
10
25.456071586554
20
3.16226765241072
30
0
41
1
10
25.5421132093874
20
3.08530678823499
30
0
41
1
10
25.5593737169287
20
3.06997014133822
30
0
41
1
10
25.5853193028234
20
3.0470143175084
30
0
41
1
10
25.5939711864132
20
3.03936203920793
30
0
41
1
10
25.6115674568363
20
3.0244646596384
30
0
41
1
10
25.6204806303406
20
3.01717553791684
30
0
41
1
10
25.6384938741305
20
3.00285852667733
30
0
41
1
10
25.647595727066
20
2.99583315862199
30
0
41
1
10
25.6659703999729
20
2.98202393224955
30
0
41
1
10
25.6752910259074
20
2.97520686518467
30
0
41
1
10
25.7030332970931
20
2.95542030776741
30
0
41
1
10
25.7212736122081
20
2.94307295240336
30
0
41
1
10
25.7572882380525
20
2.91967865108018
30
0
41
1
10
25.7750598513498
20
2.90864220184693
30
0
41
1
10
25.801367699236
20
2.8929546629127
30
0
41
1
10
25.8100792939662
20
2.88786902741194
30
0
41
1
10
25.8273881314597
20
2.87797012013152
30
0
41
1
10
25.8359630496635
20
2.87317022586055
30
0
41
1
10
25.8612255344193
20
2.85932479505104
30
0
41
1
10
25.8775398868543
20
2.85078512809679
30
0
41
1
10
25.9092129724096
20
2.83494229342963
30
0
41
1
10
25.9245747663756
20
2.82763485437576
30
0
41
1
10
25.9543660740875
20
2.81425019150657
30
0
41
1
10
25.9687795677725
20
2.80819607418695
30
0
41
1
10
25.9966578205467
20
2.79739956841826
30
0
41
1
10
26.0099069793473
20
2.79274402354659
30
0
41
1
10
26.0349349185454
20
2.78504940529021
30
0
41
1
10
26.0467376298207
20
2.78199186738729
30
0
41
1
10
26.0688102018889
20
2.77769510621926
30
0
41
1
10
26.0790717438534
20
2.77646438511385
30
0
41
1
10
26.0884558291878
20
2.77635253337425
30
0
0
SPLINE
5
14D
100
AcDbEntity
8
1
62
256
6
ByLayer
370
18
48
1
60
0
100
AcDbSpline
70
4
71
3
72
38
73
34
40
0
40
0
40
0
40
0
40
0.250000000000005
40
0.250000000000005
40
0.312500000000006
40
0.312500000000006
40
0.343749999999992
40
0.343749999999992
40
0.374999999999979
40
0.374999999999979
40
0.406249999999965
40
0.406249999999965
40
0.437499999999952
40
0.437499999999952
40
0.499999999999954
40
0.499999999999954
40
0.562499999999956
40
0.562499999999956
40
0.593749999999971
40
0.593749999999971
40
0.624999999999986
40
0.624999999999986
40
0.687499999999988
40
0.687499999999988
40
0.749999999999991
40
0.749999999999991
40
0.812499999999993
40
0.812499999999993
40
0.874999999999995
40
0.874999999999995
40
0.937499999999998
40
0.937499999999998
40
1
40
1
40
1
40
1
41
1
10
35.3182885923291
20
-4.13614705834874
30
0
41
1
10
35.3859595448008
20
-4.12482640540952
30
0
41
1
10
35.4542444559716
20
-4.11104276033058
30
0
41
1
10
35.5405468500412
20
-4.09084862650599
30
0
41
1
10
35.5578595732754
20
-4.08669174540796
30
0
41
1
10
35.583885459943
20
-4.08014058406135
30
0
41
1
10
35.5925549110212
20
-4.07781253296153
30
0
41
1
10
35.610181393277
20
-4.07457563983672
30
0
41
1
10
35.6191125312681
20
-4.07352971060683
30
0
41
1
10
35.6371638406868
20
-4.0723982870166
30
0
41
1
10
35.6462860394812
20
-4.07232385737589
30
0
41
1
10
35.6647033561614
20
-4.07310996713395
30
0
41
1
10
35.6740469983977
20
-4.07397917635572
30
0
41
1
10
35.7018950224324
20
-4.07790872796357
30
0
41
1
10
35.720203664796
20
-4.08226025418708
30
0
41
1
10
35.7563516211129
20
-4.09376763495783
30
0
41
1
10
35.7741884646195
20
-4.10094264584816
30
0
41
1
10
35.8005917378366
20
-4.11364791698824
30
0
41
1
10
35.809334744851
20
-4.11820425311527
30
0
41
1
10
35.8267057065248
20
-4.12793516662572
30
0
41
1
10
35.835316577796
20
-4.13310238377338
30
0
41
1
10
35.8606795341103
20
-4.14931725670039
30
0
41
1
10
35.8770570089476
20
-4.16114080653898
30
0
41
1
10
35.908849249666
20
-4.18661411302412
30
0
41
1
10
35.9242672646855
20
-4.20025747284566
30
0
41
1
10
35.9541655818139
20
-4.22933970677769
30
0
41
1
10
35.9686297358264
20
-4.24481090032177
30
0
41
1
10
35.9966031034252
20
-4.27762431539878
30
0
41
1
10
36.0098976979486
20
-4.2947240277673
30
0
41
1
10
36.0350055643721
20
-4.33026084810709
30
0
41
1
10
36.0468439533156
20
-4.34870192265484
30
0
41
1
10
36.0689780598577
20
-4.38707511263138
30
0
41
1
10
36.0792654874223
20
-4.40701475936302
30
0
41
1
10
36.0886692389844
20
-4.42783591879262
30
0
0
SPLINE
5
14E
100
AcDbEntity
8
1
62
256
6
ByLayer
370
18
48
1
60
0
100
AcDbSpline
70
4
71
3
72
8
73
4
40
0
40
0
40
0
40
0
40
1
40
1
40
1
40
1
41
1
10
46.6334547835208
20
-2.56248805236865
30
0
41
1
10
46.6322157323866
20
-2.56489715062531
30
0
41
1
10
46.6308592819974
20
-2.56716798512542
30
0
41
1
10
46.6294055854933
20
-2.56932210891247
30
0
0
SPLINE
5
14F
100
AcDbEntity
8
1
62
256
6
ByLayer
370
18
48
1
60
0
100
AcDbSpline
70
4
71
3
72
22
73
18
40
0
40
0
40
0
40
0
40
0.250000000000006
40
0.250000000000006
40
0.312500000000007
40
0.312500000000007
40
0.375000000000007
40
0.375000000000007
40
0.500000000000005
40
0.500000000000005
40
0.625000000000004
40
0.625000000000004
40
0.750000000000003
40
0.750000000000003
40
0.875000000000001
40
0.875000000000001
40
1
40
1
40
1
40
1
41
1
10
46.4687907019303
20
-1.12140124366655
30
0
41
1
10
46.4889127292427
20
-1.25085197426932
30
0
41
1
10
46.5081685646606
20
-1.37940493410815
30
0
41
1
10
46.5307180763489
20
-1.5385204261847
30
0
41
1
10
46.5351520628501
20
-1.57026484109025
30
0
41
1
10
46.5438542408286
20
-1.63358183146673
30
0
41
1
10
46.5481260828986
20
-1.66518263145116
30
0
41
1
10
46.5606233826368
20
-1.75946088621166
30
0
41
1
10
46.5685255104102
20
-1.82155928738106
30
0
41
1
10
46.5832120332138
20
-1.94379404650101
30
0
41
1
10
46.5899934664971
20
-2.00392520546728
30
0
41
1
10
46.6023657407404
20
-2.12209758409321
30
0
41
1
10
46.6079575078316
20
-2.18014042946317
30
0
41
1
10
46.6178133262432
20
-2.29389547744455
30
0
41
1
10
46.6220789413102
20
-2.34961042502169
30
0
41
1
10
46.6290386523394
20
-2.45828171046287
30
0
41
1
10
46.6317359560579
20
-2.51124367914881
30
0
41
1
10
46.6334547835255
20
-2.56248805237041
30
0
0
SPLINE
5
150
100
AcDbEntity
8
1
62
256
6
ByLayer
370
18
48
1
60
0
100
AcDbSpline
70
4
71
3
72
16
73
12
40
0
40
0
40
0
40
0
40
0.249999999999973
40
0.249999999999973
40
0.312499999999967
40
0.312499999999967
40
0.37499999999996
40
0.37499999999996
40
0.499999999999962
40
0.499999999999962
40
1
40
1
40
1
40
1
41
1
10
44.554368586453
20
0.106652702472928
30
0
41
1
10
44.7146774990389
20
0.0047202278843486
30
0
41
1
10
44.8752681841331
20
-0.0976290468030925
30
0
41
1
10
45.0763443849035
20
-0.226065382243462
30
0
41
1
10
45.1165765606358
20
-0.251777700571211
30
0
41
1
10
45.1970745879365
20
-0.303252150786989
30
0
41
1
10
45.2373378491484
20
-0.329012646431749
30
0
41
1
10
45.357911341563
20
-0.406197754502557
30
0
41
1
10
45.4380947288305
20
-0.457583142653618
30
0
41
1
10
45.838039630631
20
-0.714161461414164
30
0
41
1
10
46.1549043534727
20
-0.918315452295872
30
0
41
1
10
46.468790701927
20
-1.12140124366408
30
0
0
SPLINE
5
151
100
AcDbEntity
8
1
62
256
6
ByLayer
370
18
48
1
60
0
100
AcDbSpline
70
4
71
3
72
25
73
21
40
0
40
0
40
0
40
0
40
0.249999999999969
40
0.249999999999969
40
0.312499999999961
40
0.312499999999961
40
0.374999999999953
40
0.499999999999977
40
0.499999999999977
40
0.562499999999988
40
0.562499999999988
40
0.625
40
0.625
40
0.75
40
0.75
40
0.812499999999999
40
0.812499999999999
40
0.874999999999999
40
0.874999999999999
40
1
40
1
40
1
40
1
41
1
10
44.5543685864523
20
0.106652702472815
30
0
41
1
10
44.5058525576092
20
0.137501635307672
30
0
41
1
10
44.4600730484459
20
0.171071731907119
30
0
41
1
10
44.4075338173793
20
0.217646549233081
30
0
41
1
10
44.3972242389032
20
0.227237220240312
30
0
41
1
10
44.3773536857472
20
0.246723824196579
30
0
41
1
10
44.3487142424602
20
0.2763578143107
30
0
41
1
10
44.3236905025115
20
0.307255348144622
30
0
41
1
10
44.3012953624283
20
0.339112933652728
30
0
41
1
10
44.2942691046345
20
0.349892711477025
30
0
41
1
10
44.281140301877
20
0.371801132861151
30
0
41
1
10
44.2750166718378
20
0.382980782525294
30
0
41
1
10
44.2584256622605
20
0.416411381961297
30
0
41
1
10
44.2496173859874
20
0.438713383170949
30
0
41
1
10
44.2395576738233
20
0.472308109374382
30
0
41
1
10
44.2367299072289
20
0.483530919624542
30
0
41
1
10
44.2321110050455
20
0.506039336651497
30
0
41
1
10
44.2303172913319
20
0.51736018029294
30
0
41
1
10
44.2265145235838
20
0.551116571873905
30
0
41
1
10
44.2260610205694
20
0.573348825509157
30
0
41
1
10
44.2274885584168
20
0.595410882206721
30
0
0
SPLINE
5
152
100
AcDbEntity
8
1
62
256
6
ByLayer
370
18
48
1
60
0
100
AcDbSpline
70
4
71
5
72
18
73
12
40
0
40
0
40
0
40
0
40
0
40
0
40
0.349010347207591
40
0.436262934009489
40
0.567141814212336
40
0.654394401014233
40
0.78527328121708
40
0.872525868018978
40
1
40
1
40
1
40
1
40
1
40
1
41
1
10
14.0962242899095
20
-2.01706242209878
30
0
41
1
10
14.3385223536297
20
-2.12764067850617
30
0
41
1
10
14.6413949332802
20
-2.25986327266358
30
0
41
1
10
15.0351292868256
20
-2.42111099009847
30
0
41
1
10
15.4894381563012
20
-2.58967927324034
30
0
41
1
10
16.0346087996718
20
-2.76541273834198
30
0
41
1
10
16.3980558952523
20
-2.87026084125844
30
0
41
1
10
16.7894265254635
20
-2.96935187828623
30
0
41
1
10
17.0899353817796
20
-3.03458717458452
30
0
41
1
10
17.3298697221656
20
-3.0795535940143
30
0
41
1
10
17.4789422886565
20
-3.10470306345857
30
0
41
1
10
17.5674403392173
20
-3.11864313759372
30
0
0
SPLINE
5
153
100
AcDbEntity
8
1
62
256
6
ByLayer
370
18
48
1
60
0
100
AcDbSpline
70
4
71
5
72
21
73
15
40
0
40
0
40
0
40
0
40
0
40
0
40
0.0644013128801458
40
0.1865958106866
40
0.308790308493055
40
0.390253307030691
40
0.512447804837145
40
0.634642302643599
40
0.716105301181229
40
0.797568299718873
40
0.919762797525327
40
1
40
1
40
1
40
1
40
1
40
1
41
1
10
40.5095726323238
20
2.44277742903367
30
0
41
1
10
40.5574603656874
20
2.42443538391916
30
0
41
1
10
40.6962098729462
20
2.37063336268926
30
0
41
1
10
40.9258211541002
20
2.27848325711611
30
0
41
1
10
41.2160069511841
20
2.15575266279757
30
0
41
1
10
41.5970545221633
20
1.98490640399959
30
0
41
1
10
42.0210761336737
20
1.78345918218196
30
0
41
1
10
42.4148104872192
20
1.5868968857587
30
0
41
1
10
42.7782575827996
20
1.39837481702034
30
0
41
1
10
43.1719919363451
20
1.1874884452163
30
0
41
1
10
43.5345275505847
20
0.988029889080195
30
0
41
1
10
43.8062013909291
20
0.835590564896961
30
0
41
1
10
44.0173007153434
20
0.715703226749781
30
0
41
1
10
44.1678255238277
20
0.629618087748867
30
0
41
1
10
44.2274885584168
20
0.595410882206721
30
0
0
SPLINE
5
154
100
AcDbEntity
8
1
62
256
6
ByLayer
370
18
48
1
60
0
100
AcDbSpline
70
4
71
3
72
13
73
9
40
0
40
0
40
0
40
0
40
0.0862703133343244
40
0.172540626668649
40
0.345081253337298
40
0.517621880005946
40
0.690162506674594
40
1
40
1
40
1
40
1
41
1
10
14.0962242899095
20
-2.01706242209878
30
0
41
1
10
14.0799669737728
20
-2.06050124045925
30
0
41
1
10
14.034261482165
20
-2.14195729082465
30
0
41
1
10
13.9375867309255
20
-2.29997810906818
30
0
41
1
10
13.8277518766459
20
-2.5026176327795
30
0
41
1
10
13.7127724482374
20
-2.74933851312997
30
0
41
1
10
13.5949625336492
20
-3.06572970587385
30
0
41
1
10
13.5436596912516
20
-3.30316560614108
30
0
41
1
10
13.5297288734607
20
-3.45639370527076
30
0
0
SPLINE
5
155
100
AcDbEntity
8
1
62
256
6
ByLayer
370
18
48
1
60
0
100
AcDbSpline
70
4
71
3
72
8
73
4
40
0
40
0
40
0
40
0
40
1
40
1
40
1
40
1
41
1
10
13.5297680487866
20
-3.45596335929568
30
0
41
1
10
13.7398118302184
20
-3.53805174113805
30
0
41
1
10
13.9505950572985
20
-3.61220197135771
30
0
41
1
10
14.1625135038982
20
-3.67832652331708
30
0
0
SPLINE
5
156
100
AcDbEntity
8
1
62
256
6
ByLayer
370
18
48
1
60
0
100
AcDbSpline
70
4
71
3
72
17
73
13
40
0
40
0
40
0
40
0
40
0.250000000000012
40
0.250000000000012
40
0.375000000000012
40
0.375000000000012
40
0.500000000000012
40
0.625000000000012
40
0.625000000000012
40
0.750000000000012
40
0.750000000000012
40
1
40
1
40
1
40
1
41
1
10
14.1625135038981
20
-3.67832652331705
30
0
41
1
10
14.225265722209
20
-3.75226504815035
30
0
41
1
10
14.2900855219627
20
-3.82246545365678
30
0
41
1
10
14.3902958122375
20
-3.92215887322382
30
0
41
1
10
14.4242136259521
20
-3.95446745282069
30
0
41
1
10
14.492988165694
20
-4.01712650330501
30
0
41
1
10
14.5624972087279
20
-4.07764411007722
30
0
41
1
10
14.6334751180571
20
-4.13387824633236
30
0
41
1
10
14.705204295605
20
-4.18794684692188
30
0
41
1
10
14.7414707779471
20
-4.21391316079129
30
0
41
1
10
14.8509090109418
20
-4.28814185507281
30
0
41
1
10
14.9248685554461
20
-4.33287756739816
30
0
41
1
10
15.0000000000031
20
-4.3726828306304
30
0
0
SPLINE
5
157
100
AcDbEntity
8
1
62
256
6
ByLayer
370
18
48
1
60
0
100
AcDbSpline
70
4
71
3
72
8
73
4
40
0
40
0
40
0
40
0
40
1
40
1
40
1
40
1
41
1
10
15.0000000000006
20
-4.37268283062912
30
0
41
1
10
15.0049753856162
20
-4.37531883124481
30
0
41
1
10
15.0099502867751
20
-4.37794978185602
30
0
41
1
10
15.0149247133613
20
-4.38057567466905
30
0
0
SPLINE
5
158
100
AcDbEntity
8
1
62
256
6
ByLayer
370
18
48
1
60
0
100
AcDbSpline
70
4
71
3
72
30
73
26
40
0
40
0
40
0
40
0
40
0.0297738847698842
40
0.0297738847698842
40
0.11062606103906
40
0.11062606103906
40
0.191478237308235
40
0.191478237308235
40
0.272330413577411
40
0.272330413577411
40
0.312756501711999
40
0.312756501711999
40
0.353182589846587
40
0.353182589846587
40
0.514886942384938
40
0.514886942384938
40
0.67659129492329
40
0.67659129492329
40
0.838295647461641
40
0.838295647461641
40
0.87872173559623
40
0.87872173559623
40
0.919147823730819
40
0.919147823730819
40
1
40
1
40
1
40
1
41
1
10
19.8895853502522
20
-4.27976294314308
30
0
41
1
10
19.8414678223821
20
-4.2983002205666
30
0
41
1
10
19.7933530194046
20
-4.31635944811521
30
0
41
1
10
19.614564916077
20
-4.38167755454077
30
0
41
1
10
19.4838662767092
20
-4.42587820051403
30
0
41
1
10
19.2221504907111
20
-4.5069781781263
30
0
41
1
10
19.0911350929042
20
-4.54387576197399
30
0
41
1
10
18.8285145213643
20
-4.60989982362278
30
0
41
1
10
18.6969035189898
20
-4.63906584124024
30
0
41
1
10
18.4988076544952
20
-4.67709729375136
30
0
41
1
10
18.432655332787
20
-4.68881724698923
30
0
41
1
10
18.3001192278888
20
-4.71031328812467
30
0
41
1
10
18.2339776020373
20
-4.72005045020438
30
0
41
1
10
17.9038095998122
20
-4.76372652885465
30
0
41
1
10
17.6414218653648
20
-4.78259468748919
30
0
41
1
10
17.1180066846297
20
-4.78798992830991
30
0
41
1
10
16.8569592110997
20
-4.77452979635811
30
0
41
1
10
16.3338548060051
20
-4.71655278517872
30
0
41
1
10
16.0718470196669
20
-4.67188907922827
30
0
41
1
10
15.7423412783361
20
-4.59535046970529
30
0
41
1
10
15.6763384584705
20
-4.57901373889393
30
0
41
1
10
15.5440896634801
20
-4.54434091976572
30
0
41
1
10
15.477776830806
20
-4.52597678348897
30
0
41
1
10
15.2791337558521
20
-4.46815588065604
30
0
41
1
10
15.1469524554317
20
-4.42613390779607
30
0
41
1
10
15.0149247133654
20
-4.38057567466987
30
0
0
SPLINE
5
159
100
AcDbEntity
8
1
62
256
6
ByLayer
370
18
48
1
60
0
100
AcDbSpline
70
4
71
3
72
21
73
17
40
0
40
0
40
0
40
0
40
0.20681455398441
40
0.20681455398441
40
0.413629107968821
40
0.413629107968821
40
0.517036384961026
40
0.517036384961026
40
0.568740023457129
40
0.594591842705183
40
0.594591842705183
40
0.620443661953237
40
0.620443661953237
40
0.827258215937647
40
0.827258215937647
40
1
40
1
40
1
40
1
41
1
10
46.6294055854926
20
3.23448676774262
30
0
41
1
10
46.3558100270633
20
3.40879470337333
30
0
41
1
10
46.0840471750896
20
3.5698168744097
30
0
41
1
10
45.5411453290014
20
3.8644968902002
30
0
41
1
10
45.270021370158
20
3.99813411956114
30
0
41
1
10
44.8618682809887
20
4.17726148260854
30
0
41
1
10
44.7255774697178
20
4.23340325178145
30
0
41
1
10
44.5205496225474
20
4.31202890578558
30
0
41
1
10
44.4178875907201
20
4.34994435146723
30
0
41
1
10
44.314957601148
20
4.385712757394
30
0
41
1
10
44.2462727708308
20
4.40907502690183
30
0
41
1
10
44.211875215323
20
4.42052174977462
30
0
41
1
10
43.9026201792923
20
4.52113369863721
30
0
41
1
10
43.6298472618358
20
4.59354776298139
30
0
41
1
10
43.1307072326262
20
4.69552243320848
30
0
41
1
10
42.9041013908442
20
4.73020823780075
30
0
41
1
10
42.6773447564543
20
4.75299634657554
30
0
0
SPLINE
5
15A
100
AcDbEntity
8
1
62
256
6
ByLayer
370
18
48
1
60
0
100
AcDbSpline
70
4
71
3
72
8
73
4
40
0
40
0
40
0
40
0
40
1
40
1
40
1
40
1
41
1
10
46.6334547835121
20
3.2255943873964
30
0
41
1
10
46.6322157323803
20
3.22850232617191
30
0
41
1
10
46.630859281994
20
3.23146926539411
30
0
41
1
10
46.6294055854933
20
3.23448676774257
30
0
0
SPLINE
5
15B
100
AcDbEntity
8
1
62
256
6
ByLayer
370
18
48
1
60
0
100
AcDbSpline
70
4
71
5
72
36
73
30
40
0
40
0
40
0
40
0
40
0
40
0
40
0.117017354467104
40
0.14627169308388
40
0.190153201009044
40
0.21940753962582
40
0.263289047550984
40
0.29254338616776
40
0.336424894092924
40
0.380306402018088
40
0.409560740634864
40
0.453442248560028
40
0.482696587176805
40
0.526578095101969
40
0.555832433718744
40
0.599713941643909
40
0.643595449569073
40
0.672849788185849
40
0.702104126802625
40
0.745985634727789
40
0.789867142652953
40
0.819121481269729
40
0.863002989194893
40
0.906884497120057
40
0.93613883573683
40
0.965393174353609
40
1
40
1
40
1
40
1
40
1
40
1
41
1
10
14.0962242899095
20
1.92586016681938
30
0
41
1
10
14.3385223536297
20
1.81222833938853
30
0
41
1
10
14.6413949332802
20
1.66445960597971
30
0
41
1
10
15.0351292868256
20
1.46396593804562
30
0
41
1
10
15.4894381563012
20
1.22189145427154
30
0
41
1
10
16.0346087996718
20
0.920091088639026
30
0
41
1
10
16.3980558952523
20
0.714736533647169
30
0
41
1
10
16.7917902487978
20
0.488870831656783
30
0
41
1
10
17.1855246023433
20
0.260586655214837
30
0
41
1
10
17.5792589558888
20
0.0308863171154599
30
0
41
1
10
17.9729933094342
20
-0.198963303732853
30
0
41
1
10
18.3667276629797
20
-0.427724208462109
30
0
41
1
10
18.7604620165252
20
-0.654361954561182
30
0
41
1
10
19.1239091121057
20
-0.860698673134181
30
0
41
1
10
19.5176434656511
20
-1.08001631012704
30
0
41
1
10
19.9113778191967
20
-1.29416875081932
30
0
41
1
10
20.3051121727421
20
-1.50147233458023
30
0
41
1
10
20.6685592683226
20
-1.68613066217162
30
0
41
1
10
21.062293621868
20
-1.87793244817021
30
0
41
1
10
21.4560279754136
20
-2.06066156420647
30
0
41
1
10
21.8194750709939
20
-2.22022462792285
30
0
41
1
10
22.2132094245395
20
-2.3823536074664
30
0
41
1
10
22.6372310360499
20
-2.54329653722917
30
0
41
1
10
23.0309653895955
20
-2.67924707654447
30
0
41
1
10
23.3944124851759
20
-2.79278640713795
30
0
41
1
10
23.7689425286598
20
-2.89689635946252
30
0
41
1
10
24.0526107982486
20
-2.96628782548996
30
0
41
1
10
24.2454172939423
20
-3.00896258713308
30
0
41
1
10
24.377649273706
20
-3.03608480562457
30
0
41
1
10
24.4493067375396
20
-3.05014765591761
30
0
0
SPLINE
5
15C
100
AcDbEntity
8
1
62
256
6
ByLayer
370
18
48
1
60
0
100
AcDbSpline
70
4
71
3
72
13
73
9
40
0
40
0
40
0
40
0
40
0.0891643836532703
40
0.189302048433031
40
0.389577377992553
40
0.589852707552075
40
0.790128037111596
40
1
40
1
40
1
40
1
41
1
10
14.0906499796132
20
1.92136735349908
30
0
41
1
10
14.0749505755744
20
1.90956173268467
30
0
41
1
10
14.0316130300928
20
1.89063352674319
30
0
41
1
10
13.9375867309255
20
1.86449348958385
30
0
41
1
10
13.8277518766459
20
1.84336248722607
30
0
41
1
10
13.7127724482375
20
1.83968775921792
30
0
41
1
10
13.6181729233718
20
1.85411986416719
30
0
41
1
10
13.5736430360154
20
1.87532108543138
30
0
41
1
10
13.5567124762097
20
1.88758478451862
30
0
0
SPLINE
5
15D
100
AcDbEntity
8
1
62
256
6
ByLayer
370
18
48
1
60
0
100
AcDbSpline
70
4
71
3
72
8
73
4
40
0
40
0
40
0
40
0
40
1
40
1
40
1
40
1
41
1
10
13.5297680487866
20
1.91535643618525
30
0
41
1
10
13.7398118302184
20
1.75838504367661
30
0
41
1
10
13.9505950572986
20
1.60055443808559
30
0
41
1
10
14.1625135038982
20
1.4424060275951
30
0
0
SPLINE
5
15E
100
AcDbEntity
8
1
62
256
6
ByLayer
370
18
48
1
60
0
100
AcDbSpline
70
4
71
3
72
36
73
32
40
0
40
0
40
0
40
0
40
0.249999999999989
40
0.249999999999989
40
0.312499999999989
40
0.312499999999989
40
0.343749999999989
40
0.343749999999989
40
0.37499999999999
40
0.37499999999999
40
0.40624999999999
40
0.40624999999999
40
0.43749999999999
40
0.43749999999999
40
0.499999999999991
40
0.499999999999991
40
0.562499999999992
40
0.562499999999992
40
0.624999999999993
40
0.624999999999993
40
0.687499999999994
40
0.687499999999994
40
0.749999999999995
40
0.749999999999995
40
0.812499999999997
40
0.812499999999997
40
0.874999999999998
40
0.874999999999998
40
0.937499999999999
40
0.937499999999999
40
1
40
1
40
1
40
1
41
1
10
19.3196871621412
20
-2.79232108383994
30
0
41
1
10
19.3872816441042
20
-2.80726083862362
30
0
41
1
10
19.4554900467224
20
-2.8194940154564
30
0
41
1
10
19.5416955992866
20
-2.83141053036286
30
0
41
1
10
19.5589890626427
20
-2.83365279059006
30
0
41
1
10
19.5849842407811
20
-2.83666773474164
30
0
41
1
10
19.5936525905289
20
-2.8375781760634
30
0
41
1
10
19.6112837075103
20
-2.84070231432543
30
0
41
1
10
19.620214980348
20
-2.84276415518016
30
0
41
1
10
19.6382655685289
20
-2.84774351533628
30
0
41
1
10
19.6473866724631
20
-2.85066981740133
30
0
41
1
10
19.6658009112211
20
-2.85736076317596
30
0
41
1
10
19.6751415913502
20
-2.86114861541017
30
0
41
1
10
19.7029320528153
20
-2.87354798739418
30
0
41
1
10
19.7212040103226
20
-2.88319129615124
30
0
41
1
10
19.7572808525291
20
-2.90474310807861
30
0
41
1
10
19.7750829550188
20
-2.91666824016372
30
0
41
1
10
19.8102199854754
20
-2.94263242870721
30
0
41
1
10
19.8276531875355
20
-2.95674489342483
30
0
41
1
10
19.8613758445942
20
-2.98635253973501
30
0
41
1
10
19.8777085259854
20
-3.0018838791716
30
0
41
1
10
19.9094163007558
20
-3.03426001947744
30
0
41
1
10
19.9247943885636
20
-3.05110062334549
30
0
41
1
10
19.9546146434228
20
-3.08607278476018
30
0
41
1
10
19.9690408187371
20
-3.10422697412599
30
0
41
1
10
19.9969419302504
20
-3.14186510842853
30
0
41
1
10
20.0101821408033
20
-3.16104209950268
30
0
41
1
10
20.035206704957
20
-3.20008833102725
30
0
41
1
10
20.0470059105608
20
-3.21995622124842
30
0
41
1
10
20.06906379611
20
-3.26042884371213
30
0
41
1
10
20.0793146572589
20
-3.28103740887286
30
0
41
1
10
20.0886829193394
20
-3.30206275106642
30
0
0
SPLINE
5
15F
100
AcDbEntity
8
1
62
256
6
ByLayer
370
18
48
1
60
0
100
AcDbSpline
70
4
71
3
72
36
73
32
40
0
40
0
40
0
40
0
40
0.0558953294362815
40
0.0558953294362815
40
0.141723026760254
40
0.141723026760254
40
0.227550724084227
40
0.227550724084227
40
0.270464572746215
40
0.270464572746215
40
0.313378421408203
40
0.313378421408203
40
0.399206118732179
40
0.399206118732179
40
0.485033816056155
40
0.485033816056155
40
0.527947664718144
40
0.527947664718144
40
0.570861513380132
40
0.570861513380132
40
0.656689210704108
40
0.656689210704108
40
0.699603059366095
40
0.699603059366095
40
0.742516908028082
40
0.742516908028082
40
0.828344605352055
40
0.828344605352055
40
0.914172302676027
40
0.914172302676027
40
1
40
1
40
1
40
1
41
1
10
26.8118810739377
20
-4.4053305766752
30
0
41
1
10
26.6858920079002
20
-4.44770516388598
30
0
41
1
10
26.5603382493534
20
-4.48641795622208
30
0
41
1
10
26.242689785552
20
-4.57552265413821
30
0
41
1
10
26.0508685978787
20
-4.62158780469755
30
0
41
1
10
25.6676555351563
20
-4.69720223223817
30
0
41
1
10
25.4762636475676
20
-4.72675552425019
30
0
41
1
10
25.18889447436
20
-4.75805177568378
30
0
41
1
10
25.0930590670963
20
-4.76628415951711
30
0
41
1
10
24.9011742399975
20
-4.77829048816159
30
0
41
1
10
24.8051160225501
20
-4.78217160151559
30
0
41
1
10
24.5164232909661
20
-4.78766601487041
30
0
41
1
10
24.3232638928683
20
-4.78301280840171
30
0
41
1
10
23.9348152790971
20
-4.75608536100063
30
0
41
1
10
23.7417192522778
20
-4.73398059992107
30
0
41
1
10
23.4531522963436
20
-4.68780715015896
30
0
41
1
10
23.3571529990355
20
-4.67018076803481
30
0
41
1
10
23.1653327411861
20
-4.63097338444393
30
0
41
1
10
23.0695155241706
20
-4.60938294595411
30
0
41
1
10
22.7822036565947
20
-4.53866131400497
30
0
41
1
10
22.5908506602323
20
-4.48359716425469
30
0
41
1
10
22.3035212492075
20
-4.38896615724991
30
0
41
1
10
22.2076956986271
20
-4.35540248596308
30
0
41
1
10
22.0158403034796
20
-4.28410133544671
30
0
41
1
10
21.9198079152797
20
-4.24636976578054
30
0
41
1
10
21.6311936486344
20
-4.12745944967068
30
0
41
1
10
21.4380684201628
20
-4.04045343274089
30
0
41
1
10
21.0497308805834
20
-3.85136701708726
30
0
41
1
10
20.8566279467449
20
-3.75034011530954
30
0
41
1
10
20.4718347492359
20
-3.53555449204239
30
0
41
1
10
20.2801733574517
20
-3.42162154347795
30
0
41
1
10
20.0886829193394
20
-3.30206275106636
30
0
0
SPLINE
5
160
100
AcDbEntity
8
1
62
256
6
ByLayer
370
18
48
1
60
0
100
AcDbSpline
70
4
71
3
72
20
73
16
40
0
40
0
40
0
40
0
40
0.250000000000004
40
0.250000000000004
40
0.500000000000008
40
0.500000000000008
40
0.625000000000007
40
0.625000000000007
40
0.750000000000006
40
0.750000000000006
40
0.812500000000006
40
0.812500000000006
40
0.875000000000006
40
0.875000000000006
40
1
40
1
40
1
40
1
41
1
10
17.3205791763544
20
4.01035494798711
30
0
41
1
10
17.129295695437
20
4.10030411246129
30
0
41
1
10
16.9383242371809
20
4.18286240572667
30
0
41
1
10
16.5560604416186
20
4.33323574170328
30
0
41
1
10
16.3647847984533
20
4.40100886408581
30
0
41
1
10
16.0770282832861
20
4.49083645859542
30
0
41
1
10
15.9809684606704
20
4.5188028346661
30
0
41
1
10
15.7884501053638
20
4.57060475060911
30
0
41
1
10
15.6919906856786
20
4.59442840537977
30
0
41
1
10
15.5469064606502
20
4.62710405335849
30
0
41
1
10
15.4984420098315
20
4.63749154122661
30
0
41
1
10
15.4015737034372
20
4.65720194733228
30
0
41
1
10
15.3531792694536
20
4.66652890499782
30
0
41
1
10
15.2080772233599
20
4.6930240625108
30
0
41
1
10
15.1114589969337
20
4.70867294748854
30
0
41
1
10
15.0149247133654
20
4.72222533598367
30
0
0
SPLINE
5
161
100
AcDbEntity
8
1
62
256
6
ByLayer
370
18
48
1
60
0
100
AcDbSpline
70
4
71
3
72
36
73
32
40
0
40
0
40
0
40
0
40
0.250000000000009
40
0.250000000000009
40
0.312500000000008
40
0.312500000000008
40
0.343750000000008
40
0.343750000000008
40
0.375000000000007
40
0.375000000000007
40
0.406250000000007
40
0.406250000000007
40
0.437500000000007
40
0.437500000000007
40
0.500000000000006
40
0.500000000000006
40
0.562500000000005
40
0.562500000000005
40
0.625000000000005
40
0.625000000000005
40
0.687500000000004
40
0.687500000000004
40
0.750000000000003
40
0.750000000000003
40
0.812500000000002
40
0.812500000000002
40
0.875000000000002
40
0.875000000000002
40
0.937500000000001
40
0.937500000000001
40
1
40
1
40
1
40
1
41
1
10
17.3205791763536
20
4.01035494798774
30
0
41
1
10
17.3881286563668
20
3.94988883751145
30
0
41
1
10
17.4562910481288
20
3.88932641967898
30
0
41
1
10
17.5424380804058
20
3.81378038834339
30
0
41
1
10
17.5597197776175
20
3.79869427235281
30
0
41
1
10
17.5856972630354
20
3.77603245273548
30
0
41
1
10
17.5943596296713
20
3.76845539199914
30
0
41
1
10
17.6119781145518
20
3.75402635780219
30
0
41
1
10
17.6209028755342
20
3.7470934547554
30
0
41
1
10
17.6389400777768
20
3.73369752978834
30
0
41
1
10
17.6480543086272
20
3.72723917229087
30
0
41
1
10
17.6664544643634
20
3.71476808622293
30
0
41
1
10
17.6757880700479
20
3.70872724624897
30
0
41
1
10
17.7035619577698
20
3.69153425757889
30
0
41
1
10
17.7218230757364
20
3.68125974074238
30
0
41
1
10
17.7578786953229
20
3.66257486425468
30
0
41
1
10
17.7756704488535
20
3.65417926639992
30
0
41
1
10
17.8107872398779
20
3.63906916911796
30
0
41
1
10
17.8282111425211
20
3.63231196571584
30
0
41
1
10
17.8619213840352
20
3.62057891432809
30
0
41
1
10
17.8782483768887
20
3.61558914191411
30
0
41
1
10
17.9099455534939
20
3.60718171925848
30
0
41
1
10
17.9253187563629
20
3.603758773463
30
0
41
1
10
17.9551306890423
20
3.59847477330848
30
0
41
1
10
17.9695534067186
20
3.59664261810246
30
0
41
1
10
17.9974486305395
20
3.59463189642813
30
0
41
1
10
18.0106938076243
20
3.59447562639215
30
0
41
1
10
18.0357226935857
20
3.5959690286349
30
0
41
1
10
18.047524800951
20
3.59760293468059
30
0
41
1
10
18.0695915510324
20
3.60290276605662
30
0
41
1
10
18.0798481725826
20
3.60657792480768
30
0
41
1
10
18.0892242507213
20
3.61149548611186
30
0
0
SPLINE
5
162
100
AcDbEntity
8
1
62
256
6
ByLayer
370
18
48
1
60
0
100
AcDbSpline
70
4
71
3
72
34
73
30
40
0
40
0
40
0
40
0
40
0.250000000000041
40
0.250000000000041
40
0.312500000000066
40
0.312500000000066
40
0.343750000000063
40
0.343750000000063
40
0.375000000000061
40
0.375000000000061
40
0.406250000000059
40
0.406250000000059
40
0.437500000000057
40
0.437500000000057
40
0.500000000000053
40
0.500000000000053
40
0.562500000000049
40
0.562500000000049
40
0.625000000000045
40
0.625000000000045
40
0.687500000000041
40
0.687500000000041
40
0.750000000000037
40
0.750000000000037
40
0.812500000000033
40
0.812500000000033
40
0.875000000000029
40
0.875000000000029
40
1
40
1
40
1
40
1
41
1
10
27.321603068229
20
-3.45732645844296
30
0
41
1
10
27.3890197189507
20
-3.46076738164223
30
0
41
1
10
27.4570470604193
20
-3.46156601987798
30
0
41
1
10
27.5430229345847
20
-3.45932461398831
30
0
41
1
10
27.5602703205301
20
-3.45874427149863
30
0
41
1
10
27.5861954104825
20
-3.45752554847471
30
0
41
1
10
27.5948453350928
20
-3.45704971486845
30
0
41
1
10
27.6124388319039
20
-3.45750334965661
30
0
41
1
10
27.6213495828221
20
-3.45826201351349
30
0
41
1
10
27.6393574359494
20
-3.46069376744333
30
0
41
1
10
27.6484561992504
20
-3.46237561360743
30
0
41
1
10
27.6668241654337
20
-3.46663218878265
30
0
41
1
10
27.6761402202643
20
-3.46922430719056
30
0
41
1
10
27.703851729278
20
-3.47817098258088
30
0
41
1
10
27.7220724018485
20
-3.48568351350707
30
0
41
1
10
27.7580489171706
20
-3.50324179601498
30
0
41
1
10
27.7758019424816
20
-3.51330659648966
30
0
41
1
10
27.8108430489245
20
-3.53579049442297
30
0
41
1
10
27.8282293495067
20
-3.54827331269701
30
0
41
1
10
27.8618676425143
20
-3.57490745557504
30
0
41
1
10
27.8781607836834
20
-3.58908973540704
30
0
41
1
10
27.9097939903048
20
-3.61901478978172
30
0
41
1
10
27.9251370115067
20
-3.63475257928371
30
0
41
1
10
27.9548919920426
20
-3.66776434441462
30
0
41
1
10
27.9692880028198
20
-3.68506558132194
30
0
41
1
10
27.9971332585589
20
-3.72125908704174
30
0
41
1
10
28.0103604408057
20
-3.73987292128984
30
0
41
1
10
28.0478500772658
20
-3.79719235099014
30
0
41
1
10
28.0700583961254
20
-3.8373472040945
30
0
41
1
10
28.0887997767057
20
-3.87998759191873
30
0
0
SPLINE
5
163
100
AcDbEntity
8
1
62
256
6
ByLayer
370
18
48
1
60
0
100
AcDbSpline
70
4
71
3
72
40
73
36
40
0
40
0
40
0
40
0
40
0.0644247612523377
40
0.0644247612523377
40
0.116401163404981
40
0.116401163404981
40
0.142389364481305
40
0.142389364481305
40
0.168377565557629
40
0.168377565557629
40
0.220353967710277
40
0.220353967710277
40
0.272330369862925
40
0.272330369862925
40
0.376283174168221
40
0.376283174168221
40
0.428259576320869
40
0.428259576320869
40
0.480235978473517
40
0.480235978473517
40
0.584188782778813
40
0.584188782778813
40
0.636165184931463
40
0.636165184931463
40
0.662153386007786
40
0.662153386007786
40
0.688141587084109
40
0.688141587084109
40
0.792094391389405
40
0.792094391389405
40
0.8960471956947
40
0.8960471956947
40
0.94802359784735
40
0.94802359784735
40
1
40
1
40
1
40
1
41
1
10
33.6423942622039
20
-4.45260262541822
30
0
41
1
10
33.5234703356591
20
-4.49021145775825
30
0
41
1
10
33.4043784616815
20
-4.52485878784537
30
0
41
1
10
33.1887324114973
20
-4.58179391109647
30
0
41
1
10
33.0922674085833
20
-4.6051720787587
30
0
41
1
10
32.9472189473991
20
-4.6370993384169
30
0
41
1
10
32.8988109478665
20
-4.6472174159081
30
0
41
1
10
32.8018621761199
20
-4.6663931762875
30
0
41
1
10
32.7532791244556
20
-4.67545888589902
30
0
41
1
10
32.6078010056173
20
-4.70099852589902
30
0
41
1
10
32.5110717076528
20
-4.71585896395038
30
0
41
1
10
32.3179654996446
20
-4.74152630199694
30
0
41
1
10
32.2216009618219
20
-4.75228737409142
30
0
41
1
10
31.9329832485654
20
-4.77806237908121
30
0
41
1
10
31.7412080796233
20
-4.7865631764063
30
0
41
1
10
31.4538635223025
20
-4.78595326693428
30
0
41
1
10
31.3581355472907
20
-4.78351260407493
30
0
41
1
10
31.1666669426509
20
-4.77411261721599
30
0
41
1
10
31.0709104243066
20
-4.76727232395876
30
0
41
1
10
30.7833677323784
20
-4.74096672477089
30
0
41
1
10
30.5913638220592
20
-4.71527190759198
30
0
41
1
10
30.3023075292038
20
-4.66388103342291
30
0
41
1
10
30.2057793261521
20
-4.64460525567321
30
0
41
1
10
30.0606349463399
20
-4.61234639588153
30
0
41
1
10
30.0121946234352
20
-4.60103498392513
30
0
41
1
10
29.915180029088
20
-4.57729615863491
30
0
41
1
10
29.8665913792599
20
-4.56486377644762
30
0
41
1
10
29.624224253948
20
-4.5001753935334
30
0
41
1
10
29.4314260744586
20
-4.44011566889358
30
0
41
1
10
29.0467899500474
20
-4.305653783434
30
0
41
1
10
28.8550134216574
20
-4.23105236706658
30
0
41
1
10
28.5676393789325
20
-4.10785619546803
30
0
41
1
10
28.4718939282365
20
-4.06491504951092
30
0
41
1
10
28.2803882760931
20
-3.97526696310757
30
0
41
1
10
28.1846320758634
20
-3.92851779614307
30
0
41
1
10
28.0887997767074
20
-3.87998759192004
30
0
0
SPLINE
5
164
100
AcDbEntity
8
1
62
256
6
ByLayer
370
18
48
1
60
0
100
AcDbSpline
70
4
71
3
72
8
73
4
40
0
40
0
40
0
40
0
40
1
40
1
40
1
40
1
41
1
10
14.780029553957
20
4.6983061603635
30
0
41
1
10
14.8523141909375
20
4.71151684497897
30
0
41
1
10
14.9255822243797
20
4.71937098761379
30
0
41
1
10
15.0000000000031
20
4.72176437931509
30
0
0
SPLINE
5
165
100
AcDbEntity
8
1
62
256
6
ByLayer
370
18
48
1
60
0
100
AcDbSpline
70
4
71
3
72
8
73
4
40
0
40
0
40
0
40
0
40
1
40
1
40
1
40
1
41
1
10
15.0000000000006
20
4.72176437931503
30
0
41
1
10
15.0049753856163
20
4.72192439547439
30
0
41
1
10
15.0099502867752
20
4.72207804848685
30
0
41
1
10
15.0149247133613
20
4.7222253359848
30
0
0
SPLINE
5
166
100
AcDbEntity
8
1
62
256
6
ByLayer
370
18
48
1
60
0
100
AcDbSpline
70
4
71
3
72
36
73
32
40
0
40
0
40
0
40
0
40
0.250000000000056
40
0.250000000000056
40
0.312500000000077
40
0.312500000000077
40
0.343750000000074
40
0.343750000000074
40
0.37500000000007
40
0.37500000000007
40
0.406250000000067
40
0.406250000000067
40
0.437500000000063
40
0.437500000000063
40
0.500000000000056
40
0.500000000000056
40
0.562500000000049
40
0.562500000000049
40
0.625000000000042
40
0.625000000000042
40
0.687500000000035
40
0.687500000000035
40
0.750000000000028
40
0.750000000000028
40
0.812500000000021
40
0.812500000000021
40
0.875000000000014
40
0.875000000000014
40
0.937500000000007
40
0.937500000000007
40
1
40
1
40
1
40
1
41
1
10
43.3203508320954
20
-4.41601683757119
30
0
41
1
10
43.3879251546839
20
-4.39661826040879
30
0
41
1
10
43.4561128839026
20
-4.37493165405502
30
0
41
1
10
43.5422924893914
20
-4.34511680258632
30
0
41
1
10
43.559580761674
20
-4.33904946913552
30
0
41
1
10
43.5855680327001
20
-4.32964251681085
30
0
41
1
10
43.5942345832791
20
-4.32642120707746
30
0
41
1
10
43.6118619219573
20
-4.32143905517128
30
0
41
1
10
43.6207909559157
20
-4.31950825917397
30
0
41
1
10
43.6388366816011
20
-4.31660064802489
30
0
41
1
10
43.6479551390014
20
-4.31563342887651
30
0
41
1
10
43.666363716607
20
-4.31462584997541
30
0
41
1
10
43.6757013326585
20
-4.31459000739497
30
0
41
1
10
43.7034828035012
20
-4.31582800014124
30
0
41
1
10
43.7217488095755
20
-4.31841454361958
30
0
41
1
10
43.7578138075849
20
-4.32643863418059
30
0
41
1
10
43.775610003746
20
-4.33189782303037
30
0
41
1
10
43.8107352935376
20
-4.34544629435214
30
0
41
1
10
43.8281627611198
20
-4.35357410228772
30
0
41
1
10
43.8618757204942
20
-4.37191010846661
30
0
41
1
10
43.878203776783
20
-4.38214007462781
30
0
41
1
10
43.9099026705257
20
-4.40451163582674
30
0
41
1
10
43.9252764934993
20
-4.41664702014833
30
0
41
1
10
43.9550884865489
20
-4.44280638166219
30
0
41
1
10
43.9695106724662
20
-4.4568642144468
30
0
41
1
10
43.9974040655802
20
-4.48694846284451
30
0
41
1
10
44.0106424351412
20
-4.50273523268152
30
0
41
1
10
44.0356613711442
20
-4.53582779559201
30
0
41
1
10
44.0474577803981
20
-4.55312543113649
30
0
41
1
10
44.0695102052512
20
-4.58939888727946
30
0
41
1
10
44.0797583924548
20
-4.60838259599737
30
0
41
1
10
44.0891241165641
20
-4.62836466926734
30
0
0
SPLINE
5
167
100
AcDbEntity
8
1
62
256
6
ByLayer
370
18
48
1
60
0
100
AcDbSpline
70
4
71
3
72
17
73
13
40
0
40
0
40
0
40
0
40
0.25
40
0.25
40
0.5
40
0.5
40
0.75
40
0.75
40
0.875
40
0.9375
40
0.9375
40
1
40
1
40
1
40
1
41
1
10
46.6294055854926
20
-4.68965945091102
30
0
41
1
10
46.4168719461044
20
-4.7269086906133
30
0
41
1
10
46.2054507289491
20
-4.75315773708837
30
0
41
1
10
45.7833733992608
20
-4.78447543007877
30
0
41
1
10
45.572722229265
20
-4.78953624040759
30
0
41
1
10
45.1509271529483
20
-4.77895062625316
30
0
41
1
10
44.9397821805505
20
-4.76336815796384
30
0
41
1
10
44.621826204374
20
-4.72450352462488
30
0
41
1
10
44.4625394371662
20
-4.70118109675167
30
0
41
1
10
44.3026203243755
20
-4.67193936560898
30
0
41
1
10
44.1958471483689
20
-4.65111723041784
30
0
41
1
10
44.1424238786388
20
-4.64004895810947
30
0
41
1
10
44.0891241165641
20
-4.62836466926737
30
0
0
SPLINE
5
168
100
AcDbEntity
8
1
62
256
6
ByLayer
370
18
48
1
60
0
100
AcDbSpline
70
4
71
3
72
8
73
4
40
0
40
0
40
0
40
0
40
1
40
1
40
1
40
1
41
1
10
46.6334547835217
20
-4.676906183971
30
0
41
1
10
46.6322157323873
20
-4.68118273093097
30
0
41
1
10
46.6308592819978
20
-4.68543216635311
30
0
41
1
10
46.6294055854933
20
-4.68965945091213
30
0
0
SPLINE
5
169
100
AcDbEntity
8
1
62
256
6
ByLayer
370
18
48
1
60
0
100
AcDbSpline
70
4
71
3
72
16
73
12
40
0
40
0
40
0
40
0
40
0.0428518888106331
40
0.0428518888106331
40
0.202376574008862
40
0.202376574008862
40
0.36190125920709
40
0.36190125920709
40
0.680950629603545
40
0.680950629603545
40
1
40
1
40
1
40
1
41
1
10
46.5600776520903
20
-3.92350746503567
30
0
41
1
10
46.5616927215856
20
-3.93305433467228
30
0
41
1
10
46.5632888163552
20
-3.94264158282485
30
0
41
1
10
46.5707309519143
20
-3.98811086248117
30
0
41
1
10
46.5763180564563
20
-4.02455211792463
30
0
41
1
10
46.5868414764847
20
-4.09883264596033
30
0
41
1
10
46.5917856534759
20
-4.13665503056353
30
0
41
1
10
46.6056187351532
20
-4.25226918921788
30
0
41
1
10
46.6135237372685
20
-4.33217457082705
30
0
41
1
10
46.6261530515526
20
-4.49881805357509
30
0
41
1
10
46.6308866062491
20
-4.5855363000295
30
0
41
1
10
46.6334547835254
20
-4.67690618396892
30
0
0
SPLINE
5
16A
100
AcDbEntity
8
1
62
256
6
ByLayer
370
18
48
1
60
0
100
AcDbSpline
70
4
71
3
72
14
73
10
40
0
40
0
40
0
40
0
40
0.299833265507284
40
0.299833265507284
40
0.449749898260917
40
0.449749898260917
40
0.599666531014551
40
0.599666531014551
40
1
40
1
40
1
40
1
41
1
10
44.3275594220274
20
-3.60446900343669
30
0
41
1
10
44.5123883005251
20
-3.63218706969462
30
0
41
1
10
44.6970534399068
20
-3.6560490381685
30
0
41
1
10
44.9737982887137
20
-3.68588706739379
30
0
41
1
10
45.06600441675
20
-3.69484031855328
30
0
41
1
10
45.250330961775
20
-3.71072830391145
30
0
41
1
10
45.3424407815234
20
-3.71766067817853
30
0
41
1
10
45.6795939803201
20
-3.73929629227575
30
0
41
1
10
45.9234640075606
20
-3.74768860063682
30
0
41
1
10
46.1658612272606
20
-3.74848665397298
30
0
0
SPLINE
5
16B
100
AcDbEntity
8
1
62
256
6
ByLayer
370
18
48
1
60
0
100
AcDbSpline
70
4
71
3
72
39
73
35
40
0
40
0
40
0
40
0
40
0.0625000000000218
40
0.0625000000000218
40
0.125000000000044
40
0.125000000000044
40
0.187500000000066
40
0.187500000000066
40
0.250000000000087
40
0.250000000000087
40
0.281250000000088
40
0.281250000000088
40
0.31250000000009
40
0.343750000000091
40
0.343750000000091
40
0.375000000000092
40
0.375000000000092
40
0.437500000000085
40
0.437500000000085
40
0.500000000000079
40
0.500000000000079
40
0.531250000000076
40
0.531250000000076
40
0.562500000000073
40
0.562500000000073
40
0.625000000000061
40
0.625000000000061
40
0.75000000000004
40
0.75000000000004
40
0.81250000000003
40
0.81250000000003
40
0.87500000000002
40
0.87500000000002
40
1
40
1
40
1
40
1
41
1
10
44.3275594220274
20
-3.60446900343672
30
0
41
1
10
44.3076284184369
20
-3.60148002853953
30
0
41
1
10
44.2881255013023
20
-3.59738910112435
30
0
41
1
10
44.2501618560927
20
-3.58643813945827
30
0
41
1
10
44.2316991617276
20
-3.57958251154261
30
0
41
1
10
44.196105825107
20
-3.5622820898989
30
0
41
1
10
44.1794069645608
20
-3.55202576393788
30
0
41
1
10
44.148677308678
20
-3.52798392812659
30
0
41
1
10
44.1346182421868
20
-3.51418503156623
30
0
41
1
10
44.1157746495373
20
-3.49048952078238
30
0
41
1
10
44.1099165741087
20
-3.48213943438208
30
0
41
1
10
44.0992391186618
20
-3.46487623808335
30
0
41
1
10
44.0895291280692
20
-3.44696343049938
30
0
41
1
10
44.0816642248466
20
-3.42783565020201
30
0
41
1
10
44.0746819517682
20
-3.40814017497436
30
0
41
1
10
44.0716211160822
20
-3.39796142384068
30
0
41
1
10
44.0637980878033
20
-3.36699894533174
30
0
41
1
10
44.0603880882952
20
-3.3459026701816
30
0
41
1
10
44.0564613647186
20
-3.30306225618153
30
0
41
1
10
44.0559490289605
20
-3.28131674532628
30
0
41
1
10
44.0570142413691
20
-3.24834577309008
30
0
41
1
10
44.0576793995552
20
-3.23727727234305
30
0
41
1
10
44.0595602695604
20
-3.21526047082989
30
0
41
1
10
44.0607758219068
20
-3.20428656055407
30
0
41
1
10
44.0651694660072
20
-3.17146848380216
30
0
41
1
10
44.0690905841684
20
-3.14972786288581
30
0
41
1
10
44.0833924127063
20
-3.08492658695417
30
0
41
1
10
44.0962820435687
20
-3.04228523552126
30
0
41
1
10
44.1197773215484
20
-2.97921544098116
30
0
41
1
10
44.1283091635009
20
-2.95835901152611
30
0
41
1
10
44.1465193149836
20
-2.91733984464264
30
0
41
1
10
44.1562161071254
20
-2.89712642098721
30
0
41
1
10
44.1869754886487
20
-2.83736878249815
30
0
41
1
10
44.2097206797505
20
-2.79869590258753
30
0
41
1
10
44.2346681508139
20
-2.7611422062202
30
0
0
SPLINE
5
16C
100
AcDbEntity
8
1
62
256
6
ByLayer
370
13
48
1
60
0
100
AcDbSpline
70
4
71
3
72
12
73
8
40
0
40
0
40
0
40
0
40
0.210151405320254
40
0.372502646688442
40
0.534853888056629
40
0.859556370793003
40
1
40
1
40
1
40
1
41
1
10
25.8873824832021
20
1.41985497810711
30
0
41
1
10
25.9045672415982
20
1.42298587673756
30
0
41
1
10
25.9339363463244
20
1.42989015625761
30
0
41
1
10
25.97227762503
20
1.44264403607664
30
0
41
1
10
26.0173420904708
20
1.46200501787084
30
0
41
1
10
26.0561338719843
20
1.485975824571
30
0
41
1
10
26.0794323434693
20
1.5066787732905
30
0
41
1
10
26.0859149621731
20
1.51313961454201
30
0
0
SPLINE
5
16D
100
AcDbEntity
8
1
62
256
6
ByLayer
370
18
48
1
60
0
100
AcDbSpline
70
4
71
3
72
33
73
29
40
0
40
0
40
0
40
0
40
0.0627450981932223
40
0.0941176472898334
40
0.0941176472898334
40
0.125490196386445
40
0.125490196386445
40
0.188235294579661
40
0.188235294579661
40
0.250980392772878
40
0.250980392772878
40
0.376470589159307
40
0.376470589159307
40
0.439215687352521
40
0.439215687352521
40
0.501960785545735
40
0.501960785545735
40
0.627450981932169
40
0.627450981932169
40
0.690196080125386
40
0.690196080125386
40
0.721568629221992
40
0.721568629221992
40
0.752941178318598
40
0.752941178318598
40
0.878431374705022
40
0.878431374705022
40
1
40
1
40
1
40
1
41
1
10
33.3215798383056
20
2.8014377823128
30
0
41
1
10
33.2253886968905
20
2.86867237445298
30
0
41
1
10
33.0808541757731
20
2.96778920578956
30
0
41
1
10
32.9358115329879
20
3.06414322687365
30
0
41
1
10
32.8389878494619
20
3.12774504590499
30
0
41
1
10
32.7904747351195
20
3.15925255195617
30
0
41
1
10
32.6449818049083
20
3.25264265595973
30
0
41
1
10
32.5482578176422
20
3.3132593985554
30
0
41
1
10
32.3551711177783
20
3.43137618657804
30
0
41
1
10
32.2588189227222
20
3.48885410242514
30
0
41
1
10
31.9702515883591
20
3.65624345980242
30
0
41
1
10
31.7785335401204
20
3.7610880723804
30
0
41
1
10
31.4913185223313
20
3.9075136832048
30
0
41
1
10
31.395639939892
20
3.95451361832457
30
0
41
1
10
31.204289249811
20
4.04474456464916
30
0
41
1
10
31.1086091902747
20
4.08800308119265
30
0
41
1
10
30.821302299142
20
4.2128534076094
30
0
41
1
10
30.629475482346
20
4.28915016722976
30
0
41
1
10
30.3407312201838
20
4.3922386499099
30
0
41
1
10
30.2443143272316
20
4.42470947962636
30
0
41
1
10
30.0993498189137
20
4.4704149781214
30
0
41
1
10
30.0509716423435
20
4.48514822586924
30
0
41
1
10
29.954085863105
20
4.51359583129332
30
0
41
1
10
29.9055304362483
20
4.52732358672844
30
0
41
1
10
29.6631230954395
20
4.59319436053755
30
0
41
1
10
29.4703376316963
20
4.63697214630875
30
0
41
1
10
29.0917969564129
20
4.70728747961135
30
0
41
1
10
28.9060552158358
20
4.73421766851277
30
0
41
1
10
28.7205318289615
20
4.7530356827638
30
0
0
SPLINE
5
16E
100
AcDbEntity
8
1
62
256
6
ByLayer
370
18
48
1
60
0
100
AcDbSpline
70
4
71
3
72
11
73
7
40
0
40
0
40
0
40
0
40
0.173082080778144
40
0.492204456687859
40
0.811326832597575
40
1
40
1
40
1
40
1
41
1
10
14.1625135038981
20
1.44240602759186
30
0
41
1
10
14.1625135038982
20
1.35206088905483
30
0
41
1
10
14.1625135038982
20
1.09124880851485
30
0
41
1
10
14.1625135038981
20
0.645509448452941
30
0
41
1
10
14.1625135038981
20
0.176450969768069
30
0
41
1
10
14.1625135038981
20
-0.115691195388393
30
0
41
1
10
14.1625135038981
20
-0.224419866074612
30
0
0
SPLINE
5
16F
100
AcDbEntity
8
1
62
256
6
ByLayer
370
18
48
1
60
0
100
AcDbSpline
70
4
71
3
72
17
73
13
40
0
40
0
40
0
40
0
40
0.249999999999994
40
0.249999999999994
40
0.374999999999997
40
0.374999999999997
40
0.5
40
0.625000000000003
40
0.625000000000003
40
0.750000000000006
40
0.750000000000006
40
1
40
1
40
1
40
1
41
1
10
14.1625135038982
20
1.44240602759513
30
0
41
1
10
14.225265722209
20
1.39189776480347
30
0
41
1
10
14.2900855219627
20
1.33925093548302
30
0
41
1
10
14.3902958122375
20
1.2568672364946
30
0
41
1
10
14.4242136259522
20
1.22882502678743
30
0
41
1
10
14.4929881656941
20
1.17162838448567
30
0
41
1
10
14.562497208728
20
1.11348969817621
30
0
41
1
10
14.6334751180572
20
1.05346616463183
30
0
41
1
10
14.705204295605
20
0.992502548194096
30
0
41
1
10
14.7414707779471
20
0.961527834605818
30
0
41
1
10
14.8509090109418
20
0.867665595133786
30
0
41
1
10
14.924868555446
20
0.803704246738647
30
0
41
1
10
15.000000000003
20
0.738481148084134
30
0
0
SPLINE
5
170
100
AcDbEntity
8
1
62
256
6
ByLayer
370
18
48
1
60
0
100
AcDbSpline
70
4
71
3
72
34
73
30
40
0
40
0
40
0
40
0
40
0.249999999999833
40
0.249999999999833
40
0.312499999999799
40
0.312499999999799
40
0.343749999999796
40
0.343749999999796
40
0.374999999999793
40
0.374999999999793
40
0.40624999999979
40
0.40624999999979
40
0.437499999999787
40
0.437499999999787
40
0.499999999999811
40
0.499999999999811
40
0.562499999999834
40
0.562499999999834
40
0.624999999999858
40
0.624999999999858
40
0.687499999999882
40
0.687499999999882
40
0.749999999999906
40
0.749999999999906
40
0.812499999999929
40
0.812499999999929
40
0.874999999999953
40
0.874999999999953
40
1
40
1
40
1
40
1
41
1
10
33.3215798383055
20
2.80143778231295
30
0
41
1
10
33.3889666792634
20
2.73880862968133
30
0
41
1
10
33.4569640817399
20
2.67705789881617
30
0
41
1
10
33.5429013132004
20
2.60122637135757
30
0
41
1
10
33.5601408998497
20
2.58613240813082
30
0
41
1
10
33.5860542892816
20
2.56358477526695
30
0
41
1
10
33.5946996543849
20
2.55608409120791
30
0
41
1
10
33.6122837545733
20
2.541302627401
30
0
41
1
10
33.621189884392
20
2.53399859254398
30
0
41
1
10
33.6391884829507
20
2.51952822008911
30
0
41
1
10
33.6482826294066
20
2.51236306877522
30
0
41
1
10
33.6666413724913
20
2.49815379746153
30
0
41
1
10
33.675952880417
20
2.49107524265426
30
0
41
1
10
33.7036522394245
20
2.47035288664736
30
0
41
1
10
33.7218650097762
20
2.45716599408158
30
0
41
1
10
33.7578261350063
20
2.43174254782039
30
0
41
1
10
33.7755717119063
20
2.4195141139989
30
0
41
1
10
33.8105983113706
20
2.39588933934675
30
0
41
1
10
33.8279777920432
20
2.38442619105189
30
0
41
1
10
33.8616051892893
20
2.36268680840252
30
0
41
1
10
33.8778932152573
20
2.35238545350453
30
0
41
1
10
33.9095166603673
20
2.33279884083697
30
0
41
1
10
33.9248550645838
20
2.32351011829024
30
0
41
1
10
33.954601947728
20
2.30594682740204
30
0
41
1
10
33.9689944670655
20
2.29769148055345
30
0
41
1
10
33.9968334743664
20
2.2822677601192
30
0
41
1
10
34.0100615609561
20
2.27522247597338
30
0
41
1
10
34.0475518365338
20
2.25628633225662
30
0
41
1
10
34.0697642354349
20
2.24643874306128
30
0
41
1
10
34.0885173351116
20
2.24061134091184
30
0
0
SPLINE
5
171
100
AcDbEntity
8
1
62
256
6
ByLayer
370
18
48
1
60
0
100
AcDbSpline
70
4
71
3
72
16
73
12
40
0
40
0
40
0
40
0
40
0.249999999999999
40
0.249999999999999
40
0.374999999999999
40
0.374999999999999
40
0.499999999999999
40
0.499999999999999
40
0.749999999999999
40
0.749999999999999
40
1
40
1
40
1
40
1
41
1
10
33.3215798383055
20
2.80143778231292
30
0
41
1
10
33.3211667477569
20
2.69207714845302
30
0
41
1
10
33.3208016669123
20
2.57857736510135
30
0
41
1
10
33.3201982141748
20
2.40216352522881
30
0
41
1
10
33.31999317895
20
2.34232968112346
30
0
41
1
10
33.319615927216
20
2.220588353637
30
0
41
1
10
33.3194425142966
20
2.15887290285019
30
0
41
1
10
33.3189101698642
20
1.97144807906267
30
0
41
1
10
33.3185148620114
20
1.84336918542152
30
0
41
1
10
33.3177267344344
20
1.58098709790988
30
0
41
1
10
33.3173683974139
20
1.44668214984432
30
0
41
1
10
33.3169865748869
20
1.30921143921566
30
0
0
SPLINE
5
172
100
AcDbEntity
8
1
62
256
6
ByLayer
370
13
48
1
60
0
100
AcDbSpline
70
4
71
3
72
12
73
8
40
0
40
0
40
0
40
0
40
0.209812943126572
40
0.372048387853353
40
0.534283832580134
40
0.858754722033696
40
1
40
1
40
1
40
1
41
1
10
33.8874184619261
20
0.802066248071895
30
0
41
1
10
33.9045871565948
20
0.804638612714371
30
0
41
1
10
33.9339410757477
20
0.810312648424002
30
0
41
1
10
33.9722707528104
20
0.820795704489768
30
0
41
1
10
34.0173381430107
20
0.836716446032739
30
0
41
1
10
34.0561893411727
20
0.856458005672692
30
0
41
1
10
34.0795255427032
20
0.873522562811615
30
0
41
1
10
34.0860436583827
20
0.878872643097765
30
0
0
SPLINE
5
173
100
AcDbEntity
8
1
62
256
6
ByLayer
370
13
48
1
60
0
100
AcDbSpline
70
4
71
3
72
11
73
7
40
0
40
0
40
0
40
0
40
0.0183936286481599
40
0.3622110902656
40
0.70602855188304
40
1
40
1
40
1
40
1
41
1
10
15.0000000000006
20
0.738481148083167
30
0
41
1
10
15.0000000000006
20
0.728467511251552
30
0
41
1
10
15.0000000000006
20
0.531104290523473
30
0
41
1
10
15.0000000000007
20
0.139918461693611
30
0
41
1
10
15.0000000000006
20
-0.413680066844535
30
0
41
1
10
15.0000000000001
20
-0.774709265504185
30
0
41
1
10
15
20
-0.940567173244716
30
0
0
SPLINE
5
174
100
AcDbEntity
8
1
62
256
6
ByLayer
370
18
48
1
60
0
100
AcDbSpline
70
4
71
3
72
8
73
4
40
0
40
0
40
0
40
0
40
1
40
1
40
1
40
1
41
1
10
15.0000000000006
20
0.738481148086237
30
0
41
1
10
15.0049753856163
20
0.734161917053683
30
0
41
1
10
15.0099502867751
20
0.729840219271324
30
0
41
1
10
15.0149247133613
20
0.725516064149588
30
0
0
SPLINE
5
175
100
AcDbEntity
8
1
62
256
6
ByLayer
370
18
48
1
60
0
100
AcDbSpline
70
4
71
3
72
16
73
12
40
0
40
0
40
0
40
0
40
0.25
40
0.25
40
0.375
40
0.375
40
0.5
40
0.5
40
0.75
40
0.75
40
1
40
1
40
1
40
1
41
1
10
19.3196871621412
20
-2.79232108383994
30
0
41
1
10
19.3194027926229
20
-2.92225526817845
30
0
41
1
10
19.3191617372248
20
-3.04859972308293
30
0
41
1
10
19.3187397537541
20
-3.23277002475936
30
0
41
1
10
19.3185942575433
20
-3.29326746853636
30
0
41
1
10
19.3183347633312
20
-3.41246399811297
30
0
41
1
10
19.318219434266
20
-3.47097229167858
30
0
41
1
10
19.3178592558586
20
-3.64305688964208
30
0
41
1
10
19.3175759529632
20
-3.75329417452758
30
0
41
1
10
19.3170082674948
20
-3.96484599558443
30
0
41
1
10
19.3167585620558
20
-4.06615816263013
30
0
41
1
10
19.3164850964639
20
-4.1629318304561
30
0
0
SPLINE
5
176
100
AcDbEntity
8
1
62
256
6
ByLayer
370
18
48
1
60
0
100
AcDbSpline
70
4
71
3
72
32
73
28
40
0
40
0
40
0
40
0
40
0.0624999999999992
40
0.0624999999999992
40
0.124999999999998
40
0.124999999999998
40
0.187499999999998
40
0.187499999999998
40
0.249999999999997
40
0.249999999999997
40
0.374999999999998
40
0.374999999999998
40
0.499999999999999
40
0.499999999999999
40
0.625
40
0.625
40
0.750000000000001
40
0.750000000000001
40
0.812500000000001
40
0.812500000000001
40
0.875000000000002
40
0.875000000000002
40
0.906250000000002
40
0.906250000000002
40
0.937500000000002
40
0.937500000000002
40
1
40
1
40
1
40
1
41
1
10
19.3196871621411
20
-2.79232108384011
30
0
41
1
10
19.2303973725939
20
-2.72987104464545
30
0
41
1
10
19.1410287763419
20
-2.66628170766069
30
0
41
1
10
18.962048015933
20
-2.53682580431996
30
0
41
1
10
18.8724361366048
20
-2.47094493397341
30
0
41
1
10
18.6928669920492
20
-2.33704061392905
30
0
41
1
10
18.6029098577498
20
-2.26902257522653
30
0
41
1
10
18.4225577147296
20
-2.13094512529295
30
0
41
1
10
18.332030231058
20
-2.06077983800145
30
0
41
1
10
18.0614031368673
20
-1.8487135522328
30
0
41
1
10
17.8818378998021
20
-1.70493415462832
30
0
41
1
10
17.5237601772317
20
-1.41329323279581
30
0
41
1
10
17.3452474351448
20
-1.26543021969653
30
0
41
1
10
16.9885492019421
20
-0.966465638657979
30
0
41
1
10
16.8103600707861
20
-0.815368657126811
30
0
41
1
10
16.4535574352665
20
-0.510891707650245
30
0
41
1
10
16.2749618275313
20
-0.357470542975989
30
0
41
1
10
16.0062547904172
20
-0.126099499863386
30
0
41
1
10
15.9165499779965
20
-0.0487678681793398
30
0
41
1
10
15.7367711788309
20
0.106218162544167
30
0
41
1
10
15.6466959211125
20
0.1838681635017
30
0
41
1
10
15.5112289594605
20
0.300474291721343
30
0
41
1
10
15.4659926171989
20
0.339384293877373
30
0
41
1
10
15.3756415491278
20
0.4170169942754
30
0
41
1
10
15.3304972923102
20
0.455763207334741
30
0
41
1
10
15.1951352045328
20
0.571776470778843
30
0
41
1
10
15.1049934620908
20
0.648818805752626
30
0
41
1
10
15.0149247133654
20
0.725516064146092
30
0
0
SPLINE
5
177
100
AcDbEntity
8
1
62
256
6
ByLayer
370
18
48
1
60
0
100
AcDbSpline
70
4
71
3
72
14
73
10
40
0
40
0
40
0
40
0
40
0.25
40
0.25
40
0.5
40
0.5
40
0.75
40
0.75
40
1
40
1
40
1
40
1
41
1
10
15
20
-0.940567173242727
30
0
41
1
10
15.001265786487
20
-0.800309631290162
30
0
41
1
10
15.0025596966166
20
-0.660155439635361
30
0
41
1
10
15.0050893304851
20
-0.380050298533945
30
0
41
1
10
15.0063556475605
20
-0.240071460016423
30
0
41
1
10
15.0088120531098
20
0.0395668748636524
30
0
41
1
10
15.0100231888291
20
0.178284776456479
30
0
41
1
10
15.0124860476952
20
0.453540139174379
30
0
41
1
10
15.0136888780482
20
0.590078966440757
30
0
41
1
10
15.014924713358
20
0.725516064146035
30
0
0
SPLINE
5
178
100
AcDbEntity
8
1
62
256
6
ByLayer
370
18
48
1
60
0
100
AcDbSpline
70
4
71
3
72
8
73
4
40
0
40
0
40
0
40
0
40
1
40
1
40
1
40
1
41
1
10
14.9992530243517
20
-1.02418785662638
30
0
41
1
10
14.9995020181121
20
-0.996332027852247
30
0
41
1
10
14.9997510100036
20
-0.968457251145765
30
0
41
1
10
15
20
-0.940567173244716
30
0
0
SPLINE
5
179
100
AcDbEntity
8
1
62
256
6
ByLayer
370
18
48
1
60
0
100
AcDbSpline
70
4
71
3
72
8
73
4
40
0
40
0
40
0
40
0
40
1
40
1
40
1
40
1
41
1
10
42.0860816758262
20
-0.290778336292647
30
0
41
1
10
42.0859068255809
20
-0.376468242713685
30
0
41
1
10
42.0857294963992
20
-0.462285240845461
30
0
41
1
10
42.0855486834824
20
-0.548143995190799
30
0
0
SPLINE
5
17A
100
AcDbEntity
8
1
62
256
6
ByLayer
370
18
48
1
60
0
100
AcDbSpline
70
4
71
3
72
8
73
4
40
0
40
0
40
0
40
0
40
1
40
1
40
1
40
1
41
1
10
46.4966282593672
20
-3.9288783466904
30
0
41
1
10
46.5217581775443
20
-3.92821440084944
30
0
41
1
10
46.5468879269446
20
-3.92754906050499
30
0
41
1
10
46.5720174668983
20
-3.9268819868457
30
0
0
SPLINE
5
17B
100
AcDbEntity
8
1
62
256
6
ByLayer
370
18
48
1
60
0
100
AcDbSpline
70
4
71
3
72
15
73
11
40
0
40
0
40
0
40
0
40
0.125
40
0.125
40
0.249999999999999
40
0.5
40
0.5
40
0.75
40
0.75
40
1
40
1
40
1
40
1
41
1
10
46.5720174668971
20
-3.92688198685337
30
0
41
1
10
46.5763035294171
20
-3.89967674340511
30
0
41
1
10
46.5813628378232
20
-3.87221463175266
30
0
41
1
10
46.5918282787485
20
-3.81675129937423
30
0
41
1
10
46.6082178020902
20
-3.73275135421812
30
0
41
1
10
46.6252500852901
20
-3.64631231010674
30
0
41
1
10
46.6473884247553
20
-3.5288582216979
30
0
41
1
10
46.6581837443798
20
-3.46903018317181
30
0
41
1
10
46.6786655899217
20
-3.34713150055626
30
0
41
1
10
46.6883838037188
20
-3.28506681128243
30
0
41
1
10
46.6973330073464
20
-3.22205937141359
30
0
0
SPLINE
5
17C
100
AcDbEntity
8
1
62
256
6
ByLayer
370
18
48
1
60
0
100
AcDbSpline
70
4
71
3
72
14
73
10
40
0
40
0
40
0
40
0
40
0.25
40
0.25
40
0.500000000000001
40
0.500000000000001
40
0.75
40
0.75
40
1
40
1
40
1
40
1
41
1
10
46.6973322413798
20
-3.2220603730978
30
0
41
1
10
46.691598594172
20
-3.17020828757907
30
0
41
1
10
46.6867919401045
20
-3.11758417879693
30
0
41
1
10
46.6778534554174
20
-3.01093179746653
30
0
41
1
10
46.6737134910557
20
-2.95688564321199
30
0
41
1
10
46.6646489077257
20
-2.84766857703315
30
0
41
1
10
46.6597470820273
20
-2.79248262953996
30
0
41
1
10
46.6473135575695
20
-2.6812963318647
30
0
41
1
10
46.6397483831462
20
-2.62535985484365
30
0
41
1
10
46.6294055854926
20
-2.56932210891057
30
0
0
SPLINE
5
17D
100
AcDbEntity
8
1
62
256
6
ByLayer
370
18
48
1
60
0
100
AcDbSpline
70
4
71
3
72
23
73
19
40
0
40
0
40
0
40
0
40
0.124999999999995
40
0.124999999999995
40
0.249999999999991
40
0.249999999999991
40
0.374999999999986
40
0.374999999999986
40
0.499999999999982
40
0.499999999999982
40
0.562499999999982
40
0.562499999999982
40
0.624999999999982
40
0.749999999999988
40
0.749999999999988
40
0.874999999999994
40
0.874999999999994
40
1
40
1
40
1
40
1
41
1
10
46.6294055854926
20
-2.56932210891057
30
0
41
1
10
46.4393717631658
20
-2.43175785798306
30
0
41
1
10
46.2502285082508
20
-2.28992559614051
30
0
41
1
10
45.8726728086002
20
-1.99909452791473
30
0
41
1
10
45.6842612985751
20
-1.85009793945591
30
0
41
1
10
45.3072538480484
20
-1.54607743630646
30
0
41
1
10
45.1186567593505
20
-1.39106257716003
30
0
41
1
10
44.7404282456243
20
-1.07603116176625
30
0
41
1
10
44.5508042053022
20
-0.915992915600839
30
0
41
1
10
44.2649666011906
20
-0.672737927922668
30
0
41
1
10
44.1693153594051
20
-0.591000357553696
30
0
41
1
10
43.9787367422103
20
-0.427686727242673
30
0
41
1
10
43.6935761339344
20
-0.182642518653267
30
0
41
1
10
43.4100323157808
20
0.0620514198881494
30
0
41
1
10
43.0325433628208
20
0.387018171163476
30
0
41
1
10
42.8440876572769
20
0.548859323089431
30
0
41
1
10
42.4669368295182
20
0.870298131572127
30
0
41
1
10
42.2782439710184
20
1.029893368361
30
0
41
1
10
42.0890039167271
20
1.18787600985945
30
0
0
SPLINE
5
17E
100
AcDbEntity
8
1
62
256
6
ByLayer
370
18
48
1
60
0
100
AcDbSpline
70
4
71
3
72
39
73
35
40
0
40
0
40
0
40
0
40
0.0975538443831087
40
0.0975538443831087
40
0.146330766574661
40
0.146330766574661
40
0.195107688766213
40
0.195107688766213
40
0.292661533149322
40
0.292661533149322
40
0.39021537753243
40
0.39021537753243
40
0.438992299723985
40
0.438992299723985
40
0.46338076081976
40
0.46338076081976
40
0.487769221915535
40
0.487769221915535
40
0.585323066298648
40
0.585323066298648
40
0.634099988490204
40
0.634099988490204
40
0.682876910681761
40
0.682876910681761
40
0.780430755064873
40
0.780430755064873
40
0.877984599447986
40
0.877984599447986
40
0.926761521639543
40
0.951149982735321
40
0.951149982735321
40
0.975538443831099
40
0.975538443831099
40
1
40
1
40
1
40
1
41
1
10
41.3202739073801
20
1.81625677415244
30
0
41
1
10
41.1264647928629
20
1.97079466888116
30
0
41
1
10
40.9337158406948
20
2.12115363638233
30
0
41
1
10
40.6454884700717
20
2.33976873280275
30
0
41
1
10
40.5495554411726
20
2.41149642502163
30
0
41
1
10
40.3578269840349
20
2.5526710284577
30
0
41
1
10
40.2620302068627
20
2.62212663519418
30
0
41
1
10
39.9747192950036
20
2.82690989423873
30
0
41
1
10
39.7832936858941
20
2.95863746112019
30
0
41
1
10
39.3998794155728
20
3.21147665469516
30
0
41
1
10
39.2078927338602
20
3.33256184938074
30
0
41
1
10
38.9188071473163
20
3.50543784598759
30
0
41
1
10
38.8222588681178
20
3.56162487978401
30
0
41
1
10
38.6770723129805
20
3.64368952673891
30
0
41
1
10
38.6286162548683
20
3.67067214357138
30
0
41
1
10
38.531568497963
20
3.72386536741436
30
0
41
1
10
38.4830148188874
20
3.75005424032452
30
0
41
1
10
38.2407915555814
20
3.87852158008161
30
0
41
1
10
38.0480962115022
20
3.97373234743452
30
0
41
1
10
37.7599797880828
20
4.10481931811722
30
0
41
1
10
37.6640966511332
20
4.14655345508359
30
0
41
1
10
37.4725199520657
20
4.22603984639443
30
0
41
1
10
37.3768206836699
20
4.2638120013462
30
0
41
1
10
37.0897508225679
20
4.37158758702194
30
0
41
1
10
36.8984026662941
20
4.43616446751551
30
0
41
1
10
36.5150931224834
20
4.54985266306278
30
0
41
1
10
36.3231277754384
20
4.59898388495239
30
0
41
1
10
36.0341009669241
20
4.6604991179247
30
0
41
1
10
35.8893168027317
20
4.68820931660423
30
0
41
1
10
35.7439994637759
20
4.71120292970895
30
0
41
1
10
35.6469875294463
20
4.72546506475098
30
0
41
1
10
35.5984427807643
20
4.73205746459629
30
0
41
1
10
35.5014326743465
20
4.74413487487777
30
0
41
1
10
35.4529238211741
20
4.7496232037407
30
0
41
1
10
35.4044766474844
20
4.7545513599764
30
0
0
SPLINE
5
17F
100
AcDbEntity
8
1
62
256
6
ByLayer
370
18
48
1
60
0
100
AcDbSpline
70
4
71
3
72
16
73
12
40
0
40
0
40
0
40
0
40
0.250000000000001
40
0.250000000000001
40
0.375000000000001
40
0.375000000000001
40
0.500000000000001
40
0.500000000000001
40
0.75
40
0.75
40
1
40
1
40
1
40
1
41
1
10
35.3182885923291
20
-4.13614705834874
30
0
41
1
10
35.3181404154367
20
-4.22535569775033
30
0
41
1
10
35.3180391575852
20
-4.30900262924268
30
0
41
1
10
35.3178340647864
20
-4.42619058068627
30
0
41
1
10
35.3177619405867
20
-4.46387035080576
30
0
41
1
10
35.3176517768962
20
-4.53644390903833
30
0
41
1
10
35.3176122025222
20
-4.57121987226904
30
0
41
1
10
35.3174827198424
20
-4.67094879106284
30
0
41
1
10
35.3173578401736
20
-4.73136916262777
30
0
41
1
10
35.3171178408508
20
-4.84014565408194
30
0
41
1
10
35.3170375773528
20
-4.88849851252442
30
0
41
1
10
35.3169404914239
20
-4.93071521738301
30
0
0
SPLINE
5
180
100
AcDbEntity
8
1
62
256
6
ByLayer
370
18
48
1
60
0
100
AcDbSpline
70
4
71
3
72
60
73
56
40
0
40
0
40
0
40
0
40
0.0624999999999925
40
0.0624999999999925
40
0.0937499999999875
40
0.0937499999999875
40
0.124999999999982
40
0.124999999999982
40
0.187499999999972
40
0.187499999999972
40
0.249999999999962
40
0.249999999999962
40
0.265624999999962
40
0.265624999999962
40
0.281249999999961
40
0.281249999999961
40
0.31249999999996
40
0.31249999999996
40
0.374999999999958
40
0.374999999999958
40
0.437499999999956
40
0.437499999999956
40
0.468749999999955
40
0.468749999999955
40
0.499999999999954
40
0.499999999999954
40
0.562499999999951
40
0.562499999999951
40
0.578124999999951
40
0.578124999999951
40
0.593749999999952
40
0.593749999999952
40
0.624999999999954
40
0.624999999999954
40
0.656249999999957
40
0.656249999999957
40
0.68749999999996
40
0.68749999999996
40
0.749999999999965
40
0.749999999999965
40
0.781249999999969
40
0.781249999999969
40
0.812499999999973
40
0.812499999999973
40
0.874999999999979
40
0.874999999999979
40
0.890624999999981
40
0.890624999999981
40
0.906249999999984
40
0.906249999999984
40
0.937499999999989
40
0.937499999999989
40
0.968749999999995
40
0.968749999999995
40
1
40
1
40
1
40
1
41
1
10
35.3182885923291
20
-4.13614705834877
30
0
41
1
10
35.1252950534647
20
-4.05267070611663
30
0
41
1
10
34.9332191043308
20
-3.9618616745424
30
0
41
1
10
34.6457914624665
20
-3.81505546089303
30
0
41
1
10
34.550097023919
20
-3.7643503670181
30
0
41
1
10
34.3588158635891
20
-3.65947473373731
30
0
41
1
10
34.2632118002385
20
-3.60539346782065
30
0
41
1
10
33.97626319857
20
-3.43902481335832
30
0
41
1
10
33.7848556675959
20
-3.32220484534847
30
0
41
1
10
33.4011196453115
20
-3.07670302315466
30
0
41
1
10
33.2087967386285
20
-2.94795684939371
30
0
41
1
10
32.9672559076059
20
-2.779586928475
30
0
41
1
10
32.9188903573764
20
-2.74554430811523
30
0
41
1
10
32.8220288260765
20
-2.67672898898033
30
0
41
1
10
32.7734866057233
20
-2.64192347836942
30
0
41
1
10
32.628029507021
20
-2.53673385230073
30
0
41
1
10
32.5313225634261
20
-2.46561636638253
30
0
41
1
10
32.2417360620379
20
-2.24973144525777
30
0
41
1
10
32.0494598311111
20
-2.10228113193256
30
0
41
1
10
31.6658368565073
20
-1.80067848801212
30
0
41
1
10
31.4744694381991
20
-1.64657895338257
30
0
41
1
10
31.1874205995479
20
-1.41106446619651
30
0
41
1
10
31.0917249168448
20
-1.33187158062017
30
0
41
1
10
30.9001535034171
20
-1.17245780343674
30
0
41
1
10
30.8042912906486
20
-1.09218573092752
30
0
41
1
10
30.5163442012421
20
-0.84974742376798
30
0
41
1
10
30.3239011885303
20
-0.685982827536918
30
0
41
1
10
30.0822070837984
20
-0.47897383041564
30
0
41
1
10
30.0338106486504
20
-0.437456344934418
30
0
41
1
10
29.9368863975729
20
-0.354207239916065
30
0
41
1
10
29.8883179521096
20
-0.312440764430789
30
0
41
1
10
29.7429119076684
20
-0.187295473432613
30
0
41
1
10
29.6462571065622
20
-0.103966821381903
30
0
41
1
10
29.453350756544
20
0.0623386301488722
30
0
41
1
10
29.3570916108794
20
0.145313264000663
30
0
41
1
10
29.1648339452412
20
0.310788119075681
30
0
41
1
10
29.0688402942419
20
0.39329051318245
30
0
41
1
10
28.7811521643065
20
0.639925445517918
30
0
41
1
10
28.5897562539897
20
0.803190891548979
30
0
41
1
10
28.3026509849074
20
1.04555194008231
30
0
41
1
10
28.2069484719177
20
1.12591223986155
30
0
41
1
10
28.0154097453159
20
1.28564342773041
30
0
41
1
10
27.9195586481405
20
1.36502904343339
30
0
41
1
10
27.631620973637
20
1.60157346998386
30
0
41
1
10
27.4391590597289
20
1.75712094575377
30
0
41
1
10
27.197430646385
20
1.94818358654012
30
0
41
1
10
27.1490270896203
20
1.98622673977542
30
0
41
1
10
27.0520892413083
20
2.06195167420353
30
0
41
1
10
27.0035145190046
20
2.09966431145989
30
0
41
1
10
26.8581021796375
20
2.21181434638277
30
0
41
1
10
26.7614557149191
20
2.28535389152944
30
0
41
1
10
26.5685997290947
20
2.42992525225054
30
0
41
1
10
26.4723976806204
20
2.50093905953429
30
0
41
1
10
26.2802578159754
20
2.64049568052084
30
0
41
1
10
26.184312579239
20
2.70906343847204
30
0
41
1
10
26.0884558291897
20
2.776352533373
30
0
0
SPLINE
5
181
100
AcDbEntity
8
1
62
256
6
ByLayer
370
18
48
1
60
0
100
AcDbSpline
70
4
71
3
72
14
73
10
40
0
40
0
40
0
40
0
40
0.249999999999999
40
0.249999999999999
40
0.374999999999999
40
0.374999999999999
40
0.499999999999998
40
0.499999999999998
40
1
40
1
40
1
40
1
41
1
10
26.0859149621731
20
1.51313961454201
30
0
41
1
10
26.0861375974559
20
1.62840644338829
30
0
41
1
10
26.0863492082872
20
1.74135016482836
30
0
41
1
10
26.0866713479412
20
1.90730464859251
30
0
41
1
10
26.0867790770461
20
1.9620453552007
30
0
41
1
10
26.0869937816136
20
2.07036852753797
30
0
41
1
10
26.0871007354141
20
2.1240010791422
30
0
41
1
10
26.0876218772882
20
2.38841542810732
30
0
41
1
10
26.0880363466491
20
2.58824859489673
30
0
41
1
10
26.0884558291877
20
2.77635253337434
30
0
0
SPLINE
5
182
100
AcDbEntity
8
1
62
256
6
ByLayer
370
18
48
1
60
0
100
AcDbSpline
70
4
71
3
72
8
73
4
40
0
40
0
40
0
40
0
40
1
40
1
40
1
40
1
41
1
10
26.0859149621731
20
1.51313961454201
30
0
41
1
10
26.0857644197753
20
1.43519803857004
30
0
41
1
10
26.0856119019966
20
1.35634384183913
30
0
41
1
10
26.0854564499449
20
1.27665538592331
30
0
0
SPLINE
5
183
100
AcDbEntity
8
1
62
256
6
ByLayer
370
18
48
1
60
0
100
AcDbSpline
70
4
71
3
72
14
73
10
40
0
40
0
40
0
40
0
40
0.250000000000001
40
0.250000000000001
40
0.375000000000001
40
0.375000000000001
40
0.500000000000001
40
0.500000000000001
40
1
40
1
40
1
40
1
41
1
10
18.0863917057551
20
2.57893368895094
30
0
41
1
10
18.0866410946339
20
2.67854031862291
30
0
41
1
10
18.0868786513557
20
2.77489696093099
30
0
41
1
10
18.0872387700876
20
2.91458988184729
30
0
41
1
10
18.0873590017777
20
2.96034633550525
30
0
41
1
10
18.087598446484
20
3.05023887091352
30
0
41
1
10
18.0877176504538
20
3.09441562196815
30
0
41
1
10
18.0882993265679
20
3.31054302078638
30
0
41
1
10
18.0887597986275
20
3.46850769842314
30
0
41
1
10
18.0892242507212
20
3.61149548611195
30
0
0
SPLINE
5
184
100
AcDbEntity
8
1
62
256
6
ByLayer
370
18
48
1
60
0
100
AcDbSpline
70
4
71
3
72
8
73
4
40
0
40
0
40
0
40
0
40
1
40
1
40
1
40
1
41
1
10
18.0863917057551
20
2.57893368895094
30
0
41
1
10
18.0862230850485
20
2.51158609410234
30
0
41
1
10
18.0860521502358
20
2.44288102398014
30
0
41
1
10
18.0858778906378
20
2.37288672368536
30
0
0
SPLINE
5
185
100
AcDbEntity
8
1
62
256
6
ByLayer
370
18
48
1
60
0
100
AcDbSpline
70
4
71
3
72
16
73
12
40
0
40
0
40
0
40
0
40
0.249999999999999
40
0.249999999999999
40
0.374999999999999
40
0.374999999999999
40
0.5
40
0.5
40
0.75
40
0.75
40
1
40
1
40
1
40
1
41
1
10
27.321603068229
20
-3.45732645844299
30
0
41
1
10
27.3212336945608
20
-3.57181138429647
30
0
41
1
10
27.3209101266994
20
-3.68175161037621
30
0
41
1
10
27.3203659905229
20
-3.83989342977026
30
0
41
1
10
27.3201802919808
20
-3.89147724574911
30
0
41
1
10
27.319840863908
20
-3.9923681356662
30
0
41
1
10
27.3196858556485
20
-4.04151501479541
30
0
41
1
10
27.3192072653164
20
-4.18492443006343
30
0
41
1
10
27.318845901319
20
-4.27524678189914
30
0
41
1
10
27.3181228033773
20
-4.44538106246338
30
0
41
1
10
27.3177954998102
20
-4.52519021127665
30
0
41
1
10
27.3174435154822
20
-4.59965349266949
30
0
0
SPLINE
5
186
100
AcDbEntity
8
1
62
256
6
ByLayer
370
18
48
1
60
0
100
AcDbSpline
70
4
71
3
72
60
73
56
40
0
40
0
40
0
40
0
40
0.0312500000000003
40
0.0312500000000003
40
0.0625000000000006
40
0.0625000000000006
40
0.093750000000001
40
0.093750000000001
40
0.125000000000001
40
0.125000000000001
40
0.187500000000002
40
0.187500000000002
40
0.250000000000003
40
0.250000000000003
40
0.281250000000002
40
0.281250000000002
40
0.312500000000001
40
0.34375
40
0.34375
40
0.359375
40
0.359375
40
0.375000000000001
40
0.375000000000001
40
0.40625
40
0.40625
40
0.437499999999999
40
0.437499999999999
40
0.499999999999997
40
0.499999999999997
40
0.562499999999995
40
0.562499999999995
40
0.593749999999995
40
0.593749999999995
40
0.624999999999995
40
0.656249999999994
40
0.656249999999994
40
0.671874999999995
40
0.671874999999995
40
0.687499999999995
40
0.687499999999995
40
0.718749999999996
40
0.718749999999996
40
0.749999999999997
40
0.749999999999997
40
0.812499999999998
40
0.812499999999998
40
0.874999999999999
40
0.874999999999999
40
0.906249999999999
40
0.906249999999999
40
0.937499999999999
40
0.937499999999999
40
0.96875
40
0.96875
40
1
40
1
40
1
40
1
41
1
10
27.321603068229
20
-3.45732645844299
30
0
41
1
10
27.2250159516825
20
-3.39989573356104
30
0
41
1
10
27.1282125562895
20
-3.34078499276742
30
0
41
1
10
26.9340534001024
20
-3.21908999097101
30
0
41
1
10
26.8372219903083
20
-3.15681534015272
30
0
41
1
10
26.6441013646025
20
-3.02966868146413
30
0
41
1
10
26.5477791184159
20
-2.96479012492455
30
0
41
1
10
26.3554671068048
20
-2.83263088239474
30
0
41
1
10
26.2594547579568
20
-2.76542646262499
30
0
41
1
10
25.9716995934589
20
-2.56061886670156
30
0
41
1
10
25.7802637851618
20
-2.41974643745061
30
0
41
1
10
25.397459245374
20
-2.12980448292797
30
0
41
1
10
25.2060915632254
20
-1.98073945604054
30
0
41
1
10
24.9184408724805
20
-1.75134052784946
30
0
41
1
10
24.8224464339421
20
-1.67396985334423
30
0
41
1
10
24.6301172263009
20
-1.51765255772699
30
0
41
1
10
24.4374540819113
20
-1.35971556914558
30
0
41
1
10
24.2439178026736
20
-1.19866481756983
30
0
41
1
10
24.0983528827473
20
-1.07675711888257
30
0
41
1
10
24.049849799926
20
-1.03600764406119
30
0
41
1
10
23.9530220290709
20
-0.954426216487008
30
0
41
1
10
23.9046730250091
20
-0.913574001386706
30
0
41
1
10
23.7598008235053
20
-0.790856257032431
30
0
41
1
10
23.6634514486759
20
-0.708830627496781
30
0
41
1
10
23.4711197028659
20
-0.544468148119392
30
0
41
1
10
23.3751476681257
20
-0.46212081766663
30
0
41
1
10
23.0875192444841
20
-0.214908207439009
30
0
41
1
10
22.8961509632082
20
-0.0498701902971561
30
0
41
1
10
22.5134338121406
20
0.279778286316599
30
0
41
1
10
22.3220849566634
20
0.444390303678745
30
0
41
1
10
22.0344784292868
20
0.690264884319646
30
0
41
1
10
21.9385100380658
20
0.772045772872104
30
0
41
1
10
21.7462360574924
20
0.935099902197464
30
0
41
1
10
21.5536299874388
20
1.09765092117476
30
0
41
1
10
21.3601411461851
20
1.25894029087769
30
0
41
1
10
21.2146110219031
20
1.37933689193861
30
0
41
1
10
21.1661193395996
20
1.41930156907708
30
0
41
1
10
21.069305358651
20
1.49876253824593
30
0
41
1
10
21.0209601537231
20
1.53827779271916
30
0
41
1
10
20.8760910153105
20
1.65615752789807
30
0
41
1
10
20.7797323066209
20
1.73385914015705
30
0
41
1
10
20.587379244056
20
1.88733591223783
30
0
41
1
10
20.4913908036597
20
1.96309929523216
30
0
41
1
10
20.203785070848
20
2.18732463793185
30
0
41
1
10
20.01248500305
20
2.33279887484002
30
0
41
1
10
19.6298586930407
20
2.61502229392539
30
0
41
1
10
19.4385359726364
20
2.75178758947885
30
0
41
1
10
19.1509269772067
20
2.94965426998263
30
0
41
1
10
19.0549538392169
20
3.01438977380963
30
0
41
1
10
18.8626899499866
20
3.1412356504672
30
0
41
1
10
18.7663971607906
20
3.20335285199911
30
0
41
1
10
18.5733676592765
20
3.3249273188722
30
0
41
1
10
18.4766318193502
20
3.38437918984894
30
0
41
1
10
18.2826034997551
20
3.50049733910757
30
0
41
1
10
18.1857866846746
20
3.55687861908226
30
0
41
1
10
18.0892242507233
20
3.61149548611078
30
0
0
SPLINE
5
187
100
AcDbEntity
8
1
62
256
6
ByLayer
370
18
48
1
60
0
100
AcDbSpline
70
4
71
3
72
14
73
10
40
0
40
0
40
0
40
0
40
0.25
40
0.25
40
0.375
40
0.375
40
0.5
40
0.5
40
1
40
1
40
1
40
1
41
1
10
34.0860436583827
20
0.878872643097765
30
0
41
1
10
34.0862591797057
20
1.00011296594548
30
0
41
1
10
34.0864642703943
20
1.11960564845202
30
0
41
1
10
34.086777243926
20
1.29624094588451
30
0
41
1
10
34.086882021482
20
1.35468496909289
30
0
41
1
10
34.0870909912138
20
1.47070169334296
30
0
41
1
10
34.0871951590862
20
1.52832853204282
30
0
41
1
10
34.0877027278969
20
1.81337009454455
30
0
41
1
10
34.0881075537278
20
2.03180336639142
30
0
41
1
10
34.0885173351115
20
2.24061134091193
30
0
0
SPLINE
5
188
100
AcDbEntity
8
1
62
256
6
ByLayer
370
18
48
1
60
0
100
AcDbSpline
70
4
71
3
72
8
73
4
40
0
40
0
40
0
40
0
40
1
40
1
40
1
40
1
41
1
10
34.0860436583827
20
0.878872643097765
30
0
41
1
10
34.085897759013
20
0.796797742820559
30
0
41
1
10
34.0857501407045
20
0.714080142533646
30
0
41
1
10
34.0855998998266
20
0.630802235605472
30
0
0
SPLINE
5
189
100
AcDbEntity
8
1
62
256
6
ByLayer
370
18
48
1
60
0
100
AcDbSpline
70
4
71
3
72
16
73
12
40
0
40
0
40
0
40
0
40
0.25
40
0.25
40
0.375
40
0.375
40
0.5
40
0.5
40
0.75
40
0.75
40
1
40
1
40
1
40
1
41
1
10
43.3203508320954
20
-4.41601683757116
30
0
41
1
10
43.320026672993
20
-4.48885792822659
30
0
41
1
10
43.3197493200193
20
-4.55572433527018
30
0
41
1
10
43.3192769394463
20
-4.64712616691443
30
0
41
1
10
43.3191153373911
20
-4.67610782332844
30
0
41
1
10
43.318824743874
20
-4.73107823156585
30
0
41
1
10
43.3186944678602
20
-4.75697886043028
30
0
41
1
10
43.3182910804616
20
-4.82988838119209
30
0
41
1
10
43.3179811381936
20
-4.87216070536385
30
0
41
1
10
43.3173628568932
20
-4.94410680574836
30
0
41
1
10
43.3170891909155
20
-4.97377718780464
30
0
41
1
10
43.3167923705443
20
-4.99703979839137
30
0
0
SPLINE
5
18A
100
AcDbEntity
8
1
62
256
6
ByLayer
370
18
48
1
60
0
100
AcDbSpline
70
4
71
3
72
54
73
50
40
0
40
0
40
0
40
0
40
0.0624999999999955
40
0.0624999999999955
40
0.124999999999991
40
0.124999999999991
40
0.187499999999986
40
0.187499999999986
40
0.203124999999985
40
0.203124999999985
40
0.218749999999984
40
0.218749999999984
40
0.249999999999984
40
0.249999999999984
40
0.312499999999982
40
0.312499999999982
40
0.37499999999998
40
0.37499999999998
40
0.437499999999978
40
0.437499999999978
40
0.499999999999976
40
0.499999999999976
40
0.515624999999977
40
0.515624999999977
40
0.531249999999978
40
0.531249999999978
40
0.562499999999977
40
0.562499999999977
40
0.624999999999975
40
0.624999999999975
40
0.656249999999975
40
0.656249999999975
40
0.687499999999976
40
0.687499999999976
40
0.749999999999977
40
0.749999999999977
40
0.812499999999977
40
0.812499999999977
40
0.828124999999978
40
0.828124999999978
40
0.843749999999979
40
0.843749999999979
40
0.874999999999983
40
0.874999999999983
40
0.937499999999992
40
0.937499999999992
40
0.968749999999996
40
0.968749999999996
40
1
40
1
40
1
40
1
41
1
10
43.3203508320954
20
-4.41601683757116
30
0
41
1
10
43.1283318247833
20
-4.35222576827636
30
0
41
1
10
42.9366849943248
20
-4.28067610205952
30
0
41
1
10
42.5532778099733
20
-4.12249196932626
30
0
41
1
10
42.3615207082505
20
-4.03582023598631
30
0
41
1
10
41.9770028499409
20
-3.8479060762206
30
0
41
1
10
41.7842423667589
20
-3.7467372071209
30
0
41
1
10
41.5421106958598
20
-3.61126030176681
30
0
41
1
10
41.493625006762
20
-3.58371377129427
30
0
41
1
10
41.3965197749189
20
-3.52771884787387
30
0
41
1
10
41.3479886946392
20
-3.49932106437723
30
0
41
1
10
41.2026607339102
20
-3.41307641151329
30
0
41
1
10
41.1060357102012
20
-3.35412479672641
30
0
41
1
10
40.8167715610162
20
-3.17306606266436
30
0
41
1
10
40.6247661784819
20
-3.04664382920655
30
0
41
1
10
40.2412762450065
20
-2.78431012187431
30
0
41
1
10
40.0497940127189
20
-2.64845377093664
30
0
41
1
10
39.6666606993013
20
-2.36765118837704
30
0
41
1
10
39.475002572197
20
-2.22273631357626
30
0
41
1
10
39.0906536225054
20
-1.924428925093
30
0
41
1
10
38.8979561456909
20
-1.77101167754108
30
0
41
1
10
38.6558439604053
20
-1.57470324218983
30
0
41
1
10
38.6073599367803
20
-1.53520972633294
30
0
41
1
10
38.5102539628096
20
-1.45576085004066
30
0
41
1
10
38.4617350122021
20
-1.41588964278691
30
0
41
1
10
38.3164327942818
20
-1.2959930064973
30
0
41
1
10
38.2198315812378
20
-1.2156256284502
30
0
41
1
10
37.9306523752809
20
-0.973421234264976
30
0
41
1
10
37.7387031262577
20
-0.810476107135912
30
0
41
1
10
37.4513228902664
20
-0.564675459590859
30
0
41
1
10
37.3556120493969
20
-0.482522918106724
30
0
41
1
10
37.1641987275278
20
-0.317983312769996
30
0
41
1
10
37.0684955010679
20
-0.23559818953504
30
0
41
1
10
36.7812760002732
20
0.0117691633319623
30
0
41
1
10
36.5896573478917
20
0.176974349234456
30
0
41
1
10
36.2053727072612
20
0.507095428654196
30
0
41
1
10
36.0127070331819
20
0.672010924884916
30
0
41
1
10
35.7706727122953
20
0.877352521128557
30
0
41
1
10
35.7222054216977
20
0.918380375376131
30
0
41
1
10
35.6251348594925
20
1.00033811223136
30
0
41
1
10
35.5766231153851
20
1.04119057043565
30
0
41
1
10
35.4313594441575
20
1.16315851874984
30
0
41
1
10
35.3347859028354
20
1.2437635389297
30
0
41
1
10
35.0457062288797
20
1.48326555453045
30
0
41
1
10
34.8538410080639
20
1.63985413351088
30
0
41
1
10
34.5666325730654
20
1.86930262190543
30
0
41
1
10
34.4710004981699
20
1.94486501302515
30
0
41
1
10
34.2797817612355
20
2.09409694720699
30
0
41
1
10
34.1841716453379
20
2.16782097182886
30
0
41
1
10
34.0885173351135
20
2.24061134091048
30
0
0
SPLINE
5
18B
100
AcDbEntity
8
1
62
256
6
ByLayer
370
18
48
1
60
0
100
AcDbSpline
70
4
71
3
72
14
73
10
40
0
40
0
40
0
40
0
40
0.500000000000038
40
0.500000000000038
40
0.625000000000027
40
0.625000000000027
40
0.750000000000016
40
0.750000000000016
40
1
40
1
40
1
40
1
41
1
10
39.887459674256
20
4.82403318349333
30
0
41
1
10
39.9270256426198
20
4.84159078081001
30
0
41
1
10
39.9637963888494
20
4.86487653961598
30
0
41
1
10
40.005723116078
20
4.90132684942273
30
0
41
1
10
40.0139009924342
20
4.90899590138835
30
0
41
1
10
40.0298092318218
20
4.92513444888223
30
0
41
1
10
40.0375648373056
20
4.93363153213039
30
0
41
1
10
40.0598644995096
20
4.9601434310986
30
0
41
1
10
40.0734580392036
20
4.97918284468915
30
0
41
1
10
40.0855691743574
20
4.99979539258587
30
0
0
SPLINE
5
18C
100
AcDbEntity
8
1
62
256
6
ByLayer
370
18
48
1
60
0
100
AcDbSpline
70
4
71
3
72
28
73
24
40
0
40
0
40
0
40
0
40
0.12500000000003
40
0.12500000000003
40
0.250000000000061
40
0.250000000000061
40
0.312500000000056
40
0.312500000000056
40
0.375000000000051
40
0.375000000000051
40
0.437500000000047
40
0.437500000000047
40
0.500000000000042
40
0.500000000000042
40
0.53125000000004
40
0.53125000000004
40
0.562500000000037
40
0.562500000000037
40
0.625000000000033
40
0.625000000000033
40
0.750000000000022
40
0.750000000000022
40
1
40
1
40
1
40
1
41
1
10
39.887459674256
20
4.82403318349333
30
0
41
1
10
39.8640698780667
20
4.81365384383662
30
0
41
1
10
39.8402317473993
20
4.8055873756964
30
0
41
1
10
39.7918147831927
20
4.79403214519485
30
0
41
1
10
39.7672355523267
20
4.79054166191551
30
0
41
1
10
39.7298373167028
20
4.78919489043031
30
0
41
1
10
39.7172144618954
20
4.78939744033946
30
0
41
1
10
39.6922141033917
20
4.79121079893523
30
0
41
1
10
39.679831471055
20
4.79282165635667
30
0
41
1
10
39.6553186942058
20
4.79750718055723
30
0
41
1
10
39.6431873599904
20
4.80057458723934
30
0
41
1
10
39.6191991229961
20
4.80828120031495
30
0
41
1
10
39.6073381892016
20
4.812895670572
30
0
41
1
10
39.5898061406073
20
4.82132320979969
30
0
41
1
10
39.5840043921495
20
4.82437821561862
30
0
41
1
10
39.5723931636065
20
4.83042267729567
30
0
41
1
10
39.5665868342438
20
4.83343098817508
30
0
41
1
10
39.5491685944421
20
4.84243146562744
30
0
41
1
10
39.5375581021679
20
4.84840535801459
30
0
41
1
10
39.5027347918276
20
4.86629718529963
30
0
41
1
10
39.479527975115
20
4.87816309428808
30
0
41
1
10
39.4099177805394
20
4.91351130584894
30
0
41
1
10
39.3635286769546
20
4.93675880959836
30
0
41
1
10
39.3171584757469
20
4.95967631424062
30
0
0
SPLINE
5
18D
100
AcDbEntity
8
1
62
256
6
ByLayer
370
18
48
1
60
0
100
AcDbSpline
70
4
71
3
72
8
73
4
40
0
40
0
40
0
40
0
40
1
40
1
40
1
40
1
41
1
10
39.3171486185918
20
4.95993074104848
30
0
41
1
10
39.0492859953551
20
4.929409927862
30
0
41
1
10
38.7814233721183
20
4.88154805095621
30
0
41
1
10
38.5135607488816
20
4.8168446327557
30
0
0
SPLINE
5
18E
100
AcDbEntity
8
1
62
256
6
ByLayer
370
18
48
1
60
0
100
AcDbSpline
70
4
71
5
72
15
73
9
40
0
40
0
40
0
40
0
40
0
40
0
40
0.288454785148109
40
0.511502786634506
40
0.734550788120903
40
1
40
1
40
1
40
1
40
1
40
1
41
1
10
38.5135612306488
20
4.81683878639606
30
0
41
1
10
38.435223792691
20
4.79791531686004
30
0
41
1
10
38.2963118388031
20
4.7622344623413
30
0
41
1
10
38.0968253689851
20
4.70561911419134
30
0
41
1
10
37.8252492260634
20
4.61817375953794
30
0
41
1
10
37.5536730831417
20
4.51693345449567
30
0
41
1
10
37.3604343781778
20
4.43809270147369
30
0
41
1
10
37.227770189144
20
4.38082549545717
30
0
41
1
10
37.1556805160403
20
4.34879038108625
30
0
0
SPLINE
5
18F
100
AcDbEntity
8
1
62
256
6
ByLayer
370
18
48
1
60
0
100
AcDbSpline
70
4
71
3
72
10
73
6
40
0
40
0
40
0
40
0
40
0.417111387025782
40
0.417111387025782
40
1
40
1
40
1
40
1
41
1
10
23.2555192700182
20
-4.96264471306139
30
0
41
1
10
23.0675066990367
20
-4.98328955631007
30
0
41
1
10
22.879494128055
20
-4.99540420193307
30
0
41
1
10
22.4287450551934
20
-5.00380625833586
30
0
41
1
10
22.1660085533134
20
-4.99188958277782
30
0
41
1
10
21.9032720514329
20
-4.9632785879275
30
0
0
SPLINE
5
190
100
AcDbEntity
8
1
62
256
6
ByLayer
370
18
48
1
60
0
100
AcDbSpline
70
4
71
5
72
16
73
10
40
0
40
0
40
0
40
0
40
0
40
0
40
0.272812066287501
40
0.460935182588543
40
0.649058298889552
40
0.931242973341091
40
1
40
1
40
1
40
1
40
1
40
1
41
1
10
21.9032716040935
20
-4.96328410628334
30
0
41
1
10
21.8154277538523
20
-4.95372048859076
30
0
41
1
10
21.6670093876811
20
-4.93493899434381
30
0
41
1
10
21.4580165055797
20
-4.90227148548746
30
0
41
1
10
21.1581618495834
20
-4.84292427915383
30
0
41
1
10
20.8361678430991
20
-4.76024881417686
30
0
41
1
10
20.602017686856
20
-4.68956647659945
30
0
41
1
10
20.428442046543
20
-4.63147492839292
30
0
41
1
10
20.31544092216
20
-4.59127691597234
30
0
41
1
10
20.2933015716721
20
-4.58331019533352
30
0
0
SPLINE
5
191
100
AcDbEntity
8
1
62
256
6
ByLayer
370
18
48
1
60
0
100
AcDbSpline
70
4
71
3
72
8
73
4
40
0
40
0
40
0
40
0
40
1
40
1
40
1
40
1
41
1
10
20.085013515324
20
-4.50515527628573
30
0
41
1
10
20.1544428674401
20
-4.53226954314016
30
0
41
1
10
20.2238722195561
20
-4.55832729127116
30
0
41
1
10
20.2933015716721
20
-4.58331019533355
30
0
0
SPLINE
5
192
100
AcDbEntity
8
1
62
256
6
ByLayer
370
18
48
1
60
0
100
AcDbSpline
70
4
71
3
72
14
73
10
40
0
40
0
40
0
40
0
40
0.499999999999979
40
0.499999999999979
40
0.624999999999978
40
0.624999999999978
40
0.749999999999977
40
0.749999999999977
40
1
40
1
40
1
40
1
41
1
10
19.8870795989064
20
-4.26037198601264
30
0
41
1
10
19.9266010405062
20
-4.29189682476496
30
0
41
1
10
19.9633313506298
20
-4.32790072841422
30
0
41
1
10
20.0052147035001
20
-4.37885638895858
30
0
41
1
10
20.0133842848526
20
-4.38935422872015
30
0
41
1
10
20.0292768217626
20
-4.41100192127286
30
0
41
1
10
20.0370250250227
20
-4.42218830225448
30
0
41
1
10
20.0593068775739
20
-4.45645671796936
30
0
41
1
10
20.0728912685095
20
-4.48025240761146
30
0
41
1
10
20.0849969082521
20
-4.50514879107027
30
0
0
SPLINE
5
193
100
AcDbEntity
8
1
62
256
6
ByLayer
370
18
48
1
60
0
100
AcDbSpline
70
4
71
3
72
28
73
24
40
0
40
0
40
0
40
0
40
0.125000000000005
40
0.125000000000005
40
0.250000000000009
40
0.250000000000009
40
0.312500000000011
40
0.312500000000011
40
0.375000000000014
40
0.375000000000014
40
0.437500000000016
40
0.437500000000016
40
0.500000000000018
40
0.500000000000018
40
0.53125000000002
40
0.53125000000002
40
0.562500000000022
40
0.562500000000022
40
0.625000000000027
40
0.625000000000027
40
0.750000000000017
40
0.750000000000017
40
1
40
1
40
1
40
1
41
1
10
19.8870795989064
20
-4.26037198601264
30
0
41
1
10
19.8636798208601
20
-4.24170682094143
30
0
41
1
10
19.8398307009349
20
-4.22510480228266
30
0
41
1
10
19.7913899253242
20
-4.19591025138945
30
0
41
1
10
19.766797916371
20
-4.18331628533758
30
0
41
1
10
19.72937911101
20
-4.16778102686129
30
0
41
1
10
19.7167491400335
20
-4.16313886314202
30
0
41
1
10
19.6917364089129
20
-4.15522670287288
30
0
41
1
10
19.6793476154822
20
-4.1519544240312
30
0
41
1
10
19.6548226137033
20
-4.14682726846831
30
0
41
1
10
19.6426852128923
20
-4.14496531503056
30
0
41
1
10
19.6186849839049
20
-4.1427618447062
30
0
41
1
10
19.6068181341319
20
-4.14239631512788
30
0
41
1
10
19.5892773933678
20
-4.14330683055084
30
0
41
1
10
19.5834726540772
20
-4.14384780058151
30
0
41
1
10
19.5718552558442
20
-4.14486330885137
30
0
41
1
10
19.5660458452003
20
-4.14535672549528
30
0
41
1
10
19.5486183741391
20
-4.14681077183812
30
0
41
1
10
19.5370017268176
20
-4.1477510975264
30
0
41
1
10
19.5021599515483
20
-4.15053063147542
30
0
41
1
10
19.478940821005
20
-4.15230748979468
30
0
41
1
10
19.4092936808944
20
-4.15734432786471
30
0
41
1
10
19.3628799541496
20
-4.16032554800233
30
0
41
1
10
19.3164851424586
20
-4.16291555374866
30
0
0
SPLINE
5
194
100
AcDbEntity
8
1
62
256
6
ByLayer
370
18
48
1
60
0
100
AcDbSpline
70
4
71
3
72
8
73
4
40
0
40
0
40
0
40
0
40
1
40
1
40
1
40
1
41
1
10
19.316486351687
20
-4.16290243503153
30
0
41
1
10
19.1296111532247
20
-4.0697040853216
30
0
41
1
10
18.9427359547623
20
-3.96942806651398
30
0
41
1
10
18.7558607562999
20
-3.86258460917202
30
0
0
SPLINE
5
195
100
AcDbEntity
8
1
62
256
6
ByLayer
370
18
48
1
60
0
100
AcDbSpline
70
4
71
3
72
10
73
6
40
0
40
0
40
0
40
0
40
0.5
40
0.5
40
1
40
1
40
1
40
1
41
1
10
18.7558607562999
20
-3.86258460917202
30
0
41
1
10
18.5199776065342
20
-3.72771397477285
30
0
41
1
10
18.2840944567683
20
-3.58237580037829
30
0
41
1
10
17.8123281572358
20
-3.27311900081509
30
0
41
1
10
17.5764450074694
20
-3.10920173421528
30
0
41
1
10
17.3405618577027
20
-2.93732339913711
30
0
0
SPLINE
5
196
100
AcDbEntity
8
1
62
256
6
ByLayer
370
18
48
1
60
0
100
AcDbSpline
70
4
71
3
72
10
73
6
40
0
40
0
40
0
40
0
40
0.5
40
0.5
40
1
40
1
40
1
40
1
41
1
10
17.3405618577027
20
-2.93732339913711
30
0
41
1
10
17.033114069831
20
-2.71331035181413
30
0
41
1
10
16.7256662819587
20
-2.47576233840718
30
0
41
1
10
16.110770706213
20
-1.98012253520676
30
0
41
1
10
15.8033229183394
20
-1.7220370228269
30
0
41
1
10
15.4958751304653
20
-1.4572311359573
30
0
0
SPLINE
5
197
100
AcDbEntity
8
1
62
256
6
ByLayer
370
18
48
1
60
0
100
AcDbSpline
70
4
71
3
72
8
73
4
40
0
40
0
40
0
40
0
40
1
40
1
40
1
40
1
41
1
10
14.9996443675519
20
-1.02453698870707
30
0
41
1
10
15.1650546218655
20
-1.17032219426846
30
0
41
1
10
15.3304648761699
20
-1.31474559859845
30
0
41
1
10
15.4958751304653
20
-1.4572311359573
30
0
0
SPLINE
5
198
100
AcDbEntity
8
1
62
256
6
ByLayer
370
18
48
1
60
0
100
AcDbSpline
70
4
71
3
72
34
73
30
40
0
40
0
40
0
40
0
40
0.007461067167279
40
0.015046816711986
40
0.0227572340209335
40
0.0906753226670027
40
0.143270549536379
40
0.180550456027767
40
0.213190630589579
40
0.245579922859597
40
0.277721915695538
40
0.309620405596447
40
0.341279394498408
40
0.372703081357002
40
0.403895853678716
40
0.434862279133514
40
0.465607097352448
40
0.49613521198941
40
0.533802546536868
40
0.573082778573712
40
0.613982008015591
40
0.656505612276461
40
0.700658365431132
40
0.746444536717532
40
0.793867972332493
40
0.842932163642322
40
0.893640304290821
40
0.945995338190807
40
1
40
1
40
1
40
1
41
1
10
13.8608895381348
20
-1.24347133535821
30
0
41
1
10
13.856813562005
20
-1.23468555030533
30
0
41
1
10
13.8485934958439
20
-1.21696716037559
30
0
41
1
10
13.8362050720513
20
-1.19020636067574
30
0
41
1
10
13.791042702912
20
-1.09245294305546
30
0
41
1
10
13.7216544196068
20
-0.943050599428432
30
0
41
1
10
13.6354515171047
20
-0.762498116293983
30
0
41
1
10
13.5672322565765
20
-0.624614509258407
30
0
41
1
10
13.5082313400065
20
-0.511362324386454
30
0
41
1
10
13.4506345417554
20
-0.405332582244995
30
0
41
1
10
13.3918106723905
20
-0.301616890583148
30
0
41
1
10
13.3317810728668
20
-0.200109911118034
30
0
41
1
10
13.2705549980031
20
-0.100707253166178
30
0
41
1
10
13.2081621958507
20
-0.0032951337404086
30
0
41
1
10
13.1446411611905
20
0.0922437015772175
30
0
41
1
10
13.080039219678
20
0.186028636920781
30
0
41
1
10
13.0144101075588
20
0.278179246859367
30
0
41
1
10
12.9424657321202
20
0.37608695740289
30
0
41
1
10
12.8625027212541
20
0.48141836381933
30
0
41
1
10
12.7729170930318
20
0.595843123111166
30
0
41
1
10
12.6778733220614
20
0.714000283202353
30
0
41
1
10
12.5774241680911
20
0.835951822146455
30
0
41
1
10
12.4716242748987
20
0.961758703281987
30
0
41
1
10
12.3605305874487
20
1.09148069136802
30
0
41
1
10
12.2441999200227
20
1.22517508374983
30
0
41
1
10
12.1226948485718
20
1.36289942168989
30
0
41
1
10
11.9960580984803
20
1.50469900506758
30
0
41
1
10
11.8644104947474
20
1.65065420759481
30
0
41
1
10
11.7745752261942
20
1.74915139861608
30
0
41
1
10
11.7289609240433
20
1.79916383476297
30
0
0
SPLINE
5
199
100
AcDbEntity
8
1
62
256
6
ByLayer
370
18
48
1
60
0
100
AcDbSpline
70
4
71
3
72
17
73
13
40
0
40
0
40
0
40
0
40
0.329380807784418
40
0.329380807784418
40
0.494071211676629
40
0.576416413622735
40
0.576416413622735
40
0.658761615568841
40
0.658761615568841
40
0.988142423353275
40
0.988142423353275
40
1
40
1
40
1
40
1
41
1
10
13.8611413142635
20
-1.24285963936521
30
0
41
1
10
14.1815210588708
20
-1.40779334686513
30
0
41
1
10
14.5008405752285
20
-1.56597023406491
30
0
41
1
10
14.9799409222493
20
-1.79051627751866
30
0
41
1
10
15.2195208050002
20
-1.89961059743609
30
0
41
1
10
15.4594653907063
20
-2.00345591905725
30
0
41
1
10
15.6195453777586
20
-2.07146595673351
30
0
41
1
10
15.6996676591339
20
-2.10486994106901
30
0
41
1
10
16.099798914775
20
-2.26835874802168
30
0
41
1
10
16.4190044158991
20
-2.3881240381977
30
0
41
1
10
16.7499490327012
20
-2.4994480435156
30
0
41
1
10
16.7614492232612
20
-2.50330045359522
30
0
41
1
10
16.7729497755937
20
-2.50713685429687
30
0
0
SPLINE
5
19A
100
AcDbEntity
8
1
62
256
6
ByLayer
370
18
48
1
60
0
100
AcDbSpline
70
4
71
3
72
21
73
17
40
0
40
0
40
0
40
0
40
0.0052356206072764
40
0.0052356206072764
40
0.0575916405753145
40
0.0575916405753145
40
0.162303680511391
40
0.371727760383544
40
0.371727760383544
40
0.424083780351583
40
0.424083780351583
40
0.476439800319623
40
0.476439800319623
40
0.581151840255695
40
0.581151840255695
40
1
40
1
40
1
40
1
41
1
10
39.8914397968186
20
2.88873083521881
30
0
41
1
10
39.8994376943761
20
2.88704356757114
30
0
41
1
10
39.9074361262006
20
2.8853471986948
30
0
41
1
10
39.9954246654745
20
2.86658717952389
30
0
41
1
10
40.0755037134068
20
2.84861518205301
30
0
41
1
10
40.3157222368116
20
2.79205331989621
30
0
41
1
10
40.7953508191352
20
2.6685303346797
30
0
41
1
10
41.2738411012198
20
2.51508514790498
30
0
41
1
10
41.6733693941978
20
2.37201767553552
30
0
41
1
10
41.7533143997699
20
2.34264446947873
30
0
41
1
10
41.91331887805
20
2.28241497464171
30
0
41
1
10
41.9934462957844
20
2.25153163343762
30
0
41
1
10
42.2335050908047
20
2.15693026828538
30
0
41
1
10
42.3930031065524
20
2.09131079296986
30
0
41
1
10
43.1885054432251
20
1.75160858355372
30
0
41
1
10
43.818577860407
20
1.44274678413984
30
0
41
1
10
44.4510764675574
20
1.11100709531425
30
0
0
SPLINE
5
19B
100
AcDbEntity
8
1
62
256
6
ByLayer
370
18
48
1
60
0
100
AcDbSpline
70
4
71
3
72
26
73
22
40
0
40
0
40
0
40
0
40
0.125000000000004
40
0.125000000000004
40
0.187500000000006
40
0.187500000000006
40
0.250000000000007
40
0.250000000000007
40
0.499999999999974
40
0.499999999999974
40
0.562499999999978
40
0.562499999999978
40
0.624999999999981
40
0.624999999999981
40
0.749999999999987
40
0.749999999999987
40
0.874999999999994
40
0.874999999999994
40
0.937499999999997
40
0.937499999999997
40
1
40
1
40
1
40
1
41
1
10
44.4510764675643
20
1.11100709530948
30
0
41
1
10
44.4757542371862
20
1.13090424073786
30
0
41
1
10
44.5013206230004
20
1.15078816199386
30
0
41
1
10
44.5412213120845
20
1.18026779930429
30
0
41
1
10
44.5547805415208
20
1.19003581862503
30
0
41
1
10
44.5824581865813
20
1.20939841441418
30
0
41
1
10
44.5966279452458
20
1.2190259754174
30
0
41
1
10
44.6681616277343
20
1.26605083544828
30
0
41
1
10
44.7276901858796
20
1.30026956388156
30
0
41
1
10
44.8058074491603
20
1.33709908943084
30
0
41
1
10
44.8216177994936
20
1.34416530376331
30
0
41
1
10
44.8536413930271
20
1.35764187052973
30
0
41
1
10
44.869802599896
20
1.36402779448426
30
0
41
1
10
44.9182688983398
20
1.38188525427779
30
0
41
1
10
44.9507494412642
20
1.39213993045607
30
0
41
1
10
45.0162313005216
20
1.40908741326336
30
0
41
1
10
45.0492321430937
20
1.41578102060595
30
0
41
1
10
45.0992722111785
20
1.42287769768521
30
0
41
1
10
45.1160785008238
20
1.42475385909339
30
0
41
1
10
45.1496755483435
20
1.42745079244409
30
0
41
1
10
45.1664686518386
20
1.42827471285926
30
0
41
1
10
45.1832674211774
20
1.42856176027078
30
0
0
SPLINE
5
19C
100
AcDbEntity
8
1
62
256
6
ByLayer
370
18
48
1
60
0
100
AcDbSpline
70
4
71
3
72
36
73
32
40
0
40
0
40
0
40
0
40
0.125000000000009
40
0.125000000000009
40
0.187500000000014
40
0.187500000000014
40
0.250000000000019
40
0.250000000000019
40
0.312500000000024
40
0.312500000000024
40
0.343750000000027
40
0.343750000000027
40
0.375000000000029
40
0.375000000000029
40
0.500000000000041
40
0.500000000000041
40
0.531250000000039
40
0.531250000000039
40
0.562500000000036
40
0.562500000000036
40
0.625000000000031
40
0.625000000000031
40
0.687500000000025
40
0.687500000000025
40
0.718750000000023
40
0.718750000000023
40
0.75000000000002
40
0.75000000000002
40
0.87500000000001
40
0.87500000000001
40
1
40
1
40
1
40
1
41
1
10
46.4953889739958
20
1.97024626776934
30
0
41
1
10
46.5123842492313
20
1.93119549090508
30
0
41
1
10
46.5238955557791
20
1.89246011241207
30
0
41
1
10
46.5283640577837
20
1.83509311976331
30
0
41
1
10
46.5277034972445
20
1.81609444491156
30
0
41
1
10
46.5210338856523
20
1.77840470185069
30
0
41
1
10
46.515051702341
20
1.75995613102216
30
0
41
1
10
46.4971197062038
20
1.72408794517156
30
0
41
1
10
46.4851719366348
20
1.70664757031562
30
0
41
1
10
46.4622170865594
20
1.68132039840859
30
0
41
1
10
46.4537250635096
20
1.67301716122731
30
0
41
1
10
46.4349608167216
20
1.65670545031222
30
0
41
1
10
46.4246635590068
20
1.64868684151514
30
0
41
1
10
46.3695002715255
20
1.61001320595514
30
0
41
1
10
46.3130159654633
20
1.58307917102846
30
0
41
1
10
46.2287880854665
20
1.55382783343441
30
0
41
1
10
46.2112042279414
20
1.54818099658135
30
0
41
1
10
46.1750248055807
20
1.53739950940596
30
0
41
1
10
46.1564727976753
20
1.53227433633302
30
0
41
1
10
46.0995574101232
20
1.51762227000558
30
0
41
1
10
46.0599394127261
20
1.50881610321059
30
0
41
1
10
45.977905999991
20
1.49281077153645
30
0
41
1
10
45.9354821374107
20
1.48561645925159
30
0
41
1
10
45.8699609498906
20
1.47590807217685
30
0
41
1
10
45.8478059929897
20
1.47285264558477
30
0
41
1
10
45.8029004679869
20
1.46708394661607
30
0
41
1
10
45.7801094968203
20
1.46436660626892
30
0
41
1
10
45.6655099386013
20
1.45167199764495
30
0
41
1
10
45.5714479414334
20
1.44428071936872
30
0
41
1
10
45.3798175917118
20
1.43356683310068
30
0
41
1
10
45.2822416993644
20
1.43025297406083
30
0
41
1
10
45.1832674211775
20
1.4285617602709
30
0
0
SPLINE
5
19D
100
AcDbEntity
8
1
62
256
6
ByLayer
370
18
48
1
60
0
100
AcDbSpline
70
4
71
3
72
14
73
10
40
0
40
0
40
0
40
0
40
0.500000000000036
40
0.500000000000036
40
0.625000000000027
40
0.625000000000027
40
0.750000000000018
40
0.750000000000018
40
1
40
1
40
1
40
1
41
1
10
23.8873259972224
20
4.45070089830401
30
0
41
1
10
23.9268741393574
20
4.47988190463263
30
0
41
1
10
23.9636294678232
20
4.5138821873646
30
0
41
1
10
24.0055406235739
20
4.56273076578202
30
0
41
1
10
24.013715593254
20
4.57282776448315
30
0
41
1
10
24.0296184337227
20
4.59371656834537
30
0
41
1
10
24.0373715659313
20
4.60454369947496
30
0
41
1
10
24.0596654780618
20
4.63781014072467
30
0
41
1
10
24.073256372113
20
4.66104105019457
30
0
41
1
10
24.0853663628824
20
4.68549074588975
30
0
0
SPLINE
5
19E
100
AcDbEntity
8
1
62
256
6
ByLayer
370
18
48
1
60
0
100
AcDbSpline
70
4
71
3
72
28
73
24
40
0
40
0
40
0
40
0
40
0.124999999999998
40
0.124999999999998
40
0.249999999999995
40
0.249999999999995
40
0.312499999999994
40
0.312499999999994
40
0.374999999999994
40
0.374999999999994
40
0.437499999999993
40
0.437499999999993
40
0.499999999999992
40
0.499999999999992
40
0.531249999999992
40
0.531249999999992
40
0.562499999999991
40
0.562499999999991
40
0.624999999999992
40
0.624999999999992
40
0.749999999999995
40
0.749999999999995
40
1
40
1
40
1
40
1
41
1
10
23.8873259972224
20
4.45070089830401
30
0
41
1
10
23.8639251266044
20
4.43343432350667
30
0
41
1
10
23.8400755229503
20
4.41831900429671
30
0
41
1
10
23.7916350547591
20
4.39228561686318
30
0
41
1
10
23.7670437736987
20
4.38136636712289
30
0
41
1
10
23.7296270578366
20
4.36851237463532
30
0
41
1
10
23.7169979647192
20
4.36479727617439
30
0
41
1
10
23.6919872309241
20
4.35877073200899
30
0
41
1
10
23.6795995493708
20
4.35645748212818
30
0
41
1
10
23.6550769215191
20
4.35328249707337
30
0
41
1
10
23.6429407916246
20
4.35241358038553
30
0
41
1
10
23.6189433082724
20
4.35223350008027
30
0
41
1
10
23.6070779724825
20
4.3528980194003
30
0
41
1
10
23.589539700974
20
4.35538910988606
30
0
41
1
10
23.58373549508
20
4.35646077500957
30
0
41
1
10
23.5721187954715
20
4.35853428527366
30
0
41
1
10
23.5663097390119
20
4.35955658096395
30
0
41
1
10
23.5488833425522
20
4.3625972696336
30
0
41
1
10
23.5372674348096
20
4.36459554840627
30
0
41
1
10
23.5024278590419
20
4.37055045496797
30
0
41
1
10
23.479210186989
20
4.37444578099289
30
0
41
1
10
23.4095674412686
20
4.38584205079883
30
0
41
1
10
23.3631566681875
20
4.39306847763007
30
0
41
1
10
23.3167648311327
20
4.39990955092233
30
0
0
SPLINE
5
19F
100
AcDbEntity
8
1
62
256
6
ByLayer
370
18
48
1
60
0
100
AcDbSpline
70
4
71
3
72
8
73
4
40
0
40
0
40
0
40
0
40
1
40
1
40
1
40
1
41
1
10
23.3167674863094
20
4.39987945379454
30
0
41
1
10
23.2774103875951
20
4.38304515480121
30
0
41
1
10
23.2380532888807
20
4.36587890577727
30
0
41
1
10
23.1986961901664
20
4.34838495127627
30
0
0
SPLINE
5
1A0
100
AcDbEntity
8
1
62
256
6
ByLayer
370
18
48
1
60
0
100
AcDbSpline
70
4
71
3
72
42
73
38
40
0
40
0
40
0
40
0
40
0.0459563021772254
40
0.0459563021772254
40
0.0659547029862059
40
0.0659547029862059
40
0.0859531037951862
40
0.0859531037951862
40
0.125949905413147
40
0.205943508649066
40
0.205943508649066
40
0.225941909458046
40
0.225941909458046
40
0.245940310267027
40
0.245940310267027
40
0.285937111884987
40
0.285937111884987
40
0.445924318356832
40
0.445924318356832
40
0.525917921592756
40
0.525917921592756
40
0.545916322401737
40
0.555915522806228
40
0.555915522806228
40
0.565914723210718
40
0.565914723210718
40
0.605911524828684
40
0.605911524828684
40
0.76589873130054
40
0.76589873130054
40
0.845892334536469
40
0.845892334536469
40
0.885889136154432
40
0.885889136154432
40
0.925885937772396
40
0.925885937772396
40
1
40
1
40
1
40
1
41
1
10
25.7553458817568
20
2.92512668074966
30
0
41
1
10
25.9387691804024
20
2.88953878433858
30
0
41
1
10
26.1221819716631
20
2.84916602752836
30
0
41
1
10
26.3857026836745
20
2.78455138528358
30
0
41
1
10
26.4656446887433
20
2.76407890954462
30
0
41
1
10
26.6256420435678
20
2.72139600817957
30
0
41
1
10
26.7057407578918
20
2.6991729233545
30
0
41
1
10
26.9459266732708
20
2.63002885193669
30
0
41
1
10
27.4255076905074
20
2.48195663434021
30
0
41
1
10
27.9040024114046
20
2.30599604267732
30
0
41
1
10
28.3035633644433
20
2.14550284831901
30
0
41
1
10
28.3835163549919
20
2.11271135706727
30
0
41
1
10
28.5435397290052
20
2.04578423033451
30
0
41
1
10
28.6236800481151
20
2.01161782634014
30
0
41
1
10
28.8636730141915
20
1.90745362933578
30
0
41
1
10
29.0231330898076
20
1.83578226682803
30
0
41
1
10
29.8184744863047
20
1.46749196047887
30
0
41
1
10
30.4485090853465
20
1.14111178070152
30
0
41
1
10
31.3973320547078
20
0.626227331034897
30
0
41
1
10
31.7142280946732
20
0.450370701074462
30
0
41
1
10
32.1125152410837
20
0.227644331323859
30
0
41
1
10
32.2321642824524
20
0.160609214556274
30
0
41
1
10
32.3520980741454
20
0.0933177712967677
30
0
41
1
10
32.4321217743693
20
0.0484077066714121
30
0
41
1
10
32.4721862436699
20
0.025917617963529
30
0
41
1
10
32.6722551848859
20
-0.0863919365163497
30
0
41
1
10
32.8317625910617
20
-0.175935382428179
30
0
41
1
10
33.6272795083838
20
-0.620886810135858
30
0
41
1
10
34.2572612745278
20
-0.967929702428819
30
0
41
1
10
35.2057134871566
20
-1.45254118613391
30
0
41
1
10
35.5224368944272
20
-1.60810070780323
30
0
41
1
10
36.000044332842
20
-1.82963370737212
30
0
41
1
10
36.1596678279215
20
-1.90150940799083
30
0
41
1
10
36.4800454628833
20
-2.040833245399
30
0
41
1
10
36.6399540433197
20
-2.1079123765721
30
0
41
1
10
37.0957687550113
20
-2.29143010734862
30
0
41
1
10
37.3913352245579
20
-2.40116690283662
30
0
41
1
10
37.6873227575101
20
-2.50038867065129
30
0
0
SPLINE
5
1A1
100
AcDbEntity
8
1
62
256
6
ByLayer
370
18
48
1
60
0
100
AcDbSpline
70
4
71
3
72
8
73
4
40
0
40
0
40
0
40
0
40
1
40
1
40
1
40
1
41
1
10
44.4367527376292
20
-4.93076498340787
30
0
41
1
10
44.3196857118404
20
-4.94825098469391
30
0
41
1
10
44.2026186860512
20
-4.96245191970348
30
0
41
1
10
44.0855516602614
20
-4.97333290499412
30
0
0
SPLINE
5
1A2
100
AcDbEntity
8
1
62
256
6
ByLayer
370
18
48
1
60
0
100
AcDbSpline
70
4
71
3
72
14
73
10
40
0
40
0
40
0
40
0
40
0.499999999999969
40
0.499999999999969
40
0.62499999999996
40
0.62499999999996
40
0.749999999999951
40
0.749999999999951
40
1
40
1
40
1
40
1
41
1
10
43.8874632196065
20
-4.81645751088769
30
0
41
1
10
43.9270236798496
20
-4.8306668634452
30
0
41
1
10
43.9637896494251
20
-4.85071179961224
30
0
41
1
10
44.005711577761
20
-4.88320515586997
30
0
41
1
10
44.0138885591024
20
-4.89008774614928
30
0
41
1
10
44.0297951438139
20
-4.90466289794796
30
0
41
1
10
44.0375499956076
20
-4.91238046634777
30
0
41
1
10
44.0598479671242
20
-4.93659227360223
30
0
41
1
10
44.0734407639417
20
-4.95414801675187
30
0
41
1
10
44.0855516611979
20
-4.97333290533001
30
0
0
SPLINE
5
1A3
100
AcDbEntity
8
1
62
256
6
ByLayer
370
18
48
1
60
0
100
AcDbSpline
70
4
71
3
72
28
73
24
40
0
40
0
40
0
40
0
40
0.125000000000009
40
0.125000000000009
40
0.250000000000018
40
0.250000000000018
40
0.312500000000043
40
0.312500000000043
40
0.375000000000068
40
0.375000000000068
40
0.437500000000092
40
0.437500000000092
40
0.500000000000117
40
0.500000000000117
40
0.53125000000011
40
0.53125000000011
40
0.562500000000103
40
0.562500000000103
40
0.625000000000088
40
0.625000000000088
40
0.750000000000059
40
0.750000000000059
40
1
40
1
40
1
40
1
41
1
10
43.8874632196066
20
-4.81645751088772
30
0
41
1
10
43.8640579893375
20
-4.80805080461511
30
0
41
1
10
43.8402038355656
20
-4.80195251815056
30
0
41
1
10
43.7917539340738
20
-4.79434032749558
30
0
41
1
10
43.767157769647
20
-4.79282475947147
30
0
41
1
10
43.7297334599829
20
-4.79445712880536
30
0
41
1
10
43.7171017729564
20
-4.79566098511404
30
0
41
1
10
43.6920864845302
20
-4.79945039989349
30
0
41
1
10
43.6796965853717
20
-4.80203658778461
30
0
41
1
10
43.6551696458945
20
-4.8086470041757
30
0
41
1
10
43.6430314230635
20
-4.81266416029749
30
0
41
1
10
43.6190299181151
20
-4.82224369480991
30
0
41
1
10
43.607162670093
20
-4.82778221204509
30
0
41
1
10
43.5896217043272
20
-4.8375705398675
30
0
41
1
10
43.5838164893351
20
-4.84107154373248
30
0
41
1
10
43.5721975950773
20
-4.84800524398386
30
0
41
1
10
43.5663874435789
20
-4.85145866946252
30
0
41
1
10
43.5489577695815
20
-4.86179564098921
30
0
41
1
10
43.537339684598
20
-4.86866204210742
30
0
41
1
10
43.5024935695465
20
-4.88923420279403
30
0
41
1
10
43.4792715321752
20
-4.90289133069646
30
0
41
1
10
43.4096156865031
20
-4.94362838457192
30
0
41
1
10
43.3631961800391
20
-4.97048833424253
30
0
41
1
10
43.3167956107037
20
-4.99703897079883
30
0
0
SPLINE
5
1A4
100
AcDbEntity
8
1
62
256
6
ByLayer
370
18
48
1
60
0
100
AcDbSpline
70
4
71
3
72
28
73
24
40
0
40
0
40
0
40
0
40
0.125000000000032
40
0.125000000000032
40
0.250000000000064
40
0.250000000000064
40
0.312500000000061
40
0.312500000000061
40
0.375000000000057
40
0.375000000000057
40
0.437500000000053
40
0.437500000000053
40
0.500000000000049
40
0.500000000000049
40
0.531250000000046
40
0.531250000000046
40
0.562500000000043
40
0.562500000000043
40
0.625000000000037
40
0.625000000000037
40
0.750000000000025
40
0.750000000000025
40
1
40
1
40
1
40
1
41
1
10
33.8874184619261
20
0.802066248071895
30
0
41
1
10
33.8640229782764
20
0.821496304800633
30
0
41
1
10
33.8401789574082
20
0.841269342444775
30
0
41
1
10
33.7917499473261
20
0.881660423645769
30
0
41
1
10
33.767164553548
20
0.902277393494586
30
0
41
1
10
33.7297568958494
20
0.934033885094067
30
0
41
1
10
33.7171308720083
20
0.944816367634473
30
0
41
1
10
33.6921253573751
20
0.966332611113074
30
0
41
1
10
33.6797402135302
20
0.977071297870623
30
0
41
1
10
33.6552225306625
20
0.998517690943714
30
0
41
1
10
33.6430888047302
20
1.00922562275713
30
0
41
1
10
33.6190959440898
20
1.03061204445433
30
0
41
1
10
33.6072328000218
20
1.04129132716253
30
0
41
1
10
33.5896976143643
20
1.05727790271533
30
0
41
1
10
33.5838946382142
20
1.06260143522894
30
0
41
1
10
33.572280687362
20
1.07325407594436
30
0
41
1
10
33.5664730009281
20
1.07858264253116
30
0
41
1
10
33.5490507017898
20
1.09457460901143
30
0
41
1
10
33.537437511971
20
1.10524439382127
30
0
41
1
10
33.5026061008905
20
1.13728217937776
30
0
41
1
10
33.479393878001
20
1.15867799287986
30
0
41
1
10
33.4097674717457
20
1.22298704247919
30
0
41
1
10
33.3633675751923
20
1.26602001299818
30
0
41
1
10
33.3169865984947
20
1.30921993894003
30
0
0
SPLINE
5
1A5
100
AcDbEntity
8
1
62
256
6
ByLayer
370
18
48
1
60
0
100
AcDbSpline
70
4
71
3
72
10
73
6
40
0
40
0
40
0
40
0
40
0.5
40
0.5
40
1
40
1
40
1
40
1
41
1
10
26.6774256562783
20
4.96963659758288
30
0
41
1
10
26.4169731846279
20
4.99543306968798
30
0
41
1
10
26.1565207129774
20
5.00480391714828
30
0
41
1
10
25.6356157696759
20
4.99050919329557
30
0
41
1
10
25.375163298025
20
4.96684371770718
30
0
41
1
10
25.1147108263739
20
4.9268936101291
30
0
0
SPLINE
5
1A6
100
AcDbEntity
8
1
62
256
6
ByLayer
370
18
48
1
60
0
100
AcDbSpline
70
4
71
3
72
8
73
4
40
0
40
0
40
0
40
0
40
1
40
1
40
1
40
1
41
1
10
24.0853530655517
20
4.6854865660134
30
0
41
1
10
24.428472319159
20
4.79332851280827
30
0
41
1
10
24.7715915727665
20
4.87425860957941
30
0
41
1
10
25.1147108263739
20
4.9268936101291
30
0
0
SPLINE
5
1A7
100
AcDbEntity
8
1
62
256
6
ByLayer
370
18
48
1
60
0
100
AcDbSpline
70
4
71
3
72
14
73
10
40
0
40
0
40
0
40
0
40
0.50000000000002
40
0.50000000000002
40
0.625000000000009
40
0.625000000000009
40
0.749999999999997
40
0.749999999999997
40
1
40
1
40
1
40
1
41
1
10
17.8879122648256
20
2.46011161018453
30
0
41
1
10
17.9274416757311
20
2.43749296060904
30
0
41
1
10
17.9641798787158
20
2.4189112563345
30
0
41
1
10
18.0060724162923
20
2.40044561408769
30
0
41
1
10
18.0142437954349
20
2.39699901889264
30
0
41
1
10
18.0301398287973
20
2.39061795574531
30
0
41
1
10
18.0378896953645
20
2.38767348222433
30
0
41
1
10
18.0601763020532
20
2.3797397778915
30
0
41
1
10
18.0737639117258
20
2.37564246593965
30
0
41
1
10
18.0858723427401
20
2.37290712422853
30
0
0
SPLINE
5
1A8
100
AcDbEntity
8
1
62
256
6
ByLayer
370
18
48
1
60
0
100
AcDbSpline
70
4
71
3
72
28
73
24
40
0
40
0
40
0
40
0
40
0.12500000000003
40
0.12500000000003
40
0.25000000000006
40
0.25000000000006
40
0.312500000000076
40
0.312500000000076
40
0.375000000000092
40
0.375000000000092
40
0.437500000000107
40
0.437500000000107
40
0.500000000000123
40
0.500000000000123
40
0.531250000000121
40
0.531250000000121
40
0.56250000000012
40
0.56250000000012
40
0.625000000000098
40
0.625000000000098
40
0.750000000000071
40
0.750000000000071
40
1
40
1
40
1
40
1
41
1
10
17.8879122648255
20
2.46011161018453
30
0
41
1
10
17.8645160786647
20
2.47349886094239
30
0
41
1
10
17.8406709899942
20
2.48802941757211
30
0
41
1
10
17.7922390727156
20
2.51950046613422
30
0
41
1
10
17.7676518921529
20
2.53643920029077
30
0
41
1
10
17.7302409710412
20
2.56399460673154
30
0
41
1
10
17.7176137451585
20
2.57359048163053
30
0
41
1
10
17.6926053753234
20
2.59325116649825
30
0
41
1
10
17.680218736419
20
2.60332022164277
30
0
41
1
10
17.6556979927561
20
2.62396296176038
30
0
41
1
10
17.643562693328
20
2.6345341980593
30
0
41
1
10
17.6195665710278
20
2.65622190425486
30
0
41
1
10
17.6077017080265
20
2.66733007041603
30
0
41
1
10
17.5901638183504
20
2.68451105152542
30
0
41
1
10
17.5843601959866
20
2.69032278669815
30
0
41
1
10
17.5727452723227
20
2.70192742393903
30
0
41
1
10
17.5669370946502
20
2.70772666565082
30
0
41
1
10
17.5495133101083
20
2.72512103615611
30
0
41
1
10
17.537899112232
20
2.73671516383203
30
0
41
1
10
17.5030646876593
20
2.7715118171233
30
0
41
1
10
17.4798504573166
20
2.79471999962854
30
0
41
1
10
17.4102179960886
20
2.86436130311003
30
0
41
1
10
17.3638140203705
20
2.91081487514205
30
0
41
1
10
17.3174289245603
20
2.95729602178719
30
0
0
SPLINE
5
1A9
100
AcDbEntity
8
1
62
256
6
ByLayer
370
18
48
1
60
0
100
AcDbSpline
70
4
71
3
72
12
73
8
40
0
40
0
40
0
40
0
40
0.499999999999995
40
0.499999999999995
40
0.749999999999997
40
0.749999999999997
40
1
40
1
40
1
40
1
41
1
10
14.1625135038981
20
4.34922160912748
30
0
41
1
10
13.9678027221312
20
4.42577208318406
30
0
41
1
10
13.7737865750816
20
4.49504982058772
30
0
41
1
10
13.4831900601005
20
4.58779431313013
30
0
41
1
10
13.3863516317124
20
4.61686162316656
30
0
41
1
10
13.1929574115819
20
4.67116824373159
30
0
41
1
10
13.0964224191059
20
4.69640342028711
30
0
41
1
10
12.9999999999999
20
4.71970879787858
30
0
0
SPLINE
5
1AA
100
AcDbEntity
8
1
62
256
6
ByLayer
370
18
48
1
60
0
100
AcDbSpline
70
4
71
3
72
48
73
44
40
0
40
0
40
0
40
0
40
0.0104939144954769
40
0.0206826645626945
40
0.0305662479958411
40
0.040144667308485
40
0.0494179293222628
40
0.0583860447722374
40
0.0670490279300026
40
0.0754068962460518
40
0.0834596700127985
40
0.0912073720495572
40
0.0986500274120441
40
0.105787663128224
40
0.112620307963928
40
0.119147992221929
40
0.125370747580098
40
0.131288606975759
40
0.136901604545736
40
0.142209775636902
40
0.147213156906179
40
0.151911786539927
40
0.156305704635362
40
0.193629448217997
40
0.230634814455742
40
0.267326911591144
40
0.303711180484401
40
0.339793380189481
40
0.375579573224136
40
0.411076110856589
40
0.446289618663613
40
0.481226982549975
40
0.520008809078576
40
0.560451255117218
40
0.602560601064425
40
0.646342383439729
40
0.691801517572141
40
0.738942399016771
40
0.787768987770789
40
0.838284878502189
40
0.890493359347533
40
0.944397461323436
40
1
40
1
40
1
40
1
41
1
10
13.8139801588389
20
2.39600549058696
30
0
41
1
10
13.8084552955248
20
2.40345634206815
30
0
41
1
10
13.797566232656
20
2.41814137327921
30
0
41
1
10
13.7814755833292
20
2.44011492435686
30
0
41
1
10
13.7658627241218
20
2.46161273532195
30
0
41
1
10
13.7507243578182
20
2.48263349463255
30
0
41
1
10
13.736057173271
20
2.50315255516216
30
0
41
1
10
13.7218585255436
20
2.52315233461764
30
0
41
1
10
13.708126210215
20
2.54261452883316
30
0
41
1
10
13.6948584705992
20
2.56152208434472
30
0
41
1
10
13.6820539469774
20
2.57985867826776
30
0
41
1
10
13.6697116421678
20
2.59760883182179
30
0
41
1
10
13.6578308845313
20
2.61475786139286
30
0
41
1
10
13.6464112934427
20
2.63129186989968
30
0
41
1
10
13.6354527454696
20
2.64719772699712
30
0
41
1
10
13.6249553436459
20
2.6624630522638
30
0
41
1
10
13.6149193826901
20
2.67707619496639
30
0
41
1
10
13.6053453349509
20
2.69102622284976
30
0
41
1
10
13.5962337714338
20
2.70430288022868
30
0
41
1
10
13.5875855136964
20
2.71689665255172
30
0
41
1
10
13.5794010002269
20
2.72879846686652
30
0
41
1
10
13.5716823442136
20
2.74000063849613
30
0
41
1
10
13.5461318961561
20
2.77694884123292
30
0
41
1
10
13.5019940125858
20
2.8401777100012
30
0
41
1
10
13.4377664813404
20
2.93046030553887
30
0
41
1
10
13.3720353844886
20
3.02073147851178
30
0
41
1
10
13.3048157968718
20
3.11068857223807
30
0
41
1
10
13.2361332913543
20
3.2000604314492
30
0
41
1
10
13.166035003181
20
3.28861138225332
30
0
41
1
10
13.0945814309198
20
3.37613751032731
30
0
41
1
10
13.0218442619872
20
3.46246477973207
30
0
41
1
10
12.944999259742
20
3.55078062726005
30
0
41
1
10
12.8625027224282
20
3.64238994530109
30
0
41
1
10
12.7729170926979
20
3.73874336992856
30
0
41
1
10
12.6778733221571
20
3.83804949722079
30
0
41
1
10
12.5774241680652
20
3.940285968609
30
0
41
1
10
12.4716242749076
20
4.04544024883694
30
0
41
1
10
12.3605305874482
20
4.15350950397053
30
0
41
1
10
12.2441999200253
20
4.26449846779238
30
0
41
1
10
12.1226948485739
20
4.3784246851782
30
0
41
1
10
11.9960580984831
20
4.4952949032091
30
0
41
1
10
11.8644104947505
20
4.61519458833413
30
0
41
1
10
11.7745752261976
20
4.69577022002227
30
0
41
1
10
11.7289609240469
20
4.7366828957343
30
0
0
SPLINE
5
1AB
100
AcDbEntity
8
1
62
256
6
ByLayer
370
18
48
1
60
0
100
AcDbSpline
70
4
71
3
72
34
73
30
40
0
40
0
40
0
40
0
40
0.097856932291434
40
0.097856932291434
40
0.146785398437152
40
0.17124963151001
40
0.17124963151001
40
0.195713864582868
40
0.195713864582868
40
0.391427729165741
40
0.391427729165741
40
0.489284661457179
40
0.489284661457179
40
0.538213127602897
40
0.538213127602897
40
0.562677360675757
40
0.562677360675757
40
0.587141593748616
40
0.587141593748616
40
0.782855458331491
40
0.782855458331491
40
0.880712390622928
40
0.880712390622928
40
0.929640856768644
40
0.954105089841503
40
0.954105089841503
40
0.978569322914361
40
0.978569322914361
40
1
40
1
40
1
40
1
41
1
10
13.8125486870313
20
2.39816204917034
30
0
41
1
10
14.1344049694411
20
2.28354510082323
30
0
41
1
10
14.4551733741177
20
2.15723359807979
30
0
41
1
10
14.9364213549271
20
1.95255005803747
30
0
41
1
10
15.1770686144937
20
1.8464038179371
30
0
41
1
10
15.4180737254623
20
1.73498898363337
30
0
41
1
10
15.5788595105086
20
1.65959095958743
30
0
41
1
10
15.6593719669836
20
1.62130097594425
30
0
41
1
10
16.3825154382347
20
1.27291431984145
30
0
41
1
10
17.0171778174853
20
0.935473096868179
30
0
41
1
10
17.970415664327
20
0.411469693515045
30
0
41
1
10
18.288357699088
20
0.233809973296786
30
0
41
1
10
18.76723309753
20
-0.034198843028264
30
0
41
1
10
18.927185683199
20
-0.123787522832174
30
0
41
1
10
19.1678207201075
20
-0.258165501826284
30
0
41
1
10
19.248153065853
20
-0.302958824555333
30
0
41
1
10
19.409078246993
20
-0.392471471102851
30
0
41
1
10
19.4893986236231
20
-0.437039112796668
30
0
41
1
10
20.2111673302208
20
-0.836175435657651
30
0
41
1
10
20.8448683772554
20
-1.17682527536528
30
0
41
1
10
21.7969643764964
20
-1.64466144724935
30
0
41
1
10
22.1145764590745
20
-1.7934379513284
30
0
41
1
10
22.5930263590532
20
-2.0031494010093
30
0
41
1
10
22.8327598919161
20
-2.10464106087656
30
0
41
1
10
23.0735779463561
20
-2.20056743365794
30
0
41
1
10
23.2344011151948
20
-2.26322252906056
30
0
41
1
10
23.3148751688356
20
-2.29387125461895
30
0
41
1
10
23.4656305826315
20
-2.34991713150427
30
0
41
1
10
23.5359826203662
20
-2.37551136068555
30
0
41
1
10
23.6063033474034
20
-2.40051704406488
30
0
0
SPLINE
5
1AC
100
AcDbEntity
8
1
62
256
6
ByLayer
370
18
48
1
60
0
100
AcDbSpline
70
4
71
3
72
28
73
24
40
0
40
0
40
0
40
0
40
0.197063740463204
40
0.197063740463204
40
0.295595610694807
40
0.295595610694807
40
0.39412748092641
40
0.39412748092641
40
0.492659351158013
40
0.492659351158013
40
0.541925286273819
40
0.541925286273819
40
0.591191221389624
40
0.591191221389624
40
0.788254961852858
40
0.788254961852858
40
0.837520896968663
40
0.837520896968663
40
0.886786832084467
40
0.886786832084467
40
0.985318702316075
40
0.985318702316075
40
1
40
1
40
1
40
1
41
1
10
46.4953889739957
20
4.97943051562976
30
0
41
1
10
46.5123845058058
20
4.8771681728428
30
0
41
1
10
46.5238956816657
20
4.77452153869265
30
0
41
1
10
46.5283640448812
20
4.61965479760761
30
0
41
1
10
46.527703456295
20
4.56788189607042
30
0
41
1
10
46.5210341280803
20
4.46396134557378
30
0
41
1
10
46.5150515804118
20
4.41247286772912
30
0
41
1
10
46.4971192966961
20
4.31094702638475
30
0
41
1
10
46.4851714341443
20
4.26085089689755
30
0
41
1
10
46.4622169608145
20
4.18683214219425
30
0
41
1
10
46.4537251511668
20
4.1623471412905
30
0
41
1
10
46.4349616024071
20
4.11377517853444
30
0
41
1
10
46.4246641950263
20
4.08965343925874
30
0
41
1
10
46.3694992114735
20
3.97206768920205
30
0
41
1
10
46.3130139860416
20
3.88608584993841
30
0
41
1
10
46.2287874967469
20
3.7875245397635
30
0
41
1
10
46.2112043051332
20
3.76819815602388
30
0
41
1
10
46.1750242082357
20
3.73070583750942
30
0
41
1
10
46.156471918074
20
3.71257667262012
30
0
41
1
10
46.0995558638743
20
3.65986992038265
30
0
41
1
10
46.0599376636454
20
3.62696673853057
30
0
41
1
10
46.0128095107494
20
3.59130573064172
30
0
41
1
10
46.0066667744996
20
3.58672296149473
30
0
41
1
10
46.0004933004648
20
3.58218122075266
30
0
0
SPLINE
5
1AD
100
AcDbEntity
8
1
62
256
6
ByLayer
370
18
48
1
60
0
100
AcDbSpline
70
4
71
3
72
8
73
4
40
0
40
0
40
0
40
0
40
1
40
1
40
1
40
1
41
1
10
46.4957566010785
20
4.97946049870905
30
0
41
1
10
46.1591058993232
20
4.9520138051044
30
0
41
1
10
45.8224551975551
20
4.89704112488283
30
0
41
1
10
45.4858044957745
20
4.81544583756565
30
0
0
SPLINE
5
1AE
100
AcDbEntity
8
1
62
256
6
ByLayer
370
18
48
1
60
0
100
AcDbSpline
70
4
71
3
72
10
73
6
40
0
40
0
40
0
40
0
40
0.700279924381755
40
0.700279924381755
40
1
40
1
40
1
40
1
41
1
10
45.4858044957745
20
4.81544583756565
30
0
41
1
10
45.2023445477622
20
4.74668941284676
30
0
41
1
10
44.9188845997465
20
4.65907611139724
30
0
41
1
10
44.5141036855018
20
4.50849915797249
30
0
41
1
10
44.3927827192749
20
4.46010190178316
30
0
41
1
10
44.2714617530475
20
4.40855129199667
30
0
0
SPLINE
5
1AF
100
AcDbEntity
8
1
62
256
6
ByLayer
370
18
48
1
60
0
100
AcDbSpline
70
4
71
3
72
12
73
8
40
0
40
0
40
0
40
0
40
0.117752657645178
40
0.117752657645178
40
0.558876328822589
40
0.558876328822589
40
1
40
1
40
1
40
1
41
1
10
30.2334602506314
20
-4.96267127420114
30
0
41
1
10
30.1638433622339
20
-4.97031687108898
30
0
41
1
10
30.0942264738363
20
-4.97679284112218
30
0
41
1
10
29.7638115873299
20
-5.00194526240307
30
0
41
1
10
29.503013589221
20
-5.00528741194029
30
0
41
1
10
28.9814175930032
20
-4.97888406312521
30
0
41
1
10
28.7206195948942
20
-4.94913873998425
30
0
41
1
10
28.4598215967853
20
-4.90314415574258
30
0
0
SPLINE
5
1B0
100
AcDbEntity
8
1
62
256
6
ByLayer
370
18
48
1
60
0
100
AcDbSpline
70
4
71
3
72
8
73
4
40
0
40
0
40
0
40
0
40
1
40
1
40
1
40
1
41
1
10
28.0856277109171
20
-4.82607075698516
30
0
41
1
10
28.2103590062065
20
-4.85543505368352
30
0
41
1
10
28.3350903014959
20
-4.88114563318345
30
0
41
1
10
28.4598215967853
20
-4.90314415574258
30
0
0
SPLINE
5
1B1
100
AcDbEntity
8
1
62
256
6
ByLayer
370
18
48
1
60
0
100
AcDbSpline
70
4
71
3
72
14
73
10
40
0
40
0
40
0
40
0
40
0.500000000000037
40
0.500000000000037
40
0.62500000000001
40
0.62500000000001
40
0.749999999999982
40
0.749999999999982
40
1
40
1
40
1
40
1
41
1
10
27.8875714985612
20
-4.60341990032606
30
0
41
1
10
27.9271183921431
20
-4.62999525733588
30
0
41
1
10
27.9638737604837
20
-4.66168256661786
30
0
41
1
10
28.0057865094319
20
-4.70797419881217
30
0
41
1
10
28.0139618777563
20
-4.71757713577639
30
0
41
1
10
28.0298656777214
20
-4.737513579817
30
0
41
1
10
28.0376193362191
20
-4.74788081235593
30
0
41
1
10
28.0599156487347
20
-4.77983879603153
30
0
41
1
10
28.0735089600559
20
-4.80229111214598
30
0
41
1
10
28.0856219167151
20
-4.82606939305435
30
0
0
SPLINE
5
1B2
100
AcDbEntity
8
1
62
256
6
ByLayer
370
18
48
1
60
0
100
AcDbSpline
70
4
71
3
72
28
73
24
40
0
40
0
40
0
40
0
40
0.125
40
0.125
40
0.25
40
0.25
40
0.312499999999999
40
0.312499999999999
40
0.374999999999999
40
0.374999999999999
40
0.437499999999999
40
0.437499999999999
40
0.499999999999998
40
0.499999999999998
40
0.531249999999999
40
0.531249999999999
40
0.562499999999999
40
0.562499999999999
40
0.624999999999999
40
0.624999999999999
40
0.749999999999999
40
0.749999999999999
40
1
40
1
40
1
40
1
41
1
10
27.8875714985631
20
-4.60341990032657
30
0
41
1
10
27.8641871524001
20
-4.58770571163532
30
0
41
1
10
27.8403550606197
20
-4.57420905631943
30
0
41
1
10
27.7919512444512
20
-4.55155874730491
30
0
41
1
10
27.7673791304297
20
-4.54240362090977
30
0
41
1
10
27.7299924336853
20
-4.53232890625716
30
0
41
1
10
27.7173735995006
20
-4.5295675349299
30
0
41
1
10
27.6923801581769
20
-4.52546487588708
30
0
41
1
10
27.6800009536865
20
-4.52412249971059
30
0
41
1
10
27.6554949734609
20
-4.52290898058064
30
0
41
1
10
27.643367004329
20
-4.52303049646946
30
0
41
1
10
27.6193853698007
20
-4.5248518630836
30
0
41
1
10
27.6075276487668
20
-4.52652662441952
30
0
41
1
10
27.5900002331776
20
-4.530551555149
30
0
41
1
10
27.5842002728999
20
-4.53214185269465
30
0
41
1
10
27.5725929755972
20
-4.5352576022033
30
0
41
1
10
27.5667886054385
20
-4.53680091698189
30
0
41
1
10
27.5493762250863
20
-4.54140461186714
30
0
41
1
10
27.5377696205707
20
-4.5444448595396
30
0
41
1
10
27.5029579788071
20
-4.55352810605848
30
0
41
1
10
27.4797589381407
20
-4.55951148238714
30
0
41
1
10
27.4101720311966
20
-4.57717887913111
30
0
41
1
10
27.3637983912543
20
-4.58859536381163
30
0
41
1
10
27.3174435971811
20
-4.5996362088529
30
0
0
SPLINE
5
1B3
100
AcDbEntity
8
1
62
256
6
ByLayer
370
18
48
1
60
0
100
AcDbSpline
70
4
71
3
72
10
73
6
40
0
40
0
40
0
40
0
40
0.5
40
0.5
40
1
40
1
40
1
40
1
41
1
10
23.4796910625771
20
-2.29483940721676
30
0
41
1
10
23.2169545607314
20
-2.08465482548886
30
0
41
1
10
22.9542180588854
20
-1.86675369248451
30
0
41
1
10
22.4287450551926
20
-1.41989537807308
30
0
41
1
10
22.1660085533459
20
-1.19094121575247
30
0
41
1
10
21.9032720514988
20
-0.958761567071406
30
0
0
SPLINE
5
1B4
100
AcDbEntity
8
1
62
256
6
ByLayer
370
18
48
1
60
0
100
AcDbSpline
70
4
71
5
72
16
73
10
40
0
40
0
40
0
40
0
40
0
40
0
40
0.27281206632463
40
0.460935182623048
40
0.649058298921433
40
0.931242973369036
40
1
40
1
40
1
40
1
40
1
40
1
41
1
10
21.9032716041594
20
-0.958763109058282
30
0
41
1
10
21.8154277539051
20
-0.881136395056899
30
0
41
1
10
21.6670093877207
20
-0.749473894436193
30
0
41
1
10
21.4580165056062
20
-0.563032662397745
30
0
41
1
10
21.1581618495966
20
-0.29398690442423
30
0
41
1
10
20.8361678431078
20
-0.0039159448593296
30
0
41
1
10
20.6020176868734
20
0.206972198272354
30
0
41
1
10
20.428442046569
20
0.362959159635835
30
0
41
1
10
20.3154409221948
20
0.464276239527152
30
0
41
1
10
20.2933015717156
20
0.484116815527926
30
0
0
SPLINE
5
1B5
100
AcDbEntity
8
1
62
256
6
ByLayer
370
18
48
1
60
0
100
AcDbSpline
70
4
71
3
72
10
73
6
40
0
40
0
40
0
40
0
40
0.5
40
0.5
40
1
40
1
40
1
40
1
41
1
10
20.2933015717156
20
0.484116815527926
30
0
41
1
10
20.0370614358368
20
0.713750796237377
30
0
41
1
10
19.780821299958
20
0.941835143323459
30
0
41
1
10
19.2683410282001
20
1.39054623416041
30
0
41
1
10
19.0121008923211
20
1.61117023435477
30
0
41
1
10
18.7558607564419
20
1.82595479065836
30
0
0
SPLINE
5
1B6
100
AcDbEntity
8
1
62
256
6
ByLayer
370
18
48
1
60
0
100
AcDbSpline
70
4
71
3
72
8
73
4
40
0
40
0
40
0
40
0
40
1
40
1
40
1
40
1
41
1
10
18.0858813141726
20
2.37290001406512
30
0
41
1
10
18.3092077949293
20
2.19590635573798
30
0
41
1
10
18.5325342756857
20
2.01314886849872
30
0
41
1
10
18.7558607564419
20
1.82595479065836
30
0
0
SPLINE
5
1B7
100
AcDbEntity
8
1
62
256
6
ByLayer
370
18
48
1
60
0
100
AcDbSpline
70
4
71
3
72
14
73
10
40
0
40
0
40
0
40
0
40
0.25
40
0.25
40
0.375
40
0.375
40
0.5
40
0.5
40
1
40
1
40
1
40
1
41
1
10
42.0860816758262
20
-0.290778336292647
30
0
41
1
10
42.0863400714281
20
-0.164144880087576
30
0
41
1
10
42.0865862664634
20
-0.0381512205225931
30
0
41
1
10
42.0869587805077
20
0.149886014286039
30
0
41
1
10
42.0870830505353
20
0.212406051003455
30
0
41
1
10
42.0873303880063
20
0.337127124469845
30
0
41
1
10
42.0874534501308
20
0.39938722909497
30
0
41
1
10
42.0880539157986
20
0.708908823515969
30
0
41
1
10
42.0885277081954
20
0.951108477467699
30
0
41
1
10
42.0890039167271
20
1.18787600985939
30
0
0
SPLINE
5
1B8
100
AcDbEntity
8
1
62
256
6
ByLayer
370
18
48
1
60
0
100
AcDbSpline
70
4
71
3
72
36
73
32
40
0
40
0
40
0
40
0
40
0.249999999999925
40
0.249999999999925
40
0.312499999999906
40
0.312499999999906
40
0.343749999999911
40
0.343749999999911
40
0.374999999999915
40
0.374999999999915
40
0.406249999999919
40
0.406249999999919
40
0.437499999999924
40
0.437499999999924
40
0.499999999999932
40
0.499999999999932
40
0.562499999999941
40
0.562499999999941
40
0.624999999999949
40
0.624999999999949
40
0.687499999999958
40
0.687499999999958
40
0.749999999999966
40
0.749999999999966
40
0.812499999999975
40
0.812499999999975
40
0.874999999999983
40
0.874999999999983
40
0.937499999999992
40
0.937499999999992
40
1
40
1
40
1
40
1
41
1
10
41.3202739073801
20
1.81625677415244
30
0
41
1
10
41.3878329770628
20
1.75641525168942
30
0
41
1
10
41.4560051332856
20
1.69803014424107
30
0
41
1
10
41.5421650709013
20
1.6270992589636
30
0
41
1
10
41.5594493828205
20
1.61301282283125
30
0
41
1
10
41.585430859492
20
1.59205337009445
30
0
41
1
10
41.5940945230161
20
1.58510123220452
30
0
41
1
10
41.611715524189
20
1.57107283885679
30
0
41
1
10
41.6206415262117
20
1.56401388096265
30
0
41
1
10
41.6386811703142
20
1.54980905025516
30
0
41
1
10
41.6477966022463
20
1.54266213676402
30
0
41
1
10
41.6661991183861
20
1.52827066666958
30
0
41
1
10
41.675533953693
20
1.52098899007251
30
0
41
1
10
41.7033129547809
20
1.49934264317866
30
0
41
1
10
41.7215773440243
20
1.48513775605713
30
0
41
1
10
41.7576392445128
20
1.45702415612186
30
0
41
1
10
41.7754340009157
20
1.44311862570197
30
0
41
1
10
41.8105565296669
20
1.41553423876772
30
0
41
1
10
41.8279832506475
20
1.40177714104283
30
0
41
1
10
41.8616989439431
20
1.37498752640909
30
0
41
1
10
41.8780283979982
20
1.36192398281543
30
0
41
1
10
41.9097300246569
20
1.33638571674285
30
0
41
1
10
41.9251052138896
20
1.32390890562527
30
0
41
1
10
41.954920442476
20
1.29954897881586
30
0
41
1
10
41.9693444695961
20
1.28767751444073
30
0
41
1
10
41.9972417092759
20
1.26458380572595
30
0
41
1
10
42.0104864883678
20
1.2535503877867
30
0
41
1
10
42.035514230311
20
1.23262960689846
30
0
41
1
10
42.0473151915249
20
1.22272728581333
30
0
41
1
10
42.0693779228362
20
1.20423169893317
30
0
41
1
10
42.0796317380144
20
1.19564398340577
30
0
41
1
10
42.0890039167271
20
1.18787600985931
30
0
0
SPLINE
5
1B9
100
AcDbEntity
8
1
62
256
6
ByLayer
370
18
48
1
60
0
100
AcDbSpline
70
4
71
3
72
16
73
12
40
0
40
0
40
0
40
0
40
0.250000000000001
40
0.250000000000001
40
0.375000000000001
40
0.375000000000001
40
0.500000000000001
40
0.500000000000001
40
0.75
40
0.75
40
1
40
1
40
1
40
1
41
1
10
41.3202739073801
20
1.81625677415244
30
0
41
1
10
41.3199465027363
20
1.68634803278093
30
0
41
1
10
41.3196675506299
20
1.55362181859033
30
0
41
1
10
41.3191952651549
20
1.350336862967
30
0
41
1
10
41.3190341711652
20
1.28187467043745
30
0
41
1
10
41.318745439715
20
1.14353889722048
30
0
41
1
10
41.318616498939
20
1.07388423482635
30
0
41
1
10
41.3182184161442
20
0.863731718565504
30
0
41
1
10
41.3179137963326
20
0.721938534176843
30
0
41
1
10
41.3173098444962
20
0.434987555572036
30
0
41
1
10
41.3170451533905
20
0.289828787091551
30
0
41
1
10
41.316759267596
20
0.14295878769488
30
0
0
SPLINE
5
1BA
100
AcDbEntity
8
1
62
256
6
ByLayer
370
13
48
1
60
0
100
AcDbSpline
70
4
71
3
72
12
73
8
40
0
40
0
40
0
40
0
40
0.209823236783646
40
0.372077452544948
40
0.53433166830625
40
0.858840099828853
40
1
40
1
40
1
40
1
41
1
10
41.8874676044341
20
-0.334693993155355
30
0
41
1
10
41.9046352871675
20
-0.33322296841115
30
0
41
1
10
41.9339884752565
20
-0.329978240514663
30
0
41
1
10
41.9723180214436
20
-0.32398350605132
30
0
41
1
10
42.0173867361154
20
-0.314879044337118
30
0
41
1
10
42.0562332836348
20
-0.30359149762657
30
0
41
1
10
42.0795670039469
20
-0.293835461927273
30
0
41
1
10
42.0860816758262
20
-0.290778336292618
30
0
0
SPLINE
5
1BB
100
AcDbEntity
8
1
62
256
6
ByLayer
370
18
48
1
60
0
100
AcDbSpline
70
4
71
3
72
14
73
10
40
0
40
0
40
0
40
0
40
0.500000000000039
40
0.500000000000039
40
0.625000000000013
40
0.625000000000013
40
0.749999999999987
40
0.749999999999987
40
1
40
1
40
1
40
1
41
1
10
41.8874676044341
20
-0.334693993155355
30
0
41
1
10
41.9270384592549
20
-0.37186410213917
30
0
41
1
10
41.9638135135494
20
-0.408154189877649
30
0
41
1
10
42.0057444596993
20
-0.45286042037921
30
0
41
1
10
42.01392311228
20
-0.461766879889495
30
0
41
1
10
42.0298327673195
20
-0.479516042853931
30
0
41
1
10
42.0375892212147
20
-0.488388305971711
30
0
41
1
10
42.0598885955725
20
-0.514638558043828
30
0
41
1
10
42.0734788558605
20
-0.531663397729801
30
0
41
1
10
42.0855849147366
20
-0.54815437805641
30
0
0
SPLINE
5
1BC
100
AcDbEntity
8
1
62
256
6
ByLayer
370
18
48
1
60
0
100
AcDbSpline
70
4
71
3
72
28
73
24
40
0
40
0
40
0
40
0
40
0.124999999999994
40
0.124999999999994
40
0.249999999999988
40
0.249999999999988
40
0.312499999999985
40
0.312499999999985
40
0.374999999999982
40
0.374999999999982
40
0.437499999999979
40
0.437499999999979
40
0.499999999999975
40
0.499999999999975
40
0.531249999999955
40
0.531249999999955
40
0.562499999999935
40
0.562499999999935
40
0.624999999999933
40
0.624999999999933
40
0.749999999999967
40
0.749999999999967
40
1
40
1
40
1
40
1
41
1
10
41.8874676044341
20
-0.334693993155355
30
0
41
1
10
41.864060429619
20
-0.312706921030411
30
0
41
1
10
41.8402043121482
20
-0.290922590924936
30
0
41
1
10
41.7917504859351
20
-0.247587980225347
30
0
41
1
10
41.7671523597114
20
-0.226038385949266
30
0
41
1
10
41.7297251238335
20
-0.19379900940686
30
0
41
1
10
41.7170924664041
20
-0.183008743420288
30
0
41
1
10
41.6920755826302
20
-0.161812030452467
30
0
41
1
10
41.6796849142962
20
-0.151399984373825
30
0
41
1
10
41.655156489772
20
-0.130953647994147
30
0
41
1
10
41.6430175515848
20
-0.120917426943322
30
0
41
1
10
41.6190146803987
20
-0.101246987165013
30
0
41
1
10
41.6071467882424
20
-0.091606233265253
30
0
41
1
10
41.5896049185704
20
-0.0775345745796017
30
0
41
1
10
41.5837993591806
20
-0.0729066608637652
30
0
41
1
10
41.5721797105988
20
-0.063628480787628
30
0
41
1
10
41.5663691828408
20
-0.0589838553622144
30
0
41
1
10
41.5489383829657
20
-0.0450379394791582
30
0
41
1
10
41.5373195496871
20
-0.0357259589573573
30
0
41
1
10
41.5024711965775
20
-0.0077542869039178
30
0
41
1
10
41.479247674767
20
0.0109456991723107
30
0
41
1
10
41.4095874108303
20
0.0672270137421549
30
0
41
1
10
41.3631650058084
20
0.104984314247076
30
0
41
1
10
41.3167615886318
20
0.142987613624655
30
0
0
SPLINE
5
1BD
100
AcDbEntity
8
1
62
256
6
ByLayer
370
18
48
1
60
0
100
AcDbSpline
70
4
71
3
72
9
73
5
40
0
40
0
40
0
40
0
40
0.5
40
1
40
1
40
1
40
1
41
1
10
33.2758121169225
20
4.97779553896058
30
0
41
1
10
33.0774093942613
20
4.99459952692578
30
0
41
1
10
32.6806039489381
20
5.00912667845773
30
0
41
1
10
32.2837985036136
20
4.98532528785736
30
0
41
1
10
32.085395780951
20
4.96391063861083
30
0
0
SPLINE
5
1BE
100
AcDbEntity
8
1
62
256
6
ByLayer
370
18
48
1
60
0
100
AcDbSpline
70
4
71
3
72
14
73
10
40
0
40
0
40
0
40
0
40
0.500000000000003
40
0.500000000000003
40
0.625000000000002
40
0.625000000000002
40
0.750000000000001
40
0.750000000000001
40
1
40
1
40
1
40
1
41
1
10
31.8874160543589
20
4.76393856553028
30
0
41
1
10
31.9269628483427
20
4.78600797812561
30
0
41
1
10
31.963717048693
20
4.81356079444291
30
0
41
1
10
32.0056270162974
20
4.85509347208955
30
0
41
1
10
32.0138017606704
20
4.86376586171033
30
0
41
1
10
32.0297041724644
20
4.88188470629615
30
0
41
1
10
32.0374573166835
20
4.89136228143857
30
0
41
1
10
32.0597494082991
20
4.92074312343217
30
0
41
1
10
32.0733365786508
20
4.94159853187892
30
0
41
1
10
32.0854417035165
20
4.9639155952581
30
0
0
SPLINE
5
1BF
100
AcDbEntity
8
1
62
256
6
ByLayer
370
18
48
1
60
0
100
AcDbSpline
70
4
71
3
72
28
73
24
40
0
40
0
40
0
40
0
40
0.12500000000002
40
0.12500000000002
40
0.25000000000004
40
0.25000000000004
40
0.31250000000005
40
0.31250000000005
40
0.37500000000006
40
0.37500000000006
40
0.43750000000007
40
0.43750000000007
40
0.50000000000008
40
0.50000000000008
40
0.531250000000066
40
0.531250000000066
40
0.562500000000052
40
0.562500000000052
40
0.625000000000061
40
0.625000000000061
40
0.75000000000004
40
0.75000000000004
40
1
40
1
40
1
40
1
41
1
10
31.8874160543591
20
4.76393856553028
30
0
41
1
10
31.8640134555289
20
4.75087855337813
30
0
41
1
10
31.8401620537543
20
4.74011074255904
30
0
41
1
10
31.7917178905141
20
4.72308960735106
30
0
41
1
10
31.7671247111357
20
4.71683482371787
30
0
41
1
10
31.7297050864415
20
4.71127313625161
30
0
41
1
10
31.7170750114184
20
4.71005166068005
30
0
41
1
10
31.6920623816071
20
4.70903855590592
30
0
41
1
10
31.6796737544201
20
4.70924633911901
30
0
41
1
10
31.6551492371911
20
4.7111453154404
30
0
41
1
10
31.6430121641725
20
4.71282919031174
30
0
41
1
10
31.6190128039746
20
4.71778987737446
30
0
41
1
10
31.607146539917
20
4.72104193616551
30
0
41
1
10
31.5896068876339
20
4.72744711597531
30
0
41
1
10
31.5838021825432
20
4.72982850597663
30
0
41
1
10
31.5721844359468
20
4.73452062351612
30
0
41
1
10
31.5663748571824
20
4.73685237598406
30
0
41
1
10
31.5489468970432
20
4.74382224476341
30
0
41
1
10
31.5373299518373
20
4.74844125492029
30
0
41
1
10
31.5024872719511
20
4.76226408602005
30
0
41
1
10
31.479267542047
20
4.77141163061688
30
0
41
1
10
31.4096186700799
20
4.79858593828175
30
0
41
1
10
31.363203874965
20
4.81635953009123
30
0
41
1
10
31.3168080785312
20
4.83377746737804
30
0
0
SPLINE
5
1C0
100
AcDbEntity
8
1
62
256
6
ByLayer
370
18
48
1
60
0
100
AcDbSpline
70
4
71
3
72
10
73
6
40
0
40
0
40
0
40
0
40
0.604754674378524
40
0.604754674378524
40
1
40
1
40
1
40
1
41
1
10
31.3168184530432
20
4.83373927875724
30
0
41
1
10
31.0787353817088
20
4.77891632468874
30
0
41
1
10
30.8406523103744
20
4.71074724805658
30
0
41
1
10
30.4469669344338
20
4.57688687056287
30
0
41
1
10
30.2913646298279
20
4.51851904503673
30
0
41
1
10
30.135762325222
20
4.45490700879427
30
0
0
SPLINE
5
1C1
100
AcDbEntity
8
1
62
256
6
ByLayer
370
18
48
1
60
0
100
AcDbSpline
70
4
71
3
72
8
73
4
40
0
40
0
40
0
40
0
40
1
40
1
40
1
40
1
41
1
10
15.9880031219862
20
-4.96247689175982
30
0
41
1
10
15.823960458126
20
-4.98053794471414
30
0
41
1
10
15.6599177942656
20
-4.99211058265084
30
0
41
1
10
15.495875130405
20
-4.99712709795517
30
0
0
SPLINE
5
1C2
100
AcDbEntity
8
1
62
256
6
ByLayer
370
18
48
1
60
0
100
AcDbSpline
70
4
71
3
72
8
73
4
40
0
40
0
40
0
40
0
40
1
40
1
40
1
40
1
41
1
10
14.9996443675519
20
-4.99222780798547
30
0
41
1
10
15.1650546218453
20
-5.00051215886577
30
0
41
1
10
15.3304648761297
20
-5.00214751884755
30
0
41
1
10
15.495875130405
20
-4.99712709795517
30
0
0
SPLINE
5
1C3
100
AcDbEntity
8
1
62
256
6
ByLayer
370
18
48
1
60
0
100
AcDbSpline
70
4
71
3
72
12
73
8
40
0
40
0
40
0
40
0
40
0.5
40
0.5
40
0.75
40
0.75
40
1
40
1
40
1
40
1
41
1
10
14.1625135038981
20
-4.54573752635557
30
0
41
1
10
13.9678027221312
20
-4.53116852527015
30
0
41
1
10
13.7737865750816
20
-4.50825453686565
30
0
41
1
10
13.4831900601005
20
-4.46151474410911
30
0
41
1
10
13.3863516317124
20
-4.44386605502703
30
0
41
1
10
13.192957411582
20
-4.40452261680201
30
0
41
1
10
13.096422419106
20
-4.38283402509626
30
0
41
1
10
13
20
-4.35914968513509
30
0
0
SPLINE
5
1C4
100
AcDbEntity
8
1
62
256
6
ByLayer
370
18
48
1
60
0
100
AcDbSpline
70
4
71
5
72
39
73
33
40
0
40
0
40
0
40
0
40
0
40
0
40
0.0094795233077464
40
0.0525348263315904
40
0.0955901293554348
40
0.124293664704664
40
0.167348967728508
40
0.196052503077738
40
0.239107806101582
40
0.267811341450812
40
0.310866644474656
40
0.3539219474985
40
0.38262548284773
40
0.425680785871574
40
0.454384321220803
40
0.497439624244647
40
0.526143159593877
40
0.569198462617721
40
0.612253765641565
40
0.640957300990795
40
0.669660836340024
40
0.712716139363868
40
0.755771442387712
40
0.784474977736942
40
0.827530280760786
40
0.87058558378463
40
0.899289119133858
40
0.927992654483089
40
0.971047957506934
40
1
40
1
40
1
40
1
40
1
40
1
41
1
10
33.6829163904335
20
2.4953320762985
30
0
41
1
10
33.7029215057836
20
2.4878927102545
30
0
41
1
10
33.8137883950287
20
2.44643994170465
30
0
41
1
10
34.0155170581689
20
2.36876323183836
30
0
41
1
10
34.2778202372392
20
2.26258521543457
30
0
41
1
10
34.6309851902047
20
2.11106674485643
30
0
41
1
10
35.0247195437502
20
1.9309476787426
30
0
41
1
10
35.4184538972956
20
1.74154367053734
30
0
41
1
10
35.7819009928761
20
1.55889690876978
30
0
41
1
10
36.1756353464216
20
1.35354661786536
30
0
41
1
10
36.5693696999671
20
1.1416041601513
30
0
41
1
10
36.9631040535126
20
0.923565416136341
30
0
41
1
10
37.356838407058
20
0.701062805565755
30
0
41
1
10
37.7505727606035
20
0.474865176015214
30
0
41
1
10
38.144307114149
20
0.246429154564339
30
0
41
1
10
38.5077542097294
20
0.0344136437351494
30
0
41
1
10
38.9014885632749
20
-0.195379287042414
30
0
41
1
10
39.2952229168204
20
-0.424284849151718
30
0
41
1
10
39.6889572703659
20
-0.650966759110929
30
0
41
1
10
40.0524043659464
20
-0.857307307593004
30
0
41
1
10
40.4461387194918
20
-1.07659048174304
30
0
41
1
10
40.8398730730373
20
-1.29067243039762
30
0
41
1
10
41.2033201686177
20
-1.48262624082196
30
0
41
1
10
41.5970545221632
20
-1.68341022833724
30
0
41
1
10
42.0210761336737
20
-1.88997582135062
30
0
41
1
10
42.4148104872192
20
-2.07176827062068
30
0
41
1
10
42.7782575827996
20
-2.23033348033564
30
0
41
1
10
43.1719919363451
20
-2.39125274986554
30
0
41
1
10
43.5359634690641
20
-2.52932860356117
30
0
41
1
10
43.8090732278879
20
-2.62530099825554
30
0
41
1
10
44.0216084707816
20
-2.69513589029532
30
0
41
1
10
44.1735691977453
20
-2.74251163837107
30
0
41
1
10
44.2346681508139
20
-2.76114220622023
30
0
0
SPLINE
5
1C5
100
AcDbEntity
8
1
62
256
6
ByLayer
370
18
48
1
60
0
100
AcDbSpline
70
4
71
3
72
12
73
8
40
0
40
0
40
0
40
0
40
0.316845280830857
40
0.316845280830857
40
0.870286304138233
40
0.870286304138233
40
1
40
1
40
1
40
1
41
1
10
44.2690471980597
20
-2.71198061766074
30
0
41
1
10
44.2848065124376
20
-2.69063270832245
30
0
41
1
10
44.3011323486027
20
-2.67009900453203
30
0
41
1
10
44.3476838789526
20
-2.61608900628696
30
0
41
1
10
44.37918349127
20
-2.5843968815613
30
0
41
1
10
44.4210491013698
20
-2.54903070881417
30
0
41
1
10
44.4291512066711
20
-2.54246910753707
30
0
41
1
10
44.4373329766667
20
-2.53612802831177
30
0
0
SPLINE
5
1C6
100
AcDbEntity
8
1
62
256
6
ByLayer
370
18
48
1
60
0
100
AcDbSpline
70
4
71
3
72
8
73
4
40
0
40
0
40
0
40
0
40
1
40
1
40
1
40
1
41
1
10
46.4957566011312
20
-3.92919044543012
30
0
41
1
10
46.1591058993635
20
-3.74175956802228
30
0
41
1
10
45.8224551975832
20
-3.53260755167227
30
0
41
1
10
45.4858044957899
20
-3.3051753686683
30
0
0
SPLINE
5
1C7
100
AcDbEntity
8
1
62
256
6
ByLayer
370
18
48
1
60
0
100
AcDbSpline
70
4
71
3
72
10
73
6
40
0
40
0
40
0
40
0
40
0.5
40
0.5
40
1
40
1
40
1
40
1
41
1
10
45.4858044957899
20
-3.3051753686683
30
0
41
1
10
45.2023445477787
20
-3.11363604406912
30
0
41
1
10
44.9188845997646
20
-2.90915694424126
30
0
41
1
10
44.35196470373
20
-2.47909828512101
30
0
41
1
10
44.0685047557098
20
-2.25352266368128
30
0
41
1
10
43.7850448076863
20
-2.02003674272828
30
0
0
SPLINE
5
1C8
100
AcDbEntity
8
1
62
256
6
ByLayer
370
18
48
1
60
0
100
AcDbSpline
70
4
71
3
72
8
73
4
40
0
40
0
40
0
40
0
40
1
40
1
40
1
40
1
41
1
10
43.7850448076863
20
-2.02003674272828
30
0
41
1
10
43.6145509374296
20
-1.879613731283
30
0
41
1
10
43.4440570671719
20
-1.73633168633171
30
0
41
1
10
43.2735631969131
20
-1.59079757986984
30
0
0
SPLINE
5
1C9
100
AcDbEntity
8
1
62
256
6
ByLayer
370
18
48
1
60
0
100
AcDbSpline
70
4
71
3
72
9
73
5
40
0
40
0
40
0
40
0
40
0.5
40
1
40
1
40
1
40
1
41
1
10
42.0855738841083
20
-0.548144505712486
30
0
41
1
10
42.2835721029091
20
-0.725351679795409
30
0
41
1
10
42.6795685405109
20
-1.07767227018479
30
0
41
1
10
43.0755649781123
20
-1.42178028452088
30
0
41
1
10
43.2735631969131
20
-1.59079757986984
30
0
0
SPLINE
5
1CA
100
AcDbEntity
8
1
62
256
6
ByLayer
370
18
48
1
60
0
100
AcDbSpline
70
4
71
3
72
27
73
23
40
0
40
0
40
0
40
0
40
0.049288790632882
40
0.0986628872316881
40
0.148122295300396
40
0.197667020371981
40
0.247297068008497
40
0.29701244380073
40
0.346813153368449
40
0.396699202360032
40
0.446670596452638
40
0.496727341352075
40
0.546869442793035
40
0.597096906539038
40
0.647409738382451
40
0.697807944144639
40
0.748291529675802
40
0.798860500854892
40
0.849514863589672
40
0.900254623816791
40
0.951079787501848
40
1
40
1
40
1
40
1
41
1
10
36.0853334669572
20
-4.99776888904529
30
0
41
1
10
36.0991396868359
20
-4.99809366435505
30
0
41
1
10
36.1267760215381
20
-4.99874377707542
30
0
41
1
10
36.1682662267707
20
-4.99936789170209
30
0
41
1
10
36.2098280126497
20
-4.99973444426223
30
0
41
1
10
36.2514613693468
20
-4.99981667419794
30
0
41
1
10
36.2931662995023
20
-4.99961991575853
30
0
41
1
10
36.3349428024067
20
-4.99914089751317
30
0
41
1
10
36.3767908782501
20
-4.99837867659872
30
0
41
1
10
36.4187105269813
20
-4.99733170166826
30
0
41
1
10
36.4607017486138
20
-4.99599860224419
30
0
41
1
10
36.5027645431437
20
-4.99437797701697
30
0
41
1
10
36.5448989105717
20
-4.99246845104412
30
0
41
1
10
36.5871048508972
20
-4.99026866080905
30
0
41
1
10
36.6293823641199
20
-4.98777725830954
30
0
41
1
10
36.67173145024
20
-4.98499291135607
30
0
41
1
10
36.714152109255
20
-4.98191429995234
30
0
41
1
10
36.7566443411717
20
-4.97854013218702
30
0
41
1
10
36.7992081459633
20
-4.97486908581115
30
0
41
1
10
36.8418435237279
20
-4.97090002822461
30
0
41
1
10
36.8839929928312
20
-4.96668691853861
30
0
41
1
10
36.9119306093856
20
-4.96370744416333
30
0
41
1
10
36.925632608286
20
-4.96220017679713
30
0
0
SPLINE
5
1CB
100
AcDbEntity
8
1
62
256
6
ByLayer
370
18
48
1
60
0
100
AcDbSpline
70
4
71
3
72
14
73
10
40
0
40
0
40
0
40
0
40
0.499999999999925
40
0.499999999999925
40
0.624999999999945
40
0.624999999999945
40
0.749999999999965
40
0.749999999999965
40
1
40
1
40
1
40
1
41
1
10
35.8874445172607
20
-4.81468021608256
30
0
41
1
10
35.9269571148193
20
-4.83361125892355
30
0
41
1
10
35.9636817867446
20
-4.85819347892874
30
0
41
1
10
36.0055626075701
20
-4.89618337990717
30
0
41
1
10
36.0137319559244
20
-4.90415602193647
30
0
41
1
10
36.0296244745523
20
-4.92089318372757
30
0
41
1
10
36.037373151592
20
-4.9296864841383
30
0
41
1
10
36.0596561004538
20
-4.95706580982005
30
0
41
1
10
36.0732398838645
20
-4.97665070741456
30
0
41
1
10
36.0853450761531
20
-4.99776918453222
30
0
0
SPLINE
5
1CC
100
AcDbEntity
8
1
62
256
6
ByLayer
370
18
48
1
60
0
100
AcDbSpline
70
4
71
3
72
28
73
24
40
0
40
0
40
0
40
0
40
0.125000000000013
40
0.125000000000013
40
0.250000000000027
40
0.250000000000027
40
0.312500000000034
40
0.312500000000034
40
0.37500000000004
40
0.37500000000004
40
0.437500000000047
40
0.437500000000047
40
0.500000000000054
40
0.500000000000054
40
0.531250000000057
40
0.531250000000057
40
0.56250000000006
40
0.56250000000006
40
0.625000000000067
40
0.625000000000067
40
0.750000000000045
40
0.750000000000045
40
1
40
1
40
1
40
1
41
1
10
35.8874445172607
20
-4.81468021608259
30
0
41
1
10
35.8640466584982
20
-4.80346997190756
30
0
41
1
10
35.8402001343392
20
-4.79457133533128
30
0
41
1
10
35.7917659054304
20
-4.78134240499276
30
0
41
1
10
35.7671777944207
20
-4.77701048314643
30
0
41
1
10
35.7297659115174
20
-4.77438911476523
30
0
41
1
10
35.7171384436712
20
-4.77416243683118
30
0
41
1
10
35.6921299295142
20
-4.77512678887589
30
0
41
1
10
35.6797432812926
20
-4.77631770515168
30
0
41
1
10
35.6552225808384
20
-4.78017231335517
30
0
41
1
10
35.6430873423907
20
-4.7828287222431
30
0
41
1
10
35.6190914592774
20
-4.78972311745852
30
0
41
1
10
35.6072268107741
20
-4.79393637797745
30
0
41
1
10
35.5896893791795
20
-4.80177190425408
30
0
41
1
10
35.5838856099996
20
-4.80462961148163
30
0
41
1
10
35.5722700167448
20
-4.81027694231969
30
0
41
1
10
35.5664615105262
20
-4.81308655419437
30
0
41
1
10
35.549036755858
20
-4.82149063362533
30
0
41
1
10
35.5374219368618
20
-4.82706658158423
30
0
41
1
10
35.5025856446574
20
-4.84376312290181
30
0
41
1
10
35.4793701790626
20
-4.85483027902413
30
0
41
1
10
35.4097340924322
20
-4.88777595210814
30
0
41
1
10
35.363327804907
20
-4.90941356208057
30
0
41
1
10
35.3169404973489
20
-4.93071264092569
30
0
0
SPLINE
5
1CD
100
AcDbEntity
8
1
62
256
6
ByLayer
370
18
48
1
60
0
100
AcDbSpline
70
4
71
3
72
11
73
7
40
0
40
0
40
0
40
0
40
0.250704276156508
40
0.500939016174738
40
0.750704248148697
40
1
40
1
40
1
40
1
41
1
10
35.3169396658853
20
-4.9307229072931
30
0
41
1
10
35.3029921724389
20
-4.92862145713548
30
0
41
1
10
35.275123307367
20
-4.92442249255998
30
0
41
1
10
35.2333591575739
20
-4.91777314422697
30
0
41
1
10
35.191673351021
20
-4.9108997021597
30
0
41
1
10
35.1639089200886
20
-4.9060862471062
30
0
41
1
10
35.1500397639968
20
-4.90368178365293
30
0
0
SPLINE
5
1CE
100
AcDbEntity
8
1
62
256
6
ByLayer
370
18
48
1
60
0
100
AcDbSpline
70
4
71
3
72
10
73
6
40
0
40
0
40
0
40
0
40
0.5
40
0.5
40
1
40
1
40
1
40
1
41
1
10
35.1500397639968
20
-4.90368178365293
30
0
41
1
10
34.8376684894838
20
-4.84871748248563
30
0
41
1
10
34.5252972149691
20
-4.77042387903222
30
0
41
1
10
33.9005546659367
20
-4.56939909032073
30
0
41
1
10
33.5881833914187
20
-4.44667061986178
30
0
41
1
10
33.2758121168992
20
-4.30346660189403
30
0
0
SPLINE
5
1CF
100
AcDbEntity
8
1
62
256
6
ByLayer
370
18
48
1
60
0
100
AcDbSpline
70
4
71
3
72
10
73
6
40
0
40
0
40
0
40
0
40
0.5
40
0.5
40
1
40
1
40
1
40
1
41
1
10
33.2758121168992
20
-4.30346660189403
30
0
41
1
10
32.9947430264407
20
-4.1746334712663
30
0
41
1
10
32.7136739359815
20
-4.02923172952629
30
0
41
1
10
32.151535755062
20
-3.70863162462067
30
0
41
1
10
31.8704666646014
20
-3.53343609575381
30
0
41
1
10
31.5893975741402
20
-3.34535770046668
30
0
0
SPLINE
5
1D0
100
AcDbEntity
8
1
62
256
6
ByLayer
370
18
48
1
60
0
100
AcDbSpline
70
4
71
3
72
14
73
10
40
0
40
0
40
0
40
0
40
0.25
40
0.25
40
0.5
40
0.5
40
0.75
40
0.75
40
1
40
1
40
1
40
1
41
1
10
31.5893975741402
20
-3.34535770046668
30
0
41
1
10
31.3285995760726
20
-3.17083605184749
30
0
41
1
10
31.0678015780051
20
-2.98522918455879
30
0
41
1
10
30.5462055818701
20
-2.59551862406494
30
0
41
1
10
30.2854075838027
20
-2.39141748791258
30
0
41
1
10
29.7638115876675
20
-1.96876315163254
30
0
41
1
10
29.5030135896
20
-1.75021272529878
30
0
41
1
10
28.9814175934648
20
-1.30299098081756
30
0
41
1
10
28.7206195953972
20
-1.07432259784215
30
0
41
1
10
28.4598215973296
20
-0.842859641867165
30
0
0
SPLINE
5
1D1
100
AcDbEntity
8
1
62
256
6
ByLayer
370
18
48
1
60
0
100
AcDbSpline
70
4
71
3
72
10
73
6
40
0
40
0
40
0
40
0
40
0.5
40
0.5
40
1
40
1
40
1
40
1
41
1
10
28.4598215973296
20
-0.842859641867165
30
0
41
1
10
28.162755607113
20
-0.579207570250617
30
0
41
1
10
27.8656896168963
20
-0.311933021465393
30
0
41
1
10
27.2715576364627
20
0.223003480655223
30
0
41
1
10
26.9744916462458
20
0.490659526779552
30
0
41
1
10
26.6774256560288
20
0.755069712481685
30
0
0
SPLINE
5
1D2
100
AcDbEntity
8
1
62
256
6
ByLayer
370
18
48
1
60
0
100
AcDbSpline
70
4
71
3
72
14
73
10
40
0
40
0
40
0
40
0
40
0.499999999999923
40
0.499999999999923
40
0.624999999999942
40
0.624999999999942
40
0.749999999999961
40
0.749999999999961
40
1
40
1
40
1
40
1
41
1
10
25.8873824832021
20
1.41985497810711
30
0
41
1
10
25.9269400440834
20
1.39021080699806
30
0
41
1
10
25.9637046498728
20
1.36348782864604
30
0
41
1
10
26.0056267560947
20
1.33337266150306
30
0
41
1
10
26.0138038856072
20
1.32752020874102
30
0
41
1
10
26.0297109450628
20
1.31616626092875
30
0
41
1
10
26.0374663611111
20
1.31064618242544
30
0
41
1
10
26.0597645869835
20
1.29480762911874
30
0
41
1
10
26.0733553898924
20
1.28520047335621
30
0
41
1
10
26.0854635123478
20
1.27667623667494
30
0
0
SPLINE
5
1D3
100
AcDbEntity
8
1
62
256
6
ByLayer
370
18
48
1
60
0
100
AcDbSpline
70
4
71
3
72
28
73
24
40
0
40
0
40
0
40
0
40
0.125000000000006
40
0.125000000000006
40
0.250000000000011
40
0.250000000000011
40
0.312500000000014
40
0.312500000000014
40
0.375000000000017
40
0.375000000000017
40
0.437500000000019
40
0.437500000000019
40
0.500000000000022
40
0.500000000000022
40
0.531250000000023
40
0.531250000000023
40
0.562500000000024
40
0.562500000000024
40
0.625000000000026
40
0.625000000000026
40
0.75000000000003
40
0.75000000000003
40
1
40
1
40
1
40
1
41
1
10
25.8873824832021
20
1.41985497810711
30
0
41
1
10
25.8639849144693
20
1.43738895936372
30
0
41
1
10
25.8401390551117
20
1.45556328186834
30
0
41
1
10
25.7917068891912
20
1.49334085226735
30
0
41
1
10
25.7671201551282
20
1.51294288706225
30
0
41
1
10
25.7297109098084
20
1.54366996462375
30
0
41
1
10
25.717084421244
20
1.55419035251364
30
0
41
1
10
25.6920776894415
20
1.57537069162981
30
0
41
1
10
25.67969198418
20
1.58603528981243
30
0
41
1
10
25.6551732490801
20
1.60752833648252
30
0
41
1
10
25.6430390353289
20
1.61835604699519
30
0
41
1
10
25.6190452919498
20
1.64019116883725
30
0
41
1
10
25.6071817661994
20
1.65119610102755
30
0
41
1
10
25.5896461002558
20
1.66787165734206
30
0
41
1
10
25.5838428665853
20
1.673457344269
30
0
41
1
10
25.5722282707627
20
1.6846251657268
30
0
41
1
10
25.5664202633875
20
1.69020942254656
30
0
41
1
10
25.548997005403
20
1.70696506320326
30
0
41
1
10
25.5373831893111
20
1.71814024918302
30
0
41
1
10
25.5025498972765
20
1.75168949359781
30
0
41
1
10
25.4793364252455
20
1.77408371704817
30
0
41
1
10
25.4097063082926
20
1.8413516195385
30
0
41
1
10
25.3633039845902
20
1.88631066184257
30
0
41
1
10
25.3169206252122
20
1.9313883811424
30
0
0
SPLINE
5
1D4
100
AcDbEntity
8
1
62
256
6
ByLayer
370
18
48
1
60
0
100
AcDbSpline
70
4
71
3
72
10
73
6
40
0
40
0
40
0
40
0
40
0.5
40
0.5
40
1
40
1
40
1
40
1
41
1
10
20.2933015717401
20
4.8194331168188
30
0
41
1
10
20.0370614358522
20
4.88087431466209
30
0
41
1
10
19.7808212999644
20
4.92689803672357
30
0
41
1
10
19.2683410281883
20
4.98723096766795
30
0
41
1
10
19.0121008923003
20
5.00153980915306
30
0
41
1
10
18.7558607564121
20
4.99985425504255
30
0
0
SPLINE
5
1D5
100
AcDbEntity
8
1
62
256
6
ByLayer
370
18
48
1
60
0
100
AcDbSpline
70
4
71
3
72
10
73
6
40
0
40
0
40
0
40
0
40
0.5
40
0.5
40
1
40
1
40
1
40
1
41
1
10
18.7558607564121
20
4.99985425504255
30
0
41
1
10
18.5199776066595
20
4.99829401909818
30
0
41
1
10
18.2840944569069
20
4.98318291702716
30
0
41
1
10
17.8123281574008
20
4.92610396356159
30
0
41
1
10
17.5764450076476
20
4.8841363631758
30
0
41
1
10
17.3405618578941
20
4.8290806691418
30
0
0
SPLINE
5
1D6
100
AcDbEntity
8
1
62
256
6
ByLayer
370
18
48
1
60
0
100
AcDbSpline
70
4
71
3
72
10
73
6
40
0
40
0
40
0
40
0
40
0.535941444348805
40
0.535941444348805
40
1
40
1
40
1
40
1
41
1
10
17.3405618578941
20
4.8290806691418
30
0
41
1
10
17.1314685600582
20
4.78028873714186
30
0
41
1
10
16.922375262222
20
4.72121595392437
30
0
41
1
10
16.5322332046499
20
4.59251245745764
30
0
41
1
10
16.3511844449139
20
4.52536078539129
30
0
41
1
10
16.1701356851777
20
4.45110944368102
30
0
0
SPLINE
5
1D7
100
AcDbEntity
8
1
62
256
6
ByLayer
370
18
48
1
60
0
100
AcDbSpline
70
4
71
5
72
40
73
34
40
0
40
0
40
0
40
0
40
0
40
0
40
0.0397985454630534
40
0.080480848547936
40
0.107602383937858
40
0.134723919327779
40
0.175406222412662
40
0.216088525497544
40
0.243210060887466
40
0.283892363972349
40
0.324574667057231
40
0.351696202447151
40
0.378817737837075
40
0.419500040921957
40
0.460182344006839
40
0.487303879396761
40
0.527986182481644
40
0.555107717871565
40
0.595790020956448
40
0.62291155634637
40
0.663593859431252
40
0.704276162516135
40
0.731397697906057
40
0.772080000990939
40
0.799201536380861
40
0.839883839465743
40
0.867005374855665
40
0.907687677940548
40
0.94836998102543
40
0.975491516415352
40
1
40
1
40
1
40
1
40
1
40
1
41
1
10
19.860672432977
20
2.4447317879675
30
0
41
1
10
19.94956038093
20
2.41072172952892
30
0
41
1
10
20.1293101027782
20
2.34036300534154
30
0
41
1
10
20.3696343405564
20
2.24211212892806
30
0
41
1
10
20.6705330942647
20
2.11244814976021
30
0
41
1
10
21.062293621868
20
1.93362094782324
30
0
41
1
10
21.4560279754136
20
1.74455103986102
30
0
41
1
10
21.819475070994
20
1.56215505412874
30
0
41
1
10
22.2132094245395
20
1.35700904304142
30
0
41
1
10
22.63723103605
20
1.12834693996569
30
0
41
1
10
23.0309653895955
20
0.909991963327542
30
0
41
1
10
23.3944124851759
20
0.704373589270801
30
0
41
1
10
23.7881468387214
20
0.478328056266065
30
0
41
1
10
24.1818811922668
20
0.249971624088744
30
0
41
1
10
24.5453282878473
20
0.0379612368948585
30
0
41
1
10
24.9390626413927
20
-0.191900160259905
30
0
41
1
10
25.3327969949383
20
-0.420710373316439
30
0
41
1
10
25.7265313484837
20
-0.647431303207526
30
0
41
1
10
26.0899784440642
20
-0.853875743597683
30
0
41
1
10
26.4837127976097
20
-1.07334301568716
30
0
41
1
10
26.8774471511552
20
-1.28767737890027
30
0
41
1
10
27.2711815047006
20
-1.49519741006657
30
0
41
1
10
27.6649158582462
20
-1.69549070700305
30
0
41
1
10
28.0586502117916
20
-1.88674679602775
30
0
41
1
10
28.4523845653371
20
-2.06883964499178
30
0
41
1
10
28.8158316609175
20
-2.22773782973348
30
0
41
1
10
29.209566014463
20
-2.38907149898571
30
0
41
1
10
29.6033003680085
20
-2.53889928043762
30
0
41
1
10
29.997034721554
20
-2.67525401744496
30
0
41
1
10
30.3546457040261
20
-2.7873548143483
30
0
41
1
10
30.6516821705683
20
-2.87045271972909
30
0
41
1
10
30.8578568632153
20
-2.92314352056332
30
0
41
1
10
30.9731697819672
20
-2.9510273146168
30
0
41
1
10
31.0279081847891
20
-2.96390360466143
30
0
0
SPLINE
5
1D8
100
AcDbEntity
8
1
62
256
6
ByLayer
370
18
48
1
60
0
100
AcDbSpline
70
4
71
3
72
8
73
4
40
0
40
0
40
0
40
0
40
1
40
1
40
1
40
1
41
1
10
46.4957566010869
20
1.96994201819032
30
0
41
1
10
46.159105899334
20
2.2485593727196
30
0
41
1
10
45.8224551975684
20
2.51628872573696
30
0
41
1
10
45.4858044957901
20
2.76872355961925
30
0
0
SPLINE
5
1D9
100
AcDbEntity
8
1
62
256
6
ByLayer
370
18
48
1
60
0
100
AcDbSpline
70
4
71
3
72
10
73
6
40
0
40
0
40
0
40
0
40
0.5
40
0.5
40
1
40
1
40
1
40
1
41
1
10
45.4858044957901
20
2.76872355961925
30
0
41
1
10
45.2023445477669
20
2.98125169108206
30
0
41
1
10
44.9188845997406
20
3.18293247906206
30
0
41
1
10
44.3519647036818
20
3.5598867803138
30
0
41
1
10
44.0685047556494
20
3.73515684246789
30
0
41
1
10
43.7850448076138
20
3.89517217418557
30
0
0
SPLINE
5
1DA
100
AcDbEntity
8
1
62
256
6
ByLayer
370
18
48
1
60
0
100
AcDbSpline
70
4
71
3
72
8
73
4
40
0
40
0
40
0
40
0
40
1
40
1
40
1
40
1
41
1
10
43.7850448076138
20
3.89517217418557
30
0
41
1
10
43.614550937361
20
3.99143287823321
30
0
41
1
10
43.4440570671072
20
4.08218266747795
30
0
41
1
10
43.2735631968523
20
4.16703700610356
30
0
0
SPLINE
5
1DB
100
AcDbEntity
8
1
62
256
6
ByLayer
370
18
48
1
60
0
100
AcDbSpline
70
4
71
3
72
14
73
10
40
0
40
0
40
0
40
0
40
0.25
40
0.25
40
0.5
40
0.5
40
0.75
40
0.75
40
1
40
1
40
1
40
1
41
1
10
43.2735631968523
20
4.16703700610356
30
0
41
1
10
43.0078914296034
20
4.29924977419998
30
0
41
1
10
42.7422196623545
20
4.41713048350525
30
0
41
1
10
42.2108761278567
20
4.621806831117
30
0
41
1
10
41.9452043606077
20
4.70860102659836
30
0
41
1
10
41.4138608261096
20
4.84931891007349
30
0
41
1
10
41.1481890588605
20
4.90324160616478
30
0
41
1
10
40.6168455243622
20
4.97710702251104
30
0
41
1
10
40.351173757113
20
4.99704922073147
30
0
41
1
10
40.0855019898638
20
4.99979608759256
30
0
0
SPLINE
5
1DC
100
AcDbEntity
8
1
62
256
6
ByLayer
370
18
48
1
60
0
100
AcDbSpline
70
4
71
3
72
8
73
4
40
0
40
0
40
0
40
0
40
1
40
1
40
1
40
1
41
1
10
43.3167956105608
20
-4.99703897079433
30
0
41
1
10
43.3023848060115
20
-4.99658648852471
30
0
41
1
10
43.2879740014622
20
-4.99608352742729
30
0
41
1
10
43.2735631969129
20
-4.99553010268696
30
0
0
SPLINE
5
1DD
100
AcDbEntity
8
1
62
256
6
ByLayer
370
18
48
1
60
0
100
AcDbSpline
70
4
71
3
72
15
73
11
40
0
40
0
40
0
40
0
40
0.125
40
0.25
40
0.375
40
0.5
40
0.625
40
0.75
40
0.875
40
1
40
1
40
1
40
1
41
1
10
43.2735631969129
20
-4.99553010268696
30
0
41
1
10
43.0752297615782
20
-4.98790193583102
30
0
41
1
10
42.6785628909088
20
-4.9535099832091
30
0
41
1
10
42.0835625849043
20
-4.84510654271148
30
0
41
1
10
41.4885622788997
20
-4.68113086312235
30
0
41
1
10
40.893561972895
20
-4.4634635765039
30
0
41
1
10
40.29856166689
20
-4.19460114573874
30
0
41
1
10
39.7035613608848
20
-3.87762673883395
30
0
41
1
10
39.1085610548798
20
-3.51617734392309
30
0
41
1
10
38.7118941842094
20
-3.24832366063623
30
0
41
1
10
38.5135607488742
20
-3.10844311170467
30
0
0
SPLINE
5
1DE
100
AcDbEntity
8
1
62
256
6
ByLayer
370
18
48
1
60
0
100
AcDbSpline
70
4
71
5
72
16
73
10
40
0
40
0
40
0
40
0
40
0
40
0
40
0.268740691320609
40
0.476544746599103
40
0.684348801877597
40
0.996054884795337
40
1
40
1
40
1
40
1
40
1
40
1
41
1
10
38.5135612306415
20
-3.10843901242996
30
0
41
1
10
38.4352237926851
20
-3.05318872732664
30
0
41
1
10
38.2963118387987
20
-2.9538449087631
30
0
41
1
10
38.0968253689822
20
-2.80779252876133
30
0
41
1
10
37.8064771252705
20
-2.58852849749039
30
0
41
1
10
37.5149788874287
20
-2.35948662953228
30
0
41
1
10
37.3018180875432
20
-2.18772373271256
30
0
41
1
10
37.1492318035878
20
-2.06277594074456
30
0
41
1
10
37.0572200355624
20
-1.98674854390069
30
0
41
1
10
37.0560700414322
20
-1.98579822137981
30
0
0
SPLINE
5
1DF
100
AcDbEntity
8
1
62
256
6
ByLayer
370
18
48
1
60
0
100
AcDbSpline
70
4
71
3
72
53
73
49
40
0
40
0
40
0
40
0
40
0.0225879448419072
40
0.0451381271371278
40
0.0676505495777803
40
0.0901252148430185
40
0.112562125599069
40
0.134961284499241
40
0.157322694183955
40
0.179646357280805
40
0.201932276404615
40
0.224180454157408
40
0.246390893128493
40
0.268563595894344
40
0.290698565018666
40
0.312795803052329
40
0.334855312533414
40
0.35687709598721
40
0.378861155926341
40
0.400807494850636
40
0.422716115247238
40
0.444587019590516
40
0.466420210342016
40
0.488215689950413
40
0.509973460851587
40
0.531693525468576
40
0.553375886211632
40
0.575020545478255
40
0.596627505653205
40
0.618196769108559
40
0.639728338203631
40
0.661222215284985
40
0.682678402686351
40
0.704096902728679
40
0.7254777177201
40
0.74682084995596
40
0.768126301718936
40
0.789394075278931
40
0.810624172893203
40
0.831816596806259
40
0.852971349249895
40
0.874088432443121
40
0.895167848592129
40
0.916209599890426
40
0.937213688518692
40
0.958180116644941
40
0.97910888642449
40
1
40
1
40
1
40
1
41
1
10
37.0560700414322
20
-1.98579822137981
30
0
41
1
10
37.0417200240581
20
-1.97392284485124
30
0
41
1
10
37.013043979682
20
-1.95019194505937
30
0
41
1
10
36.9700656311772
20
-1.91447761874221
30
0
41
1
10
36.9271590604266
20
-1.87871800954264
30
0
41
1
10
36.8843242480749
20
-1.84290504760992
30
0
41
1
10
36.8415611992962
20
-1.8070442693782
30
0
41
1
10
36.798869912708
20
-1.77113755437364
30
0
41
1
10
36.7562503886805
20
-1.73518773906898
30
0
41
1
10
36.7137026271152
20
-1.6991973835477
30
0
41
1
10
36.6712266280389
20
-1.66316910097672
30
0
41
1
10
36.628822391445
20
-1.62710546938658
30
0
41
1
10
36.5864899173358
20
-1.59100905509425
30
0
41
1
10
36.5442292057112
20
-1.55488240629128
30
0
41
1
10
36.5020402565716
20
-1.51872805460957
30
0
41
1
10
36.4599230699172
20
-1.48254851455704
30
0
41
1
10
36.4178776457484
20
-1.44634628352728
30
0
41
1
10
36.3759039840653
20
-1.41012384166018
30
0
41
1
10
36.3340020848682
20
-1.37388365174684
30
0
41
1
10
36.2921719481573
20
-1.33762815912689
30
0
41
1
10
36.2504135739327
20
-1.30135979159246
30
0
41
1
10
36.2087269621948
20
-1.2650809592937
30
0
41
1
10
36.1671121129436
20
-1.2287940546467
30
0
41
1
10
36.1255690261794
20
-1.19250145224444
30
0
41
1
10
36.084097701902
20
-1.15620550877162
30
0
41
1
10
36.0426981401117
20
-1.11990856292206
30
0
41
1
10
36.0013703408082
20
-1.08361293531982
30
0
41
1
10
35.9601143039917
20
-1.04732092844338
30
0
41
1
10
35.9189300296622
20
-1.01103482655287
30
0
41
1
10
35.8778175178195
20
-0.974756895620658
30
0
41
1
10
35.8367767684637
20
-0.938489383264653
30
0
41
1
10
35.7958077815947
20
-0.902234518685077
30
0
41
1
10
35.7549105572125
20
-0.865994512603208
30
0
41
1
10
35.7140850953167
20
-0.829771557202406
30
0
41
1
10
35.6733313959074
20
-0.793567826072092
30
0
41
1
10
35.6326494589841
20
-0.757385474153466
30
0
41
1
10
35.5920392845469
20
-0.721226637694002
30
0
41
1
10
35.5515008725952
20
-0.685093434181823
30
0
41
1
10
35.511034223129
20
-0.648987962368608
30
0
41
1
10
35.4706393361478
20
-0.612912301977303
30
0
41
1
10
35.4303162116518
20
-0.576868514593684
30
0
41
1
10
35.3900648496394
20
-0.540858640164288
30
0
41
1
10
35.349885250115
20
-0.504884709858118
30
0
41
1
10
35.3097774130598
20
-0.468948698035831
30
0
41
1
10
35.2697413385421
20
-0.433052700876544
30
0
41
1
10
35.2297770263059
20
-0.397198271387453
30
0
41
1
10
35.1898844773016
20
-0.361388894387687
30
0
41
1
10
35.1633133596902
20
-0.337521991286224
30
0
41
1
10
35.1500397637039
20
-0.325599285066431
30
0
0
SPLINE
5
1E0
100
AcDbEntity
8
1
62
256
6
ByLayer
370
18
48
1
60
0
100
AcDbSpline
70
4
71
3
72
8
73
4
40
0
40
0
40
0
40
0
40
1
40
1
40
1
40
1
41
1
10
34.0855357970937
20
0.63097519460274
30
0
41
1
10
34.4403704526325
20
0.314035215038842
30
0
41
1
10
34.7952051081693
20
-0.00677704884626
30
0
41
1
10
35.1500397637039
20
-0.325599285066431
30
0
0
SPLINE
5
1E1
100
AcDbEntity
8
1
62
256
6
ByLayer
370
18
48
1
60
0
100
AcDbSpline
70
4
71
3
72
14
73
10
40
0
40
0
40
0
40
0
40
0.499999999999931
40
0.499999999999931
40
0.624999999999949
40
0.624999999999949
40
0.749999999999968
40
0.749999999999968
40
1
40
1
40
1
40
1
41
1
10
33.8874184619261
20
0.802066248071867
30
0
41
1
10
33.9269643140747
20
0.769223236053591
30
0
41
1
10
33.9637176067991
20
0.738601864043289
30
0
41
1
10
34.0056265910784
20
0.702704382076263
30
0
41
1
10
34.0138011450701
20
0.695648567919733
30
0
41
1
10
34.0297031998411
20
0.681788547015941
30
0
41
1
10
34.0374559625814
20
0.674961656249508
30
0
41
1
10
34.0597489233483
20
0.655081619791503
30
0
41
1
10
34.0733392886523
20
0.642618494281379
30
0
41
1
10
34.0854489067858
20
0.63105280533145
30
0
0
SPLINE
5
1E2
100
AcDbEntity
8
1
62
256
6
ByLayer
370
18
48
1
60
0
100
AcDbSpline
70
4
71
3
72
8
73
4
40
0
40
0
40
0
40
0
40
1
40
1
40
1
40
1
41
1
10
33.3169872080296
20
1.30921863014151
30
0
41
1
10
33.3032621776825
20
1.32114534198934
30
0
41
1
10
33.2895371473355
20
1.3330600523496
30
0
41
1
10
33.2758121169884
20
1.34496243369347
30
0
0
SPLINE
5
1E3
100
AcDbEntity
8
1
62
256
6
ByLayer
370
18
48
1
60
0
100
AcDbSpline
70
4
71
3
72
10
73
6
40
0
40
0
40
0
40
0
40
0.5
40
0.5
40
1
40
1
40
1
40
1
41
1
10
33.2758121169884
20
1.34496243369347
30
0
41
1
10
32.9947430265026
20
1.58870870498967
30
0
41
1
10
32.7136739360161
20
1.82727584018818
30
0
41
1
10
32.1515357550418
20
2.28857006842088
30
0
41
1
10
31.8704666645538
20
2.51129307731003
30
0
41
1
10
31.5893975740653
20
2.72353309412199
30
0
0
SPLINE
5
1E4
100
AcDbEntity
8
1
62
256
6
ByLayer
370
18
48
1
60
0
100
AcDbSpline
70
4
71
3
72
14
73
10
40
0
40
0
40
0
40
0
40
0.25
40
0.25
40
0.5
40
0.5
40
0.75
40
0.75
40
1
40
1
40
1
40
1
41
1
10
31.5893975740653
20
2.72353309412199
30
0
41
1
10
31.3285995759534
20
2.92046208398978
30
0
41
1
10
31.0678015778413
20
3.10836385523436
30
0
41
1
10
30.5462055816172
20
3.46239399027894
30
0
41
1
10
30.2854075835052
20
3.62852003119019
30
0
41
1
10
29.7638115872809
20
3.93570608461479
30
0
41
1
10
29.5030135891689
20
4.07676408274833
30
0
41
1
10
28.9814175929446
20
4.33101820237187
30
0
41
1
10
28.7206195948325
20
4.44421265714996
30
0
41
1
10
28.4598215967204
20
4.54235434115256
30
0
0
SPLINE
5
1E5
100
AcDbEntity
8
1
62
256
6
ByLayer
370
18
48
1
60
0
100
AcDbSpline
70
4
71
3
72
10
73
6
40
0
40
0
40
0
40
0
40
0.5
40
0.5
40
1
40
1
40
1
40
1
41
1
10
28.4598215967204
20
4.54235434115256
30
0
41
1
10
28.162755606647
20
4.65414257799799
30
0
41
1
10
27.8656896165733
20
4.74638850273416
30
0
41
1
10
27.271557636426
20
4.88942911158097
30
0
41
1
10
26.9744916463522
20
4.94022221636121
30
0
41
1
10
26.6774256562783
20
4.96963659758288
30
0
0
SPLINE
5
1E6
100
AcDbEntity
8
1
62
256
6
ByLayer
370
18
48
1
60
0
100
AcDbSpline
70
4
71
3
72
10
73
6
40
0
40
0
40
0
40
0
40
0.5
40
0.5
40
1
40
1
40
1
40
1
41
1
10
17.3174289244927
20
2.95729602161046
30
0
41
1
10
17.0138366254713
20
3.17771318046115
30
0
41
1
10
16.7102443264492
20
3.38484056610872
30
0
41
1
10
16.1030597284041
20
3.76696613165032
30
0
41
1
10
15.7994674293809
20
3.94195970693042
30
0
41
1
10
15.4958751303571
20
4.09853968274686
30
0
0
SPLINE
5
1E7
100
AcDbEntity
8
1
62
256
6
ByLayer
370
18
48
1
60
0
100
AcDbSpline
70
4
71
3
72
8
73
4
40
0
40
0
40
0
40
0
40
1
40
1
40
1
40
1
41
1
10
14.9996443675555
20
4.33769119398329
30
0
41
1
10
15.1650546218318
20
4.26364676342666
30
0
41
1
10
15.330464876099
20
4.18382354959334
30
0
41
1
10
15.4958751303571
20
4.09853968274686
30
0
0
SPLINE
5
1E8
100
AcDbEntity
8
1
62
256
6
ByLayer
370
18
48
1
60
0
100
AcDbSpline
70
4
71
3
72
8
73
4
40
0
40
0
40
0
40
0
40
1
40
1
40
1
40
1
41
1
10
27.3174385580496
20
-4.59969538093529
30
0
41
1
10
27.104100923987
20
-4.52438435046824
30
0
41
1
10
26.8907632899244
20
-4.43887901351567
30
0
41
1
10
26.6774256558616
20
-4.34374617451601
30
0
0
SPLINE
5
1E9
100
AcDbEntity
8
1
62
256
6
ByLayer
370
18
48
1
60
0
100
AcDbSpline
70
4
71
3
72
10
73
6
40
0
40
0
40
0
40
0
40
0.5
40
0.5
40
1
40
1
40
1
40
1
41
1
10
26.6774256558616
20
-4.34374617451601
30
0
41
1
10
26.4169728294589
20
-4.22761066490506
30
0
41
1
10
26.1565200030561
20
-4.09711869512867
30
0
41
1
10
25.6356143502501
20
-3.8099975746411
30
0
41
1
10
25.3751615238469
20
-3.65337029986981
30
0
41
1
10
25.1147086974434
20
-3.48522214253927
30
0
0
SPLINE
5
1EA
100
AcDbEntity
8
1
62
256
6
ByLayer
370
18
48
1
60
0
100
AcDbSpline
70
4
71
3
72
10
73
6
40
0
40
0
40
0
40
0
40
0.5
40
0.5
40
1
40
1
40
1
40
1
41
1
10
25.1147086974434
20
-3.48522214253927
30
0
41
1
10
24.8422057582989
20
-3.30929134106347
30
0
41
1
10
24.5697028191546
20
-3.12074990473084
30
0
41
1
10
24.0246969408659
20
-2.72251874979631
30
0
41
1
10
23.7521940017215
20
-2.51283214466542
30
0
41
1
10
23.4796910625771
20
-2.29483940721676
30
0
0
SPLINE
5
1EB
100
AcDbEntity
8
1
62
256
6
ByLayer
370
18
48
1
60
0
100
AcDbSpline
70
4
71
3
72
14
73
10
40
0
40
0
40
0
40
0
40
0.25
40
0.25
40
0.5
40
0.5
40
0.75
40
0.75
40
1
40
1
40
1
40
1
41
1
10
41.3167681539135
20
0.142981705304379
30
0
41
1
10
41.0831675368239
20
0.353235128259485
30
0
41
1
10
40.8495669197344
20
0.563107895585318
30
0
41
1
10
40.3823656855552
20
0.978757512719028
30
0
41
1
10
40.1487650684655
20
1.18453260669068
30
0
41
1
10
39.6815638342863
20
1.5887138577001
30
0
41
1
10
39.4479632171965
20
1.78711830720564
30
0
41
1
10
38.980761983017
20
2.1734024479712
30
0
41
1
10
38.7471613659273
20
2.36128050726961
30
0
41
1
10
38.5135607488374
20
2.54240197361176
30
0
0
SPLINE
5
1EC
100
AcDbEntity
8
1
62
256
6
ByLayer
370
18
48
1
60
0
100
AcDbSpline
70
4
71
5
72
16
73
10
40
0
40
0
40
0
40
0
40
0
40
0
40
0.268740691302395
40
0.476544746586352
40
0.684348801870309
40
0.996054884796244
40
1
40
1
40
1
40
1
40
1
40
1
41
1
10
38.5135612306047
20
2.54239942429354
30
0
41
1
10
38.4352237926557
20
2.60313775753411
30
0
41
1
10
38.2963118387766
20
2.70972058247858
30
0
41
1
10
38.0968253689675
20
2.85981074655692
30
0
41
1
10
37.8064771252632
20
3.07164410337825
30
0
41
1
10
37.514978887429
20
3.27381408990826
30
0
41
1
10
37.3018180875438
20
3.41556076214388
30
0
41
1
10
37.1492318035887
20
3.51374759406553
30
0
41
1
10
37.0572200355636
20
3.57173008640797
30
0
41
1
10
37.0560700414337
20
3.57245457965081
30
0
0
SPLINE
5
1ED
100
AcDbEntity
8
1
62
256
6
ByLayer
370
18
48
1
60
0
100
AcDbSpline
70
4
71
3
72
53
73
49
40
0
40
0
40
0
40
0
40
0.0225879448430679
40
0.0451381271393876
40
0.0676505495810894
40
0.0901252148473235
40
0.112562125604321
40
0.134961284505392
40
0.157322694190953
40
0.179646357288599
40
0.201932276413149
40
0.224180454166644
40
0.24639089313835
40
0.268563595904805
40
0.290698565029668
40
0.312795803063805
40
0.334855312545331
40
0.356877095999526
40
0.378861155938982
40
0.400807494863571
40
0.422716115260389
40
0.444587019603855
40
0.466420210355463
40
0.488215689963951
40
0.509973460865154
40
0.531693525482107
40
0.553375886225081
40
0.575020545491589
40
0.596627505666357
40
0.618196769121485
40
0.639728338216271
40
0.661222215297305
40
0.682678402698273
40
0.70409690274016
40
0.725477717731097
40
0.746820849966418
40
0.768126301728802
40
0.789394075288162
40
0.810624172901739
40
0.831816596814055
40
0.852971349256903
40
0.874088432449275
40
0.895167848597397
40
0.91620959989474
40
0.937213688522001
40
0.9581801166472
40
0.979108886425649
40
1
40
1
40
1
40
1
41
1
10
37.0560700414337
20
3.57245457965081
30
0
41
1
10
37.0417200240601
20
3.58146834521102
30
0
41
1
10
37.0130439796849
20
3.59948080711001
30
0
41
1
10
36.9700656311816
20
3.62620427050243
30
0
41
1
10
36.9271590604324
20
3.65268213597992
30
0
41
1
10
36.8843242480825
20
3.67889450055142
30
0
41
1
10
36.8415611993054
20
3.7048461217185
30
0
41
1
10
36.7988699127191
20
3.7305351993358
30
0
41
1
10
36.7562503886934
20
3.75596171920912
30
0
41
1
10
36.7137026271301
20
3.78112522281691
30
0
41
1
10
36.6712266280559
20
3.80602540315596
30
0
41
1
10
36.6288223914642
20
3.83066194523971
30
0
41
1
10
36.5864899173573
20
3.85503456847926
30
0
41
1
10
36.544229205735
20
3.87914301510651
30
0
41
1
10
36.5020402565979
20
3.90298705301572
30
0
41
1
10
36.4599230699461
20
3.92656647474635
30
0
41
1
10
36.4178776457798
20
3.94988109749693
30
0
41
1
10
36.3759039840995
20
3.97293076286312
30
0
41
1
10
36.3340020849052
20
3.9957153366492
30
0
41
1
10
36.2921719481971
20
4.01823470865997
30
0
41
1
10
36.2504135739757
20
4.04048879249825
30
0
41
1
10
36.2087269622409
20
4.06247752535776
30
0
41
1
10
36.1671121129929
20
4.08420086781277
30
0
41
1
10
36.1255690262319
20
4.10565880360699
30
0
41
1
10
36.0840977019579
20
4.12685133944319
30
0
41
1
10
36.042698140171
20
4.1477785047727
30
0
41
1
10
36.0013703408711
20
4.16844035158533
30
0
41
1
10
35.9601143040582
20
4.1888369541993
30
0
41
1
10
35.9189300297325
20
4.20896840905166
30
0
41
1
10
35.8778175178936
20
4.22883483448857
30
0
41
1
10
35.8367767685418
20
4.24843637055639
30
0
41
1
10
35.7958077816768
20
4.26777317879242
30
0
41
1
10
35.7549105572986
20
4.28684544201482
30
0
41
1
10
35.7140850954071
20
4.30565336410629
30
0
41
1
10
35.6733313960021
20
4.32419716980522
30
0
41
1
10
35.6326494590832
20
4.34247710447403
30
0
41
1
10
35.5920392846504
20
4.36049343395297
30
0
41
1
10
35.5515008727033
20
4.37824644409855
30
0
41
1
10
35.5110342232418
20
4.39573644149863
30
0
41
1
10
35.4706393362654
20
4.41296374980934
30
0
41
1
10
35.4303162117742
20
4.42992872238392
30
0
41
1
10
35.3900648497667
20
4.44663169424632
30
0
41
1
10
35.3498852502473
20
4.46307315982742
30
0
41
1
10
35.3097774131973
20
4.47925311040012
30
0
41
1
10
35.2697413386848
20
4.49517349916445
30
0
41
1
10
35.2297770264538
20
4.51082906510831
30
0
41
1
10
35.1898844774549
20
4.5262414857296
30
0
41
1
10
35.1633133598472
20
4.53631106838327
30
0
41
1
10
35.1500397638628
20
4.54134132619365
30
0
0
SPLINE
5
1EE
100
AcDbEntity
8
1
62
256
6
ByLayer
370
18
48
1
60
0
100
AcDbSpline
70
4
71
3
72
10
73
6
40
0
40
0
40
0
40
0
40
0.5
40
0.5
40
1
40
1
40
1
40
1
41
1
10
35.1500397638628
20
4.54134132619365
30
0
41
1
10
34.837668489376
20
4.65900999445736
30
0
41
1
10
34.5252972148875
20
4.75506948416438
30
0
41
1
10
33.9005546659074
20
4.90124680897085
30
0
41
1
10
33.5881833914158
20
4.95136267198674
30
0
41
1
10
33.2758121169225
20
4.97779553896058
30
0
0
SPLINE
5
1EF
100
AcDbEntity
8
1
62
256
6
ByLayer
370
18
48
1
60
0
100
AcDbSpline
70
4
71
3
72
8
73
4
40
0
40
0
40
0
40
0
40
1
40
1
40
1
40
1
41
1
10
26.0854635130227
20
1.27667623604256
30
0
41
1
10
26.2827842273582
20
1.10489754246089
30
0
41
1
10
26.4801049416936
20
0.930699337166573
30
0
41
1
10
26.6774256560288
20
0.755069712481685
30
0
0
SPLINE
5
1F0
100
AcDbEntity
8
1
62
256
6
ByLayer
370
18
48
1
60
0
100
AcDbSpline
70
4
71
3
72
8
73
4
40
0
40
0
40
0
40
0
40
1
40
1
40
1
40
1
41
1
10
25.3169179196864
20
1.9313984528745
30
0
41
1
10
25.2495155551512
20
1.98737740107694
30
0
41
1
10
25.1821131906159
20
2.04292952064401
30
0
41
1
10
25.1147108260806
20
2.09801798878917
30
0
0
SPLINE
5
1F1
100
AcDbEntity
8
1
62
256
6
ByLayer
370
18
48
1
60
0
100
AcDbSpline
70
4
71
3
72
10
73
6
40
0
40
0
40
0
40
0
40
0.5
40
0.5
40
1
40
1
40
1
40
1
41
1
10
25.1147108260806
20
2.09801798878917
30
0
41
1
10
24.8422075321641
20
2.32073598356749
30
0
41
1
10
24.5697042382475
20
2.53586031568079
30
0
41
1
10
24.0246976504145
20
2.94627433756688
30
0
41
1
10
23.7521943564979
20
3.14156081621968
30
0
41
1
10
23.4796910625814
20
3.32481737966054
30
0
0
SPLINE
5
1F2
100
AcDbEntity
8
1
62
256
6
ByLayer
370
18
48
1
60
0
100
AcDbSpline
70
4
71
3
72
10
73
6
40
0
40
0
40
0
40
0
40
0.5
40
0.5
40
1
40
1
40
1
40
1
41
1
10
23.4796910625814
20
3.32481737966054
30
0
41
1
10
23.216954560719
20
3.50150166773432
30
0
41
1
10
22.9542180588562
20
3.66700086281566
30
0
41
1
10
22.42874505513
20
3.97230490669082
30
0
41
1
10
22.1660085532666
20
4.11210768985279
30
0
41
1
10
21.9032720514028
20
4.23765724499631
30
0
0
SPLINE
5
1F3
100
AcDbEntity
8
1
62
256
6
ByLayer
370
18
48
1
60
0
100
AcDbSpline
70
4
71
5
72
16
73
10
40
0
40
0
40
0
40
0
40
0
40
0
40
0.272812066285386
40
0.460935182597882
40
0.649058298910345
40
0.931242973379064
40
1
40
1
40
1
40
1
40
1
40
1
41
1
10
21.9032716040634
20
4.23766164160693
30
0
41
1
10
21.8154277538283
20
4.27963987006402
30
0
41
1
10
21.667009387663
20
4.34832544220231
30
0
41
1
10
21.4580165055677
20
4.43962761058611
30
0
41
1
10
21.1581618495774
20
4.55940029439205
30
0
41
1
10
20.8361678431127
20
4.67018590180581
30
0
41
1
10
20.6020176868832
20
4.7403484638622
30
0
41
1
10
20.4284420465837
20
4.78654197857244
30
0
41
1
10
20.3154409222144
20
4.81412480494544
30
0
41
1
10
20.2933015717401
20
4.8194331168188
30
0
0
SPLINE
5
1F4
100
AcDbEntity
8
1
62
256
6
ByLayer
370
18
48
1
60
0
100
AcDbSpline
70
4
71
3
72
8
73
4
40
0
40
0
40
0
40
0
40
1
40
1
40
1
40
1
41
1
10
13
20
-4.23739648599087
30
0
41
1
10
13
20
-4.27944315028068
30
0
41
1
10
13
20
-4.32004222144775
30
0
41
1
10
13
20
-4.35914968513498
30
0
0
SPLINE
5
1F5
100
AcDbEntity
8
1
62
256
6
ByLayer
370
18
48
1
60
0
100
AcDbSpline
70
4
71
3
72
8
73
4
40
0
40
0
40
0
40
0
40
1
40
1
40
1
40
1
41
1
10
11.792912857849
20
3.33897735170569
30
0
41
1
10
11.7935425775858
20
3.33792902274135
30
0
41
1
10
11.7941736856025
20
3.3368812934562
30
0
41
1
10
11.7948061795194
20
3.33583416282221
30
0
0
SPLINE
5
1F6
100
AcDbEntity
8
1
62
256
6
ByLayer
370
18
48
1
60
0
100
AcDbSpline
70
4
71
3
72
8
73
4
40
0
40
0
40
0
40
0
40
1
40
1
40
1
40
1
41
1
10
11.792912857849
20
-2.39911342230221
30
0
41
1
10
11.7935425957799
20
-2.39849549981778
30
0
41
1
10
11.7941737038652
20
-2.39787794867988
30
0
41
1
10
11.7948061795194
20
-2.39726076818761
30
0
0
SPLINE
5
1F7
100
AcDbEntity
8
1
62
256
6
ByLayer
370
18
48
1
60
0
100
AcDbSpline
70
4
71
3
72
8
73
4
40
0
40
0
40
0
40
0
40
1
40
1
40
1
40
1
41
1
10
13.0000000000001
20
4.72278508381689
30
0
41
1
10
12.9072050445177
20
4.74085565053645
30
0
41
1
10
12.8168698979082
20
4.74997944933094
30
0
41
1
10
12.7289682570478
20
4.75000659731577
30
0
0
SPLINE
5
1F8
100
AcDbEntity
8
1
62
256
6
ByLayer
370
18
48
1
60
0
100
AcDbSpline
70
4
71
3
72
62
73
58
40
0
40
0
40
0
40
0
40
0.125000000000003
40
0.125000000000003
40
0.187500000000004
40
0.187500000000004
40
0.250000000000005
40
0.250000000000005
40
0.312500000000007
40
0.312500000000007
40
0.375000000000008
40
0.375000000000008
40
0.406250000000008
40
0.406250000000008
40
0.437500000000007
40
0.437500000000007
40
0.500000000000004
40
0.500000000000004
40
0.562500000000001
40
0.562500000000001
40
0.624999999999998
40
0.624999999999998
40
0.640624999999997
40
0.640624999999997
40
0.656249999999997
40
0.656249999999997
40
0.687499999999996
40
0.687499999999996
40
0.718749999999995
40
0.718749999999995
40
0.734374999999994
40
0.734374999999994
40
0.749999999999993
40
0.749999999999993
40
0.781249999999992
40
0.781249999999992
40
0.812499999999991
40
0.812499999999991
40
0.82031249999999
40
0.82031249999999
40
0.82812499999999
40
0.843749999999991
40
0.874999999999994
40
0.874999999999994
40
0.882812499999994
40
0.882812499999994
40
0.890624999999994
40
0.890624999999994
40
0.906249999999994
40
0.906249999999994
40
0.937499999999997
40
0.937499999999997
40
0.953124999999997
40
0.953124999999997
40
0.968749999999997
40
0.968749999999997
40
1
40
1
40
1
40
1
41
1
10
11.792912857849
20
-4.68707561704761
30
0
41
1
10
11.6532790865854
20
-4.71178238378414
30
0
41
1
10
11.5153294182389
20
-4.72961234902314
30
0
41
1
10
11.3111003295736
20
-4.74500239400069
30
0
41
1
10
11.2434799184762
20
-4.74823662733155
30
0
41
1
10
11.1092798964032
20
-4.75067092311542
30
0
41
1
10
11.0430392705874
20
-4.7498640296034
30
0
41
1
10
10.9125727176834
20
-4.74402079610061
30
0
41
1
10
10.8483341029526
20
-4.73898576243022
30
0
41
1
10
10.7222009224633
20
-4.72442461660413
30
0
41
1
10
10.6603040517254
20
-4.71490027929195
30
0
41
1
10
10.5696146418464
20
-4.69695520388143
30
0
41
1
10
10.5397457495456
20
-4.69036261753553
30
0
41
1
10
10.4808207118668
20
-4.67588966139019
30
0
41
1
10
10.4518517881422
20
-4.66803016131473
30
0
41
1
10
10.3666606652842
20
-4.64252871465382
30
0
41
1
10
10.3121060801167
20
-4.62296379952255
30
0
41
1
10
10.2086389539955
20
-4.57816475671427
30
0
41
1
10
10.1597138152683
20
-4.5529364938385
30
0
41
1
10
10.0692971813795
20
-4.49595730815483
30
0
41
1
10
10.0277756810131
20
-4.46421992294509
30
0
41
1
10
9.98240402519818
20
-4.4195728337757
30
0
41
1
10
9.97366973250948
20
-4.41039895538722
30
0
41
1
10
9.9570338289488
20
-4.39164428679462
30
0
41
1
10
9.94911853709431
20
-4.38205043490734
30
0
41
1
10
9.92667351518082
20
-4.35259783314532
30
0
41
1
10
9.91343901473459
20
-4.33206935484839
30
0
41
1
10
9.89103782547312
20
-4.2890836260965
30
0
41
1
10
9.88186798866624
20
-4.26662703652454
30
0
41
1
10
9.87178078983027
20
-4.23135241800674
30
0
41
1
10
9.86904685113842
20
-4.21937002889823
30
0
41
1
10
9.86494941529287
20
-4.19510201258541
30
0
41
1
10
9.86357953782169
20
-4.18279510700557
30
0
41
1
10
9.86162803898225
20
-4.14536332349368
30
0
41
1
10
9.86319782941067
20
-4.11972724388005
30
0
41
1
10
9.87286568902675
20
-4.06713486135274
30
0
41
1
10
9.88096019038778
20
-4.04017841041752
30
0
41
1
10
9.89580741890379
20
-4.00568815584143
30
0
41
1
10
9.89901340900281
20
-3.99875495930365
30
0
41
1
10
9.90585155242354
20
-3.98493522083439
30
0
41
1
10
9.91676684039064
20
-3.96423037521365
30
0
41
1
10
9.94684895814819
20
-3.91613332171636
30
0
41
1
10
9.98057260899165
20
-3.87541390396305
30
0
41
1
10
10.0131734842764
20
-3.84192303351586
30
0
41
1
10
10.0199187976273
20
-3.83524699225427
30
0
41
1
10
10.033862931842
20
-3.82194335033844
30
0
41
1
10
10.0410670023913
20
-3.81531213727612
30
0
41
1
10
10.0631793310395
20
-3.7956562617189
30
0
41
1
10
10.078641886628
20
-3.78281550501254
30
0
41
1
10
10.1270824337945
20
-3.74508347635214
30
0
41
1
10
10.1621086494242
20
-3.72098182066094
30
0
41
1
10
10.2184031635897
20
-3.68642313791978
30
0
41
1
10
10.2377951019734
20
-3.67516936611594
30
0
41
1
10
10.2777891734478
20
-3.6531976715606
30
0
41
1
10
10.2983443321371
20
-3.6425092569184
30
0
41
1
10
10.3609680236979
20
-3.61161394423093
30
0
41
1
10
10.4042229620819
20
-3.59244396501035
30
0
41
1
10
10.448776782557
20
-3.5745707147978
30
0
0
SPLINE
5
1F9
100
AcDbEntity
8
1
62
256
6
ByLayer
370
18
48
1
60
0
100
AcDbSpline
70
4
71
3
72
30
73
26
40
0
40
0
40
0
40
0
40
0.062500000000008
40
0.062500000000008
40
0.0937500000000049
40
0.0937500000000049
40
0.125000000000002
40
0.125000000000002
40
0.187499999999996
40
0.187499999999996
40
0.24999999999999
40
0.24999999999999
40
0.312499999999983
40
0.312499999999983
40
0.374999999999977
40
0.374999999999977
40
0.499999999999965
40
0.499999999999965
40
0.562499999999966
40
0.562499999999966
40
0.624999999999967
40
0.624999999999967
40
0.749999999999982
40
0.749999999999982
40
1
40
1
40
1
40
1
41
1
10
10.448776782557
20
-3.5745707147978
30
0
41
1
10
10.4739620636185
20
-3.5644673650674
30
0
41
1
10
10.5003173663141
20
-3.55615500281746
30
0
41
1
10
10.5412403653803
20
-3.54586311870557
30
0
41
1
10
10.5551155218603
20
-3.54279868271621
30
0
41
1
10
10.5832958841487
20
-3.53734828281549
30
0
41
1
10
10.5976450506722
20
-3.53495803589402
30
0
41
1
10
10.6406856342727
20
-3.52882048143482
30
0
41
1
10
10.6695282060934
20
-3.52605850386189
30
0
41
1
10
10.7274534273781
20
-3.52269711798894
30
0
41
1
10
10.7565365822042
20
-3.52210188781089
30
0
41
1
10
10.8149099047057
20
-3.52277924436746
30
0
41
1
10
10.8443193354475
20
-3.52406640648491
30
0
41
1
10
10.9024098146731
20
-3.5282338155734
30
0
41
1
10
10.9311670710579
20
-3.53110824114671
30
0
41
1
10
11.0166911415694
20
-3.54176421334046
30
0
41
1
10
11.072716890824
20
-3.55156142538962
30
0
41
1
10
11.1555297237149
20
-3.56947378479572
30
0
41
1
10
11.1829276003522
20
-3.57598609997649
30
0
41
1
10
11.2373351318535
20
-3.59000422722335
30
0
41
1
10
11.264239888357
20
-3.59748527166659
30
0
41
1
10
11.3435853801547
20
-3.62103590171407
30
0
41
1
10
11.3949002323846
20
-3.63826634629569
30
0
41
1
10
11.5447085021858
20
-3.69362762085137
30
0
41
1
10
11.6391065498875
20
-3.73539192807058
30
0
41
1
10
11.7287483137541
20
-3.78047610119236
30
0
0
SPLINE
5
1FA
100
AcDbEntity
8
1
62
256
6
ByLayer
370
18
48
1
60
0
100
AcDbSpline
70
4
71
3
72
22
73
18
40
0
40
0
40
0
40
0
40
0.250000000000005
40
0.250000000000005
40
0.50000000000001
40
0.50000000000001
40
0.531250000000011
40
0.531250000000011
40
0.562500000000011
40
0.562500000000011
40
0.62500000000001
40
0.62500000000001
40
0.750000000000006
40
0.750000000000006
40
0.875000000000003
40
0.875000000000003
40
1
40
1
40
1
40
1
41
1
10
13
20
-4.23739648599127
30
0
41
1
10
12.8795556603991
20
-4.13824500685382
30
0
41
1
10
12.7632553749101
20
-4.02570208220359
30
0
41
1
10
12.5388278789017
20
-3.773331966125
30
0
41
1
10
12.4306720343675
20
-3.63352548452897
30
0
41
1
10
12.3137711907675
20
-3.45970106779728
30
0
41
1
10
12.3008487157065
20
-3.44015627546776
30
0
41
1
10
12.2751369094478
20
-3.4005986649764
30
0
41
1
10
12.2623381940184
20
-3.38057060103469
30
0
41
1
10
12.2242493631886
20
-3.31994842360993
30
0
41
1
10
12.1992452946328
20
-3.27878595164722
30
0
41
1
10
12.125398303893
20
-3.15304689327482
30
0
41
1
10
12.0777158402989
20
-3.066222723664
30
0
41
1
10
11.9855110035074
20
-2.88645288644133
30
0
41
1
10
11.9409801101655
20
-2.79351129627068
30
0
41
1
10
11.8555341900951
20
-2.6011625300842
30
0
41
1
10
11.8146861169905
20
-2.50172883036277
30
0
41
1
10
11.7750540589012
20
-2.39911342230215
30
0
0
SPLINE
5
1FB
100
AcDbEntity
8
1
62
256
6
ByLayer
370
18
48
1
60
0
100
AcDbSpline
70
4
71
2
72
6
73
3
40
0
40
0
40
0
40
1
40
1
40
1
41
1
10
11.7948061795194
20
3.33583416282221
30
0
41
1
10
11.7849301192103
20
3.33740575726392
30
0
41
1
10
11.7750540589013
20
3.33897735170566
30
0
0
SPLINE
5
1FC
100
AcDbEntity
8
1
62
256
6
ByLayer
370
18
48
1
60
0
100
AcDbSpline
70
4
71
3
72
22
73
18
40
0
40
0
40
0
40
0
40
0.250000000000004
40
0.250000000000004
40
0.500000000000008
40
0.500000000000008
40
0.531250000000009
40
0.531250000000009
40
0.562500000000009
40
0.562500000000009
40
0.625000000000008
40
0.625000000000008
40
0.750000000000005
40
0.750000000000005
40
0.875000000000003
40
0.875000000000003
40
1
40
1
40
1
40
1
41
1
10
13.0000000000001
20
0.97653034422828
30
0
41
1
10
12.8795556603991
20
1.19126773477757
30
0
41
1
10
12.7632553749101
20
1.40265784250411
30
0
41
1
10
12.5388278789018
20
1.8184564746355
30
0
41
1
10
12.4306720343676
20
2.02285687472366
30
0
41
1
10
12.3137711907675
20
2.24846629925838
30
0
41
1
10
12.3008487157065
20
2.27347330859447
30
0
41
1
10
12.2751369094479
20
2.32336334551866
30
0
41
1
10
12.2623381940184
20
2.34826474051658
30
0
41
1
10
12.2242493631886
20
2.42256747950313
30
0
41
1
10
12.1992452946328
20
2.47160830268581
30
0
41
1
10
12.125398303893
20
2.61723919014256
30
0
41
1
10
12.0777158402989
20
2.71233872269192
30
0
41
1
10
11.9855110035075
20
2.89847786495142
30
0
41
1
10
11.9409801101655
20
2.98951622041713
30
0
41
1
10
11.8555341900951
20
3.16747643130537
30
0
41
1
10
11.8146861169905
20
3.25441356021543
30
0
41
1
10
11.7750540589013
20
3.33897735170566
30
0
0
SPLINE
5
1FD
100
AcDbEntity
8
1
62
256
6
ByLayer
370
18
48
1
60
0
100
AcDbSpline
70
4
71
3
72
8
73
4
40
0
40
0
40
0
40
0
40
1
40
1
40
1
40
1
41
1
10
13
20
0.976530344228991
30
0
41
1
10
13
20
0.904369673680861
30
0
41
1
10
13
20
0.831656927869659
30
0
41
1
10
13
20
0.758467315640956
30
0
0
SPLINE
5
1FE
100
AcDbEntity
8
1
62
256
6
ByLayer
370
18
48
1
60
0
100
AcDbSpline
70
4
71
3
72
16
73
12
40
0
40
0
40
0
40
0
40
0.249999999999991
40
0.249999999999991
40
0.499999999999982
40
0.499999999999982
40
0.624999999999983
40
0.624999999999983
40
0.749999999999985
40
0.749999999999985
40
1
40
1
40
1
40
1
41
1
10
15
20
-1.02488475564533
30
0
41
1
10
14.9276710884764
20
-0.956224888196914
30
0
41
1
10
14.8562030451849
20
-0.887233377775374
30
0
41
1
10
14.7142394187376
20
-0.749355700332075
30
0
41
1
10
14.6436026752102
20
-0.680324789611063
30
0
41
1
10
14.5388712689239
20
-0.578506643488225
30
0
41
1
10
14.5041304666848
20
-0.544822753640972
30
0
41
1
10
14.434890809745
20
-0.47809126839573
30
0
41
1
10
14.400358744109
20
-0.44501252425917
30
0
41
1
10
14.2975147804419
20
-0.347469439975157
30
0
41
1
10
14.2298059517932
20
-0.284524719890896
30
0
41
1
10
14.1625135038981
20
-0.224419866074612
30
0
0
SPLINE
5
1FF
100
AcDbEntity
8
1
62
256
6
ByLayer
370
18
48
1
60
0
100
AcDbSpline
70
4
71
3
72
12
73
8
40
0
40
0
40
0
40
0
40
0.500000000000005
40
0.500000000000005
40
0.750000000000003
40
0.750000000000003
40
1
40
1
40
1
40
1
41
1
10
14.1625135038981
20
-0.224419866074612
30
0
41
1
10
13.9678027221312
20
-0.0632158067259923
30
0
41
1
10
13.7737865750816
20
0.0996620775758288
30
0
41
1
10
13.4831900601006
20
0.345763580492331
30
0
41
1
10
13.3863516317124
20
0.428133303072485
30
0
41
1
10
13.192957411582
20
0.593149019650923
30
0
41
1
10
13.096422419106
20
0.675776929778095
30
0
41
1
10
13
20
0.758467315640729
30
0
0
SPLINE
5
200
100
AcDbEntity
8
1
62
256
6
ByLayer
370
18
48
1
60
0
100
AcDbSpline
70
4
71
3
72
8
73
4
40
0
40
0
40
0
40
0
40
1
40
1
40
1
40
1
41
1
10
13
20
0.758467315640758
30
0
41
1
10
13
20
0.757806762407341
30
0
41
1
10
13
20
0.7570990364446
30
0
41
1
10
13
20
0.756343346187691
30
0
0
SPLINE
5
201
100
AcDbEntity
8
1
62
256
6
ByLayer
370
18
48
1
60
0
100
AcDbSpline
70
4
71
3
72
8
73
4
40
0
40
0
40
0
40
0
40
1
40
1
40
1
40
1
41
1
10
11.7301049086863
20
1.79971868259795
30
0
41
1
10
12.1541828774592
20
1.46401494481904
30
0
41
1
10
12.5759220332108
20
1.11446464254377
30
0
41
1
10
13
20
0.756343346187691
30
0
0
SPLINE
5
202
100
AcDbEntity
8
1
62
256
6
ByLayer
370
18
48
1
60
0
100
AcDbSpline
70
4
71
3
72
16
73
12
40
0
40
0
40
0
40
0
40
0.249999999999991
40
0.249999999999991
40
0.499999999999982
40
0.499999999999982
40
0.624999999999984
40
0.624999999999984
40
0.749999999999985
40
0.749999999999985
40
1
40
1
40
1
40
1
41
1
10
15
20
4.33760591035383
30
0
41
1
10
14.9276710884764
20
4.35941148888446
30
0
41
1
10
14.8562030451849
20
4.37630397976497
30
0
41
1
10
14.7142394187376
20
4.40009038147338
30
0
41
1
10
14.6436026752103
20
4.40697366810696
30
0
41
1
10
14.5388712689239
20
4.40919725118056
30
0
41
1
10
14.5041304666848
20
4.40859339999261
30
0
41
1
10
14.434890809745
20
4.40458388816313
30
0
41
1
10
14.400358744109
20
4.40117067811315
30
0
41
1
10
14.297514780442
20
4.38659643181759
30
0
41
1
10
14.2298059517932
20
4.37113888605904
30
0
41
1
10
14.1625135038981
20
4.34922160912745
30
0
0
SPLINE
5
203
100
AcDbEntity
8
1
62
256
6
ByLayer
370
18
48
1
60
0
100
AcDbSpline
70
4
71
3
72
8
73
4
40
0
40
0
40
0
40
0
40
1
40
1
40
1
40
1
41
1
10
13
20
4.71970879787852
30
0
41
1
10
13
20
4.71101712050987
30
0
41
1
10
13.0000000000001
20
4.70231576685202
30
0
41
1
10
13.0000000000001
20
4.69360457453561
30
0
0
SPLINE
5
204
100
AcDbEntity
8
1
62
256
6
ByLayer
370
18
48
1
60
0
100
AcDbSpline
70
4
71
3
72
8
73
4
40
0
40
0
40
0
40
0
40
1
40
1
40
1
40
1
41
1
10
11.7301049086863
20
4.73684711552878
30
0
41
1
10
12.1541828774592
20
4.76382355278321
30
0
41
1
10
12.5759220332108
20
4.749336490963
30
0
41
1
10
13.0000000000001
20
4.69360457453547
30
0
0
SPLINE
5
205
100
AcDbEntity
8
1
62
256
6
ByLayer
370
18
48
1
60
0
100
AcDbSpline
70
4
71
3
72
16
73
12
40
0
40
0
40
0
40
0
40
0.249999999999997
40
0.249999999999997
40
0.499999999999994
40
0.499999999999994
40
0.624999999999992
40
0.624999999999992
40
0.749999999999991
40
0.749999999999991
40
1
40
1
40
1
40
1
41
1
10
15
20
-4.99234034575264
30
0
41
1
10
14.9276710884764
20
-4.9751675781919
30
0
41
1
10
14.8562030451849
20
-4.95281498811534
30
0
41
1
10
14.7142394187376
20
-4.89801523166005
30
0
41
1
10
14.6436026752102
20
-4.86547438498908
30
0
41
1
10
14.5388712689239
20
-4.80942480263479
30
0
41
1
10
14.5041304666848
20
-4.78952184587533
30
0
41
1
10
14.434890809745
20
-4.74723470303269
30
0
41
1
10
14.4003587441089
20
-4.72482501164347
30
0
41
1
10
14.2975147804419
20
-4.65416316238324
30
0
41
1
10
14.2298059517931
20
-4.60241755797173
30
0
41
1
10
14.1625135038981
20
-4.54573752635557
30
0
0
SPLINE
5
206
100
AcDbEntity
8
1
62
256
6
ByLayer
370
18
48
1
60
0
100
AcDbSpline
70
4
71
3
72
8
73
4
40
0
40
0
40
0
40
0
40
1
40
1
40
1
40
1
41
1
10
11.7301049086863
20
-3.78026526908079
30
0
41
1
10
12.1541828774591
20
-3.99991004692629
30
0
41
1
10
12.5759220332108
20
-4.18537253957433
30
0
41
1
10
13
20
-4.33385366285165
30
0
0
SPLINE
5
207
100
AcDbEntity
8
1
62
256
6
ByLayer
370
18
48
1
60
0
100
AcDbSpline
70
4
71
2
72
6
73
3
40
0
40
0
40
0
40
1
40
1
40
1
41
1
10
14.7823633157535
20
4.6864636532612
30
0
41
1
10
14.4519063737695
20
4.65076846832523
30
0
41
1
10
14.1625135038981
20
4.47694286250766
30
0
0
SPLINE
5
208
100
AcDbEntity
8
1
62
256
6
ByLayer
370
18
48
1
60
0
100
AcDbSpline
70
4
71
3
72
8
73
4
40
0
40
0
40
0
40
0
40
1
40
1
40
1
40
1
41
1
10
41.9780688643901
20
-0.370705503129869
30
0
41
1
10
41.9429836656133
20
-0.343053795385543
30
0
41
1
10
41.9079116466302
20
-0.315269671873551
30
0
41
1
10
41.8728521906791
20
-0.287356191296226
30
0
0
SPLINE
5
209
100
AcDbEntity
8
1
62
256
6
ByLayer
370
18
48
1
60
0
100
AcDbSpline
70
4
71
2
72
6
73
3
40
0
40
0
40
0
40
1
40
1
40
1
41
1
10
46.8461588942011
20
-4.33457575968797
30
0
41
1
10
46.9005724886342
20
-4.14486713758842
30
0
41
1
10
46.9549860830675
20
-3.9551585154889
30
0
0
SPLINE
5
20A
100
AcDbEntity
8
1
62
256
6
ByLayer
370
18
48
1
60
0
100
AcDbSpline
70
4
71
1
72
4
73
2
40
0
40
0
40
1
40
1
41
1
10
46.6566024978948
20
-4.66345182815704
30
0
41
1
10
46.797216272884
20
-4.43796932149647
30
0
0
SPLINE
5
20B
100
AcDbEntity
8
1
62
256
6
ByLayer
370
18
48
1
60
0
100
AcDbSpline
70
4
71
3
72
11
73
7
40
0
40
0
40
0
40
0
40
0.198638201857425
40
0.42952595496487
40
0.695480769311334
40
1
40
1
40
1
40
1
41
1
10
44.4359913793186
20
-4.93081736552028
30
0
41
1
10
44.5427350019837
20
-4.92069863251302
30
0
41
1
10
44.7759706370721
20
-4.89800611249751
30
0
41
1
10
45.1644412953951
20
-4.85706486726443
30
0
41
1
10
45.6175040467592
20
-4.80945764301816
30
0
41
1
10
45.9422632680125
20
-4.77615799639875
30
0
41
1
10
46.1164573857578
20
-4.75846542573316
30
0
0
SPLINE
5
20C
100
AcDbEntity
8
1
62
256
6
ByLayer
370
18
48
1
60
0
100
AcDbSpline
70
4
71
3
72
14
73
10
40
0
40
0
40
0
40
0
40
0.220888613258111
40
0.386707782845033
40
0.497232741142691
40
0.575788327845453
40
0.685639729892684
40
0.826961009380304
40
1
40
1
40
1
40
1
41
1
10
36.9241158556563
20
-4.96235680313762
30
0
41
1
10
37.070215405892
20
-4.94626214008713
30
0
41
1
10
37.3259870897247
20
-4.91835077552699
30
0
41
1
10
37.6548630591712
20
-4.88314199639157
30
0
41
1
10
37.8895820719832
20
-4.85821841157494
30
0
41
1
10
38.0872943785727
20
-4.83733407474898
30
0
41
1
10
38.3053707795327
20
-4.81443968687967
30
0
41
1
10
38.5859224730302
20
-4.78515917791862
30
0
41
1
10
38.7938596180954
20
-4.76393376326862
30
0
41
1
10
38.9083243786475
20
-4.75236428551449
30
0
0
SPLINE
5
20D
100
AcDbEntity
8
1
62
256
6
ByLayer
370
18
48
1
60
0
100
AcDbSpline
70
4
71
3
72
14
73
10
40
0
40
0
40
0
40
0
40
0.228040579815503
40
0.393828452754068
40
0.498209171549253
40
0.578081725107078
40
0.683239854731533
40
0.810294925506981
40
1
40
1
40
1
40
1
41
1
10
15.9856428343221
20
-4.96282095600313
30
0
41
1
10
16.1369369172329
20
-4.94619730764373
30
0
41
1
10
16.3982036176499
20
-4.91766028459773
30
0
41
1
10
16.7287000972386
20
-4.88178629721108
30
0
41
1
10
16.9608553385766
20
-4.85693396599873
30
0
41
1
10
17.1529521670659
20
-4.83653492303554
30
0
41
1
10
17.3599575310051
20
-4.81472323103313
30
0
41
1
10
17.6403185098854
20
-4.78551171308453
30
0
41
1
10
17.8495862899117
20
-4.76414880497518
30
0
41
1
10
17.9746566442306
20
-4.75152919476741
30
0
0
SPLINE
5
20E
100
AcDbEntity
8
1
62
256
6
ByLayer
370
18
48
1
60
0
100
AcDbSpline
70
4
71
3
72
15
73
11
40
0
40
0
40
0
40
0
40
0.171511309973825
40
0.311704986072958
40
0.420626796434125
40
0.498315139550991
40
0.576468202392916
40
0.686160792487613
40
0.827360376521611
40
1
40
1
40
1
40
1
41
1
10
30.2323562532662
20
-4.96276267868831
30
0
41
1
10
30.3461050548407
20
-4.95026603898691
30
0
41
1
10
30.5528260178809
20
-4.9276385896635
30
0
41
1
10
30.8317714470534
20
-4.89723322210446
30
0
41
1
10
31.0484819675306
20
-4.87384401682905
30
0
41
1
10
31.2240585032777
20
-4.85526107274478
30
0
41
1
10
31.4001660291292
20
-4.83680896288666
30
0
41
1
10
31.6183930161979
20
-4.81398020247616
30
0
41
1
10
31.8992580335911
20
-4.7847260252189
30
0
41
1
10
32.1073640443446
20
-4.76329116674842
30
0
41
1
10
32.2218352155123
20
-4.75156202630106
30
0
0
SPLINE
5
20F
100
AcDbEntity
8
1
62
256
6
ByLayer
370
18
48
1
60
0
100
AcDbSpline
70
4
71
3
72
13
73
9
40
0
40
0
40
0
40
0
40
0.221450342683486
40
0.387832637856353
40
0.498855988271546
40
0.610565510315068
40
0.77754079409279
40
1
40
1
40
1
40
1
41
1
10
23.253932552541
20
-4.96286043075605
30
0
41
1
10
23.4007445060782
20
-4.94674177398716
30
0
41
1
10
23.6578537199478
20
-4.91865048903412
30
0
41
1
10
23.9885461716832
20
-4.88280576773764
30
0
41
1
10
24.2464860301739
20
-4.85504851240722
30
0
41
1
10
24.5048169043814
20
-4.82748700591256
30
0
41
1
10
24.83699946553
20
-4.79271430439431
30
0
41
1
10
25.0951811509615
20
-4.76665934905685
30
0
41
1
10
25.2426725455119
20
-4.75206780356723
30
0
0
SPLINE
5
210
100
AcDbEntity
8
1
62
256
6
ByLayer
370
18
48
1
60
0
100
AcDbSpline
70
4
71
2
72
6
73
3
40
0
40
0
40
0
40
1
40
1
40
1
41
1
10
46.9646420485255
20
1.77961919228446
30
0
41
1
10
46.9106376359074
20
2.15439699510998
30
0
41
1
10
46.8566332232892
20
2.52917479793547
30
0
0
SPLINE
5
211
100
AcDbEntity
8
1
62
256
6
ByLayer
370
18
48
1
60
0
100
AcDbSpline
70
4
71
3
72
13
73
9
40
0
40
0
40
0
40
0
40
0.22317122370168
40
0.390418319623455
40
0.501992304271012
40
0.612663405878171
40
0.778734137810069
40
1
40
1
40
1
40
1
41
1
10
21.4643361248152
20
4.75122957849644
30
0
41
1
10
21.3163127399702
20
4.76616686377136
30
0
41
1
10
21.0573723499634
20
4.79267064066761
30
0
41
1
10
20.7245044833966
20
4.82790892460335
30
0
41
1
10
20.4661965503514
20
4.85529660762981
30
0
41
1
10
20.2086751832223
20
4.88277341459113
30
0
41
1
10
19.8784157260341
20
4.91857942984134
30
0
41
1
10
19.6215275436568
20
4.946622746054
30
0
41
1
10
19.4747760924518
20
4.96274737666488
30
0
0
SPLINE
5
212
100
AcDbEntity
8
1
62
256
6
ByLayer
370
18
48
1
60
0
100
AcDbSpline
70
4
71
3
72
14
73
10
40
0
40
0
40
0
40
0
40
0.194291982383178
40
0.333346485029365
40
0.437550313253929
40
0.515381180917123
40
0.614772516144592
40
0.776275003151823
40
1
40
1
40
1
40
1
41
1
10
42.6896424485059
20
4.75176104541467
30
0
41
1
10
42.5608851282846
20
4.76466988463667
30
0
41
1
10
42.3399098646203
20
4.78713280462333
30
0
41
1
10
42.0497465537947
20
4.81731806189754
30
0
41
1
10
41.8366853998938
20
4.83986137926678
30
0
41
1
10
41.6502440534141
20
4.85975344286783
30
0
41
1
10
41.4257711419155
20
4.88385485978753
30
0
41
1
10
41.104277279602
20
4.91866281568934
30
0
41
1
10
40.848813755672
20
4.94652581978843
30
0
41
1
10
40.7004336549647
20
4.96279171780188
30
0
0
SPLINE
5
213
100
AcDbEntity
8
1
62
256
6
ByLayer
370
18
48
1
60
0
100
AcDbSpline
70
4
71
3
72
13
73
9
40
0
40
0
40
0
40
0
40
0.222510451970179
40
0.389498016701172
40
0.500967134220894
40
0.611874308698141
40
0.778238929391261
40
1
40
1
40
1
40
1
41
1
10
28.7322976193474
20
4.75184453519935
30
0
41
1
10
28.5847510154493
20
4.76677735971268
30
0
41
1
10
28.3264647108157
20
4.79319258876711
30
0
41
1
10
27.9941964616149
20
4.827369129608
30
0
41
1
10
27.7359892972367
20
4.85482027497062
30
0
41
1
10
27.4782089041279
20
4.88254969996851
30
0
41
1
10
27.1472775774001
20
4.91857227978409
30
0
41
1
10
26.8898684917587
20
4.94668334300312
30
0
41
1
10
26.7427868500328
20
4.9628119550469
30
0
0
SPLINE
5
214
100
AcDbEntity
8
1
62
256
6
ByLayer
370
18
48
1
60
0
100
AcDbSpline
70
4
71
3
72
13
73
9
40
0
40
0
40
0
40
0
40
0.207706357500213
40
0.360902278372192
40
0.459472762700274
40
0.528766589885623
40
0.724512144796694
40
1
40
1
40
1
40
1
41
1
10
35.4156627540904
20
4.7534168726356
30
0
41
1
10
35.2770982423917
20
4.76748083497466
30
0
41
1
10
35.0363132408019
20
4.79205524050749
30
0
41
1
10
34.7297106314469
20
4.82363974173765
30
0
41
1
10
34.5154560596864
20
4.84586442721513
30
0
41
1
10
34.2727956218412
20
4.87113195247201
30
0
41
1
10
33.9119948443391
20
4.91002953159656
30
0
41
1
10
33.5975589194945
20
4.94429193558739
30
0
41
1
10
33.4137521850727
20
4.96461463179574
30
0
0
SPLINE
5
215
100
AcDbEntity
8
1
62
256
6
ByLayer
370
18
48
1
60
0
100
AcDbSpline
70
4
71
3
72
8
73
4
40
0
40
0
40
0
40
0
40
1
40
1
40
1
40
1
41
1
10
26.7428455421203
20
0.699677725367081
30
0
41
1
10
26.7275566747536
20
0.713235736374344
30
0
41
1
10
26.7122717007455
20
0.72681794929585
30
0
41
1
10
26.6969906128336
20
0.740424355078289
30
0
0
SPLINE
5
216
100
AcDbEntity
8
1
62
256
6
ByLayer
370
18
48
1
60
0
100
AcDbSpline
70
4
71
1
72
4
73
2
40
0
40
0
40
1
40
1
41
1
10
26.6969906128336
20
0.740424355078289
30
0
41
1
10
26.66681247822
20
0.76653551607194
30
0
0
SPLINE
5
217
100
AcDbEntity
8
1
62
256
6
ByLayer
370
18
48
1
60
0
100
AcDbSpline
70
4
71
1
72
4
73
2
40
0
40
0
40
1
40
1
41
1
10
14.1625135038981
20
4.47667725417128
30
0
41
1
10
13.0002598328765
20
4.72266640395102
30
0
0
LINE
5
7B
100
AcDbEntity
8
80
62
256
6
ByLayer
370
18
48
1
60
0
100
AcDbLine
10
0
20
0
30
0
11
-5
21
0
31
0
39
0
210
0
220
0
230
1
0
LINE
5
7C
100
AcDbEntity
8
SK4
62
256
6
ByLayer
370
18
48
0.05
60
0
100
AcDbLine
10
-40
20
0
30
0
11
47
21
0
31
0
39
0
210
0
220
0
230
1
0
LINE
5
7E
100
AcDbEntity
8
4
62
256
6
ByLayer
370
18
48
0.05
60
0
100
AcDbLine
10
0
20
0
30
0
11
47
21
0
31
0
39
0
210
0
220
0
230
1
0
LINE
5
80
100
AcDbEntity
8
81
62
256
6
ByLayer
370
18
48
1
60
0
100
AcDbLine
10
47
20
0
30
0
11
52
21
0
31
0
39
0
210
0
220
0
230
1
0
LINE
5
81
100
AcDbEntity
8
1
62
256
6
ByLayer
370
18
48
1
60
0
100
AcDbLine
10
46.870004
20
0.460209
30
0
11
46.86963
21
0.457456
31
0
39
0
210
0
220
0
230
1
0
LINE
5
82
100
AcDbEntity
8
1
62
256
6
ByLayer
370
18
48
1
60
0
100
AcDbLine
10
0
20
5
30
0
11
0
21
0
31
0
39
0
210
0
220
0
230
1
0
LINE
5
83
100
AcDbEntity
8
1
62
256
6
ByLayer
370
18
48
1
60
0
100
AcDbLine
10
0
20
0
30
0
11
0
21
-5
31
0
39
0
210
0
220
0
230
1
0
LINE
5
84
100
AcDbEntity
8
1
62
256
6
ByLayer
370
18
48
1
60
0
100
AcDbLine
10
46.866869
20
0.44154
30
0
11
46.764
21
-0.147065
31
0
39
0
210
0
220
0
230
1
0
LINE
5
85
100
AcDbEntity
8
1
62
256
6
ByLayer
370
18
48
1
60
0
100
AcDbLine
10
46.836128
20
0.462321
30
0
11
46.972082
21
1.243218
31
0
39
0
210
0
220
0
230
1
0
LINE
5
86
100
AcDbEntity
8
1
62
256
6
ByLayer
370
18
48
1
60
0
100
AcDbLine
10
46.468791
20
-1.031804
30
0
11
46.764
21
-0.147065
31
0
39
0
210
0
220
0
230
1
0
LINE
5
87
100
AcDbEntity
8
1
62
256
6
ByLayer
370
18
48
1
60
0
100
AcDbLine
10
46.764
20
-0.147065
30
0
11
46.836128
21
0.462321
31
0
39
0
210
0
220
0
230
1
0
LINE
5
88
100
AcDbEntity
8
1
62
256
6
ByLayer
370
18
48
1
60
0
100
AcDbLine
10
46.202973
20
0.275423
30
0
11
46.836128
21
0.462321
31
0
39
0
210
0
220
0
230
1
0
LINE
5
89
100
AcDbEntity
8
1
62
256
6
ByLayer
370
18
48
1
60
0
100
AcDbLine
10
46.958753
20
-3.618011
30
0
11
46.972082
21
-3.829693
31
0
39
0
210
0
220
0
230
1
0
LINE
5
8A
100
AcDbEntity
8
1
62
256
6
ByLayer
370
18
48
1
60
0
100
AcDbLine
10
46.867288
20
2.483128
30
0
11
46.972082
21
4.457973
31
0
39
0
210
0
220
0
230
1
0
LINE
5
8B
100
AcDbEntity
8
1
62
256
6
ByLayer
370
18
48
1
60
0
100
AcDbLine
10
46.866869
20
-4.141519
30
0
11
46.845487
21
-3.797243
31
0
39
0
210
0
220
0
230
1
0
LINE
5
8C
100
AcDbEntity
8
1
62
256
6
ByLayer
370
13
48
1
60
0
100
AcDbLine
10
46.166758
20
0.291282
30
0
11
46.202973
21
0.275423
31
0
39
0
210
0
220
0
230
1
0
LINE
5
8D
100
AcDbEntity
8
1
62
256
6
ByLayer
370
13
48
1
60
0
100
AcDbLine
10
44.87603
20
-2.866976
30
0
11
44.327559
21
-3.604469
31
0
39
0
210
0
220
0
230
1
0
LINE
5
8E
100
AcDbEntity
8
1
62
256
6
ByLayer
370
18
48
1
60
0
100
AcDbLine
10
46.764
20
-1.370124
30
0
11
46.836128
21
-1.463384
31
0
39
0
210
0
220
0
230
1
0
LINE
5
8F
100
AcDbEntity
8
1
62
256
6
ByLayer
370
18
48
1
60
0
100
AcDbLine
10
46.836128
20
-1.463384
30
0
11
46.972082
21
-3.532032
31
0
39
0
210
0
220
0
230
1
0
LINE
5
90
100
AcDbEntity
8
1
62
256
6
ByLayer
370
18
48
1
60
0
100
AcDbLine
10
46.866869
20
-2.946952
30
0
11
46.764
21
-1.370124
31
0
39
0
210
0
220
0
230
1
0
LINE
5
91
100
AcDbEntity
8
1
62
256
6
ByLayer
370
18
48
1
60
0
100
AcDbLine
10
46.468791
20
-1.121401
30
0
11
46.764
21
-1.370124
31
0
39
0
210
0
220
0
230
1
0
LINE
5
92
100
AcDbEntity
8
1
62
256
6
ByLayer
370
18
48
1
60
0
100
AcDbLine
10
46.840401
20
0.83632
30
0
11
46.972082
21
1.7386
31
0
39
0
210
0
220
0
230
1
0
LINE
5
93
100
AcDbEntity
8
1
62
256
6
ByLayer
370
13
48
1
60
0
100
AcDbLine
10
45.183267
20
1.428562
30
0
11
46.177127
21
0.712975
31
0
39
0
210
0
220
0
230
1
0
LINE
5
94
100
AcDbEntity
8
1
62
256
6
ByLayer
370
18
48
1
60
0
100
AcDbLine
10
46.840401
20
0.83632
30
0
11
46.177127
21
0.712975
31
0
39
0
210
0
220
0
230
1
0
LINE
5
95
100
AcDbEntity
8
1
62
256
6
ByLayer
370
18
48
1
60
0
100
AcDbLine
10
13
20
4.722721
30
0
11
13
21
4.719709
31
0
39
0
210
0
220
0
230
1
0
LINE
5
96
100
AcDbEntity
8
1
62
256
6
ByLayer
370
18
48
1
60
0
100
AcDbLine
10
11.775054
20
3.338977
30
0
11
11.792913
21
3.338977
31
0
39
0
210
0
220
0
230
1
0
LINE
5
97
100
AcDbEntity
8
1
62
256
6
ByLayer
370
18
48
1
60
0
100
AcDbLine
10
11.775054
20
-2.399113
30
0
11
11.792913
21
-2.399113
31
0
39
0
210
0
220
0
230
1
0
LINE
5
98
100
AcDbEntity
8
1
62
256
6
ByLayer
370
13
48
1
60
0
100
AcDbLine
10
1.997679
20
-4.75
30
0
11
1.997679
21
0
31
0
39
0
210
0
220
0
230
1
0
LINE
5
99
100
AcDbEntity
8
1
62
256
6
ByLayer
370
13
48
1
60
0
100
AcDbLine
10
1.997679
20
0
30
0
11
1.997679
21
4.75
31
0
39
0
210
0
220
0
230
1
0
LINE
5
9A
100
AcDbEntity
8
1
62
256
6
ByLayer
370
13
48
1
60
0
100
AcDbLine
10
1.497679
20
4.883975
30
0
11
1.497679
21
0
31
0
39
0
210
0
220
0
230
1
0
LINE
5
9B
100
AcDbEntity
8
1
62
256
6
ByLayer
370
13
48
1
60
0
100
AcDbLine
10
1.497679
20
0
30
0
11
1.497679
21
-4.883975
31
0
39
0
210
0
220
0
230
1
0
LINE
5
9C
100
AcDbEntity
8
1
62
256
6
ByLayer
370
18
48
1
60
0
100
AcDbLine
10
1.296717
20
5
30
0
11
1.296717
21
0
31
0
39
0
210
0
220
0
230
1
0
LINE
5
9D
100
AcDbEntity
8
1
62
256
6
ByLayer
370
18
48
1
60
0
100
AcDbLine
10
1.296717
20
0
30
0
11
1.296717
21
-5
31
0
39
0
210
0
220
0
230
1
0
LINE
5
9E
100
AcDbEntity
8
SK1
62
256
6
ByLayer
370
18
48
1
60
0
100
AcDbLine
10
0
20
5
30
0
11
0
21
0
31
0
39
0
210
0
220
0
230
1
0
LINE
5
A0
100
AcDbEntity
8
SK1
62
256
6
ByLayer
370
18
48
1
60
0
100
AcDbLine
10
0
20
0
30
0
11
0
21
-5
31
0
39
0
210
0
220
0
230
1
0
LINE
5
A1
100
AcDbEntity
8
SK1
62
256
6
ByLayer
370
18
48
1
60
0
100
AcDbLine
10
-23.5
20
3.5
30
0
11
-25
21
5
31
0
39
0
210
0
220
0
230
1
0
LINE
5
A2
100
AcDbEntity
8
SK1
62
256
6
ByLayer
370
18
48
1
60
0
100
AcDbLine
10
-16.5
20
3.5
30
0
11
-15
21
5
31
0
39
0
210
0
220
0
230
1
0
LINE
5
A3
100
AcDbEntity
8
SK1
62
256
6
ByLayer
370
18
48
1
60
0
100
AcDbLine
10
-23.5
20
3.5
30
0
11
-16.5
21
3.5
31
0
39
0
210
0
220
0
230
1
0
LINE
5
A4
100
AcDbEntity
8
SK1
62
256
6
ByLayer
370
18
48
1
60
0
100
AcDbLine
10
-39.4
20
5
30
0
11
-39.4
21
-5
31
0
39
0
210
0
220
0
230
1
0
LINE
5
A5
100
AcDbEntity
8
SK1
62
256
6
ByLayer
370
18
48
1
60
0
100
AcDbLine
10
-40
20
-4.4
30
0
11
-40
21
4.4
31
0
39
0
210
0
220
0
230
1
0
LINE
5
A6
100
AcDbEntity
8
1
62
256
6
ByLayer
370
18
48
1
60
0
100
AcDbLine
10
1.296717
20
5
30
0
11
0
21
5
31
0
39
0
210
0
220
0
230
1
0
LINE
5
A7
100
AcDbEntity
8
1
62
256
6
ByLayer
370
18
48
1
60
0
100
AcDbLine
10
0
20
-5
30
0
11
1.296717
21
-5
31
0
39
0
210
0
220
0
230
1
0
LINE
5
A8
100
AcDbEntity
8
1
62
256
6
ByLayer
370
18
48
1
60
0
100
AcDbLine
10
12.731752
20
4.75
30
0
11
12.143496
21
4.75
31
0
39
0
210
0
220
0
230
1
0
LINE
5
A9
100
AcDbEntity
8
1
62
256
6
ByLayer
370
18
48
1
60
0
100
AcDbLine
10
9.908328
20
4.75
30
0
11
1.997679
21
4.75
31
0
39
0
210
0
220
0
230
1
0
LINE
5
AA
100
AcDbEntity
8
1
62
256
6
ByLayer
370
18
48
1
60
0
100
AcDbLine
10
1.997679
20
-4.75
30
0
11
11.121128
21
-4.75
31
0
39
0
210
0
220
0
230
1
0
LINE
5
AB
100
AcDbEntity
8
1
62
256
6
ByLayer
370
18
48
1
60
0
100
AcDbLine
10
1.497679
20
4.883975
30
0
11
1.296717
21
5
31
0
39
0
210
0
220
0
230
1
0
LINE
5
AC
100
AcDbEntity
8
1
62
256
6
ByLayer
370
18
48
1
60
0
100
AcDbLine
10
1.296717
20
-5
30
0
11
1.497679
21
-4.883975
31
0
39
0
210
0
220
0
230
1
0
LINE
5
AD
100
AcDbEntity
8
SK1
62
256
6
ByLayer
370
18
48
1
60
0
100
AcDbLine
10
0
20
5
30
0
11
-15
21
5
31
0
39
0
210
0
220
0
230
1
0
LINE
5
AE
100
AcDbEntity
8
SK1
62
256
6
ByLayer
370
18
48
1
60
0
100
AcDbLine
10
-25
20
5
30
0
11
-39.4
21
5
31
0
39
0
210
0
220
0
230
1
0
LINE
5
AF
100
AcDbEntity
8
SK1
62
256
6
ByLayer
370
18
48
1
60
0
100
AcDbLine
10
-39.4
20
-5
30
0
11
0
21
-5
31
0
39
0
210
0
220
0
230
1
0
LINE
5
B0
100
AcDbEntity
8
SK1
62
256
6
ByLayer
370
18
48
1
60
0
100
AcDbLine
10
-40
20
-4.4
30
0
11
-39.4
21
-5
31
0
39
0
210
0
220
0
230
1
0
LINE
5
B1
100
AcDbEntity
8
SK1
62
256
6
ByLayer
370
18
48
1
60
0
100
AcDbLine
10
-39.4
20
5
30
0
11
-40
21
4.4
31
0
39
0
210
0
220
0
230
1
0
LINE
5
B2
100
AcDbEntity
8
SK2
62
256
6
ByLayer
370
18
48
1
60
0
100
AcDbLine
10
-47.65
20
5
30
0
11
-47.65
21
-23.056066
31
0
39
0
210
0
220
0
230
1
0
LINE
5
B4
100
AcDbEntity
8
SK2
62
256
6
ByLayer
370
18
48
1
60
0
100
AcDbLine
10
-40.9875
20
5
30
0
11
-49.65
21
5
31
0
39
0
210
0
220
0
230
1
0
LINE
5
B5
100
AcDbEntity
8
SK2
62
256
6
ByLayer
370
18
48
1
60
0
100
AcDbLine
10
-40.9875
20
-5
30
0
11
-49.65
21
-5
31
0
39
0
210
0
220
0
230
1
0
LINE
5
B6
100
AcDbEntity
8
1
62
256
6
ByLayer
370
18
48
1
60
1
100
AcDbLine
10
-47.65
20
5
30
0
11
-47.189216
21
1.500002
31
0
39
0
210
0
220
0
230
1
0
LINE
5
B7
100
AcDbEntity
8
1
62
256
6
ByLayer
370
18
48
1
60
1
100
AcDbLine
10
-47.189216
20
1.500002
30
0
11
-48.110784
21
1.499998
31
0
39
0
210
0
220
0
230
1
0
LINE
5
B8
100
AcDbEntity
8
1
62
256
6
ByLayer
370
18
48
1
60
1
100
AcDbLine
10
-48.110784
20
1.499998
30
0
11
-47.65
21
5
31
0
39
0
210
0
220
0
230
1
0
LINE
5
B9
100
AcDbEntity
8
1
62
256
6
ByLayer
370
18
48
1
60
1
100
AcDbLine
10
-47.65
20
-5
30
0
11
-48.110784
21
-1.500002
31
0
39
0
210
0
220
0
230
1
0
LINE
5
BA
100
AcDbEntity
8
1
62
256
6
ByLayer
370
18
48
1
60
1
100
AcDbLine
10
-48.110784
20
-1.500002
30
0
11
-47.189216
21
-1.499998
31
0
39
0
210
0
220
0
230
1
0
LINE
5
BB
100
AcDbEntity
8
1
62
256
6
ByLayer
370
18
48
1
60
1
100
AcDbLine
10
-47.189216
20
-1.499998
30
0
11
-47.65
21
-5
31
0
39
0
210
0
220
0
230
1
0
LINE
5
BC
100
AcDbEntity
8
SK2
62
256
6
ByLayer
370
13
48
1
60
0
100
AcDbLine
10
9.598359
20
-4.75
30
0
11
9.598359
21
29.098932
31
0
39
0
210
0
220
0
230
1
0
LINE
5
BD
100
AcDbEntity
8
SK2
62
256
6
ByLayer
370
13
48
1
60
0
100
AcDbLine
10
12.711538
20
4.75
30
0
11
7.598359
21
4.75
31
0
39
0
210
0
220
0
230
1
0
LINE
5
BE
100
AcDbEntity
8
SK2
62
256
6
ByLayer
370
13
48
1
60
0
100
AcDbLine
10
12.711538
20
-4.75
30
0
11
7.598359
21
-4.75
31
0
39
0
210
0
220
0
230
1
0
LINE
5
BF
100
AcDbEntity
8
1
62
256
6
ByLayer
370
18
48
1
60
1
100
AcDbLine
10
9.598359
20
4.75
30
0
11
10.059142
21
1.250002
31
0
39
0
210
0
220
0
230
1
0
LINE
5
C0
100
AcDbEntity
8
1
62
256
6
ByLayer
370
18
48
1
60
1
100
AcDbLine
10
10.059142
20
1.250002
30
0
11
9.137575
21
1.249998
31
0
39
0
210
0
220
0
230
1
0
LINE
5
C1
100
AcDbEntity
8
1
62
256
6
ByLayer
370
18
48
1
60
1
100
AcDbLine
10
9.137575
20
1.249998
30
0
11
9.598359
21
4.75
31
0
39
0
210
0
220
0
230
1
0
LINE
5
C2
100
AcDbEntity
8
1
62
256
6
ByLayer
370
18
48
1
60
1
100
AcDbLine
10
9.598359
20
-4.75
30
0
11
9.137575
21
-1.250002
31
0
39
0
210
0
220
0
230
1
0
LINE
5
C3
100
AcDbEntity
8
1
62
256
6
ByLayer
370
18
48
1
60
1
100
AcDbLine
10
9.137575
20
-1.250002
30
0
11
10.059142
21
-1.249998
31
0
39
0
210
0
220
0
230
1
0
LINE
5
C4
100
AcDbEntity
8
1
62
256
6
ByLayer
370
18
48
1
60
1
100
AcDbLine
10
10.059142
20
-1.249998
30
0
11
9.598359
21
-4.75
31
0
39
0
210
0
220
0
230
1
0
LINE
5
C5
100
AcDbEntity
8
2
62
256
6
ByLayer
370
13
48
1
60
0
100
AcDbLine
10
59
20
-5
30
0
11
59
21
23.056066
31
0
39
0
210
0
220
0
230
1
0
LINE
5
C7
100
AcDbEntity
8
2
62
256
6
ByLayer
370
13
48
1
60
0
100
AcDbLine
10
16.5875
20
5
30
0
11
61
21
5
31
0
39
0
210
0
220
0
230
1
0
LINE
5
C8
100
AcDbEntity
8
2
62
256
6
ByLayer
370
13
48
1
60
0
100
AcDbLine
10
16.5875
20
-5
30
0
11
61
21
-5
31
0
39
0
210
0
220
0
230
1
0
LINE
5
C9
100
AcDbEntity
8
1
62
256
6
ByLayer
370
18
48
1
60
1
100
AcDbLine
10
59
20
5
30
0
11
59.460784
21
1.500002
31
0
39
0
210
0
220
0
230
1
0
LINE
5
CA
100
AcDbEntity
8
1
62
256
6
ByLayer
370
18
48
1
60
1
100
AcDbLine
10
59.460784
20
1.500002
30
0
11
58.539216
21
1.499998
31
0
39
0
210
0
220
0
230
1
0
LINE
5
CB
100
AcDbEntity
8
1
62
256
6
ByLayer
370
18
48
1
60
1
100
AcDbLine
10
58.539216
20
1.499998
30
0
11
59
21
5
31
0
39
0
210
0
220
0
230
1
0
LINE
5
CC
100
AcDbEntity
8
1
62
256
6
ByLayer
370
18
48
1
60
1
100
AcDbLine
10
59
20
-5
30
0
11
58.539216
21
-1.500002
31
0
39
0
210
0
220
0
230
1
0
LINE
5
CD
100
AcDbEntity
8
1
62
256
6
ByLayer
370
18
48
1
60
1
100
AcDbLine
10
58.539216
20
-1.500002
30
0
11
59.460784
21
-1.499998
31
0
39
0
210
0
220
0
230
1
0
LINE
5
CE
100
AcDbEntity
8
1
62
256
6
ByLayer
370
18
48
1
60
1
100
AcDbLine
10
59.460784
20
-1.499998
30
0
11
59
21
-5
31
0
39
0
210
0
220
0
230
1
0
LINE
5
CF
100
AcDbEntity
8
SK2
62
256
6
ByLayer
370
18
48
1
60
0
100
AcDbLine
10
47
20
-54.183076
30
0
11
-40
21
-54.183076
31
0
39
0
210
0
220
0
230
1
0
LINE
5
D0
100
AcDbEntity
8
SK2
62
256
6
ByLayer
370
18
48
1
60
0
100
AcDbLine
10
-40
20
-5.9875
30
0
11
-40
21
-56.183076
31
0
39
0
210
0
220
0
230
1
0
LINE
5
D1
100
AcDbEntity
8
SK2
62
256
6
ByLayer
370
18
48
1
60
0
100
AcDbLine
10
47
20
-6.5875
30
0
11
47
21
-56.183076
31
0
39
0
210
0
220
0
230
1
0
LINE
5
D2
100
AcDbEntity
8
1
62
256
6
ByLayer
370
18
48
1
60
1
100
AcDbLine
10
-40
20
-54.183076
30
0
11
-36.500002
21
-53.722292
31
0
39
0
210
0
220
0
230
1
0
LINE
5
D3
100
AcDbEntity
8
1
62
256
6
ByLayer
370
18
48
1
60
1
100
AcDbLine
10
-36.500002
20
-53.722292
30
0
11
-36.499998
21
-54.64386
31
0
39
0
210
0
220
0
230
1
0
LINE
5
D4
100
AcDbEntity
8
1
62
256
6
ByLayer
370
18
48
1
60
1
100
AcDbLine
10
-36.499998
20
-54.64386
30
0
11
-40
21
-54.183076
31
0
39
0
210
0
220
0
230
1
0
LINE
5
D5
100
AcDbEntity
8
1
62
256
6
ByLayer
370
18
48
1
60
1
100
AcDbLine
10
47
20
-54.183076
30
0
11
43.500002
21
-54.64386
31
0
39
0
210
0
220
0
230
1
0
LINE
5
D6
100
AcDbEntity
8
1
62
256
6
ByLayer
370
18
48
1
60
1
100
AcDbLine
10
43.500002
20
-54.64386
30
0
11
43.499998
21
-53.722292
31
0
39
0
210
0
220
0
230
1
0
LINE
5
D7
100
AcDbEntity
8
1
62
256
6
ByLayer
370
18
48
1
60
1
100
AcDbLine
10
43.499998
20
-53.722292
30
0
11
47
21
-54.183076
31
0
39
0
210
0
220
0
230
1
0
LINE
5
D8
100
AcDbEntity
8
SK2
62
256
6
ByLayer
370
13
48
1
60
0
100
AcDbLine
10
46.850841
20
-4.856246
30
0
11
59.461333
21
-17.661018
31
0
39
0
210
0
220
0
230
1
0
LINE
5
D9
100
AcDbEntity
8
1
62
256
6
ByLayer
370
18
48
1
60
1
100
AcDbLine
10
46.850841
20
-4.856246
30
0
11
49.635027
21
-7.026641
31
0
39
0
210
0
220
0
230
1
0
LINE
5
DA
100
AcDbEntity
8
1
62
256
6
ByLayer
370
18
48
1
60
1
100
AcDbLine
10
49.635027
20
-7.026641
30
0
11
48.978421
21
-7.673289
31
0
39
0
210
0
220
0
230
1
0
LINE
5
DB
100
AcDbEntity
8
1
62
256
6
ByLayer
370
18
48
1
60
1
100
AcDbLine
10
48.978421
20
-7.673289
30
0
11
46.850841
21
-4.856246
31
0
39
0
210
0
220
0
230
1
0
LINE
5
21C
100
AcDbEntity
8
1
62
256
6
ByLayer
370
18
48
1
60
1
100
AcDbLine
10
-47.65
20
5
30
0
11
-47.189216
21
1.500002
31
0
39
0
210
0
220
0
230
1
0
LINE
5
21D
100
AcDbEntity
8
1
62
256
6
ByLayer
370
18
48
1
60
1
100
AcDbLine
10
-47.189216
20
1.500002
30
0
11
-48.110784
21
1.499998
31
0
39
0
210
0
220
0
230
1
0
LINE
5
21E
100
AcDbEntity
8
1
62
256
6
ByLayer
370
18
48
1
60
1
100
AcDbLine
10
-48.110784
20
1.499998
30
0
11
-47.65
21
5
31
0
39
0
210
0
220
0
230
1
0
LINE
5
220
100
AcDbEntity
8
1
62
256
6
ByLayer
370
18
48
1
60
1
100
AcDbLine
10
-47.65
20
-5
30
0
11
-48.110784
21
-1.500002
31
0
39
0
210
0
220
0
230
1
0
LINE
5
221
100
AcDbEntity
8
1
62
256
6
ByLayer
370
18
48
1
60
1
100
AcDbLine
10
-48.110784
20
-1.500002
30
0
11
-47.189216
21
-1.499998
31
0
39
0
210
0
220
0
230
1
0
LINE
5
222
100
AcDbEntity
8
1
62
256
6
ByLayer
370
18
48
1
60
1
100
AcDbLine
10
-47.189216
20
-1.499998
30
0
11
-47.65
21
-5
31
0
39
0
210
0
220
0
230
1
0
LINE
5
226
100
AcDbEntity
8
1
62
256
6
ByLayer
370
18
48
1
60
1
100
AcDbLine
10
9.598359
20
4.75
30
0
11
10.059142
21
1.250002
31
0
39
0
210
0
220
0
230
1
0
LINE
5
227
100
AcDbEntity
8
1
62
256
6
ByLayer
370
18
48
1
60
1
100
AcDbLine
10
10.059142
20
1.250002
30
0
11
9.137575
21
1.249998
31
0
39
0
210
0
220
0
230
1
0
LINE
5
228
100
AcDbEntity
8
1
62
256
6
ByLayer
370
18
48
1
60
1
100
AcDbLine
10
9.137575
20
1.249998
30
0
11
9.598359
21
4.75
31
0
39
0
210
0
220
0
230
1
0
LINE
5
22A
100
AcDbEntity
8
1
62
256
6
ByLayer
370
18
48
1
60
1
100
AcDbLine
10
9.598359
20
-4.75
30
0
11
9.137575
21
-1.250002
31
0
39
0
210
0
220
0
230
1
0
LINE
5
22B
100
AcDbEntity
8
1
62
256
6
ByLayer
370
18
48
1
60
1
100
AcDbLine
10
9.137575
20
-1.250002
30
0
11
10.059142
21
-1.249998
31
0
39
0
210
0
220
0
230
1
0
LINE
5
22C
100
AcDbEntity
8
1
62
256
6
ByLayer
370
18
48
1
60
1
100
AcDbLine
10
10.059142
20
-1.249998
30
0
11
9.598359
21
-4.75
31
0
39
0
210
0
220
0
230
1
0
LINE
5
230
100
AcDbEntity
8
1
62
256
6
ByLayer
370
18
48
1
60
1
100
AcDbLine
10
59
20
5
30
0
11
59.460784
21
1.500002
31
0
39
0
210
0
220
0
230
1
0
LINE
5
231
100
AcDbEntity
8
1
62
256
6
ByLayer
370
18
48
1
60
1
100
AcDbLine
10
59.460784
20
1.500002
30
0
11
58.539216
21
1.499998
31
0
39
0
210
0
220
0
230
1
0
LINE
5
232
100
AcDbEntity
8
1
62
256
6
ByLayer
370
18
48
1
60
1
100
AcDbLine
10
58.539216
20
1.499998
30
0
11
59
21
5
31
0
39
0
210
0
220
0
230
1
0
LINE
5
234
100
AcDbEntity
8
1
62
256
6
ByLayer
370
18
48
1
60
1
100
AcDbLine
10
59
20
-5
30
0
11
58.539216
21
-1.500002
31
0
39
0
210
0
220
0
230
1
0
LINE
5
235
100
AcDbEntity
8
1
62
256
6
ByLayer
370
18
48
1
60
1
100
AcDbLine
10
58.539216
20
-1.500002
30
0
11
59.460784
21
-1.499998
31
0
39
0
210
0
220
0
230
1
0
LINE
5
236
100
AcDbEntity
8
1
62
256
6
ByLayer
370
18
48
1
60
1
100
AcDbLine
10
59.460784
20
-1.499998
30
0
11
59
21
-5
31
0
39
0
210
0
220
0
230
1
0
LINE
5
239
100
AcDbEntity
8
1
62
256
6
ByLayer
370
18
48
1
60
1
100
AcDbLine
10
-40
20
-54.183076
30
0
11
-36.500002
21
-53.722292
31
0
39
0
210
0
220
0
230
1
0
LINE
5
23A
100
AcDbEntity
8
1
62
256
6
ByLayer
370
18
48
1
60
1
100
AcDbLine
10
-36.500002
20
-53.722292
30
0
11
-36.499998
21
-54.64386
31
0
39
0
210
0
220
0
230
1
0
LINE
5
23B
100
AcDbEntity
8
1
62
256
6
ByLayer
370
18
48
1
60
1
100
AcDbLine
10
-36.499998
20
-54.64386
30
0
11
-40
21
-54.183076
31
0
39
0
210
0
220
0
230
1
0
LINE
5
23D
100
AcDbEntity
8
1
62
256
6
ByLayer
370
18
48
1
60
1
100
AcDbLine
10
47
20
-54.183076
30
0
11
43.500002
21
-54.64386
31
0
39
0
210
0
220
0
230
1
0
LINE
5
23E
100
AcDbEntity
8
1
62
256
6
ByLayer
370
18
48
1
60
1
100
AcDbLine
10
43.500002
20
-54.64386
30
0
11
43.499998
21
-53.722292
31
0
39
0
210
0
220
0
230
1
0
LINE
5
23F
100
AcDbEntity
8
1
62
256
6
ByLayer
370
18
48
1
60
1
100
AcDbLine
10
43.499998
20
-53.722292
30
0
11
47
21
-54.183076
31
0
39
0
210
0
220
0
230
1
0
LINE
5
243
100
AcDbEntity
8
1
62
256
6
ByLayer
370
18
48
1
60
1
100
AcDbLine
10
46.850841
20
-4.856246
30
0
11
49.635027
21
-7.026641
31
0
39
0
210
0
220
0
230
1
0
LINE
5
244
100
AcDbEntity
8
1
62
256
6
ByLayer
370
18
48
1
60
1
100
AcDbLine
10
49.635027
20
-7.026641
30
0
11
48.978421
21
-7.673289
31
0
39
0
210
0
220
0
230
1
0
LINE
5
245
100
AcDbEntity
8
1
62
256
6
ByLayer
370
18
48
1
60
1
100
AcDbLine
10
48.978421
20
-7.673289
30
0
11
46.850841
21
-4.856246
31
0
39
0
210
0
220
0
230
1
0
MTEXT
5
218
100
AcDbEntity
8
SK2
62
256
6
ByLayer
370
18
48
1
60
0
100
AcDbMText
10
-49.214634
20
-21.121222
30
0
210
0
220
0
230
1
1
%%c
40
3.5
41
0
44
1.084337
50
90
71
7
72
5
7
iso_b_vert
0
MTEXT
5
21B
100
AcDbEntity
8
SK2
62
256
6
ByLayer
370
18
48
1
60
0
100
AcDbMText
10
-49.214634
20
-14.148566
30
0
210
0
220
0
230
1
1
\W0.5321;10
40
3.5
41
0
44
1.084337
50
90
71
7
72
5
7
iso_b_vert
0
MTEXT
5
224
100
AcDbEntity
8
SK2
62
256
6
ByLayer
370
18
48
1
60
0
100
AcDbMText
10
8.033725
20
16.684844
30
0
210
0
220
0
230
1
1
%%c
40
3.5
41
0
44
1.084337
50
90
71
7
72
5
7
iso_b_vert
0
MTEXT
5
225
100
AcDbEntity
8
SK2
62
256
6
ByLayer
370
18
48
1
60
0
100
AcDbMText
10
8.033725
20
23.6575
30
0
210
0
220
0
230
1
1
\W0.7121;9.5
40
3.5
41
0
44
1.084337
50
90
71
7
72
5
7
iso_b_vert
0
MTEXT
5
22E
100
AcDbEntity
8
2
62
256
6
ByLayer
370
18
48
1
60
0
100
AcDbMText
10
57.435366
20
12.934844
30
0
210
0
220
0
230
1
1
%%c
40
3.5
41
0
44
1.084337
50
90
71
7
72
5
7
iso_b_vert
0
MTEXT
5
22F
100
AcDbEntity
8
2
62
256
6
ByLayer
370
18
48
1
60
0
100
AcDbMText
10
57.435366
20
19.9075
30
0
210
0
220
0
230
1
1
\W0.5321;10
40
3.5
41
0
44
1.084337
50
90
71
7
72
5
7
iso_b_vert
0
MTEXT
5
238
100
AcDbEntity
8
SK2
62
256
6
ByLayer
370
18
48
1
60
0
100
AcDbMText
10
1.595034
20
-53.150442
30
0
210
0
220
0
230
1
1
\W0.6740;87
40
3.5
41
0
44
1.084337
50
0
71
7
72
5
7
iso_b_vert
0
MTEXT
5
241
100
AcDbEntity
8
SK2
62
256
6
ByLayer
370
18
48
1
60
0
100
AcDbMText
10
53.756701
20
-10.275446
30
0
210
0
220
0
230
1
1
\W0.6380;R
40
3.5
41
0
44
1.084337
50
314.562027753417
71
7
72
5
7
iso_b_vert
0
MTEXT
5
242
100
AcDbEntity
8
SK2
62
256
6
ByLayer
370
18
48
1
60
0
100
AcDbMText
10
56.341694
20
-12.900263
30
0
210
0
220
0
230
1
1
\W0.7121;0.5
40
3.5
41
0
44
1.084337
50
314.562027753417
71
7
72
5
7
iso_b_vert
0
MTEXT
5
247
100
AcDbEntity
8
SK6
62
256
6
ByLayer
370
18
48
1
60
0
100
AcDbMText
10
-20.686785
20
-62.131536
30
0
210
0
220
0
230
1
1
\W0.7248;2F366-1000-050-TD   1745
40
3
41
0
44
1.084337
50
0
71
7
72
5
7
iso_b_vert
0
HATCH
5
21F
100
AcDbEntity
8
SK2
62
256
6
ByLayer
370
13
48
1
60
0
100
AcDbHatch
10
0
20
0
30
0
210
0
220
0
230
1
2
ANSI31
70
0
71
0
91
1
92
5
93
3
72
1
10
-47.65
20
5
11
-47.1892162584473
21
1.50000169255318
72
1
10
-47.1892162584473
20
1.50000169255318
11
-48.1107837415528
21
1.49999830744682
72
1
10
-48.1107837415528
20
1.49999830744682
11
-47.65
21
5
97
0
75
0
76
1
52
0
41
0.0062
77
0
78
1
53
45
43
0
44
0
45
-0.0139193969876572
46
0.0139193969876572
79
0
47
0
98
1
10
0
20
0
0
HATCH
5
223
100
AcDbEntity
8
SK2
62
256
6
ByLayer
370
13
48
1
60
0
100
AcDbHatch
10
0
20
0
30
0
210
0
220
0
230
1
2
ANSI31
70
0
71
0
91
1
92
5
93
3
72
1
10
-47.65
20
-5
11
-48.1107837415528
21
-1.50000169255318
72
1
10
-48.1107837415528
20
-1.50000169255318
11
-47.1892162584473
21
-1.49999830744682
72
1
10
-47.1892162584473
20
-1.49999830744682
11
-47.65
21
-5
97
0
75
0
76
1
52
0
41
0.0062
77
0
78
1
53
45
43
0
44
0
45
-0.0139193969876572
46
0.0139193969876572
79
0
47
0
98
1
10
0
20
0
0
HATCH
5
229
100
AcDbEntity
8
SK2
62
256
6
ByLayer
370
13
48
1
60
0
100
AcDbHatch
10
0
20
0
30
0
210
0
220
0
230
1
2
ANSI31
70
0
71
0
91
1
92
5
93
3
72
1
10
9.59835851391875
20
4.74999999999994
11
10.0591422554715
21
1.25000169255313
72
1
10
10.0591422554715
20
1.25000169255313
11
9.13757477236598
21
1.24999830744676
72
1
10
9.13757477236598
20
1.24999830744676
11
9.59835851391875
21
4.74999999999994
97
0
75
0
76
1
52
0
41
0.0062
77
0
78
1
53
45
43
0
44
0
45
-0.0139193969876572
46
0.0139193969876572
79
0
47
0
98
1
10
0
20
0
0
HATCH
5
22D
100
AcDbEntity
8
SK2
62
256
6
ByLayer
370
13
48
1
60
0
100
AcDbHatch
10
0
20
0
30
0
210
0
220
0
230
1
2
ANSI31
70
0
71
0
91
1
92
5
93
3
72
1
10
9.59835851391875
20
-4.75000000000006
11
9.13757477236598
21
-1.25000169255324
72
1
10
9.13757477236598
20
-1.25000169255324
11
10.0591422554715
21
-1.24999830744687
72
1
10
10.0591422554715
20
-1.24999830744687
11
9.59835851391875
21
-4.75000000000006
97
0
75
0
76
1
52
0
41
0.0062
77
0
78
1
53
45
43
0
44
0
45
-0.0139193969876572
46
0.0139193969876572
79
0
47
0
98
1
10
0
20
0
0
HATCH
5
233
100
AcDbEntity
8
2
62
256
6
ByLayer
370
13
48
1
60
0
100
AcDbHatch
10
0
20
0
30
0
210
0
220
0
230
1
2
ANSI31
70
0
71
0
91
1
92
5
93
3
72
1
10
59
20
4.99999999999994
11
59.4607837415528
21
1.50000169255313
72
1
10
59.4607837415528
20
1.50000169255313
11
58.5392162584472
21
1.49999830744676
72
1
10
58.5392162584472
20
1.49999830744676
11
59
21
4.99999999999994
97
0
75
0
76
1
52
0
41
0.0062
77
0
78
1
53
45
43
0
44
0
45
-0.0139193969876572
46
0.0139193969876572
79
0
47
0
98
1
10
0
20
0
0
HATCH
5
237
100
AcDbEntity
8
2
62
256
6
ByLayer
370
13
48
1
60
0
100
AcDbHatch
10
0
20
0
30
0
210
0
220
0
230
1
2
ANSI31
70
0
71
0
91
1
92
5
93
3
72
1
10
59
20
-5.00000000000006
11
58.5392162584472
21
-1.50000169255324
72
1
10
58.5392162584472
20
-1.50000169255324
11
59.4607837415528
21
-1.49999830744687
72
1
10
59.4607837415528
20
-1.49999830744687
11
59
21
-5.00000000000006
97
0
75
0
76
1
52
0
41
0.0062
77
0
78
1
53
45
43
0
44
0
45
-0.0139193969876572
46
0.0139193969876572
79
0
47
0
98
1
10
0
20
0
0
HATCH
5
23C
100
AcDbEntity
8
SK2
62
256
6
ByLayer
370
13
48
1
60
0
100
AcDbHatch
10
0
20
0
30
0
210
0
220
0
230
1
2
ANSI31
70
0
71
0
91
1
92
5
93
3
72
1
10
-40
20
-54.1830759585287
11
-36.5000016925532
21
-53.7222922169759
72
1
10
-36.5000016925532
20
-53.7222922169759
11
-36.4999983074468
21
-54.6438597000814
72
1
10
-36.4999983074468
20
-54.6438597000814
11
-40
21
-54.1830759585287
97
0
75
0
76
1
52
0
41
0.0062
77
0
78
1
53
45
43
0
44
0
45
-0.0139193969876572
46
0.0139193969876572
79
0
47
0
98
1
10
0
20
0
0
HATCH
5
240
100
AcDbEntity
8
SK2
62
256
6
ByLayer
370
13
48
1
60
0
100
AcDbHatch
10
0
20
0
30
0
210
0
220
0
230
1
2
ANSI31
70
0
71
0
91
1
92
5
93
3
72
1
10
47
20
-54.1830759585287
11
43.5000016925532
21
-54.6438597000814
72
1
10
43.5000016925532
20
-54.6438597000814
11
43.4999983074468
21
-53.7222922169759
72
1
10
43.4999983074468
20
-53.7222922169759
11
47
21
-54.1830759585287
97
0
75
0
76
1
52
0
41
0.0062
77
0
78
1
53
45
43
0
44
0
45
-0.0139193969876572
46
0.0139193969876572
79
0
47
0
98
1
10
0
20
0
0
HATCH
5
246
100
AcDbEntity
8
SK2
62
256
6
ByLayer
370
13
48
1
60
0
100
AcDbHatch
10
0
20
0
30
0
210
0
220
0
230
1
2
ANSI31
70
0
71
0
91
1
92
5
93
3
72
1
10
46.8508405050843
20
-4.85624561750617
11
49.6350272301339
21
-7.02664053287691
72
1
10
49.6350272301339
20
-7.02664053287691
11
48.978420851214
21
-7.67328934721945
72
1
10
48.978420851214
20
-7.67328934721945
11
46.8508405050843
21
-4.85624561750617
97
0
75
0
76
1
52
0
41
0.0062
77
0
78
1
53
45
43
0
44
0
45
-0.0139193969876572
46
0.0139193969876572
79
0
47
0
98
1
10
0
20
0
0
DIMENSION
5
24A
100
AcDbEntity
8
SK2
62
256
6
ByLayer
370
18
48
1
60
0
100
AcDbDimension
2
_U0
10
0
20
-44.183076
30
0
11
23.5
21
-44.183076
31
0
70
32
71
1
72
1
41
1
210
0
220
0
230
1
3
Standard
100
AcDbAlignedDimension
13
47
23
-5.05
33
0
14
0
24
0
34
0
50
0
100
AcDbRotatedDimension
1001
ACAD
1000
DSTYLE
1002
{
1070
   371
1070
    13
1070
   372
1070
    13
1070
   170
1070
     0
1070
   144
1040
1.0
1070
   277
1070
     2
1070
   284
1070
     8
1070
   278
1070
    46
1070
   146
1040
1.0
1070
   345
1005
16
1070
   347
1005
16
1070
   346
1005
16
1070
   344
1005
0
1070
   343
1005
0
1070
   172
1070
     1
1070
    76
1070
     0
1070
    75
1070
     0
1070
   282
1070
     0
1070
   281
1070
     0
1070
    71
1070
     0
1070
    74
1070
     0
1070
   279
1070
     0
1070
   173
1070
     1
1070
   340
1005
219
1070
   271
1070
     2
1070
   272
1070
     2
1070
    77
1070
     1
1070
    73
1070
     1
1070
   171
1070
     3
1070
   274
1070
     4
1070
   177
1070
     2
1070
   176
1070
     2
1070
   178
1070
     2
1070
    78
1070
     8
1070
    48
1040
-0.1
1070
    41
1040
3.5
1070
   147
1040
1.75
1070
    42
1040
1.5875
1070
    44
1040
2.0
1070
   140
1040
3.5
1002
}
1001
ACAD_DSTYLE_DIM_LINETYPE
1070
   380
1005
16
1001
ACAD_DSTYLE_DIM_EXT1_LINETYPE
1070
   381
1005
16
1001
ACAD_DSTYLE_DIM_EXT2_LINETYPE
1070
   382
1005
16
0
DIMENSION
5
263
100
AcDbEntity
8
2
62
256
6
ByLayer
370
18
48
1
60
0
100
AcDbDimension
2
_U1
10
15
20
-22.683076
30
0
11
62.798659
21
-22.683076
31
0
70
32
71
1
72
1
41
1
210
0
220
0
230
1
3
Standard
100
AcDbAlignedDimension
13
47
23
-5.05
33
0
14
15
24
-5.05
34
0
50
0
100
AcDbRotatedDimension
1001
ACAD
1000
DSTYLE
1002
{
1070
   371
1070
    13
1070
   372
1070
    13
1070
   170
1070
     0
1070
   144
1040
1.0
1070
   277
1070
     2
1070
   284
1070
     8
1070
   278
1070
    46
1070
   146
1040
1.0
1070
   345
1005
16
1070
   347
1005
16
1070
   346
1005
16
1070
   344
1005
0
1070
   343
1005
0
1070
   172
1070
     1
1070
    76
1070
     0
1070
    75
1070
     0
1070
   282
1070
     0
1070
   281
1070
     0
1070
    71
1070
     0
1070
    74
1070
     0
1070
   279
1070
     0
1070
   173
1070
     1
1070
   340
1005
219
1070
   271
1070
     2
1070
   272
1070
     2
1070
    77
1070
     1
1070
    73
1070
     1
1070
   171
1070
     3
1070
   274
1070
     4
1070
   177
1070
     2
1070
   176
1070
     2
1070
   178
1070
     2
1070
    78
1070
     8
1070
    48
1040
-0.1
1070
    41
1040
3.5
1070
   147
1040
1.75
1070
    42
1040
1.5875
1070
    44
1040
2.0
1070
   140
1040
3.5
1002
}
1001
ACAD_DSTYLE_DIM_LINETYPE
1070
   380
1005
16
1001
ACAD_DSTYLE_DIM_EXT1_LINETYPE
1070
   381
1005
16
1001
ACAD_DSTYLE_DIM_EXT2_LINETYPE
1070
   382
1005
16
0
DIMENSION
5
27C
100
AcDbEntity
8
SK2
62
256
6
ByLayer
370
18
48
1
60
0
100
AcDbDimension
2
_U2
10
1.997679
20
-37.183076
30
0
11
24.498839
21
-37.183076
31
0
70
32
71
1
72
1
41
1
210
0
220
0
230
1
3
Standard
100
AcDbAlignedDimension
13
47
23
-5.05
33
0
14
1.997679
24
-4.75
34
0
50
0
100
AcDbRotatedDimension
1001
ACAD
1000
DSTYLE
1002
{
1070
   371
1070
    13
1070
   372
1070
    13
1070
   170
1070
     0
1070
   144
1040
1.0
1070
   277
1070
     2
1070
   284
1070
     8
1070
   278
1070
    46
1070
   146
1040
1.0
1070
   345
1005
16
1070
   347
1005
16
1070
   346
1005
16
1070
   344
1005
0
1070
   343
1005
0
1070
   172
1070
     1
1070
    76
1070
     0
1070
    75
1070
     0
1070
   282
1070
     0
1070
   281
1070
     0
1070
    71
1070
     0
1070
    74
1070
     0
1070
   279
1070
     0
1070
   173
1070
     1
1070
   340
1005
219
1070
   271
1070
     2
1070
   272
1070
     2
1070
    77
1070
     1
1070
    73
1070
     1
1070
   171
1070
     3
1070
   274
1070
     4
1070
   177
1070
     2
1070
   176
1070
     2
1070
   178
1070
     2
1070
    78
1070
     8
1070
    48
1040
-0.1
1070
    41
1040
3.5
1070
   147
1040
1.75
1070
    42
1040
1.5875
1070
    44
1040
2.0
1070
   140
1040
3.5
1002
}
1001
ACAD_DSTYLE_DIM_LINETYPE
1070
   380
1005
16
1001
ACAD_DSTYLE_DIM_EXT1_LINETYPE
1070
   381
1005
16
1001
ACAD_DSTYLE_DIM_EXT2_LINETYPE
1070
   382
1005
16
0
ENDSEC
0
SECTION
2
OBJECTS
0
DICTIONARY
5
304
330
0
100
AcDbDictionary
280
0
281
1
3
ACAD_GROUP
350
305
3
ACAD_MLINESTYLE
350
306
0
DICTIONARY
5
305
330
0
100
AcDbDictionary
280
0
281
1
0
DICTIONARY
5
306
330
0
100
AcDbDictionary
280
0
281
1
3
Standard
350
18
0
MLINESTYLE
5
18
330
306
100
AcDbMlineStyle
2
Standard
70
0
3

62
256
51
90
52
90
71
2
49
-0.5
62
256
6
ByLayer
49
0.5
62
256
6
ByLayer
0
RASTERVARIABLES
5
2f2
330

100
AcDbRasterVariables
90
0
70
1
71
1
72
1
0
ENDSEC
0
EOF
