0
SECTION
2
HEADER
9
$ACADVER
1
AC1015
9
$DWGCODEPAGE
3
ANSI_1252
9
$HANDSEED
5
2f8
9
$ANGBASE
50
0
9
$ANGDIR
70
0
9
$ATTMODE
70
1
9
$AUNITS
70
0
9
$AUPREC
70
0
9
$CECOLOR
62
256
9
$CELTSCALE
40
1
9
$CELTYPE
6
ByLayer
9
$CELWEIGHT
370
18
9
$CLAYER
8
0
9
$CMLJUST
70
0
9
$CMLSCALE
40
1
9
$CMLSTYLE
2
Standard
9
$DIMSTYLE
2
Standard
9
$TEXTSIZE
40
0.2
9
$TEXTSTYLE
7
Standard
9
$LUNITS
70
2
9
$LUPREC
70
4
9
$EXTNAMES
290
1
9
$INSUNITS
70
4
9
$LTSCALE
40
1
9
$LWDISPLAY
290
1
9
$PDMODE
70
0
9
$PDSIZE
40
0
9
$PLINEGEN
70
0
0
ENDSEC
0
SECTION
2
CLASSES
0
CLASS
1
RASTERVARIABLES
2
AcDbRasterVariables
3
ISM
90
0
280
0
281
0
0
ENDSEC
0
SECTION
2
TABLES
0
TABLE
2
VPORT
5
2ee
100
AcDbSymbolTable
0
VPORT
5
1
100
AcDbSymbolTableRecord
100
AcDbViewportTableRecord
2
*Active
70
0
10
0
20
0
11
1
21
1
12
-1
22
1
13
0
23
0
14
0.5
24
0.5
15
10
25
10
16
0
26
0
36
1
17
0
27
0
37
0
0
ENDTAB
0
TABLE
2
LTYPE
5
2ef
100
AcDbSymbolTable
0
LTYPE
5
14
100
AcDbSymbolTableRecord
100
AcDbLinetypeTableRecord
70
0
2
ByBlock
3

72
65
73
0
40
0
0
LTYPE
5
15
100
AcDbSymbolTableRecord
100
AcDbLinetypeTableRecord
70
0
2
ByLayer
3

72
65
73
0
40
0
0
LTYPE
5
16
100
AcDbSymbolTableRecord
100
AcDbLinetypeTableRecord
70
0
2
Continuous
3
Solid line
72
65
73
0
40
0
0
LTYPE
5
6E
100
AcDbSymbolTableRecord
100
AcDbLinetypeTableRecord
70
0
2
CENTER
3
____ _ ____ _ ____ _ ____
72
65
73
4
40
47.5
49
22
74
0
49
-8.5
74
0
49
8.5
74
0
49
-8.5
74
0
0
LTYPE
5
6F
100
AcDbSymbolTableRecord
100
AcDbLinetypeTableRecord
70
0
2
DASHED
3
__ __ __ __ __ __ __ __ __
72
65
73
2
40
25.72
49
12.86
74
0
49
-12.86
74
0
0
ENDTAB
0
TABLE
2
LAYER
5
2f0
100
AcDbSymbolTable
0
LAYER
5
10
100
AcDbSymbolTableRecord
100
AcDbLayerTableRecord
2
0
70
0
62
7
6
Continuous
290
1
370
-3
390
0
0
LAYER
5
71
100
AcDbSymbolTableRecord
100
AcDbLayerTableRecord
2
80
70
0
62
-6
6
Continuous
290
1
370
-3
390
0
0
LAYER
5
73
100
AcDbSymbolTableRecord
100
AcDbLayerTableRecord
2
81
70
0
62
-3
6
Continuous
290
1
370
-3
390
0
0
LAYER
5
75
100
AcDbSymbolTableRecord
100
AcDbLayerTableRecord
2
1
70
0
62
4
6
Continuous
290
1
370
-3
390
0
0
LAYER
5
7F
100
AcDbSymbolTableRecord
100
AcDbLayerTableRecord
2
4
70
0
62
-2
6
CENTER
290
1
370
-3
390
0
0
LAYER
5
C5
100
AcDbSymbolTableRecord
100
AcDbLayerTableRecord
2
2
70
0
62
7
6
Continuous
290
1
370
-3
390
0
0
LAYER
5
234
100
AcDbSymbolTableRecord
100
AcDbLayerTableRecord
2
Defpoints
70
0
62
7
6
Continuous
290
0
370
-3
390
0
0
LAYER
5
2da
100
AcDbSymbolTableRecord
100
AcDbLayerTableRecord
2
SK4
70
0
62
2
6
CENTER
290
1
370
-3
390
0
0
LAYER
5
2db
100
AcDbSymbolTableRecord
100
AcDbLayerTableRecord
2
SK1
70
0
62
4
6
Continuous
290
1
370
-3
390
0
0
LAYER
5
2dc
100
AcDbSymbolTableRecord
100
AcDbLayerTableRecord
2
SK2
70
0
62
7
6
Continuous
290
1
370
-3
390
0
0
LAYER
5
2dd
100
AcDbSymbolTableRecord
100
AcDbLayerTableRecord
2
SK6
70
0
62
5
6
Continuous
290
1
370
-3
390
0
0
ENDTAB
0
TABLE
2
STYLE
5
2f1
100
AcDbSymbolTable
0
STYLE
5
11
100
AcDbSymbolTableRecord
100
AcDbTextStyleTableRecord
2
Standard
3
txt
70
0
71
0
40
0
41
1
42
0
50
0
0
STYLE
5
200
100
AcDbSymbolTableRecord
100
AcDbTextStyleTableRecord
2
iso_b_vert
3
simplex.shx
70
0
71
0
40
0
41
1
42
0
50
0
0
STYLE
5
201
100
AcDbSymbolTableRecord
100
AcDbTextStyleTableRecord
2
DWGDirectTextStyle
3
simplex
70
0
71
0
40
0
41
1
42
0
50
0
0
ENDTAB
0
TABLE
2
DIMSTYLE
5
2f2
100
AcDbSymbolTable
100
AcDbDimStyleTable
0
DIMSTYLE
105
27
100
AcDbSymbolTableRecord
100
AcDbDimStyleTableRecord
2
Standard
70
0
3
<>
41
0.18
42
0.0625
44
0.18
140
0.18
147
0.09
73
0
74
0
77
1
271
2
275
0
278
52
280
0
340
11
0
ENDTAB
0
TABLE
2
VIEW
5
2f3
100
AcDbSymbolTable
0
ENDTAB
0
TABLE
2
UCS
5
2f4
100
AcDbSymbolTable
0
ENDTAB
0
TABLE
2
APPID
5
2f5
100
AcDbSymbolTable
0
APPID
5
12
100
AcDbSymbolTableRecord
100
AcDbRegAppTableRecord
2
ACAD
70
0
0
APPID
5
230
100
AcDbSymbolTableRecord
100
AcDbRegAppTableRecord
2
ACAD_DSTYLE_DIMBREAK
70
0
0
APPID
5
299
100
AcDbSymbolTableRecord
100
AcDbRegAppTableRecord
2
ACAD_DSTYLE_DIM_LINETYPE
70
0
0
APPID
5
29A
100
AcDbSymbolTableRecord
100
AcDbRegAppTableRecord
2
ACAD_DSTYLE_DIM_EXT1_LINETYPE
70
0
0
APPID
5
29B
100
AcDbSymbolTableRecord
100
AcDbRegAppTableRecord
2
ACAD_DSTYLE_DIM_EXT2_LINETYPE
70
0
0
APPID
5
2D6
100
AcDbSymbolTableRecord
100
AcDbRegAppTableRecord
2
ACAD_MLEADERVER
70
0
0
ENDTAB
0
TABLE
2
BLOCK_RECORD
5
2f6
100
AcDbSymbolTable
0
BLOCK_RECORD
5
1F
100
AcDbSymbolTableRecord
100
AcDbBlockTableRecord
2
*Model_Space
340
0
70
0
0
BLOCK_RECORD
5
1B
100
AcDbSymbolTableRecord
100
AcDbBlockTableRecord
2
*Paper_Space
340
0
70
0
0
BLOCK_RECORD
5
23
100
AcDbSymbolTableRecord
100
AcDbBlockTableRecord
2
*Paper_Space0
340
0
70
0
0
BLOCK_RECORD
5
235
100
AcDbSymbolTableRecord
100
AcDbBlockTableRecord
2
*D1
340
0
70
0
0
BLOCK_RECORD
5
241
100
AcDbSymbolTableRecord
100
AcDbBlockTableRecord
2
_U0
340
0
70
0
0
BLOCK_RECORD
5
24D
100
AcDbSymbolTableRecord
100
AcDbBlockTableRecord
2
*D3
340
0
70
0
0
BLOCK_RECORD
5
25A
100
AcDbSymbolTableRecord
100
AcDbBlockTableRecord
2
_U1
340
0
70
0
0
BLOCK_RECORD
5
266
100
AcDbSymbolTableRecord
100
AcDbBlockTableRecord
2
*D5
340
0
70
0
0
BLOCK_RECORD
5
272
100
AcDbSymbolTableRecord
100
AcDbBlockTableRecord
2
_U2
340
0
70
0
0
ENDTAB
0
ENDSEC
0
SECTION
2
BLOCKS
0
BLOCK
5
20
100
AcDbEntity
8
0
100
AcDbBlockBegin
2
*Model_Space
70
0
10
0
20
0
30
0
3
*Model_Space
0
ENDBLK
5
21
100
AcDbEntity
8
0
100
AcDbBlockEnd
0
BLOCK
5
1C
100
AcDbEntity
8
0
100
AcDbBlockBegin
2
*Paper_Space
70
0
10
0
20
0
30
0
3
*Paper_Space
0
ENDBLK
5
1D
100
AcDbEntity
8
0
100
AcDbBlockEnd
0
BLOCK
5
24
100
AcDbEntity
8
0
100
AcDbBlockBegin
2
*Paper_Space0
70
0
10
0
20
0
30
0
3
*Paper_Space0
0
ENDBLK
5
25
100
AcDbEntity
8
0
100
AcDbBlockEnd
0
BLOCK
5
236
100
AcDbEntity
8
0
100
AcDbBlockBegin
2
*D1
70
1
10
0
20
0
30
0
3
*D1
0
LINE
5
238
100
AcDbEntity
8
0
62
256
6
ByLayer
370
-2
48
1
60
0
100
AcDbLine
10
114
20
-14.1375
30
0
11
114
21
-53.696175
31
0
39
0
210
0
220
0
230
1
0
LINE
5
239
100
AcDbEntity
8
0
62
256
6
ByLayer
370
-2
48
1
60
0
100
AcDbLine
10
0
20
-1.5875
30
0
11
0
21
-53.696175
31
0
39
0
210
0
220
0
230
1
0
LINE
5
23A
100
AcDbEntity
8
0
62
256
6
ByLayer
370
-2
48
1
60
0
100
AcDbLine
10
110.5
20
-51.696175
30
0
11
3.5
21
-51.696175
31
0
39
0
210
0
220
0
230
1
0
SOLID
5
23B
100
AcDbEntity
8
0
62
256
6
ByLayer
370
-1
48
1
60
0
100
AcDbTrace
10
110.5
20
-52.279508
30
0
11
110.5
21
-51.112841
31
0
12
114
22
-51.696175
32
0
13
114
23
-51.696175
33
0
39
0
210
0
220
0
230
1
0
SOLID
5
23C
100
AcDbEntity
8
0
62
256
6
ByLayer
370
-1
48
1
60
0
100
AcDbTrace
10
3.5
20
-51.112841
30
0
11
3.5
21
-52.279508
31
0
12
0
22
-51.696175
32
0
13
0
23
-51.696175
33
0
39
0
210
0
220
0
230
1
0
MTEXT
5
23D
100
AcDbEntity
8
0
62
256
6
ByLayer
370
18
48
1
60
0
100
AcDbMText
10
57
20
-44.696175
30
0
210
0
220
0
230
1
1
\A1;114
40
3.5
41
0
44
1
50
0
71
5
72
5
7
iso_b_vert
0
POINT
5
23E
100
AcDbEntity
8
Defpoints
62
0
6
ByLayer
370
-1
48
1
60
0
100
AcDbPoint
10
114
20
-12.55
30
0
39
0
210
0
220
0
230
1
50
360
0
POINT
5
23F
100
AcDbEntity
8
Defpoints
62
0
6
ByLayer
370
-1
48
1
60
0
100
AcDbPoint
10
0
20
0
30
0
39
0
210
0
220
0
230
1
50
360
0
POINT
5
240
100
AcDbEntity
8
Defpoints
62
0
6
ByLayer
370
-1
48
1
60
0
100
AcDbPoint
10
0
20
-51.696175
30
0
39
0
210
0
220
0
230
1
50
360
0
ENDBLK
5
237
100
AcDbEntity
8
0
100
AcDbBlockEnd
0
BLOCK
5
248
100
AcDbEntity
8
0
100
AcDbBlockBegin
2
_U0
70
0
10
0
20
0
30
0
3
_U0
0
MTEXT
5
242
100
AcDbEntity
8
SK2
62
256
6
ByLayer
370
18
48
1
60
0
100
AcDbMText
10
54.4779
20
-50.663541
30
0
210
0
220
0
230
1
1
\W0.5601;114
40
3.5
41
0
44
1.084337
50
0
71
7
72
5
7
iso_b_vert
0
LINE
5
243
100
AcDbEntity
8
SK2
62
256
6
ByLayer
370
13
48
1
60
0
100
AcDbLine
10
114
20
-14.1375
30
0
11
114
21
-53.696175
31
0
39
0
210
0
220
0
230
1
0
LINE
5
244
100
AcDbEntity
8
SK2
62
256
6
ByLayer
370
13
48
1
60
0
100
AcDbLine
10
0
20
-1.5875
30
0
11
0
21
-53.696175
31
0
39
0
210
0
220
0
230
1
0
LINE
5
245
100
AcDbEntity
8
SK2
62
256
6
ByLayer
370
13
48
1
60
0
100
AcDbLine
10
114
20
-51.696175
30
0
11
0
21
-51.696175
31
0
39
0
210
0
220
0
230
1
0
SOLID
5
246
100
AcDbEntity
8
SK2
62
256
6
ByLayer
370
18
48
1
60
0
100
AcDbTrace
10
114
20
-51.696175
30
0
11
110.500002
21
-52.156958
31
0
12
110.499998
22
-51.235391
32
0
13
110.499998
23
-51.235391
33
0
39
0
210
0
220
0
230
1
0
SOLID
5
247
100
AcDbEntity
8
SK2
62
256
6
ByLayer
370
18
48
1
60
0
100
AcDbTrace
10
0
20
-51.696175
30
0
11
3.499998
21
-51.235391
31
0
12
3.500002
22
-52.156958
32
0
13
3.500002
23
-52.156958
33
0
39
0
210
0
220
0
230
1
0
ENDBLK
5
249
100
AcDbEntity
8
0
100
AcDbBlockEnd
0
BLOCK
5
24E
100
AcDbEntity
8
0
100
AcDbBlockBegin
2
*D3
70
1
10
0
20
0
30
0
3
*D3
0
LINE
5
250
100
AcDbEntity
8
0
62
256
6
ByLayer
370
-2
48
1
60
0
100
AcDbLine
10
114
20
-14.1375
30
0
11
114
21
-32.196175
31
0
39
0
210
0
220
0
230
1
0
LINE
5
251
100
AcDbEntity
8
0
62
256
6
ByLayer
370
-2
48
1
60
0
100
AcDbLine
10
37
20
-14.1375
30
0
11
37
21
-32.196175
31
0
39
0
210
0
220
0
230
1
0
LINE
5
252
100
AcDbEntity
8
0
62
256
6
ByLayer
370
-2
48
1
60
0
100
AcDbLine
10
114
20
-30.196175
30
0
11
140.372064
21
-30.196175
31
0
39
0
210
0
220
0
230
1
0
LINE
5
253
100
AcDbEntity
8
0
62
256
6
ByLayer
370
-2
48
1
60
0
100
AcDbLine
10
110.5
20
-30.196175
30
0
11
40.5
21
-30.196175
31
0
39
0
210
0
220
0
230
1
0
SOLID
5
254
100
AcDbEntity
8
0
62
256
6
ByLayer
370
-1
48
1
60
0
100
AcDbTrace
10
110.5
20
-30.779508
30
0
11
110.5
21
-29.612841
31
0
12
114
22
-30.196175
32
0
13
114
23
-30.196175
33
0
39
0
210
0
220
0
230
1
0
SOLID
5
255
100
AcDbEntity
8
0
62
256
6
ByLayer
370
-1
48
1
60
0
100
AcDbTrace
10
40.5
20
-29.612841
30
0
11
40.5
21
-30.779508
31
0
12
37
22
-30.196175
32
0
13
37
23
-30.196175
33
0
39
0
210
0
220
0
230
1
0
MTEXT
5
256
100
AcDbEntity
8
0
62
256
6
ByLayer
370
18
48
1
60
0
100
AcDbMText
10
132.288731
20
-23.196175
30
0
210
0
220
0
230
1
1
\A1;77
40
3.5
41
0
44
1
50
0
71
5
72
5
7
iso_b_vert
0
POINT
5
257
100
AcDbEntity
8
Defpoints
62
0
6
ByLayer
370
-1
48
1
60
0
100
AcDbPoint
10
114
20
-12.55
30
0
39
0
210
0
220
0
230
1
50
360
0
POINT
5
258
100
AcDbEntity
8
Defpoints
62
0
6
ByLayer
370
-1
48
1
60
0
100
AcDbPoint
10
37
20
-12.55
30
0
39
0
210
0
220
0
230
1
50
360
0
POINT
5
259
100
AcDbEntity
8
Defpoints
62
0
6
ByLayer
370
-1
48
1
60
0
100
AcDbPoint
10
37
20
-30.196175
30
0
39
0
210
0
220
0
230
1
50
360
0
ENDBLK
5
24F
100
AcDbEntity
8
0
100
AcDbBlockEnd
0
BLOCK
5
261
100
AcDbEntity
8
0
100
AcDbBlockBegin
2
_U1
70
0
10
0
20
0
30
0
3
_U1
0
MTEXT
5
25B
100
AcDbEntity
8
2
62
256
6
ByLayer
370
18
48
1
60
0
100
AcDbMText
10
130.383765
20
-29.163541
30
0
210
0
220
0
230
1
1
\W0.6740;77
40
3.5
41
0
44
1.084337
50
0
71
7
72
5
7
iso_b_vert
0
LINE
5
25C
100
AcDbEntity
8
2
62
256
6
ByLayer
370
13
48
1
60
0
100
AcDbLine
10
114
20
-14.1375
30
0
11
114
21
-32.196175
31
0
39
0
210
0
220
0
230
1
0
LINE
5
25D
100
AcDbEntity
8
2
62
256
6
ByLayer
370
13
48
1
60
0
100
AcDbLine
10
37
20
-14.1375
30
0
11
37
21
-32.196175
31
0
39
0
210
0
220
0
230
1
0
LINE
5
25E
100
AcDbEntity
8
2
62
256
6
ByLayer
370
13
48
1
60
0
100
AcDbLine
10
37
20
-30.196175
30
0
11
134.379197
21
-30.196175
31
0
39
0
210
0
220
0
230
1
0
SOLID
5
25F
100
AcDbEntity
8
2
62
256
6
ByLayer
370
18
48
1
60
0
100
AcDbTrace
10
114
20
-30.196175
30
0
11
110.500002
21
-30.656958
31
0
12
110.499998
22
-29.735391
32
0
13
110.499998
23
-29.735391
33
0
39
0
210
0
220
0
230
1
0
SOLID
5
260
100
AcDbEntity
8
2
62
256
6
ByLayer
370
18
48
1
60
0
100
AcDbTrace
10
37
20
-30.196175
30
0
11
40.499998
21
-29.735391
31
0
12
40.500002
22
-30.656958
32
0
13
40.500002
23
-30.656958
33
0
39
0
210
0
220
0
230
1
0
ENDBLK
5
262
100
AcDbEntity
8
0
100
AcDbBlockEnd
0
BLOCK
5
267
100
AcDbEntity
8
0
100
AcDbBlockBegin
2
*D5
70
1
10
0
20
0
30
0
3
*D5
0
LINE
5
269
100
AcDbEntity
8
0
62
256
6
ByLayer
370
-2
48
1
60
0
100
AcDbLine
10
114
20
-14.1375
30
0
11
114
21
-46.696175
31
0
39
0
210
0
220
0
230
1
0
LINE
5
26A
100
AcDbEntity
8
0
62
256
6
ByLayer
370
-2
48
1
60
0
100
AcDbLine
10
1.997679
20
-13.4625
30
0
11
1.997679
21
-46.696175
31
0
39
0
210
0
220
0
230
1
0
LINE
5
26B
100
AcDbEntity
8
0
62
256
6
ByLayer
370
-2
48
1
60
0
100
AcDbLine
10
110.5
20
-44.696175
30
0
11
5.497679
21
-44.696175
31
0
39
0
210
0
220
0
230
1
0
SOLID
5
26C
100
AcDbEntity
8
0
62
256
6
ByLayer
370
-1
48
1
60
0
100
AcDbTrace
10
110.5
20
-45.279508
30
0
11
110.5
21
-44.112841
31
0
12
114
22
-44.696175
32
0
13
114
23
-44.696175
33
0
39
0
210
0
220
0
230
1
0
SOLID
5
26D
100
AcDbEntity
8
0
62
256
6
ByLayer
370
-1
48
1
60
0
100
AcDbTrace
10
5.497679
20
-44.112841
30
0
11
5.497679
21
-45.279508
31
0
12
1.997679
22
-44.696175
32
0
13
1.997679
23
-44.696175
33
0
39
0
210
0
220
0
230
1
0
MTEXT
5
26E
100
AcDbEntity
8
0
62
256
6
ByLayer
370
18
48
1
60
0
100
AcDbMText
10
57.998839
20
-37.696175
30
0
210
0
220
0
230
1
1
\A1;112
40
3.5
41
0
44
1
50
0
71
5
72
5
7
iso_b_vert
0
POINT
5
26F
100
AcDbEntity
8
Defpoints
62
0
6
ByLayer
370
-1
48
1
60
0
100
AcDbPoint
10
114
20
-12.55
30
0
39
0
210
0
220
0
230
1
50
360
0
POINT
5
270
100
AcDbEntity
8
Defpoints
62
0
6
ByLayer
370
-1
48
1
60
0
100
AcDbPoint
10
1.997679
20
-11.875
30
0
39
0
210
0
220
0
230
1
50
360
0
POINT
5
271
100
AcDbEntity
8
Defpoints
62
0
6
ByLayer
370
-1
48
1
60
0
100
AcDbPoint
10
1.997679
20
-44.696175
30
0
39
0
210
0
220
0
230
1
50
360
0
ENDBLK
5
268
100
AcDbEntity
8
0
100
AcDbBlockEnd
0
BLOCK
5
279
100
AcDbEntity
8
0
100
AcDbBlockBegin
2
_U2
70
0
10
0
20
0
30
0
3
_U2
0
MTEXT
5
273
100
AcDbEntity
8
SK2
62
256
6
ByLayer
370
18
48
1
60
0
100
AcDbMText
10
55.661007
20
-43.663541
30
0
210
0
220
0
230
1
1
\W0.5296;112
40
3.5
41
0
44
1.084337
50
0
71
7
72
5
7
iso_b_vert
0
LINE
5
274
100
AcDbEntity
8
SK2
62
256
6
ByLayer
370
13
48
1
60
0
100
AcDbLine
10
114
20
-14.1375
30
0
11
114
21
-46.696175
31
0
39
0
210
0
220
0
230
1
0
LINE
5
275
100
AcDbEntity
8
SK2
62
256
6
ByLayer
370
13
48
1
60
0
100
AcDbLine
10
1.997679
20
-13.4625
30
0
11
1.997679
21
-46.696175
31
0
39
0
210
0
220
0
230
1
0
LINE
5
276
100
AcDbEntity
8
SK2
62
256
6
ByLayer
370
13
48
1
60
0
100
AcDbLine
10
114
20
-44.696175
30
0
11
1.997679
21
-44.696175
31
0
39
0
210
0
220
0
230
1
0
SOLID
5
277
100
AcDbEntity
8
SK2
62
256
6
ByLayer
370
18
48
1
60
0
100
AcDbTrace
10
114
20
-44.696175
30
0
11
110.500002
21
-45.156958
31
0
12
110.499998
22
-44.235391
32
0
13
110.499998
23
-44.235391
33
0
39
0
210
0
220
0
230
1
0
SOLID
5
278
100
AcDbEntity
8
SK2
62
256
6
ByLayer
370
18
48
1
60
0
100
AcDbTrace
10
1.997679
20
-44.696175
30
0
11
5.497677
21
-44.235391
31
0
12
5.497681
22
-45.156958
32
0
13
5.497681
23
-45.156958
33
0
39
0
210
0
220
0
230
1
0
ENDBLK
5
27A
100
AcDbEntity
8
0
100
AcDbBlockEnd
0
ENDSEC
0
SECTION
2
ENTITIES
0
ARC
5
DB
100
AcDbEntity
8
1
62
256
6
ByLayer
370
18
48
1
60
0
100
AcDbCircle
39
0
10
1.997679
20
12.875
30
0
40
1
210
0
220
0
230
1
100
AcDbArc
50
240
51
270
0
ARC
5
DC
100
AcDbEntity
8
1
62
256
6
ByLayer
370
18
48
1
60
0
100
AcDbCircle
39
0
10
1.997679
20
-12.875
30
0
40
1
210
0
220
0
230
1
100
AcDbArc
50
90
51
120
0
ELLIPSE
5
DD
100
AcDbEntity
8
1
62
256
6
ByLayer
370
18
48
1
60
0
100
AcDbEllipse
10
112.428475
20
2.449807
30
0
11
1.51220999650335
21
1.42068323848601
31
0
210
0
220
0
230
1
40
0.530304
41
-2.4185452871697
42
-2.28487549345569
0
ELLIPSE
5
DE
100
AcDbEntity
8
1
62
256
6
ByLayer
370
13
48
1
60
0
100
AcDbEllipse
10
43.35436
20
57.081887
30
0
11
36.1860907824103
21
-65.7409967796725
31
0
210
0
220
0
230
1
40
0.538749
41
-1.13654540219897
42
-1.01043923292647
0
ELLIPSE
5
DF
100
AcDbEntity
8
1
62
256
6
ByLayer
370
18
48
1
60
0
100
AcDbEllipse
10
112.423804
20
-0.731531
30
0
11
0.621833575606778
21
-2.27206472313313
31
0
210
0
220
0
230
1
40
0.692375
41
3.05347813732571
42
-3.06537022891573
0
ELLIPSE
5
E0
100
AcDbEntity
8
1
62
256
6
ByLayer
370
18
48
1
60
0
100
AcDbEllipse
10
112.428475
20
-3.074187
30
0
11
1.68945356832774
21
-1.07502015077343
31
0
210
0
220
0
230
1
40
0.010531
41
-1.94963181504391
42
-1.81596202512079
0
ELLIPSE
5
E1
100
AcDbEntity
8
1
62
256
6
ByLayer
370
13
48
1
60
0
100
AcDbEllipse
10
43.35436
20
53.907528
30
0
11
38.0309162160815
21
-64.6912763474578
31
0
210
0
220
0
230
1
40
0.516749
41
-1.0804131860733
42
-1.023728174893
0
ELLIPSE
5
E2
100
AcDbEntity
8
1
62
256
6
ByLayer
370
13
48
1
60
0
100
AcDbEllipse
10
43.35436
20
-45.998018
30
0
11
47.8741931017649
21
-57.7873122627509
31
0
210
0
220
0
230
1
40
0.285357
41
2.07653589987876
42
2.13960297173319
0
ELLIPSE
5
E3
100
AcDbEntity
8
1
62
256
6
ByLayer
370
13
48
1
60
0
100
AcDbEllipse
10
43.35436
20
-38.624062
30
0
11
49.071583067074
21
-56.77403948099
31
0
210
0
220
0
230
1
40
0.219881
41
2.02445328750651
42
2.16032527105403
0
POINT
5
70
100
AcDbEntity
8
80
62
256
6
ByLayer
370
18
48
1
60
0
100
AcDbPoint
10
0
20
0
30
0
39
0
210
0
220
0
230
1
50
360
0
POINT
5
72
100
AcDbEntity
8
81
62
256
6
ByLayer
370
18
48
1
60
0
100
AcDbPoint
10
114
20
0
30
0
39
0
210
0
220
0
230
1
50
360
0
POINT
5
74
100
AcDbEntity
8
1
62
256
6
ByLayer
370
18
48
1
60
1
100
AcDbPoint
10
114
20
-12.55
30
0
39
0
210
0
220
0
230
1
50
360
0
POINT
5
76
100
AcDbEntity
8
1
62
256
6
ByLayer
370
18
48
1
60
1
100
AcDbPoint
10
0
20
0
30
0
39
0
210
0
220
0
230
1
50
360
0
POINT
5
77
100
AcDbEntity
8
1
62
256
6
ByLayer
370
18
48
1
60
1
100
AcDbPoint
10
114
20
-12.55
30
0
39
0
210
0
220
0
230
1
50
360
0
POINT
5
78
100
AcDbEntity
8
1
62
256
6
ByLayer
370
18
48
1
60
1
100
AcDbPoint
10
37
20
-12.55
30
0
39
0
210
0
220
0
230
1
50
360
0
POINT
5
79
100
AcDbEntity
8
1
62
256
6
ByLayer
370
18
48
1
60
1
100
AcDbPoint
10
114
20
-12.55
30
0
39
0
210
0
220
0
230
1
50
360
0
POINT
5
7A
100
AcDbEntity
8
1
62
256
6
ByLayer
370
18
48
1
60
1
100
AcDbPoint
10
1.997679
20
-11.875
30
0
39
0
210
0
220
0
230
1
50
360
0
SPLINE
5
E4
100
AcDbEntity
8
1
62
256
6
ByLayer
370
18
48
1
60
0
100
AcDbSpline
70
4
71
5
72
13
73
7
40
0
40
0
40
0
40
0
40
0
40
0
40
0.509563265375884
40
1
40
1
40
1
40
1
40
1
40
1
41
1
10
76.7884502349661
20
5.78686366524065
30
0
41
1
10
77.6855953789943
20
5.07084866973159
30
0
41
1
10
79.4462190073305
20
3.60632279654894
30
0
41
1
10
81.2067999889227
20
2.04967594588064
30
0
41
1
10
82.9674865999011
20
0.451535797432086
30
0
41
1
10
84.7280685885931
20
-1.1340000342131
30
0
41
1
10
85.5915435885166
20
-1.90242182724879
30
0
0
SPLINE
5
E5
100
AcDbEntity
8
1
62
256
6
ByLayer
370
18
48
1
60
0
100
AcDbSpline
70
4
71
5
72
13
73
7
40
0
40
0
40
0
40
0
40
0
40
0
40
0.474651339418425
40
1
40
1
40
1
40
1
40
1
40
1
41
1
10
37
20
-2.55415172084076
30
0
41
1
10
38.1050964669014
20
-1.57929335703761
30
0
41
1
10
40.4352742234131
20
0.514961312148159
30
0
41
1
10
42.7631347262424
20
2.64483583627876
30
0
41
1
10
45.0930869757087
20
4.67918240859294
30
0
41
1
10
47.4218287221691
20
6.50707695759817
30
0
41
1
10
48.6454494797238
20
7.39531965128552
30
0
0
SPLINE
5
E6
100
AcDbEntity
8
1
62
256
6
ByLayer
370
18
48
1
60
0
100
AcDbSpline
70
4
71
5
72
15
73
9
40
0
40
0
40
0
40
0
40
0
40
0
40
0.236316385385834
40
0.39360704411759
40
0.786393898579471
40
1
40
1
40
1
40
1
40
1
40
1
41
1
10
37
20
-5.12594703217295
30
0
41
1
10
37.9767636899882
20
-5.92868018277289
30
0
41
1
10
39.6048571277492
20
-7.21172747176877
30
0
41
1
10
42.8559699146157
20
-9.55504948221017
30
0
41
1
10
46.9912099929497
20
-11.7912870491106
30
0
41
1
10
51.125674944042
20
-12.7425829307962
30
0
41
1
10
54.2835550393995
20
-12.631779243958
30
0
41
1
10
56.7907644282186
20
-12.0463817014905
30
0
41
1
10
57.6740115731016
20
-11.7804959509896
30
0
0
SPLINE
5
E7
100
AcDbEntity
8
1
62
256
6
ByLayer
370
18
48
1
60
0
100
AcDbSpline
70
4
71
5
72
15
73
9
40
0
40
0
40
0
40
0
40
0
40
0
40
0.236316385371917
40
0.393607044112952
40
0.78639389855535
40
1
40
1
40
1
40
1
40
1
40
1
41
1
10
37.0000000000001
20
11.1582663170698
30
0
41
1
10
37.9767636899292
20
11.5549337440405
30
0
41
1
10
39.604857127676
20
12.1000428880002
30
0
41
1
10
42.8559699144316
20
12.7843198403851
30
0
41
1
10
46.9912099927852
20
12.5610233335123
30
0
41
1
10
51.1256749438573
20
10.9494943874719
30
0
41
1
10
54.2835550392856
20
9.03483360755035
30
0
41
1
10
56.790764428118
20
7.20314907605925
30
0
41
1
10
57.6740115731022
20
6.52483610477873
30
0
0
SPLINE
5
E8
100
AcDbEntity
8
1
62
256
6
ByLayer
370
18
48
1
60
0
100
AcDbSpline
70
4
71
5
72
17
73
11
40
0
40
0
40
0
40
0
40
0
40
0
40
0.198097814669333
40
0.399494665143833
40
0.600892307855833
40
0.800494005531795
40
0.866330983706303
40
1
40
1
40
1
40
1
40
1
40
1
41
1
10
76.7884502349661
20
5.78686366524065
30
0
41
1
10
75.6734240567787
20
6.67677000015908
30
0
41
1
10
73.4248725318447
20
8.37711571871574
30
0
41
1
10
70.0426447226106
20
10.5766300902354
30
0
41
1
10
65.5370294765998
20
12.5231700570722
30
0
41
1
10
60.6607760647954
20
12.8703102704632
30
0
41
1
10
56.1472068775346
20
11.7876190077322
30
0
41
1
10
52.7671875288358
20
10.1299964646882
30
0
41
1
10
50.5208135109779
20
8.71590631499603
30
0
41
1
10
49.397838014905
20
7.94148118407335
30
0
41
1
10
48.6454494797238
20
7.39531965128552
30
0
0
SPLINE
5
E9
100
AcDbEntity
8
1
62
256
6
ByLayer
370
18
48
1
60
0
100
AcDbSpline
70
4
71
3
72
18
73
14
40
0
40
0
40
0
40
0
40
0.0139257457004877
40
0.113545365249215
40
0.213086170636161
40
0.312605519208471
40
0.412272655467527
40
0.512229275683871
40
0.612303447404094
40
0.712246866913384
40
0.811869344147857
40
0.911181133803098
40
1
40
1
40
1
40
1
41
1
10
57.6740115731018
20
-7.61544136694846
30
0
41
1
10
57.7826659264606
20
-7.69302379765256
30
0
41
1
10
58.668663018481
20
-8.31994198422521
30
0
41
1
10
60.3324081845801
20
-9.40697991570187
30
0
41
1
10
62.6663123151961
20
-10.6666798477873
30
0
41
1
10
65.0017081359801
20
-11.6261569048959
30
0
41
1
10
67.3370292034287
20
-12.2572281338166
30
0
41
1
10
69.6680332675501
20
-12.5420602447078
30
0
41
1
10
71.9984698583426
20
-12.4742942451359
30
0
41
1
10
74.3293886944056
20
-12.055767000216
30
0
41
1
10
76.6630234584261
20
-11.2970962912865
30
0
41
1
10
78.9168193699798
20
-10.2567233555951
30
0
41
1
10
80.3939066834637
20
-9.40188730186253
30
0
41
1
10
81.0917235459847
20
-8.96400353878568
30
0
0
SPLINE
5
EA
100
AcDbEntity
8
1
62
256
6
ByLayer
370
18
48
1
60
0
100
AcDbSpline
70
4
71
5
72
15
73
9
40
0
40
0
40
0
40
0
40
0
40
0
40
0.236316385361663
40
0.393607044094927
40
0.786393898579632
40
1
40
1
40
1
40
1
40
1
40
1
41
1
10
37
20
-12.3388684891839
30
0
41
1
10
37.9767636898889
20
-12.1979491792121
30
0
41
1
10
39.6048571275532
20
-11.8362553943179
30
0
41
1
10
42.8559699144235
20
-10.6978696870995
30
0
41
1
10
46.9912099927507
20
-8.26649236778934
30
0
41
1
10
51.1256749438471
20
-4.9044924250752
30
0
41
1
10
54.2835550393002
20
-2.06922512991497
30
0
41
1
10
56.7907644282139
20
0.195413633924204
30
0
41
1
10
57.6740115730956
20
0.988199472977357
30
0
0
SPLINE
5
EB
100
AcDbEntity
8
1
62
256
6
ByLayer
370
18
48
1
60
0
100
AcDbSpline
70
4
71
5
72
12
73
6
40
0
40
0
40
0
40
0
40
0
40
0
40
1
40
1
40
1
40
1
40
1
40
1
41
1
10
81.1109102452369
20
-11.3528646063479
30
0
41
1
10
82.4876596016753
20
-11.871648895188
30
0
41
1
10
83.8645657371265
20
-12.2507424119795
30
0
41
1
10
85.2410159527159
20
-12.4795645107972
30
0
41
1
10
86.6179121893844
20
-12.553651207567
30
0
41
1
10
87.9946506883096
20
-12.4743078414161
30
0
0
SPLINE
5
EC
100
AcDbEntity
8
1
62
256
6
ByLayer
370
18
48
1
60
0
100
AcDbSpline
70
4
71
3
72
18
73
14
40
0
40
0
40
0
40
0
40
0.013914418957675
40
0.113453011189457
40
0.212912853364298
40
0.31235125617677
40
0.411937326470361
40
0.511812645264517
40
0.611805419950028
40
0.711667548774146
40
0.811208996367324
40
0.91044000908432
40
1
40
1
40
1
40
1
41
1
10
57.6740115731016
20
-11.7804959509896
30
0
41
1
10
57.7826659264604
20
-11.74778807312
30
0
41
1
10
58.6686630184809
20
-11.4722467633782
30
0
41
1
10
60.33240818458
20
-10.820529881495
30
0
41
1
10
62.666312315196
20
-9.60125739876213
30
0
41
1
10
65.0017081359802
20
-8.11023509229082
30
0
41
1
10
67.3370292034286
20
-6.39020713804874
30
0
41
1
10
69.66803326755
20
-4.49344548571682
30
0
41
1
10
71.9984698583426
20
-2.47086897532054
30
0
41
1
10
74.3293886944057
20
-0.378378412290772
30
0
41
1
10
76.6630234584262
20
1.72719923695692
30
0
41
1
10
78.9231951671096
20
3.7193392034888
30
0
41
1
10
80.4066892726538
20
4.96228198414781
30
0
41
1
10
81.1109102378785
20
5.53092130828338
30
0
0
SPLINE
5
ED
100
AcDbEntity
8
1
62
256
6
ByLayer
370
18
48
1
60
0
100
AcDbSpline
70
4
71
3
72
18
73
14
40
0
40
0
40
0
40
0
40
0.0139257455028105
40
0.113545363637538
40
0.2130861676116
40
0.312605514771328
40
0.412272649615713
40
0.512229268413264
40
0.612303438713024
40
0.712246856803712
40
0.811869332624136
40
0.911181120869747
40
1
40
1
40
1
40
1
41
1
10
57.6740115731022
20
6.52483610477873
30
0
41
1
10
57.7826659264609
20
6.44139244097869
30
0
41
1
10
58.6686630184812
20
5.75607841323261
30
0
41
1
10
60.3324081845801
20
4.39703692776786
30
0
41
1
10
62.666312315196
20
2.36661734152301
30
0
41
1
10
65.0017081359803
20
0.268100919649271
30
0
41
1
10
67.3370292034285
20
-1.83790475862045
30
0
41
1
10
69.6680332675501
20
-3.88828785820073
30
0
41
1
10
71.9984698583427
20
-5.82885740819776
30
0
41
1
10
74.3293886944055
20
-7.60595527134092
30
0
41
1
10
76.6630234584262
20
-9.17082455837738
30
0
41
1
10
78.9168194811533
20
-10.4324200328101
30
0
41
1
10
80.3939069063497
20
-11.0818747323176
30
0
41
1
10
81.0917238805367
20
-11.3456155086449
30
0
0
SPLINE
5
EE
100
AcDbEntity
8
1
62
256
6
ByLayer
370
18
48
1
60
0
100
AcDbSpline
70
4
71
3
72
8
73
4
40
0
40
0
40
0
40
0
40
1
40
1
40
1
40
1
41
1
10
81.1109102451528
20
-11.3528688580623
30
0
41
1
10
81.1045146397421
20
-11.3504588635846
30
0
41
1
10
81.0981190731547
20
-11.3480452647633
30
0
41
1
10
81.0917235456455
20
-11.3456280645141
30
0
0
SPLINE
5
EF
100
AcDbEntity
8
1
62
256
6
ByLayer
370
18
48
1
60
0
100
AcDbSpline
70
4
71
3
72
18
73
14
40
0
40
0
40
0
40
0
40
0.0139144189596397
40
0.113453011203599
40
0.212912853390605
40
0.312351256215246
40
0.411937326521018
40
0.511812645327391
40
0.611805420025134
40
0.711667548861471
40
0.811208996466827
40
0.910440009195961
40
1
40
1
40
1
40
1
41
1
10
57.6740115730956
20
0.988199472977357
30
0
41
1
10
57.7826659264564
20
1.08572560200994
30
0
41
1
10
58.6686630184789
20
1.88023886960283
30
0
41
1
10
60.3324081845799
20
3.3574891084169
30
0
41
1
10
62.6663123151964
20
5.33512140888089
30
0
41
1
10
65.00170813598
20
7.16345925167181
30
0
41
1
10
67.3370292034289
20
8.78940086181262
30
0
41
1
10
69.6680332675499
20
10.1648996945652
30
0
41
1
10
71.9984698583429
20
11.2543377794561
30
0
41
1
10
74.3293886944056
20
12.0275681328082
30
0
41
1
10
76.6630234584262
20
12.4628315903827
30
0
41
1
10
78.9231951661486
20
12.5440373421414
30
0
41
1
10
80.4066892707271
20
12.3831016349169
30
0
41
1
10
81.1109102349865
20
12.2592928898446
30
0
0
SPLINE
5
F0
100
AcDbEntity
8
1
62
256
6
ByLayer
370
18
48
1
60
0
100
AcDbSpline
70
4
71
5
72
15
73
9
40
0
40
0
40
0
40
0
40
0
40
0
40
0.23696140575724
40
0.393505056882262
40
0.787814046207269
40
1
40
1
40
1
40
1
40
1
40
1
41
1
10
37
20
9.25865132891667
30
0
41
1
10
37.9794296514413
20
8.66566467897397
30
0
41
1
10
39.607105183356
20
7.58611152318943
30
0
41
1
10
42.8640816552263
20
5.13919533715875
30
0
41
1
10
46.99933267393
20
1.48316491658917
30
0
41
1
10
51.1337891817953
20
-2.36334005102034
30
0
41
1
10
54.2890066887446
20
-5.08968034195024
30
0
41
1
10
56.796635620614
20
-6.98897189804038
30
0
41
1
10
57.6740115731018
20
-7.61544136694849
30
0
0
SPLINE
5
F1
100
AcDbEntity
8
1
62
256
6
ByLayer
370
18
48
1
60
0
100
AcDbSpline
70
4
71
1
72
4
73
2
40
0
40
0
40
1
40
1
41
1
10
113.715507805009
20
2.12313824094926
30
0
41
1
10
113.711779453462
20
2.09759368269997
30
0
0
SPLINE
5
F2
100
AcDbEntity
8
1
62
256
6
ByLayer
370
18
48
1
60
0
100
AcDbSpline
70
4
71
1
72
4
73
2
40
0
40
0
40
1
40
1
41
1
10
113.715507805009
20
2.12313824094926
30
0
41
1
10
113.900589974643
20
3.52219098228804
30
0
0
SPLINE
5
F3
100
AcDbEntity
8
1
62
256
6
ByLayer
370
18
48
1
60
0
100
AcDbSpline
70
4
71
1
72
4
73
2
40
0
40
0
40
1
40
1
41
1
10
113.959649752153
20
3.96862914427717
30
0
41
1
10
113.971993048738
20
4.06193323163893
30
0
0
SPLINE
5
F4
100
AcDbEntity
8
1
62
256
6
ByLayer
370
18
48
1
60
0
100
AcDbSpline
70
4
71
3
72
10
73
6
40
0
40
0
40
0
40
0
40
0.80523302701705
40
0.80523302701705
40
1
40
1
40
1
40
1
41
1
10
113.972894208726
20
4.06811463788515
30
0
41
1
10
113.973730382157
20
4.08456709394784
30
0
41
1
10
113.968412613745
20
4.10025845163833
30
0
41
1
10
113.954176006145
20
4.11880120731729
30
0
41
1
10
113.951027693402
20
4.12237374053134
30
0
41
1
10
113.947554368673
20
4.12585012257645
30
0
0
SPLINE
5
F5
100
AcDbEntity
8
1
62
256
6
ByLayer
370
13
48
1
60
0
100
AcDbSpline
70
4
71
1
72
4
73
2
40
0
40
0
40
1
40
1
41
1
10
113.715507805009
20
-10.8337296263347
30
0
41
1
10
113.889436875514
20
-10.152145577292
30
0
0
SPLINE
5
F6
100
AcDbEntity
8
1
62
256
6
ByLayer
370
18
48
1
60
0
100
AcDbSpline
70
4
71
3
72
20
73
16
40
0
40
0
40
0
40
0
40
0.250000000000011
40
0.250000000000011
40
0.500000000000023
40
0.500000000000023
40
0.625000000000028
40
0.625000000000028
40
0.750000000000034
40
0.750000000000034
40
0.875000000000039
40
0.875000000000039
40
0.93750000000002
40
0.93750000000002
40
1
40
1
40
1
40
1
41
1
10
113.639343317822
20
-11.1604337227464
30
0
41
1
10
113.647304842321
20
-11.1379250570319
30
0
41
1
10
113.655200281795
20
-11.1148094651686
30
0
41
1
10
113.670632662077
20
-11.0671473363433
30
0
41
1
10
113.678207554194
20
-11.0425182044132
30
0
41
1
10
113.688996660593
20
-11.0040155854514
30
0
41
1
10
113.692499731309
20
-10.9909087034025
30
0
41
1
10
113.699224919322
20
-10.9638738165608
30
0
41
1
10
113.702459069616
20
-10.9499015605943
30
0
41
1
10
113.708310381756
20
-10.9212314289592
30
0
41
1
10
113.710964956919
20
-10.9063465442482
30
0
41
1
10
113.713949587802
20
-10.8840387618685
30
0
41
1
10
113.714782998675
20
-10.8765764217472
30
0
41
1
10
113.715993886284
20
-10.8615883671584
30
0
41
1
10
113.716343864937
20
-10.8543722156365
30
0
41
1
10
113.716398836939
20
-10.8474769501473
30
0
0
SPLINE
5
F7
100
AcDbEntity
8
1
62
256
6
ByLayer
370
18
48
1
60
0
100
AcDbSpline
70
4
71
1
72
4
73
2
40
0
40
0
40
1
40
1
41
1
10
113.71639883694
20
-10.8474769501472
30
0
41
1
10
113.715507805009
20
-10.8337296263347
30
0
0
SPLINE
5
F8
100
AcDbEntity
8
1
62
256
6
ByLayer
370
18
48
1
60
0
100
AcDbSpline
70
4
71
1
72
4
73
2
40
0
40
0
40
1
40
1
41
1
10
113.715507805009
20
-10.8337296263347
30
0
41
1
10
113.711779453462
20
-10.7762065968393
30
0
0
SPLINE
5
F9
100
AcDbEntity
8
1
62
256
6
ByLayer
370
18
48
1
60
0
100
AcDbSpline
70
4
71
3
72
25
73
21
40
0
40
0
40
0
40
0
40
0.249999999999881
40
0.249999999999881
40
0.312499999999861
40
0.312499999999861
40
0.37499999999984
40
0.499999999999867
40
0.499999999999867
40
0.562499999999919
40
0.562499999999919
40
0.62499999999997
40
0.62499999999997
40
0.74999999999998
40
0.74999999999998
40
0.87499999999999
40
0.87499999999999
40
0.937499999999995
40
0.937499999999995
40
1
40
1
40
1
40
1
41
1
10
113.972894208726
20
11.9882812201389
30
0
41
1
10
113.973730382158
20
12.0339108285074
30
0
41
1
10
113.968412613748
20
12.0788206345987
30
0
41
1
10
113.954082880458
20
12.1340592978597
30
0
41
1
10
113.950815796566
20
12.145082295158
30
0
41
1
10
113.943590831592
20
12.1667018648791
30
0
41
1
10
113.931690545225
20
12.1986114894789
30
0
41
1
10
113.916674592836
20
12.2289975482445
30
0
41
1
10
113.899586842549
20
12.2583704944132
30
0
41
1
10
113.8935452422
20
12.267992436624
30
0
41
1
10
113.880754970852
20
12.286890562329
30
0
41
1
10
113.873997920128
20
12.2961703361142
30
0
41
1
10
113.852970747032
20
12.3230583175926
30
0
41
1
10
113.837852957686
20
12.3398691743321
30
0
41
1
10
113.805470930407
20
12.3713155701095
30
0
41
1
10
113.788208041019
20
12.3859524758298
30
0
41
1
10
113.760664124375
20
12.4062360654381
30
0
41
1
10
113.751212445332
20
12.4127074757434
30
0
41
1
10
113.732043783986
20
12.4248906103727
30
0
41
1
10
113.722291892528
20
12.4306288925004
30
0
41
1
10
113.712375122455
20
12.4360195445296
30
0
0
SPLINE
5
FA
100
AcDbEntity
8
1
62
256
6
ByLayer
370
18
48
1
60
0
100
AcDbSpline
70
4
71
3
72
12
73
8
40
0
40
0
40
0
40
0
40
0.389710640906589
40
0.389710640906589
40
0.779421281813178
40
0.779421281813178
40
1
40
1
40
1
40
1
41
1
10
112.761659524622
20
-4.263E-13
30
0
41
1
10
112.742477514063
20
0.0092139725166476
30
0
41
1
10
112.723410198138
20
0.0185494414134837
30
0
41
1
10
112.685498960867
20
0.0374368123251827
30
0
41
1
10
112.666624254115
20
0.0470048074045337
30
0
41
1
10
112.637402877135
20
0.0620505657210515
30
0
41
1
10
112.626906520351
20
0.0675028693959234
30
0
41
1
10
112.616474102631
20
0.0729667542134109
30
0
0
SPLINE
5
FB
100
AcDbEntity
8
1
62
256
6
ByLayer
370
18
48
1
60
0
100
AcDbSpline
70
4
71
3
72
10
73
6
40
0
40
0
40
0
40
0
40
0.5
40
0.5
40
1
40
1
40
1
40
1
41
1
10
113.639343317822
20
-11.1604337227464
30
0
41
1
10
113.506415136254
20
-11.3045465982741
30
0
41
1
10
113.374717809978
20
-11.4255930097579
30
0
41
1
10
113.113814891728
20
-11.6209902543928
30
0
41
1
10
112.984608847701
20
-11.695349559099
30
0
41
1
10
112.856708464979
20
-11.7452405207366
30
0
0
SPLINE
5
FC
100
AcDbEntity
8
1
62
256
6
ByLayer
370
18
48
1
60
0
100
AcDbSpline
70
4
71
3
72
16
73
12
40
0
40
0
40
0
40
0
40
0.302955496734143
40
0.302955496734143
40
0.605910993468285
40
0.605910993468285
40
0.757388741835357
40
0.757388741835357
40
0.908866490202428
40
0.908866490202428
40
1
40
1
40
1
40
1
41
1
10
37.021652144228
20
-11.7791311364251
30
0
41
1
10
37.0199535195644
20
-11.8850459341274
30
0
41
1
10
37.0182503460109
20
-11.9761514369927
30
0
41
1
10
37.0147466672513
20
-12.129066783034
30
0
41
1
10
37.0130729928347
20
-12.1908636551827
30
0
41
1
10
37.0104277584289
20
-12.261348739158
30
0
41
1
10
37.0095251530998
20
-12.281060774273
30
0
41
1
10
37.0077170477003
20
-12.312943168186
30
0
41
1
10
37.0068239144548
20
-12.3251176234573
30
0
41
1
10
37.0053820162813
20
-12.3386032477155
30
0
41
1
10
37.0048334242862
20
-12.3423123085229
30
0
41
1
10
37.0042822418928
20
-12.3446598182173
30
0
0
SPLINE
5
FD
100
AcDbEntity
8
1
62
256
6
ByLayer
370
13
48
1
60
0
100
AcDbSpline
70
4
71
3
72
8
73
4
40
0
40
0
40
0
40
0
40
1
40
1
40
1
40
1
41
1
10
37.0004518209294
20
-12.3389000461198
30
0
41
1
10
37.0003041620471
20
-12.3389162669756
30
0
41
1
10
37.000156503107
20
-12.3389324878735
30
0
41
1
10
37.0000088441092
20
-12.3389487088133
30
0
0
SPLINE
5
FE
100
AcDbEntity
8
1
62
256
6
ByLayer
370
18
48
1
60
0
100
AcDbSpline
70
4
71
3
72
14
73
10
40
0
40
0
40
0
40
0
40
0.151258289356945
40
0.151258289356945
40
0.43417219290463
40
0.43417219290463
40
0.717086096452315
40
0.717086096452315
40
1
40
1
40
1
40
1
41
1
10
107.757092139418
20
-12.3197059786418
30
0
41
1
10
107.757203511654
20
-12.3174440093475
30
0
41
1
10
107.757313444214
20
-12.3116133550594
30
0
41
1
10
107.757636665385
20
-12.2846344077259
30
0
41
1
10
107.75784813097
20
-12.2546770896523
30
0
41
1
10
107.758253600046
20
-12.170453399587
30
0
41
1
10
107.758443488028
20
-12.1161867723795
30
0
41
1
10
107.758839568781
20
-11.9833444086728
30
0
41
1
10
107.759035295316
20
-11.9047704030512
30
0
41
1
10
107.759228172422
20
-11.813826834571
30
0
0
SPLINE
5
FF
100
AcDbEntity
8
1
62
256
6
ByLayer
370
18
48
1
60
0
100
AcDbSpline
70
4
71
3
72
29
73
25
40
0
40
0
40
0
40
0
40
0.0710681662677836
40
0.0710681662677836
40
0.142136332535567
40
0.142136332535567
40
0.284272665071169
40
0.426408997606771
40
0.426408997606771
40
0.461943080740657
40
0.461943080740657
40
0.497477163874543
40
0.568545330142287
40
0.568545330142287
40
0.710681662677801
40
0.710681662677801
40
0.781749828945559
40
0.817283912079448
40
0.817283912079448
40
0.852817995213338
40
0.852817995213338
40
0.994954327748834
40
0.994954327748834
40
1
40
1
40
1
40
1
41
1
10
112.761659524622
20
-4.263E-13
30
0
41
1
10
112.721405138798
20
0.0180551388740469
30
0
41
1
10
112.681636335141
20
0.037492263138688
30
0
41
1
10
112.603016455394
20
0.079236280323471
30
0
41
1
10
112.564527057024
20
0.101353486508913
30
0
41
1
10
112.45158296993
20
0.17123182834294
30
0
41
1
10
112.307488040839
20
0.273914832830883
30
0
41
1
10
112.174683211765
20
0.395084515318587
30
0
41
1
10
112.094804606346
20
0.476526901881016
30
0
41
1
10
112.078959039816
20
0.493130269604194
30
0
41
1
10
112.047710413087
20
0.526760534820369
30
0
41
1
10
112.001552527456
20
0.577781144601744
30
0
41
1
10
111.957446686973
20
0.630462607363768
30
0
41
1
10
111.871765194905
20
0.737894974470919
30
0
41
1
10
111.818004271153
20
0.812266763400402
30
0
41
1
10
111.74183557593
20
0.927538947340167
30
0
41
1
10
111.704874545299
20
0.986107086891082
30
0
41
1
10
111.669537730384
20
1.04602707244385
30
0
41
1
10
111.646337158371
20
1.08627114702324
30
0
41
1
10
111.634921239969
20
1.10653335472847
30
0
41
1
10
111.579063337324
20
1.20795056044292
30
0
41
1
10
111.537973112583
20
1.28991167992095
30
0
41
1
10
111.498813354288
20
1.3755999496567
30
0
41
1
10
111.497475013351
20
1.37853849926009
30
0
41
1
10
111.496140798336
20
1.38147804834597
30
0
0
SPLINE
5
100
100
AcDbEntity
8
1
62
256
6
ByLayer
370
13
48
1
60
0
100
AcDbSpline
70
4
71
3
72
10
73
6
40
0
40
0
40
0
40
0
40
0.355988723927527
40
0.738421327360448
40
1
40
1
40
1
40
1
41
1
10
37.0000000000003
20
-11.771784987927
30
0
41
1
10
37.0000000000003
20
-11.9074741281952
30
0
41
1
10
37.0000000000003
20
-12.1403160643069
30
0
41
1
10
37.0000000000003
20
-12.3151452881476
30
0
41
1
10
37.0000000000001
20
-12.3475757856174
30
0
41
1
10
37
20
-12.3474870982319
30
0
0
SPLINE
5
101
100
AcDbEntity
8
1
62
256
6
ByLayer
370
18
48
1
60
0
100
AcDbSpline
70
4
71
3
72
8
73
4
40
0
40
0
40
0
40
0
40
1
40
1
40
1
40
1
41
1
10
87.7566257974775
20
-12.4483385149044
30
0
41
1
10
87.7565131006074
20
-12.4632269025314
30
0
41
1
10
87.7563997651135
20
-12.4758651560205
30
0
41
1
10
87.7562850451217
20
-12.4862535310693
30
0
0
SPLINE
5
102
100
AcDbEntity
8
1
62
256
6
ByLayer
370
18
48
1
60
0
100
AcDbSpline
70
4
71
3
72
14
73
10
40
0
40
0
40
0
40
0
40
0.25
40
0.25
40
0.5
40
0.5
40
0.75
40
0.75
40
1
40
1
40
1
40
1
41
1
10
87.7566257975933
20
-12.4483385148921
30
0
41
1
10
87.7568915426295
20
-12.4133295800754
30
0
41
1
10
87.757139559158
20
-12.3659649045481
30
0
41
1
10
87.7576541230796
20
-12.2465568461012
30
0
41
1
10
87.7579117955206
20
-12.1748643838171
30
0
41
1
10
87.7584092358069
20
-12.0079347124647
30
0
41
1
10
87.7586449486653
20
-11.9126972436695
30
0
41
1
10
87.759132261042
20
-11.6986780775394
30
0
41
1
10
87.7593734133642
20
-11.5798980445486
30
0
41
1
10
87.7596117155943
20
-11.4491379531209
30
0
0
SPLINE
5
103
100
AcDbEntity
8
1
62
256
6
ByLayer
370
18
48
1
60
0
100
AcDbSpline
70
4
71
3
72
13
73
9
40
0
40
0
40
0
40
0
40
0.0377249094619397
40
0.151134357390875
40
0.377953253248745
40
0.604772149106615
40
0.831591044964485
40
1
40
1
40
1
40
1
41
1
10
87.4715561938376
20
-12.1570697650999
30
0
41
1
10
87.4764274327549
20
-12.1589643931486
30
0
41
1
10
87.4957554297305
20
-12.1668273432013
30
0
41
1
10
87.5423125018623
20
-12.1892183811122
30
0
41
1
10
87.6084028412332
20
-12.232771192684
30
0
41
1
10
87.6777602415
20
-12.301152758208
30
0
41
1
10
87.7271385081627
20
-12.3752298901173
30
0
41
1
10
87.7490686728986
20
-12.4262524457846
30
0
41
1
10
87.7566257975781
20
-12.4483385148478
30
0
0
SPLINE
5
104
100
AcDbEntity
8
1
62
256
6
ByLayer
370
18
48
1
60
0
100
AcDbSpline
70
4
71
3
72
8
73
4
40
0
40
0
40
0
40
0
40
1
40
1
40
1
40
1
41
1
10
67.7571569401572
20
-12.1435340576927
30
0
41
1
10
67.7570621778785
20
-12.1899852905203
30
0
41
1
10
67.7569665449396
20
-12.2342943008197
30
0
41
1
10
67.7568696410662
20
-12.2764613026565
30
0
0
SPLINE
5
105
100
AcDbEntity
8
1
62
256
6
ByLayer
370
18
48
1
60
0
100
AcDbSpline
70
4
71
3
72
10
73
6
40
0
40
0
40
0
40
0
40
0.109727093897525
40
0.109727093897525
40
1
40
1
40
1
40
1
41
1
10
33.0271571812322
20
11.4753307851305
30
0
41
1
10
33.0451823340431
20
11.4716624049805
30
0
41
1
10
33.0632328717042
20
11.4679616564451
30
0
41
1
10
33.2279557445815
20
11.4339446355131
30
0
41
1
10
33.3760440087928
20
11.4015942573876
30
0
41
1
10
33.5258077589753
20
11.3673101807015
30
0
0
SPLINE
5
106
100
AcDbEntity
8
1
62
256
6
ByLayer
370
18
48
1
60
0
100
AcDbSpline
70
4
71
3
72
8
73
4
40
0
40
0
40
0
40
0
40
1
40
1
40
1
40
1
41
1
10
34.9404991735933
20
9.84827440720693
30
0
41
1
10
34.6833301937779
20
9.99030684643174
30
0
41
1
10
34.4266581518842
20
10.1279305307446
30
0
41
1
10
34.1703274592792
20
10.261056110777
30
0
0
SPLINE
5
107
100
AcDbEntity
8
1
62
256
6
ByLayer
370
18
48
1
60
0
100
AcDbSpline
70
4
71
3
72
14
73
10
40
0
40
0
40
0
40
0
40
0.25
40
0.25
40
0.5
40
0.5
40
0.75
40
0.75
40
1
40
1
40
1
40
1
41
1
10
67.7571569401572
20
-12.1435340576927
30
0
41
1
10
67.7573796286021
20
-12.0343750885268
30
0
41
1
10
67.7575848175298
20
-11.9136225312039
30
0
41
1
10
67.7580142367846
20
-11.6490121397404
30
0
41
1
10
67.7582298252973
20
-11.5059267367946
30
0
41
1
10
67.7586440825566
20
-11.198583948226
30
0
41
1
10
67.7588386940726
20
-11.0343263329871
30
0
41
1
10
67.7592447654735
20
-10.6846393841635
30
0
41
1
10
67.7594457807353
20
-10.4992115517511
30
0
41
1
10
67.7596444293451
20
-10.303010747146
30
0
0
SPLINE
5
108
100
AcDbEntity
8
1
62
256
6
ByLayer
370
13
48
1
60
0
100
AcDbSpline
70
4
71
3
72
13
73
9
40
0
40
0
40
0
40
0
40
0.038114255379297
40
0.151476697000561
40
0.37820158024309
40
0.604926463485619
40
0.831651346728148
40
1
40
1
40
1
40
1
41
1
10
67.4719304739581
20
-11.8841697835021
30
0
41
1
10
67.4768550340643
20
-11.8858731873092
30
0
41
1
10
67.4962367179379
20
-11.8928890068201
30
0
41
1
10
67.5428435914661
20
-11.9128433964078
30
0
41
1
10
67.6089337249481
20
-11.9516160689921
30
0
41
1
10
67.678290801644
20
-12.0124937484058
30
0
41
1
10
67.7276694720475
20
-12.078443993659
30
0
41
1
10
67.7495996953748
20
-12.1238698952784
30
0
41
1
10
67.7571569401492
20
-12.1435340576717
30
0
0
SPLINE
5
109
100
AcDbEntity
8
1
62
256
6
ByLayer
370
18
48
1
60
0
100
AcDbSpline
70
4
71
3
72
16
73
12
40
0
40
0
40
0
40
0
40
0.125
40
0.125
40
0.250000000000001
40
0.250000000000001
40
0.5
40
0.5
40
0.75
40
0.75
40
1
40
1
40
1
40
1
41
1
10
31.7759417197722
20
6.10382571470672
30
0
41
1
10
31.8119878796965
20
6.08631001541744
30
0
41
1
10
31.8474494681518
20
6.06813682760642
30
0
41
1
10
31.9176351247839
20
6.03097129375439
30
0
41
1
10
31.9523528108766
20
6.01197161617992
30
0
41
1
10
32.0557148360034
20
5.95410597151363
30
0
41
1
10
32.1236259912152
20
5.9143653954487
30
0
41
1
10
32.2580500535318
20
5.83371013275638
30
0
41
1
10
32.3243665906578
20
5.79288921036112
30
0
41
1
10
32.4558088408682
20
5.71064160883822
30
0
41
1
10
32.5209271144186
20
5.66921019661632
30
0
41
1
10
32.5856079927082
20
5.62757601236464
30
0
0
SPLINE
5
10A
100
AcDbEntity
8
1
62
256
6
ByLayer
370
18
48
1
60
0
100
AcDbSpline
70
4
71
3
72
10
73
6
40
0
40
0
40
0
40
0
40
0.5
40
0.5
40
1
40
1
40
1
40
1
41
1
10
32.5856079927074
20
5.62757601236498
30
0
41
1
10
32.8273539104484
20
5.47196751805461
30
0
41
1
10
33.0712129347382
20
5.32086666370603
30
0
41
1
10
33.5618796388191
20
5.02703539458244
30
0
41
1
10
33.8086802553454
20
4.88430235874409
30
0
41
1
10
34.0561251190926
20
4.74506475866684
30
0
0
SPLINE
5
10B
100
AcDbEntity
8
1
62
256
6
ByLayer
370
18
48
1
60
0
100
AcDbSpline
70
4
71
3
72
8
73
4
40
0
40
0
40
0
40
0
40
1
40
1
40
1
40
1
41
1
10
30.0443604987811
20
11.483502434117
30
0
41
1
10
30.013642879965
20
11.5154181129458
30
0
41
1
10
29.9829349402575
20
11.5473627843921
30
0
41
1
10
29.9522367378671
20
11.5793363872095
30
0
0
SPLINE
5
10C
100
AcDbEntity
8
1
62
256
6
ByLayer
370
18
48
1
60
0
100
AcDbSpline
70
4
71
3
72
11
73
7
40
0
40
0
40
0
40
0
40
0.305492723107502
40
0.639431241378629
40
0.973369759649755
40
1
40
1
40
1
40
1
41
1
10
35.6825472690436
20
-10.6955741175051
30
0
41
1
10
35.6825472690436
20
-10.8675944494031
30
0
41
1
10
35.6825472690435
20
-11.1845512741298
30
0
41
1
10
35.6825472690436
20
-11.5238860805358
30
0
41
1
10
35.6825472690436
20
-11.6560196334946
30
0
41
1
10
35.6825472690435
20
-11.6932662969027
30
0
41
1
10
35.6825472690435
20
-11.695845040869
30
0
0
SPLINE
5
10D
100
AcDbEntity
8
1
62
256
6
ByLayer
370
18
48
1
60
0
100
AcDbSpline
70
4
71
3
72
8
73
4
40
0
40
0
40
0
40
0
40
1
40
1
40
1
40
1
41
1
10
34.9404991735933
20
-11.7936094389665
30
0
41
1
10
34.6833301937779
20
-11.8219290702456
30
0
41
1
10
34.4266581518842
20
-11.8444007102635
30
0
41
1
10
34.1703274592791
20
-11.861036347899
30
0
0
SPLINE
5
10E
100
AcDbEntity
8
1
62
256
6
ByLayer
370
18
48
1
60
0
100
AcDbSpline
70
4
71
3
72
31
73
27
40
0
40
0
40
0
40
0
40
0.0248811207893812
40
0.0512595989205094
40
0.0791356562417667
40
0.108509474436199
40
0.139381195749435
40
0.171750922463573
40
0.205618715394352
40
0.240984591607946
40
0.277848521500227
40
0.316210425344031
40
0.356070169385505
40
0.397427561552718
40
0.44028234682875
40
0.484634202330899
40
0.530482732135727
40
0.577827461882439
40
0.626667833188418
40
0.68637258125495
40
0.743953479920762
40
0.799410381922175
40
0.852743289139062
40
0.903952338095466
40
0.953037786365264
40
1
40
1
40
1
40
1
41
1
10
34.5872161372558
20
-6.05162393813703
30
0
41
1
10
34.581672173728
20
-6.03829829070045
30
0
41
1
10
34.5702506083866
20
-6.01084505220945
30
0
41
1
10
34.5528393414316
20
-5.96853343003221
30
0
41
1
10
34.53459383184
20
-5.92389588775396
30
0
41
1
10
34.5155400986203
20
-5.87696192879389
30
0
41
1
10
34.4956804137384
20
-5.82775775143699
30
0
41
1
10
34.4750236680465
20
-5.77631343567219
30
0
41
1
10
34.453576429924
20
-5.72266100506886
30
0
41
1
10
34.4313453836872
20
-5.66683513677245
30
0
41
1
10
34.4083364758281
20
-5.60887311039798
30
0
41
1
10
34.3845549965144
20
-5.54881497917543
30
0
41
1
10
34.3600053970045
20
-5.48670367560288
30
0
41
1
10
34.3346911252373
20
-5.42258514957766
30
0
41
1
10
34.3086146416984
20
-5.35650844466639
30
0
41
1
10
34.2817766140077
20
-5.28852599531044
30
0
41
1
10
34.2541783315581
20
-5.21869305270863
30
0
41
1
10
34.2258114528445
20
-5.14707051386119
30
0
41
1
10
34.1948356091153
20
-5.0690235814975
30
0
41
1
10
34.1618744351127
20
-4.98657985630729
30
0
41
1
10
34.1275131353469
20
-4.90171720241611
30
0
41
1
10
34.0943352742051
20
-4.82079533857015
30
0
41
1
10
34.0623155355555
20
-4.74373206313479
30
0
41
1
10
34.0314352956366
20
-4.67046460369914
30
0
41
1
10
34.0017011864487
20
-4.60085352728709
30
0
41
1
10
33.9821611589831
20
-4.55598085928776
30
0
41
1
10
33.9726071216845
20
-4.53404050406036
30
0
0
SPLINE
5
10F
100
AcDbEntity
8
1
62
256
6
ByLayer
370
18
48
1
60
0
100
AcDbSpline
70
4
71
3
72
8
73
4
40
0
40
0
40
0
40
0
40
1
40
1
40
1
40
1
41
1
10
34.0594840842268
20
4.73902603726722
30
0
41
1
10
34.1119048754872
20
4.707610386255
30
0
41
1
10
34.1655358364932
20
4.67786448588024
30
0
41
1
10
34.2208188961107
20
4.65047782262681
30
0
0
SPLINE
5
110
100
AcDbEntity
8
1
62
256
6
ByLayer
370
18
48
1
60
0
100
AcDbSpline
70
4
71
3
72
29
73
25
40
0
40
0
40
0
40
0
40
0.028926345049908
40
0.0595934909060607
40
0.092001695485402
40
0.126151170009409
40
0.16204207985026
40
0.199674543919323
40
0.23904863291988
40
0.280164366692748
40
0.323021710820702
40
0.367620572614385
40
0.413960796573931
40
0.462042159399996
40
0.511864364614444
40
0.563427036839664
40
0.616729715782142
40
0.671771849958535
40
0.728552790203216
40
0.786231548603989
40
0.842215730523377
40
0.89650521266657
40
0.949099956198031
40
1
40
1
40
1
40
1
41
1
10
34.5872161372558
20
3.47183482821322
30
0
41
1
10
34.5816721737281
20
3.48314101263656
30
0
41
1
10
34.5702506083867
20
3.50643379288422
30
0
41
1
10
34.5528393414317
20
3.54263207658462
30
0
41
1
10
34.53459383184
20
3.5810823290752
30
0
41
1
10
34.5155400986204
20
3.62183711415281
30
0
41
1
10
34.4956804137383
20
3.66492764713976
30
0
41
1
10
34.4750236680469
20
3.71039325867295
30
0
41
1
10
34.4535764299229
20
3.75827272451275
30
0
41
1
10
34.4313453836919
20
3.80860663254296
30
0
41
1
10
34.4083364758099
20
3.86143655235648
30
0
41
1
10
34.3845549965867
20
3.91680511119381
30
0
41
1
10
34.3600053967188
20
3.97475579926876
30
0
41
1
10
34.3346911263639
20
4.03533282894506
30
0
41
1
10
34.3086146372654
20
4.09858100248056
30
0
41
1
10
34.2817766314203
20
4.16454541169688
30
0
41
1
10
34.2541782632809
20
4.23327176226056
30
0
41
1
10
34.2258117201449
20
4.3048041815488
30
0
41
1
10
34.1968399082185
20
4.37882589052276
30
0
41
1
10
34.1677522474297
20
4.45384175873099
30
0
41
1
10
34.1390315632923
20
4.52829460505353
30
0
41
1
10
34.1111268967394
20
4.60099699632025
30
0
41
1
10
34.084029874071
20
4.6718506914379
30
0
41
1
10
34.0661833019774
20
4.718673662892
30
0
41
1
10
34.0574061323761
20
4.74170179174138
30
0
0
SPLINE
5
111
100
AcDbEntity
8
1
62
256
6
ByLayer
370
18
48
1
60
0
100
AcDbSpline
70
4
71
3
72
11
73
7
40
0
40
0
40
0
40
0
40
0.305492723107503
40
0.639431241378629
40
0.973369759649754
40
1
40
1
40
1
40
1
41
1
10
35.6825472690437
20
10.768427887362
30
0
41
1
10
35.6825472690437
20
10.7025155719159
30
0
41
1
10
35.6825472690436
20
10.517941246704
30
0
41
1
10
35.6825472690437
20
10.0917172792696
30
0
41
1
10
35.6825472690437
20
9.68346110029236
30
0
41
1
10
35.6825472690436
20
9.44481263811537
30
0
41
1
10
35.6825472690436
20
9.4270235590885
30
0
0
SPLINE
5
112
100
AcDbEntity
8
1
62
256
6
ByLayer
370
13
48
1
60
0
100
AcDbSpline
70
4
71
3
72
10
73
6
40
0
40
0
40
0
40
0
40
0.317604920808503
40
0.658802460404252
40
1
40
1
40
1
40
1
41
1
10
37.0000000000003
20
11.0786378524007
30
0
41
1
10
37.0000000000003
20
10.9573672450891
30
0
41
1
10
37.0000000000004
20
10.6567201773371
30
0
41
1
10
37.0000000000003
20
10.0512640171095
30
0
41
1
10
37.0000000000001
20
9.53836822266308
30
0
41
1
10
37
20
9.25865132891693
30
0
0
SPLINE
5
113
100
AcDbEntity
8
1
62
256
6
ByLayer
370
13
48
1
60
0
100
AcDbSpline
70
4
71
3
72
8
73
4
40
0
40
0
40
0
40
0
40
1
40
1
40
1
40
1
41
1
10
113.445561258404
20
-10.189111270897
30
0
41
1
10
113.434071091036
20
-10.1325644041231
30
0
41
1
10
113.422552131543
20
-10.075875841898
30
0
41
1
10
113.411005749159
20
-10.0190523226669
30
0
0
SPLINE
5
114
100
AcDbEntity
8
1
62
256
6
ByLayer
370
18
48
1
60
0
100
AcDbSpline
70
4
71
3
72
25
73
21
40
0
40
0
40
0
40
0
40
0.249999999999931
40
0.249999999999931
40
0.312499999999926
40
0.312499999999926
40
0.37499999999992
40
0.499999999999957
40
0.499999999999957
40
0.562499999999977
40
0.562499999999977
40
0.624999999999998
40
0.624999999999998
40
0.750000000000039
40
0.750000000000039
40
0.875000000000081
40
0.875000000000081
40
0.93750000000004
40
0.93750000000004
40
1
40
1
40
1
40
1
41
1
10
113.972894208726
20
-9.92114730490414
30
0
41
1
10
113.973730382157
20
-9.95947400889639
30
0
41
1
10
113.968412613745
20
-9.9969035078677
30
0
41
1
10
113.954082880454
20
-10.0425703193219
30
0
41
1
10
113.950815796562
20
-10.0516638125981
30
0
41
1
10
113.943590831588
20
-10.0694600785414
30
0
41
1
10
113.931690545219
20
-10.0956677387659
30
0
41
1
10
113.916674592831
20
-10.1204485456923
30
0
41
1
10
113.899586842544
20
-10.1442805501334
30
0
41
1
10
113.893545242195
20
-10.1520662420379
30
0
41
1
10
113.880754970847
20
-10.1673138151169
30
0
41
1
10
113.873997920124
20
-10.1747783095384
30
0
41
1
10
113.852970747027
20
-10.1963375189787
30
0
41
1
10
113.837852957682
20
-10.2097228021825
30
0
41
1
10
113.805470930404
20
-10.2345658267538
30
0
41
1
10
113.788208041016
20
-10.2460247791347
30
0
41
1
10
113.760664124373
20
-10.2617318587374
30
0
41
1
10
113.751212445331
20
-10.2667115150756
30
0
41
1
10
113.732043783986
20
-10.2760207493238
30
0
41
1
10
113.722291892528
20
-10.2803709479251
30
0
41
1
10
113.712375122455
20
-10.2844216008758
30
0
0
SPLINE
5
115
100
AcDbEntity
8
1
62
256
6
ByLayer
370
13
48
1
60
0
100
AcDbSpline
70
4
71
1
72
4
73
2
40
0
40
0
40
1
40
1
41
1
10
113.715507805009
20
-8.64458385822724
30
0
41
1
10
113.971993048738
20
-9.9068315210971
30
0
0
SPLINE
5
116
100
AcDbEntity
8
1
62
256
6
ByLayer
370
18
48
1
60
0
100
AcDbSpline
70
4
71
3
72
20
73
16
40
0
40
0
40
0
40
0
40
0.125000000000016
40
0.125000000000016
40
0.250000000000033
40
0.250000000000033
40
0.500000000000037
40
0.500000000000037
40
0.562500000000038
40
0.562500000000038
40
0.625000000000039
40
0.625000000000039
40
0.750000000000039
40
0.750000000000039
40
1
40
1
40
1
40
1
41
1
10
107.092450040438
20
1.56465018105334
30
0
41
1
10
107.114997300763
20
1.60642656529174
30
0
41
1
10
107.139074393773
20
1.64808617595591
30
0
41
1
10
107.190017233018
20
1.73164163345169
30
0
41
1
10
107.216884000315
20
1.77353831183859
30
0
41
1
10
107.301635877139
20
1.89987435437681
30
0
41
1
10
107.363647345278
20
1.98496004424058
30
0
41
1
10
107.449132058407
20
2.09194663396053
30
0
41
1
10
107.466656279632
20
2.11340526326876
30
0
41
1
10
107.502189615777
20
2.15596280392563
30
0
41
1
10
107.520235610548
20
2.1771093150858
30
0
41
1
10
107.575218581442
20
2.24014070459108
30
0
41
1
10
107.61300021919
20
2.2816167962317
30
0
41
1
10
107.729892440555
20
2.40418650008692
30
0
41
1
10
107.812523706947
20
2.48343925435961
30
0
41
1
10
107.90055278075
20
2.55950546497718
30
0
0
SPLINE
5
117
100
AcDbEntity
8
1
62
256
6
ByLayer
370
18
48
1
60
0
100
AcDbSpline
70
4
71
3
72
63
73
59
40
0
40
0
40
0
40
0
40
0.0156250000000153
40
0.0156250000000153
40
0.0312500000000306
40
0.0312500000000306
40
0.0625000000000613
40
0.0625000000000613
40
0.125000000000123
40
0.125000000000123
40
0.187500000000184
40
0.187500000000184
40
0.203125000000202
40
0.203125000000202
40
0.218750000000221
40
0.250000000000246
40
0.250000000000246
40
0.312500000000283
40
0.312500000000283
40
0.343750000000296
40
0.359375000000298
40
0.359375000000298
40
0.3750000000003
40
0.3750000000003
40
0.43750000000028
40
0.43750000000028
40
0.500000000000259
40
0.500000000000259
40
0.531250000000249
40
0.531250000000249
40
0.546875000000241
40
0.546875000000241
40
0.562500000000233
40
0.562500000000233
40
0.625000000000202
40
0.625000000000202
40
0.687500000000171
40
0.687500000000171
40
0.718750000000156
40
0.718750000000156
40
0.734375000000149
40
0.734375000000149
40
0.750000000000141
40
0.750000000000141
40
0.81250000000011
40
0.81250000000011
40
0.843750000000094
40
0.843750000000094
40
0.859375000000089
40
0.859375000000089
40
0.875000000000085
40
0.875000000000085
40
0.937500000000042
40
0.937500000000042
40
0.953125000000032
40
0.953125000000032
40
0.968750000000021
40
1
40
1
40
1
40
1
41
1
10
112.761659524622
20
-4.832E-13
30
0
41
1
10
112.742477514063
20
-0.0112181348766285
30
0
41
1
10
112.723410198138
20
-0.0227130566675271
30
0
41
1
10
112.685498960866
20
-0.046247386756562
30
0
41
1
10
112.666624254115
20
-0.0583075551431875
30
0
41
1
10
112.610644833626
20
-0.0950797191637491
30
0
41
1
10
112.574139462756
20
-0.120405400413716
30
0
41
1
10
112.466897415487
20
-0.198558710755066
30
0
41
1
10
112.398428090079
20
-0.253554193440522
30
0
41
1
10
112.26681478131
20
-0.368185163114902
30
0
41
1
10
112.20367058867
20
-0.427820609013167
30
0
41
1
10
112.127752443703
20
-0.504719045465095
30
0
41
1
10
112.112703815322
20
-0.520234907363857
30
0
41
1
10
112.083106456076
20
-0.551276224268548
30
0
41
1
10
112.039389585713
20
-0.597923152887944
30
0
41
1
10
111.997633743896
20
-0.644761848023307
30
0
41
1
10
111.916572502698
20
-0.73856584852706
30
0
41
1
10
111.865786087767
20
-0.801259020641027
30
0
41
1
10
111.794072108037
20
-0.895246592164625
30
0
41
1
10
111.759336386109
20
-0.942231835839237
30
0
41
1
10
111.72624848454
20
-0.989188724956875
30
0
41
1
10
111.704555361711
20
-1.0204877925388
30
0
41
1
10
111.693895869473
20
-1.03612896413037
30
0
41
1
10
111.641811203642
20
-1.1138664553784
30
0
41
1
10
111.6037433583
20
-1.17492242922609
30
0
41
1
10
111.534398565337
20
-1.29523501088877
30
0
41
1
10
111.503122689378
20
-1.35449240975697
30
0
41
1
10
111.461394321766
20
-1.4424793596244
30
0
41
1
10
111.44835309439
20
-1.47165940609719
30
0
41
1
10
111.430143134039
20
-1.51527136745213
30
0
41
1
10
111.424299662509
20
-1.52978197779922
30
0
41
1
10
111.413129225366
20
-1.5586164959349
30
0
41
1
10
111.407794353468
20
-1.57295890826308
30
0
41
1
10
111.382379826029
20
-1.64433124247125
30
0
41
1
10
111.366054572241
20
-1.70034299708593
30
0
41
1
10
111.342016651224
20
-1.81104901346404
30
0
41
1
10
111.334295631702
20
-1.86573899164421
30
0
41
1
10
111.330177285054
20
-1.94745094146626
30
0
41
1
10
111.330054820487
20
-1.97463507446042
30
0
41
1
10
111.331950357337
20
-2.01542811378292
30
0
41
1
10
111.332929375937
20
-2.02902872494866
30
0
41
1
10
111.335624692459
20
-2.0562538630447
30
0
41
1
10
111.337341654039
20
-2.06986854534688
30
0
41
1
10
111.347797837816
20
-2.13756310978917
30
0
41
1
10
111.362128388366
20
-2.19087218522355
30
0
41
1
10
111.394367484978
20
-2.27026410056152
30
0
41
1
10
111.406914555724
20
-2.29663335564376
30
0
41
1
10
111.428790923706
20
-2.3361475716367
30
0
41
1
10
111.436615215735
20
-2.34934467183868
30
0
41
1
10
111.453209721986
20
-2.37551723571218
30
0
41
1
10
111.461984181185
20
-2.38850537244372
30
0
41
1
10
111.508313442425
20
-2.45298938242496
30
0
41
1
10
111.553176827306
20
-2.50311299366686
30
0
41
1
10
111.620701939278
20
-2.56448483117009
30
0
41
1
10
111.634822308936
20
-2.57672531520103
30
0
41
1
10
111.663953791132
20
-2.60083418691488
30
0
41
1
10
111.709054634266
20
-2.63650883038699
30
0
41
1
10
111.758364944056
20
-2.67080624646638
30
0
41
1
10
111.793130909163
20
-2.69313356264817
30
0
0
SPLINE
5
118
100
AcDbEntity
8
1
62
256
6
ByLayer
370
18
48
1
60
0
100
AcDbSpline
70
4
71
3
72
54
73
50
40
0
40
0
40
0
40
0
40
0.0624999999999929
40
0.0624999999999929
40
0.0781249999999883
40
0.0781249999999883
40
0.0937499999999838
40
0.0937499999999838
40
0.124999999999975
40
0.124999999999975
40
0.187499999999957
40
0.187499999999957
40
0.203124999999953
40
0.203124999999953
40
0.21874999999995
40
0.249999999999943
40
0.249999999999943
40
0.312499999999928
40
0.312499999999928
40
0.343749999999922
40
0.343749999999922
40
0.359374999999918
40
0.359374999999918
40
0.374999999999914
40
0.374999999999914
40
0.437499999999903
40
0.437499999999903
40
0.499999999999892
40
0.499999999999892
40
0.562499999999882
40
0.562499999999882
40
0.578124999999883
40
0.578124999999883
40
0.593749999999884
40
0.624999999999886
40
0.624999999999886
40
0.68749999999989
40
0.68749999999989
40
0.749999999999894
40
0.749999999999894
40
0.812499999999898
40
0.874999999999903
40
0.874999999999903
40
0.906249999999912
40
0.921874999999924
40
0.921874999999924
40
0.937499999999936
40
0.937499999999936
40
1
40
1
40
1
40
1
41
1
10
111.683984921923
20
1.50115105835331
30
0
41
1
10
111.615584259751
20
1.47406840619024
30
0
41
1
10
111.556496952539
20
1.43932809095898
30
0
41
1
10
111.49305829863
20
1.38824197422892
30
0
41
1
10
111.480894813192
20
1.37763849201673
30
0
41
1
10
111.457597697107
20
1.35569555939705
30
0
41
1
10
111.446452950812
20
1.34433778970677
30
0
41
1
10
111.414928933662
20
1.30967291125424
30
0
41
1
10
111.39629727109
20
1.28564145090908
30
0
41
1
10
111.346685719658
20
1.21134473320811
30
0
41
1
10
111.321940296157
20
1.1588993274793
30
0
41
1
10
111.299596978263
20
1.09102437828301
30
0
41
1
10
111.295575193362
20
1.07736755106217
30
0
41
1
10
111.288409034505
20
1.05005958706792
30
0
41
1
10
111.278955423367
20
1.00903952713293
30
0
41
1
10
111.27312610007
20
0.967935082900851
30
0
41
1
10
111.265771393914
20
0.885819664080287
30
0
41
1
10
111.266575354866
20
0.831203467580337
30
0
41
1
10
111.275012931094
20
0.750174517720296
30
0
41
1
10
111.279039685686
20
0.723313017683779
30
0
41
1
10
111.28680200131
20
0.68332694829283
30
0
41
1
10
111.289679216095
20
0.670042940058465
30
0
41
1
10
111.2959602359
20
0.643728828773419
30
0
41
1
10
111.299367023616
20
0.63068141334648
30
0
41
1
10
111.317679459255
20
0.566012962439913
30
0
41
1
10
111.336393213525
20
0.516092506228659
30
0
41
1
10
111.381074034192
20
0.420483096453665
30
0
41
1
10
111.407045586055
20
0.374792873006498
30
0
41
1
10
111.465979786604
20
0.288401168600984
30
0
41
1
10
111.498941483793
20
0.247698236572802
30
0
41
1
10
111.54468819887
20
0.200534030436984
30
0
41
1
10
111.554076447784
20
0.19127877921494
30
0
41
1
10
111.57321185669
20
0.173256621795218
30
0
41
1
10
111.602484391124
20
0.146921808926123
30
0
41
1
10
111.63346039887
20
0.122718046668183
30
0
41
1
10
111.69771115962
20
0.0772504102102971
30
0
41
1
10
111.743595323019
20
0.0508602206205069
30
0
41
1
10
111.841957427455
20
0.0064386604652498
30
0
41
1
10
111.894455365183
20
-0.0115945001874138
30
0
41
1
10
112.006944455024
20
-0.0388563085565465
30
0
41
1
10
112.124488664
20
-0.0567224102003934
30
0
41
1
10
112.253095955806
20
-0.0577684256629709
30
0
41
1
10
112.354265629663
20
-0.0531534717056275
30
0
41
1
10
112.406031968968
20
-0.0494990015343717
30
0
41
1
10
112.459705226726
20
-0.0440206100950604
30
0
41
1
10
112.495928242262
20
-0.0399868146745064
30
0
41
1
10
112.514282887801
20
-0.0377758135134059
30
0
41
1
10
112.606676568903
20
-0.0258986317327299
30
0
41
1
10
112.682876163905
20
-0.0137412235031888
30
0
41
1
10
112.761659524622
20
-4.547E-13
30
0
0
SPLINE
5
119
100
AcDbEntity
8
1
62
256
6
ByLayer
370
18
48
1
60
0
100
AcDbSpline
70
4
71
3
72
26
73
22
40
0
40
0
40
0
40
0
40
0.249999999999992
40
0.249999999999992
40
0.374999999999995
40
0.374999999999995
40
0.499999999999998
40
0.499999999999998
40
0.625000000000001
40
0.625000000000001
40
0.750000000000004
40
0.750000000000004
40
0.812499999999998
40
0.812499999999998
40
0.874999999999993
40
0.874999999999993
40
0.937499999999987
40
0.937499999999987
40
0.968749999999994
40
0.968749999999994
40
1
40
1
40
1
40
1
41
1
10
113.639343317822
20
-8.64788114155201
30
0
41
1
10
113.647316114546
20
-8.65702796019639
30
0
41
1
10
113.655197963275
20
-8.66542491174263
30
0
41
1
10
113.66677965947
20
-8.67624805269219
30
0
41
1
10
113.670594630509
20
-8.67955209005143
30
0
41
1
10
113.678105255007
20
-8.68536546291904
30
0
41
1
10
113.681807153762
20
-8.68788066609699
30
0
41
1
10
113.68901859948
20
-8.69179816892714
30
0
41
1
10
113.692520479131
20
-8.69320324958829
30
0
41
1
10
113.699218017937
20
-8.69438070581282
30
0
41
1
10
113.702417853804
20
-8.69417535076062
30
0
41
1
10
113.706830773505
20
-8.69180479782642
30
0
41
1
10
113.708222446624
20
-8.6906684717778
30
0
41
1
10
113.710779970725
20
-8.6874894999165
30
0
41
1
10
113.711954944574
20
-8.68543219296626
30
0
41
1
10
113.713966044565
20
-8.6801224306187
30
0
41
1
10
113.714791653712
20
-8.67690604050108
30
0
41
1
10
113.715683735235
20
-8.67100071891016
30
0
41
1
10
113.715923073158
20
-8.66885121776858
30
0
41
1
10
113.716267734739
20
-8.66413402134222
30
0
41
1
10
113.716371324311
20
-8.66156459671606
30
0
41
1
10
113.71639883694
20
-8.65884979853806
30
0
0
SPLINE
5
11A
100
AcDbEntity
8
1
62
256
6
ByLayer
370
18
48
1
60
0
100
AcDbSpline
70
4
71
1
72
4
73
2
40
0
40
0
40
1
40
1
41
1
10
113.716398836939
20
-8.6588497985376
30
0
41
1
10
113.715507805009
20
-8.64458385822724
30
0
0
SPLINE
5
11B
100
AcDbEntity
8
1
62
256
6
ByLayer
370
18
48
1
60
0
100
AcDbSpline
70
4
71
1
72
4
73
2
40
0
40
0
40
1
40
1
41
1
10
113.715507805009
20
-8.64458385822724
30
0
41
1
10
113.711779453462
20
-8.58489077784617
30
0
0
SPLINE
5
11C
100
AcDbEntity
8
1
62
256
6
ByLayer
370
18
48
1
60
0
100
AcDbSpline
70
4
71
3
72
16
73
12
40
0
40
0
40
0
40
0
40
0.25
40
0.25
40
0.5
40
0.5
40
0.625
40
0.625
40
0.75
40
0.75
40
1
40
1
40
1
40
1
41
1
10
37.0216521442281
20
11.0747818587656
30
0
41
1
10
37.0199535195626
20
10.9788874562364
30
0
41
1
10
37.0182503460081
20
10.8687857185979
30
0
41
1
10
37.0147466672485
20
10.6204776168252
30
0
41
1
10
37.0130729928327
20
10.482258464406
30
0
41
1
10
37.0104277584295
20
10.2536226475194
30
0
41
1
10
37.0095251530992
20
10.174095320245
30
0
41
1
10
37.0077170476995
20
10.0085680214715
30
0
41
1
10
37.0068239144538
20
9.92254908047289
30
0
41
1
10
37.0041231062924
20
9.65475822966388
30
0
41
1
10
37.0022456171169
20
9.46327490662043
30
0
41
1
10
37.0004518209294
20
9.25867863249661
30
0
0
SPLINE
5
11D
100
AcDbEntity
8
1
62
256
6
ByLayer
370
13
48
1
60
0
100
AcDbSpline
70
4
71
3
72
8
73
4
40
0
40
0
40
0
40
0
40
1
40
1
40
1
40
1
41
1
10
37.0004518209294
20
9.25867863249667
30
0
41
1
10
37.0003041620472
20
9.25869140233226
30
0
41
1
10
37.0001565031071
20
9.25870417252949
30
0
41
1
10
37.0000088441093
20
9.25871694308839
30
0
0
SPLINE
5
11E
100
AcDbEntity
8
1
62
256
6
ByLayer
370
18
48
1
60
0
100
AcDbSpline
70
4
71
3
72
18
73
14
40
0
40
0
40
0
40
0
40
0.25
40
0.25
40
0.375
40
0.375
40
0.4375
40
0.4375
40
0.500000000000001
40
0.500000000000001
40
0.75
40
0.75
40
1
40
1
40
1
40
1
41
1
10
41.4233482791155
20
9.09691585748203
30
0
41
1
10
41.4226585624618
20
8.89845675123473
30
0
41
1
10
41.4220131920149
20
8.68806826463282
30
0
41
1
10
41.4210050539912
20
8.35478192324578
30
0
41
1
10
41.4206702880979
20
8.24073115230482
30
0
41
1
10
41.4201762882037
20
8.06520777578169
30
0
41
1
10
41.4200093927233
20
8.00595883220669
30
0
41
1
10
41.4196780696016
20
7.88597271608666
30
0
41
1
10
41.4195145844654
20
7.82521151161538
30
0
41
1
10
41.418697385565
20
7.51793550071633
30
0
41
1
10
41.4179839679823
20
7.26200514731781
30
0
41
1
10
41.4166810318157
20
6.7301239997274
30
0
41
1
10
41.4160485299805
20
6.45417632898642
30
0
41
1
10
41.4153455492326
20
6.16811662461069
30
0
0
SPLINE
5
11F
100
AcDbEntity
8
1
62
256
6
ByLayer
370
13
48
1
60
0
100
AcDbSpline
70
4
71
3
72
13
73
9
40
0
40
0
40
0
40
0
40
0.0381100871566444
40
0.151492674114352
40
0.378257848029768
40
0.605023021945184
40
0.831788195860599
40
1
40
1
40
1
40
1
41
1
10
42.4735975122238
20
5.21638948772406
30
0
41
1
10
42.4785207033987
20
5.21784664166816
30
0
41
1
10
42.497901232228
20
5.22384946991158
30
0
41
1
10
42.5445076004044
20
5.24092341904193
30
0
41
1
10
42.6105993714631
20
5.27410057395306
30
0
41
1
10
42.6799590193649
20
5.32619319903588
30
0
41
1
10
42.7293272335096
20
5.38261167873316
30
0
41
1
10
42.7512541030588
20
5.42146513734554
30
0
41
1
10
42.7588082301485
20
5.43827468981524
30
0
0
SPLINE
5
120
100
AcDbEntity
8
1
62
256
6
ByLayer
370
18
48
1
60
0
100
AcDbSpline
70
4
71
3
72
8
73
4
40
0
40
0
40
0
40
0
40
1
40
1
40
1
40
1
41
1
10
34.5802935503438
20
3.47164278609097
30
0
41
1
10
34.5840595381434
20
3.46277855513168
30
0
41
1
10
34.5877952559938
20
3.45392672677795
30
0
41
1
10
34.5914979324861
20
3.44508691471162
30
0
0
SPLINE
5
121
100
AcDbEntity
8
1
62
256
6
ByLayer
370
18
48
1
60
0
100
AcDbSpline
70
4
71
3
72
22
73
18
40
0
40
0
40
0
40
0
40
0.125
40
0.125
40
0.25
40
0.25
40
0.375
40
0.375
40
0.5
40
0.5
40
0.625
40
0.625
40
0.75
40
0.75
40
0.875
40
0.875
40
1
40
1
40
1
40
1
41
1
10
24.9850626512058
20
10.987998591518
30
0
41
1
10
25.2408263218538
20
10.7459471878922
30
0
41
1
10
25.4990977038758
20
10.5073235024353
30
0
41
1
10
26.0213007692302
20
10.0378435050189
30
0
41
1
10
26.2852331781822
20
9.80698772647136
30
0
41
1
10
26.8194594778171
20
9.35408494190514
30
0
41
1
10
27.0897545831652
20
9.132039167594
30
0
41
1
10
27.6374343278762
20
8.69790144501332
30
0
41
1
10
27.9148207159692
20
8.48581157042111
30
0
41
1
10
28.4773936071852
20
8.07278526204414
30
0
41
1
10
28.76258235604
20
7.87185178761993
30
0
41
1
10
29.3413929221934
20
7.48231700472638
30
0
41
1
10
29.6350173459317
20
7.29371944253694
30
0
41
1
10
30.2311811742936
20
6.9299131969984
30
0
41
1
10
30.533723318928
20
6.75470879659582
30
0
41
1
10
31.147972299262
20
6.41850201869377
30
0
41
1
10
31.4596817184545
20
6.25750408410693
30
0
41
1
10
31.7759417197721
20
6.10382571470652
30
0
0
SPLINE
5
122
100
AcDbEntity
8
1
62
256
6
ByLayer
370
18
48
1
60
0
100
AcDbSpline
70
4
71
3
72
22
73
18
40
0
40
0
40
0
40
0
40
0.250000000000025
40
0.250000000000025
40
0.50000000000005
40
0.50000000000005
40
0.625000000000062
40
0.625000000000062
40
0.750000000000074
40
0.750000000000074
40
0.812500000000056
40
0.812500000000056
40
0.875000000000037
40
0.875000000000037
40
0.937500000000019
40
0.937500000000019
40
1
40
1
40
1
40
1
41
1
10
113.639343317822
20
6.10237104925071
30
0
41
1
10
113.647320780981
20
6.07327367461448
30
0
41
1
10
113.655196861658
20
6.04413197960861
30
0
41
1
10
113.670629261907
20
5.98573864262116
30
0
41
1
10
113.678192279673
20
5.95647880826672
30
0
41
1
10
113.688982183968
20
5.91294930354783
30
0
41
1
10
113.692489141997
20
5.89848559218618
30
0
41
1
10
113.699230852342
20
5.86969817335597
30
0
41
1
10
113.702448031227
20
5.85545530071002
30
0
41
1
10
113.706833371825
20
5.83471962755908
30
0
41
1
10
113.70822902711
20
5.82787219205386
30
0
41
1
10
113.710787493341
20
5.81461639558708
30
0
41
1
10
113.711947409787
20
5.80822749409125
30
0
41
1
10
113.713946704412
20
5.79609174388986
30
0
41
1
10
113.714793137335
20
5.79028228879116
30
0
41
1
10
113.715989071829
20
5.77994874831847
30
0
41
1
10
113.716343423379
20
5.77541433523629
30
0
41
1
10
113.716398836942
20
5.77166548253174
30
0
0
SPLINE
5
123
100
AcDbEntity
8
1
62
256
6
ByLayer
370
13
48
1
60
0
100
AcDbSpline
70
4
71
3
72
8
73
4
40
0
40
0
40
0
40
0
40
1
40
1
40
1
40
1
41
1
10
113.445561258404
20
4.33111596991142
30
0
41
1
10
113.434071091036
20
4.41330515565076
30
0
41
1
10
113.422552131543
20
4.49570029150601
30
0
41
1
10
113.411005749159
20
4.57829158334764
30
0
0
SPLINE
5
124
100
AcDbEntity
8
1
62
256
6
ByLayer
370
18
48
1
60
0
100
AcDbSpline
70
4
71
3
72
25
73
21
40
0
40
0
40
0
40
0
40
0.249999999999855
40
0.249999999999855
40
0.312499999999819
40
0.312499999999819
40
0.374999999999784
40
0.499999999999722
40
0.499999999999722
40
0.562499999999733
40
0.562499999999733
40
0.624999999999744
40
0.624999999999744
40
0.749999999999868
40
0.749999999999868
40
0.874999999999993
40
0.874999999999993
40
0.937499999999996
40
0.937499999999996
40
1
40
1
40
1
40
1
41
1
10
113.972894208727
20
3.93695367401861
30
0
41
1
10
113.973730382157
20
3.95095185463836
30
0
41
1
10
113.968412613744
20
3.96524016700064
30
0
41
1
10
113.954082880452
20
3.98346275517594
30
0
41
1
10
113.95081579656
20
3.98713302412159
30
0
41
1
10
113.943590831586
20
3.9943995727902
30
0
41
1
10
113.931690545218
20
4.00522759666285
30
0
41
1
10
113.916674592829
20
4.01584514450849
30
0
41
1
10
113.899586842542
20
4.02632273390299
30
0
41
1
10
113.893545242193
20
4.02979191135611
30
0
41
1
10
113.880754970845
20
4.03668250073795
30
0
41
1
10
113.873997920121
20
4.04010571681408
30
0
41
1
10
113.852970747026
20
4.05014496987789
30
0
41
1
10
113.83785295768
20
4.05658571254821
30
0
41
1
10
113.805470930403
20
4.06897513928143
30
0
41
1
10
113.788208041015
20
4.07492413248906
30
0
41
1
10
113.760664124372
20
4.08346946681917
30
0
41
1
10
113.75121244533
20
4.08625106644641
30
0
41
1
10
113.732043783985
20
4.09160212706107
30
0
41
1
10
113.722291892528
20
4.09418268058045
30
0
41
1
10
113.712375122455
20
4.09666977761941
30
0
0
SPLINE
5
125
100
AcDbEntity
8
1
62
256
6
ByLayer
370
18
48
1
60
0
100
AcDbSpline
70
4
71
1
72
4
73
2
40
0
40
0
40
1
40
1
41
1
10
113.716398836939
20
5.77166548257483
30
0
41
1
10
113.715507805009
20
5.7664237426589
30
0
0
SPLINE
5
126
100
AcDbEntity
8
1
62
256
6
ByLayer
370
18
48
1
60
0
100
AcDbSpline
70
4
71
3
72
50
73
46
40
0
40
0
40
0
40
0
40
0.0268150466456833
40
0.0268150466456833
40
0.104091812205788
40
0.104091812205788
40
0.181368577765893
40
0.181368577765893
40
0.220006960545945
40
0.220006960545945
40
0.229666556240958
40
0.229666556240958
40
0.239326151935971
40
0.258645343325998
40
0.335922108886103
40
0.335922108886103
40
0.374560491666154
40
0.374560491666154
40
0.384220087361166
40
0.384220087361166
40
0.393879683056178
40
0.413198874446201
40
0.413198874446201
40
0.490475640006295
40
0.490475640006295
40
0.645029171126484
40
0.645029171126484
40
0.683667553906532
40
0.683667553906532
40
0.702986745296556
40
0.702986745296556
40
0.72230593668658
40
0.72230593668658
40
0.799582702246676
40
0.799582702246676
40
0.838221085026724
40
0.857540276416748
40
0.857540276416748
40
0.867199872111762
40
0.867199872111762
40
0.876859467806774
40
0.95413623336689
40
0.95413623336689
40
0.992774616146948
40
1
40
1
40
1
40
1
41
1
10
61.1170289214811
20
7.24612210853704
30
0
41
1
10
61.3814584633147
20
7.19100781606556
30
0
41
1
10
61.6456584571988
20
7.13199785325449
30
0
41
1
10
62.670751054658
20
6.88815448203013
30
0
41
1
10
63.4307147582738
20
6.67551056655765
30
0
41
1
10
64.9533940786633
20
6.19129081084745
30
0
41
1
10
65.7161036441903
20
5.91970855630603
30
0
41
1
10
66.8659462288927
20
5.47149775273797
30
0
41
1
10
67.2501914896184
20
5.31528999492721
30
0
41
1
10
67.7321066395638
20
5.11189851296419
30
0
41
1
10
67.828527196005
20
5.07083155170187
30
0
41
1
10
68.0212278259018
20
4.98803064720073
30
0
41
1
10
68.3101676887305
20
4.86278685233907
30
0
41
1
10
69.3685577107254
20
4.39234507144363
30
0
41
1
10
70.3285314155941
20
3.93220724644249
30
0
41
1
10
71.482195984845
20
3.35469259787922
30
0
41
1
10
71.8670332910878
20
3.15796281313396
30
0
41
1
10
72.348832948638
20
2.90738321154365
30
0
41
1
10
72.4452713193762
20
2.85701253337294
30
0
41
1
10
72.6379961024015
20
2.75594476023707
30
0
41
1
10
72.926843781434
20
2.60386019836824
30
0
41
1
10
73.2150189835471
20
2.45041032594383
30
0
41
1
10
74.1743099152336
20
1.93624168589338
30
0
41
1
10
74.9376136576851
20
1.51638162225484
30
0
41
1
10
77.2226179164824
20
0.24479062312264
30
0
41
1
10
78.7393638907452
20
-0.619038869915272
30
0
41
1
10
80.6514834093177
20
-1.67463481732048
30
0
41
1
10
81.0347198857667
20
-1.88453848858796
30
0
41
1
10
81.6112700682368
20
-2.19670545081885
30
0
41
1
10
81.8037361776285
20
-2.30031276248838
30
0
41
1
10
82.1893151621853
20
-2.50648300600091
30
0
41
1
10
82.3820471858853
20
-2.60884169315645
30
0
41
1
10
83.344813862147
20
-3.11625128661885
30
0
41
1
10
84.113005556136
20
-3.50859109932534
30
0
41
1
10
85.2660739158063
20
-4.07068422581762
30
0
41
1
10
85.8428023970389
20
-4.34512854802315
30
0
41
1
10
86.4205384865034
20
-4.60854053165278
30
0
41
1
10
86.709634772525
20
-4.7383129800744
30
0
41
1
10
86.8060647434204
20
-4.78125982366004
30
0
41
1
10
86.99882987989
20
-4.86641353641491
30
0
41
1
10
87.8659230659365
20
-5.24631280625724
30
0
41
1
10
88.730282958447
20
-5.59606551960616
30
0
41
1
10
89.8833400747763
20
-6.02204313296036
30
0
41
1
10
90.3396797925008
20
-6.18260546259251
30
0
41
1
10
90.7966022628502
20
-6.33315282501951
30
0
41
1
10
90.8686024523616
20
-6.35661900225455
30
0
0
SPLINE
5
127
100
AcDbEntity
8
1
62
256
6
ByLayer
370
18
48
1
60
0
100
AcDbSpline
70
4
71
3
72
36
73
32
40
0
40
0
40
0
40
0
40
0.215007527813974
40
0.215007527813974
40
0.228445498302347
40
0.228445498302347
40
0.241883468790721
40
0.268759409767469
40
0.322511291720964
40
0.322511291720964
40
0.430015055627956
40
0.430015055627956
40
0.537518819534948
40
0.537518819534948
40
0.645022583441939
40
0.645022583441939
40
0.658460553930313
40
0.658460553930313
40
0.671898524418687
40
0.698774465395434
40
0.752526347348927
40
0.752526347348927
40
0.860030111255913
40
0.860030111255913
40
0.886906052232659
40
0.886906052232659
40
0.913781993209404
40
0.913781993209404
40
0.967533875162894
40
0.967533875162894
40
1
40
1
40
1
40
1
41
1
10
34.2196043868248
20
4.65369674188258
30
0
41
1
10
35.7673949104608
20
3.9584850694271
30
0
41
1
10
37.3047359823964
20
3.18122654065314
30
0
41
1
10
38.9488231278231
20
2.30298499518986
30
0
41
1
10
39.045570860289
20
2.2511325236577
30
0
41
1
10
39.2388281994902
20
2.14723561542766
30
0
41
1
10
39.5284795390438
20
1.99103694554586
30
0
41
1
10
40.2027973349222
20
1.62429571746375
30
0
41
1
10
40.7785166558695
20
1.30670541118425
30
0
41
1
10
41.9278809263258
20
0.668930665951933
30
0
41
1
10
42.6913608851203
20
0.240294168535627
30
0
41
1
10
44.2177208456689
20
-0.614925183036945
30
0
41
1
10
44.980594831698
20
-1.04151898810579
30
0
41
1
10
46.5106341490703
20
-1.8837606353018
30
0
41
1
10
47.277793308659
20
-2.29941961202442
30
0
41
1
10
48.1461022217168
20
-2.75571740747373
30
0
41
1
10
48.2426541475961
20
-2.80625965000868
30
0
41
1
10
48.4359145321677
20
-2.90701055711307
30
0
41
1
10
48.7261632086799
20
-3.0576996567346
30
0
41
1
10
49.4025786111139
20
-3.40428008658384
30
0
41
1
10
49.9813015113574
20
-3.69217467801605
30
0
41
1
10
51.1382926552485
20
-4.25426819754793
30
0
41
1
10
51.9090116651119
20
-4.61073808711214
30
0
41
1
10
52.8748448910369
20
-5.02866136453034
30
0
41
1
10
53.0681334169042
20
-5.11086270588882
30
0
41
1
10
53.4550351355404
20
-5.272376746595
30
0
41
1
10
53.6484067631627
20
-5.3515878240153
30
0
41
1
10
54.2280187391199
20
-5.58428506414961
30
0
41
1
10
54.6139217548882
20
-5.73290400890897
30
0
41
1
10
55.2326145409969
20
-5.96026797196407
30
0
41
1
10
55.4655211812265
20
-6.04337720850799
30
0
41
1
10
55.6984308070276
20
-6.12390200996737
30
0
0
SPLINE
5
128
100
AcDbEntity
8
1
62
256
6
ByLayer
370
18
48
1
60
0
100
AcDbSpline
70
4
71
3
72
35
73
31
40
0
40
0
40
0
40
0
40
0.102819831481553
40
0.102819831481553
40
0.205639662963107
40
0.205639662963107
40
0.257049578703883
40
0.282754536574272
40
0.282754536574272
40
0.308459494444661
40
0.308459494444661
40
0.411279325926207
40
0.411279325926207
40
0.514099157407753
40
0.514099157407753
40
0.565509073148532
40
0.565509073148532
40
0.591214031018923
40
0.591214031018923
40
0.616918988889313
40
0.719738820370872
40
0.719738820370872
40
0.771148736111643
40
0.796853693982021
40
0.796853693982021
40
0.822558651852398
40
0.822558651852398
40
0.925378483333924
40
0.925378483333924
40
1
40
1
40
1
40
1
41
1
10
113.771147020797
20
11.7909564064754
30
0
41
1
10
113.773640200651
20
11.6577576864391
30
0
41
1
10
113.771308602411
20
11.525085922336
30
0
41
1
10
113.75437410148
20
11.2610826499017
30
0
41
1
10
113.739772536517
20
11.1297509954656
30
0
41
1
10
113.706487383451
20
10.9339967289068
30
0
41
1
10
113.686995573768
20
10.8364307851338
30
0
41
1
10
113.662786082555
20
10.7393801003477
30
0
41
1
10
113.645546064465
20
10.6747998234024
30
0
41
1
10
113.636420080044
20
10.6427368548082
30
0
41
1
10
113.588271701365
20
10.4837242822485
30
0
41
1
10
113.541633117538
20
10.36053065765
30
0
41
1
10
113.431676723092
20
10.1223936531739
30
0
41
1
10
113.368355578037
20
10.0074519226478
30
0
41
1
10
113.260668981009
20
9.84132369278831
30
0
41
1
10
113.222659683085
20
9.78699317322838
30
0
41
1
10
113.162480397472
20
9.70706310310541
30
0
41
1
10
113.141911820764
20
9.68070956381865
30
0
41
1
10
113.100066493635
20
9.62892418119927
30
0
41
1
10
112.993488474519
20
9.50151006324285
30
0
41
1
10
112.877493991315
20
9.38391806090704
30
0
41
1
10
112.730557362497
20
9.25088447823191
30
0
41
1
10
112.655149628915
20
9.18639065423858
30
0
41
1
10
112.577044058654
20
9.12471088693846
30
0
41
1
10
112.524395552507
20
9.08419407311308
30
0
41
1
10
112.497754537587
20
9.06421691078697
30
0
41
1
10
112.363496358408
20
8.96603097723514
30
0
41
1
10
112.253215721683
20
8.89321562992851
30
0
41
1
10
112.058903570358
20
8.77552460498805
30
0
41
1
10
111.9759558166
20
8.72848698162514
30
0
41
1
10
111.891894010817
20
8.68367173050936
30
0
0
SPLINE
5
129
100
AcDbEntity
8
1
62
256
6
ByLayer
370
18
48
1
60
0
100
AcDbSpline
70
4
71
3
72
8
73
4
40
0
40
0
40
0
40
0
40
1
40
1
40
1
40
1
41
1
10
35.7505637776807
20
9.45309081346204
30
0
41
1
10
35.7275323639906
20
9.4453216617004
30
0
41
1
10
35.7048573087491
20
9.43665006659668
30
0
41
1
10
35.6825472690436
20
9.42702355908853
30
0
0
SPLINE
5
12A
100
AcDbEntity
8
1
62
256
6
ByLayer
370
18
48
1
60
0
100
AcDbSpline
70
4
71
3
72
8
73
4
40
0
40
0
40
0
40
0
40
1
40
1
40
1
40
1
41
1
10
35.6825472690436
20
9.42702355908853
30
0
41
1
10
35.4349007472384
20
9.57132838189071
30
0
41
1
10
35.1875965240245
20
9.71175465293697
30
0
41
1
10
34.9404991735933
20
9.84827440720693
30
0
0
SPLINE
5
12B
100
AcDbEntity
8
1
62
256
6
ByLayer
370
18
48
1
60
0
100
AcDbSpline
70
4
71
5
72
14
73
8
40
0
40
0
40
0
40
0
40
0
40
0
40
0.618594773894895
40
0.773243467368618
40
1
40
1
40
1
40
1
40
1
40
1
41
1
10
30.0443604987819
20
11.4835024341171
30
0
41
1
10
30.6501056580826
20
11.3662227762056
30
0
41
1
10
31.4072871072086
20
11.1854627369659
30
0
41
1
10
32.386514842171
20
10.8974095828107
30
0
41
1
10
33.3657425771336
20
10.5413851058956
30
0
41
1
10
34.3449703120961
20
10.1213371781607
30
0
41
1
10
34.7184528877578
20
9.95206245421539
30
0
41
1
10
34.9404991735944
20
9.84827440720642
30
0
0
SPLINE
5
12C
100
AcDbEntity
8
1
62
256
6
ByLayer
370
18
48
1
60
0
100
AcDbSpline
70
4
71
3
72
42
73
38
40
0
40
0
40
0
40
0
40
0.0043728727358232
40
0.0087991047102747
40
0.0523858422345531
40
0.0905123395476014
40
0.123180997052566
40
0.150396932676023
40
0.183371803912321
40
0.215955648210864
40
0.248153538659105
40
0.279971095550167
40
0.311414470017932
40
0.342490326920279
40
0.373205827375043
40
0.403568611269771
40
0.433586779987474
40
0.456767987992467
40
0.480477698568739
40
0.504718574097864
40
0.529493092073128
40
0.554803564002915
40
0.580652152490876
40
0.607040886669867
40
0.633971676149985
40
0.661446323625215
40
0.689466536269694
40
0.718033936041405
40
0.747150069000071
40
0.776816413735239
40
0.807034388991619
40
0.837805360570131
40
0.869130647575479
40
0.901011528074547
40
0.933449244223479
40
0.966445006915936
40
1
40
1
40
1
40
1
41
1
10
34.2202180597375
20
4.65194344735565
30
0
41
1
10
34.2163671964676
20
4.66135188318205
30
0
41
1
10
34.2086184804213
20
4.68028355967894
30
0
41
1
10
34.1626019622561
20
4.7934984643162
30
0
41
1
10
34.0868696343817
20
4.98305738240322
30
0
41
1
10
33.9849936372922
20
5.24169433987075
30
0
41
1
10
33.8958982258212
20
5.46781253143735
30
0
41
1
10
33.8089808990523
20
5.68498357882083
30
0
41
1
10
33.7182059054716
20
5.90402706663323
30
0
41
1
10
33.6181172669035
20
6.13667890381814
30
0
41
1
10
33.5146005006396
20
6.36776857645995
30
0
41
1
10
33.4076811071474
20
6.59676854094937
30
0
41
1
10
33.2973975186627
20
6.82321441041651
30
0
41
1
10
33.1838309032283
20
7.04671169825576
30
0
41
1
10
33.0670888926644
20
7.266927868539
30
0
41
1
10
32.9473004434286
20
7.48358589618275
30
0
41
1
10
32.8334698506041
20
7.6810986532424
30
0
41
1
10
32.7255273504062
20
7.86166138133817
30
0
41
1
10
32.6233106020319
20
8.02767578084723
30
0
41
1
10
32.5165248877844
20
8.19640954896923
30
0
41
1
10
32.4052073293538
20
8.36784793371271
30
0
41
1
10
32.2893979749981
20
8.54198208296549
30
0
41
1
10
32.1691382140787
20
8.71880797234081
30
0
41
1
10
32.0444709073328
20
8.89832642017154
30
0
41
1
10
31.9154400593462
20
9.08054279788965
30
0
41
1
10
31.7820906349334
20
9.26546682278789
30
0
41
1
10
31.6444683518347
20
9.45311232698981
30
0
41
1
10
31.5026194991591
20
9.64349703561226
30
0
41
1
10
31.3565907543936
20
9.83664233748607
30
0
41
1
10
31.2064290564527
20
10.0325730877291
30
0
41
1
10
31.0521813248523
20
10.2313173033677
30
0
41
1
10
30.8938948250498
20
10.4329062859803
30
0
41
1
10
30.7316151103205
20
10.637373127154
30
0
41
1
10
30.5653933059611
20
10.84475743642
30
0
41
1
10
30.3952576448218
20
11.0550862510239
30
0
41
1
10
30.2213219799559
20
11.2684462050179
30
0
41
1
10
30.1036771891623
20
11.4114165560513
30
0
41
1
10
30.0443605052961
20
11.4835024262142
30
0
0
SPLINE
5
12D
100
AcDbEntity
8
1
62
256
6
ByLayer
370
18
48
1
60
0
100
AcDbSpline
70
4
71
3
72
47
73
43
40
0
40
0
40
0
40
0
40
0.0624999999999736
40
0.0624999999999736
40
0.124999999999947
40
0.124999999999947
40
0.156249999999934
40
0.171874999999927
40
0.171874999999927
40
0.18749999999992
40
0.18749999999992
40
0.249999999999896
40
0.249999999999896
40
0.312499999999871
40
0.312499999999871
40
0.343749999999859
40
0.343749999999859
40
0.359374999999857
40
0.359374999999857
40
0.374999999999855
40
0.437499999999864
40
0.437499999999864
40
0.468749999999869
40
0.484374999999871
40
0.484374999999871
40
0.499999999999873
40
0.499999999999873
40
0.562499999999894
40
0.562499999999894
40
0.624999999999915
40
0.624999999999915
40
0.687499999999935
40
0.687499999999935
40
0.749999999999955
40
0.749999999999955
40
0.781249999999966
40
0.781249999999966
40
0.812499999999976
40
0.812499999999976
40
0.874999999999984
40
0.874999999999984
40
1
40
1
40
1
40
1
41
1
10
113.771147020797
20
3.89290451085844
30
0
41
1
10
113.773640200651
20
3.85163146542627
30
0
41
1
10
113.771308602411
20
3.81092233601331
30
0
41
1
10
113.75437410148
20
3.73093833696492
30
0
41
1
10
113.739772536517
20
3.69166331097705
30
0
41
1
10
113.70648738345
20
3.6340811847744
30
0
41
1
10
113.686995573768
20
3.60562313765527
30
0
41
1
10
113.662786082555
20
3.57771648919854
30
0
41
1
10
113.645546064465
20
3.55924066573087
30
0
41
1
10
113.636420080044
20
3.55011489174004
30
0
41
1
10
113.588271701365
20
3.50509706839335
30
0
41
1
10
113.541633117538
20
3.47099671752585
30
0
41
1
10
113.431676723092
20
3.40672741612528
30
0
41
1
10
113.368355578037
20
3.37655925153984
30
0
41
1
10
113.260668981009
20
3.33430162593081
30
0
41
1
10
113.222659683085
20
3.32071397878212
30
0
41
1
10
113.162480397472
20
3.30107859862329
30
0
41
1
10
113.141911820764
20
3.29466516034879
30
0
41
1
10
113.100066493635
20
3.28218137043203
30
0
41
1
10
112.993488474519
20
3.2517671896417
30
0
41
1
10
112.877493991314
20
3.22516471164519
30
0
41
1
10
112.730557362496
20
3.19637613791136
30
0
41
1
10
112.655149628915
20
3.1827669110632
30
0
41
1
10
112.577044058654
20
3.17024974504818
30
0
41
1
10
112.524395552507
20
3.16213898807186
30
0
41
1
10
112.497754537587
20
3.15819667490317
30
0
41
1
10
112.363496358408
20
3.13909681231255
30
0
41
1
10
112.253215721683
20
3.12582369164872
30
0
41
1
10
112.028024210655
20
3.10251040690625
30
0
41
1
10
111.913090641173
20
3.09248608921334
30
0
41
1
10
111.679161619846
20
3.07527356949419
30
0
41
1
10
111.560165212134
20
3.06808603487991
30
0
41
1
10
111.318593964333
20
3.05620952351723
30
0
41
1
10
111.196018358442
20
3.05152108147249
30
0
41
1
10
111.009757132345
20
3.04616263899797
30
0
41
1
10
110.947189161029
20
3.0446546712341
30
0
41
1
10
110.821746539641
20
3.04217802005769
30
0
41
1
10
110.758887949901
20
3.0412084232
30
0
41
1
10
110.569930178106
20
3.03904741656658
30
0
41
1
10
110.443450216362
20
3.03860139689482
30
0
41
1
10
110.062671051352
20
3.03988502678587
30
0
41
1
10
109.807043925209
20
3.04421413371702
30
0
41
1
10
109.54994416709
20
3.05142597133826
30
0
0
SPLINE
5
12E
100
AcDbEntity
8
1
62
256
6
ByLayer
370
18
48
1
60
0
100
AcDbSpline
70
4
71
3
72
8
73
4
40
0
40
0
40
0
40
0
40
1
40
1
40
1
40
1
41
1
10
34.2970707826517
20
-4.70411052823994
30
0
41
1
10
35.7081809964087
20
-5.33684974199025
30
0
41
1
10
37.1105248240438
20
-5.89267487416421
30
0
41
1
10
38.5196886516832
20
-6.35253169641555
30
0
0
SPLINE
5
12F
100
AcDbEntity
8
1
62
256
6
ByLayer
370
18
48
1
60
0
100
AcDbSpline
70
4
71
3
72
23
73
19
40
0
40
0
40
0
40
0
40
0.228171746899753
40
0.228171746899753
40
0.421128810174828
40
0.421128810174828
40
0.44524844308421
40
0.44524844308421
40
0.469368075993592
40
0.517607341812357
40
0.614085873449886
40
0.614085873449886
40
0.807042936724941
40
0.807042936724941
40
0.855282202543706
40
0.855282202543706
40
0.90352146836247
40
1
40
1
40
1
40
1
41
1
10
95.9738241362025
20
7.25320098262102
30
0
41
1
10
96.8732455662141
20
7.06688725361496
30
0
41
1
10
97.7721763222509
20
6.83501688447274
30
0
41
1
10
99.4378361968775
20
6.32825783290477
30
0
41
1
10
100.203553050081
20
6.06553878075528
30
0
41
1
10
101.070684273113
20
5.7377647411486
30
0
41
1
10
101.167127982267
20
5.7008915031858
30
0
41
1
10
101.359861636404
20
5.62638475131021
30
0
41
1
10
101.64884771529
20
5.51344079035152
30
0
41
1
10
102.322453429497
20
5.24176703987229
30
0
41
1
10
102.898998414636
20
4.99546180959123
30
0
41
1
10
104.051933040087
20
4.48627864587684
30
0
41
1
10
104.820345828134
20
4.12472003655432
30
0
41
1
10
105.783782034949
20
3.64967675831443
30
0
41
1
10
105.976678997279
20
3.5534808100561
30
0
41
1
10
106.361999503678
20
3.35932698937305
30
0
41
1
10
106.939557037657
20
3.06531399868737
30
0
41
1
10
107.516205974802
20
2.76356698683514
30
0
41
1
10
107.90055278075
20
2.55950546497729
30
0
0
SPLINE
5
130
100
AcDbEntity
8
1
62
256
6
ByLayer
370
18
48
1
60
0
100
AcDbSpline
70
4
71
3
72
23
73
19
40
0
40
0
40
0
40
0
40
0.249999999999884
40
0.249999999999884
40
0.281249999999874
40
0.281249999999874
40
0.312499999999865
40
0.312499999999865
40
0.374999999999889
40
0.499999999999893
40
0.499999999999893
40
0.624999999999897
40
0.624999999999897
40
0.687499999999922
40
0.687499999999922
40
0.749999999999947
40
0.749999999999947
40
1
40
1
40
1
40
1
41
1
10
107.90055278075
20
2.55950546497721
30
0
41
1
10
108.020895142884
20
2.62879803696236
30
0
41
1
10
108.146507495599
20
2.69568582301713
30
0
41
1
10
108.295249979074
20
2.76495350567197
30
0
41
1
10
108.311880618954
20
2.7725655534673
30
0
41
1
10
108.345355422024
20
2.78760769684405
30
0
41
1
10
108.362220413325
20
2.79504654755914
30
0
41
1
10
108.412885715391
20
2.81695902839104
30
0
41
1
10
108.514666915573
20
2.85924722480505
30
0
41
1
10
108.617891342206
20
2.89664168368466
30
0
41
1
10
108.756975915452
20
2.94162294526538
30
0
41
1
10
108.827243728233
20
2.96167606874474
30
0
41
1
10
108.933874381352
20
2.98765727276563
30
0
41
1
10
108.969622941416
20
2.99563397728778
30
0
41
1
10
109.041556371949
20
3.01013695544273
30
0
41
1
10
109.0778096406
20
3.01667367274823
30
0
41
1
10
109.259411492035
20
3.04537690856995
30
0
41
1
10
109.4044632727
20
3.05550681760201
30
0
41
1
10
109.54994416709
20
3.05142597133823
30
0
0
SPLINE
5
131
100
AcDbEntity
8
1
62
256
6
ByLayer
370
18
48
1
60
0
100
AcDbSpline
70
4
71
3
72
43
73
39
40
0
40
0
40
0
40
0
40
0.0156249999999949
40
0.0156249999999949
40
0.0234374999999923
40
0.0234374999999923
40
0.0312499999999898
40
0.0312499999999898
40
0.0390624999999872
40
0.0390624999999872
40
0.0468749999999847
40
0.0468749999999847
40
0.0546874999999821
40
0.0546874999999821
40
0.0624999999999795
40
0.0624999999999795
40
0.070312499999977
40
0.070312499999977
40
0.0781249999999744
40
0.0781249999999744
40
0.0937499999999683
40
0.0937499999999683
40
0.12499999999997
40
0.12499999999997
40
0.156249999999971
40
0.156249999999971
40
0.187499999999973
40
0.187499999999973
40
0.249999999999977
40
0.249999999999977
40
0.374999999999981
40
0.374999999999981
40
0.499999999999985
40
0.749999999999993
40
0.749999999999993
40
0.874999999999996
40
0.874999999999996
40
1
40
1
40
1
40
1
41
1
10
113.411005749158
20
4.57829158334775
30
0
41
1
10
113.417386197299
20
4.57072984166993
30
0
41
1
10
113.424160392637
20
4.56346220198583
30
0
41
1
10
113.435729730544
20
4.55362151020995
30
0
41
1
10
113.439788744473
20
4.55055826511392
30
0
41
1
10
113.448550050702
20
4.54522898754234
30
0
41
1
10
113.453289141278
20
4.54295147020477
30
0
41
1
10
113.463344569443
20
4.5401592125088
30
0
41
1
10
113.46870352555
20
4.5397245282586
30
0
41
1
10
113.478807634897
20
4.5413338430215
30
0
41
1
10
113.48349273669
20
4.54331857788344
30
0
41
1
10
113.491655295419
20
4.54847083195099
30
0
41
1
10
113.49525988777
20
4.55166782664278
30
0
41
1
10
113.501650734439
20
4.55847915975838
30
0
41
1
10
113.504479452918
20
4.56212899484834
30
0
41
1
10
113.509696765228
20
4.56972020945383
30
0
41
1
10
113.512080464478
20
4.57366825938925
30
0
41
1
10
113.516482115235
20
4.5816434509666
30
0
41
1
10
113.518510909784
20
4.58568955174601
30
0
41
1
10
113.524236566836
20
4.59794906930574
30
0
41
1
10
113.527579879321
20
4.60628119307697
30
0
41
1
10
113.536788930961
20
4.63154485908848
30
0
41
1
10
113.541852504367
20
4.64875350652588
30
0
41
1
10
113.550952982853
20
4.68340550000192
30
0
41
1
10
113.554945965553
20
4.70080369156344
30
0
41
1
10
113.562277049144
20
4.73566352825418
30
0
41
1
10
113.565606958757
20
4.75312661228978
30
0
41
1
10
113.574913802861
20
4.80555819748852
30
0
41
1
10
113.580221753293
20
4.84056658093223
30
0
41
1
10
113.594610828425
20
4.94554930956724
30
0
41
1
10
113.602177534022
20
5.0155132223334
30
0
41
1
10
113.615168360162
20
5.15479807963055
30
0
41
1
10
113.631257120862
20
5.36273105904414
30
0
41
1
10
113.639694419418
20
5.56742390476538
30
0
41
1
10
113.643373496332
20
5.76990513255384
30
0
41
1
10
113.64378880849
20
5.83703309161078
30
0
41
1
10
113.642904300472
20
5.97035904143866
30
0
41
1
10
113.641599952862
20
6.03658250260943
30
0
41
1
10
113.639343317822
20
6.10237104925287
30
0
0
SPLINE
5
132
100
AcDbEntity
8
1
62
256
6
ByLayer
370
18
48
1
60
0
100
AcDbSpline
70
4
71
3
72
10
73
6
40
0
40
0
40
0
40
0
40
0.5
40
0.5
40
1
40
1
40
1
40
1
41
1
10
113.639343317822
20
6.10237104925289
30
0
41
1
10
113.506415136101
20
6.46626332202098
30
0
41
1
10
113.374717809751
20
6.81544111455506
30
0
41
1
10
113.113814891502
20
7.48400881532805
30
0
41
1
10
112.984608847551
20
7.80340412771187
30
0
41
1
10
112.85670846498
20
8.10719067807389
30
0
0
SPLINE
5
133
100
AcDbEntity
8
1
62
256
6
ByLayer
370
18
48
1
60
0
100
AcDbSpline
70
4
71
3
72
8
73
4
40
0
40
0
40
0
40
0
40
1
40
1
40
1
40
1
41
1
10
35.7505637776806
20
-11.7689677127995
30
0
41
1
10
35.7275323639905
20
-11.745367639085
30
0
41
1
10
35.704857308749
20
-11.7210065807719
30
0
41
1
10
35.6825472690435
20
-11.695845040869
30
0
0
SPLINE
5
134
100
AcDbEntity
8
1
62
256
6
ByLayer
370
18
48
1
60
0
100
AcDbSpline
70
4
71
3
72
8
73
4
40
0
40
0
40
0
40
0
40
1
40
1
40
1
40
1
41
1
10
35.6825472690435
20
-11.695845040869
30
0
41
1
10
35.4349007472383
20
-11.7338510255283
30
0
41
1
10
35.1875965240245
20
-11.7664126484035
30
0
41
1
10
34.9404991735933
20
-11.7936094389666
30
0
0
SPLINE
5
135
100
AcDbEntity
8
1
62
256
6
ByLayer
370
18
48
1
60
0
100
AcDbSpline
70
4
71
3
72
10
73
6
40
0
40
0
40
0
40
0
40
0.520088881353355
40
0.520088881353355
40
1
40
1
40
1
40
1
41
1
10
107.367607697316
20
-6.8504393916466
30
0
41
1
10
107.438763883055
20
-6.78120497406931
30
0
41
1
10
107.512405360909
20
-6.71671262076433
30
0
41
1
10
107.659496155152
20
-6.60318732137421
30
0
41
1
10
107.732534037636
20
-6.55334918675425
30
0
41
1
10
107.808504989822
20
-6.50840499317778
30
0
0
SPLINE
5
136
100
AcDbEntity
8
1
62
256
6
ByLayer
370
18
48
1
60
0
100
AcDbSpline
70
4
71
3
72
18
73
14
40
0
40
0
40
0
40
0
40
0.25
40
0.25
40
0.5
40
0.5
40
0.75
40
0.75
40
0.8125
40
0.8125
40
0.875
40
0.875
40
1
40
1
40
1
40
1
41
1
10
30.2032605378505
20
5.18246588526995
30
0
41
1
10
30.4643481365235
20
4.92085647197351
30
0
41
1
10
30.7276523619453
20
4.65879101061131
30
0
41
1
10
31.260970461409
20
4.13597339408378
30
0
41
1
10
31.5309827864777
20
3.87522159062527
30
0
41
1
10
32.0806496195407
20
3.3579547080808
30
0
41
1
10
32.3603013732581
20
3.1014346006626
30
0
41
1
10
32.7181762248907
20
2.78574220332291
30
0
41
1
10
32.7901686453451
20
2.72285370079686
30
0
41
1
10
32.9350537549356
20
2.59764336779168
30
0
41
1
10
33.0079824920405
20
2.53529117181316
30
0
41
1
10
33.2279549735123
20
2.34941622337118
30
0
41
1
10
33.3760434943258
20
2.22718922288061
30
0
41
1
10
33.5258077816989
20
2.10694427323287
30
0
0
SPLINE
5
137
100
AcDbEntity
8
1
62
256
6
ByLayer
370
18
48
1
60
0
100
AcDbSpline
70
4
71
3
72
8
73
4
40
0
40
0
40
0
40
0
40
1
40
1
40
1
40
1
41
1
10
35.6825472690435
20
-3.70447946112029
30
0
41
1
10
35.4349007472383
20
-3.51491920341428
30
0
41
1
10
35.1875965240245
20
-3.32273059491027
30
0
41
1
10
34.9404991735933
20
-3.12810210751636
30
0
0
SPLINE
5
138
100
AcDbEntity
8
1
62
256
6
ByLayer
370
18
48
1
60
0
100
AcDbSpline
70
4
71
3
72
18
73
14
40
0
40
0
40
0
40
0
40
0.249999999999998
40
0.249999999999998
40
0.499999999999996
40
0.499999999999996
40
0.749999999999995
40
0.749999999999995
40
0.812499999999996
40
0.812499999999996
40
0.874999999999997
40
0.874999999999997
40
1
40
1
40
1
40
1
41
1
10
30.2032605378505
20
-8.97907438812928
30
0
41
1
10
30.4643481589712
20
-9.13383057243919
30
0
41
1
10
30.7276524072174
20
-9.27898321461223
30
0
41
1
10
31.2609705536978
20
-9.54901489148884
30
0
41
1
10
31.5309829029578
20
-9.67390074495023
30
0
41
1
10
32.0806497866161
20
-9.90220964541089
30
0
41
1
10
32.3603015667353
20
-10.0056263558324
30
0
41
1
10
32.7181764534458
20
-10.1206649117835
30
0
41
1
10
32.7901688810203
20
-10.1429607215813
30
0
41
1
10
32.9350540050809
20
-10.186107101106
30
0
41
1
10
33.0079827556738
20
-10.2069674234336
30
0
41
1
10
33.2279552319971
20
-10.2672750684087
30
0
41
1
10
33.376043666798
20
-10.3044142467918
30
0
41
1
10
33.5258077741044
20
-10.3384543484444
30
0
0
SPLINE
5
139
100
AcDbEntity
8
1
62
256
6
ByLayer
370
18
48
1
60
0
100
AcDbSpline
70
4
71
3
72
8
73
4
40
0
40
0
40
0
40
0
40
1
40
1
40
1
40
1
41
1
10
34.5802935503438
20
-6.05440403025995
30
0
41
1
10
34.5840595381434
20
-6.06502518156529
30
0
41
1
10
34.5877952559937
20
-6.07566872177892
30
0
41
1
10
34.591497932486
20
-6.08633544592848
30
0
0
SPLINE
5
13A
100
AcDbEntity
8
1
62
256
6
ByLayer
370
18
48
1
60
0
100
AcDbSpline
70
4
71
3
72
22
73
18
40
0
40
0
40
0
40
0
40
0.125
40
0.125
40
0.25
40
0.25
40
0.375
40
0.375
40
0.5
40
0.5
40
0.625
40
0.625
40
0.75
40
0.75
40
0.875
40
0.875
40
1
40
1
40
1
40
1
41
1
10
25.0282209894386
20
-1.21451964153084
30
0
41
1
10
25.271454630827
20
-1.32438521278303
30
0
41
1
10
25.5170143736006
20
-1.43184476533156
30
0
41
1
10
26.0133449072262
20
-1.64149592626072
30
0
41
1
10
26.2641162613471
20
-1.743685289052
30
0
41
1
10
26.7714758188546
20
-1.94249069718379
30
0
41
1
10
27.0280649504923
20
-2.03910420837056
30
0
41
1
10
27.5476901607701
20
-2.22667901489893
30
0
41
1
10
27.8107275693382
20
-2.31763771443533
30
0
41
1
10
28.3438699543982
20
-2.49412841960643
30
0
41
1
10
28.6139766455219
20
-2.57965809408316
30
0
41
1
10
29.1618229426147
20
-2.74589595451695
30
0
41
1
10
29.4395645641963
20
-2.82660245886285
30
0
41
1
10
30.0031344464685
20
-2.98424059118858
30
0
41
1
10
30.2889648753952
20
-3.06117156644163
30
0
41
1
10
30.8689910790786
20
-3.21278311833086
30
0
41
1
10
31.1631889774017
20
-3.28746438302355
30
0
41
1
10
31.4615887995
20
-3.36202192195228
30
0
0
SPLINE
5
13B
100
AcDbEntity
8
1
62
256
6
ByLayer
370
18
48
1
60
0
100
AcDbSpline
70
4
71
3
72
20
73
16
40
0
40
0
40
0
40
0
40
0.125000000000005
40
0.125000000000005
40
0.250000000000009
40
0.250000000000009
40
0.375000000000014
40
0.375000000000014
40
0.500000000000019
40
0.500000000000019
40
0.75000000000001
40
0.75000000000001
40
0.875000000000005
40
0.875000000000005
40
1
40
1
40
1
40
1
41
1
10
31.4615887995
20
-3.36202192195219
30
0
41
1
10
31.5327870570902
20
-3.37981136574143
30
0
41
1
10
31.6028987045659
20
-3.40021230336958
30
0
41
1
10
31.7417185921156
20
-3.4444787336154
30
0
41
1
10
31.8104159715976
20
-3.46836890194982
30
0
41
1
10
31.9467905102869
20
-3.51873525653605
30
0
41
1
10
32.0144638447272
20
-3.54522014225603
30
0
41
1
10
32.1490259914601
20
-3.60023379315817
30
0
41
1
10
32.2159131570005
20
-3.62876630804823
30
0
41
1
10
32.4156323215414
20
-3.7168885647954
30
0
41
1
10
32.5475341838392
20
-3.77897501316937
30
0
41
1
10
32.7440946512048
20
-3.87578075698349
30
0
41
1
10
32.809395521582
20
-3.90867095413918
30
0
41
1
10
32.9396202732345
20
-3.97555097660279
30
0
41
1
10
33.004566665664
20
-4.00955332348812
30
0
41
1
10
33.0692890306135
20
-4.04401793610427
30
0
0
SPLINE
5
13C
100
AcDbEntity
8
1
62
256
6
ByLayer
370
18
48
1
60
0
100
AcDbSpline
70
4
71
3
72
8
73
4
40
0
40
0
40
0
40
0
40
1
40
1
40
1
40
1
41
1
10
33.0692890306466
20
-4.044017936122
30
0
41
1
10
33.3679665377293
20
-4.20306349304565
30
0
41
1
10
33.6693299280978
20
-4.36519551702401
30
0
41
1
10
33.9719023448384
20
-4.53242972149508
30
0
0
SPLINE
5
13D
100
AcDbEntity
8
1
62
256
6
ByLayer
370
18
48
1
60
0
100
AcDbSpline
70
4
71
3
72
8
73
4
40
0
40
0
40
0
40
0
40
1
40
1
40
1
40
1
41
1
10
33.9742081632283
20
-4.5360093404511
30
0
41
1
10
34.0794431899355
20
-4.59657103343233
30
0
41
1
10
34.1871371811202
20
-4.65336051919229
30
0
41
1
10
34.2982008430192
20
-4.7053384449963
30
0
0
SPLINE
5
13E
100
AcDbEntity
8
1
62
256
6
ByLayer
370
18
48
1
60
0
100
AcDbSpline
70
4
71
3
72
49
73
45
40
0
40
0
40
0
40
0
40
0.005016775230991
40
0.0101197772924211
40
0.015308992977283
40
0.0205844078567813
40
0.0259460062368448
40
0.0313937711138967
40
0.0369276841301569
40
0.0657513119636898
40
0.0922167079593078
40
0.116324126345738
40
0.138074471589624
40
0.157469157744288
40
0.174510011236378
40
0.206549003482569
40
0.238208066753847
40
0.269492130155414
40
0.300406654467592
40
0.330957616245357
40
0.361151491187378
40
0.390995237167645
40
0.420496277241614
40
0.449662482862234
40
0.472185771526719
40
0.495222563023768
40
0.518775444172357
40
0.542846822150593
40
0.567438942862598
40
0.592553907533914
40
0.618193687707394
40
0.644360138795382
40
0.67105501232856
40
0.698279967028758
40
0.726036578820229
40
0.754326349883079
40
0.783150716842141
40
0.812511058175909
40
0.842408700921711
40
0.872844926745979
40
0.903820977442034
40
0.935338059911662
40
0.967397350681452
40
1
40
1
40
1
40
1
41
1
10
34.2979151815965
20
-4.70456320314807
30
0
41
1
10
34.293307454257
20
-4.69205728863406
30
0
41
1
10
34.2840128033403
20
-4.66683051169215
30
0
41
1
10
34.2700002384234
20
-4.62878879999047
30
0
41
1
10
34.2557848516759
20
-4.59019853610278
30
0
41
1
10
34.241369805933
20
-4.55107552110414
30
0
41
1
10
34.2267543770567
20
-4.51142455212593
30
0
41
1
10
34.2119355965895
20
-4.47125459615529
30
0
41
1
10
34.1759404496396
20
-4.37370812432474
30
0
41
1
10
34.1209364072148
20
-4.22618653204947
30
0
41
1
10
34.0486304735589
20
-4.03708687921747
30
0
41
1
10
33.9820889906827
20
-3.86783756028032
30
0
41
1
10
33.9212035217214
20
-3.71768597146101
30
0
41
1
10
33.8659638179414
20
-3.58589295106327
30
0
41
1
10
33.799509202151
20
-3.43304906631891
30
0
41
1
10
33.7182068860958
20
-3.25643839188865
30
0
41
1
10
33.6181170088078
20
-3.05396100282905
30
0
41
1
10
33.5146005685719
20
-2.85882409105318
30
0
41
1
10
33.4076810892659
20
-2.67055319756585
30
0
41
1
10
33.29739752337
20
-2.48866347386181
30
0
41
1
10
33.1838309019888
20
-2.31266412160812
30
0
41
1
10
33.0670888929909
20
-2.14206644524805
30
0
41
1
10
32.9473004433418
20
-1.97638960420693
30
0
41
1
10
32.8334698506215
20
-1.82680336724118
30
0
41
1
10
32.7255273504019
20
-1.69081871062133
30
0
41
1
10
32.6233106020331
20
-1.56629624598293
30
0
41
1
10
32.5165248877841
20
-1.44016679534107
30
0
41
1
10
32.4052073293539
20
-1.31237891058919
30
0
41
1
10
32.289397974998
20
-1.18288263321512
30
0
41
1
10
32.1691382140787
20
-1.05162926008364
30
0
41
1
10
32.0444709073328
20
-0.91857163195175
30
0
41
1
10
31.9154400593461
20
-0.783664257642812
30
0
41
1
10
31.7820906349334
20
-0.646863464747156
30
0
41
1
10
31.6444683518347
20
-0.508127525375016
30
0
41
1
10
31.5026194991591
20
-0.367416770229539
30
0
41
1
10
31.3565907543936
20
-0.22469369531072
30
0
41
1
10
31.2064290564526
20
-0.0799230337856613
30
0
41
1
10
31.0521813248523
20
0.0669280941031047
30
0
41
1
10
30.8938948250498
20
0.215890383781982
30
0
41
1
10
30.7316151103205
20
0.366991246062213
30
0
41
1
10
30.5653933059611
20
0.520258747931166
30
0
41
1
10
30.3952576448217
20
0.675706279099927
30
0
41
1
10
30.2213219799558
20
0.833391084548879
30
0
41
1
10
30.1036771891623
20
0.939034742916249
30
0
41
1
10
30.0443605052961
20
0.992300437415565
30
0
0
SPLINE
5
13F
100
AcDbEntity
8
1
62
256
6
ByLayer
370
18
48
1
60
0
100
AcDbSpline
70
4
71
3
72
30
73
26
40
0
40
0
40
0
40
0
40
0.125
40
0.125
40
0.249999999999999
40
0.249999999999999
40
0.3125
40
0.3125
40
0.34375
40
0.34375
40
0.375000000000001
40
0.375000000000001
40
0.5
40
0.5
40
0.625
40
0.625
40
0.749999999999999
40
0.749999999999999
40
0.874999999999999
40
0.874999999999999
40
0.906249999999999
40
0.906249999999999
40
0.937499999999999
40
0.937499999999999
40
1
40
1
40
1
40
1
41
1
10
34.1703274592791
20
-2.51376915399436
30
0
41
1
10
33.9828340313392
20
-2.20377178918991
30
0
41
1
10
33.7971069359406
20
-1.89066705284191
30
0
41
1
10
33.4292279593273
20
-1.25814299758875
30
0
41
1
10
33.2470945066456
20
-0.938713080112933
30
0
41
1
10
32.9765006336301
20
-0.454755479538449
30
0
41
1
10
32.8867458740236
20
-0.292628360272374
30
0
41
1
10
32.7527986447423
20
-0.0481919688734536
30
0
41
1
10
32.7082428966108
20
0.0335332246775693
30
0
41
1
10
32.6197203799201
20
0.196735112260598
30
0
41
1
10
32.575710315053
20
0.27829035839838
30
0
41
1
10
32.3568999750332
20
0.685832076828689
30
0
41
1
10
32.1857737780636
20
1.01109677704841
30
0
41
1
10
31.8513542989193
20
1.66006497712013
30
0
41
1
10
31.688076965371
20
1.98377599516013
30
0
41
1
10
31.369214954374
20
2.62944428691924
30
0
41
1
10
31.2136816148867
20
2.95142682633232
30
0
41
1
10
30.9105993836665
20
3.59353492645408
30
0
41
1
10
30.7629950035155
20
3.91363564223161
30
0
41
1
10
30.5835879320012
20
4.312414203739
30
0
41
1
10
30.5479629497982
20
4.3921028501224
30
0
41
1
10
30.4772354537934
20
4.55134278134173
30
0
41
1
10
30.4420977420574
20
4.63097465356068
30
0
41
1
10
30.3378045261317
20
4.86893374327545
30
0
41
1
10
30.2697479766468
20
5.02632080165554
30
0
41
1
10
30.2032605378505
20
5.18246588526995
30
0
0
SPLINE
5
140
100
AcDbEntity
8
1
62
256
6
ByLayer
370
18
48
1
60
0
100
AcDbSpline
70
4
71
3
72
46
73
42
40
0
40
0
40
0
40
0
40
0.125000000000003
40
0.125000000000003
40
0.250000000000005
40
0.250000000000005
40
0.375000000000008
40
0.375000000000008
40
0.437500000000009
40
0.437500000000009
40
0.50000000000001
40
0.50000000000001
40
0.562500000000011
40
0.562500000000011
40
0.593750000000012
40
0.593750000000012
40
0.625000000000012
40
0.625000000000012
40
0.687500000000011
40
0.687500000000011
40
0.75000000000001
40
0.75000000000001
40
0.765625000000009
40
0.765625000000009
40
0.781250000000009
40
0.781250000000009
40
0.812500000000008
40
0.812500000000008
40
0.843750000000007
40
0.843750000000007
40
0.875000000000006
40
0.875000000000006
40
0.906250000000005
40
0.906250000000005
40
0.921875000000004
40
0.921875000000004
40
0.937500000000003
40
0.937500000000003
40
0.968750000000001
40
0.968750000000001
40
1
40
1
40
1
40
1
41
1
10
30.2032605378505
20
5.18246588526995
30
0
41
1
10
29.9112742361468
20
5.46735154685948
30
0
41
1
10
29.6238147582315
20
5.74812419467872
30
0
41
1
10
29.0568800243882
20
6.30013126181447
30
0
41
1
10
28.7773973056059
20
6.57137133188718
30
0
41
1
10
28.2268368908788
20
7.10385696400351
30
0
41
1
10
27.955741379155
20
7.36510548195903
30
0
41
1
10
27.5571002594958
20
7.74966946742168
30
0
41
1
10
27.4255693544361
20
7.8766445079375
30
0
41
1
10
27.1657321424181
20
8.12826359944845
30
0
41
1
10
27.037423497972
20
8.25290734381633
30
0
41
1
10
26.7847758041775
20
8.50000741954554
30
0
41
1
10
26.660432682267
20
8.6224630674003
30
0
41
1
10
26.4776898536793
20
8.8046608376678
30
0
41
1
10
26.4174070360085
20
8.86514636115484
30
0
41
1
10
26.2982800535313
20
8.9856574525167
30
0
41
1
10
26.239634376853
20
9.04548284938244
30
0
41
1
10
26.0669587605598
20
9.22349449856725
30
0
41
1
10
25.9560787180825
20
9.34030256983797
30
0
41
1
10
25.7449385336572
20
9.57035123582273
30
0
41
1
10
25.6446604367191
20
9.68359053909512
30
0
41
1
10
25.5279077172709
20
9.82304179110497
30
0
41
1
10
25.5050025060999
20
9.85081361800238
30
0
41
1
10
25.4602718634286
20
9.9059630514819
30
0
41
1
10
25.4384278461731
20
9.93336269915309
30
0
41
1
10
25.3745521514093
20
10.0150374507168
30
0
41
1
10
25.3341730592333
20
10.0687884000633
30
0
41
1
10
25.2583975317259
20
10.1748968653767
30
0
41
1
10
25.2229996759644
20
10.2272543498734
30
0
41
1
10
25.1578951093975
20
10.3305793647702
30
0
41
1
10
25.1281862163957
20
10.3815468385294
30
0
41
1
10
25.0753578933466
20
10.4820957585319
30
0
41
1
10
25.0522349546688
20
10.5316771004055
30
0
41
1
10
25.0233708200721
20
10.6050146050871
30
0
41
1
10
25.0147121585722
20
10.6293288700948
30
0
41
1
10
24.9996317199168
20
10.6772303191548
30
0
41
1
10
24.9931924523144
20
10.7008540644535
30
0
41
1
10
24.9773612929831
20
10.7707443893092
30
0
41
1
10
24.9714474305774
20
10.8160302530703
30
0
41
1
10
24.9700598822668
20
10.903982061159
30
0
41
1
10
24.9745822263276
20
10.946648005493
30
0
41
1
10
24.9850626512058
20
10.987998591518
30
0
0
SPLINE
5
141
100
AcDbEntity
8
1
62
256
6
ByLayer
370
18
48
1
60
0
100
AcDbSpline
70
4
71
3
72
36
73
32
40
0
40
0
40
0
40
0
40
0.0312499999999996
40
0.0312499999999996
40
0.0624999999999991
40
0.0624999999999991
40
0.124999999999998
40
0.124999999999998
40
0.249999999999994
40
0.249999999999994
40
0.312499999999992
40
0.312499999999992
40
0.343749999999992
40
0.343749999999992
40
0.374999999999993
40
0.374999999999993
40
0.500000000000007
40
0.500000000000007
40
0.62500000000002
40
0.62500000000002
40
0.656250000000018
40
0.656250000000018
40
0.687500000000016
40
0.750000000000011
40
0.750000000000011
40
0.875000000000001
40
0.875000000000001
40
0.906250000000001
40
0.906250000000001
40
0.9375
40
1
40
1
40
1
40
1
41
1
10
24.9850626512058
20
10.987998591518
30
0
41
1
10
24.9819512626879
20
11.0012317587554
30
0
41
1
10
24.9793183296692
20
11.0143576351573
30
0
41
1
10
24.9750600218829
20
11.0403936554132
30
0
41
1
10
24.9734333022828
20
11.0533237935996
30
0
41
1
10
24.9701595078497
20
11.0916260927863
30
0
41
1
10
24.9701128454023
20
11.1164807968323
30
0
41
1
10
24.9767301363283
20
11.1890306937854
30
0
41
1
10
24.9901300096046
20
11.2347119960871
30
0
41
1
10
25.0254344139607
20
11.2993044782947
30
0
41
1
10
25.0397415081013
20
11.3201803080303
30
0
41
1
10
25.0652806894516
20
11.3505231856704
30
0
41
1
10
25.0744835083035
20
11.3604850512254
30
0
41
1
10
25.0942599081883
20
11.3800471541765
30
0
41
1
10
25.1047798699515
20
11.3895959748134
30
0
41
1
10
25.1605208865845
20
11.4362210281142
30
0
41
1
10
25.2151510208106
20
11.4699461538968
30
0
41
1
10
25.3442648963855
20
11.5312223503585
30
0
41
1
10
25.4187468954251
20
11.5587723421333
30
0
41
1
10
25.5243660835543
20
11.5898750961179
30
0
41
1
10
25.546075492247
20
11.5959150012439
30
0
41
1
10
25.590355091981
20
11.6075783788136
30
0
41
1
10
25.6581871205526
20
11.6244844958263
30
0
41
1
10
25.7301199101563
20
11.6397418357824
30
0
41
1
10
25.8791485293048
20
11.6683291487474
30
0
41
1
10
25.9853697551374
20
11.6848277396017
30
0
41
1
10
26.1259880421895
20
11.7029662475436
30
0
41
1
10
26.1545404248315
20
11.7064726302555
30
0
41
1
10
26.2120584158419
20
11.7132096398805
30
0
41
1
10
26.2990621557792
20
11.7229160584027
30
0
41
1
10
26.3881483219437
20
11.7315240578283
30
0
41
1
10
26.4483929689425
20
11.7368471797292
30
0
0
SPLINE
5
142
100
AcDbEntity
8
1
62
256
6
ByLayer
370
18
48
1
60
0
100
AcDbSpline
70
4
71
3
72
38
73
34
40
0
40
0
40
0
40
0
40
0.0625000000000135
40
0.0625000000000135
40
0.0937500000000152
40
0.0937500000000152
40
0.125000000000017
40
0.125000000000017
40
0.18750000000002
40
0.18750000000002
40
0.218750000000016
40
0.218750000000016
40
0.250000000000013
40
0.250000000000013
40
0.312500000000005
40
0.312500000000005
40
0.374999999999998
40
0.374999999999998
40
0.499999999999994
40
0.499999999999994
40
0.531249999999995
40
0.531249999999995
40
0.562499999999997
40
0.625
40
0.625
40
0.750000000000006
40
0.750000000000006
40
0.875000000000012
40
0.875000000000012
40
0.906250000000009
40
0.906250000000009
40
0.937500000000006
40
1
40
1
40
1
40
1
41
1
10
26.4483929689416
20
11.73684717973
30
0
41
1
10
26.517185885221
20
11.7429256132095
30
0
41
1
10
26.5892597139902
20
11.747866421165
30
0
41
1
10
26.7016117092943
20
11.7539828527801
30
0
41
1
10
26.7398471576985
20
11.755804746257
30
0
41
1
10
26.8164787055768
20
11.7590135367589
30
0
41
1
10
26.8550160238627
20
11.7604090041681
30
0
41
1
10
26.9712275311201
20
11.7640545110267
30
0
41
1
10
27.0494978856839
20
11.7657688127115
30
0
41
1
10
27.1679222667446
20
11.7674808828402
30
0
41
1
10
27.2075678420759
20
11.7679068650015
30
0
41
1
10
27.2871806996416
20
11.7684908876556
30
0
41
1
10
27.3272090335442
20
11.7686488969335
30
0
41
1
10
27.4473463039409
20
11.768742555716
30
0
41
1
10
27.526836137845
20
11.7683023150707
30
0
41
1
10
27.6847856921862
20
11.7665456114117
30
0
41
1
10
27.763244357527
20
11.7652278765577
30
0
41
1
10
27.9972412458624
20
11.7600338343363
30
0
41
1
10
28.1514107444971
20
11.7549324395164
30
0
41
1
10
28.3421518746107
20
11.7464228103729
30
0
41
1
10
28.3801696604277
20
11.7446138409413
30
0
41
1
10
28.4555284806603
20
11.7407997807999
30
0
41
1
10
28.567734081172
20
11.7347762848371
30
0
41
1
10
28.6775626504946
20
11.7278340698994
30
0
41
1
10
28.8942970251951
20
11.7126681732673
30
0
41
1
10
29.0349026258223
20
11.7008543661431
30
0
41
1
10
29.3092105283439
20
11.6733521265879
30
0
41
1
10
29.4429061011836
20
11.657662213982
30
0
41
1
10
29.6060211066759
20
11.6352329066855
30
0
41
1
10
29.6384681451032
20
11.6306021448694
30
0
41
1
10
29.702853685408
20
11.6210638266197
30
0
41
1
10
29.7984977190484
20
11.606367332305
30
0
41
1
10
29.8914304191252
20
11.5904755250662
30
0
41
1
10
29.9522490128267
20
11.5793232053327
30
0
0
SPLINE
5
143
100
AcDbEntity
8
1
62
256
6
ByLayer
370
18
48
1
60
0
100
AcDbSpline
70
4
71
3
72
10
73
6
40
0
40
0
40
0
40
0
40
0.5
40
0.5
40
1
40
1
40
1
40
1
41
1
10
29.9522129755486
20
11.5793298131894
30
0
41
1
10
30.656142395609
20
11.4458019755748
30
0
41
1
10
31.3583854938051
20
11.2679932006776
30
0
41
1
10
32.7662150656857
20
10.8262286204484
30
0
41
1
10
33.4677493714902
20
10.5635498318378
30
0
41
1
10
34.1703274592793
20
10.261056110777
30
0
0
SPLINE
5
144
100
AcDbEntity
8
1
62
256
6
ByLayer
370
18
48
1
60
0
100
AcDbSpline
70
4
71
3
72
30
73
26
40
0
40
0
40
0
40
0
40
0.124999999999998
40
0.124999999999998
40
0.249999999999995
40
0.249999999999995
40
0.312499999999994
40
0.312499999999994
40
0.343749999999994
40
0.343749999999994
40
0.374999999999993
40
0.374999999999993
40
0.499999999999995
40
0.499999999999995
40
0.624999999999997
40
0.624999999999997
40
0.749999999999999
40
0.749999999999999
40
0.875000000000002
40
0.875000000000002
40
0.906250000000001
40
0.906250000000001
40
0.937500000000001
40
0.937500000000001
40
1
40
1
40
1
40
1
41
1
10
34.1703274592791
20
-11.861036347899
30
0
41
1
10
33.9828340313392
20
-11.8456589337451
30
0
41
1
10
33.7971069359406
20
-11.817588205555
30
0
41
1
10
33.4292279593273
20
-11.7356038716849
30
0
41
1
10
33.2470945066455
20
-11.6816892542648
30
0
41
1
10
32.9765006336301
20
-11.5807166968912
30
0
41
1
10
32.8867458740236
20
-11.5437041957118
30
0
41
1
10
32.7527986447423
20
-11.4830177649059
30
0
41
1
10
32.7082428966108
20
-11.4619152537622
30
0
41
1
10
32.6197203799201
20
-11.4181470162882
30
0
41
1
10
32.575710315053
20
-11.3954626756141
30
0
41
1
10
32.3568999750332
20
-11.2780503474393
30
0
41
1
10
32.1857737780635
20
-11.1713763006126
30
0
41
1
10
31.8513542989192
20
-10.932458407115
30
0
41
1
10
31.688076965371
20
-10.8002109209114
30
0
41
1
10
31.369214954374
20
-10.5096058480974
30
0
41
1
10
31.2136816148866
20
-10.3512413668761
30
0
41
1
10
30.9105993836665
20
-10.0072457244375
30
0
41
1
10
30.7629950035154
20
-9.82163316655195
30
0
41
1
10
30.5835879320012
20
-9.57147513395688
30
0
41
1
10
30.5479629497981
20
-9.52053420071195
30
0
41
1
10
30.4772354537934
20
-9.41679637387088
30
0
41
1
10
30.4420977420573
20
-9.36394432640665
30
0
41
1
10
30.3378045261316
20
-9.20303674922687
30
0
41
1
10
30.2697479766468
20
-9.09264472714665
30
0
41
1
10
30.2032605378505
20
-8.97907438812928
30
0
0
SPLINE
5
145
100
AcDbEntity
8
1
62
256
6
ByLayer
370
18
48
1
60
0
100
AcDbSpline
70
4
71
3
72
50
73
46
40
0
40
0
40
0
40
0
40
0.124999999999996
40
0.124999999999996
40
0.249999999999992
40
0.249999999999992
40
0.312499999999992
40
0.312499999999992
40
0.374999999999991
40
0.374999999999991
40
0.437499999999991
40
0.437499999999991
40
0.49999999999999
40
0.49999999999999
40
0.562499999999989
40
0.562499999999989
40
0.593749999999989
40
0.593749999999989
40
0.624999999999989
40
0.624999999999989
40
0.687499999999985
40
0.687499999999985
40
0.718749999999985
40
0.718749999999985
40
0.734374999999985
40
0.734374999999985
40
0.749999999999986
40
0.749999999999986
40
0.812499999999989
40
0.812499999999989
40
0.84374999999999
40
0.84374999999999
40
0.874999999999992
40
0.874999999999992
40
0.890624999999993
40
0.890624999999993
40
0.906249999999994
40
0.906249999999994
40
0.937499999999996
40
0.937499999999996
40
0.968749999999998
40
0.968749999999998
40
0.984374999999999
40
0.984374999999999
40
1
40
1
40
1
40
1
41
1
10
30.2032605378505
20
-8.97907438812931
30
0
41
1
10
29.9030331629985
20
-8.76601777905347
30
0
41
1
10
29.6075881616517
20
-8.54176122338487
30
0
41
1
10
29.0251221778667
20
-8.07089349235014
30
0
41
1
10
28.7380924035503
20
-7.82430123027845
30
0
41
1
10
28.3142648616244
20
-7.43673110723822
30
0
41
1
10
28.1741223565039
20
-7.30458238000179
30
0
41
1
10
27.8963615398405
20
-7.03403270420756
30
0
41
1
10
27.7587421702167
20
-6.89563320935534
30
0
41
1
10
27.4864389655243
20
-6.61208749199278
30
0
41
1
10
27.3517533796586
20
-6.46694350388177
30
0
41
1
10
27.0859250443465
20
-6.16919880882324
30
0
41
1
10
26.9547793056254
20
-6.01660173952837
30
0
41
1
10
26.6969024965427
20
-5.70294021023435
30
0
41
1
10
26.5701660739479
20
-5.54188206696023
30
0
41
1
10
26.3843145593703
20
-5.29285333463883
30
0
41
1
10
26.3230070423972
20
-5.20849642675503
30
0
41
1
10
26.2026504532719
20
-5.03795023688343
30
0
41
1
10
26.1435439022501
20
-4.9516895276123
30
0
41
1
10
25.9698082405016
20
-4.68970378732504
30
0
41
1
10
25.858730476177
20
-4.51079709379127
30
0
41
1
10
25.7011885970069
20
-4.2347753980132
30
0
41
1
10
25.6501943488185
20
-4.14148633646599
30
0
41
1
10
25.5763137950135
20
-3.99941092766989
30
0
41
1
10
25.5521032452292
20
-3.95165475036487
30
0
41
1
10
25.5047301175551
20
-3.85561181118604
30
0
41
1
10
25.4815707811857
20
-3.80733422039202
30
0
41
1
10
25.3685685905349
20
-3.56460658513453
30
0
41
1
10
25.2870228346811
20
-3.36617027728454
30
0
41
1
10
25.1819494868862
20
-3.060649764006
30
0
41
1
10
25.1498153444197
20
-2.95749246304919
30
0
41
1
10
25.0922629440873
20
-2.74819242997432
30
0
41
1
10
25.0668409376059
20
-2.64205107597792
30
0
41
1
10
25.0346581898648
20
-2.48025733700717
30
0
41
1
10
25.024918903407
20
-2.42582818604467
30
0
41
1
10
25.0077452687313
20
-2.3169423638754
30
0
41
1
10
25.0002889479644
20
-2.26238882590874
30
0
41
1
10
24.9815100001584
20
-2.09838744285753
30
0
41
1
10
24.9737676853819
20
-1.98859929645681
30
0
41
1
10
24.9690971297817
20
-1.76805798063793
30
0
41
1
10
24.9721642312932
20
-1.65730501660599
30
0
41
1
10
24.9860891274536
20
-1.49039606758265
30
0
41
1
10
24.9923168961992
20
-1.43448564148957
30
0
41
1
10
25.0079015802992
20
-1.32383325893574
30
0
41
1
10
25.0172623452775
20
-1.26894978233463
30
0
41
1
10
25.0282209894574
20
-1.21451964153314
30
0
0
SPLINE
5
146
100
AcDbEntity
8
1
62
256
6
ByLayer
370
18
48
1
60
0
100
AcDbSpline
70
4
71
3
72
34
73
30
40
0
40
0
40
0
40
0
40
0.0624999999999979
40
0.0624999999999979
40
0.124999999999996
40
0.124999999999996
40
0.249999999999992
40
0.249999999999992
40
0.312499999999989
40
0.312499999999989
40
0.343749999999988
40
0.343749999999988
40
0.374999999999986
40
0.374999999999986
40
0.499999999999981
40
0.499999999999981
40
0.562499999999976
40
0.562499999999976
40
0.624999999999971
40
0.624999999999971
40
0.749999999999967
40
0.749999999999967
40
0.781249999999968
40
0.781249999999968
40
0.812499999999969
40
0.812499999999969
40
0.874999999999979
40
0.874999999999979
40
1
40
1
40
1
40
1
41
1
10
25.0282209894537
20
-1.21451964152436
30
0
41
1
10
25.0150905601072
20
-1.13866631844712
30
0
41
1
10
25.0040399422198
20
-1.06266378446941
30
0
41
1
10
24.9864544830216
20
-0.910635009451909
30
0
41
1
10
24.9799113912541
20
-0.834563486699039
30
0
41
1
10
24.967565849126
20
-0.60617301988313
30
0
41
1
10
24.9690065434967
20
-0.453678566954608
30
0
41
1
10
24.9884111780502
20
-0.224561823176884
30
0
41
1
10
24.997762360851
20
-0.148126976562764
30
0
41
1
10
25.0165631158479
20
-0.0333768127880489
30
0
41
1
10
25.0236326968727
20
0.0048922573916457
30
0
41
1
10
25.0392696129226
20
0.080686855222325
30
0
41
1
10
25.0478513975239
20
0.118309012201081
30
0
41
1
10
25.0946105841652
20
0.305033478821855
30
0
41
1
10
25.1443157718468
20
0.449984970838102
30
0
41
1
10
25.2382233871526
20
0.660475217761928
30
0
41
1
10
25.2727760036263
20
0.729517758066805
30
0
41
1
10
25.3484717248005
20
0.865065790991252
30
0
41
1
10
25.3890714526127
20
0.93060817852475
30
0
41
1
10
25.5187156773981
20
1.12089541953716
30
0
41
1
10
25.615581962087
20
1.23931966191918
30
0
41
1
10
25.7487405436507
20
1.37765843289989
30
0
41
1
10
25.7759779016361
20
1.40484006876741
30
0
41
1
10
25.8316467492261
20
1.45824648458765
30
0
41
1
10
25.8601364781698
20
1.48452072060533
30
0
41
1
10
25.9467334761346
20
1.5613719826427
30
0
41
1
10
26.0060682939428
20
1.61009679986876
30
0
41
1
10
26.1884670926834
20
1.74942073705395
30
0
41
1
10
26.3159048694865
20
1.83320258002584
30
0
41
1
10
26.4483929689428
20
1.90916993518925
30
0
0
SPLINE
5
147
100
AcDbEntity
8
1
62
256
6
ByLayer
370
18
48
1
60
0
100
AcDbSpline
70
4
71
5
72
12
73
6
40
0
40
0
40
0
40
0
40
0
40
0
40
1
40
1
40
1
40
1
40
1
40
1
41
1
10
30.0443604987819
20
0.992300443255346
30
0
41
1
10
30.1483422928377
20
0.904276991349718
30
0
41
1
10
30.2523240868936
20
0.816183952846643
30
0
41
1
10
30.3563058809494
20
0.728031615827604
30
0
41
1
10
30.4602876750053
20
0.639830284587532
30
0
41
1
10
30.5642694690612
20
0.551590272417542
30
0
0
SPLINE
5
148
100
AcDbEntity
8
1
62
256
6
ByLayer
370
18
48
1
60
0
100
AcDbSpline
70
4
71
3
72
8
73
4
40
0
40
0
40
0
40
0
40
1
40
1
40
1
40
1
41
1
10
34.9404991735933
20
-3.12810210751638
30
0
41
1
10
34.6833301937779
20
-2.9256575079514
30
0
41
1
10
34.4266581518842
20
-2.72082005756016
30
0
41
1
10
34.1703274592791
20
-2.51376915399439
30
0
0
SPLINE
5
149
100
AcDbEntity
8
1
62
256
6
ByLayer
370
18
48
1
60
0
100
AcDbSpline
70
4
71
3
72
8
73
4
40
0
40
0
40
0
40
0
40
1
40
1
40
1
40
1
41
1
10
30.0443604987811
20
0.992300443254209
30
0
41
1
10
30.013642956392
20
1.01945399314482
30
0
41
1
10
29.9829350930636
20
1.04658299202555
30
0
41
1
10
29.9522369670035
20
1.07368738903892
30
0
0
SPLINE
5
14A
100
AcDbEntity
8
1
62
256
6
ByLayer
370
18
48
1
60
0
100
AcDbSpline
70
4
71
3
72
11
73
7
40
0
40
0
40
0
40
0
40
0.305492723107501
40
0.639431241378627
40
0.973369759649752
40
1
40
1
40
1
40
1
41
1
10
35.6825472690437
20
0.421209517157081
30
0
41
1
10
35.6825472690436
20
0.0039286196530952
30
0
41
1
10
35.6825472690436
20
-0.876891391933754
30
0
41
1
10
35.6825472690436
20
-2.22535756778595
30
0
41
1
10
35.6825472690436
20
-3.1801397815957
30
0
41
1
10
35.6825472690435
20
-3.66842721211032
30
0
41
1
10
35.6825472690435
20
-3.70447946112029
30
0
0
SPLINE
5
14B
100
AcDbEntity
8
1
62
256
6
ByLayer
370
18
48
1
60
0
100
AcDbSpline
70
4
71
3
72
46
73
42
40
0
40
0
40
0
40
0
40
0.250000000000036
40
0.250000000000036
40
0.312500000000045
40
0.312500000000045
40
0.375000000000054
40
0.375000000000054
40
0.390625000000071
40
0.390625000000071
40
0.406250000000089
40
0.406250000000089
40
0.437500000000124
40
0.437500000000124
40
0.468750000000158
40
0.468750000000158
40
0.484375000000175
40
0.484375000000175
40
0.500000000000193
40
0.500000000000193
40
0.562500000000166
40
0.562500000000166
40
0.625000000000139
40
0.625000000000139
40
0.656250000000126
40
0.656250000000126
40
0.687500000000113
40
0.687500000000113
40
0.750000000000115
40
0.750000000000115
40
0.781250000000117
40
0.781250000000117
40
0.812500000000119
40
0.812500000000119
40
0.875000000000101
40
0.875000000000101
40
0.90625000000008
40
0.90625000000008
40
0.93750000000006
40
0.93750000000006
40
1
40
1
40
1
40
1
41
1
10
106.421316261292
20
-11.5665285162787
30
0
41
1
10
106.539802907387
20
-11.5201987988773
30
0
41
1
10
106.659154212325
20
-11.4712521323199
30
0
41
1
10
106.80950606636
20
-11.4068850075303
30
0
41
1
10
106.839634981771
20
-11.3938521927093
30
0
41
1
10
106.900014441904
20
-11.367468708458
30
0
41
1
10
106.930271730096
20
-11.3541498701117
30
0
41
1
10
106.968160021073
20
-11.337245393791
30
0
41
1
10
106.975736185997
20
-11.3338285787812
30
0
41
1
10
106.990905858256
20
-11.3270196348095
30
0
41
1
10
106.998503432655
20
-11.3236465389713
30
0
41
1
10
107.021461568479
20
-11.3142441188415
30
0
41
1
10
107.037039199822
20
-11.3091849922974
30
0
41
1
10
107.068654949509
20
-11.3011878778248
30
0
41
1
10
107.084686154956
20
-11.2982152591704
30
0
41
1
10
107.109041133963
20
-11.2952295726824
30
0
41
1
10
107.117211101383
20
-11.2944811473569
30
0
41
1
10
107.133650841937
20
-11.2934705688524
30
0
41
1
10
107.141948845589
20
-11.2932088570672
30
0
41
1
10
107.18329680389
20
-11.2931106013117
30
0
41
1
10
107.215789120023
20
-11.2967754278625
30
0
41
1
10
107.279734112498
20
-11.3102448009956
30
0
41
1
10
107.311185812991
20
-11.3200613494058
30
0
41
1
10
107.357615320918
20
-11.3390254997316
30
0
41
1
10
107.373007049052
20
-11.3460920943567
30
0
41
1
10
107.403142979579
20
-11.3614298431666
30
0
41
1
10
107.417928294738
20
-11.3697144212563
30
0
41
1
10
107.461483484127
20
-11.3963124856713
30
0
41
1
10
107.489444369059
20
-11.4163867283935
30
0
41
1
10
107.529746556653
20
-11.4501155833089
30
0
41
1
10
107.542913918265
20
-11.4619473239792
30
0
41
1
10
107.568702739168
20
-11.486830523884
30
0
41
1
10
107.581254148708
20
-11.4998233674639
30
0
41
1
10
107.617593420212
20
-11.5402403417693
30
0
41
1
10
107.640183771967
20
-11.5691962845974
30
0
41
1
10
107.671445351515
20
-11.6159455247192
30
0
41
1
10
107.681419742892
20
-11.6320924048888
30
0
41
1
10
107.70039121738
20
-11.665640174764
30
0
41
1
10
107.709419412061
20
-11.6831060714499
30
0
41
1
10
107.734414084142
20
-11.7366710936268
30
0
41
1
10
107.748451519235
20
-11.7741334736299
30
0
41
1
10
107.759228172422
20
-11.813826834571
30
0
0
SPLINE
5
14C
100
AcDbEntity
8
1
62
256
6
ByLayer
370
18
48
1
60
0
100
AcDbSpline
70
4
71
3
72
14
73
10
40
0
40
0
40
0
40
0
40
0.25
40
0.25
40
0.5
40
0.5
40
0.75
40
0.75
40
1
40
1
40
1
40
1
41
1
10
112.856708464967
20
-11.7452405207387
30
0
41
1
10
112.430181636259
20
-11.8188609338878
30
0
41
1
10
112.005212316796
20
-11.8750486325429
30
0
41
1
10
111.156615154549
20
-11.9534534353332
30
0
41
1
10
110.732990778844
20
-11.9756585895617
30
0
41
1
10
109.885481457811
20
-11.9867619336745
30
0
41
1
10
109.461604892459
20
-11.9756311304478
30
0
41
1
10
108.612106333537
20
-11.9199309366715
30
0
41
1
10
108.186487452948
20
-11.8753763284509
30
0
41
1
10
107.759228172422
20
-11.813826834571
30
0
0
SPLINE
5
14D
100
AcDbEntity
8
1
62
256
6
ByLayer
370
18
48
1
60
0
100
AcDbSpline
70
4
71
3
72
22
73
18
40
0
40
0
40
0
40
0
40
0.0327317352545047
40
0.0327317352545047
40
0.17091291593243
40
0.17091291593243
40
0.447275277288285
40
0.447275277288285
40
0.585456457966212
40
0.585456457966212
40
0.654547048305177
40
0.654547048305177
40
0.723637638644141
40
0.723637638644141
40
0.861818819322071
40
0.861818819322071
40
1
40
1
40
1
40
1
41
1
10
112.759014466171
20
-9.82150152334464
30
0
41
1
10
112.761441132472
20
-9.83949724430576
30
0
41
1
10
112.763832711737
20
-9.85757398337665
30
0
41
1
10
112.776131007784
20
-9.95240186223049
30
0
41
1
10
112.785415518049
20
-10.0305897149054
30
0
41
1
10
112.811147718213
20
-10.270051555055
30
0
41
1
10
112.825503131972
20
-10.4361567360594
30
0
41
1
10
112.842115531621
20
-10.6966767531851
30
0
41
1
10
112.846829060694
20
-10.7854192809091
30
0
41
1
10
112.852524383684
20
-10.9217079637128
30
0
41
1
10
112.85419324525
20
-10.9676676375863
30
0
41
1
10
112.857042605809
20
-11.0607146443797
30
0
41
1
10
112.858224044466
20
-11.1078555289993
30
0
41
1
10
112.860978206795
20
-11.2507237325889
30
0
41
1
10
112.861756022234
20
-11.3474082483545
30
0
41
1
10
112.861014982554
20
-11.5439002495055
30
0
41
1
10
112.859496863162
20
-11.6437067344622
30
0
41
1
10
112.856708464979
20
-11.7452405207333
30
0
0
SPLINE
5
14E
100
AcDbEntity
8
1
62
256
6
ByLayer
370
18
48
1
60
0
100
AcDbSpline
70
4
71
3
72
20
73
16
40
0
40
0
40
0
40
0
40
0.131042273887648
40
0.131042273887648
40
0.262084547775296
40
0.262084547775296
40
0.393126821662944
40
0.393126821662944
40
0.524169095550592
40
0.524169095550592
40
0.786253643325899
40
0.786253643325899
40
0.917295917213547
40
0.917295917213547
40
1
40
1
40
1
40
1
41
1
10
106.943595829262
20
-9.71822111769933
30
0
41
1
10
107.186041977675
20
-9.72443803465535
30
0
41
1
10
107.428584377591
20
-9.7314577895493
30
0
41
1
10
107.913571980051
20
-9.74467910723988
30
0
41
1
10
108.156021038545
20
-9.75090370573949
30
0
41
1
10
108.640658711864
20
-9.76110567815454
30
0
41
1
10
108.882848308062
20
-9.7650915198021
30
0
41
1
10
109.366857495937
20
-9.76987063844399
30
0
41
1
10
109.608677716364
20
-9.77066934058149
30
0
41
1
10
110.333469292862
20
-9.76729228395132
30
0
41
1
10
110.815766586717
20
-9.75730041463342
30
0
41
1
10
111.537562279259
20
-9.72807353007593
30
0
41
1
10
111.777741249762
20
-9.71597673487719
30
0
41
1
10
112.1685615924
20
-9.69217628154496
30
0
41
1
10
112.319566216478
20
-9.6819732426593
30
0
41
1
10
112.470350209949
20
-9.67074556649885
30
0
0
SPLINE
5
14F
100
AcDbEntity
8
1
62
256
6
ByLayer
370
18
48
1
60
0
100
AcDbSpline
70
4
71
3
72
59
73
55
40
0
40
0
40
0
40
0
40
0.0312500000000125
40
0.0312500000000125
40
0.062500000000025
40
0.062500000000025
40
0.0781250000000314
40
0.0781250000000314
40
0.0937500000000378
40
0.0937500000000378
40
0.125000000000034
40
0.125000000000034
40
0.140625000000032
40
0.140625000000032
40
0.15625000000003
40
0.187500000000039
40
0.187500000000039
40
0.195312500000042
40
0.195312500000042
40
0.203125000000045
40
0.203125000000045
40
0.21875000000005
40
0.21875000000005
40
0.250000000000052
40
0.250000000000052
40
0.265625000000051
40
0.265625000000051
40
0.28125000000005
40
0.28125000000005
40
0.312500000000048
40
0.312500000000048
40
0.375000000000045
40
0.375000000000045
40
0.406250000000044
40
0.406250000000044
40
0.437500000000043
40
0.437500000000043
40
0.500000000000044
40
0.500000000000044
40
0.562500000000045
40
0.562500000000045
40
0.625000000000046
40
0.625000000000046
40
0.687500000000047
40
0.687500000000047
40
0.718750000000048
40
0.718750000000048
40
0.750000000000049
40
0.750000000000049
40
0.81250000000004
40
0.81250000000004
40
0.875000000000032
40
0.875000000000032
40
1
40
1
40
1
40
1
41
1
10
106.943595829262
20
-9.7182211176993
30
0
41
1
10
106.910662507562
20
-9.71737662613927
30
0
41
1
10
106.878080782365
20
-9.71510731262461
30
0
41
1
10
106.813760567883
20
-9.70696121965369
30
0
41
1
10
106.782020763902
20
-9.70108962392959
30
0
41
1
10
106.735203310444
20
-9.68876701066995
30
0
41
1
10
106.719730229982
20
-9.68407058938917
30
0
41
1
10
106.689087745339
20
-9.67331668499634
30
0
41
1
10
106.674026522936
20
-9.667293195875
30
0
41
1
10
106.629955623461
20
-9.64720243188884
30
0
41
1
10
106.601949330557
20
-9.6310828986054
30
0
41
1
10
106.562392809579
20
-9.60206267610661
30
0
41
1
10
106.549578908674
20
-9.5915456668055
30
0
41
1
10
106.525014366861
20
-9.56891284094564
30
0
41
1
10
106.490151357543
20
-9.5329478895882
30
0
41
1
10
106.461128430161
20
-9.49109482852955
30
0
41
1
10
106.44003156565
20
-9.45318174250565
30
0
41
1
10
106.435966527054
20
-9.44544756262917
30
0
41
1
10
106.428140840045
20
-9.42968274785218
30
0
41
1
10
106.424375624557
20
-9.42163965935274
30
0
41
1
10
106.413630528877
20
-9.39731621319839
30
0
41
1
10
106.407162913585
20
-9.38077239932264
30
0
41
1
10
106.389621835827
20
-9.33028175508264
30
0
41
1
10
106.380400386119
20
-9.29548088090618
30
0
41
1
10
106.369592599886
20
-9.241956290183
30
0
41
1
10
106.366496737313
20
-9.22389280813664
30
0
41
1
10
106.361231404092
20
-9.18737220462003
30
0
41
1
10
106.359062393171
20
-9.16889445775232
30
0
41
1
10
106.353873946548
20
-9.11349436614103
30
0
41
1
10
106.352131947235
20
-9.07641943217965
30
0
41
1
10
106.351034618355
20
-8.96493628219287
30
0
41
1
10
106.355751351255
20
-8.8902782184218
30
0
41
1
10
106.368744571233
20
-8.77817526877075
30
0
41
1
10
106.374080360542
20
-8.74078554323873
30
0
41
1
10
106.386544910344
20
-8.66600295685348
30
0
41
1
10
106.393633190741
20
-8.62885253706153
30
0
41
1
10
106.417156721637
20
-8.51810353555996
30
0
41
1
10
106.435834872173
20
-8.44519275521444
30
0
41
1
10
106.478192447356
20
-8.30107915926843
30
0
41
1
10
106.501881633606
20
-8.22987786995026
30
0
41
1
10
106.55377115243
20
-8.08913757526045
30
0
41
1
10
106.581975962333
20
-8.01959904760054
30
0
41
1
10
106.6426754762
20
-7.88219404318062
30
0
41
1
10
106.675170847075
20
-7.81432821368116
30
0
41
1
10
106.727107403825
20
-7.71382605436449
30
0
41
1
10
106.744929368311
20
-7.6805915002081
30
0
41
1
10
106.781434922691
20
-7.61493015676533
30
0
41
1
10
106.800139500235
20
-7.58246243399259
30
0
41
1
10
106.857598709046
20
-7.48614774305136
30
0
41
1
10
106.897694930383
20
-7.42338879868933
30
0
41
1
10
106.981501513655
20
-7.30080458272508
30
0
41
1
10
107.025219128684
20
-7.2409739497779
30
0
41
1
10
107.162006798766
20
-7.06588663916969
30
0
41
1
10
107.260665919048
20
-6.95498482797984
30
0
41
1
10
107.367607697316
20
-6.8504393916466
30
0
0
SPLINE
5
150
100
AcDbEntity
8
1
62
256
6
ByLayer
370
18
48
1
60
0
100
AcDbSpline
70
4
71
5
72
40
73
34
40
0
40
0
40
0
40
0
40
0
40
0
40
0.0186972426939354
40
0.0612214596593592
40
0.0895709376363086
40
0.117920415613258
40
0.160444632578682
40
0.202968849544106
40
0.231318327521055
40
0.273842544486479
40
0.316366761451903
40
0.344716239428852
40
0.373065717405802
40
0.415589934371225
40
0.45811415133665
40
0.486463629313599
40
0.528987846279023
40
0.557337324255972
40
0.599861541221396
40
0.628211019198345
40
0.670735236163769
40
0.713259453129193
40
0.741608931106142
40
0.784133148071566
40
0.812482626048516
40
0.85500684301394
40
0.883356320990889
40
0.925880537956313
40
0.968404754921737
40
0.996754232898686
40
1
40
1
40
1
40
1
40
1
40
1
41
1
10
80.6587755367528
20
6.25226633694587
30
0
41
1
10
80.7586518401483
20
6.21631913720185
30
0
41
1
10
81.0856825782816
20
6.09729064455581
30
0
41
1
10
81.5641496062401
20
5.91685993292944
30
0
41
1
10
82.1940529240238
20
5.66760994862508
30
0
41
1
10
83.0511106765453
20
5.30859553292049
30
0
41
1
10
84.035446560409
20
4.8706184644677
30
0
41
1
10
84.94406429936
20
4.44440105751542
30
0
41
1
10
85.9284001832237
20
3.96118442154986
30
0
41
1
10
86.988454212
20
3.41819952040799
30
0
41
1
10
87.9727900958638
20
2.89576354166695
30
0
41
1
10
88.8814078348148
20
2.40059548104577
30
0
41
1
10
89.8657437186786
20
1.85283239586616
30
0
41
1
10
90.8500796025422
20
1.29611790412827
30
0
41
1
10
91.7586973414934
20
0.776189997684838
30
0
41
1
10
92.7430332253571
20
0.209183209071938
30
0
41
1
10
93.7273691092208
20
-0.358857651637578
30
0
41
1
10
94.7117049930845
20
-0.925024167809624
30
0
41
1
10
95.6203227320356
20
-1.44364217252203
30
0
41
1
10
96.6046586158992
20
-1.99836433087015
30
0
41
1
10
97.588994499763
20
-2.54356612052203
30
0
41
1
10
98.5733303836267
20
-3.07532412929893
30
0
41
1
10
99.5576662674904
20
-3.59221818115046
30
0
41
1
10
100.542002151354
20
-4.08995254390342
30
0
41
1
10
101.526338035218
20
-4.56780293659449
30
0
41
1
10
102.434955774169
20
-4.98862773575524
30
0
41
1
10
103.419291658033
20
-5.42030564285739
30
0
41
1
10
104.403627541896
20
-5.82589532724205
30
0
41
1
10
105.38796342576
20
-6.20057748633843
30
0
41
1
10
106.162483004634
20
-6.4718130604752
30
0
41
1
10
106.785566293683
20
-6.67352308698719
30
0
41
1
10
107.181495147994
20
-6.79482618816439
30
0
41
1
10
107.350269567568
20
-6.84527061215783
30
0
41
1
10
107.367607697316
20
-6.85043939164663
30
0
0
SPLINE
5
151
100
AcDbEntity
8
1
62
256
6
ByLayer
370
18
48
1
60
0
100
AcDbSpline
70
4
71
3
72
28
73
24
40
0
40
0
40
0
40
0
40
0.136876968440129
40
0.136876968440129
40
0.280730807033449
40
0.280730807033449
40
0.424584645626768
40
0.424584645626768
40
0.496511564923426
40
0.496511564923426
40
0.532475024571754
40
0.532475024571754
40
0.568438484220083
40
0.568438484220083
40
0.712292322813389
40
0.712292322813389
40
0.748255782461717
40
0.748255782461717
40
0.784219242110046
40
0.784219242110046
40
0.856146161406699
40
0.856146161406699
40
1
40
1
40
1
40
1
41
1
10
98.0288255093791
20
-10.8398788912646
30
0
41
1
10
97.560400359607
20
-11.0124332973618
30
0
41
1
10
97.0932330702319
20
-11.1659866502612
30
0
41
1
10
96.1355672231309
20
-11.4412514549433
30
0
41
1
10
95.6450959443997
20
-11.5609426249961
30
0
41
1
10
94.66228558231
20
-11.7564732818725
30
0
41
1
10
94.1699428133186
20
-11.8323081302089
30
0
41
1
10
93.4281811591111
20
-11.9126071375537
30
0
41
1
10
93.1803846887028
20
-11.9337818874465
30
0
41
1
10
92.807657027862
20
-11.9573146702391
30
0
41
1
10
92.6831385560083
20
-11.9637951121069
30
0
41
1
10
92.4345823598732
20
-11.9739129003502
30
0
41
1
10
92.3104747132903
20
-11.9775562932538
30
0
41
1
10
91.690723786359
20
-11.9885967200677
30
0
41
1
10
91.197455564586
20
-11.97447511632
30
0
41
1
10
90.5826453415397
20
-11.9273749282729
30
0
41
1
10
90.4597730273103
20
-11.9164639597826
30
0
41
1
10
90.2141203131834
20
-11.892021071934
30
0
41
1
10
90.0913378152141
20
-11.8785114058496
30
0
41
1
10
89.7230957817282
20
-11.8339834926297
30
0
41
1
10
89.4777452485654
20
-11.7989393317824
30
0
41
1
10
88.7417555449264
20
-11.6775012792263
30
0
41
1
10
88.2512029610927
20
-11.5747716818461
30
0
41
1
10
87.7596117155943
20
-11.4491379531209
30
0
0
SPLINE
5
152
100
AcDbEntity
8
1
62
256
6
ByLayer
370
18
48
1
60
0
100
AcDbSpline
70
4
71
3
72
8
73
4
40
0
40
0
40
0
40
0
40
1
40
1
40
1
40
1
41
1
10
111.839146013247
20
-2.72734763012582
30
0
41
1
10
112.095387889225
20
-2.56707816433851
30
0
41
1
10
112.350809051401
20
-2.40492802404648
30
0
41
1
10
112.605413668904
20
-2.24090676285573
30
0
0
SPLINE
5
153
100
AcDbEntity
8
1
62
256
6
ByLayer
370
18
48
1
60
0
100
AcDbSpline
70
4
71
5
72
43
73
37
40
0
40
0
40
0
40
0
40
0
40
0
40
0.0143698675344106
40
0.0517148043187256
40
0.0890597411030406
40
0.113956365625917
40
0.138852990148794
40
0.176197926933109
40
0.213542863717424
40
0.238439488240301
40
0.275784425024616
40
0.300681049547492
40
0.338025986331808
40
0.362922610854684
40
0.400267547639
40
0.437612484423314
40
0.462509108946191
40
0.499854045730506
40
0.524750670253383
40
0.562095607037698
40
0.586992231560575
40
0.62433716834489
40
0.661682105129205
40
0.686578729652081
40
0.711475354174958
40
0.748820290959273
40
0.786165227743588
40
0.811061852266465
40
0.84840678905078
40
0.885751725835095
40
0.910648350357972
40
0.935544974880848
40
0.972889911665163
40
1
40
1
40
1
40
1
40
1
40
1
41
1
10
62.1701805336131
20
6.36445469050335
30
0
41
1
10
62.2575867369196
20
6.33390048783852
30
0
41
1
10
62.5721473749638
20
6.22280596739117
30
0
41
1
10
63.1138624477458
20
6.02450878866011
30
0
41
1
10
63.8070138103529
20
5.75585747811186
30
0
41
1
10
64.6516014627853
20
5.40656042988309
30
0
41
1
10
65.6359373466489
20
4.97355087111484
30
0
41
1
10
66.6202732305127
20
4.51651308617835
30
0
41
1
10
67.5288909694638
20
4.07427228546302
30
0
41
1
10
68.5132268533275
20
3.57548591533404
30
0
41
1
10
69.4975627371913
20
3.05776764319282
30
0
41
1
10
70.4818986210549
20
2.52540363199893
30
0
41
1
10
71.390516360006
20
2.02260327787673
30
0
41
1
10
72.3748522438697
20
1.46826529008473
30
0
41
1
10
73.3591881277334
20
0.906694386424135
30
0
41
1
10
74.3435240115972
20
0.340227865106812
30
0
41
1
10
75.3278598954608
20
-0.227883078868587
30
0
41
1
10
76.3121957793245
20
-0.79470537725868
30
0
41
1
10
77.2965316631882
20
-1.3575478075349
30
0
41
1
10
78.2051494021393
20
-1.87116717506507
30
0
41
1
10
79.189485286003
20
-2.41840986928648
30
0
41
1
10
80.1738211698667
20
-2.95410036615513
30
0
41
1
10
81.1581570537304
20
-3.47416390763468
30
0
41
1
10
82.0667747926815
20
-3.93872256085598
30
0
41
1
10
83.0511106765453
20
-4.42271727852122
30
0
41
1
10
84.0354465604089
20
-4.88534495811581
30
0
41
1
10
84.94406429936
20
-5.29080177440903
30
0
41
1
10
85.9284001832237
20
-5.70447464002257
30
0
41
1
10
86.9884542119999
20
-6.11726224632497
30
0
41
1
10
87.9727900958638
20
-6.46810591711989
30
0
41
1
10
88.8814078348148
20
-6.7631041244272
30
0
41
1
10
89.8657437186785
20
-7.04985514355099
30
0
41
1
10
90.7878250798583
20
-7.28656535139379
30
0
41
1
10
91.4827520063003
20
-7.44217400941599
30
0
41
1
10
92.0262426429173
20
-7.54954483873277
30
0
41
1
10
92.4182969897089
20
-7.619420979079
30
0
41
1
10
92.5831969017628
20
-7.64746249027144
30
0
0
SPLINE
5
154
100
AcDbEntity
8
1
62
256
6
ByLayer
370
18
48
1
60
0
100
AcDbSpline
70
4
71
3
72
46
73
42
40
0
40
0
40
0
40
0
40
0.249999999999952
40
0.249999999999952
40
0.31249999999994
40
0.31249999999994
40
0.374999999999928
40
0.374999999999928
40
0.39062499999991
40
0.39062499999991
40
0.406249999999892
40
0.406249999999892
40
0.437499999999886
40
0.437499999999886
40
0.468749999999881
40
0.468749999999881
40
0.484374999999878
40
0.484374999999878
40
0.499999999999876
40
0.499999999999876
40
0.562499999999864
40
0.562499999999864
40
0.624999999999853
40
0.624999999999853
40
0.656249999999847
40
0.656249999999847
40
0.687499999999841
40
0.687499999999841
40
0.749999999999859
40
0.749999999999859
40
0.781249999999868
40
0.781249999999868
40
0.812499999999877
40
0.812499999999877
40
0.874999999999919
40
0.874999999999919
40
0.90624999999994
40
0.90624999999994
40
0.937499999999961
40
0.937499999999961
40
1
40
1
40
1
40
1
41
1
10
86.4227369870049
20
-11.0557585060864
30
0
41
1
10
86.541143155901
20
-11.023475646107
30
0
41
1
10
86.6604133824365
20
-10.988328316267
30
0
41
1
10
86.810662898554
20
-10.9408653489721
30
0
41
1
10
86.8407713052611
20
-10.9311961442711
30
0
41
1
10
86.9011096570138
20
-10.9115047527494
30
0
41
1
10
86.9313467185638
20
-10.9015167272613
30
0
41
1
10
86.9692086496806
20
-10.8887475109898
30
0
41
1
10
86.9767791636896
20
-10.8861543476952
30
0
41
1
10
86.9919396209524
20
-10.8810014038272
30
0
41
1
10
86.9995334836474
20
-10.8784602622964
30
0
41
1
10
87.0224841339215
20
-10.8715817082958
30
0
41
1
10
87.0380583967366
20
-10.8682311637825
30
0
41
1
10
87.0696631952139
20
-10.8636644138852
30
0
41
1
10
87.0856883508912
20
-10.8624204942713
30
0
41
1
10
87.1100338588881
20
-10.8620512035324
30
0
41
1
10
87.1182005746234
20
-10.862178676847
30
0
41
1
10
87.1346336664118
20
-10.8629278039538
30
0
41
1
10
87.1429286667305
20
-10.8635530441793
30
0
41
1
10
87.1842412066009
20
-10.8678660992585
30
0
41
1
10
87.2167065726563
20
-10.8749771047486
30
0
41
1
10
87.2805988928471
20
-10.8952239517317
30
0
41
1
10
87.3120251815268
20
-10.9083694964431
30
0
41
1
10
87.358417241553
20
-10.9322545720634
30
0
41
1
10
87.3737953699964
20
-10.9409526557712
30
0
41
1
10
87.4039022882976
20
-10.9594851042942
30
0
41
1
10
87.4186735480214
20
-10.9693379955646
30
0
41
1
10
87.4621875255898
20
-11.0005594630923
30
0
41
1
10
87.490121823089
20
-11.0236074431483
30
0
41
1
10
87.530385952034
20
-11.0616249214695
30
0
41
1
10
87.5435409793912
20
-11.0748580781888
30
0
41
1
10
87.569305413809
20
-11.1024857976238
30
0
41
1
10
87.5818428552108
20
-11.1168118826812
30
0
41
1
10
87.6181437432895
20
-11.161086982382
30
0
41
1
10
87.6407101090989
20
-11.1924354728201
30
0
41
1
10
87.6719376450808
20
-11.2424677079347
30
0
41
1
10
87.6819009620387
20
-11.2596569608752
30
0
41
1
10
87.7008510874363
20
-11.2951714787489
30
0
41
1
10
87.7098685283686
20
-11.3135641633225
30
0
41
1
10
87.7348317502442
20
-11.3696569917295
30
0
41
1
10
87.748850586703
20
-11.4084888301601
30
0
41
1
10
87.7596117155943
20
-11.4491379531209
30
0
0
SPLINE
5
155
100
AcDbEntity
8
1
62
256
6
ByLayer
370
18
48
1
60
0
100
AcDbSpline
70
4
71
3
72
12
73
8
40
0
40
0
40
0
40
0
40
0.250000000000001
40
0.250000000000001
40
0.500000000000003
40
0.500000000000003
40
1
40
1
40
1
40
1
41
1
10
41.4233482791155
20
9.09691585748197
30
0
41
1
10
41.054317279735
20
9.30438704811456
30
0
41
1
10
40.686555554376
20
9.50133362461088
30
0
41
1
10
39.9524426226899
20
9.87409064551389
30
0
41
1
10
39.5860817308162
20
10.049972414335
30
0
41
1
10
38.4876251009361
20
10.5453998996792
30
0
41
1
10
37.7561651306241
20
10.8327249675124
30
0
41
1
10
37.0216521442281
20
11.0747818587656
30
0
0
SPLINE
5
156
100
AcDbEntity
8
1
62
256
6
ByLayer
370
18
48
1
60
0
100
AcDbSpline
70
4
71
3
72
46
73
42
40
0
40
0
40
0
40
0
40
0.249999999999958
40
0.249999999999958
40
0.312499999999952
40
0.312499999999952
40
0.374999999999947
40
0.374999999999947
40
0.390624999999947
40
0.390624999999947
40
0.406249999999946
40
0.406249999999946
40
0.437499999999945
40
0.437499999999945
40
0.468749999999944
40
0.468749999999944
40
0.484374999999944
40
0.484374999999944
40
0.499999999999945
40
0.499999999999945
40
0.56249999999995
40
0.56249999999995
40
0.624999999999955
40
0.624999999999955
40
0.656249999999949
40
0.656249999999949
40
0.687499999999944
40
0.687499999999944
40
0.749999999999947
40
0.749999999999947
40
0.781249999999951
40
0.781249999999951
40
0.812499999999954
40
0.812499999999954
40
0.87499999999996
40
0.87499999999996
40
0.906249999999969
40
0.906249999999969
40
0.937499999999979
40
0.937499999999979
40
1
40
1
40
1
40
1
41
1
10
41.4233482791155
20
9.09691585748206
30
0
41
1
10
41.5417899435288
20
8.98488306307866
30
0
41
1
10
41.6610955689543
20
8.87310507969545
30
0
41
1
10
41.8113894860716
20
8.73396904663232
30
0
41
1
10
41.841506769759
20
8.7061708613524
30
0
41
1
10
41.901862873948
20
8.65063730192298
30
0
41
1
10
41.9321083313593
20
8.62291458802264
30
0
41
1
10
41.9699820618601
20
8.58828068713962
30
0
41
1
10
41.9775554315622
20
8.58134581188284
30
0
41
1
10
41.9927188829342
20
8.56749709838218
30
0
41
1
10
42.0003130641462
20
8.56059104922073
30
0
41
1
10
42.023259670188
20
8.54017371632099
30
0
41
1
10
42.0388287688685
20
8.52706542352072
30
0
41
1
10
42.0704284933059
20
8.50171930465896
30
0
41
1
10
42.0864516815394
20
8.48946689928408
30
0
41
1
10
42.1107944834712
20
8.47167937329456
30
0
41
1
10
42.1189603783785
20
8.46584925684422
30
0
41
1
10
42.135391934006
20
8.45438220486506
30
0
41
1
10
42.1436854629423
20
8.44872694089361
30
0
41
1
10
42.1850233225735
20
8.42117534993181
30
0
41
1
10
42.2175074335435
20
8.40149536248779
30
0
41
1
10
42.2814364411906
20
8.36592627535873
30
0
41
1
10
42.3128801779796
20
8.35004636903133
30
0
41
1
10
42.3592982366732
20
8.32881254841993
30
0
41
1
10
42.3746874494137
20
8.32215865359009
30
0
41
1
10
42.4048215651145
20
8.30986928528955
30
0
41
1
10
42.4196059714021
20
8.30421408337557
30
0
41
1
10
42.4631587156047
20
8.28863465117584
30
0
41
1
10
42.4911187528643
20
8.28010825024541
30
0
41
1
10
42.5314205027052
20
8.27021341611615
30
0
41
1
10
42.544587777193
20
8.26738652050284
30
0
41
1
10
42.5703771498976
20
8.26271442847286
30
0
41
1
10
42.5829335644025
20
8.26088594276081
30
0
41
1
10
42.6192839211437
20
8.25703013442032
30
0
41
1
10
42.6418826501181
20
8.25659810731634
30
0
41
1
10
42.6731604329973
20
8.2595388652482
30
0
41
1
10
42.6831409781605
20
8.261129327622
30
0
41
1
10
42.7021262312089
20
8.26568148261407
30
0
41
1
10
42.7111636311687
20
8.26865644098589
30
0
41
1
10
42.7361933786299
20
8.27974104129623
30
0
41
1
10
42.7502576419811
20
8.28999460153298
30
0
41
1
10
42.7610691961959
20
8.30396297386483
30
0
0
SPLINE
5
157
100
AcDbEntity
8
1
62
256
6
ByLayer
370
18
48
1
60
0
100
AcDbSpline
70
4
71
3
72
46
73
42
40
0
40
0
40
0
40
0
40
0.249999999999939
40
0.249999999999939
40
0.312499999999917
40
0.312499999999917
40
0.374999999999895
40
0.374999999999895
40
0.390624999999901
40
0.390624999999901
40
0.406249999999908
40
0.406249999999908
40
0.437499999999919
40
0.437499999999919
40
0.468749999999931
40
0.468749999999931
40
0.484374999999929
40
0.484374999999929
40
0.499999999999926
40
0.499999999999926
40
0.562499999999948
40
0.562499999999948
40
0.62499999999997
40
0.62499999999997
40
0.65624999999998
40
0.65624999999998
40
0.687499999999991
40
0.687499999999991
40
0.749999999999996
40
0.749999999999996
40
0.781249999999999
40
0.781249999999999
40
0.812500000000002
40
0.812500000000002
40
0.875000000000005
40
0.875000000000005
40
0.906250000000006
40
0.906250000000006
40
0.937500000000007
40
0.937500000000007
40
1
40
1
40
1
40
1
41
1
10
66.4222957555919
20
-9.66631843130466
30
0
41
1
10
66.5407520878703
20
-9.66050946462818
30
0
41
1
10
66.6600727790727
20
-9.65150827158971
30
0
41
1
10
66.8103854937108
20
-9.63625267860772
30
0
41
1
10
66.8405065500986
20
-9.63300125004557
30
0
41
1
10
66.900870227341
20
-9.62609678420071
30
0
41
1
10
66.9311198997455
20
-9.62247712158177
30
0
41
1
10
66.9689977916792
20
-9.61763890927446
30
0
41
1
10
66.976571559015
20
-9.61663105162228
30
0
41
1
10
66.991738173719
20
-9.61464313815563
30
0
41
1
10
66.9993349697523
20
-9.61368158850732
30
0
41
1
10
67.0222939046277
20
-9.61152503790657
30
0
41
1
10
67.0378735461122
20
-9.61129992632351
30
0
41
1
10
67.0694898635258
20
-9.61295470771768
30
0
41
1
10
67.0855209283023
20
-9.6148060388432
30
0
41
1
10
67.1098754389717
20
-9.61906052349826
30
0
41
1
10
67.1180451824286
20
-9.62072607025212
30
0
41
1
10
67.1344843745738
20
-9.62454558058045
30
0
41
1
10
67.1427824734814
20
-9.62670837194804
30
0
41
1
10
67.1841094006128
20
-9.63862117112996
30
0
41
1
10
67.2165861488356
20
-9.65152676479758
30
0
41
1
10
67.2805010889387
20
-9.68291544849163
30
0
41
1
10
67.3119385941245
20
-9.70140734402605
30
0
41
1
10
67.3583473625733
20
-9.73301130084897
30
0
41
1
10
67.3737305754863
20
-9.7442372967264
30
0
41
1
10
67.4038466615457
20
-9.76766037501173
30
0
41
1
10
67.4186225017259
20
-9.77988354529043
30
0
41
1
10
67.4621501833193
20
-9.81800321576225
30
0
41
1
10
67.4900935522561
20
-9.84536458224213
30
0
41
1
10
67.5303710939716
20
-9.88940559791192
30
0
41
1
10
67.5435305668229
20
-9.90457390129825
30
0
41
1
10
67.56930376936
20
-9.93591956438797
30
0
41
1
10
67.5818433866641
20
-9.95201495563131
30
0
41
1
10
67.6181532427116
20
-10.0012916812206
30
0
41
1
10
67.6407254932965
20
-10.0355800234784
30
0
41
1
10
67.6719610551817
20
-10.0893536239292
30
0
41
1
10
67.6819268913889
20
-10.107676310317
30
0
41
1
10
67.7008816508315
20
-10.1452011197875
30
0
41
1
10
67.7099006411744
20
-10.1644722436778
30
0
41
1
10
67.7348661837802
20
-10.2227144552606
30
0
41
1
10
67.7488855843637
20
-10.2623587532463
30
0
41
1
10
67.7596444293451
20
-10.303010747146
30
0
0
SPLINE
5
158
100
AcDbEntity
8
1
62
256
6
ByLayer
370
18
48
1
60
0
100
AcDbSpline
70
4
71
3
72
39
73
35
40
0
40
0
40
0
40
0
40
0.070685934705416
40
0.070685934705416
40
0.128768063786329
40
0.128768063786329
40
0.157809128326784
40
0.157809128326784
40
0.186850192867239
40
0.186850192867239
40
0.303014451029058
40
0.303014451029058
40
0.361096580109967
40
0.361096580109967
40
0.419178709190877
40
0.419178709190877
40
0.535342967352699
40
0.535342967352699
40
0.593425096433609
40
0.593425096433609
40
0.651507225514519
40
0.651507225514519
40
0.709589354595428
40
0.709589354595428
40
0.724109886865657
40
0.724109886865657
40
0.738630419135887
40
0.738630419135887
40
0.767671483676345
40
0.825753612757258
40
0.825753612757258
40
0.883835741838172
40
0.883835741838172
40
1
40
1
40
1
40
1
41
1
10
80.5000177634702
20
-11.1186053670023
30
0
41
1
10
80.2007620080946
20
-11.2149846376932
30
0
41
1
10
79.9010815482227
20
-11.3038395086502
30
0
41
1
10
79.3539214722624
20
-11.4511986323826
30
0
41
1
10
79.1066550591673
20
-11.5122906281479
30
0
41
1
10
78.7348136858391
20
-11.5957259270583
30
0
41
1
10
78.6107093183134
20
-11.6221648677523
30
0
41
1
10
78.3621477123114
20
-11.6723449394893
30
0
41
1
10
78.2376294232892
20
-11.6960996559941
30
0
41
1
10
77.6164004669274
20
-11.8077779355075
30
0
41
1
10
77.1220399856807
20
-11.8748104714654
30
0
41
1
10
76.382941622142
20
-11.9406219814868
30
0
41
1
10
76.1369770733644
20
-11.9567719907883
30
0
41
1
10
75.6455242591774
20
-11.9776309199752
30
0
41
1
10
75.4000331312281
20
-11.9823460021758
30
0
41
1
10
74.6637352771832
20
-11.9802357286045
30
0
41
1
10
74.1731519406758
20
-11.9570062534375
30
0
41
1
10
73.4360982115506
20
-11.8877742424604
30
0
41
1
10
73.1902115443471
20
-11.8589687322032
30
0
41
1
10
72.6977179384565
20
-11.7899486254994
30
0
41
1
10
72.451108816829
20
-11.7497452386005
30
0
41
1
10
71.9568626785592
20
-11.6584158628071
30
0
41
1
10
71.7092296430635
20
-11.6072595028259
30
0
41
1
10
71.3988610363811
20
-11.5361942024541
30
0
41
1
10
71.336745833196
20
-11.521625056104
30
0
41
1
10
71.2124273180786
20
-11.4917698063457
30
0
41
1
10
71.1501938800343
20
-11.4764760613773
30
0
41
1
10
70.9635979285013
20
-11.4295738595566
30
0
41
1
10
70.5909646659929
20
-11.3317254455909
30
0
41
1
10
70.2198424145194
20
-11.221793356874
30
0
41
1
10
69.7260124334648
20
-11.0648294761402
30
0
41
1
10
69.4795909615344
20
-10.9811794200644
30
0
41
1
10
68.7412538628236
20
-10.7157230779096
30
0
41
1
10
68.250323363411
20
-10.5192099696541
30
0
41
1
10
67.7596444293451
20
-10.303010747146
30
0
0
SPLINE
5
159
100
AcDbEntity
8
1
62
256
6
ByLayer
370
18
48
1
60
0
100
AcDbSpline
70
4
71
5
72
41
73
35
40
0
40
0
40
0
40
0
40
0
40
0
40
0.0202414317515538
40
0.0471965604885709
40
0.0876292535940965
40
0.114584382331114
40
0.155017075436639
40
0.195449768542165
40
0.222404897279182
40
0.262837590384708
40
0.289792719121725
40
0.33022541222725
40
0.357180540964267
40
0.397613234069793
40
0.438045927175319
40
0.465001055912336
40
0.491956184649353
40
0.532388877754879
40
0.572821570860404
40
0.599776699597421
40
0.640209392702947
40
0.680642085808473
40
0.70759721454549
40
0.734552343282507
40
0.774985036388033
40
0.815417729493558
40
0.842372858230575
40
0.882805551336101
40
0.909760680073118
40
0.950193373178644
40
0.977148501915661
40
1
40
1
40
1
40
1
40
1
40
1
41
1
10
45.7592196528009
20
6.25537290726925
30
0
41
1
10
45.8729378010283
20
6.21447565176524
30
0
41
1
10
46.1380922390809
20
6.11789296225433
30
0
41
1
10
46.6304011118712
20
5.9333307397641
30
0
41
1
10
47.2741462744868
20
5.67961367942198
30
0
41
1
10
48.1450458718401
20
5.31562644890386
30
0
41
1
10
49.1293817557038
20
4.87843829274831
30
0
41
1
10
50.1137176395676
20
4.41526283080282
30
0
41
1
10
51.0980535234312
20
3.9307470891172
30
0
41
1
10
52.0823894072949
20
3.42540964004695
30
0
41
1
10
53.0667252911586
20
2.90364710457979
30
0
41
1
10
53.9753430301097
20
2.40894780223732
30
0
41
1
10
54.9596789139735
20
1.86151713606645
30
0
41
1
10
55.9440147978371
20
1.30495477184877
30
0
41
1
10
56.9283506817008
20
0.741380833757688
30
0
41
1
10
57.8369684206519
20
0.217851061893896
30
0
41
1
10
58.8213043045157
20
-0.350077350396475
30
0
41
1
10
59.8056401883794
20
-0.916314468549132
30
0
41
1
10
60.7142579273304
20
-1.43516607229282
30
0
41
1
10
61.6985938111941
20
-1.99031872489616
30
0
41
1
10
62.7586478399705
20
-2.57670356803163
30
0
41
1
10
63.7429837238342
20
-3.10758378619997
30
0
41
1
10
64.6516014627853
20
-3.58376256324209
30
0
41
1
10
65.6359373466489
20
-4.08205428240939
30
0
41
1
10
66.6202732305127
20
-4.56062477502988
30
0
41
1
10
67.5288909694638
20
-4.98225407693445
30
0
41
1
10
68.5132268533274
20
-5.4149384377709
30
0
41
1
10
69.4975627371912
20
-5.81878870449532
30
0
41
1
10
70.4818986210548
20
-6.19442524342639
30
0
41
1
10
71.390516360006
20
-6.51361907762603
30
0
41
1
10
72.2760795401413
20
-6.79632397276592
30
0
41
1
10
72.9344882855389
20
-6.98736558374031
30
0
41
1
10
73.4414607411112
20
-7.12271248016489
30
0
41
1
10
73.7212787619458
20
-7.1937733318434
30
0
41
1
10
73.8496604929552
20
-7.22560395554936
30
0
0
SPLINE
5
15A
100
AcDbEntity
8
1
62
256
6
ByLayer
370
18
48
1
60
0
100
AcDbSpline
70
4
71
3
72
8
73
4
40
0
40
0
40
0
40
0
40
1
40
1
40
1
40
1
41
1
10
33.5295829397005
20
11.3665447514372
30
0
41
1
10
34.2433417203692
20
11.2033066926377
30
0
41
1
10
34.9601075457606
20
11.0032293474882
30
0
41
1
10
35.6825472690437
20
10.768427887362
30
0
0
SPLINE
5
15B
100
AcDbEntity
8
1
62
256
6
ByLayer
370
18
48
1
60
0
100
AcDbSpline
70
4
71
3
72
21
73
17
40
0
40
0
40
0
40
0
40
0.24999999999999
40
0.24999999999999
40
0.312499999999991
40
0.312499999999991
40
0.374999999999991
40
0.500000000000003
40
0.500000000000003
40
0.562500000000003
40
0.562500000000003
40
0.625000000000002
40
0.625000000000002
40
0.750000000000001
40
0.750000000000001
40
1
40
1
40
1
40
1
41
1
10
35.6825472690437
20
10.768427887362
30
0
41
1
10
35.7682493273689
20
10.8396853630854
30
0
41
1
10
35.8617126630919
20
10.9004406518133
30
0
41
1
10
35.9874512606591
20
10.9627080485128
30
0
41
1
10
36.0130534461214
20
10.974475541932
30
0
41
1
10
36.0649244847327
20
10.9965280316971
30
0
41
1
10
36.1438108908882
20
11.0274227708548
30
0
41
1
10
36.2258530596468
20
11.0517676878105
30
0
41
1
10
36.3099465984701
20
11.0716871234126
30
0
41
1
10
36.3383603515551
20
11.0775953058333
30
0
41
1
10
36.3956553436144
20
11.0878791705325
30
0
41
1
10
36.4245208866924
20
11.0922548215271
30
0
41
1
10
36.5117570310486
20
11.1031022455383
30
0
41
1
10
36.5707648951393
20
11.1072982012229
30
0
41
1
10
36.7503045290912
20
11.110803241126
30
0
41
1
10
36.8733085168646
20
11.10110759138
30
0
41
1
10
37.0000000000003
20
11.0786378524007
30
0
0
SPLINE
5
15C
100
AcDbEntity
8
1
62
256
6
ByLayer
370
18
48
1
60
0
100
AcDbSpline
70
4
71
3
72
8
73
4
40
0
40
0
40
0
40
0
40
1
40
1
40
1
40
1
41
1
10
37.0000000000003
20
11.0786378524007
30
0
41
1
10
37.0072177580351
20
11.0773577257888
30
0
41
1
10
37.0144351379573
20
11.076072394278
30
0
41
1
10
37.0216521442281
20
11.0747818587656
30
0
0
SPLINE
5
15D
100
AcDbEntity
8
1
62
256
6
ByLayer
370
18
48
1
60
0
100
AcDbSpline
70
4
71
3
72
28
73
24
40
0
40
0
40
0
40
0
40
0.125000000000003
40
0.125000000000003
40
0.187500000000003
40
0.187500000000003
40
0.250000000000003
40
0.250000000000003
40
0.375000000000002
40
0.375000000000002
40
0.500000000000001
40
0.500000000000001
40
0.625000000000001
40
0.625000000000001
40
0.75
40
0.75
40
0.812499999999999
40
0.812499999999999
40
0.843749999999999
40
0.843749999999999
40
0.875
40
0.875
40
1
40
1
40
1
40
1
41
1
10
112.605413668905
20
-3.27529462313831
30
0
41
1
10
112.625424665583
20
-3.4208040082961
30
0
41
1
10
112.644762696018
20
-3.56575181915281
30
0
41
1
10
112.672591805506
20
-3.78219057576373
30
0
41
1
10
112.681668309835
20
-3.85415365394957
30
0
41
1
10
112.699328415044
20
-3.99721114481574
30
0
41
1
10
112.70791984057
20
-4.06836546229073
30
0
41
1
10
112.732911059694
20
-4.28059972513222
30
0
41
1
10
112.748534048993
20
-4.42046079269889
30
0
41
1
10
112.777216796129
20
-4.69616098056346
30
0
41
1
10
112.79024316625
20
-4.83194771244828
30
0
41
1
10
112.813374673227
20
-5.09893749100192
30
0
41
1
10
112.823490280872
20
-5.23015696731039
30
0
41
1
10
112.840474617318
20
-5.48750126667596
30
0
41
1
10
112.847346196128
20
-5.61363056166198
30
0
41
1
10
112.854828303865
20
-5.79839140910917
30
0
41
1
10
112.856849836026
20
-5.8592369561639
30
0
41
1
10
112.859104799659
20
-5.94928556684266
30
0
41
1
10
112.859725418366
20
-5.97905658249846
30
0
41
1
10
112.860692708579
20
-6.03790477494934
30
0
41
1
10
112.861040107578
20
-6.06700978671432
30
0
41
1
10
112.862076290916
20
-6.21089356483117
30
0
41
1
10
112.860673713053
20
-6.32077442114459
30
0
41
1
10
112.856708464979
20
-6.42465357763831
30
0
0
SPLINE
5
15E
100
AcDbEntity
8
1
62
256
6
ByLayer
370
18
48
1
60
0
100
AcDbSpline
70
4
71
3
72
18
73
14
40
0
40
0
40
0
40
0
40
0.250000000000021
40
0.250000000000021
40
0.312500000000026
40
0.312500000000026
40
0.375000000000031
40
0.375000000000031
40
0.50000000000003
40
0.50000000000003
40
0.750000000000015
40
0.750000000000015
40
1
40
1
40
1
40
1
41
1
10
107.702309108509
20
-0.159837237822529
30
0
41
1
10
108.11243927459
20
-0.420893726207964
30
0
41
1
10
108.523165769036
20
-0.682209563596984
30
0
41
1
10
109.037288044125
20
-1.00916495416942
30
0
41
1
10
109.140148309051
20
-1.07457160636153
30
0
41
1
10
109.345940057978
20
-1.20541588461299
30
0
41
1
10
109.448895378056
20
-1.27086866232807
30
0
41
1
10
109.757713676743
20
-1.46717533379641
30
0
41
1
10
109.963118954885
20
-1.59771694281818
30
0
41
1
10
110.577942750307
20
-1.98837323910212
30
0
41
1
10
110.985971615093
20
-2.24752105603082
30
0
41
1
10
111.798406697288
20
-2.76329618185298
30
0
41
1
10
112.202812192983
20
-3.01992298860378
30
0
41
1
10
112.605413668904
20
-3.27529462313825
30
0
0
SPLINE
5
15F
100
AcDbEntity
8
1
62
256
6
ByLayer
370
18
48
1
60
0
100
AcDbSpline
70
4
71
3
72
37
73
33
40
0
40
0
40
0
40
0
40
0.125000000000025
40
0.125000000000025
40
0.187500000000038
40
0.187500000000038
40
0.218750000000044
40
0.218750000000044
40
0.250000000000051
40
0.250000000000051
40
0.375000000000055
40
0.375000000000055
40
0.406250000000048
40
0.406250000000048
40
0.437500000000041
40
0.500000000000041
40
0.500000000000041
40
0.53125000000004
40
0.53125000000004
40
0.562500000000039
40
0.562500000000039
40
0.625000000000033
40
0.625000000000033
40
0.687500000000028
40
0.687500000000028
40
0.750000000000022
40
0.750000000000022
40
0.812500000000016
40
0.812500000000016
40
0.87500000000001
40
0.87500000000001
40
1
40
1
40
1
40
1
41
1
10
107.702309108509
20
-0.159837237822501
30
0
41
1
10
107.618035638969
20
-0.10619539959248
30
0
41
1
10
107.537073947655
20
-0.0489625609307325
30
0
41
1
10
107.421932008178
20
0.0436695963122133
30
0
41
1
10
107.384608828727
20
0.0756857653146028
30
0
41
1
10
107.330471907026
20
0.12570082723991
30
0
41
1
10
107.312806078932
20
0.142643411923132
30
0
41
1
10
107.278543042378
20
0.176823895533545
30
0
41
1
10
107.261903509968
20
0.194100558764092
30
0
41
1
10
107.181239859331
20
0.281453239972592
30
0
41
1
10
107.124781451419
20
0.354404008554013
30
0
41
1
10
107.065820409267
20
0.4503318918822
30
0
41
1
10
107.054594794413
20
0.469797854498751
30
0
41
1
10
107.033672983959
20
0.50861377657489
30
0
41
1
10
107.004444199377
20
0.566877635244168
30
0
41
1
10
106.981471013822
20
0.625333572102022
30
0
41
1
10
106.962453430608
20
0.684023583694966
30
0
41
1
10
106.956774160692
20
0.703626039362888
30
0
41
1
10
106.946707539296
20
0.742928124717338
30
0
41
1
10
106.942315076636
20
0.762655126073525
30
0
41
1
10
106.931074432169
20
0.821834998398089
30
0
41
1
10
106.926239123126
20
0.860803032538769
30
0
41
1
10
106.921247599992
20
0.9380663695122
30
0
41
1
10
106.921093454849
20
0.976360964268366
30
0
41
1
10
106.925021949455
20
1.05251425830093
30
0
41
1
10
106.929106114018
20
1.09037254930075
30
0
41
1
10
106.941253680759
20
1.16579771399694
30
0
41
1
10
106.949355393459
20
1.2034733231171
30
0
41
1
10
106.969092332856
20
1.27772594625577
30
0
41
1
10
106.980730415936
20
1.314391396231
30
0
41
1
10
107.020535651315
20
1.42328077412969
30
0
41
1
10
107.053562482931
20
1.4944026751605
30
0
41
1
10
107.092450040438
20
1.56465018105334
30
0
0
SPLINE
5
160
100
AcDbEntity
8
1
62
256
6
ByLayer
370
18
48
1
60
0
100
AcDbSpline
70
4
71
5
72
15
73
9
40
0
40
0
40
0
40
0
40
0
40
0
40
0.535362205735226
40
0.669202757169033
40
0.869963584319743
40
1
40
1
40
1
40
1
40
1
40
1
41
1
10
34.591497932486
20
-6.08633544592848
30
0
41
1
10
35.1972430917867
20
-6.313116714454
30
0
41
1
10
35.9544245409127
20
-6.57848804960469
30
0
41
1
10
36.9387604247763
20
-6.89222152374731
30
0
41
1
10
38.0702283409115
20
-7.20317985756864
30
0
41
1
10
39.2016962570466
20
-7.45354675683055
30
0
41
1
10
39.727419013881
20
-7.55644848230929
30
0
41
1
10
40.1017054808902
20
-7.62279807211246
30
0
41
1
10
40.2488375131617
20
-7.64780631760203
30
0
0
SPLINE
5
161
100
AcDbEntity
8
1
62
256
6
ByLayer
370
18
48
1
60
0
100
AcDbSpline
70
4
71
5
72
22
73
16
40
0
40
0
40
0
40
0
40
0
40
0
40
0.0043426431394078
40
0.121468752919173
40
0.238594862698939
40
0.316678935885448
40
0.433805045665214
40
0.511889118851724
40
0.629015228631489
40
0.707099301817999
40
0.824225411597764
40
0.94135152137753
40
1
40
1
40
1
40
1
40
1
40
1
41
1
10
97.3954475887682
20
6.2457444851309
30
0
41
1
10
97.4038697130021
20
6.24270827346129
30
0
41
1
10
97.6394462719739
20
6.15770154861815
30
0
41
1
10
98.1021772656833
20
5.98631495798901
30
0
41
1
10
98.716344549218
20
5.74759766166412
30
0
41
1
10
99.5576662674904
20
5.40113254142798
30
0
41
1
10
100.542002151354
20
4.9671265404279
30
0
41
1
10
101.526338035218
20
4.50922890912116
30
0
41
1
10
102.434955774169
20
4.06633389982511
30
0
41
1
10
103.419291658033
20
3.56700290667604
30
0
41
1
10
104.403627541896
20
3.05030991662832
30
0
41
1
10
105.350270024133
20
2.53774407694507
30
0
41
1
10
106.069758071631
20
2.1397218932604
30
0
41
1
10
106.637809829304
20
1.82130609108413
30
0
41
1
10
106.97870715224
20
1.62895936459378
30
0
41
1
10
107.092450040438
20
1.56465018105337
30
0
0
SPLINE
5
162
100
AcDbEntity
8
1
62
256
6
ByLayer
370
18
48
1
60
0
100
AcDbSpline
70
4
71
3
72
93
73
89
40
0
40
0
40
0
40
0
40
0.0084617849236211
40
0.0169444444352719
40
0.0254483055633202
40
0.0339736928365435
40
0.0425209282771085
40
0.0510903313944156
40
0.0596822191800893
40
0.0682969061039689
40
0.0769347041110543
40
0.0855959226194229
40
0.0942808685191376
40
0.102989846172013
40
0.111723157412321
40
0.12048110154839
40
0.129263975364989
40
0.138072073126659
40
0.146905686581671
40
0.155765104967001
40
0.164650615013834
40
0.173562500953956
40
0.182501044526796
40
0.191466524987185
40
0.200459219113749
40
0.209479401217946
40
0.218527343153741
40
0.227603314327916
40
0.236707581710779
40
0.245840409847663
40
0.255002060870764
40
0.264192794511554
40
0.273412868113699
40
0.282662536646365
40
0.29194205271802
40
0.301251666590622
40
0.310591626194241
40
0.319962177141989
40
0.329363562745346
40
0.338796024029854
40
0.348259799751046
40
0.357755126410765
40
0.36855301044494
40
0.379487803397636
40
0.390559863837325
40
0.401769536771457
40
0.413117154260179
40
0.424603035996758
40
0.436227489857113
40
0.447990812419833
40
0.459893289458816
40
0.471935196409818
40
0.484116798812775
40
0.496438352730985
40
0.508900105148776
40
0.52150229434868
40
0.534245150269521
40
0.547128894846315
40
0.560153742333121
40
0.573319899609873
40
0.586627566473927
40
0.600076935917364
40
0.613668194390779
40
0.62740152205425
40
0.641277093016319
40
0.655295075561584
40
0.669455632367502
40
0.683758920711052
40
0.698205092665819
40
0.712794295289925
40
0.727526670805425
40
0.742402356769544
40
0.757421486238256
40
0.772584187922508
40
0.787890586337618
40
0.803340801946141
40
0.818934951294499
40
0.834673147143796
40
0.85055549859507
40
0.866582111209326
40
0.882753087122492
40
0.899068525155731
40
0.915528520921263
40
0.932133166923915
40
0.948882552658639
40
0.965776764704269
40
0.98281588681359
40
1
40
1
40
1
40
1
41
1
10
33.5257532977608
20
-10.3379798067146
30
0
41
1
10
33.5243166420018
20
-10.3255082908797
30
0
41
1
10
33.5214397863618
20
-10.3005344929167
30
0
41
1
10
33.5174656135915
20
-10.2629906850762
30
0
41
1
10
33.5137364862517
20
-10.2253285134758
30
0
41
1
10
33.5102791588403
20
-10.1875454226831
30
0
41
1
10
33.5070887706796
20
-10.1496423812053
30
0
41
1
10
33.5041689659931
20
-10.1116194471338
30
0
41
1
10
33.5015211024688
20
-10.0734769615484
30
0
41
1
10
33.4991471532991
20
-10.0352152282464
30
0
41
1
10
33.4970489259528
20
-9.99683460062181
30
0
41
1
10
33.4952282717034
20
-9.9583354590286
30
0
41
1
10
33.4936870286303
20
-9.91971821760714
30
0
41
1
10
33.4924270363095
20
-9.88098332318737
30
0
41
1
10
33.4914501312074
20
-9.84213125632678
30
0
41
1
10
33.4907581472542
20
-9.80316253177679
30
0
41
1
10
33.4903529150151
20
-9.76407769910529
30
0
41
1
10
33.4902362612254
20
-9.7248773432799
30
0
41
1
10
33.4904100082194
20
-9.68556208526394
30
0
41
1
10
33.4908759733746
20
-9.64613258261113
30
0
41
1
10
33.4916359685422
20
-9.60658953006254
30
0
41
1
10
33.49269179947
20
-9.56693366014483
30
0
41
1
10
33.4940452652153
20
-9.52716574376967
30
0
41
1
10
33.4956981575507
20
-9.48728659083403
30
0
41
1
10
33.4976522603591
20
-9.44729705082179
30
0
41
1
10
33.4999093490219
20
-9.40719801340578
30
0
41
1
10
33.5024711897965
20
-9.3669904090506
30
0
41
1
10
33.5053395391854
20
-9.32667520961573
30
0
41
1
10
33.5085161432974
20
-9.28625342895907
30
0
41
1
10
33.512002737198
20
-9.24572612354044
30
0
41
1
10
33.5158010442527
20
-9.20509439302523
30
0
41
1
10
33.519912775457
20
-9.16435938088696
30
0
41
1
10
33.5243396287734
20
-9.12352227501239
30
0
41
1
10
33.5290832883984
20
-9.08258430829486
30
0
41
1
10
33.5341454242498
20
-9.04154675926884
30
0
41
1
10
33.5395276905838
20
-9.0004109525853
30
0
41
1
10
33.5452317278345
20
-8.95917826007954
30
0
41
1
10
33.5512591523214
20
-8.91785009961021
30
0
41
1
10
33.5576115914201
20
-8.87642794225144
30
0
41
1
10
33.5642905481744
20
-8.83491328814787
30
0
41
1
10
33.5712979055624
20
-8.79330775989285
30
0
41
1
10
33.5789612967318
20
-8.74975273779157
30
0
41
1
10
33.5873650497454
20
-8.70410587603885
30
0
41
1
10
33.5965957345633
20
-8.65622630477651
30
0
41
1
10
33.6063446525323
20
-8.60782132658997
30
0
41
1
10
33.6166185949019
20
-8.55889442932849
30
0
41
1
10
33.6274238705693
20
-8.50944922601474
30
0
41
1
10
33.6387668945052
20
-8.45948959151994
30
0
41
1
10
33.6506540188499
20
-8.40901963464344
30
0
41
1
10
33.6630915705222
20
-8.35804371519416
30
0
41
1
10
33.6760858322561
20
-8.30656644885909
30
0
41
1
10
33.689643038863
20
-8.25459271546697
30
0
41
1
10
33.7037693691248
20
-8.20212766638167
30
0
41
1
10
33.7184709386644
20
-8.14917673218309
30
0
41
1
10
33.733753792332
20
-8.09574563031239
30
0
41
1
10
33.7496238965074
20
-8.04184037276295
30
0
41
1
10
33.7660871312052
20
-7.98746727378693
30
0
41
1
10
33.7831492820146
20
-7.93263295761832
30
0
41
1
10
33.8008160318665
20
-7.87734436620423
30
0
41
1
10
33.8190929526245
20
-7.8216087669372
30
0
41
1
10
33.8379854965082
20
-7.76543376038367
30
0
41
1
10
33.8574989873386
20
-7.70882728799856
30
0
41
1
10
33.877638611615
20
-7.6517976398211
30
0
41
1
10
33.898409409419
20
-7.59435346214227
30
0
41
1
10
33.9198162651477
20
-7.53650376513693
30
0
41
1
10
33.9418638980775
20
-7.47825793045152
30
0
41
1
10
33.9645568527589
20
-7.41962571873944
30
0
41
1
10
33.9878994892454
20
-7.36061727713454
30
0
41
1
10
34.0118959731559
20
-7.30124314665346
30
0
41
1
10
34.0365502655752
20
-7.24151426951843
30
0
41
1
10
34.0618661127924
20
-7.18144199638874
30
0
41
1
10
34.0878470358825
20
-7.12103809349284
30
0
41
1
10
34.11449632013
20
-7.0603147496484
30
0
41
1
10
34.1418170043045
20
-6.99928458316367
30
0
41
1
10
34.1698118697782
20
-6.93796064859635
30
0
41
1
10
34.1984834295268
20
-6.87635644340551
30
0
41
1
10
34.2278339168818
20
-6.81448591430637
30
0
41
1
10
34.2578652745588
20
-6.7523634639943
30
0
41
1
10
34.2885791419842
20
-6.69000395565593
30
0
41
1
10
34.3199768484414
20
-6.62742272497914
30
0
41
1
10
34.3520593835925
20
-6.56463556285928
30
0
41
1
10
34.3848274530144
20
-6.50165880795575
30
0
41
1
10
34.4182812116418
20
-6.438509022711
30
0
41
1
10
34.452421214779
20
-6.37520424349978
30
0
41
1
10
34.4872447645471
20
-6.31175927720761
30
0
41
1
10
34.5227596656303
20
-6.24820350686377
30
0
41
1
10
34.5589321633153
20
-6.1845135986087
30
0
41
1
10
34.5834625474549
20
-6.14226219855692
30
0
41
1
10
34.5957797025666
20
-6.12104699682337
30
0
0
SPLINE
5
163
100
AcDbEntity
8
1
62
256
6
ByLayer
370
18
48
1
60
0
100
AcDbSpline
70
4
71
3
72
8
73
4
40
0
40
0
40
0
40
0
40
1
40
1
40
1
40
1
41
1
10
33.5295829397004
20
-10.3369868712233
30
0
41
1
10
34.2433417203692
20
-10.4971659042483
30
0
41
1
10
34.9601075457605
20
-10.6166182311475
30
0
41
1
10
35.6825472690436
20
-10.6955741175051
30
0
0
SPLINE
5
164
100
AcDbEntity
8
1
62
256
6
ByLayer
370
18
48
1
60
0
100
AcDbSpline
70
4
71
3
72
21
73
17
40
0
40
0
40
0
40
0
40
0.249999999999975
40
0.249999999999975
40
0.312499999999972
40
0.312499999999972
40
0.374999999999968
40
0.499999999999975
40
0.499999999999975
40
0.562499999999977
40
0.562499999999977
40
0.62499999999998
40
0.62499999999998
40
0.749999999999987
40
0.749999999999987
40
1
40
1
40
1
40
1
41
1
10
35.6825472690436
20
-10.6955741175051
30
0
41
1
10
35.7682493273688
20
-10.8264235621965
30
0
41
1
10
35.8617126630918
20
-10.9480346719865
30
0
41
1
10
35.987451260659
20
-11.0884893299555
30
0
41
1
10
36.0130534461213
20
-11.1160028707635
30
0
41
1
10
36.0649244847326
20
-11.1696358717735
30
0
41
1
10
36.1438108908881
20
-11.2480830903114
30
0
41
1
10
36.2258530596467
20
-11.3205635217206
30
0
41
1
10
36.30994659847
20
-11.3890496356566
30
0
41
1
10
36.338360351555
20
-11.4112411775929
30
0
41
1
10
36.3956553436143
20
-11.4541183800075
30
0
41
1
10
36.4245208866924
20
-11.4747955043005
30
0
41
1
10
36.5117570310485
20
-11.5345666252269
30
0
41
1
10
36.5707648951392
20
-11.5714047113631
30
0
41
1
10
36.7503045290912
20
-11.6729304886828
30
0
41
1
10
36.8733085168645
20
-11.7287190968662
30
0
41
1
10
37.0000000000003
20
-11.771784987927
30
0
0
SPLINE
5
165
100
AcDbEntity
8
1
62
256
6
ByLayer
370
18
48
1
60
0
100
AcDbSpline
70
4
71
3
72
8
73
4
40
0
40
0
40
0
40
0
40
1
40
1
40
1
40
1
41
1
10
37.0000000000002
20
-11.771784987927
30
0
41
1
10
37.0072177580349
20
-11.774238500772
30
0
41
1
10
37.0144351379572
20
-11.7766872175552
30
0
41
1
10
37.021652144228
20
-11.7791311364251
30
0
0
SPLINE
5
166
100
AcDbEntity
8
1
62
256
6
ByLayer
370
18
48
1
60
0
100
AcDbSpline
70
4
71
3
72
29
73
25
40
0
40
0
40
0
40
0
40
0.0670190847993872
40
0.0670190847993872
40
0.170683630932789
40
0.170683630932789
40
0.222515903999492
40
0.222515903999492
40
0.274348177066195
40
0.274348177066195
40
0.3780127231996
40
0.3780127231996
40
0.403928859732951
40
0.403928859732951
40
0.429844996266301
40
0.481677269333
40
0.481677269333
40
0.585341815466399
40
0.585341815466399
40
0.689006361599799
40
0.689006361599799
40
0.792670907733198
40
0.792670907733198
40
1
40
1
40
1
40
1
41
1
10
45.6985778516606
20
-10.8369193539154
30
0
41
1
10
45.5054947725619
20
-10.9080221200878
30
0
41
1
10
45.3123791980521
20
-10.9760272582019
30
0
41
1
10
44.8202992489009
20
-11.1411991452093
30
0
41
1
10
44.5211988916619
20
-11.2339543678633
30
0
41
1
10
44.0717980846104
20
-11.361257520657
30
0
41
1
10
43.9218723493954
20
-11.4017200245161
30
0
41
1
10
43.6216985387116
20
-11.4786082247545
30
0
41
1
10
43.4714502154457
20
-11.5150062835864
30
0
41
1
10
43.0201094772904
20
-11.6183179330689
30
0
41
1
10
42.7184264835135
20
-11.6795044832532
30
0
41
1
10
42.34000177501
20
-11.745902115747
30
0
41
1
10
42.2642579459331
20
-11.7586749470569
30
0
41
1
10
42.1129888184574
20
-11.7831458808806
30
0
41
1
10
41.8862791379228
20
-11.8182627489482
30
0
41
1
10
41.6601135850164
20
-11.8486204341076
30
0
41
1
10
41.2084185847335
20
-11.9029457210136
30
0
41
1
10
40.9081508453403
20
-11.9305667960982
30
0
41
1
10
40.3087699770213
20
-11.9687315083423
30
0
41
1
10
40.0096372626705
20
-11.9793912552373
30
0
41
1
10
39.411930341423
20
-11.9841226297671
30
0
41
1
10
39.1133598742972
20
-11.9781739217438
30
0
41
1
10
38.2177109850954
20
-11.9354555829856
30
0
41
1
10
37.6206976140823
20
-11.8738206802514
30
0
41
1
10
37.021652144228
20
-11.7791311364251
30
0
0
SPLINE
5
167
100
AcDbEntity
8
1
62
256
6
ByLayer
370
18
48
1
60
0
100
AcDbSpline
70
4
71
3
72
39
73
35
40
0
40
0
40
0
40
0
40
0.0643852826915572
40
0.0643852826915572
40
0.128770565383114
40
0.128770565383114
40
0.257541130766229
40
0.257541130766229
40
0.289733772112008
40
0.289733772112008
40
0.321926413457788
40
0.321926413457788
40
0.386311696149348
40
0.386311696149348
40
0.402408016822238
40
0.402408016822238
40
0.418504337495127
40
0.418504337495127
40
0.450696978840905
40
0.450696978840905
40
0.51508226153246
40
0.51508226153246
40
0.579467544224015
40
0.579467544224015
40
0.64385282691557
40
0.64385282691557
40
0.77262339229868
40
0.77262339229868
40
0.804816033644458
40
0.804816033644458
40
0.837008674990237
40
0.901393957681792
40
0.901393957681792
40
1
40
1
40
1
40
1
41
1
10
61.4219847359794
20
7.01860806339127
30
0
41
1
10
61.1762815069452
20
7.19042700676579
30
0
41
1
10
60.9308073597963
20
7.35871592811384
30
0
41
1
10
60.439949579366
20
7.68832497900758
30
0
41
1
10
60.1945713530159
20
7.84963820584014
30
0
41
1
10
59.4581964906251
20
8.32263079160791
30
0
41
1
10
58.9669902727134
20
8.62327262932175
30
0
41
1
10
58.3511471231334
20
8.9786090048967
30
0
41
1
10
58.2278857556339
20
9.04863835519083
30
0
41
1
10
57.9811342634029
20
9.18670954064334
30
0
41
1
10
57.857644656304
20
9.25475039380225
30
0
41
1
10
57.4867807658241
20
9.45581746635699
30
0
41
1
10
57.2390124261691
20
9.58578353687372
30
0
41
1
10
56.92845318622
20
9.74286499819337
30
0
41
1
10
56.8662988292618
20
9.77401251696358
30
0
41
1
10
56.7419000246558
20
9.83576280843147
30
0
41
1
10
56.6796601737313
20
9.8663629685401
30
0
41
1
10
56.4931671139951
20
9.9571575011112
30
0
41
1
10
56.3690182674271
20
10.0164064984116
30
0
41
1
10
55.9970616748141
20
10.19025663016
30
0
41
1
10
55.7497506127663
20
10.3009308265538
30
0
41
1
10
55.2561141447749
20
10.511780587876
30
0
41
1
10
55.0097865355275
20
10.6119460661097
30
0
41
1
10
54.5176721804291
20
10.8024952039615
30
0
41
1
10
54.2719079196316
20
10.8927869303233
30
0
41
1
10
53.5351551522053
20
11.1481258355805
30
0
41
1
10
53.0447137352147
20
11.2977218273919
30
0
41
1
10
52.4311835388897
20
11.4568431280764
30
0
41
1
10
52.3084522771556
20
11.4872631845935
30
0
41
1
10
52.0628835963535
20
11.5455200372855
30
0
41
1
10
51.6943726640933
20
11.6290320909825
30
0
41
1
10
51.3252481702495
20
11.7007550740562
30
0
41
1
10
50.7012528612399
20
11.8080675834638
30
0
41
1
10
50.3228017326528
20
11.8602994796334
30
0
41
1
10
49.9428186799161
20
11.8989961753776
30
0
0
SPLINE
5
168
100
AcDbEntity
8
1
62
256
6
ByLayer
370
18
48
1
60
0
100
AcDbSpline
70
4
71
3
72
21
73
17
40
0
40
0
40
0
40
0
40
0.191470007839967
40
0.191470007839967
40
0.382940015679934
40
0.382940015679934
40
0.574410023519901
40
0.574410023519901
40
0.622277525479892
40
0.622277525479892
40
0.670145027439882
40
0.765880031359864
40
0.765880031359864
40
0.957350039199831
40
0.957350039199831
40
1
40
1
40
1
40
1
41
1
10
112.85670846498
20
8.10719067807429
30
0
41
1
10
112.226404626133
20
8.50839544046201
30
0
41
1
10
111.599481573636
20
8.88179808216088
30
0
41
1
10
110.346821555559
20
9.57125824805189
30
0
41
1
10
109.721096186442
20
9.88743665250504
30
0
41
1
10
108.465967242949
20
10.4595409557333
30
0
41
1
10
107.836588918206
20
10.7154818971565
30
0
41
1
10
107.044441921115
20
10.9945943480287
30
0
41
1
10
106.885587119149
20
11.0484194588997
30
0
41
1
10
106.568707132936
20
11.1514425890496
30
0
41
1
10
106.094208005158
20
11.2991989151865
30
0
41
1
10
105.621798576798
20
11.4266655226358
30
0
41
1
10
104.678802726979
20
11.6546295313031
30
0
41
1
10
104.052558618601
20
11.7707486014706
30
0
41
1
10
103.286802036578
20
11.8684138864787
30
0
41
1
10
103.147302538683
20
11.8844036443361
30
0
41
1
10
103.007775116905
20
11.8985888212022
30
0
0
SPLINE
5
169
100
AcDbEntity
8
1
62
256
6
ByLayer
370
18
48
1
60
0
100
AcDbSpline
70
4
71
5
72
33
73
27
40
0
40
0
40
0
40
0
40
0
40
0
40
0.132489061222292
40
0.165611326527865
40
0.215294724486225
40
0.264978122444584
40
0.298100387750157
40
0.33122265305573
40
0.38090605101409
40
0.430589448972449
40
0.463711714278022
40
0.513395112236382
40
0.546517377541955
40
0.596200775500314
40
0.629323040805887
40
0.679006438764247
40
0.728689836722606
40
0.761812102028179
40
0.811495499986539
40
0.844617765292112
40
0.894301163250471
40
0.927423428556044
40
0.977106826514404
40
1
40
1
40
1
40
1
40
1
40
1
41
1
10
34.5914979324861
20
3.44508691471162
30
0
41
1
10
35.1972430917868
20
3.12987404501783
30
0
41
1
10
35.9544245409128
20
2.72560967881231
30
0
41
1
10
36.9387604247764
20
2.18595169516951
30
0
41
1
10
38.1502507433779
20
1.50451913361564
30
0
41
1
10
39.5131773518046
20
0.723970917540186
30
0
41
1
10
40.4217950907556
20
0.200375437900846
30
0
41
1
10
41.4061309746194
20
-0.367539698710971
30
0
41
1
10
42.3904668584831
20
-0.933679177366798
30
0
41
1
10
43.2990845974342
20
-1.45236313479566
30
0
41
1
10
44.2834204812979
20
-2.00725105192532
30
0
41
1
10
45.2677563651616
20
-2.55139658638785
30
0
41
1
10
46.2520922490253
20
-3.08308029912058
30
0
41
1
10
47.1607099879764
20
-3.56023304600649
30
0
41
1
10
48.1450458718401
20
-4.05981917963024
30
0
41
1
10
49.1293817557038
20
-4.5399087926495
30
0
41
1
10
50.1137176395675
20
-4.99593572344895
30
0
41
1
10
51.0980535234312
20
-5.42781580972061
30
0
41
1
10
52.0823894072949
20
-5.83079348152097
30
0
41
1
10
53.0667252911586
20
-6.20549964011531
30
0
41
1
10
53.9753430301097
20
-6.52378504547394
30
0
41
1
10
54.9596789139734
20
-6.8369888781705
30
0
41
1
10
55.8215288458555
20
-7.08235701646498
30
0
41
1
10
56.5319424879125
20
-7.26134984805043
30
0
41
1
10
57.0152016952317
20
-7.37204103039272
30
0
41
1
10
57.3470246127257
20
-7.44274079974028
30
0
41
1
10
57.4516930954819
20
-7.46451157122732
30
0
0
SPLINE
5
16A
100
AcDbEntity
8
1
62
256
6
ByLayer
370
18
48
1
60
0
100
AcDbSpline
70
4
71
3
72
93
73
89
40
0
40
0
40
0
40
0
40
0.008461784935591
40
0.0169444444593029
40
0.0254483055994364
40
0.0339736928848285
40
0.0425209283376139
40
0.0510903314672065
40
0.0596822192652285
40
0.0682969062015379
40
0.0769347042211099
40
0.0855959227420518
40
0.0942808686544131
40
0.102989846319986
40
0.11172315757311
40
0.12048110172205
40
0.129263975551622
40
0.138072073326349
40
0.146905686794511
40
0.155765105193073
40
0.164650615253242
40
0.173562501206778
40
0.182501044793135
40
0.191466525267147
40
0.200459219407424
40
0.209479401525442
40
0.218527343475184
40
0.227603314663371
40
0.236707582060382
40
0.245840410211521
40
0.255002061248985
40
0.264192794904256
40
0.273412868520996
40
0.282662537068373
40
0.291942053154871
40
0.301251667042421
40
0.310591626661111
40
0.319962177624042
40
0.329363563242729
40
0.338796024542701
40
0.348259800279474
40
0.357755126954906
40
0.368553010979931
40
0.379487803923364
40
0.390559864353671
40
0.401769537278308
40
0.413117154757415
40
0.424603036484262
40
0.436227490334765
40
0.447990812887524
40
0.459893289916418
40
0.47193519685722
40
0.484116799249856
40
0.49643835315763
40
0.508900105564859
40
0.521502294754087
40
0.53424515066413
40
0.547128895230008
40
0.560153742705777
40
0.573319899971376
40
0.586627566824153
40
0.600076936256196
40
0.613668194718096
40
0.627401522369935
40
0.641277093320249
40
0.655295075853634
40
0.669455632647556
40
0.683758920978989
40
0.698205092921516
40
0.712794295533261
40
0.727526671036277
40
0.742402356987797
40
0.757421486443782
40
0.772584188115186
40
0.787890586517328
40
0.803340802112761
40
0.818934951447906
40
0.83467314728387
40
0.850555498721687
40
0.866582111322364
40
0.882753087221828
40
0.899068525241243
40
0.915528520992833
40
0.932133166981417
40
0.948882552701949
40
0.965776764733265
40
0.982815886828153
40
1
40
1
40
1
40
1
41
1
10
33.5257532982003
20
2.10703578218525
30
0
41
1
10
33.5243166424289
20
2.10946315350196
30
0
41
1
10
33.5214397867644
20
2.11432388427821
30
0
41
1
10
33.5174656139586
20
2.12160228812513
30
0
41
1
10
33.5137364865847
20
2.12888613563791
30
0
41
1
10
33.51027915914
20
2.13617643952424
30
0
41
1
10
33.5070887709474
20
2.143476456912
30
0
41
1
10
33.5041689662301
20
2.15078887060403
30
0
41
1
10
33.5015211026763
20
2.15811654706994
30
0
41
1
10
33.4991471534783
20
2.16546233240669
30
0
41
1
10
33.4970489261049
20
2.17282910705515
30
0
41
1
10
33.4952282718296
20
2.18021977090493
30
0
41
1
10
33.4936870287318
20
2.18763724711343
30
0
41
1
10
33.492427036388
20
2.19508448088118
30
0
41
1
10
33.4914501312636
20
2.20256443957393
30
0
41
1
10
33.49075814729
20
2.21008011247034
30
0
41
1
10
33.4903529150313
20
2.2176345106017
30
0
41
1
10
33.4902362612235
20
2.22523066655376
30
0
41
1
10
33.4904100082008
20
2.2328716342692
30
0
41
1
10
33.4908759733406
20
2.24056048883762
30
0
41
1
10
33.4916359684943
20
2.24830032627759
30
0
41
1
10
33.4926917994094
20
2.25609426330902
30
0
41
1
10
33.4940452651437
20
2.26394543711615
30
0
41
1
10
33.4956981574692
20
2.27185700510111
30
0
41
1
10
33.4976522602693
20
2.27983214462714
30
0
41
1
10
33.4999093489251
20
2.28787405275241
30
0
41
1
10
33.5024711896941
20
2.29598594595382
30
0
41
1
10
33.5053395390792
20
2.30417105983972
30
0
41
1
10
33.5085161431887
20
2.31243264885353
30
0
41
1
10
33.5120027370883
20
2.3207739859657
30
0
41
1
10
33.5158010441435
20
2.32919836235502
30
0
41
1
10
33.5199127753498
20
2.33770908708161
30
0
41
1
10
33.5243396286699
20
2.34630948673845
30
0
41
1
10
33.5290832883
20
2.35500290513136
30
0
41
1
10
33.5341454241579
20
2.36379270279886
30
0
41
1
10
33.5395276905003
20
2.37268225707791
30
0
41
1
10
33.5452317277608
20
2.38167496006781
30
0
41
1
10
33.5512591522593
20
2.39077422442568
30
0
41
1
10
33.557611591371
20
2.39998345972663
30
0
41
1
10
33.56429054814
20
2.40930615917088
30
0
41
1
10
33.5712979055442
20
2.41874557236409
30
0
41
1
10
33.5789612967254
20
2.42873241883288
30
0
41
1
10
33.5873650497454
20
2.43931734608574
30
0
41
1
10
33.5965957345633
20
2.45055858263527
30
0
41
1
10
33.6063446525323
20
2.46207438490526
30
0
41
1
10
33.6166185949019
20
2.47387728560736
30
0
41
1
10
33.6274238705694
20
2.48598029530737
30
0
41
1
10
33.6387668945052
20
2.49839650808127
30
0
41
1
10
33.65065401885
20
2.51113920547815
30
0
41
1
10
33.6630915705222
20
2.52422182422867
30
0
41
1
10
33.6760858322561
20
2.53765796089513
30
0
41
1
10
33.6896430388631
20
2.55146136618842
30
0
41
1
10
33.7037693691249
20
2.56564594184601
30
0
41
1
10
33.7184709386644
20
2.5802257365435
30
0
41
1
10
33.7337537923321
20
2.59521494179563
30
0
41
1
10
33.7496238965075
20
2.61062788757846
30
0
41
1
10
33.7660871312053
20
2.62647903773782
30
0
41
1
10
33.7831492820146
20
2.64278298515973
30
0
41
1
10
33.8008160318666
20
2.6595544467003
30
0
41
1
10
33.8190929526246
20
2.67680825787113
30
0
41
1
10
33.8379854965083
20
2.69455936727056
30
0
41
1
10
33.8574989873386
20
2.71282283075857
30
0
41
1
10
33.877638611615
20
2.73161380536809
30
0
41
1
10
33.898409409419
20
2.75094754294659
30
0
41
1
10
33.9198162651478
20
2.77083938352362
30
0
41
1
10
33.9418638980775
20
2.79130474839829
30
0
41
1
10
33.9645568527589
20
2.81235913294091
30
0
41
1
10
33.9878994892455
20
2.8340180991039
30
0
41
1
10
34.011895973156
20
2.85629726763756
30
0
41
1
10
34.0365502655752
20
2.87921231000354
30
0
41
1
10
34.0618661127926
20
2.90277893998382
30
0
41
1
10
34.0878470358825
20
2.92701290497837
30
0
41
1
10
34.11449632013
20
2.95192997698709
30
0
41
1
10
34.1418170043046
20
2.97754594327569
30
0
41
1
10
34.1698118697782
20
3.00387659670412
30
0
41
1
10
34.1984834295268
20
3.03093772577697
30
0
41
1
10
34.2278339168818
20
3.05874510417684
30
0
41
1
10
34.2578652745588
20
3.08731448065967
30
0
41
1
10
34.2885791419842
20
3.11666156597519
30
0
41
1
10
34.3199768484415
20
3.14680202941818
30
0
41
1
10
34.3520593835925
20
3.17775145731125
30
0
41
1
10
34.3848274530144
20
3.20952545382923
30
0
41
1
10
34.4182812116419
20
3.2421392018019
30
0
41
1
10
34.452421214779
20
3.27560906408758
30
0
41
1
10
34.4872447645471
20
3.30994646709303
30
0
41
1
10
34.5227596656303
20
3.3451809636359
30
0
41
1
10
34.5589321633153
20
3.38127297919982
30
0
41
1
10
34.5834625474549
20
3.40594879623268
30
0
41
1
10
34.5957797025666
20
3.41833897586343
30
0
0
SPLINE
5
16B
100
AcDbEntity
8
1
62
256
6
ByLayer
370
18
48
1
60
0
100
AcDbSpline
70
4
71
3
72
8
73
4
40
0
40
0
40
0
40
0
40
1
40
1
40
1
40
1
41
1
10
33.5295829397004
20
2.10814931455988
30
0
41
1
10
34.2433417203692
20
1.53893713910236
30
0
41
1
10
34.9601075457606
20
0.975507474515467
30
0
41
1
10
35.6825472690436
20
0.421209517157081
30
0
0
SPLINE
5
16C
100
AcDbEntity
8
1
62
256
6
ByLayer
370
18
48
1
60
0
100
AcDbSpline
70
4
71
3
72
21
73
17
40
0
40
0
40
0
40
0
40
0.24999999999999
40
0.24999999999999
40
0.31249999999999
40
0.31249999999999
40
0.37499999999999
40
0.499999999999978
40
0.499999999999978
40
0.562499999999979
40
0.562499999999979
40
0.62499999999998
40
0.62499999999998
40
0.749999999999982
40
0.749999999999982
40
1
40
1
40
1
40
1
41
1
10
35.6825472690436
20
0.421209517157081
30
0
41
1
10
35.7682493273689
20
0.319094579860263
30
0
41
1
10
35.8617126630919
20
0.214485963343833
30
0
41
1
10
35.987451260659
20
0.0796542190574883
30
0
41
1
10
36.0130534461214
20
0.0524795115612449
30
0
41
1
10
36.0649244847326
20
-0.0020647715163022
30
0
41
1
10
36.1438108908881
20
-0.0842581308768899
30
0
41
1
10
36.2258530596467
20
-0.167648412603569
30
0
41
1
10
36.3099465984701
20
-0.251912419938464
30
0
41
1
10
36.3383603515551
20
-0.280185355935657
30
0
41
1
10
36.3956553436143
20
-0.336819548982703
30
0
41
1
10
36.4245208866924
20
-0.365165955505091
30
0
41
1
10
36.5117570310485
20
-0.450301070803931
30
0
41
1
10
36.5707648951393
20
-0.507186673770434
30
0
41
1
10
36.7503045290913
20
-0.678256203380585
30
0
41
1
10
36.8733085168645
20
-0.79287045947828
30
0
41
1
10
37.0000000000003
20
-0.907923170512589
30
0
0
SPLINE
5
16D
100
AcDbEntity
8
1
62
256
6
ByLayer
370
18
48
1
60
0
100
AcDbSpline
70
4
71
3
72
28
73
24
40
0
40
0
40
0
40
0
40
0.125
40
0.125
40
0.250000000000001
40
0.250000000000001
40
0.312500000000001
40
0.312500000000001
40
0.375000000000001
40
0.375000000000001
40
0.406250000000001
40
0.406250000000001
40
0.437500000000001
40
0.437500000000001
40
0.500000000000002
40
0.500000000000002
40
0.562500000000002
40
0.562500000000002
40
0.625000000000003
40
0.625000000000003
40
0.750000000000001
40
0.750000000000001
40
1
40
1
40
1
40
1
41
1
10
46.4222244196055
20
-8.20788761640719
30
0
41
1
10
46.0318925351996
20
-7.96230249708799
30
0
41
1
10
45.6417778088193
20
-7.70728584279013
30
0
41
1
10
44.8608519955075
20
-7.17934880006823
30
0
41
1
10
44.4700511706069
20
-6.90638061655579
30
0
41
1
10
43.8824585765393
20
-6.48374168417828
30
0
41
1
10
43.6863613942383
20
-6.34065306627727
30
0
41
1
10
43.2935366039661
20
-6.05018085158628
30
0
41
1
10
43.0968073215411
20
-5.90288183456491
30
0
41
1
10
42.8011292591953
20
-5.6790181539715
30
0
41
1
10
42.7024725821178
20
-5.60390373284426
30
0
41
1
10
42.5049455565556
20
-5.45269095701687
30
0
41
1
10
42.4060266384975
20
-5.37655459134044
30
0
41
1
10
42.1092465055801
20
-5.14693119178668
30
0
41
1
10
41.9118484469002
20
-4.99260912767605
30
0
41
1
10
41.5178204049914
20
-4.6816455628674
30
0
41
1
10
41.3211914289681
20
-4.5250022822909
30
0
41
1
10
40.928573925928
20
-4.20951737606043
30
0
41
1
10
40.7325875383201
20
-4.05066978215402
30
0
41
1
10
40.1453192774889
20
-3.57117949813801
30
0
41
1
10
39.7547145782244
20
-3.24762355461394
30
0
41
1
10
38.5838179463293
20
-2.26741791011258
30
0
41
1
10
37.8044684411874
20
-1.60118527314302
30
0
41
1
10
37.0216521442281
20
-0.92758978555176
30
0
0
SPLINE
5
16E
100
AcDbEntity
8
1
62
256
6
ByLayer
370
18
48
1
60
0
100
AcDbSpline
70
4
71
3
72
57
73
53
40
0
40
0
40
0
40
0
40
0.0116949621523464
40
0.0116949621523464
40
0.0587571068117602
40
0.0587571068117602
40
0.105819251471174
40
0.105819251471174
40
0.152881396130588
40
0.152881396130588
40
0.199943540790002
40
0.199943540790002
40
0.247005685449416
40
0.247005685449416
40
0.29406783010883
40
0.29406783010883
40
0.317598902438536
40
0.317598902438536
40
0.341129974768242
40
0.341129974768242
40
0.388192119427654
40
0.388192119427654
40
0.41172319175736
40
0.423488727922213
40
0.423488727922213
40
0.435254264087067
40
0.435254264087067
40
0.482316408746477
40
0.482316408746477
40
0.529378553405888
40
0.529378553405888
40
0.576440698065299
40
0.576440698065299
40
0.62350284272471
40
0.62350284272471
40
0.670564987384121
40
0.670564987384121
40
0.694096059713827
40
0.694096059713827
40
0.717627132043533
40
0.717627132043533
40
0.811751421362355
40
0.811751421362355
40
0.858813566021766
40
0.858813566021766
40
0.882344638351472
40
0.882344638351472
40
0.894110174516324
40
0.894110174516324
40
0.905875710681177
40
0.905875710681177
40
1
40
1
40
1
40
1
41
1
10
63.4699374476457
20
-10.9798681214966
30
0
41
1
10
63.4083258986465
20
-11.0011412753017
30
0
41
1
10
63.3467514621263
20
-11.0220860349618
30
0
41
1
10
63.0375670862258
20
-11.1256721431778
30
0
41
1
10
62.7904898086071
20
-11.2033248400294
30
0
41
1
10
62.2972463275313
20
-11.3476418835567
30
0
41
1
10
62.0510774540532
20
-11.4143161509671
30
0
41
1
10
61.5593667096503
20
-11.5364822591752
30
0
41
1
10
61.3138340418842
20
-11.5918978470332
30
0
41
1
10
60.8230480077777
20
-11.6917342636918
30
0
41
1
10
60.5777865078457
20
-11.736227294039
30
0
41
1
10
60.0872314197639
20
-11.8144957740959
30
0
41
1
10
59.841941264501
20
-11.8482616051428
30
0
41
1
10
59.3510811109054
20
-11.9046558941803
30
0
41
1
10
59.1055100762701
20
-11.92729145082
30
0
41
1
10
58.736721355014
20
-11.9526802676684
30
0
41
1
10
58.6137195508582
20
-11.9597155425369
30
0
41
1
10
58.3675321657933
20
-11.9708942567602
30
0
41
1
10
58.2443467890447
20
-11.975014996631
30
0
41
1
10
57.8744506269145
20
-11.9832293281231
30
0
41
1
10
57.6274022056824
20
-11.9831991780872
30
0
41
1
10
57.255934909892
20
-11.974660372137
30
0
41
1
10
57.0699772434955
20
-11.9682658239409
30
0
41
1
10
56.883639603726
20
-11.9586405340707
30
0
41
1
10
56.7593249766773
20
-11.9515005205423
30
0
41
1
10
56.6971114406905
20
-11.9475678183604
30
0
41
1
10
56.3864159983217
20
-11.9261285899138
30
0
41
1
10
56.1385820863936
20
-11.9032684867939
30
0
41
1
10
55.6440895878817
20
-11.846044140835
30
0
41
1
10
55.3974288413395
20
-11.811677714307
30
0
41
1
10
54.9048988168911
20
-11.7319557615467
30
0
41
1
10
54.6589935405627
20
-11.6868269156259
30
0
41
1
10
54.1676512058709
20
-11.5860814640038
30
0
41
1
10
53.9222219834357
20
-11.5304162389891
30
0
41
1
10
53.4315997575634
20
-11.4083310025838
30
0
41
1
10
53.1864063797951
20
-11.341913370347
30
0
41
1
10
52.8185826118989
20
-11.2341171119312
30
0
41
1
10
52.6959689575772
20
-11.196823167516
30
0
41
1
10
52.4506949995255
20
-11.1194526279463
30
0
41
1
10
52.3280344471611
20
-11.079369902045
30
0
41
1
10
51.714473235574
20
-10.8726400377917
30
0
41
1
10
51.2228157635018
20
-10.687204475522
30
0
41
1
10
50.4824786097871
20
-10.3780482118646
30
0
41
1
10
50.2352207945265
20
-10.2698219335531
30
0
41
1
10
49.8633749142098
20
-10.0996001073085
30
0
41
1
10
49.7392662862027
20
-10.0415467058002
30
0
41
1
10
49.5528293766412
20
-9.95245092600157
30
0
41
1
10
49.490617180102
20
-9.92240349891387
30
0
41
1
10
49.3663377219957
20
-9.86176984280058
30
0
41
1
10
49.3042437943251
20
-9.83117194293786
30
0
41
1
10
48.745763069809
20
-9.55338209494812
30
0
41
1
10
48.2518833572274
20
-9.28953467389599
30
0
41
1
10
47.7594762110772
20
-9.00954200711379
30
0
0
SPLINE
5
16F
100
AcDbEntity
8
1
62
256
6
ByLayer
370
13
48
1
60
0
100
AcDbSpline
70
4
71
3
72
10
73
6
40
0
40
0
40
0
40
0
40
0.317604920808504
40
0.658802460404252
40
1
40
1
40
1
40
1
41
1
10
37.0000000000003
20
-0.907923170512589
30
0
41
1
10
37.0000000000003
20
-1.35994081300083
30
0
41
1
10
37.0000000000003
20
-2.29973501620449
30
0
41
1
10
37.0000000000003
20
-3.71570568069055
30
0
41
1
10
37
20
-4.66139450033606
30
0
41
1
10
37
20
-5.12594703217275
30
0
0
SPLINE
5
170
100
AcDbEntity
8
1
62
256
6
ByLayer
370
18
48
1
60
0
100
AcDbSpline
70
4
71
3
72
8
73
4
40
0
40
0
40
0
40
0
40
1
40
1
40
1
40
1
41
1
10
37.0000000000003
20
-0.907923170512589
30
0
41
1
10
37.007217758035
20
-0.914477854449757
30
0
41
1
10
37.0144351379573
20
-0.921033394404475
30
0
41
1
10
37.0216521442281
20
-0.927589785551788
30
0
0
SPLINE
5
171
100
AcDbEntity
8
1
62
256
6
ByLayer
370
18
48
1
60
0
100
AcDbSpline
70
4
71
3
72
19
73
15
40
0
40
0
40
0
40
0
40
0.250000000000042
40
0.250000000000042
40
0.500000000000083
40
0.500000000000083
40
0.625000000000062
40
0.625000000000062
40
0.750000000000042
40
0.875000000000021
40
0.875000000000021
40
0.937500000000011
40
0.937500000000011
40
1
40
1
40
1
40
1
41
1
10
97.471516514556
20
12.1363678456597
30
0
41
1
10
97.5027231606188
20
12.1510508642499
30
0
41
1
10
97.5324149395548
20
12.1685982584213
30
0
41
1
10
97.5887364271087
20
12.2092339992513
30
0
41
1
10
97.6153420046734
20
12.232373185135
30
0
41
1
10
97.6524995091004
20
12.2719267498837
30
0
41
1
10
97.6644801382694
20
12.2859914679173
30
0
41
1
10
97.687000571424
20
12.3154546618266
30
0
41
1
10
97.7081371782445
20
12.3462826638602
30
0
41
1
10
97.7263156225512
20
12.3800137209178
30
0
41
1
10
97.7386760834047
20
12.4065640938552
30
0
41
1
10
97.7425845208002
20
12.4156223165938
30
0
41
1
10
97.7499458603659
20
12.4341869947097
30
0
41
1
10
97.7534028904516
20
12.443709051886
30
0
41
1
10
97.7565829711162
20
12.4533924453942
30
0
0
SPLINE
5
172
100
AcDbEntity
8
1
62
256
6
ByLayer
370
18
48
1
60
0
100
AcDbSpline
70
4
71
3
72
30
73
26
40
0
40
0
40
0
40
0
40
0.0624999999999693
40
0.0624999999999693
40
0.124999999999939
40
0.124999999999939
40
0.187499999999908
40
0.187499999999908
40
0.218749999999893
40
0.218749999999893
40
0.249999999999877
40
0.249999999999877
40
0.374999999999943
40
0.374999999999943
40
0.40624999999995
40
0.40624999999995
40
0.437499999999956
40
0.437499999999956
40
0.468749999999963
40
0.468749999999963
40
0.499999999999969
40
0.499999999999969
40
0.749999999999984
40
0.749999999999984
40
1
40
1
40
1
40
1
41
1
10
97.4715165145561
20
12.1363678456597
30
0
41
1
10
97.4504638780192
20
12.1264623834355
30
0
41
1
10
97.4290692786505
20
12.1180110490787
30
0
41
1
10
97.3856761506765
20
12.1038163610268
30
0
41
1
10
97.363673142812
20
12.0980943767851
30
0
41
1
10
97.3190735054267
20
12.0894764698189
30
0
41
1
10
97.2964791304245
20
12.0865689639281
30
0
41
1
10
97.2621456496575
20
12.0844255912627
30
0
41
1
10
97.250626892988
20
12.0840837681015
30
0
41
1
10
97.2274345596698
20
12.0841958849531
30
0
41
1
10
97.2158036024027
20
12.084649490891
30
0
41
1
10
97.1578947353103
20
12.0889146637333
30
0
41
1
10
97.1119562914877
20
12.0986058931118
30
0
41
1
10
97.0552088417028
20
12.1204369263008
30
0
41
1
10
97.0438587719262
20
12.1253072917282
30
0
41
1
10
97.0214130397567
20
12.1361001549119
30
0
41
1
10
97.0103622777951
20
12.1420906176492
30
0
41
1
10
96.9885093195418
20
12.1549284998805
30
0
41
1
10
96.97766786631
20
12.1616387040099
30
0
41
1
10
96.9559323028077
20
12.1748619778408
30
0
41
1
10
96.9450582801904
20
12.1814452789922
30
0
41
1
10
96.8472063124251
20
12.240686769275
30
0
41
1
10
96.7602630804265
20
12.2930608175729
30
0
41
1
10
96.586375295141
20
12.3969747554274
30
0
41
1
10
96.4994415187938
20
12.4485524984259
30
0
41
1
10
96.412515066128
20
12.4997390058539
30
0
0
SPLINE
5
173
100
AcDbEntity
8
1
62
256
6
ByLayer
370
18
48
1
60
0
100
AcDbSpline
70
4
71
3
72
47
73
43
40
0
40
0
40
0
40
0
40
0.0259509625242286
40
0.0518531619964575
40
0.0777065980626813
40
0.103511270370729
40
0.129267178570472
40
0.154974322313615
40
0.180632701253923
40
0.206242315047018
40
0.23180316335045
40
0.257315245823733
40
0.282778562128293
40
0.308193111927527
40
0.333558894886755
40
0.358875910673306
40
0.384144158956423
40
0.409363639407285
40
0.434534351699124
40
0.459656295507063
40
0.484729470508248
40
0.509753876381744
40
0.534729512808579
40
0.559656379471746
40
0.58453447605611
40
0.609363802248559
40
0.634144357737841
40
0.65887614221466
40
0.683559155371675
40
0.708193396903461
40
0.732778866506555
40
0.757315563879404
40
0.78180348872245
40
0.806242640738055
40
0.830633019630531
40
0.854974625106133
40
0.879267456873088
40
0.903511514641467
40
0.927706798123344
40
0.95185330703281
40
0.975951041085709
40
1
40
1
40
1
40
1
41
1
10
96.4125316225033
20
12.499703613782
30
0
41
1
10
96.3908956984977
20
12.4994790171706
30
0
41
1
10
96.3476645053828
20
12.499030245975
30
0
41
1
10
96.2828787414138
20
12.4980117238937
30
0
41
1
10
96.2182149734509
20
12.4967428930601
30
0
41
1
10
96.1536732046325
20
12.4952005020936
30
0
41
1
10
96.0892534341199
20
12.4933927449827
30
0
41
1
10
96.0249556621373
20
12.4913194170417
30
0
41
1
10
95.9607798886247
20
12.4889825607687
30
0
41
1
10
95.896726113598
20
12.4863836212378
30
0
41
1
10
95.8327943370532
20
12.4835242060099
30
0
41
1
10
95.7689845589912
20
12.4804058819585
30
0
41
1
10
95.7052967794119
20
12.4770302294208
30
0
41
1
10
95.6417309983151
20
12.4733988275962
30
0
41
1
10
95.5782872157011
20
12.4695132583155
30
0
41
1
10
95.5149654315696
20
12.4653751049033
30
0
41
1
10
95.4517656459207
20
12.4609859523525
30
0
41
1
10
95.3886878587549
20
12.4563473871491
30
0
41
1
10
95.3257320700715
20
12.451460997192
30
0
41
1
10
95.262898279871
20
12.4463283716885
30
0
41
1
10
95.2001864881533
20
12.4409511010575
30
0
41
1
10
95.1375966949185
20
12.4353307768313
30
0
41
1
10
95.0751289001666
20
12.42946899156
30
0
41
1
10
95.0127831038975
20
12.4233673387149
30
0
41
1
10
94.9505593061116
20
12.417027412593
30
0
41
1
10
94.8884575068086
20
12.4104508082212
30
0
41
1
10
94.826477705989
20
12.4036391212627
30
0
41
1
10
94.7646199036523
20
12.3965939479218
30
0
41
1
10
94.702884099799
20
12.3893168848568
30
0
41
1
10
94.6412702944289
20
12.3818095290699
30
0
41
1
10
94.5797784875423
20
12.374073477884
30
0
41
1
10
94.5184086791391
20
12.3661103286039
30
0
41
1
10
94.4571608692195
20
12.3579216793523
30
0
41
1
10
94.3960350577834
20
12.349509125542
30
0
41
1
10
94.3350312448309
20
12.3408742725883
30
0
41
1
10
94.2741494303627
20
12.3320186881979
30
0
41
1
10
94.2133896143767
20
12.322944079488
30
0
41
1
10
94.1527517968807
20
12.313651633549
30
0
41
1
10
94.0922359778463
20
12.3041444706861
30
0
41
1
10
94.0318421573799
20
12.2944185160191
30
0
41
1
10
93.971570335086
20
12.2844964637506
30
0
41
1
10
93.9314297886738
20
12.2776928650786
30
0
41
1
10
93.9113798477127
20
12.2742945119447
30
0
0
SPLINE
5
174
100
AcDbEntity
8
1
62
256
6
ByLayer
370
18
48
1
60
0
100
AcDbSpline
70
4
71
3
72
20
73
16
40
0
40
0
40
0
40
0
40
0.144675935879115
40
0.144675935879115
40
0.289351871758231
40
0.289351871758231
40
0.434027807637347
40
0.434027807637347
40
0.578703743516462
40
0.578703743516462
40
0.868055615274694
40
0.868055615274694
40
0.940393583214252
40
0.940393583214252
40
1
40
1
40
1
40
1
41
1
10
93.9113798477127
20
12.2742945119447
30
0
41
1
10
93.6899815584009
20
12.2365234410003
30
0
41
1
10
93.4685632899632
20
12.1940615551751
30
0
41
1
10
93.0260649376235
20
12.0999656560402
30
0
41
1
10
92.8049307086883
20
12.0483259446111
30
0
41
1
10
92.3626669176406
20
11.9359515374935
30
0
41
1
10
92.1415375843139
20
11.8752157634867
30
0
41
1
10
91.6990602199597
20
11.7446975043771
30
0
41
1
10
91.4776099390567
20
11.6748798836493
30
0
41
1
10
90.8137183172559
20
11.4522897781596
30
0
41
1
10
90.3715478598415
20
11.286300080821
30
0
41
1
10
89.8182211955156
20
11.057410053249
30
0
41
1
10
89.7075049943177
20
11.0105508553887
30
0
41
1
10
89.5056461430208
20
10.9232127796245
30
0
41
1
10
89.4144763516191
20
10.8830578824876
30
0
41
1
10
89.3233193545596
20
10.8422093014428
30
0
0
SPLINE
5
175
100
AcDbEntity
8
1
62
256
6
ByLayer
370
18
48
1
60
0
100
AcDbSpline
70
4
71
5
72
37
73
31
40
0
40
0
40
0
40
0
40
0
40
0
40
0.0052422413176814
40
0.0372517844573999
40
0.0852660991669775
40
0.117275642306696
40
0.165289957016273
40
0.213304271725851
40
0.24531381486557
40
0.293328129575147
40
0.325337672714866
40
0.373351987424443
40
0.405361530564162
40
0.453375845273739
40
0.501390159983317
40
0.533399703123035
40
0.565409246262754
40
0.613423560972331
40
0.661437875681909
40
0.693447418821627
40
0.741461733531205
40
0.789476048240783
40
0.821485591380501
40
0.85349513452022
40
0.901509449229797
40
0.949523763939375
40
0.981533307079093
40
1
40
1
40
1
40
1
40
1
40
1
41
1
10
90.1162811891312
20
10.517680222118
30
0
41
1
10
90.1410820921635
20
10.5272129541127
30
0
41
1
10
90.3173192850211
20
10.5946551467992
30
0
41
1
10
90.7207109126163
20
10.7441675048819
30
0
41
1
10
91.2755388300369
20
10.9343548573553
30
0
41
1
10
92.0575211821951
20
11.1717764359532
30
0
41
1
10
93.0418570660589
20
11.4167190389791
30
0
41
1
10
94.0261929499225
20
11.6010184999811
30
0
41
1
10
95.0105288337863
20
11.7292467850561
30
0
41
1
10
95.99486471765
20
11.7951284262756
30
0
41
1
10
96.9792006015138
20
11.8040048798487
30
0
41
1
10
97.8878183404647
20
11.7595428108976
30
0
41
1
10
98.8721542243284
20
11.6545705270964
30
0
41
1
10
99.8564901081922
20
11.4932485606534
30
0
41
1
10
100.840825992056
20
11.2708211641343
30
0
41
1
10
101.749443731007
20
11.0152187377819
30
0
41
1
10
102.733779614871
20
10.6852399917049
30
0
41
1
10
103.718115498734
20
10.3036386986561
30
0
41
1
10
104.626733237685
20
9.90524683532647
30
0
41
1
10
105.611069121549
20
9.4257806465956
30
0
41
1
10
106.671123150325
20
8.85556156557743
30
0
41
1
10
107.655459034189
20
8.27893520299389
30
0
41
1
10
108.56407677314
20
7.70972820046859
30
0
41
1
10
109.548412657004
20
7.05614814090188
30
0
41
1
10
110.532748540868
20
6.36847840822196
30
0
41
1
10
111.441366279819
20
5.7049783976012
30
0
41
1
10
112.285913157719
20
5.06460686114329
30
0
41
1
10
112.979023745795
20
4.52368048809777
30
0
41
1
10
113.444979899133
20
4.15393966062248
30
0
41
1
10
113.683781617732
20
3.96296510389323
30
0
41
1
10
113.771147046507
20
3.89290449024057
30
0
0
SPLINE
5
176
100
AcDbEntity
8
1
62
256
6
ByLayer
370
18
48
1
60
0
100
AcDbSpline
70
4
71
3
72
10
73
6
40
0
40
0
40
0
40
0
40
0.5
40
0.5
40
1
40
1
40
1
40
1
41
1
10
113.712375122454
20
4.0966697776195
30
0
41
1
10
113.72855559745
20
4.06239458697962
30
0
41
1
10
113.741907008672
20
4.02822020211161
30
0
41
1
10
113.761887216697
20
3.96022305458547
30
0
41
1
10
113.768509769473
20
3.92643764751614
30
0
41
1
10
113.771147020797
20
3.89290451085822
30
0
0
SPLINE
5
177
100
AcDbEntity
8
1
62
256
6
ByLayer
370
18
48
1
60
0
100
AcDbSpline
70
4
71
3
72
12
73
8
40
0
40
0
40
0
40
0
40
0.266737884674684
40
0.266737884674684
40
0.533475769350783
40
0.533475769350783
40
1
40
1
40
1
40
1
41
1
10
113.419759660637
20
4.35259922136376
30
0
41
1
10
113.422054009906
20
4.35068935693636
30
0
41
1
10
113.42434828984
20
4.34877942142018
30
0
41
1
10
113.42893671041
20
4.34495940761099
30
0
41
1
10
113.43123085105
20
4.34304932931582
30
0
41
1
10
113.43753724851
20
4.33779832936975
30
0
41
1
10
113.441549361295
20
4.33445726009933
30
0
41
1
10
113.445561258405
20
4.33111596991139
30
0
0
SPLINE
5
178
100
AcDbEntity
8
1
62
256
6
ByLayer
370
18
48
1
60
0
100
AcDbSpline
70
4
71
3
72
46
73
42
40
0
40
0
40
0
40
0
40
0.250000000000103
40
0.250000000000103
40
0.312500000000137
40
0.312500000000137
40
0.375000000000171
40
0.375000000000171
40
0.390625000000175
40
0.390625000000175
40
0.406250000000179
40
0.406250000000179
40
0.437500000000172
40
0.437500000000172
40
0.468750000000166
40
0.468750000000166
40
0.484375000000171
40
0.484375000000171
40
0.500000000000175
40
0.500000000000175
40
0.562500000000163
40
0.562500000000163
40
0.62500000000015
40
0.62500000000015
40
0.656250000000137
40
0.656250000000137
40
0.687500000000123
40
0.687500000000123
40
0.750000000000097
40
0.750000000000097
40
0.781250000000083
40
0.781250000000083
40
0.81250000000007
40
0.81250000000007
40
0.875000000000045
40
0.875000000000045
40
0.906250000000034
40
0.906250000000034
40
0.937500000000023
40
0.937500000000023
40
1
40
1
40
1
40
1
41
1
10
61.4219847359794
20
7.01860806339124
30
0
41
1
10
61.5404302467668
20
6.90493864442129
30
0
41
1
10
61.6597401820677
20
6.79229895286352
30
0
41
1
10
61.8100399180751
20
6.65306503956737
30
0
41
1
10
61.8401583895366
20
6.62529625552034
30
0
41
1
10
61.9005169163824
20
6.56991981794687
30
0
41
1
10
61.9307637039737
20
6.54231769632344
30
0
41
1
10
61.9686388697811
20
6.50790900682725
30
0
41
1
10
61.9762124250533
20
6.50102803609514
30
0
41
1
10
61.9913767871888
20
6.48728419511679
30
0
41
1
10
61.998971664346
20
6.48042468074061
30
0
41
1
10
62.021921469015
20
6.45998625179115
30
0
41
1
10
62.0374933786276
20
6.44658937084535
30
0
41
1
10
62.0690978540826
20
6.42017773853982
30
0
41
1
10
62.0851234163778
20
6.40715737032343
30
0
41
1
10
62.1094699114913
20
6.38787875634236
30
0
41
1
10
62.1176370502841
20
6.38149477670117
30
0
41
1
10
62.1340711320493
20
6.36880778785576
30
0
41
1
10
62.1423662348894
20
6.36248372636942
30
0
41
1
10
62.183702168958
20
6.3313481499849
30
0
41
1
10
62.2161851558554
20
6.30805052736713
30
0
41
1
10
62.2801121090269
20
6.26400725980452
30
0
41
1
10
62.311555047116
20
6.24326794921262
30
0
41
1
10
62.3579718880255
20
6.21388638778473
30
0
41
1
10
62.3733597588801
20
6.20436200601023
30
0
41
1
10
62.4034888602461
20
6.18612563413566
30
0
41
1
10
62.4182708273139
20
6.1773869696141
30
0
41
1
10
62.4618162554835
20
6.15224604697502
30
0
41
1
10
62.4897711573995
20
6.13692802372
30
0
41
1
10
62.5300650318745
20
6.11620384886771
30
0
41
1
10
62.5432297015505
20
6.10966260711444
30
0
41
1
10
62.5690135277397
20
6.09734686781596
30
0
41
1
10
62.5815637494793
20
6.09160798846702
30
0
41
1
10
62.617898895023
20
6.07582878370047
30
0
41
1
10
62.6404872554274
20
6.06716085185522
30
0
41
1
10
62.671747965192
20
6.05728541653599
30
0
41
1
10
62.6817224820583
20
6.05452531637178
30
0
41
1
10
62.7006950605522
20
6.05020343497429
30
0
41
1
10
62.7097247769409
20
6.04863789823642
30
0
41
1
10
62.7347274243648
20
6.04605463601993
30
0
41
1
10
62.7487724287584
20
6.04707960031678
30
0
41
1
10
62.7595613424297
20
6.05168269781939
30
0
0
SPLINE
5
179
100
AcDbEntity
8
1
62
256
6
ByLayer
370
18
48
1
60
0
100
AcDbSpline
70
4
71
3
72
18
73
14
40
0
40
0
40
0
40
0
40
0.249999999999999
40
0.249999999999999
40
0.374999999999998
40
0.374999999999998
40
0.437499999999998
40
0.437499999999998
40
0.499999999999998
40
0.499999999999998
40
0.749999999999999
40
0.749999999999999
40
1
40
1
40
1
40
1
41
1
10
61.4219847359795
20
7.01860806339127
30
0
41
1
10
61.4212144750672
20
6.75643953962293
30
0
41
1
10
61.4204917406479
20
6.48490371434673
30
0
41
1
10
61.4193728367239
20
6.06369822757048
30
0
41
1
10
61.4190020027438
20
5.92097573558539
30
0
41
1
10
61.4184552372534
20
5.70339979026329
30
0
41
1
10
61.4182709780136
20
5.63029248233747
30
0
41
1
10
61.4179053582733
20
5.48290922274663
30
0
41
1
10
61.4177249343778
20
5.40860406977797
30
0
41
1
10
61.4168242764238
20
5.03446934658902
30
0
41
1
10
61.4160482916509
20
4.72800749435277
30
0
41
1
10
61.414628496965
20
4.10091578211649
30
0
41
1
10
61.4139417582428
20
3.78028814914327
30
0
41
1
10
61.4131888842727
20
3.45250445988881
30
0
0
SPLINE
5
17A
100
AcDbEntity
8
1
62
256
6
ByLayer
370
18
48
1
60
0
100
AcDbSpline
70
4
71
3
72
13
73
9
40
0
40
0
40
0
40
0
40
0.0377601477477377
40
0.151195197717418
40
0.378065297656779
40
0.60493539759614
40
0.831805497535501
40
1
40
1
40
1
40
1
41
1
10
62.471637770824
20
2.50075484976591
30
0
41
1
10
62.4765125361187
20
2.50183186687988
30
0
41
1
10
62.4958441186293
20
2.50629948872998
30
0
41
1
10
62.5424046048088
20
2.51902186365675
30
0
41
1
10
62.6084951836383
20
2.54376965968433
30
0
41
1
10
62.6778529598498
20
2.58263034697254
30
0
41
1
10
62.7272115969064
20
2.62471411734452
30
0
41
1
10
62.749134063205
20
2.65369382650505
30
0
41
1
10
62.7566853323007
20
2.66622772915588
30
0
0
SPLINE
5
17B
100
AcDbEntity
8
1
62
256
6
ByLayer
370
18
48
1
60
0
100
AcDbSpline
70
4
71
3
72
48
73
44
40
0
40
0
40
0
40
0
40
0.0555941607265004
40
0.0555941607265004
40
0.111188321453001
40
0.111188321453001
40
0.166782482179501
40
0.166782482179501
40
0.222376642906002
40
0.222376642906002
40
0.236275183087625
40
0.236275183087625
40
0.250173723269248
40
0.277970803632499
40
0.277970803632499
40
0.333564964358996
40
0.333564964358996
40
0.389159125085493
40
0.389159125085493
40
0.44475328581199
40
0.44475328581199
40
0.500347446538487
40
0.500347446538487
40
0.555941607264984
40
0.555941607264984
40
0.611535767991481
40
0.611535767991481
40
0.667129928717978
40
0.667129928717978
40
0.722724089444475
40
0.722724089444475
40
0.750521169807724
40
0.764419709989348
40
0.764419709989348
40
0.778318250170972
40
0.778318250170972
40
0.833912410897476
40
0.833912410897476
40
0.88950657162398
40
0.88950657162398
40
0.945100732350485
40
0.945100732350485
40
1
40
1
40
1
40
1
41
1
10
81.4219031608303
20
5.68303149711008
30
0
41
1
10
81.1765230633803
20
5.86941547832967
30
0
41
1
10
80.9310292749573
20
6.05324449920923
30
0
41
1
10
80.4395336015366
20
6.41555072900823
30
0
41
1
10
80.1935378849999
20
6.59399979801518
30
0
41
1
10
79.7007674914526
20
6.94502446209958
30
0
41
1
10
79.4539920963837
20
7.11759657114507
30
0
41
1
10
78.9593406473236
20
7.4564432938559
30
0
41
1
10
78.7114626094422
20
7.62270942101699
30
0
41
1
10
78.4007252274002
20
7.82645833474547
30
0
41
1
10
78.3385050399567
20
7.86702411097457
30
0
41
1
10
78.2141206074722
20
7.94765162863936
30
0
41
1
10
78.0276738573399
20
8.06780682415177
30
0
41
1
10
77.841590206742
20
8.18561554813567
30
0
41
1
10
77.4698658733696
20
8.4180377335999
30
0
41
1
10
77.2226426547988
20
8.56872077330127
30
0
41
1
10
76.7291310742006
20
8.86121064926601
30
0
41
1
10
76.4828440503585
20
9.00300807946752
30
0
41
1
10
75.9909054635443
20
9.27747565002159
30
0
41
1
10
75.7452546269288
20
9.4101309109594
30
0
41
1
10
75.2542342242312
20
9.66639483142484
30
0
41
1
10
75.0088552274752
20
9.79007419119705
30
0
41
1
10
74.5180918627376
20
10.0283279204673
30
0
41
1
10
74.2727127713983
20
10.142869845293
30
0
41
1
10
73.7816906023633
20
10.3623740027206
30
0
41
1
10
73.5360476354768
20
10.467326046488
30
0
41
1
10
73.0441923585977
20
10.6673352117704
30
0
41
1
10
72.797978952602
20
10.7623755868688
30
0
41
1
10
72.3046624005654
20
10.9425898051983
30
0
41
1
10
72.0575598609216
20
11.0278352012454
30
0
41
1
10
71.6860232138346
20
11.1481773907883
30
0
41
1
10
71.5000339768015
20
11.2064561744183
30
0
41
1
10
71.3136688092433
20
11.2618179388459
30
0
41
1
10
71.1893365888148
20
11.2980700650746
30
0
41
1
10
71.1270962577363
20
11.3158764789681
30
0
41
1
10
70.8161808488434
20
11.4031050678229
30
0
41
1
10
70.5681924170075
20
11.4671551203236
30
0
41
1
10
70.0733814149934
20
11.5838049475126
30
0
41
1
10
69.8265612111403
20
11.6363830843798
30
0
41
1
10
69.3337068398371
20
11.7304817812852
30
0
41
1
10
69.087663399736
20
11.7720699151439
30
0
41
1
10
68.5991518589616
20
11.8437985063594
30
0
41
1
10
68.3566834306247
20
11.8740397106628
30
0
41
1
10
68.114339122863
20
11.89876704813
30
0
0
SPLINE
5
17C
100
AcDbEntity
8
1
62
256
6
ByLayer
370
18
48
1
60
0
100
AcDbSpline
70
4
71
3
72
8
73
4
40
0
40
0
40
0
40
0
40
1
40
1
40
1
40
1
41
1
10
102.756816185425
20
-1.88707398545927
30
0
41
1
10
102.756724651975
20
-2.02439187272194
30
0
41
1
10
102.75663226882
20
-2.16160405339878
30
0
41
1
10
102.756538651665
20
-2.29871053862917
30
0
0
SPLINE
5
17D
100
AcDbEntity
8
1
62
256
6
ByLayer
370
18
48
1
60
0
100
AcDbSpline
70
4
71
3
72
12
73
8
40
0
40
0
40
0
40
0
40
0.421933142468524
40
0.421933142468524
40
0.710963246702094
40
0.710963246702094
40
1
40
1
40
1
40
1
41
1
10
113.383771581357
20
-9.99739402920017
30
0
41
1
10
113.387641695565
20
-10.0004201347506
30
0
41
1
10
113.391495332598
20
-10.0034546447384
30
0
41
1
10
113.397960315851
20
-10.0085820577247
30
0
41
1
10
113.400580643605
20
-10.0106704976247
30
0
41
1
10
113.405805275574
20
-10.0148553900007
30
0
41
1
10
113.408409594472
20
-10.016951854719
30
0
41
1
10
113.411005749159
20
-10.019052322667
30
0
0
SPLINE
5
17E
100
AcDbEntity
8
1
62
256
6
ByLayer
370
18
48
1
60
0
100
AcDbSpline
70
4
71
3
72
43
73
39
40
0
40
0
40
0
40
0
40
0.0156249999999715
40
0.0156249999999715
40
0.0234374999999726
40
0.0234374999999726
40
0.0312499999999737
40
0.0312499999999737
40
0.0390624999999748
40
0.0390624999999748
40
0.0468749999999758
40
0.0468749999999758
40
0.0546874999999769
40
0.0546874999999769
40
0.062499999999978
40
0.062499999999978
40
0.070312499999979
40
0.070312499999979
40
0.0781249999999801
40
0.0781249999999801
40
0.0937499999999805
40
0.0937499999999805
40
0.124999999999981
40
0.124999999999981
40
0.156249999999982
40
0.156249999999982
40
0.187499999999983
40
0.187499999999983
40
0.249999999999983
40
0.249999999999983
40
0.374999999999987
40
0.374999999999987
40
0.49999999999999
40
0.749999999999996
40
0.749999999999996
40
0.874999999999998
40
0.874999999999998
40
1
40
1
40
1
40
1
41
1
10
113.411005749158
20
-10.0190523226668
30
0
41
1
10
113.417386197299
20
-10.0242145446569
30
0
41
1
10
113.424160392637
20
-10.0290888004196
30
0
41
1
10
113.435729730545
20
-10.0353888763205
30
0
41
1
10
113.439788744473
20
-10.037292806506
30
0
41
1
10
113.448550050702
20
-10.0403972541342
30
0
41
1
10
113.453289141278
20
-10.0416022788393
30
0
41
1
10
113.463344569443
20
-10.0425647563713
30
0
41
1
10
113.46870352555
20
-10.0422547024585
30
0
41
1
10
113.478807634898
20
-10.0397726878523
30
0
41
1
10
113.48349273669
20
-10.0376541028818
30
0
41
1
10
113.491655295419
20
-10.0326358168438
30
0
41
1
10
113.49525988777
20
-10.0296975783514
30
0
41
1
10
113.501650734439
20
-10.0235889692728
30
0
41
1
10
113.504479452918
20
-10.0203857537695
30
0
41
1
10
113.509696765228
20
-10.0137987324269
30
0
41
1
10
113.512080464478
20
-10.0104102742485
30
0
41
1
10
113.516482115235
20
-10.003609770771
30
0
41
1
10
113.518510909784
20
-10.0001815560579
30
0
41
1
10
113.524236566836
20
-9.98983629653858
30
0
41
1
10
113.527579879321
20
-9.98285971132944
30
0
41
1
10
113.536788930961
20
-9.96178043811761
30
0
41
1
10
113.541852504367
20
-9.94751800321416
30
0
41
1
10
113.550952982852
20
-9.91882353890455
30
0
41
1
10
113.554945965553
20
-9.90443318705624
30
0
41
1
10
113.562277049143
20
-9.8755728362562
30
0
41
1
10
113.565606958757
20
-9.86110271509517
30
0
41
1
10
113.574913802861
20
-9.81757701381173
30
0
41
1
10
113.580221753293
20
-9.78840629112523
30
0
41
1
10
113.594610828425
20
-9.70044855870492
30
0
41
1
10
113.602177534022
20
-9.64118600874855
30
0
41
1
10
113.615168360162
20
-9.52164715612807
30
0
41
1
10
113.631257120862
20
-9.3408716274142
30
0
41
1
10
113.639694419418
20
-9.15558217300105
30
0
41
1
10
113.643373496332
20
-8.96724796053357
30
0
41
1
10
113.64378880849
20
-8.90396094848671
30
0
41
1
10
113.642904300472
20
-8.77656659892205
30
0
41
1
10
113.641599952862
20
-8.71243646271347
30
0
41
1
10
113.639343317822
20
-8.64788114155101
30
0
0
SPLINE
5
17F
100
AcDbEntity
8
1
62
256
6
ByLayer
370
18
48
1
60
0
100
AcDbSpline
70
4
71
3
72
10
73
6
40
0
40
0
40
0
40
0
40
0.5
40
0.5
40
1
40
1
40
1
40
1
41
1
10
113.639343317822
20
-8.64788114155107
30
0
41
1
10
113.506415136101
20
-8.30673553795742
30
0
41
1
10
113.37471780975
20
-7.95105513154934
30
0
41
1
10
113.113814891502
20
-7.21027017206902
30
0
41
1
10
112.984608847551
20
-6.8251709571521
30
0
41
1
10
112.856708464979
20
-6.42465357764104
30
0
0
SPLINE
5
180
100
AcDbEntity
8
1
62
256
6
ByLayer
370
18
48
1
60
0
100
AcDbSpline
70
4
71
3
72
24
73
20
40
0
40
0
40
0
40
0
40
0.124999999999986
40
0.124999999999986
40
0.249999999999972
40
0.249999999999972
40
0.374999999999957
40
0.374999999999957
40
0.499999999999943
40
0.499999999999943
40
0.562499999999936
40
0.578124999999938
40
0.578124999999938
40
0.59374999999994
40
0.59374999999994
40
0.624999999999943
40
0.749999999999962
40
0.749999999999962
40
1
40
1
40
1
40
1
41
1
10
112.85670846498
20
-6.42465357764036
30
0
41
1
10
112.434798314568
20
-6.11777757253367
30
0
41
1
10
112.014412340925
20
-5.8026640259931
30
0
41
1
10
111.17497097073
20
-5.15817575716733
30
0
41
1
10
110.755919106179
20
-4.82879201060231
30
0
41
1
10
109.917592874919
20
-4.15771249204232
30
0
41
1
10
109.498326362041
20
-3.81599841985599
30
0
41
1
10
108.658133281545
20
-3.12178676909761
30
0
41
1
10
108.237209514499
20
-2.76929217386646
30
0
41
1
10
107.603466635298
20
-2.23353154945397
30
0
41
1
10
107.338915086681
20
-2.00883459028322
30
0
41
1
10
107.073594579083
20
-1.78245135136891
30
0
41
1
10
106.967401647964
20
-1.69176630267424
30
0
41
1
10
106.914267381982
20
-1.64635317717656
30
0
41
1
10
106.755025284158
20
-1.51014538417905
30
0
41
1
10
106.224858528948
20
-1.05596094782828
30
0
41
1
10
105.697571832862
20
-0.601345167466064
30
0
41
1
10
104.435291953501
20
0.48792931246868
30
0
41
1
10
103.598040839857
20
1.21171877983707
30
0
41
1
10
102.759208480997
20
1.92630819552946
30
0
0
SPLINE
5
181
100
AcDbEntity
8
1
62
256
6
ByLayer
370
18
48
1
60
0
100
AcDbSpline
70
4
71
3
72
14
73
10
40
0
40
0
40
0
40
0
40
0.25
40
0.25
40
0.5
40
0.5
40
0.75
40
0.75
40
1
40
1
40
1
40
1
41
1
10
102.756816185425
20
-1.88707398545927
30
0
41
1
10
102.75703121258
20
-1.56449168949948
30
0
41
1
10
102.7572288797
20
-1.24198674364152
30
0
41
1
10
102.757643156702
20
-0.597348419124245
30
0
41
1
10
102.757851177109
20
-0.277087213788178
30
0
41
1
10
102.758249967793
20
0.35939336227753
30
0
41
1
10
102.758436677583
20
0.675612692092784
30
0
41
1
10
102.758826332947
20
1.30400945495981
30
0
41
1
10
102.759018826733
20
1.61618718182794
30
0
41
1
10
102.759208480997
20
1.92630819552949
30
0
0
SPLINE
5
182
100
AcDbEntity
8
1
62
256
6
ByLayer
370
18
48
1
60
0
100
AcDbSpline
70
4
71
3
72
46
73
42
40
0
40
0
40
0
40
0
40
0.249999999999607
40
0.249999999999607
40
0.312499999999508
40
0.312499999999508
40
0.374999999999409
40
0.374999999999409
40
0.390624999999392
40
0.390624999999392
40
0.406249999999375
40
0.406249999999375
40
0.437499999999373
40
0.437499999999373
40
0.46874999999937
40
0.46874999999937
40
0.484374999999369
40
0.484374999999369
40
0.499999999999367
40
0.499999999999367
40
0.562499999999425
40
0.562499999999425
40
0.624999999999483
40
0.624999999999483
40
0.656249999999527
40
0.656249999999527
40
0.68749999999957
40
0.68749999999957
40
0.749999999999658
40
0.749999999999658
40
0.781249999999702
40
0.781249999999702
40
0.812499999999746
40
0.812499999999746
40
0.874999999999835
40
0.874999999999835
40
0.90624999999988
40
0.90624999999988
40
0.937499999999925
40
0.937499999999925
40
1
40
1
40
1
40
1
41
1
10
101.421947131885
20
3.05479348711143
30
0
41
1
10
101.540376764411
20
2.95110564075844
30
0
41
1
10
101.659670379321
20
2.84952347876006
30
0
41
1
10
101.809949252736
20
2.725441900146
30
0
41
1
10
101.840063532447
20
2.70077015824927
30
0
41
1
10
101.900413635823
20
2.65172095347586
30
0
41
1
10
101.930656426747
20
2.62733696095475
30
0
41
1
10
101.968525930316
20
2.59705625831461
30
0
41
1
10
101.97609811007
20
2.59101494898118
30
0
41
1
10
101.991261050822
20
2.57894104441493
30
0
41
1
10
101.998855791277
20
2.57290479564418
30
0
41
1
10
102.021807520569
20
2.55466820703057
30
0
41
1
10
102.03738173926
20
2.54228917704728
30
0
41
1
10
102.068987910013
20
2.51712637765957
30
0
41
1
10
102.085013870509
20
2.5043490833468
30
0
41
1
10
102.109360579607
20
2.48488629878676
30
0
41
1
10
102.11752770644
20
2.47834901104864
30
0
41
1
10
102.13396162369
20
2.46517413412872
30
0
41
1
10
102.14225684822
20
2.45851364875577
30
0
41
1
10
102.183581088252
20
2.42527396435628
30
0
41
1
10
102.216055149177
20
2.39896457974731
30
0
41
1
10
102.279964289554
20
2.34671363751184
30
0
41
1
10
102.311398555852
20
2.32077401470681
30
0
41
1
10
102.357802318135
20
2.282081806029
30
0
41
1
10
102.37318521884
20
2.2691864880762
30
0
41
1
10
102.403303408811
20
2.24380204963271
30
0
41
1
10
102.418080126047
20
2.23127873160618
30
0
41
1
10
102.461610157574
20
2.19418740176459
30
0
41
1
10
102.489554963212
20
2.17010181896191
30
0
41
1
10
102.529834309941
20
2.13499122443352
30
0
41
1
10
102.54299428446
20
2.12345343900412
30
0
41
1
10
102.568768657969
20
2.10072901004514
30
0
41
1
10
102.581313571891
20
2.08960301695615
30
0
41
1
10
102.617633653171
20
2.05720887385902
30
0
41
1
10
102.640212321271
20
2.03681915850294
30
0
41
1
10
102.671458238499
20
2.00830385537145
30
0
41
1
10
102.681427721339
20
1.99915075537174
30
0
41
1
10
102.700390148905
20
1.98164411552537
30
0
41
1
10
102.709414426906
20
1.97326154081097
30
0
41
1
10
102.734399666595
20
1.94992485622996
30
0
41
1
10
102.748432771663
20
1.93663137836921
30
0
41
1
10
102.759208480997
20
1.92630819552951
30
0
0
SPLINE
5
183
100
AcDbEntity
8
1
62
256
6
ByLayer
370
13
48
1
60
0
100
AcDbSpline
70
4
71
3
72
13
73
9
40
0
40
0
40
0
40
0
40
0.0382388311665503
40
0.151563879900468
40
0.378213977368303
40
0.604864074836139
40
0.831514172303974
40
1
40
1
40
1
40
1
41
1
10
102.471514548818
20
-1.94791553430349
30
0
41
1
10
102.47645715413
20
-1.94751473973812
30
0
41
1
10
102.495856932793
20
-1.94586819540939
30
0
41
1
10
102.54248040812
20
-1.9411870741742
30
0
41
1
10
102.608569949367
20
-1.93209473281183
30
0
41
1
10
102.677926096188
20
-1.91781879788488
30
0
41
1
10
102.727319067166
20
-1.902348628525
30
0
41
1
10
102.749254686615
20
-1.89169066524298
30
0
41
1
10
102.756816185416
20
-1.88707398546427
30
0
0
SPLINE
5
184
100
AcDbEntity
8
1
62
256
6
ByLayer
370
18
48
1
60
0
100
AcDbSpline
70
4
71
3
72
18
73
14
40
0
40
0
40
0
40
0
40
0.249999999999999
40
0.249999999999999
40
0.374999999999999
40
0.374999999999999
40
0.437499999999999
40
0.437499999999999
40
0.499999999999999
40
0.499999999999999
40
0.749999999999999
40
0.749999999999999
40
1
40
1
40
1
40
1
41
1
10
86.4227369870049
20
-11.0557585060864
30
0
41
1
10
86.4218896704992
20
-11.2308700752586
30
0
41
1
10
86.4210925619673
20
-11.3921261463222
30
0
41
1
10
86.4198640893899
20
-11.6134478526014
30
0
41
1
10
86.4194571476571
20
-11.6837892191878
30
0
41
1
10
86.418856449323
20
-11.7841359749303
30
0
41
1
10
86.4186542675997
20
-11.8167240621349
30
0
41
1
10
86.4182528787901
20
-11.8801717127234
30
0
41
1
10
86.4180546049313
20
-11.9110427490776
30
0
41
1
10
86.4170647892182
20
-12.0609259150071
30
0
41
1
10
86.4162181830409
20
-12.1660953987472
30
0
41
1
10
86.4146564465312
20
-12.3472503403453
30
0
41
1
10
86.4138983053309
20
-12.4232402450214
30
0
41
1
10
86.4130724271422
20
-12.4844895440424
30
0
0
SPLINE
5
185
100
AcDbEntity
8
1
62
256
6
ByLayer
370
18
48
1
60
0
100
AcDbSpline
70
4
71
3
72
84
73
80
40
0
40
0
40
0
40
0
40
0.0312499999999958
40
0.0312499999999958
40
0.0468749999999937
40
0.0468749999999937
40
0.0624999999999916
40
0.0624999999999916
40
0.0937499999999874
40
0.0937499999999874
40
0.124999999999983
40
0.124999999999983
40
0.156249999999979
40
0.156249999999979
40
0.187499999999975
40
0.187499999999975
40
0.218749999999971
40
0.218749999999971
40
0.249999999999967
40
0.249999999999967
40
0.281249999999962
40
0.281249999999962
40
0.312499999999958
40
0.312499999999958
40
0.328124999999956
40
0.328124999999956
40
0.335937499999955
40
0.335937499999955
40
0.343749999999954
40
0.343749999999954
40
0.374999999999954
40
0.374999999999954
40
0.406249999999954
40
0.406249999999954
40
0.437499999999953
40
0.437499999999953
40
0.468749999999953
40
0.468749999999953
40
0.499999999999953
40
0.499999999999953
40
0.531249999999953
40
0.531249999999953
40
0.562499999999953
40
0.562499999999953
40
0.593749999999953
40
0.593749999999953
40
0.624999999999953
40
0.624999999999953
40
0.640624999999954
40
0.640624999999954
40
0.648437499999954
40
0.648437499999954
40
0.656249999999955
40
0.656249999999955
40
0.687499999999959
40
0.687499999999959
40
0.718749999999962
40
0.718749999999962
40
0.749999999999966
40
0.749999999999966
40
0.78124999999997
40
0.78124999999997
40
0.812499999999974
40
0.812499999999974
40
0.843749999999978
40
0.843749999999978
40
0.874999999999982
40
0.874999999999982
40
0.906249999999986
40
0.906249999999986
40
0.937499999999989
40
0.937499999999989
40
0.945312499999991
40
0.945312499999991
40
0.953124999999992
40
0.953124999999992
40
0.968749999999995
40
0.968749999999995
40
1
40
1
40
1
40
1
41
1
10
86.4227369870049
20
-11.0557585060865
30
0
41
1
10
86.1755530502
20
-10.9736887889099
30
0
41
1
10
85.9278292361051
20
-10.886222833277
30
0
41
1
10
85.5551910668133
20
-10.7467194769169
30
0
41
1
10
85.4307419106182
20
-10.6988081904546
30
0
41
1
10
85.1824362535525
20
-10.6005823899099
30
0
41
1
10
85.0584644424259
20
-10.5502261410247
30
0
41
1
10
84.6870378065451
20
-10.3954438906077
30
0
41
1
10
84.4400944573129
20
-10.2871755734693
30
0
41
1
10
83.9469449187293
20
-10.0622137854849
30
0
41
1
10
83.7007847350733
20
-9.94532986210078
30
0
41
1
10
83.2090748242036
20
-9.70269513261275
30
0
41
1
10
82.9635198187687
20
-9.57697407273736
30
0
41
1
10
82.4727588872318
20
-9.31669864149478
30
0
41
1
10
82.2275564355873
20
-9.18211292549543
30
0
41
1
10
81.7371977192929
20
-8.9042710336559
30
0
41
1
10
81.4920429191767
20
-8.76098281918797
30
0
41
1
10
81.0014366266279
20
-8.46635896646598
30
0
41
1
10
80.7559822623602
20
-8.31509257457981
30
0
41
1
10
80.2645107645435
20
-8.0046812951785
30
0
41
1
10
80.0184960434908
20
-7.84550098999458
30
0
41
1
10
79.5256147655795
20
-7.51917375624078
30
0
41
1
10
79.2787474731155
20
-7.35201177304265
30
0
41
1
10
78.9075632999382
20
-7.09541882044363
30
0
41
1
10
78.7836878912521
20
-7.00891217234516
30
0
41
1
10
78.5976233963717
20
-6.87772366376367
30
0
41
1
10
78.5355600341799
20
-6.83375726365355
30
0
41
1
10
78.4113449716854
20
-6.74536248027209
30
0
41
1
10
78.3491681698837
20
-6.70091645992278
30
0
41
1
10
78.0383570212844
20
-6.47777087348098
30
0
41
1
10
77.7903916476917
20
-6.29668234087237
30
0
41
1
10
77.2955801455957
20
-5.92959318996864
30
0
41
1
10
77.0487397198339
20
-5.74357721528793
30
0
41
1
10
76.5559266338766
20
-5.36683254364732
30
0
41
1
10
76.3099566540937
20
-5.17609348158618
30
0
41
1
10
75.8185706854174
20
-4.79025666498532
30
0
41
1
10
75.5731575288866
20
-4.59514393151454
30
0
41
1
10
75.0825228060006
20
-4.20113270794627
30
0
41
1
10
74.8373015529482
20
-4.00224319898632
30
0
41
1
10
74.3468010263758
20
-3.60090173820311
30
0
41
1
10
74.1015239311923
20
-3.39843991979896
30
0
41
1
10
73.6106379465572
20
-2.99015955856962
30
0
41
1
10
73.3650293745462
20
-2.78433361130811
30
0
41
1
10
72.8731685124137
20
-2.36965141642975
30
0
41
1
10
72.6269152615625
20
-2.16078528714388
30
0
41
1
10
72.1334497793212
20
-1.74050959682361
30
0
41
1
10
71.8862408534975
20
-1.5291040714402
30
0
41
1
10
71.5144930123352
20
-1.2102585465594
30
0
41
1
10
71.3904209902357
20
-1.10368609288014
30
0
41
1
10
71.2040483470707
20
-0.943413810119324
30
0
41
1
10
71.1418490409509
20
-0.889894195984681
30
0
41
1
10
71.0175380959277
20
-0.782877447283056
30
0
41
1
10
70.9554289738449
20
-0.729382519309951
30
0
41
1
10
70.6451039565843
20
-0.46198875783864
30
0
41
1
10
70.3975538800278
20
-0.248331755892252
30
0
41
1
10
69.9035348215278
20
0.178100696138557
30
0
41
1
10
69.6570690020897
20
0.390874751986871
30
0
41
1
10
69.1648315674084
20
0.815193878036808
30
0
41
1
10
68.9190610884006
20
1.02674308750284
30
0
41
1
10
68.4279741237097
20
1.44830225172586
30
0
41
1
10
68.1826597463806
20
1.65831160869399
30
0
41
1
10
67.6922166382559
20
2.07644049615863
30
0
41
1
10
67.4470890101126
20
2.28455749116074
30
0
41
1
10
66.9567086033629
20
2.69854820396569
30
0
41
1
10
66.7114560879535
20
2.90441724845366
30
0
41
1
10
66.2205004119382
20
3.31362274426729
30
0
41
1
10
65.9747999610897
20
3.51696566886113
30
0
41
1
10
65.482686999073
20
3.92076247357346
30
0
41
1
10
65.2362749340679
20
4.12121368029378
30
0
41
1
10
64.7424333507508
20
4.51881016551059
30
0
41
1
10
64.4950025738125
20
4.71594938475144
30
0
41
1
10
64.1848701158716
20
4.96006090234303
30
0
41
1
10
64.1228014219739
20
5.00876760945525
30
0
41
1
10
63.9985744690115
20
5.10594397080757
30
0
41
1
10
63.9363869507353
20
5.15443644932907
30
0
41
1
10
63.7499167738497
20
5.29937237011748
30
0
41
1
10
63.6257793111702
20
5.39523523059108
30
0
41
1
10
63.2538192020479
20
5.6805430269302
30
0
41
1
10
63.0064461200875
20
5.86771921044695
30
0
41
1
10
62.7595613424298
20
6.05168269781933
30
0
0
SPLINE
5
186
100
AcDbEntity
8
1
62
256
6
ByLayer
370
18
48
1
60
0
100
AcDbSpline
70
4
71
3
72
14
73
10
40
0
40
0
40
0
40
0
40
0.25
40
0.25
40
0.5
40
0.5
40
0.75
40
0.75
40
1
40
1
40
1
40
1
41
1
10
62.7566853323158
20
2.66622772918086
30
0
41
1
10
62.7569417785498
20
2.97059979605734
30
0
41
1
10
62.7571805993621
20
3.27040649826532
30
0
41
1
10
62.757676855146
20
3.86069031574061
30
0
41
1
10
62.7579254641894
20
4.14945377700434
30
0
41
1
10
62.7584047656938
20
4.71445371073261
30
0
41
1
10
62.7586313993369
20
4.99069005219979
30
0
41
1
10
62.7591004472916
20
5.53063591961339
30
0
41
1
10
62.7593323915165
20
5.79434634623681
30
0
41
1
10
62.7595613424297
20
6.05168269781939
30
0
0
SPLINE
5
187
100
AcDbEntity
8
1
62
256
6
ByLayer
370
18
48
1
60
0
100
AcDbSpline
70
4
71
3
72
8
73
4
40
0
40
0
40
0
40
0
40
1
40
1
40
1
40
1
41
1
10
62.7566853322
20
2.66622772918794
30
0
41
1
10
62.7565766066881
20
2.53680564559514
30
0
41
1
10
62.7564672603499
20
2.40666996692664
30
0
41
1
10
62.7563565545756
20
2.27582077597461
30
0
0
SPLINE
5
188
100
AcDbEntity
8
1
62
256
6
ByLayer
370
18
48
1
60
0
100
AcDbSpline
70
4
71
3
72
8
73
4
40
0
40
0
40
0
40
0
40
1
40
1
40
1
40
1
41
1
10
82.7565624915931
20
1.04713682605993
30
0
41
1
10
82.7564667264323
20
0.912772185369334
30
0
41
1
10
82.7563700879885
20
0.777981226311994
30
0
41
1
10
82.7562721804185
20
0.642763991931474
30
0
0
SPLINE
5
189
100
AcDbEntity
8
1
62
256
6
ByLayer
370
18
48
1
60
0
100
AcDbSpline
70
4
71
3
72
18
73
14
40
0
40
0
40
0
40
0
40
0.25
40
0.25
40
0.375
40
0.375
40
0.4375
40
0.4375
40
0.499999999999999
40
0.499999999999999
40
0.75
40
0.75
40
1
40
1
40
1
40
1
41
1
10
106.421316261292
20
-11.5665285162787
30
0
41
1
10
106.420582357087
20
-11.6994375651492
30
0
41
1
10
106.419898378552
20
-11.8177653802632
30
0
41
1
10
106.418839258546
20
-11.9736185072617
30
0
41
1
10
106.418488576526
20
-12.0219573739612
30
0
41
1
10
106.417972632096
20
-12.0890300724984
30
0
41
1
10
106.417798666331
20
-12.1104817678302
30
0
41
1
10
106.417453565055
20
-12.1515662165992
30
0
41
1
10
106.417283402182
20
-12.171206049121
30
0
41
1
10
106.416434289287
20
-12.2647552321454
30
0
41
1
10
106.415699050777
20
-12.3244654398254
30
0
41
1
10
106.414359821675
20
-12.4139262028195
30
0
41
1
10
106.413712043964
20
-12.443681396113
30
0
41
1
10
106.412995771119
20
-12.4583046427293
30
0
0
SPLINE
5
18A
100
AcDbEntity
8
1
62
256
6
ByLayer
370
18
48
1
60
0
100
AcDbSpline
70
4
71
3
72
54
73
50
40
0
40
0
40
0
40
0
40
0.0624999999999993
40
0.0624999999999993
40
0.124999999999999
40
0.124999999999999
40
0.187499999999998
40
0.187499999999998
40
0.249999999999997
40
0.249999999999997
40
0.265624999999997
40
0.265624999999997
40
0.281249999999997
40
0.281249999999997
40
0.312499999999997
40
0.312499999999997
40
0.374999999999999
40
0.374999999999999
40
0.500000000000002
40
0.500000000000002
40
0.531250000000003
40
0.531250000000003
40
0.562500000000004
40
0.562500000000004
40
0.578125000000004
40
0.578125000000004
40
0.593750000000005
40
0.593750000000005
40
0.625000000000005
40
0.625000000000005
40
0.656250000000006
40
0.656250000000006
40
0.687500000000007
40
0.687500000000007
40
0.750000000000007
40
0.750000000000007
40
0.781250000000006
40
0.781250000000006
40
0.812500000000005
40
0.812500000000005
40
0.875000000000001
40
0.875000000000001
40
0.890624999999999
40
0.890624999999999
40
0.906249999999998
40
0.906249999999998
40
0.937499999999998
40
0.937499999999998
40
1
40
1
40
1
40
1
41
1
10
106.421316261292
20
-11.5665285162787
30
0
41
1
10
105.925566459422
20
-11.4548105954099
30
0
41
1
10
105.432240029203
20
-11.3214963394864
30
0
41
1
10
104.447962838154
20
-11.0136082952572
30
0
41
1
10
103.95701772952
20
-10.8390342495513
30
0
41
1
10
102.975177039668
20
-10.4498532139248
30
0
41
1
10
102.484281542272
20
-10.235230367445
30
0
41
1
10
101.500156844637
20
-9.76730817553187
30
0
41
1
10
101.006931797069
20
-9.51412212160901
30
0
41
1
10
100.387437219579
20
-9.17386121166993
30
0
41
1
10
100.263389564527
20
-9.10462150930317
30
0
41
1
10
100.014956853831
20
-8.96377616756712
30
0
41
1
10
99.8904594264811
20
-8.8921037319659
30
0
41
1
10
99.5176732649781
20
-8.67430036381018
30
0
41
1
10
99.2698588295993
20
-8.52524569263989
30
0
41
1
10
98.5280167693928
20
-8.06726666889972
30
0
41
1
10
98.0355696521168
20
-7.74764199325568
30
0
41
1
10
96.5612781432702
20
-6.74853649435872
30
0
41
1
10
95.5824330297534
20
-6.02911673047274
30
0
41
1
10
94.351936119219
20
-5.07445915777828
30
0
41
1
10
94.1054867087741
20
-4.88076823228766
30
0
41
1
10
93.6115817489664
20
-4.48817340341162
30
0
41
1
10
93.3641252874197
20
-4.28925493489547
30
0
41
1
10
92.9919599330392
20
-3.98727266752397
30
0
41
1
10
92.8677418003376
20
-3.88601517314365
30
0
41
1
10
92.618943762784
20
-3.68234281211099
30
0
41
1
10
92.4946655844366
20
-3.58017041925066
30
0
41
1
10
92.1224036789431
20
-3.27288581433169
30
0
41
1
10
91.8748887565136
20
-3.06691302848236
30
0
41
1
10
91.3809217705373
20
-2.65302098724351
30
0
41
1
10
91.1344684710664
20
-2.44510356994908
30
0
41
1
10
90.6423401265387
20
-2.0276417298634
30
0
41
1
10
90.3966835891033
20
-1.81806510419224
30
0
41
1
10
89.6601067133329
20
-1.1879342109788
30
0
41
1
10
89.1697405451206
20
-0.765741592910928
30
0
41
1
10
88.433752671817
20
-0.130898639437135
30
0
41
1
10
88.1883480606967
20
0.0809737071939196
30
0
41
1
10
87.6970884659172
20
0.504903248277856
30
0
41
1
10
87.4512343127252
20
0.716971323374821
30
0
41
1
10
86.7124577778042
20
1.35272055619254
30
0
41
1
10
86.2183885282444
20
1.77604955888495
30
0
41
1
10
85.5973694564786
20
2.30296670959854
30
0
41
1
10
85.4728846299764
20
2.4083260654705
30
0
41
1
10
85.2244355112318
20
2.61799955357424
30
0
41
1
10
85.1003940830641
20
2.72237960829119
30
0
41
1
10
84.7287650005254
20
3.03407809951679
30
0
41
1
10
84.4817016425866
20
3.23990707440865
30
0
41
1
10
83.741658933801
20
3.85161142610539
30
0
41
1
10
83.249995668692
20
4.25159290179582
30
0
41
1
10
82.7590742325987
20
4.64229047643042
30
0
0
SPLINE
5
18B
100
AcDbEntity
8
1
62
256
6
ByLayer
370
18
48
1
60
0
100
AcDbSpline
70
4
71
3
72
14
73
10
40
0
40
0
40
0
40
0
40
0.25
40
0.25
40
0.5
40
0.5
40
0.75
40
0.75
40
1
40
1
40
1
40
1
41
1
10
42.7588082301565
20
5.43827468983298
30
0
41
1
10
42.7590118444171
20
5.70910511714823
30
0
41
1
10
42.7591981885455
20
5.97277532930025
30
0
41
1
10
42.759590034453
20
6.48561845431797
30
0
41
1
10
42.7597870045344
20
6.73330410463385
30
0
41
1
10
42.7601639240266
20
7.21151843311162
30
0
41
1
10
42.7603398009762
20
7.44204692942654
30
0
41
1
10
42.760708089781
20
7.88594713514627
30
0
41
1
10
42.7608900063657
20
8.09932007290612
30
0
41
1
10
42.7610691961959
20
8.30396297386486
30
0
0
SPLINE
5
18C
100
AcDbEntity
8
1
62
256
6
ByLayer
370
18
48
1
60
0
100
AcDbSpline
70
4
71
3
72
8
73
4
40
0
40
0
40
0
40
0
40
1
40
1
40
1
40
1
41
1
10
42.7588082301565
20
5.43827468983298
30
0
41
1
10
42.758721598671
20
5.323044830839
30
0
41
1
10
42.7586341349472
20
5.20661778336324
30
0
41
1
10
42.7585454571822
20
5.08899366619468
30
0
0
SPLINE
5
18D
100
AcDbEntity
8
1
62
256
6
ByLayer
370
18
48
1
60
0
100
AcDbSpline
70
4
71
3
72
18
73
14
40
0
40
0
40
0
40
0
40
0.25
40
0.25
40
0.375
40
0.375
40
0.4375
40
0.4375
40
0.5
40
0.5
40
0.75
40
0.75
40
1
40
1
40
1
40
1
41
1
10
66.4222957555919
20
-9.66631843130466
30
0
41
1
10
66.4215368482901
20
-9.90925797265231
30
0
41
1
10
66.4208232846813
20
-10.1402165943741
30
0
41
1
10
66.4197137144927
20
-10.4688739064661
30
0
41
1
10
66.4193453104443
20
-10.5754581876341
30
0
41
1
10
66.4188008989313
20
-10.7308680932314
30
0
41
1
10
66.4186172232846
20
-10.781927016623
30
0
41
1
10
66.4182523593846
20
-10.8825501739575
30
0
41
1
10
66.4180721076364
20
-10.9321332340742
30
0
41
1
10
66.4171711236814
20
-11.1760815637877
30
0
41
1
10
66.416391216859
20
-11.3578208258642
30
0
41
1
10
66.4149550936784
20
-11.6947247281049
30
0
41
1
10
66.4142559312519
20
-11.8498933687415
30
0
41
1
10
66.4134856191561
20
-11.9916391073419
30
0
0
SPLINE
5
18E
100
AcDbEntity
8
1
62
256
6
ByLayer
370
18
48
1
60
0
100
AcDbSpline
70
4
71
3
72
71
73
67
40
0
40
0
40
0
40
0
40
0.062500000000001
40
0.062500000000001
40
0.093750000000001
40
0.093750000000001
40
0.1015625
40
0.1015625
40
0.109375
40
0.109375
40
0.124999999999998
40
0.124999999999998
40
0.18749999999999
40
0.18749999999999
40
0.218749999999986
40
0.218749999999986
40
0.249999999999981
40
0.249999999999981
40
0.312499999999974
40
0.312499999999974
40
0.34374999999997
40
0.34374999999997
40
0.374999999999966
40
0.374999999999966
40
0.406249999999962
40
0.406249999999962
40
0.414062499999961
40
0.414062499999961
40
0.42187499999996
40
0.43749999999996
40
0.43749999999996
40
0.468749999999959
40
0.468749999999959
40
0.484374999999959
40
0.484374999999959
40
0.499999999999959
40
0.499999999999959
40
0.562499999999961
40
0.562499999999961
40
0.593749999999962
40
0.593749999999962
40
0.624999999999963
40
0.624999999999963
40
0.687499999999965
40
0.687499999999965
40
0.703124999999966
40
0.703124999999966
40
0.710937499999966
40
0.710937499999966
40
0.718749999999967
40
0.718749999999967
40
0.74999999999997
40
0.74999999999997
40
0.781249999999974
40
0.781249999999974
40
0.812499999999977
40
0.812499999999977
40
0.843749999999981
40
0.843749999999981
40
0.874999999999985
40
0.874999999999985
40
0.937499999999993
40
0.937499999999993
40
0.968749999999996
40
0.968749999999996
40
1
40
1
40
1
40
1
41
1
10
66.4222957555919
20
-9.66631843130466
30
0
41
1
10
65.9311785657456
20
-9.41577471037724
30
0
41
1
10
65.4391595081631
20
-9.14725988602592
30
0
41
1
10
64.6980497188784
20
-8.71676256109177
30
0
41
1
10
64.4504930702975
20
-8.56863621038741
30
0
41
1
10
64.1401904858236
20
-8.37782663675875
30
0
41
1
10
64.0780871135323
20
-8.33938174841123
30
0
41
1
10
63.9537895920586
20
-8.26193218215192
30
0
41
1
10
63.8915732121084
20
-8.22291397593955
30
0
41
1
10
63.7051253354735
20
-8.10525939126836
30
0
41
1
10
63.5809990035775
20
-8.02596884996299
30
0
41
1
10
62.9611105873414
20
-7.62543767095912
30
0
41
1
10
62.4675958314074
20
-7.29195419081455
30
0
41
1
10
61.7294460806206
20
-6.77296763016076
30
0
41
1
10
61.4837444401306
20
-6.59685365534972
30
0
41
1
10
60.9927330591661
20
-6.23866907213971
30
0
41
1
10
60.7473963258975
20
-6.05672224489632
30
0
41
1
10
60.0114356528052
20
-5.50295978474449
30
0
41
1
10
59.5208752394529
20
-5.12326382696887
30
0
41
1
10
58.7835454029099
20
-4.53875261030092
30
0
41
1
10
58.5375158237622
20
-4.3414278306974
30
0
41
1
10
58.0446347040027
20
-3.94203714214305
30
0
41
1
10
57.7977766773573
20
-3.74009909581483
30
0
41
1
10
57.3029347198187
20
-3.33204910286454
30
0
41
1
10
57.0549517929098
20
-3.12591275791783
30
0
41
1
10
56.7440748874205
20
-2.8657292259914
30
0
41
1
10
56.6818568505757
20
-2.81356877404014
30
0
41
1
10
56.5575719460854
20
-2.70920708431564
30
0
41
1
10
56.37127940778
20
-2.55252632579899
30
0
41
1
10
56.1853730525909
20
-2.39545254941163
30
0
41
1
10
55.814024753262
20
-2.08084083989289
30
0
41
1
10
55.5670842151251
20
-1.87047470527219
30
0
41
1
10
55.197336227027
20
-1.55430596087743
30
0
41
1
10
55.0741988713152
20
-1.4488115342489
30
0
41
1
10
54.8280791067894
20
-1.23769008807903
30
0
41
1
10
54.7050979275015
20
-1.13206170229506
30
0
41
1
10
54.0905239403781
20
-0.603655762824843
30
0
41
1
10
53.5999532903589
20
-0.180056075591523
30
0
41
1
10
52.8641880201473
20
0.45481923422372
30
0
41
1
10
52.6189472194307
20
0.666355272183466
30
0
41
1
10
52.1281789331981
20
1.08887729007438
30
0
41
1
10
51.8826264444096
20
1.29984038513155
30
0
41
1
10
51.1450427281452
20
1.93134662950734
30
0
41
1
10
50.6521190547491
20
2.35054228962844
30
0
41
1
10
50.0329778302162
20
2.87050870868745
30
0
41
1
10
49.9089990197809
20
2.97429917611282
30
0
41
1
10
49.7227726952352
20
3.12964204694893
30
0
41
1
10
49.660654196486
20
3.18136580662022
30
0
41
1
10
49.5363252370658
20
3.28469187982657
30
0
41
1
10
49.4741060536014
20
3.33630104551182
30
0
41
1
10
49.1633941361027
20
3.59351214653424
30
0
41
1
10
48.915520372319
20
3.79706532948836
30
0
41
1
10
48.4208145361285
20
4.19955677895388
30
0
41
1
10
48.1739947287838
20
4.39848036748018
30
0
41
1
10
47.6811534915982
20
4.79137033653689
30
0
41
1
10
47.4351304738041
20
4.98534272368238
30
0
41
1
10
46.9436255447561
20
5.36793618317526
30
0
41
1
10
46.698153641574
20
5.55651436984425
30
0
41
1
10
46.2073777608332
20
5.92820655684136
30
0
41
1
10
45.9620817738552
20
6.11130699045287
30
0
41
1
10
45.2260462634704
20
6.65195458426794
30
0
41
1
10
44.7351662916276
20
7.00090848990152
30
0
41
1
10
43.9968613674487
20
7.50475271799695
30
0
41
1
10
43.7504264157852
20
7.66942213223422
30
0
41
1
10
43.2565672461662
20
7.9917941534101
30
0
41
1
10
43.0091396414411
20
8.14961328437269
30
0
41
1
10
42.7610691961959
20
8.30396297386486
30
0
0
SPLINE
5
18F
100
AcDbEntity
8
1
62
256
6
ByLayer
370
18
48
1
60
0
100
AcDbSpline
70
4
71
3
72
18
73
14
40
0
40
0
40
0
40
0
40
0.250000000000001
40
0.250000000000001
40
0.375000000000001
40
0.375000000000001
40
0.437500000000001
40
0.437500000000001
40
0.500000000000001
40
0.500000000000001
40
0.75
40
0.75
40
1
40
1
40
1
40
1
41
1
10
101.421947131885
20
3.05479348711145
30
0
41
1
10
101.421168094391
20
2.72339989175291
30
0
41
1
10
101.420438444195
20
2.38759722257649
30
0
41
1
10
101.41931009695
20
1.87735020077858
30
0
41
1
10
101.418936341453
20
1.7061755996516
30
0
41
1
10
101.418385154508
20
1.44777005297229
30
0
41
1
10
101.418199434006
20
1.36136095385055
30
0
41
1
10
101.41783089364
20
1.18799272396285
30
0
41
1
10
101.417649010203
20
1.10099974447616
30
0
41
1
10
101.416740862606
20
0.665032264224351
30
0
41
1
10
101.415958478433
20
0.314426843897735
30
0
41
1
10
101.414523023042
20
-0.390411282596773
30
0
41
1
10
101.413827017661
20
-0.744643347383629
30
0
41
1
10
101.413062298484
20
-1.10070723008101
30
0
0
SPLINE
5
190
100
AcDbEntity
8
1
62
256
6
ByLayer
370
18
48
1
60
0
100
AcDbSpline
70
4
71
3
72
48
73
44
40
0
40
0
40
0
40
0
40
0.0892020873562061
40
0.0892020873562061
40
0.111502609195258
40
0.111502609195258
40
0.13380313103431
40
0.13380313103431
40
0.178404174712418
40
0.178404174712418
40
0.356808349424854
40
0.356808349424854
40
0.446010436781073
40
0.446010436781073
40
0.490611480459183
40
0.490611480459183
40
0.512912002298238
40
0.512912002298238
40
0.535212524137293
40
0.535212524137293
40
0.624414611493509
40
0.624414611493509
40
0.646715133332562
40
0.646715133332562
40
0.669015655171615
40
0.669015655171615
40
0.71361669884972
40
0.71361669884972
40
0.802818786205932
40
0.802818786205932
40
0.825119308044982
40
0.825119308044982
40
0.847419829884033
40
0.847419829884033
40
0.892020873562131
40
0.892020873562131
40
0.936621917240229
40
0.936621917240229
40
0.958922439079277
40
0.958922439079277
40
0.981222960918325
40
0.981222960918325
40
1
40
1
40
1
40
1
41
1
10
101.421947131885
20
3.05479348711148
30
0
41
1
10
100.928946719683
20
3.46624133725334
30
0
41
1
10
100.434332273743
20
3.87328320045575
30
0
41
1
10
99.8124824044471
20
4.37469493392331
30
0
41
1
10
99.6882542009788
20
4.47434770570396
30
0
41
1
10
99.4401722670578
20
4.67225677360216
30
0
41
1
10
99.316297231016
20
4.77052988525793
30
0
41
1
10
98.9451017029456
20
5.06327646146838
30
0
41
1
10
98.698205296551
20
5.25568813105218
30
0
41
1
10
97.4658100261589
20
6.20340901045296
30
0
41
1
10
96.4867731960119
20
6.9153581429284
30
0
41
1
10
95.0143702026923
20
7.90018318443339
30
0
41
1
10
94.5229242246482
20
8.21455959848086
30
0
41
1
10
93.7829504118093
20
8.66359415178169
30
0
41
1
10
93.5358247313872
20
8.80950542743221
30
0
41
1
10
93.1642065347544
20
9.02256755734658
30
0
41
1
10
93.0401789922749
20
9.0926245262647
30
0
41
1
10
92.7917789680741
20
9.23080132406108
30
0
41
1
10
92.6673154058274
20
9.29897139696394
30
0
41
1
10
92.0462830355114
20
9.63359770321097
30
0
41
1
10
91.5522113732033
20
9.8821156684991
30
0
41
1
10
90.9367559640542
20
10.1670930311777
30
0
41
1
10
90.8137703654868
20
10.2228050254428
30
0
41
1
10
90.5679735715857
20
10.3316149264293
30
0
41
1
10
90.4451632344481
20
10.384702940938
30
0
41
1
10
90.0768647676729
20
10.5404355514798
30
0
41
1
10
89.8315116142552
20
10.6395722426837
30
0
41
1
10
89.0957160773322
20
10.9220164716802
30
0
41
1
10
88.6055235426803
20
11.0905960219668
30
0
41
1
10
87.9918670630915
20
11.274397509206
30
0
41
1
10
87.8690883129624
20
11.3098123378063
30
0
41
1
10
87.6233962119527
20
11.3778965045574
30
0
41
1
10
87.5004829802647
20
11.4105497192787
30
0
41
1
10
87.1314677246052
20
11.5046854196967
30
0
41
1
10
86.885091759687
20
11.5624325841543
30
0
41
1
10
86.3913474820818
20
11.6673065771641
30
0
41
1
10
86.14397866555
20
11.7144348219113
30
0
41
1
10
85.7719467612543
20
11.7767733807481
30
0
41
1
10
85.6477727003852
20
11.7961624344923
30
0
41
1
10
85.3990549831749
20
11.8320968340266
30
0
41
1
10
85.2748759801567
20
11.8485892579418
30
0
41
1
10
85.0464683581525
20
11.8762321094977
30
0
41
1
10
84.9421835228544
20
11.8878154371648
30
0
41
1
10
84.8380107995816
20
11.8983402385125
30
0
0
SPLINE
5
191
100
AcDbEntity
8
1
62
256
6
ByLayer
370
18
48
1
60
0
100
AcDbSpline
70
4
71
3
72
12
73
8
40
0
40
0
40
0
40
0
40
0.355082253609159
40
0.355082253609159
40
0.710164507218318
40
0.710164507218318
40
1
40
1
40
1
40
1
41
1
10
87.7562850451217
20
-12.4862535310693
30
0
41
1
10
87.8843641033793
20
-12.4808405943235
30
0
41
1
10
88.0127116606149
20
-12.4738163284952
30
0
41
1
10
88.2692732024661
20
-12.456576627254
30
0
41
1
10
88.3975120962587
20
-12.4463623420594
30
0
41
1
10
88.6303897996972
20
-12.42492482212
30
0
41
1
10
88.7350352018554
20
-12.414232743919
30
0
41
1
10
88.8396791841591
20
-12.4024855050195
30
0
0
SPLINE
5
192
100
AcDbEntity
8
1
62
256
6
ByLayer
370
18
48
1
60
0
100
AcDbSpline
70
4
71
3
72
19
73
15
40
0
40
0
40
0
40
0
40
0.250000000000044
40
0.250000000000044
40
0.500000000000089
40
0.500000000000089
40
0.625000000000067
40
0.625000000000067
40
0.750000000000045
40
0.875000000000022
40
0.875000000000022
40
0.937500000000011
40
0.937500000000011
40
1
40
1
40
1
40
1
41
1
10
87.4715561937067
20
-12.1570697653996
30
0
41
1
10
87.5027209940273
20
-12.1729294437101
30
0
41
1
10
87.532373060494
20
-12.191618220577
30
0
41
1
10
87.5886195693065
20
-12.2344736823839
30
0
41
1
10
87.6151897791824
20
-12.2586907353019
30
0
41
1
10
87.6522989821513
20
-12.2998077119088
30
0
41
1
10
87.6642644906503
20
-12.3143872854547
30
0
41
1
10
87.6867593079908
20
-12.3448459474758
30
0
41
1
10
87.7078728372434
20
-12.3766348671969
30
0
41
1
10
87.7260345062299
20
-12.411253270208
30
0
41
1
10
87.7383856095238
20
-12.4384367163359
30
0
41
1
10
87.7422914486837
20
-12.447700600499
30
0
41
1
10
87.7496488568201
20
-12.466664890649
30
0
41
1
10
87.753104913597
20
-12.4763820838052
30
0
41
1
10
87.7562850451216
20
-12.4862535310693
30
0
0
SPLINE
5
193
100
AcDbEntity
8
1
62
256
6
ByLayer
370
18
48
1
60
0
100
AcDbSpline
70
4
71
3
72
30
73
26
40
0
40
0
40
0
40
0
40
0.0625000000000035
40
0.0625000000000035
40
0.125000000000007
40
0.125000000000007
40
0.187500000000011
40
0.187500000000011
40
0.218749999999991
40
0.218749999999991
40
0.249999999999971
40
0.249999999999971
40
0.375000000000021
40
0.375000000000021
40
0.406250000000012
40
0.406250000000012
40
0.437500000000004
40
0.437500000000004
40
0.468749999999995
40
0.468749999999995
40
0.499999999999986
40
0.499999999999986
40
0.749999999999993
40
0.749999999999993
40
1
40
1
40
1
40
1
41
1
10
87.4715561938637
20
-12.15706976511
30
0
41
1
10
87.4505168988442
20
-12.1463627589292
30
0
41
1
10
87.4291352640245
20
-12.1371091610183
30
0
41
1
10
87.3857675446442
20
-12.1213061628286
30
0
41
1
10
87.3637769910306
20
-12.1147780159592
30
0
41
1
10
87.3192016994523
20
-12.1045422409841
30
0
41
1
10
87.2966191757922
20
-12.1008232778851
30
0
41
1
10
87.2623031193772
20
-12.0974568474896
30
0
41
1
10
87.2507901200488
20
-12.0967063087005
30
0
41
1
10
87.2276091714724
20
-12.0959987446716
30
0
41
1
10
87.2159833541318
20
-12.0960429390643
30
0
41
1
10
87.1580997073283
20
-12.0982772120222
30
0
41
1
10
87.1121781314793
20
-12.1063797824368
30
0
41
1
10
87.0554467645618
20
-12.1262757241804
30
0
41
1
10
87.0440996623759
20
-12.1307604597045
30
0
41
1
10
87.0216592341653
20
-12.1407922883363
30
0
41
1
10
87.0106099255376
20
-12.1464063973464
30
0
41
1
10
86.988764082902
20
-12.1585186241933
30
0
41
1
10
86.9779283210322
20
-12.1648776724722
30
0
41
1
10
86.9562044479114
20
-12.177396744052
30
0
41
1
10
86.9453361829751
20
-12.1836271430468
30
0
41
1
10
86.8475352113468
20
-12.2396887110032
30
0
41
1
10
86.7606377659932
20
-12.2892283866883
30
0
41
1
10
86.5868412599818
20
-12.3874498749978
30
0
41
1
10
86.4999531601742
20
-12.436170741296
30
0
41
1
10
86.4130724271422
20
-12.4844895440424
30
0
0
SPLINE
5
194
100
AcDbEntity
8
1
62
256
6
ByLayer
370
18
48
1
60
0
100
AcDbSpline
70
4
71
3
72
19
73
15
40
0
40
0
40
0
40
0
40
0.250000000000024
40
0.250000000000024
40
0.500000000000049
40
0.500000000000049
40
0.625000000000037
40
0.625000000000037
40
0.750000000000025
40
0.875000000000013
40
0.875000000000013
40
0.937500000000006
40
0.937500000000006
40
1
40
1
40
1
40
1
41
1
10
62.471637770693
20
2.50075484993639
30
0
41
1
10
62.5027990763078
20
2.47578776959227
30
0
41
1
10
62.5324480445043
20
2.4522283677575
30
0
41
1
10
62.5886892562054
20
2.40771045041467
30
0
41
1
10
62.6152572921742
20
2.38677959521269
30
0
41
1
10
62.6523641682079
20
2.35758862715221
30
0
41
1
10
62.6643291130508
20
2.34818315573065
30
0
41
1
10
62.6868237180655
20
2.33050438833524
30
0
41
1
10
62.7079374309828
20
2.31391457016335
30
0
41
1
10
62.7261004441095
20
2.29962968658188
30
0
41
1
10
62.7384531066583
20
2.28991130351758
30
0
41
1
10
62.7423595531817
20
2.28683723528212
30
0
41
1
10
62.749718393295
20
2.28104556139854
30
0
41
1
10
62.753175347043
20
2.27832435249039
30
0
41
1
10
62.7563565545756
20
2.27582077597458
30
0
0
SPLINE
5
195
100
AcDbEntity
8
1
62
256
6
ByLayer
370
18
48
1
60
0
100
AcDbSpline
70
4
71
3
72
30
73
26
40
0
40
0
40
0
40
0
40
0.062500000000017
40
0.062500000000017
40
0.125000000000034
40
0.125000000000034
40
0.187500000000051
40
0.187500000000051
40
0.218750000000049
40
0.218750000000049
40
0.250000000000048
40
0.250000000000048
40
0.374999999999978
40
0.374999999999978
40
0.406249999999971
40
0.406249999999971
40
0.437499999999964
40
0.437499999999964
40
0.468749999999957
40
0.468749999999957
40
0.49999999999995
40
0.49999999999995
40
0.749999999999975
40
0.749999999999975
40
1
40
1
40
1
40
1
41
1
10
62.4716377708499
20
2.50075484977165
30
0
41
1
10
62.4505992254333
20
2.51761134813575
30
0
41
1
10
62.4292183865124
20
2.53483057282821
30
0
41
1
10
62.3858523260638
20
2.56997895387104
30
0
41
1
10
62.363862635889
20
2.58791399382633
30
0
41
1
10
62.3192891353153
20
2.62456362857404
30
0
41
1
10
62.2967075394067
20
2.64327490279047
30
0
41
1
10
62.2623929210707
20
2.67197875382828
30
0
41
1
10
62.2508804089663
20
2.68165368977049
30
0
41
1
10
62.2277004515152
20
2.7012360432874
30
0
41
1
10
62.2160750025539
20
2.71110799631873
30
0
41
1
10
62.1581934253527
20
2.76053086801724
30
0
41
1
10
62.1122735422629
20
2.80060336984374
30
0
41
1
10
62.0555443394606
20
2.85160518394301
30
0
41
1
10
62.0441977216803
20
2.861882037485
30
0
41
1
10
62.021757808371
20
2.88237954512559
30
0
41
1
10
62.0107087189654
20
2.89257196870326
30
0
41
1
10
61.9888634109827
20
2.91287376604532
30
0
41
1
10
61.9780279690518
20
2.9229968284879
30
0
41
1
10
61.9563047484648
20
2.94326698439343
30
0
41
1
10
61.945436807694
20
2.95340714727442
30
0
41
1
10
61.8476387293366
20
3.04468950355994
30
0
41
1
10
61.7607438709146
20
3.12599810232717
30
0
41
1
10
61.586952535885
20
3.28898150941461
30
0
41
1
10
61.5000670250314
20
3.37065240678638
30
0
41
1
10
61.4131888842728
20
3.45250445988876
30
0
0
SPLINE
5
196
100
AcDbEntity
8
1
62
256
6
ByLayer
370
18
48
1
60
0
100
AcDbSpline
70
4
71
3
72
19
73
15
40
0
40
0
40
0
40
0
40
0.250000000000004
40
0.250000000000004
40
0.500000000000007
40
0.500000000000007
40
0.625000000000006
40
0.625000000000006
40
0.750000000000004
40
0.875000000000002
40
0.875000000000002
40
0.937500000000001
40
0.937500000000001
40
1
40
1
40
1
40
1
41
1
10
37.4737966904523
20
11.0176345267926
30
0
41
1
10
37.5049523346455
20
11.0448760126949
30
0
41
1
10
37.5345949807419
20
11.0743044709662
30
0
41
1
10
37.5908221222508
20
11.1374528688545
30
0
41
1
10
37.6173822857832
20
11.1712106916642
30
0
41
1
10
37.6544760844492
20
11.2256326211294
30
0
41
1
10
37.6664362771105
20
11.2444988437785
30
0
41
1
10
37.6889198539727
20
11.2830131826745
30
0
41
1
10
37.7100222880941
20
11.3223608900693
30
0
41
1
10
37.7281729391561
20
11.3634863506104
30
0
41
1
10
37.7405159078752
20
11.3950958713164
30
0
41
1
10
37.7444190632039
20
11.405759630675
30
0
41
1
10
37.7517711612009
20
11.4273609766291
30
0
41
1
10
37.755224543092
20
11.4383168330004
30
0
41
1
10
37.7584020344896
20
11.4493275093491
30
0
0
SPLINE
5
197
100
AcDbEntity
8
1
62
256
6
ByLayer
370
18
48
1
60
0
100
AcDbSpline
70
4
71
3
72
8
73
4
40
0
40
0
40
0
40
0
40
1
40
1
40
1
40
1
41
1
10
37.4737966906091
20
11.017634526578
30
0
41
1
10
37.4399864022576
20
10.9880716477593
30
0
41
1
10
37.4053061978193
20
10.9617760368288
30
0
41
1
10
37.3698652869204
20
10.9385731828021
30
0
0
SPLINE
5
198
100
AcDbEntity
8
1
62
256
6
ByLayer
370
18
48
1
60
0
100
AcDbSpline
70
4
71
5
72
38
73
32
40
0
40
0
40
0
40
0
40
0
40
0
40
0.0353357973496177
40
0.0787662358030519
40
0.107719861438675
40
0.151150299892109
40
0.180103925527732
40
0.223534363981166
40
0.252487989616788
40
0.295918428070223
40
0.339348866523657
40
0.36830249215928
40
0.411732930612714
40
0.440686556248337
40
0.484116994701771
40
0.513070620337394
40
0.556501058790828
40
0.599931497244262
40
0.628885122879885
40
0.657838748515508
40
0.701269186968942
40
0.744699625422376
40
0.773653251057999
40
0.817083689511433
40
0.860514127964867
40
0.88946775360049
40
0.918421379236112
40
0.961851817689547
40
1
40
1
40
1
40
1
40
1
40
1
41
1
10
37.8278621948934
20
10.7989791152302
30
0
41
1
10
38.0126791886607
20
10.8620955557986
30
0
41
1
10
38.4246506171658
20
10.9974541867392
30
0
41
1
10
38.9880583354961
20
11.1661539542946
30
0
41
1
10
39.7786204885642
20
11.3707435509799
30
0
41
1
10
40.7206189314574
20
11.5596465215478
30
0
41
1
10
41.7049548153212
20
11.7011396282038
30
0
41
1
10
42.6135725542722
20
11.779582101585
30
0
41
1
10
43.597908438136
20
11.8076266495543
30
0
41
1
10
44.5822443219996
20
11.7786147419939
30
0
41
1
10
45.5665802058634
20
11.6869988565307
30
0
41
1
10
46.550916089727
20
11.5388962264323
30
0
41
1
10
47.5352519735908
20
11.3294962559408
30
0
41
1
10
48.5195878574545
20
11.0654089176071
30
0
41
1
10
49.4282055964056
20
10.77221281517
30
0
41
1
10
50.4125414802693
20
10.4026156574329
30
0
41
1
10
51.396877364133
20
9.98265374157191
30
0
41
1
10
52.3812132479967
20
9.50957941238559
30
0
41
1
10
53.2898309869478
20
9.03046837595244
30
0
41
1
10
54.2741668708115
20
8.4680635118319
30
0
41
1
10
55.2585027546752
20
7.86474772693592
30
0
41
1
10
56.1671204936263
20
7.27247591719382
30
0
41
1
10
57.15145637749
20
6.59569808479878
30
0
41
1
10
58.2115104062663
20
5.82921447701705
30
0
41
1
10
59.19584629013
20
5.08640174136033
30
0
41
1
10
60.1044640290811
20
4.37803543787624
30
0
41
1
10
61.0887999129448
20
3.58986930922171
30
0
41
1
10
62.0455079866591
20
2.80696840644248
30
0
41
1
10
62.7750616256355
20
2.20005854082936
30
0
41
1
10
63.3531789747868
20
1.71464891548342
30
0
41
1
10
63.7798600341129
20
1.3546587197477
30
0
41
1
10
63.9793866587012
20
1.18601215808189
30
0
0
SPLINE
5
199
100
AcDbEntity
8
1
62
256
6
ByLayer
370
18
48
1
60
0
100
AcDbSpline
70
4
71
3
72
19
73
15
40
0
40
0
40
0
40
0
40
0.249999999999989
40
0.249999999999989
40
0.499999999999977
40
0.499999999999977
40
0.624999999999976
40
0.624999999999976
40
0.749999999999975
40
0.874999999999973
40
0.874999999999973
40
0.937499999999987
40
0.937499999999987
40
1
40
1
40
1
40
1
41
1
10
42.4735975122238
20
5.21638948772406
30
0
41
1
10
42.5047835745142
20
5.19727539859628
30
0
41
1
10
42.5344564685634
20
5.180134430485
30
0
41
1
10
42.5907438305174
20
5.14955812824866
30
0
41
1
10
42.6173341819929
20
5.13616015531736
30
0
41
1
10
42.6544726119256
20
5.1192407069625
30
0
41
1
10
42.6664477006292
20
5.11410943211925
30
0
41
1
10
42.6889605861868
20
5.10519961668069
30
0
41
1
10
42.7100914235071
20
5.09760980691229
30
0
41
1
10
42.728268669763
20
5.09281761641051
30
0
41
1
10
42.7406305254416
20
5.09043119456032
30
0
41
1
10
42.7445397918162
20
5.08983642923886
30
0
41
1
10
42.751903678552
20
5.08907943323254
30
0
41
1
10
42.7553626957604
20
5.08891799391211
30
0
41
1
10
42.7585454571822
20
5.08899366619471
30
0
0
SPLINE
5
19A
100
AcDbEntity
8
1
62
256
6
ByLayer
370
18
48
1
60
0
100
AcDbSpline
70
4
71
3
72
30
73
26
40
0
40
0
40
0
40
0
40
0.0625000000000098
40
0.0625000000000098
40
0.12500000000002
40
0.12500000000002
40
0.18750000000003
40
0.18750000000003
40
0.218750000000035
40
0.218750000000035
40
0.25000000000004
40
0.25000000000004
40
0.375000000000042
40
0.375000000000042
40
0.406250000000037
40
0.406250000000037
40
0.437500000000032
40
0.437500000000032
40
0.468750000000028
40
0.468750000000028
40
0.500000000000023
40
0.500000000000023
40
0.750000000000011
40
0.750000000000011
40
1
40
1
40
1
40
1
41
1
10
42.4735975122238
20
5.21638948772406
30
0
41
1
10
42.4525603317772
20
5.22928327785067
30
0
41
1
10
42.4311815495514
20
5.24285835536395
30
0
41
1
10
42.3878207163337
20
5.27130857502004
30
0
41
1
10
42.3658341997017
20
5.28619422896889
30
0
41
1
10
42.3212681872464
20
5.31735729234771
30
0
41
1
10
42.2986909165849
20
5.33362889685114
30
0
41
1
10
42.2643836418796
20
5.35915124941846
30
0
41
1
10
42.2528737196627
20
5.36784599391368
30
0
41
1
10
42.2296992526659
20
5.38563908040723
30
0
41
1
10
42.2180757413315
20
5.39470592066158
30
0
41
1
10
42.1602060284021
20
5.44057982584499
30
0
41
1
10
42.1142976308512
20
5.47928413645576
30
0
41
1
10
42.0575855795678
20
5.53084295413308
30
0
41
1
10
42.0462430241461
20
5.54134565288933
30
0
41
1
10
42.0238071709801
20
5.56255844172748
30
0
41
1
10
42.0127600685944
20
5.57325684490573
30
0
41
1
10
41.9909186410381
20
5.59478991381243
30
0
41
1
10
41.9800851228921
20
5.60560374018038
30
0
41
1
10
41.9583657783238
20
5.62720564001981
30
0
41
1
10
41.9474997741652
20
5.63800425063107
30
0
41
1
10
41.8497190778649
20
5.73520797314791
30
0
41
1
10
41.7628396019582
20
5.82169566322071
30
0
41
1
10
41.5890788559441
20
5.99480073337233
30
0
41
1
10
41.5022085578159
20
6.08142391735078
30
0
41
1
10
41.4153455492326
20
6.16811662461069
30
0
0
SPLINE
5
19B
100
AcDbEntity
8
1
62
256
6
ByLayer
370
18
48
1
60
0
100
AcDbSpline
70
4
71
5
72
24
73
18
40
0
40
0
40
0
40
0
40
0
40
0
40
0.0305933012461074
40
0.096542885174679
40
0.162492469103251
40
0.261416844996108
40
0.360341220888966
40
0.426290804817537
40
0.525215180710395
40
0.591164764638967
40
0.690089140531824
40
0.756038724460396
40
0.854963100353253
40
0.953887476246111
40
1
40
1
40
1
40
1
40
1
40
1
41
1
10
35.7505637776807
20
9.45309081346204
30
0
41
1
10
35.8208134405024
20
9.41740461581659
30
0
41
1
10
36.0424993931493
20
9.30383532423474
30
0
41
1
10
36.4156216356214
20
9.10764601640949
30
0
41
1
10
37.0158983128313
20
8.7786493515159
30
0
41
1
10
37.8433294247789
20
8.29659740622958
30
0
41
1
10
38.75194716373
20
7.72996909802998
30
0
41
1
10
39.7362830475937
20
7.07876052454137
30
0
41
1
10
40.7206189314574
20
6.39002451979937
30
0
41
1
10
41.7049548153211
20
5.67058507081535
30
0
41
1
10
42.6135725542722
20
4.98102629868708
30
0
41
1
10
43.5979084381359
20
4.2101229308123
30
0
41
1
10
44.5822443219996
20
3.41868233515382
30
0
41
1
10
45.5210294894684
20
2.64643436062539
30
0
41
1
10
46.2326602221994
20
2.05247645478011
30
0
41
1
10
46.7928546651052
20
1.58119355992261
30
0
41
1
10
47.1258946732733
20
1.30003403743802
30
0
41
1
10
47.2317802467035
20
1.21055513542399
30
0
0
SPLINE
5
19C
100
AcDbEntity
8
1
62
256
6
ByLayer
370
18
48
1
60
0
100
AcDbSpline
70
4
71
5
72
18
73
12
40
0
40
0
40
0
40
0
40
0
40
0
40
0.145396125964957
40
0.275336113052897
40
0.405276100140834
40
0.600186080772744
40
0.795096061404652
40
0.92503604849259
40
1
40
1
40
1
40
1
40
1
40
1
41
1
10
107.94398432243
20
10.6605978287339
30
0
41
1
10
108.11343369952
20
10.7221701956912
30
0
41
1
10
108.434319366434
20
10.8350100048521
30
0
41
1
10
108.906641323174
20
10.9905223194491
30
0
41
1
10
109.606117714652
20
11.1973727011145
30
0
41
1
10
110.532748540868
20
11.4244126057017
30
0
41
1
10
111.441366279819
20
11.5961793756095
30
0
41
1
10
112.28591315772
20
11.707745831102
30
0
41
1
10
112.979023745795
20
11.7627837973818
30
0
41
1
10
113.444979899133
20
11.7832023414642
30
0
41
1
10
113.683781617733
20
11.7893067999522
30
0
41
1
10
113.771147046507
20
11.7909564069609
30
0
0
SPLINE
5
19D
100
AcDbEntity
8
1
62
256
6
ByLayer
370
18
48
1
60
0
100
AcDbSpline
70
4
71
3
72
10
73
6
40
0
40
0
40
0
40
0
40
0.5
40
0.5
40
1
40
1
40
1
40
1
41
1
10
113.712375122454
20
12.4360195445296
30
0
41
1
10
113.72855559745
20
12.3292127930767
30
0
41
1
10
113.741907008672
20
12.2219694868395
30
0
41
1
10
113.761887216697
20
12.0068090434069
30
0
41
1
10
113.768509769473
20
11.8990113861267
30
0
41
1
10
113.771147020797
20
11.7909564064754
30
0
0
SPLINE
5
19E
100
AcDbEntity
8
1
62
256
6
ByLayer
370
18
48
1
60
0
100
AcDbSpline
70
4
71
3
72
14
73
10
40
0
40
0
40
0
40
0
40
0.500000000000086
40
0.500000000000086
40
0.750000000000042
40
0.750000000000042
40
0.875000000000021
40
0.875000000000021
40
1
40
1
40
1
40
1
41
1
10
113.445561258404
20
12.474369318941
30
0
41
1
10
113.490234266181
20
12.4783002361548
30
0
41
1
10
113.534774948722
20
12.4774700777077
30
0
41
1
10
113.601466487306
20
12.4683952470006
30
0
41
1
10
113.623676448837
20
12.4640520585289
30
0
41
1
10
113.656963987628
20
12.4553185364416
30
0
41
1
10
113.668055201591
20
12.4520353747699
30
0
41
1
10
113.690228065106
20
12.4446566872995
30
0
41
1
10
113.70133817407
20
12.4405495389286
30
0
41
1
10
113.712375122456
20
12.4360195445298
30
0
0
SPLINE
5
19F
100
AcDbEntity
8
1
62
256
6
ByLayer
370
18
48
1
60
0
100
AcDbSpline
70
4
71
3
72
12
73
8
40
0
40
0
40
0
40
0
40
0.266737884675526
40
0.266737884675526
40
0.533475769355414
40
0.533475769355414
40
1
40
1
40
1
40
1
41
1
10
113.419759660637
20
12.472099416514
30
0
41
1
10
113.422054009906
20
12.4723012218594
30
0
41
1
10
113.42434828984
20
12.4725030318643
30
0
41
1
10
113.428936710411
20
12.4729066612681
30
0
41
1
10
113.43123085105
20
12.4731084806673
30
0
41
1
10
113.43753724851
20
12.4736632949622
30
0
41
1
10
113.441549361295
20
12.474016299608
30
0
41
1
10
113.445561258404
20
12.474369318941
30
0
0
SPLINE
5
1A0
100
AcDbEntity
8
1
62
256
6
ByLayer
370
18
48
1
60
0
100
AcDbSpline
70
4
71
3
72
8
73
4
40
0
40
0
40
0
40
0
40
1
40
1
40
1
40
1
41
1
10
113.419759660637
20
12.472099416514
30
0
41
1
10
113.419978842994
20
12.4777870440087
30
0
41
1
10
113.420199087653
20
12.4834734060945
30
0
41
1
10
113.420420389637
20
12.4891584673591
30
0
0
SPLINE
5
1A1
100
AcDbEntity
8
1
62
256
6
ByLayer
370
18
48
1
60
0
100
AcDbSpline
70
4
71
3
72
8
73
4
40
0
40
0
40
0
40
0
40
1
40
1
40
1
40
1
41
1
10
113.420189079439
20
12.4891497932259
30
0
41
1
10
112.690993919273
20
12.4617995072983
30
0
41
1
10
111.961798759156
20
12.3826586926568
30
0
41
1
10
111.23260359909
20
12.2527046792548
30
0
0
SPLINE
5
1A2
100
AcDbEntity
8
1
62
256
6
ByLayer
370
18
48
1
60
0
100
AcDbSpline
70
4
71
3
72
41
73
37
40
0
40
0
40
0
40
0
40
0.0298462266583603
40
0.059692613359313
40
0.0895391603974858
40
0.119385868067754
40
0.149232736665227
40
0.179079766485065
40
0.208926957822278
40
0.23877431097162
40
0.268621826227579
40
0.298469503884402
40
0.328317344236269
40
0.358165347577351
40
0.388013514202006
40
0.41786184440475
40
0.447710338480352
40
0.477558996723533
40
0.507407819429049
40
0.537256806891525
40
0.56710595940553
40
0.596955277265605
40
0.626804760766298
40
0.656654410202145
40
0.686504225867703
40
0.716354208057571
40
0.746204357066402
40
0.776054673188944
40
0.805905156719998
40
0.835755807954253
40
0.865606627186205
40
0.895457614710188
40
0.92530877082035
40
0.955160095810873
40
0.985011589976068
40
1
40
1
40
1
40
1
41
1
10
111.23260359909
20
12.2527046792547
30
0
41
1
10
111.191346056502
20
12.2452518471099
30
0
41
1
10
111.108830750093
20
12.2303461428563
30
0
41
1
10
110.985057385906
20
12.2067547343773
30
0
41
1
10
110.861283305406
20
12.182263073254
30
0
41
1
10
110.737508503314
20
12.1567844516777
30
0
41
1
10
110.613732981046
20
12.1303446293957
30
0
41
1
10
110.489956738221
20
12.1029393277214
30
0
41
1
10
110.366179774943
20
12.0745724140148
30
0
41
1
10
110.242402091184
20
12.0452456698621
30
0
41
1
10
110.118623686951
20
12.014961532462
30
0
41
1
10
109.994844562241
20
11.9837223598235
30
0
41
1
10
109.871064717056
20
11.9515306274128
30
0
41
1
10
109.747284151394
20
11.9183888752174
30
0
41
1
10
109.623502865255
20
11.8842997216864
30
0
41
1
10
109.499720858641
20
11.8492658597503
30
0
41
1
10
109.375938131549
20
11.8132900576457
30
0
41
1
10
109.252154683982
20
11.7763751584364
30
0
41
1
10
109.128370515938
20
11.7385240798462
30
0
41
1
10
109.004585627418
20
11.6997398139977
30
0
41
1
10
108.880800018423
20
11.6600254271765
30
0
41
1
10
108.75701368895
20
11.6193840595883
30
0
41
1
10
108.633226639002
20
11.5778189251187
30
0
41
1
10
108.509438868577
20
11.5353333110866
30
0
41
1
10
108.385650377676
20
11.4919305779786
30
0
41
1
10
108.261861166296
20
11.4476141591797
30
0
41
1
10
108.138071234445
20
11.4023875607112
30
0
41
1
10
108.014280582101
20
11.3562543609423
30
0
41
1
10
107.890489209342
20
11.3092182104021
30
0
41
1
10
107.766697115879
20
11.2612828312103
30
0
41
1
10
107.642904302788
20
11.2124520178737
30
0
41
1
10
107.51911076606
20
11.1627296328454
30
0
41
1
10
107.39531652065
20
11.112119621607
30
0
41
1
10
107.271521510744
20
11.0606259548929
30
0
41
1
10
107.168272151128
20
11.0169451474739
30
0
41
1
10
107.106287509004
20
10.9903927161501
30
0
41
1
10
107.085568248094
20
10.9814805107252
30
0
0
SPLINE
5
1A3
100
AcDbEntity
8
1
62
256
6
ByLayer
370
18
48
1
60
0
100
AcDbSpline
70
4
71
3
72
16
73
12
40
0
40
0
40
0
40
0
40
0.324894491350373
40
0.324894491350373
40
0.662447245675181
40
0.662447245675181
40
0.831223622837591
40
0.915611811418798
40
0.957805905709399
40
0.957805905709399
40
1
40
1
40
1
40
1
41
1
10
72.120613413101
20
-12.4025822597901
30
0
41
1
10
71.6496544241445
20
-12.4553843177657
30
0
41
1
10
71.1792776514002
20
-12.4867999547172
30
0
41
1
10
70.2191995116459
20
-12.5068681160106
30
0
41
1
10
69.7294586661934
20
-12.4938648888973
30
0
41
1
10
68.9921958683796
20
-12.4389504718323
30
0
41
1
10
68.6229004869936
20
-12.4027076430155
30
0
41
1
10
68.1904743401687
20
-12.3448181138738
30
0
41
1
10
68.0047631407925
20
-12.3166447421246
30
0
41
1
10
67.8808647248003
20
-12.2971125377622
30
0
41
1
10
67.8188538603062
20
-12.2869685615309
30
0
41
1
10
67.7568696410662
20
-12.2764613026566
30
0
0
SPLINE
5
1A4
100
AcDbEntity
8
1
62
256
6
ByLayer
370
18
48
1
60
0
100
AcDbSpline
70
4
71
3
72
19
73
15
40
0
40
0
40
0
40
0
40
0.249999999999978
40
0.249999999999978
40
0.499999999999956
40
0.499999999999956
40
0.624999999999969
40
0.624999999999969
40
0.749999999999982
40
0.874999999999995
40
0.874999999999995
40
0.937499999999998
40
0.937499999999998
40
1
40
1
40
1
40
1
41
1
10
67.4719304739581
20
-11.8841697835021
30
0
41
1
10
67.5031158033192
20
-11.9064629254605
30
0
41
1
10
67.5327879072789
20
-11.9313255104255
30
0
41
1
10
67.5890736131586
20
-11.9860554497206
30
0
41
1
10
67.6156631031302
20
-12.015967693638
30
0
41
1
10
67.6528002134944
20
-12.0652305834349
30
0
41
1
10
67.6647748749174
20
-12.0824715687264
30
0
41
1
10
67.6872870558735
20
-12.1180165242279
30
0
41
1
10
67.7084171914867
20
-12.1546670762375
30
0
41
1
10
67.7265938119787
20
-12.193671907553
30
0
41
1
10
67.7389552420798
20
-12.2239400489271
30
0
41
1
10
67.7428643730435
20
-12.2341980826473
30
0
41
1
10
67.7502280086113
20
-12.2550772240097
30
0
41
1
10
67.753686935228
20
-12.2657162404852
30
0
41
1
10
67.7568696410662
20
-12.2764613026565
30
0
0
SPLINE
5
1A5
100
AcDbEntity
8
1
62
256
6
ByLayer
370
18
48
1
60
0
100
AcDbSpline
70
4
71
3
72
30
73
26
40
0
40
0
40
0
40
0
40
0.062499999999993
40
0.062499999999993
40
0.124999999999986
40
0.124999999999986
40
0.187499999999979
40
0.187499999999979
40
0.218749999999986
40
0.218749999999986
40
0.249999999999993
40
0.249999999999993
40
0.375
40
0.375
40
0.406250000000003
40
0.406250000000003
40
0.437500000000005
40
0.437500000000005
40
0.468750000000007
40
0.468750000000007
40
0.500000000000009
40
0.500000000000009
40
0.750000000000005
40
0.750000000000005
40
1
40
1
40
1
40
1
41
1
10
67.4719304739581
20
-11.8841697835021
30
0
41
1
10
67.4508901629155
20
-11.8691289084961
30
0
41
1
10
67.4295080890692
20
-11.8554926532595
30
0
41
1
10
67.3861403804707
20
-11.8308258920747
30
0
41
1
10
67.3641502765252
20
-11.8198158286815
30
0
41
1
10
67.3195767944162
20
-11.800504095456
30
0
41
1
10
67.2969956472079
20
-11.7921914871999
30
0
41
1
10
67.2626823192652
20
-11.7818406515633
30
0
41
1
10
67.2511703380009
20
-11.7787462154085
30
0
41
1
10
67.2279916672553
20
-11.7733161636758
30
0
41
1
10
67.2163663240964
20
-11.770990166879
30
0
41
1
10
67.1584869959204
20
-11.7614124682313
30
0
41
1
10
67.1125708737169
20
-11.7601064007422
30
0
41
1
10
67.0558492069719
20
-11.7682830145489
30
0
41
1
10
67.044504608182
20
-11.7704188425687
30
0
41
1
10
67.0220657419356
20
-11.7757960646216
30
0
41
1
10
67.0110173845045
20
-11.7791132375851
30
0
41
1
10
66.9891725661749
20
-11.7866721974478
30
0
41
1
10
66.9783368962908
20
-11.7907679287249
30
0
41
1
10
66.9566131718569
20
-11.7987490662401
30
0
41
1
10
66.9457449976722
20
-11.8027085476745
30
0
41
1
10
66.8479449646006
20
-11.8383269595524
30
0
41
1
10
66.7610482437462
20
-11.8696459731771
30
0
41
1
10
66.5872531607405
20
-11.9313146475014
30
0
41
1
10
66.5003657294061
20
-11.9617052459378
30
0
41
1
10
66.4134856191561
20
-11.9916391073419
30
0
0
SPLINE
5
1A6
100
AcDbEntity
8
1
62
256
6
ByLayer
370
18
48
1
60
0
100
AcDbSpline
70
4
71
3
72
8
73
4
40
0
40
0
40
0
40
0
40
1
40
1
40
1
40
1
41
1
10
66.4134856191562
20
-11.9916391073419
30
0
41
1
10
66.205542767697
20
-11.9387604409589
30
0
41
1
10
65.9975373515011
20
-11.8818507119647
30
0
41
1
10
65.7893765008861
20
-11.8209202116079
30
0
0
SPLINE
5
1A7
100
AcDbEntity
8
1
62
256
6
ByLayer
370
18
48
1
60
0
100
AcDbSpline
70
4
71
3
72
8
73
4
40
0
40
0
40
0
40
0
40
1
40
1
40
1
40
1
41
1
10
65.7893704721864
20
-11.8209238024936
30
0
41
1
10
65.7893339224795
20
-11.8209131042874
30
0
41
1
10
65.7892973727703
20
-11.8209024059579
30
0
41
1
10
65.7892608230586
20
-11.820891707505
30
0
0
SPLINE
5
1A8
100
AcDbEntity
8
1
62
256
6
ByLayer
370
18
48
1
60
0
100
AcDbSpline
70
4
71
3
72
65
73
61
40
0
40
0
40
0
40
0
40
0.0312500000000002
40
0.0468749999999998
40
0.0468749999999998
40
0.0624999999999993
40
0.0624999999999993
40
0.124999999999998
40
0.124999999999998
40
0.249999999999993
40
0.249999999999993
40
0.312499999999991
40
0.312499999999991
40
0.328124999999991
40
0.328124999999991
40
0.335937499999991
40
0.335937499999991
40
0.343749999999992
40
0.343749999999992
40
0.374999999999995
40
0.374999999999995
40
0.4375
40
0.4375
40
0.468750000000002
40
0.468750000000002
40
0.484375000000003
40
0.484375000000003
40
0.500000000000003
40
0.500000000000003
40
0.531250000000005
40
0.531250000000005
40
0.562500000000006
40
0.562500000000006
40
0.578125000000006
40
0.578125000000006
40
0.593750000000006
40
0.593750000000006
40
0.625000000000007
40
0.625000000000007
40
0.687500000000007
40
0.687500000000007
40
0.750000000000008
40
0.750000000000008
40
0.812500000000008
40
0.812500000000008
40
0.843750000000008
40
0.843750000000008
40
0.859375000000008
40
0.859375000000008
40
0.867187500000008
40
0.867187500000008
40
0.875000000000007
40
0.875000000000007
40
0.937500000000003
40
0.937500000000003
40
0.953125000000003
40
0.953125000000003
40
0.968750000000002
40
0.968750000000002
40
1
40
1
40
1
40
1
41
1
10
65.7892668524239
20
-11.8208881161767
30
0
41
1
10
65.5479733189544
20
-11.7502577701359
30
0
41
1
10
65.1862393560544
20
-11.6363465772893
30
0
41
1
10
64.8244864799127
20
-11.5106154936195
30
0
41
1
10
64.5832769433434
20
-11.424181712448
30
0
41
1
10
64.4625907016917
20
-11.3796355934219
30
0
41
1
10
63.8597459160978
20
-11.1507164806962
30
0
41
1
10
63.3800290098966
20
-10.9479800357948
30
0
41
1
10
61.944911722815
20
-10.2845833703589
30
0
41
1
10
60.9935941013626
20
-9.76863740167821
30
0
41
1
10
59.5611753361463
20
-8.89385533870762
30
0
41
1
10
59.0827986368885
20
-8.58544197373726
30
0
41
1
10
58.4822454263047
20
-8.17962203684678
30
0
41
1
10
58.3620052789496
20
-8.09744073738275
30
0
41
1
10
58.1814226829089
20
-7.97266152967151
30
0
41
1
10
58.1211914967759
20
-7.93081907395794
30
0
41
1
10
58.0006503418603
20
-7.84663479565671
30
0
41
1
10
57.9403192864305
20
-7.80427678945085
30
0
41
1
10
57.6387806372316
20
-7.5914612150429
30
0
41
1
10
57.3978895690555
20
-7.41791777683594
30
0
41
1
10
56.6757812238784
20
-6.88792541205723
30
0
41
1
10
56.195130070144
20
-6.52212433192207
30
0
41
1
10
55.4735502771439
20
-5.95632004268666
30
0
41
1
10
55.2329212411304
20
-5.76488946299219
30
0
41
1
10
54.8716088613105
20
-5.47363994471556
30
0
41
1
10
54.7511095477778
20
-5.37587627952931
30
0
41
1
10
54.5099499610589
20
-5.17902452107816
30
0
41
1
10
54.3892789914375
20
-5.07992723393346
30
0
41
1
10
54.0274031230823
20
-4.78106030511532
30
0
41
1
10
53.7861593815487
20
-4.57957201063309
30
0
41
1
10
53.3036128759448
20
-4.17258943515026
30
0
41
1
10
53.0624081131432
20
-3.96717955016197
30
0
41
1
10
52.7004853177508
20
-3.65641329644799
30
0
41
1
10
52.5799266158439
20
-3.55246980891331
30
0
41
1
10
52.3392167775918
20
-3.34415697392203
30
0
41
1
10
52.2190229722412
20
-3.23975004432077
30
0
41
1
10
51.8588718508782
20
-2.92583690329127
30
0
41
1
10
51.6193422346506
20
-2.71564181372292
30
0
41
1
10
50.9020055344005
20
-2.08282500308621
30
0
41
1
10
50.4254489018471
20
-1.65797389826039
30
0
41
1
10
49.4733816181596
20
-0.804918460912518
30
0
41
1
10
48.9978810221544
20
-0.37670122755344
30
0
41
1
10
48.0457193541048
20
0.480631324257246
30
0
41
1
10
47.5690533512766
20
0.909734530010809
30
0
41
1
10
46.8514646217838
20
1.55214522870412
30
0
41
1
10
46.6118348038003
20
1.76607351894088
30
0
41
1
10
46.2515235554371
20
2.08640516939778
30
0
41
1
10
46.131274861938
20
2.19308966236193
30
0
41
1
10
45.9506548267942
20
2.35294535199495
30
0
41
1
10
45.8904070151152
20
2.40620204871649
30
0
41
1
10
45.7698243190652
20
2.51265297053095
30
0
41
1
10
45.709487635954
20
2.56584871984742
30
0
41
1
10
45.1667335631953
20
3.04369901380357
30
0
41
1
10
44.6850190813787
20
3.46306596187904
30
0
41
1
10
44.0823337349316
20
3.97898434767842
30
0
41
1
10
43.9617695967152
20
4.0817531367554
30
0
41
1
10
43.7205505530847
20
4.28642042325555
30
0
41
1
10
43.5998830165974
20
4.38832889818121
30
0
41
1
10
43.2385688456975
20
4.69195156156715
30
0
41
1
10
42.9983203919858
20
4.89180708458062
30
0
41
1
10
42.7585454571822
20
5.08899366619468
30
0
0
SPLINE
5
1A9
100
AcDbEntity
8
1
62
256
6
ByLayer
370
18
48
1
60
0
100
AcDbSpline
70
4
71
3
72
19
73
15
40
0
40
0
40
0
40
0
40
0.250000000000007
40
0.250000000000007
40
0.500000000000013
40
0.500000000000013
40
0.625000000000017
40
0.625000000000017
40
0.750000000000021
40
0.875000000000024
40
0.875000000000024
40
0.937500000000012
40
0.937500000000012
40
1
40
1
40
1
40
1
41
1
10
57.4718416113514
20
11.5972043709699
30
0
41
1
10
57.5030233314127
20
11.6216883393772
30
0
41
1
10
57.5326917530222
20
11.6485994760131
30
0
41
1
10
57.5889699398089
20
11.7071624377421
30
0
41
1
10
57.6155555655484
20
11.7388564384642
30
0
41
1
10
57.6526867949382
20
11.7905672344965
30
0
41
1
10
57.6646594756711
20
11.8085902476047
30
0
41
1
10
57.6871677599167
20
11.8455897795241
30
0
41
1
10
57.7082940475059
20
11.8835891512939
30
0
41
1
10
57.7264669053086
20
11.923718876496
30
0
41
1
10
57.738825580396
20
11.9547339693403
30
0
41
1
10
57.7427338051585
20
11.9652249134234
30
0
41
1
10
57.7500956579539
20
11.9865352283891
30
0
41
1
10
57.7535537195244
20
11.9973727783737
30
0
41
1
10
57.7567355972497
20
12.0082958298532
30
0
0
SPLINE
5
1AA
100
AcDbEntity
8
1
62
256
6
ByLayer
370
18
48
1
60
0
100
AcDbSpline
70
4
71
3
72
30
73
26
40
0
40
0
40
0
40
0
40
0.0625000000000009
40
0.0625000000000009
40
0.125000000000002
40
0.125000000000002
40
0.187500000000003
40
0.187500000000003
40
0.218750000000004
40
0.218750000000004
40
0.250000000000004
40
0.250000000000004
40
0.374999999999986
40
0.374999999999986
40
0.406249999999987
40
0.406249999999987
40
0.437499999999988
40
0.437499999999988
40
0.468749999999988
40
0.468749999999988
40
0.499999999999989
40
0.499999999999989
40
0.749999999999995
40
0.749999999999995
40
1
40
1
40
1
40
1
41
1
10
57.4718416113514
20
11.5972043709699
30
0
41
1
10
57.4507987874542
20
11.5806814904332
30
0
41
1
10
57.4294139434951
20
11.5655236732246
30
0
41
1
10
57.3860402635285
20
11.5377368565992
30
0
41
1
10
57.3640469554097
20
11.5251276644173
30
0
41
1
10
57.319466628065
20
11.5025339252348
30
0
41
1
10
57.2968818410373
20
11.4925387985598
30
0
41
1
10
57.2625627164652
20
11.4795962211783
30
0
41
1
10
57.251048745984
20
11.4756264564867
30
0
41
1
10
57.2278659751951
20
11.4684210206763
30
0
41
1
10
57.2162389597479
20
11.4651982542364
30
0
41
1
10
57.1583504607969
20
11.4511216327701
30
0
41
1
10
57.1124265618923
20
11.4461390224527
30
0
41
1
10
57.0556946109383
20
11.4495937042311
30
0
41
1
10
57.0443477339378
20
11.4507760273081
30
0
41
1
10
57.0219059637357
20
11.4542462723172
30
0
41
1
10
57.0108563283562
20
11.4566128468518
30
0
41
1
10
56.9890084075431
20
11.4622718325647
30
0
41
1
10
56.9781708965513
20
11.465417550565
30
0
41
1
10
56.9564434359216
20
11.4714972243133
30
0
41
1
10
56.9455734067523
20
11.4745056981304
30
0
41
1
10
56.8477568146819
20
11.5015636848808
30
0
41
1
10
56.7608453546039
20
11.5252592150368
30
0
41
1
10
56.5870209369802
20
11.5716519025417
30
0
41
1
10
56.50011888187
20
11.5943900576142
30
0
41
1
10
56.4132241890825
20
11.6166569066849
30
0
0
SPLINE
5
1AB
100
AcDbEntity
8
1
62
256
6
ByLayer
370
18
48
1
60
0
100
AcDbSpline
70
4
71
3
72
12
73
8
40
0
40
0
40
0
40
0
40
0.605052221754962
40
0.605052221754962
40
0.907578332632443
40
0.907578332632443
40
1
40
1
40
1
40
1
41
1
10
56.4132241890825
20
11.6166569066848
30
0
41
1
10
56.0074510492707
20
11.4817577537834
30
0
41
1
10
55.6017923449566
20
11.3320011015709
30
0
41
1
10
54.9924244788111
20
11.0855085271613
30
0
41
1
10
54.7891559461472
20
10.9996777957722
30
0
41
1
10
54.5234809897806
20
10.8829079111427
30
0
41
1
10
54.461289769124
20
10.855245421637
30
0
41
1
10
54.3990981474055
20
10.8272574573106
30
0
0
SPLINE
5
1AC
100
AcDbEntity
8
1
62
256
6
ByLayer
370
18
48
1
60
0
100
AcDbSpline
70
4
71
5
72
40
73
34
40
0
40
0
40
0
40
0
40
0
40
0
40
0.0338740412511763
40
0.0755296697084085
40
0.103300088679896
40
0.144955717137128
40
0.18661134559436
40
0.214381764565848
40
0.242152183537337
40
0.283807811994569
40
0.325463440451801
40
0.353233859423289
40
0.394889487880521
40
0.422659906852009
40
0.464315535309241
40
0.492085954280729
40
0.533741582737961
40
0.575397211195193
40
0.603167630166681
40
0.644823258623913
40
0.672593677595401
40
0.714249306052633
40
0.742019725024121
40
0.783675353481353
40
0.825330981938585
40
0.853101400910073
40
0.880871819881561
40
0.922527448338793
40
0.964183076796025
40
0.991953495767513
40
1
40
1
40
1
40
1
40
1
40
1
41
1
10
55.2435191727874
20
10.5246510649335
30
0
41
1
10
55.4282394369552
20
10.5954689414235
30
0
41
1
10
55.8401141358607
20
10.7481796603691
30
0
41
1
10
56.4034251245915
20
10.9410233061115
30
0
41
1
10
57.19389054806
20
11.1801848898692
30
0
41
1
10
58.2115104062663
20
11.4297966542819
30
0
41
1
10
59.19584629013
20
11.6105310740576
30
0
41
1
10
60.1044640290811
20
11.7255623999527
30
0
41
1
10
61.0887999129448
20
11.793472834939
30
0
41
1
10
62.0731357968085
20
11.8044066269078
30
0
41
1
10
62.9817535357596
20
11.7618389331394
30
0
41
1
10
63.9660894196233
20
11.6588754656989
30
0
41
1
10
64.9504253034871
20
11.4939709169216
30
0
41
1
10
65.9347611873507
20
11.2735733243858
30
0
41
1
10
66.8433789263019
20
11.0197875741769
30
0
41
1
10
67.8277148101655
20
10.6916782301809
30
0
41
1
10
68.8120506940292
20
10.311817424219
30
0
41
1
10
69.796386577893
20
9.87710027632079
30
0
41
1
10
70.7807224617567
20
9.39464416235816
30
0
41
1
10
71.7650583456203
20
8.86233095974339
30
0
41
1
10
72.7493942294841
20
8.2873305215175
30
0
41
1
10
73.6580119684351
20
7.71945973342193
30
0
41
1
10
74.6423478522989
20
7.06712149855076
30
0
41
1
10
75.6266837361625
20
6.38046818793788
30
0
41
1
10
76.6110196200263
20
5.6598105937413
30
0
41
1
10
77.5196373589774
20
4.96933692290389
30
0
41
1
10
78.5039732428411
20
4.19768834815724
30
0
41
1
10
79.4883091267048
20
3.40575989529125
30
0
41
1
10
80.3969268656558
20
2.65919150362043
30
0
41
1
10
81.1979871179169
20
1.99053843408396
30
0
41
1
10
81.8476110803527
20
1.44332227498734
30
0
41
1
10
82.2700806080509
20
1.08603811209289
30
0
41
1
10
82.4653957010112
20
0.920625446297379
30
0
41
1
10
82.5092745041463
20
0.883453385381415
30
0
0
SPLINE
5
1AD
100
AcDbEntity
8
1
62
256
6
ByLayer
370
18
48
1
60
0
100
AcDbSpline
70
4
71
3
72
30
73
26
40
0
40
0
40
0
40
0
40
0.062500000000066
40
0.062500000000066
40
0.125000000000132
40
0.125000000000132
40
0.187500000000198
40
0.187500000000198
40
0.218750000000231
40
0.218750000000231
40
0.250000000000264
40
0.250000000000264
40
0.375000000000267
40
0.375000000000267
40
0.406250000000246
40
0.406250000000246
40
0.437500000000225
40
0.437500000000225
40
0.468750000000204
40
0.468750000000204
40
0.500000000000184
40
0.500000000000184
40
0.750000000000092
40
0.750000000000092
40
1
40
1
40
1
40
1
41
1
10
107.471509917204
20
-12.0152896120732
30
0
41
1
10
107.450467610239
20
-12.0072883297485
30
0
41
1
10
107.429083626895
20
-12.0007312431296
30
0
41
1
10
107.385712205377
20
-11.9903099110072
30
0
41
1
10
107.363720295259
20
-11.9864669266908
30
0
41
1
10
107.319143314704
20
-11.9815948445716
30
0
41
1
10
107.296560485648
20
-11.9805542538834
30
0
41
1
10
107.262244700559
20
-11.9812038932213
30
0
41
1
10
107.250731909164
20
-11.9817918183889
30
0
41
1
10
107.227551642769
20
-11.9837611421189
30
0
41
1
10
107.215925683835
20
-11.9851389385014
30
0
41
1
10
107.158043258154
20
-11.9939699557814
30
0
41
1
10
107.11212532859
20
-12.0071725160878
30
0
41
1
10
107.05540239868
20
-12.0331792937437
30
0
41
1
10
107.044057576597
20
-12.0388762554157
30
0
41
1
10
107.02161858107
20
-12.0512854882054
30
0
41
1
10
107.010570427699
20
-12.0580586246734
30
0
41
1
10
106.988725014288
20
-12.0724365851694
30
0
41
1
10
106.977888542655
20
-12.0799097121819
30
0
41
1
10
106.956163146205
20
-12.0946676612751
30
0
41
1
10
106.945294156926
20
-12.1020194556018
30
0
41
1
10
106.847486978853
20
-12.1681779120517
30
0
41
1
10
106.760583819987
20
-12.2267261089955
30
0
41
1
10
106.586775966567
20
-12.3430478494582
30
0
41
1
10
106.499882160501
20
-12.4008581377164
30
0
41
1
10
106.412995685399
20
-12.4583063926806
30
0
0
SPLINE
5
1AE
100
AcDbEntity
8
1
62
256
6
ByLayer
370
18
48
1
60
0
100
AcDbSpline
70
4
71
3
72
19
73
15
40
0
40
0
40
0
40
0
40
0.250000000000056
40
0.250000000000056
40
0.500000000000111
40
0.500000000000111
40
0.625000000000097
40
0.625000000000097
40
0.750000000000083
40
0.875000000000069
40
0.875000000000069
40
0.937500000000035
40
0.937500000000035
40
1
40
1
40
1
40
1
41
1
10
82.4713820092032
20
0.917186781810699
30
0
41
1
10
82.5025616682347
20
0.889515336370948
30
0
41
1
10
82.5322284021672
20
0.862901831714424
30
0
41
1
10
82.5885039354314
20
0.811595559551904
30
0
41
1
10
82.6150886112896
20
0.786924218328636
30
0
41
1
10
82.6522190475674
20
0.751526137249442
30
0
41
1
10
82.6641915795251
20
0.739941158919521
30
0
41
1
10
82.6866999302396
20
0.717754254564056
30
0
41
1
10
82.7078265240145
20
0.696501583426823
30
0
41
1
10
82.7260003102435
20
0.67722470280907
30
0
41
1
10
82.7383599548788
20
0.663620621032976
30
0
41
1
10
82.7422685463116
20
0.65922776382385
30
0
41
1
10
82.749631235581
20
0.650747837902969
30
0
41
1
10
82.7530897718816
20
0.646654938354487
30
0
41
1
10
82.7562721804185
20
0.642763991931474
30
0
0
SPLINE
5
1AF
100
AcDbEntity
8
1
62
256
6
ByLayer
370
18
48
1
60
0
100
AcDbSpline
70
4
71
3
72
8
73
4
40
0
40
0
40
0
40
0
40
1
40
1
40
1
40
1
41
1
10
65.7893704721878
20
11.9520258490562
30
0
41
1
10
65.7893339224879
20
11.9520354867296
30
0
41
1
10
65.7892973727856
20
11.9520451242795
30
0
41
1
10
65.7892608230809
20
11.952054761706
30
0
0
SPLINE
5
1B0
100
AcDbEntity
8
1
62
256
6
ByLayer
370
18
48
1
60
0
100
AcDbSpline
70
4
71
3
72
19
73
15
40
0
40
0
40
0
40
0
40
0.249999999999986
40
0.249999999999986
40
0.499999999999972
40
0.499999999999972
40
0.624999999999965
40
0.624999999999965
40
0.749999999999958
40
0.874999999999951
40
0.874999999999951
40
0.937499999999976
40
0.937499999999976
40
1
40
1
40
1
40
1
41
1
10
102.471514548818
20
-1.94791553430349
30
0
41
1
10
102.502712476001
20
-1.97920435117618
30
0
41
1
10
102.532396327624
20
-2.01010626657009
30
0
41
1
10
102.588703708602
20
-2.07128820071529
30
0
41
1
10
102.615303140388
20
-2.10155871109123
30
0
41
1
10
102.652453234355
20
-2.14649139242579
30
0
41
1
10
102.664431794149
20
-2.16146123716047
30
0
41
1
10
102.686949811334
20
-2.19072667436458
30
0
41
1
10
102.708084855679
20
-2.21937517108071
30
0
41
1
10
102.726263920726
20
-2.24672241652044
30
0
41
1
10
102.7386259765
20
-2.26666998382035
30
0
41
1
10
102.74253512003
20
-2.27322566384956
30
0
41
1
10
102.749898302496
20
-2.2861352628116
30
0
41
1
10
102.75335660742
20
-2.29249861047052
30
0
41
1
10
102.7565383022
20
-2.298696814105
30
0
0
SPLINE
5
1B1
100
AcDbEntity
8
1
62
256
6
ByLayer
370
18
48
1
60
0
100
AcDbSpline
70
4
71
3
72
30
73
26
40
0
40
0
40
0
40
0
40
0.0624999999999891
40
0.0624999999999891
40
0.124999999999978
40
0.124999999999978
40
0.187499999999967
40
0.187499999999967
40
0.218749999999962
40
0.218749999999962
40
0.249999999999956
40
0.249999999999956
40
0.374999999999891
40
0.374999999999891
40
0.406249999999896
40
0.406249999999896
40
0.437499999999902
40
0.437499999999902
40
0.468749999999907
40
0.468749999999907
40
0.499999999999912
40
0.499999999999912
40
0.749999999999956
40
0.749999999999956
40
1
40
1
40
1
40
1
41
1
10
102.471514548818
20
-1.94791553430349
30
0
41
1
10
102.450473194701
20
-1.92681287988862
30
0
41
1
10
102.429090220538
20
-1.90587843311005
30
0
41
1
10
102.385720928154
20
-1.86428697559157
30
0
41
1
10
102.363730139289
20
-1.84363184025838
30
0
41
1
10
102.319155517433
20
-1.80257120031752
30
0
41
1
10
102.296573923432
20
-1.78216487195542
30
0
41
1
10
102.262260088221
20
-1.75172518529303
30
0
41
1
10
102.250747963612
20
-1.7416071675693
30
0
41
1
10
102.227569066188
20
-1.72142798481917
30
0
41
1
10
102.215943702127
20
-1.71140282987162
30
0
41
1
10
102.158064408537
20
-1.66195815474708
30
0
41
1
10
102.112149010013
20
-1.62419411161252
30
0
41
1
10
102.055429240801
20
-1.57967360923831
30
0
41
1
10
102.044085102129
20
-1.57087890388945
30
0
41
1
10
102.021647024512
20
-1.55373696478227
30
0
41
1
10
102.010599230152
20
-1.54544491230433
30
0
41
1
10
101.988754861705
20
-1.52926931205479
30
0
41
1
10
101.977919082243
20
-1.521320485681
30
0
41
1
10
101.9561950988
20
-1.50532471196468
30
0
41
1
10
101.945326808828
20
-1.49731093663075
30
0
41
1
10
101.847525852085
20
-1.4251616726574
30
0
41
1
10
101.760628251836
20
-1.36074882339852
30
0
41
1
10
101.586831471163
20
-1.23123358327223
30
0
41
1
10
101.499943194889
20
-1.16614950436883
30
0
41
1
10
101.41306224429
20
-1.10073246356748
30
0
0
SPLINE
5
1B2
100
AcDbEntity
8
1
62
256
6
ByLayer
370
18
48
1
60
0
100
AcDbSpline
70
4
71
3
72
19
73
15
40
0
40
0
40
0
40
0
40
0.249999999999998
40
0.249999999999998
40
0.499999999999996
40
0.499999999999996
40
0.624999999999995
40
0.624999999999995
40
0.749999999999994
40
0.874999999999993
40
0.874999999999993
40
0.937499999999996
40
0.937499999999996
40
1
40
1
40
1
40
1
41
1
10
77.471823216461
20
12.1311440433538
30
0
41
1
10
77.5030072239412
20
12.1496271577335
30
0
41
1
10
77.5326782333502
20
12.1708579697727
30
0
41
1
10
77.5889621326992
20
12.2186513699584
30
0
41
1
10
77.6155509313416
20
12.2452623551027
30
0
41
1
10
77.6526872582505
20
12.2898493630424
30
0
41
1
10
77.6646616865819
20
12.3055707224012
30
0
41
1
10
77.6871734023527
20
12.3382293704389
30
0
41
1
10
77.7083031451347
20
12.3721400390529
30
0
41
1
10
77.7264795599212
20
12.4087147831278
30
0
41
1
10
77.7388408900238
20
12.4372941976936
30
0
41
1
10
77.7427499952494
20
12.4470115640506
30
0
41
1
10
77.7501135952904
20
12.4668573177249
30
0
41
1
10
77.7535724846451
20
12.477002867926
30
0
41
1
10
77.7567551395531
20
12.4872847462263
30
0
0
SPLINE
5
1B3
100
AcDbEntity
8
1
62
256
6
ByLayer
370
18
48
1
60
0
100
AcDbSpline
70
4
71
3
72
30
73
26
40
0
40
0
40
0
40
0
40
0.0624999999999648
40
0.0624999999999648
40
0.12499999999993
40
0.12499999999993
40
0.187499999999894
40
0.187499999999894
40
0.218749999999856
40
0.218749999999856
40
0.249999999999817
40
0.249999999999817
40
0.374999999999747
40
0.374999999999747
40
0.40624999999974
40
0.40624999999974
40
0.437499999999732
40
0.437499999999732
40
0.468749999999725
40
0.468749999999725
40
0.499999999999718
40
0.499999999999718
40
0.749999999999859
40
0.749999999999859
40
1
40
1
40
1
40
1
41
1
10
77.4718232164524
20
12.131144043342
30
0
41
1
10
77.4507843894777
20
12.1186740923317
30
0
41
1
10
77.4294039187105
20
12.1076473938341
30
0
41
1
10
77.3860396323936
20
12.0882767525852
30
0
41
1
10
77.3640513487652
20
12.0799539056404
30
0
41
1
10
77.3194817398084
20
12.0661025392045
30
0
41
1
10
77.296902644882
20
12.0605627035901
30
0
41
1
10
77.2625925843582
20
12.054442082202
30
0
41
1
10
77.2510817241283
20
12.0527696516548
30
0
41
1
10
77.2279053654415
20
12.0502096632717
30
0
41
1
10
77.2162811069379
20
12.0493265991496
30
0
41
1
10
77.1584073959664
20
12.0469524961507
30
0
41
1
10
77.1124959570027
20
12.0514241641971
30
0
41
1
10
77.0557803280325
20
12.0668571663106
30
0
41
1
10
77.04443703346
20
12.0704502442999
30
0
41
1
10
77.0220000533331
20
12.0787235298294
30
0
41
1
10
77.0109525196785
20
12.0834741860217
30
0
41
1
10
76.9891096158914
20
12.0938803603573
30
0
41
1
10
76.9782750545935
20
12.0993932517348
30
0
41
1
10
76.9565535889243
20
12.1102143337754
30
0
41
1
10
76.9456865378452
20
12.1155947939111
30
0
41
1
10
76.8478965337519
20
12.1640049010444
30
0
41
1
10
76.7610087604791
20
12.2067220940947
30
0
41
1
10
76.5872315400682
20
12.2912491875653
30
0
41
1
10
76.5003530390591
20
12.3330991299872
30
0
41
1
10
76.4134818602906
20
12.3745228837201
30
0
0
SPLINE
5
1B4
100
AcDbEntity
8
1
62
256
6
ByLayer
370
18
48
1
60
0
100
AcDbSpline
70
4
71
3
72
19
73
15
40
0
40
0
40
0
40
0
40
0.286450878453137
40
0.286450878453137
40
0.322257238259774
40
0.322257238259774
40
0.35806359806641
40
0.35806359806641
40
0.429676317679672
40
0.572901756906196
40
0.572901756906196
40
0.859352635359244
40
0.859352635359244
40
1
40
1
40
1
40
1
41
1
10
76.4134818602906
20
12.3745228837201
30
0
41
1
10
75.9698003255865
20
12.3180714014721
30
0
41
1
10
75.5257934429917
20
12.2426423247112
30
0
41
1
10
75.024881269799
20
12.1363434686861
30
0
41
1
10
74.9692047754449
20
12.1242369597966
30
0
41
1
10
74.8578089945777
20
12.0994318812751
30
0
41
1
10
74.8020887284709
20
12.0867328134205
30
0
41
1
10
74.6350967360415
20
12.047803041269
30
0
41
1
10
74.3015496573951
20
11.9665611353884
30
0
41
1
10
73.9691826648935
20
11.8752603059692
30
0
41
1
10
73.3056692049515
20
11.6795275557414
30
0
41
1
10
72.8649463647069
20
11.5315850986441
30
0
41
1
10
72.2089142024455
20
11.2857558429492
30
0
41
1
10
71.9930485257773
20
11.2007515092866
30
0
41
1
10
71.777250869739
20
11.1117530496932
30
0
0
SPLINE
5
1B5
100
AcDbEntity
8
1
62
256
6
ByLayer
370
18
48
1
60
0
100
AcDbSpline
70
4
71
5
72
39
73
33
40
0
40
0
40
0
40
0
40
0
40
0
40
0.0040572254445348
40
0.0329838827085808
40
0.0763738686046496
40
0.105300525868696
40
0.148690511764764
40
0.192080497660833
40
0.221007154924879
40
0.249933812188925
40
0.293323798084994
40
0.336713783981063
40
0.365640441245109
40
0.409030427141177
40
0.452420413037246
40
0.481347070301293
40
0.510273727565338
40
0.553663713461407
40
0.597053699357476
40
0.625980356621522
40
0.669370342517591
40
0.698296999781637
40
0.741686985677706
40
0.770613642941752
40
0.81400362883782
40
0.857393614733889
40
0.886320271997935
40
0.929710257894004
40
0.95863691515805
40
1
40
1
40
1
40
1
40
1
40
1
41
1
10
72.7189108242666
20
10.7990226412793
30
0
41
1
10
72.7401511342926
20
10.8062762207009
30
0
41
1
10
72.9128277341438
20
10.8649885017787
30
0
41
1
10
73.3126587687328
20
10.9960951204293
30
0
41
1
10
73.8639260931469
20
11.1612640087497
30
0
41
1
10
74.6423478522989
20
11.3635488403957
30
0
41
1
10
75.6266837361625
20
11.5644896254644
30
0
41
1
10
76.6110196200263
20
11.7039958924061
30
0
41
1
10
77.5196373589774
20
11.7805534674687
30
0
41
1
10
78.5039732428412
20
11.8065390189341
30
0
41
1
10
79.4883091267048
20
11.775484801983
30
0
41
1
10
80.3969268656559
20
11.6942687508692
30
0
41
1
10
81.3812627495196
20
11.5497628168629
30
0
41
1
10
82.4413167782958
20
11.3280658030022
30
0
41
1
10
83.4256526621597
20
11.0619706672592
30
0
41
1
10
84.3342704011106
20
10.7669913467722
30
0
41
1
10
85.3186062849744
20
10.3955746150289
30
0
41
1
10
86.3029421688381
20
9.97393476816401
30
0
41
1
10
87.2115599077892
20
9.54003687881874
30
0
41
1
10
88.1958957916529
20
9.02387099669915
30
0
41
1
10
89.1802316755167
20
8.45982291953786
30
0
41
1
10
90.1645675593803
20
7.85504019828852
30
0
41
1
10
91.0731852983314
20
7.26159972142037
30
0
41
1
10
92.0575211821951
20
6.58378001978642
30
0
41
1
10
93.0418570660588
20
5.87397481111435
30
0
41
1
10
94.0261929499225
20
5.13285402170115
30
0
41
1
10
95.0105288337863
20
4.36692462064886
30
0
41
1
10
95.99486471765
20
3.5778941460234
30
0
41
1
10
96.9685894073934
20
2.78046205657949
30
0
41
1
10
97.715159662399
20
2.15889170844079
30
0
41
1
10
98.3102936275796
20
1.65883816597636
30
0
41
1
10
98.6782731580223
20
1.3483568116701
30
0
41
1
10
98.8948163986397
20
1.16529486427856
30
0
0
SPLINE
5
1B6
100
AcDbEntity
8
1
62
256
6
ByLayer
370
18
48
1
60
0
100
AcDbSpline
70
4
71
3
72
12
73
8
40
0
40
0
40
0
40
0
40
0.266737884674285
40
0.266737884674285
40
0.533475769351065
40
0.533475769351065
40
1
40
1
40
1
40
1
41
1
10
113.419759660637
20
-10.1745031225069
30
0
41
1
10
113.422054009906
20
-10.1758018000225
30
0
41
1
10
113.42434828984
20
-10.1771005229807
30
0
41
1
10
113.42893671041
20
-10.1796980602015
30
0
41
1
10
113.43123085105
20
-10.1809968744657
30
0
41
1
10
113.43753724851
20
-10.1845674393496
30
0
41
1
10
113.441549361295
20
-10.1868392844088
30
0
41
1
10
113.445561258404
20
-10.189111270897
30
0
0
SPLINE
5
1B7
100
AcDbEntity
8
1
62
256
6
ByLayer
370
18
48
1
60
0
100
AcDbSpline
70
4
71
3
72
8
73
4
40
0
40
0
40
0
40
0
40
1
40
1
40
1
40
1
41
1
10
113.419759660637
20
-10.1745031225069
30
0
41
1
10
113.419978842994
20
-10.179715856292
30
0
41
1
10
113.420199087653
20
-10.1849322210194
30
0
41
1
10
113.420420389637
20
-10.1901521686592
30
0
0
SPLINE
5
1B8
100
AcDbEntity
8
1
62
256
6
ByLayer
370
18
48
1
60
0
100
AcDbSpline
70
4
71
3
72
8
73
4
40
0
40
0
40
0
40
0
40
1
40
1
40
1
40
1
41
1
10
113.420189079439
20
-10.1900315601463
30
0
41
1
10
112.690993919275
20
-9.80981410326902
30
0
41
1
10
111.961798759161
20
-9.38733845070871
30
0
41
1
10
111.232603599098
20
-8.92782892461605
30
0
0
SPLINE
5
1B9
100
AcDbEntity
8
1
62
256
6
ByLayer
370
18
48
1
60
0
100
AcDbSpline
70
4
71
3
72
73
73
69
40
0
40
0
40
0
40
0
40
0.0074133807760031
40
0.0153838438870551
40
0.0239113892567013
40
0.0329960167936145
40
0.0426377263915625
40
0.0528365179294013
40
0.0635923912710932
40
0.0749053462656935
40
0.086775382747392
40
0.0992025005354846
40
0.112186699434484
40
0.125727979234064
40
0.139826339709188
40
0.154481780620004
40
0.169694301711753
40
0.185463902714764
40
0.201790583344337
40
0.21867434330076
40
0.23611518226938
40
0.254113099920709
40
0.272668095910507
40
0.291780169879785
40
0.311449321454678
40
0.331675550246395
40
0.352458855851326
40
0.373799237851036
40
0.395696695812125
40
0.418151229286036
40
0.441162837809082
40
0.464731520902905
40
0.488857278074957
40
0.503462740911105
40
0.518068120687653
40
0.532673417548834
40
0.547278631638753
40
0.561883763101391
40
0.576488812080666
40
0.591093778720523
40
0.605698663164948
40
0.620303465558035
40
0.634908186043971
40
0.649512824766978
40
0.664117381871277
40
0.678721857501029
40
0.693326251800375
40
0.707930564913422
40
0.722534796984281
40
0.737138948157067
40
0.751743018575882
40
0.766347008384856
40
0.780950917728139
40
0.795554746749927
40
0.810158495594445
40
0.824762164405891
40
0.83936575332837
40
0.853969262505901
40
0.86857269208241
40
0.883176042201833
40
0.897779313008134
40
0.912382504645393
40
0.926985617257816
40
0.941588650989751
40
0.956191605985608
40
0.97079448238978
40
0.985397280346521
40
1
40
1
40
1
40
1
41
1
10
102.756538302044
20
-2.2986968139669
30
0
41
1
10
102.777483693481
20
-2.31723032653483
30
0
41
1
10
102.820948428636
20
-2.35569006206424
30
0
41
1
10
102.888506485202
20
-2.41540128649729
30
0
41
1
10
102.960786416686
20
-2.47922661338401
30
0
41
1
10
103.037788225345
20
-2.54714635063175
30
0
41
1
10
103.119511910525
20
-2.61914565552254
30
0
41
1
10
103.20595747243
20
-2.69520608861302
30
0
41
1
10
103.297124911011
20
-2.77530794679293
30
0
41
1
10
103.39301422629
20
-2.85942941353528
30
0
41
1
10
103.493625418266
20
-2.94754663272408
30
0
41
1
10
103.598958486945
20
-3.03963350505455
30
0
41
1
10
103.709013432329
20
-3.13566155677552
30
0
41
1
10
103.823790254422
20
-3.23559977958135
30
0
41
1
10
103.943288953225
20
-3.33941447106537
30
0
41
1
10
104.067509528741
20
-3.4470690674973
30
0
41
1
10
104.196451980969
20
-3.55852397151625
30
0
41
1
10
104.330116309913
20
-3.6737363742601
30
0
41
1
10
104.468502515572
20
-3.79266007236367
30
0
41
1
10
104.611610597949
20
-3.91524528001619
30
0
41
1
10
104.759440557044
20
-4.04143843637007
30
0
41
1
10
104.911992392858
20
-4.17118200859201
30
0
41
1
10
105.069266105394
20
-4.30441429088171
30
0
41
1
10
105.231261694648
20
-4.44106919980698
30
0
41
1
10
105.39797916063
20
-4.58107606631373
30
0
41
1
10
105.569418503308
20
-4.72435942475451
30
0
41
1
10
105.745579722805
20
-4.87083879958371
30
0
41
1
10
105.926462818653
20
-5.0204284894516
30
0
41
1
10
106.112067792662
20
-5.17303735206008
30
0
41
1
10
106.302394637811
20
-5.3285685790546
30
0
41
1
10
106.497443381306
20
-5.48691950488552
30
0
41
1
10
106.697213917868
20
-5.64798128252681
30
0
41
1
10
106.873234338421
20
-5.78885236699315
30
0
41
1
10
107.023929408062
20
-5.90870962712833
30
0
41
1
10
107.147725847271
20
-6.0067030472822
30
0
41
1
10
107.271521536759
20
-6.10421838411096
30
0
41
1
10
107.395316513606
20
-6.20124793814793
30
0
41
1
10
107.519110767876
20
-6.29778399756896
30
0
41
1
10
107.642904302233
20
-6.3938189036366
30
0
41
1
10
107.766697115963
20
-6.48934503393289
30
0
41
1
10
107.890489209257
20
-6.58435480762128
30
0
41
1
10
108.014280582064
20
-6.67884068480464
30
0
41
1
10
108.138071234398
20
-6.77279516746663
30
0
41
1
10
108.261861166254
20
-6.866210799985
30
0
41
1
10
108.385650377634
20
-6.95908016973732
30
0
41
1
10
108.509438868538
20
-7.05139590767271
30
0
41
1
10
108.633226638965
20
-7.14315068889178
30
0
41
1
10
108.757013688916
20
-7.23433723322449
30
0
41
1
10
108.88080001839
20
-7.32494830580862
30
0
41
1
10
109.004585627388
20
-7.41497671766689
30
0
41
1
10
109.12837051591
20
-7.50441532627252
30
0
41
1
10
109.252154683955
20
-7.59325703610975
30
0
41
1
10
109.375938131525
20
-7.6814947992371
30
0
41
1
10
109.499720858618
20
-7.76912161584494
30
0
41
1
10
109.623502865236
20
-7.85613053483166
30
0
41
1
10
109.747284151376
20
-7.94251465431159
30
0
41
1
10
109.87106471704
20
-8.02826712235213
30
0
41
1
10
109.994844562228
20
-8.11338113676277
30
0
41
1
10
110.118623686939
20
-8.19784994838426
30
0
41
1
10
110.242402091175
20
-8.28166685132109
30
0
41
1
10
110.366179774936
20
-8.36482522189863
30
0
41
1
10
110.489956738216
20
-8.44731837578198
30
0
41
1
10
110.613732981043
20
-8.52914010371501
30
0
41
1
10
110.737508503313
20
-8.6102826746386
30
0
41
1
10
110.861283305407
20
-8.69074429059881
30
0
41
1
10
110.985057385909
20
-8.77050126736174
30
0
41
1
10
111.108830750099
20
-8.84961185930445
30
0
41
1
10
111.191346056509
20
-8.90175661611411
30
0
41
1
10
111.232603599098
20
-8.92782892461597
30
0
0
SPLINE
5
1BA
100
AcDbEntity
8
1
62
256
6
ByLayer
370
18
48
1
60
0
100
AcDbSpline
70
4
71
3
72
14
73
10
40
0
40
0
40
0
40
0
40
0.25
40
0.25
40
0.5
40
0.5
40
0.75
40
0.75
40
1
40
1
40
1
40
1
41
1
10
82.7565624915931
20
1.04713682605993
30
0
41
1
10
82.7567875909154
20
1.36296556098856
30
0
41
1
10
82.7569951460058
20
1.67579515298496
30
0
41
1
10
82.7574291198852
20
2.29524714898989
30
0
41
1
10
82.7576469987678
20
2.60007096055588
30
0
41
1
10
82.7580654878592
20
3.20009087393058
30
0
41
1
10
82.7582619830434
20
3.49528687783013
30
0
41
1
10
82.7586715879778
20
4.07605125041448
30
0
41
1
10
82.7588742287687
20
4.36162031229654
30
0
41
1
10
82.7590742325987
20
4.64229047643047
30
0
0
SPLINE
5
1BB
100
AcDbEntity
8
1
62
256
6
ByLayer
370
18
48
1
60
0
100
AcDbSpline
70
4
71
3
72
46
73
42
40
0
40
0
40
0
40
0
40
0.25000000000033
40
0.25000000000033
40
0.312500000000396
40
0.312500000000396
40
0.375000000000463
40
0.375000000000463
40
0.390625000000479
40
0.390625000000479
40
0.406250000000495
40
0.406250000000495
40
0.437500000000496
40
0.437500000000496
40
0.468750000000496
40
0.468750000000496
40
0.484375000000481
40
0.484375000000481
40
0.500000000000465
40
0.500000000000465
40
0.5625000000004
40
0.5625000000004
40
0.625000000000336
40
0.625000000000336
40
0.656250000000303
40
0.656250000000303
40
0.687500000000271
40
0.687500000000271
40
0.750000000000233
40
0.750000000000233
40
0.781250000000202
40
0.781250000000202
40
0.812500000000171
40
0.812500000000171
40
0.875000000000109
40
0.875000000000109
40
0.906250000000078
40
0.906250000000078
40
0.937500000000048
40
0.937500000000048
40
1
40
1
40
1
40
1
41
1
10
81.4219031608303
20
5.68303149711005
30
0
41
1
10
81.5403284755417
20
5.57123134542917
30
0
41
1
10
81.6596177573737
20
5.46086915160978
30
0
41
1
10
81.8098911030584
20
5.32499139708554
30
0
41
1
10
81.8400042735203
20
5.29791932027294
30
0
41
1
10
81.9003521504516
20
5.24398732674331
30
0
41
1
10
81.9305938661902
20
5.2171287648369
30
0
41
1
10
81.9684619060332
20
5.18368900837805
30
0
41
1
10
81.9760337500032
20
5.17700682631678
30
0
41
1
10
81.9911962582771
20
5.16365817348697
30
0
41
1
10
81.9987908851099
20
5.15699250380993
30
0
41
1
10
82.0217427033205
20
5.13704141559217
30
0
41
1
10
82.0373171812565
20
5.12380950083286
30
0
41
1
10
82.0689234136159
20
5.09744527915285
30
0
41
1
10
82.0849493521791
20
5.0843122406921
30
0
41
1
10
82.109296002144
20
5.06466828591567
30
0
41
1
10
82.1174631015098
20
5.05812963079833
30
0
41
1
10
82.1338969534289
20
5.04506839631969
30
0
41
1
10
82.1421922030981
20
5.03852359566349
30
0
41
1
10
82.1835133036518
20
5.00614615730817
30
0
41
1
10
82.2159850800856
20
4.98139367406915
30
0
41
1
10
82.2798898694898
20
4.93368270624546
30
0
41
1
10
82.3113221106074
20
4.91072859462304
30
0
41
1
10
82.3577229455071
20
4.87750067676763
30
0
41
1
10
82.3731045914153
20
4.86660122411988
30
0
41
1
10
82.4032197315633
20
4.84547983044382
30
0
41
1
10
82.4179949925102
20
4.83522752966115
30
0
41
1
10
82.4615207924239
20
4.80534459588301
30
0
41
1
10
82.4894628993305
20
4.78659563481065
30
0
41
1
10
82.5297384216956
20
4.76030931318945
30
0
41
1
10
82.542897167647
20
4.75184628550372
30
0
41
1
10
82.5686690945336
20
4.73554755282328
30
0
41
1
10
82.5812119451063
20
4.72775781283568
30
0
41
1
10
82.6175269695619
20
4.70568223811296
30
0
41
1
10
82.6401024722408
20
4.6926102477089
30
0
41
1
10
82.6713437257239
20
4.6757927435614
30
0
41
1
10
82.6813116550491
20
4.67066157048629
30
0
41
1
10
82.7002709947209
20
4.66147112727037
30
0
41
1
10
82.7092935115474
20
4.65739901812341
30
0
41
1
10
82.7342729731298
20
4.64721967066203
30
0
41
1
10
82.74830237275
20
4.64304802414421
30
0
41
1
10
82.7590742325987
20
4.64229047643045
30
0
0
SPLINE
5
1BC
100
AcDbEntity
8
1
62
256
6
ByLayer
370
18
48
1
60
0
100
AcDbSpline
70
4
71
3
72
18
73
14
40
0
40
0
40
0
40
0
40
0.25
40
0.25
40
0.375
40
0.375
40
0.4375
40
0.4375
40
0.5
40
0.5
40
0.75
40
0.75
40
1
40
1
40
1
40
1
41
1
10
81.4219031608304
20
5.68303149711008
30
0
41
1
10
81.4211083102436
20
5.39149456900816
30
0
41
1
10
81.4203625571749
20
5.09225126436419
30
0
41
1
10
81.4192101225019
20
4.63194968229311
30
0
41
1
10
81.4188282710801
20
4.47660666692298
30
0
41
1
10
81.4182653495035
20
4.24071918868685
30
0
41
1
10
81.4180757096916
20
4.16161124252699
30
0
41
1
10
81.4176992237465
20
4.00243395012703
30
0
41
1
10
81.4175133455038
20
3.92233325777727
30
0
41
1
10
81.4165855899112
20
3.51976552361614
30
0
41
1
10
81.4157876504463
20
3.19238580471722
30
0
41
1
10
81.4143235643749
20
2.52707953341104
30
0
41
1
10
81.4136136445355
20
2.18915469795871
30
0
41
1
10
81.4128355922588
20
1.84590301145417
30
0
0
SPLINE
5
1BD
100
AcDbEntity
8
1
62
256
6
ByLayer
370
18
48
1
60
0
100
AcDbSpline
70
4
71
3
72
30
73
26
40
0
40
0
40
0
40
0
40
0.0625000000000079
40
0.0625000000000079
40
0.125000000000016
40
0.125000000000016
40
0.187500000000024
40
0.187500000000024
40
0.218750000000006
40
0.218750000000006
40
0.249999999999989
40
0.249999999999989
40
0.37499999999992
40
0.37499999999992
40
0.406249999999924
40
0.406249999999924
40
0.437499999999927
40
0.437499999999927
40
0.468749999999931
40
0.468749999999931
40
0.499999999999935
40
0.499999999999935
40
0.749999999999967
40
0.749999999999967
40
1
40
1
40
1
40
1
41
1
10
82.4713820092032
20
0.917186781810727
30
0
41
1
10
82.450339792521
20
0.935861410364737
30
0
41
1
10
82.428955663469
20
0.954710630052972
30
0
41
1
10
82.3855836134735
20
0.992769803404713
30
0
41
1
10
82.3635912218189
20
1.01198290843408
30
0
41
1
10
82.3190129379693
20
1.05082529777079
30
0
41
1
10
82.2964292767005
20
1.0704527021515
30
0
41
1
10
82.2621120092289
20
1.10024634485205
30
0
41
1
10
82.2505986862856
20
1.11023676909747
30
0
41
1
10
82.2274172716754
20
1.13034815694567
30
0
41
1
10
82.2157908955093
20
1.14043295210504
30
0
41
1
10
82.1579057609829
20
1.1906491659818
30
0
41
1
10
82.1119848027299
20
1.23051554325622
30
0
41
1
10
82.0552568357775
20
1.27996103285079
30
0
41
1
10
82.0439108179571
20
1.28985986567895
30
0
41
1
10
82.0214703935523
20
1.30945837057553
30
0
41
1
10
82.0104213651807
20
1.31911916093119
30
0
41
1
10
81.9885749011548
20
1.33823770826706
30
0
41
1
10
81.9777382455685
20
1.34772820061261
30
0
41
1
10
81.9560125160741
20
1.36676064384986
30
0
41
1
10
81.9451433463207
20
1.37628597137532
30
0
41
1
10
81.8473344286442
20
1.46203672531496
30
0
41
1
10
81.7604297834915
20
1.5384717380349
30
0
41
1
10
81.5866189025514
20
1.69183183099293
30
0
41
1
10
81.4997235819569
20
1.76874768946396
30
0
41
1
10
81.4128355922588
20
1.84590301145417
30
0
0
SPLINE
5
1BE
100
AcDbEntity
8
1
62
256
6
ByLayer
370
13
48
1
60
0
100
AcDbSpline
70
4
71
3
72
13
73
9
40
0
40
0
40
0
40
0
40
0.0380522276280755
40
0.151433505919328
40
0.378196062501834
40
0.60495861908434
40
0.831721175666846
40
1
40
1
40
1
40
1
41
1
10
82.4713820092032
20
0.917186781810699
30
0
41
1
10
82.4762975256877
20
0.918038948844867
30
0
41
1
10
82.4956699708214
20
0.921553261027299
30
0
41
1
10
82.5422679351855
20
0.931550792082021
30
0
41
1
10
82.6083571236967
20
0.950980295942884
30
0
41
1
10
82.6777127166918
20
0.981487112926033
30
0
41
1
10
82.7270820145801
20
1.01453082859984
30
0
41
1
10
82.7490080399211
20
1.03728860421739
30
0
41
1
10
82.7565624915851
20
1.0471368260495
30
0
0
SPLINE
5
1BF
100
AcDbEntity
8
1
62
256
6
ByLayer
370
18
48
1
60
0
100
AcDbSpline
70
4
71
3
72
16
73
12
40
0
40
0
40
0
40
0
40
0.25
40
0.25
40
0.5
40
0.5
40
0.625
40
0.625
40
0.75
40
0.75
40
1
40
1
40
1
40
1
41
1
10
37.0216521442281
20
-0.927589785551788
30
0
41
1
10
37.0199535195644
20
-1.28260994752176
30
0
41
1
10
37.0182503460109
20
-1.63696683637187
30
0
41
1
10
37.0147466672514
20
-2.34436810559384
30
0
41
1
10
37.0130729928347
20
-2.69741251599402
30
0
41
1
10
37.0104277584288
20
-3.22598377233135
30
0
41
1
10
37.0095251530998
20
-3.40144816709827
30
0
41
1
10
37.0077170477003
20
-3.75068690885118
30
0
41
1
10
37.0068239144548
20
-3.92450205169609
30
0
41
1
10
37.0041231062934
20
-4.44354235960947
30
0
41
1
10
37.0022456171175
20
-4.78636771889848
30
0
41
1
10
37.0004518209293
20
-5.1259537140233
30
0
0
SPLINE
5
1C0
100
AcDbEntity
8
1
62
256
6
ByLayer
370
18
48
1
60
0
100
AcDbSpline
70
4
71
3
72
8
73
4
40
0
40
0
40
0
40
0
40
1
40
1
40
1
40
1
41
1
10
113.383771581357
20
4.61002201057201
30
0
41
1
10
113.395952353015
20
4.52591644018111
30
0
41
1
10
113.408133138631
20
4.44131341510416
30
0
41
1
10
113.420313938191
20
4.35621345389598
30
0
0
SPLINE
5
1C1
100
AcDbEntity
8
1
62
256
6
ByLayer
370
18
48
1
60
0
100
AcDbSpline
70
4
71
3
72
12
73
8
40
0
40
0
40
0
40
0
40
0.421933142469694
40
0.421933142469694
40
0.710963246703106
40
0.710963246703106
40
1
40
1
40
1
40
1
41
1
10
113.383771581357
20
4.61002201057193
30
0
41
1
10
113.387641695565
20
4.60558794467568
30
0
41
1
10
113.391495332598
20
4.60114184751052
30
0
41
1
10
113.397960315851
20
4.59362976060075
30
0
41
1
10
113.400580643605
20
4.59057015713316
30
0
41
1
10
113.405805275574
20
4.58443948438682
30
0
41
1
10
113.408409594472
20
4.58136839717997
30
0
41
1
10
113.411005749158
20
4.57829158334755
30
0
0
SPLINE
5
1C2
100
AcDbEntity
8
1
62
256
6
ByLayer
370
18
48
1
60
0
100
AcDbSpline
70
4
71
3
72
8
73
4
40
0
40
0
40
0
40
0
40
1
40
1
40
1
40
1
41
1
10
113.419759660637
20
4.35259922136367
30
0
41
1
10
113.419978842994
20
4.35358376675805
30
0
41
1
10
113.420199087653
20
4.35455972752575
30
0
41
1
10
113.420420389637
20
4.35552712473418
30
0
0
SPLINE
5
1C3
100
AcDbEntity
8
1
62
256
6
ByLayer
370
18
48
1
60
0
100
AcDbSpline
70
4
71
3
72
10
73
6
40
0
40
0
40
0
40
0
40
0.542377642818836
40
0.542377642818836
40
1
40
1
40
1
40
1
41
1
10
113.383771581357
20
-9.99739402920019
30
0
41
1
10
113.390295214424
20
-10.0294989584064
30
0
41
1
10
113.396809740621
20
-10.0615590697343
30
0
41
1
10
113.408803524875
20
-10.1205843997024
30
0
41
1
10
113.414285086235
20
-10.1475609536557
30
0
41
1
10
113.419759660637
20
-10.1745031225069
30
0
0
SPLINE
5
1C4
100
AcDbEntity
8
1
62
256
6
ByLayer
370
18
48
1
60
0
100
AcDbSpline
70
4
71
3
72
8
73
4
40
0
40
0
40
0
40
0
40
1
40
1
40
1
40
1
41
1
10
47.757080476972
20
-11.4365445459339
30
0
41
1
10
47.7569890840167
20
-11.5058638581429
30
0
41
1
10
47.7568968556476
20
-11.5732102991948
30
0
41
1
10
47.7568034035536
20
-11.6385840750631
30
0
0
SPLINE
5
1C5
100
AcDbEntity
8
1
62
256
6
ByLayer
370
18
48
1
60
0
100
AcDbSpline
70
4
71
3
72
14
73
10
40
0
40
0
40
0
40
0
40
0.25
40
0.25
40
0.5
40
0.5
40
0.75
40
0.75
40
1
40
1
40
1
40
1
41
1
10
47.757080476972
20
-11.4365445459339
30
0
41
1
10
47.7572952491781
20
-11.2736451096601
30
0
41
1
10
47.7574927323605
20
-11.1001959804693
30
0
41
1
10
47.7579068969129
20
-10.7323159238928
30
0
41
1
10
47.7581149857863
20
-10.5389568697434
30
0
41
1
10
47.7585142383084
20
-10.1337398784648
30
0
41
1
10
47.7587013434579
20
-9.9218817424389
30
0
41
1
10
47.7590922022187
20
-9.47966656182291
30
0
41
1
10
47.7592855002472
20
-9.2493108314853
30
0
41
1
10
47.7594762110772
20
-9.00954200711379
30
0
0
SPLINE
5
1C6
100
AcDbEntity
8
1
62
256
6
ByLayer
370
13
48
1
60
0
100
AcDbSpline
70
4
71
3
72
13
73
9
40
0
40
0
40
0
40
0
40
0.0380575335290121
40
0.151419292869513
40
0.378142811550514
40
0.604866330231515
40
0.831589848912517
40
1
40
1
40
1
40
1
41
1
10
47.4718751785896
20
-11.2121471691761
30
0
41
1
10
47.4767922476841
20
-11.2136188772373
30
0
41
1
10
47.4961662288437
20
-11.2196867872219
30
0
41
1
10
47.5427655492
20
-11.2369479283975
30
0
41
1
10
47.6088545333886
20
-11.2704919699553
30
0
41
1
10
47.6782098055719
20
-11.3231593979704
30
0
41
1
10
47.7275914851152
20
-11.3802205066783
30
0
41
1
10
47.7495223372127
20
-11.4195261655291
30
0
41
1
10
47.7570804769639
20
-11.4365445459156
30
0
0
SPLINE
5
1C7
100
AcDbEntity
8
1
62
256
6
ByLayer
370
18
48
1
60
0
100
AcDbSpline
70
4
71
3
72
18
73
14
40
0
40
0
40
0
40
0
40
0.249999999999999
40
0.249999999999999
40
0.374999999999998
40
0.374999999999998
40
0.437499999999998
40
0.437499999999998
40
0.499999999999998
40
0.499999999999998
40
0.749999999999999
40
0.749999999999999
40
1
40
1
40
1
40
1
41
1
10
46.4222244196055
20
-8.20788761640716
30
0
41
1
10
46.4214527369209
20
-8.4943913557731
30
0
41
1
10
46.4207283638852
20
-8.77084490447629
30
0
41
1
10
46.4196060605147
20
-9.17060961887714
30
0
41
1
10
46.4192339872978
20
-9.30137463632235
30
0
41
1
10
46.4186849861034
20
-9.49377532499648
30
0
41
1
10
46.4184999351087
20
-9.55728444714296
30
0
41
1
10
46.4181326347353
20
-9.68304883292319
30
0
41
1
10
46.4179513211474
20
-9.74532794524848
30
0
41
1
10
46.4170458469597
20
-10.0533052879725
30
0
41
1
10
46.4162649861627
20
-10.2878193119999
30
0
41
1
10
46.414832592207
20
-10.7333450830746
30
0
41
1
10
46.4141381452306
20
-10.9443603441002
30
0
41
1
10
46.4133755860426
20
-11.1435043819595
30
0
0
SPLINE
5
1C8
100
AcDbEntity
8
1
62
256
6
ByLayer
370
18
48
1
60
0
100
AcDbSpline
70
4
71
3
72
46
73
42
40
0
40
0
40
0
40
0
40
0.250000000000023
40
0.250000000000023
40
0.312500000000028
40
0.312500000000028
40
0.375000000000033
40
0.375000000000033
40
0.390625000000034
40
0.390625000000034
40
0.406250000000035
40
0.406250000000035
40
0.437500000000051
40
0.437500000000051
40
0.468750000000067
40
0.468750000000067
40
0.484375000000066
40
0.484375000000066
40
0.500000000000066
40
0.500000000000066
40
0.562500000000062
40
0.562500000000062
40
0.625000000000059
40
0.625000000000059
40
0.656250000000057
40
0.656250000000057
40
0.687500000000055
40
0.687500000000055
40
0.750000000000053
40
0.750000000000053
40
0.781250000000046
40
0.781250000000046
40
0.812500000000039
40
0.812500000000039
40
0.875000000000017
40
0.875000000000017
40
0.906250000000011
40
0.906250000000011
40
0.937500000000004
40
0.937500000000004
40
1
40
1
40
1
40
1
41
1
10
46.4222244196055
20
-8.20788761640716
30
0
41
1
10
46.5406553386911
20
-8.22297888718646
30
0
41
1
10
46.6599502914397
20
-8.23474882010152
30
0
41
1
10
46.8102306917847
20
-8.24524506645344
30
0
41
1
10
46.8403452724612
20
-8.24713345817611
30
0
41
1
10
46.9006959687293
20
-8.25048661855561
30
0
41
1
10
46.9309390577447
20
-8.25198274481582
30
0
41
1
10
46.9688089115758
20
-8.25352896830356
30
0
41
1
10
46.9763811547588
20
-8.25379902838944
30
0
41
1
10
46.9915442562626
20
-8.25436075970521
30
0
41
1
10
46.9991390918317
20
-8.25467013492903
30
0
41
1
10
47.0220911747802
20
-8.25628254774773
30
0
41
1
10
47.0376656692726
20
-8.25850332178067
30
0
41
1
10
47.0692723464041
20
-8.26494534896108
30
0
41
1
10
47.0852985626712
20
-8.26913773285304
30
0
41
1
10
47.109645667897
20
-8.2768303016685
30
0
41
1
10
47.1178129283438
20
-8.27962960376459
30
0
41
1
10
47.1342471168753
20
-8.28569278313509
30
0
41
1
10
47.1425425214944
20
-8.28896912069996
30
0
41
1
10
47.1838655054857
20
-8.30634186793131
30
0
41
1
10
47.2163387966256
20
-8.32326083399556
30
0
41
1
10
47.2802467289322
20
-8.36210746585951
30
0
41
1
10
47.3116805637819
20
-8.38404338517893
30
0
41
1
10
47.3580838850362
20
-8.42042576440386
30
0
41
1
10
47.373466375832
20
-8.43318319765845
30
0
41
1
10
47.4035832410697
20
-8.45950461283334
30
0
41
1
10
47.4183593715468
20
-8.47309832135983
30
0
41
1
10
47.4618878339273
20
-8.51510641731693
30
0
41
1
10
47.4898318464912
20
-8.54476001277502
30
0
41
1
10
47.5301103246726
20
-8.59177195508471
30
0
41
1
10
47.5432700623186
20
-8.60785455780962
30
0
41
1
10
47.5690440551637
20
-8.64086936133549
30
0
41
1
10
47.5815877685407
20
-8.65771905094044
30
0
41
1
10
47.6179057912466
20
-8.70897232629861
30
0
41
1
10
47.6404834578628
20
-8.74421299650803
30
0
41
1
10
47.6717283305557
20
-8.79879837971552
30
0
41
1
10
47.6816975441272
20
-8.8172867024962
30
0
41
1
10
47.70065957242
20
-8.85490667183365
30
0
41
1
10
47.7096835214924
20
-8.87410861200604
30
0
41
1
10
47.7346676142591
20
-8.93175393261714
30
0
41
1
10
47.7487004310774
20
-8.97048175192751
30
0
41
1
10
47.7594762110772
20
-9.00954200711379
30
0
0
SPLINE
5
1C9
100
AcDbEntity
8
1
62
256
6
ByLayer
370
18
48
1
60
0
100
AcDbSpline
70
4
71
3
72
26
73
22
40
0
40
0
40
0
40
0
40
0.0202881935573245
40
0.0202881935573245
40
0.101930844094214
40
0.101930844094214
40
0.183573494631103
40
0.183573494631103
40
0.346858795704882
40
0.346858795704882
40
0.510144096778661
40
0.510144096778661
40
0.591786747315552
40
0.591786747315552
40
0.632608072583998
40
0.632608072583998
40
0.673429397852443
40
0.673429397852443
40
0.836714698926222
40
0.836714698926222
40
1
40
1
40
1
40
1
41
1
10
54.6700959453293
20
-12.4031294735787
30
0
41
1
10
54.6231819357414
20
-12.4083728960546
30
0
41
1
10
54.5762658879161
20
-12.413404097195
30
0
41
1
10
54.3405370393381
20
-12.4376157443521
30
0
41
1
10
54.1517645846857
20
-12.4535631465572
30
0
41
1
10
53.7742089288208
20
-12.4785589535975
30
0
41
1
10
53.5853364090471
20
-12.48760753984
30
0
41
1
10
53.0194069248639
20
-12.5043594256463
30
0
41
1
10
52.6428490526893
20
-12.5017145800423
30
0
41
1
10
51.8900854202632
20
-12.4688736339576
30
0
41
1
10
51.5138837698654
20
-12.438614524379
30
0
41
1
10
50.948999210478
20
-12.3726724249376
30
0
41
1
10
50.7606077580235
20
-12.3472629878226
30
0
41
1
10
50.4777704692533
20
-12.3040056790954
30
0
41
1
10
50.3834496684696
20
-12.288729648598
30
0
41
1
10
50.1947070041633
20
-12.2564643078567
30
0
41
1
10
50.1002798710017
20
-12.2394728464494
30
0
41
1
10
49.6288692396713
20
-12.1504339070387
30
0
41
1
10
49.25324084605
20
-12.0660260501464
30
0
41
1
10
48.5038868799178
20
-11.8713982786212
30
0
41
1
10
48.1301526074002
20
-11.7612243571274
30
0
41
1
10
47.7568034035536
20
-11.6385840750631
30
0
0
SPLINE
5
1CA
100
AcDbEntity
8
1
62
256
6
ByLayer
370
18
48
1
60
0
100
AcDbSpline
70
4
71
3
72
19
73
15
40
0
40
0
40
0
40
0
40
0.250000000000005
40
0.250000000000005
40
0.50000000000001
40
0.50000000000001
40
0.625000000000012
40
0.625000000000012
40
0.750000000000015
40
0.875000000000017
40
0.875000000000017
40
0.937500000000009
40
0.937500000000009
40
1
40
1
40
1
40
1
41
1
10
47.4718751785896
20
-11.2121471691761
30
0
41
1
10
47.5030611121398
20
-11.2386120431051
30
0
41
1
10
47.5327336381925
20
-11.2673423590378
30
0
41
1
10
47.5890196993115
20
-11.3292416850295
30
0
41
1
10
47.6156090958324
20
-11.362449768901
30
0
41
1
10
47.6527455178812
20
-11.416173874325
30
0
41
1
10
47.6647198238273
20
-11.434827725691
30
0
41
1
10
47.6872307603934
20
-11.4729715852582
30
0
41
1
10
47.7083594259751
20
-11.5120017663524
30
0
41
1
10
47.7265338443255
20
-11.5529219635843
30
0
41
1
10
47.7388932696305
20
-11.5844261875358
30
0
41
1
10
47.7428016766817
20
-11.5950629369233
30
0
41
1
10
47.7501637233694
20
-11.6166277265019
30
0
41
1
10
47.7536217329999
20
-11.6275738479451
30
0
41
1
10
47.7568034035536
20
-11.6385840750631
30
0
0
SPLINE
5
1CB
100
AcDbEntity
8
1
62
256
6
ByLayer
370
18
48
1
60
0
100
AcDbSpline
70
4
71
3
72
30
73
26
40
0
40
0
40
0
40
0
40
0.0624999999999805
40
0.0624999999999805
40
0.124999999999961
40
0.124999999999961
40
0.187499999999941
40
0.187499999999941
40
0.218749999999931
40
0.218749999999931
40
0.249999999999922
40
0.249999999999922
40
0.374999999999886
40
0.374999999999886
40
0.406249999999877
40
0.406249999999877
40
0.437499999999868
40
0.437499999999868
40
0.468749999999859
40
0.468749999999859
40
0.49999999999985
40
0.49999999999985
40
0.749999999999925
40
0.749999999999925
40
1
40
1
40
1
40
1
41
1
10
47.4718751785896
20
-11.2121471691761
30
0
41
1
10
47.4508339685225
20
-11.1942912672223
30
0
41
1
10
47.4294509129735
20
-11.1777485446121
30
0
41
1
10
47.3860811233754
20
-11.1470922765075
30
0
41
1
10
47.3640899197802
20
-11.1329977261136
30
0
41
1
10
47.3195141263941
20
-11.1073258544271
30
0
41
1
10
47.2969317659798
20
-11.095738412805
30
0
41
1
10
47.2626165413173
20
-11.0803207977284
30
0
41
1
10
47.2511039150865
20
-11.0755114759785
30
0
41
1
10
47.2279239272444
20
-11.0665955091783
30
0
41
1
10
47.2162980393608
20
-11.0625047456751
30
0
41
1
10
47.1584157331005
20
-11.0440549342665
30
0
41
1
10
47.112497070599
20
-11.0354393684211
30
0
41
1
10
47.0557720018188
20
-11.0341364688337
30
0
41
1
10
47.0444266656874
20
-11.0343534901642
30
0
41
1
10
47.0219867043823
20
-11.0358829621756
30
0
41
1
10
47.0109378037859
20
-11.0372752740208
30
0
41
1
10
46.989091886286
20
-11.0409829411533
30
0
41
1
10
46.9782556575359
20
-11.0431523569585
30
0
41
1
10
46.9565308124905
20
-11.0472802384239
30
0
41
1
10
46.9456620789344
20
-11.0493127248774
30
0
41
1
10
46.8478570222374
20
-11.0675847036589
30
0
41
1
10
46.7609558524167
20
-11.0834599289668
30
0
41
1
10
46.5871519172566
20
-11.1141915091103
30
0
41
1
10
46.5002600807363
20
-11.1290887701627
30
0
41
1
10
46.4133755860426
20
-11.1435043819595
30
0
0
SPLINE
5
1CC
100
AcDbEntity
8
1
62
256
6
ByLayer
370
18
48
1
60
0
100
AcDbSpline
70
4
71
3
72
32
73
28
40
0
40
0
40
0
40
0
40
0.124999999999997
40
0.124999999999997
40
0.249999999999994
40
0.249999999999994
40
0.281249999999995
40
0.281249999999995
40
0.312499999999995
40
0.312499999999995
40
0.374999999999996
40
0.374999999999996
40
0.499999999999996
40
0.499999999999996
40
0.531249999999997
40
0.531249999999997
40
0.562499999999997
40
0.624999999999996
40
0.624999999999996
40
0.749999999999992
40
0.749999999999992
40
0.812499999999992
40
0.843749999999993
40
0.843749999999993
40
0.874999999999994
40
0.874999999999994
40
1
40
1
40
1
40
1
41
1
10
46.4133755860426
20
-11.1435043819595
30
0
41
1
10
46.0244730717971
20
-10.9849200431359
30
0
41
1
10
45.6352970979675
20
-10.8130135050905
30
0
41
1
10
44.8551423230513
20
-10.4432277354014
30
0
41
1
10
44.4641665560519
20
-10.2453477412071
30
0
41
1
10
43.9735248382586
20
-9.98193447409213
30
0
41
1
10
43.8753002188733
20
-9.92844812228293
30
0
41
1
10
43.6786376883503
20
-9.81987103580309
30
0
41
1
10
43.5802347157528
20
-9.76479905218082
30
0
41
1
10
43.2852367100231
20
-9.59750460641331
30
0
41
1
10
43.0886806313353
20
-9.48310373744846
30
0
41
1
10
42.4990981649286
20
-9.13149198767698
30
0
41
1
10
42.106155292221
20
-8.88589673176463
30
0
41
1
10
41.6143223556302
20
-8.56553173379538
30
0
41
1
10
41.5159507520005
20
-8.50080710725894
30
0
41
1
10
41.319352645258
20
-8.37018814347695
30
0
41
1
10
41.0245968501656
20
-8.17245526495196
30
0
41
1
10
40.7301763508906
20
-7.96939493337385
30
0
41
1
10
40.1415488465223
20
-7.55636991160378
30
0
41
1
10
39.7494167452383
20
-7.27180230294195
30
0
41
1
10
39.1606928658714
20
-6.83199618744553
30
0
41
1
10
38.8661995515156
20
-6.60885395673265
30
0
41
1
10
38.5713297730723
20
-6.38100580404151
30
0
41
1
10
38.3746461418249
20
-6.22807888304794
30
0
41
1
10
38.2762482307919
20
-6.15109754812053
30
0
41
1
10
37.7846946515761
20
-5.76425365827836
30
0
41
1
10
37.3922515059794
20
-5.44812098417555
30
0
41
1
10
36.9999798438817
20
-5.12597639178227
30
0
0
SPLINE
5
1CD
100
AcDbEntity
8
1
62
256
6
ByLayer
370
18
48
1
60
0
100
AcDbSpline
70
4
71
3
72
14
73
10
40
0
40
0
40
0
40
0
40
0.5
40
0.5
40
0.75
40
0.75
40
0.875
40
0.875
40
1
40
1
40
1
40
1
41
1
10
113.445561258404
20
4.33111596991148
30
0
41
1
10
113.490234266181
20
4.29391025937454
30
0
41
1
10
113.534774948722
20
4.25579962640708
30
0
41
1
10
113.601466487306
20
4.19725182076905
30
0
41
1
10
113.623676448836
20
4.17750275652998
30
0
41
1
10
113.656963987628
20
4.14749456497765
30
0
41
1
10
113.668055201591
20
4.1374273132441
30
0
41
1
10
113.690228065106
20
4.11715250305846
30
0
41
1
10
113.70133817407
20
4.10691853971301
30
0
41
1
10
113.712375122455
20
4.09666977761853
30
0
0
SPLINE
5
1CE
100
AcDbEntity
8
1
62
256
6
ByLayer
370
18
48
1
60
0
100
AcDbSpline
70
4
71
3
72
8
73
4
40
0
40
0
40
0
40
0
40
1
40
1
40
1
40
1
41
1
10
113.420189079439
20
4.35572234934341
30
0
41
1
10
112.690993919297
20
4.97115738223508
30
0
41
1
10
111.961798759205
20
5.56853297348275
30
0
41
1
10
111.232603599164
20
6.14045964652928
30
0
0
SPLINE
5
1CF
100
AcDbEntity
8
1
62
256
6
ByLayer
370
18
48
1
60
0
100
AcDbSpline
70
4
71
3
72
58
73
54
40
0
40
0
40
0
40
0
40
0.0091856252231366
40
0.018371299701786
40
0.0275570235266267
40
0.0367427967884143
40
0.0459286195779696
40
0.0551144919861284
40
0.0643004141036928
40
0.073486386021376
40
0.0826724078298057
40
0.0918584796195484
40
0.101044601481129
40
0.110230773505099
40
0.119416995782042
40
0.12860326840261
40
0.137789591457503
40
0.146975965037448
40
0.156162389233145
40
0.165348864135277
40
0.174535389834502
40
0.183721966421462
40
0.192908593986819
40
0.202095272621214
40
0.211282002415303
40
0.220468783459752
40
0.229655615845246
40
0.238842499662503
40
0.248029435002241
40
0.257216421955167
40
0.266403460611912
40
0.275590551063056
40
0.284777693399142
40
0.293964887710694
40
0.303152134088288
40
0.312339432622571
40
0.321526783404273
40
0.441031064178061
40
0.5344022391924
40
0.601633539041094
40
0.642720103736648
40
0.754853284263674
40
0.845774000936717
40
0.915478109535609
40
0.963962369136834
40
0.968492399310425
40
0.97301519350146
40
0.977530751655825
40
0.98203907371965
40
0.986540159639279
40
0.991034009361305
40
0.995520622832533
40
1
40
1
40
1
40
1
41
1
10
111.232603599163
20
6.14045964652934
30
0
41
1
10
111.191346056575
20
6.17276977253312
30
0
41
1
10
111.108830750164
20
6.23739019779526
30
0
41
1
10
110.985057385973
20
6.33369452024499
30
0
41
1
10
110.861283305471
20
6.42953095705383
30
0
41
1
10
110.737508503376
20
6.52484745520093
30
0
41
1
10
110.613732981105
20
6.61964834225032
30
0
41
1
10
110.489956738277
20
6.7139228902717
30
0
41
1
10
110.366179774996
20
6.80766445800148
30
0
41
1
10
110.242402091234
20
6.90086536241824
30
0
41
1
10
110.118623686998
20
6.99351825365054
30
0
41
1
10
109.994844562285
20
7.08561574730768
30
0
41
1
10
109.871064717097
20
7.17715052373686
30
0
41
1
10
109.747284151432
20
7.26811530216617
30
0
41
1
10
109.623502865291
20
7.35850284837323
30
0
41
1
10
109.499720858673
20
7.4483059733692
30
0
41
1
10
109.375938131578
20
7.53751753449279
30
0
41
1
10
109.252154684008
20
7.6261304358483
30
0
41
1
10
109.128370515962
20
7.71413762889617
30
0
41
1
10
109.004585627439
20
7.80153211299572
30
0
41
1
10
108.88080001844
20
7.88830693596077
30
0
41
1
10
108.757013688965
20
7.974455194612
30
0
41
1
10
108.633226639013
20
8.05997003533014
30
0
41
1
10
108.509438868585
20
8.14484465460632
30
0
41
1
10
108.385650377681
20
8.22907229957764
30
0
41
1
10
108.261861166299
20
8.31264626856333
30
0
41
1
10
108.138071234445
20
8.39555991159645
30
0
41
1
10
108.014280582098
20
8.47780663097302
30
0
41
1
10
107.890489209336
20
8.5593798817342
30
0
41
1
10
107.766697115871
20
8.64027317240087
30
0
41
1
10
107.642904302776
20
8.72048006471738
30
0
41
1
10
107.519110766045
20
8.79999417699543
30
0
41
1
10
107.395316520632
20
8.87880917400003
30
0
41
1
10
107.271521510723
20
8.95691880706656
30
0
41
1
10
107.147725944623
20
9.03431676675177
30
0
41
1
10
107.023929044919
20
9.11099723512081
30
0
41
1
10
106.40464396235
20
9.49096442945765
30
0
41
1
10
105.406763113546
20
10.0619269864506
30
0
41
1
10
104.148523611549
20
10.6871007279641
30
0
41
1
10
103.242526648898
20
11.0826434754597
30
0
41
1
10
102.252378119903
20
11.4731861943399
30
0
41
1
10
101.155414290181
20
11.8391141769746
30
0
41
1
10
99.9301619881381
20
12.1447072636924
30
0
41
1
10
98.9908464916403
20
12.3148882057555
30
0
41
1
10
98.4396147266068
20
12.3867207416139
30
0
41
1
10
98.1811798348662
20
12.414480337664
30
0
41
1
10
98.1202356975378
20
12.4207865677882
30
0
41
1
10
98.0593891436898
20
12.4268438344713
30
0
41
1
10
97.9986401313128
20
12.4326526427839
30
0
41
1
10
97.9379886713807
20
12.4382156083298
30
0
41
1
10
97.8774347619114
20
12.4435279795885
30
0
41
1
10
97.8169783998919
20
12.4486123247625
30
0
41
1
10
97.7767066967205
20
12.451799714747
30
0
41
1
10
97.7565870964499
20
12.4533921234941
30
0
0
SPLINE
5
1D0
100
AcDbEntity
8
1
62
256
6
ByLayer
370
18
48
1
60
0
100
AcDbSpline
70
4
71
3
72
8
73
4
40
0
40
0
40
0
40
0
40
1
40
1
40
1
40
1
41
1
10
113.383771581357
20
-9.99739402920014
30
0
41
1
10
113.395952353015
20
-10.0622367780425
30
0
41
1
10
113.408133138631
20
-10.1262740274158
30
0
41
1
10
113.420313938191
20
-10.1895066169859
30
0
0
SPLINE
5
1D1
100
AcDbEntity
8
1
62
256
6
ByLayer
370
18
48
1
60
0
100
AcDbSpline
70
4
71
3
72
51
73
47
40
0
40
0
40
0
40
0
40
0.125000000000028
40
0.125000000000028
40
0.18750000000004
40
0.18750000000004
40
0.218750000000046
40
0.218750000000046
40
0.250000000000053
40
0.250000000000053
40
0.265625000000055
40
0.265625000000055
40
0.281250000000057
40
0.281250000000057
40
0.312500000000059
40
0.312500000000059
40
0.343750000000061
40
0.359375000000061
40
0.359375000000061
40
0.375000000000061
40
0.375000000000061
40
0.43750000000006
40
0.43750000000006
40
0.50000000000006
40
0.50000000000006
40
0.531250000000059
40
0.546875000000058
40
0.554687500000057
40
0.554687500000057
40
0.562500000000055
40
0.562500000000055
40
0.625000000000046
40
0.625000000000046
40
0.687500000000036
40
0.687500000000036
40
0.750000000000027
40
0.750000000000027
40
0.875000000000011
40
0.875000000000011
40
0.890625000000009
40
0.890625000000009
40
0.906250000000007
40
0.906250000000007
40
0.937500000000005
40
0.937500000000005
40
1
40
1
40
1
40
1
41
1
10
86.4130724271423
20
-12.4844895440424
30
0
41
1
10
85.5564077687801
20
-12.4460870474217
30
0
41
1
10
84.704623383141
20
-12.3367300489027
30
0
41
1
10
83.424514786204
20
-12.0689716153423
30
0
41
1
10
82.997408400567
20
-11.9624480451729
30
0
41
1
10
82.3549212052194
20
-11.7768125497585
30
0
41
1
10
82.1404537176517
20
-11.7106162378556
30
0
41
1
10
81.7106985648606
20
-11.5696160511234
30
0
41
1
10
81.4954121267257
20
-11.4948270702321
30
0
41
1
10
81.17169992313
20
-11.3760458958773
30
0
41
1
10
81.0636352702122
20
-11.3353489982107
30
0
41
1
10
80.8473499318643
20
-11.2518585313635
30
0
41
1
10
80.7392469585657
20
-11.2091079221968
30
0
41
1
10
80.4150191401914
20
-11.0778543461435
30
0
41
1
10
80.1989758522274
20
-10.9863463278882
30
0
41
1
10
79.7668987623049
20
-10.7954104992905
30
0
41
1
10
79.4428474622611
20
-10.6462743242449
30
0
41
1
10
79.1185681104951
20
-10.488362696828
30
0
41
1
10
78.9023044992586
20
-10.381154999354
30
0
41
1
10
78.7941574210483
20
-10.3265958803681
30
0
41
1
10
78.2539813885201
20
-10.0494177667048
30
0
41
1
10
77.8230179662006
20
-9.8132598888634
30
0
41
1
10
76.9617068579038
20
-9.31390036295014
30
0
41
1
10
76.531374257638
20
-9.05060773033185
30
0
41
1
10
75.8851090769572
20
-8.63618103046116
30
0
41
1
10
75.5617843978992
20
-8.42411386590047
30
0
41
1
10
75.183963286177
20
-8.16826853908242
30
0
41
1
10
75.0218781312782
20
-8.05685849783083
30
0
41
1
10
74.9137821746273
20
-7.98219540677118
30
0
41
1
10
74.8596959400734
20
-7.94465587856834
30
0
41
1
10
74.3732128348674
20
-7.60539071731711
30
0
41
1
10
73.9430182837596
20
-7.29390779994793
30
0
41
1
10
73.0853878742084
20
-6.65303543200656
30
0
41
1
10
72.6579472000257
20
-6.32367082978971
30
0
41
1
10
71.8041877616322
20
-5.64877136250564
30
0
41
1
10
71.3778538570416
20
-5.30331738996171
30
0
41
1
10
70.0981050786425
20
-4.24526712191232
30
0
41
1
10
69.24396742076
20
-3.5110202101051
30
0
41
1
10
68.2745026016702
20
-2.65957269458588
30
0
41
1
10
68.1666646748561
20
-2.56461346558953
30
0
41
1
10
67.9507220813388
20
-2.37401105493171
30
0
41
1
10
67.8425559041245
20
-2.27831323840942
30
0
41
1
10
67.5181829716842
20
-1.99073333478341
30
0
41
1
10
67.3020838415876
20
-1.79835112775231
30
0
41
1
10
66.6539151992674
20
-1.21957699062779
30
0
41
1
10
66.221983376437
20
-0.831535047250185
30
0
41
1
10
65.7893765009032
20
-0.442260564598143
30
0
0
SPLINE
5
1D2
100
AcDbEntity
8
1
62
256
6
ByLayer
370
18
48
1
60
0
100
AcDbSpline
70
4
71
3
72
8
73
4
40
0
40
0
40
0
40
0
40
1
40
1
40
1
40
1
41
1
10
65.7893704722036
20
-0.442267308937716
30
0
41
1
10
65.7893339224971
20
-0.44223442070475
30
0
41
1
10
65.7892973727884
20
-0.442201532465106
30
0
41
1
10
65.7892608230772
20
-0.442168644218725
30
0
0
SPLINE
5
1D3
100
AcDbEntity
8
1
62
256
6
ByLayer
370
18
48
1
60
0
100
AcDbSpline
70
4
71
3
72
62
73
58
40
0
40
0
40
0
40
0
40
0.0624999999999972
40
0.0624999999999972
40
0.124999999999994
40
0.124999999999994
40
0.187499999999992
40
0.187499999999992
40
0.249999999999989
40
0.249999999999989
40
0.265624999999988
40
0.265624999999988
40
0.281249999999988
40
0.281249999999988
40
0.312499999999987
40
0.312499999999987
40
0.343749999999986
40
0.343749999999986
40
0.374999999999986
40
0.374999999999986
40
0.437499999999984
40
0.437499999999984
40
0.468749999999983
40
0.468749999999983
40
0.484374999999984
40
0.484374999999984
40
0.499999999999984
40
0.499999999999984
40
0.562499999999987
40
0.562499999999987
40
0.593749999999989
40
0.593749999999989
40
0.62499999999999
40
0.62499999999999
40
0.656249999999992
40
0.656249999999992
40
0.687499999999994
40
0.687499999999994
40
0.718749999999995
40
0.718749999999995
40
0.749999999999997
40
0.749999999999997
40
0.812499999999999
40
0.812499999999999
40
0.828124999999999
40
0.828124999999999
40
0.843749999999999
40
0.843749999999999
40
0.875
40
0.875
40
0.9375
40
0.9375
40
0.968750000000001
40
0.968750000000001
40
0.984375
40
0.984375
40
1
40
1
40
1
40
1
41
1
10
61.4131888842729
20
3.45250445988881
30
0
41
1
10
60.9209112848184
20
3.87851223057459
30
0
41
1
10
60.4307766072682
20
4.29614320335682
30
0
41
1
10
59.4522675256029
20
5.11242023641066
30
0
41
1
10
58.9639006139481
20
5.51106579663031
30
0
41
1
10
57.9865203350359
20
6.28694706013957
30
0
41
1
10
57.497508570722
20
6.66419387032397
30
0
41
1
10
56.516386647761
20
7.39467241441429
30
0
41
1
10
56.0242791994619
20
7.74791920028366
30
0
41
1
10
55.4056024459021
20
8.17266590946497
30
0
41
1
10
55.281649873801
20
8.2568027892043
30
0
41
1
10
55.0338939450524
20
8.42296891182872
30
0
41
1
10
54.9100286264229
20
8.5050428082844
30
0
41
1
10
54.5384086274494
20
8.74820293401089
30
0
41
1
10
54.2906140194812
20
8.90623543784187
30
0
41
1
10
53.7951289439774
20
9.21359348122212
30
0
41
1
10
53.5472489042534
20
9.36302936660726
30
0
41
1
10
53.052269143443
20
9.65238178603644
30
0
41
1
10
52.8050729517411
20
9.79236275662839
30
0
41
1
10
52.0638931618902
20
10.1979535029526
30
0
41
1
10
51.570329854189
20
10.4491222998366
30
0
41
1
10
50.8289076209185
20
10.7959299779106
30
0
41
1
10
50.5815875401074
20
10.9065419225637
30
0
41
1
10
50.2100999184355
20
11.0648105020654
30
0
41
1
10
50.0861595324849
20
11.1163007583589
30
0
41
1
10
49.8387691724659
20
11.2164270542531
30
0
41
1
10
49.7152333467575
20
11.2651005766994
30
0
41
1
10
49.0982515382134
20
11.5015117833618
30
0
41
1
10
48.6069115103493
20
11.668285583025
30
0
41
1
10
47.8713532479999
20
11.8848570590963
30
0
41
1
10
47.6264089717335
20
11.9514590946078
30
0
41
1
10
47.1367002302331
20
12.0734050282838
30
0
41
1
10
46.8919388528627
20
12.1287089843907
30
0
41
1
10
46.40228311295
20
12.2280582593903
30
0
41
1
10
46.1573881376025
20
12.2721473280093
30
0
41
1
10
45.6671752127049
20
12.3487254528673
30
0
41
1
10
45.4218531866687
20
12.381272232151
30
0
41
1
10
44.9304649557491
20
12.4348237071004
30
0
41
1
10
44.6843993574001
20
12.4558196209699
30
0
41
1
10
44.1912081505513
20
12.4860822583747
30
0
41
1
10
43.9440506659393
20
12.4953504586987
30
0
41
1
10
43.2006902407202
20
12.5052534241285
30
0
41
1
10
42.7059915975059
20
12.4878964608402
30
0
41
1
10
42.0871095370505
20
12.4365502596482
30
0
41
1
10
41.9633078069548
20
12.4247980898322
30
0
41
1
10
41.7156141808084
20
12.3983285709593
30
0
41
1
10
41.5916862433539
20
12.3836056352083
30
0
41
1
10
41.2202400545113
20
12.3350605456415
30
0
41
1
10
40.9729185932653
20
12.2968532508318
30
0
41
1
10
40.2314126930071
20
12.1648387662052
30
0
41
1
10
39.7376918571158
20
12.0535967327949
30
0
41
1
10
38.9961320199764
20
11.8524303549141
30
0
41
1
10
38.7487822461772
20
11.7796567005931
30
0
41
1
10
38.3772732235825
20
11.6619712866944
30
0
41
1
10
38.2533484293162
20
11.6213179897248
30
0
41
1
10
38.0057700362219
20
11.5373446405951
30
0
41
1
10
37.8820574741171
20
11.4940066144031
30
0
41
1
10
37.7584020344896
20
11.449327509349
30
0
0
SPLINE
5
1D4
100
AcDbEntity
8
1
62
256
6
ByLayer
370
18
48
1
60
0
100
AcDbSpline
70
4
71
3
72
14
73
10
40
0
40
0
40
0
40
0
40
0.499999999999998
40
0.499999999999998
40
0.749999999999994
40
0.874999999999995
40
0.937499999999997
40
0.937499999999997
40
1
40
1
40
1
40
1
41
1
10
41.4153455492326
20
6.16811662461069
30
0
41
1
10
40.6810877884481
20
6.74316958389721
30
0
41
1
10
39.9487602274176
20
7.29091425068231
30
0
41
1
10
38.8470059943033
20
8.06562682145628
30
0
41
1
10
38.295309662618
20
8.44125805268081
30
0
41
1
10
37.6488479734611
20
8.85760765333305
30
0
41
1
10
37.3710366855774
20
9.03117382155583
30
0
41
1
10
37.1856435387989
20
9.14578179783587
30
0
41
1
10
37.0928169980792
20
9.20255708302119
30
0
41
1
10
36.9999798438723
20
9.25871671822927
30
0
0
SPLINE
5
1D5
100
AcDbEntity
8
1
62
256
6
ByLayer
370
18
48
1
60
0
100
AcDbSpline
70
4
71
3
72
26
73
22
40
0
40
0
40
0
40
0
40
0.250000000000004
40
0.250000000000004
40
0.312500000000005
40
0.312500000000005
40
0.375000000000006
40
0.375000000000006
40
0.500000000000007
40
0.500000000000007
40
0.562500000000008
40
0.562500000000008
40
0.625000000000009
40
0.625000000000009
40
0.750000000000009
40
0.750000000000009
40
0.81250000000001
40
0.81250000000001
40
0.875000000000011
40
0.875000000000011
40
1
40
1
40
1
40
1
41
1
10
37.0000000000123
20
9.25865132888794
30
0
41
1
10
36.8863660469428
20
9.31394776338902
30
0
41
1
10
36.7749473746497
20
9.36046401947388
30
0
41
1
10
36.6376942823572
20
9.40736088117225
30
0
41
1
10
36.6103202096632
20
9.4161805305051
30
0
41
1
10
36.5558932123881
20
9.43261930793213
30
0
41
1
10
36.5288521195709
20
9.4402360900072
30
0
41
1
10
36.4482189242928
20
9.46125551766244
30
0
41
1
10
36.3951159389605
20
9.47283238248642
30
0
41
1
10
36.3163505900158
20
9.48636486722791
30
0
41
1
10
36.2902439116074
20
9.4902356620037
30
0
41
1
10
36.2383153125349
20
9.4966508898722
30
0
41
1
10
36.2124914640056
20
9.49919390635134
30
0
41
1
10
36.1357180631864
20
9.50473359453025
30
0
41
1
10
36.0853687942476
20
9.50566185609867
30
0
41
1
10
36.0110486066721
20
9.50256872150408
30
0
41
1
10
35.9864525478935
20
9.5007852722506
30
0
41
1
10
35.9378094924353
20
9.49565733930694
30
0
41
1
10
35.9137588232393
20
9.49231460880227
30
0
41
1
10
35.8424182127529
20
9.47984551701308
30
0
41
1
10
35.7959365649565
20
9.46829040669945
30
0
41
1
10
35.7505637776808
20
9.45309081346201
30
0
0
SPLINE
5
1D6
100
AcDbEntity
8
1
62
256
6
ByLayer
370
18
48
1
60
0
100
AcDbSpline
70
4
71
3
72
130
73
126
40
0
40
0
40
0
40
0
40
0.0094075414994099
40
0.0186762572709078
40
0.0278061472719585
40
0.0367972114609803
40
0.0456494497973668
40
0.0543628622414961
40
0.0629374487546955
40
0.0713732092992555
40
0.0796701438384045
40
0.0878282523363031
40
0.0958475347580512
40
0.103727991069692
40
0.111469621238242
40
0.11907242523163
40
0.126536403018744
40
0.133861554569418
40
0.141047879854396
40
0.148095378845361
40
0.155004051514935
40
0.161773897836684
40
0.168404917785133
40
0.174897111335746
40
0.181250478464959
40
0.187465019150158
40
0.193540733369689
40
0.199477621102852
40
0.205275682329888
40
0.210934917031989
40
0.216455325191279
40
0.221836906790818
40
0.227079661814606
40
0.232183590247573
40
0.23714869207558
40
0.241974967285442
40
0.246662415864906
40
0.251211037802661
40
0.255620833088346
40
0.259891801712544
40
0.264023943666781
40
0.268017258943535
40
0.271871747536234
40
0.275587409439244
40
0.279164244647885
40
0.282602253158422
40
0.285901434968066
40
0.289061790074975
40
0.292083318478247
40
0.294966020177941
40
0.297709895175044
40
0.300314943471494
40
0.302781165070189
40
0.305108559974949
40
0.307297128190561
40
0.42816439972557
40
0.526166961470447
40
0.601300346410311
40
0.653561061185026
40
0.659141333936169
40
0.664711417696012
40
0.670271312377541
40
0.675821017894171
40
0.681360534159731
40
0.686889861088479
40
0.692408998595079
40
0.697917946594625
40
0.703416705002636
40
0.70890527373503
40
0.714383652708183
40
0.719851841838854
40
0.725309841044264
40
0.730757650242047
40
0.736195269350259
40
0.741622698287398
40
0.747039936972375
40
0.752446985324541
40
0.75784384326365
40
0.763230510709901
40
0.768606987583896
40
0.773973273806664
40
0.779329369299661
40
0.78467527398476
40
0.790010987784257
40
0.79533651062089
40
0.8006518424178
40
0.805956983098579
40
0.811251932587234
40
0.816536690808209
40
0.821811257686367
40
0.827075633147004
40
0.832329817115833
40
0.837573809518997
40
0.842807610283043
40
0.848031219334957
40
0.853244636602147
40
0.858447862012432
40
0.863640895494071
40
0.868823736975743
40
0.873996386386546
40
0.879158843656022
40
0.88431110871413
40
0.889453181491266
40
0.894585061918255
40
0.899706749926342
40
0.904818245447214
40
0.909919548412963
40
0.915010658756124
40
0.92009157640964
40
0.925162301306884
40
0.930222833381648
40
0.935273172568142
40
0.940313318801012
40
0.945343272015311
40
0.950363032146539
40
0.955372599130591
40
0.960371972903812
40
0.965361153402966
40
0.970340140565233
40
0.975308934328225
40
0.980267534629976
40
0.985215941408937
40
0.990154154603994
40
0.995082174154436
40
1
40
1
40
1
40
1
41
1
10
106.412984707765
20
-12.4583133726291
30
0
41
1
10
106.373783408446
20
-12.4611122551231
30
0
41
1
10
106.295959297706
20
-12.4666687174075
30
0
41
1
10
106.180090878123
20
-12.4738304686415
30
0
41
1
10
106.06595793279
20
-12.4800972554438
30
0
41
1
10
105.953560462741
20
-12.4854281557366
30
0
41
1
10
105.842898467704
20
-12.489881404212
30
0
41
1
10
105.733971947751
20
-12.4934886336189
30
0
41
1
10
105.626780902863
20
-12.4962877965127
30
0
41
1
10
105.521325333045
20
-12.4983145362055
30
0
41
1
10
105.417605238295
20
-12.4996044348346
30
0
41
1
10
105.315620618615
20
-12.5001924159179
30
0
41
1
10
105.215371474003
20
-12.5001128918418
30
0
41
1
10
105.11685780446
20
-12.4993997171946
30
0
41
1
10
105.020079609985
20
-12.4980861934364
30
0
41
1
10
104.92503689058
20
-12.4962050607294
30
0
41
1
10
104.831729646242
20
-12.4937884936675
30
0
41
1
10
104.740157876974
20
-12.490868096507
30
0
41
1
10
104.650321582774
20
-12.4874748990251
30
0
41
1
10
104.562220763642
20
-12.4836393526988
30
0
41
1
10
104.475855419579
20
-12.4793913272627
30
0
41
1
10
104.391225550584
20
-12.4747601076086
30
0
41
1
10
104.308331156658
20
-12.4697743910176
30
0
41
1
10
104.227172237799
20
-12.4644622847035
30
0
41
1
10
104.147748794008
20
-12.4588513036555
30
0
41
1
10
104.070060825285
20
-12.4529683687628
30
0
41
1
10
103.994108331629
20
-12.446839805206
30
0
41
1
10
103.919891313042
20
-12.4404913411015
30
0
41
1
10
103.847409769521
20
-12.433948106382
30
0
41
1
10
103.776663701068
20
-12.4272346319027
30
0
41
1
10
103.707653107683
20
-12.4203748487552
30
0
41
1
10
103.640377989364
20
-12.4133920877754
30
0
41
1
10
103.574838346112
20
-12.4063090792358
30
0
41
1
10
103.511034177927
20
-12.399147952709
30
0
41
1
10
103.448965484808
20
-12.3919302370888
30
0
41
1
10
103.388632266755
20
-12.384676860759
30
0
41
1
10
103.330034523768
20
-12.377408151895
30
0
41
1
10
103.273172255846
20
-12.3701438388891
30
0
41
1
10
103.218045462988
20
-12.3629030508863
30
0
41
1
10
103.164654145196
20
-12.355704318421
30
0
41
1
10
103.112998302467
20
-12.3485655741434
30
0
41
1
10
103.063077934801
20
-12.3415041536248
30
0
41
1
10
103.014893042199
20
-12.3345367962338
30
0
41
1
10
102.968443624657
20
-12.3276796460711
30
0
41
1
10
102.923729682177
20
-12.3209482529561
30
0
41
1
10
102.880751214756
20
-12.3143575734552
30
0
41
1
10
102.839508222398
20
-12.3079219719432
30
0
41
1
10
102.800000705078
20
-12.30165522169
30
0
41
1
10
102.762228662881
20
-12.295570505964
30
0
41
1
10
102.726192095501
20
-12.2896804191501
30
0
41
1
10
102.691891003994
20
-12.2839969678494
30
0
41
1
10
102.65932538469
20
-12.2785315720492
30
0
41
1
10
102.628495250219
20
-12.2732950660239
30
0
41
1
10
102.599400557257
20
-12.2682977001093
30
0
41
1
10
102.076932201102
20
-12.1776159024202
30
0
41
1
10
101.155399423475
20
-11.9725234177102
30
0
41
1
10
99.9301647500764
20
-11.5960114952016
30
0
41
1
10
98.9908459745377
20
-11.2464411041693
30
0
41
1
10
98.4367085951034
20
-11.0145961176003
30
0
41
1
10
98.1724715122519
20
-10.8986484067754
30
0
41
1
10
98.1028389697896
20
-10.8678182641711
30
0
41
1
10
98.0333339037303
20
-10.836771619984
30
0
41
1
10
97.9639562610935
20
-10.8055105833883
30
0
41
1
10
97.894706056036
20
-10.7740374706453
30
0
41
1
10
97.8255832847748
20
-10.7423545368917
30
0
41
1
10
97.7565879483208
20
-10.7104640476761
30
0
41
1
10
97.6877200464035
20
-10.6783682597134
30
0
41
1
10
97.6189795790952
20
-10.6460694258995
30
0
41
1
10
97.5503665463765
20
-10.6135697938438
30
0
41
1
10
97.4818809482521
20
-10.5808716061371
30
0
41
1
10
97.4135227847211
20
-10.5479771001564
30
0
41
1
10
97.3452920557833
20
-10.5148885079969
30
0
41
1
10
97.2771887614388
20
-10.4816080563701
30
0
41
1
10
97.2092129016874
20
-10.4481379665136
30
0
41
1
10
97.1413644765289
20
-10.4144804541
30
0
41
1
10
97.0736434859636
20
-10.3806377291464
30
0
41
1
10
97.006049929991
20
-10.3466119959274
30
0
41
1
10
96.9385838086115
20
-10.312405452887
30
0
41
1
10
96.8712451218247
20
-10.2780202925535
30
0
41
1
10
96.8040338696307
20
-10.2434587014523
30
0
41
1
10
96.7369500520294
20
-10.2087228600223
30
0
41
1
10
96.6699936690208
20
-10.1738149425318
30
0
41
1
10
96.6031647206047
20
-10.1387371169973
30
0
41
1
10
96.5364632067812
20
-10.1034915451027
30
0
41
1
10
96.4698891275501
20
-10.0680803821202
30
0
41
1
10
96.4034424829116
20
-10.0325057768325
30
0
41
1
10
96.3371232728655
20
-9.99676987145654
30
0
41
1
10
96.2709314974119
20
-9.9608748015678
30
0
41
1
10
96.2048671565504
20
-9.92482269602729
30
0
41
1
10
96.1389302502817
20
-9.88861567690796
30
0
41
1
10
96.0731207786049
20
-9.85225585942254
30
0
41
1
10
96.0074387415208
20
-9.81574535185143
30
0
41
1
10
95.941884139029
20
-9.77908625547295
30
0
41
1
10
95.8764569711296
20
-9.74228066449402
30
0
41
1
10
95.8111572378225
20
-9.70533066598273
30
0
41
1
10
95.7459849391078
20
-9.66823833980195
30
0
41
1
10
95.6809400749854
20
-9.63100575854409
30
0
41
1
10
95.6160226454555
20
-9.59363498746742
30
0
41
1
10
95.5512326505178
20
-9.55612808443345
30
0
41
1
10
95.4865700901727
20
-9.51848709984534
30
0
41
1
10
95.4220349644199
20
-9.48071407658827
30
0
41
1
10
95.3576272732595
20
-9.44281104996981
30
0
41
1
10
95.2933470166917
20
-9.40478004766285
30
0
41
1
10
95.2291941947164
20
-9.36662308964873
30
0
41
1
10
95.1651688073335
20
-9.3283421881618
30
0
41
1
10
95.1012708545433
20
-9.28993934763568
30
0
41
1
10
95.0375003363457
20
-9.25141656464976
30
0
41
1
10
94.9738572527411
20
-9.21277582787681
30
0
41
1
10
94.9103416037291
20
-9.17401911803069
30
0
41
1
10
94.8469533893099
20
-9.13514840781573
30
0
41
1
10
94.7836926094837
20
-9.0961656618762
30
0
41
1
10
94.7205592642505
20
-9.05707283675108
30
0
41
1
10
94.6575533536102
20
-9.01787188081366
30
0
41
1
10
94.594674877563
20
-8.97856473427376
30
0
41
1
10
94.5319238361092
20
-8.93915332895196
30
0
41
1
10
94.4693002292484
20
-8.89963958890752
30
0
41
1
10
94.4068040569812
20
-8.86002542789467
30
0
41
1
10
94.3444353193071
20
-8.82031275862579
30
0
41
1
10
94.2821940162272
20
-8.78050345810905
30
0
41
1
10
94.2200801477391
20
-8.74059949642165
30
0
41
1
10
94.1580937138512
20
-8.70060245740743
30
0
41
1
10
94.0962347145336
20
-8.66051532176795
30
0
41
1
10
94.0345031498973
20
-8.62033583281053
30
0
41
1
10
93.9728990195295
20
-8.58008117914775
30
0
41
1
10
93.931872079877
20
-8.55312993122757
30
0
41
1
10
93.9113798482735
20
-8.53966825899315
30
0
0
SPLINE
5
1D7
100
AcDbEntity
8
1
62
256
6
ByLayer
370
18
48
1
60
0
100
AcDbSpline
70
4
71
3
72
33
73
29
40
0
40
0
40
0
40
0
40
0.125000000000009
40
0.125000000000009
40
0.250000000000017
40
0.250000000000017
40
0.375000000000026
40
0.375000000000026
40
0.43750000000003
40
0.46875000000003
40
0.46875000000003
40
0.50000000000003
40
0.50000000000003
40
0.625000000000023
40
0.625000000000023
40
0.687500000000017
40
0.687500000000017
40
0.750000000000011
40
0.750000000000011
40
0.781250000000008
40
0.781250000000008
40
0.812500000000005
40
0.812500000000005
40
0.875000000000003
40
0.875000000000003
40
0.937500000000002
40
0.937500000000002
40
1
40
1
40
1
40
1
41
1
10
82.7562721804185
20
0.642763991931503
30
0
41
1
10
83.2185814062856
20
0.227053132498554
30
0
41
1
10
83.6796089909608
20
-0.188572978383149
30
0
41
1
10
84.6011483891199
20
-1.0173780768678
30
0
41
1
10
85.0616591159887
20
-1.43055653492632
30
0
41
1
10
85.9842130728757
20
-2.25215868630912
30
0
41
1
10
86.4462507002842
20
-2.66059149854294
30
0
41
1
10
87.1420061855401
20
-3.26792534246539
30
0
41
1
10
87.4905590610834
20
-3.57026278004989
30
0
41
1
10
87.8404387701186
20
-3.87024441868118
30
0
41
1
10
88.0740216700296
20
-4.0696688654661
30
0
41
1
10
88.1908458746097
20
-4.16898656679012
30
0
41
1
10
88.774657613512
20
-4.66304621992486
30
0
41
1
10
89.2412776599683
20
-5.050693618937
30
0
41
1
10
89.9421492929666
20
-5.61914364637212
30
0
41
1
10
90.1756819459221
20
-5.80624453393355
30
0
41
1
10
90.6425742230759
20
-6.17523369586098
30
0
41
1
10
90.8759762103794
20
-6.35714423140209
30
0
41
1
10
91.2262144134821
20
-6.62593704609651
30
0
41
1
10
91.3429828445962
20
-6.71485690411822
30
0
41
1
10
91.5765973563461
20
-6.89131060327315
30
0
41
1
10
91.6934168931376
20
-6.97882401383896
30
0
41
1
10
92.0436897901507
20
-7.23897993798886
30
0
41
1
10
92.2770624760123
20
-7.40931759233902
30
0
41
1
10
92.7437861339886
20
-7.74357768081575
30
0
41
1
10
92.97713680476
20
-7.90750143830925
30
0
41
1
10
93.4440801337517
20
-8.22869307657626
30
0
41
1
10
93.6777377519154
20
-8.38600101475888
30
0
41
1
10
93.9113798482734
20
-8.53966825899315
30
0
0
SPLINE
5
1D8
100
AcDbEntity
8
1
62
256
6
ByLayer
370
18
48
1
60
0
100
AcDbSpline
70
4
71
3
72
29
73
25
40
0
40
0
40
0
40
0
40
0.0312499999999994
40
0.0312499999999994
40
0.0624999999999988
40
0.0624999999999988
40
0.125
40
0.125
40
0.250000000000001
40
0.250000000000001
40
0.375000000000001
40
0.375000000000001
40
0.500000000000001
40
0.500000000000001
40
0.625000000000002
40
0.625000000000002
40
0.750000000000002
40
0.750000000000002
40
0.812500000000002
40
0.812500000000002
40
0.843750000000003
40
0.843750000000003
40
0.875000000000003
40
1
40
1
40
1
40
1
41
1
10
57.7567355972496
20
12.0082958298532
30
0
41
1
10
57.8409042053685
20
12.0293425951246
30
0
41
1
10
57.9251502608645
20
12.0497435245757
30
0
41
1
10
58.0935250211684
20
12.0891776652749
30
0
41
1
10
58.1776341893526
20
12.1082105995218
30
0
41
1
10
58.4297469424512
20
12.1632806817774
30
0
41
1
10
58.5975350639955
20
12.1972652373412
30
0
41
1
10
59.1001916319487
20
12.291063557967
30
0
41
1
10
59.434353294997
20
12.342736162785
30
0
41
1
10
60.1015838436732
20
12.424506198638
30
0
41
1
10
60.434649784654
20
12.4546546033132
30
0
41
1
10
61.1004633866367
20
12.4933346137481
30
0
41
1
10
61.4332116710985
20
12.5018768571241
30
0
41
1
10
62.0991529237503
20
12.4974251950642
30
0
41
1
10
62.432346290868
20
12.4844167615679
30
0
41
1
10
63.0999530869182
20
12.4367142061785
30
0
41
1
10
63.4343555021665
20
12.4020879570188
30
0
41
1
10
63.9374824065611
20
12.3336394126682
30
0
41
1
10
64.1054474304414
20
12.30806284132
30
0
41
1
10
64.3578481195586
20
12.2655787706694
30
0
41
1
10
64.4420890214066
20
12.2507229837518
30
0
41
1
10
64.6105235261386
20
12.2196685609966
30
0
41
1
10
65.0315375688566
20
12.1386705618662
30
0
41
1
10
65.4523492079318
20
12.0408942945247
30
0
41
1
10
65.7892668524462
20
11.952055292671
30
0
0
SPLINE
5
1D9
100
AcDbEntity
8
1
62
256
6
ByLayer
370
18
48
1
60
0
100
AcDbSpline
70
4
71
3
72
111
73
107
40
0
40
0
40
0
40
0
40
0.0162863175950916
40
0.0322935513621651
40
0.0480217015275956
40
0.0634707683084403
40
0.0786407519123837
40
0.0935316525377955
40
0.108143470373743
40
0.122476205600046
40
0.136529858387325
40
0.150304428897003
40
0.163799917281335
40
0.177016323683389
40
0.189953648236997
40
0.202611891066754
40
0.21499105228796
40
0.227091132006598
40
0.238912130319358
40
0.250454047313615
40
0.261716883067448
40
0.272700637649685
40
0.283405311119897
40
0.293830903528387
40
0.303977414916218
40
0.313844845315229
40
0.323433194748006
40
0.332742463227892
40
0.341772650759015
40
0.350523757336222
40
0.358995782945133
40
0.367188727562154
40
0.375102591154423
40
0.382737373679872
40
0.390093075087222
40
0.397169695315946
40
0.403967234296347
40
0.410485691949508
40
0.416725068187342
40
0.422685362912572
40
0.43198447100052
40
0.441266599894883
40
0.450531749450663
40
0.459779919523563
40
0.469011109969998
40
0.478225320647084
40
0.487422551412614
40
0.496602802125088
40
0.505766072643728
40
0.514912362828443
40
0.524041672539834
40
0.533154001639227
40
0.542249349988662
40
0.551327717450876
40
0.560389103889326
40
0.569433509168181
40
0.57846093315233
40
0.587471375707364
40
0.596464836699571
40
0.605441315995956
40
0.614400813464209
40
0.623343328972744
40
0.632268862390652
40
0.641177413587767
40
0.650068982434584
40
0.658943568802343
40
0.667801172562985
40
0.676641793589178
40
0.685465431754269
40
0.694272086932366
40
0.703061758998252
40
0.711834447827439
40
0.720590153296137
40
0.729328875281253
40
0.73805061366041
40
0.746755368311918
40
0.755443139114805
40
0.764113925948802
40
0.77276772869434
40
0.781404547232576
40
0.790024381445367
40
0.798627231215284
40
0.807213096425618
40
0.815781976960381
40
0.824333872704286
40
0.832868783542772
40
0.841386709361987
40
0.849887650048787
40
0.858371605490722
40
0.866838575576066
40
0.875288560193774
40
0.883721559233533
40
0.892137572585696
40
0.900536600141359
40
0.908918641792303
40
0.917283697431015
40
0.925631766950701
40
0.933962850245269
40
0.94227694720934
40
0.950574057738235
40
0.958854181727982
40
0.96711731907533
40
0.975363469677705
40
0.983592633433265
40
0.991804810240836
40
1
40
1
40
1
40
1
41
1
10
101.413057027205
20
-1.10072463478113
30
0
41
1
10
101.372332051406
20
-1.06418943476416
30
0
41
1
10
101.291579966718
20
-0.991745105259611
30
0
41
1
10
101.171498599814
20
-0.883920594127289
30
0
41
1
10
101.053510804816
20
-0.777917565127126
30
0
41
1
10
100.9376165789
20
-0.673739375643237
30
0
41
1
10
100.823815922803
20
-0.571397969059745
30
0
41
1
10
100.712108836333
20
-0.470902011462982
30
0
41
1
10
100.60249531954
20
-0.372260029321922
30
0
41
1
10
100.494975372411
20
-0.275479633665526
30
0
41
1
10
100.389548994951
20
-0.180567763945959
30
0
41
1
10
100.286216187159
20
-0.0875306655458132
30
0
41
1
10
100.184976949036
20
0.003626064006113
30
0
41
1
10
100.085831280582
20
0.0928974473842743
30
0
41
1
10
99.9887791817982
20
0.180279095682323
30
0
41
1
10
99.8938206526857
20
0.265767178414165
30
0
41
1
10
99.8009556932454
20
0.349358393776896
30
0
41
1
10
99.710184303478
20
0.431049939581783
30
0
41
1
10
99.6215064833845
20
0.51083948476122
30
0
41
1
10
99.534922232966
20
0.588725141485554
30
0
41
1
10
99.4504315522238
20
0.664705437890603
30
0
41
1
10
99.3680344411589
20
0.738779291423526
30
0
41
1
10
99.2877308997729
20
0.810945982814218
30
0
41
1
10
99.2095209280673
20
0.881205130675994
30
0
41
1
10
99.1334045260442
20
0.949556666741358
30
0
41
1
10
99.0593816937051
20
1.01600081173595
30
0
41
1
10
98.9874524310527
20
1.08053805189607
30
0
41
1
10
98.9176167380895
20
1.14316911613082
30
0
41
1
10
98.849874614818
20
1.20389495383213
30
0
41
1
10
98.7842260612419
20
1.26271671333683
30
0
41
1
10
98.7206710773645
20
1.31963572103828
30
0
41
1
10
98.6592096631897
20
1.37465346115374
30
0
41
1
10
98.5998418187236
20
1.42777155614419
30
0
41
1
10
98.542567543967
20
1.47899174779511
30
0
41
1
10
98.4873868389419
20
1.52831587893201
30
0
41
1
10
98.4342997035995
20
1.57574587586592
30
0
41
1
10
98.3833061381466
20
1.6212837312367
30
0
41
1
10
98.3344061418959
20
1.66493148841303
30
0
41
1
10
98.2875997172993
20
1.70669122339328
30
0
41
1
10
98.2338399632974
20
1.75463283159729
30
0
41
1
10
98.1724714809682
20
1.80932796405691
30
0
41
1
10
98.1028389776338
20
1.87134304358392
30
0
41
1
10
98.0333339011237
20
1.93319781173565
30
0
41
1
10
97.9639562612841
20
1.99489096626269
30
0
41
1
10
97.8947060554836
20
2.05642123254799
30
0
41
1
10
97.8255832844251
20
2.11778735102939
30
0
41
1
10
97.7565879479207
20
2.17898808048176
30
0
41
1
10
97.6877200460208
20
2.24002219706023
30
0
41
1
10
97.6189795787114
20
2.30088849447489
30
0
41
1
10
97.5503665459964
20
2.36158578386289
30
0
41
1
10
97.4818809478741
20
2.42211289374046
30
0
41
1
10
97.4135227843454
20
2.48246866993196
30
0
41
1
10
97.3452920554097
20
2.54265197550507
30
0
41
1
10
97.277188761067
20
2.60266169070329
30
0
41
1
10
97.2092129013173
20
2.66249671287815
30
0
41
1
10
97.1413644761605
20
2.72215595642109
30
0
41
1
10
97.0736434855964
20
2.78163835269413
30
0
41
1
10
97.0060499296252
20
2.84094284996075
30
0
41
1
10
96.9385838082466
20
2.90006841331558
30
0
41
1
10
96.8712451214607
20
2.95901402461314
30
0
41
1
10
96.8040338692674
20
3.01777868239708
30
0
41
1
10
96.7369500516667
20
3.07636140182686
30
0
41
1
10
96.6699936686585
20
3.13476121460596
30
0
41
1
10
96.6031647202425
20
3.19297716890782
30
0
41
1
10
96.536463206419
20
3.25100832930289
30
0
41
1
10
96.4698891271878
20
3.30885377668363
30
0
41
1
10
96.403442482549
20
3.36651260819031
30
0
41
1
10
96.3371232725023
20
3.42398393713546
30
0
41
1
10
96.2709314970479
20
3.48126689292872
30
0
41
1
10
96.2048671561858
20
3.53836062099992
30
0
41
1
10
96.1389302499158
20
3.59526428272338
30
0
41
1
10
96.073120778238
20
3.65197705533959
30
0
41
1
10
96.0074387411525
20
3.7084981318776
30
0
41
1
10
95.9418841386592
20
3.76482672107659
30
0
41
1
10
95.876456970758
20
3.82096204730681
30
0
41
1
10
95.8111572374491
20
3.87690335049089
30
0
41
1
10
95.7459849387324
20
3.93264988602397
30
0
41
1
10
95.6809400746078
20
3.98820092469393
30
0
41
1
10
95.6160226450754
20
4.04355575260141
30
0
41
1
10
95.5512326501353
20
4.09871367107885
30
0
41
1
10
95.4865700897874
20
4.15367399661011
30
0
41
1
10
95.4220349640316
20
4.20843606074897
30
0
41
1
10
95.3576272728682
20
4.26299921003792
30
0
41
1
10
95.2933470162971
20
4.31736280592608
30
0
41
1
10
95.2291941943182
20
4.37152622468756
30
0
41
1
10
95.1651688069318
20
4.42548885733879
30
0
41
1
10
95.1012708541379
20
4.47925010955612
30
0
41
1
10
95.0375003359365
20
4.53280940159294
30
0
41
1
10
94.9738572523276
20
4.58616616819626
30
0
41
1
10
94.9103416033113
20
4.6393198585225
30
0
41
1
10
94.8469533888878
20
4.69226993605406
30
0
41
1
10
94.7836926090568
20
4.74501587851353
30
0
41
1
10
94.7205592638188
20
4.79755717778238
30
0
41
1
10
94.6575533531737
20
4.84989333980695
30
0
41
1
10
94.5946748771213
20
4.90202388454523
30
0
41
1
10
94.5319238356621
20
4.95394834576598
30
0
41
1
10
94.469300228796
20
5.00566627139335
30
0
41
1
10
94.4068040565229
20
5.05717722182146
30
0
41
1
10
94.3444353188432
20
5.10848077578359
30
0
41
1
10
94.2821940157572
20
5.15957650810915
30
0
41
1
10
94.220080147263
20
5.21046407207712
30
0
41
1
10
94.1580937133687
20
5.26114289260582
30
0
41
1
10
94.0962347140445
20
5.31161330735083
30
0
41
1
10
94.0345031494017
20
5.36187232079155
30
0
41
1
10
93.9728990190269
20
5.41192940083127
30
0
41
1
10
93.9318720793698
20
5.44517602644672
30
0
41
1
10
93.9113798477639
20
5.46178212863029
30
0
0
SPLINE
5
1DA
100
AcDbEntity
8
1
62
256
6
ByLayer
370
18
48
1
60
0
100
AcDbSpline
70
4
71
3
72
49
73
45
40
0
40
0
40
0
40
0
40
0.0624999999999922
40
0.0624999999999922
40
0.0781249999999909
40
0.0781249999999909
40
0.0937499999999896
40
0.124999999999987
40
0.124999999999987
40
0.187499999999982
40
0.187499999999982
40
0.203124999999982
40
0.203124999999982
40
0.218749999999981
40
0.218749999999981
40
0.249999999999983
40
0.249999999999983
40
0.37499999999999
40
0.37499999999999
40
0.499999999999996
40
0.499999999999996
40
0.562499999999998
40
0.562499999999998
40
0.625
40
0.625
40
0.640624999999999
40
0.640624999999999
40
0.656249999999998
40
0.687499999999996
40
0.718749999999994
40
0.718749999999994
40
0.749999999999992
40
0.749999999999992
40
0.812499999999992
40
0.812499999999992
40
0.843749999999993
40
0.843749999999993
40
0.874999999999993
40
0.874999999999993
40
0.937499999999998
40
0.937499999999998
40
0.968749999999999
40
0.968749999999999
40
1
40
1
40
1
40
1
41
1
10
77.7567551395531
20
12.4872847462263
30
0
41
1
10
78.0935404156422
20
12.5009492018266
30
0
41
1
10
78.4306573201822
20
12.5036680981452
30
0
41
1
10
78.8529980690269
20
12.493064274161
30
0
41
1
10
78.9375378146298
20
12.4902486513183
30
0
41
1
10
79.1065614502511
20
12.4832327304568
30
0
41
1
10
79.3600269024581
20
12.4706332696147
30
0
41
1
10
79.6133395964075
20
12.4518098655202
30
0
41
1
10
80.1199131963558
20
12.4058818407239
30
0
41
1
10
80.457561198446
20
12.3642142989906
30
0
41
1
10
80.8800325299467
20
12.298435155806
30
0
41
1
10
80.964581936664
20
12.2845894176917
30
0
41
1
10
81.1335543019597
20
12.2555638485463
30
0
41
1
10
81.2179551591101
20
12.2403873095245
30
0
41
1
10
81.4709203930586
20
12.192852108474
30
0
41
1
10
81.6392473180578
20
12.1584716930695
30
0
41
1
10
82.4795723660534
20
11.9735936350878
30
0
41
1
10
83.1476491300329
20
11.7841063692718
30
0
41
1
10
84.4817379747277
20
11.3260304284315
30
0
41
1
10
85.147737026131
20
11.0573802988947
30
0
41
1
10
86.1498177476548
20
10.5969784428057
30
0
41
1
10
86.484357391942
20
10.4339420053926
30
0
41
1
10
87.1552501921765
20
10.0889880467177
30
0
41
1
10
87.4916017388386
20
9.9070717780626
30
0
41
1
10
87.9137007034919
20
9.66793470584051
30
0
41
1
10
87.9982396345928
20
9.61949956875245
30
0
41
1
10
88.167267743034
20
9.52159231940939
30
0
41
1
10
88.4207509739481
20
9.37316898890293
30
0
41
1
10
88.8430235792515
20
9.11806293651711
30
0
41
1
10
89.1808281984643
20
8.90590557356182
30
0
41
1
10
89.518725682213
20
8.68978878451497
30
0
41
1
10
89.6877700366004
20
8.57971727023843
30
0
41
1
10
90.194839075293
20
8.24389009531876
30
0
41
1
10
90.5325694121903
20
8.01269108445155
30
0
41
1
10
91.0393046685131
20
7.65540504861215
30
0
41
1
10
91.2082397209787
20
7.53456267910741
30
0
41
1
10
91.5462561914757
20
7.28947737716763
30
0
41
1
10
91.7153275917289
20
7.16524015288087
30
0
41
1
10
92.2221499923122
20
6.78813192689344
30
0
41
1
10
92.5597623981042
20
6.53068356512816
30
0
41
1
10
93.0663749462791
20
6.13603322014001
30
0
41
1
10
93.2352780762149
20
6.00306931693754
30
0
41
1
10
93.5732499304423
20
5.73440191885652
30
0
41
1
10
93.7423265043534
20
5.59869111957539
30
0
41
1
10
93.9113798477638
20
5.46178212863032
30
0
0
SPLINE
5
1DB
100
AcDbEntity
8
1
62
256
6
ByLayer
370
18
48
1
60
0
100
AcDbSpline
70
4
71
3
72
14
73
10
40
0
40
0
40
0
40
0
40
0.499999999999999
40
0.499999999999999
40
0.749999999999998
40
0.749999999999998
40
0.874999999999999
40
0.874999999999999
40
1
40
1
40
1
40
1
41
1
10
113.445561258404
20
-10.1891112708969
30
0
41
1
10
113.490234266181
20
-10.2144101425512
30
0
41
1
10
113.534774948722
20
-10.2353917209721
30
0
41
1
10
113.601466487306
20
-10.2597034276052
30
0
41
1
10
113.623676448836
20
-10.2666019801769
30
0
41
1
10
113.656963987628
20
-10.2749166258532
30
0
41
1
10
113.668055201591
20
-10.2773473201171
30
0
41
1
10
113.690228065106
20
-10.2814639926762
30
0
41
1
10
113.701338174069
20
-10.2831532879069
30
0
41
1
10
113.712375122455
20
-10.2844216008765
30
0
0
SPLINE
5
1DC
100
AcDbEntity
8
1
62
256
6
ByLayer
370
18
48
1
60
0
100
AcDbSpline
70
4
71
1
72
4
73
2
40
0
40
0
40
1
40
1
41
1
10
113.971993048739
20
-9.82862880889397
30
0
41
1
10
113.972894208727
20
-9.84233644343283
30
0
0
SPLINE
5
1DD
100
AcDbEntity
8
1
62
256
6
ByLayer
370
18
48
1
60
0
100
AcDbSpline
70
4
71
1
72
4
73
2
40
0
40
0
40
1
40
1
41
1
10
113.971993048738
20
4.06193323163893
30
0
41
1
10
113.972894208727
20
4.06811463788517
30
0
0
SPLINE
5
1DE
100
AcDbEntity
8
1
62
256
6
ByLayer
370
18
48
1
60
0
100
AcDbSpline
70
4
71
1
72
4
73
2
40
0
40
0
40
1
40
1
41
1
10
113.971993048738
20
11.9712710954883
30
0
41
1
10
113.972894208726
20
11.9882812201389
30
0
0
SPLINE
5
1DF
100
AcDbEntity
8
1
62
256
6
ByLayer
370
18
48
1
60
0
100
AcDbSpline
70
4
71
1
72
4
73
2
40
0
40
0
40
1
40
1
41
1
10
113.971993048738
20
-9.9068315210971
30
0
41
1
10
113.972894208727
20
-9.92114730490414
30
0
0
SPLINE
5
1E0
100
AcDbEntity
8
1
62
256
6
ByLayer
370
18
48
1
60
0
100
AcDbSpline
70
4
71
1
72
4
73
2
40
0
40
0
40
1
40
1
41
1
10
113.971993048738
20
3.93178438009869
30
0
41
1
10
113.972894208727
20
3.9369536740185
30
0
0
SPLINE
5
1E1
100
AcDbEntity
8
1
62
256
6
ByLayer
370
18
48
1
60
0
100
AcDbSpline
70
4
71
3
72
24
73
20
40
0
40
0
40
0
40
0
40
0.155981903388789
40
0.155981903388789
40
0.311963806777579
40
0.311963806777579
40
0.389954758471973
40
0.389954758471973
40
0.428950234319169
40
0.428950234319169
40
0.467945710166365
40
0.467945710166365
40
0.623927613555157
40
0.623927613555157
40
0.779909516943948
40
0.779909516943948
40
0.93589142033274
40
0.93589142033274
40
1
40
1
40
1
40
1
41
1
10
34.1703274592792
20
10.261056110777
30
0
41
1
10
33.9828340313392
20
10.4207079924147
30
0
41
1
10
33.7971069359406
20
10.5696140559925
30
0
41
1
10
33.4292279593274
20
10.8455416157095
30
0
41
1
10
33.2470945066455
20
10.9725680917066
30
0
41
1
10
32.9765006336301
20
11.1460302637986
30
0
41
1
10
32.8867458740236
20
11.2010031984802
30
0
41
1
10
32.7527986447424
20
11.2790768691626
30
0
41
1
10
32.7082428966109
20
11.3043801058641
30
0
41
1
10
32.6197203799202
20
11.3533073110627
30
0
41
1
10
32.575710315053
20
11.3769572435101
30
0
41
1
10
32.3568999750332
20
11.4911454818285
30
0
41
1
10
32.1857737780636
20
11.569514651632
30
0
41
1
10
31.8513542989193
20
11.7001965231966
30
0
41
1
10
31.688076965371
20
11.7525098805955
30
0
41
1
10
31.369214954374
20
11.8304395778317
30
0
41
1
10
31.2136816148867
20
11.8560633753002
30
0
41
1
10
30.9998570838811
20
11.8725393365295
30
0
41
1
10
30.9382386661364
20
11.8749832863198
30
0
41
1
10
30.877295103749
20
11.8750056835457
30
0
0
SPLINE
5
1E2
100
AcDbEntity
8
1
62
256
6
ByLayer
370
18
48
1
60
0
100
AcDbSpline
70
4
71
3
72
72
73
68
40
0
40
0
40
0
40
0
40
0.0093755577148832
40
0.0093755577148832
40
0.08013444644954
40
0.08013444644954
40
0.150893335184197
40
0.150893335184197
40
0.221652223918854
40
0.221652223918854
40
0.292411112653511
40
0.292411112653511
40
0.363170001388168
40
0.363170001388168
40
0.398549445755495
40
0.398549445755495
40
0.416239167939158
40
0.416239167939158
40
0.43392889012282
40
0.43392889012282
40
0.504687778857475
40
0.504687778857475
40
0.540067223224803
40
0.540067223224803
40
0.57544666759213
40
0.57544666759213
40
0.610826111959458
40
0.610826111959458
40
0.646205556326785
40
0.646205556326785
40
0.655050417418616
40
0.655050417418616
40
0.663895278510448
40
0.663895278510448
40
0.68158500069411
40
0.68158500069411
40
0.716964445061434
40
0.716964445061434
40
0.734654167245095
40
0.734654167245095
40
0.743499028336926
40
0.743499028336926
40
0.752343889428757
40
0.752343889428757
40
0.787723333796082
40
0.787723333796082
40
0.823102778163406
40
0.823102778163406
40
0.831947639255237
40
0.831947639255237
40
0.840792500347067
40
0.840792500347067
40
0.858482222530729
40
0.858482222530729
40
0.89386166689805
40
0.89386166689805
40
0.911551389081712
40
0.911551389081712
40
0.920396250173541
40
0.920396250173541
40
0.929241111265371
40
0.929241111265371
40
0.964620555632684
40
0.964620555632684
40
0.982310277816342
40
0.982310277816342
40
1
40
1
40
1
40
1
41
1
10
29.1908143166102
20
-10.9553011726691
30
0
41
1
10
29.1672758612374
20
-10.9656405058923
30
0
41
1
10
29.143765437924
20
-10.9759023464658
30
0
41
1
10
28.9430564771099
20
-11.0629468752101
30
0
41
1
10
28.7674187152209
20
-11.1353764627045
30
0
41
1
10
28.4194588350812
20
-11.2710934030588
30
0
41
1
10
28.2471351616852
20
-11.3343826055271
30
0
41
1
10
27.9062203327816
20
-11.45149046528
30
0
41
1
10
27.737626378436
20
-11.5053115275876
30
0
41
1
10
27.4049308845425
20
-11.6030412204916
30
0
41
1
10
27.2408241486159
20
-11.6469533828578
30
0
41
1
10
26.9183205100821
20
-11.7242234459431
30
0
41
1
10
26.7599134569133
20
-11.7575872535057
30
0
41
1
10
26.52800483842
20
-11.7989842583935
30
0
41
1
10
26.4516584240506
20
-11.8113386795985
30
0
41
1
10
26.3388256700481
20
-11.8275731025055
30
0
41
1
10
26.3015230116836
20
-11.8325966932922
30
0
41
1
10
26.2278565108291
20
-11.8418163264742
30
0
41
1
10
26.1914541398467
20
-11.8460180481933
30
0
41
1
10
26.0117284877208
20
-11.8649531293798
30
0
41
1
10
25.8751916402091
20
-11.87348992358
30
0
41
1
10
25.6845597960591
20
-11.8754818124569
30
0
41
1
10
25.6233916405071
20
-11.8743389966715
30
0
41
1
10
25.506583002014
20
-11.8682179125178
30
0
41
1
10
25.4509397482924
20
-11.8632404074052
30
0
41
1
10
25.3461811322197
20
-11.8491588751104
30
0
41
1
10
25.2970611493843
20
-11.8400560871676
30
0
41
1
10
25.2066839267014
20
-11.8173336852681
30
0
41
1
10
25.1654184607144
20
-11.8037162206689
30
0
41
1
10
25.1199094702527
20
-11.7835349336552
30
0
41
1
10
25.1111129816991
20
-11.7793402381022
30
0
41
1
10
25.0941673211718
20
-11.7706234247312
30
0
41
1
10
25.0860093024262
20
-11.7660953676331
30
0
41
1
10
25.0626795602253
20
-11.7520741837559
30
0
41
1
10
25.0486211368543
20
-11.7421319512732
30
0
41
1
10
25.0112785549199
20
-11.7104904653415
30
0
41
1
10
24.9928043629752
20
-11.6869786261821
30
0
41
1
10
24.9764604796189
20
-11.6479280157532
30
0
41
1
10
24.9729122336992
20
-11.634280158125
30
0
41
1
10
24.9707151710921
20
-11.6128368170953
30
0
41
1
10
24.9705041766609
20
-11.6055270679216
30
0
41
1
10
24.9711773121673
20
-11.5905788837314
30
0
41
1
10
24.972064834997
20
-11.5829321910795
30
0
41
1
10
24.9793120550908
20
-11.5441482043768
30
0
41
1
10
24.9940748620486
20
-11.5111690918898
30
0
41
1
10
25.0430736048603
20
-11.4417714651846
30
0
41
1
10
25.0773025186386
20
-11.4053519751536
30
0
41
1
10
25.1335385793211
20
-11.3579966502973
30
0
41
1
10
25.1454598725153
20
-11.3484341966868
30
0
41
1
10
25.170689799633
20
-11.3291352302279
30
0
41
1
10
25.1840253839735
20
-11.3193816155448
30
0
41
1
10
25.2257454652154
20
-11.2901648405637
30
0
41
1
10
25.255940657216
20
-11.2706645369627
30
0
41
1
10
25.3534749023538
20
-11.2122589786392
30
0
41
1
10
25.427749323857
20
-11.1734508287819
30
0
41
1
10
25.5525025490196
20
-11.1160370333887
30
0
41
1
10
25.5963139317444
20
-11.0970316513776
30
0
41
1
10
25.6653343258361
20
-11.0687948998317
30
0
41
1
10
25.6889306740203
20
-11.0594135965321
30
0
41
1
10
25.7368643474223
20
-11.0408883508303
30
0
41
1
10
25.7612328148786
20
-11.0317308075509
30
0
41
1
10
25.8850117299554
20
-10.9864781437495
30
0
41
1
10
25.990208671216
20
-10.9519890084559
30
0
41
1
10
26.1561964353025
20
-10.9029972369446
30
0
41
1
10
26.2128957312176
20
-10.8871234689075
30
0
41
1
10
26.3289039397296
20
-10.8563172484752
30
0
41
1
10
26.3883498936453
20
-10.8413553900859
30
0
41
1
10
26.4483929689424
20
-10.8270277975067
30
0
0
SPLINE
5
1E3
100
AcDbEntity
8
1
62
256
6
ByLayer
370
18
48
1
60
0
100
AcDbSpline
70
4
71
3
72
35
73
31
40
0
40
0
40
0
40
0
40
0.0624999999999912
40
0.0624999999999912
40
0.0937499999999868
40
0.0937499999999868
40
0.124999999999982
40
0.124999999999982
40
0.187499999999984
40
0.187499999999984
40
0.249999999999986
40
0.249999999999986
40
0.312499999999988
40
0.312499999999988
40
0.37499999999999
40
0.37499999999999
40
0.499999999999994
40
0.499999999999994
40
0.531249999999992
40
0.531249999999992
40
0.56249999999999
40
0.624999999999987
40
0.624999999999987
40
0.749999999999992
40
0.749999999999992
40
0.874999999999996
40
0.874999999999996
40
0.937499999999998
40
0.937499999999998
40
1
40
1
40
1
40
1
41
1
10
26.4483929689418
20
-10.8270277975066
30
0
41
1
10
26.5172007229501
20
-10.8106087606594
30
0
41
1
10
26.5892567812
20
-10.7965731159456
30
0
41
1
10
26.7015286025495
20
-10.7787540901786
30
0
41
1
10
26.7397690954768
20
-10.7733448826276
30
0
41
1
10
26.8164517901864
20
-10.7637025186696
30
0
41
1
10
26.8550077675436
20
-10.759447645239
30
0
41
1
10
26.971255884121
20
-10.7482362995256
30
0
41
1
10
27.0495248971746
20
-10.7428261651395
30
0
41
1
10
27.2073749726744
20
-10.7355913585221
30
0
41
1
10
27.2869699748579
20
-10.7337701609781
30
0
41
1
10
27.4472879855323
20
-10.7333663073813
30
0
41
1
10
27.5268237879963
20
-10.7347837412269
30
0
41
1
10
27.684830065874
20
-10.7403725090541
30
0
41
1
10
27.7632994318236
20
-10.7445463645447
30
0
41
1
10
27.9972830211044
20
-10.7606882670239
30
0
41
1
10
28.1513835251668
20
-10.7762550134326
30
0
41
1
10
28.3419779035467
20
-10.8005470191677
30
0
41
1
10
28.3800253179202
20
-10.8056541549856
30
0
41
1
10
28.4554423408535
20
-10.8162625408078
30
0
41
1
10
28.5677246614127
20
-10.8327876654429
30
0
41
1
10
28.6776010030488
20
-10.8510086479345
30
0
41
1
10
28.8943980402185
20
-10.8893917060179
30
0
41
1
10
29.0350018284708
20
-10.9175594491233
30
0
41
1
10
29.309239665767
20
-10.9776792344005
30
0
41
1
10
29.442866822056
20
-11.0096371861592
30
0
41
1
10
29.6384626005866
20
-11.059566909507
30
0
41
1
10
29.7029796031615
20
-11.0765796029036
30
0
41
1
10
29.8294008182034
20
-11.1108537939073
30
0
41
1
10
29.8913971873114
20
-11.1281366148277
30
0
41
1
10
29.9522490192433
20
-11.1455007133625
30
0
0
SPLINE
5
1E4
100
AcDbEntity
8
1
62
256
6
ByLayer
370
18
48
1
60
0
100
AcDbSpline
70
4
71
3
72
10
73
6
40
0
40
0
40
0
40
0
40
0.5
40
0.5
40
1
40
1
40
1
40
1
41
1
10
29.9522129755485
20
-11.1454904286639
30
0
41
1
10
30.6561423956089
20
-11.3532826650036
30
0
41
1
10
31.358385493805
20
-11.5176474151676
30
0
41
1
10
32.7662150656856
20
-11.7573001751084
30
0
41
1
10
33.4677493714901
20
-11.8319006359989
30
0
41
1
10
34.1703274592791
20
-11.861036347899
30
0
0
SPLINE
5
1E5
100
AcDbEntity
8
1
62
256
6
ByLayer
370
18
48
1
60
0
100
AcDbSpline
70
4
71
3
72
38
73
34
40
0
40
0
40
0
40
0
40
0.0312499999999909
40
0.0312499999999909
40
0.0624999999999818
40
0.0624999999999818
40
0.124999999999974
40
0.124999999999974
40
0.140624999999979
40
0.140624999999979
40
0.156249999999985
40
0.187499999999986
40
0.187499999999986
40
0.249999999999989
40
0.249999999999989
40
0.312499999999991
40
0.312499999999991
40
0.343749999999997
40
0.343749999999997
40
0.375000000000003
40
0.375000000000003
40
0.499999999999997
40
0.499999999999997
40
0.62499999999999
40
0.62499999999999
40
0.656249999999989
40
0.656249999999989
40
0.687499999999987
40
0.749999999999993
40
0.749999999999993
40
0.874999999999997
40
0.874999999999997
40
1
40
1
40
1
40
1
41
1
10
26.4483929689398
20
1.90916993518755
30
0
41
1
10
26.4832594420246
20
1.92916202319398
30
0
41
1
10
26.5188138352922
20
1.9474698631679
30
0
41
1
10
26.5909984542821
20
1.98101290827122
30
0
41
1
10
26.627655219126
20
1.99626192382385
30
0
41
1
10
26.7391617909604
20
2.0378720425739
30
0
41
1
10
26.8155391788274
20
2.06012010467686
30
0
41
1
10
26.9132160752525
20
2.08200828498366
30
0
41
1
10
26.9328927506723
20
2.08609347946751
30
0
41
1
10
26.9723069758403
20
2.09365509365392
30
0
41
1
10
27.0314561548503
20
2.10407497585169
30
0
41
1
10
27.0906843455348
20
2.11187796443872
30
0
41
1
10
27.2092365737066
20
2.12431160104569
30
0
41
1
10
27.2883987128228
20
2.12838690103519
30
0
41
1
10
27.4469426439679
20
2.12927207002744
30
0
41
1
10
27.5263246591997
20
2.12607444836499
30
0
41
1
10
27.6455463020918
20
2.11635985332083
30
0
41
1
10
27.6853709703678
20
2.11229178314838
30
0
41
1
10
27.7647958051605
20
2.10260802298504
30
0
41
1
10
27.8042814459896
20
2.0970091675344
30
0
41
1
10
28.0006513058907
20
2.06547940968218
30
0
41
1
10
28.1543968179238
20
2.02906447760651
30
0
41
1
10
28.4564030415901
20
1.93781957550951
30
0
41
1
10
28.6046482710405
20
1.88293774030757
30
0
41
1
10
28.7868852825866
20
1.80394946755757
30
0
41
1
10
28.8232190185665
20
1.78761009340991
30
0
41
1
10
28.8953898605967
20
1.75399527153283
30
0
41
1
10
29.0027318833348
20
1.70225134476462
30
0
41
1
10
29.1074457868158
20
1.64670095006244
30
0
41
1
10
29.313612295765
20
1.53085803096238
30
0
41
1
10
29.4467198919151
20
1.44732331954143
30
0
41
1
10
29.7051697663613
20
1.26886369409766
30
0
41
1
10
29.8305064830618
20
1.17393087473215
30
0
41
1
10
29.9522494753644
20
1.07367634498999
30
0
0
SPLINE
5
1E6
100
AcDbEntity
8
1
62
256
6
ByLayer
370
18
48
1
60
0
100
AcDbSpline
70
4
71
3
72
10
73
6
40
0
40
0
40
0
40
0
40
0.5
40
0.5
40
1
40
1
40
1
40
1
41
1
10
29.9522129755486
20
1.07370640111503
30
0
41
1
10
30.656142395609
20
0.474042906048084
30
0
41
1
10
31.358385493805
20
-0.128319821217019
30
0
41
1
10
32.7662150656857
20
-1.3302812931025
30
0
41
1
10
33.46774937149
20
-1.92641462088864
30
0
41
1
10
34.1703274592791
20
-2.51376915399439
30
0
0
SPLINE
5
1E7
100
AcDbEntity
8
1
62
256
6
ByLayer
370
18
48
1
60
0
100
AcDbSpline
70
4
71
3
72
8
73
4
40
0
40
0
40
0
40
0
40
1
40
1
40
1
40
1
41
1
10
35.7505637776806
20
-3.7859366401992
30
0
41
1
10
35.7275323639905
20
-3.75850456391433
30
0
41
1
10
35.7048573087491
20
-3.73134414272573
30
0
41
1
10
35.6825472690436
20
-3.70447946112031
30
0
0
SPLINE
5
1E8
100
AcDbEntity
8
1
62
256
6
ByLayer
370
13
48
1
60
0
100
AcDbSpline
70
4
71
3
72
8
73
4
40
0
40
0
40
0
40
0
40
1
40
1
40
1
40
1
41
1
10
37.0004518209294
20
-5.12595371402318
30
0
41
1
10
37.0003041620472
20
-5.12595939161238
30
0
41
1
10
37.0001565031071
20
-5.12596506863349
30
0
41
1
10
37.0000088441092
20
-5.12597074508648
30
0
0
SPLINE
5
1E9
100
AcDbEntity
8
1
62
256
6
ByLayer
370
18
48
1
60
0
100
AcDbSpline
70
4
71
3
72
26
73
22
40
0
40
0
40
0
40
0
40
0.249999999999971
40
0.249999999999971
40
0.312499999999968
40
0.312499999999968
40
0.374999999999964
40
0.374999999999964
40
0.499999999999973
40
0.499999999999973
40
0.562499999999976
40
0.562499999999976
40
0.62499999999998
40
0.62499999999998
40
0.74999999999999
40
0.74999999999999
40
0.812499999999995
40
0.812499999999995
40
0.875000000000001
40
0.875000000000001
40
1
40
1
40
1
40
1
41
1
10
37.0000000000122
20
-5.12594703233617
30
0
41
1
10
36.8863660469426
20
-5.0210259352553
30
0
41
1
10
36.7749473746495
20
-4.91271372900852
30
0
41
1
10
36.637694282357
20
-4.7738473381076
30
0
41
1
10
36.6103202096632
20
-4.74587282899876
30
0
41
1
10
36.555893212388
20
-4.68972607422447
30
0
41
1
10
36.5288521195708
20
-4.66156666006736
30
0
41
1
10
36.4482189242927
20
-4.57685746839019
30
0
41
1
10
36.3951159389604
20
-4.52007702036559
30
0
41
1
10
36.3163505900157
20
-4.43454637226736
30
0
41
1
10
36.2902439116072
20
-4.40597607700136
30
0
41
1
10
36.2383153125348
20
-4.34873161299933
30
0
41
1
10
36.2124914640055
20
-4.32005480725593
30
0
41
1
10
36.1357180631863
20
-4.23421612739008
30
0
41
1
10
36.0853687942476
20
-4.17713950802613
30
0
41
1
10
36.0110486066721
20
-4.09188508246444
30
0
41
1
10
35.9864525478934
20
-4.06349963022009
30
0
41
1
10
35.9378094924352
20
-4.00704961494091
30
0
41
1
10
35.9137588232392
20
-3.97898122933782
30
0
41
1
10
35.8424182127528
20
-3.8952944178877
30
0
41
1
10
35.7959365649564
20
-3.84019107342385
30
0
41
1
10
35.7505637776807
20
-3.78593664019925
30
0
0
SPLINE
5
1EA
100
AcDbEntity
8
1
62
256
6
ByLayer
370
18
48
1
60
0
100
AcDbSpline
70
4
71
3
72
14
73
10
40
0
40
0
40
0
40
0
40
0.25
40
0.25
40
0.375
40
0.375
40
0.5
40
0.5
40
1
40
1
40
1
40
1
41
1
10
65.7892668524426
20
-0.44216189914431
30
0
41
1
10
65.5363552775117
20
-0.214583339095924
30
0
41
1
10
65.2835948395785
20
0.0130786997584096
30
0
41
1
10
64.9044287161624
20
0.354416749715654
30
0
41
1
10
64.7780357665935
20
0.468170262388668
30
0
41
1
10
64.5251990039854
20
0.695578527633359
30
0
41
1
10
64.3987252473203
20
0.809260060637257
30
0
41
1
10
63.76666520253
20
1.37681591253613
30
0
41
1
10
63.2618010102852
20
1.82832396250563
30
0
41
1
10
62.7563565545756
20
2.27582077597461
30
0
0
SPLINE
5
1EB
100
AcDbEntity
8
1
62
256
6
ByLayer
370
18
48
1
60
0
100
AcDbSpline
70
4
71
3
72
48
73
44
40
0
40
0
40
0
40
0
40
0.0156250000000003
40
0.0156250000000003
40
0.0312500000000008
40
0.0312500000000008
40
0.0625000000000016
40
0.0625000000000016
40
0.125
40
0.15625
40
0.15625
40
0.187499999999999
40
0.187499999999999
40
0.250000000000001
40
0.250000000000001
40
0.312500000000002
40
0.312500000000002
40
0.375000000000004
40
0.375000000000004
40
0.406250000000005
40
0.406250000000005
40
0.421875000000003
40
0.421875000000003
40
0.437500000000002
40
0.437500000000002
40
0.500000000000001
40
0.500000000000001
40
0.5625
40
0.5625
40
0.624999999999999
40
0.624999999999999
40
0.749999999999997
40
0.749999999999997
40
0.812499999999996
40
0.812499999999996
40
0.843749999999995
40
0.859374999999996
40
0.859374999999996
40
0.874999999999996
40
0.874999999999996
40
0.937499999999998
40
0.937499999999998
40
1
40
1
40
1
40
1
41
1
10
81.4128355922589
20
1.84590301145417
30
0
41
1
10
81.3312927976674
20
1.9185198191027
30
0
41
1
10
81.2496785457363
20
1.99110474631084
30
0
41
1
10
81.0862955808405
20
2.13619683847642
30
0
41
1
10
81.004493630412
20
2.20873344234999
30
0
41
1
10
80.7591031709671
20
2.42597300055698
30
0
41
1
10
80.5955974882483
20
2.57024652631969
30
0
41
1
10
80.1052124401656
20
3.00125951118161
30
0
41
1
10
79.6150928110131
20
3.42865521672141
30
0
41
1
10
79.124550027114
20
3.84973728460832
30
0
41
1
10
78.7973351082576
20
4.12895755364889
30
0
41
1
10
78.6338492928271
20
4.26763499003394
30
0
41
1
10
78.1439389715536
20
4.68044942692168
30
0
41
1
10
77.8179225176555
20
4.95149001528617
30
0
41
1
10
77.1663150128875
20
5.4846370732603
30
0
41
1
10
76.8407321205581
20
5.74672310484308
30
0
41
1
10
76.1892891734367
20
6.26119910692287
30
0
41
1
10
75.8634281367376
20
6.51360227456851
30
0
41
1
10
75.3738860102051
20
6.88435251782843
30
0
41
1
10
75.2105802329529
20
7.00661734017123
30
0
41
1
10
74.965363071871
20
7.1879927951797
30
0
41
1
10
74.8835428757513
20
7.24814154928822
30
0
41
1
10
74.7199957565256
20
7.36761126670615
30
0
41
1
10
74.6383019931972
20
7.42690840694581
30
0
41
1
10
74.2302034457043
20
7.72118849291496
30
0
41
1
10
73.9049097218574
20
7.9495510672883
30
0
41
1
10
73.255950548691
20
8.39177020628745
30
0
41
1
10
72.9322817481662
20
8.60564476353511
30
0
41
1
10
72.2858604122713
20
9.01845115326856
30
0
41
1
10
71.9631092773424
20
9.21736605942425
30
0
41
1
10
70.9951486945707
20
9.79118663563924
30
0
41
1
10
70.350262642475
20
10.1430510390881
30
0
41
1
10
69.3793552184563
20
10.6214838210845
30
0
41
1
10
69.0551214744871
20
10.7726853451237
30
0
41
1
10
68.5673290517491
20
10.9867238762309
30
0
41
1
10
68.3230722944445
20
11.0905356497325
30
0
41
1
10
68.0781689244121
20
11.1894278882263
30
0
41
1
10
67.9147442952791
20
11.2542513322863
30
0
41
1
10
67.832919874213
20
11.2861234349083
30
0
41
1
10
67.4239606372101
20
11.4424693600427
30
0
41
1
10
67.0971399043084
20
11.5580009797701
30
0
41
1
10
66.4434661113528
20
11.7696568743277
30
0
41
1
10
66.1166150519373
20
11.8657373560813
30
0
41
1
10
65.7893765008874
20
11.9520263800165
30
0
0
SPLINE
5
1EC
100
AcDbEntity
8
1
62
256
6
ByLayer
370
18
48
1
60
0
100
AcDbSpline
70
4
71
3
72
24
73
20
40
0
40
0
40
0
40
0
40
0.0361230625642898
40
0.0361230625642898
40
0.123748238694824
40
0.123748238694824
40
0.298998590955872
40
0.298998590955872
40
0.386623767086396
40
0.386623767086396
40
0.47424894321692
40
0.47424894321692
40
0.649499295477947
40
0.649499295477947
40
0.737124471608461
40
0.737124471608461
40
0.824749647738974
40
0.824749647738974
40
1
40
1
40
1
40
1
41
1
10
36.6168385974483
20
-12.282693265818
30
0
41
1
10
36.6055712710182
20
-12.2797347800852
30
0
41
1
10
36.5943253465506
20
-12.2766618429241
30
0
41
1
10
36.5558932123875
20
-12.2657468644216
30
0
41
1
10
36.5288521195703
20
-12.2573567535324
30
0
41
1
10
36.4482189242922
20
-12.2301946196914
30
0
41
1
10
36.3951159389599
20
-12.2094361733103
30
0
41
1
10
36.3163505900154
20
-12.1741996205245
30
0
41
1
10
36.2902439116069
20
-12.1617696574266
30
0
41
1
10
36.2383153125345
20
-12.1355031475754
30
0
41
1
10
36.2124914640052
20
-12.1216636519324
30
0
41
1
10
36.1357180631861
20
-12.0781329393216
30
0
41
1
10
36.0853687942474
20
-12.046389796246
30
0
41
1
10
36.0110486066719
20
-11.9944258742172
30
0
41
1
10
35.9864525478933
20
-11.9763591192786
30
0
41
1
10
35.9378094924352
20
-11.9388239317242
30
0
41
1
10
35.9137588232392
20
-11.919355090644
30
0
41
1
10
35.8424182127529
20
-11.8587663443036
30
0
41
1
10
35.7959365649566
20
-11.815474687996
30
0
41
1
10
35.750563777681
20
-11.7689677127995
30
0
0
SPLINE
5
1ED
100
AcDbEntity
8
SK1
62
256
6
ByLayer
370
18
48
1
60
0
100
AcDbSpline
70
4
71
3
72
14
73
10
40
0
40
0
40
0
40
0
40
0.125
40
0.125
40
0.25
40
0.25
40
0.5
40
0.5
40
1
40
1
40
1
40
1
41
1
10
-55
20
10.5000000000002
30
0
41
1
10
-55.0461557170484
20
10.5000000000002
30
0
41
1
10
-55.091865025733
20
10.5000000000002
30
0
41
1
10
-55.1823401362854
20
10.5000000000002
30
0
41
1
10
-55.2271265263376
20
10.5000000000002
30
0
41
1
10
-55.3597647727655
20
10.5000000000002
30
0
41
1
10
-55.4459345770991
20
10.5000000000002
30
0
41
1
10
-55.6970038587679
20
10.5000000000002
30
0
41
1
10
-55.854487966443
20
10.5000000000002
30
0
41
1
10
-56
20
10.5000000000002
30
0
0
SPLINE
5
1EE
100
AcDbEntity
8
1
62
256
6
ByLayer
370
18
48
1
60
0
100
AcDbSpline
70
4
71
1
72
4
73
2
40
0
40
0
40
1
40
1
41
1
10
81.3843992368261
20
1.87145558580386
30
0
41
1
10
81.343741243968
20
1.90741278738776
30
0
0
SPLINE
5
1EF
100
AcDbEntity
8
1
62
256
6
ByLayer
370
18
48
1
60
0
100
AcDbSpline
70
4
71
2
72
6
73
3
40
0
40
0
40
0
40
1
40
1
40
1
41
1
10
113.679950381501
20
-11.0360754827586
30
0
41
1
10
113.684515665402
20
-11.0181852894909
30
0
41
1
10
113.689080949303
20
-11.0002950962232
30
0
0
SPLINE
5
1F0
100
AcDbEntity
8
1
62
256
6
ByLayer
370
18
48
1
60
0
100
AcDbSpline
70
4
71
2
72
6
73
3
40
0
40
0
40
0
40
1
40
1
40
1
41
1
10
113.702906352998
20
-10.946116834919
30
0
41
1
10
113.810250423389
20
-10.525462565189
30
0
41
1
10
113.91759449378
20
-10.1048082954588
30
0
0
SPLINE
5
1F1
100
AcDbEntity
8
1
62
256
6
ByLayer
370
18
48
1
60
0
100
AcDbSpline
70
4
71
3
72
15
73
11
40
0
40
0
40
0
40
0
40
0.177561719892719
40
0.321790650959863
40
0.433259510920217
40
0.534803677376476
40
0.634863272204699
40
0.735552842377722
40
0.853468611659115
40
1
40
1
40
1
40
1
41
1
10
107.721946929426
20
-12.3235220754779
30
0
41
1
10
107.962520946464
20
-12.2973544616152
30
0
41
1
10
108.398653989953
20
-12.2500753364421
30
0
41
1
10
108.985951295056
20
-12.1867273446379
30
0
41
1
10
109.470835418231
20
-12.1347855382261
30
0
41
1
10
109.894696175858
20
-12.089725276203
30
0
41
1
10
110.300298110531
20
-12.0468038259035
30
0
41
1
10
110.723329264542
20
-12.001032673362
30
0
41
1
10
111.225214002241
20
-11.9501652241494
30
0
41
1
10
111.565706846689
20
-11.9159417968766
30
0
41
1
10
111.750916673359
20
-11.8976650827196
30
0
0
SPLINE
5
1F2
100
AcDbEntity
8
1
62
256
6
ByLayer
370
18
48
1
60
0
100
AcDbSpline
70
4
71
3
72
17
73
13
40
0
40
0
40
0
40
0
40
0.136813656336985
40
0.259786371473558
40
0.34731618716691
40
0.402792998413844
40
0.45045584467507
40
0.495694029432818
40
0.564330907932193
40
0.663388786860685
40
0.805541238001174
40
1
40
1
40
1
40
1
41
1
10
37.0052602291706
20
-12.3444866909518
30
0
41
1
10
37.1955581215832
20
-12.3244716445975
30
0
41
1
10
37.5580902200464
20
-12.2860755162395
30
0
41
1
10
38.0451975431602
20
-12.2335993903512
30
0
41
1
10
38.4208740920905
20
-12.1929945193016
30
0
41
1
10
38.6922463839781
20
-12.1637352729029
30
0
41
1
10
38.9030109937703
20
-12.141104279473
30
0
41
1
10
39.1325283945408
20
-12.1165411905443
30
0
41
1
10
39.4354082016823
20
-12.0842942334341
30
0
41
1
10
39.874712495348
20
-12.0377463182065
30
0
41
1
10
40.4955301963673
20
-11.9728745208637
30
0
41
1
10
40.9709963381908
20
-11.924151956653
30
0
41
1
10
41.245019829434
20
-11.8963952738462
30
0
0
SPLINE
5
1F3
100
AcDbEntity
8
1
62
256
6
ByLayer
370
18
48
1
60
0
100
AcDbSpline
70
4
71
3
72
15
73
11
40
0
40
0
40
0
40
0
40
0.0039912236661545
40
0.14895751650243
40
0.292347609726762
40
0.430775373384823
40
0.568450087709786
40
0.710910741812341
40
0.855881519083461
40
1
40
1
40
1
40
1
41
1
10
107.191610340742
20
-11.9893089476737
30
0
41
1
10
107.192550548847
20
-11.9890388568622
30
0
41
1
10
107.227663550421
20
-11.9791252021825
30
0
41
1
10
107.3010643889
20
-11.9793237439778
30
0
41
1
10
107.404944775881
20
-11.9924075847969
30
0
41
1
10
107.50233242638
20
-12.0279465979511
30
0
41
1
10
107.590037297862
20
-12.0813950690117
30
0
41
1
10
107.665903422235
20
-12.1524578638982
30
0
41
1
10
107.725858166307
20
-12.2391740333882
30
0
41
1
10
107.75217388243
20
-12.3033688577562
30
0
41
1
10
107.76204678011
20
-12.3371973070335
30
0
0
SPLINE
5
1F4
100
AcDbEntity
8
1
62
256
6
ByLayer
370
18
48
1
60
0
100
AcDbSpline
70
4
71
3
72
19
73
15
40
0
40
0
40
0
40
0
40
0.144309836976563
40
0.254916817358785
40
0.331906120383185
40
0.379108860741039
40
0.421847399172637
40
0.464870374536225
40
0.508188142414651
40
0.559666739751318
40
0.634421152680965
40
0.732785663690972
40
0.854684882751479
40
1
40
1
40
1
40
1
41
1
10
88.8075182588558
20
-12.4060616223408
30
0
41
1
10
89.0374297205323
20
-12.3806700802306
30
0
41
1
10
89.4435708415408
20
-12.3359692006935
30
0
41
1
10
89.972324670531
20
-12.2779954043642
30
0
41
1
10
90.3464886521742
20
-12.2373122255621
30
0
41
1
10
90.6116611359587
20
-12.2087651651174
30
0
41
1
10
90.8230369045273
20
-12.1860371786892
30
0
41
1
10
91.0284722155826
20
-12.1639657893152
30
0
41
1
10
91.2479797899336
20
-12.1404126487907
30
0
41
1
10
91.5181266587172
20
-12.1114739320509
30
0
41
1
10
91.8759416072836
20
-12.073251123991
30
0
41
1
10
92.3459358180191
20
-12.0233068604299
30
0
41
1
10
92.9283150151225
20
-11.9621102733822
30
0
41
1
10
93.3540539380311
20
-11.9186614340175
30
0
41
1
10
93.5855866906209
20
-11.8953505826838
30
0
0
SPLINE
5
1F5
100
AcDbEntity
8
1
62
256
6
ByLayer
370
18
48
1
60
0
100
AcDbSpline
70
4
71
3
72
16
73
12
40
0
40
0
40
0
40
0
40
0.139995078217933
40
0.243792616843415
40
0.311482410153904
40
0.366334792146986
40
0.425817593934859
40
0.507718469254938
40
0.624734175464649
40
0.788786284149238
40
1
40
1
40
1
40
1
41
1
10
72.0903651587721
20
-12.4059442897614
30
0
41
1
10
72.3128856397109
20
-12.381415396627
30
0
41
1
10
72.700477405069
20
-12.3388134016559
30
0
41
1
10
73.1956625812253
20
-12.2846208440347
30
0
41
1
10
73.5558465997835
20
-12.2453882583868
30
0
41
1
10
73.8455252235104
20
-12.2139148862008
30
0
41
1
10
74.1578135079807
20
-12.1800665214749
30
0
41
1
10
74.5689644617846
20
-12.135678314262
30
0
41
1
10
75.1464488600753
20
-12.0737834492615
30
0
41
1
10
75.9297313021498
20
-11.9917607592977
30
0
41
1
10
76.526812069905
20
-11.9303379354373
30
0
41
1
10
76.8628742795902
20
-11.8961985997675
30
0
0
SPLINE
5
1F6
100
AcDbEntity
8
1
62
256
6
ByLayer
370
18
48
1
60
0
100
AcDbSpline
70
4
71
1
72
4
73
2
40
0
40
0
40
1
40
1
41
1
10
33.0273293003982
20
11.4752929074938
30
0
41
1
10
31.3774182789394
20
11.8244852774596
30
0
0
SPLINE
5
1F7
100
AcDbEntity
8
1
62
256
6
ByLayer
370
18
48
1
60
0
100
AcDbSpline
70
4
71
3
72
17
73
13
40
0
40
0
40
0
40
0
40
0.145423318453638
40
0.236486081807824
40
0.316162721723632
40
0.38596466767819
40
0.451185015675083
40
0.543429172658193
40
0.638786534799056
40
0.721060941477459
40
0.837720738164771
40
1
40
1
40
1
40
1
41
1
10
54.6456974733713
20
-12.4058375119395
30
0
41
1
10
54.8729442431671
20
-12.3805763462109
30
0
41
1
10
55.244023759243
20
-12.3396158245652
30
0
41
1
10
55.7527988182091
20
-12.2841798167875
30
0
41
1
10
56.1283907244813
20
-12.2434773010678
30
0
41
1
10
56.4720201045929
20
-12.2059928262076
30
0
41
1
10
56.8343649667218
20
-12.1668419986131
30
0
41
1
10
57.2376426808462
20
-12.1234437289299
30
0
41
1
10
57.6683749741719
20
-12.0774980901536
30
0
41
1
10
58.1385916329456
20
-12.0278807684772
30
0
41
1
10
58.7151231640035
20
-11.9680903237169
30
0
41
1
10
59.1598147665173
20
-11.9223569750616
30
0
41
1
10
59.4183336440317
20
-11.895975131506
30
0
0
SPLINE
5
1F8
100
AcDbEntity
8
1
62
256
6
ByLayer
370
18
48
1
60
0
100
AcDbSpline
70
4
71
2
72
6
73
3
40
0
40
0
40
0
40
1
40
1
40
1
41
1
10
113.96558852343
20
3.95737893648985
30
0
41
1
10
113.831165736951
20
4.91890534523307
30
0
41
1
10
113.696742950473
20
5.88043175397635
30
0
0
SPLINE
5
1F9
100
AcDbEntity
8
1
62
256
6
ByLayer
370
18
48
1
60
0
100
AcDbSpline
70
4
71
3
72
17
73
13
40
0
40
0
40
0
40
0
40
0.16221208509901
40
0.282434636197189
40
0.37013215526071
40
0.433233107665359
40
0.488575848675313
40
0.545873260970751
40
0.642000515363624
40
0.754817449878786
40
0.874689159883314
40
1
40
1
40
1
40
1
41
1
10
103.035171735018
20
11.8958212179006
30
0
41
1
10
102.776907083775
20
11.9218521079017
30
0
41
1
10
102.325731471109
20
11.9679374918509
30
0
41
1
10
101.726644741734
20
12.030529217096
30
0
41
1
10
101.291700302128
20
12.0767174272294
30
0
41
1
10
100.958895851056
20
12.1121630285702
30
0
41
1
10
100.675687827411
20
12.1425112880903
30
0
41
1
10
100.339948670702
20
12.1786123279751
30
0
41
1
10
99.9084735122086
20
12.2254217336708
30
0
41
1
10
99.3894007954627
20
12.2813536289103
30
0
41
1
10
98.8053181433286
20
12.3448834488721
30
0
41
1
10
98.4223698072239
20
12.3875862283722
30
0
41
1
10
98.228470623338
20
12.4094327596258
30
0
0
SPLINE
5
1FA
100
AcDbEntity
8
1
62
256
6
ByLayer
370
18
48
1
60
0
100
AcDbSpline
70
4
71
3
72
17
73
13
40
0
40
0
40
0
40
0
40
0.150793286562448
40
0.272891520323481
40
0.376649326660816
40
0.472117829358234
40
0.525840722593578
40
0.569216847135473
40
0.628709044874457
40
0.720060236894406
40
0.843761566899206
40
1
40
1
40
1
40
1
41
1
10
49.9675201364406
20
11.8964695009227
30
0
41
1
10
49.7314068810711
20
11.9201252171363
30
0
41
1
10
49.3016703213254
20
11.9638016921416
30
0
41
1
10
48.6966023627273
20
12.0267037119251
30
0
41
1
10
48.1853242841376
20
12.0811773422804
30
0
41
1
10
47.7807514778896
20
12.1243792345616
30
0
41
1
10
47.4721807892093
20
12.1576014158099
30
0
41
1
10
47.2313471928342
20
12.1832589001928
30
0
41
1
10
46.9217088938111
20
12.2163996671613
30
0
41
1
10
46.4826141381172
20
12.2640263680658
30
0
41
1
10
45.8894576843261
20
12.3293233495974
30
0
41
1
10
45.4432541327783
20
12.3785116411246
30
0
41
1
10
45.1945034417635
20
12.4060381207862
30
0
0
SPLINE
5
1FB
100
AcDbEntity
8
1
62
256
6
ByLayer
370
18
48
1
60
0
100
AcDbSpline
70
4
71
3
72
18
73
14
40
0
40
0
40
0
40
0
40
0.154835230542288
40
0.265113297288159
40
0.33331892287622
40
0.399518777644567
40
0.477685408983073
40
0.584689242669731
40
0.670523592946003
40
0.70639563182603
40
0.768544615642961
40
0.866395186572957
40
1
40
1
40
1
40
1
41
1
10
68.1406403623309
20
11.8960894527523
30
0
41
1
10
67.8945131843342
20
11.9211343049712
30
0
41
1
10
67.4729330046096
20
11.9643739760019
30
0
41
1
10
66.9427016043701
20
12.0194037746173
30
0
41
1
10
66.5531370139959
20
12.060302542319
30
0
41
1
10
66.2147593095947
20
12.0961825649532
30
0
41
1
10
65.814723082601
20
12.1390430300228
30
0
41
1
10
65.3835003055533
20
12.1856251597714
30
0
41
1
10
65.0195807822167
20
12.2251244371689
30
0
41
1
10
64.7270751783044
20
12.2569473744177
30
0
41
1
10
64.415550873973
20
12.2908983374826
30
0
41
1
10
63.9485361992823
20
12.3420055314714
30
0
41
1
10
63.5803217764802
20
12.3824892105099
30
0
41
1
10
63.3677556921254
20
12.4059278904511
30
0
0
SPLINE
5
1FC
100
AcDbEntity
8
1
62
256
6
ByLayer
370
18
48
1
60
0
100
AcDbSpline
70
4
71
3
72
17
73
13
40
0
40
0
40
0
40
0
40
0.0842140623584826
40
0.157397918465781
40
0.252560934556164
40
0.334147227624027
40
0.402967746056699
40
0.47301663186197
40
0.592229441268414
40
0.706426368138004
40
0.831603590366247
40
1
40
1
40
1
40
1
41
1
10
84.8593719751894
20
11.8961958814514
30
0
41
1
10
84.7307254650588
20
11.9089036168105
30
0
41
1
10
84.4870905673945
20
11.9333176275024
30
0
41
1
10
84.0783459659378
20
11.974748438524
30
0
41
1
10
83.6824697487343
20
12.0172431193859
30
0
41
1
10
83.3056467351497
20
12.0561838615076
30
0
41
1
10
82.9436410069974
20
12.0950314673469
30
0
41
1
10
82.5514242702984
20
12.1375508597997
30
0
41
1
10
82.0536760284261
20
12.1909107976596
30
0
41
1
10
81.4808239904703
20
12.2529566999116
30
0
41
1
10
80.8227372107631
20
12.3246695685322
30
0
41
1
10
80.3536197829825
20
12.3763391111466
30
0
41
1
10
80.0850287359593
20
12.4060869009917
30
0
0
SPLINE
5
1FD
100
AcDbEntity
8
1
62
256
6
ByLayer
370
18
48
1
60
0
100
AcDbSpline
70
4
71
3
72
10
73
6
40
0
40
0
40
0
40
0
40
0.300495643041892
40
0.765105663242933
40
1
40
1
40
1
40
1
41
1
10
82.5327216601238
20
0.866478834146932
30
0
41
1
10
82.4395159296139
20
0.946688391099741
30
0
41
1
10
82.2024067990072
20
1.15159622885812
30
0
41
1
10
81.8930099840265
20
1.42131597143782
30
0
41
1
10
81.6771648567375
20
1.61226295541127
30
0
41
1
10
81.6047376669134
20
1.67659221970106
30
0
0
SPLINE
5
1FE
100
AcDbEntity
8
1
62
256
6
ByLayer
370
18
48
1
60
0
100
AcDbSpline
70
4
71
2
72
6
73
3
40
0
40
0
40
0
40
1
40
1
40
1
41
1
10
36.5323882728137
20
-12.2505878230765
30
0
41
1
10
36.7550110683911
20
-12.3421186992026
30
0
41
1
10
37
20
-12.3474875430777
30
0
0
LINE
5
7B
100
AcDbEntity
8
SK4
62
256
6
ByLayer
370
18
48
0.05
60
0
100
AcDbLine
10
-56
20
0
30
0
11
114
21
0
31
0
39
0
210
0
220
0
230
1
0
LINE
5
7D
100
AcDbEntity
8
80
62
256
6
ByLayer
370
18
48
1
60
0
100
AcDbLine
10
0
20
0
30
0
11
-5
21
0
31
0
39
0
210
0
220
0
230
1
0
LINE
5
7E
100
AcDbEntity
8
4
62
256
6
ByLayer
370
18
48
0.05
60
0
100
AcDbLine
10
0
20
0
30
0
11
114
21
0
31
0
39
0
210
0
220
0
230
1
0
LINE
5
80
100
AcDbEntity
8
81
62
256
6
ByLayer
370
18
48
1
60
0
100
AcDbLine
10
114
20
0
30
0
11
119
21
0
31
0
39
0
210
0
220
0
230
1
0
LINE
5
81
100
AcDbEntity
8
1
62
256
6
ByLayer
370
18
48
1
60
0
100
AcDbLine
10
0
20
12.5
30
0
11
0
21
0
31
0
39
0
210
0
220
0
230
1
0
LINE
5
82
100
AcDbEntity
8
1
62
256
6
ByLayer
370
18
48
1
60
0
100
AcDbLine
10
0
20
0
30
0
11
0
21
-12.5
31
0
39
0
210
0
220
0
230
1
0
LINE
5
83
100
AcDbEntity
8
1
62
256
6
ByLayer
370
18
48
1
60
0
100
AcDbLine
10
113.711779
20
2.097594
30
0
11
113.41
21
0.029973
31
0
39
0
210
0
220
0
230
1
0
LINE
5
84
100
AcDbEntity
8
1
62
256
6
ByLayer
370
18
48
1
60
0
100
AcDbLine
10
113.590321
20
1.443894
30
0
11
113.856108
21
3.267031
31
0
39
0
210
0
220
0
230
1
0
LINE
5
85
100
AcDbEntity
8
1
62
256
6
ByLayer
370
18
48
1
60
0
100
AcDbLine
10
113.962702
20
3.9982
30
0
11
113.971993
21
4.061933
31
0
39
0
210
0
220
0
230
1
0
LINE
5
86
100
AcDbEntity
8
1
62
256
6
ByLayer
370
18
48
1
60
0
100
AcDbLine
10
112.605414
20
-2.240907
30
0
11
113.41
21
0.029973
31
0
39
0
210
0
220
0
230
1
0
LINE
5
87
100
AcDbEntity
8
1
62
256
6
ByLayer
370
18
48
1
60
0
100
AcDbLine
10
113.41
20
0.029973
30
0
11
113.590321
21
1.443894
31
0
39
0
210
0
220
0
230
1
0
LINE
5
88
100
AcDbEntity
8
1
62
256
6
ByLayer
370
18
48
1
60
0
100
AcDbLine
10
112.007433
20
0.913354
30
0
11
113.590321
21
1.443894
31
0
39
0
210
0
220
0
230
1
0
LINE
5
89
100
AcDbEntity
8
1
62
256
6
ByLayer
370
18
48
1
60
0
100
AcDbLine
10
113.85611
20
-8.065925
30
0
11
113.971993
21
-9.828629
31
0
39
0
210
0
220
0
230
1
0
LINE
5
8A
100
AcDbEntity
8
1
62
256
6
ByLayer
370
18
48
1
60
0
100
AcDbLine
10
113.711779
20
-10.776207
30
0
11
113.67922
21
-10.27386
31
0
39
0
210
0
220
0
230
1
0
LINE
5
8B
100
AcDbEntity
8
1
62
256
6
ByLayer
370
18
48
1
60
0
100
AcDbLine
10
113.657488
20
6.034729
30
0
11
113.971993
21
11.971271
31
0
39
0
210
0
220
0
230
1
0
LINE
5
8C
100
AcDbEntity
8
1
62
256
6
ByLayer
370
13
48
1
60
0
100
AcDbLine
10
111.631437
20
1.117387
30
0
11
112.007433
21
0.913354
31
0
39
0
210
0
220
0
230
1
0
LINE
5
8D
100
AcDbEntity
8
1
62
256
6
ByLayer
370
13
48
1
60
0
100
AcDbLine
10
108.725611
20
-7.203292
30
0
11
106.943596
21
-9.718221
31
0
39
0
210
0
220
0
230
1
0
LINE
5
8E
100
AcDbEntity
8
1
62
256
6
ByLayer
370
18
48
1
60
0
100
AcDbLine
10
113.590321
20
-3.843602
30
0
11
113.971993
21
-9.906832
31
0
39
0
210
0
220
0
230
1
0
LINE
5
8F
100
AcDbEntity
8
1
62
256
6
ByLayer
370
18
48
1
60
0
100
AcDbLine
10
113.41
20
-3.753229
30
0
11
113.590321
21
-3.843602
31
0
39
0
210
0
220
0
230
1
0
LINE
5
90
100
AcDbEntity
8
1
62
256
6
ByLayer
370
18
48
1
60
0
100
AcDbLine
10
112.007433
20
-2.830521
30
0
11
113.590321
21
-3.843602
31
0
39
0
210
0
220
0
230
1
0
LINE
5
91
100
AcDbEntity
8
1
62
256
6
ByLayer
370
13
48
1
60
0
100
AcDbLine
10
111.793131
20
-2.693134
30
0
11
107.702309
21
-0.159837
31
0
39
0
210
0
220
0
230
1
0
LINE
5
92
100
AcDbEntity
8
1
62
256
6
ByLayer
370
18
48
1
60
0
100
AcDbLine
10
113.711779
20
-8.584891
30
0
11
113.41
21
-3.753229
31
0
39
0
210
0
220
0
230
1
0
LINE
5
93
100
AcDbEntity
8
1
62
256
6
ByLayer
370
18
48
1
60
0
100
AcDbLine
10
112.605414
20
-3.275295
30
0
11
113.41
21
-3.753229
31
0
39
0
210
0
220
0
230
1
0
LINE
5
94
100
AcDbEntity
8
1
62
256
6
ByLayer
370
13
48
1
60
0
100
AcDbLine
10
109.549944
20
3.051426
30
0
11
111.942818
21
1.569607
31
0
39
0
210
0
220
0
230
1
0
LINE
5
95
100
AcDbEntity
8
1
62
256
6
ByLayer
370
18
48
1
60
0
100
AcDbLine
10
113.601002
20
1.80368
30
0
11
111.942818
21
1.569607
31
0
39
0
210
0
220
0
230
1
0
LINE
5
96
100
AcDbEntity
8
1
62
256
6
ByLayer
370
18
48
1
60
0
100
AcDbLine
10
113.601002
20
1.80368
30
0
11
113.971993
21
3.931784
31
0
39
0
210
0
220
0
230
1
0
LINE
5
97
100
AcDbEntity
8
1
62
256
6
ByLayer
370
13
48
1
60
0
100
AcDbLine
10
1.997679
20
-11.875
30
0
11
1.997679
21
0
31
0
39
0
210
0
220
0
230
1
0
LINE
5
98
100
AcDbEntity
8
1
62
256
6
ByLayer
370
13
48
1
60
0
100
AcDbLine
10
1.997679
20
0
30
0
11
1.997679
21
11.875
31
0
39
0
210
0
220
0
230
1
0
LINE
5
99
100
AcDbEntity
8
1
62
256
6
ByLayer
370
13
48
1
60
0
100
AcDbLine
10
1.497679
20
12.008975
30
0
11
1.497679
21
0
31
0
39
0
210
0
220
0
230
1
0
LINE
5
9A
100
AcDbEntity
8
1
62
256
6
ByLayer
370
13
48
1
60
0
100
AcDbLine
10
1.497679
20
0
30
0
11
1.497679
21
-12.008975
31
0
39
0
210
0
220
0
230
1
0
LINE
5
9B
100
AcDbEntity
8
1
62
256
6
ByLayer
370
18
48
1
60
0
100
AcDbLine
10
0.647198
20
12.5
30
0
11
0.647198
21
0
31
0
39
0
210
0
220
0
230
1
0
LINE
5
9C
100
AcDbEntity
8
1
62
256
6
ByLayer
370
18
48
1
60
0
100
AcDbLine
10
0.647198
20
0
30
0
11
0.647198
21
-12.5
31
0
39
0
210
0
220
0
230
1
0
LINE
5
9D
100
AcDbEntity
8
SK1
62
256
6
ByLayer
370
18
48
1
60
0
100
AcDbLine
10
-56
20
-11.5
30
0
11
-56
21
10.5
31
0
39
0
210
0
220
0
230
1
0
LINE
5
9F
100
AcDbEntity
8
SK1
62
256
6
ByLayer
370
18
48
1
60
0
100
AcDbLine
10
0
20
12.5
30
0
11
0
21
0
31
0
39
0
210
0
220
0
230
1
0
LINE
5
A0
100
AcDbEntity
8
SK1
62
256
6
ByLayer
370
18
48
1
60
0
100
AcDbLine
10
0
20
0
30
0
11
0
21
-12.5
31
0
39
0
210
0
220
0
230
1
0
LINE
5
A1
100
AcDbEntity
8
SK1
62
256
6
ByLayer
370
18
48
1
60
0
100
AcDbLine
10
-30
20
10.5
30
0
11
-32
21
12.5
31
0
39
0
210
0
220
0
230
1
0
LINE
5
A2
100
AcDbEntity
8
SK1
62
256
6
ByLayer
370
18
48
1
60
0
100
AcDbLine
10
-18
20
10.5
30
0
11
-16
21
12.5
31
0
39
0
210
0
220
0
230
1
0
LINE
5
A3
100
AcDbEntity
8
SK1
62
256
6
ByLayer
370
18
48
1
60
0
100
AcDbLine
10
-30
20
10.5
30
0
11
-18
21
10.5
31
0
39
0
210
0
220
0
230
1
0
LINE
5
A4
100
AcDbEntity
8
SK1
62
256
6
ByLayer
370
18
48
1
60
0
100
AcDbLine
10
-39
20
10.5
30
0
11
-37
21
12.5
31
0
39
0
210
0
220
0
230
1
0
LINE
5
A5
100
AcDbEntity
8
SK1
62
256
6
ByLayer
370
18
48
1
60
0
100
AcDbLine
10
-55
20
10.5
30
0
11
-39
21
10.5
31
0
39
0
210
0
220
0
230
1
0
LINE
5
A6
100
AcDbEntity
8
SK1
62
256
6
ByLayer
370
18
48
1
60
0
100
AcDbLine
10
-55
20
10.5
30
0
11
-55
21
-12.5
31
0
39
0
210
0
220
0
230
1
0
LINE
5
A7
100
AcDbEntity
8
1
62
256
6
ByLayer
370
18
48
1
60
0
100
AcDbLine
10
0.647198
20
12.5
30
0
11
0
21
12.5
31
0
39
0
210
0
220
0
230
1
0
LINE
5
A8
100
AcDbEntity
8
1
62
256
6
ByLayer
370
18
48
1
60
0
100
AcDbLine
10
0
20
-12.5
30
0
11
0.647198
21
-12.5
31
0
39
0
210
0
220
0
230
1
0
LINE
5
A9
100
AcDbEntity
8
1
62
256
6
ByLayer
370
18
48
1
60
0
100
AcDbLine
10
30.880364
20
11.875
30
0
11
1.997679
21
11.875
31
0
39
0
210
0
220
0
230
1
0
LINE
5
AA
100
AcDbEntity
8
1
62
256
6
ByLayer
370
18
48
1
60
0
100
AcDbLine
10
1.997679
20
-11.875
30
0
11
25.719324
21
-11.875
31
0
39
0
210
0
220
0
230
1
0
LINE
5
AB
100
AcDbEntity
8
1
62
256
6
ByLayer
370
18
48
1
60
0
100
AcDbLine
10
1.497679
20
12.008975
30
0
11
0.647198
21
12.5
31
0
39
0
210
0
220
0
230
1
0
LINE
5
AC
100
AcDbEntity
8
1
62
256
6
ByLayer
370
18
48
1
60
0
100
AcDbLine
10
0.647198
20
-12.5
30
0
11
1.497679
21
-12.008975
31
0
39
0
210
0
220
0
230
1
0
LINE
5
AD
100
AcDbEntity
8
SK1
62
256
6
ByLayer
370
18
48
1
60
0
100
AcDbLine
10
-56
20
-11.5
30
0
11
-55
21
-12.5
31
0
39
0
210
0
220
0
230
1
0
LINE
5
AE
100
AcDbEntity
8
SK1
62
256
6
ByLayer
370
18
48
1
60
0
100
AcDbLine
10
0
20
12.5
30
0
11
-16
21
12.5
31
0
39
0
210
0
220
0
230
1
0
LINE
5
AF
100
AcDbEntity
8
SK1
62
256
6
ByLayer
370
18
48
1
60
0
100
AcDbLine
10
-32
20
12.5
30
0
11
-37
21
12.5
31
0
39
0
210
0
220
0
230
1
0
LINE
5
B0
100
AcDbEntity
8
SK1
62
256
6
ByLayer
370
18
48
1
60
0
100
AcDbLine
10
-55
20
-12.5
30
0
11
0
21
-12.5
31
0
39
0
210
0
220
0
230
1
0
LINE
5
B1
100
AcDbEntity
8
SK2
62
256
6
ByLayer
370
18
48
1
60
0
100
AcDbLine
10
-63.25
20
12.5
30
0
11
-63.25
21
-31.430932
31
0
39
0
210
0
220
0
230
1
0
LINE
5
B3
100
AcDbEntity
8
SK2
62
256
6
ByLayer
370
18
48
1
60
0
100
AcDbLine
10
-38.5875
20
12.5
30
0
11
-65.25
21
12.5
31
0
39
0
210
0
220
0
230
1
0
LINE
5
B4
100
AcDbEntity
8
SK2
62
256
6
ByLayer
370
18
48
1
60
0
100
AcDbLine
10
-56.5875
20
-12.5
30
0
11
-65.25
21
-12.5
31
0
39
0
210
0
220
0
230
1
0
LINE
5
B5
100
AcDbEntity
8
1
62
256
6
ByLayer
370
18
48
1
60
1
100
AcDbLine
10
-63.25
20
12.5
30
0
11
-62.789216
21
9.000002
31
0
39
0
210
0
220
0
230
1
0
LINE
5
B6
100
AcDbEntity
8
1
62
256
6
ByLayer
370
18
48
1
60
1
100
AcDbLine
10
-62.789216
20
9.000002
30
0
11
-63.710784
21
8.999998
31
0
39
0
210
0
220
0
230
1
0
LINE
5
B7
100
AcDbEntity
8
1
62
256
6
ByLayer
370
18
48
1
60
1
100
AcDbLine
10
-63.710784
20
8.999998
30
0
11
-63.25
21
12.5
31
0
39
0
210
0
220
0
230
1
0
LINE
5
B8
100
AcDbEntity
8
1
62
256
6
ByLayer
370
18
48
1
60
1
100
AcDbLine
10
-63.25
20
-12.5
30
0
11
-63.710784
21
-9.000002
31
0
39
0
210
0
220
0
230
1
0
LINE
5
B9
100
AcDbEntity
8
1
62
256
6
ByLayer
370
18
48
1
60
1
100
AcDbLine
10
-63.710784
20
-9.000002
30
0
11
-62.789216
21
-8.999998
31
0
39
0
210
0
220
0
230
1
0
LINE
5
BA
100
AcDbEntity
8
1
62
256
6
ByLayer
370
18
48
1
60
1
100
AcDbLine
10
-62.789216
20
-8.999998
30
0
11
-63.25
21
-12.5
31
0
39
0
210
0
220
0
230
1
0
LINE
5
BB
100
AcDbEntity
8
SK2
62
256
6
ByLayer
370
13
48
1
60
0
100
AcDbLine
10
20.273599
20
-11.875
30
0
11
20.273599
21
41.454864
31
0
39
0
210
0
220
0
230
1
0
LINE
5
BC
100
AcDbEntity
8
SK2
62
256
6
ByLayer
370
13
48
1
60
0
100
AcDbLine
10
34.062019
20
11.875
30
0
11
18.273599
21
11.875
31
0
39
0
210
0
220
0
230
1
0
LINE
5
BD
100
AcDbEntity
8
SK2
62
256
6
ByLayer
370
13
48
1
60
0
100
AcDbLine
10
34.062019
20
-11.875
30
0
11
18.273599
21
-11.875
31
0
39
0
210
0
220
0
230
1
0
LINE
5
BE
100
AcDbEntity
8
1
62
256
6
ByLayer
370
18
48
1
60
1
100
AcDbLine
10
20.273599
20
11.875
30
0
11
20.734383
21
8.375002
31
0
39
0
210
0
220
0
230
1
0
LINE
5
BF
100
AcDbEntity
8
1
62
256
6
ByLayer
370
18
48
1
60
1
100
AcDbLine
10
20.734383
20
8.375002
30
0
11
19.812815
21
8.374998
31
0
39
0
210
0
220
0
230
1
0
LINE
5
C0
100
AcDbEntity
8
1
62
256
6
ByLayer
370
18
48
1
60
1
100
AcDbLine
10
19.812815
20
8.374998
30
0
11
20.273599
21
11.875
31
0
39
0
210
0
220
0
230
1
0
LINE
5
C1
100
AcDbEntity
8
1
62
256
6
ByLayer
370
18
48
1
60
1
100
AcDbLine
10
20.273599
20
-11.875
30
0
11
19.812815
21
-8.375002
31
0
39
0
210
0
220
0
230
1
0
LINE
5
C2
100
AcDbEntity
8
1
62
256
6
ByLayer
370
18
48
1
60
1
100
AcDbLine
10
19.812815
20
-8.375002
30
0
11
20.734383
21
-8.374998
31
0
39
0
210
0
220
0
230
1
0
LINE
5
C3
100
AcDbEntity
8
1
62
256
6
ByLayer
370
18
48
1
60
1
100
AcDbLine
10
20.734383
20
-8.374998
30
0
11
20.273599
21
-11.875
31
0
39
0
210
0
220
0
230
1
0
LINE
5
C4
100
AcDbEntity
8
2
62
256
6
ByLayer
370
13
48
1
60
0
100
AcDbLine
10
126
20
-12.5
30
0
11
126
21
31.430932
31
0
39
0
210
0
220
0
230
1
0
LINE
5
C6
100
AcDbEntity
8
2
62
256
6
ByLayer
370
13
48
1
60
0
100
AcDbLine
10
38.5875
20
12.5
30
0
11
128
21
12.5
31
0
39
0
210
0
220
0
230
1
0
LINE
5
C7
100
AcDbEntity
8
2
62
256
6
ByLayer
370
13
48
1
60
0
100
AcDbLine
10
38.5875
20
-12.5
30
0
11
128
21
-12.5
31
0
39
0
210
0
220
0
230
1
0
LINE
5
C8
100
AcDbEntity
8
1
62
256
6
ByLayer
370
18
48
1
60
1
100
AcDbLine
10
126
20
12.5
30
0
11
126.460784
21
9.000002
31
0
39
0
210
0
220
0
230
1
0
LINE
5
C9
100
AcDbEntity
8
1
62
256
6
ByLayer
370
18
48
1
60
1
100
AcDbLine
10
126.460784
20
9.000002
30
0
11
125.539216
21
8.999998
31
0
39
0
210
0
220
0
230
1
0
LINE
5
CA
100
AcDbEntity
8
1
62
256
6
ByLayer
370
18
48
1
60
1
100
AcDbLine
10
125.539216
20
8.999998
30
0
11
126
21
12.5
31
0
39
0
210
0
220
0
230
1
0
LINE
5
CB
100
AcDbEntity
8
1
62
256
6
ByLayer
370
18
48
1
60
1
100
AcDbLine
10
126
20
-12.5
30
0
11
125.539216
21
-9.000002
31
0
39
0
210
0
220
0
230
1
0
LINE
5
CC
100
AcDbEntity
8
1
62
256
6
ByLayer
370
18
48
1
60
1
100
AcDbLine
10
125.539216
20
-9.000002
30
0
11
126.460784
21
-8.999998
31
0
39
0
210
0
220
0
230
1
0
LINE
5
CD
100
AcDbEntity
8
1
62
256
6
ByLayer
370
18
48
1
60
1
100
AcDbLine
10
126.460784
20
-8.999998
30
0
11
126
21
-12.5
31
0
39
0
210
0
220
0
230
1
0
LINE
5
CE
100
AcDbEntity
8
SK2
62
256
6
ByLayer
370
18
48
1
60
0
100
AcDbLine
10
114
20
-61.696175
30
0
11
-56
21
-61.696175
31
0
39
0
210
0
220
0
230
1
0
LINE
5
CF
100
AcDbEntity
8
SK2
62
256
6
ByLayer
370
18
48
1
60
0
100
AcDbLine
10
-56
20
-13.0875
30
0
11
-56
21
-63.696175
31
0
39
0
210
0
220
0
230
1
0
LINE
5
D0
100
AcDbEntity
8
SK2
62
256
6
ByLayer
370
18
48
1
60
0
100
AcDbLine
10
114
20
-14.0875
30
0
11
114
21
-63.696175
31
0
39
0
210
0
220
0
230
1
0
LINE
5
D1
100
AcDbEntity
8
1
62
256
6
ByLayer
370
18
48
1
60
1
100
AcDbLine
10
-56
20
-61.696175
30
0
11
-52.500002
21
-61.235391
31
0
39
0
210
0
220
0
230
1
0
LINE
5
D2
100
AcDbEntity
8
1
62
256
6
ByLayer
370
18
48
1
60
1
100
AcDbLine
10
-52.500002
20
-61.235391
30
0
11
-52.499998
21
-62.156958
31
0
39
0
210
0
220
0
230
1
0
LINE
5
D3
100
AcDbEntity
8
1
62
256
6
ByLayer
370
18
48
1
60
1
100
AcDbLine
10
-52.499998
20
-62.156958
30
0
11
-56
21
-61.696175
31
0
39
0
210
0
220
0
230
1
0
LINE
5
D4
100
AcDbEntity
8
1
62
256
6
ByLayer
370
18
48
1
60
1
100
AcDbLine
10
114
20
-61.696175
30
0
11
110.500002
21
-62.156958
31
0
39
0
210
0
220
0
230
1
0
LINE
5
D5
100
AcDbEntity
8
1
62
256
6
ByLayer
370
18
48
1
60
1
100
AcDbLine
10
110.500002
20
-62.156958
30
0
11
110.499998
21
-61.235391
31
0
39
0
210
0
220
0
230
1
0
LINE
5
D6
100
AcDbEntity
8
1
62
256
6
ByLayer
370
18
48
1
60
1
100
AcDbLine
10
110.499998
20
-61.235391
30
0
11
114
21
-61.696175
31
0
39
0
210
0
220
0
230
1
0
LINE
5
D7
100
AcDbEntity
8
SK2
62
256
6
ByLayer
370
13
48
1
60
0
100
AcDbLine
10
113.880373
20
-12.324525
30
0
11
129.062428
21
-25.27748
31
0
39
0
210
0
220
0
230
1
0
LINE
5
D8
100
AcDbEntity
8
1
62
256
6
ByLayer
370
18
48
1
60
1
100
AcDbLine
10
113.880373
20
-12.324525
30
0
11
116.842054
21
-14.245658
31
0
39
0
210
0
220
0
230
1
0
LINE
5
D9
100
AcDbEntity
8
1
62
256
6
ByLayer
370
18
48
1
60
1
100
AcDbLine
10
116.842054
20
-14.245658
30
0
11
116.243914
21
-14.946739
31
0
39
0
210
0
220
0
230
1
0
LINE
5
DA
100
AcDbEntity
8
1
62
256
6
ByLayer
370
18
48
1
60
1
100
AcDbLine
10
116.243914
20
-14.946739
30
0
11
113.880373
21
-12.324525
31
0
39
0
210
0
220
0
230
1
0
LINE
5
203
100
AcDbEntity
8
1
62
256
6
ByLayer
370
18
48
1
60
1
100
AcDbLine
10
-63.25
20
12.5
30
0
11
-62.789216
21
9.000002
31
0
39
0
210
0
220
0
230
1
0
LINE
5
204
100
AcDbEntity
8
1
62
256
6
ByLayer
370
18
48
1
60
1
100
AcDbLine
10
-62.789216
20
9.000002
30
0
11
-63.710784
21
8.999998
31
0
39
0
210
0
220
0
230
1
0
LINE
5
205
100
AcDbEntity
8
1
62
256
6
ByLayer
370
18
48
1
60
1
100
AcDbLine
10
-63.710784
20
8.999998
30
0
11
-63.25
21
12.5
31
0
39
0
210
0
220
0
230
1
0
LINE
5
207
100
AcDbEntity
8
1
62
256
6
ByLayer
370
18
48
1
60
1
100
AcDbLine
10
-63.25
20
-12.5
30
0
11
-63.710784
21
-9.000002
31
0
39
0
210
0
220
0
230
1
0
LINE
5
208
100
AcDbEntity
8
1
62
256
6
ByLayer
370
18
48
1
60
1
100
AcDbLine
10
-63.710784
20
-9.000002
30
0
11
-62.789216
21
-8.999998
31
0
39
0
210
0
220
0
230
1
0
LINE
5
209
100
AcDbEntity
8
1
62
256
6
ByLayer
370
18
48
1
60
1
100
AcDbLine
10
-62.789216
20
-8.999998
30
0
11
-63.25
21
-12.5
31
0
39
0
210
0
220
0
230
1
0
LINE
5
20D
100
AcDbEntity
8
1
62
256
6
ByLayer
370
18
48
1
60
1
100
AcDbLine
10
20.273599
20
11.875
30
0
11
20.734383
21
8.375002
31
0
39
0
210
0
220
0
230
1
0
LINE
5
20E
100
AcDbEntity
8
1
62
256
6
ByLayer
370
18
48
1
60
1
100
AcDbLine
10
20.734383
20
8.375002
30
0
11
19.812815
21
8.374998
31
0
39
0
210
0
220
0
230
1
0
LINE
5
20F
100
AcDbEntity
8
1
62
256
6
ByLayer
370
18
48
1
60
1
100
AcDbLine
10
19.812815
20
8.374998
30
0
11
20.273599
21
11.875
31
0
39
0
210
0
220
0
230
1
0
LINE
5
211
100
AcDbEntity
8
1
62
256
6
ByLayer
370
18
48
1
60
1
100
AcDbLine
10
20.273599
20
-11.875
30
0
11
19.812815
21
-8.375002
31
0
39
0
210
0
220
0
230
1
0
LINE
5
212
100
AcDbEntity
8
1
62
256
6
ByLayer
370
18
48
1
60
1
100
AcDbLine
10
19.812815
20
-8.375002
30
0
11
20.734383
21
-8.374998
31
0
39
0
210
0
220
0
230
1
0
LINE
5
213
100
AcDbEntity
8
1
62
256
6
ByLayer
370
18
48
1
60
1
100
AcDbLine
10
20.734383
20
-8.374998
30
0
11
20.273599
21
-11.875
31
0
39
0
210
0
220
0
230
1
0
LINE
5
217
100
AcDbEntity
8
1
62
256
6
ByLayer
370
18
48
1
60
1
100
AcDbLine
10
126
20
12.5
30
0
11
126.460784
21
9.000002
31
0
39
0
210
0
220
0
230
1
0
LINE
5
218
100
AcDbEntity
8
1
62
256
6
ByLayer
370
18
48
1
60
1
100
AcDbLine
10
126.460784
20
9.000002
30
0
11
125.539216
21
8.999998
31
0
39
0
210
0
220
0
230
1
0
LINE
5
219
100
AcDbEntity
8
1
62
256
6
ByLayer
370
18
48
1
60
1
100
AcDbLine
10
125.539216
20
8.999998
30
0
11
126
21
12.5
31
0
39
0
210
0
220
0
230
1
0
LINE
5
21B
100
AcDbEntity
8
1
62
256
6
ByLayer
370
18
48
1
60
1
100
AcDbLine
10
126
20
-12.5
30
0
11
125.539216
21
-9.000002
31
0
39
0
210
0
220
0
230
1
0
LINE
5
21C
100
AcDbEntity
8
1
62
256
6
ByLayer
370
18
48
1
60
1
100
AcDbLine
10
125.539216
20
-9.000002
30
0
11
126.460784
21
-8.999998
31
0
39
0
210
0
220
0
230
1
0
LINE
5
21D
100
AcDbEntity
8
1
62
256
6
ByLayer
370
18
48
1
60
1
100
AcDbLine
10
126.460784
20
-8.999998
30
0
11
126
21
-12.5
31
0
39
0
210
0
220
0
230
1
0
LINE
5
220
100
AcDbEntity
8
1
62
256
6
ByLayer
370
18
48
1
60
1
100
AcDbLine
10
-56
20
-61.696175
30
0
11
-52.500002
21
-61.235391
31
0
39
0
210
0
220
0
230
1
0
LINE
5
221
100
AcDbEntity
8
1
62
256
6
ByLayer
370
18
48
1
60
1
100
AcDbLine
10
-52.500002
20
-61.235391
30
0
11
-52.499998
21
-62.156958
31
0
39
0
210
0
220
0
230
1
0
LINE
5
222
100
AcDbEntity
8
1
62
256
6
ByLayer
370
18
48
1
60
1
100
AcDbLine
10
-52.499998
20
-62.156958
30
0
11
-56
21
-61.696175
31
0
39
0
210
0
220
0
230
1
0
LINE
5
224
100
AcDbEntity
8
1
62
256
6
ByLayer
370
18
48
1
60
1
100
AcDbLine
10
114
20
-61.696175
30
0
11
110.500002
21
-62.156958
31
0
39
0
210
0
220
0
230
1
0
LINE
5
225
100
AcDbEntity
8
1
62
256
6
ByLayer
370
18
48
1
60
1
100
AcDbLine
10
110.500002
20
-62.156958
30
0
11
110.499998
21
-61.235391
31
0
39
0
210
0
220
0
230
1
0
LINE
5
226
100
AcDbEntity
8
1
62
256
6
ByLayer
370
18
48
1
60
1
100
AcDbLine
10
110.499998
20
-61.235391
30
0
11
114
21
-61.696175
31
0
39
0
210
0
220
0
230
1
0
LINE
5
22A
100
AcDbEntity
8
1
62
256
6
ByLayer
370
18
48
1
60
1
100
AcDbLine
10
113.880373
20
-12.324525
30
0
11
116.842054
21
-14.245658
31
0
39
0
210
0
220
0
230
1
0
LINE
5
22B
100
AcDbEntity
8
1
62
256
6
ByLayer
370
18
48
1
60
1
100
AcDbLine
10
116.842054
20
-14.245658
30
0
11
116.243914
21
-14.946739
31
0
39
0
210
0
220
0
230
1
0
LINE
5
22C
100
AcDbEntity
8
1
62
256
6
ByLayer
370
18
48
1
60
1
100
AcDbLine
10
116.243914
20
-14.946739
30
0
11
113.880373
21
-12.324525
31
0
39
0
210
0
220
0
230
1
0
MTEXT
5
1FF
100
AcDbEntity
8
SK2
62
256
6
ByLayer
370
18
48
1
60
0
100
AcDbMText
10
-64.814634
20
-29.496089
30
0
210
0
220
0
230
1
1
%%c
40
3.5
41
0
44
1.084337
50
90
71
7
72
5
7
iso_b_vert
0
MTEXT
5
202
100
AcDbEntity
8
SK2
62
256
6
ByLayer
370
18
48
1
60
0
100
AcDbMText
10
-64.814634
20
-22.523432
30
0
210
0
220
0
230
1
1
\W0.6740;25
40
3.5
41
0
44
1.084337
50
90
71
7
72
5
7
iso_b_vert
0
MTEXT
5
20B
100
AcDbEntity
8
SK2
62
256
6
ByLayer
370
18
48
1
60
0
100
AcDbMText
10
18.708965
20
23.809844
30
0
210
0
220
0
230
1
1
%%c
40
3.5
41
0
44
1.084337
50
90
71
7
72
5
7
iso_b_vert
0
MTEXT
5
20C
100
AcDbEntity
8
SK2
62
256
6
ByLayer
370
18
48
1
60
0
100
AcDbMText
10
18.708965
20
30.7825
30
0
210
0
220
0
230
1
1
\W0.7468;23.75
40
3.5
41
0
44
1.084337
50
90
71
7
72
5
7
iso_b_vert
0
MTEXT
5
215
100
AcDbEntity
8
2
62
256
6
ByLayer
370
18
48
1
60
0
100
AcDbMText
10
124.435366
20
20.434844
30
0
210
0
220
0
230
1
1
%%c
40
3.5
41
0
44
1.084337
50
90
71
7
72
5
7
iso_b_vert
0
MTEXT
5
216
100
AcDbEntity
8
2
62
256
6
ByLayer
370
18
48
1
60
0
100
AcDbMText
10
124.435366
20
27.4075
30
0
210
0
220
0
230
1
1
\W0.6740;25
40
3.5
41
0
44
1.084337
50
90
71
7
72
5
7
iso_b_vert
0
MTEXT
5
21F
100
AcDbEntity
8
SK2
62
256
6
ByLayer
370
18
48
1
60
0
100
AcDbMText
10
26.224734
20
-60.663541
30
0
210
0
220
0
230
1
1
\W0.6217;170
40
3.5
41
0
44
1.084337
50
0
71
7
72
5
7
iso_b_vert
0
MTEXT
5
228
100
AcDbEntity
8
SK2
62
256
6
ByLayer
370
18
48
1
60
0
100
AcDbMText
10
122.75398
20
-18.429142
30
0
210
0
220
0
230
1
1
\W0.6380;R
40
3.5
41
0
44
1.084337
50
319.530005806289
71
7
72
5
7
iso_b_vert
0
MTEXT
5
229
100
AcDbEntity
8
SK2
62
256
6
ByLayer
370
18
48
1
60
0
100
AcDbMText
10
125.556568
20
-20.820241
30
0
210
0
220
0
230
1
1
\W0.7121;0.5
40
3.5
41
0
44
1.084337
50
319.530005806289
71
7
72
5
7
iso_b_vert
0
MTEXT
5
22E
100
AcDbEntity
8
SK6
62
256
6
ByLayer
370
18
48
1
60
0
100
AcDbMText
10
5.683308
20
-62.121979
30
0
210
0
220
0
230
1
1
\W0.7355;2F366-2500-050-TD   1745
40
3
41
0
44
1.084337
50
0
71
7
72
5
7
iso_b_vert
0
HATCH
5
206
100
AcDbEntity
8
SK2
62
256
6
ByLayer
370
13
48
1
60
0
100
AcDbHatch
10
0
20
0
30
0
210
0
220
0
230
1
2
ANSI31
70
0
71
0
91
1
92
5
93
3
72
1
10
-63.25
20
12.5
11
-62.7892162584473
21
9.00000169255316
72
1
10
-62.7892162584473
20
9.00000169255316
11
-63.7107837415528
21
8.99999830744679
72
1
10
-63.7107837415528
20
8.99999830744679
11
-63.25
21
12.5
97
0
75
0
76
1
52
0
41
0.0062
77
0
78
1
53
45
43
0
44
0
45
-0.0139193969876572
46
0.0139193969876572
79
0
47
0
98
1
10
0
20
0
0
HATCH
5
20A
100
AcDbEntity
8
SK2
62
256
6
ByLayer
370
13
48
1
60
0
100
AcDbHatch
10
0
20
0
30
0
210
0
220
0
230
1
2
ANSI31
70
0
71
0
91
1
92
5
93
3
72
1
10
-63.25
20
-12.5
11
-63.7107837415528
21
-9.00000169255321
72
1
10
-63.7107837415528
20
-9.00000169255321
11
-62.7892162584473
21
-8.99999830744684
72
1
10
-62.7892162584473
20
-8.99999830744684
11
-63.25
21
-12.5
97
0
75
0
76
1
52
0
41
0.0062
77
0
78
1
53
45
43
0
44
0
45
-0.0139193969876572
46
0.0139193969876572
79
0
47
0
98
1
10
0
20
0
0
HATCH
5
210
100
AcDbEntity
8
SK2
62
256
6
ByLayer
370
13
48
1
60
0
100
AcDbHatch
10
0
20
0
30
0
210
0
220
0
230
1
2
ANSI31
70
0
71
0
91
1
92
5
93
3
72
1
10
20.2735989874996
20
11.8749999999999
11
20.7343827290524
21
8.37500169255304
72
1
10
20.7343827290524
20
8.37500169255304
11
19.8128152459468
21
8.37499830744667
72
1
10
19.8128152459468
20
8.37499830744667
11
20.2735989874996
21
11.8749999999999
97
0
75
0
76
1
52
0
41
0.0062
77
0
78
1
53
45
43
0
44
0
45
-0.0139193969876572
46
0.0139193969876572
79
0
47
0
98
1
10
0
20
0
0
HATCH
5
214
100
AcDbEntity
8
SK2
62
256
6
ByLayer
370
13
48
1
60
0
100
AcDbHatch
10
0
20
0
30
0
210
0
220
0
230
1
2
ANSI31
70
0
71
0
91
1
92
5
93
3
72
1
10
20.2735989874996
20
-11.8750000000002
11
19.8128152459468
21
-8.37500169255335
72
1
10
19.8128152459468
20
-8.37500169255335
11
20.7343827290524
21
-8.37499830744699
72
1
10
20.7343827290524
20
-8.37499830744699
11
20.2735989874996
21
-11.8750000000002
97
0
75
0
76
1
52
0
41
0.0062
77
0
78
1
53
45
43
0
44
0
45
-0.0139193969876572
46
0.0139193969876572
79
0
47
0
98
1
10
0
20
0
0
HATCH
5
21A
100
AcDbEntity
8
2
62
256
6
ByLayer
370
13
48
1
60
0
100
AcDbHatch
10
0
20
0
30
0
210
0
220
0
230
1
2
ANSI31
70
0
71
0
91
1
92
5
93
3
72
1
10
126
20
12.4999999999998
11
126.460783741553
21
9.00000169255301
72
1
10
126.460783741553
20
9.00000169255301
11
125.539216258447
21
8.99999830744665
72
1
10
125.539216258447
20
8.99999830744665
11
126
21
12.4999999999998
97
0
75
0
76
1
52
0
41
0.0062
77
0
78
1
53
45
43
0
44
0
45
-0.0139193969876572
46
0.0139193969876572
79
0
47
0
98
1
10
0
20
0
0
HATCH
5
21E
100
AcDbEntity
8
2
62
256
6
ByLayer
370
13
48
1
60
0
100
AcDbHatch
10
0
20
0
30
0
210
0
220
0
230
1
2
ANSI31
70
0
71
0
91
1
92
5
93
3
72
1
10
126
20
-12.5000000000002
11
125.539216258447
21
-9.00000169255335
72
1
10
125.539216258447
20
-9.00000169255335
11
126.460783741553
21
-8.99999830744699
72
1
10
126.460783741553
20
-8.99999830744699
11
126
21
-12.5000000000002
97
0
75
0
76
1
52
0
41
0.0062
77
0
78
1
53
45
43
0
44
0
45
-0.0139193969876572
46
0.0139193969876572
79
0
47
0
98
1
10
0
20
0
0
HATCH
5
223
100
AcDbEntity
8
SK2
62
256
6
ByLayer
370
13
48
1
60
0
100
AcDbHatch
10
0
20
0
30
0
210
0
220
0
230
1
2
ANSI31
70
0
71
0
91
1
92
5
93
3
72
1
10
-56
20
-61.6961747430102
11
-52.5000016925532
21
-61.2353910014575
72
1
10
-52.5000016925532
20
-61.2353910014575
11
-52.4999983074468
21
-62.156958484563
72
1
10
-52.4999983074468
20
-62.156958484563
11
-56
21
-61.6961747430102
97
0
75
0
76
1
52
0
41
0.0062
77
0
78
1
53
45
43
0
44
0
45
-0.0139193969876572
46
0.0139193969876572
79
0
47
0
98
1
10
0
20
0
0
HATCH
5
227
100
AcDbEntity
8
SK2
62
256
6
ByLayer
370
13
48
1
60
0
100
AcDbHatch
10
0
20
0
30
0
210
0
220
0
230
1
2
ANSI31
70
0
71
0
91
1
92
5
93
3
72
1
10
114
20
-61.6961747430102
11
110.500001692553
21
-62.156958484563
72
1
10
110.500001692553
20
-62.156958484563
11
110.499998307447
21
-61.2353910014575
72
1
10
110.499998307447
20
-61.2353910014575
11
114
21
-61.6961747430102
97
0
75
0
76
1
52
0
41
0.0062
77
0
78
1
53
45
43
0
44
0
45
-0.0139193969876572
46
0.0139193969876572
79
0
47
0
98
1
10
0
20
0
0
HATCH
5
22D
100
AcDbEntity
8
SK2
62
256
6
ByLayer
370
13
48
1
60
0
100
AcDbHatch
10
0
20
0
30
0
210
0
220
0
230
1
2
ANSI31
70
0
71
0
91
1
92
5
93
3
72
1
10
113.880372988663
20
-12.3245248672994
11
116.842054186865
21
-14.2456584620366
72
1
10
116.842054186865
20
-14.2456584620366
11
116.243913631747
21
-14.9467394147465
72
1
10
116.243913631747
20
-14.9467394147465
11
113.880372988663
21
-12.3245248672994
97
0
75
0
76
1
52
0
41
0.0062
77
0
78
1
53
45
43
0
44
0
45
-0.0139193969876572
46
0.0139193969876572
79
0
47
0
98
1
10
0
20
0
0
DIMENSION
5
231
100
AcDbEntity
8
SK2
62
256
6
ByLayer
370
18
48
1
60
0
100
AcDbDimension
2
_U0
10
0
20
-51.696175
30
0
11
57
21
-51.696175
31
0
70
32
71
1
72
1
41
1
210
0
220
0
230
1
3
Standard
100
AcDbAlignedDimension
13
114
23
-12.55
33
0
14
0
24
0
34
0
50
0
100
AcDbRotatedDimension
1001
ACAD
1000
DSTYLE
1002
{
1070
   371
1070
    13
1070
   372
1070
    13
1070
   170
1070
     0
1070
   144
1040
1.0
1070
   277
1070
     2
1070
   284
1070
     8
1070
   278
1070
    46
1070
   146
1040
1.0
1070
   345
1005
16
1070
   347
1005
16
1070
   346
1005
16
1070
   344
1005
0
1070
   343
1005
0
1070
   172
1070
     1
1070
    76
1070
     0
1070
    75
1070
     0
1070
   282
1070
     0
1070
   281
1070
     0
1070
    71
1070
     0
1070
    74
1070
     0
1070
   279
1070
     0
1070
   173
1070
     1
1070
   340
1005
200
1070
   271
1070
     2
1070
   272
1070
     2
1070
    77
1070
     1
1070
    73
1070
     1
1070
   171
1070
     3
1070
   274
1070
     4
1070
   177
1070
     2
1070
   176
1070
     2
1070
   178
1070
     2
1070
    78
1070
     8
1070
    48
1040
-0.1
1070
    41
1040
3.5
1070
   147
1040
1.75
1070
    42
1040
1.5875
1070
    44
1040
2.0
1070
   140
1040
3.5
1002
}
1001
ACAD_DSTYLE_DIM_LINETYPE
1070
   380
1005
16
1001
ACAD_DSTYLE_DIM_EXT1_LINETYPE
1070
   381
1005
16
1001
ACAD_DSTYLE_DIM_EXT2_LINETYPE
1070
   382
1005
16
0
DIMENSION
5
24A
100
AcDbEntity
8
2
62
256
6
ByLayer
370
18
48
1
60
0
100
AcDbDimension
2
_U1
10
37
20
-30.196175
30
0
11
132.288731
21
-30.196175
31
0
70
32
71
1
72
1
41
1
210
0
220
0
230
1
3
Standard
100
AcDbAlignedDimension
13
114
23
-12.55
33
0
14
37
24
-12.55
34
0
50
0
100
AcDbRotatedDimension
1001
ACAD
1000
DSTYLE
1002
{
1070
   371
1070
    13
1070
   372
1070
    13
1070
   170
1070
     0
1070
   144
1040
1.0
1070
   277
1070
     2
1070
   284
1070
     8
1070
   278
1070
    46
1070
   146
1040
1.0
1070
   345
1005
16
1070
   347
1005
16
1070
   346
1005
16
1070
   344
1005
0
1070
   343
1005
0
1070
   172
1070
     1
1070
    76
1070
     0
1070
    75
1070
     0
1070
   282
1070
     0
1070
   281
1070
     0
1070
    71
1070
     0
1070
    74
1070
     0
1070
   279
1070
     0
1070
   173
1070
     1
1070
   340
1005
200
1070
   271
1070
     2
1070
   272
1070
     2
1070
    77
1070
     1
1070
    73
1070
     1
1070
   171
1070
     3
1070
   274
1070
     4
1070
   177
1070
     2
1070
   176
1070
     2
1070
   178
1070
     2
1070
    78
1070
     8
1070
    48
1040
-0.1
1070
    41
1040
3.5
1070
   147
1040
1.75
1070
    42
1040
1.5875
1070
    44
1040
2.0
1070
   140
1040
3.5
1002
}
1001
ACAD_DSTYLE_DIM_LINETYPE
1070
   380
1005
16
1001
ACAD_DSTYLE_DIM_EXT1_LINETYPE
1070
   381
1005
16
1001
ACAD_DSTYLE_DIM_EXT2_LINETYPE
1070
   382
1005
16
0
DIMENSION
5
263
100
AcDbEntity
8
SK2
62
256
6
ByLayer
370
18
48
1
60
0
100
AcDbDimension
2
_U2
10
1.997679
20
-44.696175
30
0
11
57.998839
21
-44.696175
31
0
70
32
71
1
72
1
41
1
210
0
220
0
230
1
3
Standard
100
AcDbAlignedDimension
13
114
23
-12.55
33
0
14
1.997679
24
-11.875
34
0
50
0
100
AcDbRotatedDimension
1001
ACAD
1000
DSTYLE
1002
{
1070
   371
1070
    13
1070
   372
1070
    13
1070
   170
1070
     0
1070
   144
1040
1.0
1070
   277
1070
     2
1070
   284
1070
     8
1070
   278
1070
    46
1070
   146
1040
1.0
1070
   345
1005
16
1070
   347
1005
16
1070
   346
1005
16
1070
   344
1005
0
1070
   343
1005
0
1070
   172
1070
     1
1070
    76
1070
     0
1070
    75
1070
     0
1070
   282
1070
     0
1070
   281
1070
     0
1070
    71
1070
     0
1070
    74
1070
     0
1070
   279
1070
     0
1070
   173
1070
     1
1070
   340
1005
200
1070
   271
1070
     2
1070
   272
1070
     2
1070
    77
1070
     1
1070
    73
1070
     1
1070
   171
1070
     3
1070
   274
1070
     4
1070
   177
1070
     2
1070
   176
1070
     2
1070
   178
1070
     2
1070
    78
1070
     8
1070
    48
1040
-0.1
1070
    41
1040
3.5
1070
   147
1040
1.75
1070
    42
1040
1.5875
1070
    44
1040
2.0
1070
   140
1040
3.5
1002
}
1001
ACAD_DSTYLE_DIM_LINETYPE
1070
   380
1005
16
1001
ACAD_DSTYLE_DIM_EXT1_LINETYPE
1070
   381
1005
16
1001
ACAD_DSTYLE_DIM_EXT2_LINETYPE
1070
   382
1005
16
0
ENDSEC
0
SECTION
2
OBJECTS
0
DICTIONARY
5
2eb
330
0
100
AcDbDictionary
280
0
281
1
3
ACAD_GROUP
350
2ec
3
ACAD_MLINESTYLE
350
2ed
0
DICTIONARY
5
2ec
330
0
100
AcDbDictionary
280
0
281
1
0
DICTIONARY
5
2ed
330
0
100
AcDbDictionary
280
0
281
1
3
Standard
350
18
0
MLINESTYLE
5
18
330
2ed
100
AcDbMlineStyle
2
Standard
70
0
3

62
256
51
90
52
90
71
2
49
-0.5
62
256
6
ByLayer
49
0.5
62
256
6
ByLayer
0
RASTERVARIABLES
5
2d9
330

100
AcDbRasterVariables
90
0
70
1
71
1
72
1
0
ENDSEC
0
EOF
